:1000000000000120910100007F0300006105000055
:100010008303000073050000850500000000000058
:100020000000000000000000000000008903000044
:100030008B030000000000008D0300008F03000010
:100040009103000093030000950300009703000054
:10005000990300009B0300009D0300009F03000024
:10006000A1030000A3030000A5030000A7030000F4
:10007000A9030000AB030000AD030000AF030000C4
:10008000B1030000B3030000B5030000B703000094
:10009000B9030000BB030000BD030000BF03000064
:1000A000C1030000C3030000C5030000C703000034
:1000B000C9030000CB030000CD030000CF03000004
:1000C000D1030000D3030000D5030000D7030000D4
:1000D000D9030000DB030000DD030000DF030000A4
:1000E000E1030000E3030000E5030000E703000074
:1000F000E9030000EB030000ED030000EF03000044
:10010000F1030000F3030000F5030000F703000013
:10011000F9030000FB030000FD030000FF030000E3
:1001200001040000030400000504000007040000AF
:10013000090400000B0400000D0400000F0400007F
:10014000110400001304000015040000170400004F
:10015000190400001B0400001D0400001F0400001F
:1001600021040000230400002504000027040000EF
:10017000290400002B0400002D0400002F040000BF
:100180003104000033040000000000000000000003
:100190004FF0000BDFF8BE020068DFF8B612096806
:1001A00001F0030100F01C00142801D14BF0020BF8
:1001B000002901D04BF0010BBBF1000F05D0A7487F
:1001C000A749DFF8722200F09FF8A64880470BF09D
:1001D000020ABAF1000F0CD0DFF86E02DFF86E12DF
:1001E00002680B680FB44FF000024FF0FF0302608B
:1001F0000B609D484FF000024FF00103022808D128
:10020000DFF83A120A60DFF83E120A60DFF83212B5
:100210000B60012808D1DFF82A120A60DFF82612E5
:100220000A60DFF81A120B609048002809D1904844
:100230009049914A00F030F890489149914A00F075
:100240002BF891489149924A00F026F8914892493A
:10025000DFF8E22100F058F8BBF1000F10D08F4812
:100260008F49DFF8D62100F04FF80BF0020ABAF1FF
:10027000000F05D00FBC02600B6000BFAFF3008021
:10028000DFF820020FF2030E00474FF000004FF09E
:100290000001DFF814F2FEE72DE9F841884225D08D
:1002A000B2EB010200D5FEE740EA010313F00303BD
:1002B00002D000F01DF819E04FF000039046121133
:1002C000F7D09A421CBFF0C8F0C103F10103F8D186
:1002D00008F00F08B8F1000F08D004780C7000F196
:1002E000010001F10101B8F10108F6D1BDE8F88182
:1002F00008B54FF0000303780B7000F1010001F125
:100300000101013AF7D108BD884237D000F0030659
:10031000002E14D04FF00405A5EB06044FF008079B
:1003200007FB06F8914669FA08F9002C07D080F817
:10033000009069FA07F900F10100013CF5E74FF080
:1003400000060F46091A88460911914614461546BB
:10035000B14206D018BFA0E8340206F10106B1424E
:10036000F8D108F00F08B8F1000F07D002704FEA7B
:10037000322200F10100B8F10108F4E77047FEE70E
:10038000FEE7FEE7FEE7FEE7FEE7FEE7FEE7FEE745
:10039000FEE7FEE7FEE7FEE7FEE7FEE7FEE7FEE735
:1003A000FEE7FEE7FEE7FEE7FEE7FEE7FEE7FEE725
:1003B000FEE7FEE7FEE7FEE7FEE7FEE7FEE7FEE715
:1003C000FEE7FEE7FEE7FEE7FEE7FEE7FEE7FEE705
:1003D000FEE7FEE7FEE7FEE7FEE7FEE7FEE7FEE7F5
:1003E000FEE7FEE7FEE7FEE7FEE7FEE7FEE7FEE7E5
:1003F000FEE7FEE7FEE7FEE7FEE7FEE7FEE7FEE7D5
:10040000FEE7FEE7FEE7FEE7FEE7FEE7FEE7FEE7C4
:10041000FEE7FEE7FEE7FEE7FEE7FEE7FEE7FEE7B4
:10042000FEE7FEE7FEE7FEE7FEE7FEE7FEE7FEE7A4
:10043000FEE7FEE7704700000000A2A2A2A2008033
:100440000340088003401080034030800340348024
:1004500003403880034018080240000000F00020EC
:10046000000001209D0500000000000000000000C9
:10047000000000000000000090010000B004000037
:10048000B0040000C87C0200D07C02000000002004
:100490007008002070080020106300201063002006
:1004A00000F00020F1BE000081AF0000000000005D
:1004B00010B5054C237833B9044B13B10448AFF39E
:1004C00000800123237010BD700800200000000090
:1004D000447C020008B5034B1BB103490348AFF34A
:1004E000008008BD0000000074080020447C020069
:1004F000A3F5803A704700BF154B002B08BF114B86
:100500009D46FFF7F5FF00218B460F461148124A22
:10051000121A0BF025FB0C4B002B00D098470B4B0D
:10052000002B00D098470020002104000D000B484C
:100530000AF000FE0BF0DCFC200029000AF020FD90
:100540000AF0FEFD000008000000000000000000AE
:1005500000000000700800201063002041BF000070
:100560001EF0040F0CBFEFF30880EFF309800AF0D0
:10057000D5BB1EF0040F0CBFEFF30880EFF309802A
:100580000AF016BC1EF0040F0CBFEFF30880EFF367
:1005900009800AF03DBC0138FDD1704780B500AF3D
:1005A00000F0FAF8044B5B69034A43F400735361AB
:1005B000FFF740FF00BF80BD00ED00E080B588B0D0
:1005C00000AF314BD3F8983003F08063FB61FB69D7
:1005D000002B4ED12C4BD3F8983003F480537B6121
:1005E0007B69002B15D1294B294A1A60294B284ACF
:1005F0001A60294B264A1A60284B294A1A60294B4F
:10060000234A1A60284B224A1A60284B204A1A6053
:1006100036E0274A3B1D92E8030083E803001A4BAB
:10062000D3F89C309B0903F007033B613A1D3B69FB
:1006300013441B78FB73FB7B022B12D0022B14DCC0
:10064000002B02D0012B07D00FE000F035F8B86185
:10065000B86900F04FF813E04FF4004000F04AF89A
:100660000EE0144800F046F80AE0124800F042F8A4
:1006700006E000F021F8B861B86900F03BF8FFE748
:1006800000BF2037BD4680BD00800340040000202D
:1006900080651406080000200C00002010000020D7
:1006A0006019850114000020180000201C000020A3
:1006B000B4CC010040420F0080B483B000AF0A4BBD
:1006C000D3F8503103F004033B603B68002B02D1A8
:1006D000064B7B6001E0064B7B607B6818460C375D
:1006E000BD4680BC704700BF0080034040787D015C
:1006F00080F0FA0280B483B000AF78600C4A7B6867
:1007000013600C4A7B6813600B4A7B6813600B4BC9
:100710000B4A1A600B4A7B6813600B4A7B681360B4
:100720000A4A7B68136000BF0C37BD4680BC704727
:1007300004000020080000200C0000201000002011
:100740006019850114000020180000201C00002002
:1007500080B483B000AF0E4BD3F84C313B603B68A4
:100760004FF60202934204D03B680A4A934203D0F8
:1007700005E001237B6005E002237B6002E00023AB
:100780007B6000BF7B6818460C37BD4680BC704755
:100790000080034002F8010080B582B000AFFFF78F
:1007A000D7FF78607B68012B02D100F007F800E0EA
:1007B00000BF00BF0837BD4680BD000080B400AF59
:1007C000094BD3F89830084A43F48073C2F8983044
:1007D000054BD3F89830044A23F08063C2F8983070
:1007E00000BFBD4680BC70470080034080B483B02A
:1007F00000AF78604FF0FF3318460C37BD4680BC21
:10080000704780B584B000AFF860B9607A600BF0D3
:1008100069FB03460C221A604FF0FF33184610376D
:10082000BD4680BD80B483B000AF786000BFFDE7F7
:1008300080B500AF0BF056FB03460B221A604FF059
:10084000FF33184680BD80B483B000AF7860396054
:100850003B684FF400525A60002318460C37BD46DF
:1008600080BC704780B400AF01231846BD4680BCF1
:10087000704780B483B000AF7860012318460C370E
:10088000BD4680BC704780B582B000AF78603960EB
:100890000BF028FB034616221A604FF0FF33184670
:1008A0000837BD4680BD80B582B000AF7860396042
:1008B0000BF018FB03461F221A604FF0FF33184657
:1008C0000837BD4680BD80B485B000AFF860B96020
:1008D0007A60002318461437BD4680BC704780B448
:1008E00085B000AFF860B9607A604FF0FF3318460A
:1008F0001437BD4680BC704780B485B000AFF86047
:10090000B9607A60002318461437BD4680BC704732
:1009100080B485B000AFF860B9607A603B600023B6
:1009200018461437BD4680BC7047000080B586B0BD
:1009300000AF78601F4B1B68002B02D11D4B1E4A75
:100940001A601C4B1B687B61EFF308833B61194BFA
:100950001B683A699A420FD9164B1A687B68134490
:100960003A699A421AD21923144A01210020FFF74A
:10097000CFFF0120FFF756FF114BFB600D4B1A68AC
:100980007B681344FA689A4208D219230D4A012160
:100990000020FFF7BDFF0120FFF744FF054B1A6859
:1009A0007B681344034A13607B6918461837BD46B9
:1009B00080BD00BF9008002010630020BCCC010067
:1009C00000F00020D8CC010080B483B000AF786084
:1009D00039603B684FF400525A60002318460C37C8
:1009E000BD4680BC704780B483B000AF78604FF0E4
:1009F000FF3318460C37BD4680BC704780B582B0C7
:100A000000AF78600BF06EFA034602221A604FF0D6
:100A1000FF3318460837BD4680BD80B582B000AFB1
:100A200078600BF05FFA03460A221A604FF0FF333A
:100A300018460837BD4680BD2DE9B04384B000AFED
:100A400078607B68002298469146104BD3E90023DA
:100A500002FB09F008FB03F10144A8FB02454B1916
:100A60001D460B4A4FF00003204629461AF016FE99
:100A700002460B4613460133FB60F868FFF78BFD17
:100A800000BF1037BD46BDE8B08300BF8000002026
:100A900040420F0080B582B000AF78607B684FF4B1
:100AA0007A7202FB03F31846FFF7C6FF00BF083750
:100AB000BD4680BD80B582B000AF78607B684FF4E2
:100AC0007A7202FB03F31846FFF7E4FF00BF083712
:100AD000BD4680BD80B485B000AF786039604FF00E
:100AE000FF33FB603B68BB6012E07B681B781A46F3
:100AF000FB681B0E53400B4A52F82320FB681B0275
:100B00005340FB607B6801337B60BB68013BBB608B
:100B1000BB68002BE9D1FB68DB4318461437BD46A0
:100B200080BC7047ECCC010080B500AF304809F0C4
:100B3000E5FE304B1B6819462F4809F0DFFE2F4BAE
:100B40001B6819462E4809F0D9FE2E4B1B68194622
:100B50002D4809F0D3FE2D4B1B6819462C4809F08F
:100B6000CDFE2C4B1B6819462B4809F0C7FE2B4BBA
:100B70001B6819462A4809F0C1FE2A4B1B68194612
:100B8000294809F0BBFE294B1B681946284809F083
:100B9000B5FE284B1B681946274809F0AFFE274BC6
:100BA0001B681946264809F0A9FE264B1B68194602
:100BB000254809F0A3FE254B1B681946244809F077
:100BC0009DFE244B1B681946234809F097FE234BD2
:100BD0001B681946224809F091FE224B1B681946F2
:100BE000214809F08BFE214809F088FE00BF80BD36
:100BF000ECD001000000000004D1010090010000D1
:100C000024D10100B004000040D10100C87C0200E2
:100C100058D10100C07C02006CD10100C87C0200E8
:100C200084D10100000000209CD101007008002048
:100C3000B4D1010070080020C8D101001063002069
:100C4000E0D1010010630020F0D1010000F000208D
:100C50000CD2010000F0002020D201000000012091
:100C60003CD201001063002050D2010060D201008C
:100C700080B584B000AFF860B9607A603B603B68D3
:100C800018687B68BA68F968984702463B681A603A
:100C90003B681B68002B02D14FF0FF3300E00023BC
:100CA00018461037BD4680BD80B586B000AFF860ED
:100CB000B9607A603B6014E0BB68102B28BF10233A
:100CC0007B613B687A687969F868FFF7D1FF034672
:100CD000002B02DA4FF0FF3307E0BA687B69D31AC2
:100CE000BB60BB68002BE7D1002318461837BD4610
:100CF00080BD000080B586B000AFF860B9607A6052
:100D00003B6000237B617B68002B0BD0BB68FA68DB
:100D100079683048FFF7C8FF0346002B02DA4FF02E
:100D2000FF3353E07A697B6813447B613B68002B97
:100D300012D03B6A002B0FD0BB68FA68396A38685A
:100D4000FFF796FF0346002B02DA4FF0FF333DE03A
:100D50007A693B6A13447B617B6A002B0BD0BB68CA
:100D6000FA68796A1C48FFF79FFF0346002B02DAF6
:100D70004FF0FF332AE07A697B6A13447B61FB6A98
:100D8000002B0BD0BB68FA68F96AB86AFFF770FFEE
:100D90000346002B02DA4FF0FF3317E07A69FB6A53
:100DA00013447B613B6B002B0BD0BB68FA68396B3B
:100DB0000848FFF779FF0346002B02DA4FF0FF33B4
:100DC00004E07A693B6B13447B617B6918461837F2
:100DD000BD4680BD64D2010078D2010080B489B0E4
:100DE00000AFF860B9607A603B600023FB610023CC
:100DF000BB6100237B61FB689B681A46BB6893421A
:100E000005D2FB689B681A46BB68D31A7B61FB68F6
:100E10005B6803F00403002B02D07B69BB6101E037
:100E20007B69FB61FB685B6803F04003002B15D016
:100E3000FA69BB6913443B61FB685B6803F0040318
:100E4000002B0CBF01230023DBB21A463B6913447D
:100E50005B08FB613A69FB69D31ABB617B68002BB5
:100E600002D07B68FA691A603B68002B02D03B68AD
:100E7000BA691A6000BF2437BD4680BC70470000C5
:100E80002DE9B04FA0B000AFC7E912017A643B640E
:100E9000D7E91223C7E91C23D7E91C231446C3F35F
:100EA0001305C7E91845D7E91C234FF000004FF0A0
:100EB0000001180D00210346C3F30A03BB66D7E9FE
:100EC0001C234FF000004FF00001D80F0021034613
:100ED000FB66BA6E40F2FF739A4209D16FF000438D
:100EE000BB65FB6EFB65D7E91823C7E91423FFE058
:100EF000D7E9182313430DD1BB6E002B0AD1002371
:100F0000BB654FF000024FF00003C7E91423FB6EEE
:100F1000FB65EDE0FB6EFB65BB6E002B21D1012371
:100F2000BB664FF000024FF00003C7E91423002313
:100F3000BB650CE0D7E918239118B9615B41FB61EF
:100F4000D7E90623C7E91823BB6E013BBB66D7E987
:100F500018234FF0000A03F4002B5AEA0B03E9D0E0
:100F600006E075A3D3E90023C7E914230023BB657A
:100F700073A3D3E90023C7E91E23D7E918234FF051
:100F800000004FF00001190341EA12511003C7E9B4
:100F9000180131E0D7E91823002B0CDAD7E9140146
:100FA000D7E91E238418BC6341EB0303FB63D7E935
:100FB0000E34C7E91434D7E91823911839615B411D
:100FC0007B61D7E90423C7E91823D7E91E23511C05
:100FD000396343F100037B634FF000024FF00003DD
:100FE000D7E90C4521464A08204629460C4642EAE4
:100FF000C4724B08C7E91E23D7E918231343C9D18C
:10100000BB6EA3F2FF33BB6629E0D7E91423911826
:10101000B9605B41FB60D7E90223C7E91423D7E934
:10102000142341498A4241498B4115D3D7E91423FE
:10103000511DB96243F10003FB624FF00A024FF009
:101040000003D7E90A011AF029FB02460B46C7E95B
:101050001423BB6D0133BB65BB6E013BBB66BB6E2E
:10106000002BD2DC41E0D7E9142331498A423149CF
:101070008B4120D2D7E9144522462B464FF0000081
:101080004FF00001990041EA9271900002460B4630
:1010900012EB040843EB050918EB08033B6049EB2E
:1010A00009037B60D7E9008942464B46C7E9142310
:1010B000BB6D013BBB65D7E91423511C396243F179
:1010C00000037B624FF000024FF00003D7E90845B0
:1010D00021464A08204629460C4642EAC4724B087B
:1010E000C7E91423BB6E0133BB66BB6E002BBADBB2
:1010F0007B6C002B02D0FA6D7B6C1A603B6C002B72
:1011000004D0D7E91423396CC1E90023D7F8A03003
:10111000002B03D0BA6DD7F8A0301A6000BF80371B
:10112000BD46BDE8B08F00BF0000C16FF28623004E
:1011300000008D49FD1A07000080C6A47E8D0300C3
:1011400000406352BFC6010080B586B000AFF860B2
:10115000C7E900233A6A7B6AD31A7B610EE0D7E9BC
:1011600000014FF00A024FF000031AF097FA02460E
:101170000B46C7E900237B69013B7B617B69002B40
:10118000EDDC7B6A7B6122E0D7E900014FF00A02C7
:101190004FF000031AF082FA13463B613B69DBB261
:1011A0003033D9B27B69013BFA6813444AB21A70F2
:1011B000D7E900014FF00A024FF000031AF06EFA6F
:1011C00002460B46C7E900237B69013B7B617B69D3
:1011D000002BD9D17B6A18461837BD4680BD000068
:1011E00080B590B006AFF8607A603B600B46FB724A
:1011F00000237B6100233B613B6C6FF00042934214
:1012000015D1D7E90E23134311D097F90B30662B74
:1012100007D097F90B30652B03D097F90B30672B6C
:1012200002D12F4B3B6213E02E4B3B6210E097F94B
:101230000B30662B07D097F90B30652B03D097F94D
:101240000B30672B02D1284B3B6201E0274B3B62FE
:10125000386A0AF0F1FFF8613B6B002B02D0244B97
:101260007B6219E03B6B002B08D1FB685B6803F0E5
:101270000203002B02D01F4B7B620DE03B6B002B67
:1012800008D1FB685B6803F00103002B02D01A4B06
:101290007B6201E0194B7B62786A0AF0CDFFB8618E
:1012A000FA69BB69D11807F1100307F11402F86855
:1012B000FFF794FD7A693B690493FB6903933B6AEA
:1012C000029300230193BB6900937B6A39687868B5
:1012D000FFF710FD034618462837BD4680BD00BF06
:1012E0008CD2010090D2010094D2010098D201006A
:1012F0009CD20100A0D20100A4D20100A8D201001A
:101300002DE9B0438AB000AFF860B9607A603B6005
:1013100048A3D3E90023C7E908230023FB61BB6886
:101320001B68BB617B6C002B21D0BA693E4B83FBF1
:101330000231D317C91A0B465B000B44D31ABB61A9
:10134000BB69002B02DABB690333BB613B68002B2E
:101350000DD0BB681B68002BB8BF5B427B617B690B
:10136000182B04DD7B69183BBA691344BB613B68E9
:10137000002B0AD1BB69002B02DABB690133BB61C8
:10138000BB69002BB8BF5B42BB61BA697B68134481
:101390000133FB61FB6923EAE373FB610BE0D7E9EF
:1013A00008014FF00A024FF000031AF077F90246E5
:1013B0000B46C7E90823FB695A1EFA61002BEED1E0
:1013C000FB68D3E90001D7E90823841841EB030542
:1013D000FB68C3E90045FB68D3E9002313498A424F
:1013E00013498B4118D3FB68D3E9002312F1050898
:1013F00043F100094FF00A024FF00003404649460E
:101400001AF04CF902460B46F968C1E90023BB68A3
:101410001B685A1CBB681A6000BF2837BD46BDE870
:10142000B08300BFAFF30080565555550000C16F23
:10143000F28623000080E03779C3110080B5AAB09E
:1014400006AFF8607A603B600B46FB720023C7F87A
:101450008C300023C7F884300023C7F88030002385
:10146000BB6100237B610023FB670023BB67002374
:101470007B6700233B670023FB660023BB660023DA
:10148000BB6500237B6500233B650023FB7497F954
:101490000B30672B03D097F90B30472B23D1012357
:1014A0007B65FB685B6823F02002FB685A60D7F815
:1014B000A83013F1040F05DBFB68DA68D7F8A83011
:1014C0009A4208DC97F90B30672B01D1652300E0C5
:1014D0004523FB7207E097F90B30672B01D1662398
:1014E00000E04623FB7297F90B30662B03D097F987
:1014F0000B30462B01D101233B65FB68DB68002BD9
:1015000002DAFB680622DA607B6D002B06D0FB68EE
:10151000DB68002B02D1FB680122DA60D7F8983033
:10152000002B03D0AB4BC7F888301EE0D7F89830BB
:10153000002B09D1FB685B6803F00203002B03D08A
:10154000A54BC7F8883010E0D7F89830002B09D1A8
:10155000FB685B6803F00103002B03D09F4BC7F8C7
:10156000883002E09E4BC7F88830D7F888000AF030
:1015700063FE7863FB68DA68FB685B6803F020034E
:1015800007F1A80107F1A00001937B6D00933B6D6B
:10159000FFF7B6FED7E92823134324D01023C7F85A
:1015A0008C301AE0D7E928014FF00A024FF000030F
:1015B0001AF074F8134315D1D7F88C30013BC7F8F3
:1015C0008C30D7E928014FF00A024FF000031AF0DF
:1015D00065F802460B46C7E92823D7F88C30002B64
:1015E000E0D100E000BF3B6D002B37D0FB685B68AB
:1015F00003F02003002B2AD00823FB6419E0D7F85E
:10160000A830022B08DDFB6C0133FB64D7F8A8304F
:10161000033BC7F8A8300CE0D7F8A830002B0FDA4E
:10162000FB6C013BFB64D7F8A8300333C7F8A83044
:1016300000BFFB6C002B04DDFB6C0F2BDFD900E03F
:1016400000BF684AFB6C134493F90030FB74D7F871
:10165000A83043EAE37301337B6623E001237B6612
:10166000FB685B6803F02003002B1BD0D7F8A82091
:101670005D4B83FB0231D317C91A0B465B000B4449
:10168000D31ABB64BB6C002B02DABB6C0333BB64A4
:101690007A6EBB6C13447B66D7F8A820BB6CD31A58
:1016A000C7F8A830FB68DA68D7F88C107B6ECB1AC5
:1016B00023EAE3739342A8BF13463B663B6D002BBE
:1016C0003CD07B6D002B39D0D7E92823C7E9102304
:1016D000D7F88C30FB630EE0FB6B013BFB63D7E973
:1016E00010014FF00A024FF0000319F0D7FF024635
:1016F0000B46C7E910237A6E3B6E1344FA6B9A428D
:10170000EADC0EE0D7E910014FF00A024FF00003C7
:1017100019F0C4FF02460B46C7E910233B6E013B9C
:101720003B663B6E002B09DDD7E910014FF00A0242
:101730004FF0000319F0B2FF1343E3D07A6E7B6BD6
:101740001A443B6E1344C7F880303B6D002B38D0F1
:101750007B6E002B06D10123FB67D7F88030013365
:10176000C7F880307A6ED7F88C309A4204DD7A6EF2
:10177000D7F88C30D31ABB67D7F8A830B3F1FF3F46
:1017800015DAFB68DB68002B11DDD7F8A830DB43E6
:101790007B67FB68DB681A467B6F934228BF134662
:1017A0007B67D7F880207B6F1344C7F8803097F9A8
:1017B0001330002B34D0D7F880300133C7F8803095
:1017C0002EE0D7F8A830002BB8BF5B42FB650023A2
:1017D000BB6516E09CD20100A0D20100A4D201009A
:1017E000A8D201002400002056555555BB6D013389
:1017F000BB65FB6D9C4A82FB03129210DB17D31A68
:10180000FB65FB6D002BF1DCBB6D022B38BF0223A7
:10181000BB65BA6DD7F8803013440233C7F8803007
:101820003A6E7B6F1344FA68D268934217D27B6D8D
:10183000002B05D0FB685B6803F00803002B0ED07B
:10184000FB68DB681A467B6FD21A3B6ED31A3B6784
:10185000D7F880203B6F1344C7F880301AE03B6D07
:10186000002B17D03A6E7B6F1344FA68D26893420C
:1018700010D93A6E7B6F1344FA68D2689B1A3B63A7
:101880003B6BD7F88020D31AC7F880303A6E3B6B99
:10189000D31A3B667B6F002B0BD13B6F002B08D11B
:1018A0003B6E002B05DCFB685B6803F00803002B34
:1018B00006D00123BB66D7F880300133C7F88030EB
:1018C00007F1140307F11802D7F88010F868FFF742
:1018D00085FAFB685B6803F01003002B05D0BB6939
:1018E000FA6F1344FB670023BB617B6E002B0ED0A5
:1018F000D7E92823786EB96F411A07F11C000191CE
:10190000D7F88C100091FFF71FFC034600E000237E
:10191000C7F88430D7F88C20D7F88430D31AC7F8AA
:101920008C30BA6900230493D7F88430039307F10D
:101930001C030293FB6F01937B6B0093D7F88830F5
:1019400039687868FFF7D6F9F862FB6AB3F1FF3FB0
:1019500001D1FB6AF4E0FA6EFB6A1344FB660023D4
:1019600004930023039300230293BB6F019300238E
:1019700000930023002239687868FFF7BBF9F8620A
:10198000FB6AB3F1FF3F01D1FB6AD9E0FA6EFB6A53
:101990001344FB663B6E002B0CD0D7E9282307F1DC
:1019A0001C00396E0191D7F88C100091FFF7CCFB29
:1019B000034600E00023C7F88430BB6E002B14BF41
:1019C00001230023DBB21A4600230493D7F88430A6
:1019D000039307F11C0302937B6F01930092234B47
:1019E000002239687868FFF785F9F862FB6AB3F17D
:1019F000FF3F01D1FB6AA3E0FA6EFB6A1344FB666A
:101A00000023049300230393002302933B6F01936D
:101A1000002300930023002239687868FFF76AF9F1
:101A2000F862FB6AB3F1FF3F01D1FB6A88E0FA6E0E
:101A3000FB6A1344FB66BB6D002B5DD0D7F8A83062
:101A4000002BB8BF5B42BB63FB7A3B74D7F8A8306E
:101A5000002B01DA2D2300E02B237B74BB6DFB658B
:101A60000023C7F8843025E067666666ACD20100C3
:101A7000B96B354BA3FB0123DA0813469B001344D3
:101A80005B00CA1AD3B23033DAB2FB6D013B52B2FB
:101A900090333B4403F8742CFB6D013BFB65D7F896
:101AA00084300133C7F88430BB6B274AA2FB032381
:101AB000DB08BB63FB6D002BDADC07F110020023AF
:101AC0000493D7F88430039307F11C030293002397
:101AD0000193022300931346002239687868FFF7C8
:101AE00009F9F862FB6AB3F1FF3F01D1FB6A27E015
:101AF000FA6EFB6A1344FB6697F91330002B14BF90
:101B000001230023DBB21A467B690493039207F199
:101B10001303029300230193002300930023002268
:101B200039687868FFF7E6F8F862FB6AB3F1FF3FBF
:101B300001D1FB6A04E0FA6EFB6A1344FB66FB6E9C
:101B400018469037BD4680BDCDCCCCCC90B593B077
:101B500006AFF860B9603B601346FB71FB6893F910
:101B600014304C2B02D14FF0FF334DE0BB681B68A3
:101B7000073323F0070303F10801BA681160D3E9C2
:101B80000023C7E90A2307F1180107F1240207F12E
:101B9000140300930B46D7E90A01FFF771F97B693B
:101BA0006FF00042934203D1D7E90623134308D1D3
:101BB0007B696FF00042934215D1D7E906231343A6
:101BC00011D1796AD7E90623786997F9074004901B
:101BD000CDE9022300913B6C3A682146F868FFF793
:101BE000FFFA034610E0796AD7E90623786997F986
:101BF00007400490CDE9022300913B6C3A682146EE
:101C0000F868FFF71BFC034618463437BD4690BD05
:101C10002DE9B04FAAB006AFF865B9653B6513462C
:101C200087F85730FB6D1A6AFB6D5B6A1344C7F87F
:101C30008430D7F884300733DB08C7F880304FF0A2
:101C400000024FF00003C7E918234FF000024FF0E5
:101C50000003C7E91823D7F88030002B02D14FF0DA
:101C6000FF33EEE0D7F88030042B08D8BB6D19683D
:101C70000A1DBB6D1A600B68C7F88C3007E0BB6D9E
:101C800019680A1DBB6D1A600B68C7F88C30D7F84D
:101C90008C30002B0AD10023FB674FF000024FF07D
:101CA0000003C7E91C230023FB66BAE0D7F88430A1
:101CB0005A1E012303FA02F2D7F88C301340002B8E
:101CC00014BF01230023DBB2FB67FB6F002B04D0A2
:101CD000D7F88C305B42C7F88C30D7F884305A1E66
:101CE000012393405A1ED7F88C301340C7F88C302C
:101CF000D7F88C30DA17BB64FA64D7E91223C7E946
:101D00001C234FF0FF33C7F8883009E0D7F88C3038
:101D10005B10C7F88C30D7F888300133C7F88830AB
:101D2000D7F88C30002BF1D1D7F88820FB6D5B6A97
:101D3000D31AFB6609E0D7E91C23911839605B418F
:101D40007B60D7E90023C7E91C23D7E91C23B3F53F
:101D5000801FF0D3D7E9182300244FEA13554FEA28
:101D60000555D7E91C239246C3F3130B44EA0A0333
:101D70003B6445EA0B037B64D7E91034C7E91834A8
:101D8000D7E91823BA636FF31E53FB63FB6EDA17B0
:101D90003B637A633B6BC3F30A084FF0000940F2E0
:101DA000FF3318EB0303BB6249F10003FB624FF002
:101DB00000024FF00003B96A0B050022D7E90E01BB
:101DC000044614433C6219437962D7E90834C7E9F1
:101DD0001834D7E91823BA6123F00043FB61FB6F85
:101DE00000223B617A614FF000024FF00003396935
:101DF000CB070022D7E9060104461443BC6019430F
:101E0000F960D7E90234C7E91834D7E9180107F1B6
:101E1000700407F17C0207F16C0300932346FFF77F
:101E20002FF8F96FD7E91C23F86E0490CDE902234F
:101E30000091D7F8B0303A6D6621F86DFFF7FEFAE1
:101E4000034618469037BD46BDE8B08FB0B485B0A4
:101E500000AF786039603B681B68191D3A681160F3
:101E60001B68FB60FB68002B48D07B6893F914303B
:101E7000682B05D17B681B681AB2FB681A803DE0AD
:101E80007B6893F91430692B05D17B681B685AB2C3
:101E9000FB681A7032E07B6893F914306C2B05D123
:101EA0007B681B681A46FB681A6027E07B6893F919
:101EB00014306A2B08D17B681B6800221C4615462B
:101EC000FB68C3E9004519E07B6893F914307A2B6D
:101ED00004D17B681A68FB681A600FE07B6893F98D
:101EE0001430742B05D17B681B681A46FB681A6096
:101EF00004E07B681B681A46FB681A6000231846DA
:101F00001437BD46B0BC704780B58EB006AFF860E0
:101F1000B9603B601346FB710023FB6197F9073002
:101F2000632B08D1BB681B68191DBA6811601B6858
:101F30005BB2FB7403E0FB6893F91530FB74FB683C
:101F4000DB68002B02DAFB680122DA60FB68DB68E1
:101F5000012BB8BF0123BB611FE0002304930123C1
:101F6000039307F1130302930023019300230093CB
:101F700000230022B96A3868FEF7BCFE78617B69ED
:101F8000B3F1FF3F02D14FF0FF330AE0FA697B69FA
:101F90001344FB61BB69013BBB61BB69002BDCD116
:101FA000FB6918462037BD4680BD000080B58EB065
:101FB00006AFF860B9603B601346FB710023FB611C
:101FC00000237B6100233B61BB681B68191DBA6855
:101FD00011601B68BB61BB69002B01D1174BBB6152
:101FE000B8690AF029F9F861FB68DB68002B07DBA8
:101FF000FB68DB681A46FB69934228BF1346FB6106
:1020000007F1100307F11402F969F868FEF7E6FE1C
:102010007A693B690493FB690393BB6902930023CC
:102020000193002300930023B96A3868FEF762FE2B
:10203000034618462037BD4680BD00BFB0D2010020
:102040002DE9F043CBB006AF07F58876A6F582768A
:10205000306007F58870A0F584700160114607F5BF
:102060008872A2F58872136007F58873A3F20913CA
:102070000A461A700023C7F80C310023BB61002305
:102080007B610023C7F804310023C7F80031002327
:10209000C7F8FC300023C7F8F4300023C7F8F0304D
:1020A00007F58873A3F582731B685B6803F08003F0
:1020B000002B00F0EE8007F58873A3F582731B6890
:1020C00093F914306C2B10D107F58873A3F5847342
:1020D0001B681B68191D07F58872A2F584721268C7
:1020E00011601B68C7F8EC3063E007F58873A3F54F
:1020F00082731B6893F914306A2B16D107F5887325
:10210000A3F584731B681B68073323F0070303F1EF
:10211000080107F58872A2F5847212681160D3E98C
:1021200000231346C7F8EC3043E007F58873A3F5A6
:1021300082731B6893F914307A2B10D107F58873DA
:10214000A3F584731B681B68191D07F58872A2F537
:102150008472126811601B68C7F8EC3029E007F53B
:102160008873A3F582731B6893F91430742B10D114
:1021700007F58873A3F584731B681B68191D07F5A1
:102180008872A2F58472126811601B68C7F8EC307F
:102190000FE007F58873A3F584731B681B68191D8E
:1021A00007F58872A2F58472126811601B68C7F87F
:1021B000EC3007F58873A3F582731B6893F914302C
:1021C000682B04D1D7F8EC301BB2C7F8EC3007F518
:1021D0008873A3F582731B6893F91430692B04D1BB
:1021E000D7F8EC305BB2C7F8EC30D7F8EC30002B06
:1021F000B8BF5B42C7F8F83007F58873A3F5807362
:1022000000221A70D7F8EC30002B06DA07F5887335
:10221000A3F580732D221A7020E007F58873A3F5CB
:1022200082731B685B6803F00203002B06D007F57E
:102230008873A3F580732B221A700FE007F588735B
:10224000A3F582731B685B6803F00103002B05D0C4
:1022500007F58873A3F5807320221A7007F5887339
:10226000A3F5807393F90030002B00F0B2800123B6
:10227000C7F8F43007F58873A3F582731B685B68B1
:1022800043F0080207F58873A3F582731B685A6050
:102290009FE007F58873A3F582731B6893F91430E8
:1022A0006C2B10D107F58873A3F584731B681B682A
:1022B000191D07F58872A2F58472126811601B68F7
:1022C000C7F8F83063E007F58873A3F582731B68DD
:1022D00093F914306A2B16D107F58873A3F584732C
:1022E0001B681B68073323F0070303F1080107F598
:1022F0008872A2F5847212681160D3E90023134634
:10230000C7F8F83043E007F58873A3F582731B68BC
:1023100093F914307A2B10D107F58873A3F58473E1
:102320001B681B68191D07F58872A2F58472126874
:1023300011601B68C7F8F83029E007F58873A3F52A
:1023400082731B6893F91430742B10D107F58873CE
:10235000A3F584731B681B68191D07F58872A2F525
:102360008472126811601B68C7F8F8300FE007F537
:102370008873A3F584731B681B68191D07F58872A1
:10238000A2F58472126811601B68C7F8F83007F56F
:102390008873A3F582731B6893F91430682B04D1FA
:1023A000D7F8F8309BB2C7F8F83007F58873A3F573
:1023B00082731B6893F91430692B04D1D7F8F83075
:1023C000DBB2C7F8F83007F58873A3F580733022C5
:1023D0001A7007F58873A3F2091393F900306F2B75
:1023E00006D1D7F8F830002B02D00123C7F8F4301B
:1023F00007F58873A3F2091393F90030782B0FD0F7
:1024000007F58873A3F2091393F90030582B07D00E
:1024100007F58873A3F2091393F90030622B32D1C8
:1024200007F58873A3F582731B685B6803F02003CC
:10243000002B03D1D7F8F830002B0CD007F58873A8
:10244000A3F5807307F58872A2F2091212785A7008
:102450000223C7F8F43007F58873A3F582731B686D
:102460005B6803F02003002B0DD007F58873A3F5FC
:10247000807393F9013043F020035AB207F5887353
:10248000A3F580735A7007F58873A3F582731B68F0
:102490005B6803F00803002B0ED0D7F80C21D7F8A7
:1024A000F4301344C7F80C3107F11003C7F8FC30BF
:1024B000D7F8F430C7F80031D7F834310A2B50D1AF
:1024C0000023C7F8083147E0D7F8F83000229846D3
:1024D0009146AF4B03FB09F2002303FB08F31344BF
:1024E000AB4AA8FB02452B441D46C7E92C45C7E96A
:1024F0002C45D7E92C014FF000024FF00003CA0829
:1025000000231346C7F8AC30D7F8AC309B00D7F89F
:10251000AC201344C7F8A830D7F8A8305B00D7F830
:10252000F820D31AC7F8A430D7F808310133C7F818
:102530000831D7F8A430DBB23033DAB2D7F808313B
:10254000C3F1820352B203F588733B4403F8F42CC1
:10255000D7F8AC30C7F8F830D7F8F830002BB3D143
:10256000ACE0D7F83431022B07D0D7F83431082B40
:1025700003D0D7F83431102B5BD1D7F83431013B7D
:10258000C7F8C030D7F83431102B07D0D7F8343122
:10259000082B01D1032302E0012300E00423C7F844
:1025A000BC300023C7F808313EE0D7F8F820D7F850
:1025B000C0301340774AD35C87F8EB3007F5887357
:1025C000A3F2091393F90030782B0FD007F5887325
:1025D000A3F2091393F90030692B07D007F588732C
:1025E000A3F2091393F90030752B05D197F8EB305E
:1025F00043F0200387F8EB30D7F808310133C7F8F0
:102600000831D7F80831C3F1820303F588733B44DE
:1026100097F8EB2003F8F42CD7F8F820D7F8BC3063
:1026200022FA03F3C7F8F830D7F8F830002BBCD102
:1026300044E00023C7F808313CE0D7F8F830D7F879
:102640003421B3FBF2F2D7F8341101FB02F29B1AEA
:10265000504AD35C87F8EA3007F58873A3F2091370
:1026600093F90030692B07D007F58873A3F209139B
:1026700093F90030752B05D197F8EA3043F0200329
:1026800087F8EA30D7F808310133C7F80831D7F8AE
:102690000831C3F1820303F588733B4497F8EA20BD
:1026A00003F8F42CD7F8F820D7F83431B2FBF3F361
:1026B000C7F8F830D7F8F830002BBED107F588738B
:1026C000A3F582731B68DB69002B00F01C8107F502
:1026D0008873A3F582731B689B69C7F8E43007F51C
:1026E0008873A3F582731B68DB69C7F8E0300023A9
:1026F000C7F8D830D7F80831C7F8D030D7F8083144
:10270000C3F18203C7F8CC30D7F8E030013BD7F8EB
:10271000E4201344C7F8E430E6E0D7F8E030002BBB
:1027200000F08580D7F8E4301B7887F8DF3097F920
:10273000DF302D2B00F0DE8097F9DF302A2B1FD100
:1027400007F58873A3F584731B681B68191D07F5CB
:102750008872A2F58472126811601B68C7F8D830BD
:10276000D7F8D830002BC0F2C780D7F8E430013B4F
:10277000C7F8E430D7F8E030013BC7F8E03043E079
:102780000023C7F8D8300123C7F8D43023E000BFB6
:10279000CDCCCCCCC0D2010097F9DF30303B1A460B
:1027A000D7F8D43003FB02F2D7F8D8301344C7F877
:1027B000D830D7F8D42013469B0013445B00C7F8E9
:1027C000D430D7F8E430013BC7F8E430D7F8E03034
:1027D000013BC7F8E030D7F8E030002B14D0D7F831
:1027E000E4301B7887F8DF3097F9DF30002B0BD00F
:1027F00097F9DF300133874A134493F90030DBB295
:1028000003F00403002BC7D1D7F8E030002B75D0BC
:10281000D7F8E4301B7887F8DF30D7F8E430013B95
:10282000C7F8E430D7F8E030013BC7F8E030D7F81C
:10283000D830002B54D0D7F8D830D7F8D0209A42CF
:102840005ED9D7F8CC30C7F8C830D7F8D830D7F829
:10285000D020D31AC7F8C43018E0D7F8C830013BED
:1028600007F11C01D7F8C8200A4492F9002003F5AB
:1028700088733B4403F8F42CD7F8C430013BC7F805
:10288000C430D7F8C8300133C7F8C830D7F8C430DF
:10289000002BE2D1D7F8CC30013BC7F8CC30D7F8C9
:1028A000CC20D7F8D0301A44D7F8D830D31A03F553
:1028B00088733B4497F8DF2003F8F42CD7F80831ED
:1028C0000133C7F80831D7F8F0300133C7F8F030DA
:1028D000D7F8D830D7F8D020D31AC7F8D03003E0D3
:1028E000D7F8E030002B0DD0D7F8D030002B7FF494
:1028F00014AF08E000BF06E000BF04E000BF02E044
:1029000000BF00E000BFD7F80831C7F8A03007F5D6
:102910008873A3F582731B68DB68002B07DA07F561
:102920008873A3F582731B680122DA600DE007F556
:102930008873A3F582731B685B6823F0100207F5A8
:102940008873A3F582731B685A6007F58873A3F533
:1029500082731B68DB681A46D7F8F0301344D7F847
:102960000821934238BF1346C7F80831D7F80C2125
:10297000D7F808311344C7F80C3107F1140307F1F5
:10298000180207F58871A1F58270D7F80C1100685C
:10299000FEF724FAD7F80821D7F8A030D31AC7F8E1
:1029A000043107F58873A3F582731B685B6803F035
:1029B0001003002B07D0BB69D7F804211344C7F8D4
:1029C00004310023BB61B969D7F8A030C3F1820399
:1029D00007F11C0213447A6907F58870A0F5887026
:1029E0000492D7F8A02003920293D7F80431019300
:1029F000D7F800310093D7F8FC300A46D7F83011E9
:102A00000068FEF777F90346184607F58A77BD4652
:102A1000BDE8F083D005020080B58CB006AFF86049
:102A2000B9603B601346FB7100237B6197F9073067
:102A30006E2B05D1B968F868FFF708FA0346DDE0A8
:102A400097F90730252B11D1002304930123039319
:102A5000FB1D029300230193002300930023002217
:102A6000396A3868FEF746F90346C7E097F9073038
:102A7000632B03D097F90730432B0AD197F907202E
:102A80003B6A00933B68B968F868FFF73DFA034674
:102A9000B4E097F90730732B0AD197F907203B6A06
:102AA00000933B68B968F868FFF780FA0346A5E031
:102AB00097F90730652B13D097F90730452B0FD0C6
:102AC00097F90730662B0BD097F90730462B07D0C4
:102AD00097F90730672B03D097F90730472B0AD1B6
:102AE00097F907203B6A00933B68B968F868FFF7DD
:102AF0002DF8034682E097F907306B2B0AD197F93E
:102B000007203B6A00933B68B968F868FFF780F8D4
:102B1000034673E097F90730702B0DD15823FB71F2
:102B2000FB6800221A75FB6828225A60FB6808229D
:102B30009A60FB680822DA6097F90730642B07D0A7
:102B400097F90730692B03D097F90730492B1CD12F
:102B5000FB685B6843F08002FB685A600A237B6174
:102B6000FB685B6823F00802FB685A6097F907303E
:102B7000692B03D097F90730492B06D1FB681B69F5
:102B8000002B02D0FB681B697B6197F90730782B1B
:102B900003D097F90730582B01D110237B6197F9A7
:102BA0000730752B03D097F90730552B08D1FB68F8
:102BB0001B69002B02D0FB681B6900E00A237B61C4
:102BC00097F907306F2B01D108237B6197F9073004
:102BD000622B01D102237B617B69012B0CD997F910
:102BE00007207B6901933B6A00933B68B968F868EA
:102BF000FFF726FA034601E04FF0FF331846183777
:102C0000BD4680BD80B59CB002AFF860B9607A6007
:102C10003B607B683B663B683B617B68002B00F058
:102C20008C8200237B617DE23B6EFB6502E0FB6DE5
:102C30000133FB65FB6D93F90030002B04D0FB6D75
:102C400093F90030252BF2D1FA6D3B6ED31AFB6459
:102C5000FB6C002B0ED007F10803FA68F96C386E94
:102C6000FEF706F80346002BC0F269827A69FB6C16
:102C700013447B61FB6D3B663B6E93F90030002B88
:102C800000F050823B6E01333B660023BB610BE0DA
:102C9000BA69BB6CA6495B1AA64951F823301343A5
:102CA000BB613B6E01333B663B6E1B7887F8673038
:102CB00097F96730002B09D097F9673019469C487F
:102CC00008F09EFFB864BB6C002BE1D13B6E93F91A
:102CD00000302A2B12D13B691A1D3A611B68FB6137
:102CE000FB69002B06DAFB695B42FB61BB6943F0C1
:102CF0000403BB613B6E01333B6628E00023FB61AC
:102D00000DE0FA6913469B0013445B001A4697F9DD
:102D100067301344303BFB613B6E01333B663B6ED7
:102D20001B7887F8673097F96730002B0FD097F939
:102D300067300133804A134493F90030DBB203F06B
:102D40000403002B03D0FB69B3F5FA7FD9DBFB69E1
:102D5000B3F5FA7F00F3F5813B6E93F900302E2B2B
:102D600003D04FF0FF333B6243E03B6E01333B66E1
:102D70003B6E93F900302A2B0DD13B691A1D3A6145
:102D80001B683B623B6AB3F5FA7F00F3DC813B6E64
:102D900001333B662DE000233B620DE03A6A1346A7
:102DA0009B0013445B001A4697F967301344303B8D
:102DB0003B623B6E01333B663B6E1B7887F86730A6
:102DC00097F96730002B0FD097F9673001335A4AD3
:102DD000134493F90030DBB203F00403002B03D05B
:102DE0003B6AB3F5FA7FD9DB3B6AB3F5FA7F00F3B0
:102DF000AC813B6E93F900303A2B02D000237B620A
:102E000048E03B6E01333B663B6E93F900302A2B62
:102E100014D13B691A1D3A611B687B647B6C002BE3
:102E200002DA00237B6205E07B6C242B00F38F81A8
:102E30007B6C7B623B6E01333B662BE000237B6245
:102E40000DE07A6A13469B0013445B001A4697F91B
:102E500067301344303B7B623B6E01333B663B6E15
:102E60001B7887F8673097F96730002B0ED097F9F9
:102E700067300133304A134493F90030DBB203F07A
:102E80000403002B02D07B6A232BDADD7B6A242B20
:102E900000F35F8110237B631023BB6300233B633C
:102EA0000023FB623B6E1B7887F8673097F9673029
:102EB0005B2B24D10023BB653B6E01333B663B6E2D
:102EC000FB6205E03B6E01333B66BB6D0133BB65C6
:102ED0003B6E1B7887F8673097F96730002B03D07B
:102EE00097F967305D2BEDD197F96730002B00F033
:102EF00032813B6E01333B66BB6D3B639CE097F9CF
:102F000067307B2B40F098803B6E01333B663B6E15
:102F100093F900302A2B08D13B691A1D3A611B68CE
:102F20007B653B6E01333B662DE000237B6513E040
:102F3000E8D20100F0D20100D00502007A6D1346FC
:102F40009B0013445B001A4697F967301344303BEB
:102F50007B653B6E01333B663B6E1B7887F86730C1
:102F600097F96730002B0ED097F967300133844A08
:102F7000134493F90030DBB203F00403002B02D0BA
:102F80007B6D1F2BDAD97B6D202B00F2E6803B6E28
:102F900093F900302E2B40F0E2803B6E01333B660C
:102FA0003B6E93F900302A2B08D13B691A1D3A6118
:102FB0001B683B653B6E01333B6627E000233B65A6
:102FC0000DE03A6D13469B0013445B001A4697F9D7
:102FD00067301344303B3B653B6E01333B663B6ED1
:102FE0001B7887F8673097F96730002B0ED097F978
:102FF00067300133624A134493F90030DBB203F0C7
:103000000403002B02D03B6D1F2BDAD997F96730F0
:10301000002B00F0A6803B6E01333B663B6D202BFE
:1030200000F2A1807A6D3B6D13441F2B00F29D804E
:103030007B6D7B633B6DBB633B6E1B7887F86730B2
:1030400097F96730002B0ED097F9673019464D4835
:1030500008F0D6FD0346002B05D03B6E01333B66DE
:1030600097F9673000E0002387F8283097F9283077
:10307000002B17D03B6E1B7887F8673097F96730C5
:10308000002B0FD097F9283097F967209A4209D181
:1030900097F9283043F001035BB287F828303B6E84
:1030A00001333B663B6E1B7887F8673097F96730D2
:1030B000002B05D13B691A1D3A611B683B6631E064
:1030C00097F8673087F8433097F94330432B0FD197
:1030D0003B6E01333B663B6E1B7887F8673097F990
:1030E0006730002B43D097F8673087F8293002E02B
:1030F000002387F8293097F9432007F1100107F1E1
:10310000140007F108030093FB68FFF785FCF863E0
:10311000FB6B002B2DDB7A69FB6B13447B613B6EF1
:1031200001333B663B6E1B7887F8673097F9673051
:10313000002B7FF479AD7B691EE000BF1AE000BF71
:1031400018E000BF16E000BF14E000BF12E000BFAF
:1031500010E000BF0EE000BF0CE000BF0AE000BFBF
:1031600008E000BF06E000BF04E000BF02E000BFCF
:1031700000E000BF4FF0FF3318466837BD4680BD02
:10318000D0050200B8D2010080B584B000AFF8606D
:10319000B9607A603B60FB68BA681A60FB687A685D
:1031A0005A60FB6800221A72FB683A68DA60FB68B2
:1031B0001B68184609F040F80346DAB2FB681A7239
:1031C000FB6818461037BD4680BD000080B582B050
:1031D00000AF786039607B681B68184617F020FEE6
:1031E0003B68D3E9002317F085FE02460B461046E4
:1031F00019464FF00002054B17F0A6FF02460B469A
:10320000104619460837BD4680BD00BF00005E412C
:1032100098B500AF584C594B594A5A492046FFF7C8
:10322000B3FF1034584B594A59492046FFF7ACFFB9
:103230001034584B584A59492046FFF7A5FF10341F
:10324000514B574A57492046FFF79EFF1034514BC8
:10325000554A56492046FFF797FF1034544B554ABC
:1032600055492046FFF790FF1034514B534A5449BB
:103270002046FFF789FF1034524B534A53492046EA
:10328000FFF782FF10344F4B514A52492046FFF757
:103290007BFF1034504B514A51492046FFF774FFD1
:1032A00010344D4B4F4A50492046FFF76DFF103404
:1032B0004E4B4F4A4F492046FFF766FF10344E4BA6
:1032C0004E4A4F492046FFF75FFF10344D4B4E4AA0
:1032D0004E492046FFF758FF10344D4B4D4A4E499A
:1032E0002046FFF751FF10344C4B4D4A4D492046C4
:1032F000FFF74AFF10344C4B4C4A4D492046FFF72C
:1033000043FF10344B4B4C4A4C492046FFF73CFFDF
:103310001034484B4A4A4B492046FFF735FF1034DA
:10332000494B4A4A4A492046FFF72EFF1034494B81
:10333000494A4A492046FFF727FF1034484B494A7B
:1033400049492046FFF720FF1034484B484A494975
:103350002046FFF719FF1034444B474A474920469F
:10336000FFF712FF04F11000454B464A4649FFF7AC
:103370000BFF00BF98BD00BF94080020413900003A
:1033800074D30100ACD30100B1390000B4D3010003
:10339000C8D30100793A0000D4D30100F0D3010072
:1033A000FCD3010014D4010018D4010038D401006A
:1033B000093B00003CD4010088D4010090D40100F6
:1033C000E0D40100B93D0000E4D4010030D5010093
:1033D00038D5010088D50100694100008CD5010075
:1033E000C0D50100C8D5010000D60100F992000047
:1033F000DCFE0100CCFE01007194000020FF010002
:1034000010FF01007996000060FF01004CFF0100F1
:10341000A143000004D6010038D60100E9440000B1
:1034200040D601009CD60100B9480000A4D6010096
:10343000F0D60100F94C0000F8D6010014D70100C5
:103440001CD7010038D70100F94D00003CD701001E
:103450008CD70100695000009CD70100DCD7010027
:1034600099500000ECD7010034D801003D52000013
:1034700044D801007CD801008CD80100C8D80100D4
:10348000ED560000CCD80100FCD8010080B500AF9B
:10349000FFF7BEFE80BD80B483B000AF78607B686C
:1034A00000221A7000225A7000229A700022DA70EC
:1034B00000221A7100225A7100229A710022DA71D8
:1034C0007B6818460C37BD4680BC704780B483B01B
:1034D00000AF78600B46FB707B68FA781A7100BF0A
:1034E0000C37BD4680BC704780B483B000AF7860B5
:1034F0007B681B7918460C37BD4680BC70470000BE
:1035000080B582B000AF78607B681B6819467B6825
:103510005A687B689B68034808F0C8F800BF083702
:10352000BD4680BD14D9010080B483B000AF78607F
:103530007B6800221A7000225A7000229A700022C2
:10354000DA707B6818460C37BD4680BC70470000B7
:103550002DE9F041B6B01EAFF865FB6DD3F800C0A1
:10356000FB6D1B78C3F30003DBB29E46FB6D1B783B
:10357000C3F34003DBB29846FB6D1B78C3F38003B3
:10358000DBB2BB65FB6D1B78C3F3C003DBB27B65AD
:10359000FB6D1B78C3F30013DBB23B65FB6D1B783F
:1035A000C3F34013DBB2FB64FB6D1B78C3F38013E2
:1035B000DBB2BB64FB6D1B78C3F3C013DBB27B646F
:1035C000FB6D5B78C3F30003DBB23B64FB6D5B78A0
:1035D000C3F34003DBB2FB63FB6D5B78C3F3800393
:1035E000DBB2BB63FB6D5B78C3F3C003DBB27B6311
:1035F000FB6D5B78C3F30013DBB23B63FB6D5B7861
:10360000C3F34013DBB2FB62FB6D5B78C3F3801343
:10361000DBB2BB62FB6D5B78C3F3C013DBB27B62D2
:10362000FB6D9B78C3F30003DBB23B62FB6D9B78C1
:10363000C3F34003DBB2FB61FB6D9B78C3F38003F4
:10364000DBB2BB61FB6D9B78C3F3C003DBB27B6174
:10365000FB6D9B78C3F30013DBB23B61FB6D9B7882
:10366000C3F34013DBB2FB60FB6D9B78C3F38013A5
:10367000DBB2BB60FB6D9B78C3F3C013DBB27B6036
:10368000FB6DDB78C3F30003DBB23B60FB6DDB78E3
:10369000C3F34003DBB21E46FB6DDB78C3F380034C
:1036A000DBB21D46FB6DDB78C3F3C003DBB21C4607
:1036B000FB6DDB78C3F30013DBB21846FB6DDB78E0
:1036C000C3F34013DBB21946FB6DDB78C3F3801301
:1036D000DBB21A46FB6DDB78C3F3C013DBB21D937C
:1036E0001C921B911A901994189517963A68169285
:1036F0007A681592BA681492FA6813923A6912922B
:103700007A691192BA691092FA690F923A6A0E9226
:103710007A6A0D92BA6A0C92FA6A0B923A6B0A9222
:103720007A6B0992BA6B0892FA6B07923A6C06921E
:103730007A6C0592BA6C0492FA6C03923A6D02921A
:103740007A6D0192BB6D0093434672466146044810
:1037500007F0D4F800BF6037BD46BDE8F08100BF78
:1037600078D9010080B582B000AF786039607B689D
:103770001B68184617F054FB3B68D3E9002317F089
:10378000B9FB02460B46104619464FF00002054BA6
:1037900017F0DAFC02460B46104619460837BD46BC
:1037A00080BD00BF00005E4180B584B000AF78608E
:1037B000396011A3D3E90023C7E9022307F1080305
:1037C00019463868FFF7CEFF7B68D3E9002317F06E
:1037D00091FB02460B46104619467B68D3E902234B
:1037E00017F0D2F902460B46104619461037BD466F
:1037F00080BD00BFAFF30080FCA9F1D24D62104044
:1038000080B582B000AF78607B6804331946054804
:10381000FFF7CAFF02460B46104619460837BD4659
:1038200080BD00BFE85C002080B582B000AF78604A
:103830007B68083319460548FFF7B6FF02460B467A
:10384000104619460837BD4680BD00BFF85C002011
:1038500080B582B000AF78607B680C3319460548AC
:10386000FFF7A2FF02460B46104619460837BD4631
:1038700080BD00BF085D002080B582B000AF7860D9
:103880007B68103319460548FFF78EFF02460B464A
:10389000104619460837BD4680BD00BF185D0020A0
:1038A00080B582B000AF78607B6814331946054854
:1038B000FFF77AFF02460B46104619460837BD4609
:1038C00080BD00BF385D002080B582B000AF786059
:1038D0007B68183319460548FFF766FF02460B461A
:1038E000104619460837BD4680BD00BF485D002020
:1038F00080B582B000AF78607B681C3319460548FC
:10390000FFF752FF02460B46104619460837BD46E0
:1039100080BD00BF285D002080B582B000AF786018
:103920007B68203319460548FFF73EFF02460B46E9
:10393000104619460837BD4680BD00BF585D0020BF
:1039400080B586B002AFF860B9607A603B60134B17
:103950001B68002B14BF01230023DBB2002B0ED009
:103960000E4B1B6819680D4B1B685B6801930C4B71
:1039700000936F230B4A0C4806F0C0FF05E0084B8C
:103980006F220849094806F0B9FFB86808F054FCEE
:1039900003465BB218461037BD4680BD4C00002080
:1039A00008E80100C8DB0100F4DB010058DC01007D
:1039B00080B586B000AFF860B9607A603B600023E4
:1039C0003B6107F110031A462449B86807F064FF09
:1039D0000346FB7597F91730002B20DC204806F0D2
:1039E0008DFF00233B6113E01E4B1A683B691344B3
:1039F0001B78BB753B69BA7D19461B4806F07EFFF4
:103A0000BB7D1946194806F079FF3B6901333B61DC
:103A10003B69802BE8D9164806F070FF18E0114B7F
:103A20001A683B6913441B78BB750D4806F066FFA6
:103A30003B69BA7D19460C4806F060FFBB7D19460C
:103A40000A4806F05BFFBB7D19460A4806F056FFA0
:103A50007B685BB218461837BD4680BD94DC010018
:103A600098DC01004C000020ACDC0100C0DC01004F
:103A7000C8DC0100CCDC010080B588B000AFF86084
:103A8000B9607A603B600023BB6100237B6107F172
:103A9000140307F118021649B86807F0FDFE034643
:103AA000FB7797F91F30012B09DC97F91F301A4675
:103AB000B968104806F022FF4FF0FF3313E07B692E
:103AC000D9B20D4B1A68BB6913440A461A707B6958
:103AD00019460A4806F012FFBB691946084806F065
:103AE0000DFF7B685BB218462037BD4680BD00BF26
:103AF000D8DC0100E0DC01004C0000203CDD0100CE
:103B000060DD0100000000002DE9F043ADB010AF12
:103B100078623962FA61BB610023FB640023BB64F5
:103B200000237B6400233B649B4B1B68002B0CBF72
:103B300001230023DBB2002B05D0984806F0DEFEFF
:103B4000FB695BB21FE107F1480107F14C0207F185
:103B50004003019307F1440300930B469049386AF0
:103B600007F09AFE034687F86F3097F96F30032B02
:103B70001BDDFA6C884B1B68DA62BA6C864B1B68DB
:103B80001A637A6C844B1B685A633A6C824B1B68CD
:103B90009A63F96CBA6C786C3B6C0093034681486D
:103BA00006F0ACFEFB695BB2EDE097F96F30002BDD
:103BB0001BDDFA6C784B1B68DA62FA6C764B1B687B
:103BC0001A63FA6C744B1B685A63FA6C724B1B686D
:103BD0009A63F96CFA6CF86CFB6C009303467148BD
:103BE00006F08CFEFB695BB2CDE06B4B1B68DB6AB9
:103BF000FB64694B1B681B6BBB64674B1B685B6B8F
:103C00007B64654B1B689B6B3B64F96CBA6C786C8E
:103C10003B6C00930346644806F070FE07F13803DE
:103C20001846FFF738FC07F130031846FFF733FC5E
:103C300007F128031846FFF72EFC574B1A6807F1C7
:103C400038033C321068516803C3534B1A6807F1BC
:103C5000300344321068516803C34F4B1A6807F1B0
:103C600028034C321068516803C3BB6B43F317033E
:103C70001A46FB8F92FBF3F3184617F0D1F844A3D2
:103C8000D3E9002317F036F902460B4610461946D1
:103C90004FF00002454B17F057FA02460B46C7E9B2
:103CA00018233B6B43F317031A46FB8E92FBF3F387
:103CB000184617F0B5F836A3D3E9002317F01AF920
:103CC00002460B46104619464FF00002374B17F0DC
:103CD0003BFA02460B46C7E91623BB6A43F31703B8
:103CE0001A46FB8D92FBF3F3184617F099F828A3B8
:103CF000D3E9002317F0FEF802460B46104619469A
:103D00004FF00002294B17F01FFA02460B46C7E995
:103D10001423D7E90E89D7E90C01D7E90A45BB6B13
:103D200043F317031E46FB8F7B613B6B43F3170383
:103D30003B61FB8EFB60BB6A43F31703BB60FB8DEB
:103D40007B60D7E91423CDE90E23D7E91623CDE90B
:103D50000C23D7E91823CDE90A237A680992BA68B7
:103D60000892FA6807923A6906927B69059304966D
:103D7000CDE90245CDE9000142464B460C4806F02C
:103D8000BDFDFB695BB218467437BD46BDE8F083E4
:103D9000FCA9F1D24D6220404C0000206CDD0100F6
:103DA000B8DD0100C8DD0100F0DD01000000704158
:103DB00020DE0100000000002DE9F043A1B00EAFAD
:103DC000F860B9607A603B604FF000024FF000038A
:103DD000C7E90A234FF000024FF00003C7E90823A8
:103DE0004FF000024FF00003C7E906234FF0000236
:103DF0004FF00003C7E9042300237B6400233B64E6
:103E00000023FB630023BB63874B1B68002B0CBFA5
:103E100001230023DBB2002B05D0844806F06EFDA1
:103E20007B685BB28DE107F1200107F1280207F101
:103E30001003019307F1180300930B467C49B868FF
:103E400007F02AFD034687F83730D7E90A014FF01B
:103E50006042784B17F04EF802460B461046194662
:103E60004FF00002744B17F045F802460B4610461F
:103E700019466BA3D3E9002317F066F902460B46F7
:103E80001046194617F00EFB03467B64D7E908017C
:103E90004FF06042674B17F02DF802460B46104674
:103EA00019464FF00002644B17F024F802460B4607
:103EB000104619465AA3D3E9002317F045F90246E4
:103EC0000B461046194617F0EDFA03463B64D7E956
:103ED00006014FF06042574B17F00CF802460B46B4
:103EE000104619464FF00002534B17F003F80246F4
:103EF0000B46104619464AA3D3E9002317F024F9CC
:103F000002460B461046194617F0CCFA0346FB63EF
:103F1000D7E904014FF06042464B16F0EBFF024632
:103F20000B46104619464FF00002434B16F0E2FFD5
:103F300002460B461046194639A3D3E9002317F071
:103F400003F902460B461046194617F0ABFA034632
:103F5000BB6397F93730032B2DDD7A6C324B1B682E
:103F6000DA623A6C304B1B681A63FA6B2E4B1B6893
:103F70005A63BA6B2C4B1B689A63D7E90A89D7E955
:103F80000823D7E90601D7E90445BE6B0C96CDE9B5
:103F90000A45FC6B0894CDE90601396C0491CDE922
:103FA00002237B6C009342464B46244806F0A6FC55
:103FB0007B685BB2C5E097F93730002B40DD7A6C47
:103FC000194B1B68DA627A6C174B1B681A637A6CA0
:103FD000154B1B685A637A6C134B1B689A63D7E9BD
:103FE0000A89D7E90823D7E90601D7E90445BE6B5A
:103FF0000C96CDE90A45FC6B0894CDE90601396CB5
:104000000491CDE902237B6C009342464B460B485A
:1040100006F074FC7B685BB293E000BFAFF30080F6
:10402000FCA9F1D24D6210404C00002090DE01004E
:10403000DCDE0100FFFF6F4100004E40ECDE0100BE
:10404000454B1B68DB6A7B64434B1B681B6B3B6403
:10405000414B1B685B6BFB633F4B1B689B6BBB63FC
:10406000786C16F0CDFE3AA3D3E9002316F042FF98
:1040700002460B46104619464FF06242374B17F086
:1040800063F802460B46C7E90A23386C16F0B8FEFF
:104090002FA3D3E9002316F02DFF02460B4610464E
:1040A00019464FF062422D4B17F04EF802460B4670
:1040B000C7E90823F86B16F0A3FE25A3D3E9002374
:1040C00016F018FF02460B46104619464FF06242A2
:1040D000224B17F039F802460B46C7E90623B86BA6
:1040E00016F08EFE1AA3D3E9002316F003FF024652
:1040F0000B46104619464FF06242184B17F024F851
:1041000002460B46C7E90423D7E90A89D7E9082301
:10411000D7E90601D7E90445BE6B0C96CDE90A45FF
:10412000FC6B0894CDE90601396C0491CDE90223BA
:104130007B6C009342464B46094806F0DFFB7B68E8
:104140005BB218464C37BD46BDE8F083AFF3008044
:10415000FCA9F1D24D6210404C000020FFFFCD4180
:1041600038DF0100000000002DE9F04FB3B016AFBA
:10417000F862B9627A623B62854B1B68002B0CBF08
:1041800001230023DBB2002B05D0824806F0B6FBEA
:104190007B6A5BB2F3E007F148031846FFF77BF94F
:1041A00007F140031846FFF776F907F13803184680
:1041B000FFF771F907F130031846FFF76CF9744BFC
:1041C0001A6807F148033C321068516803C3704B0A
:1041D0001A6807F1400344321068516803C36C4BFE
:1041E0001A6807F138034C321068516803C3684BF2
:1041F0001A6807F1300354321068516803C3BB6C6E
:1042000043F317031A46B7F84E3092FBF3F3184600
:1042100016F006FE5CA3D3E9002316F06BFE0246FF
:104220000B46104619464FF000025B4B16F08CFF10
:1042300002460B46C7E91A233B6C43F317031A46A1
:10424000B7F8463092FBF3F3184616F0E9FD4EA39B
:10425000D3E9002316F04EFE02460B4610461946DF
:104260004FF000024C4B16F06FFF02460B46C7E9B9
:104270001823BB6B43F317031A46FB8F92FBF3F330
:10428000184616F0CDFD40A3D3E9002316F032FE08
:1042900002460B46104619464FF000023E4B16F000
:1042A00053FF02460B46C7E916233B6B43F3170344
:1042B0001A46FB8E92FBF3F3184616F0B1FD32A3BB
:1042C000D3E9002316F016FE02460B4610461946A7
:1042D0004FF00002304B16F037FF02460B46C7E99D
:1042E0001423D7E912ABD7E91001D7E90E45D7E976
:1042F0000C89BB6C43F31703FB61B7F84E30BB610D
:104300003B6C43F317037B61B7F846303B61BB6BF3
:1043100043F31703FB60FB8FBB603B6B43F3170357
:104320007B60FB8E1E46D7E91423CDE91423D7E921
:104330001623CDE91223D7E91823CDE91023D7E9B5
:104340001A23CDE90E230D967A680C92BA680B9267
:10435000FA680A923A6909927A690892BA690792E8
:10436000FB690693CDE90489CDE90245CDE9000159
:1043700052465B46094806F0C1FA7B6A5BB21846B2
:104380007437BD46BDE8F08FFCA9F1D24D622040E4
:104390004C0000208CDF010000007041D8DF0100DC
:1043A00080B588B000AFF860B9607A603B600023E8
:1043B000FB610023BB61FB690133FB61FA693E4B82
:1043C000A3FB0213D9080B465B000B449B00D31AD6
:1043D0007B617B69082B5DD801A252F823F000BFF6
:1043E0000544000017440000294400003B4400003D
:1043F000954400004D4400005F44000071440000FB
:10440000834400002D48FFF7FBF902460B462C4879
:1044100006F074FA3EE02948FFF706FA02460B461A
:10442000284806F06BFA35E02448FFF711FA0246F7
:104430000B46254806F062FA2CE02048FFF71CFAEC
:1044400002460B46214806F059FA23E01B48FFF7C5
:1044500027FA02460B461E4806F050FA1AE01748A3
:10446000FFF732FA02460B461A4806F047FA11E007
:104470001248FFF73DFA02460B46174806F03EFA8F
:1044800008E00E48FFF748FA02460B46134806F0CC
:1044900035FA00BF124B1B685B68184606F02CFF0C
:1044A000B969104806F02AFA00BF7B685BB218466B
:1044B0002037BD4680BD00BFABAAAAAA105C002071
:1044C00068E0010078E0010088E0010098E0010068
:1044D000A8E00100B8E00100C8E00100DCE0010054
:1044E00094000020ECE0010080B5A2B002AFF860BB
:1044F000B9607A603B600023FB670023BB67002341
:104500007B6700233B670023FB660023BB664FF0FD
:104510000002BB4BC7E906234FF00002B84BC7E9C6
:10452000042307F1100307F11802B649B86807F031
:10453000B3F9D7E906014FF000024FF0000316F07F
:104540004BFF0346002B05D04FF000024FF0000355
:10455000C7E90623D7E906014FF00002A84B16F081
:1045600059FF0346002B04D04FF00002A44BC7E9CB
:104570000623D7E904019AA3D3E9002316F02CFF00
:104580000346002B04D096A3D3E90023C7E90423F4
:10459000D7E9040194A3D3E9002316F03BFF0346B7
:1045A000002B04D090A3D3E90023C7E90423D7E963
:1045B0000601D7E90423CDE9002302460B469248C1
:1045C00006F09CF9FB6F0133FB67BA6F8F4B1B68DA
:1045D000DA627A6F8D4B1B681A633A6F8B4B1B68DC
:1045E0005A63FA6E894B1B689A63884B1B68DB6AB7
:1045F0007B66864B1B681B6B3B66844B1B685B6B47
:10460000FB65824B1B689B6BBB65BB6D0093FB6DB1
:104610003A6E796E7E4806F071F9F96F7D4BA3FB17
:1046200001235A0913461B019B1A9B00CA1A104604
:1046300016F0E6FB4FF00002774B16F05BFC0246EB
:104640000B46C7E914234FF00002744BD7E914015D
:1046500016F07AFD02460B461046194664A3D3E9CC
:10466000002316F047FC02460B46C7E912234FF021
:1046700000026B4BD7E9140116F086FA02460B468E
:10468000104619464FF00002644B16F05DFD0246DD
:104690000B461046194656A3D3E9002316F02AFC10
:1046A00002460B46C7E910234FF000025D4BD7E9E5
:1046B000140116F069FA02460B46104619464FF0EF
:1046C0000002564B16F040FD02460B4610461946B6
:1046D00047A3D3E9002316F00DFC02460B46C7E9B9
:1046E0000E23D7E9120117F087F94FF00002444B6F
:1046F00016F04AFA02460B46104619464FF00002E1
:104700004FF0804316F020FD02460B461046194636
:10471000D7E9062316F0EEFB02460B46C7E90C2349
:10472000D7E9100117F068F94FF00002344B16F08A
:104730002BFA02460B46104619464FF000024FF086
:10474000804316F001FD02460B4610461946D7E994
:10475000062316F0CFFB02460B46C7E90A23D7E92A
:104760000E0117F049F94FF00002254B16F00CFA34
:1047700002460B46104619464FF000024FF08043A8
:1047800016F0E2FC02460B4610461946D7E906230E
:1047900016F0B0FB02460B46C7E9082316A3D3E97F
:1047A0000023D7E90C0116F0A5FB02460B46104684
:1047B000194616F077FE0346BB670FA3D3E9002323
:1047C000D7E90A0116F096FB02460B461046194639
:1047D00016F068FE03467B6726E000BFAFF300805B
:1047E000FCA9F1D24D62503F000000000088C34098
:1047F0001F85EB51B81E194000000000E0FFEF409C
:104800000000F03F0CE1010014E101004C00002029
:104810003CE10100898888880000184000807640CB
:1048200000005E4000006E401FA3D3E90023D7E9DB
:10483000080116F05FFB02460B461046194616F0BB
:1048400031FE03463B6718A3D3E90023D7E90801EB
:1048500016F050FB02460B461046194616F022FE93
:104860000346FB66FB6FB3F57A7F04D9B96E104837
:1048700006F044F811E0D7E904014FF000020D4BB7
:1048800016F038FB02460B461046194616F00AFE93
:1048900003461846FCF7D0F894E67B685BB21846EE
:1048A0008037BD4680BD00BF00000000E0FFEF4044
:1048B00050E1010000408F402DE9F04FBBB016AF32
:1048C000F862B9627A623B620023C7F88C30002339
:1048D000C7F888300023C7F884300023C7F8803039
:1048E000074B1B68002B0CBF01230023DBB2002BFE
:1048F0000AD0044806F002F87B6A5BB2F4E100BF1C
:104900004C00002074E101004FF000024FF0000362
:10491000C7E916234FF000024FF00003C7E9142344
:1049200007F1500307F15802C549B86A06F0B4FF11
:10493000D7E916014FF000024FF0000316F04CFDCE
:104940000346002B05D04FF000024FF00003C7E9EB
:104950001623D7E916014FF00002BA4B16F05AFDA4
:104960000346002B04D04FF00002B64BC7E91623D4
:10497000D7E914014FF000024FF0000316F02CFDB0
:104980000346002B05D04FF000024FF00003C7E9AB
:104990001423D7E914014FF00002AA4B16F03AFD98
:1049A0000346002B04D04FF00002A64BC7E91423A6
:1049B000D7E916014FF06042A34B16F09BFA02466E
:1049C0000B461046194616F06DFD0346C7F88C30AD
:1049D000D7E914014FF060429B4B16F08BFA024668
:1049E0000B461046194616F05DFD0346C7F88430A5
:1049F000D7F88C20954B1B68DA62944B1B684FF0FC
:104A0000FF3283F830204FF0FF3283F8312000224C
:104A100062F0300283F83220002283F83320D7F886
:104A200084208A4B1B685A63884B1B684FF0FF3207
:104A300083F838204FF0FF3283F83920002262F0EB
:104A4000300283F83A20002283F83B20804B009309
:104A5000D7F884307E4AD7F88C107E4805F04EFF98
:104A60007A4B1B68DB6AC7F88C30784B1B681B6B72
:104A7000C7F88830754B1B685B6BC7F88430734B85
:104A80001B689B6BC7F88030D7E916014FF0000216
:104A9000714B16F02FFA02460B4614461D46D7E915
:104AA00014014FF000026C4B16F024FA02460B463C
:104AB000CDE90423CDE90245D7F880300093D7F83B
:104AC0008430D7F88820D7F88C10644805F016FF9A
:104AD00007F148031846FEF7DEFC07F140031846CD
:104AE000FEF7D9FC07F138031846FEF7D4FC07F1AE
:104AF00030031846FEF7CFFC544B1A6807F1480301
:104B00003C321068516803C3504B1A6807F14003E8
:104B100044321068516803C34C4B1A6807F13803DC
:104B20004C321068516803C3484B1A6807F13003D0
:104B300054321068516803C3BB6C43F317031A4621
:104B4000B7F84E3092FBF3F3184616F069F93AA322
:104B5000D3E9002316F0CEF902460B46104619465B
:104B60004FF000023E4B16F0EFFA02460B46C7E943
:104B70001E233B6C43F317031A46B7F8463092FBEB
:104B8000F3F3184616F04CF92BA3D3E9002316F0E3
:104B9000B1F902460B46104619464FF00002304B61
:104BA00016F0D2FA02460B46C7E91C23BB6B43F34F
:104BB00017031A46FB8F92FBF3F3184616F030F9F1
:104BC0001DA3D3E9002316F095F902460B461046C3
:104BD00019464FF00002224B16F0B6FA02460B4679
:104BE000C7E91A233B6B43F317031A46FB8E92FB6C
:104BF000F3F3184616F014F90FA3D3E9002316F0C7
:104C000079F902460B46104619464FF00002144B44
:104C100016F09AFA02460B46C7E91823D7E912ABF9
:104C2000D7E91001D7E90E45D7E90C89BB6C43F3EE
:104C30001703FB6116E000BFFCA9F1D24D622040D2
:104C40000CE101000000F03FFFFF69414C00002033
:104C5000FFFFCF00BCE1010000005940E4E101008A
:104C600000007041B7F84E30BB613B6C43F3170353
:104C70007B61B7F846303B61BB6B43F31703FB60C6
:104C8000FB8FBB603B6B43F317037B60FB8E1E46C1
:104C9000D7E91823CDE91423D7E91A23CDE9122344
:104CA000D7E91C23CDE91023D7E91E23CDE90E2334
:104CB0000D967A680C92BA680B92FA680A923A6971
:104CC00009927A690892BA690792FB690693CDE95D
:104CD0000489CDE90245CDE9000152465B4605480D
:104CE00005F00CFE7B6A5BB218469437BD46BDE802
:104CF000F08F00BFD8DF010080B58EB000AFF86044
:104D0000B9607A603B6007F1200310220021184649
:104D100006F026FF2F4BBB624FF000024FF000035E
:104D2000C7E9082300237B6390228C212A4805F0E1
:104D3000E5FDBB68013304222849184606F0C8FF88
:104D40000346002B1AD1264B1B68002242F0550265
:104D500083F88C20002283F88D20002283F88E2097
:104D6000002283F88F201F4B1B685B68184606F0F3
:104D7000C3FA796B1C4805F0C1FD00BF00237B61BD
:104D80006F23BB610023FB61154B1B68002B14BF15
:104D900001230023DBB2002B07D0114B1B681B68DB
:104DA0007B610F4B1B685B68FB610C210F4805F0B2
:104DB000A5FD07F114031846FEF7A2FB0C4805F009
:104DC0009DFD0C4805F09AFD7B685BB218463837AC
:104DD000BD4680BD40420F0020E2010038E20100E4
:104DE0004C0000209400002050E1010040E201004E
:104DF0006CE2010070E2010080B59AB002AFF86089
:104E0000B9607A603B600023FB610023BB61002333
:104E10007B6100233B618A4B1B68002B0CBF012385
:104E20000023DBB2002B05D0864805F067FD7B68C8
:104E30005BB2FCE007F1180107F11C0207F1100357
:104E4000019307F1140300930B467F49B86806F0FD
:104E500023FD034687F85F3097F95F30032B21DD90
:104E6000FB69DAB2764B1B6883F87020BB69DAB253
:104E7000734B1B6883F871207B69DAB2704B1B6837
:104E800083F872203B69DAB26D4B1B6883F873209C
:104E9000F969BA6978693B69009303466B4805F084
:104EA0002DFD24E097F95F30002B20DDFB69DAB29D
:104EB000634B1B6883F87020FB69DAB2604B1B6898
:104EC00083F87120FB69DAB25D4B1B6883F87220AE
:104ED000FB69DAB25A4B1B6883F87320F969FA69E7
:104EE000F869FB6900930346584805F007FD544BE9
:104EF0001B6893F87030FB61514B1B6893F871305D
:104F0000BB614F4B1B6893F872307B614C4B1B6845
:104F100093F873303B61F969BA6978693B6900932A
:104F200003464B4805F0EAFC43A3D3E90023C7E955
:104F30001423FB690133FB64BB690133BB647B69E8
:104F400001337B643B6901333B64F86C15F058FF17
:104F500002460B46D7E9140116F0F6F802460B4656
:104F6000104619464FF000023A4B16F0EDF8024693
:104F70000B46C7E90E23B86C15F042FF02460B46FC
:104F8000D7E9140116F0E0F802460B461046194620
:104F90004FF000022F4B16F0D7F802460B46C7E938
:104FA0000C23786C15F02CFF02460B46D7E9140150
:104FB00016F0CAF802460B46104619464FF000029A
:104FC000244B16F0C1F802460B46C7E90A23386C99
:104FD00015F016FF02460B46D7E9140116F0B4F897
:104FE00002460B46104619464FF00002194B16F0C8
:104FF000ABF802460B46C7E90823D7E90E23F96C44
:10500000154805F07BFCD7E90C23B96C134805F073
:1050100075FCD7E90A23796C114805F06FFCD7E9D4
:105020000823396C0F4805F069FC7B685BB21846B1
:105030006037BD4680BD00BF00000000965198411A
:105040004C0000208CE20100DCE20100ECE20100F7
:1050500020E301000000304058E30100A4E3010018
:10506000F0E3010040E4010080B584B000AFF860D7
:10507000B9607A603B60064805F040FC054805F0E1
:105080003DFC7B685BB218461037BD4680BD00BF53
:1050900090E40100C8DC010080B58CB002AFF8607C
:1050A000B9607A603B6000233B62002387F82730B9
:1050B00007F1180107F1200207F1170300930B46CF
:1050C0005249B86806F0E8FB034687F8263097F99E
:1050D0002630032B57DD97F91730592B0FD097F94E
:1050E0001730792B0BD097F91730542B07D097F93D
:1050F0001730742B03D097F91730312B02D10123CD
:1051000087F82730396A97F82730002B01D05923C8
:1051100000E04E231A463E4805F0F0FB3B6A032BA5
:1051200026D801A252F823F039510000475100005F
:10513000555100006351000097F827301946354853
:10514000FEF7C4F919E097F8273019463248FEF700
:10515000BDF912E097F8273019463048FEF7B6F946
:105160000BE097F8273019462D48FEF7AFF904E019
:105170003B6A19462B4805F0C1FBB86807F05CF89C
:1051800003465BB23EE097F926301946264805F003
:10519000B5FB2048FEF7A8F90346002B01D05923A0
:1051A00000E04E231946214805F0A8FB1A48FEF7F7
:1051B0009BF90346002B01D0592300E04E231946EA
:1051C0001B4805F09BFB1548FEF78EF90346002BA4
:1051D00001D0592300E04E231946164805F08EFBF6
:1051E0000F48FEF781F90346002B01D0592300E058
:1051F0004E231946104805F081FBB86807F01CF8EB
:1052000003465BB218462837BD4680BDB8E40100AE
:10521000C8E40100801A00209C1A0020B81A00205F
:10522000D41A0020FCE4010034E5010084E501000B
:10523000B4E50100E4E5010014E6010080B59AB090
:105240000CAFF860B9607A603B6007F12403184640
:10525000FEF76AF9002387F83730002387F83630E5
:10526000002387F83530002387F83430002387F88F
:105270003330002387F83230002387F831300023A1
:1052800087F83030002387F82F30002387F82E303E
:10529000002387F82D30002387F82C30002387F86F
:1052A0002B30002387F82A30074B1B68002B0CBFDC
:1052B00001230023DBB2002B0AD0044805F01EFBBB
:1052C0007B685BB20AE200BF4C00002044E60100AC
:1052D00007F1220107F1230207F116030B9307F1EF
:1052E00017030A9307F11803099307F119030893A9
:1052F00007F11A03079307F11B03069307F11C0339
:10530000059307F11D03049307F11E03039307F1AF
:105310001F03029307F12003019307F12103009378
:105320000B46A649B86806F0B7FA034687F8293055
:1053300097F92930002B40F3BD8197F92330592B81
:105340000FD097F92330792B0BD097F92330542BBA
:1053500007D097F92330742B03D097F92330312BE2
:1053600002D1012387F8373097F92230592B0FD01B
:1053700097F92230792B0BD097F92230542B07D094
:1053800097F92230742B03D097F92230312B02D1B8
:10539000012387F8363097F92130592B0FD097F930
:1053A0002130792B0BD097F92130542B07D097F966
:1053B0002130742B03D097F92130312B02D10123F6
:1053C00087F8353097F92030592B0FD097F92030D6
:1053D000792B0BD097F92030542B07D097F9203038
:1053E000742B03D097F92030312B02D1012387F899
:1053F000343097F91F30592B0FD097F91F30792B84
:105400000BD097F91F30542B07D097F91F30742B0E
:1054100003D097F91F30312B02D1012387F83330A5
:1054200097F91E30592B0FD097F91E30792B0BD0DE
:1054300097F91E30542B07D097F91E30742B03D0E8
:1054400097F91E30312B02D1012387F8323097F9BA
:105450001D30592B0FD097F91D30792B0BD097F9B0
:105460001D30542B07D097F91D30742B03D097F9BA
:105470001D30312B02D1012387F8313097F91C30D0
:10548000592B0FD097F91C30792B0BD097F91C3082
:10549000542B07D097F91C30742B03D097F91C308C
:1054A000312B02D1012387F8303097F91B30592B6B
:1054B0000FD097F91B30792B0BD097F91B30542B59
:1054C00007D097F91B30742B03D097F91B30312B81
:1054D00002D1012387F82F3097F91A30592B0FD0BA
:1054E00097F91A30792B0BD097F91A30542B07D033
:1054F00097F91A30742B03D097F91A30312B02D157
:10550000012387F82E3097F91930592B0FD097F9CE
:105510001930792B0BD097F91930542B07D097F904
:105520001930742B03D097F91930312B02D1012394
:1055300087F82D3097F91830592B0FD097F918307C
:10554000792B0BD097F91830542B07D097F91830D6
:10555000742B03D097F91830312B02D1012387F82F
:105560002C3097F91730592B0FD097F91730792B2A
:105570000BD097F91730542B07D097F91730742BAD
:1055800003D097F91730312B02D1012387F82B3044
:1055900097F91630592B13D097F91630792B0FD075
:1055A00097F91630542B0BD097F91630742B07D07F
:1055B00097F91630312B06D102E000BF80E60100DA
:1055C000012387F82A3097F8253097F8372062F3BF
:1055D000451387F8253097F8253097F8362062F381
:1055E000861387F8253097F8263097F8352062F330
:1055F000000387F8263097F8263097F8342062F3B6
:10560000410387F8263097F8263097F8332062F365
:10561000820387F8263097F8263097F8322062F315
:10562000C30387F8263097F8263097F8312062F3C5
:10563000041387F8263097F8263097F8302062F365
:10564000861387F8263097F8273097F82F2062F3D3
:10565000000387F8273097F8273097F82E2062F359
:10566000410387F8273097F8273097F82D2062F309
:10567000820387F8273097F8273097F82C2062F3B9
:10568000C30387F8273097F8273097F82B2062F369
:10569000041387F8273097F8273097F82A2062F309
:1056A000451387F827300F4B1B68203307F124027E
:1056B000106818600B4B1A6807F124032032106839
:1056C0001860094805F01AF907F124031846FDF798
:1056D0003FFFB86806F0B0FD03465BB218463837A6
:1056E000BD4680BD4C000020BCE6010080B588B0FE
:1056F00000AFF860B9607A603B6007F118031846A4
:10570000FDF712FF354B1B68002B0CBF0123002354
:10571000DBB2002B05D0324805F0F0F87B685BB2B5
:1057200057E00023FB7707F117031A462D49B868A5
:1057300006F0B2F80346BB7797F91E30002B34DD34
:1057400097F91730592B0FD097F91730792B0BD0C9
:1057500097F91730542B07D097F91730742B03D0D3
:1057600097F91730312B01D10123FB771B4B1A68B6
:1057700007F11803203210681860FB7EFA7F62F38D
:10578000C303FB76154B1B68203307F11802106822
:105790001860FB7F002B01D0312300E0302397F904
:1057A00017201946104805F0A9F80C4B1A6807F1A4
:1057B0001803203210681860FB7EC3F3C003DBB20D
:1057C00019460A4805F09AF8B86806F035FD034610
:1057D0005BB218462037BD4680BD00BF4C0000209C
:1057E000E8E6010018E701001CE7010038E70100C6
:1057F00080B485B000AFF860B9607A603B60FB6848
:10580000BA681A60FB687A685A60FB683A689A60FE
:10581000FB6818461437BD4680BC704798B500AF8A
:105820001C4C1D4B1D4A41F201012046FFF7E0FFD1
:105830000C34194B1A4A01212046FFF7D9FF0C34CA
:10584000184B194A42F202012046FFF7D1FF0C34EF
:10585000164B174A42F203012046FFF7C9FF0C34EA
:10586000144B154A42F204012046FFF7C1FF0C34E5
:10587000124B134A42F205012046FFF7B9FF04F12B
:105880000C00104B104A42F20601FFF7B1FF00BFB7
:1058900098BD00BF241A00201D59000070E80100C7
:1058A00088E8010099590000ACE80100395A00006D
:1058B000C4E80100D95A0000DCE80100415C0000A6
:1058C00000E90100015F000024E9010080B500AF9C
:1058D000FFF7A4FF80BD000080B582B000AF786004
:1058E00039607B681B68184615F09AFA3B68D3E963
:1058F000002315F0FFFA02460B46104619464FF0FA
:105900000002054B15F020FC02460B4610461946D6
:105910000837BD4680BD00BF00005E4180B58AB03B
:1059200002AFF860B9607A603B6000237B616F234F
:10593000BB610023FB61164B1B68002B14BF0123C6
:105940000023DBB2002B07D0114B1B681B687B6167
:105950000F4B1B685B68FB610C210E4805F0A6FE2F
:1059600007F114031846FDF7CBFD0A2005F032FFBE
:1059700007F114030C220092002241F20101386861
:1059800004F028FF7B685BB218462037BD4680BD17
:105990004C000020ACE9010080B58AB002AFF8608D
:1059A000B9607A603B607B680B2B1DD9BB68FB61DB
:1059B000FB691968FB6904331A68FB6908331B68C3
:1059C0001A4805F073FEFB691A68194B1B68DA6206
:1059D000FB6904331A68164B1B681A63FB690833AA
:1059E0001A68134B1B685A63114B1B68DB6A3B61D7
:1059F0000F4B1B681B6B7B610D4B1B685B6BBB61AB
:105A000039697A69BB690B4805F050FE07F110034C
:105A10000C220092002242F20201386804F0DAFE01
:105A20007B685BB218462037BD4680BDE4E90100C3
:105A30004C00002020EA0100B0B58CB002AFF86045
:105A4000B9607A603B6007F1100302241D4604E050
:105A50002846FDF720FD013C0835002CF8DA1B4BE9
:105A60001A6807F110033C321068516803C3174BE2
:105A70001A6807F1180344321068516803C3134BC6
:105A80001A6807F120034C321068516803C33B6960
:105A900043F317031946BB6943F317031A463B6ADE
:105AA00043F317030A4805F001FE07F1100318221B
:105AB0000092002242F20301386804F08BFE7B68FA
:105AC0005BB218462837BD46B0BD00BF4C00002071
:105AD0005CEA010000000000B0B594B004AFF860CB
:105AE000B9607A603B607968514805F0DFFD07F1E5
:105AF00020031846FDF7CFFC07F118031846FDF701
:105B0000CAFC07F110031846FDF7C5FC494B1A689B
:105B100007F120033C321068516803C3454B1A68F3
:105B200007F1180344321068516803C3414B1A68E7
:105B300007F110034C321068516803C33B6A43F30A
:105B400017031A46FB8C92FBF3F3184615F068F91D
:105B500035A3D3E9002315F0CDF902460B461046D4
:105B600019464FF00002344B15F0EEFA02460B4690
:105B7000C7E90A23BB6943F317031A46FB8B92FB61
:105B8000F3F3184615F04CF927A3D3E9002315F0D9
:105B9000B1F902460B46104619464FF00002264B5B
:105BA00015F0D2FA02460B46C7E90C233B6943F3D2
:105BB00017031A46FB8A92FBF3F3184615F030F9E7
:105BC00019A3D3E9002315F095F902460B461046B8
:105BD00019464FF00002184B15F0B6FA02460B4674
:105BE000C7E90E23D7E90A45D7E90C23D7E90E0107
:105BF000CDE90201CDE9002322462B460F4805F0EE
:105C000055FD07F1280318220092002242F20401F8
:105C1000386804F0DFFD7B685BB218464037BD464C
:105C2000B0BD00BFAFF30080FCA9F1D24D622040AF
:105C300090EA01004C00002000007041BCEA010025
:105C400080B59CB00AAFF860B9607A603B604FF0F5
:105C500000024FF00003C7E910234FF000024FF09D
:105C60000003C7E90E234FF000024FF00003C7E91D
:105C70000C230023FB620023BB6200237B627B6852
:105C8000172B40F2AC80BB683B623B6AD3E9002330
:105C9000C7E910233B6A0833D3E90023C7E90E2381
:105CA0003B6A1033D3E90023C7E90C234FF060426D
:105CB0008D4BD7E9100115F01DF902460B46104631
:105CC00019464FF00002894B15F014F902460B46B5
:105CD0001046194682A3D3E9002315F035FA02468F
:105CE0000B461046194615F0DDFB0346FB624FF0EC
:105CF00060427D4BD7E90E0115F0FCF802460B46D9
:105D0000104619464FF00002784B15F0F3F80246A2
:105D10000B461046194672A3D3E9002315F014FA76
:105D200002460B461046194615F0BCFB0346BB6203
:105D30004FF060426C4BD7E90C0115F0DBF80246DE
:105D40000B46104619464FF00002684B15F0D2F88A
:105D500002460B461046194661A3D3E9002315F00D
:105D6000F3F902460B461046194615F09BFB034615
:105D70007B627B6A0893D7E90C23CDE90623BB6AD3
:105D80000493D7E90E23CDE90223FB6A0093D7E9F8
:105D90001023574805F08AFC3B6AD3E900231046DC
:105DA000194615F07FFB0246524B1B68DA623B6ACC
:105DB0000833D3E900231046194615F073FB024659
:105DC0004C4B1B681A633B6A1033D3E9002310461F
:105DD000194615F067FB0246464B1B685A63454B54
:105DE0001B68DB6AFB62434B1B681B6BBB62414B4E
:105DF0001B685B6B7B62F86A15F002F838A3D3E985
:105E0000002315F077F802460B46104619464FF06E
:105E10006242394B15F098F902460B46C7E9102348
:105E2000B86A14F0EDFF2EA3D3E9002315F062F851
:105E300002460B46104619464FF062422E4B15F0B3
:105E400083F902460B46C7E90E23786A14F0D8FF9F
:105E500023A3D3E9002315F04DF802460B46104664
:105E600019464FF06242244B15F06EF902460B467C
:105E7000C7E90C23D7E9100115F014FB03467B6139
:105E8000D7E90E0115F00EFB0346BB61D7E90C0103
:105E900015F008FB0346FB617B6A0893D7E90C23E6
:105EA000CDE90623BB6A0493D7E90E23CDE902238B
:105EB000FB6A0093D7E91023104805F0F7FB07F1C0
:105EC000140318220092002242F20501386804F0FF
:105ED00081FC7B685BB218464837BD4680BD00BF79
:105EE000FCA9F1D24D621040FFFF6F4100004E400F
:105EF00000EB01004C000020FFFFCD4150EB010002
:105F000080B59EB002AFF860B9607A603B605048DF
:105F1000FDF776FC02460B46C7E904234C48FDF723
:105F200083FC02460B46C7E906234FF000024FF000
:105F30000003C7E908234648FDF79EFC02460B46CE
:105F4000C7E90A234FF000024FF00003C7E90C2312
:105F50003F48FDF7A5FC02460B46C7E90E233C4827
:105F6000FDF7B2FC02460B46C7E910233848FDF79F
:105F7000BFFC02460B46C7E912233548FDF7CCFCAF
:105F800002460B46C7E914234FF000024FF000030E
:105F9000C7E916234FF000024FF00003C7E91823AA
:105FA0004FF000024FF00003C7E91A23294805F01B
:105FB0006BFCD7E90423284804F0A0FCD7E90623AA
:105FC000264804F09BFCD7E90823254804F096FCFA
:105FD000D7E90A23234804F091FCD7E90C2322488F
:105FE00004F08CFCD7E90E23204804F087FCD7E9A5
:105FF00010231F4804F082FCD7E912231D4804F047
:106000007DFCD7E914231C4804F078FCD7E916235B
:106010001A4804F073FCD7E91823194804F06EFC01
:10602000D7E91A23174804F069FC174805F02CFC3F
:1060300007F1100360220092002242F20601386844
:1060400004F0C8FB7B685BB218467037BD4680BD64
:10605000105C0020A0EB0100CCEB0100DCEB0100A8
:10606000ECEB0100FCEB01000CEC010020EC01006A
:1060700030EC010040EC010054EC010064EC010044
:1060800074EC010084EC010098EC010080B483B052
:1060900000AF7860044A7B681A607B6818460C374A
:1060A000BD4680BC704700BF68F5010080B483B076
:1060B00000AF7860044A7B681A607B6818460C372A
:1060C000BD4680BC704700BF68F5010080B582B056
:1060D00000AF78607868FFF7E9FF0421786815F071
:1060E00087FC7B6818460837BD4680BD80B582B006
:1060F00000AF78607B681846FFF7C8FF034A7B68EB
:106100001A607B6818460837BD4680BD3CF5010023
:1061100080B582B000AF7860054A7B681A607B6802
:106120001846FFF7C3FF7B6818460837BD4680BD99
:106130003CF5010080B582B000AF78607868FFF769
:10614000E7FF0421786815F053FC7B681846083790
:10615000BD4680BD80B586B000AFF860B9607A609A
:1061600000237B6114E0BA687B6913441B78002B21
:1061700013D0FB681B6814331B68B9687A690A443A
:10618000127852B21146F86898477B6901337B61F7
:106190007A697B689A42E6D300E000BF00BF1837F7
:1061A000BD4680BD80B483B000AF78603960064AD8
:1061B0007B681A607B683A685A607B6818460C37BF
:1061C000BD4680BC704700BF28F5010080B483B095
:1061D00000AF7860044A7B681A607B6818460C3709
:1061E000BD4680BC704700BF28F5010080B582B075
:1061F00000AF78607868FFF7E9FF0821786815F04C
:10620000F7FB7B6818460837BD4680BD80B483B075
:1062100000AF786039603B681A687B681A607B68F9
:1062200018460C37BD4680BC7047000080B483B070
:1062300000AF7860044A7B681A607B6818460C37A8
:10624000BD4680BC704700BFA0F4010080B483B09D
:1062500000AF7860044A7B681A607B6818460C3788
:10626000BD4680BC704700BFA0F4010080B582B07D
:1062700000AF78607868FFF7E9FF0421786815F0CF
:10628000B7FB7B6818460837BD4680BD80B483B035
:1062900000AF7860044A7B681A607B6818460C3748
:1062A000BD4680BC704700BF80F4010080B483B05D
:1062B00000AF7860044A7B681A607B6818460C3728
:1062C000BD4680BC704700BF80F4010080B582B03D
:1062D00000AF78607868FFF7E9FF0421786815F06F
:1062E00087FB7B6818460837BD4680BD80B485B003
:1062F00000AFF860B9607A6000BF1437BD4680BC5B
:10630000704780B485B000AFF860B9607A6000BFB4
:106310001437BD4680BC704780B485B000AFF860CC
:10632000B9607A6000BF1437BD4680BC704780B446
:1063300085B000AFF860B9607A6000BF1437BD4621
:1063400080BC704780B584B000AFF860B9607A60F7
:106350003B60FB68B9681846FFF724FF2F4AFB68CB
:106360001A60FB6800229A60FB6803F580530022E4
:106370009A81FB6803F580531A467B681361FB68BA
:1063800003F580531A463B685361FB6803F580535D
:106390001A46BB699361FB6803F580531A46FB6993
:1063A000D361FB6803F58053002283F82020FB684B
:1063B00003F58053002283F82120FB6803F5805306
:1063C0001A4600235362FB6803F580531A460023E4
:1063D0009362FB6803F580531A460023D362FB687F
:1063E00003F580531A4600231363FB6803F58053BB
:1063F0001A4600235363FB6803F582531946D7E915
:106400000A2341E90223D7E90A23F86800F008F8D3
:10641000FB6818461037BD4680BD00BF68F4010018
:1064200090B585B000AFF860C7E90023FB6803F5BD
:1064300082531946D7E9002341E90223FB6803F59B
:10644000805300229A81FB6803F580531A4600238B
:106450005362FB6803F580531A4600239362FB687E
:1064600003F580531A460023D362FB6803F580537B
:106470001A4600231363FB6803F580531A46002372
:106480005363FB6803F58053002283F82120FB68E7
:106490000C334FF480520021184605F061FBFB6875
:1064A00003F5805393F82030002B20D0FB6803F5D0
:1064B00080531B691B6820331B68FA6802F5805201
:1064C0001269104698470446FB6803F580531B6920
:1064D0001B6824331B68FA6802F580521269104663
:1064E000984703461A462146034804F007FA00235A
:1064F00018461437BD4690BD84ED010080B485B0C8
:1065000000AFF860C7E90023FB6803F58253194622
:10651000D7E9002341E90223FB6803F580530022F9
:106520009A81FB6803F580531A4600235362FB6887
:1065300003F580531A4600239362FB6803F58053EA
:106540001A460023D362FB6803F580531A460023E2
:106550001363FB6803F580531A4600235363FB68FB
:1065600003F58053002283F82120002318461437B6
:10657000BD4680BC7047000090B585B000AF786024
:106580000023FB737B685B681B680C331B687A68AD
:10659000526810469847034683F00103DBB2002B94
:1065A00001D0002389E07B685B681B6810331B689F
:1065B0007A685268104698470346BB737B6803F5B8
:1065C000805393F82030002B04D0BB7B19463D4804
:1065D00005F06CF897F90E301946786800F074F8F9
:1065E0007B6803F5805393F8213083F00103DBB21D
:1065F000002B49D0786800F0BFF80346FB73FB7BA3
:10660000002B59D07B6803F580531B691B6834331A
:106610001C687B6803F5805318697B6803F10C01E3
:106620007B6803F580539B891A467B6803F580538A
:106630005B6AA04702467B6803F58053DA627B6899
:1066400003F580531B691B6820331B687A6802F5C9
:10665000805212691046984702467B6803F58053C2
:106660001A637B6803F580531B691B6824331B681E
:106670007A6802F5805212691046984702467B6894
:1066800003F580535A6317E07B6803F580539B89B9
:1066900019467B6803F580531A6B7B6803F58053BA
:1066A0005B6B1A447B6803F58053DB6A13449942A1
:1066B00002D3786800F0B2F8012318461437BD46BB
:1066C00090BD00BFB0ED010080B584B000AF786030
:1066D0000B46FB707B6803F580539B89B3F5805FA5
:1066E00013D27B6803F580539B891946FA787B683F
:1066F0000B441A737B6803F580539B8901339AB26C
:106700007B6803F580539A812FE07B6803F5805303
:1067100093F82030002B0AD07B6803F10C017B68D2
:1067200003F580539B891A46124804F0E7F87B680A
:1067300003F58053DB691B6814331B687A6802F524
:106740008052D0697A6802F10C017A6802F58052B1
:106750009289FA6007F10C0298477B6803F582532F
:1067600053E902237868FFF75BFE00BF1037BD4690
:1067700080BD00BFB8ED010090B583B000AF786078
:106780007B6803F5805393F8213083F00103DBB27B
:10679000002B16D07B6803F580539B891C467B68D1
:1067A00003F580531B691B6820331B687A6802F568
:1067B000805212691046984703469C4201D3012338
:1067C00000E00023002B24D07B6803F580531B6975
:1067D0001B6810331C687B6803F5805318697B685D
:1067E00003F10C017B6803F580539B891A467B6893
:1067F00003F581530433A0470346002B07D07B6881
:1068000003F58053012283F82120012302E00023B5
:1068100000E0002318460C37BD4690BDF0B58DB0A2
:1068200002AF78607B6800229A60002387F82730E7
:106830007B6803F580531B691B6814331C687B68F5
:1068400003F5805318697B6803F10C017B6803F53D
:1068500080539B891A467B680833A047034683F020
:106860000103DBB2002B01D00023D1E17B6803F5EB
:1068700080531B691B6838331C687B6803F58053A1
:1068800018697B6803F10C017B6803F580539B89D1
:106890001D467B6803F580535A6A7B689B680093AA
:1068A00013462A46A0470346002B00F081817B68EF
:1068B00003F5825353E90223B3F1FF3F08BFB2F15E
:1068C000FF3F37D07B6803F580531B691B683C335F
:1068D0001C687B6803F5805318697B6803F10C0121
:1068E0007B6803F580535A6A7B689B68A047034620
:1068F000002B1FD17B6803F5825353E902457B6867
:1069000003F580531B691B6840331E687B6803F5E1
:10691000805318697B6803F10C017B6803F5805391
:106920005A6A7B689B68B04702460B469D4208BF87
:10693000944201D1012300E00023002B00F0CF801E
:10694000002387F826307B6803F580531B691B689A
:1069500044331C687B6803F5805318697B6803F136
:106960000C017B6803F580539B891A467B6803F50D
:1069700080535B6AA04702460B46134603F00F03A1
:106980003B627B6803F580531B691B6848331C68B6
:106990007B6803F580531D697B6803F10C067B68F7
:1069A00003F580539B899C467B6803F580535B6AA3
:1069B0003B607B6899687B6803F5805358693A6A45
:1069C00013465B0013449B0003441B680193009132
:1069D0003B68624631462846A0470346002B30D02C
:1069E0007B6803F580535A6A7B6803F580531B6B01
:1069F000134408337A6813440433FB617B6803F55E
:106A0000805359693A6A13465B0013449B000B4458
:106A10009C687B6803F5805359693A6A13465B00AA
:106A200013449B000B4418687B6803F58053DA6AB3
:106A30007B68F969A047012387F82630012387F88E
:106A4000273097F8263083F00103DBB2002B00F0EB
:106A50008F807B6803F5805393F82030002B1ED085
:106A60007B6803F580531B691B6844331C687B6893
:106A700003F5805318697B6803F10C017B6803F50B
:106A800080535A6A7B689B68A04702460B46796828
:106A900001F58051896900915F4803F02FFF7B6801
:106AA00003F58053DB691B680C331B687A6802F5B9
:106AB0008052D0697A6802F58052526A0832796849
:106AC0000A44141D7A6891687A6802F58052526A05
:106AD0008A1AFA6007F10C022146984748E07B6861
:106AE00003F5805393F82030002B22D07B6803F508
:106AF000825353E902457B6803F580531B691B6889
:106B000040331E687B6803F5805318697B6803F186
:106B10000C017B6803F580535A6A7B689B68B04719
:106B200002460B46CDE9002322462B463B4803F0A4
:106B3000E5FE7B6803F58053DB691B680C331B683B
:106B40007A6802F58052D0697A6802F58052526AFA
:106B5000083279680A44141D7A6891687A6802F5E7
:106B60008052526A8A1A3A6107F110022146984708
:106B70007B6803F58053DB691B6810331B687A68F8
:106B800002F58052D0697A6802F58052526A083262
:106B900079680A44141D7A6891687A6802F580520F
:106BA000526A8A1A7A6107F11402214698471FE057
:106BB0007B6803F5805393F82030002B02D01848EF
:106BC00003F09CFE7B6803F58053DB691B68083388
:106BD0001B687A6802F58052D0697A6802F10C016C
:106BE0007A6802F580529289BA6107F118029847D3
:106BF0007B6803F58053002283F821207B6803F52E
:106C0000825353E902237868FFF778FC97F827301E
:106C100018462C37BD46F0BD10EE010048EE0100CD
:106C2000B0EE010090B5ADF5815D83B002AF07F124
:106C3000200444F8140C084607F1200141F81C2CEC
:106C400007F1200242F8203C07F12003024623F816
:106C5000162C07F1200353F8143C03F580531B69ED
:106C60001B684C331C6807F1200353F8143C03F5F0
:106C70008053186907F120031A4607F120010C39E7
:106C800007F5815303F110031B68019307F12003FB
:106C900033F8163C009352F8203C4FF48052A04742
:106CA00007F5805303F114031860002307F58052A1
:106CB00002F11C02136025E007F1200353F8143C95
:106CC0005B681B6814331B6807F1200252F8142C10
:106CD000506807F12002114607F5805202F11C02AC
:106CE00012680A440C3A127852B21146984707F5D6
:106CF000805303F11C031B68013307F5805202F136
:106D00001C02136007F5805303F11C031A6807F592
:106D1000805303F114031B689A42CDD307F120037B
:106D200053F8143C03F5805393F82030002B3CD0EB
:106D300007F1200333F8163C07F5815202F11002E7
:106D4000126819461C4803F0D9FD002307F580524C
:106D500002F11802136019E007F120031A4607F543
:106D6000805303F118031B6813440C3B1B7819462E
:106D7000124804F09BFC07F5805303F118031B68CD
:106D8000013307F5805202F11802136007F58053B2
:106D900003F118031A6807F5805303F114031B6805
:106DA0009A42D9D3064804F06FFD00BF07F581571A
:106DB0000437BD4690BD00BFE0EE010008EF0100C2
:106DC00010EF010080B483B000AF78600123184653
:106DD0000C37BD4680BC704780B483B000AF78608C
:106DE000044A7B681A607B6818460C37BD4680BC35
:106DF000704700BF54F4010080B582B000AF7860E6
:106E00007868FFF7E9FF0421786814F0F1FD7B68EA
:106E100018460837BD4680BD80B584B000AFF86025
:106E2000B9607A603B60FB681846FFF75FF90D4A6E
:106E3000FB681A60FB6800221A71FB68BA689A60E6
:106E4000FB687A68DA60FB683A681A61FB68BA69BD
:106E50005A61FB683A7F1A76FB6818461037BD46C0
:106E600080BD00BF28F4010080B582B000AF78601B
:106E7000054A7B681A607B681846FFF749F97B680A
:106E800018460837BD4680BD28F4010080B582B0A1
:106E900000AF78607868FFF7E7FF1C21786814F08E
:106EA000A7FD7B6818460837BD4680BD80B483B017
:106EB00000AF78607B689B68002B01D100230AE05B
:106EC0007B689B681B7803F00103DBB2002B0CBFCF
:106ED00001230023DBB218460C37BD4680BC704747
:106EE00080B485B000AF78607B68DB68002B03D08E
:106EF0007B681B69002B01D100230BE00023FB60A2
:106F00007B68DB681B68FB607B681B691B68FB6038
:106F1000FB685BB218461437BD4680BC704780B42E
:106F200083B000AF78600B46FB707B685B69002B19
:106F300004D07B685B6997F903201A6097F90330E6
:106F400018460C37BD4680BC704780B483B000AF94
:106F5000786000BF0C37BD4680BC704780B483B0FA
:106F600000AF786000BF0C37BD4680BC704780B46E
:106F700083B000AF7860012318460C37BD4680BC53
:106F8000704780B483B000AF78607B68002262F005
:106F900041021A70002262F045025A70002262F02B
:106FA00052029A70002242F01B02DA707B680022C3
:106FB0001A7100225A717B6800229A710022DA71DC
:106FC0007B6818460C37BD4680BC704780B582B0E0
:106FD00000AF78607B681B6819467B689B889BB212
:106FE0001A467B68DB889BB2034804F05FFB00BF56
:106FF0000837BD4680BD00BF14EF010080B582B0E8
:1070000000AF78607B681846FFF710F9054A7B6887
:107010001A607B6801221A717B6818460837BD46E2
:1070200080BD00BFA0F3010080B582B000AF7860E2
:10703000054A7B681A607B681846FFF707F97B688A
:1070400018460837BD4680BDA0F3010080B582B068
:1070500000AF78607868FFF7E7FF0821786814F0E0
:10706000C7FC7B6818460837BD4680BD80B483B036
:1070700000AF78600B46FB707B68FA781A7100BF2E
:107080000C37BD4680BC704780B483B000AF7860D9
:107090007B681B7918460C37BD4680BC70470000E2
:1070A00080B487B000AFF860B9607A603B600023BD
:1070B0007B610EE0BA687B6913441B680A4A9342FD
:1070C00004D13B687A691A60012308E07B690133C7
:1070D0007B617B68043B7A699A42EBD300231846B4
:1070E0001C37BD4680BC7047BEBAAD1B80B487B0AC
:1070F00000AFF860B9607A603B607B68043B7B61FD
:10710000BA687B6913441B68064A934204D13B6802
:107110007A691A60012300E0002318461C37BD4637
:1071200080BC7047EDAD0F0A80B487B000AFF86047
:10713000B9607A603B603B687B610EE0BA687B694E
:1071400013441B680A4A934204D13B6A7A691A6065
:10715000012308E07B6901337B617B68043B7A692A
:107160009A42EBD3002318461C37BD4680BC7047BB
:10717000BEBAAD1B80B487B000AFF860B9607A606A
:107180003B603B687B610EE0BA687B6913441B6817
:107190000A4A934204D13B6A7A691A60012308E0E3
:1071A0007B6901337B617B68043B7A699A42EBD946
:1071B000002318461C37BD4680BC7047EDAD0F0A52
:1071C00080B483B000AF7860082318460C37BD4602
:1071D00080BC704780B483B000AF78600823184645
:1071E0000C37BD4680BC704780B483B000AF786078
:1071F000042318460C37BD4680BC704780B483B06A
:1072000000AF7860082318460C37BD4680BC704735
:1072100080B483B000AF78604FF6FF7318460C3728
:10722000BD4680BC704780B485B000AFF860B960DF
:107230007A603B60002318461437BD4680BC704717
:1072400080B485B000AFF860B9607A603B604FF001
:1072500000024FF00003104619461437BD4680BCAB
:10726000704780B487B000AFF860B9607A603B6067
:107270003B6808337A689A4201D2002306E0BA6874
:107280003B6813447B617B69DB889BB218461C37E3
:10729000BD4680BC7047B0B487B000AFF860B9603D
:1072A0007A603B603B6808337A689A4204D24FF0B8
:1072B00000044FF000050AE0BA683B6813447B61A4
:1072C0007B699B889BB29BB200221C4615462246D6
:1072D0002B46104619461C37BD46B0BC704780B4DB
:1072E00087B000AFF860B9607A603B603B680833F4
:1072F0007A689A4201D200230DE0BA683B681344D1
:107300007B617B699B889BB21A467B6A934201D161
:10731000012300E0002318461C37BD4680BC70479F
:1073200080B588B000AFF860B9607A603B603B68B8
:1073300010337A689A4201D2002338E0BA683B6879
:107340001344FB61FB69DB889BB21A463B6813441C
:1073500010337A689A4201D2002328E0FB691B6847
:10736000154A934201D0002321E0FB69DB889BB2E0
:107370001A463B6813440833BA681344BB61BB69BF
:107380005B680E4A934201D0002310E0FB69DB8862
:107390009BB208331946F869F9F79CFB7861BB6921
:1073A0001B687A699A4201D0002300E00123184645
:1073B0002037BD4680BD00BFBEBAAD1BEDAD0F0A84
:1073C00080B588B000AFF860B9607A603B60BB6898
:1073D000002B0AD03B68002B02D1FB6A002B04D1A2
:1073E000FB6A10337A689A4201D200233CE007F12D
:1073F00010031846FFF7C5FD3B8DBB82FB6A9BB2AD
:10740000FB82BB681A4607F1100303CB1060516082
:107410003B68002B06D0BB680833FA6A3968184607
:1074200004F094FEFB6A0833BA681344FB61FB6AFC
:1074300008331946B868F9F74DFBB861FB69BA69BA
:107440001A60FB69002262F012021A71002262F0D7
:1074500052025A71002242F00F029A71002242F049
:107460000A02DA71FB6A103318462037BD4680BD28
:1074700080B586B000AFF860B9607A603B607B6829
:107480007B6117E0BB681B6814331B687969B868B7
:1074900098470346124A93420CBF01230023DBB2F4
:1074A000002B04D03B687A691A60012313E07B69E2
:1074B00001337B61BB681B6818331B68B868984749
:1074C0000346043B7A699A4234BF01230023DBB2AE
:1074D000002BD7D1002318461837BD4680BD00BF0A
:1074E000BEBAAD1B80B586B000AFF860B9607A60F7
:1074F0003B607B68083B7B6118E0BB681B6814330A
:107500001B687A691146B868984703460B4A93424C
:107510000CBF01230023DBB2002B04D07A693B6847
:107520001A60012306E07B69013B7B617B69002BCC
:10753000E3DA002318461837BD4680BDBEBAAD1B3E
:1075400080B586B000AFF860B9607A603B607B6858
:107550007B6118E0BB681B6814331B687A691146AD
:10756000B868984703460C4A93420CBF0123002396
:10757000DBB2002B04D07A693B6A1A60012307E072
:107580007B69013B7B617A693B689A42E2DA0023BE
:1075900018461837BD4680BDBEBAAD1B80B586B053
:1075A00000AFF860B9607A603B607B687B6117E090
:1075B000BB681B6814331B687969B8689847034631
:1075C000124A93420CBF01230023DBB2002B04D0EC
:1075D0003B687A691A60012313E07B6901337B61A0
:1075E000BB681B6818331B68B86898470346043BA0
:1075F0007A699A4294BF01230023DBB2002BD7D1D2
:10760000002318461837BD4680BD00BFEDAD0F0AF8
:1076100080B586B000AFF860B9607A603B607B6887
:107620007B6117E0BB681B6814331B687969B86815
:10763000984703460D4A93420CBF01230023DBB257
:10764000002B04D03B6A7A691A60012309E07B6948
:1076500001337B613A687B6813447A699A42E1D9C5
:10766000002318461837BD4680BD00BFEDAD0F0A98
:1076700080B586B000AFF860B9607A603B607B6827
:107680007B6118E0BB681B6814331B687A6911467C
:10769000B868984703460C4A93420CBF0123002365
:1076A000DBB2002B04D07A693B6A1A60012307E041
:1076B0007B69013B7B617A693B689A42E2DA00238D
:1076C00018461837BD4680BDEDAD0F0A90B585B0A0
:1076D00000AFF860B9607A607B6803F10804BB68AA
:1076E0001B6818331B68B868984703469C428CBFD8
:1076F00001230023DBB2002B01D0002309E0BB688B
:107700001B6810331B687A6806321146B8689847C0
:10771000034618461437BD4690BD000090B58FB0A3
:1077200000AFF860B9607A603B60012387F82F30C2
:10773000BB681B6814331B687968B8689847B862DF
:10774000BB681B6810331B687A6806321146B8683C
:1077500098470346FB8497F82F30002B0CD0BB686A
:107760001B6814331B687968B868984703461A4643
:107770007968964803F0C2F897F82F30002B10D0A4
:107780007B681C1DBB681B6810331B687A68043259
:107790001146B868984703461A4621468C4803F0BC
:1077A000ADF897F82F30002B10D07B689C1DBB687C
:1077B0001B6810331B687A6806321146B868984710
:1077C00003461A462146834803F098F83A687B68D6
:1077D000D41ABB681B6818331B68B86898470346FF
:1077E0009C428CBF01230023DBB2002B13D097F8FF
:1077F0002F30002B0DD0BB681B6818331B68B8688E
:10780000984701463A687B68D31A1A46724803F0D3
:1078100075F80023D5E0BB6A704A93420AD097F806
:107820002F30002B04D0BA6A6C496D4803F066F81B
:107830000023C6E0BB681B6814331B68F98C7A68A8
:107840000A4408321146B86898473862BB681B681A
:1078500014331B68F98C7A680A440C321146B868F4
:107860009847F86197F82F30002B15D0FA8C7B6879
:10787000134403F10804BB681B6814331B68F98CBC
:107880007A680A4408321146B868984703461A468F
:107890002146544803F032F897F82F30002B15D0CA
:1078A000FA8C7B68134403F10C04BB681B68143327
:1078B0001B68F98C7A680A440C321146B8689847FC
:1078C00003461A462146484803F018F8FB69474A20
:1078D000934201D0002374E03B68043B7B637B6BE5
:1078E000002B01DA00237B6397F82F30002B04D0A4
:1078F0007A68796B3E4803F001F8BB6C1B687A68C4
:107900001A60BB6C5B687A6B1A6000233B630023D0
:107910003B631CE0BB6C9A6807F1140311461846E0
:10792000FEF774FC7B69C3F31E031A467B6B93421C
:1079300005D07B69C3F3C073DBB2012B01D10123F6
:1079400000E00023002B08D13B6B01333B63FB8C31
:1079500020333A6B9A42DDD300E000BFBB6C9A68DB
:1079600007F1180311461846FEF750FC97F82F3020
:10797000002B0AD0BB6CDB681968BB69C3F31E031C
:107980001A463B6B1B4802F0B9FF97F82F30002BCB
:1079900009D0BB6C1B681968BB6C5B681B681A4616
:1079A000154802F0ABFFBB6CDB681B683A6A9A4271
:1079B00014BF01230023DBB2002B01D0002300E021
:1079C000012318463C37BD4690BD00BF60EF010063
:1079D000ACEF0100F0EF010034F00100BEBAAD1BC6
:1079E00084F00100CCF0010008F10100EDAD0F0AB8
:1079F00050F1010088F10100E0F1010080B485B090
:107A000000AFF860B9607A603B6000231846143715
:107A1000BD4680BC704780B485B000AFF860B960E7
:107A20007A603B604FF000024FF0000310461946A9
:107A30001437BD4680BC7047F0B587B000AFF86022
:107A4000B9607A603B607B6803F10806BB681B681D
:107A500018331B68B868984703469E428CBF0123C1
:107A60000023DBB2002B04D04FF000044FF00005E0
:107A70000EE0BB681B6810331B687A68043211463D
:107A8000B86898470346FB82FB8A00221C461546CD
:107A900022462B46104619461C37BD46F0BD90B510
:107AA00087B000AFF860B9607A603B607B6803F133
:107AB0000804BB681B6818331B68B86898470346FE
:107AC0009C428CBF01230023DBB2002B01D000239A
:107AD00011E0BB681B6810331B687A6804321146DA
:107AE000B86898470346FB82FB8ABA6A9A4201D17A
:107AF000012300E0002318461C37BD4690BD00005E
:107B000080B400AF024B1846BD4680BC704700BF32
:107B10003C00002080B582B000AF78607B681846DA
:107B2000FEF7B4FB034A7B681A607B681846083787
:107B3000BD4680BD80F3010080B582B000AF7860A3
:107B4000054A7B681A607B681846FEF7AFFB7B68C6
:107B500018460837BD4680BD80F3010080B582B06D
:107B600000AF78607868FFF7E7FF0421786813F0CA
:107B70003FFF7B6818460837BD4680BD80B586B09C
:107B800000AFF860B9607A60BB68002B03D07B68F7
:107B90001B68002B06D17B681B681946134802F04E
:107BA000ADFE1FE07B681B687B617B69202B01D9E0
:107BB00020237B610E4802F0A1FE00233B610AE016
:107BC000BA683B6913441B7819460A4802F096FECE
:107BD0003B6901333B613A697B699A42F0D30648BD
:107BE00002F08CFE1837BD4680BD00BF24F20100B4
:107BF00054F2010008EF010084F2010080B586B064
:107C000000AFF860B9607A60BB68002B03D07B6876
:107C10001B68072B06D87B681B6819460A4802F0C8
:107C20006DFE0DE0BB687B617B681B6819460748E9
:107C300002F064FE7869FFF7C9F9054802F05EFEBC
:107C40001837BD4680BD00BF88F20100C0F20100B8
:107C500084F2010080B485B000AFF860B9607A604A
:107C600000BF1437BD4680BC7047000080B582B0AD
:107C700000AF00237B6015E00E4A7B6852F823308A
:107C8000002B0CD00B4A7B6852F823301B6808335A
:107C90001B6808497A6851F82220104698477B688B
:107CA00001337B607B68032BE6D900BF00BF083738
:107CB000BD4680BD38F3010080B582B000AF78606A
:107CC0007B685BB219460448FFF729F97B681846C0
:107CD0000837BD4680BD00BF801A002080B584B043
:107CE00000AFF860B9607A603B60FB68B96818461D
:107CF000FEF758FA314AFB681A60FB6803F58053B7
:107D00000833184600F05CF8FB6803F58053002246
:107D10001A84FB6803F5805300225A84FB6803F53C
:107D20008053012283F82420FB6803F5805300224E
:107D300083F82520FB6803F58053002283F8262072
:107D4000FB6803F58053002283F82720FB6803F5C6
:107D50008053012283F82820FB6803F580531A46DC
:107D60007B68D362FB6803F580531A463B68136354
:107D7000FB6803F580531A46BB695363FB6803F540
:107D800080531A46FB699363FB6803F580531A46D8
:107D90003B6AD363FB6803F580531A46BB8CA2F899
:107DA0004030FB6803F580531A4697F8283082F874
:107DB0004230FB6818461037BD4680BD6CF30100A9
:107DC00080B483B000AF78607B6800221A617B6862
:107DD00000225A617B6818460C37BD4680BC70474C
:107DE00080B582B000AF7860054A7B681A607B6816
:107DF0001846FEF7EBF97B6818460837BD4680BD8C
:107E00006CF3010080B582B000AF78607868FFF74E
:107E1000E7FF41F24401786813F0EAFD7B681846F9
:107E20000837BD4680BD000080B582B000AF7860E5
:107E3000054A7B681A607B681846FEF7C7F97B68BD
:107E400018460837BD4680BD68F4010080B582B091
:107E500000AF78607868FFF7E7FF4FF482517868E9
:107E600013F0C6FD7B6818460837BD4680BD00008C
:107E700090B587B006AF594B1B6803F17801574B9B
:107E80001B6803F17402554B1B6803F17C00534BD4
:107E90001B6874337E240194009303465048FEF718
:107EA000BBFF4E4B1B6803F184014C4B1B6803F175
:107EB00080024A4B1B6803F18800484B1B688033E3
:107EC00021240194009303464648FEF7A5FF434B47
:107ED0001B6803F19001414B1B6803F18C023F4B7F
:107EE0001B6803F194003D4B1B688C3340240194C4
:107EF000009303463C48FEF78FFF384B1B6803F1A5
:107F00009C01364B1B6803F19802344B1B6803F14C
:107F1000A000324B1B68983323240194009303463E
:107F20003248FEF779FF3248FFF7F4FD3148FFF79A
:107F300065F8314B1B7819464FF0FF324FF0FF3395
:107F4000CDE9042300230293294B019300912B4B8D
:107F5000284A24492A48FEF7F5F9274B1B78194689
:107F60004FF0FF324FF0FF33CDE90423002302939B
:107F70001F4B01930091214B1E4A1B492148FEF7DC
:107F8000E1F91D4B1B7819464FF0FF324FF0FF33DC
:107F9000CDE9042300230293154B01930091174B65
:107FA000144A12491848FEF7CDF9184B1B781946A8
:107FB000174B1B6801220492002203920293154B77
:107FC0000193154B00930B46144A05491448FFF7DB
:107FD00085FE00BF0437BD4690BD00BF4C000020A9
:107FE000801A00209C1A0020B81A0020D41A002001
:107FF000F01A0020F41A00206CE80100241A002076
:10800000001B0020402B0020803B002070D301008B
:10801000781A002038000020017B0000940800201E
:10802000C04B002080B500AF1148FFF7D9FE1148C2
:10803000FFF7FAFE1048FFF7F7FE1048FFF7F4FECF
:108040000F48FEF7F1FF0F48FFF776FD0E48FEF7E9
:108050000BFF0E48FEF708FF0D48FEF705FF0D4821
:10806000FEF702FF0C48FEF7B7FE00BF80BD00BF61
:10807000C04B0020803B0020402B0020001B002034
:10808000F41A0020F01A0020D41A0020B81A002098
:108090009C1A0020801A00203800002080B582B091
:1080A00000AF7860786800F008F8786800F045F86C
:1080B000034618460837BD4680BD80B584B000AF82
:1080C00078600023FB737B6803F580539B6B1B6810
:1080D0001B687A6802F58052926B104698470346F7
:1080E000002B25D07B6803F580530833184600F039
:1080F000C2F8034683F00103DBB2002B18D0002343
:10810000BB730123FB737B6803F58053083307F1CE
:108110000E021146184600F0C0F87B685B681B68C9
:1081200014331B687A68526897F90E101046984706
:10813000FB7B18461037BD4680BDF0B58BB006AF4F
:1081400078600023FB73786800F0C8F80346BB60D2
:10815000BB68002B00F08A807B6803F580531B8C82
:10816000B3F5805F05D37B6803F5805340F6FF725B
:108170001A847B6803F580531B8C1A467B68134472
:1081800000221A727B6803F5805393F84230002B6B
:1081900029D07B6803F108007B6803F580531B8CB2
:1081A0001E467B6803F58053D96A7B6803F58053CC
:1081B0001C6B7B6803F58053DB6B7A6802F5805299
:1081C000B2F8402015467A68049200220392029584
:1081D00001930023009323460A46314602F0DCF95E
:1081E0000346FB7328E07B6803F108007B6803F516
:1081F00080531B8C1E467B6803F58053D96A7B68CD
:1082000003F580531C6B7B6803F58053DB6B7A6846
:1082100002F58052B2F8402015467A680492002296
:108220000392029501930123009323460A463146A7
:1082300002F0B2F90346FB737B6803F5805300221A
:108240001A84FB7B002B11D07B6803F580535B6B9A
:10825000002B0BD07B6803F580535B6B984703467C
:108260004FF0FF321946786800F039F9FB7B184669
:108270001437BD46F0BD80B483B000AF78607B6832
:108280001A697B685B699A420CBF01230023DBB249
:1082900018460C37BD4680BC704780B582B000AF31
:1082A000786039607868FFF7E6FF0346002B01D05D
:1082B00000230FE07B681B697A68D2563B681A700E
:1082C0007B681B691946786800F035F902467B68BF
:1082D0001A61012318460837BD4680BD80B584B0B9
:1082E00000AF7860786800F036F90346FB7297F9C2
:1082F0000B3013F1020F01D10023ECE07B6803F592
:1083000080531B8CB3F5805F05D37B6803F58053E6
:1083100040F6FF721A8497F90B300A2B0DD17B6857
:1083200003F580531B8C1A467B68134400221A7293
:108330007B6803F580531B8CCDE097F90B30082B3D
:1083400003D097F90B307F2B20D17B6803F5805346
:108350001B8C013B9AB27B6803F580531A847B68BF
:1083600003F580531B8CB3F5805F04D37B6803F562
:10837000805300221A847B6803F580531B8C1A46B5
:108380007B68134400221A720023A4E097F90B3093
:108390001B2B0FD17B6803F5805300221A847B6866
:1083A00003F580531B8C1A467B68134400221A7213
:1083B000002390E097F90B30092B6BD17B680833D1
:1083C0004FF48051184603F0C9FC03469AB27B680B
:1083D00003F580531A847B6803F580531B8C1A467F
:1083E0007B68134493F908300A2B09D17B6803F5A5
:1083F00080531B8C013B9AB27B6803F580531A842F
:108400007B6803F580531B8C1A467B68134493F9F1
:1084100008300D2B09D17B6803F580531B8C013B81
:108420009AB27B6803F580531A847B6803F5805306
:108430001B8CB3F5805F05D37B6803F5805340F652
:10844000FF721A847B6803F580531B8C1A467B6885
:10845000134400221A720023FB6011E07B685B6802
:108460001B6814331B687A6850687968FA680A4494
:10847000083292F9002011469847FB680133FB60EF
:108480007B6803F580531B8C1A46FB689342E5D347
:10849000002320E07B6803F580531B8C1A467B6821
:1084A0001344FA7A1A727B6803F580531B8C0133EC
:1084B0009AB27B6803F580531A847B6803F5805376
:1084C0001B8CB3F5805F05D37B6803F5805340F6C2
:1084D000FF721A84002318461037BD4680BD80B550
:1084E00086B000AFF860B9607A6000237B6112E06B
:1084F000BA687B69134493F90030002B16D0BA6830
:108500007B69134493F900301946F86800F095F838
:108510007B6901337B617A697B689A4207D2FB6889
:1085200003F580535B8C0F2BE2D900E000BF00BF46
:108530001837BD4680BD80B485B000AF7860396023
:108540003B68013303F00F03FB60FB6818461437E8
:10855000BD4680BC704780B584B000AF78607B6852
:108560005B681B680C331B687A6852681046984732
:10857000034683F00103DBB2002B02D06FF001034E
:1085800057E07B685B681B6810331B687A68526829
:10859000104698470346FB7397F90F30072B02DC10
:1085A0006FF0010345E07B6803F580531A46FB7BBF
:1085B00082F8263097F90F300D2B05D17B6803F533
:1085C0008053012283F8272097F90F300A2B0CD112
:1085D0007B6803F5805393F926300D2B05D07B681B
:1085E00003F58053002283F827207B6803F580532E
:1085F00093F82430012B0ED197F90F30092B0AD0B4
:108600007B685B681B6814331B687A68526897F94B
:108610000F10104698477B6803F5805393F8253078
:10862000012B04D197F90F301846FFF745FB97F956
:108630000F3018461037BD4680BD80B582B000AF00
:1086400078600B46FB7097F903300D2B02D197F938
:10865000033021E07B6803F5805393F82730002B2B
:108660000DD097F903300A2B09D17B685B681B6832
:1086700014331B687A6852680D21104698477B684E
:108680005B681B6814331B687A68526897F903109B
:108690001046984797F9033018460837BD4680BD05
:1086A00080B500AFFFF7E4FB80BD80B500AFFFF7FA
:1086B000B9FC80BD80B582B000AF786039607B685E
:1086C0001B68184612F0ACFB3B68D3E9002312F09C
:1086D00011FC02460B46104619464FF00002054BAE
:1086E00012F032FD02460B46104619460837BD46C9
:1086F00080BD00BF00005E4180B483B000AF7860F1
:108700007B6800221A7000225A7000229A700022A0
:10871000DA707B6818460C37BD4680BC704780B461
:1087200083B000AF7860084611461A460346FB70D6
:108730000B46BB7013467B70FB7803F00703D9B27E
:108740007A68137861F347131370BB7803F0010361
:10875000D9B27A68137861F3041313707B7803F04D
:108760000F03D9B27A68137861F3030313707B683F
:1087700018460C37BD4680BC704780B483B000AF4C
:108780007860084611461A460346FB700B46BB70DC
:1087900013467B707A68137823F080031370FB789C
:1087A00003F00103D9B27A68137861F3861313706A
:1087B000BB7803F00103D9B27A68137861F34513EB
:1087C00013707B7803F00103D9B27A68137861F3F0
:1087D000041313703B7C03F00103D9B27A68137859
:1087E00061F3C30313703B7D03F00103D9B27A68D0
:1087F000137861F3820313703B7E03F00103D9B257
:108800007A68137861F3410313707A68137823F060
:10881000010313707B6818460C37BD4680BC704757
:1088200080B483B000AF7860084611461A4603460C
:10883000FB700B46BB7013467B70FB7803F00103A3
:10884000D9B27A68137861F3C7131370BB7803F059
:108850000703D9B27A68137861F3061313707B7833
:1088600003F00303D9B27A68137861F383031370BA
:108870003B7C03F00303D9B27A68137861F30103F8
:1088800013707B6818460C37BD4680BC704780B4B7
:1088900083B000AF7860084611461A460346FB7065
:1088A0000B46BB7013467B707A68137823F0800305
:1088B00013707A68137823F040031370FB7803F089
:1088C0000103D9B27A68137861F345131370BB784A
:1088D00003F00103D9B27A68137861F304131370BB
:1088E0007B7803F00103D9B27A68137861F3C3038C
:1088F00013703B7C03F00103D9B27A68137861F3FB
:10890000820313703B7D03F00103D9B27A681378B8
:1089100061F3000313707A68137823F00203137075
:108920007B6818460C37BD4680BC704780B483B066
:1089300000AF7860044A7B681A607B6818460C3781
:10894000BD4680BC704700BFE8FF010080B483B023
:1089500000AF7860044A7B681A607B6818460C3761
:10896000BD4680BC704700BFE8FF010080B582B003
:1089700000AF78607868FFF7E9FF0421786813F0AA
:1089800037F87B6818460837BD4680BD80B400AF15
:10899000074B1B6893F86C3003F00203DBB2002B2B
:1089A0000CBF01230023DBB21846BD4680BC7047D4
:1089B0004C00002080B582B000AF00237B60002314
:1089C0007B600DE0FFF7E2FF034683F00103DBB2BB
:1089D000002B09D10120F8F72FF87B6801337B6069
:1089E0007B68632BEED900E000BF7B68612B02D966
:1089F000034801F083FF00BF0837BD4680BD00BFBC
:108A0000DCF5010080B483B000AF0346FB71FA7956
:108A1000034B1B68DA6600BF0C37BD4680BC70474D
:108A20004C00002080B582B000AF0346FB71FFF719
:108A3000C1FFFA79034B1B689A6600BF0837BD4631
:108A400080BD00BF4C00002080B584B000AF03465D
:108A5000FB710023FB60FFF7ADFFFA79074B1B6842
:108A60009A66FFF7A7FF054B1B689B6EFB60FB68D0
:108A7000DBB218461037BD4680BD00BF4C00002059
:108A800080B483B000AF0346FB7100BF0C37BD4616
:108A900080BC704780B483B000AF0346FB7100BF59
:108AA0000C37BD4680BC704780B485B000AFF8601D
:108AB000C7E90023F968D7E90023C1E90023F96871
:108AC000D7E90623C1E90223FB6818461437BD46DF
:108AD00080BC704780B485B000AFF860C7E9002360
:108AE000F968D7E90023C1E90023F968D7E906232B
:108AF000C1E9022300BF1437BD4680BC704780B473
:108B000083B000AF78607B68D3E900231046194634
:108B10000C37BD4680BC704780B483B000AF78602E
:108B20007B68D3E90223104619460C37BD4680BC4A
:108B3000704700000000000080B582B000AF786090
:108B40007B6800221A707B6800225A707B680022C2
:108B50005A607B6800229A607B680022DA607B683A
:108B600000221A617B6800225A617B6800229A61A8
:108B70007B680022DA617B6800221A627B6800222F
:108B80005A627B6800229A627B680022DA627B6804
:108B900000221A637B6800225A637B6800229A6372
:108BA0007B680022DA637B6800221A647B6803F129
:108BB000480105A3D3E90023084600F0F3FF7B68D2
:108BC00018460837BD4680BDFCA9F1D24D62104061
:108BD00080B582B000AF78607B684833184601F0FA
:108BE0001DF87B6818460837BD4680BD80B582B049
:108BF00000AF78607B68243319460548FAF7D4FD46
:108C000002460B46104619460837BD4680BD00BFD8
:108C1000685D002080B582B000AF78607B68283343
:108C200019460548FAF7C0FD02460B46104619469C
:108C30000837BD4680BD00BF785D002080B582B09A
:108C400000AF78607B682C3319460548FAF7ACFD15
:108C500002460B46104619460837BD4680BD00BF88
:108C6000885D002080B582B000AF78607B683033CB
:108C700019460548FAF798FD02460B461046194674
:108C80000837BD4680BD00BF985D002080B582B02A
:108C900000AF78607B68343319460548FAF784FDE5
:108CA00002460B46104619460837BD4680BD00BF38
:108CB000A85D002080B582B000AF78607B68383353
:108CC00019460548FAF770FD02460B46104619464C
:108CD0000837BD4680BD00BFA85D002080B582B0CA
:108CE00000AF78607B683C3319460548FAF75CFDB5
:108CF00002460B46104619460837BD4680BD00BFE8
:108D0000C85D002080B582B000AF78607B684033DA
:108D100019460548FAF748FD02460B461046194623
:108D20000837BD4680BD00BFD85D002080B483B049
:108D300000AF786039607B685A683B681A6000BF92
:108D40000C37BD4680BC704780B483B000AF7860FC
:108D500039607B689A683B681A6000BF0C37BD4673
:108D600080BC704780B483B000AF786039607B68A6
:108D7000DA683B681A6000BF0C37BD4680BC70479C
:108D800080B483B000AF786039607B681A693B6853
:108D90001A6000BF0C37BD4680BC704780B483B0FA
:108DA00000AF786039607B685A693B681A6000BF21
:108DB0000C37BD4680BC704780B483B000AF78608C
:108DC00039607B689A693B681A6000BF0C37BD4602
:108DD00080BC704780B483B000AF786039607B6836
:108DE000DA693B681A6000BF0C37BD4680BC70472B
:108DF00080B483B000AF786039607B681A6A3B68E2
:108E00001A6000BF0C37BD4680BC704780B483B089
:108E100000AF786039607B685A6A3B681A6000BFAF
:108E20000C37BD4680BC704780B483B000AF78601B
:108E300039607B689A6A3B681A6000BF0C37BD4690
:108E400080BC704780B483B000AF786039607B68C5
:108E5000DA6A3B681A6000BF0C37BD4680BC7047B9
:108E600080B483B000AF786039607B681A6B3B6870
:108E70001A6000BF0C37BD4680BC704780B483B019
:108E800000AF786039607B685A6B3B681A6000BF3E
:108E90000C37BD4680BC704780B483B000AF7860AB
:108EA00039607B689A6B3B681A6000BF0C37BD461F
:108EB00080BC704780B483B000AF786039607B6855
:108EC000DA6B3B681A6000BF0C37BD4680BC704748
:108ED00080B483B000AF786039607B681A6C3B68FF
:108EE0001A6000BF0C37BD4680BC704780B584B0A7
:108EF00000AF78600023FB7317E07B6848330021E4
:108F0000184600F0ADFE0346BB73BB7B002B03D1BC
:108F10007B6801221A700BE0BB7BBA7B19465B4869
:108F200001F0ECFCFB7B0133FB73FB7B092BE4D9E9
:108F30007B681B78002B00F0A1807B6848331846C3
:108F400000F05AFF7B6848330821184600F06DFF97
:108F50007B6848330921184600F067FF7B68483377
:108F60000A21184600F061FF7B6848330B21184640
:108F700000F05BFF7B6848330C21184600F055FF7A
:108F80007B6848330D21184600F04FFF7B6848335B
:108F90000E21184600F049FF7B6848330F21184620
:108FA00000F043FF7B6848331021184600F03DFF76
:108FB0007B6848331121184600F037FF7B6848333F
:108FC0001221184600F031FF7B6848331321184600
:108FD00000F02BFF7B6848331421184600F025FF72
:108FE0007B6848331521184600F01FFF7B68483323
:108FF0001621184600F019FF7B68483317211846E0
:1090000000F013FF7B6848330321184600F00DFF82
:109010007B6848330421184600F007FF7B6848331B
:109020000521184600F001FF7B68483306211846E9
:1090300000F0FBFE7B684833184600F013FF7B68A6
:109040004833184600F086FF7B68483380220821A9
:10905000184600F0B4FF7B6848330821184600F03A
:10906000D0FF03461A468021094801F047FC094B0E
:109070001B689B68184602F03FF902E0064801F0C1
:109080003DFC00BF1037BD4680BD00BFF4F50100B8
:1090900028F601009400002078F6010090B589B010
:1090A00002AF78607B681B78002B00F01A8107F113
:1090B0000C031846FFF720FB00237B610DE1FEF750
:1090C000D5FD7B684833184600F0C3FF7B68483302
:1090D0007969184600F0E3FF0346002B00F0FA80A0
:1090E000FEF7C4FD7B6848337A69D1B207F10C0200
:1090F000184600F0F1FFFEF7B9FDFB7B03F02003FB
:10910000DBB2002B05D1FB7B03F04003DBB2002B6D
:109110000FD07B685B78002B00F0DC80FB7BC3F317
:109120000403DBB21946FB7B1A46704801F0E6FBEC
:10913000D0E0FB7B23F07F03DBB2002B00F0BC8090
:109140007B685B78002B1BD0FB7BC3F30403DBB293
:109150001C467B6803F14802FB6843F317033B613D
:1091600007F110031946104600F0D8FF02460B46DF
:10917000F96841F31701009121465D4801F0BEFBFB
:10918000FB7BC3F30403DBB2083B0F2B00F2A1808F
:1091900001A252F823F000BFD9910000E79100002E
:1091A000F591000003920000119200001F92000050
:1091B0002D9200003B92000049920000579200005F
:1091C0006592000073920000819200008F9200006F
:1091D0009D920000AB920000FB6843F317031A4610
:1091E0007B685A6076E0FB6843F317031A467B6896
:1091F0009A606FE0FB6843F317031A467B68DA60F6
:1092000068E0FB6843F317031A467B681A6161E064
:10921000FB6843F317031A467B685A615AE0FB6800
:1092200043F317031A467B689A6153E0FB6843F3E4
:1092300017031A467B68DA614CE0FB6843F31703B7
:109240001A467B681A6245E0FB6843F317031A4627
:109250007B685A623EE0FB6843F317031A467B685B
:109260009A6237E0FB6843F317031A467B68DA62B9
:1092700030E0FB6843F317031A467B681A6329E062
:10928000FB6843F317031A467B685A6322E0FB68C6
:1092900043F317031A467B689A631BE0FB6843F3AA
:1092A00017031A467B68DA6314E0FB6843F317037D
:1092B0001A467B681A640DE07B685B78002B09D046
:1092C000FB7BC3F30403DBB219460A4801F016FB2B
:1092D00000E000BF7B6901337B617B691D2B7FF65A
:1092E000EEAE00BF1C37BD4690BD00BF94F6010036
:1092F000BCF60100F0F6010080B584B000AFF86064
:10930000B9607A603B60474801F0F8FA4648FAF7DE
:1093100077FA02460B46454801F0F0FA4248FAF760
:1093200083FA02460B46424801F0E8FA3E48FAF753
:109330008FFA02460B463F4801F0E0FA3A48FAF746
:109340009BFA02460B463C4801F0D8FA3648FAF739
:10935000A7FA02460B46394801F0D0FA3248FAF72C
:10936000B3FA02460B46364801F0C8FA2E48FAF71F
:10937000BFFA02460B46334801F0C0FA2A48FAF712
:10938000CBFA02460B46304801F0B8FA2648FFF700
:109390002DFC02460B462D4801F0B0FA2248FFF79B
:1093A00039FC02460B462A4801F0A8FA1E48FFF78E
:1093B00045FC02460B46274801F0A0FA1A48FFF781
:1093C00051FC02460B46244801F098FA1648FFF774
:1093D0005DFC02460B46214801F090FA1248FFF767
:1093E00069FC02460B461E4801F088FA0E48FFF75A
:1093F00075FC02460B461B4801F080FA0A48FFF74D
:1094000081FC02460B46184801F078FA174801F033
:1094100075FAB86802F010FF03465BB218461037C1
:10942000BD4680BD20F70100105C002060F7010000
:1094300070F7010080F7010090F70100A0F701002C
:10944000B0F70100C0F70100D4F70100E4F7010014
:10945000F4F7010004F8010014F8010024F80100F9
:1094600034F8010044F801005CF8010074F80100D0
:1094700080B586B000AFF860B9607A603B600023C9
:109480007B617B6901337B61674801F037FA07F143
:10949000100319466548FFF749FC3B693A691946CC
:1094A000634801F02BFA07F1100319465F48FFF7F4
:1094B0004BFC3B693A6919465E4801F01FFA07F117
:1094C000100319465948FFF74DFC3B693A691946A4
:1094D000594801F013FA07F1100319465348FFF7F2
:1094E0004FFC3B693A691946544801F007FA07F105
:1094F000100319464D48FFF751FC3B693A6919467C
:109500004F4801F0FBF907F1100319464748FFF7F0
:1095100053FC3B693A6919464A4801F0EFF907F1F3
:10952000100319464148FFF755FC3B693A69194653
:10953000454801F0E3F907F1100319463B48FFF7EE
:1095400057FC3B693A691946404801F0D7F907F1E1
:10955000100319463548FFF759FC3B693A6919462B
:109560003B4801F0CBF907F1100319462F48FFF7EC
:109570005BFC3B693A691946364801F0BFF907F1CF
:10958000100319462948FFF75DFC3B693A69194603
:10959000314801F0B3F907F1100319462348FFF7EA
:1095A0005FFC3B693A6919462C4801F0A7F907F1BD
:1095B000100319461D48FFF761FC3B693A691946DB
:1095C000274801F09BF907F1100319461748FFF7E8
:1095D00063FC3B693A691946224801F08FF907F1AB
:1095E000100319461148FFF765FC3B693A691946B3
:1095F0001D4801F083F907F1100319460B48FFF7E6
:1096000067FC3B693A691946184801F077F9184830
:1096100001F074F9B86802F00FFE03465BB2184619
:109620001837BD4680BD00BF9CF80100105C0020CB
:10963000DCF80100F4F801000CF9010024F9010044
:109640003CF9010050F9010064F901007CF90100C6
:1096500094F90100ACF90100C4F90100D8F9010046
:10966000F0F9010008FA010020FA010040FA0100B7
:109670005CFA010000000000B0B594B006AFF860DD
:10968000B9607A603B60012387F837309C49B8683D
:1096900002F076FBB8629A49002002F071FB786212
:1096A0009749002002F06CFB38624FF00002954BA6
:1096B000C7E906234FF000024FF00003C7E9042377
:1096C000BB6A002B08D1904801F018F9B86802F085
:1096D000B3FD03465BB219E200233B6317E0BA6AAD
:1096E0003B6B134493F90030002B15D0BA6A3B6BE7
:1096F000134493F90030184601F036FD0146BA6A6A
:109700003B6B13444AB21A703B6B01333B633A6BB9
:109710007B689A42E3D300E000BF7B6A002B09D04C
:10972000002387F8373007F118031A467749786A1B
:1097300002F0B2F83B6A002B09D0002387F83730DB
:1097400007F110031A467149386A02F0A5F8082299
:109750006F49B86A02F0BCFA0346002B40F0008162
:109760004FF000024FF00003CDE900234FF000025C
:10977000644B6848FFF7AEF94FF000024FF000036A
:10978000CDE900234FF000024FF080436248FFF71D
:10979000A1F94FF000024FF00003CDE900234FF094
:1097A00000025E4B5E48FFF795F94FF000024FF064
:1097B0000003CDE900234FF000024FF080435948E9
:1097C000FFF788F94FF000024FF00003CDE90023C6
:1097D00049A3D3E900235448FFF77CF94FF0000276
:1097E0004FF00003CDE9002343A3D3E900234F4802
:1097F000FFF770F94FF000024FF00003CDE90023AE
:109800004FF000024FF080434948FFF763F94FF0F3
:1098100000024FF00003CDE900234FF00002454B5A
:109820004548FFF757F94FF000024FF00003CDE92C
:1098300000234FF00002334B4048FFF74BF94FF045
:1098400000024FF00003CDE900234FF000022D4B42
:109850003B48FFF73FF94FF000024FF00003CDE91E
:1098600000234FF00002274B3648FFF733F94FF043
:1098700000024FF00003CDE900234FF00002214B1E
:109880003148FFF727F94FF000024FF00003CDE910
:1098900000234FF000021B4B2C48FFF71BF94FF041
:1098A00000024FF00003CDE900234FF00002154BFA
:1098B0002748FFF70FF94FF000024FF00003CDE902
:1098C00000234FF000020F4B2248FFF703F94FF03F
:1098D00000024FF00003CDE900234FF00002094BD6
:1098E0001D48FFF7F7F81D4801F008F8B86802F0C6
:1098F000A3FC03465BB209E1E3A59BC420B013407F
:1099000084FA01000000F03F8CFA0100F0FA010037
:10991000F4FA0100E85C0020F85C00200000304010
:10992000085D0020185D0020385D0020485D0020A3
:10993000285D002000000840585D0020685D002080
:10994000785D0020885D0020985D0020A85D0020E3
:10995000B85D0020C85D0020D85D002000FB01003C
:109960000023FB626B49B86A02F012FB0346002B2E
:1099700001D1694BFB626949B86A02F009FB0346F1
:10998000002B01D1664BFB626649B86A02F000FB0E
:109990000346002B01D1644BFB626449B86A02F0B4
:1099A000F7FA0346002B01D1614BFB626149B86AAB
:1099B00002F0EEFA0346002B01D15F4BFB625F49D8
:1099C000B86A02F0E5FA0346002B01D15C4BFB625A
:1099D0005C49B86A02F0DCFA0346002B01D15A4B0D
:1099E000FB625A49B86A02F0D3FA0346002B01D150
:1099F000574BFB625749B86A02F0CAFA0346002B7C
:109A000001D1554BFB625549B86A02F0C1FA0346D1
:109A1000002B01D1524BFB625249B86A02F0B8FAEE
:109A20000346002B01D1504BFB625049B86A02F04B
:109A3000AFFA0346002B01D14D4BFB624D49B86A8A
:109A400002F0A6FA0346002B01D14B4BFB624B49B7
:109A5000B86A02F09DFA0346002B01D1484BFB6225
:109A600008224849B86A02F033F90346002B01D1B5
:109A7000454BFB6208224549B86A02F029F90346C2
:109A8000002B01D1424BFB62FB6A002B32D097F8CE
:109A9000373083F00103DBB2002B19D0D7E9060180
:109AA000D7E90423CDE9002302460B46F86AFFF705
:109AB00011F8D7E90601D7E904233C6A0494CDE9FB
:109AC00002237B6A009302460B46324800F016FFE1
:109AD000F86AFFF714F804460D46F86AFFF71CF819
:109AE00002460B46CDE9002322462B462A4800F0C9
:109AF00005FF03E0B96A294800F000FF284800F09C
:109B0000FDFEB86802F098FB03465BB21846383792
:109B1000BD46B0BD38FB0100E85C002040FB010001
:109B2000F85C002048FB0100085D002050FB0100AC
:109B3000185D002058FB0100385D00205CFB01002F
:109B4000485D002060FB0100285D002068FB0100EB
:109B5000585D002070FB0100685D002078FB01006B
:109B6000785D002080FB0100885D002084FB0100FF
:109B7000985D00208CFB0100A85D002094FB010093
:109B8000B85D00209CFB0100C85D0020ACFB01001B
:109B9000D85D0020B8FB0100FCFB01002CFC01009B
:109BA0006CFC0100B0B584B000AFF860C7E90023D9
:109BB000FB681846FEF7BAFE174AFB681A60F96898
:109BC000D7E90023C1E90223FB6810331D241D4699
:109BD00004E02846FEF790FD013C0435002CF8DA3D
:109BE000FB68002283F88820FB68002283F8892024
:109BF000FB68002283F88A20FB68002283F88B2010
:109C00000120FEF73DFF0120FEF744FFFB681846E8
:109C10001037BD46B0BD00BFD4FF010080B582B093
:109C200000AF7860054A7B681A607B681846FEF7CB
:109C30008DFE7B6818460837BD4680BDD4FF010005
:109C400080B582B000AF78607868FFF7E7FF9021B9
:109C5000786811F0CDFE7B6818460837BD4680BD98
:109C600080B58CB004AF78600B46FB700020FEF727
:109C7000C9FE42F21070F6F7DFFE07F11C00002368
:109C800000220621FEF74BFD397F786800F068FA64
:109C90004FF47A70F6F7D0FE07F118000123029313
:109CA0000123019300230093012300220121FEF7E9
:109CB00064FD07F114000023009300230722002114
:109CC000FEF7AEFD07F1100001230193012300937D
:109CD000012301220121FEF7DAFD3B7E1A46002115
:109CE000786800F06CF93B7D1A460121786800F035
:109CF00066F93B7C1A460621786800F060F9FB782B
:109D00001A460721786800F05AF90022082178687D
:109D100000F055F907F10F031A460021786800F0AA
:109D200036FA3A7EFB7B9A4208D0FB7B19463B7E93
:109D30001A462C4800F0E2FD00234EE007F10F0325
:109D40001A460121786800F022FA3A7DFB7B9A429C
:109D500008D0FB7B19463B7D1A46234800F0CEFD18
:109D600001233AE007F10F031A460621786800F054
:109D70000EFA3A7CFB7B9A4208D0FB7B19463B7C6F
:109D80001A461A4800F0BAFD062326E007F10F0331
:109D90001A460721786800F0FAF9FB7BFA789A42B4
:109DA00008D0FB7B1946FB781A46114800F0A6FD47
:109DB000072312E007F10F031A460921786800F023
:109DC000E6F9FB7B8B2B07D0FB7B8B2219460948DE
:109DD00000F094FD092300E0002318462037BD461B
:109DE00080BD00BF90FC0100D4FC010018FD010003
:109DF0005CFD01009CFD010080B483B000AF786081
:109E00007B68002283F888207B68002283F8892001
:109E10007B68002283F88A207B68002283F88B20ED
:109E200000BF0C37BD4680BC704780B584B000AF22
:109E3000786039603B681D2B0FD8786800F0D1F945
:109E4000F86001223B6802FA03F3FA681343FB60EF
:109E5000F968786800F0EDF900E000BF1037BD4602
:109E600080BD000080B584B000AF78607B6893F857
:109E700088301A460321786800F0A1F87B6893F8CF
:109E800089301A460421786800F099F87B6893F8C5
:109E90008A301A460521786800F091F87B6893F8BB
:109EA0008B301A460621786800F089F807F10F0315
:109EB0001A460321786800F06AF97B6893F88820D5
:109EC000FB7B9A4204D0FB7B19461E4800F016FD2E
:109ED00007F10F031A460421786800F058F97B68EF
:109EE00093F88920FB7B9A4204D0FB7B19461648E5
:109EF00000F004FD07F10F031A460521786800F011
:109F000046F97B6893F88A20FB7B9A4204D0FB7B5E
:109F100019460E4800F0F2FC07F10F031A4606211D
:109F2000786800F034F97B6893F88B20FB7B9A42C9
:109F300004D0FB7B1946064800F0E0FC00BF103758
:109F4000BD4680BDDCFD010018FE010054FE01008D
:109F500090FE010080B588B004AF78600123FB73E8
:109F600007F10800012302930023019300230093CB
:109F7000012300220121FEF700FC3B7A23F020039D
:109F80003B723B7A43F002033B723B7A23F01003AF
:109F90003B723B7A1A460021786800F010F807F10E
:109FA0000C00002300220421FEF7B9FB397B7868FE
:109FB00000F0D6F8FB7B18461037BD4680BD80B553
:109FC00084B000AF78600B46FB701346BB7007F19E
:109FD0000C03184600F04EF9FB7843F06003DBB247
:109FE0001946786800F06DF9BB781946786800F07A
:109FF00068F907F10C03184600F04EF91037BD461A
:10A0000080BD90B585B000AF78600B46FB7007F15E
:10A010000C03184600F02EF90023FB73FB7843F085
:10A020004003DBB21946786800F04BF9786800F01D
:10A0300056F903461A46FB7B1343FB73FC7B07F17F
:10A040000C03184600F028F9234618461437BD467D
:10A0500090BD80B584B000AF7860786800F04DF9AD
:10A060000346BB60FB7AC3F30403DBB21D2B0FD89E
:10A07000FB7A23F07F03DBB2002B09D0FB7AC3F31A
:10A080000403DBB21A467B680432B96843F8221035
:10A090000123FB73FB7B18461037BD4680BD80B59E
:10A0A00084B000AF786039603B681E2B01D9002373
:10A0B0000EE0786800F095F8F860FA683B6822FADC
:10A0C00003F303F00103002B14BF01230023DBB2D1
:10A0D00018461037BD4680BD80B485B000AFF8602B
:10A0E0000B467A60FB72FB7A1D2B11D8FB7A7968DC
:10A0F000FA6804339B00134418680860FB7AFA6816
:10A1000004339B001344DA7822F08002DA7000E016
:10A1100000BF1437BD4680BC7047000080B582B0D8
:10A1200000AF786039603B681B68184610F078FE15
:10A130007B68D3E9022310F0DDFE02460B46104691
:10A1400019464FF00002054B10F0FEFF02460B4689
:10A15000104619460837BD4680BD00BF00005E416D
:10A1600080B584B000AF7860397007F10C031846F1
:10A1700000F080F83B781946786800F0A2F807F103
:10A180000C03184600F088F81037BD4680BD80B536
:10A1900086B000AFF8600B467A60FB7207F11403DB
:10A1A000184600F067F87B6800221A70FB7A43F0CB
:10A1B0004003DBB21946F86800F083F8F86800F055
:10A1C0008EF803461A467B681B781343DAB27B6825
:10A1D0001A7007F11403184600F05EF81837BD46F0
:10A1E00080BD80B485B000AF78600023FB607B68E1
:10A1F00093F888301A46FB681343FB607B6893F83A
:10A2000089301B02FA681343FB607B6893F88A303D
:10A210001B04FA681343FB607B6893F88B301B06C2
:10A22000FA681343FB60FB6818461437BD4680BCD0
:10A23000704780B483B000AF786039603B68DAB2B1
:10A240007B6883F888203B681B0ADAB27B6883F856
:10A2500089203B681B0CDAB27B6883F88A203B6854
:10A260001B0EDAB27B6883F88B2000BF0C37BD462B
:10A2700080BC704780B582B000AF78604FF47A70D0
:10A28000F6F7DAFBFEF796FB0120FEF7BBFB7B68D7
:10A2900018460837BD4680BD80B582B000AF7860F3
:10A2A0000120F6F7C9FBFEF785FB0020FEF7AAFBAD
:10A2B0004FF47A70F6F7C0FB7B6818460837BD4646
:10A2C00080BD80B582B000AF78600B46FB70FB7834
:10A2D0001846FEF7A7FB00BF0837BD4680BD80B516
:10A2E00084B000AF78600020FEF7AEFB0346FB733E
:10A2F000FB7B18461037BD4680BD80B586B000AFE9
:10A30000786007F110031846FFF7B4FF07F10C035C
:10A310001846FEF7F1F930217868FFF7D2FF786828
:10A32000FFF7DDFF0346FB737868FFF7D8FF0346AE
:10A33000BB737868FFF7D3FF03467B737868FFF73A
:10A34000CEFF03463B73FB687B6107F110031846A1
:10A35000FFF7A2FF00233A7D62F307037A7D62F3E1
:10A360000F23BA7D62F31743FA7D62F31F63184629
:10A370001837BD4680BD000080B582B002AF664888
:10A38000FEF7DAFB4FF000024FF00003CDE90023A7
:10A390004FF00002614B6248FEF786FB4FF000026F
:10A3A0004FF00003CDE900234FF000024FF080434F
:10A3B0005C48FEF779FB4FF000024FF00003CDE957
:10A3C00000234FF00002584B5848FEF76DFB4FF04A
:10A3D00000024FF00003CDE900234FF000024FF0E0
:10A3E00080435348FEF760FB4FF000024FF000033C
:10A3F000CDE900234FF000024FF080434D48FEF7B7
:10A4000053FB4FF000024FF00003CDE9002340A3BF
:10A41000D3E900234848FEF747FB4FF000024FF016
:10A420000003CDE900233AA3D3E900234348FEF714
:10A430003BFB4FF000024FF00003CDE900234FF04B
:10A4400000023F4B3F48FEF72FFB4FF000024FF05A
:10A450000003CDE900234FF00002304B3A48FEF7ED
:10A4600023FB4FF000024FF00003CDE900234FF033
:10A4700000022A4B3548FEF717FB4FF000024FF061
:10A480000003CDE900234FF00002244B3048FEF7D3
:10A490000BFB4FF000024FF00003CDE900234FF01B
:10A4A00000021E4B2B48FEF7FFFA4FF000024FF060
:10A4B0000003CDE900234FF00002184B2648FEF7B9
:10A4C000F3FA4FF000024FF00003CDE900234FF004
:10A4D0000002124B2148FEF7E7FA4FF000024FF05E
:10A4E0000003CDE900234FF000020C4B1C48FEF79F
:10A4F000DBFA4FF000024FF00003CDE900234FF0EC
:10A500000002064B1748FEF7CFFA00BFBD4680BDDC
:10A51000E3A59BC420B01340105C00200000F03F76
:10A52000E85C0020F85C002000003040085D00205E
:10A53000185D0020285D0020385D0020485D002067
:10A5400000000840585D0020685D0020785D002014
:10A55000885D0020985D0020A85D0020B85D002087
:10A56000C85D0020D85D002080B500AF0348FEF72D
:10A570002FFB0348FCF730FC00BF80BD105C0020BF
:10A580004800002080B500AFFFF7F6FE80BD80B523
:10A5900000AFFFF7E9FF80BD90B589B000AFF8606C
:10A5A000B9607A603B600023FB61FB68002B02D03E
:10A5B000BB68002B01D10023DCE07B6B002B16D0A5
:10A5C000BB6B002B13D0B96B786B01F0C7FB034654
:10A5D0001A46796BF86801F07BFB0346002B14BF29
:10A5E00001230023DBB2002B01D00023C2E0BB68B3
:10A5F000BB61BB69202B01D92023BB6197F83C309C
:10A6000083F00103DBB2002B39D00023FB6129E08A
:10A61000FA68FB69134493F90030602B15DDFA6882
:10A62000FB69134493F900307A2B0EDCFA68FB695E
:10A63000134493F90030DBB2203BDBB259B24F4AEE
:10A64000FB6913440A461A7009E0FA68FB6913446F
:10A6500093F90010494AFB6913440A461A70FB69D2
:10A660000133FB61B969F86801F078FB0246FB69C8
:10A67000934234BF01230023DBB2002BC8D13F4BF0
:10A680000022DA7700233B610023FB6148E0FB698D
:10A690001B017A6813441B7A7B61BA687B699A4212
:10A6A00001D2BB687B61FB691B017A6813441B689C
:10A6B0007A691946314801F00BFB0346002B0CD098
:10A6C000FB691B017A6813441B687A691946F868AC
:10A6D00001F0FEFA0346002B1FD1FB691B017A68CB
:10A6E00013441B7A1A46FB6813443B61FB691B0148
:10A6F0007A681344DC68FB691B017A6813441868A4
:10A70000FB691B017A6813441B7A1A46BB689A1AC4
:10A710003B6C3969A04701232CE0FB690133FB61E5
:10A72000FA693B689A42B2D397F83030002B18D1BF
:10A730001249134800F0E2F80023FB610BE00F4AD6
:10A74000FB69134493F9003019460E4800F0D6F81F
:10A75000FB690133FB61FB69092BF0D90A4800F062
:10A76000CDF897F83030002B03D13968786800F0C5
:10A770000DF8002318462437BD4690BDE85D002043
:10A78000F8FF0100140002001C00020080B584B034
:10A7900000AF786039600023FB6010E0FB681B01AC
:10A7A0007A6813441968FB681B017A6813445B6874
:10A7B0001A46074800F0A2F8FB680133FB60FA680C
:10A7C0003B689A42EAD300BF00BF1037BD4680BD48
:10A7D0004400020090B587B002AFF8607A603B6039
:10A7E0000B467B81FB68002B0BD0FB681B680C338E
:10A7F0001C6879893B6A00933B687A68F868A047CF
:10A8000002E0034800F07AF800BF1437BD4690BD5F
:10A810004C00020080B586B000AFF860B9607A6085
:10A82000BB68002B01D1002312E000237B610AE00A
:10A83000BA687B69134493F900301846FDF73CFA77
:10A840007B6901337B617A697B689A42F0D37B68CC
:10A8500018461837BD4680BD80B586B000AFF86099
:10A86000B9607A60FB68B3F1804F03D3FB680D4A8F
:10A87000934209D97B68BA68F9680B4800F016FF63
:10A88000FA687B68134409E0FB687B617A68B96801
:10A89000786901F05BFC02467B6813441846183760
:10A8A000BD4680BD00800040AC00020080B586B08F
:10A8B00000AFF860B9607A60BB68002B02D0FB681B
:10A8C000002B01D1002315E0FB683B6100237B6175
:10A8D0000BE0BA687B69134493F900303969184674
:10A8E00000F034FF7B6901337B617A697B689A42AF
:10A8F000EFD37B6818461837BD4680BD0FB480B5CE
:10A9000082B000AF07F114033B603B683A69002155
:10A910000548F8F777F978607B6818460837BD4630
:10A92000BDE8804004B0704715A800000EB480B5A3
:10A9300085B000AF786007F12003BB60BB68FA699F
:10A9400079680A48F8F75EF9F860FB68002B04DBC9
:10A95000FB687A68134400221A70FB6818461437A3
:10A96000BD46BDE8804003B0704700BF59A8000055
:10A970000CB480B584B000AF7860396007F11C0377
:10A98000BB60BB68BA6979680548F8F73BF9F860BD
:10A99000FB6818461037BD46BDE8804002B07047DE
:10A9A00059A800000EB480B585B000AF786007F1FB
:10A9B0002003BB60BB68FA6979680648F8F722F99A
:10A9C000F860FB6818461437BD46BDE8804003B008
:10A9D000704700BFADA80000F0B587B004AF786045
:10A9E0007B681B889BB21E467B681B7803F00103C3
:10A9F000DBB2002B01D0592400E04E247B681B7889
:10AA000003F00203DBB2002B01D0592500E04E25F4
:10AA10007B681B7803F00403DBB2002B01D05923C1
:10AA200000E04E237A68127802F00802D2B2002ABF
:10AA300001D0592200E04E227968497801F00101E5
:10AA4000C9B2002901D0592100E04E217868407830
:10AA500000F00200C0B2002801D0592000E04E20D2
:10AA600003900291019200932B46224631460348FF
:10AA7000FFF744FF00BF0C37BD46F0BD20010200C8
:10AA8000F0B589B006AF78607B681B789C467B6820
:10AA90001B7803F00103DBB2002B01D0592500E045
:10AAA0004E257B681B7803F00203DBB2002B01D03C
:10AAB000592600E04E267B681B7803F00403DBB2C6
:10AAC000002B01D0592300E04E237A68127802F05F
:10AAD0000802D2B2002A01D0592200E04E22796841
:10AAE000097801F01001C9B2002901D0592100E014
:10AAF0004E217868007800F02000C0B2002801D014
:10AB0000592000E04E207C68247804F04004E4B230
:10AB1000002C01D0592400E04E24049403900291AB
:10AB20000192009333462A4661460348FFF7E6FE4A
:10AB300000BF0C37BD46F0BD9401020080B582B065
:10AB400000AF78607B681B6819460348FFF7D6FEA4
:10AB500000BF0837BD4680BD14020200F0B587B0C3
:10AB600004AF78607B681B781E467B681B7803F017
:10AB70000103DBB2002B01D0592400E04E247B6896
:10AB80001B7803F00203DBB2002B01D0592500E053
:10AB90004E257B681B7803F00803DBB2002B01D045
:10ABA000592300E04E237A68127802F01002D2B2E4
:10ABB000002A01D0592200E04E227968097801F07C
:10ABC0002001C9B2002901D0592100E04E21786846
:10ABD000007820F07F00C0B2002801D0592000E0AA
:10ABE0004E2003900291019200932B46224631465B
:10ABF0000348FFF783FE00BF0C37BD46F0BD00BF22
:10AC00004002020080B582B000AF78607B681B68AC
:10AC100019460348FFF772FE00BF0837BD4680BDE6
:10AC2000C002020080B582B000AF78607B681B680C
:10AC300019460D48FFF762FE7B681846FFF78EFF46
:10AC40000A48FFF75BFE7B6801331846FFF718FFE1
:10AC50000648FFF753FE7B6802331846FFF7BCFE39
:10AC600000BF0837BD4680BDF00202002403020089
:10AC700080B584B002AF78607B6819687B681B7808
:10AC800003F00203DBB2002B01D0592200E04E2278
:10AC90007B68DB7803F04003DBB2002B01D0592046
:10ACA00000E04E207B68DB7823F07F03DBB2002BD3
:10ACB00001D0592300E04E23009303460348FFF7D9
:10ACC0001DFE00BF0837BD4680BD00BF280302003F
:10ACD000F0B589B006AF78607B681D687B685E68F8
:10ACE0007B68D3F808C07B68DB687A68126979688A
:10ACF0004969786880697C68E469049403900291EA
:10AD0000019200936346324629460348FFF7F6FD59
:10AD100000BF0C37BD46F0BD7403020080B584B09F
:10AD200000AF78601C4B1B6803F00103002B14BFBD
:10AD300001230023DBB2002B00D001BE7868FFF7AF
:10AD4000C7FF1648FFF7DAFD154B1B681846FFF7DB
:10AD5000F5FE1248FFF7D2FD124B1B681846FFF7AD
:10AD600051FF0E48FFF7CAFD0F4B1B681846FFF74F
:10AD70007FFF0A48FFF7C2FD0C4B1B681846FFF720
:10AD800051FF0648FFF7BAFD0023FB60FB689847B8
:10AD900000BF1037BD4680BDF0ED00E0F8030200B3
:10ADA0005C000020640000206C000020680000208F
:10ADB00080B586B000AF78601248FFF79FFD7B68D2
:10ADC0009B693B617B685B69FB6039690E48FFF7F3
:10ADD00095FDF9680D48FFF791FD00237B6104E0C4
:10ADE000FCF744FF7B6901337B617B69B3F5805FCE
:10ADF000F6D30023BB60BB68984700BF1837BD4639
:10AE000080BD00BFFC0302000C0402001C04020011
:10AE100080B586B000AF78601248FFF76FFD7B68A1
:10AE20009B693B617B685B69FB6039690E48FFF792
:10AE300065FDF9680D48FFF761FD00237B6104E0C3
:10AE4000FCF714FF7B6901337B617B69B3F5805F9D
:10AE5000F6D30023BB60BB68984700BF1837BD46D8
:10AE600080BD00BF2C0402000C0402001C04020080
:10AE700080B586B000AF78601248FFF73FFD7B6871
:10AE80009B693B617B685B69FB6039690E48FFF732
:10AE900035FDF9680D48FFF731FD00237B6104E0C3
:10AEA000FCF7E4FE7B6901337B617B69B3F5805F6E
:10AEB000F6D30023BB60BB68984700BF1837BD4678
:10AEC00080BD00BF400402000C0402001C0402000C
:10AED00080B500AF0248FBF77FFF00BF80BD00BF19
:10AEE0005000002080B500AFFFF7F2FF80BD0000EA
:10AEF00080B582B000AF786039607B681B68184607
:10AF00000FF08EFF3B68D3E900230FF0F3FF0246FA
:10AF10000B46104619464FF00002054B10F014F98D
:10AF200002460B46104619460837BD4680BD00BF95
:10AF300000005E4180B400AF00BFBD4680BC7047DA
:10AF400080B582B000AF7860786800F043FC00BF45
:10AF50000837BD4680BD000080B582B000AF012338
:10AF6000FB710648FDF79AF80346002B01D0002339
:10AF7000FB71FB7918460837BD4680BDC04B0020E9
:10AF800080B584B002AF786039600A213948FBF798
:10AF9000C6FF0A213748FBF7C2FF0A213548FBF7F5
:10AFA000BEFF0A213348FBF7BAFF0A213148FBF7FD
:10AFB000B6FF0A212F48FBF7B2FF0A212D48FBF705
:10AFC000AEFF0A212B48FBF7AAFF0A212948FBF70D
:10AFD000A6FF48212748FBF7A2FF65212548FBF77C
:10AFE0009EFF6C212348FBF79AFF6C212148FBF759
:10AFF00096FF6F211F48FBF792FF20211D48FBF7AA
:10B000008EFF45211B48FBF78AFF53211948FBF7A8
:10B0100086FF43211748FBF782FF2D211548FBF7D8
:10B020007EFF46211348FBF77AFF53211148FBF7B7
:10B0300076FF4D210F48FBF772FF0A210D48FBF701
:10B040006EFF2023009320230B4A0C490C48FFF786
:10B0500055FC0423202220210A48FFF74FFC0A4810
:10B0600000F014F80021084800F032F8FFF774FFF0
:10B07000FCE700BF801A0020080502000C05020052
:10B080003805020084050200C04B002080B582B064
:10B0900000AF78607B6803F5805300221A847B68D8
:10B0A00003F5805300225A847B6808334FF48052A2
:10B0B0000021184600F054FD7B6803F580530833E7
:10B0C000184600F017F8002318460837BD4680BD23
:10B0D00080B483B000AF78600B46FB707B6803F5EB
:10B0E00080531A46FB7882F8243000BF0C37BD46E7
:10B0F00080BC704780B483B000AF78607B6800226A
:10B100001A617B6800225A6100BF0C37BD4680BCC3
:10B110007047000080B500AF0248FBF75DFE00BF3E
:10B1200080BD00BF7800002080B500AFFFF7F2FFC0
:10B1300080BD0000002301461A46184601F0AAB857
:10B1400008B50021044601F0EFF8034B1B6803B17A
:10B1500098472046F5F766FB505F0020014BC0F88A
:10B16000EC307047D0050200034B1B5C03F0030377
:10B17000022B08BF20387047D1050200B1F90C201E
:10B18000F8B516070C46074648D4496842F40063F0
:10B190000029A3815FDDA56A002D3DD0002112F4B6
:10B1A00080523E683960E16961D101233846A84781
:10B1B000451C02466AD0B4F90C30A56AE16958070B
:10B1C00005D56368D21A236B0BB1E36BD21A002347
:10B1D0003846A847411C4CD13968B4F90C301D29B8
:10B1E0003FD82F4ACA40D2073BD50022626022696D
:10B1F000DD04226023F40062A28101D5002943D03E
:10B20000216B3E6041B104F14003994202D03846BF
:10B2100001F046F9002323630020F8BD0E69002EDB
:10B22000FAD0920718BF00230D6808BF4B690E6063
:10B23000AD1B8B600CE02B463246D4F824C0384658
:10B24000E169E047B0F1000CA5EB0C05664406DDB2
:10B25000002DF0DCE0E7E16B00299CDCDCE7B4F9D1
:10B260000C3043F040034FF0FF30A381F8BD226D56
:10B27000A5E70022B4F90C3062602269226023F451
:10B280000062DB04A281BBD52065B9E73B68002BD7
:10B2900091D01D2B01D0162BE1D13E60BCE700BF41
:10B2A0000100402038B505460C4608B1436B03B396
:10B2B000B4F90C0088B1636EDB0701D481050FD5AA
:10B2C00028462146FFF75AFF636E0546DA0702D487
:10B2D000A3899B0508D5284638BD0546284638BDB4
:10B2E000A06D00F04BFEEBE7A06D00F04FFE28468E
:10B2F00038BD00F05BF9DBE750B338B5174B0446B7
:10B300001D680DB16B6BBBB1B4F90C0088B1636EF5
:10B31000DB0701D4810513D528462146FFF72EFF10
:10B32000636E0546DA0702D4A3899B050CD528462F
:10B3300038BD0546284638BD284600F037F9E3E712
:10B34000A06D00F01BFEE7E7A06D00F01FFEEEE72A
:10B35000034A0449044800F077B900BF9400002074
:10B3600088000020A5B2000098000020024A03498E
:10B37000034800F069B900BF8800002039010100CE
:10B38000980000200C4B416810B59942044601D04A
:10B3900004F0D2FEA168094B994202D0204604F085
:10B3A000CBFEE168064B994204D02046BDE8104030
:10B3B00004F0C2BE10BD00BF185E0020805E0020F9
:10B3C000E85E002008B54B6EDA0702D48B899B0536
:10B3D00001D5002008BD886D00F0D0FD002008BD1B
:10B3E00008B54B6EDA0702D48B899B0501D5002086
:10B3F00008BD886D00F0CAFD002008BD2DE9F843A6
:10B4000000250423304C314A3149DFF8C890DFF879
:10B41000C880324F324E116004F15C002946082288
:10B42000C4E90335C4E90055C4E90555A56065665E
:10B4300000F096FB04F15800C4E90749C4E9098704
:10B44000E66200F093FD274B2946082204F1C40070
:10B450006367C4E91A55C4E91E552567C4F8CC5082
:10B46000C4F8805000F07CFB04F1680304F1C000D4
:10B47000C4F88430C4E92298C4E9247600F076FD4B
:10B48000194B294604F596700822C4F8DC30C4E94B
:10B490003455C4E93855C4F8D850C4F83451C4F808
:10B4A000E85000F05DFB04F1D003C4E93D87C4F827
:10B4B000F09004F59470C4F8FC60C4F8EC30BDE87A
:10B4C000F84300F053BD00BF185E0020505F00201D
:10B4D0006DB3000049B9000071B90000B1B90000B6
:10B4E000D5B900000900010012000200F8B50646B7
:10B4F0002A4800F043FD2A4B1B68002B43D0294FFC
:10B50000D7E90134013B04D524E05A1C04F1680456
:10B5100020D0B4F90C50013B002DF6D1224B04F1A0
:10B520005800E360656600F021FD1C4800F02EFD28
:10B5300008222946C4E90155C4E904552560A561DE
:10B5400004F15C0000F00CFBC4E90C55C4E9115592
:10B550002046F8BD3D680DB12F46D1E74FF4D671B6
:10B56000304601F099F8044680B10423056029466D
:10B5700025460C304FF4D072A060636000F0F0FA02
:10B580003C602F46BCE7FFF739FFB8E703483C6053
:10B5900000F0FCFC0C233360DAE700BF745F00208E
:10B5A000505F0020880000200100FFFF10B5044616
:10B5B0000A4800F0E3FC636B23B9094B094A1B6896
:10B5C000626323B1BDE81040044800F0DFBCFFF720
:10B5D00015FFBDE81040014800F0D8BC745F0020A2
:10B5E000505F002085B30000014800F0C7BC00BFD9
:10B5F000745F0020014800F0C9BC00BF745F0020E8
:10B6000008B5054800F0BAFCBDE808400020034A30
:10B61000034900F019B800BF745F002088000020C3
:10B62000C5B3000008B50020044A054900F00CF835
:10B63000BDE80840034800F0A9BC00BF8800002016
:10B64000E1B30000745F00202DE9F8434FF00009DA
:10B6500080460F461646D6E90154013D10D4A38911
:10B66000012B08D9B4F90E30013304D021464046ED
:10B67000B84749EA0009013D6B1C04F16804EED1AA
:10B680003668002EE7D14846BDE8F8830EB400B511
:10B6900082B003AB53F8042B8168019302F0ECFEF7
:10B6A00002B05DF804EB03B0704700BF0FB400B503
:10B6B000074A83B004AB106853F8042B81680193E8
:10B6C00002F0DAFE03B05DF804EB04B0704700BF8F
:10B6D0009400002070B505460E46144610B1436B29
:10B6E000002B2FD0636ED80702D4A389990520D5EB
:10B6F000A368013B002BA36019DAA26993420FDB18
:10B70000F0B20A280CD0054623685A1C22601E702D
:10B71000636EDA0702D4A3899B050ED5284670BD57
:10B7200028462246314600F059F90546F0E7F0B2C6
:10B73000E9E7A06D00F022FCDAE7A06D00F026FC3E
:10B74000284670BDFFF732FFCCE700BF1E4B70B537
:10B750001E6805460C4616B1736B002B2FD0636E26
:10B76000D80702D4A389990520D5A368013B002BF3
:10B77000A36019DAA26993420FDBE8B20A280CD061
:10B78000064623685A1C22601D70636EDA0702D4D5
:10B79000A3899B050ED5304670BD3046224629460A
:10B7A00000F01CF90646F0E7E8B2E9E7A06D00F00A
:10B7B000E5FBDAE7A06D00F0E9FB304670BD3046EE
:10B7C000FFF7F4FECBE700BF940000208268FFF78C
:10B7D00081BF00BF024B014618688268FFF77ABF3D
:10B7E0009400002030B5054689B008460C4600F0AC
:10B7F00023FD01230222234907936B6B06910292DA
:10B8000004A9421C04940191AC68059003926BB3A7
:10B81000636EB4F90C20D80701D491051FD59004AC
:10B8200005D442F4005223F40053A28163669904C4
:10B8300020D42146284601AA04F0E6FCE8B90A25EE
:10B84000636EDA0702D4A3899B0502D5284609B0A6
:10B8500030BDA06D00F09AFB284609B030BDA06D48
:10B8600000F08CFBB4F90C20636ED8E72846FFF794
:10B870009DFECDE74FF0FF35E3E74FF0FF35636EF8
:10B88000DFE700BFD4060200024B01461868FFF74D
:10B89000A9BF00BF940000200EB44FF40172F0B5B0
:10B8A00000269CB021AD55F8047BADF814201B9602
:10B8B0000290069000F0C0FC4FF6FF7204460A4B5F
:10B8C0000A49ADF816200A933A462B46086802A9A1
:10B8D0000E96139601950394079401F09DF91CB000
:10B8E000BDE8F04003B070476DB90000940000203F
:10B8F0000CB44FF401732DE9F04100269CB022AD49
:10B900000746084655F8048BADF8143002910691AD
:10B910001B9600F091FC4FF6FF7304460949ADF801
:10B9200016300A91424638462B4602A90E961396C7
:10B9300001950394079401F06FF91CB0BDE8F04144
:10B9400002B070476DB9000010B50C46B1F90E1089
:10B9500000F0B2FA002803DB236D0344236510BD19
:10B96000A38923F48053A38110BD00BF002070473A
:10B970002DE9F0410C46B1F90C101F46CB050546E8
:10B9800016460BD421F48051A1813B46324628460D
:10B99000B4F90E10BDE8F041F4F7BABFB4F90E10D7
:10B9A0000223002200F072FAB4F90C10EAE700BF9B
:10B9B00010B50C46B1F90E1000F068FAB4F90C306D
:10B9C000421C0EBF23F4805343F480532065A381AF
:10B9D00010BD00BFB1F90E1000F010BAF8B5064660
:10B9E0000D46144610B1436B002B4AD0B4F90C300D
:10B9F000A2691807A2601FD52269EAB1EDB29904C5
:10BA00002F46626E24D592042FD42268236961697F
:10BA1000D31A99422CDD0133A1680139A160511C70
:10BA20002160157062699A4219D0A389DB0701D59C
:10BA30000A2D14D03846F8BD2146304600F02EF8C5
:10BA400098B9B4F90C30EDB299042F46626EDAD48D
:10BA500043F4005322F40052A3816266D3E72146E7
:10BA60003046FFF71FFC0028E4D04FF0FF37E1E736
:10BA700021463046FFF716FC0028F6D10123226844
:10BA8000CAE7FFF793FDB1E703460A460249086893
:10BA90001946FFF7A3BF00BF9400002038B52F4B15
:10BAA00005461B680C4613B15A6B002A4BD0B4F9FB
:10BAB0000C3018071CD5226922B313F0010107D0FE
:10BAC00000206169A0604942A1613AB1002038BDFF
:10BAD000980758BF6169A160002AF7D1190658BFBD
:10BAE0001046F4D543F04003A3814FF0FF3038BD3A
:10BAF000D9062CD55A0712D4226943F00803A38132
:10BB0000002ADAD103F42071B1F5007FD5D02146A7
:10BB1000284604F0EFFCB4F90C302269CDE7216B24
:10BB200051B104F14002914204D0284600F0B8FC23
:10BB3000B4F90C30002222630021226923F024038F
:10BB4000C4E90021D9E71846FFF730FDAFE7092225
:10BB500043F040032A60A381C7E700BF94000020A0
:10BB600070B5860747D0541E002A3ED00346CAB29D
:10BB700001E0013C39D303F8012B9D07F9D1032CD7
:10BB80002CD9CDB205EB05250F2C1A4605EB054542
:10BB900034D9A4F1100C2CF00F0603F1100EB644AA
:10BBA0004FEA1C1CC2E90055C2E902551032724529
:10BBB000F8D10CF1010214F00C0F03EB021204F0A7
:10BBC0000F0C13D0ACF1040323F00303043313442C
:10BBD00042F8045B9342FBD10CF003042CB1C9B2D0
:10BBE0001C4403F8011BA342FBD170BD64461346FD
:10BBF000002CF4D1F9E703461446C0E7A446E1E778
:10BC000011F0FF01034600F0030239D08ABB02683D
:10BC100010B501EB012E0EEB0E4E8EEA0204A2F1DE
:10BC2000013323EA0203A4F1013222EA040213439E
:10BC300013F0803F0FD150F8044F84EA0E0CA4F1AA
:10BC40000133ACF1013223EA040322EA0C0213436C
:10BC500013F0803FEFD0037823B936E010F8013FAE
:10BC6000002B32D09942F9D110BD8A4228D09A07D0
:10BC700029D01A7818460133002AF6D110467047A9
:10BC8000CAB90268A2F1013323EA020313F0803F2C
:10BC900008D150F8042FA2F1013323EA020313F074
:10BCA000803FF6D003785BB110F8013F002BFBD149
:10BCB0007047990705D0184613F8012B002AF8D1D0
:10BCC00070471846DDE71846A1E7184610BD00BFCB
:10BCD000002A3ED0844630B50446084380070B4610
:10BCE0002ED1032A07D82BE0043A25D01EF0803F3E
:10BCF00022D1032A22D919462068A446A0F1013393
:10BD000023EA000E0B4653F8045B0434A842EBD040
:10BD10009CF800000C7884421DD1E64668B11EF8FC
:10BD2000010F11F8014FA2EB0E03A04203F1FF3304
:10BD300011D11CEB0303F1D1002030BDA4461946FC
:10BD40009CF800000C78A04205D1012AF4D0E64608
:10BD5000E4E710467047001B30BD00BF71B10346D9
:10BD600000EB010C01E0634506D01A46117801335F
:10BD70000029F8D1101A7047181A70470846704702
:10BD8000024A01231268503200F002B894000020E9
:10BD900018B3F0B407468C4617F8015B01E0A542E2
:10BDA00014D01CF8014B002CF9D1DDB13E460C46F5
:10BDB00016F8015B00E063B114F8013B9D42FAD133
:10BDC0004DB100233B701660F0BC704773B138462C
:10BDD000E0E73746EAE72E46F5E710680028D8D1B5
:10BDE0000020704700201560F0BC7047176003709A
:10BDF000EAE700BF0123FFF7CBBF00BF002238B541
:10BE0000064D044608462A60F4F7F0FC431C00D0B7
:10BE100038BD2B68002BFBD0236038BD545F002059
:10BE2000194B1B6883422ED0416C70B5054681B119
:10BE300000268C593CB121462468284600F030FB8E
:10BE4000002CF8D1696C0436802EF2D1284600F01F
:10BE500027FBA96B11B1284600F022FB2C6C34B1F2
:10BE600021462468284600F01BFB002CF8D1E96C21
:10BE700011B1284600F014FB6B6B1BB12846BDE8DE
:10BE80007040184770BD70479400002038B50C46CC
:10BE9000114600228446074D20462A601A46644611
:10BEA000F4F711FD431C00D038BD2B68002BFBD0EC
:10BEB000236038BD545F002038B50C46114600227F
:10BEC0008446074D20462A601A466446F4F714FD5E
:10BED000431C00D038BD2B68002BFBD0236038BD3D
:10BEE000545F0020014B1868704700BF9400002089
:10BEF00070B50F4B0F4DAB42A3EB050607D00024E6
:10BF0000B61055F8043B01349847A642F9D81BF007
:10BF1000B1FE094D094B5E1BAB424FEAA60606D0A7
:10BF2000002455F8043B01349847A642F9D870BD67
:10BF30008C7C02008C7C02008C7C0200A47C0200C1
:10BF400038B5074D074C2C1BA41005D0013C55F803
:10BF5000043D9847002CF9D1BDE838401BF090BE55
:10BF6000B87C0200A47C0200704700BF704700BF8D
:10BF7000704700BF704700BF704700BF704700BFE9
:10BF80000120704701207047704700BF704700BF15
:10BF900080EA010C1CF0030F37D110F0030C20F0E5
:10BFA000030021F0030150F8042B08BF51F8043BB3
:10BFB0000ED08CF0030C6FF07F434FEACC0C23FAC9
:10BFC0000CFC51F8043B42EA0C0243EA0C0300BFAC
:10BFD000A2F1013C9A4201BF2CEA020C1CF0803F06
:10BFE00050F8042B51F8043BF2D04FEA02604FEABC
:10BFF0001222012828BFB0EB036F08BF1B0AF4D040
:10C0000003F0FF03000EC01A704710F0030F0AD0B0
:10C0100010F8012B11F8013B012A28BF9A42F4D0F5
:10C02000A2EB030070474DF8045D50F8042B01F0BB
:10C03000030521F0030151F8043B022D26D04DD811
:10C0400022F07F45B5EB132FA2F1013C2CEA020C44
:10C050000DD11CF0803C08BF51F8043B0AD185EAA1
:10C060000205B5EB036F0CD150F8042BE8E74FEA5B
:10C0700013235BE03CF07F4C54D10B784FEA126500
:10C0800054E04FEA126503F0FF034FE04FEA024528
:10C09000A2F1013C4FEA15452CEA020CB5EB134F17
:10C0A00018D11CF0803C08BF51F8043B07D185EA49
:10C0B0000205B5EB034F09D150F8042BE6E75FEA20
:10C0C0000C4C2FD10B884FEA12452FE04FEA034367
:10C0D0004FEA12454FEA134328E000BF02F0FF0584
:10C0E000B5EB136FA2F1013C2CEA020C0DD11CF050
:10C0F000803C08BF51F8043B0AD185EA0205B5EB44
:10C10000032F0AD150F8042BE8E74FEA13630DE040
:10C1100012F0FF0F06D051F8043B4FEA122523F02E
:10C120007F4303E04FF0000020BC704705F0FF02A2
:10C1300003F0FF00012828BF904204BF2D0A1B0A0C
:10C14000F4D0A2EB000020BC704700BF844641EA57
:10C15000000313F0030349D1403A23D30B68036073
:10C160004B6843608B688360CB68C3600B69036175
:10C170004B6943618B698361CB69C3610B6A03625D
:10C180004B6A43628B6A8362CB6AC3620B6B036345
:10C190004B6B43638B6B8363CB6BC363403040312A
:10C1A000403ADBD230320BD30B6803604B684360FC
:10C1B0008B688360CB68C36010301031103AF3D2C3
:10C1C0000C3205D351F8043B40F8043B043AF9D251
:10C1D000043208D0D2071CBF11F8013B00F8013B24
:10C1E00001D30B8803806046704700BF082A13D331
:10C1F0008B07B1D010F00303AED0C3F10403D21A01
:10C20000DB071CBF11F8013B00F8013BA4D331F858
:10C21000023B20F8023B9FE7043AD9D3013A11F8D8
:10C22000013B00F8013BF9D20B7803704B78437067
:10C230008B7883706046704720F0030110F0030094
:10C24000C0F1000051F8043B00F1040C4FEACC0CA3
:10C250006FF000021CBF22FA0CF213434FF0010CE6
:10C260004CEA0C2C4CEA0C4CA3EB0C0222EA030225
:10C2700012EACC1204BF51F8043B0430F4D0C2F1EE
:10C28000000102EA0102B2FA82F2C2F11F0200EBDF
:10C29000D20070472DE9F8431B4D064628689846A2
:10C2A0000F469146FFF76AFE184B1C681CB32868BE
:10C2B00065681F2D22DC4EB96B1C0235636044F8A3
:10C2C0002570FFF763FE0020BDE8F883012304EB2F
:10C2D0008501C1F88890D4F88821AB401A43022E1A
:10C2E000C4F88821C1F80881E6D1D4F88C211A431A
:10C2F000C4F88C21E0E7064C1C60D8E7FFF746FE47
:10C300004FF0FF30E0E700BFD801002008610020B7
:10C31000785F0020024B13B10248FEF70BBF704755
:10C320000000000041BF00002DE9F04F82462C4B79
:10C330002C4F83B018688B46CDF804A0FFF71EFE83
:10C340003E684EB34FF000094FF001087468651E57
:10C3500022D4013406EB8404BBF1000F23D17368AF
:10C360002268013BAB420CBF7560C4F8009072B10B
:10C37000D6F8881108FA05F30B42D6F804A01CD1B0
:10C38000904773683A68534523D1B24221D1013DA9
:10C390006B1CA4F10404DFD1114B186803B0BDE895
:10C3A000F04FFFF7F3BDD4F800315B45D7D0013D26
:10C3B0006A1CA4F10404F6D1EEE7D6F88C01D4F897
:10C3C0008010034209D10198904773683A68534539
:10C3D000DBD0002AE0D01646B8E708469047D0E701
:10C3E000D8010020086100202DE9F8430646082006
:10C3F000894604F0B5FF0546DFF89880304600F026
:10C40000FFFBD8F808305F6827F00307A7F1110495
:10C41000A4EB09042C44B4FBF5F4013C05FB04F443
:10C42000A54208DC0021304604F088FFD8F8083027
:10C430003B44984205D0304600F0E8FB0020BDE8C0
:10C44000F8833046614204F079FF01300FD0124A80
:10C45000D8F808303F1B47F001075F60136830468B
:10C460001B1B136000F0D2FB0120BDE8F883002104
:10C47000304604F063FFD8F80820831A0F2BDADD6A
:10C4800043F001035360054B03491B68C01A086061
:10C49000D1E700BFE80100200C610020DC01002092
:10C4A00000297CD0F8B50C46064600F0A9FB54F8EC
:10C4B000043C764FA4F1080523F001016818D7F871
:10C4C00008C04268844522F0030200F08380DB0745
:10C4D000426000EB020C33D454F8084CDCF8043012
:10C4E0002D1B2144AC6807F1080C644503F00103DF
:10C4F00064D0D5F80CE0C4F80CE0CEF80840002B6E
:10C5000000F0818041F001036B600160B1F5007FB4
:10C5100022D20122CB0849098A40796801330A43B3
:10C520007A6057F8331007EBC302083AC5E90212E4
:10C5300047F83350CD603046BDE8F84000F066BBA8
:10C54000DCF80430DB072BD541F00103B1F5007FA7
:10C5500044F8043C0160DCD3B1F5206F4FEA51236D
:10C5600053D28B0903F1390003F13802C300F818E4
:10C57000FB580838984203D161E09B68984204D088
:10C580005A6822F003028A42F7D8D868C5E9023017
:10C5900085603046DD60BDE8F84000F037BB70478D
:10C5A000114407F1080C836863453FD0C268DA6024
:10C5B000936041F001036B606950A7E7002B5FD1E6
:10C5C0000A44D0E90213CB60996042F001036B602A
:10C5D000AA50B0E70A44D90707D454F8083CED1A2A
:10C5E0001A44D5E90213CB60996042F001036B60F5
:10C5F000274BBD601B6893429DD8264B3046196877
:10C60000FFF7F2FE97E71144CDE7142B08D9542B1E
:10C610001DD80B0B03F16F0003F16E02C300A6E7F8
:10C6200003F15C0003F15B02C300A0E741F00103EA
:10C63000C7E90455C5E902CC6B6069507BE701216D
:10C64000921001FA02F279680A437A609EE7B3F524
:10C65000AA7F06D8CB0B03F1780003F17702C30061
:10C6600085E740F25452934206D88B0C03F17D00CB
:10C6700003F17C02C3007AE74FF47E737E2276E7F3
:10C6800041F001036B60016055E700BFE801002045
:10C69000E00100203C6100202DE9F04F01F10B0585
:10C6A000162D064683B024D8102900F2AD8000F084
:10C6B000A7FA102518234FF0020CB84F3B445C68D2
:10C6C000A3F10802944200F01D8130466368E268DD
:10C6D000A16823F00303CA60234491605A680834B8
:10C6E00042F001025A6000F091FA204603B0BDE822
:10C6F000F08F35F0070500F18780A94200F28480B1
:10C7000000F07EFAB5F5FC7FC0F06F816B0A7FD038
:10C71000042B00F21E81AB0903F1390C03F1380E32
:10C720004FEACC009D4F384444680838A04207D1F6
:10C730000DE0002AE16880F2DF80884207D00C46D5
:10C74000636823F003035A1B0F2AF2DDF446DFF877
:10C7500050823C69444500F0BC80636823F00309C3
:10C76000A9EB05030F2B00F34581002BC7E90488D3
:10C7700080F22F81B9F5007FD7F804E080F0C980FE
:10C7800001234FEAD9014FEA5919194403FA09F371
:10C7900057F831204EEA030E07EBC103083BA260B5
:10C7A000E360C7F804E047F83140D46001204FEA65
:10C7B000AC039840704532D810EA0E0F07D12CF028
:10C7C000030C400010EA0E0F0CF1040CF9D007EB3B
:10C7D000CC0AD646E146DEF80C300BE059681C4620
:10C7E00021F003014A1B0F2ADB6800F3BF80002AF7
:10C7F00080F2E2809E45F1D109F1010919F0030FA1
:10C800000EF1080EE7D11FE10C23336000246CE722
:10C810004FF400704FF0400C4FF03F0E82E7BC68C1
:10C82000636823F00309A94503D3A9EB05030F2B84
:10C8300052DC5C4B08201B6803F1100804EB090371
:10C84000009304F08DFD584A83461368A8440133D1
:10C8500005D008F1FF388044434203EA0808414606
:10C86000304604F06BFDB0F1FF3F82464E4A00F0C7
:10C87000DC8004EB0903834200F2D5804B4B0BF1C3
:10C88000FF31186840448446186040F0FB801AEA83
:10C89000010F40F0F780D7F808A0C84448F0010223
:10C8A000CAF804205446424B1968814238BF1860C8
:10C8B000404B1968814238BF186022F00308A84530
:10C8C000A8EB050301D30F2B06DC304600F09EF9E0
:10C8D0009CE7D7F804E069E7621943F0010345F0EB
:10C8E000010565603046BA600834536000F08EF987
:10C8F000204603B0BDE8F08FA2683046D1602344E3
:10C900008A60EBE6DC68A3427FF4DFAE0CF1020C38
:10C910001DE7B9F5206F4FEA59227DD3142A00F2A2
:10C92000118102F15C03DB005B32F918FB58083916
:10C93000994203D1ECE09B68994204D05A6822F0F6
:10C9400003024A45F7D8D968C4E902318C60DC603B
:10C950002CE7142B6CD9542B00F2FD802B0B03F128
:10C960006F0C03F16E0E4FEACC00DBE6D4F808C082
:10C970003046661945F001056560CCF80C30C3F807
:10C9800008C042F00103C7E90466C6E90288736083
:10C99000625000F03BF90834A7E600BFE801002030
:10C9A000F00100203C610020DC0100200C6100202F
:10C9B000386100203461002021444A68304642F04A
:10C9C00001024A6054F8082FD3609A6000F01EF903
:10C9D0008BE6A144D9F80430304643F00103C9F88E
:10C9E000043000F013F908347FE64FEAD50C05F166
:10C9F000080362E6621943F0010145F00105656034
:10CA00003046C7E90422C2E90288516044F809307F
:10CA100000F0FCF8083468E64FEA991202F1390395
:10CA2000DB00383281E7BC4224D0BC68626844E74E
:10CA300003F15C0C03F15B0E4FEACC0072E65AF88E
:10CA40000839534540F0D8801CF0030F0CF1FF3C2F
:10CA5000F5D17B6823EA00037B60400098423FF6F3
:10CA6000DEAE18B9DBE6400009F104091842FAD03D
:10CA7000CC46ACE6614B0BF1FF31186808EB000CBB
:10CA8000C3F800C01068013070D004EB0902AAEBB3
:10CA9000020262441A601AF00702CDE9002340D076
:10CAA000C2F108029244D04408EA01005A44121A22
:10CAB00002EA010B5946304604F040FC421C019B3F
:10CAC00071D0A0EB0A0000EB0B08186848F00102D7
:10CAD0005844BC42C7F808A01860CAF804203FF4C4
:10CAE000E1AEB9F10F0F44D94FF0050C6168A9F11F
:10CAF0000C0222F0070201F00101114361600F2ACC
:10CB000004EB0201C1E901CC55D8DAF80420C9E6EA
:10CB10000120921000FA02F24EEA020EC7F804E079
:10CB200012E70AEB08020A40ABEB020202EA010B31
:10CB30005946304604F002FC431C019BC1D1DDF88C
:10CB400000B0C2E7542A18D84FEA193202F16F0335
:10CB5000DB006E32E9E6B3F5AA7F18D8EB0B03F1E0
:10CB6000780C03F1770E4FEACC00DBE5C2F800A0A9
:10CB700091E70123CAF80430A7E6B2F5AA7F25D8C9
:10CB80004FEAD93202F17803DB007732CDE640F28A
:10CB90005452934225D8AB0C03F17D0C03F17C0E6B
:10CBA0004FEACC00BEE5009A4FF0000B083A9044E3
:10CBB000A8EB0A0889E7304604F108010093FFF763
:10CBC0006FFC009BD7F808A018689EE740F254530A
:10CBD0009A420DD84FEA994202F17D03DB007C3284
:10CBE000A3E64FF47E704FF07F0C4FF07E0E99E578
:10CBF0004FF47E737E2298E67B682EE70C6100205E
:10CC00000148FFF7BBB900BF685F00200148FFF78C
:10CC1000BDB900BF685F00202DE9F04FADF53B7D49
:10CC200002AFC7E91202B1F90C203B6396048A46B1
:10CC30004B6E05D442F4005223F400538A814B66B4
:10CC40009D04C3F3403401F1E180A146082221464E
:10CC500007F15800FEF784FFBC62BC63FC617C6393
:10CC60003C64774BD3F8E44004F028FB07F158020A
:10CC700000920346FA6CB86C07F15401A0470028F3
:10CC800061DBFB6C06460344FB647B6D002B00F00C
:10CC90004B81012867D0252B6ED00028E1D0FB6C9A
:10CCA00001389E1BDAF8043034181A46002A06F1BF
:10CCB000FF3517DDDAF800306A781878691C904281
:10CCC00003F1010340F03081DAF804208C4202F1D4
:10CCD000FF32CAF80030CAF8042000F03081002A80
:10CCE0000D46E7DC5146B86C08F0B8FC0028E1D0EE
:10CCF0003B6C23B1BAF80C305A0640F11581BB6B7E
:10CD0000002B01F08380BB6BDE8818687EB10024A5
:10CD10008146A046051F55F8043F0134186805F008
:10CD200049FC2B68B442C3F80080F4D148464FF068
:10CD3000FF333B6408B105F03DFC386C07F53977EB
:10CD4000BD46BDE8F08F4FF6FD730822002107F1C4
:10CD500058007B65FEF704FFFB6C0133FB647B6DC1
:10CD6000002B00F0E180374AD25C100700F1C78544
:10CD70000126252B304692D100242546F96C0A78ED
:10CD8000A2F1250301F10108552B00F2CD80DFE867
:10CD900013F0AB07CB00CB00CB00CB009A07CB0046
:10CDA000CB00CB00CB00CB00D206D206D206D206F7
:10CDB000D206D206D206D206D206D206CB00CB00CD
:10CDC000CB00CB00CB00CB00CB00DD06CB00350584
:10CDD000E700DD06DD06DD06CB00CB00CB00CB0097
:10CDE000E000CB00CB004605CB00CB00CB0080059C
:10CDF000CB00CB00CB00CB002007CB00CB008307C0
:10CE0000CB00CB00CB00CB00CB00DD06CB00370541
:10CE1000E900DD06DD06DD065707A207E000CB00CE
:10CE20008E076307710748055407CB00CB008205C6
:10CE3000DB004C07CB00CB002007CB00DB0000BFA2
:10CE4000D8060020D105020004F01003012D38BFE0
:10CE500001251A467B6414F0010301F00182002AC7
:10CE600041F049823B6B240653F804BB3B6301F15C
:10CE70006D82D846D7F844B05B46DC46C7F83CB074
:10CE800000269B46644604F019FAB0423FF430AFE6
:10CE9000DAE9003213F8011B013ACAF8042007F559
:10CEA000BC729155FA69CAF80030032A06F10103F1
:10CEB00007F1700602D13268042A06D00822002148
:10CEC0003046FB62FEF74CFEFB6A009607F5BC722B
:10CED0004146B86CFB6208F089F90246F861501CC3
:10CEE0003FF406AFFB6A002A41F06A8299447B6CEA
:10CEF000013D002B41F07282C8F80030FB6B002B23
:10CF000001F0AE82A8EB0406BBEBA60F01F2A882EB
:10CF100020464FEACB0106F0E3FA0446002841F030
:10CF200099824FF0FF333B64BB6B002B3FF405AF9E
:10CF3000BB6B18683B6C01337FF4FCAEE3E6023553
:10CF40004D44A5EB06098CE62307EDD14A7841460E
:10CF500016E72207E8D14A7844F0020441460FE779
:10CF600044F001040A234FF0030B7B63724BBB6256
:10CF7000DAF80430002B00F35F845146B86C08F0F7
:10CF80006DFB00287FF4B4AEC7F84C80600641F119
:10CF90005C810BF1FF33032B3FF656AFDFE813F054
:10CFA000A602E7013D010400B86C04F099F944F4CD
:10CFB000F0637B64036800263B626B1EB3F5B27FAF
:10CFC00007F5BC7B34BF4FF0000CA5F5B27C5C4686
:10CFD00028BF4FF4B275C7E90466FE63FE62BE6106
:10CFE000C7F80CC0C7F824B0DAF800100A78A2F12C
:10CFF0002B034E2B50D8DFE813F0BB034F00BB03CD
:10D000004F004F00A100A500A500A500A500A500A8
:10D01000A500A500A500A5004F004F004F004F0040
:10D020004F004F004F00B0033F033F033F03DD03BA
:10D03000D4034F004F00C3034F004F004F004F0079
:10D0400096034F0075034F004F004F0070034F00D1
:10D050004F004F005903AB034F004F004F004F00EC
:10D060004F004F004F00B0033F033F033F03DD037A
:10D07000D4034F004F00C3034F004F004F004F0039
:10D0800096034F0075034F004F004F0070034F0091
:10D090004F004F005903AB037B6C9B0570D5D7F84D
:10D0A00020B09BF8003093426AD1C7E901544FF099
:10D0B00000085546B24606E0296091F800E09BF86A
:10D0C000000086451CD11BF8010F44464E46013135
:10D0D00008F1010809F10109002800F07E8668685E
:10D0E000013800286860E7DC2946B86C08F0B6FA19
:10D0F00030B929689BF8000091F800E08645E2D03D
:10D10000224633465646BC68AA46D7E9085BA8447F
:10D11000C7E90864914644469846BE6C14F8011D60
:10D120005246304608F05CFAA542F7D1D7E90864C8
:10D13000A8EB090926E000BFAD4A01007B6CD905C8
:10D1400000F15185FB6B9B191AD11E467B6CFE6367
:10D1500023F4C0737B64013D04F8012BDAF804303A
:10D1600009F10109013B002BCAF8043040F3BC83EC
:10D17000DAF800300133CAF80030002D7FF434AF04
:10D18000D7F824B0FB6A002B40F03383FB6B013BE4
:10D19000012B41F22780731E062B40F247867B6CE1
:10D1A000D80540F1AA84590500F1468714F8011CFE
:10D1B000651E652909F1FF360AD0452908D0524677
:10D1C000B86C08F00DFA14F8021CA9F10206A51EAD
:10D1D0005246B86C08F004FA7B6C13F0100340F070
:10D1E0004A86B1462B707B69002B40F055870022A0
:10D1F0005946B86C07F0ECFA7A6C3B6BD2070546DF
:10D200000E4603F1040440F12B861B68C3E9005667
:10D210003C633B6C01333B6423E507F5BC7B4FF07B
:10D2200000085E466B1EB3F5B27F34BF0021A5F542
:10D23000B271CB4628BF4FF4B275D146C246B04654
:10D240007A6B44F45864F963D9F8000090F800C090
:10D25000ACF12B034D2B62D8DFE813F0BC02610068
:10D26000BC026100610021031C021C021C021C02A2
:10D270001C021C021C02C202C202610061006100A9
:10D2800061006100610061004E004E004E004E00E2
:10D290004E004E00610061006100610061006100AC
:10D2A0006100610061006100610061006100610076
:10D2B000610061006100B002610061006100610015
:10D2C00061006100610061004E004E004E004E00A2
:10D2D0004E004E006100610061006100610061006C
:10D2E0006100610061006100610061006100610036
:10D2F000610061006100B0020A2A10DD24F4386484
:10D3000006F801CBD9F80430013B002BC9F80430F2
:10D3100040F3E0820130C9F80000013D94D143465A
:10D32000E005D0467A63CA46D9469B4605D59E425B
:10D3300000F272845E453FF4F7AD14F0100211D193
:10D3400059467B6BBD6AB86C3270A8473B6BA1062F
:10D3500003F1040540F158841B6818603B6C3D6381
:10D3600001333B64A6EB0B064644B14479E4002D3F
:10D3700008BF4FF0FF35E60704F0100340F1DD82EF
:10D38000002B40F0B5843A6B200652F8041B7964F8
:10D390003A6340F18F86FB6300293FF4C5AD8020DE
:10D3A00005F000F9FB6B024600283FF4BAAD796C3A
:10D3B0000860B96BCC888E88B44280F0908508688C
:10D3C00096464FF0200C796C40F82410B96B01346C
:10D3D000CC80DAF80010B24E097816F8018018F007
:10D3E00008086BD13E622E461546C7F824E0C7F800
:10D3F0002CC0FB6303F062FF40453FF479ACDAE9EF
:10D40000003213F8011B013ACAE90032FB6907F543
:10D41000BC7B032B0BF8081007F1700408F101081E
:10D4200002D12368042B04D0082200212046FEF7F5
:10D4300097FB00945A4643462946B86C07F0D6FE3F
:10D44000421CF8613FF454AC002800F0AC85FB6945
:10D4500002331FD0286807F095FF002840F09F8610
:10D46000FB69C144032B02D12368042B00D0013E89
:10D47000FB6B002B40F01A867B6C0435002B00F010
:10D4800015867B6AEC1AFB6AB3EBA40F40F2B986EF
:10D49000D7F83C80DAF80430002B40F35586DAF8F0
:10D4A00000303A6A1B78D35C1B0701D4002EA1D14F
:10D4B0002A46D7F824E0D7F82CC0FB6B002B7FF46A
:10D4C000D0AB13607B6C002B3FF4A3AEA2EB0E023B
:10D4D000931001339C457FF69CAE7C6C111D206837
:10D4E00005F0FEFF002840F0C58092E6002D08BF41
:10D4F0004FF0FF3504F01003E607FB6240F1928223
:10D50000002B40F032843A6B200652F8043B7B62D9
:10D510003A6340F1D585002B3FF406AD802005F03D
:10D5200041F8786400283FF4FCAC7B6A7A6C1A609E
:10D53000BB6BDC889E88B44280F0EB8418687B6A01
:10D5400040F82430BB6B0134DC807B6CBB61202352
:10D550003B620024A046FE6907F5BC7BC7F83C90FF
:10D5600003F0ACFE40453FF4C3ABDAE9003213F8F8
:10D57000011B013A032E0BF80810CAF80420CAF860
:10D58000003008F1010807F1600903D1D9F8003033
:10D59000042B04D0082200214846FEF7E1FACDF81A
:10D5A00000907C6C434621465A46B86C07F01EFE3C
:10D5B000411C06463FF49CAB002840F0DF8320600E
:10D5C00004460822002107F16800FEF7C9FADFF8D7
:10D5D000D4C0224607F170042146B86CDCF8E0C0E4
:10D5E00007F16803E047012814BF002497F8704052
:10D5F00007F178031B5D002B00F06E85FB6B032E9B
:10D600004344FB6300F0C383013DFB6A5BB97B6C61
:10D610007A6A04337B6432B1BA699C1A3B6AB3EB11
:10D62000A40F40F2CA83DAF804304FF00008002B50
:10D6300040F3BF82002D93D1D7F83C90FE61FB6A86
:10D64000002B7FF40EAB7A6C13607B6A002B3FF4E7
:10D65000E0AD1346BA69991A8B103A6A01339A42BF
:10D660007FF6D7AD7C6A0431206805F039FF0028C9
:10D670003FF4CFAD2060CCE5796C08057FF580AD37
:10D68000FB6B9B197FF47CAD1E4621F4C0737B6459
:10D69000FE6360E5044B24F4386433F912202FE66E
:10D6A000D1050200D8060020680A0200796C01F456
:10D6B0001863B3F5807F7FF463ADFB6A012B7FF4C1
:10D6C0005FAD21F4807343F400637B64302304F87E
:10D6D000013B0023013DFB623DE5062E7FF450AD8A
:10D6E000072638E57B6C19057FF54AAD796C01F4A6
:10D6F000A063B3F5806F05D048057FF541ADFB6AA7
:10D70000002B49D07B6C990504D4FB6AB9695B1A7C
:10D71000C7E904437B6C23F4786343F4C0737B64F0
:10D720000023FB6217E5FB6B002B40F01F82FB6AB6
:10D7300033B97B6C03F4E063B3F5E06F00F021854F
:10D74000012E02D0042E7FF41BAD0136F6B202E5A5
:10D75000072E7FF415AD0826FDE47B6C1B0500F158
:10D76000FF81FB6B012B7FF40BAD0223FB63F2E423
:10D770007B6C19067FF504AD23F080037B64EAE43B
:10D78000002E40F0FB81FB6A8BBB7B6C03F4E063F3
:10D79000B3F5E06F00F0EE840023D7F824B0FB620D
:10D7A000F4E47B6C180500F1D581022E7FF4E8AC1F
:10D7B0000326D0E4796C0B0598D561E704F4C063C7
:10D7C000B3F5007F7FF4ABAD24F40074102244F471
:10D7D000A06495E523067FF5A2AD24F080048FE5D3
:10D7E0008D4B33F91220082A3FF788AD97E5D7F81B
:10D7F00024B07B6C23F480737B64C7E444F00104A1
:10D800004FF0000BC7F84C8044F04004DAF80430C5
:10D81000002B3FF7BBABD7F84C80FFF7AEBB44F013
:10D82000010408237B637D4B4FF0030BBB62DAF8E6
:10D830000430002B7FF7A1ABDAF80020784E137884
:10D84000F35C190740F16884334656469A4605E072
:10D85000326013781AF803301B0715D5736809F185
:10D860000109013B002B736002F10102F0DC31463B
:10D87000B86C07F0F3FE002840F0C58232681378D8
:10D880001AF803301B07E9D4B246C7F84C80FFF7FB
:10D8900080BB44F001044FF0020BFFF769BB230586
:10D8A0007FF52EAD12B9082244F40074610500F131
:10D8B000A781FB6B24F4607413B1013BFB6301355A
:10D8C000D9F804300AF1010A013B002BC9F80430F1
:10D8D0003FF720AD4946B86C7A6407F0BFFE7A6C1A
:10D8E00000283FF41AAD1AE55146B86C07F0B6FEB1
:10D8F00000287FF445AC002D7FF476AB40E4DAF8E5
:10D900000420BC6C0FE0DAF8003045491A78013386
:10D910008A5C11077FF5A5A9DAF8042009F101094D
:10D92000013ACAE90032002AEDDC5146204607F0F0
:10D9300095FE0028E7D0FFF794B9002B40F03F8315
:10D940003B6B53F804BB3B6314F0800300F08A8305
:10D95000BBF1000F3FF4E8AA202004F023FE0446A8
:10D9600000283FF4CCA9BB6BCBF80000DE88B3F8ED
:10D970000480464580F082821868BB6B40F826B070
:10D980000136DE802023DAF80000254E0278B25CF2
:10D99000110700F18D823246A0461E464B46914645
:10D9A000DAF80420013ACAF80420421CCAF8002020
:10D9B000027804F8012BA4EB0802BBF1000F02D09F
:10D9C000B24280F05883013D0BD0DAF80420002ADF
:10D9D00040F39883DAF80000027819F80220120761
:10D9E000DED599463346A4EB080189440131002273
:10D9F0002270BBF1000F3FF40CAC8B427FF609ACF8
:10DA0000DBF8000005F06CFD00283FF402ACCBF819
:10DA10000000FFF7FEBB00BF680A02001D4C0100BA
:10DA2000D1050200FB6A002B40F06B813B6B14F0C8
:10DA3000800453F804BB3B6300F04A83BBF1000F42
:10DA40003FF472AA202004F0ADFD064600283FF402
:10DA500056A9BB6BCBF80000DC889A88944280F012
:10DA600029821868BB6B40F824B00134DC80202385
:10DA7000DAF8001007F178080A7818F80220002A6E
:10DA80003FF452AAC7F844903446D946C346984654
:10DA90003046DAF804604B1C013ECAE900360978CA
:10DAA00000F8011B061BB9F1000F01D046456DD2ED
:10DAB0000646013D0BD0DAF80410002940F36D81D1
:10DAC000DAF8001008781BF800000028E0D1341BB9
:10DAD000CB464346D7F844903FF426AA0022327042
:10DAE000BBF1000F03D0611C8B4200F219833B6C29
:10DAF000A14401333B64FFF7B4B87A6C12F0100311
:10DB00007FF4AFA8237002F4C063B3F5806F7FF495
:10DB10006AABBB69FA6A93423FF469AB9A1A07F29F
:10DB2000D2239C4228BF07F2D1242046BC4902F0F0
:10DB3000EBFDFFF75CBB14F08F0F7FF4F5A905EB4D
:10DB4000850502EB4505303DFFF700BA4FF0040BA9
:10DB5000FFF70EBAFB6B9B197FF427AEFFF7F5BA00
:10DB6000FB6B9B197FF4FDADFFF7EFBAFB6B022B4C
:10DB70007FF4E6AD0323FB63FFF7EDBA032E3FF41A
:10DB8000E4AD052E3FF4E1ADFFF7FABA4FEA4808DD
:10DB90002046414605F0A4FC044600283FF4AFA807
:10DBA0000644C9F8000084E7DAF80430002B3FF798
:10DBB000D7AC5146B86C07F051FD00283FF43AADA0
:10DBC0004446D7F83C90FE61002C3FF438ADFFF797
:10DBD0008FB844F4007410237B63924B4FF0030B17
:10DBE000BB62FFF7C5B923F080037B64FB6A013396
:10DBF000FB62FB68002B40F05681013DFFF7AEBA97
:10DC000024F4B064FFF77CBB220740F1A4813B6B96
:10DC10001B681870FFF7A2BB16F8011C5246B86CBF
:10DC2000013E07F0DDFCFFF785BB0A237B637D4BDC
:10DC30004FF0030BBB62FFF79BB944F40874CAE7CB
:10DC400023077FF471A94A78682A00F07881414659
:10DC500044F00404FFF794B814F08F037FF464A930
:10DC6000BA6B002A00F001824A7844F080044146F1
:10DC7000FFF786B8E1060BD43A6B52F8043B3A63DF
:10DC8000220700F19981660740F15482A3F80090C1
:10DC9000C7F84C80FEF7E5BF414607F1780002F077
:10DCA000C7FC4FF0010B44F04004F864AEE52207D6
:10DCB0007FF43AA94A786C2A00F04781414644F043
:10DCC0000104FFF75DB825437FF42EA94A7810249C
:10DCD0004146FFF755B800237B63534B4FF0030BCE
:10DCE000C7F84C80BB6291E5C7F84C80FEF7D5BF02
:10DCF0004FF0000C07F15402E646C7F844C0FFF7A6
:10DD000068BBDAF8003007F178081A7818F80220B2
:10DD1000002A3FF409A90133CAF80030DAF80430C8
:10DD2000012D03F1FF33CAF804301BD0BC6C11E0A5
:10DD3000DAF800301A78013318F8022092B1CAF8E4
:10DD40000030DAF804300BF1010B013B5D45CAF8F5
:10DD5000043007D0002BEBDC5146204607F07EFC58
:10DD60000028E5D0D944FEF77CBF002207F1540318
:10DD70003A627B64BA617A62FFF7EBBB821C3FF4C4
:10DD800013AF7B6C1C68631C7FF41BAC30E4D9F8C8
:10DD90000030042B7FF438AC37E45146B86C07F000
:10DDA0005DFC00283FF48CAEA642CB464346D7F834
:10DDB00044903EF49DAF341B90E61046D90005F028
:10DDC0008FFBB86100283FF4ACA83B6A02197A6463
:10DDD0007A6A5B0010603B6225E4BC687B6C20467D
:10DDE00023F420734246396ABE617B645646AA46D4
:10DDF0007D6802F05FFDBB6904469946FB6A013D00
:10DE0000BB61FFF7ABB9B246FEF772BF4FF0FF330D
:10DE10003B64386C07F53977BD46BDE8F08F00BF2D
:10DE2000D80602001D4C0100AD4A0100022E40F24E
:10DE3000FA81032E3FF4B3A9043EF6B2F543D7F8B6
:10DE40004880254414F8011D5246404607F0C8FB9F
:10DE5000AC42F7D109F1FF39A9EB0609FFF79FB9E9
:10DE60003B6BD3F800807B6C9B0740F18E80C8E948
:10DE70000056FFF7CDB9B146FEF7F3BE4FF6F67385
:10DE800098453EF640AFBB6B08F1080818684FEAAA
:10DE9000880105F025FB00283EF435AFBB6BA3F8E5
:10DEA0000480186069E5FB68013BFB60FFF756B929
:10DEB00001219CE54FF6F6739A423EF624AFBB6B08
:10DEC00002F1080818684FEA880105F009FB0028EC
:10DED0003EF419AFBB6BA3F804801860C2E54FF69F
:10DEE000F6718E42FB62F8633FF61BA8D7F83880C4
:10DEF0000836D8F80000B10005F0F2FA00283FF427
:10DF000010A8FB6AFA6BA8F80460C8F80000FFF7D5
:10DF100057BA4FF6F6739E423FF603A8D7F83880FB
:10DF20000836D8F80000B10005F0DAFA00283EF40F
:10DF3000F8AFA8F80460C8F80000FFF700BB8A78C3
:10DF400044F008040231FEF71BBF8A7844F0020453
:10DF50000231FEF715BF630769D414F0010240F0E7
:10DF60000681A40740F10381BA4BB96AB86C9942A3
:10DF700059467B6B00F0658107F032F80B463A6B2F
:10DF80001168C1E90003FFF7E9B902460B460DF03D
:10DF90004BFA00285FD1284631460DF0A3FAC8F8A5
:10DFA0000000FFF735B9286007F0ECF9002840F0D1
:10DFB000F680C144FFF75BBA83F8009068E6DAF8B0
:10DFC0000030A54E1A78B25C14073EF54AAE013314
:10DFD000CAF80030DAF80430012D03F1FF33CAF833
:10DFE000043008BF09F101093EF43BAE0124D7F823
:10DFF000488011E0DAF800301A780133B25C10077B
:10E0000012D4CAF80030DAF804300134013BA542DA
:10E01000CAF8043000F0C080002BEBDC51464046CB
:10E0200007F01CFB0028E5D0A144FEF71ABE3B6BAD
:10E030001B681880FFF792B95C455E467EF674AFA8
:10E04000BD6C14F8011D5246284607F0C9FAB442C7
:10E05000F7D1FEF769BF814803F03AFAC8F800002B
:10E06000FFF7D6B85C469B468DE482B0CDE902331B
:10E0700002ABBB63F8E5760040463146FB637A6449
:10E0800005F02EFA804600283EF439AE7A6CFB6B20
:10E09000CBF80000841896E43C690A230022B86C8F
:10E0A000611C06F003FD7B69C21A38E54FF00008D9
:10E0B000FFF7F0B97A6C9C469E467B64FFF789B9FE
:10E0C0007B6A7B64FB6A3B62BB617B62FFF741BAA0
:10E0D0005E462346A346CBE4D7F83C90FE61B8F1F8
:10E0E000000F3FF4ACAA4546BE6C0BEB0804013DA3
:10E0F0005246304614F8011D07F072FA002DF6D191
:10E10000FFF79DBA5146B86C7B6407F0A7FA7B6CA9
:10E1100000283FF45FAC64E4C7F84C80FEF739BFD9
:10E12000DBF8000005F0DCF900283FF4E0ACCBF8A8
:10E130000000DCE4E5072CD4A4072AD54FEAE972F5
:10E14000C3F800905A60A3E55146B86C07F086FA10
:10E1500000283FF4A4A92A46D7F824E0D7F82CC019
:10E16000FB6BB8F1000F7EF4C3ADFFF7A7B93B6BB3
:10E17000FFF7F2B87B6C012623F4F0637B64FEF7B3
:10E18000EABF7B6C23F4F0637B640123FB63FEF73F
:10E19000E2BFC3F800907BE5A944FEF762BD2A46C2
:10E1A000D7F824E0D7F82CC0FB6BB8F1000F3FF490
:10E1B00085A90BEB08044546F3469046BE6CC7F8AC
:10E1C0003CC0FB62013D5246304614F8011D07F089
:10E1D00007FA002DF6D14246DE46D7F83CC0FB6A6E
:10E1E000FFF76CB95C455E467EF69EAEBD6C14F8DA
:10E1F000011D5246284607F0F3F9B442F7D1FEF765
:10E2000093BE786AD90005F06BF9786200283EF475
:10E2100088AEFB6A7A6C5B00D7F83C800519106009
:10E22000FB62FFF737B95C457EF67EAE5D4614F8BB
:10E23000011D5246B86C07F0D3F9AC42F7D1FEF796
:10E2400073BE06F0B5FF0B4699E6D7F84C80FFF792
:10E25000F3BA00BF1D4C0100D1050200A80902005D
:10E260007A6C002A4DD13B6B53F8046B3B63230659
:10E270005ED5002E3EF458AE284604F093F9804651
:10E2800000283EF43CADBB6B3060B3F806B09C8810
:10E29000A345C0F093804FF6F6739C423EF633AD33
:10E2A000BB6B08341868A10005F01AF900283EF489
:10E2B0002AADBB6B9C801860BA6B0BF10103D38055
:10E2C00040F82B60CDF800A041462B460122B86CE7
:10E2D00007F0E0F90446002800F09A80A842BFF455
:10E2E00006AC0146306805F0FBF800283FF4FFABB0
:10E2F0003060FFF7FCBB00239C469B469846FEF728
:10E30000BDBD1C46DAE900239D4202EB03014BDD53
:10E31000CAF80010B86C51461C44ED1A07F09EF97B
:10E320000028EFD0002C3EF4E3ACA144FEF799BCEA
:10E33000CDF800A02B4631460122B86C07F0AAF9AF
:10E34000044600287FF4D3ABFEF7D2BCBBF1000F2C
:10E350003EF4EAAD802004F025F9804600283EF422
:10E36000E0ADBB6BCBF80000DE889C88A64219D3D9
:10E370004FF6F6739C423EF6D4ADBB6B083418687A
:10E38000A10005F0ADF800283EF4CBADBB6B9C803E
:10E390001860BB6B40F826B00136DE80C4462023EF
:10E3A000FEF76CBD1868F4E75B1B2A442C44CAF8DE
:10E3B0000430CAF80020A144FEF753BC18687BE77C
:10E3C000FA69911C2FD0032A994402D13368042B97
:10E3D00000D0013D7B6C002B3EF490ADDAF80430A8
:10E3E0000026002B25DD002D7EF44DAD5B46D7F8D1
:10E3F0003CB0A446BBF1000F04D0A8EB0C01B3EB7A
:10E40000A10F30D87B6C002B7EF42BACFEF701BF44
:10E410003B6C002B3EF477ACBAF80C305B067EF513
:10E4200087ADFEF770BCDAF804201E46002A3EF7DE
:10E430002AAD5146B86C07F011F90028D3D05B46DD
:10E44000A446D7F83CB0002E7EF452ACBBF1000FCE
:10E45000D3D1D7E7FB6B00EB060818604FEA4B0BF4
:10E4600008F10408BAE7DBF8000005F039F80028E5
:10E47000C8D0CBF80000C5E72DE9F04FDDB09146DC
:10E4800009911C4683460F9302F02AFF0368184641
:10E490001993FDF7D1FE0822189000212CA8FDF752
:10E4A0005FFBBBF1000F04D0DBF83430002B01F030
:10E4B0003E80099A536EB2F90C20D90702D4970511
:10E4C00040F16E86960406D4099942F4005223F472
:10E4D00000538A814B669D0401F1F883099AB2F9D1
:10E4E0000C30190740F1C7801269002A00F0C38080
:10E4F00003F01A020A2A00F0CD80002300249E4671
:10E50000CDE93133002333AACDE91634DA46144677
:10E510004D46CDE91BEE3092CDF868E0CDF880E0B5
:10E52000CDF874E0CDF82CE0CDF848E02F468B4BC9
:10E53000D3F8E46002F0C2FE0DF1B00C03463A4697
:10E54000504628A9CDF800C0B047002800F0C1808F
:10E55000C0F2B780289B252B01D00744E7E7B7EB33
:10E560000508064640F0B98000224FF0FF3393467D
:10E570000A937B787E1C8DF897200C929946013681
:10E58000A9F120035A2B00F2EB80DFE813F02203FD
:10E59000E900E9001E03E900E900E9000003E900E1
:10E5A000E9006A004D03E90061023003E9002C0331
:10E5B0005B005B005B005B005B005B005B005B0083
:10E5C0005B00E900E900E900E900E900E900E90091
:10E5D0006101E900F101B602610161016101E90037
:10E5E000E900E900E900B202E900E9006502E9009A
:10E5F000E900E9000A02E9009602E900E900BE0626
:10E60000E900E900E900E900E900E900E900E900C2
:10E610006101E900F1013B02610161016101A802B0
:10E620003B02ED01E900CD02E900F102DF06DF0265
:10E63000ED01E9000A027200E206E900E900E606DF
:10E64000E90072000022A9F1300316F8019B02EBE9
:10E65000820203EB4202A9F13003092BF5D90C9297
:10E660008EE70F9B53F8042B002A0C920F93C0F2F5
:10E67000EC81337882E7099D58462946FDF70EFA6A
:10E68000002841F08684B5F90C3003F01A020A2AFA
:10E690007FF433AF0999B1F90E20002AFFF62DAFB0
:10E6A0004A6ED50702D4980541F1E58023464A46D3
:10E6B0005846099901F0F0FC0B900B985DB0BDE84D
:10E6C000F08F082200212CA8FDF74AFA0120074408
:10E6D0002DE7B7EB0508064610D0329BC4E9005879
:10E6E00043443293319B0133072B319310DC0834C0
:10E6F0000B9B43440B93002E7FF436AF329B002BD1
:10E7000041F0A2800022099B3192B3F90C3019E04C
:10E710005046099930AA01F0FFFC80B933ACE7E715
:10E720005046099930AA01F0F7FC002800F08580D6
:10E73000D3460E9B1BB158460E99FDF7B1FE099BBF
:10E74000B3F90C30099A526ED10740F103815B0690
:10E7500001F1C6820B985DB0BDE8F08FD8060020AD
:10E760001096B9F1000FC9D0012300228DF80C9149
:10E77000069343AD8DF897200D93CDE913220E92A9
:10E780000A9211921BF0020302D0069902310691FF
:10E790001BF08408329E05D10C9906980F1A002FA1
:10E7A00000F39B806AB101226260319A0136013226
:10E7B0000DF19701072A32963192216000F3C5834B
:10E7C000083463B102236360319B0236013326AA09
:10E7D000072B32963193226000F3AC830834B8F1F2
:10E7E000800F00F0BD820A9B0D9A9F1A002F00F344
:10E7F000F8821BF4807F40F01C820D9B25601E4434
:10E800006360319B32960133072B319300F33083E1
:10E8100008341BF0040F05D00C9B069A9D1A002D9E
:10E8200000F3A083DDE90B3206998A42ACBF9B1846
:10E830005B180B93002E7FF473AF002331930E9B74
:10E840001BB150460E99FDF72BFE33AC109D6DE6C3
:10E850000F9B1096073323F00703F3E802670F932B
:10E8600027F000431F931E964FF0FF32DDE91E0193
:10E87000B24BCDE916670CF0D7FD002840F0EF84CD
:10E88000DDE91E014FF0FF32AC4B0CF0AFFD00286C
:10E8900040F0E58400220023304639460CF09CFD10
:10E8A000002841F019819DF8972000210320A44DF4
:10E8B000A44B2BF0800B0E910690B9F1470FD8BFF7
:10E8C0001D46CDE913110A910D901191002A3FF4D4
:10E8D00059AF069B0133069354E7102F319A41F349
:10E8E000F181DFF864C221463046099C2E46CDF8FE
:10E8F00054C06546219304E0103F102F01F1080138
:10E9000016DD102301321030072ACDE931200D60C9
:10E910004B60F1DD2146504630AA01F0FDFB002896
:10E920007FF406AFDDE93120103F102F33A9E8DC7A
:10E9300035460C460646219B013215993E44072A6E
:10E94000CDE931262160676000F3E1859DF89720CD
:10E95000083427E79A053FF5FAAE099CA06DFDF74C
:10E9600015FBB4F90C30F2E633784BF0200B05E6DA
:10E970000F9BB9F1430F109603F1040600F02485B4
:10E980001BF0100F40F020850F9B43AD1B688DF8E6
:10E990000C31012306930D9300220F968DF89720DA
:10E9A000EBE600230F9F109657F8045B8DF8973025
:10E9B000002D00F0ED84B9F1530F00F0CE851BF06F
:10E9C0001003119340F0C9850A9B002BC0F22987E0
:10E9D0001A462846119902F02FFD0E90002801F0EA
:10E9E00082820E9B11995B1B0D9323EAE3734FF018
:10E9F0007309CDE913119DF897200F970A9106939B
:10EA00000E9163E71BF0200F10967CD00F9B07330D
:10EA100023F007031846596850F8083B0A460F9040
:10EA20000029C0F202840A990029C0F2748253EAD4
:10EA300002012BF0800740F06F820A9A002A40F012
:10EA40007082BB460D925CAD61E10C9B5B420C9306
:10EA500033784BF0040B91E510964BF0100B1BF044
:10EA6000200200F08E830F9B073323F00703194623
:10EA70005A6851F8083B0F9100212BF48067002061
:10EA80000A9D8DF89700002DC0F22A8153EA0200FA
:10EA900027F0800B40F02381002D40F04D850029A8
:10EAA00040F0C68417F001030D9300F0AC833023CF
:10EAB0000DF26F158DF86F3129E110964BF01007AC
:10EAC00017F0200200F04F830F9B0121073323F042
:10EAD000070318465A6850F8083B0F90CFE7337881
:10EAE000682B03BF73784BF4007B01364BF0400B6F
:10EAF00044E533784BF0080B40E54BF0100B1BF06E
:10EB0000200F109682D10F9A1BF0100F52F8043B81
:10EB10000F9240F085831BF0400F00F07D8343F39C
:10EB2000C03211461BB27BE733786C2B03BF73787E
:10EB30004BF0200B01364BF0100B1FE5FFFFEF7F72
:10EB4000E4060200E00602009C0A020047F63003D9
:10EB50000F9AA948ADF8983052F8043B02210F9261
:10EB60004FF07809002210964BF002071A9086E7C2
:10EB70001BF0200F109600F061830F9B0B9A1B680F
:10EB80001A60D2175A600F9B04330F935EE650460B
:10EB900002F0A6FB436818461D93FDF74DFB20903D
:10EBA0000746504602F09CFB83681B93002F3FF4FE
:10EBB00060AD1B9A3378002A3FF4E0AC1278002A4B
:10EBC0003FF4DCAC4BF4806BD8E433784BF0010BB2
:10EBD000D4E49DF897203378002A7FF4CFAC20222C
:10EBE0008DF89720CAE433784BF0800BC6E43146A9
:10EBF00011F8019BB9F12A0F01F01682A9F1300337
:10EC0000092B98BF002201F2708011F8019B02EBE2
:10EC1000820203EB4202A9F13003092BF5D942EA43
:10EC2000E2730E460A93ABE42B238DF897303378CA
:10EC3000A4E4B9F1650F40F32681DDE91601002255
:10EC400000230CF0BFFB002800F0C78101236360A4
:10EC5000319B6A4A01330136072B32963193226089
:10EC600000F36F840834279B129A934280F2A182AA
:10EC7000189B199A1E44C4E90023319B3296013334
:10EC8000072B319300F379830834129B5D1E002D0E
:10EC90007FF7BFAD102D319B40F3DE80DFF8609130
:10ECA0001027DDF82480CDF8549004E00834103D9E
:10ECB000102D40F3D38001331036072BC4E90097A1
:10ECC000CDE93136F2DD4146504630AA01F024FA52
:10ECD00000287FF42DADDDE9313633ACE7E75F4640
:10ECE000012900F0198102295CAD1ED11A9803F0A8
:10ECF0000F01415C1B0943EA0273120905F8011D6B
:10ED000053EA0201F3D1BB465CAB5B1B0D930A9A3D
:10ED10000D9900238A42B8BF0A46CDE91333069203
:10ED20000E939DF897201193D0E503F00701DB08BF
:10ED300043EA4273D208303153EA0206284605F806
:10ED4000011DF2D1FE07DED53029DCD03023023898
:10ED500005F8013C5CAB1B1ABB4605460D93D6E794
:10ED60000C9B069A9F1A002F7FF73DAD102F319B09
:10ED700041F37A802248224631464FF01008064679
:10ED8000099C159004E0103F102F02F1080215DDD8
:10ED900001331031072BC2E90068CDE93131F2DDD2
:10EDA0002146504630AA01F0B7F900287FF4C0ACE4
:10EDB000DDE93131103F102F33AAE9DC14460E464D
:10EDC0000133159A3E44072BCDE931362260676046
:10EDD00000F3C7820A9B0D9A08349F1A002F7FF711
:10EDE00008AD074A102F319B159229DD32464FF0AE
:10EDF00010082E46099D0AE0F006020020070200D6
:10EE00008C0A0200103F102F04F1080416DD0133B4
:10EE1000B7491032072BC4E90018CDE93132F1DDD2
:10EE20002946504630AA01F077F900287FF480ACDB
:10EE3000DDE93132103F102F33ACE8DC35461646A1
:10EE40000133159A3E44072BCDE9313622606760C5
:10EE500000F37D810834CCE4A54A1592159A01335C
:10EE60002E44072B22606560CDE931367FF7D0ACA8
:10EE70005046099930AA01F04FF900287FF458ACA8
:10EE8000329E33ACC5E4129B319F012B06F1010683
:10EE900007F1010704F1080940F310810123072F4E
:10EEA000CDE931762560636000F3C682189B013797
:10EEB000199A1E44072FC9E90023CDE9317600F3E2
:10EEC000C88209F10809129B0022DDE916015C1EC7
:10EED00000230CF077FA002840F00E81013701354D
:10EEE0002644072FCDE93176C9F80050C9F804400F
:10EEF00000F3F08009F108091C9B01371E44C9F892
:10EF00000430072F2AABCDE93176C9F80030AFDCE9
:10EF100009F108047DE45F460A2B72F1000180F0DC
:10EF2000A58230338DF86F310123BB460D930DF26E
:10EF30006F15ECE65046099930AA01F0EDF800286B
:10EF40007FF4F6AB329E33AC49E45046099930AABF
:10EF5000159301F0E1F800287FF4EAAB329E159B8F
:10EF600033AC2EE4102D319B40F31587DFF88481FC
:10EF70001027DDF82490CDF8548004E0103D102DCA
:10EF800004F1080415DD01331036072BC4E90087AE
:10EF9000CDE93136F2DD4946504630AA01F0BCF8E1
:10EFA00000287FF4C5ABDDE93136103D102D33ACC0
:10EFB000E9DC0133159A2E44072BC4E90025CDE97D
:10EFC00031367FF72FAC5046099930AA01F0A4F8EA
:10EFD00000287FF4ADAB329E24E42799002940F34A
:10EFE000ED80DDE911839845A8BF9846B8F1000F80
:10EFF0000ADD319B46440133072BC4E900583296A1
:10F00000319300F344860834119FB8F1000FA8BF74
:10F01000A7EB0807002F00F30183DDF844901BF4F1
:10F02000806FA94440F05D85279B129A9342C0F2FD
:10F03000E3811BF0010F40F0DF81129AAF18A7EBBC
:10F040000907D51AAF42A8BF2F46002F0BDD319B11
:10F050003E440133072BC4F8009067603296319329
:10F0600000F348860834002FA8BFED1B002D7FF762
:10F07000D0AB102D319B7FF7EFAEDFF874901027E7
:10F08000DDF82480CDF8549004E00834103D102DB4
:10F090007FF7E4AE01331036072BC4E90097CDE9C2
:10F0A0003136F2DD4146504630AA01F035F80028ED
:10F0B0007FF43EABDDE9313633ACE7E71BF0010FFF
:10F0C0007FF4ECAE0123072FCDE931762560636034
:10F0D0007FF712AF5046099930AA01F01DF80028B9
:10F0E0007FF426ABDDE931760DF1CC0904E700BFF2
:10F0F0008C0A02009C0A0200129B012B7FF7FCAED7
:10F10000112B40F37387AB4BCDF828B010259B46ED
:10F11000DDF82480159305E009F10809103C102C56
:10F1200040F3C18201371036072FC9E900B5CDE998
:10F130003176F1DD4146504630AA00F0EDFF00285F
:10F140007FF4F6AADDE931760DF1CC09E6E7504609
:10F15000099930AA00F0E0FF00287FF4E9AA329E66
:10F1600033ACFFF746BB0F9951F8043B0F9117F0F2
:10F1700010014FD117F0400047D00A469BB2012141
:10F180007DE40F9951F8043B0F911BF010017FF4BF
:10F1900073AC1BF0400000F095820A469BB26BE412
:10F1A000099DA86DFCF7EAFEB5F90C206B6EFFF720
:10F1B00089B91BF0010F3FF42CAB59E501236360C3
:10F1C000319B7D4A01330136072B32963193226001
:10F1D00000F32E850834002940F04682129A0BF085
:10F1E000010313433FF415AB189B199A1E44C4E95D
:10F1F0000023319B32960133072B319300F32E838A
:10F2000004F1080241E25CAD81E517F400721CBF15
:10F210000246DBB2012132E41BF4007F40F0EB82B6
:10F22000DA1711460029BFF6FEAB5B425F464FF08E
:10F230002D004FF0010162EB420221E41BF0100FA0
:10F2400040F0E6811BF0400F40F0CF821BF4007FBE
:10F2500000F0DE810F9B0B9A1B681A7093E4DDE9C6
:10F26000160102460B460CF0DFF8002840F0258618
:10F27000B9F1610F00F01785B9F1410F00F0C182BB
:10F280000A9B013300F0118629F02003472B00F080
:10F29000E1850E90DDE91612002A13464BF48078C2
:10F2A000C0F2D38400231593DDE91623CDE9222390
:10F2B000A9F14103252B00F21782DFE813F02103A7
:10F2C000150215021502E102AE0315021502150220
:10F2D0001502150215021502150215021502150276
:10F2E0001502150215021502150215021502150266
:10F2F0001502150215021502150215021502210349
:10F30000150215021502E102AE032C4B10961A935A
:10F310001BF020027ED00F9B073323F00703194612
:10F320005A6851F8083B0F911BF0010F09D053EABE
:10F33000020106D030218DF899904BF0020B8DF828
:10F34000981002212BF48067FFF799BB1096FFF706
:10F3500086BB5F461096FFF7B3BB194B10961A9306
:10F36000D6E75046099930AA00F0D6FE00287FF46F
:10F37000DFA9329E33ACFFF736BA5046099930AA5E
:10F3800000F0CAFE00287FF4D3A9329E33AC7CE49F
:10F390000A9B2946062B28BF06232A460A950E9566
:10F3A000CDE91311074D06930F970D931191FFF7B8
:10F3B0008DBA00BF8C0A0200200702000407020079
:10F3C000F006020018070200082200212EA8FCF710
:10F3D000C7FB0F9A43AD2EAB29465046126805F085
:10F3E0005FFF034601330D9000F004860D9B23EA76
:10F3F000E3730693FFF7D0BA189A19991644C4E933
:10F400000012319A32960132072A319200F34D846C
:10F41000083412E60F9951F8043B0F911BF01001CC
:10F4200082D11BF0400000F054810A469BB27BE77A
:10F430000A9B5CAD0D936AE45046099930AA00F02E
:10F440006BFE00287FF474A9DDE931760DF1CC095B
:10F450002CE55046099930AA00F05EFE00287FF4A2
:10F4600067A9DDE931760DF1CC092CE5CDE90D97E1
:10F4700007F480664FF0000EDFF864B21B9F0DF5B5
:10F48000B87C069406E00A2B72F1000237D343469B
:10F490002246AC46991841F10001ABFB010424F06F
:10F4A000030000EB94004FF0CC34091A581A04FB07
:10F4B00000F462F10009A0FB0B800BFB094404443B
:10F4C000052008F00109A9FB000940184FEA580877
:10F4D000303048EAC4780EF1010E0CF1FF350CF81B
:10F4E000010C6408002ECED039788E45CBD1BEF108
:10F4F000FF0FC8D00A2B72F1000280F0D2821B9756
:10F50000069CCDF848E0DDE90D97FFF7FCBB5046BF
:10F51000099930AA159300F0FFFD00287FF408A98F
:10F520009DF89720329E159B33ACFFF73BB95846A8
:10F53000FCF73CF8FEF7BDBF01295F467FF4D3AB73
:10F54000EFE45046099930AA00F0E6FD00287FF468
:10F55000EFA8329E33ACFFF786BB0DF1B808082246
:10F56000002140462995FCF7FBFA0A9B002BC0F2CC
:10F57000898200260694CDF83490344699460FE0EF
:10F580004346504643A905F08BFE431C06F1040692
:10F59000204400F07984484506DC00F0E484044609
:10F5A000299B9A59002AEBD1DDF834900D94069CE2
:10F5B0000D9B002B00F05183632B40F3FB835046DF
:10F5C000591CFDF769F80546002800F046850E90A5
:10F5D000082200214046FCF7C3FA0D9E2946334617
:10F5E0005046CDF8008029AA05F0ACFE864240F0D6
:10F5F0002D8500230D9ACDE9133322EAE271AB5435
:10F600009DF897200F9706910A931193FFF75EB923
:10F610000F9B0B9A1B681A60FFF7B5BA102F319B2E
:10F6200040F30D852F4932464FF010090E46DDF8A4
:10F630002480159104E00834103F102F40F33E82DF
:10F6400001331032072BC4E90069CDE93132F2DD14
:10F650004146504630AA00F05FFD00287FF468A8BC
:10F66000DDE9313233ACE7E7189B199A1E44C4E94F
:10F670000023319B32960133072B319300F3EE8048
:10F6800004F108020029C0F29983129901330E4453
:10F69000072BCDE93136156051603FF7E9AB02F138
:10F6A0000804FFF7B6B8DDF828B00137159B2644EB
:10F6B000072FCDE93176C9F80030C9F804407FF74B
:10F6C00019AC07E51BF400721CBF0246DBB2FFF762
:10F6D000D3B91BF400721CBF0246DBB224E600BFA4
:10F6E000CDCCCCCC8C0A02000A9B5046019302235D
:10F6F00000932EAB049329AB039327AB0293DDE970
:10F70000222301F0BDFF1BF0010F054640F03F83AF
:10F710002E9B1B1A1293279B1193119BDA1C03DB60
:10F720000A9A9A4280F28E81119BA9F10209013B4B
:10F73000002127935FFA89F2002B8DF8A820B6BF2D
:10F740002D222B22119B8DF8A920B8BFC3F10103F4
:10F75000092B40F36D830DF1BF073A46DFF8D0C2A5
:10F760001E461046ACFB0321C90801EB8102A3EB46
:10F7700042023032632E00F8012C0B4600F1FF32BA
:10F78000EEDC303302F8013C831EBB4280F03A8449
:10F790000DF1A90213F8011BBB4202F8011FF9D1B8
:10F7A0005CAB181AA0F1AD031C93129B1C9A012BA1
:10F7B0001A440D9240F374830D9B189A13440D93D1
:10F7C0002BF4806343F4807B00230D9A149322EA88
:10F7D000E272069213931193159B002B40F0218146
:10F7E0009DF897200A93FFF771B80F9B0B9A1B683F
:10F7F0001A80FFF7C8B943F3C01211465BB2FFF796
:10F800000FB958238DF8993030238DF898300A9B22
:10F810004BF0020B632B00F30083002343AD0E93E8
:10F8200038E52846FCF708FD119B20EAE0714FF00F
:10F830007309CDE913339DF897200F970D900A9324
:10F8400006910E93FFF742B85046099930AA00F08E
:10F8500063FC00283EF456AFFEF771BF504609998D
:10F8600030AA00F059FC00287EF462AFDDE93136A1
:10F87000279933AA06E7886DFCF788FBFEF716BFC9
:10F8800002230A9A0132069200932EAB069E04933D
:10F8900029AB039327AB019602935046DDE922235F
:10F8A00001F0EEFE29F02007462F054618BF452738
:10F8B000064405D12B78302B00F02B82279B1E4469
:10F8C0000022DDE9220100230BF07CFD002840F03E
:10F8D0005A822E9BB34206D230215A1C2E921970A6
:10F8E0002E9B9E42F9D8279A11925B1B472F1293A9
:10F8F0003FF413AF462F00F01A82119B013B17E72C
:10F9000027AADDE9220101F0E7FD00224FF07F5335
:10F910000BF0F0FA02460B46CDE906230022002345
:10F920000BF050FD08B1012327930A9B414A591E51
:10F93000414B2E46B9F1610F08BF1A460D94CDF820
:10F940004490CDF848B01395D346DDE90645894685
:10F9500092460A9207E0002200230BF033FD0028B4
:10F9600040F0EE82B9460022344B204629460BF087
:10F97000C1FA0D4604460BF06DFD80460BF050FABF
:10F9800002460B46204629460BF0FCF81AF80830D0
:10F99000B9F1FF3F324604460D4609F1FF3706F83C
:10F9A000013BD8D11746264B0022CDE90645DA4661
:10F9B000DDE912B5DDF844900D9C0BF02BFD00281D
:10F9C00000F024830A992E9716F8012CC97B334640
:10F9D0008A4209D1302003F8010C2E9B5A1E2E9228
:10F9E00013F8012C8A42F6D0392A0BBF0A9A013249
:10F9F000927AD2B203F8012C33465B1B1293279BF9
:10FA0000B9F1610F119303F1FF33279300F0BA822C
:10FA100050224FF0410901218EE60A9B06930323F1
:10FA200032E72D2200238DF897200A93FEF751BF6D
:10FA3000CDCCCCCC04070200F00602000000304020
:10FA40000000E03FDDE91123934200F3A8811BF0A1
:10FA5000010F119B00F05482189A13440D931BF46C
:10FA6000806F00F05982119B4FF06709002B00F363
:10FA700072810D9B23EAE37306930023C346CDE90D
:10FA80001333A9E6002350461946CDF8008029AA71
:10FA900005F058FC034601330D9000F0F5812995DF
:10FAA00086E5209B1D99ED1A1A46284600F0CCFEEB
:10FAB0007B7803B101374FF0000EE8E416460133BE
:10FAC000159A3E44072BCDE931362260676000F37A
:10FAD000CF810834FFF7A1BA2D228DF89720FEF7C9
:10FAE000E4BE129B2246EB180A93139B4C46002B54
:10FAF0003146DDF85080CDF844B0DDF86C90209EA2
:10FB0000DDF824B014952EDDB8F1000F7DDD08F18D
:10FB1000FF3831981D9B013031440728C2E9003677
:10FB20003291319066DC08320A9B99F800001F1B65
:10FB30008742A8BF0746002F0BDD319839440130BA
:10FB40000728C2E900473291319064DC99F800003F
:10FB50000832002FB4BF0546C51B002D15DC044438
:10FB6000139B002BD0DCB8F1000FD0DCCDF86C90EB
:10FB7000A146149D129B1446EB1899450E4628BFCA
:10FB80009946DDF844B0FFF74FBA102D3198AF4BCE
:10FB900023DD0D9410272C461D4604E0103C102C4C
:10FBA00002F1080216DD0130A84B10310728C2E926
:10FBB0000037CDE93101F1DD5946504630AA00F059
:10FBC000ABFA00287EF4B4ADDDE93101103C102C15
:10FBD00033AAE8DC2B4625460D9C01302944072832
:10FBE000CDE931011360556043DC99F8000008321B
:10FBF0000444B5E75946504630AA00F08DFA002873
:10FC00007EF496AD329933AA8EE7139B09F1FF3942
:10FC1000013B13937DE75946504630AA00F07CFA29
:10FC200000287EF485AD99F80000329933AA90E758
:10FC30005046099930AA00F06FFA00287EF478AD9A
:10FC40002799329E33ACFFF7C6BA22912D2103F1DA
:10FC5000004315912393FFF72BBB0D9B9DF8972035
:10FC6000CDE913330F9706930A9311930E93FEF782
:10FC70002DBE5946504630AA00F04EFA00287EF4B8
:10FC800057AD99F80000329933AA044468E750460A
:10FC9000099930AA00F040FA00287EF449AD329E5E
:10FCA00033ACFFF7B1B97823ACE55046099930AAD7
:10FCB00000F032FA00287EF43BAD279B329E33AC35
:10FCC000FFF7BBB962491591FEF736BEDC0707D4D2
:10FCD000099B9B89980503D4099B986DFCF756F9FD
:10FCE0004FF0FF330B93FEF735BD00230E460A930A
:10FCF000FEF746BC5046099930AA00F00DFA0028DC
:10FD00007EF416AD279D129B329E33AC5D1BFFF730
:10FD1000AAB90022DDE9220100230BF053FB0028E1
:10FD200000F03281279B1E441193731B129311998B
:10FD30000A9A0BF00103002943EA020340F34381CE
:10FD4000002B40F017814FF06609119B0D931BF4B7
:10FD5000806F3FF48EAE1B990B78FF2B00F0728101
:10FD60000026119A304604E001300131FF2B00F0EB
:10FD7000D680934280F2D380D21A4B78002BF3D1F5
:10FD80000B780136F2E7279A33461192ADE50A9BCC
:10FD90004727C61894E52E4A1592FFF70AB9129B19
:10FDA000189A9A18119B0D92002B40F3AB804FF0DC
:10FDB0006709CCE7002343AD0E9309E44F421031AD
:10FDC0001DDADFF888801024CDF8548003E0083273
:10FDD000103F102F15DD01331036072BC2E90084C8
:10FDE000CDE93136F3DD5046099930AA00F094F997
:10FDF00000287EF49DACDDE9313633AAE8E71349EB
:10FE00001591013315993E44072BCDE93136116028
:10FE1000576000F3CB80083237E45046591CFCF79A
:10FE20003BFC0546002800F0E5800E90FFF732BA53
:10FE300000293FD130228DF8AA200DF1AB023033DA
:10FE400002F8013B2AABD31A1C93AEE48C0A0200E1
:10FE50009C0A02000A9B002B7FF41BAA0A9B0E93AC
:10FE600001230A93FFF716BA804A1592FEF7A8BF3E
:10FE70005046099930AA00F04FF900287EF458AC9A
:10FE8000329E33ACFFF7C9B80022D346099B0E92CD
:10FE9000B3F90C3043F04003099A9381FEF749BC53
:10FEA0001BF0010F3FF48CAC86E406230E900A93FE
:10FEB000FFF7F0B90DF1AA02C1E7179B0320002B51
:10FEC000B8BF2D224FF00003A8BF9DF89720194618
:10FED0000E93674D674BB8BF8DF897202BF0800BC2
:10FEE0000690FEF7EABC0A9B4FF07309CDE91300B8
:10FEF0009DF897200F9706930D930A90FEF7E6BCA6
:10FF00000D93ACE5C3F101031A4422EAE2734FF00A
:10FF100067090D920693B0E54FF06709A9E5CDE9B1
:10FF200013061B911192DDE91323209913440D9AB6
:10FF3000C34601FB03230D9323EAE37306934BE4CB
:10FF400049460029DA46DDE912B50D9CDDF84490FA
:10FF5000FFF652AD4B1C30223146334401F8012BE1
:10FF60008B42FBD149E50A9BDDF83490069C0D934A
:10FF7000FFF71EBB1346189A4FF0660913440B4453
:10FF80000D93E4E6702246E5069BC3F10103279337
:10FF900095E4099A536EDF073FF5A2AE93899E055B
:10FFA0003FF59EAE906DFBF7F1FF99E6504609993B
:10FFB00030AA00F0B1F800287EF4BAABDDE93136A2
:10FFC00033AAFFF762BB2BB901234FF066090693F2
:10FFD0000D9352E5189B4FF0660903F1010B0A9B44
:10FFE0005B440D9323EAE373069346E51F4B159399
:10FFF000FFF75BBB099AB2F90C3043F040039381E1
:020000021000EC
:10000000FEF7A0BB02231C93FFF7CFBB0022DDE964
:100010000601194B0BF0D6F900283FF4EDAC18F0AF
:10002000010F3FF4E9ACCDE40F9A73780E4652F815
:10003000041B0F9241EAE1720A92FEF79FBA0B4A43
:1000400015923CE50023CDE913336CE7099BD346B9
:10005000B3F90C3043F040031EE7099BD346B3F9D4
:100060000C300E9043F0400316E700BF8C0A0200EC
:10007000EC060200E80602000000E03F8C4600B5F6
:1000800086461346034A714610685DF804EB6246E3
:10009000FEF7F2B994000020F0B54FF4806400261A
:1000A000ADF26C4D1AADCDE905461F4606460095EA
:1000B000049515468B8916A823F00203ADF80C3081
:1000C0004B6E02941993CB890C46ADF80E30CB6978
:1000D00007934B6A0993FBF749FF2A463B4669465B
:1000E0003046FEF7C9F9051E07DB69463046FBF7C7
:1000F000D9F8002818BF4FF0FF35BDF80C305B066B
:1001000003D5A38943F04003A3811698FBF732FF80
:1001100028460DF26C4DF0BD936810B514461BB91E
:1001200018460023636010BD00F06EF80023A36042
:100130000023636010BD00BF70B500293FD00646A4
:100140000C4610B1436B002B3CD0636EB4F90C200D
:10015000DD0732D4900538D521463046FBF70EF83E
:10016000E36A054633B13046E16998470028B8BFD5
:100170004FF0FF35A3891A0639D4216B41B104F140
:100180004003994202D03046FCF78AF900232363EA
:10019000616C21B13046FCF783F900236364FBF7FF
:1001A00023FA0022636EA281DB071CD5A06DFBF74A
:1001B000E1FEFBF71FFA284670BD002ACCD10025CE
:1001C000284670BDFBF7F2F9BFE7A06DFBF7D6FE3E
:1001D000B4F90C30002BBFD1636ED907EFD4A06DFA
:1001E000FBF7D4FEEBE7A06DFBF7D0FEDEE7304671
:1001F0002169FCF755F9C0E7024B01461868FFF783
:100200009BBF00BF940000209368002B00F0F0809B
:100210002DE9F04FB1F90CC090461CF0080F814653
:100220000C4683B02BD00B694BB31CF00207D8F8F7
:10023000006032D04FF0000A5546D4F824B0E1698E
:10024000AB4FC5B1BD422B46524628BF3B46484640
:10025000D847002840F3C280D8F8083082441B1ADF
:100260002D1AC8F80830002B00F0AE80D4F824B066
:10027000E169002DE6D1D6E900A50836E1E721467F
:100280004846FBF70BFC002840F0AD80B4F90CC0E9
:10029000D8F800601CF00207CCD11CF0010A63D131
:1002A00057462368A16818468B46002F58D01CF487
:1002B000007F00F0B180B9420A4600F2DD801CF4F4
:1002C000906F2FD0216962695D1A02EB420202EB46
:1002D000D2726B1C52103B44934292BF93469B4692
:1002E0001A461CF4806F00F0E68011464846FCF781
:1002F000D3F9002800F0F5802A4621690190FBF728
:1003000025FFA289019B22F4906242F08002A28123
:100310005819C4F814B0ABEB05053A46BB46236147
:10032000A56020603D4600275146019200F00EFA7C
:10033000A1682368019AA1EB0B011A44A160226015
:10034000D8F80830AA445B1BC8F80830002B3BD013
:100350002368A16818468B46B4F90CC0002FA6D1BB
:10036000D6E900A708369EE73846BB463D46002D35
:1003700040D0002845D03A46D4E904C32068AA42B8
:1003800028BF2A466045A16804D901EB030A5245FB
:1003900000F38280934272DC5A464846E169D4F801
:1003A00024C0E047B0F1000A18DDB7EB0A070FD010
:1003B0000120D8F80830D344A3EB0A03A5EB0A05C3
:1003C000C8F80830002BD2D1002003B0BDE8F08F70
:1003D00021464846FAF766FF0028EAD0B4F90C3007
:1003E00043F04003A3814FF0FF3003B0BDE8F08F2E
:1003F00000207047756833460836002DFAD0D3F8D0
:1004000000B02A460A21584601F016F8002865D0A7
:100410000130A0EB0B07AEE722699A4214D365695D
:10042000BD4211D86FF00043BB4228BF3B4693FB4F
:10043000F5F3524605FB03F34846656AE169A847B0
:10044000051ECBDD7F1B7BE7B94228BF39460D4631
:10045000184651462A4600F079F9A1682368491BDD
:100460002B44A16023600029ECD121464846FAF7CD
:1004700019FF0028E6D0B1E7BB463A4652E7594695
:10048000019200F063F9019AA36892469B1AA36057
:1004900023681344236088E75946524600F056F912
:1004A00023682146534448462360FAF7FBFE0028A0
:1004B0003FF47BAF92E7484603F01CF80346002860
:1004C0007FF426AF48462169FBF7EAFF0C22B4F916
:1004D0000C30C9F8002023F0800381E76A1C17461E
:1004E0004AE70C22B4F90C30C9F8002078E700BFC5
:1004F00000FCFF7F2DE9F041B1F90C300C46990763
:1005000096B008D5012204F14303C4E90432236004
:1005100016B0BDE8F081B4F90E100646002926DBBE
:100520006A4600F0E5FE00281FDB019D4FF480685D
:1005300005F47045A5F50055B5FA85F54FF400674B
:100540006D0941463046FCF7A7F8E8B1B4F90C3024
:10055000C4F8148043F0800320602061A3813DBB78
:100560003B43A38116B0BDE8F081B4F90C3013F021
:10057000800519D04FF040080025414630462F46EF
:10058000FCF78AF80028E1D1B4F90C309A05BFD401
:10059000012123F0030304F1430243F00203C4E901
:1005A0000421A3812260B3E74FF480682F46C8E797
:1005B0003046B4F90E1000F0AFFE10B9B4F90C30AB
:1005C000CEE7A38923F0030343F001031BB2C7E77F
:1005D00070B50C46B1F90E10154600291E4696B0AE
:1005E00014DB6A4600F084FE00280FDB01994FF40B
:1005F000806301F47041A1F50051B1FA81F14FF42B
:100600000060490931602B6016B070BDA18911F0FE
:10061000800106D000214023084631602B6016B0CF
:1006200070BD4FF48063084631602B6016B070BD1A
:1006300070B50D7804465E2D25D04FF0000EF446BF
:10064000481C002223466EF307026EF30F226EF35E
:10065000174204F580716EF31F6243F8042B8B423E
:10066000FBD175B18CF00101615500F1010E1EF84E
:10067000013C2D2B0FD05D2B0BD01BB11D467046BE
:10068000F2E7013870BD4FF0010E4D78F446881C3A
:10069000D7E7704670BD90F801C0BCF15D0FEDD09A
:1006A0006545EBDC6E1C0230A21902F8011B131B1E
:1006B000013B9C45F9DCACEB0503013B6545A8BF5C
:1006C00000230EF1020EF518D1E700BF0CB470B58F
:1006D0000C4600256FF000469CB00A4A20AB0592FC
:1006E00053F8042B02A9CDE901341B950496079613
:1006F000069406F0FBFA029B1D701CB0BDE870402A
:1007000002B070470802FFFF0EB470B504466FF0E8
:10071000004600259DB00B4A21AB0B49106853F8E9
:10072000042B059102A9CDE90134049607961B9587
:10073000069406F0DBFA029B1D701DB0BDE8704008
:1007400003B07047940000200802FFFF88420ED9D2
:100750008B1883420BD900EB020C002A6DD0624645
:1007600013F801CD994202F801CDF9D170470F2A53
:100770000FD8034602F1FF3C002A5ED00CF1010CB9
:10078000013B8C4411F8012B614503F8012FF9D18D
:10079000704740EA01039B0750D1A2F1100370B5E6
:1007A00001F1200C23F00F0501F1100E00F11004EF
:1007B000AC441B095EF8105C0EF1100E44F8105C9E
:1007C0005EF81C5C103444F81C5C5EF8185C44F85D
:1007D000185C5EF8145CE64544F8145CEAD1013319
:1007E00012F00C0F01EB031102F00F0400EB0313E6
:1007F00028D08E46043C24F003064FEA940C1E4495
:100800001C1F5EF8045B44F8045FB442F9D10CF19C
:10081000010402F0030203EB840301EB840102F103
:10082000FF3C4AB10CF1010C013B8C4411F8012B47
:10083000614503F8012FF9D170BD7047034602F1FD
:10084000FF3C9BE72246EAE740EA01039B0710B51D
:1008500024D1032A22D98E468446DEF80040714610
:10086000A4F1013323EA040313F0803F0EF1040ED8
:1008700015D1043A032A4CF8044BEED8714601F125
:10088000FF3E52B163461EF8011F541E03F8011BC0
:1008900041B122469C46002AF4D110BD844601F1A4
:1008A000FF3EEEE79444002CF7D003F8011B6345AC
:1008B000FBD110BD40EA01039B0710B4044602D1EE
:1008C000032A8C4615D801F1FF3C52B123461CF88F
:1008D000011F501E03F8011BC1B102461C46002A2D
:1008E000F4D1204610BC7047043A032A44F8040BA4
:1008F00016D9DCF800006146A0F1013323EA0003B9
:1009000013F0803F0CF1040CEED0DCE760B1A018CE
:1009100003F8011B8342FBD1002CE2D110BC7047CD
:10092000614601F1FF3CD0E71846002CD9D1F5E72C
:10093000F8B5114D1149124800F020FD2C4605F183
:10094000A006A5F1200721463846FBF721FB2034FD
:1009500018B9B442F7D10A48F8BD0A4F084C3946D5
:10096000204608F07DF829462046203508F078F822
:10097000B542F4D10248F8BD18070020F80600205F
:10098000F0050020240702002DE9F04F00EB41178D
:1009900005460E468FB0394610461446FBF7F8FA66
:1009A00018B938460FB0BDE8F08F2046A749FBF7CD
:1009B000EFFA002800F0B2802046A549FBF7E8FADC
:1009C00070B32378432B00F0AE80613B192B16D80F
:1009D0006378613B192B12D8A378A3F16102192A1D
:1009E00096BFE37804F1020904F103095F2B08D0F4
:1009F0002E2B00F0BF8213F0BF0F00F0AD80002758
:100A0000CFE799F80130413B192BF8D899F802301B
:100A1000413B192BF3D899F8033009F10309E7E7B3
:100A20000DF1180840468B4900F0A8FC4FF0000972
:100A3000CA46CDF804909DF81830413B342BDED8DF
:100A400001A252F823F000BF430E0100FF0901008C
:100A5000E50D0100FF090100A90D0100FF090100DA
:100A6000750D0100FF0901005B0E0100550D01002D
:100A7000990C0100FF090100FF090100FF090100B5
:100A8000FF090100350C0100FF090100FF09010009
:100A9000EB0B01008B0B01000B0C0100FF090100A7
:100AA000FF090100FF090100FF090100FF09010022
:100AB000FF090100FF090100FF090100FF09010012
:100AC000FF090100FF090100430E0100FF090100B9
:100AD000E50D0100FF090100A90D0100FF0901005A
:100AE000750D0100FF0901005B0E0100550D0100AD
:100AF000990C0100FF090100FF090100FF09010035
:100B0000FF090100350C0100FF090100FF09010088
:100B1000EB0B01008B0B01000B0C010020464C4934
:100B200000F02CFC48E763782D3B012B3FF667AFC4
:100B300004F102090DF118084946404600F01EFC78
:100B400040214046FBF75CF808B1002303704046A3
:100B5000FBF772FB814405E00DF1180840463E4961
:100B600000F00CFC99F80030402B7FF45FAF09F1E6
:100B7000010B58463949FBF70BFA8246002840F032
:100B8000FC8101238146019355E703224046344905
:100B900007F0AAFF00287FF432AF9DF81B303149DF
:100BA0002D2B14BF0DF11B0007A8FBF7F1F900284E
:100BB0007FF425AF40462C4900F0E0FB4FF0010BDD
:100BC0002A4B2B4A022E00F0A881062E04D1414662
:100BD00005F5A57000F0D2FB2146384600F0CEFBAB
:100BE000074638460FB0BDE8F08F4046214907F070
:100BF00015FF00287FF403AF40461E4900F0BEFBFE
:100C00004FF0020B1C4B1D4ADCE740461C4907F025
:100C100005FF30B140461B4907F000FF00287FF474
:100C2000EEAE4046164900F0A9FB4FF0060B164BFE
:100C3000164AC7E74046164907F0F0FE00287FF441
:100C4000DEAE4046134900F099FBB7E728070200E3
:100C500030070200340702003C0702004807020088
:100C6000F8070200FC07020000080200D925010075
:100C70006D4C01008C070200D9270100294D0100AD
:100C8000680702007007020005260100894C010078
:100C9000E8070200F007020004224046C84907F0B6
:100CA00023FF00287FF4ABAE9DF81C302D2B08BF2E
:100CB0009DF81D30523B232B3FF6A1AE01A252F806
:100CC00023F000BF110F0100FF090100070F010011
:100CD000FD0E0100FF090100FF090100FF090100ED
:100CE000FF090100FF090100FF090100FF090100E0
:100CF000FF090100FF090100FF090100FF090100D0
:100D0000FF090100FF090100FF090100FF090100BF
:100D1000FF090100FF090100FF090100FF090100AF
:100D2000FF090100FF090100FF090100FF0901009F
:100D3000FF090100FF090100FF090100FF0901008F
:100D4000FF090100110F0100FF090100070F010059
:100D5000FD0E010040469B4907F060FE00287FF42D
:100D60004EAE4046974900F009FB4FF0080B964BFA
:100D7000964A27E708224046954907F0B5FE002825
:100D80007FF43DAE9DF8203092492D2B14BF08A86A
:100D90000DF1210007F042FE00287FF430AE4046FE
:100DA0008D4900F0EBFA09E7032240468B4907F032
:100DB0009BFE00287FF423AE9DF81B3088492D2B25
:100DC00014BF0DF11B0007A807F028FE00287FF4D0
:100DD00016AE4046834900F0D1FA4FF0030B824B28
:100DE000824AEFE69DF8193003F0DF03502B7FF4C1
:100DF00006AE02227E494046FFF726FD0A2205A9DB
:100E00000DF11A0003F062FE059B1B78002B7FF4A6
:100E1000F6ADB0F5697F3FF4F3AE00F3B88040F271
:100E20006A3398423FF7EBAD40F25133984240F3BA
:100E3000F780704BA0F25230C340DB073FF5BEAEE7
:100E4000DDE540466C4907F0E9FD00287FF4D7ADA9
:100E50004046694900F092FAB0E6032240466749ED
:100E600007F042FE00287FF4CAAD9DF81B30042233
:100E70002D2B14BF0DF11B0B0DF11C0B58466049B7
:100E800007F032FE00287FF4BAAD9BF804300A2246
:100E90002D2B14BF0BF104000BF1050005A903F085
:100EA00015FE431E0F2B83463FF6A9AD0C283FF4D9
:100EB000A6AD059B1B78002B7FF4A1AD51494046A0
:100EC00000F05CFABBF10A0FC4BF31238DF821306A
:100ED0004FF000034C49CCBF0DF122020DF121026D
:100EE000537081FB0B314FEAEB73C3EBA10303EBB0
:100EF0008303ABEB4303303313705FE64046434953
:100F000000F03CFA5AE64046414900F037FA55E60F
:100F10004046404900F032FA50E6414605F59570EA
:100F2000CDE9022300F02AFA029A039B41462846A3
:100F3000C5F8E020C5F8E43085F828B1FAF70EF9D5
:100F4000B9F1000F0CD1BAF1000F09D1BBF1010FBB
:100F500006D09DF81890B9F1550918BF4FF0010956
:100F6000019B13B9C5F8E89036E64FF0FF33C5F89A
:100F7000E83031E609F10109DCE558462649FBF77E
:100F800007F8814670B94FF0010A019053E540F22D
:100F9000654398423FF412AEA0F2E24008287FF683
:100FA0000DAE2CE558461D49FAF7F2FF4FF0000A46
:100FB000B0FA80F9CDF804A04FEA59193BE500BF1B
:100FC000B00702007807020029290100ED4D010059
:100FD000D0070200DC070200E00702007C070200E5
:100FE0008007020084070200692801007D4D01008E
:100FF000AC070200A51101013407020094070200AA
:1010000098070200A007020067666666C007020034
:10101000C8070200B8070200540702006007020078
:1010200040F2E12398423FF4C9AD09DC40F2B51328
:1010300098423FF4C3ADB0F5347F7FF4E0ACBDE53A
:1010400040F2073398427FF4DAACB7E538B50D4685
:101050000E49044601F09EFA08B1037893B90C4B8F
:10106000204653F8251001F095FA08B103784BB9E2
:101070002046084901F08EFA28B10278064B002A72
:1010800008BF184638BD044838BD00BF0808020034
:10109000180C0200100802004408002006292DE95F
:1010A000F84F804665D88B469246002A00F09C8017
:1010B000DFF8EC917B4E4C46354609F1C0072946D6
:1010C0002046203400F05AF9BC4205F12005F6D143
:1010D0009AF800309BBBBBF1000F40F08B800124DD
:1010E0006F4F21464046FFF7B1FF0546FBF7A4F8D6
:1010F0001F283ED838462946013400F03FF9072C16
:1011000007F12007EDD1DFF8A0B101245D46644F5F
:10111000DFF898A13146284600F030F93A462146DA
:101120005046FFF731FC203520362037002872D09A
:101130000134072CEED1BDE8F84FFFF7F9BBBBF146
:10114000000F1BD05046FBF777F81F2811D8584CDA
:10115000514604EB4B14204600F010F92246594644
:101160005248FFF711FC0446FFF7E2FB2046BDE8BA
:10117000F88F16270024C8F80070F7E72F21504693
:10118000FAF73EFD044600287BD042782F2A08BF9C
:10119000431C04D11C4613F8012F2F2AFAD0002A31
:1011A000E7D00125DFF8F8B0A4EB0A021F2AE0DC43
:1011B00051465846013207F073FC237801352F2B36
:1011C00003D114F8013F2F2BFBD0002B48D022462F
:1011D00012F8013F0BB12F2BFAD1072D0BF1200B89
:1011E00091D0A2461446DFE7002948D02F4C04EBEB
:1011F0004114BBE759464046FFF728FF0546FBF779
:101200001BF81F28B5D82A4C294604EB4B1420465E
:1012100000F0B4F8A2E7012CD8F80070AAD001259C
:10122000224EDFF890A006E00135A54209F1200921
:101230000BF1200B9ED05946484600F09FF84A46D5
:1012400029463046FFF7A0FB0028EDD1514648461D
:1012500000F094F84A4629463046FFF795FBE3E74D
:10126000072D3FF450AF124C04EB45142046A4F177
:101270002001203400F082F8BC42F7D143E70E4C45
:1012800074E75046FAF7D8FF1F283FF672AF044CB8
:1012900020465146203400F071F8BC42F8D132E7C4
:1012A00040620020F806002060610020D80600207F
:1012B0002062002030070200F0050020014B93F867
:1012C00028017047D806002003460A4602490868EC
:1012D0001946FFF7E3BE00BF94000020F0307047CE
:1012E00000487047C807002000487047C807002022
:1012F00070B50026074D0446084611462E60EFF7EC
:10130000A2FA431C00D070BD2B68002BFBD02360D9
:1013100070BD00BF545F0020002238B5064D044662
:1013200008462A60EFF7A5FA431C00D038BD2B68A9
:10133000002BFBD0236038BD545F0020002238B55D
:10134000064D044608462A60EFF7F0FA431C00D029
:1013500038BD2B68002BFBD0236038BD545F0020C4
:10136000082802D14FF48050704708B5FAF7BAFD4B
:10137000162203464FF0FF301A6008BD80EA0102D2
:10138000844612F0030F4FD111F0030F32D14DF804
:10139000044D11F0040F51F8043B0BD0A3F10132BE
:1013A0009A4312F0803F04BF4CF8043B51F8043BD1
:1013B00016D100BF51F8044BA3F101329A4312F049
:1013C000803FA4F101320BD14CF8043BA24312F050
:1013D000803F04BF51F8043B4CF8044BEAD023464D
:1013E0000CF8013B13F0FF0F4FEA3323F8D15DF8FF
:1013F000044B704711F0010F06D011F8012B0CF8C7
:10140000012B002A08BF704711F0020FBFD031F83E
:10141000022B12F0FF0F16BF2CF8022B8CF80020C5
:1014200012F47F4FB3D1704711F8012B0CF8012B48
:10143000002AF9D1704700BF5FFA81FC810744D0D0
:101440000346511E22B909E09A0709D0013905D394
:101450001846027801336245F6D170470020704784
:10146000184603290CD80029F8D00346014401E0AE
:101470008B42F3D0184613F8012B6245F8D1704720
:1014800010B50CEB0C24024604EB044402E00439D2
:10149000032915D9104652F8043B6340A3F1013EDD
:1014A0002EEA030313F0803FF1D00346014401E02C
:1014B0008B4208D0184613F8012B6245F8D110BDB5
:1014C00010460029F1D1002010BD1146C9E700BF28
:1014D000004870470000C07FF8B50027DFF858C00B
:1014E00021F00043634504460D46176021D8844629
:1014F00053EA0C0C1DD0DFF844C0164601EA0C0C70
:101500000A46BCF1000F09D100220D4B09F0F2FC94
:101510006FF0350704460A4621F000431B156FF3B0
:101520001E52A3F2FE333B4442F07F55336045F434
:10153000001520462946F8BDFFFFEF7F0000F07F31
:10154000000050432DE9F04F03690C6985B0A342B8
:10155000C0F291808146013C01F1140509F11408A3
:1015600055F8243058F824C001339C45BCFBF3F6F1
:101570004FEA840005EB840708EB840243D34FF065
:10158000000CAA46CDE90105C6466346654693466A
:10159000CDF80C805AF8040BDEF800201FFA80FC0E
:1015A00006FB0C554FEA10484FEA154C06FB08CCD9
:1015B000ADB290B2401B18441FFA8CF3C3EB20432A
:1015C00003EB124380B240EA034057454EF8040B48
:1015D0004FEA1C454FEA2343DCD2DDE90105DDF883
:1015E0000C8058F8003073B9ABF10402904504D375
:1015F00007E0904504F1FF3403D252F80439002B80
:10160000F7D0C9F81040484601F008FD00282EDB4D
:101610004146002255F8040BD1F800C01FFA80FEA5
:101620001FFA8CF3A3EB0E031344020CC2EB23420C
:1016300002EB1C429BB243EA0243AF4241F8043B37
:101640004FEA2242E6D258F8242008EB84036AB914
:10165000043B434504D807E0984504F1FF3403D226
:1016600053F80429002AF7D0C9F810400136304653
:1016700005B0BDE8F08F002005B0BDE8F08F00BFD9
:101680002DE9F04F16461F46816B9DB0CDE90667E8
:10169000299D039049B10123C26B044693408B609E
:1016A0004A6001F007FA0023A363B7F10009B4BF51
:1016B000012300232B60784BBCBF29F00049CDF8F3
:1016C0001C9033EA090300F0AD80DDE906341846CA
:1016D000214600220023CDE9040109F073FE804673
:1016E00068B10123289A13602A9B13B16B4B2A9A85
:1016F00013606B4B089308981DB0BDE8F08F1AABD0
:1017000001931BAB00930398DDE9042301F0E4FD92
:101710005FEA1955824640F09B80DDE91A85454411
:1017200005F23243202B40F38B83C3F1400309FAC7
:1017300003F905F2124326FA03F349EA030009F01C
:101740005FFB0123013D1193A1F1F8710022554B7C
:1017500009F018FA4AA3D3E9002309F0CBFB4AA306
:10176000D3E9002309F010FA064628460F4609F08F
:1017700057FB47A3D3E9002309F0BCFB02460B4605
:101780003046394609F000FA06460F4609F062FE77
:1017900000220446099000233046394609F01CFE19
:1017A000002840F02383099CA8EB050808F1FF33CB
:1017B000162C0A9300F28F81DDE904013A4B03EB0A
:1017C000C403D3E9002309F007FE002872D0631E8A
:1017D00009930023109308F1FF33002BC0F282819C
:1017E00000230B93099B002B6ADA099B0B9A0E933B
:1017F000D21A5B420F9300230993269B0B92092B6D
:1018000068D8052B40F321830025043B2693269BB3
:10181000023B032B00F23F86DFE813F070046D04F7
:101820006404480442F20F73289AC9F3130959EA71
:10183000060913601CD12A9B002B00F04C861B4B21
:10184000089308332A9A089813601DB0BDE8F08FFA
:10185000DDE90412C2F31303084643F07F51CDF8CB
:101860004480A5F2FF35DDF8688041F440116DE752
:101870002A9B002B40F0F5830D4B08933BE700BFFC
:1018800061436F63A787D23FB3C8608B288AC63F86
:10189000FB799F501344D33F0000F07F21070200E3
:1018A000200702000000F83F200D0200600802003F
:1018B0006C080200B8F1000F40F3A88410900B9060
:1018C000DDE9092313440A9300230F93269B0E920C
:1018D000092B96D9002301254FF0FF3B2693279330
:1018E0000C950021039BCDF860B0D963039801F0FB
:1018F000BBF80890002800F0D785039B089ABBF13D
:101900000E0F9A6300F21981002D00F016810E99D6
:10191000002940F34984B44B01F00F0203EBC203EA
:10192000C8054FEA2115D3E9006740F10A84DDE9D3
:101930000401AE4B4FF00309D3E9082309F004FC7E
:10194000CDE9120105F00F058DB1DFF8A082E9079E
:1019500009D5D8E900233046394609F0CBFA0646C6
:101960000F4609F101096D1008F10808EFD1DDE912
:1019700012013B46324609F0E7FB07468846109BBA
:1019800043B1002238464146994B09F025FD002815
:1019900040F01085484609F043FA3A46434609F0BC
:1019A000A9FA0022934B09F0EFF80446A1F1507513
:1019B000BBF1000F00F0AA800E9BCDF848B0199340
:1019C0004146384609F046FD1299874BCDE914454A
:1019D00003EBC10353E902340546CDE9163409F09F
:1019E0001FFA0B4602464146384609F0CBF8089FDD
:1019F0000C9B30357E1CECB2804689463546002B68
:101A000000F06E84DDE9162300207B4909F09CFB81
:101A1000DDE9142309F0B6F83C7042464B46044613
:101A20000D4609F0F7FC002840F0BB84CDF850A02B
:101A3000CDF858B00027AB46A246129D2AE00137E8
:101A4000AF4280F201855046594600226B4B09F0A7
:101A500051FA0022694B82468B464046494609F0BE
:101A600049FA8946804609F0F5FC044609F0D8F9A0
:101A700002460B464046494609F084F83034524647
:101A80005B4606F8014B8046894609F0A5FC002814
:101A900040F0D78442464B460020554909F072F881
:101AA00052465B4609F098FC0028C8D0199B37467F
:101AB000DDF850A0089A03F1010802E0974200F017
:101AC0009F843E4617F8013D392BF7D00133DBB236
:101AD00045463B7079E10123109308F1FF33002B59
:101AE000BFF67EAEC8F101030B9300230A9379E69B
:101AF000484609F095F93A46434609F0FBF90022B9
:101B00003C4B09F041F80446A1F1507538460022DB
:101B10003B4B414609F036F822462B4606460F4617
:101B200009F078FC002840F07A8430463946224695
:101B300005F1004309F050FC28BB1B9B002BC0F2B1
:101B400091800E9A0E2A00F38D80274B0E9A03EB9C
:101B5000C203D3E90034CDE90634279B002B19DA00
:101B6000BBF1000F16DC0ED1DDE906010022244B8B
:101B700009F0C0F902460B46DDE9040109F036FC24
:101B8000002800F04C8400231F46089E0493279BE6
:101B9000DD432DE2089B5D1CDDE90678DDE90401EB
:101BA0003A46434609F0D0FA09F054FC064609F0DB
:101BB00037F93A46434609F09DF902460B46DDE9FE
:101BC000040108F0DFFF089A06F13003BBF1010FB2
:101BD0002F46137000F025830125CDF810A0A846EC
:101BE000DDE9069A2CE000BF200D0200F80C02008F
:101BF0000000F03F00001C400000E03F00002440D7
:101C0000000014404A4653462046294609F09CFAF3
:101C100009F020FC064609F003F94A46534609F04C
:101C200069F908F101080B4602462946204608F0EA
:101C3000A9FF06F13003D84507F8013B00F0EF8219
:101C40000022834B09F056F90022002304460D467A
:101C500009F0B8FB0028D5D00E9D3E46DDF810A057
:101C60000135B2E00C9A002A40F0D68000231F46CE
:101C70000F9E0B9D0C9365B10A9900290B4608DD58
:101C8000A942A8BF2B460B9AED1AD21ACB1A0B9277
:101C90000A930F9B53B10C9B13B1002E40F0FC82B2
:101CA00051460F9A039801F0E9F882460121039802
:101CB00001F004F8099B0490002B40F0BD81269BA5
:101CC000012B40F3D38101200A9A104410F01F0029
:101CD00000F09980C0F12003042B40F3E2810B9BBC
:101CE000C0F11C00034402440B9305440A920B9B71
:101CF000002B05DD51461A46039801F019F982467A
:101D00000A9B002B05DDDDE903011A4601F010F9FD
:101D10000490109B002B40F07481BBF1000F40F346
:101D20004B810C9B002B40F0A2800E9D01350126BB
:101D3000DDE90394DDF8208007E0514600230A2204
:101D4000484600F0C1FE8246013621465046FFF764
:101D5000F9FBB34500F1300008F8010BEDDCBBF1F5
:101D6000000FCCBF5E46012681460024089B03EB92
:101D7000060B51460122039801F0DAF804998246D5
:101D800001F04CF9002840F3F081089A02E09345F5
:101D900000F005821BF8013C5E46392B0BF1FF3B3E
:101DA000F5D001338BF80030DDE90381404600F0C7
:101DB00081FE57B12CB1BC4203D02146404600F011
:101DC00079FE3946039800F075FE5146039800F0FD
:101DD00071FE00233370289B1D602A9B002B3FF46B
:101DE0008AAC08981E601DB0BDE8F08F204609F04F
:101DF00017F832463B4609F0E5FA00287FF4D3ACE9
:101E0000631E0993CFE41C230B9A1D441A440B92C2
:101E10000A9A1A440A926AE7269A012A40F3B08184
:101E20000F9B0BF1FF36B342C0F26B81BBF1000F89
:101E3000A3EB060680F2F7820B9BA3EB0B056EE18A
:101E4000C3F1200306FA03F079E40125DFE400BFC3
:101E500000002440394600230A22039800F034FE93
:101E6000189B0746002B40F307839B460E96002DD8
:101E700005DD39462A46039801F05AF80746099BC2
:101E8000002B40F0ED81B846089B1E46013B03EB5A
:101E90000B04069B03F00103CDE90A43039C04995C
:101EA0005046FFF74FFB39468346504601F0B6F8DF
:101EB000049905464246204601F0D0F8C368014621
:101EC0000BF13009ABBB0990504601F0A7F8099916
:101ED0000990204600F0EEFD099A002A54D1269B75
:101EE0001BB90B9B002B00F0B582002D3FDBB346E6
:101EF0000A9B0BF8019B9E4200F0C98151460023CA
:101F00000A22204600F0E0FD4745824639464FF060
:101F100000034FF00A02204630D000F0D5FD4146C4
:101F200000230A220746204600F0CEFD5E4680468A
:101F3000B5E7039800F0BEFD002D06DB069B03F01D
:101F40000102269B1D432A4329D1514601220398B1
:101F500000F0EEFF0499824601F060F8002840F39B
:101F6000F880B9F1390F00F050820BF131090E9D64
:101F70003C460135474606F8019B15E700F0A4FDF5
:101F80005E46074680468AE7002DC0F29B82269B6C
:101F90001D430B9B1D4300F09582002AA7DDB9F17C
:101FA000390F00F032820E9D09F101033C460135E4
:101FB000474606F8013BF7E6269B022B7FF7B1AEBA
:101FC000BBF1000F40F029815B460522049903987C
:101FD00000F07AFD01460490504601F01FF80028F9
:101FE00040F31B8131230E9D089E013506F8013B0D
:101FF000DDE9030100F05EFD0135002F7FF4E1AE65
:10200000E3E65046049901F009F80028BFF685AED2
:10201000514600230A2203980E9C00F055FD0C9BAC
:102020008246661E002B7FF415AF189B002B40F3F1
:1020300018829B460E9D7AE601461A46039800F0E8
:102040001DFF269B0490012B6FDD00230993049A4A
:10205000136902EB8303186900F0E0FDC0F1200072
:1020600032E69B4B08930333FFF7ECBB069B002B38
:102070007FF429AEDDE90612C2F31303002B7FF4CF
:1020800022AE944B134033B10B9B01330B930A9B4D
:1020900001330A930123099A0993002A3FF413AEEE
:1020A000D5E73FF424AEC0F13C03ADE601230C9329
:1020B000279B0E9A134403F1010B5E46012EB8BF15
:1020C00001261893172E40F30182012204235B009E
:1020D00003F11400B042114602F10102F7D9039B4B
:1020E000D96303E401230C93279B002B38DD9B4627
:1020F0001E461893E6E700230C93D9E700230C93C0
:10210000F2E70F9B0F96F31A0026099A1A440A9BCE
:1021100009925B440A930B9B1D465B440B93012180
:10212000039800F0CBFD0746A5E5069B002B8CD15C
:10213000DDE90601C1F313030A46002BA1D0099083
:1021400085E7DDE904344FF00209CDE91234FFF7E9
:10215000FBBB7FF40CAF19F0010F7FF402AF06E771
:1021600001239B462793FFF7BCBB03D119F0010F56
:102170007FF40BAE5E461BF8013D302BFAD013E620
:10218000119A002A00F09F8003F233430A9A0F9EAF
:102190001A440A920B9A15461A440B92BFE7312350
:1021A000089A01351370FFE500F0FE80DDE90401B7
:1021B0000E9A494B554205F00F0203EBC203D3E9D7
:1021C000002308F097FE2D11CDE9120100F05D818A
:1021D00000234FF0020907468846404EEA070AD519
:1021E000D6E900233846414608F084FE012307461D
:1021F000884609F101096D1006F10806EED1002BA1
:102200007FF4BDABDDE91278FFF7B9BBC8F101037C
:102210000A900B931090FFF753BB089EB7E4DDF8CC
:1022200010A002460B4608F0AFFC03460C46DDE961
:1022300006010E9D1A46CDE9043401352346A84611
:1022400009F0CAF840B9DDE90423DDE9060109F027
:10225000B9F818B1F30701D5089A32E43E46B4E55F
:102260000398796800F000FC0546002800F02381FF
:102270003B6907F10C0102339A000C30F9F766FF55
:1022800001222946039800F053FE8046FCE50E9D8E
:102290003C46013547466CE5039C394632462046AC
:1022A00000F0ECFD074652463946204600F034FD6A
:1022B00051468246204600F0FDFB0F9B9B1B0F936F
:1022C0003FF4F4ACECE41A9BC3F136035EE700BFC5
:1022D0006C0802000000F07F200D0200F80C0200E4
:1022E000DDE91623DDE9140108F004FE089BCDE9C1
:1022F0000C011C70129B012B00F0C580129F089BE3
:1023000011961F4400227C4B4046494608F0F2FDDE
:102310000D46044609F09EF8814608F081FD02460C
:102320000B462046294608F02DFC09F1300906F835
:10233000019BBE4280468946E4D1119D0022DDE921
:102340000C016E4B08F020FC02460B464046494605
:1023500009F060F800286ED1DDE90C230020674900
:1023600008F010FC02460B464046494609F034F896
:1023700080B91B9B002BFFF679AC0E9B0E2B3FF711
:1023800075AC5F4B0E9A03EBC203D3E90034CDE981
:10239000063401E417F8013C3E46302B07F1FF37C5
:1023A000F8D0199D013510E54FF00209DDE90478F8
:1023B000FFF7E5BABBF1000F3FF49AAB189C002C75
:1023C0007FF7BBAB0E9B3846013B41460022199379
:1023D000494B08F08FFD02468846174609F1010077
:1023E00008F01EFD3A46434608F084FD0022454BA6
:1023F00008F0CAFB1294A1F150750446FFF7E0BA49
:10240000312308F10108FFF763BBB34639230E9D62
:102410003C46089A474601350BF8013BBAE40023D5
:102420001F460493DEE50A9B5B440A930B9B1D4603
:102430005B440B9373E6199B089A03F10108FFF7BD
:1024400040BBDDF850A0ACE7DDF850A0DDF858B097
:10245000FFF773BBB9F1390FD7D0002D3FF785AD2A
:1024600085E5269B022B03DC0E9DDDF860B05EE463
:10247000DDF860B00E96A3E5269B022BF8DCDDF8B4
:1024800060B00E96F3E4374658E74FF00209DDE9F5
:102490001278FFF774BA0025039B29461846DD63BE
:1024A00000F0E2FA0890D0B9002240F2AF11164BCA
:1024B000164806F049FB024640F2EF21124B134842
:1024C00006F042FB002A3FF740AD50E50021039B98
:1024D000D963FFF70BBA0E4B0893FFF70CB9039BB8
:1024E000089A4FF0FF3B9A6301232795CDF860B01F
:1024F0000C93FFF722BB00BF000024400000E03F28
:10250000200D020000001C40700802008408020038
:10251000600802002DE9F047DFF8749007460E4688
:10252000904606F06DFBD9F800504DB133781C464B
:102530006BB1344602E014F8013F3BB13D2BFAD1B8
:10254000384606F063FB0020BDE8F087A41B28682E
:102550000028F5D022463146F9F7BAFB28B9286899
:10256000035D00EB040A3D2B04D055F8040F00284E
:10257000F0D1E5E7D9F800303846EB1A9B10C8F8DF
:10258000003006F043FB0AF10100BDE8F08700BF10
:102590002000002000B583B001AAFFF7BBFF03B005
:1025A0005DF804FB024B01461868FAF775B800BFE6
:1025B00094000020024B01461868F9F771BF00BF74
:1025C0009400002010B4034CD4F8E440A44610BC9E
:1025D000604700BFD806002082B049B15AB16BB144
:1025E00013780B601278101E18BF012002B07047DC
:1025F00001A9002AF3D1104602B070476FF0010024
:10260000F4E700BFF0B583B08646089E002937D0B6
:102610009AB3002B00F0C48035683DBB14784FF0AE
:10262000010C44B37F2C58DDA4F1C0001F2829D829
:10263000347125B901208342306000F0B18012F876
:102640000C300CF10100A3F180023F2A00F29E80C1
:10265000C12C40F39B80A40103F03F0304F4F86411
:102660001C43002333600C6003B0F0BD34794FF09D
:10267000000C002CD6D10C603460002003B0F0BDFB
:1026800001A9C5E7A4F1E0000F282CD83471002D72
:1026900066D0581C18BF0133012D65D07779E02C26
:1026A00072D0A7F180003F2870D8012D777173D0C8
:1026B00012F80C200CF10100A2F180033F2B65D829
:1026C0002303BF019BB207F47C6702F03F023B4348
:1026D0001343002232600B60D0E7002301203360F7
:1026E0000C6003B0F0BDA4F1F00004284ED83471A2
:1026F000002D3FD05F1C18BF0133012D3ED07779EC
:10270000F02C50D0F42C63D0A7F180003F283DD8A6
:10271000012D77714AD0581C306818BF0133022848
:1027200048D0B579A5F180033F2B2FD812F80C20A3
:102730000CF10100A2F180033F2B27D8A3043F0333
:1027400003F4E01307F47C37AD013B4305F47C65EB
:1027500002F03F022B43134300220B6032608DE7EF
:102760000120834230601BD012F80C7001250CF15F
:10277000010C94E701208342306011D012F80C70F4
:1027800001250CF1010CBBE79F2F8ADC8A234FF057
:10279000FF30CEF8003071E702208342306087D1ED
:1027A0006FF001006AE78F2FAEDCEFE70220834273
:1027B0003060F5D012F80C500CF1010CA5F180003E
:1027C0003F28E3D803208342B5713060AED1E7E7FC
:1027D0008F2F99DDDAE700BF30B482B08446049DC4
:1027E000002930D0002A31D0002B39D02868147845
:1027F00048B1012816D00C601078003818BF0120AD
:1028000002B030BC7047A4F181001E2803D9A4F1A6
:10281000E0000F28EFD8012083422C7128601FD0E0
:1028200002205478A4F140033E2B03D9A4F1800385
:102830007C2B0FD82B7904EB032400230C602B6036
:1028400002B030BC704701A9002ACDD1104602B0B9
:1028500030BC70478A234FF0FF30CCF80030CFE710
:102860006FF00100CCE700BF30B583B08646069D0F
:10287000002940D0002A41D0002B4BD02868147882
:1028800058B10128A44618D0022841D00C60107815
:10289000003818BF012003B030BDA4F18E0001281C
:1028A00003D9A4F1A1005D28F0D8012083422C7146
:1028B00028602FD0022092F801C0ACF1A1045D2C59
:1028C0002BD82C798F2C1CD10224984285F805C076
:1028D0002C601FD212F800C00130ACF1A1035D2BB7
:1028E0001BD800226B790CF07F0C0CEB03230B60E0
:1028F0002A6003B030BD01A9002ABDD1104603B043
:1029000030BD00220CEB04240C602A6003B030BD03
:102910000120E2E76FF00100BDE78A234FF0FF30AE
:10292000CEF80030B7E700BF2DE9F04F83B0804606
:10293000DDF8309089B39AB3002B00F0878094467D
:10294000E3461CF8015B4FF0010E99F80040DFF8F8
:1029500010A14448002D48D0A5F11B06F7B22F2F37
:1029600024D82F2E22D8DFE806F06D212121212145
:102970002121216B212121632121212121212121BB
:1029800021212121212121212121212121212165F3
:102990002167212121212121216901A9002ACBD1EF
:1029A0000120C9F8002003B0BDE8F08FA5F1210691
:1029B0005D2E8CBF0827072704EBC4040619F65DBB
:1029C0005444E45D052E44D8DFE806F021031311DA
:1029D000052A89F8045073450EF1010534D9AE4635
:1029E000E3461CF8015B002DB6D10627E4E76246FA
:1029F000F1E701237046C9F8003099F804209BF8EC
:102A0000003003EB02230B6003B0BDE8F08F00231E
:102A10007046C9F8003013780B6003B0BDE8F08F42
:102A200000231846C9F800300B6003B0BDE8F08FF2
:102A30000227C1E70327BFE70427BDE70527BBE758
:102A40000127B9E70027B7E7C9F800406FF0010098
:102A5000DAE78A234FF0FF30C8F80030D4E700BF30
:102A60007C0C0200340C020038B5436C05460C4661
:102A70004BB153F8240080B1026843F824200023AE
:102A8000C0E9033338BD2122042106F083F8034650
:102A900068640028EDD1002038BD0121284601FAE4
:102AA00004F56A1D920006F075F80028F3D0C0E91D
:102AB0000145E4E731B1436C4A6853F822000860ED
:102AC00043F82210704700BF2DE9F0414FF0000E8F
:102AD0000E461C460D69074601F1140001680EF10F
:102AE000010E8BB202FB0343090C4FEA134C02FBAD
:102AF00001CC9BB203EB0C43754540F8043B4FEA15
:102B00001C44EBDC3CB1B368AB4207DD06EB85034C
:102B100001355C6135613046BDE8F0817168384649
:102B20000131FFF7A1FF8046A8B1326906F10C011F
:102B3000023292000C30F9F709FB7B6C726853F893
:102B40002210316043F82260464606EB85030135CA
:102B50005C613561DFE70246BA21024B024805F0AD
:102B6000F3FF00BF70080200080902002DE9F843D6
:102B70001E460C4626490833174681FB032C092EB6
:102B80004FEAE3730546C3EB6C0339DD4FF0010CEC
:102B900000214FEA4C0C634501F10101F9DC2846A4
:102BA000FFF762FF014668B3089B092F43614FF0AE
:102BB0000103036112DC09270A34BE420BDDF61B58
:102BC000264414F8013B0A222846303BFFF77CFFDD
:102BD000B4420146F5D10846BDE8F88304F109097D
:102BE000C8463C4418F8013B0A222846303BFFF710
:102BF0006BFFA0450146F5D1A7F108044C44DCE782
:102C00000021CCE70246D321024B034805F09CFF8C
:102C1000398EE3387008020008090200B0F5803FE1
:102C200003463ABF102083400020B3F1807F3CBFB1
:102C30001B020830B3F1805F3CBF1B010430B3F1CD
:102C4000804F03D3002B06DB013070479B0003D479
:102C50005B0003D420207047023070470330704778
:102C60000368014613F0070209D0DA0721D4980758
:102C70004BBF5B089B08012002200B60704798B295
:102C8000A0B11046DAB20AB908301B0A1A0704BF0D
:102C90001B0904309A0704BF9B080230DA0703D4EB
:102CA0005B0800F1010006D00B6070471020C340A4
:102CB000E8E7002070472020704700BF38B5436C1C
:102CC00004460D464BB15868B0B102685A60002204
:102CD00001234561C0E9032338BD2122042105F009
:102CE00059FF034660640028EDD1002240F24511EF
:102CF000074B084805F028FF1C220121204605F05B
:102D000049FF0028F1D001220223C0E90123DEE7B8
:102D100070080200080902002DE9F04FD1F8108078
:102D200015690E46A845924685B005DB2A465346EE
:102D300045468A4690461E46DAF80830DAF804100E
:102D400005EB0804A342B8BF0131FFF78DFE002850
:102D500000F0898000F1140707EB840E774505D257
:102D60003B46002243F8042B9E45FBD8143606EB65
:102D700088080AF11409464509EB850566D2A5EBDA
:102D80000A03153B23F003030AF1150A04335545E2
:102D90002CBF9B464FF0040BCDF808E08246AE46B0
:102DA000039405E0090C2AD1B04507F104074AD97C
:102DB00056F8041B8DB2002DF4D0CC463C460023BF
:102DC00001965CF8040B216886B28AB205FB0622E4
:102DD000000C090C05FB00111A4401EB124192B2E0
:102DE00042EA0142E64544F8042B4FEA1143E8D891
:102DF000019E47F80B3056F8041C090CD4D0002271
:102E00003B6848461D463C46944602889BB201FBFF
:102E100002C202EB154243EA024344F8043B50F875
:102E2000043B25684FEA134CABB201FB0C337045F1
:102E300003EB12434FEA134CE7D3B04547F80B308E
:102E400007F10407B4D8DDE902E45046002C02DCA7
:102E500005E0013C03D05EF8043D002BF9D004618D
:102E600005B0BDE8F08F02464FF4B171014B024846
:102E700005F06AFE700802000809020012F0030360
:102E80002DE9F041144607462CD10E46A4101CD063
:102E90003D6C85B3E3074FF0000806D4641014D0EE
:102EA0002868A8B10546E307F8D52A4631463846D2
:102EB000FFF732FF36B17B6C716853F82120326026
:102EC00043F8216064100646EAD13046BDE8F0813F
:102ED0002A4629463846FFF71FFF28600546C0F8F6
:102EE0000080E0E70F4A013B52F823200023FFF760
:102EF000EBFD0646CAE701213846FFF7B5FD05465A
:102F000040B140F271230122C0E904230023386458
:102F10000360BFE7024640F24511034B034805F04A
:102F200013FE00BFC40C0200700802000809020072
:102F30002DE9F0470C462769A36807EB62177D1C53
:102F40009D429046064649684FEA621904DD5B00DF
:102F50009D4201F10101FADC3046FFF785FD0028B2
:102F600051D0B9F1000F00F114010FDD0B464FF005
:102F7000000C09F105024FEA820E00EB820243F8D1
:102F800004CB9342FBD1AEF114031944226904F13E
:102F9000140318F01F0803EB820C2CD08E464FF060
:102FA000000AC8F120091A6802FA08F242EA0A0285
:102FB0004EF8042B53F8042B9C4522FA09FAF2D858
:102FC000ACEB0403153B23F00303043304F11502B7
:102FD000944538BF042341F803A0BAF1000F00D193
:102FE0003D46736C6268056153F82210216043F816
:102FF0002240BDE8F087043953F8042B9C4541F882
:10300000042FF9D8ECE702464FF4EF71014B024868
:1030100005F09AFD700802000809020084460B6959
:103020000069C01A15D10CF1140C14310CEB830299
:1030300010B401EB830301E0944508D252F8044D2B
:1030400053F8041D8C42F7D004D24FF0FF3010BC6F
:1030500070477047012010BC704700BF2DE9F04F4A
:1030600014460A6923698846D21A002A83B040F0C0
:10307000888001F1140604F1140202EB830206EBCE
:10308000830301E09E427FD253F8045D52F8041D91
:103090008D42F7D076D32346002544469846616892
:1030A000FFF7E2FC002800F0898000F1140949468E
:1030B0004FF0000C2769D8F8106004F1140B08F1E8
:1030C000140EC56004F110020EEB86060BEB870AA6
:1030D000CDF804B05EF8044B52F8045F1FFA84FB8D
:1030E000ABB2A3EB0B03240C6344C4EB154404EB19
:1030F00023449BB243EA0443764541F8043B4FEA3C
:10310000244CE7D808F115018E4234BF002101217B
:10311000A6EB0806153EB608002906F101024FEAA3
:10312000820208BF0422DDF804B00BEB0204A245C2
:103130004A4434D915462146E04651F8046BB3B2EF
:1031400063444FEA164E0EEB234E06EB08039BB288
:1031500043EA0E438A454FEA2E4C45F8043BEBD830
:103160000AF1FF3AAAEB040A2AF0030A524423B9EF
:1031700052F8043D013F002BFAD0076103B0BDE8CF
:10318000F08F88DA01258AE70021FFF76DFC70B126
:1031900001220023C0E9042303B0BDE8F08F002919
:1031A0004FEA860608BF002609EB0602DFE7024663
:1031B00040F23721054B064805F0C6FC024640F2B6
:1031C0004521024B024805F0BFFC00BF7008020019
:1031D00008090200124B0A460B40A3F15073002B62
:1031E00003DD00221946104670475B42B3F1A07F11
:1031F0004FEA235106DA4FF4002300220B4119460F
:103200001046704714391E29D4BF4FF000420122E6
:103210004FF00003D8BFCA4010461946704700BFA0
:103220000000F07FF8B5046900F1140202EB840499
:1032300054F8045C261F2846FFF7F0FC0346C0F153
:1032400020000A2B086030DDB242A3F10B071AD22E
:1032500054F8083C1FB3C7F1200C23FA0CF1BD4011
:1032600045EA0106A4F1080546F07F51AA4203FA97
:1032700007F341F4401116D254F80C2C22FA0CF248
:1032800013431846F8BD0B2B08D0002305FA07F7A7
:1032900047F07F51184641F44011F8BD002345F036
:1032A0007F5141F440111846F8BDB2422CBF0022B4
:1032B00054F8082CC3F10B0703F1150325FA07FC9A
:1032C00038BFFA4005FA03F34CF07F511343184618
:1032D00041F44011F8BD00BFF0B5012183B016469E
:1032E0001F46FFF7C1FB0546002847D0C7F30A5425
:1032F000C7F313030CB143F48013002E019314D1D0
:1033000001A8FFF7ADFC0122019B20306B612A610F
:1033100014B3089BA4F2334404441C60099BC0F11D
:1033200035001860284603B0F0BD68460096FFF7E8
:1033300097FC019B00B30099C0F1200203FA02F24E
:10334000C34001930A43002B6A610CBF0122022291
:10335000AB612A61002CDCD105EB8201A0F2324383
:10336000086908990B60FFF759FC099BC0EB4210F4
:103370001860284603B0F0BD009AE4E7024640F228
:103380000F31024B024805F0DFFB00BF700802005E
:10339000080902002DE9F04383B08846694681465A
:1033A000FFF740FF04460D46404601A9FFF73AFFEC
:1033B000D9F81030D8F81020A3EB020CDDE9003268
:1033C0009B1A03EB4C13002B0BDD05EB03573D461B
:1033D00002460B462046294607F0B6FE03B0BDE87C
:1033E000F083C3EB033301EB03594946F0E700BF19
:1033F000172870B506460ADD002000240749084D4D
:1034000022462B4607F076FD013EF9D170BD054BF3
:1034100003EBC003D3E9000170BD00BF0000F03F23
:1034200000002440200D020001F1FF3C116902F16F
:1034300014034FEA6C1C03EB81010CF1010C8B426D
:1034400000EB8C0C16D210B5A0F1040E53F8044B0F
:1034500099424EF8044FF9D88B1A153B23F0030319
:1034600004331844844504D9002340F8043B8445C0
:10347000FBD810BD844505D9002340F8043B8445A2
:10348000FBD87047704700BF03694A11934200F1AF
:10349000140009DA00EB830302E053F8042DA2B90B
:1034A0008342FAD80020704700EB8203F8DD11F068
:1034B0001F01F5D010B450F8224024FA01F28A40DE
:1034C000944208D0012010BC70470120704753F887
:1034D000042D002AF6D18342F9D8002010BC704791
:1034E00003460A4602490868194600F003B800BFBF
:1034F000940000202DE9F84F1646002900F0968030
:103500000C46804606F10B05F9F77AFB54F8041CCB
:10351000162DA4F1080921F0030758D81025AE4252
:1035200058D8AF4260DABF4B09EB070C9A68DCF859
:103530000400624500F0908020F0010363445B6862
:10354000DB0768D420F003003B189D4247DDCB0722
:1035500012D454F8083CA9EB030BDBF8043023F039
:103560000302104400EB070A554540F3F68007EBD1
:10357000020A554540F3CC8031464046F9F78CF8B5
:103580000646002800F0218154F8043CA0F108020E
:1035900023F001034B44934200F0B4803A1F242AE5
:1035A00000F2D780132A00F2A28003462246116857
:1035B00019605168596092689A6021464046F8F750
:1035C0006FFF4046F9F722FB3046BDE8F88F35F033
:1035D0000705A4D50C23C8F80030002618E01F46C4
:1035E000DCE90223D3609A60D9F804307A1B0F2AF1
:1035F00003F0010309EB07001DD83B43C9F8043071
:10360000436843F0010343604046F9F7FFFA26465A
:103610003046BDE8F88FC907AED454F8083CA9EB92
:10362000030BDBF8043023F00302A0E71146BDE8EA
:10363000F84FF9F731B82B4309EB050142F00102CD
:10364000C9F804304A604368083143F0010343601D
:103650004046F8F725FFD7E720F00300C21905F12F
:10366000100C624580F29280CA0785D454F8082C69
:10367000A9EB020BDBF8042022F00302104400EB5C
:10368000070AD4453FF773AF5E46DBF80C1056F8D7
:10369000080F3A1F242AC160886000F2B080132A04
:1036A00040F2AB8021681B2ACBF808106168CBF888
:1036B0000C1000F2AA8008340BF11002216811608E
:1036C00061685160A1689160AAEB05020BEB0501EE
:1036D00042F0010299604A60DBF80430404603F092
:1036E00001032B43CBF80430F9F790FA90E72368F5
:1036F0001B2A0360636843603DD804F1080200F1AF
:10370000080354E750F8043C23F003031F446BE71D
:103710005E463A1FDBF80C3056F8081F242ACB60AF
:10372000996023D8132A1FD923681B2ACBF80830A5
:103730006368CBF80C303CD808340BF110032268D6
:103740001A6062685A60A2689A6034465746D94641
:103750004AE72146FCF7FAFF2FE7DCE902135E4651
:10376000CB603A1F9960D5E73346E8E721463046FB
:10377000FCF7ECFFE9E7A368242A8360E368C360F1
:1037800027D004F1100200F1100310E7521B09EBDF
:10379000050142F0010299604A6054F8043C404639
:1037A00003F001032B4344F8043CF9F72FFA2646B3
:1037B0002EE7A368242ACBF81030E368CBF8143046
:1037C00010D010340BF11803B9E74046F9F71EFA90
:1037D00003E7236904F1180203616369436100F19F
:1037E0001803E4E623691834CBF8183054F8043C85
:1037F000CBF81C300BF12003A1E732465EE72146EF
:103800003046FCF7A3FF074B5EE7A168242ACBF8FC
:103810001010E168CBF8141006D010340BF1180228
:103820004CE700BFE801002022691834CBF81820CB
:1038300054F8042CCBF81C200BF120023EE700BF0B
:103840002DE9F04F9FB08846079200210022002406
:10385000CDE90412834641461A9419910F4611F896
:10386000012B2D2A5ED801A050F822F0433A010026
:1038700025390100253901002539010025390100CC
:1038800025390100253901002539010025390100BC
:103890005B3801005B3801005B3801005B380100D8
:1038A0005B38010025390100253901002539010067
:1038B000253901002539010025390100253901008C
:1038C000253901002539010025390100253901007C
:1038D000253901002539010025390100253901006C
:1038E0002539010025390100253901005B38010027
:1038F000253901002539010025390100253901004C
:10390000253901002539010025390100253901003B
:103910002539010025390100C53F01002539010085
:10392000D93F010000210891302A00F09580002342
:1039300009932F2A144640F2EF844FF000093846CD
:103940004E464D4613E00130082D1990C8BF09EBD3
:1039500089090478C6BF02EB4902A2F13009A3F13C
:1039600030062F2C224605F1010540F3B48006EB0A
:103970008603392C02EB4303E5DD0122AB49F8F75E
:10398000A7F9002879D1199A1346013219925C7867
:10399000002D40F08D85302C40F03B8513461846B5
:1039A000013319931C78302CF9D0C2F10102104474
:1039B000A4F13103082B37D8199F012539464FF060
:1039C000000A431CA4F1300E0C93002006EB86067F
:1039D0000EEB46064B1C19934C78A4F13002092AD1
:1039E00000F2E082964619990130002AF2D00128AF
:1039F000D8BF05F1010C40F3878400EB050C0CF1F6
:103A0000FF340A9703E07E00AC4200F07C84082D6E
:103A100006EB860705F10105F5DD102DDCBF09EB8E
:103A200089094FEA4909EFE7652C40F0D8824FF049
:103A3000000A0123CDF830A00A93099B034340F00C
:103A4000BF82079B002600270BB1C3F800803046D9
:103A500039461FB0BDE8F08F7A7802F0DF02582AAD
:103A600000F01284013719973A78302AFAD0002AE8
:103A700000F08182012309935BE70020AA460C90A5
:103A80000A90652C34D0452C32D000231093002DA1
:103A90007AD1099B034340F06E820A9B002BD0D160
:103AA000692C00F0898400F35F84492C00F0848441
:103AB0004E2CC6D15E4919A805F0D4FB0028C0D011
:103AC000199B1B78282B00F0A5855A4805F036F87D
:103AD00006460F4651E201225449F8F7F9F800284A
:103AE000CBD1199BAA465A1C19925C780C9074E7AA
:103AF000002DA2D0DDF8648008F10103199398F835
:103B000001402B2C00F059822D2C00F04E824FF0FA
:103B1000000CA4F13001092900F23F82302C199BDE
:103B20000AD1013319931C78302CFAD0A4F1310258
:103B3000082AAAD8A4F130015A1C19925C782F2CBB
:103B400040F3FE8396460B9308E0013219929EF8EB
:103B50000140A3F130012F2C06DD964601EB8103D5
:103B6000392C04EB4303F0DD0B9BD21A082A40F3F7
:103B7000E78344F61F631093BCF1000F87D0109BBE
:103B80005B421093002D84D00C9A109BBAF1000F69
:103B900008BFAA469B1A102D30460B932C46A8BF8F
:103BA000102407F02DF902460B46092DCDE9042318
:103BB00016DD214B03EBC40353E9122307F09AF9F6
:103BC000024648469046894607F01AF902460B46D7
:103BD0004046494606F0D8FF0F2DCDE904012DDC03
:103BE0000B9B002B00F020830B9B40F35282162B83
:103BF00040F3AD830B9AC5F1250393421EDBDDE94B
:103C000004230D4CC5F10F0504EBC501D1E90001FA
:103C100007F070F90B9B5D1B04EBC504D4E900238E
:103C200007F068F906460F46A7E100BF1808020032
:103C300098090200A8090200200D02000B9B2C1B12
:103C40001C44002C40F3D18114F00F000AD0DDE9B0
:103C50000423354901EBC001D1E9000107F04AF91D
:103C6000CDE9040134F00F0340D0B3F59A7F00F39F
:103C7000B883102B4FEA231440F31E85DDE90401BD
:103C800000232A4A0997904699461746E20704D529
:103C9000D8E9002307F02EF901236410012C09F163
:103CA000010908F10808F1D13A46099F0BB1CDE9A5
:103CB0000401059B02EBC901A3F154730593DDE9EF
:103CC0000423D1E9000107F015F9194B194A0B40FB
:103CD0009342CDE9040100F28483174A934240F2F3
:103CE00041844FF0FF33154CCDE9043400230A938F
:103CF0002B465246394658460096FEF737FF149039
:103D0000002800F06E83109A0C9B4FF0000A9B1A5B
:103D10000B9ACDF824A0002AA8BF0023109322EA12
:103D2000E2731593E5E000BF200D0200F80C0200DD
:103D30000000F07F0000A07C0000907CFFFFEF7F80
:103D4000D21A1F2AA4EB020400F33282012393400B
:103D50001E4600250A9BA0444C44A14598444B466E
:103D6000A8BF23464345A8BF4346002B04DDE41A01
:103D7000A8EB0308A9EB0309109B002B00F3BE81FD
:103D8000002C00F3D4810B9B002B00F30782B8F1C9
:103D9000000F00F3F781B9F1000F08DD51464A46E4
:103DA0005846FFF7C5F88246002800F0F4813A46ED
:103DB00058461A99FFF752F90990002800F0EB8154
:103DC0000023099AD168D36011915146FFF726F973
:103DD0000028C0F2EA83DDF8149000F076835146A3
:103DE0000998FFF7D7FA00224FF0804304460D46AA
:103DF00007F0FCFA002800F07181119B002B40F0C5
:103E0000E381049B002B40F06B82C9F31303002B6A
:103E100040F00D82002220462946A94B07F0DCFA2B
:103E2000002840F049832046A64B2946002207F08F
:103E300061F803460C46CDE9123401F100430E90BF
:103E40000F93DFF88482A14B09EA08089845DDE961
:103E50000E4500F0C0810A9B1BB3B8F1D46F20D887
:103E600095A3D3E90023DDE9120107F0BFFAA0B161
:103E7000DDE9120107F016FB012838BF012006F02A
:103E8000BFFF119BCDE91201002B40F0BD8201F173
:103E9000004316901793DDE9164505F1D663A3EBB1
:103EA0000805DDE90C01FFF795F902460B462046AF
:103EB000294607F01FF8DDE90C2306F065FE0C46E5
:103EC000CDE904010A9B23B97F4B2340984500F0BC
:103ED000B78158461A99FEF7EDFD39465846FEF768
:103EE000E9FD51465846FEF7E5FD58460999FEF7AB
:103EF000E1FD149C58466168FEF7B6FD07460028B0
:103F000000F04981226904F10C01023292000C3068
:103F1000F8F71CF91CAB01931BAB00935846DDE985
:103F200004341A46CDE90C342346FFF7D5F91A902C
:103F3000002800F0058101215846FEF7BFFE8246A9
:103F4000002800F028811B9B002BC0F21581109ADD
:103F5000DDF8548003EB02090A9A1C9C9B1A234447
:103F60005B4A013B9342C4F13604FFF6E9AE0123FC
:103F700000251E46EEE600260027079A0AB1199B87
:103F80001360089B002B3FF462AD07F100431F460E
:103F9000304639461FB0BDE8F08F0023CDF864806D
:103FA000109374E501230A936BE54FF0010C08F1BF
:103FB0000203199398F80240ABE54FF0000CF6E7C6
:103FC000002597E500220892791C19917A78002A39
:103FD0003FF437AD0F46A7E401220892F4E7452CE1
:103FE0003FF425AD01230A9353E53FF47FAE6442CD
:103FF00014F00F020AD0DDE90401364B03EBC203D3
:10400000D3E9002307F0A0F8CDE9040124113FF41F
:104010006DAE1F2C37DCDDE9040114F0100318BF6E
:104020006A230A930023DFF8B080E20704D5D8E9B9
:10403000002306F05FFF0123641008F10808F4D1A3
:104040000BB1CDE904010A9BA3B1DDE90401C1F381
:104050000A52C2F16B03002B0ADD1F2B40F3398398
:104060000020342B049040F37C834FF05C73059365
:104070006A230A930022DDE90401002307F0A2F974
:1040800000283FF435AE222300260027CBF800306D
:1040900073E71633FFF6D2ADDDE904010C9B109AED
:1040A0009A1A0C4B03EBC203D3E9002307F04CF838
:1040B00006460F4661E700BF0000C0FFFFFFDF417B
:1040C0000000F03F0000E03F0000F07F0000E07FD4
:1040D00002FCFFFF200D0200100E0200AC4B204638
:1040E0002946002206F006FF119BCDE91201002BA4
:1040F00065D101F100430E900F93A2E651461A4696
:104100005846FEF7BBFE8246002844D001461A9A64
:104110005846FEF701FE00283DD011901A995846E6
:10412000FEF7C8FC119B002C1A937FF72CAE224699
:1041300058461A99FEF7FCFE1A9000287FF423AE29
:10414000B946054622230026924FCBF80030294677
:104150005846FEF7AFFC49465846FEF7ABFC5146C1
:104160005846FEF7A7FC58461499FEF7A3FC58469C
:104170000999FEF79FFC00E7159ADDF84090A2EB45
:104180000308E9E6394642465846FEF7D1FE07469F
:1041900000287FF400AEB9461A9DD3E73946584649
:1041A000159AFEF76BFE074600287FF4F0ADF2E7A4
:1041B000012279491646CB1A02FA03F5CAE5DDE970
:1041C0001234CDE90E343CE60023744CCDE90E34B4
:1041D000CDE9123435E6A9F154730593DDE90445C0
:1041E00020462946FEF7F6FFDDE90E2306F082FEA3
:1041F0002B46224606F0C8FCDFF89891684B01EA8E
:1042000009099945CDE9040179D9DDE90C0103F1EA
:104210005473994202D106460136BCD04FF0FF33A9
:10422000604CCDE9043454E6DDE90467A5E60023DB
:104230005D4CCDE90E340023584CCDE9123400E634
:10424000DDE912562846314607F040FA06F024FE12
:104250000B4602463146284606F094FC119D049B0D
:10426000C4F313041D432C438046894626D142A340
:10427000D3E9002307F0B0F800283FF42AAEB9468E
:10428000DDE904671A9D62E70293089B5846019393
:104290001AAB0093454A1BAB19A904F00FFD10F0AF
:1042A0000F0504463FF467AE062D40F0B5800022AE
:1042B0007B1C00260027089219935EE630A3D3E901
:1042C000002307F089F80028D9D12FA3D3E90023D0
:1042D0004046494607F09EF800283FF4FAADCEE785
:1042E000049B012BA3D1B9F1000FA0D1B9461A9CB0
:1042F0002223254600260027CBF8003027E701F1CE
:1043000054740594DEE50A9F0C9B082D03440C931E
:104310006DDC6546FFF759BB012238462449F7F7A3
:10432000D7FC002800F0BB804FF000094E464846FD
:104330004D46CA46CDF83090CDF82890FFF7A3BB84
:1043400044F61F639942A8BF1946109114E40B98D4
:104350001849DDE9042301EBC001D1E9000106F0B1
:10436000C9FD06460F4608E66E2C3FF4A3ABFFF7E7
:1043700068BB00BFAFF300809535A094FFFFCF3F2F
:104380009535A094FFFFDF3F35E5AF350000E03FF6
:104390000000E03F0000F07FE2FBFFFF0000F03F85
:1043A000FFFF9F7CFFFFEF7F0000F0BFFC0D0200CE
:1043B00018080200200D0200A04919A804F052FFBD
:1043C00000283FF43EAB199B9D49013B19A8199366
:1043D00004F048FF10B9199B013319930026994F37
:1043E000CBE522230026974FCBF80030C5E5BCF182
:1043F000100FD8BF09EB890965464FF00000D8BF00
:1044000002EB4909FFF7E6BADDE91234CDE91634CB
:1044100041E50020FFF7CCBA1A9A3AB135211CA821
:10442000FFF702F858461A99FEF744FB013D1B9B23
:10443000042D00F2C481DFE805F0032C291E0300DF
:104440001C9A049203F233421D9B23F4801343EA27
:1044500002530593E10502D543F000430593794AE1
:10446000DDE904671A40002A7FF487ADF7F73AFDCB
:104470002223036081E54FF0FF326FF00043CDE966
:104480000423E3057FF5D0AE059BE5E76D4B05936F
:10449000F7E7DDE91C121D9BCDE90412DAE7199A52
:1044A000064613460132199281465C78FFF773BACB
:1044B000AA460C90FFF791BA0023634CCDE90E3465
:1044C0000023624CCDE91234BBE44B461198B4464C
:1044D000B946DDE90C67AE465D49C3F31302002817
:1044E00045D08A4200F0FD80ADBB049A1CEA020F61
:1044F00034D0304639460493FEF76CFE0A9B002BFD
:1045000000F03781049BC3F30A53C3F16B03002B04
:1045100040F352811C0504F17F53002203F5401340
:1045200006F0E8FC02460B463046394606F02CFB06
:1045300006460F4630463946464B002206F0DAFC66
:10454000404B06460B400F46002B7FF49BAE2223C8
:10455000CBF8003096E61EEA030FCAD10A9B002B67
:10456000E8D18FE601F154730593FFF7BFBB002A32
:1045700074D1DDE904452246002C40F0A2800A9A5D
:10458000002A40F0CB8025F00044240D2405A4F53A
:1045900080146FEA14536FEA035305934FF0FF330F
:1045A00004931A9DDDE90467D1E5119BDDE904015F
:1045B0000343B946DDE90C67D0D1C1F31303002BE7
:1045C000CCD121F00044240D2405B4F1D66F25464A
:1045D000C4D9099A536913B91369012BBEDD0122AD
:1045E00009995846FEF7A4FC51460990FEF716FDBE
:1045F0000028B3DD0A9B002BC9D0A5F580136FEA14
:1046000013536FEA035305934FF0FF330493DDE92F
:1046100004678FE7104919A81CAA04F03DFE05287D
:104620007FF453AA1D9B43F0FF4343F4E00305933B
:104630001C9B0493DDE904679FE400BF8C09020022
:10464000900902000000F07F0000E0BF0000E03FA2
:10465000FFFF0F0000005039E80D0200A5BB049ACF
:104660001CEA020F3FF47AAF304639460493FEF756
:10467000B1FD0A9B002B62D0049BC3F30A53C3F124
:104680006B03002B40F38C801C0504F17F53002248
:1046900003F5401306F02EFC02460B463046394621
:1046A00006F070FA0022002306460F4606F08AFE46
:1046B00000283FF43FAF1AE64FF00009414AFFF7E8
:1046C000F8BABEF1000FCBD01EEA030F3FF446AF9D
:1046D000CAE74FF0FF3202FA03F3049A1A40049239
:1046E000C6E40A9A0499B2B1374A1A40B2F1D46FBB
:1046F00011D84FF0FF30120DC2F16B0200FA02F236
:10470000914240D0BEF1000F7FF425AF11EA0C0FAB
:104710003FF424AFEDE64FF0FF32F1E72A4D1D40A4
:10472000B5F1D66F3FF669AFB5F15C7F3FF602AFEA
:104730002223002600271A9DCBF8003007E5024609
:104740000B463046394606F01DFA1A9C002200231B
:1047500006460F46254606F035FE00283FF4F7AC26
:10476000C6E54FF0FF33C2F14B0293400B40059377
:104770007EE402460B463046394606F005FA1A9D9D
:1047800006460F46E3E4114A93420CD00E4A1A4003
:1047900002F58013059300230493DDE90467DDE649
:1047A00002460B467AE70131F0D1222300261A9DFA
:1047B000054FCBF80030CAE402460B46B4E60023AE
:1047C00048E600BFF80C02000000F07FFFFFEF7F1B
:1047D000014BFFF735B800BFD80600208C4600B566
:1047E00086461346034A714610685DF804EB62463C
:1047F000FFF726B89400002084460A460249034B7E
:1048000008686146FFF71CB894000020D806002015
:104810002DE9F04705460C46DFF888A013462946E7
:104820002246DAF80000FFF70BF802460B46044672
:104830000D4606F0F9FD48BB2946204606F052FE1B
:1048400020F0004706461849384606F011FFD0B957
:104850003846154906F0EEFEA8B925F000494FF09C
:10486000FF3220464946114B06F0DEFD38B920469E
:1048700049464FF0FF320D4B06F0B8FD18B1222229
:10488000DAF800301A603046BDE8F087002D08489D
:1048900004DAFCF71DFE00F10046F4E7BDE8F0473E
:1048A000FCF716BE94000020FFFF7F7FFFFFEF7F25
:1048B000A80902002DE9F0470446DFF8A0A00A4647
:1048C000274B2146DAF80000FEF7BAFF02460B46F6
:1048D00004460D4606F0A8FD002833D1294620469F
:1048E00006F000FE20F0004706461E49384606F056
:1048F000BFFEE8B938461B4906F09CFEC0B925F05A
:1049000000494FF0FF3220464946174B06F08CFD18
:1049100038B9204649464FF0FF32134B06F066FD8A
:1049200030B12222DAF800301A603046BDE8F08754
:1049300016F0FF4FF9D10D4B2B40002BF1D1304633
:10494000BDE8F087002D0A4804DAFCF7C1FD00F14C
:104950000046EAE7BDE8F047FCF7BABD9400002046
:10496000D8060020FFFF7F7FFFFFEF7F0000F07F72
:10497000A8090200242B2DE9F84F42D8012B40D082
:104980001F468E468046484875461EF801BB10F803
:104990000B4014F00804F7D1BBF12D0F6FD06FF06E
:1049A0000049BBF12B0F04BF9EF800B005F1020EC9
:1049B0007BBBBBF1300F4CD00A273B460025B9FB2F
:1049C000F7F6284607FB169A05E03BD0012507FBC2
:1049D00000C01EF801BBABF1300CBCF1090F06D9C9
:1049E000ABF1410CBCF1190F1AD8ABF1370C634590
:1049F0001FDDB5F1FF3FECD08642E6D24FF0FF3528
:104A0000E7E7F7F76FFA1622034600201A60BDE8C1
:104A1000F88F102BD2D1BBF1300F23D01F46CDE73A
:104A2000ABF1610CBCF1190F03D8ABF1570C634526
:104A3000DFDC6B1C2BD054B9002AE8D085BB116099
:104A4000BDE8F88FE245C1DA4FF0FF35C1E74042DB
:104A5000F2E79EF8003003F0DF03582B08D0082758
:104A60003B46ABE79EF8000000F0DF005828D5D1A8
:104A700010279EF801B03B460EF1020E9EE79EF80D
:104A800000B04FF00049012405F1020E90E7222307
:104A9000C8F8003032B10EF1FF3148461160CFE75F
:104AA0008146F8E74846B2E7D1050200FFF762BF4A
:104AB0008C4600B586461346034A714610685DF879
:104AC00004EB6246FFF756BF940000208C4600B509
:104AD00086461346034A714610685DF804EB624649
:104AE000FFF748BF940000202DE9F04707460E4627
:104AF000484C304616F801EB14F80EC01CF0080CB8
:104B0000F7D1BEF12D0F5AD0BEF12B0F09BF64466D
:104B1000644696F800E0861C4BB9BEF1300F5CD0BD
:104B20000A234FF0050A9946DFF8EC800AE0102BC3
:104B30004AD04FF0FF38B8FBF3F803FB08FA994668
:104B40006FEA0A0A0025284605E02CD0012509FB5A
:104B500000C016F801EBAEF1300CBCF1090F06D91C
:104B6000AEF1410CBCF1190F0BD8AEF1370C634517
:104B700010DDB5F1FF3FECD04045E6D94FF0FF35F1
:104B8000E7E7AEF1610CBCF1190F03D8AEF1570C99
:104B90006345EEDC6B1C0BD004B140420AB165B931
:104BA0001160BDE8F087D445D0DD4FF0FF35D0E788
:104BB000222328463B60002AF3D0711EF0E796F8C6
:104BC00000E00124861CA7E7BEF1300F11D04FF0A2
:104BD0000F0A6FF070489946B4E7337803F0DF03AB
:104BE000582B0BD008234FF0070A6FF06048994606
:104BF000A8E7307800F0DF005828E8D14FF010091E
:104C000096F801E04FF00F0A6FF070484B460236FD
:104C100098E700BFD105020099999919FFF764BF81
:104C20008C4600B586461346034A714610685DF807
:104C300004EB6246FFF758BF940000208C4600B595
:104C400086461346034A714610685DF804EB6246D7
:104C5000FFF74ABF9400002010B4034CD4F8E040A2
:104C6000A44610BC604700BFD8060020034649B1E7
:104C7000FF2A02D801200A7070478A224FF0FF30C5
:104C80001A60704708467047B9B37F2A27D9034690
:104C9000A2F18000B0F5F06F24D3A2F50060B0F56A
:104CA000784F10B52BD3A2F58030B0F5801F36D2E7
:104CB0000023940CC2F3053E64F30703C2F3851C82
:104CC0006EF30F2302F03F026CF3174362F31F638E
:104CD00043F0803343F0700304200B6010BD0120CB
:104CE0000A707047930902F03F0263F03F0362F0DD
:104CF0007F0202200B704A70704708467047140B01
:104D0000C2F3851302F03F0264F01F0463F07F03D7
:104D100062F07F0203200C704B708A7010BD8A22F3
:104D20004FF0FF301A6010BD5FFA82FC0346C2F3F9
:104D30000722D9B1B2B102F17F00C0B21E2804D956
:104D400002F12000C0B20F2812D8ACF140003E287A
:104D500003D98CF080007C280AD802200A7081F8E0
:104D600001C07047012081F800C0704708467047B5
:104D70008A224FF0FF301A60704700BFD3B28446DA
:104D8000C2F3072229B3EAB102F17200C0B20128CE
:104D900021D902F15F00C0B25D2821D803F15F0084
:104DA000C0B25D2811D943F0800303F15F00C0B2A7
:104DB0005D2815D84FF08F0C03204A708B7081F856
:104DC00000C0704701200B70704702200A704B70C2
:104DD00070470846704703F15F00C0B25D28F4D900
:104DE0008A234FF0FF30CCF80030704770B55FFA7F
:104DF00082FEC2F3072269B37AB18446A2F1210090
:104E00005D2829D8AEF121005D2825D81868A8B101
:104E100002200A7081F801E070BD186860B18C460C
:104E200042F61B001A6042232CF8030B8B700420FF
:104E3000614681F800E070BD0120FAE78C4601264A
:104E400042F21B4542241E602CF8035B05208C7047
:104E50006146DEE7012070BD8A234FF0FF30CCF8B9
:104E6000003070BD2DE9F04F894692461E460D4632
:104E700085B05A4F03902A4615F8014B3B5D13F05D
:104E80000803F8D12D2C7DD02B2C41D04FF0FF32D0
:104E900002936FF00043CDE90023002E43D1302C64
:104EA00079D00A27B0463E46DDE900013A4643463E
:104EB00006F0F4FB002383468E4618461946A446A6
:104EC00010E08E4508BF83454CD000FB08F307FB7C
:104ED0000133A0FB07010B44201843EBE4710123CD
:104EE00015F801CBACF13004092C05D9ACF1410423
:104EF000192C1ED8ACF13704A64222DDB3F1FF3FD6
:104F0000EED083457EEB0103DBD24FF0FF33E7E7C2
:104F10004FF0FF3102936FF000432C78CDE900137E
:104F2000951C002EBBD0102E3ED037464FEAE678B7
:104F3000BAE7ACF16104192C03D8ACF15704A642CE
:104F4000DCDC5A1C13D0029A12B1404261EB4101E1
:104F5000BAF1000F03D0002B3DD1CAF8009005B084
:104F6000BDE8F08FA242B0DA4FF0FF33B8E722235A
:104F7000039A1360BAF1000F28D0DDE9000105F1B2
:104F8000FF39EAE74FF00040009301232C78CDE988
:104F90000103951C81E72B7803F0DF03582B0ED01B
:104FA0000827B0463E467FE7302C03D037464FF007
:104FB000000879E72B7803F0DF03582BF6D1102790
:104FC0006C784FF000083E4602356DE7DDE90001E0
:104FD00005B0BDE8F08FCDE90001CEE7D1050200B4
:104FE000FFF740BF8C4600B586461346034A71461C
:104FF00010685DF804EB6246FFF734BF94000020B0
:105000008C4600B586461346034A714610685DF823
:1050100004EB6246FFF726BF940000202DE9F04F15
:105020008B461E460D4685B05F4F039001922A467F
:1050300015F8014B3B5D13F00803F8D12D2C7ED001
:105040002B2C03BF2C780293951C02936EB9302C45
:1050500000F086804FF00A09B2464FF0050C4FF081
:1050600099374E46DFF8448117E0102E6CD04FEA96
:10507000E67A324653464FF0FF304FF0FF3106F0EC
:105080000DFB32460746884653464FF0FF304FF03F
:10509000FF3106F003FBB14694460022104611464C
:1050A00010E0414508BFB84239D000FB0AF209FBC5
:1050B0000121A0FB090211440122181841EBE37100
:1050C00015F8014BA4F13003092B05D9A4F14103D4
:1050D000192B0CD8A4F137039E4210DD541CEFD0DD
:1050E000874278EB0102DCD24FF0FF32E8E7A4F10F
:1050F0006103192B03D8A4F157039E42EEDC531C25
:1051000012D0029B13B1404261EB4101019B1BB1E4
:1051100092B9019BC3F800B005B0BDE8F08F6345BC
:10512000C3DD4FF0FF32CBE72223039910460B601B
:10513000019B1146002BEFD005F1FF3BE9E701236E
:105140002C780293951C81E7302C19D04FF00F0C6E
:105150004FF0FF376FF07048B1464FF0000A9CE700
:105160002B7803F0DF03582B0FD04FF00809B2461D
:105170004FF0070C4FF0FF376FF060484E468CE75A
:105180002B7803F0DF03582BE0D14FF010096C7837
:105190004FF00F0C4FF0FF376FF070484FF0000AE0
:1051A0004E46023579E700BFD10502009999991959
:1051B000FFF734BF8C4600B586461346034A714656
:1051C00010685DF804EB6246FFF728BF94000020EA
:1051D0008C4600B586461346034A714610685DF852
:1051E00004EB6246FFF71ABF9400002070B582B04E
:1051F000069D044655B11048D0F8E4606AB12046D7
:105200000095B047431C10D002B070BD00F1F4050A
:105210000948D0F8E460002AF1D101231146204664
:10522000064A0095B047431CEED100228A232A602B
:10523000236002B070BD00BFD8060020A80902009C
:10524000F0B50D46134983B00E6801466BB11C469C
:10525000114BD3F8E4707DB1134630462A460094D2
:10526000B847431C10D003B0F0BD0B4B06F1F4045B
:10527000D3F8E470002DEFD1012329463046074AC8
:105280000094B847431CEED100228A232260336089
:1052900003B0F0BD94000020D8060020A809020049
:1052A00070B5054684B05BB11C460F4BD3F8E06087
:1052B000234669B12846B047431C0FD004B070BDE7
:1052C000094B00F58274D3F8E06023460029F1D140
:1052D0000A46284601A9B047431CEFD100228A2381
:1052E00022602B6004B070BDD806002070B5134B4F
:1052F00084B01D686AB1124B1446D3F8E06078B1EF
:105300000A46234601462846B047431C0FD004B046
:1053100070BD0B4B05F58274D3F8E0600028EFD127
:105320002346024601A92846B047431CEFD100227C
:105330008A2322602B6004B070BD00BF940000205F
:10534000D806002010B51C4682B0049B009401933F
:105350004FF0FF3304F0FEF802B010BD30B58C46BC
:10536000864615461C46064B83B0186871464FF0BA
:10537000FF336246CDE9005404F0ECF803B030BDD1
:1053800094000020002100F001B800BF10B500F02B
:10539000A5F8044604F006F9A0F11A03DBB2022BCB
:1053A00006D9A4F1090004288CBF0020012010BDFB
:1053B000012010BD0229C0F30722C3B224D0032963
:1053C00003D082F0800283F0800302F15001C9B261
:1053D0001F290BD902F13001C9B2242932D84FF26A
:1053E000A641884224D94FF0FF3070474CF6D37164
:1053F0008842F8D8B03A3149C2EBC212A13B03EB64
:10540000420331F8130070479E2B95BF7F21802106
:105410007E3B23339F2A94BF703A503201EB420106
:10542000CAB202F15001C9B21F29DBB2D2D8DDE7FE
:10543000D03A2349C2EBC212A13B03EB420331F83D
:1054400013007047A13A072ACDD8DFE802F03128CF
:105450001E18130F0B04C02BC5D81A4AA13B32F8F3
:1054600013007047F12BBED8174A19E0D82BBAD8D1
:10547000164A15E0F62BB6D803F540507047F32BCB
:10548000B1D803F53E5020307047114A1A4412F843
:10549000A12C002AA7D003F57E40603070470D4A4A
:1054A000A13B32F81300002808BF4FF0FF307047CF
:1054B000094AA13B32F81300704700BFB42802002C
:1054C000380E0200E03F020020400200C44002000B
:1054D00034410200904102004C42020038B50546BA
:1054E000B9B101F5957420461149F6F751FD28B977
:1054F0002846BDE838400121FFF75CBF20460D4932
:10550000F6F746FD38B92846BDE838400221FFF7D6
:1055100051BF094CE7E720460849F6F739FD28B99D
:105520002846BDE838400321FFF744BF284638BD70
:10553000780702008C07020002080020840702009E
:1055400010B5124904461248F6F722FD28B9204644
:10555000BDE810400121FFF72DBF0E490C48F6F7BA
:1055600017FD28B92046BDE810400221FFF722BFF1
:1055700009490748F6F70CFD28B92046BDE8104058
:105580000321FFF717BF204610BD00BF78070200B8
:10559000020800208C0702008407020038B5054687
:1055A000A1B101F5957420460949F6F7F1FC08B957
:1055B000284638BD20460749F6F7EAFC0028F7D010
:1055C00020460549F6F7E4FC284638BD034CEAE7D7
:1055D000780702008C0702008407020002080020FE
:1055E0004B1C70B51AD014469389526823F02003DF
:1055F000A381236BCDB2A3B1636B934209DD236812
:105600005A1E226003F8015C636801336360284618
:1056100070BD214603F02CF90028F0D04FF0FF3583
:10562000F5E7236921682BB18B4203D211F8013CC5
:10563000AB420ED023460320C4E90E12012204F12E
:1056400040066063266303F8425F2846C4E90032DF
:1056500070BD01390132C4E90012D8E710B50C461B
:10566000096B69B104F14003994201D0F6F718FFC4
:105670000020E36B2063636013B1A36B236010BD54
:105680000021A2894FF0FF3042F020022369A2815D
:105690006160F3E72DE9F04F85B0019302FB03F35E
:1056A0000E9C9BB38846D4E90015AB4244D983468F
:1056B0001E464FF00009CDE9023204F1400A40468F
:1056C0002A46F6F743FD2068216B28443746C4E993
:1056D0000009A844761BE9B1514502D05846F6F7B7
:1056E000DFFEE16BC4F83090616099B10D46A16BAB
:1056F000B5422160E3D332464046F6F727FDD4E9B0
:105700000021891B3244C4E90021019B184605B0E1
:10571000BDE8F08FDDE902322B44DB1BB3FBF2F373
:1057200000211846A28942F02002A2812269C4E920
:10573000002105B0BDE8F08F1E46DCE72DE9F04FF3
:10574000E5B002AFC7E90C02B1F90C20BB619404CB
:1057500089464B6E05D442F4005223F400538A81EB
:105760004B669804C3F3403400F1BA87A24608227E
:10577000214607F14000F6F7F3F9C7E90A4409F1B9
:105780004003FB603C62FC613C617D4BD3F8E4402C
:10579000FBF794FD07F14002009203467A6B386BE9
:1057A00007F13C01A04700284ADB7B6B014603441C
:1057B0007B63FB6B002B00F0C08001284FD0252BB2
:1057C00056D00028E1D07B6B01385E1AD9F804303E
:1057D00034181A46002A06F1FF3517DDD9F80030D3
:1057E00018786A780133904205F1010140F0A580F4
:1057F000D9F80420A14202F1FF32C9F80030C9F8FB
:10580000042000F0AB80002A0D46E7DCD9F8301008
:10581000002900F04D87FB68994202D0386BF6F7FB
:105820003FFE0022D9F83C30C9F83020C9F80430D6
:10583000002B00F03D87D9F83830C9F80030CFE7A9
:105840004FF6FD730822002107F14000FB63F6F7D5
:1058500087F97B6B01337B63FB6B002B6DD0494A6F
:10586000D25C110700F128840120252B0146AAD122
:10587000002422467E6B3578A5F1250306F1010B45
:10588000552B5AD8DFE813F0A206590059005900E9
:1058900059000406590059005900590059005B0588
:1058A0005B055B055B055B055B055B055B055B05F8
:1058B0005B05590059005900590059005900590019
:1058C000590059008000250159005900590059001C
:1058D0005900590059006F00590059004F015900F3
:1058E0005900590091015900590059005900990572
:1058F00059005900C0055900590059005900590074
:105900005900590082002701590059005900E0054B
:1059100099066F005900B405EC05CD055101FA0553
:105920005900590093017600FD0559005900990569
:10593000590076004FF0FF33BB623B6A43B13B6ACC
:105940001868BB6A013300F03B8108B1FCF732FEF6
:10595000B86A07F5C677BD46BDE8F08F02355544F5
:10596000A5EB060A11E72307E7D1757844F0020496
:105970005E4681E72507E0D175785E467CE700BF8B
:10598000D8060020D105020044F001040026C7F823
:1059900034B044F04004D9F80430002B41F39C812A
:1059A000600641F19D81022E00F0CA82032E00F0B4
:1059B000ED81012E00F01C81012A38BF012214F074
:1059C0000103164604F010027A6200F0A983002A4F
:1059D00040F0EB85BA69200652F8043BC7E905326E
:1059E00040F1F787002BA8D08020FCF7DBFD834631
:1059F00000289FD07B6918603B6ADC889D88AC4298
:105A000080F0EF8618687B693A6A40F82430631C9E
:105A1000D3802023C7F808B07B600024FB6A07F11D
:105A20006008FB62FBF74AFCA04200F04E86D9E911
:105A30000021FB6A12F8010B0139032B08F804005E
:105A4000C9F80410C9F8002004F1010407F1580551
:105A500002D12B68042B04D0082200212846F6F737
:105A60007FF80095234659464246386BFFF7BEFB48
:105A7000411C034600F02986002840F0BF857A6A61
:105A8000A244013E6AB9CBF800207A693AB1BA68FB
:105A9000ABEB02047A68B2EBA40F40F23A860BF14A
:105AA000040BD9F804200024002A40F36584002E5A
:105AB000B7D1FB627B693BB1BB68ABEB03017B6891
:105AC000B3EBA10F00F24D877B6A002B7FF45DAE34
:105AD000C5E344F001040A230326FB61A74B3B61A5
:105AE000D9F80430002B29DCD9F83010002900F057
:105AF000DF8509F14003994204D0386B7A63F6F7E9
:105B0000CFFC7A6B0023C9F83030D9F83C30C9F8A3
:105B10000430002B00F0CC85D9F83830C7F834B009
:105B2000C9F800303CE744F001040823FB61944BC2
:105B300003263B61D9F80430002BD5DDD9F80000ED
:105B4000904D0378EB5C190741F1148009F140088E
:105B50007C6300234446904607E00130C9F800000A
:105B60000178695C0A0740F1A282D9F804100AF1B1
:105B7000010A01390029C9F80410EEDCD9F8301007
:105B8000002900F09585A14203D0386BF6F788FC18
:105B90000023D9F83C10C9F83030C9F804100029A6
:105BA00000F08685D9F83800D8E744F001040226D1
:105BB00096E7BB6A23B1B9F80C305B067FF5BFAE40
:105BC0003B6ADE8818687EB100248146A046051F26
:105BD00055F8043F01341868FCF7ECFC2B68A6422A
:105BE000C3F80080F4D148464FF0FF33BB62ACE607
:105BF000002A08BF4FF0FF3204F0100314F0010533
:105C00007B6100F03183002B40F0ED84B969200600
:105C100051F8043BBB60B96140F1D4867A62002B35
:105C20003FF48BAE8020FCF7BDFC7A6A0646002864
:105C30003FF480AEBB6818603B6ADC889D88AC424C
:105C400080F0FB851868BB683E6040F824303B6AF2
:105C50000134DC8020237B604FF0000BFC6A07F1ED
:105C60006008C7F824A0FA62FBF728FB584500F04B
:105C70002C85D9E9003213F8011B013A032C08F8EE
:105C80000B10C9F80420C9F800300BF1010B07F123
:105C9000480A03D1DAF80030042B04D0082200218E
:105CA0005046F5F75DFFCDF800A031465B46424611
:105CB000386BFFF79BFA411C044600F0068500286C
:105CC00040F0AC84054630600822002107F1500006
:105CD000F5F746FFDFF8B0C02A4607F15805294618
:105CE000386BDCF8E0C007F15003E047012814BF2F
:105CF000002597F8585007F188035B5D002B00F0F2
:105D00007D867B6A032C5B447B6200F08F84FB6A98
:105D1000013BFB627B694BB9BB68043633B13B681E
:105D2000F51A7B68B3EBA50F40F2E384D9F8043091
:105D30004FF0000B002B40F38584FB6A002B93D1BE
:105D4000D7F824A0FC627B69002B7FF41EAD336082
:105D5000BB68002B00F083823B687A68F11A8B10D5
:105D600001339A4240F27B82BC6804312068FDF71F
:105D7000B7FB002800F07382206070E2AD4A01009A
:105D80001D4C0100D1050200D80600200026531E3C
:105D9000262B8ABFA2F127084FF00008272209F11D
:105DA00040037B62334607F1600B5D46C7F8148001
:105DB00090465A46D346D7F81CA044F45864D9F804
:105DC000001091F800C0ACF12B004D283CD8DFE862
:105DD00000F0753B753B3B81636363636363637A88
:105DE0007A3B3B3B3B3B3B3B2727272727273B3B3C
:105DF0003B3B3B3B3B3B3B3B3B3B3B3B3B3B3B69C5
:105E00003B3B3B3B3B3B3B3B2727272727273B3B5A
:105E10003B3B3B3B3B3B3B3B3B3B3B3B3B3B3B69A4
:105E2000BAF10A0F10DD24F4386405F801CBD9F873
:105E3000040001380028C9F8040067DD0131B8F119
:105E40000108C9F80010BAD1C7F81CA0DA46934679
:105E5000E00505D55D4500F2C3825D453FF46DADBB
:105E600014F0100213D15946FB69386BD7F810C0F3
:105E70002A70E047BB69A10603F1040840F1A9823A
:105E80001B681860BB6AC7F818800133BB62A5EBBA
:105E90000B053544AA4478E49F4824F4386430F96B
:105EA0001AA0C2E704F4C060B0F5007FCCD124F49E
:105EB00000744FF0100A44F4A064B6E72006C3D57E
:105EC00024F08004B1E7944830F91AA0BAF1080F21
:105ED000A9DCB9E72005A8D5BAF1000F03D14FF02E
:105EE000080A44F40074600500F17082786924F4B3
:105EF000607418B10138786108F10108D9F804001C
:105F0000013601380028C9F8040097DCD9F83010B0
:105F1000002900F04886786A814205D0386BFA6122
:105F2000F6F7BEFA0023FA69D9F83C10C9F8303008
:105F3000C9F80410002900F03686D9F838107EE739
:105F4000002A08BF4FF0FF32E00704F0100340F1D1
:105F50002481002B40F03E83B96951F8040BB961EC
:105F60002106786240F13D85BB607A6100283FF4EC
:105F7000E4AC8020FCF716FB7A698046BB680028F9
:105F80003FF4D8AC796A0860396ACC888D88AC4215
:105F900080F03D840868C6464FF0200C796A40F8CE
:105FA0002410396A0134CC80D9F800105B4D09788F
:105FB0006E5C16F0080661D1C7E9015E93461D4686
:105FC000C7F814C0FBF77AF9B04200F07E83D9E934
:105FD000003213F8011B013AC9E9003207F16003EE
:105FE00099553B60FB6A0136032B07F1580402D137
:105FF0002368042B04D0082200212046F5F7B0FDC9
:1060000000943A6833464146386BFFF7EFF8421C7C
:10601000F86200F05A83002840F06284C8F800005B
:10602000FFF7B0F9002840F0A684B2440BF1FF3B23
:10603000002D40F0C0847B6A08F10408002B00F0BA
:10604000BA84BB68A8EB03047B69B3EBA40F40F2EE
:10605000FF852E46D9F80430002B40F3CC85D9F8C3
:1060600000301B787A68D35C1C0702D4BBF1000FA8
:10607000A8D12B46D7F814C0D7F808E0002B7FF43E
:1060800084ABC8F800307B6A002B00F0E880A8EBF6
:106090000E018A100132944540F2E1801868043103
:1060A0001C46FDF71DFA00287FF466AED7E07C6B36
:1060B0004246C7F834B076E40025D9F8042009F147
:1060C00040040FE0D9F800301A78144901338A5C93
:1060D00012077FF55AABD9F804200AF1010A013AF8
:1060E000C9E90032002AEDDCD9F83010002900F0AF
:1060F000D783A14202D0386BF6F7D2F9D9F83C30F9
:10610000C9F83050C9F80430002B00F0C983D9F821
:106110003830C9F80030D7E708430200D105020043
:106120007A6A002A40F00882BB69240653F8045BAF
:10613000BB6140F10783002D3FF4FFAB3046FCF715
:1061400031FA0446002800F0C7823B6A2860B3F8A1
:106150000680B3F804B0D84580F0E98318683A6A3D
:1061600008F10103D38040F82850CDF80090214673
:1061700033460122386BFFF78DFA044600283FF4BE
:1061800018AD864240F2D58001462868FDF7A8F98F
:10619000002800F0CE802860CBE0002B40F06D841A
:1061A000BB6914F0800453F804BBBB6100F0238288
:1061B0007A62BBF1000F3FF4C0AB2020FCF7F2F98C
:1061C0000646002800F088823B6A7A6ADC889D884F
:1061D000CBF80000AC4280F0C28218683B6A40F8FD
:1061E00024B00134DC802024D9F80000B94D0378B4
:1061F000EB5C190700F1CA825346B046AA46154621
:10620000D9F80420013AC9F80420421CC9F800203A
:10621000027808F8012BBBF1000F04D0A8EB0602AE
:10622000A24280F07283013D0BD0D9F80420002AED
:1062300040F30584D9F8000002781AF8022012070A
:10624000DED59A464346991B46468A4401310023CF
:106250003370BBF1000F02D08C4200F2E683BB6AC0
:106260000133BB62FFF791BA7B69002B40F01881C4
:10627000BB6914F0800453F8046BBB6100F09E838B
:106280007A62002E3FF459AB2020FCF78BF90546CB
:10629000002800F021823B6A7A6ADC8899883060A5
:1062A0008C4280F0858218684FF0200B3B6A40F8E2
:1062B00024600134DC80D9F8001007F188080B78DD
:1062C00018F80330002B3FF438ABC7F814A02C4665
:1062D000C246904609F140037B622846D9F8045033
:1062E000013DC9F804504D1CC9F80050097800F868
:1062F000011B16B1051B5D452CD20546B8F10108FE
:106300000BD0D9F80410002940F3B881D9F8001057
:1063100008781AF800000028DFD12C1BD7F814A049
:106320003FF40BAB00232B701EB1611C8B4500F2B8
:106330000384BB6AA2440133BB62FFF726BA14F0A0
:106340008F0F7FF4FAAA02EB820205EB4202303A89
:10635000FFF712BB4FEA4B0B20465946FDF7C0F83A
:106360000446002800F0B88105443060C6E7D9F83B
:106370000420002A3FF755ABD9F83010002900F06F
:10638000C98309F14002914204D0386BFB62F6F7F1
:1063900087F8FB6A0022C9F83020D9F83C20C9F8F8
:1063A0000420002A00F0B683D9F83820C9F800206C
:1063B000002E7FF436ABFFF77CBB44F4007410234F
:1063C000FB61454B03263B61FFF78ABB24F4B064B5
:1063D0002BE5220740F14982BB691B68187051E523
:1063E00015F8011C4A46386B013DFFF7F9F834E512
:1063F00023077FF4A2AA75786C2D00F066825E46B2
:1064000044F00104FFF738BA594607F188007A6270
:10641000FAF70EF901267A6A44F040047863FFF730
:10642000BABAE10600F18A81BA6952F8043BBA614E
:10643000220700F18181660740F1FA83A3F800A0EA
:10644000C7F834B0FFF7A1B925077FF476AA7578AD
:10645000682D00F034825E4644F00404FFF70CBA65
:1064600014F08F037FF469AA3D6A002D00F0C0820A
:10647000757844F080045E46FFF7FEB944F4087472
:106480009DE70A23FB61144B03263B61FFF728BB02
:1064900022437FF452AA757810245E46FFF7ECB9C8
:1064A000D9F8003007F18808197818F80110002988
:1064B0003FF443AA0133C9F80030D9F80430012A67
:1064C00003F1FF33C9F8043000F06F81934609F1FE
:1064D000400417E0D10502001D4C0100D9F800303E
:1064E0001A78013318F80220002A00F05E81C9F8FA
:1064F0000030D9F804300136013B5E45C9F804305C
:1065000000F05381002BE9DCD9F83010002900F0AD
:106510003F81A14202D0386BF5F7C2FFD9F83C3079
:10652000C9F83050C9F80430002B00F03181D9F897
:106530003830C9F80030D3E7D9E90002B24280F21E
:1065400099831C4609F14003C7F824A025469A46C2
:10655000D9F830101044A346B046C9F800001444DE
:10656000B61A002900F03283514502D0386BF5F796
:1065700097FFD9F83C20C9F83050C9F80420002A08
:1065800000F02483D9F8380096424FF00001C9F892
:106590000000DFDCD7F824A008EB0B04921B30448A
:1065A000C9E90002A244FFF7F0B84FF0000BC7E9B9
:1065B00001BBC7F814B0FFF730BA0023FB61C64B2C
:1065C0000326C7F834B03B61FFF7E5B9C7F834B02C
:1065D000FFF7F7B84FF0000C07F13C018846E6469C
:1065E000C7F824C0E0E4002307F13C067B603B6071
:1065F000BB60FFF731BB5E46A346F5E5821C3FF466
:10660000B6AE0328A24402D12A68042A00D0013E73
:106610007A6A002A3FF439AAFFF743BA821C0CD0E9
:1066200035686B1C7FF450ABFFF765BBDAF80030C0
:10663000042B7FF46CABFFF76DBBD9F80430002B53
:106640003FF712ABD9F83010002900F07E8209F133
:106650004003994202D0386BF5F722FF0023C9F8B6
:106660003030D9F83C30C9F80430002B00F06D828E
:10667000D9F83830C9F80030FFF75FBBD9F83010CF
:10668000002900F07B827B6A994202D0386BF5F7D3
:1066900007FF0023D9F83C10C9F83030C9F80410BE
:1066A000002900F06B82D9F83810C9F800102FE6E5
:1066B0000022B9F80C30D9F8101043F02003C9F8C3
:1066C0000010A9F80C30C9F80420BB6A23B1B9F84E
:1066D0000C305A067FF531A93B6A002B7FF470AA73
:1066E0004FF0FF33BB62B86A07F5C677BD46BDE819
:1066F000F08F3868D900FCF7F3FE386000283FF4CB
:1067000019A97B68BA685B00461910607B60FFF7C7
:106710000DBBB868D1001546FB62FCF7E1FEB8601E
:1067200000283FF407A97A696B007B6000EB040B3B
:10673000FB6A1060FFF7B3B983F800A0C7F834B064
:10674000FFF723B8CDF80090334629460122386B75
:10675000FEF7A0FF044600287FF4EBADB5E74FF647
:10676000F6739D427A623FF62BAAD7F8208008354F
:10677000D8F80000A900FCF7B3FE00283FF420AAD7
:106780007A6AA8F80450C8F8000027E501215EE500
:106790000023C9F80430B9F80C3043F02003A9F8FD
:1067A0000C30D9F81030C9F80030B244FEF7EDBF14
:1067B0004FF6F67399427A623FF602AAD7F820B0F4
:1067C00001F10808DBF800004FEA8801FCF788FEB9
:1067D00000283FF4F5A97A6AABF80480CBF80000F2
:1067E00062E54FF6F6739D423FF6A4A8D7F82080E5
:1067F0000835D8F80000A900FCF772FE00283FF425
:1068000099A8A8F80450C8F80000FFF7FCB84FF6A4
:10681000F6718D42BB607A613FF68CA83E6A0835FE
:106820003068A900FCF75CFE00283FF483A8BB6831
:106830007A69B5803060FFF7AEBB4FF6F6739D42C4
:106840007A623FF677A8D7F820800835D8F800009C
:10685000A900FCF745FE00283FF46CA87A6AA8F866
:106860000450C8F80000FFF7EEB9630774D414F0C1
:10687000010240F0DA81A10740F1D781174B396955
:10688000386B99425946FB6900F0F681FEF7A8FB88
:106890000B46BA691168C1E90003FFF7F3BAA244D5
:1068A0000023C9F80430B9F80C3043F02003A9F8EC
:1068B0000C30D9F81030C9F80030FEF766BFB57853
:1068C00044F008040236FEF7D7BFB57844F002045E
:1068D0000236FEF7D1BF00BFAD4A01001D4C0100DA
:1068E000FB6A02333FF4B6ABD8F80000FEF74AFD6E
:1068F000002840D1FB6AB244032B7FF497AB236896
:10690000042B7FF493ABFFF793BB64003046214622
:106910007B617A62FCF7E4FD064600283FF4DCAEBA
:106920007A6A7B6900EB0208CBF800007BE44FF643
:10693000F6739B453FF644A93B6A0BF1080B1868B8
:106940004FEA8B01FCF7CCFD00283FF439A93B6AE4
:10695000A3F804B0186002E4BB691B681880FFF755
:1069600091BA7C692068FCF7BBFD00283FF4ACA815
:106970002060FFF7A9B82B46D7F814C0D7F808E075
:10698000D7F800B0002E3FF479ABB3445D46F34630
:106990003C6BC7F814C0BB60013E4A46204615F860
:1069A000011DFEF71DFE002EF6D1DE46D7F814C0FD
:1069B000BB68FFF763BB0026FFF74CBB3546A34619
:1069C000264678E47B69BE68C7E90033BB60FFF701
:1069D00043B97B6AD7F814B0C7E901337B61FFF78D
:1069E0001CB8D7F824809C469E467B62FFF7DCBA31
:1069F00082B0CDE9023302AB3B6239E5D7F824A07F
:106A0000FC62BBF1000F3FF49EA95D4608EB0B044E
:106A1000D7F83080013D4A46404614F8011DFEF784
:106A2000DFFD002DF6D1FFF78EB9DBF80000FCF793
:106A300057FD00283FF413ACCBF800000FE4D9F861
:106A40003010002900F01C8109F14002914204D06D
:106A5000386B7B62F5F724FD7B6A0022C9F8302091
:106A6000D9F83C20C9F80420002A00F00981D9F89F
:106A70003800C9F80000FFF7DFBBD9F800309A4DA5
:106A80001978695C11F008087EF47FAE0133C9F80B
:106A90000030D9F80430012A03F1FF33C9F804307B
:106AA00008BF0AF1010A3EF470AE09F140069346B0
:106AB000324601244646904612E0D9F800301A7852
:106AC0000133AA5C10073FF56DADC9F80030D9F865
:106AD00004300134013BA345C9F8043000F0B28012
:106AE000002BEADCD9F8301000293FF4D8AE41453C
:106AF00002D0386BF5F7D4FCD9F83C30C9F83060D7
:106B0000C9F80430002B3FF4CAAED9F83830C9F8C0
:106B10000030D4E7FB620023C9F80430B9F80C3028
:106B200043F02003A9F80C30D9F81030C9F8003030
:106B3000002C3EF4BFAFC8E53068FCF7D1FC00285C
:106B40003FF4F7AB3060FFF7F4BB0023C9F8043023
:106B5000B9F80C30D7F824A043F02003A9F80C3082
:106B6000D9F81030FC62C9F80030BBF1000F3FF4D7
:106B7000EAA8AAE5C7F834B0FEF715BF0023C9F8A4
:106B80000430B9F80C30A54243F02003A9F80C30CA
:106B9000D9F81030D7F814A0C9F800303FF495ADFB
:106BA0002C1BFFF7BFBB0023C9F80430B9F80C3029
:106BB000C7F81CA043F02003A9F80C30D9F8103016
:106BC000DA46C9F800309346FFF742B90023C9F806
:106BD0000430B9F80C30D7F824A043F02003A9F80A
:106BE0000C30D9F81030C9F80030002C3FF46DADEE
:106BF000A244FEF7CABDD9F83010002955D009F1DA
:106C00004003994202D0386BF5F74AFC0023C9F8DB
:106C10003030D9F83C30C9F80430002B45D0D9F8D1
:106C20003830C9F80030FFF71CBABB69FFF728B944
:106C3000E5070AD4A40708D54FEAEA72C3F800A012
:106C40005A607BE5DA44FEF7A0BDC3F800A075E505
:106C5000B868D9001E46FCF743FCB86000283EF433
:106C600069AE7A6A730000EB04082E4610607B61FF
:106C7000FFF7F0B9344691E4FEF79AFA0B4608E6BE
:106C80009A464346991B0023C9F80430B9F80C30E2
:106C90008A4443F02003A9F80C30D9F81030464656
:106CA0000131C9F80030FFF7D2BA0022C9F8042038
:106CB000B9F80C202B4642F02002A9F80C20D9F894
:106CC0001020D7F814C0D7F808E0C9F80020002E2B
:106CD0007FF4FBACFFF7D2B9D7F834B0FEF704BFAE
:106CE000D7F834B0FEF72ABFD10502002DE9F04FE6
:106CF000DDB00C4691460D910F938346FAF7F0FAFA
:106D0000036818461A93F5F797FA0822189000219D
:106D10002CA8F4F725FFA389180603D52369002BB7
:106D200000F01587002300249E46CDE9313300236F
:106D300033AACDE91634DA4614464D46CDE91BEEAA
:106D40003092CDF864E0CDF880E0CDF874E0CDF875
:106D500028E0CDF848E02F466E4BD3F8E460FAF710
:106D6000ADFA0DF1B00C03463A46504628A9CDF8CD
:106D700000C0B047002800F09F80C0F29580289B9B
:106D8000252B01D00744E7E7B7EB0508064640F09E
:106D9000978000224FF0FF33934609937B787E1C47
:106DA0008DF897200B9299460136A9F120035A2BB2
:106DB00000F2B280DFE813F0F302B000B000EF029F
:106DC000B000B000B000FD02B000B0006A003502B3
:106DD000B0002702D202B000CE025B005B005B0075
:106DE0005B005B005B005B005B005B00B000B00021
:106DF000B000B000B000B000B0002801B000AA019F
:106E00003E02280128012801B000B000B000B00007
:106E10003A02B000B000A802B000B000B000D0014B
:106E2000B000BC02B000B0008A06B000B000B000F4
:106E3000B000B000B000B000B0002801B000AA015E
:106E400001022801280128012B0201027400B00070
:106E50006402B0005502AF066E027400B000D001AB
:106E60007200AC06B000B000B206B00072000022A2
:106E7000A9F1300316F8019B02EB820203EB4202F8
:106E8000A9F13003092BF5D90B928EE70F9B53F82C
:106E9000042B002A0B920F93C0F2B281337882E761
:106EA00033784BF0200B7EE7082200212CA8F4F762
:106EB00057FE012007444FE7B7EB0508064610D000
:106EC000329BC4E9005843443293319B0133072B72
:106ED000319315DC08340A9B43440A93002E7FF457
:106EE00058AF329B002B41F05E810D9B9B8903F0D4
:106EF0004003002B41F080830A985DB0BDE8F08F1D
:106F000050460D9930AA01F087FC0028EDD133AC32
:106F1000E1E700BFD80600201096B9F1000FE0D0DD
:106F2000012300228DF80C91069343AD8DF8972034
:106F30000C93CDE913220E92099211921BF00203D9
:106F400002D00699023106911BF08408329E05D1C9
:106F50000B9906980F1A002F00F39B806AB101224B
:106F60006260319A013601320DF19701072A32969B
:106F70003192216000F3D883083463B10223636047
:106F8000319B0236013326AA072B329631932260B9
:106F900000F3BF830834B8F1800F00F0BF82099B73
:106FA0000C9A9F1A002F00F3F9821BF4807F40F0A7
:106FB0001E820C9B25601E446360319B3296013318
:106FC000072B319300F33F8308341BF0040F05D0E7
:106FD0000B9B069A9D1A002D00F3B383DDE90A325C
:106FE00006998A42ACBF9B185B180A93002E40F0AA
:106FF0000883002331930E9B1BB150460E99F5F781
:107000004FFA33AC109DA6E60F9B1096073323F082
:107010000703F3E802670F9327F000431F931E96C0
:107020004FF0FF32DDE91E01B24BCDE9166704F0E7
:10703000FBF9002840F0F484DDE91E014FF0FF3237
:10704000AC4B04F0D3F9002840F0EA84002200237E
:107050003046394604F0C0F9002840F0B2879DF868
:10706000972000210320A44DA44B2BF0800B0E9100
:107070000690B9F1470FD8BF1D46CDE9131109910C
:107080000C901191002A3FF459AF069B01330693EF
:1070900054E7102F319A41F30D82DFF864C2214684
:1070A00030460D9C2E46CDF854C06546219304E031
:1070B000103F102F01F1080116DD102301321030AE
:1070C000072ACDE931200D604B60F1DD21465046A5
:1070D00030AA01F0A1FB002840F09B82DDE93120BD
:1070E000103F102F33A9E8DC35460C460646219B9D
:1070F000013215993E44072ACDE9312621606760A7
:1071000000F381869DF89720083427E70F9BB9F19B
:10711000430F109603F1040603D01BF0100F00F08C
:107120000185082200212EA8F4F71AFD0F9A43AD1D
:107130002EAB294650461268FEF7B2F803460133DB
:107140000C9001F054820C9B23EAE3730693002217
:107150000F968DF89720ECE600230F9F109657F8B6
:10716000045B8DF89730002D00F00085B9F1530FC6
:1071700000F094861BF01003119340F08F86099B5A
:10718000002BC1F21B801A4628461199FAF754F9D0
:107190000E90002801F081820E9B11995B1B0C93CD
:1071A00023EAE3734FF07309CDE913119DF897209B
:1071B0000F97099106930E9164E71BF0200F10962C
:1071C0003ED00F9B073323F007031846596850F849
:1071D000083B0A460F900029C0F2CA83099900298A
:1071E000C0F2888253EA02012BF0800740F08382CC
:1071F000099A002A40F08482BB460C925CAD64E19F
:107200000B9B5B420B9333784BF0040BCBE533784D
:10721000682B03BF73784BF4007B01364BF0400BB7
:10722000C1E52B238DF897303378BCE533784BF0EC
:10723000080BB8E54BF0100B1BF0200F1096C0D1D7
:107240000F9A1BF0100F52F8043B0F9240F0C283CC
:107250001BF0400F00F0BA8343F3C03211461BB25B
:10726000B9E71BF0200F109600F0C5830F9B0A9A18
:107270001B681A60D2175A600F9B04330F93C1E644
:1072800033786C2B03BF73784BF0200B01364BF037
:10729000100B88E547F630030F9AADF8983052F896
:1072A000043B02210F924FF07809002215481096F6
:1072B0004BF0020719900020099D8DF89700002DD2
:1072C000C0F2EC8053EA020027F0800B40F0E5802A
:1072D000002D40F0D285002940F0538317F00103C0
:1072E0000C9300F0718330230DF26F158DF86F3120
:1072F000EBE000BFFFFFEF7FE4060200E0060200C4
:107300003C430200F006020010964BF0100B1BF0FD
:10731000200200F012830F9B073323F00703194666
:107320005A6851F8083B0F9100212BF48067C2E79F
:1073300010964BF0100717F0200200F00B830F9B04
:107340000121073323F0070318465A6850F8083B19
:107350000F90B0E733784BF0800B24E5314611F8FD
:10736000019BB9F12A0F01F02882A9F13003092B02
:1073700098BF002201F2A28011F8019B02EB820269
:1073800003EB4202A9F13003092BF5D942EAE2737B
:107390000E46099309E533784BF0010B03E59DF8A0
:1073A00097203378002A7FF4FEAC20228DF89720B6
:1073B000F9E45046F9F794FF436818461D93F4F733
:1073C0003BFF209007465046F9F78AFF83681B93DE
:1073D000002F3FF463AD1B9A3378002A3FF4E3ACEF
:1073E0001278002A3FF4DFAC4BF4806BDBE4B9F198
:1073F000650F40F33781DDE916010022002303F019
:10740000E1FF002800F0D88101236360319B934A9B
:1074100001330136072B32963193226000F3328517
:107420000834279B129A934280F2C982189B1A9AB9
:107430001E44C4E90023319B32960133072B31935C
:1074400000F37A830834129B5D1E002D7FF7BDADDB
:10745000102D319B40F3EB80DFF804921027DDF80C
:107460003480CDF8549004E00834103D102D40F3E2
:10747000E08001331036072BC4E90097CDE931369F
:10748000F2DD4146504630AA01F0C6F9002840F02E
:10749000C080DDE9313633ACE7E75F46012900F013
:1074A0002A8102295CAD1ED1199803F00F01415CBD
:1074B0001B0943EA0273120905F8011D53EA020190
:1074C000F3D1BB465CAB5B1B0C93099A0C99002370
:1074D0008A42B8BF0A46CDE9133306920E939DF84F
:1074E00097201193CEE503F00701DB0843EA4273CE
:1074F000D208303153EA0206284605F8011DF2D1C0
:10750000FB07DED53029DCD03023023805F8013CFA
:107510005CAB1B1ABB4605460C93D6E70B9B069A41
:107520009F1A002F7FF73BAD102F319B41F35B80FB
:107530004B48224631464FF0100806460D9C1590E8
:1075400004E0103F102F02F1080214DD0133103166
:10755000072BC2E90068CDE93131F2DD2146504602
:1075600030AA01F059F9002853D1DDE93131103F3B
:10757000102F33AAEADC14460E460133159A3E4416
:10758000072BCDE931362260676000F3C084099B88
:107590000C9A08349F1A002F7FF707AD304A102F3E
:1075A000319B159221DD32464FF010082E460D9D7D
:1075B00004E0103F102F04F1080414DD01332849C2
:1075C0001032072BC4E90018CDE93132F1DD29462C
:1075D000504630AA01F020F9D8B9DDE93132103F28
:1075E000102F33ACEADC354616460133159A3E447B
:1075F000072BCDE931362260676000F392810834B1
:10760000D3E450460D9930AA01F006F900283FF462
:10761000F0ACD3460E9B002B3FF467AC58460E9956
:10762000F4F73EFF0D9B9B8903F0400361E40C4A95
:107630001592159A01332E44072B22606560CDE91F
:1076400031367FF7C1AC50460D9930AA01F0E4F80D
:107650000028DED1329E33ACB7E400BF2007020021
:107660002C430200129B319F012B06F1010607F10A
:10767000010704F1080940F310810123072FCDE928
:1076800031762560636000F38081189B01371A9A78
:107690001E44072FC9E90023CDE9317600F382812A
:1076A00009F10809129B0022DDE916015C1E002386
:1076B00003F088FE002840F0098101370135264497
:1076C000072FCDE93176C9F80050C9F8044000F31E
:1076D000F08009F108091C9B01371E44C9F80430E9
:1076E000072F2AABCDE93176C9F80030ABDC09F1C0
:1076F00008046AE45F460A2B72F1000180F02583DA
:1077000030338DF86F310123BB460C930DF26F15AA
:10771000DBE650460D9930AA01F07EF800287FF490
:1077200078AF329E33AC36E450460D9930AA1593AB
:1077300001F072F800287FF46CAF329E159B33ACD9
:107740001BE4102D319B40F33187DFF8CC821027EA
:10775000DDF83490CDF8548004E0103D102D04F194
:10776000080415DD01331036072BC4E90087CDE985
:107770003136F2DD4946504630AA01F04DF8002876
:107780007FF447AFDDE93136103D102D33ACE9DC35
:107790000133159A2E44072BC4E90025CDE9313673
:1077A0007FF71CAC50460D9930AA01F035F800283F
:1077B0007FF42FAF329E11E42799002940F33383E1
:1077C000DDE911839845A8BF9846B8F1000F0ADD9E
:1077D000319B46440133072BC4E90058329631935C
:1077E00000F33E860834119FB8F1000FA8BFA7EB45
:1077F0000807002F00F3CB81DDF844901BF4806F65
:10780000A94440F0EA81279B129A9342C0F2718208
:107810001BF0010F40F06D82129AAF18A7EB090719
:10782000D51AAF42A8BF2F46002F0BDD319B3E4437
:107830000133072BC4F8009067603296319300F350
:1078400085860834002FA8BFED1B002D7FF7BDAB48
:10785000102D319B7FF7EBAEDFF8C0911027DDF8DC
:107860003480CDF8549004E00834103D102D7FF79B
:10787000E0AE01331036072BC4E90097CDE931366D
:10788000F2DD4146504630AA00F0C6FF00287FF4E2
:10789000C0AEDDE9313633ACE7E71BF0010F7FF412
:1078A000ECAE0123072FCDE93176256063607FF7C9
:1078B00012AF50460D9930AA00F0AEFF00287FF4B9
:1078C000A8AEDDE931760DF1CC0904E7129B012B5E
:1078D0007FF701AF112B40F37F87504BCDF824B0D9
:1078E00010259B46DDF83480159305E009F1080961
:1078F000103C102C40F33C8301371036072FC9E9A8
:1079000000B5CDE93176F1DD4146504630AA00F0B0
:1079100083FF00287FF47DAEDDE931760DF1CC09DF
:10792000E6E750460D9930AA00F076FF00287FF474
:1079300070AE329E33ACFFF738BB0F991BF01000CE
:1079400051F8043B55D11BF040054ED002460F9133
:107950009BB2E9E40F9917F0100051F8043B41D1B4
:1079600017F040053AD00F91024601219BB2A2E4E4
:107970005B425F464FF02D004FF0010162EB420287
:107980009AE4099B5CAD0C939FE550460D9930AA93
:1079900000F042FF00287FF43CAEDDE931760DF1C6
:1079A000CC0972E650460D9930AA00F035FF002848
:1079B0007FF42FAEDDE931760DF1CC0972E61BF0D4
:1079C000010F3FF402AB31E55CAD7EE51BF4007FB7
:1079D00040F04F83DA171146FFF7FDBB17F4007232
:1079E00040F052830F91012165E41BF4007240F0D6
:1079F00046830F9198E41BF0100F40F094821BF027
:107A0000400F40F0CA831BF4007F00F08C820F9B74
:107A10000A9A1B681A702FE43C4302002C430200B0
:107A2000DDE9160102460B4603F0FEFC002840F09B
:107A30001C86B9F1610F00F01F85B9F1410F00F00C
:107A40004A85099B013300F0EF8329F02003472B7F
:107A500000F0E1850E90DDE91612002A13464BF482
:107A60008078C0F2E68400231593DDE91623CDE982
:107A70002223A9F14103252B00F20E83DFE813F046
:107A800018040C030C030C03D803A5040C030C030B
:107A90000C030C030C030C030C030C030C030C036E
:107AA0000C030C030C030C030C030C030C030C035E
:107AB0000C030C030C030C030C030C030C030C034E
:107AC00018040C030C030C03D803A504A64B109652
:107AD00019931BF0200200F01A810F9B073323F04B
:107AE000070319465A6851F8083B0F911BF0010F24
:107AF00009D053EA020106D030218DF899904BF05D
:107B0000020B8DF8981002212BF48067FFF7D3BB8E
:107B10005F4610960FE41096FFF7F9BB934B109653
:107B20001993D6E70F9B43AD1B688DF80C310123E9
:107B300006930C93FFF70BBB50460D9930AA00F04B
:107B40006BFE00287FF465AD329E33AC7BE44021B0
:107B50005846F4F7A1FD0D9B18601861002800F04D
:107B60003F8640230D9A5361FFF7DCB8099B2946F5
:107B7000062B28BF06232A4609950E95CDE9131139
:107B80007B4D06930F970C931191FFF77BBA102F43
:107B9000319B40F31D86774932464FF010090E465F
:107BA000DDF83480159104E00834103F102F40F3C5
:107BB000EE8101331032072BC4E90069CDE931327F
:107BC000F2DD4146504630AA00F026FE00287FF440
:107BD00020ADDDE9313233ACE7E7129B2246EB18EA
:107BE0000993139B4C46002B3146DDF85080CDF8AD
:107BF00044B0DDF86C90209EDDF834B0149531DD92
:107C0000B8F1000F40F3338108F1FF3831981D9B24
:107C1000013031440728C2E900363291319000F337
:107C200089800832099B99F800001F1B8742A8BF72
:107C30000746002F0CDD3198394401300728C2E98E
:107C400000473291319000F3558199F800000832D5
:107C5000002FB4BF0546C51B002D14DC0444139B44
:107C6000002BCDDCB8F1000FCEDCCDF86C90A14636
:107C7000149D129B1446EB1899450E4628BF994651
:107C8000DDF844B0BFE5102D31983A4B23DD0C945C
:107C900010272C461D4604E0103C102C02F108026F
:107CA00016DD0130334B10310728C2E90037CDE92A
:107CB0003101F1DD5946504630AA00F0ADFD0028F3
:107CC0007FF4A7ACDDE93101103C102C33AAE8DCCD
:107CD0002B4625460C9C013029440728CDE931016B
:107CE0001360556000F3AD8399F800000832044436
:107CF000B5E7189A1A991644C4E90012319A3296D7
:107D00000132072A319200F3C883083484E50F99C1
:107D10001BF0100051F8043B0AD11BF0400503D0C2
:107D200002460F919BB2E1E61BF4007240F09D8188
:107D30000F91DBE65946504630AA00F06DFD002851
:107D40007FF467AC329933AA6CE707F480610C9733
:107D50000E944FF0000E0F46DFF81CB01B9C0DF583
:107D6000B87CCDF8189010E004070200F00602007D
:107D7000180702002C430200CDCCCCCC0A2B72F1A8
:107D8000000237D343463246AC46991841F1000110
:107D9000ABFB010626F0030000EB96004FF0CC365B
:107DA000091A581A06FB00F662F10009A0FB0B80C5
:107DB0000BFB09660644052008F00109A9FB000930
:107DC00040184FEA5808303048EAC6780EF1010EE4
:107DD0000CF1FF350CF8010C7608002FCED021787D
:107DE0008E45CBD1BEF1FF0FC8D00A2B72F1000235
:107DF00080F0DA801B94DDF818900C9F0E9CCDF873
:107E000048E0FFF75EBB50460D9930AA159300F08D
:107E100003FD00287FF4FDAB9DF89720329E159B53
:107E200033ACFFF79BB801236360319B994A013360
:107E30000136072B32963193226000F3FE8008341E
:107E4000002976D1129A0BF0010313433FF4BDA829
:107E5000189B1A9A1E44C4E90023319B32960133C1
:107E6000072B319300F3D38104F1080272E0139BD6
:107E700009F1FF39013B1393C8E601295F467FF4FE
:107E800010AB3DE450460D9930AA00F0C5FC002827
:107E90007FF4BFAB329E33ACFFF7C3BA0DF1B80825
:107EA0000822002140462995F3F75AFE099B002B32
:107EB000C0F28C8000260697CDF830903746994660
:107EC0000FE04346504643A9FDF7EAF9421C06F18C
:107ED0000406384400F0BD83484506DC00F0FE830C
:107EE0000746299B9A59002AEBD1DDF830900C9770
:107EF000069F79E05946504630AA00F08DFC0028D4
:107F00007FF487AB99F80000329933AAA0E6504677
:107F10000D9930AA00F080FC00287FF47AAB329EE5
:107F200033ACFFF73CB80F9B0A9A1B681A60FFF747
:107F3000A3B9189B1A9A1E44C4E90023319B3296B8
:107F40000133072B319300F3628104F10802002909
:107F5000C0F20B83129901330E44072BCDE9313661
:107F6000156051603FF76FAB02F10804FFF72DB8C1
:107F7000DDF824B00137159B2644072FCDE9317673
:107F8000C9F80030C9F804407FF7A3AB91E4164666
:107F90000133159A3E44072BCDE9313622606760E4
:107FA00000F32981083427E4209B1D99ED1A1A4615
:107FB0002846F8F749FC637803B101344FF0000E0E
:107FC000E0E62D228DF89720FFF74BB800235046AE
:107FD0001946CDF8008029AAFDF7B4F9034601330C
:107FE0000C9000F0368329950C9B002B31D0632B2D
:107FF00000F3F780002343AD0E9308220021404692
:10800000F3F7AEFD0C9E294633465046CDF800806E
:1080100029AAFDF797F9864240F0F28300230C9AD3
:10802000CDE9133322EAE271AB549DF897200F9704
:10803000069109931193FFF725B850460D9930AA80
:1080400000F0EAFB00287FF4E4AA2799329E33ACC3
:10805000F6E60C9B9DF89720CDE913330F97069316
:10806000099311930E93FFF70DB82A460F91DBB2D7
:108070003CE543F3C01211465BB2FFF7ACB82A46A9
:108080000F91DBB2FFF750B90F912A460121DBB205
:10809000FFF711B920070200099B50460193022304
:1080A00000932EAB049329AB039327AB0293DDE936
:1080B0002223F9F7E5FA1BF0010F054640F007828D
:1080C0002E9B1B1A1293279B1193119BD91C03DB28
:1080D000099A9A4280F28E81119BA9F10209013B13
:1080E000002127935FFA89F2002B8DF8A820B6BFF4
:1080F0002D222B22119B8DF8A920B8BFC3F10103BB
:10810000092B40F392820DF1BF073A46DFF8D0C247
:108110001E461046ACFB0321C90801EB8102A3EB0C
:1081200042023032632E00F8012C0B4600F1FF3280
:10813000EEDC303302F8013C831EBB4280F03A8310
:108140000DF1A90213F8011BBB4202F8011FF9D17E
:108150005CAB181AA0F1AD031C93129B1C9A012B67
:108160001A440C9240F370820C9B189A13440C939F
:108170002BF4806343F4807B00230C9A149322EA4F
:10818000E272069213931193159B002B40F021810C
:108190009DF897200993FEF775BF0F9B0A9A1B68FD
:1081A0001A80FFF769B80D9C5046214630AA00F0AE
:1081B00033FBA38903F04003FEF79BBE2846F4F788
:1081C0003BF8119B20EAE0714FF07309CDE91333BE
:1081D0009DF897200F970C90099306910E93FEF748
:1081E00051BF5046591CF4F757FA0546002800F0D5
:1081F000FF820E9001E750460D9930AA00F00CFB6B
:1082000000287FF406AA329E33ACFFF7F5BA504639
:108210000D9930AA00F000FB00287FF4FAA9DDE9EF
:108220003136279933AA92E606230E90099312E479
:108230000223099A0132069200932EAB069E049304
:1082400029AB039327AB019602935046DDE9222325
:10825000F9F716FA29F02007462F054618BF4527DB
:10826000064405D12B78302B00F03781279B1E4424
:108270000022DDE92201002303F0A4F8002840F0E9
:1082800022812E9BB34206D230215A1C2E921970A5
:108290002E9B9E42F9D8279A11925B1B472F12936F
:1082A0003FF413AF462F00F02681119B013B17E7E7
:1082B00027AADDE92201F9F70FF900224FF07F53D9
:1082C00002F018FE02460B46CDE9062300220023E9
:1082D00003F078F808B101232793099B414A591EFE
:1082E000414BCDE911B4B9F1610F08BF1A462E46D2
:1082F000D346CDF8309013958946DDE90645924680
:10830000099207E00022002303F05CF8002840F007
:10831000D181B9460022354B2046294602F0EAFDBC
:108320000D46044603F096F8804602F079FD0246B9
:108330000B462046294602F025FC1AF80830B9F110
:10834000FF3F324604460D4609F1FF3706F8013B70
:10835000D8D11746264B0022CDE90645DA46DDF88E
:108360003090129CDDF844B0139D03F053F80028C0
:1083700000F0128209992E9716F8012CC97B33461A
:10838000914209D1302003F8010C2E9B5A1E2E92E7
:1083900013F8012C9142F6D0392A0BBF099A013209
:1083A000927AD2B203F8012C33465B1B1293279BBF
:1083B000B9F1610F119303F1FF33279300F0C281EC
:1083C00050224FF0410901218EE6099B06930323B9
:1083D00032E72D2200238DF897200993FEF755BE32
:1083E000CDCCCCCC04070200F006020000003040E7
:1083F0000000E03FDDE91123934200F3DB801BF036
:10840000010F119B00F04781189A13440C931BF441
:10841000806F00F07A81119B4FF06709002B7DDCA3
:108420000C9B23EAE37306930023C346CDE9133381
:10843000AAE622912D2103F1004315912393FFF722
:1084400018BB5946504630AA00F0E6F900287FF4E0
:10845000E0A899F80000329933AA0444FFF7FFBB63
:1084600050460D9930AA00F0D7F900287FF4D1A822
:10847000329E33ACFFF7B7B978238DF899303023AB
:108480008DF89830099B4BF0020B632B00F3B980F9
:10849000002343AD0E93FFF7DEBA50460D9930AA84
:1084A00000F0BAF900287FF4B4A8279B329E33ACC1
:1084B000FFF7B2B9AE491591FEF71ABE00230E467A
:1084C0000993FEF772BC279A33461192E5E6099BA1
:1084D0004727C618CCE65823CFE70022DDE9220162
:1084E000002302F06FFF002800F02781279B1E4425
:1084F0001193731B12931199099A0BF00103002930
:1085000043EA020340F32D81002B40F001814FF03C
:108510006609119B0C931BF4806F81D01B990B781B
:10852000FF2B00F061810026119A304604E00130F3
:108530000131FF2B00F0D880934280F2D580D21A0F
:108540004B78002BF3D10B780136F2E750460D99AA
:1085500030AA00F061F900287FF45BA8279D129BE8
:10856000329E33AC5D1BFFF76DB94F4210312CDAF0
:10857000DFF800821024CDF8548003E00832103F69
:10858000102F24DD01331036072BC2E90084CDE91A
:108590003136F3DD50460D9930AA00F03DF9002840
:1085A0007FF437A8DDE9313633AAE8E7704A15923F
:1085B000FFF7EEB8129B189A9A18119B0C92002B99
:1085C00040F3AE804FF06709A5E76A491591013382
:1085D00015993E44072BCDE931361160576000F301
:1085E000B3800832B6E4634A1592FEF7C6BF0D9A0F
:1085F000938943F0400393814FF0FF330A93FEF7D2
:108600007BBC5046591CF4F747F805460028EED0CD
:108610000E90FFF720BA099B002B7FF41BAA099B41
:108620000E9301230993FFF716BA002940F08280C8
:1086300030228DF8AA200DF1AB02303302F8013B55
:108640002AABD31A1C9388E51BF0010F3FF490ADC1
:108650008AE50022D3460D9B0E92B3F90C3043F00D
:1086600040030D9A9381FEF7D5BF179B0320002B83
:10867000B8BF2D224FF00003A8BF9DF897201946E0
:108680000E933D4D3D4BB8BF8DF897202BF0800BDE
:108690000690FEF7EEBC0C93B9E6099B4FF0730908
:1086A000CDE913009DF897200F9706930C9309903E
:1086B000FEF7E8BC49460029DA46DDF83090129C06
:1086C000DDF844B0139DFFF66FAE4B1C30223146EF
:1086D000334401F8012B9942FBD166E6099BDDF892
:1086E0003090069F0C937FE4CDE913061B91119205
:1086F000DDE91332209913440C9AC34601FB03238E
:108700000C9323EAE37306933EE54FF0670987E68F
:108710001346189A4FF0660913440B440C93FAE67B
:10872000C3F101031A4422EAE2734FF067090C9285
:10873000069379E60DF1AA027FE7069BC3F10103D8
:10874000279394E570223EE650460D9930AA00F03A
:1087500063F800287EF45DAFDDE9313633AAFFF718
:10876000F9BB6BB901234FF0660906930C935BE6E6
:108770003C4302002C430200EC060200E806020023
:10878000189B4FF0660903F1010B099B5B440C93A6
:1087900023EAE373069347E60022DDE906011C4B5A
:1087A00002F010FE00283FF4FFAD18F0010F3FF477
:1087B000FBADDFE502231C93CFE40F9A73780E46DE
:1087C00052F8041B0F9241EAE1720992FEF7EBBAEC
:1087D000104A1592FFF7DCBB0E4B1593FFF7CABB8F
:1087E0000C23CBF8003007E70023CDE913337FE7F4
:1087F0000D9BD346B3F90C300E9043F0400330E7A5
:108800000D9BD346B3F90C3043F0400329E700BF7A
:108810000000E03F2C4302002DE9F041154692682C
:108820002C68FAB107468846083402E0134608343B
:10883000C3B16B685E1E002B6E6013DD54F8046CD0
:10884000002EF3D033464146384654F8082C01F048
:10885000ABFE431C07D0AA680834921B1346AA60DB
:10886000002BE6D100200023C5E90133BDE8F081EB
:108870002DE9F0410C46096B04F14003994214D0F4
:10888000666B77003A46FAF735FE054630B300EBE3
:108890000608014632464046F3F758FCC4E90C5737
:1088A000C4F800800020BDE8F0814FF48061F3F748
:1088B000F3FE98B14FF4806194F842202063616325
:1088C00080F8FF2394F8412000F2FD3380F8FE2366
:1088D00094F8402080F8FD232360E3E74FF0FF3059
:1088E000E1E700BF70B54C1C39D00E460546144672
:1088F00010B1436B002B71D0626EB4F90C30D1070C
:1089000001D49A054DD523F020025807A28106D440
:10891000D9066DD51B0754D442F00402A281226B04
:108920006368F6B2F2B1626B9A420FDD23685A1E99
:10893000226003F8016C6368626E0133D2076360E2
:1089400002D4A3899B0537D5304670BD2146284601
:10895000FFF78EFF0028E9D0636ED80751D54FF09E
:10896000FF36F1E7626E2069216802F0010228B14A
:10897000884203D211F8010CB04232D00320E363E5
:108980002346C4E90D01012104F14005256303F8E4
:10899000426FC4E90031002AD6D1A3899B05D3D404
:1089A0000AE0A06DF3F7EAFAB4F90C3023F02002E4
:1089B0005807A281B3D4ABE7A06DF3F7E7FA3046CE
:1089C00070BD21462846F2F76DFC0028C4D1B4F9E9
:1089D0000C20A06022F00802A0619DE7F2F7E6FDFE
:1089E0008AE701390133C4E90013002AACD1A8E7B2
:1089F000626ED207B3D49905B1D4A06DF3F7C6FA6D
:108A0000ADE7A389F7E700BF03460A4602490868B5
:108A10001946FFF767BF00BF94000020844610B4DA
:108A20000E4C1CF8013B11F8010BE25C02F0030252
:108A3000012A225C08BF203302F00302012A05D07C
:108A40001B1A08D10028ECD110BC70472030181A2E
:108A5000E7D010BC7047184610BC7047D105020023
:108A6000830710B5044610D10268A2F1013323EA4E
:108A7000020313F0803F08D150F8042FA2F1013314
:108A800023EA020313F0803FF6D003781BB110F8FD
:108A9000013F002BFBD1F8F771FC204610BD00BF51
:108AA0000B4632B913F8012B002AFBD1581A0138B2
:108AB0007047013A16D010B401E0013A09D013F81A
:108AC000014B00F8014B002CF7D1581A013810BCAB
:108AD0007047027013F8012B002AFBD1581A013895
:108AE00010BC70470270DDE722B310B50244864621
:108AF000114C04E01B1A1BD1B8B1964516D01EF8D4
:108B0000013B11F8010B14F803C00CF0030CBCF18D
:108B1000010F14F800C008BF20330CF0030CBCF1A7
:108B2000010FE7D12030181AE7D010BD002010BD8A
:108B3000184610BD10467047D105020000200149BB
:108B4000704700BF0000F87F144600B51A460A4B74
:108B50000D461B6885B0DE6803464CB1074901919C
:108B6000304607490294009500F060FD01F07CFD5D
:108B700004490C46F3E700BF940000209C09020062
:108B8000AC090200A809020008B513460022FFF74D
:108B9000DBFF00BF38B5A1FB021454BBF3F77CFD2B
:108BA000054650B350F8042C22F00302043A242A5C
:108BB00010D8132A13D91B2AC0E9004416D9242A35
:108BC000C0E902440ABFC0E9044400F1100200F108
:108BD000180205E02146F2F7C3FF284638BD0246D9
:108BE00000232846C2E90033936038BD00F1080233
:108BF000F6E7F3F777F90C2303600025284638BD24
:108C00000148F3F7BBB900BF645F00200148F3F7E8
:108C1000BDB900BF645F00202DE9F0410469B4EBE9
:108C2000611F05DC0023036100234361BDE8F0817F
:108C300000F114054E1111F01F0C05EB840E05EB2D
:108C4000860321D055F8261004339E4521FA0CF1F5
:108C5000CCF120082DD92F461A6802FA08F20A43EF
:108C600047F8042B53F8041B9E4521FA0CF1F3D866
:108C7000A31B9B00053B9B08013305EB830445F8D0
:108C8000231079B104340DE09E4588BF00F1100235
:108C9000C8D953F8041B9E4542F8041FF9D8A41BF9
:108CA00005EB8404631B9B10AC420361BCD0BDE8A0
:108CB000F08141610029B5D02C46E3E72DE9F04F62
:108CC0001C4685B000900868934682780B46302A8F
:108CD000029440F0F381C11C0A780C46302A01F15D
:108CE0000101F9D0A4EB0009A9F10209DFF8C08263
:108CF00018F80220002A00F0EF80002722783D4675
:108D000018F80220002A00F07781264616F8012F75
:108D100018F80220002AF9D101223046A549019312
:108D2000F2F7D6FF019B824600284DD03278002D05
:108D300000F0A581A5EB060A4FEA8A0A02F0DF02DD
:108D4000502A35464DD01E60002F74D12B1B013B9D
:108D5000072B394604DD5B10072B01F10101FADC1A
:108D60000098F9F781FE0346002800F06A8200F1BE
:108D70001406A542019640F2CA8100270390B94625
:108D80000DE0202F1AD0394604372A7818F802202F
:108D900002F00F028A4049EA0209A54254D015F8B0
:108DA000012D2E2AEDD1A542EBD30122284681497F
:108DB000F2F78EFF0028F0D0202FE4D1002146F8F2
:108DC000049B04278946E0E7002D00F06881327893
:108DD000A5EB060A02F0DF02502A35464FEA8A0A5E
:108DE000B1D16A782B2A00F048812D2A40F0D58035
:108DF0000120AA78AE1C18F802104A1E182A00F2A8
:108E0000D5807278103918F8022001365AB90CE072
:108E100001EB810102EB4102A2F1100116F8012FD2
:108E200018F802200AB1192AF2DD00B149428A4439
:108E30001E60002F8AD0B9F1000F0CBF0625002557
:108E4000284605B0BDE8F08F039B019A46F8049BC5
:108E5000B61AB6101E6148460393F9F7DFFE760195
:108E6000DBF80040361AA642039B76DCC0F209818B
:108E70000027DBF808205245C0F23E81DBF80420D1
:108E800052454EDDA2EB0A0A544500F39580DBF80B
:108E90000C10022900F0E180032900F05381012920
:108EA00040F0DF80544540F0DC80012C0AD01846A9
:108EB000611E0393FAF7E8FA039B002800F0D180C3
:108EC000DBF804200121029862250260019A1961F1
:108ED00011600E9A1360B3E70122204635490193D1
:108EE000F2F7F6FE019B0746002840F08780627883
:108EF000651C18F80210002900F08280302A2C46E8
:108F000040F02B8114F8012F302AFBD018F80220F2
:108F10004FF00109B2FA82F77F09002A7FF4F5AE1B
:108F20006AE0012587B1DBF80C20022A6FD0032A02
:108F300071D0012A06D1B90704D5019A12681743E6
:108F4000FA076BD445F0100528460E9A1360029B71
:108F5000C3F800A005B0BDE8F08F361B18463146B7
:108F6000FAF792FA039B074678B10127711E019820
:108F70004A1150F8220001F01F0207FA02F20242E1
:108F800003D0B94200F3CF8002271846314603933D
:108F9000B244FFF741FE039B6BE718F80210002074
:108FA0004A1E182A05F101067FF62BAF2E46CAE6A7
:108FB0004C430200180802000AF1FF35002F40F070
:108FC000A480002D40F0A78001220198691150F87B
:108FD000211005F01F05AA400A4218465146039386
:108FE00018BF47F00207A4EB0A04FFF715FE02259D
:108FF000DBF804A0039B95E726468DE625462278FC
:1090000002F0DF02502A00F099801D6013E70F9AEA
:10901000C2F101020F920F9A002A93D001991E69A2
:1090200088460A4600274FEA860901EB860003E0DE
:10903000904242F8047C45D9944652F8041BB1F1A1
:10904000FF3FF5D00131022DCCF800107ED014F096
:109050001F0440F0AE80212576E70F9900293FF4E8
:1090600031AF502519460098F9F724FD0023284612
:109070000E9A136005B0BDE8F08F0020B9E6AA464D
:109080005CE6A61B194632460098F9F751FF00F13D
:10909000140203460027AAEB060A0192E9E6727859
:1090A000751C18F802102E4600293FF447AE16F83A
:1090B000012F18F802100029F9D13BE64FF0000902
:1090C000841C13E69A6896424ADA0121022D06EBC7
:1090D000010003EB86061861DDF80480716135D06C
:1090E000002874DC00221A6100225A61DBF8082093
:1090F0000AF1010A5245AEDA19460098F9F7DAFC8E
:1091000000230E9AA32513609AE601275CE74FF02F
:109110000009019E99E6184629460393FAF7B4F927
:10912000039B074650E71846B11E0393FAF7ACF9C4
:10913000039B00283FF428AF032726E74FF0000ADF
:1091400001274EE60F9900298BD0BBE6DBF8002003
:10915000013AA24262D02225F6E64FF00109D4E599
:109160005968009801310193F9F77EFC019B07468D
:1091700000286CD01A6903F10C01023292000C3005
:109180000193F2F7E3FF019B00981946F9F792FC6F
:1091900001213B69022D03EB010007EB83033861DA
:1091A00007F1140859613B46D0D08642BFF64FAF55
:1091B00096E7C14459F8040C0193F9F72FFDC4F167
:1091C0002004A042019BBFF646AF186988E75A69A0
:1091D00008EB800003F11804A0424FEA520229D99B
:1091E0004546216842EAC17245F8042B54F8042B25
:1091F000A0424FEA5202F4D8C11A19398908013144
:1092000048F8212008EB810102B10431A1EB0802EA
:10921000921041451A617FF469AF65E7012261113F
:1092200058F8211004F01F04A2400A4214BF21255F
:10923000222589E6C8F800200AB14146E5E71A610F
:1092400052E70246E421054B0548FFF77DFC024644
:109250008421024B0248FFF777FC00BF7008020030
:10926000DC09020010B504688646013409E014F8F0
:10927000013BA3F1410CBCF1190F98BF203393427D
:1092800007D111F8012B002AF1D10120CEF80040BE
:1092900010BD002010BD00BF0B682DE9F04F591123
:1092A00002EB810113F01F0306464FF000050DBFCE
:1092B0000846081D8E46A1F1040E316885B040F8BD
:1092C000045C4C1C4978002900F0AF807746F446D6
:1092D0000093AA460B46A9467146AB469646DFF870
:1092E00084810246019610E0202B00F296804D45C5
:1092F00008DD674502D9BAF1070F67DDE6455CD3A3
:109300004FF0080A14F8013FB3B118F80360002EBB
:10931000EAD00AF1010ABAF1080F05F1010542DCB1
:10932000DCF800301B0106F00F061E43CCF800608D
:1093300014F8013F002BE8D1104672468E46009B80
:10934000002D72D0BC4502D2BAF1070F74DD624520
:1093500055D26346111F53F8044B734541F8044F2F
:10936000F9D9AEEB0C0323F003030EF10101043332
:109370000CF1010C8C4588BF04230021134443F8F1
:10938000041B7345FBD950F8041C19B107E05EF8C3
:10939000043D23B97245FAD10123CEF800300520EF
:1093A00005B0BDE8F08FE645ACD24CF804BC002314
:1093B0004FF0010AACF1040CB5E7ACF104074CF82E
:1093C00004BCA946BC464FF0000A9BE7CAF108005E
:1093D00080006646CDE902C2DCF800308446C0F168
:1093E000200A706800FA0AF21A4320FA0CF332607D
:1093F00046F8043FB742F4D8DDE902C27EE750F8F0
:10940000041C002BC1D04FF0FF34C3F1200324FA19
:1094100003F3194040F8041CB7E7104672468E4625
:1094200019462929019E009B03D0042005B0BDE800
:10943000F08F0134346083E7DCF80040CAF10801A2
:109440008900664688462546C1F12009716801FAFF
:1094500009F42C4321FA08F5346046F8045FB7425A
:10946000F4D874E74C4302002DE9F04F89B08646EA
:10947000DDE9137A1E46002F53D01568002955D018
:10948000129B002B62D0741E2EB30026CDE900E1A2
:10949000DDF848B0043D029103920AE0019BF3B964
:1094A0002868002831D0DC4552D2013C631C664656
:1094B00011D0D7E9009855F8042F3B460098DAF808
:1094C000E0C005A9E047421C34D000EB060CDC45A7
:1094D000E4D9C7E90098304609B0BDE8F08F00280C
:1094E0000CDD029B05A918445A1E00F1FF3E11F83D
:1094F000013B02F8013F7245F9D10290039B2868B5
:109500001A6804321A600028CDD10199039A01B17A
:1095100010600CF1FF36002230463A6009B0BDE819
:10952000F08F156800F586770029A9D14FF0FF3339
:109530001293A8E706468A2100223046DDF800E0B3
:10954000CEF800103A6009B0BDE8F08F129EC2E775
:109550006646C0E710B584B00698054C00900798A1
:109560000190044800680294FFF77EFF04B010BD2C
:10957000D80600209400002010B5044684B0069858
:10958000019006480068009313460A462146044CA1
:109590000294FFF769FF04B010BD00BF94000020E3
:1095A000D8060020184B98422AD870B54FF0000E0C
:1095B00040F6F904154D03E003F1010E74451DDB7F
:1095C00004EB0E0303EBD37323F0010202EB6302FF
:1095D00005EB420C9CF80110BCF80260BCF804C01A
:1095E00041EA06218C4460454FEA63034FEA420298
:1095F000E2D8884206D25C1E7445E1DAFF2070BDD5
:10960000FF207047A85C70BDEF010E004C440200C3
:109610000CB400B583B004AB53F8042B019300F0F5
:1096200019F803B05DF804EB02B070470EB400B552
:10963000074A82B003AB0146106853F8042B01932C
:1096400000F008F802B05DF804EB03B0704700BF0B
:109650009400002084462DE9F04F0E461546E14661
:10966000C9B018AF0822002138461C460596079558
:109670000D93F2F775FAB9F1000F04D0D9F8343030
:10968000002B00F03786059B5A6EB3F90C30D007DB
:1096900002D4990540F12C859E0406D4059943F423
:1096A000005322F400528B814A66950400F1E4864F
:1096B000059AB2F90C30190740F1BF801269002AEF
:1096C00000F0BB8003F01A020A2A00F0C5800023D4
:1096D0001FAA9246CDE91D33CDE91133DFF83CB224
:1096E0001C920E9309930F93CDF82090DDE9075457
:1096F000DBF8E460F7F7E2FD2A46034616A92046A8
:109700000097B047002800F0C680C0F2BC80169BCE
:10971000252B01D00544EBE7079B0446EE1A40F0E9
:10972000BE804FF0FF32002306926A786C1C8DF8E1
:1097300053300A9303930134A2F120035A2B00F211
:10974000EF80DFE813F05402ED00ED004E02ED0073
:10975000ED00ED005E02ED00ED006A00EB01ED00B2
:10976000E501F601ED00F0015B005B005B005B00D2
:109770005B005B005B005B005B00ED00ED00ED005B
:10978000ED00ED00ED00ED00ED00ED0097017F0232
:10979000ED00ED00ED00ED00ED00ED00ED00ED0061
:1097A000ED00ED001202ED00ED00ED007001ED00A6
:1097B000A202ED00ED00FC04ED00ED00ED00ED0077
:1097C000ED00ED00ED00ED00ED00ED009701BC01B6
:1097D000ED00ED00ED009902BC017400ED002003E6
:1097E000ED001103F904F0027400ED007001720045
:1097F000F604ED00ED001F05ED0072000021A2F15E
:10980000300314F8012B01EB810103EB4101A2F1BC
:109810003003092BF5D90A918EE70D9B53F8042BE1
:10982000002A0A920D93C0F27081227883E7039B8D
:10983000227843F0200303937DE7059D484629469F
:10984000F2F72CF9002840F03D86B5F90C3003F012
:109850001A020A2A7FF43BAF0599B1F90E20002ABB
:10986000FFF635AF4A6ED60702D49D0540F1EB8571
:1098700023464846079A059900F056FE0990099834
:1098800049B0BDE8F08F082200213846F2F768F9A8
:10989000012005442CE7079B0446EE1A12D0079BD3
:1098A000CAE900361E9B33441E931D9B0133072BD0
:1098B0001D9313DC0AF1080A099B33440993002C19
:1098C0007FF42FAF1E9BDDF82090002B40F0CA855F
:1098D0000022059B1D92B3F90C3012E005990898FF
:1098E0001CAAF6F719FC48B90DF17C0AE4E7B14669
:1098F0000C9B1BB148460C99F2F7D2FD059BB3F9BE
:109900000C30059A526ED10740F183805B0600F15E
:10991000BD85099849B0BDE8F08F00BFD80600208A
:109920000794002ACED000238DF8533001238DF800
:10993000BC2004932FAC0B934FF00009CDF830906E
:10994000CDF81890039BDDE91D2113F0840605D1A5
:109950000A9B04981D1A002D00F302839DF8530002
:1099600078B10123013201310DF15300072ACDE90D
:109970001D21CAF80430CAF8000000F32B830AF155
:10998000080AB9F1000F0ED0022001320231CAF8E4
:109990000400072A15A8CDE91D21CAF8000000F32C
:1099A00025830AF1080A802E00F02A82069B0B9874
:1099B0001D1A002D00F36B820B9B01321944072AFC
:1099C000CDE91D21CAF80040CAF8043000F39C829A
:1099D0000AF1080A039B580705D50A9B049A9C1AAA
:1099E000002C00F30F83DDE9093204988242ACBFFA
:1099F0009B181B180993002940F0908200231D93A7
:109A00000C9B1BB10C990898F2F74AFD0DF17C0AEA
:109A10006CE69A053FF57AAF059CA06DF2F7B6FAB1
:109A2000B4F90C3072E700230D9E079456F8044BEE
:109A30008DF85330002C00F07584532A00F0BD835C
:109A4000039B13F0100540F0B883069B002BC0F277
:109A5000E8841A4629462046F7F7EEFC0C900028C9
:109A600000F02C85031BCDE90B3523EAE373049347
:109A700000F0B8BC0D9B432A079403F1040503D002
:109A8000039BD80640F18283082200211AA8F2F72E
:109A900067F80D9A2FAC1AAB214612680898FBF7AD
:109AA000FFFB034601330B9000F0FB840B9B23EA82
:109AB000E373049300230D958DF853303CE7039B2B
:109AC0000794990640F1C7800D9B073323F00703E5
:109AD00018465A6850F8083B11460D90002AC0F20B
:109AE0005B81069A002AC0F26481039A22F0800208
:109AF000039253EA010240F05C81069B002B40F088
:109B0000A78404930B9348AC65E10A9B5B420A93DC
:109B1000039B227843F0040303930CE62B23227863
:109B20008DF8533007E6039B227843F080030393BC
:109B300001E6204610F8012B2A2A00F0CE84A2F17B
:109B40003003092B98BF002100F2848410F8012B08
:109B500001EB810103EB4101A2F13003092BF5D99F
:109B600041EAE17304460693E6E5039B079443F05C
:109B7000100212F0200100F087820D9B073323F0C2
:109B800007031846596850F8083B0D90002022F44E
:109B900080640394069C8DF853008442C0F2A08038
:109BA00053EA010422F4906240F0A083039C0392E4
:109BB000069B002B40F08C80002840F0908214F02F
:109BC00001020B9200F0908230238DF81F319DF836
:109BD000533004920DF21F14002B40F001810C93BE
:109BE00003E1039B227843F001030393A3E59DF86F
:109BF00053302278002B7FF49EAD20238DF8533014
:109C000099E5089E3046F7F76BFB436818461193B9
:109C1000F2F712FB129005463046F7F761FB8368B6
:109C20000E93002D3FF401AE0E9B2278002B3FF4E3
:109C300082AD1B78002B3FF47EAD039B43F4806321
:109C4000039378E5039B079443F010030393039B6E
:109C500099063FF539AF0D9A52F8043B0D92039ADD
:109C6000D20600F15282039A560640F14A8243F32B
:109C7000C0310A461BB231E72278039B682A00F004
:109C8000958243F04003039355E5039B079443F00B
:109C9000100414F0200100F006820D9B073323F01E
:109CA00007031A46596852F8083B0D9200228DF8B6
:109CB0005320069A002AC0F21B8324F080020392EC
:109CC00053EA010275D1069B0120002B3FF474AFCB
:109CD000012800F0BD8300230228194600F02981E5
:109CE00048AC03F00702DB0843EA4173C90830328D
:109CF00053EA0105204604F8012DF2D1039BDD074C
:109D000040F12581302A00F022813023069A023862
:109D100004F8013C48AB1B1A9A42B8BF1A460446E5
:109D20000B93049257E0039B002143F0020303933B
:109D300047F630030D9AADF8543052F8043B0794BF
:109D40000D92B64A0F9200228DF85320069A002AEF
:109D5000C0F2EF80039C53EA010024F080020392DA
:109D600040F0E780022023E7039B07949C0640F124
:109D7000CF810D9B099A1B681A60D2175A600D9B00
:109D800004330D93B2E42278039B6C2A00F007821F
:109D900043F010030393CEE42D228DF85320069A4E
:109DA0005B4261EB4101002A03DB039A22F080024F
:109DB00003920A2B71F1000280F03A823033DBB259
:109DC0008DF81F31069B0DF21F14012BB8BF012324
:109DD000049301230B939DF85330002B3FF4FFAE07
:109DE00000230C93049B01330493039B13F002099B
:109DF0003FF4A8AD049B4FF0020902330493A1E5A0
:109E00000A9B04981D1A002D7FF7D0AD102D40F34A
:109E10004583DFF80C82534640461026A046DDF805
:109E200020900446DDF814A004E0103D102D03F14D
:109E3000080315DD01321031072AC3E90046CDE9D8
:109E40001D21F2DD514648461CAAF6F765F90028A7
:109E50007FF44EADDDE91D21103D102D1FABE9DC77
:109E60009A4623464446984601322944072ACDE9BA
:109E70001D21CAF80080CAF8045000F34082069BF6
:109E80000B980AF1080A1D1A002D7FF795AD102DC9
:109E9000DFF88C812ADD53461026AA46DDF8209093
:109EA0002546059C06E0AAF1100ABAF1100F03F14D
:109EB000080318DD01325A481031072AC3E90006A9
:109EC000CDE91D21EFDD214648461CAAF6F724F90D
:109ED00000287FF40DADDDE91D21AAF1100ABAF1C9
:109EE000100F1FABE6DC2C4655469A46013229443A
:109EF000072ACDE91D21CAF80080CAF8045000F3F2
:109F0000E1800AF1080A57E5059908981CAAF6F7B6
:109F100003F958B91E990DF17C0A5BE5059908987B
:109F20001CAAF6F7F9F800283FF468ADDDF8209098
:109F3000DEE40F9848AC03F00F02825C1B0943EA91
:109F40000173090904F8012D53EA0102F3D1069ABD
:109F500048AB1B1B9A42B8BF1A460B9304923AE7D0
:109F6000102D40F37C822F4B50461396A2464FF0A3
:109F700010081C46089E109304E0103D102D00F1BF
:109F8000080015DD01321031072AC0E90048CDE98B
:109F90001D21F2DD304605991CAAF6F7BDF8002810
:109FA0007FF4A5ACDDE91D21103D102D1FA8E9DCD3
:109FB00054468246139E0132109B2944072ACDE95C
:109FC0001D21CAF80030CAF8045000F381810AF15B
:109FD000080AC3E4059908981CAAF6F79DF800281A
:109FE000A4D1DDE91D210DF17C0ACAE40599089888
:109FF0001CAAF6F791F8002898D1DDE91D210DF192
:10A000007C0AD0E4102C1D9B40F34582054E1025A0
:10A01000DDF82090DDF8148010960AE0F0060200CA
:10A02000287A0200387A0200103C102C0AF1080A43
:10A0300016DD01331031072BCAE90065CDE91D316A
:10A04000F2DD414648461CAAF6F766F800287FF480
:10A050004FACDDE91D31103C102C0DF17C0AE8DC21
:10A060000133109A2144072BCAE90024CDE91D31A0
:10A070007FF7B9AC059908981CAAF6F74DF80028A7
:10A080007FF454AF1E99AEE40D9850F8043B0D9048
:10A0900012F010007FF47AAD12F0400400F04C8111
:10A0A00001469BB272E50D9A52F8043B0D9214F0F2
:10A0B00010027FF4FBAD14F0400000F04381114624
:10A0C0009BB2F3E5059908981CAAF6F725F8002835
:10A0D0007FF42CAFDDE91D210DF17C0A6CE4069BB9
:10A0E00048AC04930B9376E6069B48AC049372E667
:10A0F000059DA86DF1F742FFB5F90C306A6EFFF7C8
:10A10000CBBA039A950500F18681D9170A46E5E492
:10A11000039BD80600F10181039B590600F176816B
:10A12000039B9A0540F1F9800D9B099A1B681A70F0
:10A1300025E60794039CACE5039A079419E5AF4B19
:10A1400007940F93039B13F0200161D00D9B0733FD
:10A1500023F007031846596850F8083B0D90039CFC
:10A16000E6070AD553EA010007D08DF8552044F0E0
:10A170000202039230228DF85420039A22F4806266
:10A180000392E0E59E4B07940F93DBE70D9B2FAC0A
:10A190001B688DF8BC30012304930B938AE443F0D1
:10A1A0002003627803930134FFF7C5BA43F40073C8
:10A1B000627803930134FFF7BEBA082200211AA87F
:10A1C0001794F1F7CDFC069B002BC0F2C980002547
:10A1D000CDF810A0A8469A46DDF820900FE01AAB03
:10A1E00048462FA9FBF75CF8431C05F104054044E1
:10A1F00000F05781504506DC00F05B818046179BDC
:10A200005A59002AEBD1DDF810A0CDF82C80B5E02A
:10A210000D9850F8043B0D90039810F010009ED15B
:10A22000039911F0400400F0948001469BB296E738
:10A23000039A984602F480624FF0000C1346714D69
:10A240000DF5907ECDF810A007E0B8F10A0F71F17E
:10A2500000013AD3C8463146A64618EB010242F146
:10A260000002A5FB020626F0030000EB96004FF06B
:10A27000CC36121AB8EB020006FB00F661F1000AB8
:10A28000A0FB059005FB0A660644052009F0010ABB
:10A29000AAFB000A80184FEA5909303049EAC6790A
:10A2A0000CF1010C0EF1FF340EF8010C7608002BB6
:10A2B000CBD00E9A12786245C7D1BCF1FF0FC4D043
:10A2C000B8F10A0F71F1000177D2DDF810A03EE677
:10A2D000059908981CAAF5F71FFF00287FF426AE01
:10A2E000DDE91D210DF17C0AFFF738BB0392F7E48D
:10A2F00003945EE54846F1F759F9FFF7C4B90599AB
:10A3000008981CAAF5F708FF00287FF40FAEDDE9D6
:10A310001D210DF17C0AFFF749BB0D9B099A1B68B3
:10A320001A602CE5069B384C062B28BF06230D9699
:10A330000B930493FFF700BB12F400711CBF21467E
:10A34000DBB223E414F400713FF4B0AC0146DBB29D
:10A35000ACE4039911F400711CBF2146DBB2FEE6A8
:10A360001AAB009300230898194617AAFAF7EAFFD8
:10A37000034601330B9000F0948017940B9B73B34A
:10A38000632B57DC00232FAC0C93082200211AA862
:10A39000F1F7E6FB0B9D1AAB009321462B4608987C
:10A3A00017AAFAF7CFFF854240F0A28000230B9A4C
:10A3B000A35422EAE273049314E00B93129B1199C5
:10A3C000E41A1A462046F6F73FFA0E990B9B4A7894
:10A3D00012B10A4601320E924FF0000C3AE70B9B85
:10A3E00004930C939DF853301BB100230D960693F4
:10A3F000F8E4994606930D96FFF7A4BA0407020005
:10A40000F0060200CDCCCCCC180702000D9B099AB7
:10A410001B681A80B3E443F3C0110A465BB2FFF72E
:10A420005DBB2046F1F708FF20EAE0730C950B9026
:10A430000493D7E70898591CF2F72EF90446002830
:10A440002FD00C90A1E7886DF1F7A0FDFFF710BAAF
:10A450003023B5E4002304460693FFF76DB9294B7A
:10A460001093A8E5484605991CAAF5F755FE002863
:10A470003FF42EAAFFF742BAD40707D4059B9B8965
:10A48000980503D4059B986DF1F780FD4FF0FF33DD
:10A490000993FFF73EBA1B4A1092E1E5DFF86880A6
:10A4A000E2E4059AB2F90C3043F040039381FFF7E0
:10A4B00028BA069BDDF810A00B935FE7069B049378
:10A4C0000B938FE7059A536EDB07DFD493899F05C3
:10A4D000DCD4906DF1F75AFDD8E70D9B627853F804
:10A4E000041B04460D9341EAE1730693FFF723B979
:10A4F000059ADDF82090938943F040039381FFF79C
:10A50000F7B900BF387A0200287A02008C4600B5FD
:10A5100086461346034A714610685DF804EB6246AE
:10A52000FFF798B894000020F0B54FF4806400263F
:10A53000ADF26C4D1AADCDE905461F4606460095B5
:10A54000049515468B8916A823F00203ADF80C304C
:10A550004B6E02941993CB890C46ADF80E30CB6943
:10A5600007934B6A0993F1F701FD2A463B4669467A
:10A570003046FFF76FF8051E07DB69463046F0F7F7
:10A5800091FE002818BF4FF0FF35BDF80C305B0678
:10A5900003D5A38943F04003A3811698F1F7EAFCA1
:10A5A00028460DF26C4DF0BD2DE9F0471D468F6831
:10A5B0000C46AF4216460B6836D8B1F90CC01CF4F5
:10A5C000906F0ED13D46184631462A46F6F7BEF842
:10A5D0000020A368DF1B2368A7602B442360BDE82D
:10A5E000F0874A69096902EB42025F1A02EBD272F4
:10A5F0006B1C52103B44934292BF914699461A46B7
:10A600001CF4806F804611D01146F2F745F882465F
:10A6100000B33A462169F1F799FDA38923F49063C9
:10A6200043F08003A38105E02F46CCE7F8F762FFF3
:10A63000824658B10AEB0703A9EB0707A760C4F8E5
:10A6400010A02F46C4F814902360BCE7404621694F
:10A65000F1F726FF0C22A3894FF0FF3043F04003AF
:10A66000C8F80020A381BAE7062008B500F0A2F8D8
:10A670000120E6F7D7F800BF38B5D0F838410CB163
:10A68000002038BD80210546F2F706F80246C5F8DD
:10A69000380130B1031F7C3243F8044F9342FBD1A1
:10A6A000EEE74FF0FF3038BD30B51F29054683B0C7
:10A6B00009D8D0F838310C4653B153F8240043F888
:10A6C000242003B030BD162303604FF0FF30F8E7BD
:10A6D00080210192F1F7E0FF019A0346C5F83801A5
:10A6E0000028F2D0011F00F17C05002041F8040F82
:10A6F000A942FBD1E1E700BF1F2938B505461FD8A5
:10A70000D0F838210C466AB152F8213053B1012BF0
:10A7100006D0591C10D00021204642F8241098473A
:10A72000002038BD284600F0FDF8224601462846A4
:10A73000BDE8384000F0E2B8162301202B6038BD98
:10A7400016234FF0FF302B6038BD00BF1F292DD8D6
:10A7500038B5D0F838310C460546A3B153F824205B
:10A7600003EB84034AB1511C0BD0012A07D000250A
:10A7700020461D609047284638BD012038BD032083
:10A7800038BD022038BD8021F1F786FF0346C5F8A9
:10A79000380140B100201A1F03F17C0142F8040F78
:10A7A0008A42FBD1DAE74FF0FF3038BD4FF0FF307F
:10A7B000704700BF38B5144B1F281D681ED8D5F848
:10A7C0003821044662B152F820304BB1012B05D03C
:10A7D000591C0FD0002142F820109847002038BDA6
:10A7E000284600F09FF8224601462846BDE838403A
:10A7F00000F084B8162301202B6038BD16234FF0DB
:10A80000FF302B6038BD00BF94000020124B1F2882
:10A8100070B51E6809D8D6F8383104460D464BB1DC
:10A8200053F8240043F8245070BD162333604FF0D2
:10A83000FF3070BD80213046F1F72EFF0346C6F889
:10A8400038010028F3D00021021F7C3042F8041F99
:10A850008242FBD1E4E700BF9400002038B50C4BE6
:10A860001D68D5F838410CB1002038BD802128463C
:10A87000F1F712FFC5F8380138B1031F00F17C026F
:10A8800043F8044F9342FBD1EEE74FF0FF3038BD61
:10A890009400002038B5184B1F281D6828D804469E
:10A8A000D5F83801A0B150F8242000EB84034AB158
:10A8B000511C0BD0012A07D0002520461D6090476F
:10A8C000284638BD012038BD032038BD022038BDE0
:10A8D00080212846F1F7E0FEC5F8380140B100219B
:10A8E000031F00F17C0243F8041F9342FBD1DAE717
:10A8F0004FF0FF3038BD00BF9400002070B5002637
:10A90000074D0446084611462E60E5F7BCFF431C80
:10A9100000D070BD2B68002BFBD0236070BD00BF42
:10A92000545F0020E5F79EBF70B54FF0FF0C4CF46C
:10A93000E06C1CEA11541DBF1CEA135594EA0C0F7D
:10A9400095EA0C0F00F0DEF82C4481EA030621EAB8
:10A950004C5123EA4C5350EA013518BF52EA0335F3
:10A9600041F4801143F4801338D0A0FB02CE4FF0A5
:10A970000005E1FB02E506F00042E0FB03E54FF0D5
:10A980000006E1FB03569CF0000F18BF4EF0010ECD
:10A99000A4F1FF04B6F5007F64F5407404D25FEAC9
:10A9A0004E0E6D4146EB060642EAC62141EA55517C
:10A9B0004FEAC52040EA5E504FEACE2EB4F1FD0CBE
:10A9C00088BFBCF5E06F1ED8BEF1004F08BF5FEA3C
:10A9D000500E50F1000041EB045170BD06F00046EE
:10A9E00046EA010140EA020081EA0301B4EB5C049B
:10A9F000C2BFD4EB0C0541EA045170BD41F4801193
:10AA00004FF0000E013C00F3AB8014F1360FDEBFB7
:10AA1000002001F0004170BDC4F10004203C35DA93
:10AA20000C341BDC04F11404C4F1200500FA05F316
:10AA300020FA04F001FA05F240EA020001F00042B7
:10AA400021F0004110EBD37021FA04F642EB06012D
:10AA50005EEA430E08BF20EAD37070BDC4F10C0457
:10AA6000C4F1200500FA04F320FA05F001FA04F21B
:10AA700040EA020001F0004110EBD37041F1000107
:10AA80005EEA430E08BF20EAD37070BDC4F1200512
:10AA900000FA05F24EEA020E20FA04F301FA05F27A
:10AAA00043EA020321FA04F001F0004121FA04F222
:10AAB00020EA020000EBD3705EEA430E08BF20EAF2
:10AAC000D37070BD94F0000F0FD101F0004640002C
:10AAD00041EB010111F4801F08BF013CF7D041EAAE
:10AAE000060195F0000F18BF704703F000465200B2
:10AAF00043EB030313F4801F08BF013DF7D043EA83
:10AB00000603704794EA0C0F0CEA135518BF95EA38
:10AB10000C0F0CD050EA410618BF52EA4306D1D1BF
:10AB200081EA030101F000414FF0000070BD50EADE
:10AB3000410606BF1046194652EA430619D094EA68
:10AB40000C0F02D150EA013613D195EA0C0F05D152
:10AB500052EA03361CBF104619460AD181EA0301A6
:10AB600001F0004141F0FE4141F470014FF000005E
:10AB700070BD41F0FE4141F4780170BD81F00041AB
:10AB800002E000BF83F0004330B54FEA41044FEAD2
:10AB9000430594EA050F08BF90EA020F1FBF54EA6D
:10ABA000000C55EA020C7FEA645C7FEA655C00F009
:10ABB000E2804FEA5454D4EB5555B8BF6D420CDDDA
:10ABC0002C4480EA020281EA030382EA000083EA5D
:10ABD000010180EA020281EA0303362D88BF30BDFD
:10ABE00011F0004F4FEA01314FF4801C4CEA113153
:10ABF00002D0404261EB410113F0004F4FEA0333B2
:10AC00004CEA133302D0524263EB430394EA050F3C
:10AC100000F0A780A4F10104D5F1200E0DDB02FAAB
:10AC20000EFC22FA05F2801841F1000103FA0EF23F
:10AC3000801843FA05F359410EE0A5F120050EF105
:10AC4000200E012A03FA0EFC28BF4CF0020C43FA36
:10AC500005F3C01851EBE37101F0004507D54FF043
:10AC6000000EDCF1000C7EEB00006EEB0101B1F593
:10AC7000801F1BD3B1F5001F0CD349085FEA3000D9
:10AC80004FEA3C0C04F101044FEA445212F5800FE4
:10AC900080F09A80BCF1004F08BF5FEA500C50F181
:10ACA000000041EB045141EA050130BD5FEA4C0C64
:10ACB000404141EB0101013C28BFB1F5801FE9D2C1
:10ACC00091F0000F04BF01460020B1FA81F308BFE4
:10ACD0002033A3F10B03B3F120020CDA0C3208DDB0
:10ACE00002F1140CC2F10C0201FA0CF021FA02F18B
:10ACF0000CE002F11402D8BFC2F1200C01FA02F1FB
:10AD000020FA0CFCDCBF41EA0C019040E41AA2BF1F
:10AD100001EB0451294330BD6FEA04041F3C1CDAE7
:10AD20000C340EDC04F11404C4F1200220FA04F007
:10AD300001FA02F340EA030021FA04F345EA0301B1
:10AD400030BDC4F10C04C4F1200220FA02F001FA73
:10AD500004F340EA0300294630BD21FA04F02946F5
:10AD600030BD94F0000F83F4801306BF81F480118E
:10AD70000134013D4EE77FEA645C18BF7FEA655C01
:10AD800029D094EA050F08BF90EA020F05D054EAD3
:10AD9000000C04BF1946104630BD91EA030F1EBFD8
:10ADA0000021002030BD5FEA545C05D140004941DC
:10ADB00028BF41F0004130BD14F580043CBF01F5CF
:10ADC000801130BD01F0004545F0FE4141F47001B5
:10ADD0004FF0000030BD7FEA645C1ABF1946104690
:10ADE0007FEA655C1CBF0B46024650EA013406BF91
:10ADF00052EA033591EA030F41F4002130BD00BF50
:10AE000090F0000F04BF0021704730B54FF480640C
:10AE100004F132044FF000054FF0000150E700BF8D
:10AE200090F0000F04BF0021704730B54FF48064EC
:10AE300004F1320410F0004548BF40424FF00001D9
:10AE40003EE700BF42004FEAE2014FEA31014FEA1C
:10AE500002701FBF12F07F4393F07F4F81F060516B
:10AE6000704732F07F4208BF704793F07F4F04BFB6
:10AE700041F40021704730B54FF4607401F0004593
:10AE800021F000411CE700BF50EA010208BF7047F3
:10AE900030B54FF000050AE050EA010208BF7047E4
:10AEA00030B511F0004502D5404261EB41014FF44D
:10AEB000806404F132045FEA915C3FF4D8AE4FF055
:10AEC00003025FEADC0C18BF03325FEADC0C18BF38
:10AED000033202EBDC02C2F1200300FA03FC20FA89
:10AEE00002F001FA03FE40EA0E0021FA02F11444D6
:10AEF000BDE600BF70B54FF0FF0C4CF4E06C1CEAEF
:10AF000011541DBF1CEA135594EA0C0F95EA0C0F5F
:10AF100000F0DEF82C4481EA030621EA4C5123EAD2
:10AF20004C5350EA013518BF52EA033541F4801101
:10AF300043F4801338D0A0FB02CE4FF00005E1FBB4
:10AF400002E506F00042E0FB03E54FF00006E1FBFE
:10AF500003569CF0000F18BF4EF0010EA4F1FF0441
:10AF6000B6F5007F64F5407404D25FEA4E0E6D4181
:10AF700046EB060642EAC62141EA55514FEAC52092
:10AF800040EA5E504FEACE2EB4F1FD0C88BFBCF50E
:10AF9000E06F1ED8BEF1004F08BF5FEA500E50F1BF
:10AFA000000041EB045170BD06F0004646EA010185
:10AFB00040EA020081EA0301B4EB5C04C2BFD4EBB7
:10AFC0000C0541EA045170BD41F480114FF0000EB0
:10AFD000013C00F3AB8014F1360FDEBF002001F01E
:10AFE000004170BDC4F10004203C35DA0C341BDC98
:10AFF00004F11404C4F1200500FA05F320FA04F06A
:10B0000001FA05F240EA020001F0004221F000419D
:10B0100010EBD37021FA04F642EB06015EEA430E10
:10B0200008BF20EAD37070BDC4F10C04C4F1200540
:10B0300000FA04F320FA05F001FA04F240EA0200F3
:10B0400001F0004110EBD37041F100015EEA430EC4
:10B0500008BF20EAD37070BDC4F1200500FA05F2E4
:10B060004EEA020E20FA04F301FA05F243EA020363
:10B0700021FA04F001F0004121FA04F220EA020072
:10B0800000EBD3705EEA430E08BF20EAD37070BDB8
:10B0900094F0000F0FD101F00046400041EB010198
:10B0A00011F4801F08BF013CF7D041EA060195F07A
:10B0B000000F18BF704703F00046520043EB030334
:10B0C00013F4801F08BF013DF7D043EA0603704721
:10B0D00094EA0C0F0CEA135518BF95EA0C0F0CD02C
:10B0E00050EA410618BF52EA4306D1D181EA030172
:10B0F00001F000414FF0000070BD50EA410606BF6C
:10B100001046194652EA430619D094EA0C0F02D1B0
:10B1100050EA013613D195EA0C0F05D152EA0336F5
:10B120001CBF104619460AD181EA030101F0004113
:10B1300041F0FE4141F470014FF0000070BD41F05C
:10B14000FE4141F4780170BD70B54FF0FF0C4CF436
:10B15000E06C1CEA11541DBF1CEA135594EA0C0F55
:10B1600095EA0C0F00F0A7F8A4EB050481EA030EA2
:10B1700052EA03354FEA013100F088804FEA033389
:10B180004FF0805545EA131343EA12634FEA022257
:10B1900045EA111545EA10654FEA00260EF0004118
:10B1A0009D4208BF964244F1FD0404F5407402D26A
:10B1B0005B084FEA3202B61A65EB03055B084FEAFB
:10B1C00032024FF480104FF4002CB6EB020E75EBF8
:10B1D000030E22BFB61A754640EA0C005B084FEA20
:10B1E0003202B6EB020E75EB030E22BFB61A75469D
:10B1F00040EA5C005B084FEA3202B6EB020E75EBE8
:10B20000030E22BFB61A754640EA9C005B084FEA5F
:10B210003202B6EB020E75EB030E22BFB61A75466C
:10B2200040EADC0055EA060E18D04FEA051545EA5B
:10B2300016754FEA06164FEAC30343EA52734FEA04
:10B24000C2025FEA1C1CC0D111F4801F0BD141EA7D
:10B2500000014FF000004FF0004CB6E711F4801FE2
:10B2600004BF01430020B4F1FD0C88BFBCF5E06FC2
:10B270003FF6AFAEB5EB030C04BFB6EB020C5FEAD2
:10B28000500C50F1000041EB045170BD0EF0004E27
:10B290004EEA113114EB5C04C2BFD4EB0C0541EA59
:10B2A000045170BD41F480114FF0000E013C90E656
:10B2B00045EA060E8DE60CEA135594EA0C0F08BF1A
:10B2C00095EA0C0F3FF43BAF94EA0C0F0AD150EA19
:10B2D00001347FF434AF95EA0C0F7FF425AF1046AC
:10B2E00019462CE795EA0C0F06D152EA03353FF4D4
:10B2F000FDAE1046194622E750EA410618BF52EA51
:10B3000043067FF4C5AE50EA41047FF40DAF52EA24
:10B3100043057FF4EBAE12E74FF0FF3C06E000BFC1
:10B320004FF0010C02E000BF4FF0010C4DF804CDCE
:10B330004FEA410C7FEA6C5C4FEA430C18BF7FEA8E
:10B340006C5C1BD001B050EA410C0CBF52EA430CBC
:10B3500091EA030F02BF90EA020F0020704710F13C
:10B36000000F91EA030F58BF994208BF90422CBFCB
:10B37000D8176FEAE37040F0010070474FEA410CC4
:10B380007FEA6C5C02D150EA013C07D14FEA430CE2
:10B390007FEA6C5CD6D152EA033CD3D05DF8040B53
:10B3A000704700BF8446104662468C461946634685
:10B3B00000E000BF01B5FFF7B7FF002848BF10F15C
:10B3C000000F01BD4DF808EDFFF7F4FF0CBF0120A1
:10B3D00000205DF808FB00BF4DF808EDFFF7EAFF1D
:10B3E00034BF012000205DF808FB00BF4DF808EDD8
:10B3F000FFF7E0FF94BF012000205DF808FB00BFCD
:10B400004DF808EDFFF7CEFF94BF012000205DF856
:10B4100008FB00BF4DF808EDFFF7C4FF34BF012063
:10B4200000205DF808FB00BF4FEA410C7FEA6C5C2E
:10B4300002D150EA013C0AD14FEA430C7FEA6C5C2E
:10B4400002D152EA033C02D14FF0000070474FF0A6
:10B45000010070474FEA410212F5001215D211D5D2
:10B460006FF47873B3EB625212D94FEAC12343F001
:10B47000004343EA505311F0004F23FA02F018BF83
:10B48000404270474FF00000704750EA013005D14C
:10B4900011F0004008BF6FF0004070474FF000000F
:10B4A000704700BF4A0011D212F5001211D20DD51B
:10B4B0006FF47873B3EB62520ED44FEAC12343F0BA
:10B4C000004343EA505323FA02F070474FF0000064
:10B4D000704750EA013002D14FF0FF3070474FF013
:10B4E000000070474FEA4102B2F1E04324BFB3F5D8
:10B4F000001CDCF1FE5C0DD901F0004C4FEAC002EB
:10B500004CEA5070B2F1004F40EB830008BF20F0CE
:10B510000100704711F0804F21D113F13872BCBF88
:10B5200001F00040704741F480114FEA5252C2F1DD
:10B530001802C2F1200C10FA0CF320FA02F018BF26
:10B5400040F001004FEAC1234FEAD32303FA0CFC79
:10B5500040EA0C0023FA02F34FEA4303CCE77FEA08
:10B56000625307D150EA01331EBF4FF0FE4040F452
:10B570004000704701F0004040F0FE4040F4000001
:10B58000704700BF4FF0FF3C06E000BF4FF0010CDA
:10B5900002E000BF4FF0010C4DF804CD4FEA40022D
:10B5A0004FEA41037FEA226C18BF7FEA236C11D077
:10B5B00001B052EA530C18BF90EA010F58BFB2EB2A
:10B5C000030088BFC81738BF6FEAE17018BF40F0AA
:10B5D000010070477FEA226C02D15FEA402C05D15E
:10B5E0007FEA236CE4D15FEA412CE1D05DF8040BE3
:10B5F000704700BF844608466146FFE70FB5FFF776
:10B60000C9FF002848BF10F1000F0FBD4DF808ED2D
:10B61000FFF7F4FF0CBF012000205DF808FB00BF1E
:10B620004DF808EDFFF7EAFF34BF012000205DF878
:10B6300008FB00BF4DF808EDFFF7E0FF94BF0120C5
:10B6400000205DF808FB00BF4DF808EDFFF7D2FFC2
:10B6500094BF012000205DF808FB00BF4DF808ED05
:10B66000FFF7C8FF34BF012000205DF808FB00BFD2
:10B670004FEA40024FEA41037FEA226C02D15FEABF
:10B68000402C08D17FEA236C02D15FEA412C02D121
:10B690004FF0000070474FF00100704753B94AB9AE
:10B6A000002908BF00281CBF4FF0FF314FF0FF30CA
:10B6B00000F09CB9ADF1080C6DE904CE00F03CF847
:10B6C000DDF804E0DDE9022304B0704738B500225C
:10B6D000002304460D46FFF77FFE28B92046294681
:10B6E000BDE8384000F00AB8204605F1004100F0FE
:10B6F00005F8404261EB410138BD00BFD0B50022E2
:10B700000B4B06460F46FFF7F5FBFFF7CBFE044653
:10B71000FFF776FB0022074BFFF7ECFB02460B46D8
:10B7200030463946FFF72EFAFFF7BCFE2146D0BD62
:10B730000000F03D0000F0412DE9F047089D0E4665
:10B7400004468E46002B4CD18A429446B2FA82F3CC
:10B7500062D953B102FA03FCC3F1200201FA03FEDD
:10B7600020FA02F242EA0E0E9C404FEA1C47BEFB52
:10B77000F7F11FFA8CF607FB11EE01FB06F0220C25
:10B7800042EA0E4290420AD91CEB020201F1FF3E4E
:10B7900080F00E81904240F20B8102396244121A0D
:10B7A000B2FBF7F007FB102200FB06F6A4B244EA56
:10B7B0000244A6420AD91CEB040400F1FF3280F0D7
:10B7C000F980A64240F2F6806444023840EA014023
:10B7D0000021A41B1DB1DC400023C5E90043BDE8E6
:10B7E000F0878B4205D90DB1C5E90001002108465B
:10B7F000F5E7B3FA83F1002942D1B34202D3824282
:10B8000000F2EE80841A66EB030201209646002DBA
:10B81000E5D0C5E9004EE2E7002B40F08C80881AA5
:10B820000121170C96B2B0FBF7FE07FB1E00220C9D
:10B8300042EA004206FB0EF0904208D91CEB0202DD
:10B840000EF1FF3802D2904200F2CC80C646121AA6
:10B85000B2FBF7F007FB102200FB06F6A4B244EAA5
:10B860000244A64208D91CEB040400F1FF3202D2C4
:10B87000A64200F2B2801046A41B40EA0E40A9E79F
:10B88000C1F120078B4022FA07FC4CEA030C26FA90
:10B8900007FA4FEA1C48BAFBF8FE06FA01F308FB68
:10B8A0001EAA1FFA8CF620FA07F400FA01F90EFB23
:10B8B00006F023431C0C44EA0A44A04202FA01F2B7
:10B8C0000BD91CEB04040EF1FF3A80F08480A042F7
:10B8D00040F28180AEF1020E6444241A98B2B4FBA7
:10B8E000F8F308FB134403FB06F640EA0444A642BF
:10B8F00008D91CEB040403F1FF3068D2A64266D9D4
:10B90000023B644443EA0E40A41BA0FB02E6B4429F
:10B910007346B04652D34FD05DB1B9EB030264EB2E
:10B92000080404FA07F722FA01F31F43CC40C5E9E3
:10B930000074002153E702FA03FCC3F12000C14068
:10B940004FEA1C47B1FBF7FE07FB1E1124FA00F07B
:10B950009E403043020C1FFA8CF642EA01420EFB75
:10B9600006F1914204FA03F409D91CEB02020EF12C
:10B97000FF382ED291422CD9AEF1020E6244521AF7
:10B98000B2FBF7F107FB112280B240EA024001FB53
:10B9900006F2824208D91CEB000001F1FF3814D2F4
:10B9A000824212D902396044801A41EA0E413AE7D4
:10B9B0007146F4E6104609E7F145ADD2BEEB02034D
:10B9C00066EB0C060138B046A6E74146ECE70346B5
:10B9D00098E7C646D3E7D6467FE7644402384BE78C
:10B9E000084614E7AEF1020E624430E7704700BF2C
:10B9F00000F000B8F6F7DEBD30B5224A21F0004372
:10BA0000934287B01BD9204A934205D902460B4680
:10BA1000FFF7B8F807B030BD02AA00F019FA00F03D
:10BA2000030001281FD0022811D018BBDDE9042330
:10BA3000DDE902010124009400F052F9EAE7002454
:10BA400000220023009400F04BF907B030BD012420
:10BA5000DDE90423DDE90201009400F041F901F180
:10BA6000004107B030BDDDE90423DDE9020100F04B
:10BA70000FF8CFE7DDE90423DDE9020100F008F863
:10BA8000EDE700BFFB21E93FFFFFEF7F0000000073
:10BA90002DE9F04F21F00048B8F1795F06460F46D6
:10BAA00092469B4685B06DD2FFF7D4FC002800F08B
:10BAB000ED8032463B4630463946FFF71BFA76A307
:10BAC000D3E9002304460D46FFF714FA74A3D3E923
:10BAD0000023FFF759F822462B46FFF70BFA72A313
:10BAE000D3E90023FFF74EF822462B46FFF702FA70
:10BAF0006FA3D3E90023FFF747F822462B46FFF751
:10BB0000F9F96DA3D3E90023FFF73CF822462B4651
:10BB1000FFF7F0F96AA3D3E90023FFF735F82246CF
:10BB20002B46FFF7E7F9CDE9000100222046294620
:10BB3000654BFFF7DFF9DDE90023804689462046A3
:10BB40002946FFF7D7F944464D4680468946524676
:10BB50005B4630463946FFF7CDF902460B46404674
:10BB60004946FFF70FF802460B4620462946FFF7E5
:10BB700009F802460B4600205449FFF703F805B0C8
:10BB8000BDE8F08F02460B46FFF7B4F942A3D3E9B4
:10BB9000002304460D46FFF7ADF941A3D3E9002386
:10BBA000FEF7F2FF22462B46FFF7A4F93EA3D3E9A6
:10BBB0000023FEF7E7FF22462B46FFF79BF93CA345
:10BBC000D3E90023FEF7E0FF22462B46FFF792F968
:10BBD00039A3D3E90023FEF7D5FF22462B46FFF712
:10BBE00089F937A3D3E90023FEF7CEFF2B4622467F
:10BBF000FFF780F9364BCDE90001984595D9354BD3
:10BC0000002298453AD8A8F5001300202F49904605
:10BC10009946FEF7B7FFCDE90201002220462946EA
:10BC2000294BFFF767F942464B46FEF7ABFFDDE9CC
:10BC300000238046894620462946FFF75BF94446A3
:10BC40004D468046894652465B4630463946FFF7A8
:10BC500051F902460B4640464946FEF793FF02461D
:10BC60000B4620462946FEF78DFF02460B46DDE9CE
:10BC70000201FEF787FF05B0BDE8F08F164B4FF0CD
:10BC80000008CDE90223DFF85490C6E700200F49F1
:10BC900005B0BDE8F08F00BFD43888BEE9FAA8BD72
:10BCA000C4B1B4BD9EEE213EAD529C804F7E923E0B
:10BCB0009015CB19A001FA3E7751C1166CC1563FC1
:10BCC0004C5555555555A53F0000E03F0000F03F4D
:10BCD0003233D33F0000E93F0000E73F0000D23F8E
:10BCE0002DE9F04F83B0CDE9002321F00043B3F1FB
:10BCF000795F04460D4604D2FFF7ACFB002800F044
:10BD0000858022462B4620462946FFF7F3F8064653
:10BD10000F4632463B4620462946FFF7EBF83EA346
:10BD2000D3E9002382468B4630463946FFF7E2F8D6
:10BD30003BA3D3E90023FEF725FF32463B46FFF73E
:10BD4000D9F839A3D3E90023FEF71EFF32463B465C
:10BD5000FFF7D0F836A3D3E90023FEF713FF3246EE
:10BD60003B46FFF7C7F834A3D3E90023FEF70CFFE7
:10BD70000C9B804689469BB3DDE900010022324BD3
:10BD8000FFF7B8F842464B4680468946504659462A
:10BD9000FFF7B0F802460B4640464946FEF7F2FE72
:10BDA00032463B46FFF7A6F8DDE90023FEF7EAFE40
:10BDB00023A3D3E9002306460F4650465946FFF712
:10BDC00099F802460B4630463946FEF7DDFE02463C
:10BDD0000B4620462946FEF7D5FE03B0BDE8F08F9E
:10BDE00002460B4630463946FFF784F814A3D3E9E0
:10BDF0000023FEF7C7FE52465B46FFF77BF822465C
:10BE00002B46FEF7C1FE03B0BDE8F08F2046294661
:10BE100003B0BDE8F08F00BF7CD5CF5A3AD9E53DDD
:10BE2000EB9C2B8AE6E55A3E7DFEB157E31DC73EEB
:10BE3000D561C119A0012A3FA6F810111111813F47
:10BE4000495555555555C53F0000E03F00000000DD
:10BE50002DE9F04F844B21F000459D4280468946F4
:10BE600014468FB040F28A80804B0E469D4228D8FF
:10BE700073A3D3E90023002940F39D81FEF782FEDE
:10BE80007B4B06469D420F4600F089806EA3D3E9A6
:10BE90000023FEF777FE02460B463046394616462B
:10BEA0001F46FEF76FFE68A3D3E90023FEF76AFE84
:10BEB000C4E900670127C4E9020138460FB0BDE8B4
:10BEC000F08F6C4B9D4240F284806B4B9D425DD85D
:10BED0002F15A7F21647A5EB07518946FFF7BAFAC7
:10BEE000FEF79EFF02460B4640464946CDE9082331
:10BEF000FEF748FE0022614BFEF7FCFF89468046B4
:10BF0000FFF7A8FAFEF78CFF02460B46404649466B
:10BF1000CDE90A23FEF736FE0022584BFEF7EAFF72
:10BF200003254FF000084FF00009CDE90C010DF199
:10BF3000380A42467AE902014B46AB46013DFFF71B
:10BF400041FA0028F5D102254D493A4601915B4658
:10BF5000214608A8009500F085F9002E0746ACDAC6
:10BF600060682268E16800F10043C4E90023A26828
:10BF700001F10043C4E902237F429EE7002200232F
:10BF8000C4E90089C4E90223002796E702460B466C
:10BF9000FEF7F8FDC4E90201C4E90001F4E72CA3AF
:10BFA000D3E90023FEF7EEFD2BA3D3E9002380465F
:10BFB0008946FEF7E7FD06460F4632463B464046B9
:10BFC0004946FEF7DFFD24A3D3E90023FEF7DAFD9F
:10BFD0006EE700F043F922A3D3E9002380468946A7
:10BFE000FEF788FF0022274BFEF7CEFDFFF732FA5F
:10BFF0000746FEF715FF02460B46CDE9042310A3C2
:10C00000D3E90023FEF776FF02460B464046494639
:10C01000FEF7B8FD0CA3D3E9002382468B46DDE989
:10C020000401FEF767FF1F2FCDE902012EDC164B3E
:10C030007A1E53F82230AB4228D002460B4699E0D4
:10C0400000004054FB21F93F3163621A61B4D03DD6
:10C050000000601A61B4D03D7370032E8A19A33BAF
:10C0600083C8C96D305FE43FFB21E93F7BD90240C3
:10C07000FB21F93FFB213941FFFFEF7F00007041B9
:10C08000C87A02000000E03F487A0200DDE902239E
:10C0900050465946FEF776FD2B150793C1F30A5318
:10C0A000C3EB1553102B8046894669DD60A3D3E9A5
:10C0B0000023DDE90401FEF71DFF80468946424664
:10C0C0004B4650465946FEF75DFD02460B4650462C
:10C0D000594692469B46FEF755FD42464B46FEF7B3
:10C0E00051FD55A3D3E9002380468946DDE90401CB
:10C0F000FEF700FF42464B46FEF744FD02460B4664
:10C1000050465946CDE90223FEF73CFD079AC1F39C
:10C110000A53D31A312B8046894631DD48A3D3E92F
:10C120000023DDE90401FEF7E5FE8046894642462C
:10C130004B4650465946FEF725FD02460B465046F3
:10C14000594692469B46FEF71DFD42464B46FEF77A
:10C1500019FD3DA3D3E9002380468946DDE90401AA
:10C16000FEF7C8FE42464B46FEF70CFD02460B4664
:10C17000CDE9022350465946FEF704FD8046894624
:10C1800042464B4650465946C4E90089FEF7FAFC40
:10C19000DDE90223FEF7F6FC002EC4E90201BFF63A
:10C1A0008CAE09F10042C4E9008201F10042C4E909
:10C1B00002027F4281E6FEF7E7FC274B06469D42DE
:10C1C0000F4618D022A3D3E90023FEF7DDFC024678
:10C1D0000B463046394616461F46FEF7D3FC1CA3D5
:10C1E000D3E90023FEF7D0FCC4E90067C4E90201EB
:10C1F0004FF0FF3761E60EA3D3E90023FEF7C4FC3E
:10C200000DA3D3E9002380468946FEF7BDFC064610
:10C210000F4632463B4640464946FEF7B3FC06A36E
:10C22000D3E90023FEF7B0FCDEE700BFAFF30080E8
:10C230000000601A61B4D03D7370032E8A19A33BCD
:10C240000000002E8A19A33BC14920259A837B391F
:10C250003163621A61B4D03DFB21F93F21F0004304
:10C26000194670472DE9F04FADF51B7DBD4CA49DDF
:10C270009C4654F82540013B12F1140F8146059469
:10C280000C910393C0F2A882B749D31E81FB03012E
:10C29000DB17C3EBA10307930133A3EB8303DB009D
:10C2A000D318079A0D930CF1FF33D61A059A12EBA7
:10C2B00003081CD408F1010800240025E346DDF83A
:10C2C00094A2B04422AF08E05AF82600FEF7A8FD79
:10C2D00001364645E7E8020108D0002EF4DA204690
:10C2E000294601364645E7E80201F6D1DC46059BC2
:10C2F000002BA9F108030493B8BF4FEACC0637DB43
:10C30000DDF80C9003EBCC084B460DF5E47BD946E9
:10C310009B4622AA02EBCC0A059A4FEACC0662445D
:10C320000192CDF808C00696039B002BC0F29A81BB
:10C33000574600240025049E77E90223F6E902010E
:10C34000FEF7D8FD02460B4620462946FEF71CFCA8
:10C35000464504460D46EFD1019B0BF1010B9B4571
:10C36000E9E802450AF1080ADED1DDF808C0069EB8
:10C37000059A049B934603EB060A0EAB03EB82037C
:10C38000043B08930EAB03EB8206CDE909A60D9F93
:10C39000CDF82CC09AAB4FEACB0203EBCB03BBF139
:10C3A000000F019253E928452BDD0DF5E47A0DF1DC
:10C3B00038090AEB0208029700226C4B20462946F6
:10C3C000FEF798FDFFF746F8FEF72AFD0022684BBE
:10C3D00006460F46FEF78EFD02460B4620462946CE
:10C3E000FEF7D0FBFFF736F878E9022349F8040B93
:10C3F00039463046FEF7C8FBD04504460D46DBD132
:10C40000029F204629463A4600F03EFB00224FF0AC
:10C410007F5304460D46FEF76DFD00F0B5FB00228C
:10C42000544BFEF767FD02460B4620462946FEF7B1
:10C43000A9FB0D460446FFF70DF80646FEF7F0FC93
:10C4400002460B4620462946FEF79CFB002F8046FD
:10C45000894640F391800BF1FF300EAB53F820304A
:10C46000C7F1180243FA02F101FA02F29B1A0EAA6E
:10C4700042F82030C7F1170243FA02F5002D0E44AE
:10C4800000F3D8800022002340464946FEF79AFF79
:10C49000002800F05282059B9B450DDD00220EAB6B
:10C4A0000A9803EB8B0353F8041D834242EA01020E
:10C4B000F9D1002A40F0D980059B0EAA013B52F821
:10C4C0002330002B40F0CA800123089A52F8041D43
:10C4D00001330029FAD05B440BF1010807990B9A4C
:10C4E00008EB010A0AF1804AA5990AF1FF3A5A4479
:10C4F000019E01EB8A0A22A901EBC209DDF824B0F2
:10C5000072AA164402930697CDF804A0019B53F833
:10C51000040F0193FEF784FC039BE9E80201002B62
:10C520001DDBCA4600240025049F7AE90223F7E9AF
:10C530000201FEF7DFFC02460B4620462946FEF7C5
:10C5400023FB5F4504460D46EFD1029B08F101082D
:10C550004345E6E90245D9DA9B46069F1AE70024DF
:10C560000025F2E7107C0200ABAAAA2A0000703E68
:10C57000000070410000204053D10BF1FF330EAAA0
:10C5800052F82350ED15002D7FF77CAFBBF1000F63
:10C5900006F1010640F3418200220EAB53F8044B32
:10C5A000002C3AD0C4F180746FF07F4043F8044C03
:10C5B00003E01968411A43F8041B01329345F8DC83
:10C5C0000124002F0DDD012F3DD0022F09D10BF1E9
:10C5D000FF320EAB53F822300EA9C3F3150341F816
:10C5E0002230022D7FF44EAF42464B4600208F4949
:10C5F000FEF7C8FA80468946002C3FF443AF3A461E
:10C6000000208A4900F040FA02460B46404649465F
:10C61000FEF7B8FA8046894634E701329345BDDC1F
:10C62000CFE70022824BFEF7EBFE002840F0C280ED
:10C63000054627E7BBF1000FD8BF002406F101062D
:10C64000AADC012FC1D10BF1FF320EAB53F822301F
:10C650000EA9C3F3160341F82230C2E70BF101081B
:10C6600043463BE70024002576E60D9B0BF1FF34A3
:10C67000A3F118020EAB53F82430069604950D92E0
:10C6800063B90BF18043013B0EA901EB830353F81F
:10C69000041D013C183A0029F9D00D9200200D9A92
:10C6A000624900F0F1F9002C06460F46C0F2C18144
:10C6B00004F1010A4FEACA024FF0000893460EAB9C
:10C6C00003EB8A05DFF86C9172AB03EBCA0A55F8ED
:10C6D000040DFEF7A5FB32463B46FEF70BFC4B462E
:10C6E0006AE90201424630463946FEF703FC0EABCA
:10C6F0009D4206460F46EAD15A464FF00009ABF17B
:10C7000008034AA972A800EB030AA3460B46CDE929
:10C7100007425246CA46DDF814900391B9F1000F62
:10C72000C0F281809046002600240025CDE9013228
:10C73000414F01E0564510DCF7E90223F8E8020119
:10C74000FEF7D8FB02460B4620462946FEF71CFAA8
:10C750000136B14504460D46ECDADDE901320BF154
:10C76000FF3BBBF1FF3FE3E802450AF1010AA2F1FA
:10C770000802D3D1DDE90742A49B022B5EDC002B2B
:10C780002FDC10D100200021039DAC1874E9022396
:10C79000FEF7FAF9AC42F9D1049B002B40F0398145
:10C7A0000C9BC3E90001069B03F007000DF51B7D00
:10C7B000BDE8F08FBBF1000FC8BF022506F10106EE
:10C7C0003FF7EAAE42464B4600201849FEF7DAF939
:10C7D00002258046894655E600216FF01703079130
:10C7E0005EE5039B0026002798469D18304675E9B4
:10C7F00002233946FEF7C8F9454506460F46F5D1EE
:10C800000B460246DDE94A01FEF7BCF9049B002B0A
:10C8100000F0E2800C9D07F10042C5E90062002CA7
:10C8200040F0DE80E8E00024002598E70000F03FBB
:10C830000000E03F0000703EC87B0200A49B032B79
:10C84000B1D1002C00F00581039B4FEAC40803EB33
:10C85000C405A946D5E9006701950294059559E9F3
:10C8600002453046394622462B46FEF78DF9B24640
:10C87000BB4606460F4632463B4620462946FEF753
:10C8800081F95B465246FEF77FF9C9E9000169E983
:10C890000267039B9945E2D1029C059D012C00F0A3
:10C8A000D880D5E90045039BDDF8049003F1080B1F
:10C8B000CDF80480D84659E9026720462946324619
:10C8C0003B46FEF761F9A246AB4604460D462246BA
:10C8D0002B4630463946FEF755F952465B46FEF781
:10C8E00053F9C9E9000169E90245C845E3D10020CF
:10C8F0000021DDF80480039B08F108041C4403F1C7
:10C90000100574E90223FEF73FF9A542F9D1DDE9EC
:10C910004A56039BD3E90278049B002B46D10C9B1B
:10C92000C3E90401C3E90056C3E90278069B03F09A
:10C9300007000DF51B7DBDE8F08F06960D9E404665
:10C9400049467242049500F09FF800224B4B5F4627
:10C9500080468946FEF754FDF8B10022484B404618
:10C960004946FEF7C7FAFEF775FD0546FEF758FA89
:10C970000022424BFEF7BEFA0B46024649464046AD
:10C98000FEF700F9FEF766FD7C1C0EAB183643F887
:10C990002B000D9643F8245080E640464946FEF7AA
:10C9A00059FD0EAB5C4643F82B0077E60C9B2C46FA
:10C9B00006F100455D601D461C6008F10043C5E9B5
:10C9C0000273069B01F10042C5E9040203F007006F
:10C9D0000DF51B7DBDE8F08F0C9BC3E9006774B1BA
:10C9E0000125DDF80C800135F8E90223FEF7CCF8CB
:10C9F000AC42F8DA049B13B101F1004319460C9BD9
:10CA0000C3E90201069B03F007000DF51B7DBDE89D
:10CA1000F08F01F100431946C2E6022D7FF432ADDA
:10CA200002460B4600201749FEF7ACF880468946BF
:10CA300028E5A49B022B06DC002B0DDC7FF4B3AEB3
:10CA400000200021A8E6A49B032B7FF4ACAE4AABE8
:10CA50000393002000215AE7049BDDE94A0133B12A
:10CA600000224FF000430C9CC4E90023C4E70022DD
:10CA700000230C9CC4E90023C1E700BF0000704103
:10CA80000000703E0000F03F2DE9F0411646C1F372
:10CA90000A52074688460B466ABB21F0004303430F
:10CAA00027D0334B0022FEF725FA324B07469E4231
:10CAB00088463CDB0B46C1F30A52363A4CF2503101
:10CAC0008E4221DC164440F2FE7296421CDC002E9F
:10CAD00026DC16F1350F31DB23F0FF4121F4E001B4
:10CAE000363641EA0655002238462946224BFEF7E3
:10CAF00001FABDE8F08140F2FF7C6245DED10246DA
:10CB0000FEF742F8BDE8F081454615A3D3E90023BE
:10CB100063F31E0529461948FEF7ECF9BDE8F081DC
:10CB20006FF31E53384643EA0651BDE8F0810EA369
:10CB3000D3E90023FEF7DEF9BDE8F08108F00044F8
:10CB400044F0D27141F4B73107A3D3E900230C4874
:10CB500041F01F01FEF7CEF9CBE700BFAFF3008035
:10CB60009C7500883CE4377E59F3F8C21F6EA5011E
:10CB700000005043B03CFFFF0000903C9C750088D3
:10CB800059F3F8C200000000C1F30A5C2DE9F0413E
:10CB9000ACF2FF35132D02460B460C46064632DC3E
:10CBA000002D20DBDFF8E0800F4648FA05F801EAA7
:10CBB000080C5CEA000C2BD031A3D3E90023FDF76D
:10CBC000E3FF00220023FEF725FC40B1002C03DA2E
:10CBD0004FF480132B411F44002627EA0804214606
:10CBE0003046BDE8F08126A3D3E90023FDF7CCFF52
:10CBF00000220023FEF70EFC0028F0D0002C27DBDB
:10CC000000263446EBE7332D06DDB5F5806F1CD0EA
:10CC100010461946BDE8F0814FF0FF37ACF2134CD7
:10CC200027FA0CF70742F3D015A3D3E90023FDF749
:10CC3000ABFF00220023FEF7EDFB0028CFD0002C35
:10CC400033460CDB23EA0706C9E7FDF79DFFE1E762
:10CC500024F0004426430DD14FF00044BFE7142DCB
:10CC600006D00122C5F13405AA401344B342E9D2EB
:10CC70000134E7E70026054CB1E700BFAFF30080C1
:10CC80009C7500883CE4377EFFFF0F000000F0BF7A
:10CC90003E410C41114127413641034106411541B6
:10CCA0000F410E41264113412941024119410A41D8
:10CCB0000B4100000001000102020303486561709E
:10CCC00020616E6420737461636B20636F6C6C69A8
:10CCD00073696F6E0A0000004F7574206F662068DC
:10CCE000656170206D656D6F72790A00000000004B
:10CCF000B71DC1046E3B8209D926430DDC760413AF
:10CD00006B6BC517B24D861A0550471EB8ED082645
:10CD10000FF0C922D6D68A2F61CB4B2B649B0C35E2
:10CD2000D386CD310AA08E3CBDBD4F3870DB114C8F
:10CD3000C7C6D0481EE09345A9FD5241ACAD155F72
:10CD40001BB0D45BC2969756758B5652C836196A7B
:10CD50007F2BD86EA60D9B6311105A6714401D7966
:10CD6000A35DDC7D7A7B9F70CD665E74E0B6239810
:10CD700057ABE29C8E8DA191399060953CC0278B7A
:10CD80008BDDE68F52FBA582E5E66486585B2BBE01
:10CD9000EF46EABA3660A9B7817D68B3842D2FAD1E
:10CDA0003330EEA9EA16ADA45D0B6CA0906D32D4C1
:10CDB0002770F3D0FE56B0DD494B71D94C1B36C7F6
:10CDC000FB06F7C32220B4CE953D75CA28803AF2FF
:10CDD0009F9DFBF646BBB8FBF1A679FFF4F63EE15A
:10CDE00043EBFFE59ACDBCE82DD07DEC777086341F
:10CDF000C06D4730194B043DAE56C539AB0682278E
:10CE00001C1B4323C53D002E7220C12ACF9D8E12CC
:10CE100078804F16A1A60C1B16BBCD1F13EB8A0101
:10CE2000A4F64B057DD00808CACDC90C07AB97788E
:10CE3000B0B6567C69901571DE8DD475DBDD936BD1
:10CE40006CC0526FB5E6116202FBD066BF469F5EB2
:10CE5000085B5E5AD17D1D576660DC5363309B4D85
:10CE6000D42D5A490D0B1944BA16D84097C6A5AC13
:10CE700020DB64A8F9FD27A54EE0E6A14BB0A1BFD9
:10CE8000FCAD60BB258B23B69296E2B22F2BAD8A08
:10CE900098366C8E41102F83F60DEE87F35DA999BD
:10CEA0004440689D9D662B902A7BEA94E71DB4E080
:10CEB000500075E4892636E93E3BF7ED3B6BB0F355
:10CEC0008C7671F7555032FAE24DF3FE5FF0BCC636
:10CED000E8ED7DC231CB3ECF86D6FFCB8386B8D579
:10CEE000349B79D1EDBD3ADC5AA0FBD8EEE00C6959
:10CEF00059FDCD6D80DB8E6037C64F643296087A5F
:10CF0000858BC97E5CAD8A73EBB04B77560D044FB1
:10CF1000E110C54B383686468F2B47428A7B005C32
:10CF20003D66C158E4408255535D43519E3B1D25EB
:10CF30002926DC21F0009F2C471D5E28424D193622
:10CF4000F550D8322C769B3F9B6B5A3B26D6150367
:10CF500091CBD40748ED970AFFF0560EFAA01110B6
:10CF60004DBDD014949B93192386521D0E562FF15C
:10CF7000B94BEEF5606DADF8D7706CFCD2202BE2AA
:10CF8000653DEAE6BC1BA9EB0B0668EFB6BB27D7ED
:10CF900001A6E6D3D880A5DE6F9D64DA6ACD23C4EE
:10CFA000DDD0E2C004F6A1CDB3EB60C97E8D3EBDFD
:10CFB000C990FFB910B6BCB4A7AB7DB0A2FB3AAE26
:10CFC00015E6FBAACCC0B8A77BDD79A3C660369B6B
:10CFD000717DF79FA85BB4921F4675961A1632882A
:10CFE000AD0BF38C742DB081C330718599908A5D3F
:10CFF0002E8D4B59F7AB085440B6C95045E68E4EBE
:10D00000F2FB4F4A2BDD0C479CC0CD43217D827B38
:10D010009660437F4F460072F85BC176FD0B8668D1
:10D020004A16476C93300461242DC565E94B9B116A
:10D030005E565A1587701918306DD81C353D9F0201
:10D0400082205E065B061D0BEC1BDC0F51A693379E
:10D05000E6BB52333F9D113E8880D03A8DD0972455
:10D060003ACD5620E3EB152D54F6D4297926A9C5DF
:10D07000CE3B68C1171D2BCCA000EAC8A550ADD689
:10D08000124D6CD2CB6B2FDF7C76EEDBC1CBA1E3F4
:10D0900076D660E7AFF023EA18EDE2EE1DBDA5F00D
:10D0A000AAA064F4738627F9C49BE6FD09FDB8893C
:10D0B000BEE0798D67C63A80D0DBFB84D58BBC9A05
:10D0C00062967D9EBBB03E930CADFF97B110B0AFA2
:10D0D000060D71ABDF2B32A66836F3A26D66B4BCC9
:10D0E000DA7B75B8035D36B5B440F7B10A427569AD
:10D0F0006C6420706172616D65746572733A200AA8
:10D10000000000005F5F766563746F725F74616238
:10D110006C655F73746172743A203078252E386CB8
:10D12000580A00005F65766563746F725F746162B0
:10D130006C653A203078252E386C580A00000000C3
:10D140005F5F746578745F73746172743A203078CD
:10D15000252E386C580A00005F65746578743A2093
:10D160003078252E386C580A000000005F5F657823
:10D170006964785F73746172743A203078252E3850
:10D180006C580A005F5F65786964785F656E643A21
:10D19000203078252E386C580A0000005F5F6461EB
:10D1A00074615F73746172743A203078252E386C24
:10D1B000580A00005F65646174613A203078252E5A
:10D1C000386C580A000000005F5F6273735F73740D
:10D1D0006172745F5F3A203078252E386C580A00EF
:10D1E0005F656273733A203078252E386C580A00D8
:10D1F0005F5F686561705F73746172745F5F3A202E
:10D200003078252E386C580A000000005F6568658C
:10D2100061703A203078252E386C580A00000000E2
:10D220005F5F737461636B5F73746172745F5F3AA5
:10D23000203078252E386C580A0000005F65737422
:10D2400061636B3A203078252E386C580A00000054
:10D250005F656E643A203078252E386C580A0000DD
:10D260000A0A00002020202020202020202020202A
:10D2700020202020000000003030303030303030AE
:10D280003030303030303030000000006E616E00E1
:10D290004E414E00696E6600494E46002D0000006A
:10D2A0002B00000020000000000000002E00000005
:10D2B000286E756C6C290000686C6A7A744C0000EA
:10D2C00030313233343536373839414243444546BC
:10D2D0004748494A4B4C4D4E4F5051525354555666
:10D2E0005758595A00000000202B2D2330215E0092
:10D2F000010000000200000004000000080000001F
:10D3000010000000200000004000000000000000AD
:10D31000FFFF7F000000780000000000FFFF87FF94
:10D32000000080FF00000C000000780000010203F4
:10D3300004050607000102030405060708090001A9
:10D3400002030405060708090A0B0C0D0E0F101145
:10D3500012131415161718191A1B1C1D1E00000095
:10D360005C00000064000000680000006C00000029
:10D37000190000002256657273696F6E223A2053BD
:10D38000686F777320686172647761726520616E7F
:10D3900064206669726D7761726520766572736963
:10D3A0006F6E20696E666F2E000000005645525366
:10D3B000494F4E005265616446706761203C61646C
:10D3C00064726573733E00005245414446504741C4
:10D3D00000000000577269746546706761203C6107
:10D3E0006464726573733E2C3C76616C75653E00B7
:10D3F0005752495445465047410000005228656144
:10D40000644670676129203C616464726573733E91
:10D4100000000000520000005728726974654670D1
:10D42000676129203C616464726573733E2C3C76AD
:10D43000616C75653E000000570000002246534DA8
:10D4400044616373203C413E2C3C423E2C3C433EB5
:10D45000223A20536574732F717565726965732064
:10D460007468652046534D20442F41277320286857
:10D47000657861646563696D616C206C73622075A9
:10D480006E697473292E000046534D444143530086
:10D4900022442846534D4461637329203C413E2C6D
:10D4A0003C423E2C3C433E223A20536574732F711C
:10D4B000756572696573207468652046534D204414
:10D4C0002F412773202868657861646563696D6101
:10D4D0006C206C736220756E697473292E000000D5
:10D4E0004400000022566F6C74616765203C413E29
:10D4F0002C3C423E2C3C433E223A20536574732F11
:10D5000071756572696573207468652046534D2096
:10D51000442F4127732028646563696D616C207610
:10D520006F6C7461676520756E697473292E0000D5
:10D53000564F4C54414745002256286F6C74616722
:10D540006529203C413E2C3C423E2C3C433E223A45
:10D5500020536574732F71756572696573207468E3
:10D56000652046534D20442F41277320286465636E
:10D57000696D616C20766F6C7461676520756E698A
:10D580007473292E00000000560000002246534DFF
:10D5900041646373203C413E2C3C423E2C3C433E64
:10D5A000223A20536574732F717565726965732013
:10D5B0007468652046534D20412F4427732E000088
:10D5C00046534D414443530022412846534D416444
:10D5D000637329203C413E2C3C423E2C3C433E227E
:10D5E0003A20536574732F71756572696573207481
:10D5F00068652046534D20412F4427732E000000BC
:10D60000410000002242495354223A2052756E7361
:10D6100020612073656C662D746573742C206C6FAB
:10D6200067732076616C75657320746F2074657202
:10D630006D696E616C2E0000424953540000000079
:10D6400022436972636C6573203C7261646975730F
:10D650003A302E2E2E312E302C726174656D733A55
:10D66000302E2E2E31306B3E223A2052756E7320B2
:10D67000612073656C662D746573742C206D6F76F4
:10D680006573206163747561746F7220696E2061C7
:10D6900020636972636C652E0000000043495243A9
:10D6A0004C45530022476F5859203C583A302E2E93
:10D6B0002E312E302C593A302E2E2E312E303E2245
:10D6C0003A204D6F766573207468652061637475C8
:10D6D00061746F7220746F20746865206769766565
:10D6E0006E20636F6F7264696E617465732E0000E3
:10D6F000474F5859000000002255617274223A20A9
:10D7000054776964646C652074686520756172740F
:10D710002E0000005541525400000000225528619F
:10D72000727429223A2054776964646C65207468A5
:10D730006520756172742E005500000022426175EB
:10D74000644469766964657273223A20302C312C06
:10D75000323A205365742074686520646976696480
:10D76000657220746F206368616E676520746865F8
:10D7700020626175647261746520666F72206561F4
:10D78000636820706F72742E2E2E00004241554443
:10D7900044495649444552530000000022507269E2
:10D7A0006E7442756666657273223A2044756D70B8
:10D7B0002063757272656E7420636F6E74656E742B
:10D7C00073206F66207061727365727320666F726A
:10D7D0002064656275672E2E2E0000005052494E5F
:10D7E000544255464645525300000000224D6F6E8C
:10D7F00069746F7253657269616C203C30207C20C3
:10D8000031207C20323E203C59207C204E3E223A62
:10D810002053686F772F6869646520696E636F6D48
:10D82000696E672073657269616C206279746573D3
:10D830002E0000004D4F4E49544F5253455249411E
:10D840004C00000022436F6E74726F6C5265676902
:10D8500073746572203C706172616D733E223A2070
:10D860005365742F517565727920636F6E74726F92
:10D870006C207369676E616C732E0000434F4E54C9
:10D88000524F4C5245474953544552002228435267
:10D8900029436F6E74726F6C526567697374657239
:10D8A000203C706172616D733E223A205365742F83
:10D8B000517565727920636F6E74726F6C20736935
:10D8C000676E616C732E0000435200002253656C3A
:10D8D000656374446163203C302F313E223A205707
:10D8E0006869636820442F4120746F207573652038
:10D8F000666F72206F75747075742E0053454C45B9
:10D900004354444143000000BEBAAD1BEDAD0F0AC5
:10D910000100011043477261706856657273696F48
:10D920006E5061796C6F61643A2053657269616C05
:10D930004E756D3A203078256C582C2050726F63EC
:10D940006573736F724669726D776172654275694E
:10D950006C644E756D3A20256C752C2046504741FD
:10D960004669726D776172654275696C644E756D5A
:10D970003A20256C75000000434772617068465379
:10D980004D4861726477617265436F6E74726F6C3B
:10D9900052656769737465723A20616C6C3A203025
:10D9A00078256C782C20094661756C744E65675635
:10D9B0003A20256C752C20094661756C7431563AF5
:10D9C00020256C752C20094661756C743256413ADD
:10D9D00020256C752C20094661756C743256443ACA
:10D9E00020256C752C20094661756C743356413ABC
:10D9F00020256C752C20094661756C743356443AA9
:10DA000020256C752C20094661756C743433563AA8
:10DA100020256C752C20094661756C7435563A20AA
:10DA2000256C752C20094661756C7448563A202582
:10DA30006C752C20096E48564661756C74413A200D
:10DA4000256C752C20096E48564661756C74423AF7
:10DA500020256C752C20096E48564661756C744300
:10DA60003A20256C752C20096E48564661756C74F9
:10DA7000443A20256C752C2009506F7765724379E4
:10DA80006364416E64436C723A20256C752C2009E6
:10DA9000506F7765726E456E3A20256C752C2009A3
:10DAA0007265736572766564313A20256C752C2039
:10DAB0000955617274304F453A20256C752C200948
:10DAC00055617274314F453A20256C752C200955EB
:10DAD000617274324F453A20256C752C20095561CE
:10DAE0007274334F453A20256C752C2009557831D6
:10DAF00053656C4A6D703A20256C752C200972654F
:10DB0000736572766564323A20256C752C20095055
:10DB100050534465746563746564416E64527374F4
:10DB20003A20256C752C20097265736572766564E0
:10DB3000333A20256C752C2009506F7765726E453D
:10DB40006E48563A20256C752C20094856456E3192
:10DB50003A20256C752C20094856456E323A20250E
:10DB60006C752C200944616353656C6563744D6169
:10DB70007874693A20256C752C2009476C6F6261B6
:10DB80006C4661756C74496E68696269743A2025E7
:10DB90006C752C20096E4661756C7473436C723A17
:10DBA00020256C752C200972657365727665643466
:10DBB0003A20256C752C2009726573657276656450
:10DBC000353A20256C750000356563316130306170
:10DBD0003234613136653761363362373336653911
:10DBE00032613362333364616235353332626139B5
:10DBF000000000000A0A56657273696F6E3A20537E
:10DC0000657269616C204E756D6265723A20252ED1
:10DC1000386C582C20476C6F62616C2052657669B5
:10DC200073696F6E3A2025733B206275696C6420BE
:10DC30006E756D6265723A202575206F6E3A2025EB
:10DC4000733B2066706761206275696C643A2025B9
:10DC50006C752E0A000000000A0A56657273696F1F
:10DC60006E3A20476C6F62616C2052657669736909
:10DC70006F6E3A2025733B206275696C64206E7567
:10DC80006D6265723A202575206F6E3A2025732EDD
:10DC90000A000000257A58000A52656164467067E0
:10DCA00061436F6D6D616E643A2000000A30782523
:10DCB0002E327A583A203078252E32582000000033
:10DCC0005B25755D000000000A0A0000202827255A
:10DCD0006327290A0A000000257A5820256C750060
:10DCE0000A577269746546706761436F6D6D616E46
:10DCF000643A206E6565642032206E756D657269C8
:10DD00006320706172616D6574657273202861644F
:10DD1000647265737320616E642076616C75652929
:10DD20002C20676F74202225732220282564207000
:10DD30006172616D73292E0A000000000A57726932
:10DD4000746546706761436F6D6D616E643A20570C
:10DD5000726F746520256C7520746F2000000000C0
:10DD60003078252E347A582E0A0000000A0A4653CD
:10DD70004D446163733A204670676120696E746533
:10DD80007266616365206973206E6F7420696E69C5
:10DD90007469616C697A65642120506C6561736592
:10DDA0002063616C6C20496E6974467067612066FF
:10DDB00069727374212E0000256C782C256C782CE8
:10DDC000256C782C256C78000A0A46534D44616313
:10DDD000733A2073657420746F3A20256C782C2078
:10DDE000256C782C20256C782C20256C782E0A0048
:10DDF0000A0A46534D446163733A20637572726533
:10DE00006E742076616C75653A20256C782C20251F
:10DE10006C782C20256C782C20256C782E0A00003C
:10DE20000A46534D446163733A2053656E736F72B3
:10DE300020412F4427733A203078253031366C6CDE
:10DE4000782C203078253031366C6C782C20307866
:10DE5000253031366C6C783B20252B6428257529BC
:10DE60002C20252B64282575292C20252B6428257A
:10DE700075292C20252B312E336C662C20252B3137
:10DE80002E336C662C20252B312E336C660A000055
:10DE90000A0A566F6C746167653A204670676120A4
:10DEA000696E74657266616365206973206E6F7454
:10DEB00020696E697469616C697A65642120506CAF
:10DEC000656173652063616C6C20496E697446708E
:10DED0006761206669727374212E0000256C662CC0
:10DEE000256C662C256C662C256C66000A0A566F1C
:10DEF0006C746167653A2073657420746F3A2025ED
:10DF0000332E316C662028256C78292C2025332E61
:10DF1000316C662028256C78292C2025332E316C15
:10DF2000662028256C78292C2025332E316C66201C
:10DF300028256C78292E0A000A0A566F6C746167CE
:10DF4000653A2063757272656E742076616C7565D2
:10DF5000733A2025332E316C662028256C78292CC5
:10DF60002025332E316C662028256C78292C20251D
:10DF7000332E316C662028256C78292C2025332EF1
:10DF8000316C662028256C78292E0A000A0A46532F
:10DF90004D416463733A204670676120696E746511
:10DFA0007266616365206973206E6F7420696E69A3
:10DFB0007469616C697A65642120506C6561736570
:10DFC0002063616C6C20496E6974467067612066DD
:10DFD00069727374212E00000A46534D41646373C5
:10DFE0003A2063757272656E742076616C75657324
:10DFF0003A203078253031366C6C782C20307825FA
:10E000003031366C6C782C203078253031366C6CA1
:10E01000782C203078253031366C6C783B20252BDD
:10E0200064282575292C20252B64282575292C206A
:10E03000252B64282575292C20252B642825752956
:10E040002C20252B312E336C662C20252B312E33A2
:10E050006C662C20252B312E336C662C20252B3121
:10E060002E336C660A000000503156323A202533B8
:10E070002E366C6620560A00503256323A2025332E
:10E080002E366C6620560A00503238563A20253318
:10E090002E366C6620560A00503256353A2025330B
:10E0A0002E366C6620560A005036563A2025332EFE
:10E0B000366C6620560A00005035563A2025332E1D
:10E0C000366C6620560A000050335633443A2025F9
:10E0D000332E366C6620560A00000000503456334A
:10E0E0003A2025332E366C6620560A000A0A424929
:10E0F00053543A204B6579707265737328256429EF
:10E100003B2065786974696E672E0A00256C662C61
:10E11000256C66000A0A436972636C65733A205283
:10E12000756E436972636C6528256C662C20256CBE
:10E13000666D73292E2E2E0A000000000A256C75CC
:10E140002C20256C752C20256C752C20256C7500D9
:10E150000A0A436972636C65733A204B6579707281
:10E16000657373282564293B2065786974696E6737
:10E170002E0A00000A0A476F58593A204670676114
:10E1800020696E74657266616365206973206E6FC5
:10E190007420696E697469616C697A6564212050C4
:10E1A0006C656173652063616C6C20496E697446AF
:10E1B000706761206669727374212E000A0A476FC6
:10E1C00058593A2073657420746F3A20256C782C66
:10E1D00020256C782C20256C782C20256C782E0A34
:10E1E000000000000A0A476F58593A20637572729E
:10E1F000656E742076616C75653A20256C782C20EC
:10E20000256C782C20256C782C20256C78202825EE
:10E210006C6656207820256C6656292E0A00000070
:10E220000A55617274436F6D6D616E643A20257595
:10E230002C2025752E2000006C6F6F7000000000F0
:10E240000A55617274436F6D6D616E643A20536557
:10E250006E64696E6720726573706F6E73652028D7
:10E260002575206279746573293A20000A00000040
:10E270000A55617274436F6D6D616E643A20636F0D
:10E280006D706C6574652E0A000000000A0A426118
:10E29000756444697669646572733A204670676193
:10E2A00020696E74657266616365206973206E6FA4
:10E2B0007420696E697469616C697A6564212050A3
:10E2C0006C656173652063616C6C20496E6974468E
:10E2D000706761206669727374212E00256C752C3D
:10E2E000256C752C256C752C256C75000A0A42610D
:10E2F000756444697669646572733A2073657474F1
:10E30000696E6720746F3A20256C752C20256C751A
:10E310002C20256C752C20256C752E0A0000000021
:10E320000A0A4261756444697669646572733A20C9
:10E3300063757272656E742076616C7565733A20D0
:10E34000256C752C20256C752C20256C752C2025B2
:10E350006C752E0A000000000A42617564446976FB
:10E3600069646572733A20506F7274302066696E0A
:10E37000616C206469766973696F6E20726174697B
:10E380006F3A20257520282F3136293B20416374B0
:10E3900075616C2062617564726174653A20252E26
:10E3A000356C66000A426175644469766964657219
:10E3B000733A20506F7274312066696E616C20640C
:10E3C00069766973696F6E20726174696F3A20258E
:10E3D0007520282F3136293B2041637475616C20EC
:10E3E00062617564726174653A20252E356C660031
:10E3F0000A4261756444697669646572733A2050B3
:10E400006F7274322066696E616C2064697669731C
:10E41000696F6E20726174696F3A20257520282F0C
:10E420003136293B2041637475616C2062617564EB
:10E43000726174653A20252E356C660A0000000072
:10E440000A4261756444697669646572733A205062
:10E450006F7274332066696E616C206469766973CB
:10E46000696F6E20726174696F3A20257520282FBC
:10E470003136293B2041637475616C20626175649B
:10E48000726174653A20252E356C660A0000000022
:10E490000A53686F7742756666657273436F6D6D78
:10E4A000616E643A204670676155617274506172A2
:10E4B0007365723A20000000256C7525325B2C09CB
:10E4C000205D2025630000000A0A4D6F6E69746F9D
:10E4D0007253657269616C436F6D6D616E643A2051
:10E4E0004D6F6E69746F72696E6720706F72742001
:10E4F000256C753A2025632E0A0000000A0A4D6F2C
:10E500006E69746F7253657269616C436F6D6D6192
:10E510006E643A20496E76616C696420706F727423
:10E5200020256C753B206D61782069732023322E85
:10E530000A0000000A0A4D6F6E69746F72536572AB
:10E5400069616C436F6D6D616E643A20496E7375DD
:10E550006666696369656E7420706172616D657469
:10E56000657273202825753B2073686F756C642075
:10E5700062652032293B207175657279696E672E5C
:10E580002E2E00000A4D6F6E69746F7253657269AA
:10E59000616C436F6D6D616E643A204D6F6E69748E
:10E5A0006F72696E6720706F727420303A20256335
:10E5B0002E0A00000A4D6F6E69746F72536572699E
:10E5C000616C436F6D6D616E643A204D6F6E69745E
:10E5D0006F72696E6720706F727420313A20256304
:10E5E0002E0A00000A4D6F6E69746F72536572696E
:10E5F000616C436F6D6D616E643A204D6F6E69742E
:10E600006F72696E6720706F727420323A202563D2
:10E610002E0A00000A4D6F6E69746F72536572693D
:10E62000616C436F6D6D616E643A204D6F6E6974FD
:10E630006F72696E6720706F727420333A202563A1
:10E640002E0A00000A436F6E74726F6C5265676920
:10E6500073746572436F6D6D616E643A20467067C6
:10E660006120696E74657266616365206973206EEE
:10E670006F7420696E697469616C697A65642100E0
:10E680002025632C2025632C2025632C2025632C3A
:10E690002025632C2025632C2025632C2025632C2A
:10E6A0002025632C2025632C2025632C2025632C1A
:10E6B0002025632C2025632C000000000A436F6E88
:10E6C00074726F6C5265676973746572436F6D6DB8
:10E6D000616E643A2043757272656E742076616C67
:10E6E0007565733A200000000A44616353656C65E8
:10E6F00063743A204670676120696E746572666162
:10E700006365206973206E6F7420696E6974696136
:10E710006C697A6564210000202563000A0A44615F
:10E720006353656C6563743A20256320282725634D
:10E7300027292E0A000000000A44616353656C65B6
:10E7400063743A2043757272656E742076616C75DD
:10E75000653A20256C752E0A000002100310041083
:10E7600002200200032004200520062003000400EC
:10E7700005000600060004002800C0030130023036
:10E7800003300430053006300E30014002400340B3
:10E790000440054006400000FFFF7F0000007800B5
:10E7A00000000000FFFF87FF000080FF00000C005A
:10E7B00000007800000102030405060700010203BF
:10E7C00004050607080900010203040506070809F5
:10E7D0000A0B0C0D0E0F1011121314151617181921
:10E7E0001A1B1C1D1E0000005C00000064000000DD
:10E7F000680000006C0000006F00000000000000D6
:10E80000C6692F69000000005475652044656320C7
:10E8100020322032323A33353A35302032303235F8
:10E8200000000000BEBAAD1BEDAD0F0A01000110E3
:10E83000021003100410022002000320042005200F
:10E84000062003000400050006000600040028005E
:10E85000C0030130023003300430053006300E3082
:10E86000014002400340044005400640070000000C
:10E8700042696E61727956657273696F6E436F6D2E
:10E880006D616E640000000042696E6172795665C8
:10E890007273696F6E436F6D6D616E64286465702D
:10E8A00072656361746564206964290042696E6100
:10E8B000727946534D44616373436F6D6D616E644D
:10E8C0000000000042696E61727946534D416463F5
:10E8D00073436F6D6D616E640000000042696E618C
:10E8E000727946534D41646373466C6F6174696E0F
:10E8F00067506F696E74436F6D6D616E64000000E8
:10E9000042696E61727946534D44616373466C6F20
:10E910006174696E67506F696E74436F6D6D616E7F
:10E920006400000042696E61727946534D53746110
:10E93000747573436F6D6D616E640000BEBAAD1B7C
:10E94000EDAD0F0A01000110434772617068566512
:10E950007273696F6E5061796C6F61643A205365B0
:10E960007269616C4E756D3A203078256C582C2098
:10E9700050726F636573736F724669726D776172FF
:10E98000654275696C644E756D3A20256C752C2056
:10E99000465047414669726D776172654275696C90
:10E9A000644E756D3A20256C750000000A42696E50
:10E9B00061727956657273696F6E436F6D6D616ECA
:10E9C000643A2053656E64696E6720726573706F78
:10E9D0006E736520282575206279746573293A2045
:10E9E000000000000A42696E61727946534D44612D
:10E9F0006373436F6D6D616E642053657474696EEB
:10EA00006720746F20283078256C582C20307825AA
:10EA10006C582C203078256C58292E0A0A000000EA
:10EA20000A42696E61727946534D44616373436F64
:10EA30006D6D616E6420205265706C79696E67201F
:10EA4000283078256C582C203078256C582C2030B4
:10EA500078256C58292E2E2E0A0A00000A42696E6B
:10EA600061727946534D41646373436F6D6D616E9E
:10EA70006420205265706C79696E67202825642CAB
:10EA80002025642C202564292E2E2E0A0A00000041
:10EA90000A42696E61727946534D41646373436FF4
:10EAA0006D6D616E642070726F63657373696E67FC
:10EAB000282575292E2E2E0A0A0000000A42696EAA
:10EAC00061727946534D41646373466C6F6174693A
:10EAD0006E67506F696E74436F6D6D616E64202058
:10EAE0005265706C79696E672028256C662C20252C
:10EAF0006C662C20256C66292E2E2E0A0A0000003A
:10EB00000A0A42696E61727946534D4461637343E8
:10EB10006F6D6D616E643A2053657474696E672021
:10EB2000746F3A2025332E316C662028256C7829A5
:10EB30002C2025332E316C662028256C78292C203A
:10EB400025332E316C662028256C78292E0A00008A
:10EB50000A0A42696E61727946534D446163734398
:10EB60006F6D6D616E643A205265706C79696E6785
:10EB70003A2025332E316C662028256C78292C20EC
:10EB800025332E316C662028256C78292C202533DE
:10EB90002E316C662028256C78292E0A0000000092
:10EBA0000A0A42696E61727946534D5374617475F5
:10EBB00073436F6D6D616E643A2043757272656E5A
:10EBC0007456616C7565733A0A0000005031563214
:10EBD0003A2025332E366C6620560A0050325632C3
:10EBE0003A2025332E366C6620560A0050323856AD
:10EBF0003A2025332E366C6620560A0050325635A0
:10EC00003A2025332E366C6620560A005033563390
:10EC1000413A2025332E366C6620560A000000004B
:10EC20005036563A2025332E366C6620560A0000A0
:10EC30005035563A2025332E366C6620560A000091
:10EC400050335633443A2025332E366C6620560A0C
:10EC500000000000503456333A2025332E366C66BF
:10EC600020560A004E35563A2025332E366C662043
:10EC7000560A00004E36563A2025332E366C662052
:10EC8000560A000050313530563A2025332E366C66
:10EC90006620560A000000000A42696E61727946D9
:10ECA000534D537461747573436F6D6D616E643A47
:10ECB000205265706C79696E672E2E2E000002104E
:10ECC0000310041002200200032004200520062067
:10ECD0000300040005000600060004002800C0032D
:10ECE0000130023003300430053006300E30014070
:10ECF000024003400440054006400000FFFF7F0043
:10ED00000000780000000000FFFF87FF000080FF88
:10ED100000000C0000007800000102030405060753
:10ED200000010203040506070809000102030405A7
:10ED3000060708090A0B0C0D0E0F101112131415FB
:10ED4000161718191A1B1C1D1E0000005C0000007D
:10ED500064000000680000006C0000006F0000000C
:10ED6000C6692F6900000000547565204465632062
:10ED700020322032323A33353A3530203230323593
:10ED8000000000000A0A42696E61727920556172C2
:10ED9000743A20496E697428506B74482025752C8C
:10EDA00020506B7446202575292E0A0D00000000A6
:10EDB0002E252E32780000000A0A42696E617279AF
:10EDC000556172743A20427566666572282570290D
:10EDD000206F766572666C6F773B2074686973206C
:10EDE0007061636B65742077696C6C206E6F742042
:10EDF0006669742028257A7562292C20666C7573E3
:10EE000068696E67206275666665722E0A0D00007D
:10EE10000A0A42696E617279556172743A20556EC0
:10EE20006D61746368656420636F6D6D616E6420ED
:10EE30003078252E386C5821204E756D436D6473E3
:10EE40003A20256C750A00000A0A42696E617279DF
:10EE5000556172743A205061636B6574207265630A
:10EE600065697665642C20627574205365726961EA
:10EE70006C4E756D62657220636F6D70617269733F
:10EE80006F6E206661696C656420286578706563C3
:10EE90007465643A203078252E386C583B20676FB3
:10EEA000743A203078252E386C58292E0A0D00002F
:10EEB0000A0A42696E617279556172743A20506132
:10EEC000636B65742072656365697665642C206286
:10EED000757420696E76616C69642E0A0D000000FD
:10EEE0000A0A42696E61727920556172743A205340
:10EEF000656E64696E67207061636B657428257543
:10EF00002C202575293A2000252E32583A00000081
:10EF10000A0000004347726170685061636B65745A
:10EF20004865616465723A205374617274546F6B02
:10EF3000656E3A203078256C582C205061796C6FC2
:10EF40006164547970653A20256C752C2050617984
:10EF50006C6F61644C656E3A20256C750000000092
:10EF60000A0A4347726170685061636B65743A3A8C
:10EF7000497356616C696428293A205061636B6556
:10EF8000745374617274546F6B656E3A2042756687
:10EF90006665722E617355333228257529203D2010
:10EFA0003078256C782E0A0D000000000A0A4347CD
:10EFB000726170685061636B65743A3A4973566167
:10EFC0006C696428293A207061796C6F6164747986
:10EFD00070653A204275666665722E6173553136EA
:10EFE00028257529203D20307825782E0A0D00002F
:10EFF0000A0A4347726170685061636B65743A3AFC
:10F00000497356616C696428293A207061796C6F84
:10F0100061646C656E3A204275666665722E617336
:10F0200055313628257529203D20307825782E0A3F
:10F030000D0000000A0A4347726170685061636BFB
:10F0400065743A3A497356616C696428293A2070AC
:10F0500061636B6574206F76657273697A65643A73
:10F060002042756666657244657074683A2025753D
:10F070002C205061636B65744C656E3A2025752EAB
:10F080000A0D00000A0A4347726170685061636BA1
:10F0900065743A3A497356616C696428293A207458
:10F0A0006F6B656E206D69736D617463683A20459E
:10F0B000787065637465643A2025752C204163740B
:10F0C00075616C3A2025752E0A0D00000A0A434727
:10F0D000726170685061636B65743A3A4973566146
:10F0E0006C696428293A204352433A204275666687
:10F0F00065722E617355333228257529203D2030E5
:10F1000078256C782E0A0D000A0A434772617068F0
:10F110005061636B65743A3A497356616C6964284F
:10F12000293A205061636B6574456E64546F6B655A
:10F130006E3A204275666665722E617355333228C9
:10F14000257529203D203078256C782E0A0D000089
:10F150000A0A4347726170685061636B65743A3A9A
:10F16000497356616C696428293A204352433A2016
:10F17000456E643A2025752053746172743A2025D7
:10F1800075202E0A0D0000000A0A4347726170685C
:10F190005061636B65743A3A497356616C696428CF
:10F1A000293A2043616C632764204352433A20305C
:10F1B00078256C78202843726343757272656E748B
:10F1C000416464723A203078256C78292C202874A8
:10F1D000696D656F75743A202575292E0A0D00003A
:10F1E0000A0A4347726170685061636B65743A3A0A
:10F1F000497356616C696428293A204372635374D9
:10F20000617274416464723A203078256C782C20E5
:10F21000437263456E64416464723A203078256CB1
:10F22000780A0D000A465047415561727443616C7B
:10F230006C6261636B733A204E554C4C28257529DE
:10F2400020496E76616C69645061636B6574210A54
:10F250000A0000000A465047415561727443616CD0
:10F260006C6261636B733A20496E76616C696450BD
:10F2700061636B65742120636F6E74656E74733A9D
:10F28000203A00000A0A00000A4650474142696ECF
:10F290006172795561727443616C6C6261636B7306
:10F2A0003A204E554C4C2825752920556E48616EE4
:10F2B000646C65645061636B6574210A0A00000028
:10F2C0000A465047415561727443616C6C626163D8
:10F2D0006B733A20556E68616E646C656420706172
:10F2E000636B6574282575293A2000087F1B090087
:10F2F000BEBAAD1BEDAD0F0A0100011002100310E4
:10F300000410022002000320042005200620030030
:10F31000040005000600060004002800C0030130B8
:10F32000023003300430053006300E300140024018
:10F330000340044005400640001B0020402B0020F5
:10F34000803B0020C04B002004000000001B002078
:10F35000402B0020803B002003000000C04B002019
:10F36000010000000000000000000000E17D00003E
:10F37000057E00009D8000000000000000000000ED
:10F38000397B00005D7B00007D7B0000FD7B000081
:10F3900019630000557C0000000000000000000020
:10F3A000297000004D7000006D7000008970000031
:10F3B000A1700000ED70000029710000757100005F
:10F3C000C1710000D5710000E9710000FD710000FD
:10F3D00011720000637200002173000027720000A8
:10F3E0004172000097720000DF720000C1730000DC
:10F3F00071740000E5740000417500009D75000007
:10F400001176000071760000CD7600001D770000B7
:10F41000FD790000177A0000397A00009F7A000019
:10F420000000000000000000696E00008D6E00000A
:10F4300055610000AD6E0000E16E00001F6F00001E
:10F440004B6F00005D6F00006F6F00000000000058
:10F4500000000000C56D0000D96D0000F96D0000CE
:10F460000000000000000000297E00004D7E00002A
:10F4700079650000256C000000000000000000001D
:10F48000AD620000CD620000ED6200000363000089
:10F49000196300002F63000000000000000000005E
:10F4A000000000000000000000000000000000005C
:10F4B000000000000000000000000000000000004C
:10F4C000000000000000000000000000000000003C
:10F4D000000000000000000000000000000000002C
:10F4E000000000000000000000000000000000001C
:10F4F000000000000000000000000000000000000C
:10F5000000000000000000000000000000000000FB
:10F5100000000000000000000000000000000000EB
:10F5200000000000000000000000000000000000DB
:10F5300000000000000000000000000000000000CB
:10F540000000000055610000000000000000000005
:10F5500000000000000000000000000000000000AB
:10F56000000000000000000000000000000000009B
:10F5700000000000010101087F1B0900FFFF7F0060
:10F580000000780000000000FFFF87FF000080FF00
:10F5900000000C00000078000001020304050607CB
:10F5A000000102030405060708090001020304051F
:10F5B000060708090A0B0C0D0E0F10111213141573
:10F5C000161718191A1B1C1D1E0000005C000000F5
:10F5D00064000000680000006C0000000A50696EC2
:10F5E0006F75744D6F6E69746F724164633A205425
:10F5F0002F4F2E000A4D6F6E69746F724164633A2B
:10F60000204572726F7220696E697469616C697AE3
:10F61000696E67204164633A202575205B30782548
:10F620002E32585D2E0A00000A4D6F6E69746F729B
:10F630004164633A205374617274696E6720412F8C
:10F6400044206175746F2D7363616E3B2077726F18
:10F650007465203078252E325820746F20677069C9
:10F660006F27732C20726561646261636B3A20308E
:10F6700078252E32580A00000A4D6F6E69746F7239
:10F680004164633A204E6F2041646320666F756E5B
:10F6900064210A000A4D6F6E69746F724164633AA7
:10F6A000206368202575206261642073746174751D
:10F6B000733A203078252E32580A00000A4D6F6EBA
:10F6C00069746F724164633A206368202575207203
:10F6D000656164733A20256C6620566F6C747320E4
:10F6E0005B256C75206C736227735D0A0000000057
:10F6F0000A4D6F6E69746F724164633A20636820CB
:10F700002575206E6F206E65772073616D706C6556
:10F710002074686973207363616E2E0A0000000014
:10F720000A0A5363616E4D6F6E69746F7241646350
:10F7300020436F6D6D616E643A2056616C75657320
:10F74000207769746820636F7272656374656420E2
:10F75000756E69747320666F6C6C6F773A0A00007F
:10F76000503156323A2025332E366C6620560A0028
:10F77000503256323A2025332E366C6620560A0017
:10F78000503238563A2025332E366C6620560A0001
:10F79000503256353A2025332E366C6620560A00F4
:10F7A0005036563A2025332E366C6620560A000015
:10F7B0005035563A2025332E366C6620560A000006
:10F7C00050335633443A2025332E366C6620560A81
:10F7D00000000000503456333A2025332E366C6634
:10F7E00020560A00503249323A2025332E366C66B4
:10F7F00020560A00503449333A2025332E366C66A1
:10F8000020560A005036493A2025332E366C6620A1
:10F81000560A0000417578303A2025332E366C6642
:10F8200020560A00417578313A2025332E366C6611
:10F8300020560A00417578323A2025332E366C6600
:10F8400020560A00416D6269656E744C6967687480
:10F850003A2025332E366C6620560A0054656D70AA
:10F86000657261747572653A2025332E366C662098
:10F87000560A00000A5363616E4D6F6E69746F72B1
:10F8800041646320436F6D6D616E643A20436F6D18
:10F89000706C6574652E0A0A000000000A0A54653F
:10F8A00073744D6F6E69746F7241646320436F6D42
:10F8B0006D616E643A2053657269616C3A205265DD
:10F8C0006164696E6720412F442773202872617735
:10F8D0002076616C756573293A0A00000A5031562A
:10F8E000323A20252B6C642C203078252E386C5829
:10F8F000000000000A503256323A20252B6C642C4E
:10F90000203078252E386C58000000000A5032381C
:10F91000563A20252B6C642C203078252E386C58D4
:10F92000000000000A503256353A20252B6C642C1A
:10F93000203078252E386C58000000000A503656CA
:10F940003A20252B6C642C203078252E386C5800FA
:10F950000A5035563A20252B6C642C203078252E01
:10F96000386C58000A50335633443A20252B6C64C7
:10F970002C203078252E386C580000000A50345660
:10F98000333A20252B6C642C203078252E386C5887
:10F99000000000000A503249323A20252B6C642CBA
:10F9A000203078252E386C58000000000A50344969
:10F9B000333A20252B6C642C203078252E386C5857
:10F9C000000000000A5036493A20252B6C642C2098
:10F9D0003078252E386C58000A417578303A202549
:10F9E0002B6C642C203078252E386C5800000000D9
:10F9F0000A417578313A20252B6C642C203078250B
:10FA00002E386C58000000000A417578323A2025E3
:10FA10002B6C642C203078252E386C5800000000A8
:10FA20000A416D6269656E744C696768743A202595
:10FA30002B6C642C203078252E386C580000000088
:10FA40000A54656D70657261747572653A20252B74
:10FA50006C642C203078252E386C58000A5465735D
:10FA6000744D6F6E69746F7241646320436F6D6D86
:10FA7000616E643A20436F6D706C6574652E0A0A7E
:10FA800000000000202C090D0A0000000A4D6F6ED6
:10FA900069746F7241646343616C69627261746519
:10FAA0003A20496E76616C696420706172616D659F
:10FAB000746572733B206D75737420676976652079
:10FAC0006174206C65617374206E616D65206F6672
:10FAD00020696E7075742063616C6962726174690B
:10FAE0006F6E20746F207175657279210A0A0000AB
:10FAF000256C650044454641554C545300000000B8
:10FB00000A4D6F6E69746F7241646343616C696220
:10FB1000726174653A20416C6C2063616C69627239
:10FB2000617465732073657420746F206465666109
:10FB3000756C7473210A0A005031563200000000BF
:10FB4000503256320000000050323856000000009B
:10FB500050325635000000005036560050355600E1
:10FB60005033563344000000503456330000000038
:10FB70005032493200000000503449330000000088
:10FB80005036490041555830000000004155583169
:10FB9000000000004155583200000000414D42492C
:10FBA000454E544C494748540000000054454D50C0
:10FBB00045524154555245000A4D6F6E69746F723B
:10FBC00041646343616C6962726174653A20536594
:10FBD00074204761696E3A20256C652028222573C0
:10FBE00022292C20536574204F66667365743A2071
:10FBF000256C65202822257322290A000A4D6F6E84
:10FC000069746F7241646343616C696272617465A7
:10FC10003A204761696E3A20256C652C204F666654
:10FC20007365743A20256C650A0000000A4D6F6EFA
:10FC300069746F7241646343616C69627261746577
:10FC40003A20556E61626C6520746F206C6F636141
:10FC5000746520696E707574206D61746368696E77
:10FC6000672022257322210A000000000A4D6F6ED2
:10FC700069746F7241646343616C69627261746537
:10FC80003A20436F6D706C6574652E0A0A0000009F
:10FC9000616473313235383A3A696E697428293AA9
:10FCA00020636F6E66696730206D69736D61746380
:10FCB00068202872656164733A3078252E32582C9A
:10FCC0002077616E7465643A3078252E3258290A9F
:10FCD00000000000616473313235383A3A696E6968
:10FCE0007428293A20636F6E66696731206D6973E5
:10FCF0006D61746368202872656164733A30782599
:10FD00002E32582C2077616E7465643A3078252E37
:10FD10003258290A00000000616473313235383AE4
:10FD20003A696E697428293A20737973726561643F
:10FD3000206D69736D6174636820287265616473F6
:10FD40003A3078252E32582C2077616E7465643AEB
:10FD50003078252E3258290A000000006164733182
:10FD60003235383A3A696E697428293A20677069E1
:10FD70006F63206D69736D617463682028726561BB
:10FD800064733A3078252E32582C2077616E746572
:10FD9000643A3078252E3258290A000061647331A4
:10FDA0003235383A3A696E697428293A2069646EA6
:10FDB000756D206D69736D6174636820287265616B
:10FDC00064733A3078252E32582C2077616E746532
:10FDD000643A3078252E3258290A00006164733164
:10FDE0003235383A3A5365745363616E4368616ED5
:10FDF0006E656C7328293A206D7578646966206D8C
:10FE000069736D61746368202872656164733A3048
:10FE100078252E3258290A00616473313235383A18
:10FE20003A5365745363616E4368616E6E656C73BB
:10FE300028293A206D7578736730206D69736D617C
:10FE4000746368202872656164733A3078252E32B5
:10FE500058290A00616473313235383A3A5365746F
:10FE60005363616E4368616E6E656C7328293A2036
:10FE70006D7578736731206D69736D617463682087
:10FE80002872656164733A3078252E3258290A0049
:10FE9000616473313235383A3A5365745363616E35
:10FEA0004368616E6E656C7328293A2073797372AA
:10FEB0006564206D69736D61746368202872656183
:10FEC00064733A3078252E3258290A005343414E44
:10FED0004D4F4E49544F52414443000022536361F9
:10FEE0006E4D6F6E69746F72416463223B2053687C
:10FEF0006F772063757272656E7420696E707574A9
:10FF000020766F6C74616765732E2E2E00000000E2
:10FF1000544553544D4F4E49544F524144430000B1
:10FF200022546573744D6F6E69746F7241646322FD
:10FF30003B2053686F772072617720412F44206304
:10FF40006F756E74732E2E2E0000000043414C49D5
:10FF500042524154454D4F4E49544F524144430043
:10FF60002243616C6962726174654D6F6E69746F72
:10FF700072416463203C726561646F75743E2C3C11
:10FF80006761696E3E286F7074696F6E616C292CB1
:10FF90003C6F66667365743E286F7074696F6E613E
:10FFA0006C29223B2043616C696272617465202870
:10FFB0006F72207175657279292074686520676990
:10FFC00076656E20726561646F75740000000000D4
:10FFD000000000001D9C0000419C0000619C00008E
:10FFE00000000000000000004D8900006D89000045
:10FFF00001010100200000000A0A496E76616C6967
:020000022000DC
:100000006420636F6D6D616E642028222573223B2E
:10001000205B0000252E326868583A005D202920B8
:100020002D206C697374696E6720616C6C20617639
:1000300061696C61626C6520636F6D6D616E647384
:100040003A0A000025733A2025730A000A0A5478F8
:1000500042696E6172795061636B65743A204E55E6
:100060004C4C205061636B6574436F6E746578749B
:1000700021202853686F756C642062652042696E88
:10008000617279556172742A2920506C65617365BB
:10009000207265636F6D70696C6520746869732088
:1000A00062696E6172792E2E2E0A00000A21666F37
:1000B000726D6174663A3A77727374725F66756EC8
:1000C000632825702C2025702C20256C7529210A89
:1000D00000087F1B09000000BEBAAD1BEDAD0F0A82
:1000E000010001100210031004100220020003207E
:1000F0000420052006200300040005000600060079
:1001000004002800C0030130023003300430053001
:1001100006300E30014002400340044005400640D6
:1001200055736167654661756C745374617475735A
:1001300052656769737465723A20616C6C3D307802
:10014000252E34583B20556E446566496E73747293
:100150003D25632C20496E76537461746545535078
:10016000523D25632C20496E7650433D25632C205B
:100170004E6F43503D25632C20556E416C69676E70
:1001800065643D25632C2044697642795A65726F17
:100190003D2563004275734661756C7453746174D8
:1001A000757352656769737465723A20616C6C3D52
:1001B0003078252E32583B20494275734572723D86
:1001C00025632C205072656369734572723D256307
:1001D0002C20496D7072656369734572723D2563A9
:1001E0002C20556E53746B4572723D25632C205341
:1001F000746B4572723D25632C204C73704572728E
:100200003D25632C204246415256616C69643D2570
:10021000630000004275734661756C7441646472DA
:1002200065737352656769737465723A20666175A8
:100230006C74206174203078252E386C58000000D2
:100240004D656D4D616E6167654661756C74537483
:100250006174757352656769737465723A20616C75
:100260006C3D3078252E32583B20494163635669F6
:100270006F6C3D25632C204441636356696F6C3D70
:1002800025632C204D656D556E53746B4572723D20
:1002900025632C204D656D53746B4572723D25634B
:1002A0002C204D656D4C73704572723D25632C207A
:1002B0004D4D415256616C69643D2563000000005C
:1002C0004D656D4D616E6167654661756C74416425
:1002D000647265737352656769737465723A2066F8
:1002E00061756C74206174203078252E386C58004C
:1002F000436F6E666967757261626C654661756CA5
:10030000745374617475735265676973746572733D
:10031000434653523A20616C6C3D3078252E386C40
:10032000583B20003B200000486172644661756CB8
:100330007453746174757352656769737465723A46
:1003400020616C6C3D3078252E386C583B2056650A
:1003500063745461626C653D25632C20466F726343
:1003600065643D25632C2044656275674576743D60
:1003700025630000436F6E7465787453746174650F
:100380004672616D653A2072303D3078252E386CAA
:10039000582C2072313D3078252E386C582C207224
:1003A000323D3078252E386C582C2072333D307811
:1003B000252E386C582C207231323D3078252E385D
:1003C0006C582C206C723D3078252E386C582C20BF
:1003D00070635F72657475726E5F616464723D30E4
:1003E00078252E386C582C20787073723D30782523
:1003F0002E386C58000000000A0000000A0A0A218A
:100400004275734661756C74210A00005043205B8D
:100410005231355D203D2025780A00004C52205B8A
:100420005231345D203D2025780A00000A0A0A2155
:1004300055736167654661756C74210A00000000A0
:100440000A0A0A214D656D4D616E674661756C74CF
:10045000210A0000FA05000001010100BEBAAD1B2F
:10046000EDAD0F0A0100011002100310041002206C
:1004700002000320042005200620030004000500DC
:100480000600060004002800C003013002300330DB
:100490000430053006300E30014002400340044075
:1004A00005400640087F1B09FFFF7F000000780021
:1004B00000000000FFFF87FF000080FF00000C002D
:1004C0000000780000010203040506070001020392
:1004D00004050607080900010203040506070809C8
:1004E0000A0B0C0D0E0F10111213141516171819F4
:1004F0001A1B1C1D1E0000005C00000064000000B0
:10050000680000006C000000313130003565633157
:10051000613030613234613136653761363362378C
:100520003336653932613362333364616235353372
:1005300032626139000000000A0A4553432D4653D8
:100540004D3A207625732E6225733B204F666673E5
:100550006574206F6620436F6E74726F6C526567AE
:1005600069737465723A203078252E326C582C20CD
:1005700065787065637465643A203078252E326C36
:10058000582E00000A4F6666736574206F66204619
:10059000534D2D3E436F6E74726F6C526567697375
:1005A0007465723A203078252E326C582C2065788C
:1005B0007065637465643A203078252E326C583B40
:1005C0002073697A653A20256C752E0001010100BF
:1005D0000020202020202020202028282828282013
:1005E000202020202020202020202020202020200B
:1005F0002088101010101010101010101010101073
:100600001004040404040404040404101010101062
:10061000101041414141414101010101010101012C
:10062000010101010101010101010101101010107E
:1006300010104242424242420202020202020202FE
:100640000202020202020202020202021010101052
:10065000200000000000000000000000000000007A
:10066000000000000000000000000000000000008A
:10067000000000000000000000000000000000007A
:10068000000000000000000000000000000000006A
:10069000000000000000000000000000000000005A
:1006A000000000000000000000000000000000004A
:1006B000000000000000000000000000000000003A
:1006C000000000000000000000000000000000002A
:1006D000000000000A00000065256C6400000000B6
:1006E000494E4600696E66004E414E006E616E00D6
:1006F0003031323334353637383961626364656698
:100700000000000030313233343536373839414259
:100710004344454600000000286E756C6C290000BB
:10072000300000002F000000504F534958000000D7
:1007300043000000415343494900000049534F2DF5
:10074000383835392D310000636A6B73696E676C18
:1007500065000000636A6B6E6172726F7700000063
:10076000636A6B77696465005554462D3800000054
:1007700055544638000000004A495300455543008F
:100780004A5000004555434A50000000534A49531F
:100790000000000049534F00383835390000000090
:1007A00049534F2D383835392D0000004350000093
:1007B0004B4F493800000000435032303836360085
:1007C0004350323138363600435031303300000068
:1007D00047454F524749414E00000000505300002A
:1007E00043503130310000005054313534000000A6
:1007F000435031303200000054495300363230004B
:1008000043503837340000004C435F414C4C0000EB
:100810004C414E47000000002E0000004C435F4357
:100820004F4C4C41544500004C435F435459504594
:10083000000000004C435F4D4F4E4554415259005B
:100840004C435F4E554D4552494300004C435F5465
:10085000494D45004C435F4D455353414745530077
:10086000496E66696E697479000000004E614E0041
:1008700042616C6C6F632073756363656564656466
:10088000000000002F5F5F772F61726D2D6E6F6E1D
:10089000652D656162692D6763632D787061636B97
:1008A0002F61726D2D6E6F6E652D656162692D67AA
:1008B00063632D787061636B2F6275696C642D6161
:1008C00073736574732F6275696C642F6C696E75D0
:1008D000782D7836342F736F75726365732F6E655C
:1008E000776C69622D63796777696E2F6E65776CB7
:1008F00069622F6C6962632F7374646C69622F6420
:10090000746F612E630000002F5F5F772F61726D3F
:100910002D6E6F6E652D656162692D6763632D783D
:100920007061636B2F61726D2D6E6F6E652D6561E9
:1009300062692D6763632D787061636B2F627569DF
:100940006C642D6173736574732F6275696C642FA9
:100950006C696E75782D7836342F736F7572636598
:10096000732F6E65776C69622D63796777696E2F77
:100970006E65776C69622F6C6962632F7374646C47
:1009800069622F6D707265632E6300006E660000F1
:10099000696E697479000000616E00002C20667534
:1009A0006E6374696F6E3A200000000061737365B6
:1009B0007274696F6E2022257322206661696C65EE
:1009C000643A2066696C6520222573222C206C69AC
:1009D0006E65202564257325730A00002F5F5F77FD
:1009E0002F61726D2D6E6F6E652D656162692D6769
:1009F00063632D787061636B2F61726D2D6E6F6E06
:100A0000652D656162692D6763632D787061636B25
:100A10002F6275696C642D6173736574732F6275D1
:100A2000696C642F6C696E75782D7836342F736F0E
:100A300075726365732F6E65776C69622D63796774
:100A400077696E2F6E65776C69622F6C6962632FB0
:100A50007374646C69622F6764746F612D67657469
:100A60006865782E630000000A00010002000300A0
:100A70000400050006000700080009000A000B003A
:100A80000C000D000E000F00100000003030303060
:100A90003030303030303030303030302020202096
:100AA0002020202020202020202020204300000083
:100AB0000000000000000000000000000000000036
:100AC00000000000000000000000000043000000E3
:100AD0000000000000000000000000000000000016
:100AE00000000000000000000000000043000000C3
:100AF00000000000000000000000000000000000F6
:100B000000000000000000000000000043000000A2
:100B100000000000000000000000000000000000D5
:100B20000000000000000000000000004300000082
:100B300000000000000000000000000000000000B5
:100B40000000000000000000000000004300000062
:100B50000000000000000000000000000000000095
:100B60000000000000000000000000004300000042
:100B70000000000000000000000000000000000075
:100B80000000000000000000000000006D4C0100AB
:100B9000D925010000000000D0050200180802005D
:100BA000A8090200A8090200A8090200A809020079
:100BB000A8090200A8090200A8090200A809020069
:100BC000A8090200FFFFFFFFFFFFFFFFFFFFFFFF7E
:100BD000FFFF0000010041534349490000000000AD
:100BE0000000000000000000000000000000000005
:100BF000000000000000415343494900000000008C
:100C000000000000000000000000000000000000E4
:100C10000000000000000000080802001C0802009C
:100C20002808020034080200400802004C080200B4
:100C30005408020004000000000005000004010147
:100C40000101010601060004000000000000000090
:100C50000000040400000000060202020202060274
:100C6000060606040606060606060606060603032C
:100C70000606060000000000000000000200000060
:100C80000000000000050404040404070407000336
:100C90000000000000000000000001010000000052
:100CA00007010101010107010707070607070707F9
:100CB00007070707070700000707070000000000F5
:100CC0000000000005000000190000007D00000089
:100CD000BC89D897B2D29C3C33A7A8D523F6493912
:100CE0003DA7F444FD0FA5329D978CCF08BA5B2534
:100CF000436FAC642806C80A0080E03779C34143DB
:100D0000176E05B5B5B89346F5F93FE9034F384D71
:100D1000321D30F94877825A3CBF737FDD4F15751D
:100D2000000000000000F03F000000000000244030
:100D300000000000000059400000000000408F400B
:100D4000000000000088C34000000000006AF84076
:100D50000000000080842E4100000000D01263419A
:100D60000000000084D797410000000065CDCD4110
:100D7000000000205FA00242000000E876483742F1
:100D8000000000A2941A6D42000040E59C30A2428F
:100D90000000901EC4BCD64200003426F56B0C4304
:100DA0000080E03779C3414300A0D88557347643AB
:100DB00000C84E676DC1AB43003D9160E458E1430C
:100DC000408CB5781DAF154450EFE2D6E41A4B4481
:100DD00092D54D06CFF08044F64AE1C7022DB544C6
:100DE000B49DD9794378EA4434000000CEFBFFFF7C
:100DF000CB030000010000000000000035000000EF
:100E0000CEFBFFFFCB03000001000000000000004C
:100E1000BC89D897B2D29C3C33A7A8D523F64939D0
:100E20003DA7F444FD0FA5329D978CCF08BA5B25F2
:100E3000436FAC64280668110C5F104E154E2A4EA5
:100E4000314E364E3C4E3F4E424E564E584E824EDE
:100E5000854E6B8C8A4E12820D5F8E4E9E4E9F4E3B
:100E6000A04EA24EB04EB34EB64ECE4ECD4EC44E58
:100E7000C64EC24ED74EDE4EED4EDF4EF74E094FF8
:100E80005A4F304F5B4F5D4F574F474F764F884F0C
:100E90008F4F984F7B4F694F704F914F6F4F864FD9
:100EA000964F1851D44FDF4FCE4FD84FDB4FD14F15
:100EB000DA4FD04FE44FE54F1A50285014502A50C3
:100EC000255005501C4FF64F215029502C50FE4FF5
:100ED000EF4F115006504350475003675550505044
:100EE00048505A5056506C50785080509A50855007
:100EF000B450B250C950CA50B350C250D650DE5050
:100F0000E550ED50E350EE50F950F55009510151C4
:100F100002511651155114511A5121513A5137515C
:100F20003C513B513F51405152514C5154516251EF
:100F3000F87A69516A516E5180518251D8568C515C
:100F400089518F519151935195519651A451A65168
:100F5000A251A951AA51AB51B351B151B251B051A3
:100F6000B551BD51C551C951DB51E0515586E951CB
:100F7000ED51F051F551FE5104520B5214520E52E4
:100F800027522A522E52335239524F5244524B5208
:100F90004C525E5254526A527452695273527F528A
:100FA0007D528D5294529252715288529152A88F12
:100FB000A78FAC52AD52BC52B552C152CD52D7528E
:100FC000DE52E352E652ED98E052F352F552F852F7
:100FD000F9520653085338750D5310530F531553D8
:100FE0001A5323532F5331533353385340534653DB
:100FF0004553174E49534D53D6515E5369536E5363
:1010000018597B53775382539653A053A653A55335
:10101000AE53B053B653C353127CD996DF53FC661C
:10102000EE71EE53E853ED53FA5301543D544054DE
:101030002C542D543C542E54365429541D544E5483
:101040008F5475548E545F54715477547054925425
:101050007B5480547654845490548654C754A2547C
:10106000B854A554AC54C454C854A854AB54C25436
:10107000A454BE54BC54D854E554E6540F551455EA
:10108000FD54EE54ED54FA54E2543955405563552D
:101090004C552E555C554555565557553855335575
:1010A0005D5599558055AF548A559F557B557E5552
:1010B00098559E55AE557C558355A9558755A855CD
:1010C000DA55C555DF55C455DC55E455D45514568D
:1010D000F7551656FE55FD551B56F9554E565056AA
:1010E000DF7134563656325638566B5664562F5684
:1010F0006C566A56865680568A56A05694568F5617
:10110000A556AE56B656B456C256BC56C156C35670
:10111000C056C856CE56D156D356D756EE56F95667
:101120000057FF560457095708570B570D571357C9
:1011300018571657C7551C572657375738574E5705
:101140003B5740574F576957C057885761577F578C
:1011500089579357A057B357A457AA57B057C357A7
:10116000C657D457D257D3570A58D657E3570B58B8
:1011700019581D587258215862584B587058C06BF6
:1011800052583D5879588558B9589F58AB58BA5855
:10119000DE58BB58B858AE58C558D358D158D75850
:1011A000D958D858E558DC58E458DF58EF58FA5861
:1011B000F958FB58FC58FD5802590A5910591B5947
:1011C000A66825592C592D59325938593E59D27A89
:1011D000555950594E595A59585962596059675979
:1011E0006C596959785981599D595E4FAB4FA35934
:1011F000B259C659E859DC598D59D959DA59255A85
:101200001F5A115A1C5A095A1A5A405A6C5A495AAA
:10121000355A365A625A6A5A9A5ABC5ABE5ACB5AE8
:10122000C25ABD5AE35AD75AE65AE95AD65AFA5A16
:10123000FB5A0C5B0B5B165B325BD05A2A5B365B4E
:101240003E5B435B455B405B515B555B5A5B5B5B65
:10125000655B695B705B735B755B785B88657A5B0C
:10126000805B835BA65BB85BC35BC75BC95BD45B1E
:10127000D05BE45BE65BE25BDE5BE55BEB5BF05B7C
:10128000F65BF35B055C075C085C0D5C135C205C43
:10129000225C285C385C395C415C465C4E5C535C8B
:1012A000505C4F5C715B6C5C6E5C624E765C795C32
:1012B0008C5C915C945C9B59AB5CBB5CB65CBC5C2D
:1012C000B75CC55CBE5CC75CD95CE95CFD5CFA5C84
:1012D000ED5C8C5DEA5C0B5D155D175D5C5D1F5D13
:1012E0001B5D115D145D225D1A5D195D185D4C5D1D
:1012F000525D4E5D4B5D6C5D735D765D875D845DBB
:10130000825DA25D9D5DAC5DAE5DBD5D905DB75DD6
:10131000BC5DC95DCD5DD35DD25DD65DDB5DEB5D52
:10132000F25DF55D0B5E1A5E195E115E1B5E365E48
:10133000375E445E435E405E4E5E575E545E5F5E67
:10134000625E645E475E755E765E7A5EBC9E7F5EC0
:10135000A05EC15EC25EC85ED05ECF5ED65EE35E5A
:10136000DD5EDA5EDB5EE25EE15EE85EE95EEC5E7B
:10137000F15EF35EF05EF45EF85EFE5E035F095FB1
:101380005D5F5C5F0B5F115F165F295F2D5F385FEC
:10139000415F485F4C5F4E5F2F5F515F565F575F05
:1013A000595F615F6D5F735F775F835F825F7F5FB0
:1013B0008A5F885F915F875F9E5F995F985FA05F9C
:1013C000A85FAD5FBC5FD65FFB5FE45FF85FF15F76
:1013D000DD5FB360FF5F21606060196010602960AD
:1013E0000E6031601B6015602B6026600F603A60F4
:1013F0005A6041606A6077605F604A6046604D6035
:1014000063604360646042606C606B6059608160DF
:101410008D60E76083609A6084609B6096609760EF
:101420009260A7608B60E160B860E060D360B460F8
:10143000F05FBD60C660B560D8604D611561066142
:10144000F660F7600061F460FA6003612161FB609F
:10145000F1600D610E6147613E61286127614A615B
:101460003F613C612C6134613D6142614461736163
:101470007761586159615A616B6174616F6165612F
:1014800071615F615D6153617561996196618761A9
:10149000AC6194619A618A619161AB61AE61CC612A
:1014A000CA61C961F761C861C361C661BA61CB61D4
:1014B000797FCD61E661E361F661FA61F461FF6114
:1014C000FD61FC61FE610062086209620D620C62EE
:1014D00014621B621E6221622A622E6230623262D4
:1014E000336241624E625E6263625B626062686246
:1014F0007C62826289627E62926293629662D46248
:1015000083629462D762D162BB62CF62FF62C662BD
:10151000D464C862DC62CC62CA62C262C7629B6287
:10152000C9620C63EE62F162276302630863EF62D3
:10153000F56250633E634D631C644F6396638E6334
:101540008063AB637663A3638F6389639F63B563D3
:101550006B636963BE63E963C063C663E363C963C6
:10156000D263F663C4631664346406641364266449
:1015700036641D65176428640F6467646F6476645D
:101580004E642A6595649364A564A9648864BC6408
:10159000DA64D264C564C764BB64D864C264F164AD
:1015A000E7640982E064E164AC62E364EF642C65A3
:1015B000F664F464F264FA640065FD6418651C6501
:1015C0000565246523652B653465356537653665A6
:1015D00038654B754865566555654D6558655E655A
:1015E0005D6572657865826583658A8B9B659F659D
:1015F000AB65B765C365C665C165C465CC65D265B5
:10160000DB65D965E065E165F16572670A660366C9
:10161000FB6573673566366634661C664F664466DE
:10162000496641665E665D666466676668665F66B3
:1016300062667066836688668E668966846698666A
:101640009D66C166B966C966BE66BC66C466B86694
:10165000D666DA66E0663F66E666E966F066F566D7
:10166000F7660F6716671E672667276738972E6726
:101670003F67366741673867376746675E67606709
:1016800059676367646789677067A9677C676A677A
:101690008C678B67A667A1678567B767EF67B467D5
:1016A000EC67B367E967B867E467DE67DD67E26741
:1016B000EE67B967CE67C667E7679C6A1E684668CB
:1016C000296840684D6832684E68B3682B6859686D
:1016D000636877687F689F688F68AD6894689D6865
:1016E0009B688368AE6AB9687468B568A068BA68B0
:1016F0000F698D687E680169CA680869D8682269BF
:101700002669E1680C69CD68D468E768D5683669F0
:1017100012690469D768E3682569F968E068EF68C9
:1017200028692A691A6923692169C668796977690C
:101730005C6978696B6954697E696E693969746935
:101740003D695969306961695E695D6981696A6984
:10175000B269AE69D069BF69C169D369BE69CE6932
:10176000E85BCA69DD69BB69C369A7692E6A9169CB
:10177000A0699C699569B469DE69E869026A1B6AB7
:10178000FF690A6BF969F269E769056AB1691E6A5E
:10179000ED69146AEB690A6A126AC16A236A136AFC
:1017A000446A0C6A726A366A786A476A626A596A77
:1017B000666A486A386A226A906A8D6AA06A846A90
:1017C000A26AA36A976A1786BB6AC36AC26AB86AC2
:1017D000B36AAC6ADE6AD16ADF6AAA6ADA6AEA6A5E
:1017E000FB6A056B1686FA6A126B166B319B1F6BD0
:1017F000386B376BDC76396BEE98476B436B496B14
:10180000506B596B546B5B6B5F6B616B786B796B77
:101810007F6B806B846B836B8D6B986B956B9E6B12
:10182000A46BAA6BAB6BAF6BB26BB16BB36BB76BEB
:10183000BC6BC66BCB6BD36BDF6BEC6BEB6BF36B87
:10184000EF6BBE9E086C136C146C1B6C246C236CC9
:101850005E6C556C626C6A6C826C8D6C9A6C816C7F
:101860009B6C7E6C686C736C926C906CC46CF16C4D
:10187000D36CBD6CD76CC56CDD6CAE6CB16CBE6CE2
:10188000BA6CDB6CEF6CD96CEA6C1F6D4D88366DF1
:101890002B6D3D6D386D196D356D336D126D0C6DA1
:1018A000636D936D646D5A6D796D596D8E6D956D27
:1018B000E46F856DF96D156E0A6EB56DC76DE66DD9
:1018C000B86DC66DEC6DDE6DCC6DE86DD26DC56D1D
:1018D000FA6DD96DE46DD56DEA6DEE6D2D6E6E6E9F
:1018E0002E6E196E726E5F6E3E6E236E6B6E2B6E79
:1018F000766E4D6E1F6E436E3A6E4E6E246EFF6EA8
:101900001D6E386E826EAA6E986EC96EB76ED36EFB
:10191000BD6EAF6EC46EB26ED46ED56E8F6EA56E98
:10192000C26E9F6E416F116F4C70EC6EF86EFE6E62
:101930003F6FF26E316FEF6E326FCC6E3E6F136F92
:10194000F76E866F7A6F786F816F806F6F6F5B6FE6
:10195000F36F6D6F826F7C6F586F8E6F916FC26F78
:10196000666FB36FA36FA16FA46FB96FC66FAA6FD5
:10197000DF6FD56FEC6FD46FD86FF16FEE6FDB6FE9
:1019800009700B70FA6F117001700F70FE6F1B7091
:101990001A70746F1D7018701F7030703E70327046
:1019A0005170637099709270AF70F170AC70B870D4
:1019B000B370AE70DF70CB70DD70D9700971FD70DF
:1019C0001C711971657155718871667162714C7104
:1019D00056716C718F71FB7184719571A871AC71C6
:1019E000D771B971BE71D271C971D471CE71E07104
:1019F000EC71E771F571FC71F971FF710D72107284
:101A00001B7228722D722C72307232723B723C72D1
:101A10003F72407246724B72587274727E7282725A
:101A20008172877292729672A272A772B972B27242
:101A3000C372C672C472CE72D272E272E072E17286
:101A4000F972F7720F5017730A731C7316731D73B4
:101A500034732F73297325733E734E734F73D89E5F
:101A600057736A7368737073787375737B737A7363
:101A7000C873B373CE73BB73C073E573EE73DE7359
:101A8000A27405746F742574F87332743A745574C3
:101A90003F745F74597441745C74697470746374D6
:101AA0006A7476747E748B749E74A774CA74CF74CF
:101AB000D474F173E074E374E774E974EE74F2744F
:101AC000F074F174F874F7740475037505750C758A
:101AD0000E750D75157513751E7526752C753C756F
:101AE00044754D754A7549755B7546755A756975C6
:101AF000647567756B756D757875767586758775A0
:101B000074758A758975827594759A759D75A575B4
:101B1000A375C275B375C375B575BD75B875BC755C
:101B2000B175CD75CA75D275D975E375DE75FE755B
:101B3000FF75FC750176F075FA75F275F3750B7625
:101B40000D7609761F762776207621762276247602
:101B5000347630763B764776487646765C765876AD
:101B600061766276687669766A7667766C76707684
:101B70007276767678767C768076837688768B76C3
:101B80008E769676937699769A76B076B476B8769F
:101B9000B976BA76C276CD76D676D276DE76E1762C
:101BA000E576E776EA762F86FB760877077704777F
:101BB000297724771E77257726771B77377738772D
:101BC00047775A7768776B775B7765777F777E772C
:101BD00079778E778B779177A0779E77B077B67786
:101BE000B977BF77BC77BD77BB77C777CD77D77726
:101BF000DA77DC77E377EE77FC770C781278267962
:101C000020782A7945788E78747886787C789A78E6
:101C10008C78A378B578AA78AF78D178C678CB7865
:101C2000D478BE78BC78C578CA78EC78E778DA786A
:101C3000FD78F47807791279117919792C792B7953
:101C40004079607957795F795A79557953797A79FA
:101C50007F798A799D79A7794B9FAA79AE79B379F3
:101C6000B979BA79C979D579E779EC79E179E37904
:101C7000087A0D7A187A197A207A1F7A8079317A5F
:101C80003B7A3E7A377A437A577A497A617A627A2E
:101C9000697A9D9F707A797A7D7A887A977A957A2F
:101CA000987A967AA97AC87AB07AB67AC57AC47AD6
:101CB000BF7A8390C77ACA7ACD7ACF7AD57AD37A27
:101CC000D97ADA7ADD7AE17AE27AE67AED7AF07A2E
:101CD000027B0F7B0A7B067B337B187B197B1E7B89
:101CE000357B287B367B507B7A7B047B4D7B0B7B63
:101CF0004C7B457B757B657B747B677B707B717BE5
:101D00006C7B6E7B9D7B987B9F7B8D7B9C7B9A7B8A
:101D10008B7B927B8F7B5D7B997BCB7BC17BCC7BF1
:101D2000CF7BB47BC67BDD7BE97B117C147CE67BBF
:101D3000E57B607C007C077C137CF37BF77B177C66
:101D40000D7CF67B237C277C2A7C1F7C377C2B7CBC
:101D50003D7C4C7C437C547C4F7C407C507C587C4C
:101D60005F7C647C567C657C6C7C757C837C907C21
:101D7000A47CAD7CA27CAB7CA17CA87CB37CB27C37
:101D8000B17CAE7CB97CBD7CC07CC57CC27CD87C7F
:101D9000D27CDC7CE27C3B9BEF7CF27CF47CF67CAE
:101DA000FA7C067D027D1C7D157D0A7D457D4B7D7F
:101DB0002E7D327D3F7D357D467D737D567D4E7D0A
:101DC000727D687D6E7D4F7D637D937D897D5B7DBA
:101DD0008F7D7D7D9B7DBA7DAE7DA37DB57DC77DED
:101DE000BD7DAB7D3D7EA27DAF7DDC7DB87D9F7DE1
:101DF000B07DD87DDD7DE47DDE7DFB7DF27DE17D06
:101E0000057E0A7E237E217E127E317E1F7E097E24
:101E10000B7E227E467E667E3B7E357E397E437E0D
:101E2000377E327E3A7E677E5D7E567E5E7E597E4E
:101E30005A7E797E6A7E697E7C7E7B7E837ED57DBE
:101E40007D7EAE8F7F7E887E897E8C7E927E907E28
:101E5000937E947E967E8E7E9B7E9C7E387F3A7F9C
:101E6000457F4C7F4D7F4E7F507F517F557F547F04
:101E7000587F5F7F607F687F697F677F787F827F21
:101E8000867F837F887F877F8C7F947F9E7F9D7FE7
:101E90009A7FA37FAF7FB27FB97FAE7FB67FB87FD7
:101EA000718BC57FC67FCA7FD57FD47FE17FE67FF8
:101EB000E97FF37FF97FDC98068004800B80128035
:101EC000188019801C80218028803F803B804A80B8
:101ED0004680528058805A805F806280688073801C
:101EE00072807080768079807D807F80848086801B
:101EF00085809B8093809A80AD809051AC80DB8000
:101F0000E580D980DD80C480DA80D6800981EF80C9
:101F1000F1801B81298123812F814B818B96468102
:101F20003E8153815181FC8071816E816581668122
:101F30007481838188818A8180818281A081958159
:101F4000A481A3815F819381A981B081B581BE8184
:101F5000B881BD81C081C281BA81C981CD81D18161
:101F6000D981D881C881DA81DF81E081E781FA8176
:101F7000FB81FE8101820282058207820A820D8234
:101F80001082168229822B823882338240825982C3
:101F900058825D825A825F826482628268826A822B
:101FA0006B822E827182778278827E828D8292828B
:101FB000AB829F82BB82AC82E182E382DF82D282EB
:101FC000F482F382FA8293830383FB82F982DE82B6
:101FD0000683DC820983D982358334831683328376
:101FE000318340833983508345832F832B83178329
:101FF000188385839A83AA839F83A28396832383EE
:102000008E8387838A837C83B58373837583A08360
:102010008983A883F4831384EB83CE83FD830384B5
:10202000D8830B84C183F7830784E083F2830D8414
:1020300022842084BD8338840685FB836D842A84B2
:102040003C845A85848477846B84AD846E848284D6
:10205000698446842C846F8479843584CA8462843C
:10206000B984BF849F84D984CD84BB84DA84D0842E
:10207000C184C684D684A1842185FF84F484178515
:1020800018852C851F8515851485FC8440856385FE
:1020900058854885418502864B8555858085A48570
:1020A000888591858A85A8856D8594859B85EA8537
:1020B00087859C8577857E859085C985BA85CF85FE
:1020C000B985D085D585DD85E585DC85F9850A86E8
:1020D00013860B86FE85FA85068622861A8630864A
:1020E0003F864D86554E54865F86678671869386F9
:1020F000A386A986AA868B868C86B686AF86C4867A
:10210000C686B086C9862388AB86D486DE86E986F5
:10211000EC86DF86DB86EF861287068708870087D6
:102120000387FB86118709870D87F9860A8734871D
:102130003F8737873B87258729871A8760875F878F
:1021400078874C874E877487578768876E8759874B
:10215000538763876A870588A2879F878287AF87AF
:10216000CB87BD87C087D087D696AB87C487B38718
:10217000C787C687BB87EF87F287E0870F880D8800
:10218000FE87F687F7870E88D2871188168815880C
:102190002288218831883688398827883B88448876
:1021A0004288528859885E8862886B8881887E88D8
:1021B0009E8875887D88B58872888288978892887D
:1021C000AE889988A2888D88A488B088BF88B18895
:1021D000C388C488D488D888D988DD88F9880289DA
:1021E000FC88F488E888F28804890C890A891389B4
:1021F00043891E8925892A892B89418944893B89FC
:10220000368938894C891D8960895E896689648927
:102210006D896A896F89748977897E8983898889BC
:102220008A8993899889A189A989A689AC89AF8966
:10223000B289BA89BD89BF89C089DA89DC89DD891B
:10224000E789F489F889038A168A108A0C8A1B8A1E
:102250001D8A258A368A418A5B8A528A468A488A3A
:102260007C8A6D8A6C8A628A858A828A848AA88A34
:10227000A18A918AA58AA68A9A8AA38AC48ACD8AC3
:10228000C28ADA8AEB8AF38AE78AE48AF18A148BB3
:10229000E08AE28AF78ADE8ADB8A0C8B078B1A8B4C
:1022A000E18A168B108B178B208B338BAB97268B89
:1022B0002B8B3E8B288B418B4C8B4F8B4E8B498BC2
:1022C000568B5B8B5A8B6B8B5F8B6C8B6F8B748B92
:1022D0007D8B808B8C8B8E8B928B938B968B998B3B
:1022E0009A8B3A8C418C3F8C488C4C8C4E8C508C09
:1022F000558C628C6C8C788C7A8C828C898C858CD9
:102300008A8C8D8C8E8C948C7C8C988C1D62AD8C80
:10231000AA8CBD8CB28CB38CAE8CB68CC88CC18CA4
:10232000E48CE38CDA8CFD8CFA8CFB8C048D058DAF
:102330000A8D078D0F8D0D8D108D4E9F138DCD8CB9
:10234000148D168D678D6D8D718D738D818D998D29
:10235000C28DBE8DBA8DCF8DDA8DD68DCC8DDB8DB5
:10236000CB8DEA8DEB8DDF8DE38DFC8D088E098E94
:10237000FF8D1D8E1E8E108E1F8E428E358E308EDE
:10238000348E4A8E478E498E4C8E508E488E598E92
:10239000648E608E2A8E638E558E768E728E7C8EC3
:1023A000818E878E858E848E8B8E8A8E938E918E73
:1023B000948E998EAA8EA18EAC8EB08EC68EB18E62
:1023C000BE8EC58EC88ECB8EDB8EE38EFC8EFB8ED2
:1023D000EB8EFE8E0A8F058F158F128F198F138F3C
:1023E0001C8F1F8F1B8F0C8F268F338F3B8F398F46
:1023F000458F428F3E8F4C8F498F468F4E8F578F20
:102400005C8F628F638F648F9C8F9F8FA38FAD8F44
:10241000AF8FB78FDA8FE58FE28FEA8FEF8F8790DC
:10242000F48F0590F98FFA8F1190159021900D90EF
:102430001E9016900B902790369035903990F88F1B
:102440004F905090519052900E9049903E905690DF
:1024500058905E9068906F907690A8967290829057
:102460007D90819080908A9089908F90A890AF9075
:10247000B190B590E290E4904862DB9002911291A5
:102480001991329130914A91569158916391659189
:102490006991739172918B9189918291A291AB9183
:1024A000AF91AA91B591B491BA91C091C191C991DE
:1024B000CB91D091D691DF91E191DB91FC91F59197
:1024C000F6911E92FF9114922C92159211925E92A7
:1024D0005792459249926492489295923F924B92BC
:1024E00050929C92969293929B925A92CF92B992CA
:1024F000B792E9920F93FA9244932E9319932293F1
:102500001A9323933A9335933B935C9360937C9314
:102510006E935693B093AC93AD939493B993D69333
:10252000D793E893E593D893C393DD93D093C8935F
:10253000E4931A9414941394039407941094369487
:102540002B94359421943A944194529444945B94FE
:10255000609462945E946A942992709475947794CE
:102560007D945A947C947E9481947F9482958795EF
:102570008A959495969598959995A095A895A795DF
:10258000AD95BC95BB95B995BE95CA95F66FC395AB
:10259000CD95CC95D595D495D695DC95E195E595D9
:1025A000E295219628962E962F9642964C964F9617
:1025B0004B9677965C965E965D965F96669672965B
:1025C0006C968D96989695969796AA96A796B1969C
:1025D000B296B096B496B696B896B996CE96CB9675
:1025E000C996CD964D89DC960D97D596F9960497A8
:1025F0000697089713970E9711970F9716971997A5
:1026000024972A97309739973D973E974497469756
:102610004897429749975C97609764976697689741
:10262000D2526B977197799785977C9781977A9714
:1026300086978B978F9790979C97A897A697A39725
:10264000B397B497C397C697C897CB97DC97ED9786
:102650004F9FF297DF7AF697F5970F980C98389876
:102660002498219837983D9846984F984B986B98A6
:102670006F987098719874987398AA98AF98B19859
:10268000B698C498C398C698E998EB9803990999A5
:1026900012991499189921991D991E992499209994
:1026A0002C992E993D993E9942994999459950996D
:1026B0004B99519952994C99559997999899A599EF
:1026C000AD99AE99BC99DF99DB99DD99D899D199EB
:1026D000ED99EE99F199F299FB99F899019A0F9A6F
:1026E000059AE299199A2B9A379A459A429A409AF2
:1026F000439A3E9A559A4D9A5B9A579A5F9A629A74
:10270000659A649A699A6B9A6A9AAD9AB09ABC9AD9
:10271000C09ACF9AD19AD39AD49ADE9ADF9AE29A43
:10272000E39AE69AEF9AEB9AEE9AF49AF19AF79A6C
:10273000FB9A069B189B1A9B1F9B229B239B259B06
:10274000279B289B299B2A9B2E9B2F9B329B449B3C
:10275000439B4F9B4D9B4E9B519B589B749B939BC4
:10276000839B919B969B979B9F9BA09BA89BB49BB5
:10277000C09BCA9BB99BC69BCF9BD19BD29BE39B23
:10278000E29BE49BD49BE19B3A9CF29BF19BF09BE8
:10279000159C149C099C139C0C9C069C089C129CE8
:1027A0000A9C049C2E9C1B9C259C249C219C309C58
:1027B000479C329C469C3E9C5A9C609C679C769CA5
:1027C000789CE79CEC9CF09C099D089DEB9C039DEC
:1027D000069D2A9D269DAF9D239D1F9D449D159D71
:1027E000129D419D3F9D3E9D469D489D5D9D5E9DE8
:1027F000649D519D509D599D729D899D879DAB9D66
:102800006F9D7A9D9A9DA49DA99DB29DC49DC19DD9
:10281000BB9DB89DBA9DC69DCF9DC29DD99DD39DA0
:10282000F89DE69DED9DEF9DFD9D1A9E1B9E1E9EB3
:10283000759E799E7D9E819E889E8B9E8C9E929E8B
:10284000959E919E9D9EA59EA99EB89EAA9EAD9E78
:102850006197CC9ECE9ECF9ED09ED49EDC9EDE9E67
:10286000DD9EE09EE59EE89EEF9EF49EF69EF79E1E
:10287000F99EFB9EFC9EFD9E079F089FB776159FC5
:10288000219F2C9F3E9F4A9F529F549F639F5F9F13
:10289000609F619F669F679F6C9F6A9F779F729FF3
:1028A000769F959F9C9FA09F2F58C76959906474ED
:1028B000DC5199719C4E1655035A3F96C0541B61CA
:1028C0002863F659229075841C83507AAA60E163CC
:1028D000256EED656684A682F59B93682757A165F2
:1028E00071629B5BD0597B86F498627DBE7D8E9B26
:1028F00016629F7CB788895BB55E096397664868F6
:10290000C7958D974F67E54E0A4F4D4F9D4F4950E4
:10291000F2563759D459015A095CDF600F61706172
:1029200013660569BA704F757075FB79AD7DEF7DE3
:10293000C3800E846388028B55907A903B53954EEA
:10294000A54EDF57B280C190EF78004EF158A26ECD
:102950003890327A28838B822F9C41517053BD541A
:10296000E154E056FB59155FF298EB6DE4802D853C
:1029700062967096A096FB970B54F353875BCF70CB
:10298000BD7FC28FE8966F535C9DBA7A114E9378E3
:10299000FC81266E185604551D6B1A853B9CE55923
:1029A000A953666DDC748F954256914E4B90F2960A
:1029B0004F830C99E153B655305B715F2066F36627
:1029C0000468386CF36C296D5B74C8764E7A349861
:1029D000F1825B88608AED92B26DAB75CA76C5995B
:1029E000A660018B8A8DB2958E69AD5386511257C0
:1029F00030584459B45BF65E2860A963F463BF6C39
:102A0000146F8E7014715971D5713F73017E768287
:102A1000D182978560905B921B9D6958BC655A6C0A
:102A20002575F9512E596559805FDC5FBC62FA65E6
:102A30002A6A276BB46B8B73C17F56892C9D0E9DC0
:102A4000C49EA15C966C7B8304514B5CB661C681CD
:102A500076686172594EFA4F78536960296E4F7AE1
:102A6000F3970B4E1653EE4E554F3D4FA14F734FFC
:102A7000A052EF5309560F59C15AB65BE15BD179A9
:102A800087669C67B6674C6BB36C6B70C2738D794D
:102A9000BE793C7A877BB182DB8204837783EF83C4
:102AA000D3836687B28A2956A88CE68F4E901E97EC
:102AB0008A86C44FE85C116259723B75E581BD821C
:102AC000FE86C08CC5961399D599CB4E1A4FE389D3
:102AD000DE564A58CA58FB5EEB5F2A60946062601B
:102AE000D0611262D0623965419B6666B068776DCD
:102AF00070704C758676757DA582F9878B958E965C
:102B00009D8CF151BE521659B354B35B165D68618A
:102B10008269AF6D8D78CB845788728AA793B89AF3
:102B20006C6DA899D986A357FF67CE860E92835203
:102B300087560454D35EE162B9643C683868BB6B65
:102B40007273BA786B7A9A89D2896B8D038FED9004
:102B5000A39594966997665BB35C7D694D984E9892
:102B60009B63207B2B6A7F6AB6680D9C5F6F7252F5
:102B70009D557060EC623B6D076ED16E5B84108971
:102B8000448F144E399CF6531B693A6A84972A681D
:102B90005C51C37AB284DC918C935B56289D226889
:102BA00005833184A57C0852C582E6747E4E834F2E
:102BB000A051D25B0A52D852E752FB5D9A552A586F
:102BC000E6598C5B985BDB5B725E795EA3601F618C
:102BD0006361BE61DB636265D1675368FA683E6B0F
:102BE000536B576C226F976F456FB0741875E3760F
:102BF0000B77FF7AA17B217CE97D367FF07F9D807A
:102C000066829E83B389CC8AAB8C849051949395D1
:102C10009195A2956596D39728991882384E2B5492
:102C2000B85CCC5DA9734C763C77A95CEB7F0B8DCF
:102C3000C196119854985898014F0E4F71539C5556
:102C40006856FA574759095BC45B905C0C5E7E5E20
:102C5000CC5FEE633A67D765E2651F67CB68C468EF
:102C60005F6A305EC56B176C7D6C7F754879635BFE
:102C7000007A007DBD5F8F89188AB48C778DCC8EE9
:102C80001D8FE2980E9A3C9B804E7D5000519359C7
:102C90009C5B2F628062EC643A6BA07291754779FD
:102CA000A97FFB87BC8A708BAC63CA83A097095449
:102CB0000354AB555468586A708A27787567CD9E5F
:102CC0007453A25B1A8150860690184E454EC74E2B
:102CD000114FCA533854AE5B135F256051653D6791
:102CE000426C726CE36C78700374767AAE7A087B0F
:102CF0001A7DFE7C667DE7655B72BB53455CE85DD3
:102D0000D262E0621963206E5A86318ADD8DF892B4
:102D1000016FA6795A9BA84EAB4EAC4E9B4FA04F6D
:102D2000D1504751F67A7151F651545321537F5384
:102D3000EB53AC558358E15C375F4A5F2F605060BE
:102D40006D601F6359654B6AC16CC272ED72EF779B
:102D5000F880058108824E85F790E193FF97579997
:102D60005A9AF04EDD512D5C81666D69405CF266C9
:102D7000756989735068817CC550E4524757FE5D80
:102D80002693A465236B3D6B34748179BD794B7BAD
:102D9000CA7DB982CC837F885F89398BD18FD191ED
:102DA0001F5480925D4E3650E5533A53D772967356
:102DB000E977E682AF8EC699C899D29977511A61A0
:102DC0005E86B0557A7A7650D35B47908596324EC0
:102DD000DB6AE791515C485C98639F7A936C7497C7
:102DE000618FAA7A8A718896827C1768707E516892
:102DF0006C93F2521B54AB85138AA47FCD8EE19065
:102E0000665388884179C24FBE5011524451535580
:102E10002D57EA738B575159625F845F75607661F5
:102E20006761A961B2633A646C656F664268136E4C
:102E300066753D7AFB7C4C7D997D4B7E6B7F0E8366
:102E40004A83CD86088A638A668BFD8E1A988F9D89
:102E5000B882CE8FE89B87521F628364C06F9996B9
:102E600041689150206B7A6C546F747A507D408821
:102E7000238A0867F64E3950265065507C513852E7
:102E80006352A7550F570558CC5AFA5EB261F861E4
:102E9000F36272631C69296A7D72AC722E731478B6
:102EA0006F78797D0C77A9808B89198BE28CD28E13
:102EB000639075937A965598139A789E43519F53D1
:102EC000B3537B5E265F1B6E906E8473FE73437DEF
:102ED0003782008AFA8A50964E4E0B50E4537C5447
:102EE000FA56D159645BF15DAB5E275F3862456588
:102EF000AF67566ED072CA7CB488A180E180F0833F
:102F00004E86878AE88D3792C7966798139F944EAE
:102F1000924E0D4F485349543E542F5A8C5FA15F37
:102F20009F60A7688E6A5A7481789E8AA48A778B7C
:102F300090915E4EC99BA44E7C4FAF4F19501650D6
:102F400049516C519F52B952FE529A53E353115456
:102F50000E5489555157A2577D59545B5D5B8F5B69
:102F6000E55DE75DF75D785E835E9A5EB75E185F4C
:102F700052604C619762D862A7633B650266436604
:102F8000F4666D6721689768CB695F6C2A6D696D1F
:102F90002F6E9D6E327587766C783F7AE07C057D6A
:102FA000187D5E7DB17D15800380AF80B180548136
:102FB0008F812A8252834C8861881B8BA28CFC8C67
:102FC000CA90759171923F78FC92A4954D960598A0
:102FD0009999D89A3B9D5B52AB52F7530854D558F8
:102FE000F762E06F6A8C5F8FB99E4B513B524A5437
:102FF000FD56407A7791609DD29E4473096F70812F
:103000001175FD5FDA60A89ADB72BC8F646B039860
:10301000CA4EF0566457BE585A5A6860C7610F6668
:1030200006663968B168F76DD5753A7D6E82429B48
:103030009B4E504FC95306556F5DE65DEE5DFB67D5
:10304000996C73740278508A9693DF885057A75E04
:103050002B63B550AC508D510067C9545E58BB59B5
:10306000B05B695F4D62A1633D68736B086E7D70F4
:10307000C7918072157826786D798E65307DDC83F6
:10308000C188098F9B966452285750676A7FA18C2C
:10309000B45142572A963A588A69B480B2540E5DA8
:1030A000FC579578FA9D5C4F4A528B543E642866D3
:1030B0001467F567847A567B227D2F935C68AD9BFD
:1030C000397B19538A513752DF5BF662AE64E6648E
:1030D0002D67BA6BA985D1969076D69B4C630693E3
:1030E000AB9BBF765266094E9850C253715CE86044
:1030F000926463655F68E671CA732375977B827E0D
:103100009586838BDB8C78911099AC65AB668B6B65
:10311000D54ED44E3A4F7F4F3A52F853F253E355BF
:10312000DB56EB58CB59C959FF59505B4D5C025ED9
:103130002B5ED75F1D6007632F655C5BAF65BD6568
:10314000E8659D67626B7B6B0F6C45734979C1794C
:10315000F87C197D2B7DA2800281F38196895E8A9D
:10316000698A668A8C8AEE8AC78CDC8CCC96FC983D
:103170006F6B8B4E3C4F8D4F5051575BFA5B4861E4
:1031800001634266216BCB6EBB6C3E72BD74D4751D
:10319000C1783A790C803380EA8194849E8F506C98
:1031A0007F9E0F5F588B2B9DFA7AF88E8D5BEB9686
:1031B000034EF153F7573159C95AA45B89607F6EAA
:1031C000066FBE75EA8C9F5B0085E07B7250F467EA
:1031D0009D82615C4A851E7E0E829951045C686303
:1031E000668D9C656E713E79177D05801D8BCA8E3C
:1031F0006E90C786AA901F50FA523A5C53677C7053
:1032000035724C91C8912B93E582C25B315FF960B6
:103210003B4ED653885B4B6231678A6BE972E07331
:103220002E7A6B81A38D529196991251D7536A547D
:10323000FF5B8863396AAC7D0097DA56CE536854D9
:10324000975B315CDE5DEE4F0161FE62326DC079ED
:10325000CB79427D4D7ED27FED811F82908446885E
:103260007289908B748E2F8F31904B916C91C69692
:103270009C91C04E4F4F45514153935F0E62D467AE
:10328000416C0B6E6373267ECD918392D453195992
:10329000BF5BD16D5D792E7E9B7C7E589F71FA510C
:1032A0005388F08FCA4FFB5C2566AC77E37A1C82AB
:1032B000FF99C651AA5FEC656F69896BF36D966ED5
:1032C000646FFE76147DE15D759087910698E651F6
:1032D0001D5240629166D9661A6EB65ED27D727FCB
:1032E000F866AF85F785F88AA952D95373598F5E6E
:1032F000905F5560E4926496B7501F51DD522053A1
:103300004753EC53E8544655315517566859BE5942
:103310003C5AB55B065C0F5C115C1A5C845E8A5E8D
:10332000E05E705F7F628462DB628C637763076656
:103330000C662D6676667E67A2681F6A356ABC6C6D
:10334000886D096E586E3C7126716771C77501777B
:103350005D7801796579F079E07A117BA77C397D18
:103360009680D6838B8449855D88F3881F8A3C8A42
:10337000548A738A618CDE8CA49166927E93189431
:103380009C9698970A4E084E1E4E574E9751705273
:10339000CE573458CC58225B385EC560FE646167F6
:1033A0005667446DB6727375637AB884728BB89140
:1033B00020933156F457FE98ED620D69966BED71CE
:1033C000547E77807282E689DF985587B18F3B5CA7
:1033D000384FE14FB54F0755205ADD5BE95BC35FBE
:1033E0004E612F63B0654B66EE689B69786DF16D39
:1033F0003375B9751F775E79E679337DE381AF82E6
:10340000AA85AA893A8AAB8E9B8F3290DD91079765
:10341000BA4EC14E03527558EC580B5C1A753D5CA0
:103420004E810A8AC58F63966D97257BCF8A08984F
:103430006291F356A853179039548257255EA863BA
:10344000346C8A7061778B7CE07F708842905491F5
:10345000109318938F965E74C49A075D695D7065CA
:10346000A267A88DDB966E6349671969C5831798B3
:10347000C096FE88846F7A64F85B164E2C705D757A
:103480002F66C4513652E252D359815F27601062D1
:103490003F6574651F667466F2681668636B056E37
:1034A00072721F75DB76BE7C5680F058FD887F896E
:1034B000A08A938ACB8A1D909291529759978965D9
:1034C0000E7A0681BB962D5EDC601A62A5651466D5
:1034D0009067F3774D7A4D7C3E7E0A81AC8C648D8B
:1034E000E18D5F8EA9780752D962A5634264986224
:1034F0002D8A837AC07BAC8AEA96767D0C824987D6
:10350000D94E485143536053A35B025C165CDD5DAA
:1035100026624762B06413683468C96C456D176DE4
:10352000D3675C6F4E717D71CB657F7AAD7BDA7D41
:103530004A7EA87F7A811B823982A6856E8ACE8CCC
:10354000F58D78907790AD9291928395AE9B4D5288
:103550008455386F367168518579557EB381CE7C3C
:103560004C565158A85CAA63FE66FD665A69D9722A
:103570008F758E750E795679DF79977C207D447D25
:103580000786348A3B966190209FE7507552CC5352
:10359000E2530950AA55EE584F593D728B5B645C5B
:1035A0001D53E360F3605C6383633F63BB63CD647F
:1035B000E965F966E35DCD69FD69156FE571894ED1
:1035C000E975F876937ADF7CCF7D9C7D61804983B5
:1035D00058836C84BC84FB85C588708D01906D9088
:1035E00097931C97129ACF5097588E61D381358547
:1035F000088D2090C34F7450475273536F604963D6
:103600005F672C6EB38D1F90D74F5E5CCA8CCF6501
:103610009A7D525396887651C363585B6B5B0A5C04
:103620000D6451675C90D64E1A592A59706C518AB4
:103630003E551558A559F0605362C16735825569EA
:103640004096C499289A534F0658FE5B1080B15C8F
:103650002F5E855F20604B613462FF66F06CDE6E2A
:10366000CE807F81D4828B88B88C00902E908A96F1
:10367000DB9EDB9BE34EF05327592C7B8D914C98BE
:10368000F99DDD6E277053534455855B58629E62E9
:10369000D362A26CEF6F2274178A3894C16FFE8ACE
:1036A0003883E751F886EA53E953464F5490B08F78
:1036B0006A593181FD5DEA7ABF8FDA68378CF8721A
:1036C000489C3D6AB08A394E585306566657C562C3
:1036D000A263E6654E6BE16D5B6EAD70ED77EF7AE0
:1036E000AA7BBB7D3D80C680CB86958A5B93E356E3
:1036F000C7583E5FAD659666806AB56B3775C78AF9
:103700002450E57730571B5F65607A66606CF4750E
:103710001A7A6E7FF48118874590B399C97B5C75DE
:10372000F97A517BC4841090E979927A3683E15A10
:1037300040772D4EF24E995BE05FBD623C66F167CB
:10374000E86C6B8677883B8A4E91F392D099176A22
:1037500026702A73E7825784AF8C014E4651CB51B5
:103760008B55F55B165E335E815E145F355F6B5F74
:10377000B45FF2611163A2661D676E6F52723A7593
:103780003A777480398178817687BF8ADC8A858D23
:10379000F38D9A9277950298E59CC5525763F4761B
:1037A0001567886CCD73C38CAE937396256D9C584A
:1037B0000E69CC69FD8F9A93DB751A905A5802688E
:1037C000B463FB69434F2C6FD867BB8F2685B47DEC
:1037D00054933F69706F6A57F7582C5B2C7D2A729F
:1037E0000A54E391B49DAD4E4E4F5C507550435218
:1037F0009E8C485424589A5B1D5E955EAD5EF75EC4
:103800001F5F8C60B5623A63D063AF68406C8778A5
:103810008E790B7AE07D4782028AE68A448E139085
:10382000B8902D91D8910E9FE56C5864E26475654F
:10383000F46E84761B7B6990D193BA6EF254B95FB3
:10384000A4644D8FED8F449278516B582959555C83
:10385000975EFB6D8F7E1C75BC8CE28E5B98B97099
:103860001D4FBF6BB16F3075FB964E5110543558DC
:103870005758AC59605C925F97655C67216E7B76A8
:10388000DF83ED8C1490FD904D9325783A78AA5201
:10389000A65E1F577459126012505A51AC51CD5147
:1038A00000521055545858585759955BF65C8B5D2B
:1038B000BC6095622D6471674368BC68DF68D77629
:1038C000D86D6F6E9B6D6F70C871535FD8757779C7
:1038D000497B547B527BD67C717D305263846985F1
:1038E000E4850E8A048B468C0F8E03900F901994FA
:1038F00076962D98309AD895CD50D5520C540258C2
:103900000E5CA7619E641E6DB377E57AF480048433
:1039100053908592E05C079D3F53975FB35F9C6D2A
:1039200079726377BF79E47BD26BEC72AD8A0368FE
:10393000616AF851817A34694A5CF69CEB82C55B16
:1039400049911E7078566F5CC76066658C6C5A8CA6
:10395000419013985154C7660D924859A3908551D0
:103960004D4EEA5199850E8B58707A634B9362697C
:10397000B499047E777557536069DF8EE3965D6C6A
:103980008C4E3C5C105FE98F0253D18C8980798624
:10399000FF5EE565734E655182593F5CEE97FB4EC5
:1039A0008A59CD5F8D8AE16FB0796279E75B718466
:1039B0002B73B171745EF55F7B639A64C371987CFD
:1039C000434EFC5E4B4EDC57A256A960C36F0D7D83
:1039D000FD803381BF81B28F9789A486F45D8A62AE
:1039E000AD6487897767E26C3E6D36743478465AE9
:1039F000757FAD82AC99F34FC35EDD62926357650C
:103A00006F67C3764C72CC80BA80298F4D910D5070
:103A1000F957925A856873696471FD72B78CF258D0
:103A2000E08C6A9619907F87E479E77729842F4F95
:103A300065525A53CD62CF67CA6C7D76947B957C74
:103A400036828485EB8FDD66206F06721B7EAB832A
:103A5000C199A69EFD51B17B7278B87B8780487B67
:103A6000E86A615E8C80517560756B5162928C6EF4
:103A70007A769791EA9A104F707F9C624F7BA5955A
:103A8000E99C7A565958E486BC96344F24524A53DE
:103A9000CD53DB53065E2C6491657F673E6C4E6CA4
:103AA0004872AF72ED735475417E2C82E985A98C02
:103AB000C47BC69169711298EF983D6369666A7517
:103AC000E476D0784385EE862A53515326548359A1
:103AD000875E7C5FB26049627962AB629065D46B4D
:103AE000CC6CB275AE769178D879CB7D777FA58096
:103AF000AB88B98ABB8C7F905E97DB980B6A387C69
:103B000099503E5CAE5F8767D86B357409778E7FBE
:103B10003B9FCA67177A39538B75ED9A665F9D8113
:103B2000F18398803C5FC55F6275467B3C90676817
:103B3000EB599B5A107D7E762C8BF54F6A5F196A84
:103B4000376C026FE27468796888558A798CDF5E19
:103B5000CF63C575D279D7822893F2929C84ED8683
:103B60002D9CC1546C5F8C655C6D1570A78CD38CDB
:103B70003B984F65F6740D4ED84EE0572B59665A58
:103B8000CC5BA851035E9C5E166076627765A76584
:103B90006E666E6D3672267B50819A8199825C8B3F
:103BA000A08CE68C748D1C964496AE4FAB64666B0D
:103BB0001E8261846A85E890015C5369A8987A84C2
:103BC00057850F4F6F52A95F455E0D678F797981D9
:103BD00007898689F56D175F5562B86CCF4E69729B
:103BE000929B06523B547456B358A4616E621A718C
:103BF0006E59897CDE7C1B7DF09687655E80194E50
:103C0000754F75514058635E735E0A5FC467264EF8
:103C10003D8589955B96737C0198FB50C15856761B
:103C2000A7782552A5771185867B4F500959477291
:103C3000C77BE87DBA8FD48F4D90BF4FC952295AA8
:103C4000015FAD97DD4F1782EA9203575563696BA9
:103C50002B75DC88148F427ADF52935855610A62C3
:103C6000AE66CD6B3F7CE9832350F84F0553465435
:103C7000315849599D5BF05CEF5C295D965EB162FD
:103C800067633E65B9650B67D56CE16CF970327896
:103C90002B7EDE80B3820C84EC84028712892A8A10
:103CA0004A8CA690D292FD98F39C6C9D4F4EA14EEB
:103CB0008D5056524A57A8593D5ED85FD95F3F6232
:103CC000B4661B67D067D2689251217DAA80A88113
:103CD000008B8C8CBF8C7E92329620542C9817537C
:103CE000D5505C53A858B264346767726677467AD9
:103CF000E691C352A16C866B00584C5E54592C67F8
:103D0000FB7FE151C6766964E878549BBB9ECB5734
:103D1000B95927669A67CE6BE954D969555E9C817B
:103D20009567AA9BFE67529C5D68A64EE34FC853F9
:103D3000B9622B67AB6CC48FAD4F6D7EBF9E074ED3
:103D40006261806E2B6F138573542A67459BF35D08
:103D5000957BAC5CC65B1C874A6ED184147A088163
:103D600099598D7C116C2077D952225921715F723B
:103D7000DB772797619D0B697F5A185AA5510D541F
:103D80007D540E66DF76F78F9892F49CEA595D7247
:103D9000C56E4D51C968BF7DEC7D6297BA9E78644F
:103DA000216A028384595F5BDB6B1B73F276B27D01
:103DB0001780998432512867D99EEE766267FF5248
:103DC0000599245C3B627E7CB08C4F55B6600B7DC0
:103DD000809501535F4EB6511C593A723680CE9190
:103DE000255FE2778453795F047DAC85338A8D8EBD
:103DF0005697F367AE85539409610861B96C5276A2
:103E0000ED8A388F2F55514F2A51C752CB53A55B9E
:103E10007D5EA0608261D6630967DA67676E8C6D2C
:103E20003673377331755079D588988A4A90919056
:103E3000F590C4968D871559884E594F0E4E898A34
:103E40003F8F1098AD507C5E9659B95BB85EDA63CF
:103E5000FA63C164DC664A69D8690B6DB66E947109
:103E60002875AF7A8A7F00804984C9848189218B33
:103E70000A8E65907D960A997E619162326B836CA1
:103E8000746DCC7FFC7FC06D857FBA87F8886567CD
:103E9000B1833C98F7961B6D617D3D846A91714EAC
:103EA0007553505D046BEB6FCD852D86A789295224
:103EB0000F54655C4E67A86806748374E275CF88FA
:103EC000E188CC91E29678968B5F8773CB7A4E84AB
:103ED000A06365758952416D9C6E097459756B7844
:103EE000927C8696DC7A8D9FB64F6E61C5655C8646
:103EF000864EAE4EDA50214ECC51EE5B996581680C
:103F0000BC6D1F734276AD771C7AE77C6F82D28AD4
:103F10007C90CF91759618989B52D17D2B509853D9
:103F20009767CB6DD0713374E8812A8FA396579C25
:103F30009F9E60744158996D2F7D5E98E44E364F78
:103F40008B4FB751B152BA5D1C60B2733C79D382CA
:103F50003492B796F6960A97979E629FA666746B00
:103F60001752A352C870C288C95E4B609061236F1C
:103F700049713E7CF47D6F80EE8423902C934254F3
:103F80006F9BD36A8970C28CEF8D3297B452415ABD
:103F9000CA5E045F17677C6994696A6D0F6F62720D
:103FA000FC72ED7B01807E804B87CE906D51939E9D
:103FB00084798B803293D68A2D508C54718A6A6BA7
:103FC000C48C0781D160A067F29D994E984E109CD9
:103FD0006B8AC185688500697E6E9778558100007F
:103FE000002502250C251025182514251C252C2517
:103FF000242534253C25012503250F2513251B25C4
:104000001725232533252B253B254B2520252F251B
:10401000282537253F251D253025252538254225EE
:1040200010041104120413041404150401041604EA
:104030001704180419041A041B041C041D041E048C
:104040001F0420042104220423042404250426043C
:104050002704280429042A042B042C042D042E04EC
:104060002F0400000000000000000000000000001D
:104070000000000000000000000000000000000040
:10408000300431043204330434043504510436045A
:104090003704380439043A043B043C043D043E042C
:1040A0003F044004410442044304440445044604DC
:1040B0004704480449044A044B044C044D044E048C
:1040C0004F04000091039203930394039503960316
:1040D0009703980399039A039B039C039D039E03F4
:1040E0009F03A003A103A303A403A503A603A7039F
:1040F000A803A90300000000000000000000000069
:1041000000000000B103B203B303B403B503B60368
:10411000B703B803B903BA03BB03BC03BD03BE03B3
:10412000BF03C003C103C303C403C503C603C7035E
:10413000C803C903000000000000000000000000E8
:104140000000000101010101010101010100000065
:104150000000000001010101010101010101010153
:104160000101010101010101010101010101000041
:104170000000000000010101010101010101010134
:104180000101010101010101010101010101010020
:10419000C625A125A025B325B225BD25BC253B20DC
:1041A00012309221902191219321133000000000C0
:1041B00000000000000000000000000000000000FF
:1041C000000008220B2286228722822283222A22B2
:1041D0002922000000000000000000000000000094
:1041E000000027222822AC00D221D4210022032261
:1041F0002922000000000000000000000000000074
:104200000000000000002022A52212230222072223
:10421000612252226A226B221A223D221D2235225D
:104220002B222C22000000000000000000000000F3
:1042300000002B2130206F266D266A2620202120A9
:10424000B6002C22000000000000EF2500300130F5
:1042500002300CFF0EFFFB301AFF1BFF1FFF01FF98
:104260009B309C30B40040FFA8003EFF3E203FFF43
:10427000FD30FE309D309E300330DD4E053006307F
:104280000730FC30142010200FFF3CFF1C3016209C
:104290005CFF26202520182019201C201D2008FF47
:1042A00009FF143015303BFF3DFF5BFF5DFF083019
:1042B00009300A300B300C300D300E300F3010301A
:1042C00011300BFF1222B100D700F7001DFF602252
:1042D0001CFF1EFF662267221E2234224226402631
:1042E000B000322033200321A50004FFA200A30068
:1042F00005FF03FF06FF0AFF20FFA700062605268D
:10430000CB25CF25CE25C7250A00010002000300DA
:104310000400050006000700080009000A000B0061
:104320000C000D000E000F00100000003030303087
:1043300030303030303030303030303020202020BD
:1043400020202020202020202020202000000000ED
:10435000000000000000000000000000000000005D
:10436000000000000000000000000000000000004D
:1043700000000000000000000000000010111213F7
:10438000141516171819000000000000001A1B1C55
:104390001D1E1F00000000000000000000000000C3
:1043A000000000000000000000000000001A1B1CBC
:1043B0001D1E1F00000000000000000000000000A3
:1043C00000000000000000000000000000000000ED
:1043D00000000000000000000000000000000000DD
:1043E00000000000000000000000000000000000CD
:1043F00000000000000000000000000000000000BD
:1044000000000000000000000000000000000000AC
:10441000000000000000000000000000000000009C
:10442000000000000000000000000000000000008C
:10443000000000000000000000000000000000007C
:10444000000000000000000000000000000000006C
:104450001F001C2000000000142100000200162490
:1044600000000000142500000200152800000000D4
:10447000112900000000142A00000000182B000081
:104480000000142C00000000102D00000000142E6D
:10449000000001000C3000000900143A0000010087
:1044A000183C00000200143F00000100034100001E
:1044B0001900155B00000000145C00000000115D95
:1044C00000000000175E000000000F5F0000000009
:1044D000176000000000036100001900157B000058
:1044E0000000187C00000000117D00000000187E14
:1044F00000000000007F000020001CA00000000061
:1045000014A10000000016A20000030019A600007C
:10451000000014A70000000017A80000000019A95F
:104520000000000006AA0000000013AB000000001D
:1045300018AC0000000001AD0000000019AE000042
:10454000000017AF0000000019B00000000018B113
:10455000000000000EB20000010017B400000000CF
:1045600003B50000000014B60000010017B80000F9
:1045700000000EB90000000006BA0000000012BBE7
:10458000000000000EBC0000020014BF000000008C
:1045900003C00000160018D70000000003D8000078
:1045A000060004DF0000000003E00000160018F71A
:1045B0000000000003F800003F0004380100000084
:1045C000033901000F00044901000000034A010003
:1045D0004200048D01000000038E01000C00049BCA
:1045E00001000000039C01000D0004AA010001006D
:1045F00003AC01000D0004BA0100000006BB01007D
:10460000000003BC0100010004BE0100000003BF64
:104610000100000006C00100030003C40100000007
:1046200007C50100000003C60100010007C8010022
:10463000000003C90100010007CB0100000003CC0A
:104640000100230004F00100000003F1010000005C
:1046500007F20100000003F301002D000421020015
:104660000000032202001100043402000500033A96
:1046700002001A0004550200000003560200010067
:10468000045802000000035902000000045A02000E
:104690000000035B02000100045D020002000360F1
:1046A0000200010004620200000003630200000037
:1046B00004640200000003650200010004670200B8
:1046C0000000036802000400046D02000100036F93
:1046D00002000000047002000000037102000100EB
:1046E000047302000100037502000000047602005A
:1046F0000600037D02000000047E0200010003802A
:104700000200000004810200000003820200010098
:10471000048402000200038702000500048D0200E9
:1047200004000392020000000493020000000694BB
:1047300002000000049502000700039D0200010032
:10474000049F0200100005B00200110017C2020011
:10475000030005C602000B0017D202000D0005E0A1
:104760000200040017E50200060005EC020000004C
:1047700017ED0200000005EE0200000017EF020036
:1047800010000B0003006F000370030003000574AA
:10479000030000001775030000000376030001000A
:1047A000057A03000000037B03000200147E03006F
:1047B0000000037F0300000017840300010003864C
:1047C00003000000148703000000038803000200B8
:1047D000038C03000000038E03000100049003001B
:1047E000000003910300100003A303000C0004B0B9
:1047F0000300000003B10300200008D20300020000
:1048000003D50300200018F60300000003F703009F
:10481000040004FC0300000003FD0300840019826F
:10482000040000000B83040004000A880400010057
:10483000038A0400A5000331050025000559050081
:104840000000145A05000500046005000000036123
:1048500005002500048705000100148905000000FB
:10486000108A05000000198D05000100168F050053
:1048700000000B9105002C0010BE050000000BBFCE
:104880000500000014C0050000000BC10500010078
:1048900014C3050000000BC40500010014C6050088
:1048A00000000BC70500000006D005001A0006EF47
:1048B0000500030014F305000100010006000500D7
:1048C000180606000200140906000100160B060077
:1048D0000000140C06000100190E060001000B1068
:1048E00006000A00141B06000000011C0600000060
:1048F000141D06000200062006001F0005400600E9
:1049000000000641060009000B4B060014000C6075
:1049100006000900146A06000300066E0600010086
:104920000B700600000006710600620014D4060039
:10493000000006D5060000000BD60600060001DDCB
:104940000600000019DE060000000BDF060005006F
:1049500005E5060001000BE70600010019E9060065
:1049600000000BEA0600030006EE060001000CF052
:104970000600090006FA0600020019FD0600010003
:1049800006FF06000000140007000D00010F0700DD
:1049900000000610070000000B11070000000612BF
:1049A00007001D000B3007001A00064D07005800D5
:1049B0000BA607000A0006B1070000000CC00700A4
:1049C000090006CA070020000BEB0700080005F4E9
:1049D0000700010019F60700000014F707000200A5
:1049E00005FA070000000BFD0700000016FE070097
:1049F00001000600080015000B1608000300051A48
:104A0000080000000B1B0800080005240800000037
:104A10000B25080002000528080000000B290800EB
:104A20000400143008000E000640080018000B595E
:104A300008000200145E08000000066008000A007A
:104A40000670080017001788080000000689080093
:104A500005000190080001000B980800070006A05F
:104A60000800280005C9080000000BCA080017004C
:104A700001E2080000000BE308001F000903090021
:104A800000000604090035000B3A09000000093B4C
:104A9000090000000B3C09000000063D0900000071
:104AA000093E090002000B410900070009490900FD
:104AB00003000B4D09000000094E090001000650DB
:104AC000090000000B510900060006580900090002
:104AD0000B62090001001464090001000C66090062
:104AE0000900147009000000057109000000067239
:104AF00009000E000B810900000009820900010075
:104B0000068509000700068F0900010006930900C9
:104B1000150006AA0900060006B20900000006B644
:104B2000090003000BBC0900000006BD09000000DD
:104B300009BE090002000BC10900030009C70900F2
:104B4000010009CB090001000BCD0900000006CED1
:104B50000900000009D70900000006DC0900010077
:104B600006DF090002000BE2090001000CE6090063
:104B7000090006F00900010016F2090001000EF418
:104B80000900050019FA0900000016FB09000000E1
:104B900006FC0900000014FD090000000BFE0900DE
:104BA00000000B010A00010009030A0000000605CD
:104BB0000A000500060F0A00010006130A0015008E
:104BC000062A0A00060006320A00010006350A001D
:104BD000010006380A0001000B3C0A000000093EF3
:104BE0000A0002000B410A0001000B470A00010005
:104BF0000B4B0A0002000B510A00000006590A0084
:104C00000300065E0A0000000C660A0009000B7033
:104C10000A00010006720A0002000B750A0000007B
:104C200014760A0000000B810A00010009830A00C3
:104C3000000006850A000800068F0A00020006939D
:104C40000A00150006AA0A00060006B20A000100C2
:104C500006B50A0004000BBC0A00000006BD0A00ED
:104C6000000009BE0A0002000BC10A0004000BC7C5
:104C70000A00010009C90A00000009CB0A0001006E
:104C80000BCD0A00000006D00A00000006E00A0072
:104C900001000BE20A0001000CE60A00090014F012
:104CA0000A00000016F10A00000006F90A000000E0
:104CB0000BFA0A0005000B010B00000009020B00B3
:104CC000010006050B000700060F0B00010006138C
:104CD0000B001500062A0B00060006320B0001002F
:104CE00006350B0004000B3C0B000000063D0B00DA
:104CF0000000093E0B0000000B3F0B0000000940C4
:104D00000B0000000B410B00030009470B000100E2
:104D1000094B0B0001000B4D0B0000000B550B0065
:104D2000010009570B000000065C0B000100065F44
:104D30000B0002000B620B0001000C660B00090067
:104D400019700B00000006710B0000000E720B00C2
:104D500005000B820B00000006830B000000068597
:104D60000B000500068E0B00020006920B000300EC
:104D700006990B000100069C0B000000069E0B002C
:104D8000010006A30B00010006A80B00020006AEFE
:104D90000B000B0009BE0B0001000BC00B00000054
:104DA00009C10B00010009C60B00020009CA0B0073
:104DB00002000BCD0B00000006D00B00000009D74D
:104DC0000B0000000CE60B0009000EF00B000200C7
:104DD00019F30B00050016F90B00000019FA0B007F
:104DE00000000B000C00000009010C0002000B0485
:104DF0000C00000006050C000700060E0C00020067
:104E000006120C001600062A0C000F000B3C0C00CA
:104E10000000063D0C0000000B3E0C0002000941A2
:104E20000C0003000B460C0002000B4A0C000300B0
:104E30000B550C00010006580C000200065D0C002A
:104E4000000006600C0001000B620C0001000C6603
:104E50000C00090014770C0000000E780C0006000E
:104E6000197F0C00000006800C0000000B810C0074
:104E7000000009820C00010014840C00000006856B
:104E80000C000700068E0C00020006920C001600B3
:104E900006AA0C00090006B50C0004000BBC0C00AF
:104EA000000006BD0C00000009BE0C0000000BBF96
:104EB0000C00000009C00C0004000BC60C00000030
:104EC00009C70C00010009CA0C0001000BCC0C0042
:104ED000010009D50C00010006DD0C00010006E010
:104EE0000C0001000BE20C0001000CE60C000900B4
:104EF00006F10C00010009F30C0000000B000D008E
:104F0000010009020D00010006040D000800060E54
:104F10000D00020006120D0028000B3B0D000100E1
:104F2000063D0D000000093E0D0002000B410D0082
:104F3000030009460D000200094A0D0002000B4D56
:104F40000D000000064E0D000000194F0D0000007E
:104F500006540D00020009570D0000000E580D0008
:104F60000600065F0D0002000B620D0001000C66DA
:104F70000D0009000E700D00080019790D000000E9
:104F8000067A0D0005000B810D00000009820D005E
:104F9000010006850D001100069A0D00170006B3EA
:104FA0000D00080006BD0D00000006C00D00060043
:104FB0000BCA0D00000009CF0D0002000BD20D003E
:104FC00002000BD60D00000009D80D0007000CE60A
:104FD0000D00090009F20D00010014F40D0000009D
:104FE00006010E002F000B310E00000006320E00ED
:104FF00001000B340E000600163F0E0000000640B4
:105000000E00050005460E0000000B470E000700CD
:10501000144F0E0000000C500E000900145A0E0030
:10502000010006810E00010006840E0000000686C5
:105030000E000400068C0E00170006A50E000000EE
:1050400006A70E0009000BB10E00000006B20E000C
:1050500001000BB40E00080006BD0E00000006C0E3
:105060000E00040005C60E0000000BC80E0006006E
:105070000CD00E00090006DC0E00030006000F0035
:10508000000019010F00020014040F000E00191394
:105090000F00000014140F00000019150F0002008B
:1050A0000B180F000100191A0F0005000C200F004B
:1050B00009000E2A0F00090019340F0000000B35FB
:1050C0000F00000019360F0000000B370F00000022
:1050D00019380F0000000B390F000000153A0F00BF
:1050E0000000113B0F000000153C0F000000113DB7
:1050F0000F000000093E0F00010006400F000700EE
:1051000006490F0023000B710F000D00097F0F00EF
:1051100000000B800F00040014850F0000000B86B8
:105120000F00010006880F0004000B8D0F000A001D
:105130000B990F00230019BE0F0007000BC60F00CC
:10514000000019C70F00050019CE0F00010014D090
:105150000F00040019D50F00030014D90F0001003F
:10516000060010002A00092B100001000B2D100072
:1051700003000931100000000B321000050009384F
:10518000100000000B3910000100093B1000010065
:105190000B3D10000100063F100000000C40100005
:1051A0000900144A100005000650100005000956B9
:1051B000100001000B5810000100065A10000300F7
:1051C0000B5E100002000661100000000962100072
:1051D0000200066510000100096710000600066E57
:1051E000100002000B7110000300067510000C0087
:1051F0000B82100000000983100001000B851000D5
:1052000001000987100005000B8D10000000068EBC
:1052100010000000098F100000000C901000090021
:10522000099A100002000B9D10000000199E10004A
:10523000010003A01000250003C71000000003CDEB
:105240001000000003D010002A0014FB1000000022
:1052500005FC1000000003FD100002000600110014
:105260004801064A120003000650120006000658C4
:1052700012000000065A1200030006601200280007
:10528000068A1200030006901200200006B21200E7
:10529000030006B81200060006C01200000006C295
:1052A0001200030006C812000E0006D812003800D3
:1052B0000612130003000618130042000B5D1300D2
:1052C00002001460130008000E691300130006802A
:1052D00013000F0019901300090003A013005500DC
:1052E00003F813000500100014000000060114006C
:1052F0006B02196D16000000146E16000000066F98
:10530000160010001C80160000000681160019000F
:10531000159B16000000119C1600000006A0160048
:105320004A0014EB160002000DEE1600020006F112
:10533000160007000600170011000B1217000200EC
:10534000091517000000061F170012000B32170086
:105350000100093417000000143517000100064051
:10536000170011000B5217000100066017000C0017
:10537000066E170002000B7217000100068017006E
:1053800033000BB41700010009B6170000000BB77B
:105390001700060009BE170007000BC61700000023
:1053A00009C7170001000BC917000A0014D4170021
:1053B000020005D71700000014D81700020016DB02
:1053C0001700000006DC170000000BDD17000000CE
:1053D0000CE0170009000EF0170009001400180077
:1053E00005001006180000001407180003000B0B3E
:1053F00018000200010E180000000B0F180000003A
:105400000C1018000900062018002200054318009F
:1054100000000644180034000680180004000B85C4
:10542000180001000687180021000BA918000000D1
:1054300006AA1800000006B0180045000600190072
:105440001E000B20190002000923190003000B277E
:105450001900010009291900020009301900010092
:105460000B32190000000933190005000B3919002F
:1054700002001940190000001444190001000C46F4
:1054800019000900065019001D00067019000400DB
:10549000068019002B0006B0190019000CD0190065
:1054A00009000EDA1900000019DE190021000600BB
:1054B0001A0016000B171A00010009191A00010042
:1054C0000B1B1A000000141E1A00010006201A000F
:1054D000340009551A0000000B561A000000095745
:1054E0001A0000000B581A0006000B601A0000009A
:1054F00009611A0000000B621A00000009631A001B
:1055000001000B651A000700096D1A0005000B73F6
:105510001A0009000B7F1A0000000C801A00090015
:105520000C901A00090014A01A00060005A71A0022
:10553000000014A81A0005000BB01A000D000ABEE6
:105540001A0000000BBF1A000F000B001B00030025
:1055500009041B00000006051B002E000B341B0075
:10556000000009351B0000000B361B000400093B3E
:105570001B0000000B3C1B000000093D1B00040049
:105580000B421B00000009431B00010006451B00E5
:1055900007000C501B000900145A1B00060019617B
:1055A0001B0009000B6B1B00080019741B0008008E
:1055B000147D1B0001000B801B00010009821B00F1
:1055C000000006831B001D0009A11B0000000BA2A8
:1055D0001B00030009A61B0001000BA81B00010013
:1055E00009AA1B0000000BAB1B00020006AE1B004B
:1055F00001000CB01B00090006BA1B002B000BE6D3
:105600001B00000009E71B0000000BE81B00010065
:1056100009EA1B0002000BED1B00000009EE1B0055
:1056200000000BEF1B00020009F21B00010014FC3C
:105630001B00030006001C00230009241C000700B7
:105640000B2C1C00070009341C0001000B361C0049
:105650000100143B1C0004000C401C000900064D16
:105660001C0002000C501C000900065A1C001D0002
:1056700005781C000500147E1C00010003801C003E
:10568000080003901C002A0003BD1C00020014C087
:105690001C0007000BD01C00020014D31C000000EB
:1056A0000BD41C000C0009E11C0000000BE21C00E4
:1056B000060006E91C0003000BED1C00000006EECE
:1056C0001C0005000BF41C00000006F51C00010086
:1056D00009F71C0000000BF81C00010006FA1C0072
:1056E000000004001D002B00052C1D003E00046B73
:1056F0001D000C0005781D00000003791D0000004E
:10570000047A1D000200037D1D000000047E1D00C0
:105710000F00038E1D000000048F1D000B00059B71
:105720001D0024000BC01D003F0003001E0095005B
:1057300004961E000400039B1E000000049C1E0033
:105740000100039E1E000000049F1E00000003A035
:105750001E00750003181F00050003201F00250010
:1057600003481F00050004501F00000003511F00E4
:10577000000004521F00000003531F0000000454E7
:105780001F00000003551F00000004561F0000000A
:1057900003571F00000003591F000000035B1F0098
:1057A0000000035D1F000000035F1F001E00038058
:1057B0001F00070007881F00070003901F00070055
:1057C00007981F00070003A01F00070007A81F007D
:1057D000070003B01F00010004B21F00000003B364
:1057E0001F00000004B41F00000004B61F000100E9
:1057F00003B81F00030007BC1F00000017BD1F00F7
:10580000000003BE1F00000017BF1F00020004C2FB
:105810001F00000003C31F00000004C41F0000009D
:1058200004C61F00010003C81F00030007CC1F00AF
:10583000000017CD1F00020003D01F00010004D29A
:105840001F00010004D61F00010003D81F00030041
:1058500017DD1F00020003E01F00010004E21F002B
:10586000020003E51F00000004E61F00010003E83A
:105870001F00040017ED1F00020004F21F000000CB
:1058800003F31F00000004F41F00000004F61F00D3
:10589000010003F81F00030007FC1F00000017FDB4
:1058A0001F0001001C0020000A00010B2000040062
:1058B000101020000500141620000100131820000D
:1058C0000000121920000000151A20000000131B10
:1058D00020000100121D20000000151E2000000005
:1058E000131F200000001420200007001A282000A9
:1058F00000001B2920000000012A200004001C2FAA
:10590000200000001430200008001339200000009F
:10591000123A20000000143B200003000F3F20003B
:105920000100144120000200184420000000154529
:1059300020000000114620000000144720000A004B
:105940001852200000001453200000000F542000C3
:1059500000001455200009001C5F200000000160B9
:10596000200004000166200009000E7020000000E5
:105970000571200000000E7420000500187A200038
:105980000200157D20000000117E20000000057F30
:10599000200000000E8020000900188A200002006C
:1059A000158D20000000118E2000000005902000C1
:1059B0000C0016A0200020000BD020000C000ADDF7
:1059C000200003000BE1200000000AE2200002009A
:1059D0000BE520000B001900210001000802210046
:1059E0000000190321000300080721000000190826
:1059F00021000100040A21000000080B2100020020
:105A0000040E2100010008102100020004132100EF
:105A100000001914210000000815210000001916CB
:105A200021000100181821000000081921000400BD
:105A3000191E21000500082421000000192521005D
:105A4000000003262100000019272100000008287B
:105A500021000000192921000000032A2100010073
:105A6000082C21000100192E21000000042F210024
:105A7000000008302100010003322100000008333B
:105A8000210000000434210000000635210003003D
:105A9000043921000000193A21000100043C2100D2
:105AA0000100083E210001001840210004000845C3
:105AB00021000000044621000300194A21000000D3
:105AC000184B21000000194C21000100034E210059
:105AD0000000194F210000000E5021000F000D6042
:105AE000210022000383210001000D852100030015
:105AF0000E8921000000198A210001001890210060
:105B00000400199521000400189A21000100199C35
:105B10002100030018A02100000019A121000100AC
:105B200018A32100000019A42100010018A62100DB
:105B3000000019A72100060018AE2100000019AFCF
:105B400021001E0018CE2100010019D02100010003
:105B500018D22100000019D32100000018D4210020
:105B6000000019D521001E0018F421000B011900B6
:105B7000230007001508230000001109230000007E
:105B8000150A23000000110B23000000190C23004C
:105B900013001820230001001922230006001529F4
:105BA00023000000112A23000000192B23005000BD
:105BB000187C23000000197D23001D00189B230082
:105BC000180019B42300270018DC2300050019E28F
:105BD00023004400194024000A000E6024003B000A
:105BE000199C24004D000EEA240015001900250020
:105BF000B60018B72500000019B82500080018C124
:105C00002500000019C22500350018F825000700FE
:105C1000190026006E00186F26000000197026007B
:105C2000F700156827000000116927000000156AB9
:105C300027000000116B27000000156C27000000F2
:105C4000116D27000000156E27000000116F27005E
:105C50000000157027000000117127000000157268
:105C600027000000117327000000157427000000B2
:105C70001175270000000E7627001D0019942700DB
:105C80002B0018C02700040015C52700000011C60E
:105C90002700000018C727001E0015E62700000097
:105CA00011E72700000015E82700000011E9270090
:105CB000000015EA2700000011EB2700000015EC9A
:105CC0002700000011ED2700000015EE270000005E
:105CD00011EF2700000018F027000F00190028001E
:105CE000FF0018002900820015832900000011849C
:105CF00029000000158529000000118629000000F8
:105D00001587290000001188290000001589290045
:105D10000000118A29000000158B29000000118C59
:105D200029000000158D29000000118E29000000B7
:105D3000158F2900000011902900000015912900FD
:105D40000000119229000000159329000000119411
:105D50002900000015952900000011962900000077
:105D600015972900000011982900000018992900B2
:105D70003E0015D82900000011D92900000015DACD
:105D80002900000011DB2900000018DC29001F0099
:105D900015FC2900000011FD2900000018FE290053
:105DA000010119002B002F0018302B001400194599
:105DB0002B00010018472B000500194D2B00260071
:105DC00019762B001F0019972B00680003002C0088
:105DD000700004712C00000003722C000100047498
:105DE0002C00000003752C00010004772C00040037
:105DF000057C2C000100037E2C00650004E42C00CF
:105E0000000019E52C00050003EB2C0003000BEF4C
:105E10002C00020003F22C00010014F92C000300F6
:105E20000EFD2C00000014FE2C00010003002D00CC
:105E3000250003272D000000032D2D000000063053
:105E40002D003700056F2D00000014702D0000009C
:105E50000B7F2D00000006802D00160006A02D00EF
:105E6000060006A82D00060006B02D00060006B8A4
:105E70002D00060006C02D00060006C82D000600F5
:105E800006D02D00060006D82D0006000BE02D00E0
:105E90001F0014002E00010013022E000000120348
:105EA0002E00000013042E00000012052E0000003A
:105EB00014062E00020013092E000000120A2E0004
:105EC0000000140B2E000000130C2E000000120D19
:105ED0002E000000140E2E00080010172E000000E7
:105EE00014182E000100101A2E000000141B2E00A2
:105EF0000000131C2E000000121D2E000000141EB6
:105F00002E00010013202E00000012212E000000A0
:105F100015222E00000011232E00000015242E0053
:105F2000000011252E00000015262E00000011276C
:105F30002E00000015282E00000011292E00000060
:105F4000142A2E000400052F2E00000014302E000D
:105F50000900103A2E000100143C2E0003001040EE
:105F60002E00000014412E00000015422E000000FB
:105F700014432E000C0019502E00010014522E0064
:105F8000020015552E00000011562E000000155776
:105F90002E00000011582E00000015592E000000A0
:105FA000115A2E000000155B2E000000115C2E001F
:105FB0000000105D2E00000019802E001900199BB2
:105FC0002E00580019002F00D50019F02F000B00EB
:105FD0001C003000000014013000020019043000E1
:105FE00000000505300000000606300000000D0727
:105FF00030000000150830000000110930000000DA
:10600000150A30000000110B30000000150C3000A4
:106010000000110D30000000150E30000000110FBF
:106020003000000015103000000011113000000099
:106030001912300001001514300000001115300055
:106040000000151630000000111730000000151870
:1060500030000000111930000000151A3000000057
:10606000111B30000000101C30000000151D300016
:106070000000111E300001001920300000000D2129
:10608000300008000B2A30000300092E3000010008
:1060900010303000000005313000040019363000A7
:1060A00001000D3830000200053B30000000063CC6
:1060B00030000000143D30000000193E30000100A7
:1060C0000641300055000B9930000100179B30004D
:1060D0000100059D30000100069F3000000010A067
:1060E0003000000006A13000590014FB3000000011
:1060F00005FC3000020006FF3000000006053100FC
:106100002A00063131005D001990310001000E9225
:106110003100030019963100090006A031001F006C
:1061200019C03100230006F031000F0019003200C1
:106130001E000E2032000900192A32001D000E48F0
:10614000320007001950320000000E5132000E00DC
:10615000196032001F000E8032000900198A3200D7
:1061600026000EB132000E0019C032003F010600B9
:106170003400BF1919C04D003F0006004E001452F4
:106180000515A00000000616A00076041990A400D2
:10619000360006D0A400270005F8A400050014FE70
:1061A000A40001000600A5000B01050CA6000000DC
:1061B000140DA60002000610A6000F000C20A60079
:1061C0000900062AA60001000340A6002D00066E65
:1061D000A60000000B6FA60000000A70A6000200D7
:1061E0001473A60000000B74A6000900147EA6001C
:1061F0000000057FA60000000380A6001B00059C90
:10620000A60001000B9EA600010006A0A600450006
:106210000DE6A60009000BF0A600010014F2A6008E
:1062200005001700A70016000517A7000800172093
:10623000A70001000322A7000D000430A700010001
:106240000332A7003D000570A70000000471A700FD
:1062500007000379A7000E000588A7000000178932
:10626000A7000100038BA7000200048EA700000016
:10627000068FA70000000390A70004000495A70064
:1062800000000396A700180004AFA700000003B0A9
:10629000A7001A0003D0A700010004D3A700000044
:1062A00004D5A700000003D6A700030005F2A7004D
:1062B000020003F5A700010006F7A700000005F89B
:1062C000A700010004FAA700000006FBA7000600D3
:1062D0000B02A80000000603A80002000B06A8009D
:1062E00000000607A80003000B0BA8000000060C26
:1062F000A80016000923A80001000B25A800010032
:106300000927A80000001928A80003000B2CA800EA
:1063100000000E30A80005001936A800010016384C
:10632000A80000001939A80000000640A8003300AA
:106330001474A80003000980A80001000682A800C8
:10634000310009B4A8000F000BC4A800010014CE4E
:10635000A80001000CD0A80009000BE0A800110063
:1063600006F2A800050014F8A800020006FBA80029
:10637000000014FCA800000006FDA80001000BFFAF
:10638000A80000000C00A9000900060AA9001B00D3
:106390000B26A9000700142EA90001000630A90051
:1063A00016000B47A9000A000952A9000100145F5A
:1063B000A90000000660A9001C000B80A9000200D3
:1063C0000983A90000000684A9002E000BB3A900D0
:1063D000000009B4A90001000BB6A900030009BA26
:1063E000A90001000BBCA900010009BEA900020020
:1063F00014C1A9000C0005CFA90000000CD0A90011
:10640000090014DEA900010006E0A90004000BE564
:10641000A900000005E6A900000006E7A9000800A1
:106420000CF0A900090006FAA90004000600AA0061
:1064300028000B29AA000500092FAA0001000B3132
:10644000AA0001000933AA0001000B35AA000100CF
:106450000640AA0002000B43AA0000000644AA005E
:1064600007000B4CAA000000094DAA0000000C50C8
:10647000AA000900145CAA0003000660AA000F002D
:106480000570AA0000000671AA0005001977AA008D
:106490000200067AAA000000097BAA0000000B7C1B
:1064A000AA000000097DAA000000067EAA003100B3
:1064B0000BB0AA00000006B1AA0000000BB2AA00AF
:1064C000020006B5AA0001000BB7AA00010006B938
:1064D000AA0004000BBEAA00010006C0AA0000002A
:1064E0000BC1AA00000006C2AA00000006DBAA0039
:1064F000010005DDAA00000014DEAA00010006E08C
:10650000AA000A0009EBAA0000000BECAA00010097
:1065100009EEAA00010014F0AA00010006F2AA0088
:10652000000005F3AA00010009F5AA0000000BF61F
:10653000AA0000000601AB0005000609AB0005003B
:106540000611AB0005000620AB0006000628AB00D4
:1065500006000430AB0022000353AB0000000454DB
:10656000AB000600175BAB000000055CAB0003004E
:106570000460AB0008000569AB000000176AAB00BF
:1065800001000370AB004F0006C0AB00220009E31E
:10659000AB0001000BE5AB00000009E6AB00010019
:1065A0000BE8AB00000009E9AB00010014EBAB0005
:1065B000000009ECAB0000000BEDAB0000000CF09C
:1065C000AB0009000600AC00A32B06B0D7001600F4
:1065D00006CBD70030000200D800FF070600F90004
:1065E0006D010670FA0069000400FB000600041348
:1065F000FB000400061DFB0000000B1EFB0000005A
:10660000061FFB0009001829FB000000062AFB00FA
:106610000C000638FB000400063EFB0000000640AC
:10662000FB0001000643FB0001000646FB006B0077
:1066300017B2FB00100006D3FB006A01113EFD00FB
:106640000000153FFD0000001940FD000F0006503E
:10665000FD003F000692FD00350019CFFD0000004F
:1066600006F0FD000B0016FCFD00000019FDFD000A
:1066700002000B00FE000F001410FE0006001517AC
:10668000FE0000001118FE0000001419FE000000BA
:106690000B20FE000F001430FE0000001031FE0041
:1066A00001000F33FE0001001535FE000000113619
:1066B000FE0000001537FE0000001138FE0000004B
:1066C0001539FE000000113AFE000000153BFE00E7
:1066D0000000113CFE000000153DFE000000113ED0
:1066E000FE000000153FFE0000001140FE0000000B
:1066F0001541FE0000001142FE0000001543FE009F
:1067000000001144FE0000001445FE000100154782
:10671000FE0000001148FE0000001449FE000300C6
:106720000F4DFE0002001450FE0002001454FE0043
:1067300003001058FE0000001559FE000000115A19
:10674000FE000000155BFE000000115CFE00000072
:10675000155DFE000000115EFE000000145FFE00EB
:1067600002001862FE0000001063FE0000001864C2
:10677000FE0002001468FE0000001669FE00000022
:10678000146AFE0001000670FE0004000676FE009A
:10679000860001FFFE0000001401FF000200160445
:1067A000FF0000001405FF0002001508FF000000B4
:1067B0001109FF000000140AFF000000180BFF0081
:1067C0000000140CFF000000100DFF000000140E6C
:1067D000FF0001000C10FF000900141AFF00010067
:1067E000181CFF000200141FFF0001000321FF001E
:1067F0001900153BFF000000143CFF000000113D94
:10680000FF000000173EFF0000000F3FFF000000E8
:106810001740FF0000000341FF001900155BFF0057
:106820000000185CFF000000115DFF000000185E12
:10683000FF000000155FFF0000001160FF00000076
:106840001461FF0000001562FF0000001163FF00EB
:1068500000001464FF0001000666FF0009000570D7
:10686000FF0000000671FF002C00059EFF000100E4
:1068700006A0FF001E0006C2FF00050006CAFF00BA
:10688000050006D2FF00050006DAFF00020016E050
:10689000FF00010018E2FF00000017E3FF00000006
:1068A00019E4FF00000016E5FF00010019E8FF00F1
:1068B000000018E9FF00030019EDFF00010001F9D5
:1068C000FF00020019FCFF000100060000010B00A0
:1068D000060D00011900062800011200063C000107
:1068E0000100063F00010E00065000010D00068069
:1068F00000017A001400010102000E0701012C00C2
:106900001937010108000D40010134000E75010125
:1069100003001979010110000E8A01010100198C90
:1069200001010200199001010C0019A001010000F1
:1069300019D001012C000BFD0101000006800201AD
:106940001C0006A0020130000BE0020100000EE175
:1069500002011A00060003011F000E2003010300BC
:10696000062D030113000D4103010000064203013F
:1069700007000D4A030100000650030125000B76B5
:1069800003010400068003011D00149F03010000A1
:1069900006A00301230006C80301070014D0030169
:1069A00000000DD103010400030004014F00065054
:1069B00004014D000CA00401090003B004012300F0
:1069C00003D8040123000600050127000630050155
:1069D0003300146F05010000037005010A00037CF9
:1069E00005010E00038C050106000394050101005A
:1069F000039705010A0003A305010E0003B3050177
:106A0000060003BB05010100060006013601064031
:106A10000701150006600701070005800701050052
:106A200005870701290005B20701080006000801D3
:106A30000500060808010000060A08012B000637B9
:106A400008010100063C08010000063F080116008D
:106A50001457080100000E580801070006600801DD
:106A600016001977080101000E790801060006805A
:106A700008011E000EA70801080006E00801120028
:106A800006F4080101000EFB0801040006000901DC
:106A900015000E1609010500141F0901000006204B
:106AA00009011900143F090100000680090137009F
:106AB0000EBC0901010006BE090101000EC009015A
:106AC0000F000ED209012D0006000A0100000B0183
:106AD0000A0102000B050A0101000B0C0A01030068
:106AE00006100A01030006150A01020006190A0130
:106AF0001C000B380A0102000B3F0A0100000E4087
:106B00000A01080014500A01080006600A011C006E
:106B10000E7D0A010100147F0A01000006800A01AF
:106B20001C000E9D0A01020006C00A01070019C8D8
:106B30000A01000006C90A011B000BE50A01010059
:106B40000EEB0A01040014F00A01060006000B0116
:106B5000350014390B01060006400B0115000E58D4
:106B60000B01070006600B0112000E780B010700F5
:106B700006800B01110014990B0103000EA90B01F3
:106B8000060006000C01480003800C01320003C01F
:106B90000C0132000EFA0C01050006000D01230065
:106BA0000B240D0103000C300D0109000E600E01D5
:106BB0001E0006800E0129000BAB0E01010010AD76
:106BC0000E01000006B00E0101000BFD0E010200D7
:106BD00006000F011C000E1D0F01090006270F0102
:106BE000000006300F0115000B460F010A000E5180
:106BF0000F01030014550F01040006700F0111006E
:106C00000B820F01030014860F01030006B00F0171
:106C100014000EC50F01060006E00F011600090062
:106C2000100100000B01100100000902100100001A
:106C30000603100134000B3810010E001447100138
:106C400006000E52100113000C66100109000B70B3
:106C5000100100000671100101000B73100101000A
:106C60000675100100000B7F10010200098210015F
:106C70000000068310012C0009B0100102000BB3C4
:106C80001001030009B7100101000BB91001010048
:106C900014BB1001010001BD1001000014BE100161
:106CA00003000BC21001000001CD1001000006D04E
:106CB000100118000CF0100109000B001101020076
:106CC0000603110123000B2711010400092C1101F7
:106CD00000000B2D110107000C36110109001440B2
:106CE00011010300064411010000094511010100D2
:106CF0000647110100000650110122000B7311011B
:106D000000001474110101000676110100000B80CF
:106D100011010100098211010000068311012F00F9
:106D200009B3110102000BB61101080009BF1101DE
:106D3000010006C11101030014C5110103000BC9B4
:106D40001101030014CD1101000009CE1101000052
:106D50000BCF110100000CD01101090006DA11015E
:106D6000000014DB1101000006DC1101000014DD3D
:106D7000110102000EE111011300060012011100C1
:106D8000061312011800092C120102000B2F120128
:106D900002000932120101000B3412010000093512
:106DA000120100000B361201010014381201050017
:106DB0000B3E12010000063F120101000B411201BF
:106DC0000000068012010600068812010000068AF3
:106DD00012010300068F12010E00069F1201090026
:106DE00014A91201000006B012012E000BDF1201DF
:106DF000000009E0120102000BE3120107000CF091
:106E0000120109000B001301010009021301010026
:106E1000060513010700060F1301010006131301F5
:106E20001500062A1301060006321301010006357B
:106E3000130104000B3B13010100063D1301000088
:106E4000093E130101000B40130100000941130129
:106E50000300094713010100094B1301020006500A
:106E600013010000095713010000065D130104001F
:106E70000962130101000B66130106000B70130178
:106E800004000600140134000935140102000B3817
:106E9000140107000940140101000B421401020013
:106EA0000945140100000B461401000006471401B7
:106EB0000300144B140104000C5014010900145A6F
:106EC00014010100145D140100000B5E14010000A8
:106ED000065F14010200068014012F0009B014019E
:106EE00002000BB31401050009B9140100000BBA2C
:106EF0001401000009BB140103000BBF14010100C1
:106F000009C1140100000BC21401010006C41401E0
:106F1000010014C61401000006C7140100000CD0C3
:106F200014010900068015012E0009AF15010200A9
:106F30000BB21501030009B8150103000BBC1501C4
:106F4000010009BE150100000BBF1501010014C1AD
:106F50001501160006D8150103000BDC1501010010
:106F6000060016012F000930160102000B3316012E
:106F70000700093B160101000B3D16010000093E08
:106F8000160100000B3F160101001441160102001A
:106F90000644160100000C50160109001460160189
:106FA0000C00068016012A000BAB1601000009AC8C
:106FB000160100000BAD1601000009AE160101001C
:106FC0000BB01601050009B6160100000BB716013B
:106FD000000006B81601000014B9160100000CC02C
:106FE00016010900060017011A000B1D1701020007
:106FF0000920170101000B221701030009261701C0
:1070000000000B27170104000C30170109000E3A8D
:1070100017010100143C17010200193F170100007D
:10702000064017010600060018012B00092C180164
:1070300002000B2F180108000938180100000B3955
:1070400018010100143B1801000003A018013F00C3
:107050000CE0180109000EEA1801080006FF1801EB
:107060000700060919010000060C190107000615A2
:10707000190101000618190117000930190105004E
:107080000937190101000B3B19010100093D1901E4
:1070900000000B3E19010000063F190100000940E5
:1070A0001901000006411901000009421901000000
:1070B0000B43190100001444190102000C5019017E
:1070C000090006A01901070006AA1901260009D126
:1070D000190102000BD4190103000BDA1901010098
:1070E00009DC190103000BE01901000006E1190198
:1070F000000014E21901000006E31901000009E490
:107100001901000006001A0100000B011A01090014
:10711000060B1A0127000B331A01050009391A0161
:107120000000063A1A0100000B3B1A010300143F4D
:107130001A0107000B471A01000006501A0100004F
:107140000B511A01050009571A0101000B591A01C8
:107150000200065C1A012D000B8A1A010C00099727
:107160001A0100000B981A010100149A1A0102007A
:10717000069D1A010000149E1A01040006B01A01AF
:10718000480014001B01090006001C010800060A43
:107190001C012400092F1C0100000B301C010600FB
:1071A0000B381C010500093E1C0100000B3F1C01AF
:1071B000000006401C01000014411C0104000C509A
:1071C0001C0109000E5A1C01120014701C01010060
:1071D00006721C011D000B921C01150009A91C015F
:1071E00000000BAA1C01060009B11C0100000BB233
:1071F0001C01010009B41C0100000BB51C010100B9
:1072000006001D01060006081D010100060B1D01F8
:1072100025000B311D0105000B3A1D0100000B3C40
:107220001D0101000B3F1D01060006461D01000067
:107230000B471D0100000C501D01090006601D01D7
:10724000050006671D010100066A1D011F00098A6D
:107250001D0104000B901D01010009931D01010097
:107260000B951D01000009961D0100000B971D01E3
:10727000000006981D0100000CA01D01090006E099
:107280001E0112000BF31E01010009F51E01010091
:1072900014F71E0101000B001F01010006021F016F
:1072A000000009031F01000006041F010C00061264
:1072B0001F01210009341F0101000B361F010400CA
:1072C000093E1F0101000B401F01000009411F0181
:1072D00000000B421F01000014431F010C000C5062
:1072E0001F01090006B01F0100000EC01F0114009D
:1072F00019D51F01070016DD1F01030019E11F0149
:10730000100014FF1F0100000600200199030D006A
:1073100024016E0014702401040006802401C300BF
:1073200006902F01600014F12F01010006003001CA
:107330002F04013034010F000B40340100000641DE
:10734000340105000B4734010E00060044014602DB
:1073500006006801380206406A011E000C606A01DE
:107360000900146E6A01010006706A014E000CC02B
:107370006A01090006D06A011D000BF06A010400D1
:1073800014F56A01000006006B012F000B306B0141
:10739000060014376B010400193C6B010300054023
:1073A0006B01030014446B01000019456B010000E0
:1073B0000C506B0109000E5B6B01060006636B014C
:1073C0001400067D6B01120003406E013F000E8029
:1073D0006E01160014976E01030006006F014A004B
:1073E0000B4F6F01000006506F01000009516F0143
:1073F00036000B8F6F01030005936F010C0005E051
:107400006F01010014E26F01000005E36F0100004D
:107410000BE46F01000009F06F010100060070012C
:10742000F71706008801D50406008D01080005F055
:10743000AF01030005F5AF01060005FDAF01010036
:107440000600B00122010632B10100000650B10170
:1074500002000655B10100000664B1010300067088
:10746000B1018B010600BC016A000670BC010C0072
:107470000680BC0108000690BC010900199CBC01F3
:1074800000000B9DBC010100149FBC01000001A085
:10749000BC0103000B00CF012D000B30CF01160003
:1074A0001950CF0173001900D001F5001900D10166
:1074B00026001929D1013B000965D10101000B67A4
:1074C000D1010200196AD1010200096DD101050044
:1074D0000173D10107000B7BD10107001983D10192
:1074E00001000B85D1010600198CD1011D000BAAEA
:1074F000D101030019AED1013C001900D2014100B5
:107500000B42D20102001945D20100000EC0D20187
:1075100013000EE0D20113001900D30156000E60D3
:10752000D30118000800D4011900041AD40119006D
:107530000834D4011900044ED40106000456D401C5
:1075400011000868D40119000482D4011900089CB4
:10755000D4010000089ED401010008A2D40100005B
:1075600008A5D401010008A9D401030008AED40184
:10757000070004B6D401030004BBD401000004BD1D
:10758000D401060004C5D4010A0008D0D4011900B2
:1075900004EAD40119000804D50101000807D50147
:1075A0000300080DD50107000816D5010600041ECA
:1075B000D50119000838D5010100083BD5010300A9
:1075C0000840D50104000846D5010000084AD5014D
:1075D00006000452D5011900086CD5011900048673
:1075E000D501190008A0D501190004BAD501190068
:1075F00008D4D501190004EED50119000808D601F8
:1076000019000422D6011900083CD60119000456BD
:10761000D60119000870D6011900048AD6011B0092
:1076200008A8D601180018C1D601000004C2D6016E
:10763000180018DBD601000004DCD601050008E2C2
:10764000D601180018FBD601000004FCD601180072
:107650001815D70100000416D7010500081CD70132
:1076600018001835D70100000436D7011800184F4C
:10767000D70100000450D70105000856D7011800B3
:10768000186FD70100000470D70118001889D701BE
:107690000000048AD70105000890D701180018A936
:1076A000D701000004AAD701180018C3D7010000B1
:1076B00004C4D701050008CAD701000004CBD701D4
:1076C00000000CCED70131001900D801FF010B00DA
:1076D000DA0136001937DA0103000B3BDA01310019
:1076E000196DDA0107000B75DA0100001976DA016D
:1076F0000D000B84DA0100001985DA0101001487FE
:10770000DA0104000B9BDA0104000BA1DA010E0080
:107710000400DF010900060ADF010000040BDF019D
:1077200013000425DF0105000B00E00106000B0833
:10773000E00110000B1BE00106000B23E00101003B
:107740000B26E00104000530E0013D000B8FE00155
:1077500000000600E1012C000B30E10106000537B6
:10776000E10106000C40E1010900064EE1010000C4
:10777000194FE10100000690E2011D000BAEE2018D
:10778000000006C0E2012B000BECE20103000CF04C
:10779000E201090016FFE201000006D0E4011A0030
:1077A00005EBE40100000BECE40103000CF0E40144
:1077B000090006E0E701060006E8E701030006ED20
:1077C000E701010006F0E7010E000600E801C40031
:1077D0000EC7E80108000BD0E80106000300E9012C
:1077E00043000B44E9010600054BE90100000C5081
:1077F000E9010900145EE90101000E71EC013A0093
:1078000019ACEC0100000EADEC01020016B0EC0169
:1078100000000EB1EC0103000E01ED012C00192E49
:10782000ED0100000E2FED010E000600EE01030039
:107830000605EE011A000621EE0101000624EE0104
:1078400000000627EE0100000629EE0109000634BB
:10785000EE0103000639EE010000063BEE010000D8
:107860000642EE0100000647EE0100000649EE0167
:107870000000064BEE010000064DEE01020006512D
:10788000EE0101000654EE0100000657EE01000073
:107890000659EE010000065BEE010000065DEE01F8
:1078A0000000065FEE0100000661EE0101000664C3
:1078B000EE0100000667EE010300066CEE01060013
:1078C0000674EE0103000679EE010300067EEE0168
:1078D00000000680EE010900068BEE01100006A1F3
:1078E000EE01020006A5EE01040006ABEE01100059
:1078F00018F0EE0101001900F0012B001930F00121
:10790000630019A0F0010E0019B1F0010E0019C1B9
:10791000F0010E0019D1F00124000E00F1010C005D
:10792000190DF101A00019E6F1011C001910F20176
:107930002B001940F20108001950F20101001960F2
:10794000F20105001900F301FA0017FBF30104002E
:107950001900F401D70219DCF601100019F0F60144
:107960000C001900F7017600197BF7015E0019E0A1
:10797000F7010B0019F0F70100001900F8010B00E6
:107980001910F80137001950F80109001960F801C1
:1079900027001990F8011D0019B0F8010100190025
:1079A000F90153011960FA010D001970FA010C0078
:1079B0001980FA0108001990FA012D0019BFFA0187
:1079C000060019CEFA010D0019E0FA01080019F0BD
:1079D000FA0108001900FB0192001994FB0136001E
:1079E0000CF0FB01090006000002DFA60600A7025A
:1079F00039100640B702DD000620B802811606B035
:107A0000CE02301D0600F8021D02060000034A13D4
:107A1000065013035F100101000E00000120000E4C
:107A20005F000B00010EEF0030303030303030306E
:107A300030303030303030302020202020202020C6
:107A40002020202020202020FB21F93FFB2109407D
:107A50007CD91240FB2119407A6A1F407CD9224010
:107A6000BBFD2540FB2129403A462C407A6A2F4035
:107A70005C4731407CD932409C6B3440BBFD354083
:107A8000DB8F3740FB2139401BB43A403A463C403B
:107A90005AD83D407A6A3F404C7E40405C47414066
:107AA0006C1042407CD942408CA243409C6B4440C5
:107AB000AC344540BBFD4540CBC64640DB8F47401C
:107AC000EB584840FB21494083F9A200444E6E0028
:107AD000FC291500D1572700DD34F50062DBC0001A
:107AE0003C999500419043006351FE00BBDEAB0022
:107AF000B761C5003A6E2400D24D42004906E0004D
:107B000009EA2E001C92D100EB1DFE0029B11C00D9
:107B1000E83EA700F535820044BB2E009CE98400B6
:107B2000B4267000417E5F00D6913900538339003E
:107B30009CF439008B5F840028F9BD00F81F3B00DE
:107B4000DEFF97000F980500112FEF000A5A8B00F7
:107B50006D1F6D00CF7E360009CB2700464FB70062
:107B60009E663F002DEA5F00BA277500E5EBC7006F
:107B70003D7BF100F739070092528A00FB6BEA0067
:107B80001FB15F00085D8D00300356007BFC46008E
:107B9000F0AB6B0020BCCF0036F49A00E3A91D00C7
:107BA0005E619100081BE60085996500A0145F00E6
:107BB0008D40680080D8FF0027734D000606310015
:107BC000CA561500C9A873007BE260006B8CC00028
:107BD00000000040FB21F93F000000002D44743EEE
:107BE000000000809846F83C0000006051CC783BD3
:107BF00000000080831BF0390000004020257A3807
:107C0000000000802282E336000000001DF3693589
:107C10000200000003000000040000000600000055
:107C20003E410C4111412741364103410641154176
:107C30000F410E41264113412941024119410A4198
:107C40000B4100001000000000000000017A52000B
:107C5000027C0E011B0C0D00140000001800000037
:107C6000EC44FEFFEC00000000024D0A430B000054
:107C700000000000F8B500BFF8BC08BC9E46704785
:107C8000F8B500BFF8BC08BC9E46704715C300009D
:107C9000D50400008D340000CD580000A1860000FE
:107CA00085A50000B1040000AB8600008FA5000090
:107CB000E5AE000029B10000000000000000000057
:087CC0003088FD7F0100000087
:107CD00000000000806514068065140680651406A7
:107CE0006019850180651406806514068065140698
:107CF0008C080020797A6166706E756D006B4D4757
:107D00005450455A5900000054F401000A0A4553E2
:107D1000432D46534D3E200054F401000000005016
:107D200054F401002AED00E029ED00E038ED00E018
:107D300028ED00E034ED00E028ED00E02CED00E05F
:107D400008E000E00CED00E054F401000000000049
:107D50008065140600000000000000000300000021
:107D6000185E00209800002000000000185E00202F
:107D7000805E0020E85E002000000000000000009F
:107D800000000000000000000000000000000000F3
:107D900000000000000000000000000000000000E3
:107DA00000000000000000000000000000000000D3
:107DB00000000000000000000000000000000000C3
:107DC00000000000000000000000000000000000B3
:107DD00000000000000000000000000000000000A3
:107DE0000000000000000000000000000000000093
:107DF0000000000000000000000000000000000083
:107E000001000000000000000E33CDAB34126DE61F
:107E1000ECDE05000B000000000000000000000088
:107E20000000000000000000000000000000000052
:107E30000000000000000000000000000000000042
:107E40000000000000000000000000000000000032
:107E50000000000000000000000000000000000022
:107E60000000000000000000000000000000000012
:107E70000000000000000000000000000000000002
:107E800000000000000000000000000000000000F2
:107E900000000000000000000000000000000000E2
:107EA0000000000000000000705F0020FFFFFFFFE7
:107EB00000000200000000000000000000000000C0
:107EC000E8010020E8010020F0010020F00100207E
:107ED000F8010020F801002000020020000200202C
:107EE00008020020080200201002002010020020DA
:107EF000180200201802002020020020200200208A
:107F00002802002028020020300200203002002039
:107F100038020020380200204002002040020020E9
:107F20004802002048020020500200205002002099
:107F30005802002058020020600200206002002049
:107F400068020020680200207002002070020020F9
:107F500078020020780200208002002080020020A9
:107F60008802002088020020900200209002002059
:107F70009802002098020020A0020020A002002009
:107F8000A8020020A8020020B0020020B0020020B9
:107F9000B8020020B8020020C0020020C002002069
:107FA000C8020020C8020020D0020020D002002019
:107FB000D8020020D8020020E0020020E0020020C9
:107FC000E8020020E8020020F0020020F002002079
:107FD000F8020020F8020020000300200003002027
:107FE00008030020080300201003002010030020D5
:107FF0001803002018030020200300202003002085
:108000002803002028030020300300203003002034
:1080100038030020380300204003002040030020E4
:108020004803002048030020500300205003002094
:108030005803002058030020600300206003002044
:1080400068030020680300207003002070030020F4
:1080500078030020780300208003002080030020A4
:108060008803002088030020900300209003002054
:108070009803002098030020A0030020A003002004
:10808000A8030020A8030020B0030020B0030020B4
:10809000B8030020B8030020C0030020C003002064
:1080A000C8030020C8030020D0030020D003002014
:1080B000D8030020D8030020E0030020E0030020C4
:1080C000E8030020E8030020F0030020F003002074
:1080D000F8030020F8030020000400200004002022
:1080E00008040020080400201004002010040020D0
:1080F0001804002018040020200400202004002080
:10810000280400202804002030040020300400202F
:1081100038040020380400204004002040040020DF
:10812000480400204804002050040020500400208F
:10813000580400205804002060040020600400203F
:1081400068040020680400207004002070040020EF
:10815000780400207804002080040020800400209F
:10816000880400208804002090040020900400204F
:108170009804002098040020A0040020A0040020FF
:10818000A8040020A8040020B0040020B0040020AF
:10819000B8040020B8040020C0040020C00400205F
:1081A000C8040020C8040020D0040020D00400200F
:1081B000D8040020D8040020E0040020E0040020BF
:1081C000E8040020E8040020F0040020F00400206F
:1081D000F8040020F804002000050020000500201D
:1081E00008050020080500201005002010050020CB
:1081F000180500201805002020050020200500207B
:10820000280500202805002030050020300500202A
:1082100038050020380500204005002040050020DA
:10822000480500204805002050050020500500208A
:10823000580500205805002060050020600500203A
:1082400068050020680500207005002070050020EA
:10825000780500207805002080050020800500209A
:10826000880500208805002090050020900500204A
:108270009805002098050020A0050020A0050020FA
:10828000A8050020A8050020B0050020B0050020AA
:10829000B8050020B8050020C0050020C00500205A
:1082A000C8050020C8050020D0050020D00500200A
:1082B000D8050020D8050020E0050020E0050020BA
:1082C000430000000000000000000000000000006B
:1082D000000000000000000000000000000000009E
:1082E000000000000000000000000000000000008E
:1082F000000000000000000000000000000000007E
:10830000000000000000000000000000000000006D
:10831000000000000000000000000000000000005D
:10832000000000000000000000000000000000004D
:10833000000000000000000000000000000000003D
:10834000000000000000000000000000000000002D
:10835000000000000000000000000000000000001D
:10836000000000000000000000000000000000000D
:1083700000000000000000000000000000000000FD
:1083800000000000000000000000000000000000ED
:1083900000000000000000000000000000000000DD
:1083A000000000000000000043000000000000008A
:1083B00000000000000000000000000000000000BD
:1083C000000000000000000043000000000000006A
:1083D000000000000000000000000000000000009D
:1083E000000000000000000043000000000000004A
:1083F000000000000000000000000000000000007D
:108400000000000000000000430000000000000029
:10841000000000000000000000000000000000005C
:108420000000000000000000430000000000000009
:10843000000000000000000000000000000000003C
:1084400000000000000000004300000000000000E9
:10845000000000000000000000000000000000001C
:1084600000000000000000004300000000000000C9
:1084700000000000000000000000000000000000FC
:1084800000000000000000006D4C0100D925010033
:1084900000000000D005020018080200A809020030
:1084A000A8090200A8090200A8090200A809020000
:1084B000A8090200A8090200A8090200A8090200F0
:1084C000FFFFFFFFFFFFFFFFFFFFFFFFFFFF0000BA
:1084D0000100415343494900000000000000000032
:1084E000000000000000000000000000000000008C
:1084F0000000415343494900000000000000000013
:10850000000000000000000000000000000000006B
:108510000000000043000000000000000000000018
:10852000000000000000000000000000000000004B
:10853000000000000000000000000000000000003B
:040000030000019167
:00000001FF
