:1000000000000120910100007F0300006105000055
:100010008303000073050000850500000000000058
:100020000000000000000000000000008903000044
:100030008B030000000000008D0300008F03000010
:100040009103000093030000950300009703000054
:10005000990300009B0300009D0300009F03000024
:10006000A1030000A3030000A5030000A7030000F4
:10007000A9030000AB030000AD030000AF030000C4
:10008000B1030000B3030000B5030000B703000094
:10009000B9030000BB030000BD030000BF03000064
:1000A000C1030000C3030000C5030000C703000034
:1000B000C9030000CB030000CD030000CF03000004
:1000C000D1030000D3030000D5030000D7030000D4
:1000D000D9030000DB030000DD030000DF030000A4
:1000E000E1030000E3030000E5030000E703000074
:1000F000E9030000EB030000ED030000EF03000044
:10010000F1030000F3030000F5030000F703000013
:10011000F9030000FB030000FD030000FF030000E3
:1001200001040000030400000504000007040000AF
:10013000090400000B0400000D0400000F0400007F
:10014000110400001304000015040000170400004F
:10015000190400001B0400001D0400001F0400001F
:1001600021040000230400002504000027040000EF
:10017000290400002B0400002D0400002F040000BF
:100180003104000033040000000000000000000003
:100190004FF0000BDFF8BE020068DFF8B612096806
:1001A00001F0030100F01C00142801D14BF0020BF8
:1001B000002901D04BF0010BBBF1000F05D0A7487F
:1001C000A749DFF8722200F09FF8A64880470BF09D
:1001D000020ABAF1000F0CD0DFF86E02DFF86E12DF
:1001E00002680B680FB44FF000024FF0FF0302608B
:1001F0000B609D484FF000024FF00103022808D128
:10020000DFF83A120A60DFF83E120A60DFF83212B5
:100210000B60012808D1DFF82A120A60DFF82612E5
:100220000A60DFF81A120B609048002809D1904844
:100230009049914A00F030F890489149914A00F075
:100240002BF891489149924A00F026F8914892493A
:10025000DFF8E22100F058F8BBF1000F10D08F4812
:100260008F49DFF8D62100F04FF80BF0020ABAF1FF
:10027000000F05D00FBC02600B6000BFAFF3008021
:10028000DFF820020FF2030E00474FF000004FF09E
:100290000001DFF814F2FEE72DE9F841884225D08D
:1002A000B2EB010200D5FEE740EA010313F00303BD
:1002B00002D000F01DF819E04FF000039046121133
:1002C000F7D09A421CBFF0C8F0C103F10103F8D186
:1002D00008F00F08B8F1000F08D004780C7000F196
:1002E000010001F10101B8F10108F6D1BDE8F88182
:1002F00008B54FF0000303780B7000F1010001F125
:100300000101013AF7D108BD884237D000F0030659
:10031000002E14D04FF00405A5EB06044FF008079B
:1003200007FB06F8914669FA08F9002C07D080F817
:10033000009069FA07F900F10100013CF5E74FF080
:1003400000060F46091A88460911914614461546BB
:10035000B14206D018BFA0E8340206F10106B1424E
:10036000F8D108F00F08B8F1000F07D002704FEA7B
:10037000322200F10100B8F10108F4E77047FEE70E
:10038000FEE7FEE7FEE7FEE7FEE7FEE7FEE7FEE745
:10039000FEE7FEE7FEE7FEE7FEE7FEE7FEE7FEE735
:1003A000FEE7FEE7FEE7FEE7FEE7FEE7FEE7FEE725
:1003B000FEE7FEE7FEE7FEE7FEE7FEE7FEE7FEE715
:1003C000FEE7FEE7FEE7FEE7FEE7FEE7FEE7FEE705
:1003D000FEE7FEE7FEE7FEE7FEE7FEE7FEE7FEE7F5
:1003E000FEE7FEE7FEE7FEE7FEE7FEE7FEE7FEE7E5
:1003F000FEE7FEE7FEE7FEE7FEE7FEE7FEE7FEE7D5
:10040000FEE7FEE7FEE7FEE7FEE7FEE7FEE7FEE7C4
:10041000FEE7FEE7FEE7FEE7FEE7FEE7FEE7FEE7B4
:10042000FEE7FEE7FEE7FEE7FEE7FEE7FEE7FEE7A4
:10043000FEE7FEE7704700000000A2A2A2A2008033
:100440000340088003401080034030800340348024
:1004500003403880034018080240000000F00020EC
:10046000000001209D0500000000000000000000C9
:10047000000000000000000090010000B004000037
:10048000B0040000E87C0200F07C020000000020C4
:100490007008002070080020106300201063002006
:1004A00000F0002001BF000091AF0000000000003C
:1004B00010B5054C237833B9044B13B10448AFF39E
:1004C00000800123237010BD700800200000000090
:1004D000647C020008B5034B1BB103490348AFF32A
:1004E000008008BD0000000074080020647C020049
:1004F000A3F5803A704700BF154B002B08BF114B86
:100500009D46FFF7F5FF00218B460F461148124A22
:10051000121A0BF02DFB0C4B002B00D098470B4B05
:10052000002B00D098470020002104000D000B484C
:100530000AF008FE0BF0E4FC200029000AF028FD78
:100540000AF006FE000008000000000000000000A5
:1005500000000000700800201063002051BF000060
:100560001EF0040F0CBFEFF30880EFF309800AF0D0
:10057000DDBB1EF0040F0CBFEFF30880EFF3098022
:100580000AF01EBC1EF0040F0CBFEFF30880EFF35F
:1005900009800AF045BC0138FDD1704780B500AF35
:1005A00000F0FAF8044B5B69034A43F400735361AB
:1005B000FFF740FF00BF80BD00ED00E080B588B0D0
:1005C00000AF314BD3F8983003F08063FB61FB69D7
:1005D000002B4ED12C4BD3F8983003F480537B6121
:1005E0007B69002B15D1294B294A1A60294B284ACF
:1005F0001A60294B264A1A60284B294A1A60294B4F
:10060000234A1A60284B224A1A60284B204A1A6053
:1006100036E0274A3B1D92E8030083E803001A4BAB
:10062000D3F89C309B0903F007033B613A1D3B69FB
:1006300013441B78FB73FB7B022B12D0022B14DCC0
:10064000002B02D0012B07D00FE000F035F8B86185
:10065000B86900F04FF813E04FF4004000F04AF89A
:100660000EE0144800F046F80AE0124800F042F8A4
:1006700006E000F021F8B861B86900F03BF8FFE748
:1006800000BF2037BD4680BD00800340040000202D
:1006900080651406080000200C00002010000020D7
:1006A0006019850114000020180000201C000020A3
:1006B000C4CC010040420F0080B483B000AF0A4BAD
:1006C000D3F8503103F004033B603B68002B02D1A8
:1006D000064B7B6001E0064B7B607B6818460C375D
:1006E000BD4680BC704700BF0080034040787D015C
:1006F00080F0FA0280B483B000AF78600C4A7B6867
:1007000013600C4A7B6813600B4A7B6813600B4BC9
:100710000B4A1A600B4A7B6813600B4A7B681360B4
:100720000A4A7B68136000BF0C37BD4680BC704727
:1007300004000020080000200C0000201000002011
:100740006019850114000020180000201C00002002
:1007500080B483B000AF0E4BD3F84C313B603B68A4
:100760004FF60202934204D03B680A4A934203D0F8
:1007700005E001237B6005E002237B6002E00023AB
:100780007B6000BF7B6818460C37BD4680BC704755
:100790000080034002F8010080B582B000AFFFF78F
:1007A000D7FF78607B68012B02D100F007F800E0EA
:1007B00000BF00BF0837BD4680BD000080B400AF59
:1007C000094BD3F89830084A43F48073C2F8983044
:1007D000054BD3F89830044A23F08063C2F8983070
:1007E00000BFBD4680BC70470080034080B483B02A
:1007F00000AF78604FF0FF3318460C37BD4680BC21
:10080000704780B584B000AFF860B9607A600BF0D3
:1008100071FB03460C221A604FF0FF331846103765
:10082000BD4680BD80B483B000AF786000BFFDE7F7
:1008300080B500AF0BF05EFB03460B221A604FF051
:10084000FF33184680BD80B483B000AF7860396054
:100850003B684FF400525A60002318460C37BD46DF
:1008600080BC704780B400AF01231846BD4680BCF1
:10087000704780B483B000AF7860012318460C370E
:10088000BD4680BC704780B582B000AF78603960EB
:100890000BF030FB034616221A604FF0FF33184668
:1008A0000837BD4680BD80B582B000AF7860396042
:1008B0000BF020FB03461F221A604FF0FF3318464F
:1008C0000837BD4680BD80B485B000AFF860B96020
:1008D0007A60002318461437BD4680BC704780B448
:1008E00085B000AFF860B9607A604FF0FF3318460A
:1008F0001437BD4680BC704780B485B000AFF86047
:10090000B9607A60002318461437BD4680BC704732
:1009100080B485B000AFF860B9607A603B600023B6
:1009200018461437BD4680BC7047000080B586B0BD
:1009300000AF78601F4B1B68002B02D11D4B1E4A75
:100940001A601C4B1B687B61EFF308833B61194BFA
:100950001B683A699A420FD9164B1A687B68134490
:100960003A699A421AD21923144A01210020FFF74A
:10097000CFFF0120FFF756FF114BFB600D4B1A68AC
:100980007B681344FA689A4208D219230D4A012160
:100990000020FFF7BDFF0120FFF744FF054B1A6859
:1009A0007B681344034A13607B6918461837BD46B9
:1009B00080BD00BF9008002010630020CCCC010057
:1009C00000F00020E8CC010080B483B000AF786074
:1009D00039603B684FF400525A60002318460C37C8
:1009E000BD4680BC704780B483B000AF78604FF0E4
:1009F000FF3318460C37BD4680BC704780B582B0C7
:100A000000AF78600BF076FA034602221A604FF0CE
:100A1000FF3318460837BD4680BD80B582B000AFB1
:100A200078600BF067FA03460A221A604FF0FF3332
:100A300018460837BD4680BD2DE9B04384B000AFED
:100A400078607B68002298469146104BD3E90023DA
:100A500002FB09F008FB03F10144A8FB02454B1916
:100A60001D460B4A4FF00003204629461AF01EFE91
:100A700002460B4613460133FB60F868FFF78BFD17
:100A800000BF1037BD46BDE8B08300BF8000002026
:100A900040420F0080B582B000AF78607B684FF4B1
:100AA0007A7202FB03F31846FFF7C6FF00BF083750
:100AB000BD4680BD80B582B000AF78607B684FF4E2
:100AC0007A7202FB03F31846FFF7E4FF00BF083712
:100AD000BD4680BD80B485B000AF786039604FF00E
:100AE000FF33FB603B68BB6012E07B681B781A46F3
:100AF000FB681B0E53400B4A52F82320FB681B0275
:100B00005340FB607B6801337B60BB68013BBB608B
:100B1000BB68002BE9D1FB68DB4318461437BD46A0
:100B200080BC7047FCCC010080B500AF304809F0B4
:100B3000EDFE304B1B6819462F4809F0E7FE2F4B9E
:100B40001B6819462E4809F0E1FE2E4B1B6819461A
:100B50002D4809F0DBFE2D4B1B6819462C4809F087
:100B6000D5FE2C4B1B6819462B4809F0CFFE2B4BAA
:100B70001B6819462A4809F0C9FE2A4B1B6819460A
:100B8000294809F0C3FE294B1B681946284809F07B
:100B9000BDFE284B1B681946274809F0B7FE274BB6
:100BA0001B681946264809F0B1FE264B1B681946FA
:100BB000254809F0ABFE254B1B681946244809F06F
:100BC000A5FE244B1B681946234809F09FFE234BC2
:100BD0001B681946224809F099FE224B1B681946EA
:100BE000214809F093FE214809F090FE00BF80BD26
:100BF000FCD001000000000014D1010090010000B1
:100C000034D10100B004000050D10100E87C0200A2
:100C100068D10100E07C02007CD10100E87C020088
:100C200094D1010000000020ACD101007008002028
:100C3000C4D1010070080020D8D101001063002049
:100C4000F0D101001063002000D2010000F000206C
:100C50001CD2010000F0002030D201000000012071
:100C60004CD201001063002060D2010070D201005C
:100C700080B584B000AFF860B9607A603B603B68D3
:100C800018687B68BA68F968984702463B681A603A
:100C90003B681B68002B02D14FF0FF3300E00023BC
:100CA00018461037BD4680BD80B586B000AFF860ED
:100CB000B9607A603B6014E0BB68102B28BF10233A
:100CC0007B613B687A687969F868FFF7D1FF034672
:100CD000002B02DA4FF0FF3307E0BA687B69D31AC2
:100CE000BB60BB68002BE7D1002318461837BD4610
:100CF00080BD000080B586B000AFF860B9607A6052
:100D00003B6000237B617B68002B0BD0BB68FA68DB
:100D100079683048FFF7C8FF0346002B02DA4FF02E
:100D2000FF3353E07A697B6813447B613B68002B97
:100D300012D03B6A002B0FD0BB68FA68396A38685A
:100D4000FFF796FF0346002B02DA4FF0FF333DE03A
:100D50007A693B6A13447B617B6A002B0BD0BB68CA
:100D6000FA68796A1C48FFF79FFF0346002B02DAF6
:100D70004FF0FF332AE07A697B6A13447B61FB6A98
:100D8000002B0BD0BB68FA68F96AB86AFFF770FFEE
:100D90000346002B02DA4FF0FF3317E07A69FB6A53
:100DA00013447B613B6B002B0BD0BB68FA68396B3B
:100DB0000848FFF779FF0346002B02DA4FF0FF33B4
:100DC00004E07A693B6B13447B617B6918461837F2
:100DD000BD4680BD74D2010088D2010080B489B0C4
:100DE00000AFF860B9607A603B600023FB610023CC
:100DF000BB6100237B61FB689B681A46BB6893421A
:100E000005D2FB689B681A46BB68D31A7B61FB68F6
:100E10005B6803F00403002B02D07B69BB6101E037
:100E20007B69FB61FB685B6803F04003002B15D016
:100E3000FA69BB6913443B61FB685B6803F0040318
:100E4000002B0CBF01230023DBB21A463B6913447D
:100E50005B08FB613A69FB69D31ABB617B68002BB5
:100E600002D07B68FA691A603B68002B02D03B68AD
:100E7000BA691A6000BF2437BD4680BC70470000C5
:100E80002DE9B04FA0B000AFC7E912017A643B640E
:100E9000D7E91223C7E91C23D7E91C231446C3F35F
:100EA0001305C7E91845D7E91C234FF000004FF0A0
:100EB0000001180D00210346C3F30A03BB66D7E9FE
:100EC0001C234FF000004FF00001D80F0021034613
:100ED000FB66BA6E40F2FF739A4209D16FF000438D
:100EE000BB65FB6EFB65D7E91823C7E91423FFE058
:100EF000D7E9182313430DD1BB6E002B0AD1002371
:100F0000BB654FF000024FF00003C7E91423FB6EEE
:100F1000FB65EDE0FB6EFB65BB6E002B21D1012371
:100F2000BB664FF000024FF00003C7E91423002313
:100F3000BB650CE0D7E918239118B9615B41FB61EF
:100F4000D7E90623C7E91823BB6E013BBB66D7E987
:100F500018234FF0000A03F4002B5AEA0B03E9D0E0
:100F600006E075A3D3E90023C7E914230023BB657A
:100F700073A3D3E90023C7E91E23D7E918234FF051
:100F800000004FF00001190341EA12511003C7E9B4
:100F9000180131E0D7E91823002B0CDAD7E9140146
:100FA000D7E91E238418BC6341EB0303FB63D7E935
:100FB0000E34C7E91434D7E91823911839615B411D
:100FC0007B61D7E90423C7E91823D7E91E23511C05
:100FD000396343F100037B634FF000024FF00003DD
:100FE000D7E90C4521464A08204629460C4642EAE4
:100FF000C4724B08C7E91E23D7E918231343C9D18C
:10100000BB6EA3F2FF33BB6629E0D7E91423911826
:10101000B9605B41FB60D7E90223C7E91423D7E934
:10102000142341498A4241498B4115D3D7E91423FE
:10103000511DB96243F10003FB624FF00A024FF009
:101040000003D7E90A011AF031FB02460B46C7E953
:101050001423BB6D0133BB65BB6E013BBB66BB6E2E
:10106000002BD2DC41E0D7E9142331498A423149CF
:101070008B4120D2D7E9144522462B464FF0000081
:101080004FF00001990041EA9271900002460B4630
:1010900012EB040843EB050918EB08033B6049EB2E
:1010A00009037B60D7E9008942464B46C7E9142310
:1010B000BB6D013BBB65D7E91423511C396243F179
:1010C00000037B624FF000024FF00003D7E90845B0
:1010D00021464A08204629460C4642EAC4724B087B
:1010E000C7E91423BB6E0133BB66BB6E002BBADBB2
:1010F0007B6C002B02D0FA6D7B6C1A603B6C002B72
:1011000004D0D7E91423396CC1E90023D7F8A03003
:10111000002B03D0BA6DD7F8A0301A6000BF80371B
:10112000BD46BDE8B08F00BF0000C16FF28623004E
:1011300000008D49FD1A07000080C6A47E8D0300C3
:1011400000406352BFC6010080B586B000AFF860B2
:10115000C7E900233A6A7B6AD31A7B610EE0D7E9BC
:1011600000014FF00A024FF000031AF09FFA024606
:101170000B46C7E900237B69013B7B617B69002B40
:10118000EDDC7B6A7B6122E0D7E900014FF00A02C7
:101190004FF000031AF08AFA13463B613B69DBB259
:1011A0003033D9B27B69013BFA6813444AB21A70F2
:1011B000D7E900014FF00A024FF000031AF076FA67
:1011C00002460B46C7E900237B69013B7B617B69D3
:1011D000002BD9D17B6A18461837BD4680BD000068
:1011E00080B590B006AFF8607A603B600B46FB724A
:1011F00000237B6100233B613B6C6FF00042934214
:1012000015D1D7E90E23134311D097F90B30662B74
:1012100007D097F90B30652B03D097F90B30672B6C
:1012200002D12F4B3B6213E02E4B3B6210E097F94B
:101230000B30662B07D097F90B30652B03D097F94D
:101240000B30672B02D1284B3B6201E0274B3B62FE
:10125000386A0AF0F9FFF8613B6B002B02D0244B8F
:101260007B6219E03B6B002B08D1FB685B6803F0E5
:101270000203002B02D01F4B7B620DE03B6B002B67
:1012800008D1FB685B6803F00103002B02D01A4B06
:101290007B6201E0194B7B62786A0AF0D5FFB86186
:1012A000FA69BB69D11807F1100307F11402F86855
:1012B000FFF794FD7A693B690493FB6903933B6AEA
:1012C000029300230193BB6900937B6A39687868B5
:1012D000FFF710FD034618462837BD4680BD00BF06
:1012E0009CD20100A0D20100A4D20100A8D201002A
:1012F000ACD20100B0D20100B4D20100B8D20100DA
:101300002DE9B0438AB000AFF860B9607A603B6005
:1013100048A3D3E90023C7E908230023FB61BB6886
:101320001B68BB617B6C002B21D0BA693E4B83FBF1
:101330000231D317C91A0B465B000B44D31ABB61A9
:10134000BB69002B02DABB690333BB613B68002B2E
:101350000DD0BB681B68002BB8BF5B427B617B690B
:10136000182B04DD7B69183BBA691344BB613B68E9
:10137000002B0AD1BB69002B02DABB690133BB61C8
:10138000BB69002BB8BF5B42BB61BA697B68134481
:101390000133FB61FB6923EAE373FB610BE0D7E9EF
:1013A00008014FF00A024FF000031AF07FF90246DD
:1013B0000B46C7E90823FB695A1EFA61002BEED1E0
:1013C000FB68D3E90001D7E90823841841EB030542
:1013D000FB68C3E90045FB68D3E9002313498A424F
:1013E00013498B4118D3FB68D3E9002312F1050898
:1013F00043F100094FF00A024FF00003404649460E
:101400001AF054F902460B46F968C1E90023BB689B
:101410001B685A1CBB681A6000BF2837BD46BDE870
:10142000B08300BFAFF30080565555550000C16F23
:10143000F28623000080E03779C3110080B5AAB09E
:1014400006AFF8607A603B600B46FB720023C7F87A
:101450008C300023C7F884300023C7F88030002385
:10146000BB6100237B610023FB670023BB67002374
:101470007B6700233B670023FB660023BB660023DA
:10148000BB6500237B6500233B650023FB7497F954
:101490000B30672B03D097F90B30472B23D1012357
:1014A0007B65FB685B6823F02002FB685A60D7F815
:1014B000A83013F1040F05DBFB68DA68D7F8A83011
:1014C0009A4208DC97F90B30672B01D1652300E0C5
:1014D0004523FB7207E097F90B30672B01D1662398
:1014E00000E04623FB7297F90B30662B03D097F987
:1014F0000B30462B01D101233B65FB68DB68002BD9
:1015000002DAFB680622DA607B6D002B06D0FB68EE
:10151000DB68002B02D1FB680122DA60D7F8983033
:10152000002B03D0AB4BC7F888301EE0D7F89830BB
:10153000002B09D1FB685B6803F00203002B03D08A
:10154000A54BC7F8883010E0D7F89830002B09D1A8
:10155000FB685B6803F00103002B03D09F4BC7F8C7
:10156000883002E09E4BC7F88830D7F888000AF030
:101570006BFE7863FB68DA68FB685B6803F0200346
:1015800007F1A80107F1A00001937B6D00933B6D6B
:10159000FFF7B6FED7E92823134324D01023C7F85A
:1015A0008C301AE0D7E928014FF00A024FF000030F
:1015B0001AF07CF8134315D1D7F88C30013BC7F8EB
:1015C0008C30D7E928014FF00A024FF000031AF0DF
:1015D0006DF802460B46C7E92823D7F88C30002B5C
:1015E000E0D100E000BF3B6D002B37D0FB685B68AB
:1015F00003F02003002B2AD00823FB6419E0D7F85E
:10160000A830022B08DDFB6C0133FB64D7F8A8304F
:10161000033BC7F8A8300CE0D7F8A830002B0FDA4E
:10162000FB6C013BFB64D7F8A8300333C7F8A83044
:1016300000BFFB6C002B04DDFB6C0F2BDFD900E03F
:1016400000BF684AFB6C134493F90030FB74D7F871
:10165000A83043EAE37301337B6623E001237B6612
:10166000FB685B6803F02003002B1BD0D7F8A82091
:101670005D4B83FB0231D317C91A0B465B000B4449
:10168000D31ABB64BB6C002B02DABB6C0333BB64A4
:101690007A6EBB6C13447B66D7F8A820BB6CD31A58
:1016A000C7F8A830FB68DA68D7F88C107B6ECB1AC5
:1016B00023EAE3739342A8BF13463B663B6D002BBE
:1016C0003CD07B6D002B39D0D7E92823C7E9102304
:1016D000D7F88C30FB630EE0FB6B013BFB63D7E973
:1016E00010014FF00A024FF0000319F0DFFF02462D
:1016F0000B46C7E910237A6E3B6E1344FA6B9A428D
:10170000EADC0EE0D7E910014FF00A024FF00003C7
:1017100019F0CCFF02460B46C7E910233B6E013B94
:101720003B663B6E002B09DDD7E910014FF00A0242
:101730004FF0000319F0BAFF1343E3D07A6E7B6BCE
:101740001A443B6E1344C7F880303B6D002B38D0F1
:101750007B6E002B06D10123FB67D7F88030013365
:10176000C7F880307A6ED7F88C309A4204DD7A6EF2
:10177000D7F88C30D31ABB67D7F8A830B3F1FF3F46
:1017800015DAFB68DB68002B11DDD7F8A830DB43E6
:101790007B67FB68DB681A467B6F934228BF134662
:1017A0007B67D7F880207B6F1344C7F8803097F9A8
:1017B0001330002B34D0D7F880300133C7F8803095
:1017C0002EE0D7F8A830002BB8BF5B42FB650023A2
:1017D000BB6516E0ACD20100B0D20100B4D201006A
:1017E000B8D201002400002056555555BB6D013379
:1017F000BB65FB6D9C4A82FB03129210DB17D31A68
:10180000FB65FB6D002BF1DCBB6D022B38BF0223A7
:10181000BB65BA6DD7F8803013440233C7F8803007
:101820003A6E7B6F1344FA68D268934217D27B6D8D
:10183000002B05D0FB685B6803F00803002B0ED07B
:10184000FB68DB681A467B6FD21A3B6ED31A3B6784
:10185000D7F880203B6F1344C7F880301AE03B6D07
:10186000002B17D03A6E7B6F1344FA68D26893420C
:1018700010D93A6E7B6F1344FA68D2689B1A3B63A7
:101880003B6BD7F88020D31AC7F880303A6E3B6B99
:10189000D31A3B667B6F002B0BD13B6F002B08D11B
:1018A0003B6E002B05DCFB685B6803F00803002B34
:1018B00006D00123BB66D7F880300133C7F88030EB
:1018C00007F1140307F11802D7F88010F868FFF742
:1018D00085FAFB685B6803F01003002B05D0BB6939
:1018E000FA6F1344FB670023BB617B6E002B0ED0A5
:1018F000D7E92823786EB96F411A07F11C000191CE
:10190000D7F88C100091FFF71FFC034600E000237E
:10191000C7F88430D7F88C20D7F88430D31AC7F8AA
:101920008C30BA6900230493D7F88430039307F10D
:101930001C030293FB6F01937B6B0093D7F88830F5
:1019400039687868FFF7D6F9F862FB6AB3F1FF3FB0
:1019500001D1FB6AF4E0FA6EFB6A1344FB660023D4
:1019600004930023039300230293BB6F019300238E
:1019700000930023002239687868FFF7BBF9F8620A
:10198000FB6AB3F1FF3F01D1FB6AD9E0FA6EFB6A53
:101990001344FB663B6E002B0CD0D7E9282307F1DC
:1019A0001C00396E0191D7F88C100091FFF7CCFB29
:1019B000034600E00023C7F88430BB6E002B14BF41
:1019C00001230023DBB21A4600230493D7F88430A6
:1019D000039307F11C0302937B6F01930092234B47
:1019E000002239687868FFF785F9F862FB6AB3F17D
:1019F000FF3F01D1FB6AA3E0FA6EFB6A1344FB666A
:101A00000023049300230393002302933B6F01936D
:101A1000002300930023002239687868FFF76AF9F1
:101A2000F862FB6AB3F1FF3F01D1FB6A88E0FA6E0E
:101A3000FB6A1344FB66BB6D002B5DD0D7F8A83062
:101A4000002BB8BF5B42BB63FB7A3B74D7F8A8306E
:101A5000002B01DA2D2300E02B237B74BB6DFB658B
:101A60000023C7F8843025E067666666BCD20100B3
:101A7000B96B354BA3FB0123DA0813469B001344D3
:101A80005B00CA1AD3B23033DAB2FB6D013B52B2FB
:101A900090333B4403F8742CFB6D013BFB65D7F896
:101AA00084300133C7F88430BB6B274AA2FB032381
:101AB000DB08BB63FB6D002BDADC07F110020023AF
:101AC0000493D7F88430039307F11C030293002397
:101AD0000193022300931346002239687868FFF7C8
:101AE00009F9F862FB6AB3F1FF3F01D1FB6A27E015
:101AF000FA6EFB6A1344FB6697F91330002B14BF90
:101B000001230023DBB21A467B690493039207F199
:101B10001303029300230193002300930023002268
:101B200039687868FFF7E6F8F862FB6AB3F1FF3FBF
:101B300001D1FB6A04E0FA6EFB6A1344FB66FB6E9C
:101B400018469037BD4680BDCDCCCCCC90B593B077
:101B500006AFF860B9603B601346FB71FB6893F910
:101B600014304C2B02D14FF0FF334DE0BB681B68A3
:101B7000073323F0070303F10801BA681160D3E9C2
:101B80000023C7E90A2307F1180107F1240207F12E
:101B9000140300930B46D7E90A01FFF771F97B693B
:101BA0006FF00042934203D1D7E90623134308D1D3
:101BB0007B696FF00042934215D1D7E906231343A6
:101BC00011D1796AD7E90623786997F9074004901B
:101BD000CDE9022300913B6C3A682146F868FFF793
:101BE000FFFA034610E0796AD7E90623786997F986
:101BF00007400490CDE9022300913B6C3A682146EE
:101C0000F868FFF71BFC034618463437BD4690BD05
:101C10002DE9B04FAAB006AFF865B9653B6513462C
:101C200087F85730FB6D1A6AFB6D5B6A1344C7F87F
:101C30008430D7F884300733DB08C7F880304FF0A2
:101C400000024FF00003C7E918234FF000024FF0E5
:101C50000003C7E91823D7F88030002B02D14FF0DA
:101C6000FF33EEE0D7F88030042B08D8BB6D19683D
:101C70000A1DBB6D1A600B68C7F88C3007E0BB6D9E
:101C800019680A1DBB6D1A600B68C7F88C30D7F84D
:101C90008C30002B0AD10023FB674FF000024FF07D
:101CA0000003C7E91C230023FB66BAE0D7F88430A1
:101CB0005A1E012303FA02F2D7F88C301340002B8E
:101CC00014BF01230023DBB2FB67FB6F002B04D0A2
:101CD000D7F88C305B42C7F88C30D7F884305A1E66
:101CE000012393405A1ED7F88C301340C7F88C302C
:101CF000D7F88C30DA17BB64FA64D7E91223C7E946
:101D00001C234FF0FF33C7F8883009E0D7F88C3038
:101D10005B10C7F88C30D7F888300133C7F88830AB
:101D2000D7F88C30002BF1D1D7F88820FB6D5B6A97
:101D3000D31AFB6609E0D7E91C23911839605B418F
:101D40007B60D7E90023C7E91C23D7E91C23B3F53F
:101D5000801FF0D3D7E9182300244FEA13554FEA28
:101D60000555D7E91C239246C3F3130B44EA0A0333
:101D70003B6445EA0B037B64D7E91034C7E91834A8
:101D8000D7E91823BA636FF31E53FB63FB6EDA17B0
:101D90003B637A633B6BC3F30A084FF0000940F2E0
:101DA000FF3318EB0303BB6249F10003FB624FF002
:101DB00000024FF00003B96A0B050022D7E90E01BB
:101DC000044614433C6219437962D7E90834C7E9F1
:101DD0001834D7E91823BA6123F00043FB61FB6F85
:101DE00000223B617A614FF000024FF00003396935
:101DF000CB070022D7E9060104461443BC6019430F
:101E0000F960D7E90234C7E91834D7E9180107F1B6
:101E1000700407F17C0207F16C0300932346FFF77F
:101E20002FF8F96FD7E91C23F86E0490CDE902234F
:101E30000091D7F8B0303A6D6621F86DFFF7FEFAE1
:101E4000034618469037BD46BDE8B08FB0B485B0A4
:101E500000AF786039603B681B68191D3A681160F3
:101E60001B68FB60FB68002B48D07B6893F914303B
:101E7000682B05D17B681B681AB2FB681A803DE0AD
:101E80007B6893F91430692B05D17B681B685AB2C3
:101E9000FB681A7032E07B6893F914306C2B05D123
:101EA0007B681B681A46FB681A6027E07B6893F919
:101EB00014306A2B08D17B681B6800221C4615462B
:101EC000FB68C3E9004519E07B6893F914307A2B6D
:101ED00004D17B681A68FB681A600FE07B6893F98D
:101EE0001430742B05D17B681B681A46FB681A6096
:101EF00004E07B681B681A46FB681A6000231846DA
:101F00001437BD46B0BC704780B58EB006AFF860E0
:101F1000B9603B601346FB710023FB6197F9073002
:101F2000632B08D1BB681B68191DBA6811601B6858
:101F30005BB2FB7403E0FB6893F91530FB74FB683C
:101F4000DB68002B02DAFB680122DA60FB68DB68E1
:101F5000012BB8BF0123BB611FE0002304930123C1
:101F6000039307F1130302930023019300230093CB
:101F700000230022B96A3868FEF7BCFE78617B69ED
:101F8000B3F1FF3F02D14FF0FF330AE0FA697B69FA
:101F90001344FB61BB69013BBB61BB69002BDCD116
:101FA000FB6918462037BD4680BD000080B58EB065
:101FB00006AFF860B9603B601346FB710023FB611C
:101FC00000237B6100233B61BB681B68191DBA6855
:101FD00011601B68BB61BB69002B01D1174BBB6152
:101FE000B8690AF031F9F861FB68DB68002B07DBA0
:101FF000FB68DB681A46FB69934228BF1346FB6106
:1020000007F1100307F11402F969F868FEF7E6FE1C
:102010007A693B690493FB690393BB6902930023CC
:102020000193002300930023B96A3868FEF762FE2B
:10203000034618462037BD4680BD00BFC0D2010010
:102040002DE9F043CBB006AF07F58876A6F582768A
:10205000306007F58870A0F584700160114607F5BF
:102060008872A2F58872136007F58873A3F20913CA
:102070000A461A700023C7F80C310023BB61002305
:102080007B610023C7F804310023C7F80031002327
:10209000C7F8FC300023C7F8F4300023C7F8F0304D
:1020A00007F58873A3F582731B685B6803F08003F0
:1020B000002B00F0EE8007F58873A3F582731B6890
:1020C00093F914306C2B10D107F58873A3F5847342
:1020D0001B681B68191D07F58872A2F584721268C7
:1020E00011601B68C7F8EC3063E007F58873A3F54F
:1020F00082731B6893F914306A2B16D107F5887325
:10210000A3F584731B681B68073323F0070303F1EF
:10211000080107F58872A2F5847212681160D3E98C
:1021200000231346C7F8EC3043E007F58873A3F5A6
:1021300082731B6893F914307A2B10D107F58873DA
:10214000A3F584731B681B68191D07F58872A2F537
:102150008472126811601B68C7F8EC3029E007F53B
:102160008873A3F582731B6893F91430742B10D114
:1021700007F58873A3F584731B681B68191D07F5A1
:102180008872A2F58472126811601B68C7F8EC307F
:102190000FE007F58873A3F584731B681B68191D8E
:1021A00007F58872A2F58472126811601B68C7F87F
:1021B000EC3007F58873A3F582731B6893F914302C
:1021C000682B04D1D7F8EC301BB2C7F8EC3007F518
:1021D0008873A3F582731B6893F91430692B04D1BB
:1021E000D7F8EC305BB2C7F8EC30D7F8EC30002B06
:1021F000B8BF5B42C7F8F83007F58873A3F5807362
:1022000000221A70D7F8EC30002B06DA07F5887335
:10221000A3F580732D221A7020E007F58873A3F5CB
:1022200082731B685B6803F00203002B06D007F57E
:102230008873A3F580732B221A700FE007F588735B
:10224000A3F582731B685B6803F00103002B05D0C4
:1022500007F58873A3F5807320221A7007F5887339
:10226000A3F5807393F90030002B00F0B2800123B6
:10227000C7F8F43007F58873A3F582731B685B68B1
:1022800043F0080207F58873A3F582731B685A6050
:102290009FE007F58873A3F582731B6893F91430E8
:1022A0006C2B10D107F58873A3F584731B681B682A
:1022B000191D07F58872A2F58472126811601B68F7
:1022C000C7F8F83063E007F58873A3F582731B68DD
:1022D00093F914306A2B16D107F58873A3F584732C
:1022E0001B681B68073323F0070303F1080107F598
:1022F0008872A2F5847212681160D3E90023134634
:10230000C7F8F83043E007F58873A3F582731B68BC
:1023100093F914307A2B10D107F58873A3F58473E1
:102320001B681B68191D07F58872A2F58472126874
:1023300011601B68C7F8F83029E007F58873A3F52A
:1023400082731B6893F91430742B10D107F58873CE
:10235000A3F584731B681B68191D07F58872A2F525
:102360008472126811601B68C7F8F8300FE007F537
:102370008873A3F584731B681B68191D07F58872A1
:10238000A2F58472126811601B68C7F8F83007F56F
:102390008873A3F582731B6893F91430682B04D1FA
:1023A000D7F8F8309BB2C7F8F83007F58873A3F573
:1023B00082731B6893F91430692B04D1D7F8F83075
:1023C000DBB2C7F8F83007F58873A3F580733022C5
:1023D0001A7007F58873A3F2091393F900306F2B75
:1023E00006D1D7F8F830002B02D00123C7F8F4301B
:1023F00007F58873A3F2091393F90030782B0FD0F7
:1024000007F58873A3F2091393F90030582B07D00E
:1024100007F58873A3F2091393F90030622B32D1C8
:1024200007F58873A3F582731B685B6803F02003CC
:10243000002B03D1D7F8F830002B0CD007F58873A8
:10244000A3F5807307F58872A2F2091212785A7008
:102450000223C7F8F43007F58873A3F582731B686D
:102460005B6803F02003002B0DD007F58873A3F5FC
:10247000807393F9013043F020035AB207F5887353
:10248000A3F580735A7007F58873A3F582731B68F0
:102490005B6803F00803002B0ED0D7F80C21D7F8A7
:1024A000F4301344C7F80C3107F11003C7F8FC30BF
:1024B000D7F8F430C7F80031D7F834310A2B50D1AF
:1024C0000023C7F8083147E0D7F8F83000229846D3
:1024D0009146AF4B03FB09F2002303FB08F31344BF
:1024E000AB4AA8FB02452B441D46C7E92C45C7E96A
:1024F0002C45D7E92C014FF000024FF00003CA0829
:1025000000231346C7F8AC30D7F8AC309B00D7F89F
:10251000AC201344C7F8A830D7F8A8305B00D7F830
:10252000F820D31AC7F8A430D7F808310133C7F818
:102530000831D7F8A430DBB23033DAB2D7F808313B
:10254000C3F1820352B203F588733B4403F8F42CC1
:10255000D7F8AC30C7F8F830D7F8F830002BB3D143
:10256000ACE0D7F83431022B07D0D7F83431082B40
:1025700003D0D7F83431102B5BD1D7F83431013B7D
:10258000C7F8C030D7F83431102B07D0D7F8343122
:10259000082B01D1032302E0012300E00423C7F844
:1025A000BC300023C7F808313EE0D7F8F820D7F850
:1025B000C0301340774AD35C87F8EB3007F5887357
:1025C000A3F2091393F90030782B0FD007F5887325
:1025D000A3F2091393F90030692B07D007F588732C
:1025E000A3F2091393F90030752B05D197F8EB305E
:1025F00043F0200387F8EB30D7F808310133C7F8F0
:102600000831D7F80831C3F1820303F588733B44DE
:1026100097F8EB2003F8F42CD7F8F820D7F8BC3063
:1026200022FA03F3C7F8F830D7F8F830002BBCD102
:1026300044E00023C7F808313CE0D7F8F830D7F879
:102640003421B3FBF2F2D7F8341101FB02F29B1AEA
:10265000504AD35C87F8EA3007F58873A3F2091370
:1026600093F90030692B07D007F58873A3F209139B
:1026700093F90030752B05D197F8EA3043F0200329
:1026800087F8EA30D7F808310133C7F80831D7F8AE
:102690000831C3F1820303F588733B4497F8EA20BD
:1026A00003F8F42CD7F8F820D7F83431B2FBF3F361
:1026B000C7F8F830D7F8F830002BBED107F588738B
:1026C000A3F582731B68DB69002B00F01C8107F502
:1026D0008873A3F582731B689B69C7F8E43007F51C
:1026E0008873A3F582731B68DB69C7F8E0300023A9
:1026F000C7F8D830D7F80831C7F8D030D7F8083144
:10270000C3F18203C7F8CC30D7F8E030013BD7F8EB
:10271000E4201344C7F8E430E6E0D7F8E030002BBB
:1027200000F08580D7F8E4301B7887F8DF3097F920
:10273000DF302D2B00F0DE8097F9DF302A2B1FD100
:1027400007F58873A3F584731B681B68191D07F5CB
:102750008872A2F58472126811601B68C7F8D830BD
:10276000D7F8D830002BC0F2C780D7F8E430013B4F
:10277000C7F8E430D7F8E030013BC7F8E03043E079
:102780000023C7F8D8300123C7F8D43023E000BFB6
:10279000CDCCCCCCD0D2010097F9DF30303B1A46FB
:1027A000D7F8D43003FB02F2D7F8D8301344C7F877
:1027B000D830D7F8D42013469B0013445B00C7F8E9
:1027C000D430D7F8E430013BC7F8E430D7F8E03034
:1027D000013BC7F8E030D7F8E030002B14D0D7F831
:1027E000E4301B7887F8DF3097F9DF30002B0BD00F
:1027F00097F9DF300133874A134493F90030DBB295
:1028000003F00403002BC7D1D7F8E030002B75D0BC
:10281000D7F8E4301B7887F8DF30D7F8E430013B95
:10282000C7F8E430D7F8E030013BC7F8E030D7F81C
:10283000D830002B54D0D7F8D830D7F8D0209A42CF
:102840005ED9D7F8CC30C7F8C830D7F8D830D7F829
:10285000D020D31AC7F8C43018E0D7F8C830013BED
:1028600007F11C01D7F8C8200A4492F9002003F5AB
:1028700088733B4403F8F42CD7F8C430013BC7F805
:10288000C430D7F8C8300133C7F8C830D7F8C430DF
:10289000002BE2D1D7F8CC30013BC7F8CC30D7F8C9
:1028A000CC20D7F8D0301A44D7F8D830D31A03F553
:1028B00088733B4497F8DF2003F8F42CD7F80831ED
:1028C0000133C7F80831D7F8F0300133C7F8F030DA
:1028D000D7F8D830D7F8D020D31AC7F8D03003E0D3
:1028E000D7F8E030002B0DD0D7F8D030002B7FF494
:1028F00014AF08E000BF06E000BF04E000BF02E044
:1029000000BF00E000BFD7F80831C7F8A03007F5D6
:102910008873A3F582731B68DB68002B07DA07F561
:102920008873A3F582731B680122DA600DE007F556
:102930008873A3F582731B685B6823F0100207F5A8
:102940008873A3F582731B685A6007F58873A3F533
:1029500082731B68DB681A46D7F8F0301344D7F847
:102960000821934238BF1346C7F80831D7F80C2125
:10297000D7F808311344C7F80C3107F1140307F1F5
:10298000180207F58871A1F58270D7F80C1100685C
:10299000FEF724FAD7F80821D7F8A030D31AC7F8E1
:1029A000043107F58873A3F582731B685B6803F035
:1029B0001003002B07D0BB69D7F804211344C7F8D4
:1029C00004310023BB61B969D7F8A030C3F1820399
:1029D00007F11C0213447A6907F58870A0F5887026
:1029E0000492D7F8A02003920293D7F80431019300
:1029F000D7F800310093D7F8FC300A46D7F83011E9
:102A00000068FEF777F90346184607F58A77BD4652
:102A1000BDE8F083EC05020080B58CB006AFF8602D
:102A2000B9603B601346FB7100237B6197F9073067
:102A30006E2B05D1B968F868FFF708FA0346DDE0A8
:102A400097F90730252B11D1002304930123039319
:102A5000FB1D029300230193002300930023002217
:102A6000396A3868FEF746F90346C7E097F9073038
:102A7000632B03D097F90730432B0AD197F907202E
:102A80003B6A00933B68B968F868FFF73DFA034674
:102A9000B4E097F90730732B0AD197F907203B6A06
:102AA00000933B68B968F868FFF780FA0346A5E031
:102AB00097F90730652B13D097F90730452B0FD0C6
:102AC00097F90730662B0BD097F90730462B07D0C4
:102AD00097F90730672B03D097F90730472B0AD1B6
:102AE00097F907203B6A00933B68B968F868FFF7DD
:102AF0002DF8034682E097F907306B2B0AD197F93E
:102B000007203B6A00933B68B968F868FFF780F8D4
:102B1000034673E097F90730702B0DD15823FB71F2
:102B2000FB6800221A75FB6828225A60FB6808229D
:102B30009A60FB680822DA6097F90730642B07D0A7
:102B400097F90730692B03D097F90730492B1CD12F
:102B5000FB685B6843F08002FB685A600A237B6174
:102B6000FB685B6823F00802FB685A6097F907303E
:102B7000692B03D097F90730492B06D1FB681B69F5
:102B8000002B02D0FB681B697B6197F90730782B1B
:102B900003D097F90730582B01D110237B6197F9A7
:102BA0000730752B03D097F90730552B08D1FB68F8
:102BB0001B69002B02D0FB681B6900E00A237B61C4
:102BC00097F907306F2B01D108237B6197F9073004
:102BD000622B01D102237B617B69012B0CD997F910
:102BE00007207B6901933B6A00933B68B968F868EA
:102BF000FFF726FA034601E04FF0FF331846183777
:102C0000BD4680BD80B59CB002AFF860B9607A6007
:102C10003B607B683B663B683B617B68002B00F058
:102C20008C8200237B617DE23B6EFB6502E0FB6DE5
:102C30000133FB65FB6D93F90030002B04D0FB6D75
:102C400093F90030252BF2D1FA6D3B6ED31AFB6459
:102C5000FB6C002B0ED007F10803FA68F96C386E94
:102C6000FEF706F80346002BC0F269827A69FB6C16
:102C700013447B61FB6D3B663B6E93F90030002B88
:102C800000F050823B6E01333B660023BB610BE0DA
:102C9000BA69BB6CA6495B1AA64951F823301343A5
:102CA000BB613B6E01333B663B6E1B7887F8673038
:102CB00097F96730002B09D097F9673019469C487F
:102CC00008F0A6FFB864BB6C002BE1D13B6E93F912
:102CD00000302A2B12D13B691A1D3A611B68FB6137
:102CE000FB69002B06DAFB695B42FB61BB6943F0C1
:102CF0000403BB613B6E01333B6628E00023FB61AC
:102D00000DE0FA6913469B0013445B001A4697F9DD
:102D100067301344303BFB613B6E01333B663B6ED7
:102D20001B7887F8673097F96730002B0FD097F939
:102D300067300133804A134493F90030DBB203F06B
:102D40000403002B03D0FB69B3F5FA7FD9DBFB69E1
:102D5000B3F5FA7F00F3F5813B6E93F900302E2B2B
:102D600003D04FF0FF333B6243E03B6E01333B66E1
:102D70003B6E93F900302A2B0DD13B691A1D3A6145
:102D80001B683B623B6AB3F5FA7F00F3DC813B6E64
:102D900001333B662DE000233B620DE03A6A1346A7
:102DA0009B0013445B001A4697F967301344303B8D
:102DB0003B623B6E01333B663B6E1B7887F86730A6
:102DC00097F96730002B0FD097F9673001335A4AD3
:102DD000134493F90030DBB203F00403002B03D05B
:102DE0003B6AB3F5FA7FD9DB3B6AB3F5FA7F00F3B0
:102DF000AC813B6E93F900303A2B02D000237B620A
:102E000048E03B6E01333B663B6E93F900302A2B62
:102E100014D13B691A1D3A611B687B647B6C002BE3
:102E200002DA00237B6205E07B6C242B00F38F81A8
:102E30007B6C7B623B6E01333B662BE000237B6245
:102E40000DE07A6A13469B0013445B001A4697F91B
:102E500067301344303B7B623B6E01333B663B6E15
:102E60001B7887F8673097F96730002B0ED097F9F9
:102E700067300133304A134493F90030DBB203F07A
:102E80000403002B02D07B6A232BDADD7B6A242B20
:102E900000F35F8110237B631023BB6300233B633C
:102EA0000023FB623B6E1B7887F8673097F9673029
:102EB0005B2B24D10023BB653B6E01333B663B6E2D
:102EC000FB6205E03B6E01333B66BB6D0133BB65C6
:102ED0003B6E1B7887F8673097F96730002B03D07B
:102EE00097F967305D2BEDD197F96730002B00F033
:102EF00032813B6E01333B66BB6D3B639CE097F9CF
:102F000067307B2B40F098803B6E01333B663B6E15
:102F100093F900302A2B08D13B691A1D3A611B68CE
:102F20007B653B6E01333B662DE000237B6513E040
:102F3000F8D2010000D30100EC0502007A6D1346BF
:102F40009B0013445B001A4697F967301344303BEB
:102F50007B653B6E01333B663B6E1B7887F86730C1
:102F600097F96730002B0ED097F967300133844A08
:102F7000134493F90030DBB203F00403002B02D0BA
:102F80007B6D1F2BDAD97B6D202B00F2E6803B6E28
:102F900093F900302E2B40F0E2803B6E01333B660C
:102FA0003B6E93F900302A2B08D13B691A1D3A6118
:102FB0001B683B653B6E01333B6627E000233B65A6
:102FC0000DE03A6D13469B0013445B001A4697F9D7
:102FD00067301344303B3B653B6E01333B663B6ED1
:102FE0001B7887F8673097F96730002B0ED097F978
:102FF00067300133624A134493F90030DBB203F0C7
:103000000403002B02D03B6D1F2BDAD997F96730F0
:10301000002B00F0A6803B6E01333B663B6D202BFE
:1030200000F2A1807A6D3B6D13441F2B00F29D804E
:103030007B6D7B633B6DBB633B6E1B7887F86730B2
:1030400097F96730002B0ED097F9673019464D4835
:1030500008F0DEFD0346002B05D03B6E01333B66D6
:1030600097F9673000E0002387F8283097F9283077
:10307000002B17D03B6E1B7887F8673097F96730C5
:10308000002B0FD097F9283097F967209A4209D181
:1030900097F9283043F001035BB287F828303B6E84
:1030A00001333B663B6E1B7887F8673097F96730D2
:1030B000002B05D13B691A1D3A611B683B6631E064
:1030C00097F8673087F8433097F94330432B0FD197
:1030D0003B6E01333B663B6E1B7887F8673097F990
:1030E0006730002B43D097F8673087F8293002E02B
:1030F000002387F8293097F9432007F1100107F1E1
:10310000140007F108030093FB68FFF785FCF863E0
:10311000FB6B002B2DDB7A69FB6B13447B613B6EF1
:1031200001333B663B6E1B7887F8673097F9673051
:10313000002B7FF479AD7B691EE000BF1AE000BF71
:1031400018E000BF16E000BF14E000BF12E000BFAF
:1031500010E000BF0EE000BF0CE000BF0AE000BFBF
:1031600008E000BF06E000BF04E000BF02E000BFCF
:1031700000E000BF4FF0FF3318466837BD4680BD02
:10318000EC050200C8D2010080B584B000AFF86041
:10319000B9607A603B60FB68BA681A60FB687A685D
:1031A0005A60FB6800221A72FB683A68DA60FB68B2
:1031B0001B68184609F048F80346DAB2FB681A7231
:1031C000FB6818461037BD4680BD000080B582B050
:1031D00000AF786039607B681B68184617F028FEDE
:1031E0003B68D3E9002317F08DFE02460B461046DC
:1031F00019464FF00002054B17F0AEFF02460B4692
:10320000104619460837BD4680BD00BF00005E412C
:1032100098B500AF584C594B594A5A492046FFF7C8
:10322000B3FF1034584B594A59492046FFF7ACFFB9
:103230001034584B584A59492046FFF7A5FF10341F
:10324000514B574A57492046FFF79EFF1034514BC8
:10325000554A56492046FFF797FF1034544B554ABC
:1032600055492046FFF790FF1034514B534A5449BB
:103270002046FFF789FF1034524B534A53492046EA
:10328000FFF782FF10344F4B514A52492046FFF757
:103290007BFF1034504B514A51492046FFF774FFD1
:1032A00010344D4B4F4A50492046FFF76DFF103404
:1032B0004E4B4F4A4F492046FFF766FF10344E4BA6
:1032C0004E4A4F492046FFF75FFF10344D4B4E4AA0
:1032D0004E492046FFF758FF10344D4B4D4A4E499A
:1032E0002046FFF751FF10344C4B4D4A4D492046C4
:1032F000FFF74AFF10344C4B4C4A4D492046FFF72C
:1033000043FF10344B4B4C4A4C492046FFF73CFFDF
:103310001034484B4A4A4B492046FFF735FF1034DA
:10332000494B4A4A4A492046FFF72EFF1034494B81
:10333000494A4A492046FFF727FF1034484B494A7B
:1033400049492046FFF720FF1034484B484A494975
:103350002046FFF719FF1034444B474A474920469F
:10336000FFF712FF04F11000454B464A4649FFF7AC
:103370000BFF00BF98BD00BF94080020413900003A
:1033800084D30100BCD30100B1390000C4D30100D3
:10339000D8D30100793A0000E4D3010000D4010041
:1033A0000CD4010024D4010028D4010048D4010029
:1033B000093B00004CD4010098D40100A0D40100C6
:1033C000F0D40100B93D0000F4D4010040D5010063
:1033D00048D5010098D50100694100009CD5010045
:1033E000D0D50100D8D5010010D60100F992000017
:1033F000F8FE0100E8FE0100719400003CFF0100AE
:103400002CFF0100799600007CFF010068FF01009D
:10341000A143000014D6010048D60100E944000091
:1034200050D60100ACD60100B9480000B4D6010066
:1034300000D70100F94C000008D7010024D7010093
:103440002CD7010048D70100F94D00004CD70100EE
:103450009CD7010069500000ACD70100ECD70100F7
:1034600099500000FCD7010044D801003D520000F3
:1034700054D801008CD801009CD80100D8D8010094
:10348000ED560000DCD801000CD9010080B500AF7A
:10349000FFF7BEFE80BD80B483B000AF78607B686C
:1034A00000221A7000225A7000229A700022DA70EC
:1034B00000221A7100225A7100229A710022DA71D8
:1034C0007B6818460C37BD4680BC704780B483B01B
:1034D00000AF78600B46FB707B68FA781A7100BF0A
:1034E0000C37BD4680BC704780B483B000AF7860B5
:1034F0007B681B7918460C37BD4680BC70470000BE
:1035000080B582B000AF78607B681B6819467B6825
:103510005A687B689B68034808F0D0F800BF0837FA
:10352000BD4680BD24D9010080B483B000AF78606F
:103530007B6800221A7000225A7000229A700022C2
:10354000DA707B6818460C37BD4680BC70470000B7
:103550002DE9F041B6B01EAFF865FB6DD3F800C0A1
:10356000FB6D1B78C3F30003DBB29E46FB6D1B783B
:10357000C3F34003DBB29846FB6D1B78C3F38003B3
:10358000DBB2BB65FB6D1B78C3F3C003DBB27B65AD
:10359000FB6D1B78C3F30013DBB23B65FB6D1B783F
:1035A000C3F34013DBB2FB64FB6D1B78C3F38013E2
:1035B000DBB2BB64FB6D1B78C3F3C013DBB27B646F
:1035C000FB6D5B78C3F30003DBB23B64FB6D5B78A0
:1035D000C3F34003DBB2FB63FB6D5B78C3F3800393
:1035E000DBB2BB63FB6D5B78C3F3C003DBB27B6311
:1035F000FB6D5B78C3F30013DBB23B63FB6D5B7861
:10360000C3F34013DBB2FB62FB6D5B78C3F3801343
:10361000DBB2BB62FB6D5B78C3F3C013DBB27B62D2
:10362000FB6D9B78C3F30003DBB23B62FB6D9B78C1
:10363000C3F34003DBB2FB61FB6D9B78C3F38003F4
:10364000DBB2BB61FB6D9B78C3F3C003DBB27B6174
:10365000FB6D9B78C3F30013DBB23B61FB6D9B7882
:10366000C3F34013DBB2FB60FB6D9B78C3F38013A5
:10367000DBB2BB60FB6D9B78C3F3C013DBB27B6036
:10368000FB6DDB78C3F30003DBB23B60FB6DDB78E3
:10369000C3F34003DBB21E46FB6DDB78C3F380034C
:1036A000DBB21D46FB6DDB78C3F3C003DBB21C4607
:1036B000FB6DDB78C3F30013DBB21846FB6DDB78E0
:1036C000C3F34013DBB21946FB6DDB78C3F3801301
:1036D000DBB21A46FB6DDB78C3F3C013DBB21D937C
:1036E0001C921B911A901994189517963A68169285
:1036F0007A681592BA681492FA6813923A6912922B
:103700007A691192BA691092FA690F923A6A0E9226
:103710007A6A0D92BA6A0C92FA6A0B923A6B0A9222
:103720007A6B0992BA6B0892FA6B07923A6C06921E
:103730007A6C0592BA6C0492FA6C03923A6D02921A
:103740007A6D0192BB6D0093434672466146044810
:1037500007F0DCF800BF6037BD46BDE8F08100BF70
:1037600088D9010080B582B000AF786039607B688D
:103770001B68184617F05CFB3B68D3E9002317F081
:10378000C1FB02460B46104619464FF00002054B9E
:1037900017F0E2FC02460B46104619460837BD46B4
:1037A00080BD00BF00005E4180B584B000AF78608E
:1037B000396011A3D3E90023C7E9022307F1080305
:1037C00019463868FFF7CEFF7B68D3E9002317F06E
:1037D00099FB02460B46104619467B68D3E9022343
:1037E00017F0DAF902460B46104619461037BD4667
:1037F00080BD00BFAFF30080FCA9F1D24D62104044
:1038000080B582B000AF78607B6804331946054804
:10381000FFF7CAFF02460B46104619460837BD4659
:1038200080BD00BFE85C002080B582B000AF78604A
:103830007B68083319460548FFF7B6FF02460B467A
:10384000104619460837BD4680BD00BFF85C002011
:1038500080B582B000AF78607B680C3319460548AC
:10386000FFF7A2FF02460B46104619460837BD4631
:1038700080BD00BF085D002080B582B000AF7860D9
:103880007B68103319460548FFF78EFF02460B464A
:10389000104619460837BD4680BD00BF185D0020A0
:1038A00080B582B000AF78607B6814331946054854
:1038B000FFF77AFF02460B46104619460837BD4609
:1038C00080BD00BF385D002080B582B000AF786059
:1038D0007B68183319460548FFF766FF02460B461A
:1038E000104619460837BD4680BD00BF485D002020
:1038F00080B582B000AF78607B681C3319460548FC
:10390000FFF752FF02460B46104619460837BD46E0
:1039100080BD00BF285D002080B582B000AF786018
:103920007B68203319460548FFF73EFF02460B46E9
:10393000104619460837BD4680BD00BF585D0020BF
:1039400080B586B002AFF860B9607A603B60134B17
:103950001B68002B14BF01230023DBB2002B0ED009
:103960000E4B1B6819680D4B1B685B6801930C4B71
:10397000009371230B4A0C4806F0C8FF05E0084B82
:1039800071220849094806F0C1FFB86808F05CFCDC
:1039900003465BB218461037BD4680BD4C00002080
:1039A00018E80100D8DB010004DC010068DC01003C
:1039B00080B586B000AFF860B9607A603B600023E4
:1039C0003B6107F110031A462449B86807F06CFF01
:1039D0000346FB7597F91730002B20DC204806F0D2
:1039E00095FF00233B6113E01E4B1A683B691344AB
:1039F0001B78BB753B69BA7D19461B4806F086FFEC
:103A0000BB7D1946194806F081FF3B6901333B61D4
:103A10003B69802BE8D9164806F078FF18E0114B77
:103A20001A683B6913441B78BB750D4806F06EFF9E
:103A30003B69BA7D19460C4806F068FFBB7D194604
:103A40000A4806F063FFBB7D19460A4806F05EFF90
:103A50007B685BB218461837BD4680BDA4DC010008
:103A6000A8DC01004C000020BCDC0100D0DC01001F
:103A7000D8DC0100DCDC010080B588B000AFF86064
:103A8000B9607A603B600023BB6100237B6107F172
:103A9000140307F118021649B86807F005FF03463A
:103AA000FB7797F91F30012B09DC97F91F301A4675
:103AB000B968104806F02AFF4FF0FF3313E07B6926
:103AC000D9B20D4B1A68BB6913440A461A707B6958
:103AD00019460A4806F01AFFBB691946084806F05D
:103AE00015FF7B685BB218462037BD4680BD00BF1E
:103AF000E8DC0100F0DC01004C0000204CDD01009E
:103B000070DD0100000000002DE9F043ADB010AF02
:103B100078623962FA61BB610023FB640023BB64F5
:103B200000237B6400233B649B4B1B68002B0CBF72
:103B300001230023DBB2002B05D0984806F0E6FEF7
:103B4000FB695BB21FE107F1480107F14C0207F185
:103B50004003019307F1440300930B469049386AF0
:103B600007F0A2FE034687F86F3097F96F30032BFA
:103B70001BDDFA6C884B1B68DA62BA6C864B1B68DB
:103B80001A637A6C844B1B685A633A6C824B1B68CD
:103B90009A63F96CBA6C786C3B6C0093034681486D
:103BA00006F0B4FEFB695BB2EDE097F96F30002BD5
:103BB0001BDDFA6C784B1B68DA62FA6C764B1B687B
:103BC0001A63FA6C744B1B685A63FA6C724B1B686D
:103BD0009A63F96CFA6CF86CFB6C009303467148BD
:103BE00006F094FEFB695BB2CDE06B4B1B68DB6AB1
:103BF000FB64694B1B681B6BBB64674B1B685B6B8F
:103C00007B64654B1B689B6B3B64F96CBA6C786C8E
:103C10003B6C00930346644806F078FE07F13803D6
:103C20001846FFF738FC07F130031846FFF733FC5E
:103C300007F128031846FFF72EFC574B1A6807F1C7
:103C400038033C321068516803C3534B1A6807F1BC
:103C5000300344321068516803C34F4B1A6807F1B0
:103C600028034C321068516803C3BB6B43F317033E
:103C70001A46FB8F92FBF3F3184617F0D9F844A3CA
:103C8000D3E9002317F03EF902460B4610461946C9
:103C90004FF00002454B17F05FFA02460B46C7E9AA
:103CA00018233B6B43F317031A46FB8E92FBF3F387
:103CB000184617F0BDF836A3D3E9002317F022F910
:103CC00002460B46104619464FF00002374B17F0DC
:103CD00043FA02460B46C7E91623BB6A43F31703B0
:103CE0001A46FB8D92FBF3F3184617F0A1F828A3B0
:103CF000D3E9002317F006F902460B461046194691
:103D00004FF00002294B17F027FA02460B46C7E98D
:103D10001423D7E90E89D7E90C01D7E90A45BB6B13
:103D200043F317031E46FB8F7B613B6B43F3170383
:103D30003B61FB8EFB60BB6A43F31703BB60FB8DEB
:103D40007B60D7E91423CDE90E23D7E91623CDE90B
:103D50000C23D7E91823CDE90A237A680992BA68B7
:103D60000892FA6807923A6906927B69059304966D
:103D7000CDE90245CDE9000142464B460C4806F02C
:103D8000C5FDFB695BB218467437BD46BDE8F083DC
:103D9000FCA9F1D24D6220404C0000207CDD0100E6
:103DA000C8DD0100D8DD010000DE01000000704127
:103DB00030DE0100000000002DE9F043A1B00EAF9D
:103DC000F860B9607A603B604FF000024FF000038A
:103DD000C7E90A234FF000024FF00003C7E90823A8
:103DE0004FF000024FF00003C7E906234FF0000236
:103DF0004FF00003C7E9042300237B6400233B64E6
:103E00000023FB630023BB63874B1B68002B0CBFA5
:103E100001230023DBB2002B05D0844806F076FD99
:103E20007B685BB28DE107F1200107F1280207F101
:103E30001003019307F1180300930B467C49B868FF
:103E400007F032FD034687F83730D7E90A014FF013
:103E50006042784B17F056F802460B46104619465A
:103E60004FF00002744B17F04DF802460B46104617
:103E700019466BA3D3E9002317F06EF902460B46EF
:103E80001046194617F016FB03467B64D7E9080174
:103E90004FF06042674B17F035F802460B4610466C
:103EA00019464FF00002644B17F02CF802460B46FF
:103EB000104619465AA3D3E9002317F04DF90246DC
:103EC0000B461046194617F0F5FA03463B64D7E94E
:103ED00006014FF06042574B17F014F802460B46AC
:103EE000104619464FF00002534B17F00BF80246EC
:103EF0000B46104619464AA3D3E9002317F02CF9C4
:103F000002460B461046194617F0D4FA0346FB63E7
:103F1000D7E904014FF06042464B16F0F3FF02462A
:103F20000B46104619464FF00002434B16F0EAFFCD
:103F300002460B461046194639A3D3E9002317F071
:103F40000BF902460B461046194617F0B3FA034622
:103F5000BB6397F93730032B2DDD7A6C324B1B682E
:103F6000DA623A6C304B1B681A63FA6B2E4B1B6893
:103F70005A63BA6B2C4B1B689A63D7E90A89D7E955
:103F80000823D7E90601D7E90445BE6B0C96CDE9B5
:103F90000A45FC6B0894CDE90601396C0491CDE922
:103FA00002237B6C009342464B46244806F0AEFC4D
:103FB0007B685BB2C5E097F93730002B40DD7A6C47
:103FC000194B1B68DA627A6C174B1B681A637A6CA0
:103FD000154B1B685A637A6C134B1B689A63D7E9BD
:103FE0000A89D7E90823D7E90601D7E90445BE6B5A
:103FF0000C96CDE90A45FC6B0894CDE90601396CB5
:104000000491CDE902237B6C009342464B460B485A
:1040100006F07CFC7B685BB293E000BFAFF30080EE
:10402000FCA9F1D24D6210404C000020A0DE01003E
:10403000ECDE0100FFFF6F4100004E40FCDE01009E
:10404000454B1B68DB6A7B64434B1B681B6B3B6403
:10405000414B1B685B6BFB633F4B1B689B6BBB63FC
:10406000786C16F0D5FE3AA3D3E9002316F04AFF88
:1040700002460B46104619464FF06242374B17F086
:104080006BF802460B46C7E90A23386C16F0C0FEEF
:104090002FA3D3E9002316F035FF02460B46104646
:1040A00019464FF062422D4B17F056F802460B4668
:1040B000C7E90823F86B16F0ABFE25A3D3E900236C
:1040C00016F020FF02460B46104619464FF062429A
:1040D000224B17F041F802460B46C7E90623B86B9E
:1040E00016F096FE1AA3D3E9002316F00BFF024642
:1040F0000B46104619464FF06242184B17F02CF849
:1041000002460B46C7E90423D7E90A89D7E9082301
:10411000D7E90601D7E90445BE6B0C96CDE90A45FF
:10412000FC6B0894CDE90601396C0491CDE90223BA
:104130007B6C009342464B46094806F0E7FB7B68E0
:104140005BB218464C37BD46BDE8F083AFF3008044
:10415000FCA9F1D24D6210404C000020FFFFCD4180
:1041600048DF0100000000002DE9F04FB3B016AFAA
:10417000F862B9627A623B62854B1B68002B0CBF08
:1041800001230023DBB2002B05D0824806F0BEFBE2
:104190007B6A5BB2F3E007F148031846FFF77BF94F
:1041A00007F140031846FFF776F907F13803184680
:1041B000FFF771F907F130031846FFF76CF9744BFC
:1041C0001A6807F148033C321068516803C3704B0A
:1041D0001A6807F1400344321068516803C36C4BFE
:1041E0001A6807F138034C321068516803C3684BF2
:1041F0001A6807F1300354321068516803C3BB6C6E
:1042000043F317031A46B7F84E3092FBF3F3184600
:1042100016F00EFE5CA3D3E9002316F073FE0246EF
:104220000B46104619464FF000025B4B16F094FF08
:1042300002460B46C7E91A233B6C43F317031A46A1
:10424000B7F8463092FBF3F3184616F0F1FD4EA393
:10425000D3E9002316F056FE02460B4610461946D7
:104260004FF000024C4B16F077FF02460B46C7E9B1
:104270001823BB6B43F317031A46FB8F92FBF3F330
:10428000184616F0D5FD40A3D3E9002316F03AFEF8
:1042900002460B46104619464FF000023E4B16F000
:1042A0005BFF02460B46C7E916233B6B43F317033C
:1042B0001A46FB8E92FBF3F3184616F0B9FD32A3B3
:1042C000D3E9002316F01EFE02460B46104619469F
:1042D0004FF00002304B16F03FFF02460B46C7E995
:1042E0001423D7E912ABD7E91001D7E90E45D7E976
:1042F0000C89BB6C43F31703FB61B7F84E30BB610D
:104300003B6C43F317037B61B7F846303B61BB6BF3
:1043100043F31703FB60FB8FBB603B6B43F3170357
:104320007B60FB8E1E46D7E91423CDE91423D7E921
:104330001623CDE91223D7E91823CDE91023D7E9B5
:104340001A23CDE90E230D967A680C92BA680B9267
:10435000FA680A923A6909927A690892BA690792E8
:10436000FB690693CDE90489CDE90245CDE9000159
:1043700052465B46094806F0C9FA7B6A5BB21846AA
:104380007437BD46BDE8F08FFCA9F1D24D622040E4
:104390004C0000209CDF010000007041E8DF0100BC
:1043A00080B588B000AFF860B9607A603B600023E8
:1043B000FB610023BB61FB690133FB61FA693E4B82
:1043C000A3FB0213D9080B465B000B449B00D31AD6
:1043D0007B617B69082B5DD801A252F823F000BFF6
:1043E0000544000017440000294400003B4400003D
:1043F000954400004D4400005F44000071440000FB
:10440000834400002D48FFF7FBF902460B462C4879
:1044100006F07CFA3EE02948FFF706FA02460B4612
:10442000284806F073FA35E02448FFF711FA0246EF
:104430000B46254806F06AFA2CE02048FFF71CFAE4
:1044400002460B46214806F061FA23E01B48FFF7BD
:1044500027FA02460B461E4806F058FA1AE017489B
:10446000FFF732FA02460B461A4806F04FFA11E0FF
:104470001248FFF73DFA02460B46174806F046FA87
:1044800008E00E48FFF748FA02460B46134806F0CC
:104490003DFA00BF124B1B685B68184606F034FFFC
:1044A000B969104806F032FA00BF7B685BB2184663
:1044B0002037BD4680BD00BFABAAAAAA105C002071
:1044C00078E0010088E0010098E00100A8E0010028
:1044D000B8E00100C8E00100D8E00100ECE0010014
:1044E00094000020FCE0010080B5A2B002AFF860AB
:1044F000B9607A603B600023FB670023BB67002341
:104500007B6700233B670023FB660023BB664FF0FD
:104510000002BB4BC7E906234FF00002B84BC7E9C6
:10452000042307F1100307F11802B649B86807F031
:10453000BBF9D7E906014FF000024FF0000316F077
:1045400053FF0346002B05D04FF000024FF000034D
:10455000C7E90623D7E906014FF00002A84B16F081
:1045600061FF0346002B04D04FF00002A44BC7E9C3
:104570000623D7E904019AA3D3E9002316F034FFF8
:104580000346002B04D096A3D3E90023C7E90423F4
:10459000D7E9040194A3D3E9002316F043FF0346AF
:1045A000002B04D090A3D3E90023C7E90423D7E963
:1045B0000601D7E90423CDE9002302460B469248C1
:1045C00006F0A4F9FB6F0133FB67BA6F8F4B1B68D2
:1045D000DA627A6F8D4B1B681A633A6F8B4B1B68DC
:1045E0005A63FA6E894B1B689A63884B1B68DB6AB7
:1045F0007B66864B1B681B6B3B66844B1B685B6B47
:10460000FB65824B1B689B6BBB65BB6D0093FB6DB1
:104610003A6E796E7E4806F079F9F96F7D4BA3FB0F
:1046200001235A0913461B019B1A9B00CA1A104604
:1046300016F0EEFB4FF00002774B16F063FC0246DB
:104640000B46C7E914234FF00002744BD7E914015D
:1046500016F082FD02460B461046194664A3D3E9C4
:10466000002316F04FFC02460B46C7E912234FF019
:1046700000026B4BD7E9140116F08EFA02460B4686
:10468000104619464FF00002644B16F065FD0246D5
:104690000B461046194656A3D3E9002316F032FC08
:1046A00002460B46C7E910234FF000025D4BD7E9E5
:1046B000140116F071FA02460B46104619464FF0E7
:1046C0000002564B16F048FD02460B4610461946AE
:1046D00047A3D3E9002316F015FC02460B46C7E9B1
:1046E0000E23D7E9120117F08FF94FF00002444B67
:1046F00016F052FA02460B46104619464FF00002D9
:104700004FF0804316F028FD02460B46104619462E
:10471000D7E9062316F0F6FB02460B46C7E90C2341
:10472000D7E9100117F070F94FF00002344B16F082
:1047300033FA02460B46104619464FF000024FF07E
:10474000804316F009FD02460B4610461946D7E98C
:10475000062316F0D7FB02460B46C7E90A23D7E922
:104760000E0117F051F94FF00002254B16F014FA24
:1047700002460B46104619464FF000024FF08043A8
:1047800016F0EAFC02460B4610461946D7E9062306
:1047900016F0B8FB02460B46C7E9082316A3D3E977
:1047A0000023D7E90C0116F0ADFB02460B4610467C
:1047B000194616F07FFE0346BB670FA3D3E900231B
:1047C000D7E90A0116F09EFB02460B461046194631
:1047D00016F070FE03467B6726E000BFAFF3008053
:1047E000FCA9F1D24D62503F000000000088C34098
:1047F0001F85EB51B81E194000000000E0FFEF409C
:104800000000F03F1CE1010024E101004C00002009
:104810004CE10100898888880000184000807640BB
:1048200000005E4000006E401FA3D3E90023D7E9DB
:10483000080116F067FB02460B461046194616F0B3
:1048400039FE03463B6718A3D3E90023D7E90801E3
:1048500016F058FB02460B461046194616F02AFE83
:104860000346FB66FB6FB3F57A7F04D9B96E104837
:1048700006F04CF811E0D7E904014FF000020D4BAF
:1048800016F040FB02460B461046194616F012FE83
:1048900003461846FCF7D0F894E67B685BB21846EE
:1048A0008037BD4680BD00BF00000000E0FFEF4044
:1048B00060E1010000408F402DE9F04FBBB016AF22
:1048C000F862B9627A623B620023C7F88C30002339
:1048D000C7F888300023C7F884300023C7F8803039
:1048E000074B1B68002B0CBF01230023DBB2002BFE
:1048F0000AD0044806F00AF87B6A5BB2F4E100BF14
:104900004C00002084E101004FF000024FF0000352
:10491000C7E916234FF000024FF00003C7E9142344
:1049200007F1500307F15802C549B86A06F0BCFF09
:10493000D7E916014FF000024FF0000316F054FDC6
:104940000346002B05D04FF000024FF00003C7E9EB
:104950001623D7E916014FF00002BA4B16F062FD9C
:104960000346002B04D04FF00002B64BC7E91623D4
:10497000D7E914014FF000024FF0000316F034FDA8
:104980000346002B05D04FF000024FF00003C7E9AB
:104990001423D7E914014FF00002AA4B16F042FD90
:1049A0000346002B04D04FF00002A64BC7E91423A6
:1049B000D7E916014FF06042A34B16F0A3FA024666
:1049C0000B461046194616F075FD0346C7F88C30A5
:1049D000D7E914014FF060429B4B16F093FA024660
:1049E0000B461046194616F065FD0346C7F884309D
:1049F000D7F88C20954B1B68DA62944B1B684FF0FC
:104A0000FF3283F830204FF0FF3283F8312000224C
:104A100062F0300283F83220002283F83320D7F886
:104A200084208A4B1B685A63884B1B684FF0FF3207
:104A300083F838204FF0FF3283F83920002262F0EB
:104A4000300283F83A20002283F83B20804B009309
:104A5000D7F884307E4AD7F88C107E4805F056FF90
:104A60007A4B1B68DB6AC7F88C30784B1B681B6B72
:104A7000C7F88830754B1B685B6BC7F88430734B85
:104A80001B689B6BC7F88030D7E916014FF0000216
:104A9000714B16F037FA02460B4614461D46D7E90D
:104AA00014014FF000026C4B16F02CFA02460B4634
:104AB000CDE90423CDE90245D7F880300093D7F83B
:104AC0008430D7F88820D7F88C10644805F01EFF92
:104AD00007F148031846FEF7DEFC07F140031846CD
:104AE000FEF7D9FC07F138031846FEF7D4FC07F1AE
:104AF00030031846FEF7CFFC544B1A6807F1480301
:104B00003C321068516803C3504B1A6807F14003E8
:104B100044321068516803C34C4B1A6807F13803DC
:104B20004C321068516803C3484B1A6807F13003D0
:104B300054321068516803C3BB6C43F317031A4621
:104B4000B7F84E3092FBF3F3184616F071F93AA31A
:104B5000D3E9002316F0D6F902460B461046194653
:104B60004FF000023E4B16F0F7FA02460B46C7E93B
:104B70001E233B6C43F317031A46B7F8463092FBEB
:104B8000F3F3184616F054F92BA3D3E9002316F0DB
:104B9000B9F902460B46104619464FF00002304B59
:104BA00016F0DAFA02460B46C7E91C23BB6B43F347
:104BB00017031A46FB8F92FBF3F3184616F038F9E9
:104BC0001DA3D3E9002316F09DF902460B461046BB
:104BD00019464FF00002224B16F0BEFA02460B4671
:104BE000C7E91A233B6B43F317031A46FB8E92FB6C
:104BF000F3F3184616F01CF90FA3D3E9002316F0BF
:104C000081F902460B46104619464FF00002144B3C
:104C100016F0A2FA02460B46C7E91823D7E912ABF1
:104C2000D7E91001D7E90E45D7E90C89BB6C43F3EE
:104C30001703FB6116E000BFFCA9F1D24D622040D2
:104C40001CE101000000F03FFFFF69414C00002023
:104C5000FFFFCF00CCE1010000005940F4E101006A
:104C600000007041B7F84E30BB613B6C43F3170353
:104C70007B61B7F846303B61BB6B43F31703FB60C6
:104C8000FB8FBB603B6B43F317037B60FB8E1E46C1
:104C9000D7E91823CDE91423D7E91A23CDE9122344
:104CA000D7E91C23CDE91023D7E91E23CDE90E2334
:104CB0000D967A680C92BA680B92FA680A923A6971
:104CC00009927A690892BA690792FB690693CDE95D
:104CD0000489CDE90245CDE9000152465B4605480D
:104CE00005F014FE7B6A5BB218469437BD46BDE8FA
:104CF000F08F00BFE8DF010080B58EB000AFF86034
:104D0000B9607A603B6007F1200310220021184649
:104D100006F02EFF2F4BBB624FF000024FF0000356
:104D2000C7E9082300237B6390228C212A4805F0E1
:104D3000EDFDBB68013304222849184606F0D0FF78
:104D40000346002B1AD1264B1B68002242F0550265
:104D500083F88C20002283F88D20002283F88E2097
:104D6000002283F88F201F4B1B685B68184606F0F3
:104D7000CBFA796B1C4805F0C9FD00BF00237B61AD
:104D80007123BB610023FB61154B1B68002B14BF13
:104D900001230023DBB2002B07D0114B1B681B68DB
:104DA0007B610F4B1B685B68FB610C210F4805F0B2
:104DB000ADFD07F114031846FEF7A2FB0C4805F001
:104DC000A5FD0C4805F0A2FD7B685BB2184638379C
:104DD000BD4680BD40420F0030E2010048E20100C4
:104DE0004C0000209400002060E1010050E201002E
:104DF0007CE2010080E2010080B59AB002AFF86069
:104E0000B9607A603B600023FB610023BB61002333
:104E10007B6100233B618A4B1B68002B0CBF012385
:104E20000023DBB2002B05D0864805F06FFD7B68C0
:104E30005BB2FCE007F1180107F11C0207F1100357
:104E4000019307F1140300930B467F49B86806F0FD
:104E50002BFD034687F85F3097F95F30032B21DD88
:104E6000FB69DAB2764B1B6883F87020BB69DAB253
:104E7000734B1B6883F871207B69DAB2704B1B6837
:104E800083F872203B69DAB26D4B1B6883F873209C
:104E9000F969BA6978693B69009303466B4805F084
:104EA00035FD24E097F95F30002B20DDFB69DAB295
:104EB000634B1B6883F87020FB69DAB2604B1B6898
:104EC00083F87120FB69DAB25D4B1B6883F87220AE
:104ED000FB69DAB25A4B1B6883F87320F969FA69E7
:104EE000F869FB6900930346584805F00FFD544BE1
:104EF0001B6893F87030FB61514B1B6893F871305D
:104F0000BB614F4B1B6893F872307B614C4B1B6845
:104F100093F873303B61F969BA6978693B6900932A
:104F200003464B4805F0F2FC43A3D3E90023C7E94D
:104F30001423FB690133FB64BB690133BB647B69E8
:104F400001337B643B6901333B64F86C15F060FF0F
:104F500002460B46D7E9140116F0FEF802460B464E
:104F6000104619464FF000023A4B16F0F5F802468B
:104F70000B46C7E90E23B86C15F04AFF02460B46F4
:104F8000D7E9140116F0E8F802460B461046194618
:104F90004FF000022F4B16F0DFF802460B46C7E930
:104FA0000C23786C15F034FF02460B46D7E9140148
:104FB00016F0D2F802460B46104619464FF0000292
:104FC000244B16F0C9F802460B46C7E90A23386C91
:104FD00015F01EFF02460B46D7E9140116F0BCF887
:104FE00002460B46104619464FF00002194B16F0C8
:104FF000B3F802460B46C7E90823D7E90E23F96C3C
:10500000154805F083FCD7E90C23B96C134805F06B
:105010007DFCD7E90A23796C114805F077FCD7E9C4
:105020000823396C0F4805F071FC7B685BB21846A9
:105030006037BD4680BD00BF00000000965198411A
:105040004C0000209CE20100ECE20100FCE20100C7
:1050500030E301000000304068E30100B4E30100E8
:1050600000E4010050E4010080B584B000AFF860B6
:10507000B9607A603B60064805F048FC054805F0D9
:1050800045FC7B685BB218461037BD4680BD00BF4B
:10509000A0E40100D8DC010080B58CB002AFF8605C
:1050A000B9607A603B6000233B62002387F82730B9
:1050B00007F1180107F1200207F1170300930B46CF
:1050C0005249B86806F0F0FB034687F8263097F996
:1050D0002630032B57DD97F91730592B0FD097F94E
:1050E0001730792B0BD097F91730542B07D097F93D
:1050F0001730742B03D097F91730312B02D10123CD
:1051000087F82730396A97F82730002B01D05923C8
:1051100000E04E231A463E4805F0F8FB3B6A032B9D
:1051200026D801A252F823F039510000475100005F
:10513000555100006351000097F827301946354853
:10514000FEF7C4F919E097F8273019463248FEF700
:10515000BDF912E097F8273019463048FEF7B6F946
:105160000BE097F8273019462D48FEF7AFF904E019
:105170003B6A19462B4805F0C9FBB86807F064F88C
:1051800003465BB23EE097F926301946264805F003
:10519000BDFB2048FEF7A8F90346002B01D0592398
:1051A00000E04E231946214805F0B0FB1A48FEF7EF
:1051B0009BF90346002B01D0592300E04E231946EA
:1051C0001B4805F0A3FB1548FEF78EF90346002B9C
:1051D00001D0592300E04E231946164805F096FBEE
:1051E0000F48FEF781F90346002B01D0592300E058
:1051F0004E231946104805F089FBB86807F024F8DB
:1052000003465BB218462837BD4680BDC8E401009E
:10521000D8E40100801A00209C1A0020B81A00204F
:10522000D41A00200CE5010044E5010094E50100DA
:10523000C4E50100F4E5010024E6010080B59AB060
:105240000CAFF860B9607A603B6007F12403184640
:10525000FEF76AF9002387F83730002387F83630E5
:10526000002387F83530002387F83430002387F88F
:105270003330002387F83230002387F831300023A1
:1052800087F83030002387F82F30002387F82E303E
:10529000002387F82D30002387F82C30002387F86F
:1052A0002B30002387F82A30074B1B68002B0CBFDC
:1052B00001230023DBB2002B0AD0044805F026FBB3
:1052C0007B685BB20AE200BF4C00002054E601009C
:1052D00007F1220107F1230207F116030B9307F1EF
:1052E00017030A9307F11803099307F119030893A9
:1052F00007F11A03079307F11B03069307F11C0339
:10530000059307F11D03049307F11E03039307F1AF
:105310001F03029307F12003019307F12103009378
:105320000B46A649B86806F0BFFA034687F829304D
:1053300097F92930002B40F3BD8197F92330592B81
:105340000FD097F92330792B0BD097F92330542BBA
:1053500007D097F92330742B03D097F92330312BE2
:1053600002D1012387F8373097F92230592B0FD01B
:1053700097F92230792B0BD097F92230542B07D094
:1053800097F92230742B03D097F92230312B02D1B8
:10539000012387F8363097F92130592B0FD097F930
:1053A0002130792B0BD097F92130542B07D097F966
:1053B0002130742B03D097F92130312B02D10123F6
:1053C00087F8353097F92030592B0FD097F92030D6
:1053D000792B0BD097F92030542B07D097F9203038
:1053E000742B03D097F92030312B02D1012387F899
:1053F000343097F91F30592B0FD097F91F30792B84
:105400000BD097F91F30542B07D097F91F30742B0E
:1054100003D097F91F30312B02D1012387F83330A5
:1054200097F91E30592B0FD097F91E30792B0BD0DE
:1054300097F91E30542B07D097F91E30742B03D0E8
:1054400097F91E30312B02D1012387F8323097F9BA
:105450001D30592B0FD097F91D30792B0BD097F9B0
:105460001D30542B07D097F91D30742B03D097F9BA
:105470001D30312B02D1012387F8313097F91C30D0
:10548000592B0FD097F91C30792B0BD097F91C3082
:10549000542B07D097F91C30742B03D097F91C308C
:1054A000312B02D1012387F8303097F91B30592B6B
:1054B0000FD097F91B30792B0BD097F91B30542B59
:1054C00007D097F91B30742B03D097F91B30312B81
:1054D00002D1012387F82F3097F91A30592B0FD0BA
:1054E00097F91A30792B0BD097F91A30542B07D033
:1054F00097F91A30742B03D097F91A30312B02D157
:10550000012387F82E3097F91930592B0FD097F9CE
:105510001930792B0BD097F91930542B07D097F904
:105520001930742B03D097F91930312B02D1012394
:1055300087F82D3097F91830592B0FD097F918307C
:10554000792B0BD097F91830542B07D097F91830D6
:10555000742B03D097F91830312B02D1012387F82F
:105560002C3097F91730592B0FD097F91730792B2A
:105570000BD097F91730542B07D097F91730742BAD
:1055800003D097F91730312B02D1012387F82B3044
:1055900097F91630592B13D097F91630792B0FD075
:1055A00097F91630542B0BD097F91630742B07D07F
:1055B00097F91630312B06D102E000BF90E60100CA
:1055C000012387F82A3097F8253097F8372062F3BF
:1055D000451387F8253097F8253097F8362062F381
:1055E000861387F8253097F8263097F8352062F330
:1055F000000387F8263097F8263097F8342062F3B6
:10560000410387F8263097F8263097F8332062F365
:10561000820387F8263097F8263097F8322062F315
:10562000C30387F8263097F8263097F8312062F3C5
:10563000041387F8263097F8263097F8302062F365
:10564000861387F8263097F8273097F82F2062F3D3
:10565000000387F8273097F8273097F82E2062F359
:10566000410387F8273097F8273097F82D2062F309
:10567000820387F8273097F8273097F82C2062F3B9
:10568000C30387F8273097F8273097F82B2062F369
:10569000041387F8273097F8273097F82A2062F309
:1056A000451387F827300F4B1B68203307F124027E
:1056B000106818600B4B1A6807F124032032106839
:1056C0001860094805F022F907F124031846FDF790
:1056D0003FFFB86806F0B8FD03465BB2184638379E
:1056E000BD4680BD4C000020CCE6010080B588B0EE
:1056F00000AFF860B9607A603B6007F118031846A4
:10570000FDF712FF354B1B68002B0CBF0123002354
:10571000DBB2002B05D0324805F0F8F87B685BB2AD
:1057200057E00023FB7707F117031A462D49B868A5
:1057300006F0BAF80346BB7797F91E30002B34DD2C
:1057400097F91730592B0FD097F91730792B0BD0C9
:1057500097F91730542B07D097F91730742B03D0D3
:1057600097F91730312B01D10123FB771B4B1A68B6
:1057700007F11803203210681860FB7EFA7F62F38D
:10578000C303FB76154B1B68203307F11802106822
:105790001860FB7F002B01D0312300E0302397F904
:1057A00017201946104805F0B1F80C4B1A6807F19C
:1057B0001803203210681860FB7EC3F3C003DBB20D
:1057C00019460A4805F0A2F8B86806F03DFD034600
:1057D0005BB218462037BD4680BD00BF4C0000209C
:1057E000F8E6010028E701002CE7010048E7010086
:1057F00080B485B000AFF860B9607A603B60FB6848
:10580000BA681A60FB687A685A60FB683A689A60FE
:10581000FB6818461437BD4680BC704798B500AF8A
:105820001C4C1D4B1D4A41F201012046FFF7E0FFD1
:105830000C34194B1A4A01212046FFF7D9FF0C34CA
:10584000184B194A42F202012046FFF7D1FF0C34EF
:10585000164B174A42F203012046FFF7C9FF0C34EA
:10586000144B154A42F204012046FFF7C1FF0C34E5
:10587000124B134A42F205012046FFF7B9FF04F12B
:105880000C00104B104A42F20601FFF7B1FF00BFB7
:1058900098BD00BF241A00201D59000080E80100B7
:1058A00098E8010099590000BCE80100395A00004D
:1058B000D4E80100D95A0000ECE80100415C000086
:1058C00010E90100015F000034E9010080B500AF7C
:1058D000FFF7A4FF80BD000080B582B000AF786004
:1058E00039607B681B68184615F0A2FA3B68D3E95B
:1058F000002315F007FB02460B46104619464FF0F1
:105900000002054B15F028FC02460B4610461946CE
:105910000837BD4680BD00BF00005E4180B58AB03B
:1059200002AFF860B9607A603B6000237B6171234D
:10593000BB610023FB61164B1B68002B14BF0123C6
:105940000023DBB2002B07D0114B1B681B687B6167
:105950000F4B1B685B68FB610C210E4805F0AEFE27
:1059600007F114031846FDF7CBFD0A2005F03AFFB6
:1059700007F114030C220092002241F20101386861
:1059800004F030FF7B685BB218462037BD4680BD0F
:105990004C000020BCE9010080B58AB002AFF8607D
:1059A000B9607A603B607B680B2B1DD9BB68FB61DB
:1059B000FB691968FB6904331A68FB6908331B68C3
:1059C0001A4805F07BFEFB691A68194B1B68DA62FE
:1059D000FB6904331A68164B1B681A63FB690833AA
:1059E0001A68134B1B685A63114B1B68DB6A3B61D7
:1059F0000F4B1B681B6B7B610D4B1B685B6BBB61AB
:105A000039697A69BB690B4805F058FE07F1100344
:105A10000C220092002242F20201386804F0E2FEF9
:105A20007B685BB218462037BD4680BDF4E90100B3
:105A30004C00002030EA0100B0B58CB002AFF86035
:105A4000B9607A603B6007F1100302241D4604E050
:105A50002846FDF720FD013C0835002CF8DA1B4BE9
:105A60001A6807F110033C321068516803C3174BE2
:105A70001A6807F1180344321068516803C3134BC6
:105A80001A6807F120034C321068516803C33B6960
:105A900043F317031946BB6943F317031A463B6ADE
:105AA00043F317030A4805F009FE07F11003182213
:105AB0000092002242F20301386804F093FE7B68F2
:105AC0005BB218462837BD46B0BD00BF4C00002071
:105AD0006CEA010000000000B0B594B004AFF860BB
:105AE000B9607A603B607968514805F0E7FD07F1DD
:105AF00020031846FDF7CFFC07F118031846FDF701
:105B0000CAFC07F110031846FDF7C5FC494B1A689B
:105B100007F120033C321068516803C3454B1A68F3
:105B200007F1180344321068516803C3414B1A68E7
:105B300007F110034C321068516803C33B6A43F30A
:105B400017031A46FB8C92FBF3F3184615F070F915
:105B500035A3D3E9002315F0D5F902460B461046CC
:105B600019464FF00002344B15F0F6FA02460B4688
:105B7000C7E90A23BB6943F317031A46FB8B92FB61
:105B8000F3F3184615F054F927A3D3E9002315F0D1
:105B9000B9F902460B46104619464FF00002264B53
:105BA00015F0DAFA02460B46C7E90C233B6943F3CA
:105BB00017031A46FB8A92FBF3F3184615F038F9DF
:105BC00019A3D3E9002315F09DF902460B461046B0
:105BD00019464FF00002184B15F0BEFA02460B466C
:105BE000C7E90E23D7E90A45D7E90C23D7E90E0107
:105BF000CDE90201CDE9002322462B460F4805F0EE
:105C00005DFD07F1280318220092002242F20401F0
:105C1000386804F0E7FD7B685BB218464037BD4644
:105C2000B0BD00BFAFF30080FCA9F1D24D622040AF
:105C3000A0EA01004C00002000007041CCEA010005
:105C400080B59CB00AAFF860B9607A603B604FF0F5
:105C500000024FF00003C7E910234FF000024FF09D
:105C60000003C7E90E234FF000024FF00003C7E91D
:105C70000C230023FB620023BB6200237B627B6852
:105C8000172B40F2AC80BB683B623B6AD3E9002330
:105C9000C7E910233B6A0833D3E90023C7E90E2381
:105CA0003B6A1033D3E90023C7E90C234FF060426D
:105CB0008D4BD7E9100115F025F902460B46104629
:105CC00019464FF00002894B15F01CF902460B46AD
:105CD0001046194682A3D3E9002315F03DFA024687
:105CE0000B461046194615F0E5FB0346FB624FF0E4
:105CF00060427D4BD7E90E0115F004F902460B46D0
:105D0000104619464FF00002784B15F0FBF802469A
:105D10000B461046194672A3D3E9002315F01CFA6E
:105D200002460B461046194615F0C4FB0346BB62FB
:105D30004FF060426C4BD7E90C0115F0E3F80246D6
:105D40000B46104619464FF00002684B15F0DAF882
:105D500002460B461046194661A3D3E9002315F00D
:105D6000FBF902460B461046194615F0A3FB034605
:105D70007B627B6A0893D7E90C23CDE90623BB6AD3
:105D80000493D7E90E23CDE90223FB6A0093D7E9F8
:105D90001023574805F092FC3B6AD3E900231046D4
:105DA000194615F087FB0246524B1B68DA623B6AC4
:105DB0000833D3E900231046194615F07BFB024651
:105DC0004C4B1B681A633B6A1033D3E9002310461F
:105DD000194615F06FFB0246464B1B685A63454B4C
:105DE0001B68DB6AFB62434B1B681B6BBB62414B4E
:105DF0001B685B6B7B62F86A15F00AF838A3D3E97D
:105E0000002315F07FF802460B46104619464FF066
:105E10006242394B15F0A0F902460B46C7E9102340
:105E2000B86A14F0F5FF2EA3D3E9002315F06AF841
:105E300002460B46104619464FF062422E4B15F0B3
:105E40008BF902460B46C7E90E23786A14F0E0FF8F
:105E500023A3D3E9002315F055F802460B4610465C
:105E600019464FF06242244B15F076F902460B4674
:105E7000C7E90C23D7E9100115F01CFB03467B6131
:105E8000D7E90E0115F016FB0346BB61D7E90C01FB
:105E900015F010FB0346FB617B6A0893D7E90C23DE
:105EA000CDE90623BB6A0493D7E90E23CDE902238B
:105EB000FB6A0093D7E91023104805F0FFFB07F1B8
:105EC000140318220092002242F20501386804F0FF
:105ED00089FC7B685BB218464837BD4680BD00BF71
:105EE000FCA9F1D24D621040FFFF6F4100004E400F
:105EF00010EB01004C000020FFFFCD4160EB0100E2
:105F000080B59EB002AFF860B9607A603B605048DF
:105F1000FDF776FC02460B46C7E904234C48FDF723
:105F200083FC02460B46C7E906234FF000024FF000
:105F30000003C7E908234648FDF79EFC02460B46CE
:105F4000C7E90A234FF000024FF00003C7E90C2312
:105F50003F48FDF7A5FC02460B46C7E90E233C4827
:105F6000FDF7B2FC02460B46C7E910233848FDF79F
:105F7000BFFC02460B46C7E912233548FDF7CCFCAF
:105F800002460B46C7E914234FF000024FF000030E
:105F9000C7E916234FF000024FF00003C7E91823AA
:105FA0004FF000024FF00003C7E91A23294805F01B
:105FB00073FCD7E90423284804F0A8FCD7E906239A
:105FC000264804F0A3FCD7E90823254804F09EFCEA
:105FD000D7E90A23234804F099FCD7E90C23224887
:105FE00004F094FCD7E90E23204804F08FFCD7E995
:105FF00010231F4804F08AFCD7E912231D4804F03F
:1060000085FCD7E914231C4804F080FCD7E916234B
:106010001A4804F07BFCD7E91823194804F076FCF1
:10602000D7E91A23174804F071FC174805F034FC2F
:1060300007F1100360220092002242F20601386844
:1060400004F0D0FB7B685BB218467037BD4680BD5C
:10605000105C0020B0EB0100DCEB0100ECEB010078
:10606000FCEB01000CEC01001CEC010030EC010029
:1060700040EC010050EC010064EC010074EC010004
:1060800084EC010094EC0100A8EC010080B483B022
:1060900000AF7860044A7B681A607B6818460C374A
:1060A000BD4680BC704700BF78F5010080B483B066
:1060B00000AF7860044A7B681A607B6818460C372A
:1060C000BD4680BC704700BF78F5010080B582B046
:1060D00000AF78607868FFF7E9FF0421786815F071
:1060E0008FFC7B6818460837BD4680BD80B582B0FE
:1060F00000AF78607B681846FFF7C8FF034A7B68EB
:106100001A607B6818460837BD4680BD4CF5010013
:1061100080B582B000AF7860054A7B681A607B6802
:106120001846FFF7C3FF7B6818460837BD4680BD99
:106130004CF5010080B582B000AF78607868FFF759
:10614000E7FF0421786815F05BFC7B681846083788
:10615000BD4680BD80B586B000AFF860B9607A609A
:1061600000237B6114E0BA687B6913441B78002B21
:1061700013D0FB681B6814331B68B9687A690A443A
:10618000127852B21146F86898477B6901337B61F7
:106190007A697B689A42E6D300E000BF00BF1837F7
:1061A000BD4680BD80B483B000AF78603960064AD8
:1061B0007B681A607B683A685A607B6818460C37BF
:1061C000BD4680BC704700BF38F5010080B483B085
:1061D00000AF7860044A7B681A607B6818460C3709
:1061E000BD4680BC704700BF38F5010080B582B065
:1061F00000AF78607868FFF7E9FF0821786815F04C
:10620000FFFB7B6818460837BD4680BD80B483B06D
:1062100000AF786039603B681A687B681A607B68F9
:1062200018460C37BD4680BC7047000080B483B070
:1062300000AF7860044A7B681A607B6818460C37A8
:10624000BD4680BC704700BFB0F4010080B483B08D
:1062500000AF7860044A7B681A607B6818460C3788
:10626000BD4680BC704700BFB0F4010080B582B06D
:1062700000AF78607868FFF7E9FF0421786815F0CF
:10628000BFFB7B6818460837BD4680BD80B483B02D
:1062900000AF7860044A7B681A607B6818460C3748
:1062A000BD4680BC704700BF90F4010080B483B04D
:1062B00000AF7860044A7B681A607B6818460C3728
:1062C000BD4680BC704700BF90F4010080B582B02D
:1062D00000AF78607868FFF7E9FF0421786815F06F
:1062E0008FFB7B6818460837BD4680BD80B485B0FB
:1062F00000AFF860B9607A6000BF1437BD4680BC5B
:10630000704780B485B000AFF860B9607A6000BFB4
:106310001437BD4680BC704780B485B000AFF860CC
:10632000B9607A6000BF1437BD4680BC704780B446
:1063300085B000AFF860B9607A6000BF1437BD4621
:1063400080BC704780B584B000AFF860B9607A60F7
:106350003B60FB68B9681846FFF724FF2F4AFB68CB
:106360001A60FB6800229A60FB6803F580530022E4
:106370009A81FB6803F580531A467B681361FB68BA
:1063800003F580531A463B685361FB6803F580535D
:106390001A46BB699361FB6803F580531A46FB6993
:1063A000D361FB6803F58053002283F82020FB684B
:1063B00003F58053002283F82120FB6803F5805306
:1063C0001A4600235362FB6803F580531A460023E4
:1063D0009362FB6803F580531A460023D362FB687F
:1063E00003F580531A4600231363FB6803F58053BB
:1063F0001A4600235363FB6803F582531946D7E915
:106400000A2341E90223D7E90A23F86800F008F8D3
:10641000FB6818461037BD4680BD00BF78F4010008
:1064200090B585B000AFF860C7E90023FB6803F5BD
:1064300082531946D7E9002341E90223FB6803F59B
:10644000805300229A81FB6803F580531A4600238B
:106450005362FB6803F580531A4600239362FB687E
:1064600003F580531A460023D362FB6803F580537B
:106470001A4600231363FB6803F580531A46002372
:106480005363FB6803F58053002283F82120FB68E7
:106490000C334FF480520021184605F069FBFB686D
:1064A00003F5805393F82030002B20D0FB6803F5D0
:1064B00080531B691B6820331B68FA6802F5805201
:1064C0001269104698470446FB6803F580531B6920
:1064D0001B6824331B68FA6802F580521269104663
:1064E000984703461A462146034804F00FFA002352
:1064F00018461437BD4690BD94ED010080B485B0B8
:1065000000AFF860C7E90023FB6803F58253194622
:10651000D7E9002341E90223FB6803F580530022F9
:106520009A81FB6803F580531A4600235362FB6887
:1065300003F580531A4600239362FB6803F58053EA
:106540001A460023D362FB6803F580531A460023E2
:106550001363FB6803F580531A4600235363FB68FB
:1065600003F58053002283F82120002318461437B6
:10657000BD4680BC7047000090B585B000AF786024
:106580000023FB737B685B681B680C331B687A68AD
:10659000526810469847034683F00103DBB2002B94
:1065A00001D0002389E07B685B681B6810331B689F
:1065B0007A685268104698470346BB737B6803F5B8
:1065C000805393F82030002B04D0BB7B19463D4804
:1065D00005F074F897F90E301946786800F074F8F1
:1065E0007B6803F5805393F8213083F00103DBB21D
:1065F000002B49D0786800F0BFF80346FB73FB7BA3
:10660000002B59D07B6803F580531B691B6834331A
:106610001C687B6803F5805318697B6803F10C01E3
:106620007B6803F580539B891A467B6803F580538A
:106630005B6AA04702467B6803F58053DA627B6899
:1066400003F580531B691B6820331B687A6802F5C9
:10665000805212691046984702467B6803F58053C2
:106660001A637B6803F580531B691B6824331B681E
:106670007A6802F5805212691046984702467B6894
:1066800003F580535A6317E07B6803F580539B89B9
:1066900019467B6803F580531A6B7B6803F58053BA
:1066A0005B6B1A447B6803F58053DB6A13449942A1
:1066B00002D3786800F0B2F8012318461437BD46BB
:1066C00090BD00BFC0ED010080B584B000AF786020
:1066D0000B46FB707B6803F580539B89B3F5805FA5
:1066E00013D27B6803F580539B891946FA787B683F
:1066F0000B441A737B6803F580539B8901339AB26C
:106700007B6803F580539A812FE07B6803F5805303
:1067100093F82030002B0AD07B6803F10C017B68D2
:1067200003F580539B891A46124804F0EFF87B6802
:1067300003F58053DB691B6814331B687A6802F524
:106740008052D0697A6802F10C017A6802F58052B1
:106750009289FA6007F10C0298477B6803F582532F
:1067600053E902237868FFF75BFE00BF1037BD4690
:1067700080BD00BFC8ED010090B583B000AF786068
:106780007B6803F5805393F8213083F00103DBB27B
:10679000002B16D07B6803F580539B891C467B68D1
:1067A00003F580531B691B6820331B687A6802F568
:1067B000805212691046984703469C4201D3012338
:1067C00000E00023002B24D07B6803F580531B6975
:1067D0001B6810331C687B6803F5805318697B685D
:1067E00003F10C017B6803F580539B891A467B6893
:1067F00003F581530433A0470346002B07D07B6881
:1068000003F58053012283F82120012302E00023B5
:1068100000E0002318460C37BD4690BDF0B58DB0A2
:1068200002AF78607B6800229A60002387F82730E7
:106830007B6803F580531B691B6814331C687B68F5
:1068400003F5805318697B6803F10C017B6803F53D
:1068500080539B891A467B680833A047034683F020
:106860000103DBB2002B01D00023D1E17B6803F5EB
:1068700080531B691B6838331C687B6803F58053A1
:1068800018697B6803F10C017B6803F580539B89D1
:106890001D467B6803F580535A6A7B689B680093AA
:1068A00013462A46A0470346002B00F081817B68EF
:1068B00003F5825353E90223B3F1FF3F08BFB2F15E
:1068C000FF3F37D07B6803F580531B691B683C335F
:1068D0001C687B6803F5805318697B6803F10C0121
:1068E0007B6803F580535A6A7B689B68A047034620
:1068F000002B1FD17B6803F5825353E902457B6867
:1069000003F580531B691B6840331E687B6803F5E1
:10691000805318697B6803F10C017B6803F5805391
:106920005A6A7B689B68B04702460B469D4208BF87
:10693000944201D1012300E00023002B00F0CF801E
:10694000002387F826307B6803F580531B691B689A
:1069500044331C687B6803F5805318697B6803F136
:106960000C017B6803F580539B891A467B6803F50D
:1069700080535B6AA04702460B46134603F00F03A1
:106980003B627B6803F580531B691B6848331C68B6
:106990007B6803F580531D697B6803F10C067B68F7
:1069A00003F580539B899C467B6803F580535B6AA3
:1069B0003B607B6899687B6803F5805358693A6A45
:1069C00013465B0013449B0003441B680193009132
:1069D0003B68624631462846A0470346002B30D02C
:1069E0007B6803F580535A6A7B6803F580531B6B01
:1069F000134408337A6813440433FB617B6803F55E
:106A0000805359693A6A13465B0013449B000B4458
:106A10009C687B6803F5805359693A6A13465B00AA
:106A200013449B000B4418687B6803F58053DA6AB3
:106A30007B68F969A047012387F82630012387F88E
:106A4000273097F8263083F00103DBB2002B00F0EB
:106A50008F807B6803F5805393F82030002B1ED085
:106A60007B6803F580531B691B6844331C687B6893
:106A700003F5805318697B6803F10C017B6803F50B
:106A800080535A6A7B689B68A04702460B46796828
:106A900001F58051896900915F4803F037FF7B68F9
:106AA00003F58053DB691B680C331B687A6802F5B9
:106AB0008052D0697A6802F58052526A0832796849
:106AC0000A44141D7A6891687A6802F58052526A05
:106AD0008A1AFA6007F10C022146984748E07B6861
:106AE00003F5805393F82030002B22D07B6803F508
:106AF000825353E902457B6803F580531B691B6889
:106B000040331E687B6803F5805318697B6803F186
:106B10000C017B6803F580535A6A7B689B68B04719
:106B200002460B46CDE9002322462B463B4803F0A4
:106B3000EDFE7B6803F58053DB691B680C331B6833
:106B40007A6802F58052D0697A6802F58052526AFA
:106B5000083279680A44141D7A6891687A6802F5E7
:106B60008052526A8A1A3A6107F110022146984708
:106B70007B6803F58053DB691B6810331B687A68F8
:106B800002F58052D0697A6802F58052526A083262
:106B900079680A44141D7A6891687A6802F580520F
:106BA000526A8A1A7A6107F11402214698471FE057
:106BB0007B6803F5805393F82030002B02D01848EF
:106BC00003F0A4FE7B6803F58053DB691B68083380
:106BD0001B687A6802F58052D0697A6802F10C016C
:106BE0007A6802F580529289BA6107F118029847D3
:106BF0007B6803F58053002283F821207B6803F52E
:106C0000825353E902237868FFF778FC97F827301E
:106C100018462C37BD46F0BD20EE010058EE0100AD
:106C2000C0EE010090B5ADF5815D83B002AF07F114
:106C3000200444F8140C084607F1200141F81C2CEC
:106C400007F1200242F8203C07F12003024623F816
:106C5000162C07F1200353F8143C03F580531B69ED
:106C60001B684C331C6807F1200353F8143C03F5F0
:106C70008053186907F120031A4607F120010C39E7
:106C800007F5815303F110031B68019307F12003FB
:106C900033F8163C009352F8203C4FF48052A04742
:106CA00007F5805303F114031860002307F58052A1
:106CB00002F11C02136025E007F1200353F8143C95
:106CC0005B681B6814331B6807F1200252F8142C10
:106CD000506807F12002114607F5805202F11C02AC
:106CE00012680A440C3A127852B21146984707F5D6
:106CF000805303F11C031B68013307F5805202F136
:106D00001C02136007F5805303F11C031A6807F592
:106D1000805303F114031B689A42CDD307F120037B
:106D200053F8143C03F5805393F82030002B3CD0EB
:106D300007F1200333F8163C07F5815202F11002E7
:106D4000126819461C4803F0E1FD002307F5805244
:106D500002F11802136019E007F120031A4607F543
:106D6000805303F118031B6813440C3B1B7819462E
:106D7000124804F0A3FC07F5805303F118031B68C5
:106D8000013307F5805202F11802136007F58053B2
:106D900003F118031A6807F5805303F114031B6805
:106DA0009A42D9D3064804F077FD00BF07F5815712
:106DB0000437BD4690BD00BFF0EE010018EF0100A2
:106DC00020EF010080B483B000AF78600123184643
:106DD0000C37BD4680BC704780B483B000AF78608C
:106DE000044A7B681A607B6818460C37BD4680BC35
:106DF000704700BF64F4010080B582B000AF7860D6
:106E00007868FFF7E9FF0421786814F0F9FD7B68E2
:106E100018460837BD4680BD80B584B000AFF86025
:106E2000B9607A603B60FB681846FFF75FF90D4A6E
:106E3000FB681A60FB6800221A71FB68BA689A60E6
:106E4000FB687A68DA60FB683A681A61FB68BA69BD
:106E50005A61FB683A7F1A76FB6818461037BD46C0
:106E600080BD00BF38F4010080B582B000AF78600B
:106E7000054A7B681A607B681846FFF749F97B680A
:106E800018460837BD4680BD38F4010080B582B091
:106E900000AF78607868FFF7E7FF1C21786814F08E
:106EA000AFFD7B6818460837BD4680BD80B483B00F
:106EB00000AF78607B689B68002B01D100230AE05B
:106EC0007B689B681B7803F00103DBB2002B0CBFCF
:106ED00001230023DBB218460C37BD4680BC704747
:106EE00080B485B000AF78607B68DB68002B03D08E
:106EF0007B681B69002B01D100230BE00023FB60A2
:106F00007B68DB681B68FB607B681B691B68FB6038
:106F1000FB685BB218461437BD4680BC704780B42E
:106F200083B000AF78600B46FB707B685B69002B19
:106F300004D07B685B6997F903201A6097F90330E6
:106F400018460C37BD4680BC704780B483B000AF94
:106F5000786000BF0C37BD4680BC704780B483B0FA
:106F600000AF786000BF0C37BD4680BC704780B46E
:106F700083B000AF7860012318460C37BD4680BC53
:106F8000704780B483B000AF78607B68002262F005
:106F900041021A70002262F045025A70002262F02B
:106FA00052029A70002242F01B02DA707B680022C3
:106FB0001A7100225A717B6800229A710022DA71DC
:106FC0007B6818460C37BD4680BC704780B582B0E0
:106FD00000AF78607B681B6819467B689B889BB212
:106FE0001A467B68DB889BB2034804F067FB00BF4E
:106FF0000837BD4680BD00BF24EF010080B582B0D8
:1070000000AF78607B681846FFF710F9054A7B6887
:107010001A607B6801221A717B6818460837BD46E2
:1070200080BD00BFB0F3010080B582B000AF7860D2
:10703000054A7B681A607B681846FFF707F97B688A
:1070400018460837BD4680BDB0F3010080B582B058
:1070500000AF78607868FFF7E7FF0821786814F0E0
:10706000CFFC7B6818460837BD4680BD80B483B02E
:1070700000AF78600B46FB707B68FA781A7100BF2E
:107080000C37BD4680BC704780B483B000AF7860D9
:107090007B681B7918460C37BD4680BC70470000E2
:1070A00080B487B000AFF860B9607A603B600023BD
:1070B0007B610EE0BA687B6913441B680A4A9342FD
:1070C00004D13B687A691A60012308E07B690133C7
:1070D0007B617B68043B7A699A42EBD300231846B4
:1070E0001C37BD4680BC7047BEBAAD1B80B487B0AC
:1070F00000AFF860B9607A603B607B68043B7B61FD
:10710000BA687B6913441B68064A934204D13B6802
:107110007A691A60012300E0002318461C37BD4637
:1071200080BC7047EDAD0F0A80B487B000AFF86047
:10713000B9607A603B603B687B610EE0BA687B694E
:1071400013441B680A4A934204D13B6A7A691A6065
:10715000012308E07B6901337B617B68043B7A692A
:107160009A42EBD3002318461C37BD4680BC7047BB
:10717000BEBAAD1B80B487B000AFF860B9607A606A
:107180003B603B687B610EE0BA687B6913441B6817
:107190000A4A934204D13B6A7A691A60012308E0E3
:1071A0007B6901337B617B68043B7A699A42EBD946
:1071B000002318461C37BD4680BC7047EDAD0F0A52
:1071C00080B483B000AF7860082318460C37BD4602
:1071D00080BC704780B483B000AF78600823184645
:1071E0000C37BD4680BC704780B483B000AF786078
:1071F000042318460C37BD4680BC704780B483B06A
:1072000000AF7860082318460C37BD4680BC704735
:1072100080B483B000AF78604FF6FF7318460C3728
:10722000BD4680BC704780B485B000AFF860B960DF
:107230007A603B60002318461437BD4680BC704717
:1072400080B485B000AFF860B9607A603B604FF001
:1072500000024FF00003104619461437BD4680BCAB
:10726000704780B487B000AFF860B9607A603B6067
:107270003B6808337A689A4201D2002306E0BA6874
:107280003B6813447B617B69DB889BB218461C37E3
:10729000BD4680BC7047B0B487B000AFF860B9603D
:1072A0007A603B603B6808337A689A4204D24FF0B8
:1072B00000044FF000050AE0BA683B6813447B61A4
:1072C0007B699B889BB29BB200221C4615462246D6
:1072D0002B46104619461C37BD46B0BC704780B4DB
:1072E00087B000AFF860B9607A603B603B680833F4
:1072F0007A689A4201D200230DE0BA683B681344D1
:107300007B617B699B889BB21A467B6A934201D161
:10731000012300E0002318461C37BD4680BC70479F
:1073200080B588B000AFF860B9607A603B603B68B8
:1073300010337A689A4201D2002338E0BA683B6879
:107340001344FB61FB69DB889BB21A463B6813441C
:1073500010337A689A4201D2002328E0FB691B6847
:10736000154A934201D0002321E0FB69DB889BB2E0
:107370001A463B6813440833BA681344BB61BB69BF
:107380005B680E4A934201D0002310E0FB69DB8862
:107390009BB208331946F869F9F79CFB7861BB6921
:1073A0001B687A699A4201D0002300E00123184645
:1073B0002037BD4680BD00BFBEBAAD1BEDAD0F0A84
:1073C00080B588B000AFF860B9607A603B60BB6898
:1073D000002B0AD03B68002B02D1FB6A002B04D1A2
:1073E000FB6A10337A689A4201D200233CE007F12D
:1073F00010031846FFF7C5FD3B8DBB82FB6A9BB2AD
:10740000FB82BB681A4607F1100303CB1060516082
:107410003B68002B06D0BB680833FA6A3968184607
:1074200004F09CFEFB6A0833BA681344FB61FB6AF4
:1074300008331946B868F9F74DFBB861FB69BA69BA
:107440001A60FB69002262F012021A71002262F0D7
:1074500052025A71002242F00F029A71002242F049
:107460000A02DA71FB6A103318462037BD4680BD28
:1074700080B586B000AFF860B9607A603B607B6829
:107480007B6117E0BB681B6814331B687969B868B7
:1074900098470346124A93420CBF01230023DBB2F4
:1074A000002B04D03B687A691A60012313E07B69E2
:1074B00001337B61BB681B6818331B68B868984749
:1074C0000346043B7A699A4234BF01230023DBB2AE
:1074D000002BD7D1002318461837BD4680BD00BF0A
:1074E000BEBAAD1B80B586B000AFF860B9607A60F7
:1074F0003B607B68083B7B6118E0BB681B6814330A
:107500001B687A691146B868984703460B4A93424C
:107510000CBF01230023DBB2002B04D07A693B6847
:107520001A60012306E07B69013B7B617B69002BCC
:10753000E3DA002318461837BD4680BDBEBAAD1B3E
:1075400080B586B000AFF860B9607A603B607B6858
:107550007B6118E0BB681B6814331B687A691146AD
:10756000B868984703460C4A93420CBF0123002396
:10757000DBB2002B04D07A693B6A1A60012307E072
:107580007B69013B7B617A693B689A42E2DA0023BE
:1075900018461837BD4680BDBEBAAD1B80B586B053
:1075A00000AFF860B9607A603B607B687B6117E090
:1075B000BB681B6814331B687969B8689847034631
:1075C000124A93420CBF01230023DBB2002B04D0EC
:1075D0003B687A691A60012313E07B6901337B61A0
:1075E000BB681B6818331B68B86898470346043BA0
:1075F0007A699A4294BF01230023DBB2002BD7D1D2
:10760000002318461837BD4680BD00BFEDAD0F0AF8
:1076100080B586B000AFF860B9607A603B607B6887
:107620007B6117E0BB681B6814331B687969B86815
:10763000984703460D4A93420CBF01230023DBB257
:10764000002B04D03B6A7A691A60012309E07B6948
:1076500001337B613A687B6813447A699A42E1D9C5
:10766000002318461837BD4680BD00BFEDAD0F0A98
:1076700080B586B000AFF860B9607A603B607B6827
:107680007B6118E0BB681B6814331B687A6911467C
:10769000B868984703460C4A93420CBF0123002365
:1076A000DBB2002B04D07A693B6A1A60012307E041
:1076B0007B69013B7B617A693B689A42E2DA00238D
:1076C00018461837BD4680BDEDAD0F0A90B585B0A0
:1076D00000AFF860B9607A607B6803F10804BB68AA
:1076E0001B6818331B68B868984703469C428CBFD8
:1076F00001230023DBB2002B01D0002309E0BB688B
:107700001B6810331B687A6806321146B8689847C0
:10771000034618461437BD4690BD000090B58FB0A3
:1077200000AFF860B9607A603B60012387F82F30C2
:10773000BB681B6814331B687968B8689847B862DF
:10774000BB681B6810331B687A6806321146B8683C
:1077500098470346FB8497F82F30002B0CD0BB686A
:107760001B6814331B687968B868984703461A4643
:107770007968964803F0CAF897F82F30002B10D09C
:107780007B681C1DBB681B6810331B687A68043259
:107790001146B868984703461A4621468C4803F0BC
:1077A000B5F897F82F30002B10D07B689C1DBB6874
:1077B0001B6810331B687A6806321146B868984710
:1077C00003461A462146834803F0A0F83A687B68CE
:1077D000D41ABB681B6818331B68B86898470346FF
:1077E0009C428CBF01230023DBB2002B13D097F8FF
:1077F0002F30002B0DD0BB681B6818331B68B8688E
:10780000984701463A687B68D31A1A46724803F0D3
:107810007DF80023D5E0BB6A704A93420AD097F8FE
:107820002F30002B04D0BA6A6C496D4803F06EF813
:107830000023C6E0BB681B6814331B68F98C7A68A8
:107840000A4408321146B86898473862BB681B681A
:1078500014331B68F98C7A680A440C321146B868F4
:107860009847F86197F82F30002B15D0FA8C7B6879
:10787000134403F10804BB681B6814331B68F98CBC
:107880007A680A4408321146B868984703461A468F
:107890002146544803F03AF897F82F30002B15D0C2
:1078A000FA8C7B68134403F10C04BB681B68143327
:1078B0001B68F98C7A680A440C321146B8689847FC
:1078C00003461A462146484803F020F8FB69474A18
:1078D000934201D0002374E03B68043B7B637B6BE5
:1078E000002B01DA00237B6397F82F30002B04D0A4
:1078F0007A68796B3E4803F009F8BB6C1B687A68BC
:107900001A60BB6C5B687A6B1A6000233B630023D0
:107910003B631CE0BB6C9A6807F1140311461846E0
:10792000FEF774FC7B69C3F31E031A467B6B93421C
:1079300005D07B69C3F3C073DBB2012B01D10123F6
:1079400000E00023002B08D13B6B01333B63FB8C31
:1079500020333A6B9A42DDD300E000BFBB6C9A68DB
:1079600007F1180311461846FEF750FC97F82F3020
:10797000002B0AD0BB6CDB681968BB69C3F31E031C
:107980001A463B6B1B4802F0C1FF97F82F30002BC3
:1079900009D0BB6C1B681968BB6C5B681B681A4616
:1079A000154802F0B3FFBB6CDB681B683A6A9A4269
:1079B00014BF01230023DBB2002B01D0002300E021
:1079C000012318463C37BD4690BD00BF70EF010053
:1079D000BCEF010000F0010044F00100BEBAAD1B95
:1079E00094F00100DCF0010018F10100EDAD0F0A88
:1079F00060F1010098F10100F0F1010080B485B060
:107A000000AFF860B9607A603B6000231846143715
:107A1000BD4680BC704780B485B000AFF860B960E7
:107A20007A603B604FF000024FF0000310461946A9
:107A30001437BD4680BC7047F0B587B000AFF86022
:107A4000B9607A603B607B6803F10806BB681B681D
:107A500018331B68B868984703469E428CBF0123C1
:107A60000023DBB2002B04D04FF000044FF00005E0
:107A70000EE0BB681B6810331B687A68043211463D
:107A8000B86898470346FB82FB8A00221C461546CD
:107A900022462B46104619461C37BD46F0BD90B510
:107AA00087B000AFF860B9607A603B607B6803F133
:107AB0000804BB681B6818331B68B86898470346FE
:107AC0009C428CBF01230023DBB2002B01D000239A
:107AD00011E0BB681B6810331B687A6804321146DA
:107AE000B86898470346FB82FB8ABA6A9A4201D17A
:107AF000012300E0002318461C37BD4690BD00005E
:107B000080B400AF024B1846BD4680BC704700BF32
:107B10003C00002080B582B000AF78607B681846DA
:107B2000FEF7B4FB034A7B681A607B681846083787
:107B3000BD4680BD90F3010080B582B000AF786093
:107B4000054A7B681A607B681846FEF7AFFB7B68C6
:107B500018460837BD4680BD90F3010080B582B05D
:107B600000AF78607868FFF7E7FF0421786813F0CA
:107B700047FF7B6818460837BD4680BD80B586B094
:107B800000AFF860B9607A60BB68002B03D07B68F7
:107B90001B68002B06D17B681B681946134802F04E
:107BA000B5FE1FE07B681B687B617B69202B01D9D8
:107BB00020237B610E4802F0A9FE00233B610AE00E
:107BC000BA683B6913441B7819460A4802F09EFEC6
:107BD0003B6901333B613A697B699A42F0D30648BD
:107BE00002F094FE1837BD4680BD00BF34F201009C
:107BF00064F2010018EF010094F2010080B586B034
:107C000000AFF860B9607A60BB68002B03D07B6876
:107C10001B68072B06D87B681B6819460A4802F0C8
:107C200075FE0DE0BB687B617B681B6819460748E1
:107C300002F06CFE7869FFF7C9F9054802F066FEAC
:107C40001837BD4680BD00BF98F20100D0F2010098
:107C500094F2010080B485B000AFF860B9607A603A
:107C600000BF1437BD4680BC7047000080B582B0AD
:107C700000AF00237B6015E00E4A7B6852F823308A
:107C8000002B0CD00B4A7B6852F823301B6808335A
:107C90001B6808497A6851F82220104698477B688B
:107CA00001337B607B68032BE6D900BF00BF083738
:107CB000BD4680BD48F3010080B582B000AF78605A
:107CC0007B685BB219460448FFF729F97B681846C0
:107CD0000837BD4680BD00BF801A002080B584B043
:107CE00000AFF860B9607A603B60FB68B96818461D
:107CF000FEF758FA314AFB681A60FB6803F58053B7
:107D00000833184600F05CF8FB6803F58053002246
:107D10001A84FB6803F5805300225A84FB6803F53C
:107D20008053012283F82420FB6803F5805300224E
:107D300083F82520FB6803F58053002283F8262072
:107D4000FB6803F58053002283F82720FB6803F5C6
:107D50008053012283F82820FB6803F580531A46DC
:107D60007B68D362FB6803F580531A463B68136354
:107D7000FB6803F580531A46BB695363FB6803F540
:107D800080531A46FB699363FB6803F580531A46D8
:107D90003B6AD363FB6803F580531A46BB8CA2F899
:107DA0004030FB6803F580531A4697F8283082F874
:107DB0004230FB6818461037BD4680BD7CF3010099
:107DC00080B483B000AF78607B6800221A617B6862
:107DD00000225A617B6818460C37BD4680BC70474C
:107DE00080B582B000AF7860054A7B681A607B6816
:107DF0001846FEF7EBF97B6818460837BD4680BD8C
:107E00007CF3010080B582B000AF78607868FFF73E
:107E1000E7FF41F24401786813F0F2FD7B681846F1
:107E20000837BD4680BD000080B582B000AF7860E5
:107E3000054A7B681A607B681846FEF7C7F97B68BD
:107E400018460837BD4680BD78F4010080B582B081
:107E500000AF78607868FFF7E7FF4FF482517868E9
:107E600013F0CEFD7B6818460837BD4680BD000084
:107E700090B587B006AF594B1B6803F17801574B9B
:107E80001B6803F17402554B1B6803F17C00534BD4
:107E90001B6874337E240194009303465048FEF718
:107EA000BBFF4E4B1B6803F184014C4B1B6803F175
:107EB00080024A4B1B6803F18800484B1B688033E3
:107EC00021240194009303464648FEF7A5FF434B47
:107ED0001B6803F19001414B1B6803F18C023F4B7F
:107EE0001B6803F194003D4B1B688C3340240194C4
:107EF000009303463C48FEF78FFF384B1B6803F1A5
:107F00009C01364B1B6803F19802344B1B6803F14C
:107F1000A000324B1B68983323240194009303463E
:107F20003248FEF779FF3248FFF7F4FD3148FFF79A
:107F300065F8314B1B7819464FF0FF324FF0FF3395
:107F4000CDE9042300230293294B019300912B4B8D
:107F5000284A24492A48FEF7F5F9274B1B78194689
:107F60004FF0FF324FF0FF33CDE90423002302939B
:107F70001F4B01930091214B1E4A1B492148FEF7DC
:107F8000E1F91D4B1B7819464FF0FF324FF0FF33DC
:107F9000CDE9042300230293154B01930091174B65
:107FA000144A12491848FEF7CDF9184B1B781946A8
:107FB000174B1B6801220492002203920293154B77
:107FC0000193154B00930B46144A05491448FFF7DB
:107FD00085FE00BF0437BD4690BD00BF4C000020A9
:107FE000801A00209C1A0020B81A0020D41A002001
:107FF000F01A0020F41A00207CE80100241A002066
:10800000001B0020402B0020803B002080D301007B
:10801000781A002038000020017B0000940800201E
:10802000C04B002080B500AF1148FFF7D9FE1148C2
:10803000FFF7FAFE1048FFF7F7FE1048FFF7F4FECF
:108040000F48FEF7F1FF0F48FFF776FD0E48FEF7E9
:108050000BFF0E48FEF708FF0D48FEF705FF0D4821
:10806000FEF702FF0C48FEF7B7FE00BF80BD00BF61
:10807000C04B0020803B0020402B0020001B002034
:10808000F41A0020F01A0020D41A0020B81A002098
:108090009C1A0020801A00203800002080B582B091
:1080A00000AF7860786800F008F8786800F045F86C
:1080B000034618460837BD4680BD80B584B000AF82
:1080C00078600023FB737B6803F580539B6B1B6810
:1080D0001B687A6802F58052926B104698470346F7
:1080E000002B25D07B6803F580530833184600F039
:1080F000C2F8034683F00103DBB2002B18D0002343
:10810000BB730123FB737B6803F58053083307F1CE
:108110000E021146184600F0C0F87B685B681B68C9
:1081200014331B687A68526897F90E101046984706
:10813000FB7B18461037BD4680BDF0B58BB006AF4F
:1081400078600023FB73786800F0C8F80346BB60D2
:10815000BB68002B00F08A807B6803F580531B8C82
:10816000B3F5805F05D37B6803F5805340F6FF725B
:108170001A847B6803F580531B8C1A467B68134472
:1081800000221A727B6803F5805393F84230002B6B
:1081900029D07B6803F108007B6803F580531B8CB2
:1081A0001E467B6803F58053D96A7B6803F58053CC
:1081B0001C6B7B6803F58053DB6B7A6802F5805299
:1081C000B2F8402015467A68049200220392029584
:1081D00001930023009323460A46314602F0E4F956
:1081E0000346FB7328E07B6803F108007B6803F516
:1081F00080531B8C1E467B6803F58053D96A7B68CD
:1082000003F580531C6B7B6803F58053DB6B7A6846
:1082100002F58052B2F8402015467A680492002296
:108220000392029501930123009323460A463146A7
:1082300002F0BAF90346FB737B6803F58053002212
:108240001A84FB7B002B11D07B6803F580535B6B9A
:10825000002B0BD07B6803F580535B6B984703467C
:108260004FF0FF321946786800F039F9FB7B184669
:108270001437BD46F0BD80B483B000AF78607B6832
:108280001A697B685B699A420CBF01230023DBB249
:1082900018460C37BD4680BC704780B582B000AF31
:1082A000786039607868FFF7E6FF0346002B01D05D
:1082B00000230FE07B681B697A68D2563B681A700E
:1082C0007B681B691946786800F035F902467B68BF
:1082D0001A61012318460837BD4680BD80B584B0B9
:1082E00000AF7860786800F036F90346FB7297F9C2
:1082F0000B3013F1020F01D10023ECE07B6803F592
:1083000080531B8CB3F5805F05D37B6803F58053E6
:1083100040F6FF721A8497F90B300A2B0DD17B6857
:1083200003F580531B8C1A467B68134400221A7293
:108330007B6803F580531B8CCDE097F90B30082B3D
:1083400003D097F90B307F2B20D17B6803F5805346
:108350001B8C013B9AB27B6803F580531A847B68BF
:1083600003F580531B8CB3F5805F04D37B6803F562
:10837000805300221A847B6803F580531B8C1A46B5
:108380007B68134400221A720023A4E097F90B3093
:108390001B2B0FD17B6803F5805300221A847B6866
:1083A00003F580531B8C1A467B68134400221A7213
:1083B000002390E097F90B30092B6BD17B680833D1
:1083C0004FF48051184603F0D1FC03469AB27B6803
:1083D00003F580531A847B6803F580531B8C1A467F
:1083E0007B68134493F908300A2B09D17B6803F5A5
:1083F00080531B8C013B9AB27B6803F580531A842F
:108400007B6803F580531B8C1A467B68134493F9F1
:1084100008300D2B09D17B6803F580531B8C013B81
:108420009AB27B6803F580531A847B6803F5805306
:108430001B8CB3F5805F05D37B6803F5805340F652
:10844000FF721A847B6803F580531B8C1A467B6885
:10845000134400221A720023FB6011E07B685B6802
:108460001B6814331B687A6850687968FA680A4494
:10847000083292F9002011469847FB680133FB60EF
:108480007B6803F580531B8C1A46FB689342E5D347
:10849000002320E07B6803F580531B8C1A467B6821
:1084A0001344FA7A1A727B6803F580531B8C0133EC
:1084B0009AB27B6803F580531A847B6803F5805376
:1084C0001B8CB3F5805F05D37B6803F5805340F6C2
:1084D000FF721A84002318461037BD4680BD80B550
:1084E00086B000AFF860B9607A6000237B6112E06B
:1084F000BA687B69134493F90030002B16D0BA6830
:108500007B69134493F900301946F86800F095F838
:108510007B6901337B617A697B689A4207D2FB6889
:1085200003F580535B8C0F2BE2D900E000BF00BF46
:108530001837BD4680BD80B485B000AF7860396023
:108540003B68013303F00F03FB60FB6818461437E8
:10855000BD4680BC704780B584B000AF78607B6852
:108560005B681B680C331B687A6852681046984732
:10857000034683F00103DBB2002B02D06FF001034E
:1085800057E07B685B681B6810331B687A68526829
:10859000104698470346FB7397F90F30072B02DC10
:1085A0006FF0010345E07B6803F580531A46FB7BBF
:1085B00082F8263097F90F300D2B05D17B6803F533
:1085C0008053012283F8272097F90F300A2B0CD112
:1085D0007B6803F5805393F926300D2B05D07B681B
:1085E00003F58053002283F827207B6803F580532E
:1085F00093F82430012B0ED197F90F30092B0AD0B4
:108600007B685B681B6814331B687A68526897F94B
:108610000F10104698477B6803F5805393F8253078
:10862000012B04D197F90F301846FFF745FB97F956
:108630000F3018461037BD4680BD80B582B000AF00
:1086400078600B46FB7097F903300D2B02D197F938
:10865000033021E07B6803F5805393F82730002B2B
:108660000DD097F903300A2B09D17B685B681B6832
:1086700014331B687A6852680D21104698477B684E
:108680005B681B6814331B687A68526897F903109B
:108690001046984797F9033018460837BD4680BD05
:1086A00080B500AFFFF7E4FB80BD80B500AFFFF7FA
:1086B000B9FC80BD80B582B000AF786039607B685E
:1086C0001B68184612F0B4FB3B68D3E9002312F094
:1086D00019FC02460B46104619464FF00002054BA6
:1086E00012F03AFD02460B46104619460837BD46C1
:1086F00080BD00BF00005E4180B483B000AF7860F1
:108700007B6800221A7000225A7000229A700022A0
:10871000DA707B6818460C37BD4680BC704780B461
:1087200083B000AF7860084611461A460346FB70D6
:108730000B46BB7013467B70FB7803F00703D9B27E
:108740007A68137861F347131370BB7803F0010361
:10875000D9B27A68137861F3041313707B7803F04D
:108760000F03D9B27A68137861F3030313707B683F
:1087700018460C37BD4680BC704780B483B000AF4C
:108780007860084611461A460346FB700B46BB70DC
:1087900013467B707A68137823F080031370FB789C
:1087A00003F00103D9B27A68137861F3861313706A
:1087B000BB7803F00103D9B27A68137861F34513EB
:1087C00013707B7803F00103D9B27A68137861F3F0
:1087D000041313703B7C03F00103D9B27A68137859
:1087E00061F3C30313703B7D03F00103D9B27A68D0
:1087F000137861F3820313703B7E03F00103D9B257
:108800007A68137861F3410313707A68137823F060
:10881000010313707B6818460C37BD4680BC704757
:1088200080B483B000AF7860084611461A4603460C
:10883000FB700B46BB7013467B70FB7803F00103A3
:10884000D9B27A68137861F3C7131370BB7803F059
:108850000703D9B27A68137861F3061313707B7833
:1088600003F00303D9B27A68137861F383031370BA
:108870003B7C03F00303D9B27A68137861F30103F8
:1088800013707B6818460C37BD4680BC704780B4B7
:1088900083B000AF7860084611461A460346FB7065
:1088A0000B46BB7013467B707A68137823F0800305
:1088B00013707A68137823F040031370FB7803F089
:1088C0000103D9B27A68137861F345131370BB784A
:1088D00003F00103D9B27A68137861F304131370BB
:1088E0007B7803F00103D9B27A68137861F3C3038C
:1088F00013703B7C03F00103D9B27A68137861F3FB
:10890000820313703B7D03F00103D9B27A681378B8
:1089100061F3000313707A68137823F00203137075
:108920007B6818460C37BD4680BC704780B483B066
:1089300000AF7860044A7B681A607B6818460C3781
:10894000BD4680BC704700BF0400020080B483B005
:1089500000AF7860044A7B681A607B6818460C3761
:10896000BD4680BC704700BF0400020080B582B0E5
:1089700000AF78607868FFF7E9FF0421786813F0AA
:108980003FF87B6818460837BD4680BD80B400AF0D
:10899000074B1B6893F86C3003F00203DBB2002B2B
:1089A0000CBF01230023DBB21846BD4680BC7047D4
:1089B0004C00002080B582B000AF00237B60002314
:1089C0007B600DE0FFF7E2FF034683F00103DBB2BB
:1089D000002B09D10120F8F72FF87B6801337B6069
:1089E0007B68632BEED900E000BF7B68612B02D966
:1089F000034801F08BFF00BF0837BD4680BD00BFB4
:108A0000ECF5010080B483B000AF0346FB71FA7946
:108A1000034B1B68DA6600BF0C37BD4680BC70474D
:108A20004C00002080B582B000AF0346FB71FFF719
:108A3000C1FFFA79034B1B689A6600BF0837BD4631
:108A400080BD00BF4C00002080B584B000AF03465D
:108A5000FB710023FB60FFF7ADFFFA79074B1B6842
:108A60009A66FFF7A7FF054B1B689B6EFB60FB68D0
:108A7000DBB218461037BD4680BD00BF4C00002059
:108A800080B483B000AF0346FB7100BF0C37BD4616
:108A900080BC704780B483B000AF0346FB7100BF59
:108AA0000C37BD4680BC704780B485B000AFF8601D
:108AB000C7E90023F968D7E90023C1E90023F96871
:108AC000D7E90623C1E90223FB6818461437BD46DF
:108AD00080BC704780B485B000AFF860C7E9002360
:108AE000F968D7E90023C1E90023F968D7E906232B
:108AF000C1E9022300BF1437BD4680BC704780B473
:108B000083B000AF78607B68D3E900231046194634
:108B10000C37BD4680BC704780B483B000AF78602E
:108B20007B68D3E90223104619460C37BD4680BC4A
:108B3000704700000000000080B582B000AF786090
:108B40007B6800221A707B6800225A707B680022C2
:108B50005A607B6800229A607B680022DA607B683A
:108B600000221A617B6800225A617B6800229A61A8
:108B70007B680022DA617B6800221A627B6800222F
:108B80005A627B6800229A627B680022DA627B6804
:108B900000221A637B6800225A637B6800229A6372
:108BA0007B680022DA637B6800221A647B6803F129
:108BB000480105A3D3E90023084600F0F7FF7B68CE
:108BC00018460837BD4680BDFCA9F1D24D62104061
:108BD00080B582B000AF78607B684833184601F0FA
:108BE00021F87B6818460837BD4680BD80B582B045
:108BF00000AF78607B68243319460548FAF7D4FD46
:108C000002460B46104619460837BD4680BD00BFD8
:108C1000685D002080B582B000AF78607B68283343
:108C200019460548FAF7C0FD02460B46104619469C
:108C30000837BD4680BD00BF785D002080B582B09A
:108C400000AF78607B682C3319460548FAF7ACFD15
:108C500002460B46104619460837BD4680BD00BF88
:108C6000885D002080B582B000AF78607B683033CB
:108C700019460548FAF798FD02460B461046194674
:108C80000837BD4680BD00BF985D002080B582B02A
:108C900000AF78607B68343319460548FAF784FDE5
:108CA00002460B46104619460837BD4680BD00BF38
:108CB000A85D002080B582B000AF78607B68383353
:108CC00019460548FAF770FD02460B46104619464C
:108CD0000837BD4680BD00BFA85D002080B582B0CA
:108CE00000AF78607B683C3319460548FAF75CFDB5
:108CF00002460B46104619460837BD4680BD00BFE8
:108D0000C85D002080B582B000AF78607B684033DA
:108D100019460548FAF748FD02460B461046194623
:108D20000837BD4680BD00BFD85D002080B483B049
:108D300000AF786039607B685A683B681A6000BF92
:108D40000C37BD4680BC704780B483B000AF7860FC
:108D500039607B689A683B681A6000BF0C37BD4673
:108D600080BC704780B483B000AF786039607B68A6
:108D7000DA683B681A6000BF0C37BD4680BC70479C
:108D800080B483B000AF786039607B681A693B6853
:108D90001A6000BF0C37BD4680BC704780B483B0FA
:108DA00000AF786039607B685A693B681A6000BF21
:108DB0000C37BD4680BC704780B483B000AF78608C
:108DC00039607B689A693B681A6000BF0C37BD4602
:108DD00080BC704780B483B000AF786039607B6836
:108DE000DA693B681A6000BF0C37BD4680BC70472B
:108DF00080B483B000AF786039607B681A6A3B68E2
:108E00001A6000BF0C37BD4680BC704780B483B089
:108E100000AF786039607B685A6A3B681A6000BFAF
:108E20000C37BD4680BC704780B483B000AF78601B
:108E300039607B689A6A3B681A6000BF0C37BD4690
:108E400080BC704780B483B000AF786039607B68C5
:108E5000DA6A3B681A6000BF0C37BD4680BC7047B9
:108E600080B483B000AF786039607B681A6B3B6870
:108E70001A6000BF0C37BD4680BC704780B483B019
:108E800000AF786039607B685A6B3B681A6000BF3E
:108E90000C37BD4680BC704780B483B000AF7860AB
:108EA00039607B689A6B3B681A6000BF0C37BD461F
:108EB00080BC704780B483B000AF786039607B6855
:108EC000DA6B3B681A6000BF0C37BD4680BC704748
:108ED00080B483B000AF786039607B681A6C3B68FF
:108EE0001A6000BF0C37BD4680BC704780B584B0A7
:108EF00000AF78600023FB7317E07B6848330021E4
:108F0000184600F0B1FE0346BB73BB7B002B03D1B8
:108F10007B6801221A700BE0BB7BBA7B19465B4869
:108F200001F0F4FCFB7B0133FB73FB7B092BE4D9E1
:108F30007B681B78002B00F0A1807B6848331846C3
:108F400000F05EFF7B6848330821184600F071FF8F
:108F50007B6848330921184600F06BFF7B68483373
:108F60000A21184600F065FF7B6848330B2118463C
:108F700000F05FFF7B6848330C21184600F059FF72
:108F80007B6848330D21184600F053FF7B68483357
:108F90000E21184600F04DFF7B6848330F2118461C
:108FA00000F047FF7B6848331021184600F041FF6E
:108FB0007B6848331121184600F03BFF7B6848333B
:108FC0001221184600F035FF7B68483313211846FC
:108FD00000F02FFF7B6848331421184600F029FF6A
:108FE0007B6848331521184600F023FF7B6848331F
:108FF0001621184600F01DFF7B68483317211846DC
:1090000000F017FF7B6848330321184600F011FF7A
:109010007B6848330421184600F00BFF7B68483317
:109020000521184600F005FF7B68483306211846E5
:1090300000F0FFFE7B684833184600F017FF7B689E
:109040004833184600F08AFF7B68483380220821A5
:10905000184600F0B8FF7B6848330821184600F036
:10906000D4FF03461A468021094801F04FFC094B02
:109070001B689B68184602F047F902E0064801F0B9
:1090800045FC00BF1037BD4680BD00BF04F601009F
:1090900038F601009400002088F6010090B589B0F0
:1090A00002AF78607B681B78002B00F01A8107F113
:1090B0000C031846FFF720FB00237B610DE1FEF750
:1090C000D5FD7B684833184600F0C7FF7B684833FE
:1090D0007969184600F0E7FF0346002B00F0FA809C
:1090E000FEF7C4FD7B6848337A69D1B207F10C0200
:1090F000184600F0F5FFFEF7B9FDFB7B03F02003F7
:10910000DBB2002B05D1FB7B03F04003DBB2002B6D
:109110000FD07B685B78002B00F0DC80FB7BC3F317
:109120000403DBB21946FB7B1A46704801F0EEFBE4
:10913000D0E0FB7B23F07F03DBB2002B00F0BC8090
:109140007B685B78002B1BD0FB7BC3F30403DBB293
:109150001C467B6803F14802FB6843F317033B613D
:1091600007F110031946104600F0DCFF02460B46DB
:10917000F96841F31701009121465D4801F0C6FBF3
:10918000FB7BC3F30403DBB2083B0F2B00F2A1808F
:1091900001A252F823F000BFD9910000E79100002E
:1091A000F591000003920000119200001F92000050
:1091B0002D9200003B92000049920000579200005F
:1091C0006592000073920000819200008F9200006F
:1091D0009D920000AB920000FB6843F317031A4610
:1091E0007B685A6076E0FB6843F317031A467B6896
:1091F0009A606FE0FB6843F317031A467B68DA60F6
:1092000068E0FB6843F317031A467B681A6161E064
:10921000FB6843F317031A467B685A615AE0FB6800
:1092200043F317031A467B689A6153E0FB6843F3E4
:1092300017031A467B68DA614CE0FB6843F31703B7
:109240001A467B681A6245E0FB6843F317031A4627
:109250007B685A623EE0FB6843F317031A467B685B
:109260009A6237E0FB6843F317031A467B68DA62B9
:1092700030E0FB6843F317031A467B681A6329E062
:10928000FB6843F317031A467B685A6322E0FB68C6
:1092900043F317031A467B689A631BE0FB6843F3AA
:1092A00017031A467B68DA6314E0FB6843F317037D
:1092B0001A467B681A640DE07B685B78002B09D046
:1092C000FB7BC3F30403DBB219460A4801F01EFB23
:1092D00000E000BF7B6901337B617B691D2B7FF65A
:1092E000EEAE00BF1C37BD4690BD00BFA4F6010026
:1092F000CCF6010000F7010080B584B000AFF86043
:10930000B9607A603B60474801F000FB4648FAF7D5
:1093100077FA02460B46454801F0F8FA4248FAF758
:1093200083FA02460B46424801F0F0FA3E48FAF74B
:109330008FFA02460B463F4801F0E8FA3A48FAF73E
:109340009BFA02460B463C4801F0E0FA3648FAF731
:10935000A7FA02460B46394801F0D8FA3248FAF724
:10936000B3FA02460B46364801F0D0FA2E48FAF717
:10937000BFFA02460B46334801F0C8FA2A48FAF70A
:10938000CBFA02460B46304801F0C0FA2648FFF7F8
:109390002DFC02460B462D4801F0B8FA2248FFF793
:1093A00039FC02460B462A4801F0B0FA1E48FFF786
:1093B00045FC02460B46274801F0A8FA1A48FFF779
:1093C00051FC02460B46244801F0A0FA1648FFF76C
:1093D0005DFC02460B46214801F098FA1248FFF75F
:1093E00069FC02460B461E4801F090FA0E48FFF752
:1093F00075FC02460B461B4801F088FA0A48FFF745
:1094000081FC02460B46184801F080FA174801F02B
:109410007DFAB86802F018FF03465BB218461037B1
:10942000BD4680BD30F70100105C002070F70100E0
:1094300080F7010090F70100A0F70100B0F70100EC
:10944000C0F70100D0F70100E4F70100F8F70100D0
:109450000CF8010020F8010034F8010048F8010080
:109460005CF8010070F8010080F8010090F801003C
:1094700080B586B000AFF860B9607A603B600023C9
:109480007B617B6901337B61674801F03FFA07F13B
:10949000100319466548FFF749FC3B693A691946CC
:1094A000634801F033FA07F1100319465F48FFF7EC
:1094B0004BFC3B693A6919465E4801F027FA07F10F
:1094C000100319465948FFF74DFC3B693A691946A4
:1094D000594801F01BFA07F1100319465348FFF7EA
:1094E0004FFC3B693A691946544801F00FFA07F1FD
:1094F000100319464D48FFF751FC3B693A6919467C
:109500004F4801F003FA07F1100319464748FFF7E7
:1095100053FC3B693A6919464A4801F0F7F907F1EB
:10952000100319464148FFF755FC3B693A69194653
:10953000454801F0EBF907F1100319463B48FFF7E6
:1095400057FC3B693A691946404801F0DFF907F1D9
:10955000100319463548FFF759FC3B693A6919462B
:109560003B4801F0D3F907F1100319462F48FFF7E4
:109570005BFC3B693A691946364801F0C7F907F1C7
:10958000100319462948FFF75DFC3B693A69194603
:10959000314801F0BBF907F1100319462348FFF7E2
:1095A0005FFC3B693A6919462C4801F0AFF907F1B5
:1095B000100319461D48FFF761FC3B693A691946DB
:1095C000274801F0A3F907F1100319461748FFF7E0
:1095D00063FC3B693A691946224801F097F907F1A3
:1095E000100319461148FFF765FC3B693A691946B3
:1095F0001D4801F08BF907F1100319460B48FFF7DE
:1096000067FC3B693A691946184801F07FF9184828
:1096100001F07CF9B86802F017FE03465BB2184609
:109620001837BD4680BD00BFB8F80100105C0020AF
:10963000F8F8010010F9010028F9010040F90100D3
:1096400058F901006CF9010080F9010098F9010056
:10965000B0F90100C8F90100E0F90100F4F90100D6
:109660000CFA010024FA01003CFA01005CFA010046
:1096700078FA010000000000B0B594B006AFF860C1
:10968000B9607A603B60012387F837309E49B8683B
:1096900002F07EFBB8629C49002002F079FB786200
:1096A0009949002002F074FB38624FF00002974B9A
:1096B000C7E906234FF000024FF00003C7E9042377
:1096C000BB6A002B08D1924801F020F9B86802F07B
:1096D000BBFD03465BB21DE200233B6317E0BA6AA1
:1096E0003B6B134493F90030002B15D0BA6A3B6BE7
:1096F000134493F90030184601F03EFD0146BA6A62
:109700003B6B13444AB21A703B6B01333B633A6BB9
:109710007B689A42E3D300E000BF7B6A002B09D04C
:10972000002387F8373007F118031A467949786A19
:1097300002F0BAF83B6A002B09D0002387F83730D3
:1097400007F110031A467349386A02F0ADF808228F
:109750007149B86A02F0C4FA0346002B40F0048154
:109760004FF000024FF00003CDE900234FF000025C
:10977000664B6A48FFF7AEF94FF000024FF0000366
:10978000CDE900234FF000024FF080436448FFF71B
:10979000A1F94FF000024FF00003CDE900234FF094
:1097A0000002604B6048FFF795F94FF000024FF060
:1097B0000003CDE900234FF000024FF080435B48E7
:1097C000FFF788F94FF000024FF00003CDE90023C6
:1097D0004BA3D3E900235648FFF77CF94FF0000272
:1097E0004FF00003CDE9002345A3D3E900235148FE
:1097F000FFF770F94FF000024FF00003CDE90023AE
:109800004FF000024FF080434B48FFF763F94FF0F1
:1098100000024FF00003CDE900234FF00002474B58
:109820004748FFF757F94FF000024FF00003CDE92A
:1098300000234FF00002354B4248FFF74BF94FF041
:1098400000024FF00003CDE900234FF000022F4B40
:109850003D48FFF73FF94FF000024FF00003CDE91C
:1098600000234FF00002294B3848FFF733F94FF03F
:1098700000024FF00003CDE900234FF00002234B1C
:109880003348FFF727F94FF000024FF00003CDE90E
:1098900000234FF000021D4B2E48FFF71BF94FF03D
:1098A00000024FF00003CDE900234FF00002174BF8
:1098B0002948FFF70FF94FF000024FF00003CDE900
:1098C00000234FF000024FF080432448FFF702F9D5
:1098D0004FF000024FF00003CDE900234FF00002EB
:1098E0000A4B1F48FFF7F6F81E4801F00FF8B8685A
:1098F00002F0AAFC03465BB20CE100BFAFF30080AC
:10990000E3A59BC420B01340A0FA01000000F03F83
:10991000A8FA01000CFB010010FB0100E85C00202C
:10992000F85C002000003040085D0020185D002039
:10993000385D0020485D0020285D002000000840C0
:10994000585D0020685D0020785D0020885D002063
:10995000985D0020A85D0020B85D0020C85D002053
:10996000D85D00201CFB01000023FB626B49B86A34
:1099700002F016FB0346002B01D1694BFB626949DB
:10998000B86A02F00DFB0346002B01D1664BFB6267
:109990006649B86A02F004FB0346002B01D1644B10
:1099A000FB626449B86A02F0FBFA0346002B01D15E
:1099B000614BFB626149B86A02F0F2FA0346002B80
:1099C00001D15F4BFB625F49B86A02F0E9FA0346D6
:1099D000002B01D15C4BFB625C49B86A02F0E0FAF3
:1099E0000346002B01D15A4BFB625A49B86A02F078
:1099F000D7FA0346002B01D1574BFB625749B86A8F
:109A000002F0CEFA0346002B01D1554BFB625549BB
:109A1000B86A02F0C5FA0346002B01D1524BFB6233
:109A20005249B86A02F0BCFA0346002B01D1504BF0
:109A3000FB625049B86A02F0B3FA0346002B01D129
:109A40004D4BFB624D49B86A02F0AAFA0346002B5F
:109A500001D14B4BFB624B49B86A02F0A1FA0346B5
:109A6000002B01D1484BFB6208224849B86A02F03A
:109A700037F90346002B01D1454BFB6208224549CB
:109A8000B86A02F02DF90346002B01D1424BFB626C
:109A9000FB6A002B32D097F8373083F00103DBB23A
:109AA000002B19D0D7E90601D7E90423CDE900231B
:109AB00002460B46F86AFFF70DF8D7E90601D7E929
:109AC00004233C6A0494CDE902237B6A0093024696
:109AD0000B46324800F01AFFF86AFFF710F8044608
:109AE0000D46F86AFFF718F802460B46CDE9002349
:109AF00022462B462A4800F009FF03E0B96A2948AC
:109B000000F004FF284800F001FFB86802F09CFB59
:109B100003465BB218463837BD46B0BD54FB010062
:109B2000E85C00205CFB0100F85C002064FB0100A5
:109B3000085D00206CFB0100185D002074FB010033
:109B4000385D002078FB0100485D00207CFB0100AF
:109B5000285D002084FB0100585D00208CFB010083
:109B6000685D002094FB0100785D00209CFB0100F3
:109B7000885D0020A0FB0100985D0020A8FB01008B
:109B8000A85D0020B0FB0100B85D0020B8FB01001B
:109B9000C85D0020C8FB0100D85D0020D4FB010097
:109BA00018FC010048FC010088FC0100B0B584B03D
:109BB00000AFF860C7E90023FB681846FEF7B6FE61
:109BC000174AFB681A60F968D7E90023C1E9022344
:109BD000FB6810331D241D4604E02846FEF78CFD6B
:109BE000013C0435002CF8DAFB68002283F8882059
:109BF000FB68002283F88920FB68002283F88A2012
:109C0000FB68002283F88B200120FEF739FF01203A
:109C1000FEF740FFFB6818461037BD46B0BD00BFD9
:109C2000F0FF010080B582B000AF7860054A7B6824
:109C30001A607B681846FEF789FE7B68184608376D
:109C4000BD4680BDF0FF010080B582B000AF7860F6
:109C50007868FFF7E7FF9021786811F0D1FE7B6804
:109C600018460837BD4680BD80B58CB004AF78601B
:109C70000B46FB700020FEF7C5FE42F21070F6F7AF
:109C8000DBFE07F11C00002300220621FEF747FD42
:109C9000397F786800F068FA4FF47A70F6F7CCFEF6
:109CA00007F118000123029301230193002300937D
:109CB000012300220121FEF760FD07F114000023BB
:109CC0000093002307220021FEF7AAFD07F11000F0
:109CD0000123019301230093012301220121FEF7B7
:109CE000D6FD3B7E1A460021786800F06CF93B7D7A
:109CF0001A460121786800F066F93B7C1A46062175
:109D0000786800F060F9FB781A460721786800F05F
:109D10005AF900220821786800F055F907F10F037D
:109D20001A460021786800F036FA3A7EFB7B9A42A8
:109D300008D0FB7B19463B7E1A462C4800F0E6FD16
:109D400000234EE007F10F031A460121786800F066
:109D500022FA3A7DFB7B9A4208D0FB7B19463B7D79
:109D60001A46234800F0D2FD01233AE007F10F0321
:109D70001A460621786800F00EFA3A7CFB7B9A427C
:109D800008D0FB7B19463B7C1A461A4800F0BEFD02
:109D9000062326E007F10F031A460721786800F032
:109DA000FAF9FB7BFA789A4208D0FB7B1946FB78DC
:109DB0001A46114800F0AAFD072312E007F10F032D
:109DC0001A460921786800F0E6F9FB7B8B2B07D057
:109DD000FB7B8B221946094800F098FD092300E01F
:109DE000002318462037BD4680BD00BFACFC0100F3
:109DF000F0FC010034FD010078FD0100B8FD010018
:109E000080B483B000AF78607B68002283F888203C
:109E10007B68002283F889207B68002283F88A20EF
:109E20007B68002283F88B2000BF0C37BD4680BCC6
:109E3000704780B584B000AF786039603B681D2BF7
:109E40000FD8786800F0D1F9F86001223B6802FA77
:109E500003F3FA681343FB60F968786800F0EDF9E2
:109E600000E000BF1037BD4680BD000080B584B063
:109E700000AF78607B6893F888301A4603217868D1
:109E800000F0A1F87B6893F889301A4604217868BD
:109E900000F099F87B6893F88A301A4605217868B3
:109EA00000F091F87B6893F88B301A4606217868A9
:109EB00000F089F807F10F031A460321786800F0D3
:109EC0006AF97B6893F88820FB7B9A4204D0FB7B7D
:109ED00019461E4800F01AFD07F10F031A46042127
:109EE000786800F058F97B6893F88920FB7B9A42E8
:109EF00004D0FB7B1946164800F008FD07F10F035C
:109F00001A460521786800F046F97B6893F88A20A4
:109F1000FB7B9A4204D0FB7B19460E4800F0F6FC0E
:109F200007F10F031A460621786800F034F97B68C0
:109F300093F88B20FB7B9A4204D0FB7B19460648A2
:109F400000F0E4FC00BF1037BD4680BDF8FD010005
:109F500034FE010070FE0100ACFE010080B588B047
:109F600004AF78600123FB7307F10800012302931B
:109F70000023019300230093012300220121FEF717
:109F8000FCFB3B7A23F020033B723B7A43F0020355
:109F90003B723B7A23F010033B723B7A1A46002156
:109FA000786800F010F807F10C000023002204216B
:109FB000FEF7B5FB397B786800F0D6F8FB7B1846D6
:109FC0001037BD4680BD80B584B000AF78600B46C9
:109FD000FB701346BB7007F10C03184600F04EF9F6
:109FE000FB7843F06003DBB21946786800F06DF946
:109FF000BB781946786800F068F907F10C03184639
:10A0000000F04EF91037BD4680BD90B585B000AF69
:10A0100078600B46FB7007F10C03184600F02EF930
:10A020000023FB73FB7843F04003DBB219467868EA
:10A0300000F04BF9786800F056F903461A46FB7BAE
:10A040001343FB73FC7B07F10C03184600F028F95F
:10A05000234618461437BD4690BD80B584B000AF86
:10A060007860786800F04DF90346BB60FB7AC3F373
:10A070000403DBB21D2B0FD8FB7A23F07F03DBB286
:10A08000002B09D0FB7AC3F30403DBB21A467B68CA
:10A090000432B96843F822100123FB73FB7B184696
:10A0A0001037BD4680BD80B584B000AF78603960A0
:10A0B0003B681E2B01D900230EE0786800F095F86C
:10A0C000F860FA683B6822FA03F303F00103002BFF
:10A0D00014BF01230023DBB218461037BD4680BDF4
:10A0E00080B485B000AFF8600B467A60FB72FB7AF3
:10A0F0001D2B11D8FB7A7968FA6804339B0013444E
:10A1000018680860FB7AFA6804339B001344DA7815
:10A1100022F08002DA7000E000BF1437BD4680BC38
:10A120007047000080B582B000AF786039603B684E
:10A130001B68184610F07CFE7B68D3E9022310F000
:10A14000E1FE02460B46104619464FF00002054B51
:10A1500011F002F802460B46104619460837BD4674
:10A1600080BD00BF00005E4180B584B000AF786064
:10A17000397007F10C03184600F080F83B78194657
:10A18000786800F0A2F807F10C03184600F088F890
:10A190001037BD4680BD80B586B000AFF8600B4675
:10A1A0007A60FB7207F11403184600F067F87B68C9
:10A1B00000221A70FB7A43F04003DBB21946F868BC
:10A1C00000F083F8F86800F08EF803461A467B68C2
:10A1D0001B781343DAB27B681A7007F11403184630
:10A1E00000F05EF81837BD4680BD80B485B000AF82
:10A1F00078600023FB607B6893F888301A46FB6820
:10A200001343FB607B6893F889301B02FA681343A1
:10A21000FB607B6893F88A301B04FA681343FB6089
:10A220007B6893F88B301B06FA681343FB60FB686E
:10A2300018461437BD4680BC704780B483B000AF69
:10A24000786039603B68DAB27B6883F888203B68C5
:10A250001B0ADAB27B6883F889203B681B0CDAB2F0
:10A260007B6883F88A203B681B0EDAB27B6883F830
:10A270008B2000BF0C37BD4680BC704780B582B0D4
:10A2800000AF78604FF47A70F6F7D6FBFEF792FBDA
:10A290000120FEF7B7FB7B6818460837BD4680BD36
:10A2A00080B582B000AF78600120F6F7C5FBFEF7FD
:10A2B00081FB0020FEF7A6FB4FF47A70F6F7BCFB9B
:10A2C0007B6818460837BD4680BD80B582B000AFB8
:10A2D00078600B46FB70FB781846FEF7A3FB00BFC7
:10A2E0000837BD4680BD80B584B000AF78600020DF
:10A2F000FEF7AAFB0346FB73FB7B18461037BD46EF
:10A3000080BD80B586B000AF786007F110031846B5
:10A31000FFF7B4FF07F10C031846FEF7EDF9302103
:10A320007868FFF7D2FF7868FFF7DDFF0346FB731D
:10A330007868FFF7D8FF0346BB737868FFF7D3FF51
:10A3400003467B737868FFF7CEFF03463B73FB68D9
:10A350007B6107F110031846FFF7A2FF00233A7D47
:10A3600062F307037A7D62F30F23BA7D62F317432A
:10A37000FA7D62F31F6318461837BD4680BD0000A2
:10A3800080B582B002AF6848FEF7D6FB4FF00002FE
:10A390004FF00003CDE900234FF00002634B644807
:10A3A000FEF782FB4FF000024FF00003CDE90023DF
:10A3B0004FF000024FF080435E48FEF775FB4FF010
:10A3C00000024FF00003CDE900234FF000025A4B8A
:10A3D0005A48FEF769FB4FF000024FF00003CDE949
:10A3E00000234FF000024FF080435548FEF75CFB1E
:10A3F0004FF000024FF00003CDE900234FF00002C0
:10A400004FF080434F48FEF74FFB4FF000024FF0F4
:10A410000003CDE9002342A3D3E900234A48FEF715
:10A4200043FB4FF000024FF00003CDE900233CA3B3
:10A43000D3E900234548FEF737FB4FF000024FF009
:10A440000003CDE900234FF00002414B4148FEF7E5
:10A450002BFB4FF000024FF00003CDE900234FF03B
:10A460000002324B3C48FEF71FFB4FF000024FF05A
:10A470000003CDE900234FF000022C4B3748FEF7D4
:10A4800013FB4FF000024FF00003CDE900234FF023
:10A490000002264B3248FEF707FB4FF000024FF058
:10A4A0000003CDE900234FF00002204B2D48FEF7BA
:10A4B000FBFA4FF000024FF00003CDE900234FF00C
:10A4C00000021A4B2848FEF7EFFA4FF000024FF057
:10A4D0000003CDE900234FF00002144B2348FEF7A0
:10A4E000E3FA4FF000024FF00003CDE900234FF0F4
:10A4F00000024FF080431E48FEF7D6FA4FF00002EC
:10A500004FF00003CDE900234FF00002074B19483C
:10A51000FEF7CAFA00BFBD4680BD00BFAFF30080A2
:10A52000E3A59BC420B01340105C00200000F03F66
:10A53000E85C0020F85C002000003040085D00204E
:10A54000185D0020285D0020385D0020485D002057
:10A5500000000840585D0020685D0020785D002004
:10A56000885D0020985D0020A85D0020B85D002077
:10A57000C85D0020D85D002080B500AF0348FEF71D
:10A5800027FB0348FCF728FC00BF80BD105C0020BF
:10A590004800002080B500AFFFF7F2FE80BD80B517
:10A5A00000AFFFF7E9FF80BD90B589B000AFF8605C
:10A5B000B9607A603B600023FB61FB68002B02D02E
:10A5C000BB68002B01D10023DCE07B6B002B16D095
:10A5D000BB6B002B13D0B96B786B01F0C7FB034644
:10A5E0001A46796BF86801F07BFB0346002B14BF19
:10A5F00001230023DBB2002B01D00023C2E0BB68A3
:10A60000BB61BB69202B01D92023BB6197F83C308B
:10A6100083F00103DBB2002B39D00023FB6129E07A
:10A62000FA68FB69134493F90030602B15DDFA6872
:10A63000FB69134493F900307A2B0EDCFA68FB694E
:10A64000134493F90030DBB2203BDBB259B24F4ADE
:10A65000FB6913440A461A7009E0FA68FB6913445F
:10A6600093F90010494AFB6913440A461A70FB69C2
:10A670000133FB61B969F86801F078FB0246FB69B8
:10A68000934234BF01230023DBB2002BC8D13F4BE0
:10A690000022DA7700233B610023FB6148E0FB697D
:10A6A0001B017A6813441B7A7B61BA687B699A4202
:10A6B00001D2BB687B61FB691B017A6813441B688C
:10A6C0007A691946314801F00BFB0346002B0CD088
:10A6D000FB691B017A6813441B687A691946F8689C
:10A6E00001F0FEFA0346002B1FD1FB691B017A68BB
:10A6F00013441B7A1A46FB6813443B61FB691B0138
:10A700007A681344DC68FB691B017A681344186893
:10A71000FB691B017A6813441B7A1A46BB689A1AB4
:10A720003B6C3969A04701232CE0FB690133FB61D5
:10A73000FA693B689A42B2D397F83030002B18D1AF
:10A740001249134800F0E2F80023FB610BE00F4AC6
:10A75000FB69134493F9003019460E4800F0D6F80F
:10A76000FB690133FB61FB69092BF0D90A4800F052
:10A77000CDF897F83030002B03D13968786800F0B5
:10A780000DF8002318462437BD4690BDE85D002033
:10A7900014000200300002003800020080B584B0CE
:10A7A00000AF786039600023FB6010E0FB681B019C
:10A7B0007A6813441968FB681B017A6813445B6864
:10A7C0001A46074800F0A2F8FB680133FB60FA68FC
:10A7D0003B689A42EAD300BF00BF1037BD4680BD38
:10A7E0006000020090B587B002AFF8607A603B600D
:10A7F0000B467B81FB68002B0BD0FB681B680C337E
:10A800001C6879893B6A00933B687A68F868A047BE
:10A8100002E0034800F07AF800BF1437BD4690BD4F
:10A820006800020080B586B000AFF860B9607A6059
:10A83000BB68002B01D1002312E000237B610AE0FA
:10A84000BA687B69134493F900301846FDF734FA6F
:10A850007B6901337B617A697B689A42F0D37B68BC
:10A8600018461837BD4680BD80B586B000AFF86089
:10A87000B9607A60FB68B3F1804F03D3FB680D4A7F
:10A88000934209D97B68BA68F9680B4800F016FF53
:10A89000FA687B68134409E0FB687B617A68B968F1
:10A8A000786901F05BFC02467B6813441846183750
:10A8B000BD4680BD00800040C800020080B586B063
:10A8C00000AFF860B9607A60BB68002B02D0FB680B
:10A8D000002B01D1002315E0FB683B6100237B6165
:10A8E0000BE0BA687B69134493F900303969184664
:10A8F00000F034FF7B6901337B617A697B689A429F
:10A90000EFD37B6818461837BD4680BD0FB480B5BD
:10A9100082B000AF07F114033B603B683A69002145
:10A920000548F8F76FF978607B6818460837BD4628
:10A93000BDE8804004B0704725A800000EB480B583
:10A9400085B000AF786007F12003BB60BB68FA698F
:10A9500079680A48F8F756F9F860FB68002B04DBC1
:10A96000FB687A68134400221A70FB681846143793
:10A97000BD46BDE8804003B0704700BF69A8000035
:10A980000CB480B584B000AF7860396007F11C0367
:10A99000BB60BB68BA6979680548F8F733F9F860B5
:10A9A000FB6818461037BD46BDE8804002B07047CE
:10A9B00069A800000EB480B585B000AF786007F1DB
:10A9C0002003BB60BB68FA6979680648F8F71AF992
:10A9D000F860FB6818461437BD46BDE8804003B0F8
:10A9E000704700BFBDA80000F0B587B004AF786025
:10A9F0007B681B889BB21E467B681B7803F00103B3
:10AA0000DBB2002B01D0592400E04E247B681B7878
:10AA100003F00203DBB2002B01D0592500E04E25E4
:10AA20007B681B7803F00403DBB2002B01D05923B1
:10AA300000E04E237A68127802F00802D2B2002AAF
:10AA400001D0592200E04E227968497801F00101D5
:10AA5000C9B2002901D0592100E04E217868407820
:10AA600000F00200C0B2002801D0592000E04E20C2
:10AA700003900291019200932B46224631460348EF
:10AA8000FFF744FF00BF0C37BD46F0BD3C0102009C
:10AA9000F0B589B006AF78607B681B789C467B6810
:10AAA0001B7803F00103DBB2002B01D0592500E035
:10AAB0004E257B681B7803F00203DBB2002B01D02C
:10AAC000592600E04E267B681B7803F00403DBB2B6
:10AAD000002B01D0592300E04E237A68127802F04F
:10AAE0000802D2B2002A01D0592200E04E22796831
:10AAF000097801F01001C9B2002901D0592100E004
:10AB00004E217868007800F02000C0B2002801D003
:10AB1000592000E04E207C68247804F04004E4B220
:10AB2000002C01D0592400E04E240494039002919B
:10AB30000192009333462A4661460348FFF7E6FE3A
:10AB400000BF0C37BD46F0BDB001020080B582B039
:10AB500000AF78607B681B6819460348FFF7D6FE94
:10AB600000BF0837BD4680BD30020200F0B587B097
:10AB700004AF78607B681B781E467B681B7803F007
:10AB80000103DBB2002B01D0592400E04E247B6886
:10AB90001B7803F00203DBB2002B01D0592500E043
:10ABA0004E257B681B7803F00803DBB2002B01D035
:10ABB000592300E04E237A68127802F01002D2B2D4
:10ABC000002A01D0592200E04E227968097801F06C
:10ABD0002001C9B2002901D0592100E04E21786836
:10ABE000007820F07F00C0B2002801D0592000E09A
:10ABF0004E2003900291019200932B46224631464B
:10AC00000348FFF783FE00BF0C37BD46F0BD00BF11
:10AC10005C02020080B582B000AF78607B681B6880
:10AC200019460348FFF772FE00BF0837BD4680BDD6
:10AC3000DC02020080B582B000AF78607B681B68E0
:10AC400019460D48FFF762FE7B681846FFF78EFF36
:10AC50000A48FFF75BFE7B6801331846FFF718FFD1
:10AC60000648FFF753FE7B6802331846FFF7BCFE29
:10AC700000BF0837BD4680BD0C0302004003020040
:10AC800080B584B002AF78607B6819687B681B78F8
:10AC900003F00203DBB2002B01D0592200E04E2268
:10ACA0007B68DB7803F04003DBB2002B01D0592036
:10ACB00000E04E207B68DB7823F07F03DBB2002BC3
:10ACC00001D0592300E04E23009303460348FFF7C9
:10ACD0001DFE00BF0837BD4680BD00BF4403020013
:10ACE000F0B589B006AF78607B681D687B685E68E8
:10ACF0007B68D3F808C07B68DB687A68126979687A
:10AD00004969786880697C68E469049403900291D9
:10AD1000019200936346324629460348FFF7F6FD49
:10AD200000BF0C37BD46F0BD9003020080B584B073
:10AD300000AF78601C4B1B6803F00103002B14BFAD
:10AD400001230023DBB2002B00D001BE7868FFF79F
:10AD5000C7FF1648FFF7DAFD154B1B681846FFF7CB
:10AD6000F5FE1248FFF7D2FD124B1B681846FFF79D
:10AD700051FF0E48FFF7CAFD0F4B1B681846FFF73F
:10AD80007FFF0A48FFF7C2FD0C4B1B681846FFF710
:10AD900051FF0648FFF7BAFD0023FB60FB689847A8
:10ADA00000BF1037BD4680BDF0ED00E01404020086
:10ADB0005C000020640000206C000020680000207F
:10ADC00080B586B000AF78601248FFF79FFD7B68C2
:10ADD0009B693B617B685B69FB6039690E48FFF7E3
:10ADE00095FDF9680D48FFF791FD00237B6104E0B4
:10ADF000FCF73CFF7B6901337B617B69B3F5805FC6
:10AE0000F6D30023BB60BB68984700BF1837BD4628
:10AE100080BD00BF180402002804020038040200AC
:10AE200080B586B000AF78601248FFF76FFD7B6891
:10AE30009B693B617B685B69FB6039690E48FFF782
:10AE400065FDF9680D48FFF761FD00237B6104E0B3
:10AE5000FCF70CFF7B6901337B617B69B3F5805F95
:10AE6000F6D30023BB60BB68984700BF1837BD46C8
:10AE700080BD00BF4804020028040200380402001C
:10AE800080B586B000AF78601248FFF73FFD7B6861
:10AE90009B693B617B685B69FB6039690E48FFF722
:10AEA00035FDF9680D48FFF731FD00237B6104E0B3
:10AEB000FCF7DCFE7B6901337B617B69B3F5805F66
:10AEC000F6D30023BB60BB68984700BF1837BD4668
:10AED00080BD00BF5C0402002804020038040200A8
:10AEE00080B500AF0248FBF777FF00BF80BD00BF11
:10AEF0005000002080B500AFFFF7F2FF80BD0000DA
:10AF000080B582B000AF786039607B681B681846F6
:10AF10000FF08EFF3B68D3E900230FF0F3FF0246EA
:10AF20000B46104619464FF00002054B10F014F97D
:10AF300002460B46104619460837BD4680BD00BF85
:10AF400000005E4180B400AF00BFBD4680BC7047CA
:10AF500080B582B000AF7860786800F043FC00BF35
:10AF60000837BD4680BD000080B582B000AF012328
:10AF7000FB710648FDF792F80346002B01D0002331
:10AF8000FB71FB7918460837BD4680BDC04B0020D9
:10AF900080B584B002AF786039600A213948FBF788
:10AFA000BEFF0A213748FBF7BAFF0A213548FBF7F5
:10AFB000B6FF0A213348FBF7B2FF0A213148FBF7FD
:10AFC000AEFF0A212F48FBF7AAFF0A212D48FBF705
:10AFD000A6FF0A212B48FBF7A2FF0A212948FBF70D
:10AFE0009EFF48212748FBF79AFF65212548FBF77C
:10AFF00096FF6C212348FBF792FF6C212148FBF759
:10B000008EFF6F211F48FBF78AFF20211D48FBF7A9
:10B0100086FF45211B48FBF782FF53211948FBF7A8
:10B020007EFF43211748FBF77AFF2D211548FBF7D8
:10B0300076FF46211348FBF772FF53211148FBF7B7
:10B040006EFF4D210F48FBF76AFF0A210D48FBF701
:10B0500066FF2023009320230B4A0C490C48FFF77E
:10B0600055FC0423202220210A48FFF74FFC0A4800
:10B0700000F014F80021084800F032F8FFF774FFE0
:10B08000FCE700BF801A002024050200280502000A
:10B0900054050200A0050200C04B002080B582B01C
:10B0A00000AF78607B6803F5805300221A847B68C8
:10B0B00003F5805300225A847B6808334FF4805292
:10B0C0000021184600F054FD7B6803F580530833D7
:10B0D000184600F017F8002318460837BD4680BD13
:10B0E00080B483B000AF78600B46FB707B6803F5DB
:10B0F00080531A46FB7882F8243000BF0C37BD46D7
:10B1000080BC704780B483B000AF78607B68002259
:10B110001A617B6800225A6100BF0C37BD4680BCB3
:10B120007047000080B500AF0248FBF755FE00BF36
:10B1300080BD00BF7800002080B500AFFFF7F2FFB0
:10B1400080BD0000002301461A46184601F0AAB847
:10B1500008B50021044601F0EFF8034B1B6803B16A
:10B1600098472046F5F75EFB505F0020014BC0F882
:10B17000EC307047EC050200034B1B5C03F003034B
:10B18000022B08BF20387047ED050200B1F90C20F2
:10B19000F8B516070C46074648D4496842F40063E0
:10B1A0000029A3815FDDA56A002D3DD0002112F4A6
:10B1B00080523E683960E16961D101233846A84771
:10B1C000451C02466AD0B4F90C30A56AE1695807FB
:10B1D00005D56368D21A236B0BB1E36BD21A002337
:10B1E0003846A847411C4CD13968B4F90C301D29A8
:10B1F0003FD82F4ACA40D2073BD50022626022695D
:10B20000DD04226023F40062A28101D5002943D02D
:10B21000216B3E6041B104F14003994202D03846AF
:10B2200001F046F9002323630020F8BD0E69002ECB
:10B23000FAD0920718BF00230D6808BF4B690E6053
:10B24000AD1B8B600CE02B463246D4F824C0384648
:10B25000E169E047B0F1000CA5EB0C05664406DDA2
:10B26000002DF0DCE0E7E16B00299CDCDCE7B4F9C1
:10B270000C3043F040034FF0FF30A381F8BD226D46
:10B28000A5E70022B4F90C3062602269226023F441
:10B290000062DB04A281BBD52065B9E73B68002BC7
:10B2A00091D01D2B01D0162BE1D13E60BCE700BF31
:10B2B0000100402038B505460C4608B1436B03B386
:10B2C000B4F90C0088B1636EDB0701D481050FD59A
:10B2D00028462146FFF75AFF636E0546DA0702D477
:10B2E000A3899B0508D5284638BD0546284638BDA4
:10B2F000A06D00F04BFEEBE7A06D00F04FFE28467E
:10B3000038BD00F05BF9DBE750B338B5174B0446A6
:10B310001D680DB16B6BBBB1B4F90C0088B1636EE5
:10B32000DB0701D4810513D528462146FFF72EFF00
:10B33000636E0546DA0702D4A3899B050CD528461F
:10B3400038BD0546284638BD284600F037F9E3E702
:10B35000A06D00F01BFEE7E7A06D00F01FFEEEE71A
:10B36000034A0449044800F077B900BF9400002064
:10B3700088000020B5B2000098000020024A03496E
:10B38000034800F069B900BF8800002049010100AE
:10B39000980000200C4B416810B59942044601D03A
:10B3A00004F0D2FEA168094B994202D0204604F075
:10B3B000CBFEE168064B994204D02046BDE8104020
:10B3C00004F0C2BE10BD00BF185E0020805E0020E9
:10B3D000E85E002008B54B6EDA0702D48B899B0526
:10B3E00001D5002008BD886D00F0D0FD002008BD0B
:10B3F00008B54B6EDA0702D48B899B0501D5002076
:10B4000008BD886D00F0CAFD002008BD2DE9F84395
:10B4100000250423304C314A3149DFF8C890DFF869
:10B42000C880324F324E116004F15C002946082278
:10B43000C4E90335C4E90055C4E90555A56065664E
:10B4400000F096FB04F15800C4E90749C4E90987F4
:10B45000E66200F093FD274B2946082204F1C40060
:10B460006367C4E91A55C4E91E552567C4F8CC5072
:10B47000C4F8805000F07CFB04F1680304F1C000C4
:10B48000C4F88430C4E92298C4E9247600F076FD3B
:10B49000194B294604F596700822C4F8DC30C4E93B
:10B4A0003455C4E93855C4F8D850C4F83451C4F8F8
:10B4B000E85000F05DFB04F1D003C4E93D87C4F817
:10B4C000F09004F59470C4F8FC60C4F8EC30BDE86A
:10B4D000F84300F053BD00BF185E0020505F00200D
:10B4E0007DB3000059B9000081B90000C1B9000066
:10B4F000E5B900000900010012000200F8B5064697
:10B500002A4800F043FD2A4B1B68002B43D0294FEB
:10B51000D7E90134013B04D524E05A1C04F1680446
:10B5200020D0B4F90C50013B002DF6D1224B04F190
:10B530005800E360656600F021FD1C4800F02EFD18
:10B5400008222946C4E90155C4E904552560A561CE
:10B5500004F15C0000F00CFBC4E90C55C4E9115582
:10B560002046F8BD3D680DB12F46D1E74FF4D671A6
:10B57000304601F099F8044680B10423056029465D
:10B5800025460C304FF4D072A060636000F0F0FAF2
:10B590003C602F46BCE7FFF739FFB8E703483C6043
:10B5A00000F0FCFC0C233360DAE700BF745F00207E
:10B5B000505F0020880000200100FFFF10B5044606
:10B5C0000A4800F0E3FC636B23B9094B094A1B6886
:10B5D000626323B1BDE81040044800F0DFBCFFF710
:10B5E00015FFBDE81040014800F0D8BC745F002092
:10B5F000505F002095B30000014800F0C7BC00BFB9
:10B60000745F0020014800F0C9BC00BF745F0020D7
:10B6100008B5054800F0BAFCBDE808400020034A20
:10B62000034900F019B800BF745F002088000020B3
:10B63000D5B3000008B50020044A054900F00CF815
:10B64000BDE80840034800F0A9BC00BF8800002006
:10B65000F1B30000745F00202DE9F8434FF00009BA
:10B6600080460F461646D6E90154013D10D4A38901
:10B67000012B08D9B4F90E30013304D021464046DD
:10B68000B84749EA0009013D6B1C04F16804EED19A
:10B690003668002EE7D14846BDE8F8830EB400B501
:10B6A00082B003AB53F8042B8168019302F0ECFEE7
:10B6B00002B05DF804EB03B0704700BF0FB400B5F3
:10B6C000074A83B004AB106853F8042B81680193D8
:10B6D00002F0DAFE03B05DF804EB04B0704700BF7F
:10B6E0009400002070B505460E46144610B1436B19
:10B6F000002B2FD0636ED80702D4A389990520D5DB
:10B70000A368013B002BA36019DAA26993420FDB07
:10B71000F0B20A280CD0054623685A1C22601E701D
:10B72000636EDA0702D4A3899B050ED5284670BD47
:10B7300028462246314600F059F90546F0E7F0B2B6
:10B74000E9E7A06D00F022FCDAE7A06D00F026FC2E
:10B75000284670BDFFF732FFCCE700BF1E4B70B527
:10B760001E6805460C4616B1736B002B2FD0636E16
:10B77000D80702D4A389990520D5A368013B002BE3
:10B78000A36019DAA26993420FDBE8B20A280CD051
:10B79000064623685A1C22601D70636EDA0702D4C5
:10B7A000A3899B050ED5304670BD304622462946FA
:10B7B00000F01CF90646F0E7E8B2E9E7A06D00F0FA
:10B7C000E5FBDAE7A06D00F0E9FB304670BD3046DE
:10B7D000FFF7F4FECBE700BF940000208268FFF77C
:10B7E00081BF00BF024B014618688268FFF77ABF2D
:10B7F0009400002030B5054689B008460C4600F09C
:10B8000023FD01230222234907936B6B06910292C9
:10B8100004A9421C04940191AC68059003926BB397
:10B82000636EB4F90C20D80701D491051FD590049C
:10B8300005D442F4005223F40053A28163669904B4
:10B8400020D42146284601AA04F0E6FCE8B90A25DE
:10B85000636EDA0702D4A3899B0502D5284609B096
:10B8600030BDA06D00F09AFB284609B030BDA06D38
:10B8700000F08CFBB4F90C20636ED8E72846FFF784
:10B880009DFECDE74FF0FF35E3E74FF0FF35636EE8
:10B89000DFE700BFF0060200024B01461868FFF721
:10B8A000A9BF00BF940000200EB44FF40172F0B5A0
:10B8B00000269CB021AD55F8047BADF814201B96F2
:10B8C0000290069000F0C0FC4FF6FF7204460A4B4F
:10B8D0000A49ADF816200A933A462B46086802A991
:10B8E0000E96139601950394079401F09DF91CB0F0
:10B8F000BDE8F04003B070477DB90000940000201F
:10B900000CB44FF401732DE9F04100269CB022AD38
:10B910000746084655F8048BADF81430029106919D
:10B920001B9600F091FC4FF6FF7304460949ADF8F1
:10B9300016300A91424638462B4602A90E961396B7
:10B9400001950394079401F06FF91CB0BDE8F04134
:10B9500002B070477DB9000010B50C46B1F90E1069
:10B9600000F0B2FA002803DB236D0344236510BD09
:10B97000A38923F48053A38110BD00BF002070472A
:10B980002DE9F0410C46B1F90C101F46CB050546D8
:10B9900016460BD421F48051A1813B4632462846FD
:10B9A000B4F90E10BDE8F041F4F7B2BFB4F90E10CF
:10B9B0000223002200F072FAB4F90C10EAE700BF8B
:10B9C00010B50C46B1F90E1000F068FAB4F90C305D
:10B9D000421C0EBF23F4805343F480532065A3819F
:10B9E00010BD00BFB1F90E1000F010BAF8B5064650
:10B9F0000D46144610B1436B002B4AD0B4F90C30FD
:10BA0000A2691807A2601FD52269EAB1EDB29904B4
:10BA10002F46626E24D592042FD42268236961696F
:10BA2000D31A99422CDD0133A1680139A160511C60
:10BA30002160157062699A4219D0A389DB0701D58C
:10BA40000A2D14D03846F8BD2146304600F02EF8B5
:10BA500098B9B4F90C30EDB299042F46626EDAD47D
:10BA600043F4005322F40052A3816266D3E72146D7
:10BA70003046FFF71FFC0028E4D04FF0FF37E1E726
:10BA800021463046FFF716FC0028F6D10123226834
:10BA9000CAE7FFF793FDB1E703460A460249086883
:10BAA0001946FFF7A3BF00BF9400002038B52F4B05
:10BAB00005461B680C4613B15A6B002A4BD0B4F9EB
:10BAC0000C3018071CD5226922B313F0010107D0EE
:10BAD00000206169A0604942A1613AB1002038BDEF
:10BAE000980758BF6169A160002AF7D1190658BFAD
:10BAF0001046F4D543F04003A3814FF0FF3038BD2A
:10BB0000D9062CD55A0712D4226943F00803A38121
:10BB1000002ADAD103F42071B1F5007FD5D0214697
:10BB2000284604F0EFFCB4F90C302269CDE7216B14
:10BB300051B104F14002914204D0284600F0B8FC13
:10BB4000B4F90C30002222630021226923F024037F
:10BB5000C4E90021D9E71846FFF730FDAFE7092215
:10BB600043F040032A60A381C7E700BF9400002090
:10BB700070B5860747D0541E002A3ED00346CAB28D
:10BB800001E0013C39D303F8012B9D07F9D1032CC7
:10BB90002CD9CDB205EB05250F2C1A4605EB054532
:10BBA00034D9A4F1100C2CF00F0603F1100EB6449A
:10BBB0004FEA1C1CC2E90055C2E902551032724519
:10BBC000F8D10CF1010214F00C0F03EB021204F097
:10BBD0000F0C13D0ACF1040323F00303043313441C
:10BBE00042F8045B9342FBD10CF003042CB1C9B2C0
:10BBF0001C4403F8011BA342FBD170BD64461346ED
:10BC0000002CF4D1F9E703461446C0E7A446E1E767
:10BC100011F0FF01034600F0030239D08ABB02682D
:10BC200010B501EB012E0EEB0E4E8EEA0204A2F1CE
:10BC3000013323EA0203A4F1013222EA040213438E
:10BC400013F0803F0FD150F8044F84EA0E0CA4F19A
:10BC50000133ACF1013223EA040322EA0C0213435C
:10BC600013F0803FEFD0037823B936E010F8013F9E
:10BC7000002B32D09942F9D110BD8A4228D09A07C0
:10BC800029D01A7818460133002AF6D11046704799
:10BC9000CAB90268A2F1013323EA020313F0803F1C
:10BCA00008D150F8042FA2F1013323EA020313F064
:10BCB000803FF6D003785BB110F8013F002BFBD139
:10BCC0007047990705D0184613F8012B002AF8D1C0
:10BCD00070471846DDE71846A1E7184610BD00BFBB
:10BCE000002A3ED0844630B50446084380070B4600
:10BCF0002ED1032A07D82BE0043A25D01EF0803F2E
:10BD000022D1032A22D919462068A446A0F1013382
:10BD100023EA000E0B4653F8045B0434A842EBD030
:10BD20009CF800000C7884421DD1E64668B11EF8EC
:10BD3000010F11F8014FA2EB0E03A04203F1FF33F4
:10BD400011D11CEB0303F1D1002030BDA4461946EC
:10BD50009CF800000C78A04205D1012AF4D0E646F8
:10BD6000E4E710467047001B30BD00BF71B10346C9
:10BD700000EB010C01E0634506D01A46117801334F
:10BD80000029F8D1101A7047181A704708467047F2
:10BD9000024A01231268503200F002B894000020D9
:10BDA00018B3F0B407468C4617F8015B01E0A542D2
:10BDB00014D01CF8014B002CF9D1DDB13E460C46E5
:10BDC00016F8015B00E063B114F8013B9D42FAD123
:10BDD0004DB100233B701660F0BC704773B138461C
:10BDE000E0E73746EAE72E46F5E710680028D8D1A5
:10BDF0000020704700201560F0BC7047176003708A
:10BE0000EAE700BF0123FFF7CBBF00BF002238B530
:10BE1000064D044608462A60F4F7E8FC431C00D0AF
:10BE200038BD2B68002BFBD0236038BD545F002049
:10BE3000194B1B6883422ED0416C70B5054681B109
:10BE400000268C593CB121462468284600F030FB7E
:10BE5000002CF8D1696C0436802EF2D1284600F00F
:10BE600027FBA96B11B1284600F022FB2C6C34B1E2
:10BE700021462468284600F01BFB002CF8D1E96C11
:10BE800011B1284600F014FB6B6B1BB12846BDE8CE
:10BE90007040184770BD70479400002038B50C46BC
:10BEA000114600228446074D20462A601A46644601
:10BEB000F4F709FD431C00D038BD2B68002BFBD0E4
:10BEC000236038BD545F002038B50C46114600226F
:10BED0008446074D20462A601A466446F4F70CFD56
:10BEE000431C00D038BD2B68002BFBD0236038BD2D
:10BEF000545F0020014B1868704700BF9400002079
:10BF000070B50F4B0F4DAB42A3EB050607D00024D5
:10BF1000B61055F8043B01349847A642F9D81BF0F7
:10BF2000B9FE094D094B5E1BAB424FEAA60606D08F
:10BF3000002455F8043B01349847A642F9D870BD57
:10BF4000AC7C0200AC7C0200AC7C0200C47C020031
:10BF500038B5074D074C2C1BA41005D0013C55F8F3
:10BF6000043D9847002CF9D1BDE838401BF098BE3D
:10BF7000D87C0200C47C0200704700BF704700BF3D
:10BF8000704700BF704700BF704700BF704700BFD9
:10BF90000120704701207047704700BF704700BF05
:10BFA00080EA010C1CF0030F37D110F0030C20F0D5
:10BFB000030021F0030150F8042B08BF51F8043BA3
:10BFC0000ED08CF0030C6FF07F434FEACC0C23FAB9
:10BFD0000CFC51F8043B42EA0C0243EA0C0300BF9C
:10BFE000A2F1013C9A4201BF2CEA020C1CF0803FF6
:10BFF00050F8042B51F8043BF2D04FEA02604FEAAC
:10C000001222012828BFB0EB036F08BF1B0AF4D02F
:10C0100003F0FF03000EC01A704710F0030F0AD0A0
:10C0200010F8012B11F8013B012A28BF9A42F4D0E5
:10C03000A2EB030070474DF8045D50F8042B01F0AB
:10C04000030521F0030151F8043B022D26D04DD801
:10C0500022F07F45B5EB132FA2F1013C2CEA020C34
:10C060000DD11CF0803C08BF51F8043B0AD185EA91
:10C070000205B5EB036F0CD150F8042BE8E74FEA4B
:10C0800013235BE03CF07F4C54D10B784FEA1265F0
:10C0900054E04FEA126503F0FF034FE04FEA024518
:10C0A000A2F1013C4FEA15452CEA020CB5EB134F07
:10C0B00018D11CF0803C08BF51F8043B07D185EA39
:10C0C0000205B5EB034F09D150F8042BE6E75FEA10
:10C0D0000C4C2FD10B884FEA12452FE04FEA034357
:10C0E0004FEA12454FEA134328E000BF02F0FF0574
:10C0F000B5EB136FA2F1013C2CEA020C0DD11CF040
:10C10000803C08BF51F8043B0AD185EA0205B5EB33
:10C11000032F0AD150F8042BE8E74FEA13630DE030
:10C1200012F0FF0F06D051F8043B4FEA122523F01E
:10C130007F4303E04FF0000020BC704705F0FF0292
:10C1400003F0FF00012828BF904204BF2D0A1B0AFC
:10C15000F4D0A2EB000020BC704700BF844641EA47
:10C16000000313F0030349D1403A23D30B68036063
:10C170004B6843608B688360CB68C3600B69036165
:10C180004B6943618B698361CB69C3610B6A03624D
:10C190004B6A43628B6A8362CB6AC3620B6B036335
:10C1A0004B6B43638B6B8363CB6BC363403040311A
:10C1B000403ADBD230320BD30B6803604B684360EC
:10C1C0008B688360CB68C36010301031103AF3D2B3
:10C1D0000C3205D351F8043B40F8043B043AF9D241
:10C1E000043208D0D2071CBF11F8013B00F8013B14
:10C1F00001D30B8803806046704700BF082A13D321
:10C200008B07B1D010F00303AED0C3F10403D21AF0
:10C21000DB071CBF11F8013B00F8013BA4D331F848
:10C22000023B20F8023B9FE7043AD9D3013A11F8C8
:10C23000013B00F8013BF9D20B7803704B78437057
:10C240008B7883706046704720F0030110F0030084
:10C25000C0F1000051F8043B00F1040C4FEACC0C93
:10C260006FF000021CBF22FA0CF213434FF0010CD6
:10C270004CEA0C2C4CEA0C4CA3EB0C0222EA030215
:10C2800012EACC1204BF51F8043B0430F4D0C2F1DE
:10C29000000102EA0102B2FA82F2C2F11F0200EBCF
:10C2A000D20070472DE9F8431B4D06462868984692
:10C2B0000F469146FFF76AFE184B1C681CB32868AE
:10C2C00065681F2D22DC4EB96B1C0235636044F893
:10C2D0002570FFF763FE0020BDE8F883012304EB1F
:10C2E0008501C1F88890D4F88821AB401A43022E0A
:10C2F000C4F88821C1F80881E6D1D4F88C211A430A
:10C30000C4F88C21E0E7064C1C60D8E7FFF746FE36
:10C310004FF0FF30E0E700BFD801002008610020A7
:10C32000785F0020024B13B10248FEF70BBF704745
:10C330000000000051BF00002DE9F04F82462C4B59
:10C340002C4F83B018688B46CDF804A0FFF71EFE73
:10C350003E684EB34FF000094FF001087468651E47
:10C3600022D4013406EB8404BBF1000F23D173689F
:10C370002268013BAB420CBF7560C4F8009072B1FB
:10C38000D6F8881108FA05F30B42D6F804A01CD1A0
:10C39000904773683A68534523D1B24221D1013D99
:10C3A0006B1CA4F10404DFD1114B186803B0BDE885
:10C3B000F04FFFF7F3BDD4F800315B45D7D0013D16
:10C3C0006A1CA4F10404F6D1EEE7D6F88C01D4F887
:10C3D0008010034209D10198904773683A68534529
:10C3E000DBD0002AE0D01646B8E708469047D0E7F1
:10C3F000D8010020086100202DE9F84306460820F6
:10C40000894604F0B5FF0546DFF89880304600F015
:10C41000FFFBD8F808305F6827F00307A7F1110485
:10C42000A4EB09042C44B4FBF5F4013C05FB04F433
:10C43000A54208DC0021304604F088FFD8F8083017
:10C440003B44984205D0304600F0E8FB0020BDE8B0
:10C45000F8833046614204F079FF01300FD0124A70
:10C46000D8F808303F1B47F001075F60136830467B
:10C470001B1B136000F0D2FB0120BDE8F8830021F4
:10C48000304604F063FFD8F80820831A0F2BDADD5A
:10C4900043F001035360054B03491B68C01A086051
:10C4A000D1E700BFE80100200C610020DC01002082
:10C4B00000297CD0F8B50C46064600F0A9FB54F8DC
:10C4C000043C764FA4F1080523F001016818D7F861
:10C4D00008C04268844522F0030200F08380DB0735
:10C4E000426000EB020C33D454F8084CDCF8043002
:10C4F0002D1B2144AC6807F1080C644503F00103CF
:10C5000064D0D5F80CE0C4F80CE0CEF80840002B5D
:10C5100000F0818041F001036B600160B1F5007FA4
:10C5200022D20122CB0849098A40796801330A43A3
:10C530007A6057F8331007EBC302083AC5E90212D4
:10C5400047F83350CD603046BDE8F84000F066BB98
:10C55000DCF80430DB072BD541F00103B1F5007F97
:10C5600044F8043C0160DCD3B1F5206F4FEA51235D
:10C5700053D28B0903F1390003F13802C300F818D4
:10C58000FB580838984203D161E09B68984204D078
:10C590005A6822F003028A42F7D8D868C5E9023007
:10C5A00085603046DD60BDE8F84000F037BB70477D
:10C5B000114407F1080C836863453FD0C268DA6014
:10C5C000936041F001036B606950A7E7002B5FD1D6
:10C5D0000A44D0E90213CB60996042F001036B601A
:10C5E000AA50B0E70A44D90707D454F8083CED1A1A
:10C5F0001A44D5E90213CB60996042F001036B60E5
:10C60000274BBD601B6893429DD8264B3046196866
:10C61000FFF7F2FE97E71144CDE7142B08D9542B0E
:10C620001DD80B0B03F16F0003F16E02C300A6E7E8
:10C6300003F15C0003F15B02C300A0E741F00103DA
:10C64000C7E90455C5E902CC6B6069507BE701215D
:10C65000921001FA02F279680A437A609EE7B3F514
:10C66000AA7F06D8CB0B03F1780003F17702C30051
:10C6700085E740F25452934206D88B0C03F17D00BB
:10C6800003F17C02C3007AE74FF47E737E2276E7E3
:10C6900041F001036B60016055E700BFE801002035
:10C6A000E00100203C6100202DE9F04F01F10B0575
:10C6B000162D064683B024D8102900F2AD8000F074
:10C6C000A7FA102518234FF0020CB84F3B445C68C2
:10C6D000A3F10802944200F01D8130466368E268CD
:10C6E000A16823F00303CA60234491605A680834A8
:10C6F00042F001025A6000F091FA204603B0BDE812
:10C70000F08F35F0070500F18780A94200F28480A0
:10C7100000F07EFAB5F5FC7FC0F06F816B0A7FD028
:10C72000042B00F21E81AB0903F1390C03F1380E22
:10C730004FEACC009D4F384444680838A04207D1E6
:10C740000DE0002AE16880F2DF80884207D00C46C5
:10C75000636823F003035A1B0F2AF2DDF446DFF867
:10C7600050823C69444500F0BC80636823F00309B3
:10C77000A9EB05030F2B00F34581002BC7E90488C3
:10C7800080F22F81B9F5007FD7F804E080F0C980EE
:10C7900001234FEAD9014FEA5919194403FA09F361
:10C7A00057F831204EEA030E07EBC103083BA260A5
:10C7B000E360C7F804E047F83140D46001204FEA55
:10C7C000AC039840704532D810EA0E0F07D12CF018
:10C7D000030C400010EA0E0F0CF1040CF9D007EB2B
:10C7E000CC0AD646E146DEF80C300BE059681C4610
:10C7F00021F003014A1B0F2ADB6800F3BF80002AE7
:10C8000080F2E2809E45F1D109F1010919F0030F90
:10C810000EF1080EE7D11FE10C23336000246CE712
:10C820004FF400704FF0400C4FF03F0E82E7BC68B1
:10C83000636823F00309A94503D3A9EB05030F2B74
:10C8400052DC5C4B08201B6803F1100804EB090361
:10C85000009304F08DFD584A83461368A8440133C1
:10C8600005D008F1FF388044434203EA08084146F6
:10C87000304604F06BFDB0F1FF3F82464E4A00F0B7
:10C88000DC8004EB0903834200F2D5804B4B0BF1B3
:10C89000FF31186840448446186040F0FB801AEA73
:10C8A000010F40F0F780D7F808A0C84448F0010213
:10C8B000CAF804205446424B1968814238BF1860B8
:10C8C000404B1968814238BF186022F00308A84520
:10C8D000A8EB050301D30F2B06DC304600F09EF9D0
:10C8E0009CE7D7F804E069E7621943F0010345F0DB
:10C8F000010565603046BA600834536000F08EF977
:10C90000204603B0BDE8F08FA2683046D1602344D2
:10C910008A60EBE6DC68A3427FF4DFAE0CF1020C28
:10C920001DE7B9F5206F4FEA59227DD3142A00F292
:10C93000118102F15C03DB005B32F918FB58083906
:10C94000994203D1ECE09B68994204D05A6822F0E6
:10C9500003024A45F7D8D968C4E902318C60DC602B
:10C960002CE7142B6CD9542B00F2FD802B0B03F118
:10C970006F0C03F16E0E4FEACC00DBE6D4F808C072
:10C980003046661945F001056560CCF80C30C3F8F7
:10C9900008C042F00103C7E90466C6E90288736073
:10C9A000625000F03BF90834A7E600BFE801002020
:10C9B000F00100203C610020DC0100200C6100201F
:10C9C000386100203461002021444A68304642F03A
:10C9D00001024A6054F8082FD3609A6000F01EF9F3
:10C9E0008BE6A144D9F80430304643F00103C9F87E
:10C9F000043000F013F908347FE64FEAD50C05F156
:10CA0000080362E6621943F0010145F00105656023
:10CA10003046C7E90422C2E90288516044F809306F
:10CA200000F0FCF8083468E64FEA991202F1390385
:10CA3000DB00383281E7BC4224D0BC68626844E73E
:10CA400003F15C0C03F15B0E4FEACC0072E65AF87E
:10CA50000839534540F0D8801CF0030F0CF1FF3C1F
:10CA6000F5D17B6823EA00037B60400098423FF6E3
:10CA7000DEAE18B9DBE6400009F104091842FAD02D
:10CA8000CC46ACE6614B0BF1FF31186808EB000CAB
:10CA9000C3F800C01068013070D004EB0902AAEBA3
:10CAA000020262441A601AF00702CDE9002340D066
:10CAB000C2F108029244D04408EA01005A44121A12
:10CAC00002EA010B5946304604F040FC421C019B2F
:10CAD00071D0A0EB0A0000EB0B08186848F00102C7
:10CAE0005844BC42C7F808A01860CAF804203FF4B4
:10CAF000E1AEB9F10F0F44D94FF0050C6168A9F10F
:10CB00000C0222F0070201F00101114361600F2ABB
:10CB100004EB0201C1E901CC55D8DAF80420C9E6DA
:10CB20000120921000FA02F24EEA020EC7F804E069
:10CB300012E70AEB08020A40ABEB020202EA010B21
:10CB40005946304604F002FC431C019BC1D1DDF87C
:10CB500000B0C2E7542A18D84FEA193202F16F0325
:10CB6000DB006E32E9E6B3F5AA7F18D8EB0B03F1D0
:10CB7000780C03F1770E4FEACC00DBE5C2F800A099
:10CB800091E70123CAF80430A7E6B2F5AA7F25D8B9
:10CB90004FEAD93202F17803DB007732CDE640F27A
:10CBA0005452934225D8AB0C03F17D0C03F17C0E5B
:10CBB0004FEACC00BEE5009A4FF0000B083A9044D3
:10CBC000A8EB0A0889E7304604F108010093FFF753
:10CBD0006FFC009BD7F808A018689EE740F25453FA
:10CBE0009A420DD84FEA994202F17D03DB007C3274
:10CBF000A3E64FF47E704FF07F0C4FF07E0E99E568
:10CC00004FF47E737E2298E67B682EE70C6100204D
:10CC10000148FFF7BBB900BF685F00200148FFF77C
:10CC2000BDB900BF685F00202DE9F04FADF53B7D39
:10CC300002AFC7E91202B1F90C203B6396048A46A1
:10CC40004B6E05D442F4005223F400538A814B66A4
:10CC50009D04C3F3403401F1E180A146082221463E
:10CC600007F15800FEF784FFBC62BC63FC617C6383
:10CC70003C64774BD3F8E44004F028FB07F15802FA
:10CC800000920346FA6CB86C07F15401A0470028E3
:10CC900061DBFB6C06460344FB647B6D002B00F0FC
:10CCA0004B81012867D0252B6ED00028E1D0FB6C8A
:10CCB00001389E1BDAF8043034181A46002A06F1AF
:10CCC000FF3517DDDAF800306A781878691C904271
:10CCD00003F1010340F03081DAF804208C4202F1C4
:10CCE000FF32CAF80030CAF8042000F03081002A70
:10CCF0000D46E7DC5146B86C08F0B8FC0028E1D0DE
:10CD00003B6C23B1BAF80C305A0640F11581BB6B6D
:10CD1000002B01F08380BB6BDE8818687EB1002495
:10CD20008146A046051F55F8043F0134186805F0F8
:10CD300049FC2B68B442C3F80080F4D148464FF058
:10CD4000FF333B6408B105F03DFC386C07F53977DB
:10CD5000BD46BDE8F08F4FF6FD730822002107F1B4
:10CD600058007B65FEF704FFFB6C0133FB647B6DB1
:10CD7000002B00F0E180374AD25C100700F1C78534
:10CD80000126252B304692D100242546F96C0A78DD
:10CD9000A2F1250301F10108552B00F2CD80DFE857
:10CDA00013F0AB07CB00CB00CB00CB009A07CB0036
:10CDB000CB00CB00CB00CB00D206D206D206D206E7
:10CDC000D206D206D206D206D206D206CB00CB00BD
:10CDD000CB00CB00CB00CB00CB00DD06CB00350574
:10CDE000E700DD06DD06DD06CB00CB00CB00CB0087
:10CDF000E000CB00CB004605CB00CB00CB0080058C
:10CE0000CB00CB00CB00CB002007CB00CB008307AF
:10CE1000CB00CB00CB00CB00CB00DD06CB00370531
:10CE2000E900DD06DD06DD065707A207E000CB00BE
:10CE30008E076307710748055407CB00CB008205B6
:10CE4000DB004C07CB00CB002007CB00DB0000BF92
:10CE5000D8060020ED05020004F01003012D38BFB4
:10CE600001251A467B6414F0010301F00182002AB7
:10CE700041F049823B6B240653F804BB3B6301F14C
:10CE80006D82D846D7F844B05B46DC46C7F83CB064
:10CE900000269B46644604F019FAB0423FF430AFD6
:10CEA000DAE9003213F8011B013ACAF8042007F549
:10CEB000BC729155FA69CAF80030032A06F10103E1
:10CEC00007F1700602D13268042A06D00822002138
:10CED0003046FB62FEF74CFEFB6A009607F5BC721B
:10CEE0004146B86CFB6208F089F90246F861501CB3
:10CEF0003FF406AFFB6A002A41F06A8299447B6CDA
:10CF0000013D002B41F07282C8F80030FB6B002B12
:10CF100001F0AE82A8EB0406BBEBA60F01F2A882DB
:10CF200020464FEACB0106F0E3FA0446002841F020
:10CF300099824FF0FF333B64BB6B002B3FF405AF8E
:10CF4000BB6B18683B6C01337FF4FCAEE3E6023543
:10CF50004D44A5EB06098CE62307EDD14A784146FE
:10CF600016E72207E8D14A7844F0020441460FE769
:10CF700044F001040A234FF0030B7B63724BBB6246
:10CF8000DAF80430002B00F35F845146B86C08F0E7
:10CF90006DFB00287FF4B4AEC7F84C80600641F109
:10CFA0005C810BF1FF33032B3FF656AFDFE813F044
:10CFB000A602E7013D010400B86C04F099F944F4BD
:10CFC000F0637B64036800263B626B1EB3F5B27F9F
:10CFD00007F5BC7B34BF4FF0000CA5F5B27C5C4676
:10CFE00028BF4FF4B275C7E90466FE63FE62BE61F6
:10CFF000C7F80CC0C7F824B0DAF800100A78A2F11C
:10D000002B034E2B50D8DFE813F0BB034F00BB03BC
:10D010004F004F00A100A500A500A500A500A50098
:10D02000A500A500A500A5004F004F004F004F0030
:10D030004F004F004F00B0033F033F033F03DD03AA
:10D04000D4034F004F00C3034F004F004F004F0069
:10D0500096034F0075034F004F004F0070034F00C1
:10D060004F004F005903AB034F004F004F004F00DC
:10D070004F004F004F00B0033F033F033F03DD036A
:10D08000D4034F004F00C3034F004F004F004F0029
:10D0900096034F0075034F004F004F0070034F0081
:10D0A0004F004F005903AB037B6C9B0570D5D7F83D
:10D0B00020B09BF8003093426AD1C7E901544FF089
:10D0C00000085546B24606E0296091F800E09BF85A
:10D0D000000086451CD11BF8010F44464E46013125
:10D0E00008F1010809F10109002800F07E8668684E
:10D0F000013800286860E7DC2946B86C08F0B6FA09
:10D1000030B929689BF8000091F800E08645E2D02C
:10D11000224633465646BC68AA46D7E9085BA8446F
:10D12000C7E90864914644469846BE6C14F8011D50
:10D130005246304608F05CFAA542F7D1D7E90864B8
:10D14000A8EB090926E000BFBD4A01007B6CD905A8
:10D1500000F15185FB6B9B191AD11E467B6CFE6357
:10D1600023F4C0737B64013D04F8012BDAF804302A
:10D1700009F10109013B002BCAF8043040F3BC83DC
:10D18000DAF800300133CAF80030002D7FF434AFF4
:10D19000D7F824B0FB6A002B40F03383FB6B013BD4
:10D1A000012B41F22780731E062B40F247867B6CD1
:10D1B000D80540F1AA84590500F1468714F8011CEE
:10D1C000651E652909F1FF360AD0452908D0524667
:10D1D000B86C08F00DFA14F8021CA9F10206A51E9D
:10D1E0005246B86C08F004FA7B6C13F0100340F060
:10D1F0004A86B1462B707B69002B40F05587002290
:10D200005946B86C07F0ECFA7A6C3B6BD2070546CE
:10D210000E4603F1040440F12B861B68C3E9005657
:10D220003C633B6C01333B6423E507F5BC7B4FF06B
:10D2300000085E466B1EB3F5B27F34BF0021A5F532
:10D24000B271CB4628BF4FF4B275D146C246B04644
:10D250007A6B44F45864F963D9F8000090F800C080
:10D26000ACF12B034D2B62D8DFE813F0BC02610058
:10D27000BC026100610021031C021C021C021C0292
:10D280001C021C021C02C202C20261006100610099
:10D2900061006100610061004E004E004E004E00D2
:10D2A0004E004E006100610061006100610061009C
:10D2B0006100610061006100610061006100610066
:10D2C000610061006100B002610061006100610005
:10D2D00061006100610061004E004E004E004E0092
:10D2E0004E004E006100610061006100610061005C
:10D2F0006100610061006100610061006100610026
:10D30000610061006100B0020A2A10DD24F4386473
:10D3100006F801CBD9F80430013B002BC9F80430E2
:10D3200040F3E0820130C9F80000013D94D143464A
:10D33000E005D0467A63CA46D9469B4605D59E424B
:10D3400000F272845E453FF4F7AD14F0100211D183
:10D3500059467B6BBD6AB86C3270A8473B6BA1061F
:10D3600003F1040540F158841B6818603B6C3D6371
:10D3700001333B64A6EB0B064644B14479E4002D2F
:10D3800008BF4FF0FF35E60704F0100340F1DD82DF
:10D39000002B40F0B5843A6B200652F8041B7964E8
:10D3A0003A6340F18F86FB6300293FF4C5AD8020CE
:10D3B00005F000F9FB6B024600283FF4BAAD796C2A
:10D3C0000860B96BCC888E88B44280F0908508687C
:10D3D00096464FF0200C796C40F82410B96B01345C
:10D3E000CC80DAF80010B24E097816F8018018F0F7
:10D3F00008086BD13E622E461546C7F824E0C7F8F0
:10D400002CC0FB6303F062FF40453FF479ACDAE9DE
:10D41000003213F8011B013ACAE90032FB6907F533
:10D42000BC7B032B0BF8081007F1700408F101080E
:10D4300002D12368042B04D0082200212046FEF7E5
:10D4400097FB00945A4643462946B86C07F0D6FE2F
:10D45000421CF8613FF454AC002800F0AC85FB6935
:10D4600002331FD0286807F095FF002840F09F8600
:10D47000FB69C144032B02D12368042B00D0013E79
:10D48000FB6B002B40F01A867B6C0435002B00F000
:10D4900015867B6AEC1AFB6AB3EBA40F40F2B986DF
:10D4A000D7F83C80DAF80430002B40F35586DAF8E0
:10D4B00000303A6A1B78D35C1B0701D4002EA1D13F
:10D4C0002A46D7F824E0D7F82CC0FB6B002B7FF45A
:10D4D000D0AB13607B6C002B3FF4A3AEA2EB0E022B
:10D4E000931001339C457FF69CAE7C6C111D206827
:10D4F00005F0FEFF002840F0C58092E6002D08BF31
:10D500004FF0FF3504F01003E607FB6240F1928212
:10D51000002B40F032843A6B200652F8043B7B62C9
:10D520003A6340F1D585002B3FF406AD802005F02D
:10D5300041F8786400283FF4FCAC7B6A7A6C1A608E
:10D54000BB6BDC889E88B44280F0EB8418687B6AF1
:10D5500040F82430BB6B0134DC807B6CBB61202342
:10D560003B620024A046FE6907F5BC7BC7F83C90EF
:10D5700003F0ACFE40453FF4C3ABDAE9003213F8E8
:10D58000011B013A032E0BF80810CAF80420CAF850
:10D59000003008F1010807F1600903D1D9F8003023
:10D5A000042B04D0082200214846FEF7E1FACDF80A
:10D5B00000907C6C434621465A46B86C07F01EFE2C
:10D5C000411C06463FF49CAB002840F0DF832060FE
:10D5D00004460822002107F16800FEF7C9FADFF8C7
:10D5E000D4C0224607F170042146B86CDCF8E0C0D4
:10D5F00007F16803E047012814BF002497F8704042
:10D6000007F178031B5D002B00F06E85FB6B032E8A
:10D610004344FB6300F0C383013DFB6A5BB97B6C51
:10D620007A6A04337B6432B1BA699C1A3B6AB3EB01
:10D63000A40F40F2CA83DAF804304FF00008002B40
:10D6400040F3BF82002D93D1D7F83C90FE61FB6A76
:10D65000002B7FF40EAB7A6C13607B6A002B3FF4D7
:10D66000E0AD1346BA69991A8B103A6A01339A42AF
:10D670007FF6D7AD7C6A0431206805F039FF0028B9
:10D680003FF4CFAD2060CCE5796C08057FF580AD27
:10D69000FB6B9B197FF47CAD1E4621F4C0737B6449
:10D6A000FE6360E5044B24F4386433F912202FE65E
:10D6B000ED050200D8060020840A0200796C01F40E
:10D6C0001863B3F5807F7FF463ADFB6A012B7FF4B1
:10D6D0005FAD21F4807343F400637B64302304F86E
:10D6E000013B0023013DFB623DE5062E7FF450AD7A
:10D6F000072638E57B6C19057FF54AAD796C01F496
:10D70000A063B3F5806F05D048057FF541ADFB6A96
:10D71000002B49D07B6C990504D4FB6AB9695B1A6C
:10D72000C7E904437B6C23F4786343F4C0737B64E0
:10D730000023FB6217E5FB6B002B40F01F82FB6AA6
:10D7400033B97B6C03F4E063B3F5E06F00F021853F
:10D75000012E02D0042E7FF41BAD0136F6B202E595
:10D76000072E7FF415AD0826FDE47B6C1B0500F148
:10D77000FF81FB6B012B7FF40BAD0223FB63F2E413
:10D780007B6C19067FF504AD23F080037B64EAE42B
:10D79000002E40F0FB81FB6A8BBB7B6C03F4E063E3
:10D7A000B3F5E06F00F0EE840023D7F824B0FB62FD
:10D7B000F4E47B6C180500F1D581022E7FF4E8AC0F
:10D7C0000326D0E4796C0B0598D561E704F4C063B7
:10D7D000B3F5007F7FF4ABAD24F40074102244F461
:10D7E000A06495E523067FF5A2AD24F080048FE5C3
:10D7F0008D4B33F91220082A3FF788AD97E5D7F80B
:10D8000024B07B6C23F480737B64C7E444F0010490
:10D810004FF0000BC7F84C8044F04004DAF80430B5
:10D82000002B3FF7BBABD7F84C80FFF7AEBB44F003
:10D83000010408237B637D4B4FF0030BBB62DAF8D6
:10D840000430002B7FF7A1ABDAF80020784E137874
:10D85000F35C190740F16884334656469A4605E062
:10D86000326013781AF803301B0715D5736809F175
:10D870000109013B002B736002F10102F0DC31462B
:10D88000B86C07F0F3FE002840F0C58232681378C8
:10D890001AF803301B07E9D4B246C7F84C80FFF7EB
:10D8A00080BB44F001044FF0020BFFF769BB230576
:10D8B0007FF52EAD12B9082244F40074610500F121
:10D8C000A781FB6B24F4607413B1013BFB6301354A
:10D8D000D9F804300AF1010A013B002BC9F80430E1
:10D8E0003FF720AD4946B86C7A6407F0BFFE7A6C0A
:10D8F00000283FF41AAD1AE55146B86C07F0B6FEA1
:10D9000000287FF445AC002D7FF476AB40E4DAF8D4
:10D910000420BC6C0FE0DAF8003045491A78013376
:10D920008A5C11077FF5A5A9DAF8042009F101093D
:10D93000013ACAE90032002AEDDC5146204607F0E0
:10D9400095FE0028E7D0FFF794B9002B40F03F8305
:10D950003B6B53F804BB3B6314F0800300F08A83F5
:10D96000BBF1000F3FF4E8AA202004F023FE044698
:10D9700000283FF4CCA9BB6BCBF80000DE88B3F8DD
:10D980000480464580F082821868BB6B40F826B060
:10D990000136DE802023DAF80000254E0278B25CE2
:10D9A000110700F18D823246A0461E464B46914635
:10D9B000DAF80420013ACAF80420421CCAF8002010
:10D9C000027804F8012BA4EB0802BBF1000F02D08F
:10D9D000B24280F05883013D0BD0DAF80420002ACF
:10D9E00040F39883DAF80000027819F80220120751
:10D9F000DED599463346A4EB080189440131002263
:10DA00002270BBF1000F3FF40CAC8B427FF609ACE7
:10DA1000DBF8000005F06CFD00283FF402ACCBF809
:10DA20000000FFF7FEBB00BF840A02002D4C01007E
:10DA3000ED050200FB6A002B40F06B813B6B14F09C
:10DA4000800453F804BB3B6300F04A83BBF1000F32
:10DA50003FF472AA202004F0ADFD064600283FF4F2
:10DA600056A9BB6BCBF80000DC889A88944280F002
:10DA700029821868BB6B40F824B00134DC80202375
:10DA8000DAF8001007F178080A7818F80220002A5E
:10DA90003FF452AAC7F844903446D946C346984644
:10DAA0003046DAF804604B1C013ECAE900360978BA
:10DAB00000F8011B061BB9F1000F01D046456DD2DD
:10DAC0000646013D0BD0DAF80410002940F36D81C1
:10DAD000DAF8001008781BF800000028E0D1341BA9
:10DAE000CB464346D7F844903FF426AA0022327032
:10DAF000BBF1000F03D0611C8B4200F219833B6C19
:10DB0000A14401333B64FFF7B4B87A6C12F0100300
:10DB10007FF4AFA8237002F4C063B3F5806F7FF485
:10DB20006AABBB69FA6A93423FF469AB9A1A07F28F
:10DB3000D2239C4228BF07F2D1242046BC4902F0E0
:10DB4000EBFDFFF75CBB14F08F0F7FF4F5A905EB3D
:10DB5000850502EB4505303DFFF700BA4FF0040B99
:10DB6000FFF70EBAFB6B9B197FF427AEFFF7F5BAF0
:10DB7000FB6B9B197FF4FDADFFF7EFBAFB6B022B3C
:10DB80007FF4E6AD0323FB63FFF7EDBA032E3FF40A
:10DB9000E4AD052E3FF4E1ADFFF7FABA4FEA4808CD
:10DBA0002046414605F0A4FC044600283FF4AFA8F7
:10DBB0000644C9F8000084E7DAF80430002B3FF788
:10DBC000D7AC5146B86C07F051FD00283FF43AAD90
:10DBD0004446D7F83C90FE61002C3FF438ADFFF787
:10DBE0008FB844F4007410237B63924B4FF0030B07
:10DBF000BB62FFF7C5B923F080037B64FB6A013386
:10DC0000FB62FB68002B40F05681013DFFF7AEBA86
:10DC100024F4B064FFF77CBB220740F1A4813B6B86
:10DC20001B681870FFF7A2BB16F8011C5246B86CAF
:10DC3000013E07F0DDFCFFF785BB0A237B637D4BCC
:10DC40004FF0030BBB62FFF79BB944F40874CAE7BB
:10DC500023077FF471A94A78682A00F07881414649
:10DC600044F00404FFF794B814F08F037FF464A920
:10DC7000BA6B002A00F001824A7844F080044146E1
:10DC8000FFF786B8E1060BD43A6B52F8043B3A63CF
:10DC9000220700F19981660740F15482A3F80090B1
:10DCA000C7F84C80FEF7E5BF414607F1780002F067
:10DCB000C7FC4FF0010B44F04004F864AEE52207C6
:10DCC0007FF43AA94A786C2A00F04781414644F033
:10DCD0000104FFF75DB825437FF42EA94A7810248C
:10DCE0004146FFF755B800237B63534B4FF0030BBE
:10DCF000C7F84C80BB6291E5C7F84C80FEF7D5BFF2
:10DD00004FF0000C07F15402E646C7F844C0FFF795
:10DD100068BBDAF8003007F178081A7818F80220A2
:10DD2000002A3FF409A90133CAF80030DAF80430B8
:10DD3000012D03F1FF33CAF804301BD0BC6C11E095
:10DD4000DAF800301A78013318F8022092B1CAF8D4
:10DD50000030DAF804300BF1010B013B5D45CAF8E5
:10DD6000043007D0002BEBDC5146204607F07EFC48
:10DD70000028E5D0D944FEF77CBF002207F1540308
:10DD80003A627B64BA617A62FFF7EBBB821C3FF4B4
:10DD900013AF7B6C1C68631C7FF41BAC30E4D9F8B8
:10DDA0000030042B7FF438AC37E45146B86C07F0F0
:10DDB0005DFC00283FF48CAEA642CB464346D7F824
:10DDC00044903EF49DAF341B90E61046D90005F018
:10DDD0008FFBB86100283FF4ACA83B6A02197A6453
:10DDE0007A6A5B0010603B6225E4BC687B6C20466D
:10DDF00023F420734246396ABE617B645646AA46C4
:10DE00007D6802F05FFDBB6904469946FB6A013DEF
:10DE1000BB61FFF7ABB9B246FEF772BF4FF0FF33FD
:10DE20003B64386C07F53977BD46BDE8F08F00BF1D
:10DE3000F40602002D4C0100BD4A0100022E40F202
:10DE4000FA81032E3FF4B3A9043EF6B2F543D7F8A6
:10DE50004880254414F8011D5246404607F0C8FB8F
:10DE6000AC42F7D109F1FF39A9EB0609FFF79FB9D9
:10DE70003B6BD3F800807B6C9B0740F18E80C8E938
:10DE80000056FFF7CDB9B146FEF7F3BE4FF6F67375
:10DE900098453EF640AFBB6B08F1080818684FEA9A
:10DEA000880105F025FB00283EF435AFBB6BA3F8D5
:10DEB0000480186069E5FB68013BFB60FFF756B919
:10DEC00001219CE54FF6F6739A423EF624AFBB6BF8
:10DED00002F1080818684FEA880105F009FB0028DC
:10DEE0003EF419AFBB6BA3F804801860C2E54FF68F
:10DEF000F6718E42FB62F8633FF61BA8D7F83880B4
:10DF00000836D8F80000B10005F0F2FA00283FF416
:10DF100010A8FB6AFA6BA8F80460C8F80000FFF7C5
:10DF200057BA4FF6F6739E423FF603A8D7F83880EB
:10DF30000836D8F80000B10005F0DAFA00283EF4FF
:10DF4000F8AFA8F80460C8F80000FFF700BB8A78B3
:10DF500044F008040231FEF71BBF8A7844F0020443
:10DF60000231FEF715BF630769D414F0010240F0D7
:10DF70000681A40740F10381BA4BB96AB86C994293
:10DF800059467B6B00F0658107F032F80B463A6B1F
:10DF90001168C1E90003FFF7E9B902460B460DF02D
:10DFA0004BFA00285FD1284631460DF0A3FAC8F895
:10DFB0000000FFF735B9286007F0ECF9002840F0C1
:10DFC000F680C144FFF75BBA83F8009068E6DAF8A0
:10DFD0000030A54E1A78B25C14073EF54AAE013304
:10DFE000CAF80030DAF80430012D03F1FF33CAF823
:10DFF000043008BF09F101093EF43BAE0124D7F813
:10E00000488011E0DAF800301A780133B25C10076A
:10E0100012D4CAF80030DAF804300134013BA542CA
:10E02000CAF8043000F0C080002BEBDC51464046BB
:10E0300007F01CFB0028E5D0A144FEF71ABE3B6B9D
:10E040001B681880FFF792B95C455E467EF674AF98
:10E05000BD6C14F8011D5246284607F0C9FAB442B7
:10E06000F7D1FEF769BF814803F03AFAC8F800001B
:10E07000FFF7D6B85C469B468DE482B0CDE902330B
:10E0800002ABBB63F8E5760040463146FB637A6439
:10E0900005F02EFA804600283EF439AE7A6CFB6B10
:10E0A000CBF80000841896E43C690A230022B86C7F
:10E0B000611C06F003FD7B69C21A38E54FF00008C9
:10E0C000FFF7F0B97A6C9C469E467B64FFF789B9EE
:10E0D0007B6A7B64FB6A3B62BB617B62FFF741BA90
:10E0E0005E462346A346CBE4D7F83C90FE61B8F1E8
:10E0F000000F3FF4ACAA4546BE6C0BEB0804013D93
:10E100005246304614F8011D07F072FA002DF6D180
:10E11000FFF79DBA5146B86C7B6407F0A7FA7B6C99
:10E1200000283FF45FAC64E4C7F84C80FEF739BFC9
:10E13000DBF8000005F0DCF900283FF4E0ACCBF898
:10E140000000DCE4E5072CD4A4072AD54FEAE972E5
:10E15000C3F800905A60A3E55146B86C07F086FA00
:10E1600000283FF4A4A92A46D7F824E0D7F82CC009
:10E17000FB6BB8F1000F7EF4C3ADFFF7A7B93B6BA3
:10E18000FFF7F2B87B6C012623F4F0637B64FEF7A3
:10E19000EABF7B6C23F4F0637B640123FB63FEF72F
:10E1A000E2BFC3F800907BE5A944FEF762BD2A46B2
:10E1B000D7F824E0D7F82CC0FB6BB8F1000F3FF480
:10E1C00085A90BEB08044546F3469046BE6CC7F89C
:10E1D0003CC0FB62013D5246304614F8011D07F079
:10E1E00007FA002DF6D14246DE46D7F83CC0FB6A5E
:10E1F000FFF76CB95C455E467EF69EAEBD6C14F8CA
:10E20000011D5246284607F0F3F9B442F7D1FEF754
:10E2100093BE786AD90005F06BF9786200283EF465
:10E2200088AEFB6A7A6C5B00D7F83C8005191060F9
:10E23000FB62FFF737B95C457EF67EAE5D4614F8AB
:10E24000011D5246B86C07F0D3F9AC42F7D1FEF786
:10E2500073BE06F0B5FF0B4699E6D7F84C80FFF782
:10E26000F3BA00BF2D4C0100ED050200C409020005
:10E270007A6C002A4DD13B6B53F8046B3B63230649
:10E280005ED5002E3EF458AE284604F093F9804641
:10E2900000283EF43CADBB6B3060B3F806B09C8800
:10E2A000A345C0F093804FF6F6739C423EF633AD23
:10E2B000BB6B08341868A10005F01AF900283EF479
:10E2C0002AADBB6B9C801860BA6B0BF10103D38045
:10E2D00040F82B60CDF800A041462B460122B86CD7
:10E2E00007F0E0F90446002800F09A80A842BFF445
:10E2F00006AC0146306805F0FBF800283FF4FFABA0
:10E300003060FFF7FCBB00239C469B469846FEF717
:10E31000BDBD1C46DAE900239D4202EB03014BDD43
:10E32000CAF80010B86C51461C44ED1A07F09EF96B
:10E330000028EFD0002C3EF4E3ACA144FEF799BCDA
:10E34000CDF800A02B4631460122B86C07F0AAF99F
:10E35000044600287FF4D3ABFEF7D2BCBBF1000F1C
:10E360003EF4EAAD802004F025F9804600283EF412
:10E37000E0ADBB6BCBF80000DE889C88A64219D3C9
:10E380004FF6F6739C423EF6D4ADBB6B083418686A
:10E39000A10005F0ADF800283EF4CBADBB6B9C802E
:10E3A0001860BB6B40F826B00136DE80C4462023DF
:10E3B000FEF76CBD1868F4E75B1B2A442C44CAF8CE
:10E3C0000430CAF80020A144FEF753BC18687BE76C
:10E3D000FA69911C2FD0032A994402D13368042B87
:10E3E00000D0013D7B6C002B3EF490ADDAF8043098
:10E3F0000026002B25DD002D7EF44DAD5B46D7F8C1
:10E400003CB0A446BBF1000F04D0A8EB0C01B3EB69
:10E41000A10F30D87B6C002B7EF42BACFEF701BF34
:10E420003B6C002B3EF477ACBAF80C305B067EF503
:10E4300087ADFEF770BCDAF804201E46002A3EF7CE
:10E440002AAD5146B86C07F011F90028D3D05B46CD
:10E45000A446D7F83CB0002E7EF452ACBBF1000FBE
:10E46000D3D1D7E7FB6B00EB060818604FEA4B0BE4
:10E4700008F10408BAE7DBF8000005F039F80028D5
:10E48000C8D0CBF80000C5E72DE9F04FDDB09146CC
:10E4900009911C4683460F9302F02AFF0368184631
:10E4A0001993FDF7D1FE0822189000212CA8FDF742
:10E4B0005FFBBBF1000F04D0DBF83430002B01F020
:10E4C0003E80099A536EB2F90C20D90702D4970501
:10E4D00040F16E86960406D4099942F4005223F462
:10E4E00000538A814B669D0401F1F883099AB2F9C1
:10E4F0000C30190740F1C7801269002A00F0C38070
:10E5000003F01A020A2A00F0CD80002300249E4660
:10E51000CDE93133002333AACDE91634DA46144667
:10E520004D46CDE91BEE3092CDF868E0CDF880E0A5
:10E53000CDF874E0CDF82CE0CDF848E02F468B4BB9
:10E54000D3F8E46002F0C2FE0DF1B00C03463A4687
:10E55000504628A9CDF800C0B047002800F0C1807F
:10E56000C0F2B780289B252B01D00744E7E7B7EB23
:10E570000508064640F0B98000224FF0FF3393466D
:10E580000A937B787E1C8DF897200C929946013671
:10E59000A9F120035A2B00F2EB80DFE813F02203ED
:10E5A000E900E9001E03E900E900E9000003E900D1
:10E5B000E9006A004D03E90061023003E9002C0321
:10E5C0005B005B005B005B005B005B005B005B0073
:10E5D0005B00E900E900E900E900E900E900E90081
:10E5E0006101E900F101B602610161016101E90027
:10E5F000E900E900E900B202E900E9006502E9008A
:10E60000E900E9000A02E9009602E900E900BE0615
:10E61000E900E900E900E900E900E900E900E900B2
:10E620006101E900F1013B02610161016101A802A0
:10E630003B02ED01E900CD02E900F102DF06DF0255
:10E64000ED01E9000A027200E206E900E900E606CF
:10E65000E90072000022A9F1300316F8019B02EBD9
:10E66000820203EB4202A9F13003092BF5D90C9287
:10E670008EE70F9B53F8042B002A0C920F93C0F2E5
:10E68000EC81337882E7099D58462946FDF70EFA5A
:10E69000002841F08684B5F90C3003F01A020A2AEA
:10E6A0007FF433AF0999B1F90E20002AFFF62DAFA0
:10E6B0004A6ED50702D4980541F1E58023464A46C3
:10E6C0005846099901F0F0FC0B900B985DB0BDE83D
:10E6D000F08F082200212CA8FDF74AFA01200744F8
:10E6E0002DE7B7EB0508064610D0329BC4E9005869
:10E6F00043443293319B0133072B319310DC0834B0
:10E700000B9B43440B93002E7FF436AF329B002BC0
:10E7100041F0A2800022099B3192B3F90C3019E03C
:10E720005046099930AA01F0FFFC80B933ACE7E705
:10E730005046099930AA01F0F7FC002800F08580C6
:10E74000D3460E9B1BB158460E99FDF7B1FE099BAF
:10E75000B3F90C30099A526ED10740F103815B0680
:10E7600001F1C6820B985DB0BDE8F08FD80600209D
:10E770001096B9F1000FC9D0012300228DF80C9139
:10E78000069343AD8DF897200D93CDE913220E9299
:10E790000A9211921BF0020302D0069902310691EF
:10E7A0001BF08408329E05D10C9906980F1A002F91
:10E7B00000F39B806AB101226260319A0136013216
:10E7C0000DF19701072A32963192216000F3C5833B
:10E7D000083463B102236360319B0236013326AAF9
:10E7E000072B32963193226000F3AC830834B8F1E2
:10E7F000800F00F0BD820A9B0D9A9F1A002F00F334
:10E80000F8821BF4807F40F01C820D9B25601E4423
:10E810006360319B32960133072B319300F33083D1
:10E8200008341BF0040F05D00C9B069A9D1A002D8E
:10E8300000F3A083DDE90B3206998A42ACBF9B1836
:10E840005B180B93002E7FF473AF002331930E9B64
:10E850001BB150460E99FDF72BFE33AC109D6DE6B3
:10E860000F9B1096073323F00703F3E802670F931B
:10E8700027F000431F931E964FF0FF32DDE91E0183
:10E88000B24BCDE916670CF0D7FD002840F0EF84BD
:10E89000DDE91E014FF0FF32AC4B0CF0AFFD00285C
:10E8A00040F0E58400220023304639460CF09CFD00
:10E8B000002841F019819DF8972000210320A44DE4
:10E8C000A44B2BF0800B0E910690B9F1470FD8BFE7
:10E8D0001D46CDE913110A910D901191002A3FF4C4
:10E8E00059AF069B0133069354E7102F319A41F339
:10E8F000F181DFF864C221463046099C2E46CDF8EE
:10E9000054C06546219304E0103F102F01F1080127
:10E9100016DD102301321030072ACDE931200D60B9
:10E920004B60F1DD2146504630AA01F0FDFB002886
:10E930007FF406AFDDE93120103F102F33A9E8DC6A
:10E9400035460C460646219B013215993E44072A5E
:10E95000CDE931262160676000F3E1859DF89720BD
:10E96000083427E79A053FF5FAAE099CA06DFDF73C
:10E9700015FBB4F90C30F2E633784BF0200B05E6CA
:10E980000F9BB9F1430F109603F1040600F02485A4
:10E990001BF0100F40F020850F9B43AD1B688DF8D6
:10E9A0000C31012306930D9300220F968DF89720CA
:10E9B000EBE600230F9F109657F8045B8DF8973015
:10E9C000002D00F0ED84B9F1530F00F0CE851BF05F
:10E9D0001003119340F0C9850A9B002BC0F22987D0
:10E9E0001A462846119902F02FFD0E90002801F0DA
:10E9F00082820E9B11995B1B0D9323EAE3734FF008
:10EA00007309CDE913119DF897200F970A9106938A
:10EA10000E9163E71BF0200F10967CD00F9B0733FD
:10EA200023F007031846596850F8083B0A460F9030
:10EA30000029C0F202840A990029C0F2748253EAC4
:10EA400002012BF0800740F06F820A9A002A40F002
:10EA50007082BB460D925CAD61E10C9B5B420C93F6
:10EA600033784BF0040B91E510964BF0100B1BF034
:10EA7000200200F08E830F9B073323F00703194613
:10EA80005A6851F8083B0F9100212BF48067002051
:10EA90000A9D8DF89700002DC0F22A8153EA0200EA
:10EAA00027F0800B40F02381002D40F04D85002998
:10EAB00040F0C68417F001030D9300F0AC833023BF
:10EAC0000DF26F158DF86F3129E110964BF010079C
:10EAD00017F0200200F04F830F9B0121073323F032
:10EAE000070318465A6850F8083B0F90CFE7337871
:10EAF000682B03BF73784BF4007B01364BF0400B5F
:10EB000044E533784BF0080B40E54BF0100B1BF05D
:10EB1000200F109682D10F9A1BF0100F52F8043B71
:10EB20000F9240F085831BF0400F00F07D8343F38C
:10EB3000C03211461BB27BE733786C2B03BF73786E
:10EB40004BF0200B01364BF0100B1FE5FFFFEF7F62
:10EB500000070200FC060200B80A020047F6300374
:10EB60000F9AA948ADF8983052F8043B02210F9251
:10EB70004FF07809002210964BF002071A9086E7B2
:10EB80001BF0200F109600F061830F9B0B9A1B68FF
:10EB90001A60D2175A600F9B04330F935EE65046FB
:10EBA00002F0A6FB436818461D93FDF74DFB20902D
:10EBB0000746504602F09CFB83681B93002F3FF4EE
:10EBC00060AD1B9A3378002A3FF4E0AC1278002A3B
:10EBD0003FF4DCAC4BF4806BD8E433784BF0010BA2
:10EBE000D4E49DF897203378002A7FF4CFAC20221C
:10EBF0008DF89720CAE433784BF0800BC6E4314699
:10EC000011F8019BB9F12A0F01F01682A9F1300326
:10EC1000092B98BF002201F2708011F8019B02EBD2
:10EC2000820203EB4202A9F13003092BF5D942EA33
:10EC3000E2730E460A93ABE42B238DF897303378BA
:10EC4000A4E4B9F1650F40F32681DDE91601002245
:10EC500000230CF0BFFB002800F0C7810123636094
:10EC6000319B6A4A01330136072B32963193226079
:10EC700000F36F840834279B129A934280F2A1829A
:10EC8000189B199A1E44C4E90023319B3296013324
:10EC9000072B319300F379830834129B5D1E002DFE
:10ECA0007FF7BFAD102D319B40F3DE80DFF8609120
:10ECB0001027DDF82480CDF8549004E00834103D8E
:10ECC000102D40F3D38001331036072BC4E9009791
:10ECD000CDE93136F2DD4146504630AA01F024FA42
:10ECE00000287FF42DADDDE9313633ACE7E75F4630
:10ECF000012900F0198102295CAD1ED11A9803F098
:10ED00000F01415C1B0943EA0273120905F8011D5A
:10ED100053EA0201F3D1BB465CAB5B1B0D930A9A2D
:10ED20000D9900238A42B8BF0A46CDE913330692F3
:10ED30000E939DF897201193D0E503F00701DB08AF
:10ED400043EA4273D208303153EA0206284605F8F6
:10ED5000011DF2D1FE07DED53029DCD03023023888
:10ED600005F8013C5CAB1B1ABB4605460D93D6E784
:10ED70000C9B069A9F1A002F7FF73DAD102F319BF9
:10ED800041F37A802248224631464FF01008064669
:10ED9000099C159004E0103F102F02F1080215DDC8
:10EDA00001331031072BC2E90068CDE93131F2DDC2
:10EDB0002146504630AA01F0B7F900287FF4C0ACD4
:10EDC000DDE93131103F102F33AAE9DC14460E463D
:10EDD0000133159A3E44072BCDE931362260676036
:10EDE00000F3C7820A9B0D9A08349F1A002F7FF701
:10EDF00008AD074A102F319B159229DD32464FF09E
:10EE000010082E46099D0AE00C0702003C0702008C
:10EE1000A80A0200103F102F04F1080416DD013388
:10EE2000B7491032072BC4E90018CDE93132F1DDC2
:10EE30002946504630AA01F077F900287FF480ACCB
:10EE4000DDE93132103F102F33ACE8DC3546164691
:10EE50000133159A3E44072BCDE9313622606760B5
:10EE600000F37D810834CCE4A54A1592159A01334C
:10EE70002E44072B22606560CDE931367FF7D0AC98
:10EE80005046099930AA01F04FF900287FF458AC98
:10EE9000329E33ACC5E4129B319F012B06F1010673
:10EEA00007F1010704F1080940F310810123072F3E
:10EEB000CDE931762560636000F3C682189B013787
:10EEC000199A1E44072FC9E90023CDE9317600F3D2
:10EED000C88209F10809129B0022DDE916015C1EB7
:10EEE00000230CF077FA002840F00E81013701353D
:10EEF0002644072FCDE93176C9F80050C9F80440FF
:10EF000000F3F08009F108091C9B01371E44C9F881
:10EF10000430072F2AABCDE93176C9F80030AFDCD9
:10EF200009F108047DE45F460A2B72F1000180F0CC
:10EF3000A58230338DF86F310123BB460D930DF25E
:10EF40006F15ECE65046099930AA01F0EDF800285B
:10EF50007FF4F6AB329E33AC49E45046099930AAAF
:10EF6000159301F0E1F800287FF4EAAB329E159B7F
:10EF700033AC2EE4102D319B40F31587DFF88481EC
:10EF80001027DDF82490CDF8548004E0103D102DBA
:10EF900004F1080415DD01331036072BC4E900879E
:10EFA000CDE93136F2DD4946504630AA01F0BCF8D1
:10EFB00000287FF4C5ABDDE93136103D102D33ACB0
:10EFC000E9DC0133159A2E44072BC4E90025CDE96D
:10EFD00031367FF72FAC5046099930AA01F0A4F8DA
:10EFE00000287FF4ADAB329E24E42799002940F33A
:10EFF000ED80DDE911839845A8BF9846B8F1000F70
:10F000000ADD319B46440133072BC4E90058329690
:10F01000319300F344860834119FB8F1000FA8BF64
:10F02000A7EB0807002F00F30183DDF844901BF4E1
:10F03000806FA94440F05D85279B129A9342C0F2ED
:10F04000E3811BF0010F40F0DF81129AAF18A7EBAC
:10F050000907D51AAF42A8BF2F46002F0BDD319B01
:10F060003E440133072BC4F8009067603296319319
:10F0700000F348860834002FA8BFED1B002D7FF752
:10F08000D0AB102D319B7FF7EFAEDFF874901027D7
:10F09000DDF82480CDF8549004E00834103D102DA4
:10F0A0007FF7E4AE01331036072BC4E90097CDE9B2
:10F0B0003136F2DD4146504630AA01F035F80028DD
:10F0C0007FF43EABDDE9313633ACE7E71BF0010FEF
:10F0D0007FF4ECAE0123072FCDE931762560636024
:10F0E0007FF712AF5046099930AA01F01DF80028A9
:10F0F0007FF426ABDDE931760DF1CC0904E700BFE2
:10F10000A80A0200B80A0200129B012B7FF7FCAE8E
:10F11000112B40F37387AB4BCDF828B010259B46DD
:10F12000DDF82480159305E009F10809103C102C46
:10F1300040F3C18201371036072FC9E900B5CDE988
:10F140003176F1DD4146504630AA00F0EDFF00284F
:10F150007FF4F6AADDE931760DF1CC09E6E75046F9
:10F16000099930AA00F0E0FF00287FF4E9AA329E56
:10F1700033ACFFF746BB0F9951F8043B0F9117F0E2
:10F1800010014FD117F0400047D00A469BB2012131
:10F190007DE40F9951F8043B0F911BF010017FF4AF
:10F1A00073AC1BF0400000F095820A469BB26BE402
:10F1B000099DA86DFCF7EAFEB5F90C206B6EFFF710
:10F1C00089B91BF0010F3FF42CAB59E501236360B3
:10F1D000319B7D4A01330136072B329631932260F1
:10F1E00000F32E850834002940F04682129A0BF075
:10F1F000010313433FF415AB189B199A1E44C4E94D
:10F200000023319B32960133072B319300F32E8379
:10F2100004F1080241E25CAD81E517F400721CBF05
:10F220000246DBB2012132E41BF4007F40F0EB82A6
:10F23000DA1711460029BFF6FEAB5B425F464FF07E
:10F240002D004FF0010162EB420221E41BF0100F90
:10F2500040F0E6811BF0400F40F0CF821BF4007FAE
:10F2600000F0DE810F9B0B9A1B681A7093E4DDE9B6
:10F27000160102460B460CF0DFF8002840F0258608
:10F28000B9F1610F00F01785B9F1410F00F0C182AB
:10F290000A9B013300F0118629F02003472B00F070
:10F2A000E1850E90DDE91612002A13464BF48078B2
:10F2B000C0F2D38400231593DDE91623CDE9222380
:10F2C000A9F14103252B00F21782DFE813F0210397
:10F2D000150215021502E102AE0315021502150210
:10F2E0001502150215021502150215021502150266
:10F2F0001502150215021502150215021502150256
:10F300001502150215021502150215021502210338
:10F31000150215021502E102AE032C4B10961A934A
:10F320001BF020027ED00F9B073323F00703194602
:10F330005A6851F8083B0F911BF0010F09D053EAAE
:10F34000020106D030218DF899904BF0020B8DF818
:10F35000981002212BF48067FFF799BB1096FFF7F6
:10F3600086BB5F461096FFF7B3BB194B10961A93F6
:10F37000D6E75046099930AA00F0D6FE00287FF45F
:10F38000DFA9329E33ACFFF736BA5046099930AA4E
:10F3900000F0CAFE00287FF4D3A9329E33AC7CE48F
:10F3A0000A9B2946062B28BF06232A460A950E9556
:10F3B000CDE91311074D06930F970D931191FFF7A8
:10F3C0008DBA00BFA80A02003C0702002007020015
:10F3D0000C07020034070200082200212EA8FCF7C7
:10F3E000C7FB0F9A43AD2EAB29465046126805F075
:10F3F0005FFF034601330D9000F004860D9B23EA66
:10F40000E3730693FFF7D0BA189A19991644C4E922
:10F410000012319A32960132072A319200F34D845C
:10F42000083412E60F9951F8043B0F911BF01001BC
:10F4300082D11BF0400000F054810A469BB27BE76A
:10F440000A9B5CAD0D936AE45046099930AA00F01E
:10F450006BFE00287FF474A9DDE931760DF1CC094B
:10F460002CE55046099930AA00F05EFE00287FF492
:10F4700067A9DDE931760DF1CC092CE5CDE90D97D1
:10F4800007F480664FF0000EDFF864B21B9F0DF5A5
:10F49000B87C069406E00A2B72F1000237D343468B
:10F4A0002246AC46991841F10001ABFB010424F05F
:10F4B000030000EB94004FF0CC34091A581A04FBF7
:10F4C00000F462F10009A0FB0B800BFB094404442B
:10F4D000052008F00109A9FB000940184FEA580867
:10F4E000303048EAC4780EF1010E0CF1FF350CF80B
:10F4F000010C6408002ECED039788E45CBD1BEF1F8
:10F50000FF0FC8D00A2B72F1000280F0D2821B9745
:10F51000069CCDF848E0DDE90D97FFF7FCBB5046AF
:10F52000099930AA159300F0FFFD00287FF408A97F
:10F530009DF89720329E159B33ACFFF73BB9584698
:10F54000FCF73CF8FEF7BDBF01295F467FF4D3AB63
:10F55000EFE45046099930AA00F0E6FD00287FF458
:10F56000EFA8329E33ACFFF786BB0DF1B808082236
:10F57000002140462995FCF7FBFA0A9B002BC0F2BC
:10F58000898200260694CDF83490344699460FE0DF
:10F590004346504643A905F08BFE431C06F1040682
:10F5A000204400F07984484506DC00F0E4840446F9
:10F5B000299B9A59002AEBD1DDF834900D94069CD2
:10F5C0000D9B002B00F05183632B40F3FB835046CF
:10F5D000591CFDF769F80546002800F046850E9095
:10F5E000082200214046FCF7C3FA0D9E2946334607
:10F5F0005046CDF8008029AA05F0ACFE864240F0C6
:10F600002D8500230D9ACDE9133322EAE271AB5424
:10F610009DF897200F9706910A931193FFF75EB913
:10F620000F9B0B9A1B681A60FFF7B5BA102F319B1E
:10F6300040F30D852F4932464FF010090E46DDF894
:10F640002480159104E00834103F102F40F33E82CF
:10F6500001331032072BC4E90069CDE93132F2DD04
:10F660004146504630AA00F05FFD00287FF468A8AC
:10F67000DDE9313233ACE7E7189B199A1E44C4E93F
:10F680000023319B32960133072B319300F3EE8038
:10F6900004F108020029C0F29983129901330E4443
:10F6A000072BCDE93136156051603FF7E9AB02F128
:10F6B0000804FFF7B6B8DDF828B00137159B2644DB
:10F6C000072FCDE93176C9F80030C9F804407FF73B
:10F6D00019AC07E51BF400721CBF0246DBB2FFF752
:10F6E000D3B91BF400721CBF0246DBB224E600BF94
:10F6F000CDCCCCCCA80A02000A9B50460193022331
:10F7000000932EAB049329AB039327AB0293DDE95F
:10F71000222301F0BDFF1BF0010F054640F03F839F
:10F720002E9B1B1A1293279B1193119BDA1C03DB50
:10F730000A9A9A4280F28E81119BA9F10209013B3B
:10F74000002127935FFA89F2002B8DF8A820B6BF1D
:10F750002D222B22119B8DF8A920B8BFC3F10103E4
:10F76000092B40F36D830DF1BF073A46DFF8D0C295
:10F770001E461046ACFB0321C90801EB8102A3EB36
:10F7800042023032632E00F8012C0B4600F1FF32AA
:10F79000EEDC303302F8013C831EBB4280F03A8439
:10F7A0000DF1A90213F8011BBB4202F8011FF9D1A8
:10F7B0005CAB181AA0F1AD031C93129B1C9A012B91
:10F7C0001A440D9240F374830D9B189A13440D93C1
:10F7D0002BF4806343F4807B00230D9A149322EA78
:10F7E000E272069213931193159B002B40F0218136
:10F7F0009DF897200A93FFF771B80F9B0B9A1B682F
:10F800001A80FFF7C8B943F3C01211465BB2FFF785
:10F810000FB958238DF8993030238DF898300A9B12
:10F820004BF0020B632B00F30083002343AD0E93D8
:10F8300038E52846FCF708FD119B20EAE0714FF0FF
:10F840007309CDE913339DF897200F970D900A9314
:10F8500006910E93FFF742B85046099930AA00F07E
:10F8600063FC00283EF456AFFEF771BF504609997D
:10F8700030AA00F059FC00287EF462AFDDE9313691
:10F88000279933AA06E7886DFCF788FBFEF716BFB9
:10F8900002230A9A0132069200932EAB069E04932D
:10F8A00029AB039327AB019602935046DDE922234F
:10F8B00001F0EEFE29F02007462F054618BF452728
:10F8C000064405D12B78302B00F02B82279B1E4459
:10F8D0000022DDE9220100230BF07CFD002840F02E
:10F8E0005A822E9BB34206D230215A1C2E92197096
:10F8F0002E9B9E42F9D8279A11925B1B472F129399
:10F900003FF413AF462F00F01A82119B013B17E71B
:10F9100027AADDE9220101F0E7FD00224FF07F5325
:10F920000BF0F0FA02460B46CDE906230022002335
:10F930000BF050FD08B1012327930A9B414A591E41
:10F94000414B2E46B9F1610F08BF1A460D94CDF810
:10F950004490CDF848B01395D346DDE90645894675
:10F9600092460A9207E0002200230BF033FD0028A4
:10F9700040F0EE82B9460022344B204629460BF077
:10F98000C1FA0D4604460BF06DFD80460BF050FAAF
:10F9900002460B46204629460BF0FCF81AF80830C0
:10F9A000B9F1FF3F324604460D4609F1FF3706F82C
:10F9B000013BD8D11746264B0022CDE90645DA4651
:10F9C000DDE912B5DDF844900D9C0BF02BFD00280D
:10F9D00000F024830A992E9716F8012CC97B334630
:10F9E0008A4209D1302003F8010C2E9B5A1E2E9218
:10F9F00013F8012C8A42F6D0392A0BBF0A9A013239
:10FA0000927AD2B203F8012C33465B1B1293279BE8
:10FA1000B9F1610F119303F1FF33279300F0BA821C
:10FA200050224FF0410901218EE60A9B06930323E1
:10FA300032E72D2200238DF897200A93FEF751BF5D
:10FA4000CDCCCCCC200702000C07020000003040D7
:10FA50000000E03FDDE91123934200F3A8811BF091
:10FA6000010F119B00F05482189A13440D931BF45C
:10FA7000806F00F05982119B4FF06709002B00F353
:10FA800072810D9B23EAE37306930023C346CDE9FD
:10FA90001333A9E6002350461946CDF8008029AA61
:10FAA00005F058FC034601330D9000F0F5812995CF
:10FAB00086E5209B1D99ED1A1A46284600F0CCFEDB
:10FAC0007B7803B101374FF0000EE8E416460133AE
:10FAD000159A3E44072BCDE931362260676000F36A
:10FAE000CF810834FFF7A1BA2D228DF89720FEF7B9
:10FAF000E4BE129B2246EB180A93139B4C46002B44
:10FB00003146DDF85080CDF844B0DDF86C90209E91
:10FB1000DDF824B014952EDDB8F1000F7DDD08F17D
:10FB2000FF3831981D9B013031440728C2E9003667
:10FB30003291319066DC08320A9B99F800001F1B55
:10FB40008742A8BF0746002F0BDD319839440130AA
:10FB50000728C2E900473291319064DC99F800002F
:10FB60000832002FB4BF0546C51B002D15DC044428
:10FB7000139B002BD0DCB8F1000FD0DCCDF86C90DB
:10FB8000A146149D129B1446EB1899450E4628BFBA
:10FB90009946DDF844B0FFF74FBA102D3198AF4BBE
:10FBA00023DD0D9410272C461D4604E0103C102C3C
:10FBB00002F1080216DD0130A84B10310728C2E916
:10FBC0000037CDE93101F1DD5946504630AA00F049
:10FBD000ABFA00287EF4B4ADDDE93101103C102C05
:10FBE00033AAE8DC2B4625460D9C01302944072822
:10FBF000CDE931011360556043DC99F8000008320B
:10FC00000444B5E75946504630AA00F08DFA002862
:10FC10007EF496AD329933AA8EE7139B09F1FF3932
:10FC2000013B13937DE75946504630AA00F07CFA19
:10FC300000287EF485AD99F80000329933AA90E748
:10FC40005046099930AA00F06FFA00287EF478AD8A
:10FC50002799329E33ACFFF7C6BA22912D2103F1CA
:10FC6000004315912393FFF72BBB0D9B9DF8972025
:10FC7000CDE913330F9706930A9311930E93FEF772
:10FC80002DBE5946504630AA00F04EFA00287EF4A8
:10FC900057AD99F80000329933AA044468E75046FA
:10FCA000099930AA00F040FA00287EF449AD329E4E
:10FCB00033ACFFF7B1B97823ACE55046099930AAC7
:10FCC00000F032FA00287EF43BAD279B329E33AC25
:10FCD000FFF7BBB962491591FEF736BEDC0707D4C2
:10FCE000099B9B89980503D4099B986DFCF756F9ED
:10FCF0004FF0FF330B93FEF735BD00230E460A93FA
:10FD0000FEF746BC5046099930AA00F00DFA0028CB
:10FD10007EF416AD279D129B329E33AC5D1BFFF720
:10FD2000AAB90022DDE9220100230BF053FB0028D1
:10FD300000F03281279B1E441193731B129311997B
:10FD40000A9A0BF00103002943EA020340F34381BE
:10FD5000002B40F017814FF06609119B0D931BF4A7
:10FD6000806F3FF48EAE1B990B78FF2B00F07281F1
:10FD70000026119A304604E001300131FF2B00F0DB
:10FD8000D680934280F2D380D21A4B78002BF3D1E5
:10FD90000B780136F2E7279A33461192ADE50A9BBC
:10FDA0004727C61894E52E4A1592FFF70AB9129B09
:10FDB000189A9A18119B0D92002B40F3AB804FF0CC
:10FDC0006709CCE7002343AD0E9309E44F4210319D
:10FDD0001DDADFF888801024CDF8548003E0083263
:10FDE000103F102F15DD01331036072BC2E90084B8
:10FDF000CDE93136F3DD5046099930AA00F094F987
:10FE000000287EF49DACDDE9313633AAE8E71349DA
:10FE10001591013315993E44072BCDE93136116018
:10FE2000576000F3CB80083237E45046591CFCF78A
:10FE30003BFC0546002800F0E5800E90FFF732BA43
:10FE400000293FD130228DF8AA200DF1AB023033CA
:10FE500002F8013B2AABD31A1C93AEE4A80A0200B5
:10FE6000B80A02000A9B002B7FF41BAA0A9B0E9380
:10FE700001230A93FFF716BA804A1592FEF7A8BF2E
:10FE80005046099930AA00F04FF900287EF458AC8A
:10FE9000329E33ACFFF7C9B80022D346099B0E92BD
:10FEA000B3F90C3043F04003099A9381FEF749BC43
:10FEB0001BF0010F3FF48CAC86E406230E900A93EE
:10FEC000FFF7F0B90DF1AA02C1E7179B0320002B41
:10FED000B8BF2D224FF00003A8BF9DF89720194608
:10FEE0000E93674D674BB8BF8DF897202BF0800BB2
:10FEF0000690FEF7EABC0A9B4FF07309CDE91300A8
:10FF00009DF897200F9706930D930A90FEF7E6BC95
:10FF10000D93ACE5C3F101031A4422EAE2734FF0FA
:10FF200067090D920693B0E54FF06709A9E5CDE9A1
:10FF300013061B911192DDE91323209913440D9AA6
:10FF4000C34601FB03230D9323EAE37306934BE4BB
:10FF500049460029DA46DDE912B50D9CDDF84490EA
:10FF6000FFF652AD4B1C30223146334401F8012BD1
:10FF70008B42FBD149E50A9BDDF83490069C0D933A
:10FF8000FFF71EBB1346189A4FF0660913440B4443
:10FF90000D93E4E6702246E5069BC3F10103279327
:10FFA00095E4099A536EDF073FF5A2AE93899E054B
:10FFB0003FF59EAE906DFBF7F1FF99E6504609992B
:10FFC00030AA00F0B1F800287EF4BAABDDE9313692
:10FFD00033AAFFF762BB2BB901234FF066090693E2
:10FFE0000D9352E5189B4FF0660903F1010B0A9B34
:10FFF0005B440D9323EAE373069346E51F4B159389
:020000021000EC
:10000000FFF75BBB099AB2F90C3043F040039381D0
:10001000FEF7A0BB02231C93FFF7CFBB0022DDE954
:100020000601194B0BF0D6F900283FF4EDAC18F09F
:10003000010F3FF4E9ACCDE40F9A73780E4652F805
:10004000041B0F9241EAE1720A92FEF79FBA0B4A33
:1000500015923CE50023CDE913336CE7099BD346A9
:10006000B3F90C3043F040031EE7099BD346B3F9C4
:100070000C300E9043F0400316E700BFA80A0200C0
:1000800008070200040702000000E03F8C4600B5AC
:1000900086461346034A714610685DF804EB6246D3
:1000A000FEF7F2B994000020F0B54FF4806400260A
:1000B000ADF26C4D1AADCDE905461F4606460095DA
:1000C000049515468B8916A823F00203ADF80C3071
:1000D0004B6E02941993CB890C46ADF80E30CB6968
:1000E00007934B6A0993FBF749FF2A463B4669464B
:1000F0003046FEF7C9F9051E07DB69463046FBF7B7
:10010000D9F8002818BF4FF0FF35BDF80C305B065A
:1001100003D5A38943F04003A3811698FBF732FF70
:1001200028460DF26C4DF0BD936810B514461BB90E
:1001300018460023636010BD00F06EF80023A36032
:100140000023636010BD00BF70B500293FD0064694
:100150000C4610B1436B002B3CD0636EB4F90C20FD
:10016000DD0732D4900538D521463046FBF70EF82E
:10017000E36A054633B13046E16998470028B8BFC5
:100180004FF0FF35A3891A0639D4216B41B104F130
:100190004003994202D03046FCF78AF900232363DA
:1001A000616C21B13046FCF783F900236364FBF7EF
:1001B00023FA0022636EA281DB071CD5A06DFBF73A
:1001C000E1FEFBF71FFA284670BD002ACCD10025BE
:1001D000284670BDFBF7F2F9BFE7A06DFBF7D6FE2E
:1001E000B4F90C30002BBFD1636ED907EFD4A06DEA
:1001F000FBF7D4FEEBE7A06DFBF7D0FEDEE7304661
:100200002169FCF755F9C0E7024B01461868FFF772
:100210009BBF00BF940000209368002B00F0F0808B
:100220002DE9F04FB1F90CC090461CF0080F814643
:100230000C4683B02BD00B694BB31CF00207D8F8E7
:10024000006032D04FF0000A5546D4F824B0E1697E
:10025000AB4FC5B1BD422B46524628BF3B46484630
:10026000D847002840F3C280D8F8083082441B1ACF
:100270002D1AC8F80830002B00F0AE80D4F824B056
:10028000E169002DE6D1D6E900A50836E1E721466F
:100290004846FBF70BFC002840F0AD80B4F90CC0D9
:1002A000D8F800601CF00207CCD11CF0010A63D121
:1002B00057462368A16818468B46002F58D01CF477
:1002C000007F00F0B180B9420A4600F2DD801CF4E4
:1002D000906F2FD0216962695D1A02EB420202EB36
:1002E000D2726B1C52103B44934292BF93469B4682
:1002F0001A461CF4806F00F0E68011464846FCF771
:10030000D3F9002800F0F5802A4621690190FBF717
:1003100025FFA289019B22F4906242F08002A28113
:100320005819C4F814B0ABEB05053A46BB46236137
:10033000A56020603D4600275146019200F00EFA6C
:10034000A1682368019AA1EB0B011A44A160226005
:10035000D8F80830AA445B1BC8F80830002B3BD003
:100360002368A16818468B46B4F90CC0002FA6D1AB
:10037000D6E900A708369EE73846BB463D46002D25
:1003800040D0002845D03A46D4E904C32068AA42A8
:1003900028BF2A466045A16804D901EB030A5245EB
:1003A00000F38280934272DC5A464846E169D4F8F1
:1003B00024C0E047B0F1000A18DDB7EB0A070FD000
:1003C0000120D8F80830D344A3EB0A03A5EB0A05B3
:1003D000C8F80830002BD2D1002003B0BDE8F08F60
:1003E00021464846FAF766FF0028EAD0B4F90C30F7
:1003F00043F04003A3814FF0FF3003B0BDE8F08F1E
:1004000000207047756833460836002DFAD0D3F8BF
:1004100000B02A460A21584601F016F8002865D097
:100420000130A0EB0B07AEE722699A4214D365694D
:10043000BD4211D86FF00043BB4228BF3B4693FB3F
:10044000F5F3524605FB03F34846656AE169A847A0
:10045000051ECBDD7F1B7BE7B94228BF39460D4621
:10046000184651462A4600F079F9A1682368491BCD
:100470002B44A16023600029ECD121464846FAF7BD
:1004800019FF0028E6D0B1E7BB463A4652E7594685
:10049000019200F063F9019AA36892469B1AA36047
:1004A00023681344236088E75946524600F056F902
:1004B00023682146534448462360FAF7FBFE002890
:1004C0003FF47BAF92E7484603F01CF80346002850
:1004D0007FF426AF48462169FBF7EAFF0C22B4F906
:1004E0000C30C9F8002023F0800381E76A1C17460E
:1004F0004AE70C22B4F90C30C9F8002078E700BFB5
:1005000000FCFF7F2DE9F041B1F90C300C46990752
:1005100096B008D5012204F14303C4E904322360F4
:1005200016B0BDE8F081B4F90E100646002926DBAE
:100530006A4600F0E5FE00281FDB019D4FF480684D
:1005400005F47045A5F50055B5FA85F54FF400673B
:100550006D0941463046FCF7A7F8E8B1B4F90C3014
:10056000C4F8148043F0800320602061A3813DBB68
:100570003B43A38116B0BDE8F081B4F90C3013F011
:10058000800519D04FF040080025414630462F46DF
:10059000FCF78AF80028E1D1B4F90C309A05BFD4F1
:1005A000012123F0030304F1430243F00203C4E9F1
:1005B0000421A3812260B3E74FF480682F46C8E787
:1005C0003046B4F90E1000F0AFFE10B9B4F90C309B
:1005D000CEE7A38923F0030343F001031BB2C7E76F
:1005E00070B50C46B1F90E10154600291E4696B09E
:1005F00014DB6A4600F084FE00280FDB01994FF4FB
:10060000806301F47041A1F50051B1FA81F14FF41A
:100610000060490931602B6016B070BDA18911F0EE
:10062000800106D000214023084631602B6016B0BF
:1006300070BD4FF48063084631602B6016B070BD0A
:1006400070B50D7804465E2D25D04FF0000EF446AF
:10065000481C002223466EF307026EF30F226EF34E
:10066000174204F580716EF31F6243F8042B8B422E
:10067000FBD175B18CF00101615500F1010E1EF83E
:10068000013C2D2B0FD05D2B0BD01BB11D467046AE
:10069000F2E7013870BD4FF0010E4D78F446881C2A
:1006A000D7E7704670BD90F801C0BCF15D0FEDD08A
:1006B0006545EBDC6E1C0230A21902F8011B131B0E
:1006C000013B9C45F9DCACEB0503013B6545A8BF4C
:1006D00000230EF1020EF518D1E700BF0CB470B57F
:1006E0000C4600256FF000469CB00A4A20AB0592EC
:1006F00053F8042B02A9CDE901341B950496079603
:10070000069406F0FBFA029B1D701CB0BDE8704019
:1007100002B070470802FFFF0EB470B504466FF0D8
:10072000004600259DB00B4A21AB0B49106853F8D9
:10073000042B059102A9CDE90134049607961B9577
:10074000069406F0DBFA029B1D701DB0BDE87040F8
:1007500003B07047940000200802FFFF88420ED9C2
:100760008B1883420BD900EB020C002A6DD0624635
:1007700013F801CD994202F801CDF9D170470F2A43
:100780000FD8034602F1FF3C002A5ED00CF1010CA9
:10079000013B8C4411F8012B614503F8012FF9D17D
:1007A000704740EA01039B0750D1A2F1100370B5D6
:1007B00001F1200C23F00F0501F1100E00F11004DF
:1007C000AC441B095EF8105C0EF1100E44F8105C8E
:1007D0005EF81C5C103444F81C5C5EF8185C44F84D
:1007E000185C5EF8145CE64544F8145CEAD1013309
:1007F00012F00C0F01EB031102F00F0400EB0313D6
:1008000028D08E46043C24F003064FEA940C1E4484
:100810001C1F5EF8045B44F8045FB442F9D10CF18C
:10082000010402F0030203EB840301EB840102F1F3
:10083000FF3C4AB10CF1010C013B8C4411F8012B37
:10084000614503F8012FF9D170BD7047034602F1ED
:10085000FF3C9BE72246EAE740EA01039B0710B50D
:1008600024D1032A22D98E468446DEF80040714600
:10087000A4F1013323EA040313F0803F0EF1040EC8
:1008800015D1043A032A4CF8044BEED8714601F115
:10089000FF3E52B163461EF8011F541E03F8011BB0
:1008A00041B122469C46002AF4D110BD844601F194
:1008B000FF3EEEE79444002CF7D003F8011B63459C
:1008C000FBD110BD40EA01039B0710B4044602D1DE
:1008D000032A8C4615D801F1FF3C52B123461CF87F
:1008E000011F501E03F8011BC1B102461C46002A1D
:1008F000F4D1204610BC7047043A032A44F8040B94
:1009000016D9DCF800006146A0F1013323EA0003A8
:1009100013F0803F0CF1040CEED0DCE760B1A018BE
:1009200003F8011B8342FBD1002CE2D110BC7047BD
:10093000614601F1FF3CD0E71846002CD9D1F5E71C
:10094000F8B5114D1149124800F020FD2C4605F173
:10095000A006A5F1200721463846FBF721FB2034ED
:1009600018B9B442F7D10A48F8BD0A4F084C3946C5
:10097000204608F07DF829462046203508F078F812
:10098000B542F4D10248F8BD18070020F80600204F
:10099000F0050020400702002DE9F04F00EB411761
:1009A00005460E468FB0394610461446FBF7F8FA56
:1009B00018B938460FB0BDE8F08F2046A749FBF7BD
:1009C000EFFA002800F0B2802046A549FBF7E8FACC
:1009D00070B32378432B00F0AE80613B192B16D8FF
:1009E0006378613B192B12D8A378A3F16102192A0D
:1009F00096BFE37804F1020904F103095F2B08D0E4
:100A00002E2B00F0BF8213F0BF0F00F0AD80002747
:100A1000CFE799F80130413B192BF8D899F802300B
:100A2000413B192BF3D899F8033009F10309E7E7A3
:100A30000DF1180840468B4900F0A8FC4FF0000962
:100A4000CA46CDF804909DF81830413B342BDED8CF
:100A500001A252F823F000BF530E01000F0A01005B
:100A6000F50D01000F0A0100B90D01000F0A010088
:100A7000850D01000F0A01006B0E0100650D0100DC
:100A8000A90C01000F0A01000F0A01000F0A010062
:100A90000F0A0100450C01000F0A01000F0A0100B6
:100AA000FB0B01009B0B01001B0C01000F0A010056
:100AB0000F0A01000F0A01000F0A01000F0A0100CE
:100AC0000F0A01000F0A01000F0A01000F0A0100BE
:100AD0000F0A01000F0A0100530E01000F0A010066
:100AE000F50D01000F0A0100B90D01000F0A010008
:100AF000850D01000F0A01006B0E0100650D01005C
:100B0000A90C01000F0A01000F0A01000F0A0100E1
:100B10000F0A0100450C01000F0A01000F0A010035
:100B2000FB0B01009B0B01001B0C010020464C49F4
:100B300000F02CFC48E763782D3B012B3FF667AFB4
:100B400004F102090DF118084946404600F01EFC68
:100B500040214046FBF75CF808B100230370404693
:100B6000FBF772FB814405E00DF1180840463E4951
:100B700000F00CFC99F80030402B7FF45FAF09F1D6
:100B8000010B58463949FBF70BFA8246002840F022
:100B9000FC8101238146019355E7032240463449F5
:100BA00007F0AAFF00287FF432AF9DF81B303149CF
:100BB0002D2B14BF0DF11B0007A8FBF7F1F900283E
:100BC0007FF425AF40462C4900F0E0FB4FF0010BCD
:100BD0002A4B2B4A022E00F0A881062E04D1414652
:100BE00005F5A57000F0D2FB2146384600F0CEFB9B
:100BF000074638460FB0BDE8F08F4046214907F060
:100C000015FF00287FF403AF40461E4900F0BEFBED
:100C10004FF0020B1C4B1D4ADCE740461C4907F015
:100C200005FF30B140461B4907F000FF00287FF464
:100C3000EEAE4046164900F0A9FB4FF0060B164BEE
:100C4000164AC7E74046164907F0F0FE00287FF431
:100C5000DEAE4046134900F099FBB7E744070200B7
:100C60004C07020050070200580702006407020008
:100C700014080200180802001C080200E9250100FF
:100C80007D4C0100A8070200E9270100394D010051
:100C9000840702008C07020015260100994C010010
:100CA000040802000C08020004224046C84907F06C
:100CB00023FF00287FF4ABAE9DF81C302D2B08BF1E
:100CC0009DF81D30523B232B3FF6A1AE01A252F8F6
:100CD00023F000BF210F01000F0A0100170F0100D0
:100CE0000D0F01000F0A01000F0A01000F0A010099
:100CF0000F0A01000F0A01000F0A01000F0A01008C
:100D00000F0A01000F0A01000F0A01000F0A01007B
:100D10000F0A01000F0A01000F0A01000F0A01006B
:100D20000F0A01000F0A01000F0A01000F0A01005B
:100D30000F0A01000F0A01000F0A01000F0A01004B
:100D40000F0A01000F0A01000F0A01000F0A01003B
:100D50000F0A0100210F01000F0A0100170F010007
:100D60000D0F010040469B4907F060FE00287FF40C
:100D70004EAE4046974900F009FB4FF0080B964BEA
:100D8000964A27E708224046954907F0B5FE002815
:100D90007FF43DAE9DF8203092492D2B14BF08A85A
:100DA0000DF1210007F042FE00287FF430AE4046EE
:100DB0008D4900F0EBFA09E7032240468B4907F022
:100DC0009BFE00287FF423AE9DF81B3088492D2B15
:100DD00014BF0DF11B0007A807F028FE00287FF4C0
:100DE00016AE4046834900F0D1FA4FF0030B824B18
:100DF000824AEFE69DF8193003F0DF03502B7FF4B1
:100E000006AE02227E494046FFF726FD0A2205A9CA
:100E10000DF11A0003F062FE059B1B78002B7FF496
:100E2000F6ADB0F5697F3FF4F3AE00F3B88040F261
:100E30006A3398423FF7EBAD40F25133984240F3AA
:100E4000F780704BA0F25230C340DB073FF5BEAED7
:100E5000DDE540466C4907F0E9FD00287FF4D7AD99
:100E60004046694900F092FAB0E6032240466749DD
:100E700007F042FE00287FF4CAAD9DF81B30042223
:100E80002D2B14BF0DF11B0B0DF11C0B58466049A7
:100E900007F032FE00287FF4BAAD9BF804300A2236
:100EA0002D2B14BF0BF104000BF1050005A903F075
:100EB00015FE431E0F2B83463FF6A9AD0C283FF4C9
:100EC000A6AD059B1B78002B7FF4A1AD5149404690
:100ED00000F05CFABBF10A0FC4BF31238DF821305A
:100EE0004FF000034C49CCBF0DF122020DF121025D
:100EF000537081FB0B314FEAEB73C3EBA10303EBA0
:100F00008303ABEB4303303313705FE64046434942
:100F100000F03CFA5AE64046414900F037FA55E6FF
:100F20004046404900F032FA50E6414605F59570DA
:100F3000CDE9022300F02AFA029A039B4146284693
:100F4000C5F8E020C5F8E43085F828B1FAF70EF9C5
:100F5000B9F1000F0CD1BAF1000F09D1BBF1010FAB
:100F600006D09DF81890B9F1550918BF4FF0010946
:100F7000019B13B9C5F8E89036E64FF0FF33C5F88A
:100F8000E83031E609F10109DCE558462649FBF76E
:100F900007F8814670B94FF0010A019053E540F21D
:100FA000654398423FF412AEA0F2E24008287FF673
:100FB0000DAE2CE558461D49FAF7F2FF4FF0000A36
:100FC000B0FA80F9CDF804A04FEA59193BE500BF0B
:100FD000CC0702009407020039290100FD4D0100F1
:100FE000EC070200F8070200FC0702009807020065
:100FF0009C070200A0070200792801008D4D010026
:10100000C8070200A511010150070200B007020045
:10101000B4070200BC07020067666666DC070200D0
:10102000E4070200D4070200700702007C070200F8
:1010300040F2E12398423FF4C9AD09DC40F2B51318
:1010400098423FF4C3ADB0F5347F7FF4E0ACBDE52A
:1010500040F2073398427FF4DAACB7E538B50D4675
:101060000E49044601F09EFA08B1037893B90C4B7F
:10107000204653F8251001F095FA08B103784BB9D2
:101080002046084901F08EFA28B10278064B002A62
:1010900008BF184638BD044838BD00BF2408020008
:1010A000340C02002C0802004408002006292DE917
:1010B000F84F804665D88B469246002A00F09C8007
:1010C000DFF8EC917B4E4C46354609F1C0072946C6
:1010D0002046203400F05AF9BC4205F12005F6D133
:1010E0009AF800309BBBBBF1000F40F08B800124CD
:1010F0006F4F21464046FFF7B1FF0546FBF7A4F8C6
:101100001F283ED838462946013400F03FF9072C05
:1011100007F12007EDD1DFF8A0B101245D46644F4F
:10112000DFF898A13146284600F030F93A462146CA
:101130005046FFF731FC203520362037002872D08A
:101140000134072CEED1BDE8F84FFFF7F9BBBBF136
:10115000000F1BD05046FBF777F81F2811D8584CCA
:10116000514604EB4B14204600F010F92246594634
:101170005248FFF711FC0446FFF7E2FB2046BDE8AA
:10118000F88F16270024C8F80070F7E72F21504683
:10119000FAF73EFD044600287BD042782F2A08BF8C
:1011A000431C04D11C4613F8012F2F2AFAD0002A21
:1011B000E7D00125DFF8F8B0A4EB0A021F2AE0DC33
:1011C00051465846013207F073FC237801352F2B26
:1011D00003D114F8013F2F2BFBD0002B48D022461F
:1011E00012F8013F0BB12F2BFAD1072D0BF1200B79
:1011F00091D0A2461446DFE7002948D02F4C04EBDB
:101200004114BBE759464046FFF728FF0546FBF768
:101210001BF81F28B5D82A4C294604EB4B1420464E
:1012200000F0B4F8A2E7012CD8F80070AAD001258C
:10123000224EDFF890A006E00135A54209F1200911
:101240000BF1200B9ED05946484600F09FF84A46C5
:1012500029463046FFF7A0FB0028EDD1514648460D
:1012600000F094F84A4629463046FFF795FBE3E73D
:10127000072D3FF450AF124C04EB45142046A4F167
:101280002001203400F082F8BC42F7D143E70E4C35
:1012900074E75046FAF7D8FF1F283FF672AF044CA8
:1012A00020465146203400F071F8BC42F8D132E7B4
:1012B00040620020F806002060610020D80600206F
:1012C000206200204C070200F0050020014B93F83B
:1012D00028017047D806002003460A4602490868DC
:1012E0001946FFF7E3BE00BF94000020F0307047BE
:1012F00000487047C807002000487047C807002012
:1013000070B50026074D0446084611462E60EFF7DB
:101310009AFA431C00D070BD2B68002BFBD02360D1
:1013200070BD00BF545F0020002238B5064D044652
:1013300008462A60EFF79DFA431C00D038BD2B68A1
:10134000002BFBD0236038BD545F0020002238B54D
:10135000064D044608462A60EFF7E8FA431C00D021
:1013600038BD2B68002BFBD0236038BD545F0020B4
:10137000082802D14FF48050704708B5FAF7BAFD3B
:10138000162203464FF0FF301A6008BD80EA0102C2
:10139000844612F0030F4FD111F0030F32D14DF8F4
:1013A000044D11F0040F51F8043B0BD0A3F10132AE
:1013B0009A4312F0803F04BF4CF8043B51F8043BC1
:1013C00016D100BF51F8044BA3F101329A4312F039
:1013D000803FA4F101320BD14CF8043BA24312F040
:1013E000803F04BF51F8043B4CF8044BEAD023463D
:1013F0000CF8013B13F0FF0F4FEA3323F8D15DF8EF
:10140000044B704711F0010F06D011F8012B0CF8B6
:10141000012B002A08BF704711F0020FBFD031F82E
:10142000022B12F0FF0F16BF2CF8022B8CF80020B5
:1014300012F47F4FB3D1704711F8012B0CF8012B38
:10144000002AF9D1704700BF5FFA81FC810744D0C0
:101450000346511E22B909E09A0709D0013905D384
:101460001846027801336245F6D170470020704774
:10147000184603290CD80029F8D00346014401E09E
:101480008B42F3D0184613F8012B6245F8D1704710
:1014900010B50CEB0C24024604EB044402E00439C2
:1014A000032915D9104652F8043B6340A3F1013ECD
:1014B0002EEA030313F0803FF1D00346014401E01C
:1014C0008B4208D0184613F8012B6245F8D110BDA5
:1014D00010460029F1D1002010BD1146C9E700BF18
:1014E000004870470000C07FF8B50027DFF858C0FB
:1014F00021F00043634504460D46176021D8844619
:1015000053EA0C0C1DD0DFF844C0164601EA0C0C5F
:101510000A46BCF1000F09D100220D4B09F0F2FC84
:101520006FF0350704460A4621F000431B156FF3A0
:101530001E52A3F2FE333B4442F07F55336045F424
:10154000001520462946F8BDFFFFEF7F0000F07F21
:10155000000050432DE9F04F03690C6985B0A342A8
:10156000C0F291808146013C01F1140509F1140893
:1015700055F8243058F824C001339C45BCFBF3F6E1
:101580004FEA840005EB840708EB840243D34FF055
:10159000000CAA46CDE90105C6466346654693465A
:1015A000CDF80C805AF8040BDEF800201FFA80FCFE
:1015B00006FB0C554FEA10484FEA154C06FB08CCC9
:1015C000ADB290B2401B18441FFA8CF3C3EB20431A
:1015D00003EB124380B240EA034057454EF8040B38
:1015E0004FEA1C454FEA2343DCD2DDE90105DDF873
:1015F0000C8058F8003073B9ABF10402904504D365
:1016000007E0904504F1FF3403D252F80439002B6F
:10161000F7D0C9F81040484601F008FD00282EDB3D
:101620004146002255F8040BD1F800C01FFA80FE95
:101630001FFA8CF3A3EB0E031344020CC2EB2342FC
:1016400002EB1C429BB243EA0243AF4241F8043B27
:101650004FEA2242E6D258F8242008EB84036AB904
:10166000043B434504D807E0984504F1FF3403D216
:1016700053F80429002AF7D0C9F810400136304643
:1016800005B0BDE8F08F002005B0BDE8F08F00BFC9
:101690002DE9F04F16461F46816B9DB0CDE90667D8
:1016A000299D039049B10123C26B044693408B608E
:1016B0004A6001F007FA0023A363B7F10009B4BF41
:1016C000012300232B60784BBCBF29F00049CDF8E3
:1016D0001C9033EA090300F0AD80DDE906341846BA
:1016E000214600220023CDE9040109F073FE804663
:1016F00068B10123289A13602A9B13B16B4B2A9A75
:1017000013606B4B089308981DB0BDE8F08F1AABBF
:1017100001931BAB00930398DDE9042301F0E4FD82
:101720005FEA1955824640F09B80DDE91A85454401
:1017300005F23243202B40F38B83C3F1400309FAB7
:1017400003F905F2124326FA03F349EA030009F00C
:101750005FFB0123013D1193A1F1F8710022554B6C
:1017600009F018FA4AA3D3E9002309F0CBFB4AA3F6
:10177000D3E9002309F010FA064628460F4609F07F
:1017800057FB47A3D3E9002309F0BCFB02460B46F5
:101790003046394609F000FA06460F4609F062FE67
:1017A00000220446099000233046394609F01CFE09
:1017B000002840F02383099CA8EB050808F1FF33BB
:1017C000162C0A9300F28F81DDE904013A4B03EBFA
:1017D000C403D3E9002309F007FE002872D0631E7A
:1017E00009930023109308F1FF33002BC0F282818C
:1017F00000230B93099B002B6ADA099B0B9A0E932B
:10180000D21A5B420F9300230993269B0B92092B5C
:1018100068D8052B40F321830025043B2693269BA3
:10182000023B032B00F23F86DFE813F070046D04E7
:101830006404480442F20F73289AC9F3130959EA61
:10184000060913601CD12A9B002B00F04C861B4B11
:10185000089308332A9A089813601DB0BDE8F08FEA
:10186000DDE90412C2F31303084643F07F51CDF8BB
:101870004480A5F2FF35DDF8688041F440116DE742
:101880002A9B002B40F0F5830D4B08933BE700BFEC
:1018900061436F63A787D23FB3C8608B288AC63F76
:1018A000FB799F501344D33F0000F07F3D070200B7
:1018B0003C0702000000F83F400D02007C080200D7
:1018C00088080200B8F1000F40F3A88410900B9034
:1018D000DDE9092313440A9300230F93269B0E92FC
:1018E000092B96D9002301254FF0FF3B2693279320
:1018F0000C950021039BCDF860B0D963039801F0EB
:10190000BBF80890002800F0D785039B089ABBF12C
:101910000E0F9A6300F21981002D00F016810E99C6
:10192000002940F34984B44B01F00F0203EBC203DA
:10193000C8054FEA2115D3E9006740F10A84DDE9C3
:101940000401AE4B4FF00309D3E9082309F004FC6E
:10195000CDE9120105F00F058DB1DFF8A082E9078E
:1019600009D5D8E900233046394609F0CBFA0646B6
:101970000F4609F101096D1008F10808EFD1DDE902
:1019800012013B46324609F0E7FB07468846109BAA
:1019900043B1002238464146994B09F025FD002805
:1019A00040F01085484609F043FA3A46434609F0AC
:1019B000A9FA0022934B09F0EFF80446A1F1507503
:1019C000BBF1000F00F0AA800E9BCDF848B0199330
:1019D0004146384609F046FD1299874BCDE914453A
:1019E00003EBC10353E902340546CDE9163409F08F
:1019F0001FFA0B4602464146384609F0CBF8089FCD
:101A00000C9B30357E1CECB2804689463546002B57
:101A100000F06E84DDE9162300207B4909F09CFB71
:101A2000DDE9142309F0B6F83C7042464B46044603
:101A30000D4609F0F7FC002840F0BB84CDF850A01B
:101A4000CDF858B00027AB46A246129D2AE00137D8
:101A5000AF4280F201855046594600226B4B09F097
:101A600051FA0022694B82468B464046494609F0AE
:101A700049FA8946804609F0F5FC044609F0D8F990
:101A800002460B464046494609F084F83034524637
:101A90005B4606F8014B8046894609F0A5FC002804
:101AA00040F0D78442464B460020554909F072F871
:101AB00052465B4609F098FC0028C8D0199B37466F
:101AC000DDF850A0089A03F1010802E0974200F007
:101AD0009F843E4617F8013D392BF7D00133DBB226
:101AE00045463B7079E10123109308F1FF33002B49
:101AF000BFF67EAEC8F101030B9300230A9379E68B
:101B0000484609F095F93A46434609F0FBF90022A8
:101B10003C4B09F041F80446A1F1507538460022CB
:101B20003B4B414609F036F822462B4606460F4607
:101B300009F078FC002840F07A8430463946224685
:101B400005F1004309F050FC28BB1B9B002BC0F2A1
:101B500091800E9A0E2A00F38D80274B0E9A03EB8C
:101B6000C203D3E90034CDE90634279B002B19DAF0
:101B7000BBF1000F16DC0ED1DDE906010022244B7B
:101B800009F0C0F902460B46DDE9040109F036FC14
:101B9000002800F04C8400231F46089E0493279BD6
:101BA000DD432DE2089B5D1CDDE90678DDE90401DB
:101BB0003A46434609F0D0FA09F054FC064609F0CB
:101BC00037F93A46434609F09DF902460B46DDE9EE
:101BD000040108F0DFFF089A06F13003BBF1010FA2
:101BE0002F46137000F025830125CDF810A0A846DC
:101BF000DDE9069A2CE000BF400D0200180D02003E
:101C00000000F03F00001C400000E03F00002440C6
:101C1000000014404A4653462046294609F09CFAE3
:101C200009F020FC064609F003F94A46534609F03C
:101C300069F908F101080B4602462946204608F0DA
:101C4000A9FF06F13003D84507F8013B00F0EF8209
:101C50000022834B09F056F90022002304460D466A
:101C600009F0B8FB0028D5D00E9D3E46DDF810A047
:101C70000135B2E00C9A002A40F0D68000231F46BE
:101C80000F9E0B9D0C9365B10A9900290B4608DD48
:101C9000A942A8BF2B460B9AED1AD21ACB1A0B9267
:101CA0000A930F9B53B10C9B13B1002E40F0FC82A2
:101CB00051460F9A039801F0E9F8824601210398F2
:101CC00001F004F8099B0490002B40F0BD81269B95
:101CD000012B40F3D38101200A9A104410F01F0019
:101CE00000F09980C0F12003042B40F3E2810B9BAC
:101CF000C0F11C00034402440B9305440A920B9B61
:101D0000002B05DD51461A46039801F019F9824669
:101D10000A9B002B05DDDDE903011A4601F010F9ED
:101D20000490109B002B40F07481BBF1000F40F336
:101D30004B810C9B002B40F0A2800E9D01350126AB
:101D4000DDE90394DDF8208007E0514600230A22F4
:101D5000484600F0C1FE8246013621465046FFF754
:101D6000F9FBB34500F1300008F8010BEDDCBBF1E5
:101D7000000FCCBF5E46012681460024089B03EB82
:101D8000060B51460122039801F0DAF804998246C5
:101D900001F04CF9002840F3F081089A02E09345E5
:101DA00000F005821BF8013C5E46392B0BF1FF3B2E
:101DB000F5D001338BF80030DDE90381404600F0B7
:101DC00081FE57B12CB1BC4203D02146404600F001
:101DD00079FE3946039800F075FE5146039800F0ED
:101DE00071FE00233370289B1D602A9B002B3FF45B
:101DF0008AAC08981E601DB0BDE8F08F204609F03F
:101E000017F832463B4609F0E5FA00287FF4D3ACD8
:101E1000631E0993CFE41C230B9A1D441A440B92B2
:101E20000A9A1A440A926AE7269A012A40F3B08174
:101E30000F9B0BF1FF36B342C0F26B81BBF1000F79
:101E4000A3EB060680F2F7820B9BA3EB0B056EE17A
:101E5000C3F1200306FA03F079E40125DFE400BFB3
:101E600000002440394600230A22039800F034FE83
:101E7000189B0746002B40F307839B460E96002DC8
:101E800005DD39462A46039801F05AF80746099BB2
:101E9000002B40F0ED81B846089B1E46013B03EB4A
:101EA0000B04069B03F00103CDE90A43039C04994C
:101EB0005046FFF74FFB39468346504601F0B6F8CF
:101EC000049905464246204601F0D0F8C368014611
:101ED0000BF13009ABBB0990504601F0A7F8099906
:101EE0000990204600F0EEFD099A002A54D1269B65
:101EF0001BB90B9B002B00F0B582002D3FDBB346D6
:101F00000A9B0BF8019B9E4200F0C98151460023B9
:101F10000A22204600F0E0FD4745824639464FF050
:101F200000034FF00A02204630D000F0D5FD4146B4
:101F300000230A220746204600F0CEFD5E4680467A
:101F4000B5E7039800F0BEFD002D06DB069B03F00D
:101F50000102269B1D432A4329D1514601220398A1
:101F600000F0EEFF0499824601F060F8002840F38B
:101F7000F880B9F1390F00F050820BF131090E9D54
:101F80003C460135474606F8019B15E700F0A4FDE5
:101F90005E46074680468AE7002DC0F29B82269B5C
:101FA0001D430B9B1D4300F09582002AA7DDB9F16C
:101FB000390F00F032820E9D09F101033C460135D4
:101FC000474606F8013BF7E6269B022B7FF7B1AEAA
:101FD000BBF1000F40F029815B460522049903986C
:101FE00000F07AFD01460490504601F01FF80028E9
:101FF00040F31B8131230E9D089E013506F8013BFD
:10200000DDE9030100F05EFD0135002F7FF4E1AE54
:10201000E3E65046049901F009F80028BFF685AEC2
:10202000514600230A2203980E9C00F055FD0C9B9C
:102030008246661E002B7FF415AF189B002B40F3E1
:1020400018829B460E9D7AE601461A46039800F0D8
:102050001DFF269B0490012B6FDD00230993049A3A
:10206000136902EB8303186900F0E0FDC0F1200062
:1020700032E69B4B08930333FFF7ECBB069B002B28
:102080007FF429AEDDE90612C2F31303002B7FF4BF
:1020900022AE944B134033B10B9B01330B930A9B3D
:1020A00001330A930123099A0993002A3FF413AEDE
:1020B000D5E73FF424AEC0F13C03ADE601230C9319
:1020C000279B0E9A134403F1010B5E46012EB8BF05
:1020D00001261893172E40F30182012204235B008E
:1020E00003F11400B042114602F10102F7D9039B3B
:1020F000D96303E401230C93279B002B38DD9B4617
:102100001E461893E6E700230C93D9E700230C93AF
:10211000F2E70F9B0F96F31A0026099A1A440A9BBE
:1021200009925B440A930B9B1D465B440B93012170
:10213000039800F0CBFD0746A5E5069B002B8CD14C
:10214000DDE90601C1F313030A46002BA1D0099073
:1021500085E7DDE904344FF00209CDE91234FFF7D9
:10216000FBBB7FF40CAF19F0010F7FF402AF06E761
:1021700001239B462793FFF7BCBB03D119F0010F46
:102180007FF40BAE5E461BF8013D302BFAD013E610
:10219000119A002A00F09F8003F233430A9A0F9E9F
:1021A0001A440A920B9A15461A440B92BFE7312340
:1021B000089A01351370FFE500F0FE80DDE90401A7
:1021C0000E9A494B554205F00F0203EBC203D3E9C7
:1021D000002308F097FE2D11CDE9120100F05D817A
:1021E00000234FF0020907468846404EEA070AD509
:1021F000D6E900233846414608F084FE012307460D
:10220000884609F101096D1006F10806EED1002B90
:102210007FF4BDABDDE91278FFF7B9BBC8F101036C
:102220000A900B931090FFF753BB089EB7E4DDF8BC
:1022300010A002460B4608F0AFFC03460C46DDE951
:1022400006010E9D1A46CDE9043401352346A84601
:1022500009F0CAF840B9DDE90423DDE9060109F017
:10226000B9F818B1F30701D5089A32E43E46B4E54F
:102270000398796800F000FC0546002800F02381EF
:102280003B6907F10C0102339A000C30F9F766FF45
:1022900001222946039800F053FE8046FCE50E9D7E
:1022A0003C46013547466CE5039C3946324620469C
:1022B00000F0ECFD074652463946204600F034FD5A
:1022C00051468246204600F0FDFB0F9B9B1B0F935F
:1022D0003FF4F4ACECE41A9BC3F136035EE700BFB5
:1022E000880802000000F07F400D0200180D020077
:1022F000DDE91623DDE9140108F004FE089BCDE9B1
:102300000C011C70129B012B00F0C580129F089BD2
:1023100011961F4400227C4B4046494608F0F2FDCE
:102320000D46044609F09EF8814608F081FD0246FC
:102330000B462046294608F02DFC09F1300906F825
:10234000019BBE4280468946E4D1119D0022DDE911
:102350000C016E4B08F020FC02460B4640464946F5
:1023600009F060F800286ED1DDE90C2300206749F0
:1023700008F010FC02460B464046494609F034F886
:1023800080B91B9B002BFFF679AC0E9B0E2B3FF701
:1023900075AC5F4B0E9A03EBC203D3E90034CDE971
:1023A000063401E417F8013C3E46302B07F1FF37B5
:1023B000F8D0199D013510E54FF00209DDE90478E8
:1023C000FFF7E5BABBF1000F3FF49AAB189C002C65
:1023D0007FF7BBAB0E9B3846013B41460022199369
:1023E000494B08F08FFD02468846174609F1010067
:1023F00008F01EFD3A46434608F084FD0022454B96
:1024000008F0CAFB1294A1F150750446FFF7E0BA38
:10241000312308F10108FFF763BBB34639230E9D52
:102420003C46089A474601350BF8013BBAE40023C5
:102430001F460493DEE50A9B5B440A930B9B1D46F3
:102440005B440B9373E6199B089A03F10108FFF7AD
:1024500040BBDDF850A0ACE7DDF850A0DDF858B087
:10246000FFF773BBB9F1390FD7D0002D3FF785AD1A
:1024700085E5269B022B03DC0E9DDDF860B05EE453
:10248000DDF860B00E96A3E5269B022BF8DCDDF8A4
:1024900060B00E96F3E4374658E74FF00209DDE9E5
:1024A0001278FFF774BA0025039B29461846DD63AE
:1024B00000F0E2FA0890D0B9002240F2AF11164BBA
:1024C000164806F049FB024640F2EF21124B134832
:1024D00006F042FB002A3FF740AD50E50021039B88
:1024E000D963FFF70BBA0E4B0893FFF70CB9039BA8
:1024F000089A4FF0FF3B9A6301232795CDF860B00F
:102500000C93FFF722BB00BF000024400000E03F17
:10251000400D020000001C408C080200A0080200D0
:102520007C0802002DE9F047DFF8749007460E465C
:10253000904606F06DFBD9F800504DB133781C463B
:102540006BB1344602E014F8013F3BB13D2BFAD1A8
:10255000384606F063FB0020BDE8F087A41B28681E
:102560000028F5D022463146F9F7BAFB28B9286889
:10257000035D00EB040A3D2B04D055F8040F00283E
:10258000F0D1E5E7D9F800303846EB1A9B10C8F8CF
:10259000003006F043FB0AF10100BDE8F08700BF00
:1025A0002000002000B583B001AAFFF7BBFF03B0F5
:1025B0005DF804FB024B01461868FAF775B800BFD6
:1025C00094000020024B01461868F9F771BF00BF64
:1025D0009400002010B4034CD4F8E440A44610BC8E
:1025E000604700BFD806002082B049B15AB16BB134
:1025F00013780B601278101E18BF012002B07047CC
:1026000001A9002AF3D1104602B070476FF0010013
:10261000F4E700BFF0B583B08646089E002937D0A6
:102620009AB3002B00F0C48035683DBB14784FF09E
:10263000010C44B37F2C58DDA4F1C0001F2829D819
:10264000347125B901208342306000F0B18012F866
:102650000C300CF10100A3F180023F2A00F29E80B1
:10266000C12C40F39B80A40103F03F0304F4F86401
:102670001C43002333600C6003B0F0BD34794FF08D
:10268000000C002CD6D10C603460002003B0F0BDEB
:1026900001A9C5E7A4F1E0000F282CD83471002D62
:1026A00066D0581C18BF0133012D65D07779E02C16
:1026B00072D0A7F180003F2870D8012D777173D0B8
:1026C00012F80C200CF10100A2F180033F2B65D819
:1026D0002303BF019BB207F47C6702F03F023B4338
:1026E0001343002232600B60D0E7002301203360E7
:1026F0000C6003B0F0BDA4F1F00004284ED8347192
:10270000002D3FD05F1C18BF0133012D3ED07779DB
:10271000F02C50D0F42C63D0A7F180003F283DD896
:10272000012D77714AD0581C306818BF0133022838
:1027300048D0B579A5F180033F2B2FD812F80C2093
:102740000CF10100A2F180033F2B27D8A3043F0323
:1027500003F4E01307F47C37AD013B4305F47C65DB
:1027600002F03F022B43134300220B6032608DE7DF
:102770000120834230601BD012F80C7001250CF14F
:10278000010C94E701208342306011D012F80C70E4
:1027900001250CF1010CBBE79F2F8ADC8A234FF047
:1027A000FF30CEF8003071E702208342306087D1DD
:1027B0006FF001006AE78F2FAEDCEFE70220834263
:1027C0003060F5D012F80C500CF1010CA5F180002E
:1027D0003F28E3D803208342B5713060AED1E7E7EC
:1027E0008F2F99DDDAE700BF30B482B08446049DB4
:1027F000002930D0002A31D0002B39D02868147835
:1028000048B1012816D00C601078003818BF01209C
:1028100002B030BC7047A4F181001E2803D9A4F196
:10282000E0000F28EFD8012083422C7128601FD0D0
:1028300002205478A4F140033E2B03D9A4F1800375
:102840007C2B0FD82B7904EB032400230C602B6026
:1028500002B030BC704701A9002ACDD1104602B0A9
:1028600030BC70478A234FF0FF30CCF80030CFE700
:102870006FF00100CCE700BF30B583B08646069DFF
:10288000002940D0002A41D0002B4BD02868147872
:1028900058B10128A44618D0022841D00C60107805
:1028A000003818BF012003B030BDA4F18E0001280C
:1028B00003D9A4F1A1005D28F0D8012083422C7136
:1028C00028602FD0022092F801C0ACF1A1045D2C49
:1028D0002BD82C798F2C1CD10224984285F805C066
:1028E0002C601FD212F800C00130ACF1A1035D2BA7
:1028F0001BD800226B790CF07F0C0CEB03230B60D0
:102900002A6003B030BD01A9002ABDD1104603B032
:1029100030BD00220CEB04240C602A6003B030BDF3
:102920000120E2E76FF00100BDE78A234FF0FF309E
:10293000CEF80030B7E700BF2DE9F04F83B08046F6
:10294000DDF8309089B39AB3002B00F0878094466D
:10295000E3461CF8015B4FF0010E99F80040DFF8E8
:1029600010A14448002D48D0A5F11B06F7B22F2F27
:1029700024D82F2E22D8DFE806F06D212121212135
:102980002121216B212121632121212121212121AB
:1029900021212121212121212121212121212165E3
:1029A0002167212121212121216901A9002ACBD1DF
:1029B0000120C9F8002003B0BDE8F08FA5F1210681
:1029C0005D2E8CBF0827072704EBC4040619F65DAB
:1029D0005444E45D052E44D8DFE806F021031311CA
:1029E000052A89F8045073450EF1010534D9AE4625
:1029F000E3461CF8015B002DB6D10627E4E76246EA
:102A0000F1E701237046C9F8003099F804209BF8DB
:102A1000003003EB02230B6003B0BDE8F08F00230E
:102A20007046C9F8003013780B6003B0BDE8F08F32
:102A300000231846C9F800300B6003B0BDE8F08FE2
:102A40000227C1E70327BFE70427BDE70527BBE748
:102A50000127B9E70027B7E7C9F800406FF0010088
:102A6000DAE78A234FF0FF30C8F80030D4E700BF20
:102A7000980C0200500C020038B5436C05460C4619
:102A80004BB153F8240080B1026843F8242000239E
:102A9000C0E9033338BD2122042106F083F8034640
:102AA00068640028EDD1002038BD0121284601FAD4
:102AB00004F56A1D920006F075F80028F3D0C0E90D
:102AC0000145E4E731B1436C4A6853F822000860DD
:102AD00043F82210704700BF2DE9F0414FF0000E7F
:102AE0000E461C460D69074601F1140001680EF1FF
:102AF000010E8BB202FB0343090C4FEA134C02FB9D
:102B000001CC9BB203EB0C43754540F8043B4FEA04
:102B10001C44EBDC3CB1B368AB4207DD06EB85033C
:102B200001355C6135613046BDE8F0817168384639
:102B30000131FFF7A1FF8046A8B1326906F10C010F
:102B4000023292000C30F9F709FB7B6C726853F883
:102B50002210316043F82260464606EB85030135BA
:102B60005C613561DFE70246BA21024B024805F09D
:102B7000F3FF00BF8C080200240902002DE9F8438E
:102B80001E460C4626490833174681FB032C092EA6
:102B90004FEAE3730546C3EB6C0339DD4FF0010CDC
:102BA00000214FEA4C0C634501F10101F9DC284694
:102BB000FFF762FF014668B3089B092F43614FF09E
:102BC0000103036112DC09270A34BE420BDDF61B48
:102BD000264414F8013B0A222846303BFFF77CFFCD
:102BE000B4420146F5D10846BDE8F88304F109096D
:102BF000C8463C4418F8013B0A222846303BFFF700
:102C00006BFFA0450146F5D1A7F108044C44DCE771
:102C10000021CCE70246D321024B034805F09CFF7C
:102C2000398EE3388C08020024090200B0F5803F99
:102C300003463ABF102083400020B3F1807F3CBFA1
:102C40001B020830B3F1805F3CBF1B010430B3F1BD
:102C5000804F03D3002B06DB013070479B0003D469
:102C60005B0003D420207047023070470330704768
:102C70000368014613F0070209D0DA0721D4980748
:102C80004BBF5B089B08012002200B60704798B285
:102C9000A0B11046DAB20AB908301B0A1A0704BFFD
:102CA0001B0904309A0704BF9B080230DA0703D4DB
:102CB0005B0800F1010006D00B6070471020C34094
:102CC000E8E7002070472020704700BF38B5436C0C
:102CD00004460D464BB15868B0B102685A600022F4
:102CE00001234561C0E9032338BD2122042105F0F9
:102CF00059FF034660640028EDD1002240F24511DF
:102D0000074B084805F028FF1C220121204605F04A
:102D100049FF0028F1D001220223C0E90123DEE7A8
:102D20008C080200240902002DE9F04FD1F8108030
:102D300015690E46A845924685B005DB2A465346DE
:102D400045468A4690461E46DAF80830DAF80410FE
:102D500005EB0804A342B8BF0131FFF78DFE002840
:102D600000F0898000F1140707EB840E774505D247
:102D70003B46002243F8042B9E45FBD8143606EB55
:102D800088080AF11409464509EB850566D2A5EBCA
:102D90000A03153B23F003030AF1150A04335545D2
:102DA0002CBF9B464FF0040BCDF808E08246AE46A0
:102DB000039405E0090C2AD1B04507F104074AD96C
:102DC00056F8041B8DB2002DF4D0CC463C460023AF
:102DD00001965CF8040B216886B28AB205FB0622D4
:102DE000000C090C05FB00111A4401EB124192B2D0
:102DF00042EA0142E64544F8042B4FEA1143E8D881
:102E0000019E47F80B3056F8041C090CD4D0002260
:102E10003B6848461D463C46944602889BB201FBEF
:102E200002C202EB154243EA024344F8043B50F865
:102E3000043B25684FEA134CABB201FB0C337045E1
:102E400003EB12434FEA134CE7D3B04547F80B307E
:102E500007F10407B4D8DDE902E45046002C02DC97
:102E600005E0013C03D05EF8043D002BF9D004617D
:102E700005B0BDE8F08F02464FF4B171014B024836
:102E800005F06AFE8C0802002409020012F0030318
:102E90002DE9F041144607462CD10E46A4101CD053
:102EA0003D6C85B3E3074FF0000806D4641014D0DE
:102EB0002868A8B10546E307F8D52A4631463846C2
:102EC000FFF732FF36B17B6C716853F82120326016
:102ED00043F8216064100646EAD13046BDE8F0812F
:102EE0002A4629463846FFF71FFF28600546C0F8E6
:102EF0000080E0E70F4A013B52F823200023FFF750
:102F0000EBFD0646CAE701213846FFF7B5FD054649
:102F100040B140F271230122C0E904230023386448
:102F20000360BFE7024640F24511034B034805F03A
:102F300013FE00BFE00C02008C080200240902000E
:102F40002DE9F0470C462769A36807EB62177D1C43
:102F50009D429046064649684FEA621904DD5B00CF
:102F60009D4201F10101FADC3046FFF785FD0028A2
:102F700051D0B9F1000F00F114010FDD0B464FF0F5
:102F8000000C09F105024FEA820E00EB820243F8C1
:102F900004CB9342FBD1AEF114031944226904F12E
:102FA000140318F01F0803EB820C2CD08E464FF050
:102FB000000AC8F120091A6802FA08F242EA0A0275
:102FC0004EF8042B53F8042B9C4522FA09FAF2D848
:102FD000ACEB0403153B23F00303043304F11502A7
:102FE000944538BF042341F803A0BAF1000F00D183
:102FF0003D46736C6268056153F82210216043F806
:103000002240BDE8F087043953F8042B9C4541F871
:10301000042FF9D8ECE702464FF4EF71014B024858
:1030200005F09AFD8C0802002409020084460B6911
:103030000069C01A15D10CF1140C14310CEB830289
:1030400010B401EB830301E0944508D252F8044D1B
:1030500053F8041D8C42F7D004D24FF0FF3010BC5F
:1030600070477047012010BC704700BF2DE9F04F3A
:1030700014460A6923698846D21A002A83B040F0B0
:10308000888001F1140604F1140202EB830206EBBE
:10309000830301E09E427FD253F8045D52F8041D81
:1030A0008D42F7D076D32346002544469846616882
:1030B000FFF7E2FC002800F0898000F1140949467E
:1030C0004FF0000C2769D8F8106004F1140B08F1D8
:1030D000140EC56004F110020EEB86060BEB870A96
:1030E000CDF804B05EF8044B52F8045F1FFA84FB7D
:1030F000ABB2A3EB0B03240C6344C4EB154404EB09
:1031000023449BB243EA0443764541F8043B4FEA2B
:10311000244CE7D808F115018E4234BF002101216B
:10312000A6EB0806153EB608002906F101024FEA93
:10313000820208BF0422DDF804B00BEB0204A245B2
:103140004A4434D915462146E04651F8046BB3B2DF
:1031500063444FEA164E0EEB234E06EB08039BB278
:1031600043EA0E438A454FEA2E4C45F8043BEBD820
:103170000AF1FF3AAAEB040A2AF0030A524423B9DF
:1031800052F8043D013F002BFAD0076103B0BDE8BF
:10319000F08F88DA01258AE70021FFF76DFC70B116
:1031A00001220023C0E9042303B0BDE8F08F002909
:1031B0004FEA860608BF002609EB0602DFE7024653
:1031C00040F23721054B064805F0C6FC024640F2A6
:1031D0004521024B024805F0BFFC00BF8C080200ED
:1031E00024090200124B0A460B40A3F15073002B36
:1031F00003DD00221946104670475B42B3F1A07F01
:103200004FEA235106DA4FF4002300220B411946FE
:103210001046704714391E29D4BF4FF000420122D6
:103220004FF00003D8BFCA4010461946704700BF90
:103230000000F07FF8B5046900F1140202EB840489
:1032400054F8045C261F2846FFF7F0FC0346C0F143
:1032500020000A2B086030DDB242A3F10B071AD21E
:1032600054F8083C1FB3C7F1200C23FA0CF1BD4001
:1032700045EA0106A4F1080546F07F51AA4203FA87
:1032800007F341F4401116D254F80C2C22FA0CF238
:1032900013431846F8BD0B2B08D0002305FA07F797
:1032A00047F07F51184641F44011F8BD002345F026
:1032B0007F5141F440111846F8BDB2422CBF0022A4
:1032C00054F8082CC3F10B0703F1150325FA07FC8A
:1032D00038BFFA4005FA03F34CF07F511343184608
:1032E00041F44011F8BD00BFF0B5012183B016468E
:1032F0001F46FFF7C1FB0546002847D0C7F30A5415
:10330000C7F313030CB143F48013002E019314D1BF
:1033100001A8FFF7ADFC0122019B20306B612A61FF
:1033200014B3089BA4F2334404441C60099BC0F10D
:1033300035001860284603B0F0BD68460096FFF7D8
:1033400097FC019B00B30099C0F1200203FA02F23E
:10335000C34001930A43002B6A610CBF0122022281
:10336000AB612A61002CDCD105EB8201A0F2324373
:10337000086908990B60FFF759FC099BC0EB4210E4
:103380001860284603B0F0BD009AE4E7024640F218
:103390000F31024B024805F0DFFB00BF8C08020032
:1033A000240902002DE9F04383B08846694681462E
:1033B000FFF740FF04460D46404601A9FFF73AFFDC
:1033C000D9F81030D8F81020A3EB020CDDE9003258
:1033D0009B1A03EB4C13002B0BDD05EB03573D460B
:1033E00002460B462046294607F0B6FE03B0BDE86C
:1033F000F083C3EB033301EB03594946F0E700BF09
:10340000172870B506460ADD002000240749084D3C
:1034100022462B4607F076FD013EF9D170BD054BE3
:1034200003EBC003D3E9000170BD00BF0000F03F13
:1034300000002440400D020001F1FF3C116902F13F
:1034400014034FEA6C1C03EB81010CF1010C8B425D
:1034500000EB8C0C16D210B5A0F1040E53F8044BFF
:1034600099424EF8044FF9D88B1A153B23F0030309
:1034700004331844844504D9002340F8043B8445B0
:10348000FBD810BD844505D9002340F8043B844592
:10349000FBD87047704700BF03694A11934200F19F
:1034A000140009DA00EB830302E053F8042DA2B9FB
:1034B0008342FAD80020704700EB8203F8DD11F058
:1034C0001F01F5D010B450F8224024FA01F28A40CE
:1034D000944208D0012010BC70470120704753F877
:1034E000042D002AF6D18342F9D8002010BC704781
:1034F00003460A4602490868194600F003B800BFAF
:10350000940000202DE9F84F1646002900F096801F
:103510000C46804606F10B05F9F77AFB54F8041CBB
:10352000162DA4F1080921F0030758D81025AE4242
:1035300058D8AF4260DABF4B09EB070C9A68DCF849
:103540000400624500F0908020F0010363445B6852
:10355000DB0768D420F003003B189D4247DDCB0712
:1035600012D454F8083CA9EB030BDBF8043023F029
:103570000302104400EB070A554540F3F68007EBC1
:10358000020A554540F3CC8031464046F9F78CF8A5
:103590000646002800F0218154F8043CA0F10802FE
:1035A00023F001034B44934200F0B4803A1F242AD5
:1035B00000F2D780132A00F2A28003462246116847
:1035C00019605168596092689A6021464046F8F740
:1035D0006FFF4046F9F722FB3046BDE8F88F35F023
:1035E0000705A4D50C23C8F80030002618E01F46B4
:1035F000DCE90223D3609A60D9F804307A1B0F2AE1
:1036000003F0010309EB07001DD83B43C9F8043060
:10361000436843F0010343604046F9F7FFFA26464A
:103620003046BDE8F88FC907AED454F8083CA9EB82
:10363000030BDBF8043023F00302A0E71146BDE8DA
:10364000F84FF9F731B82B4309EB050142F00102BD
:10365000C9F804304A604368083143F0010343600D
:103660004046F8F725FFD7E720F00300C21905F11F
:10367000100C624580F29280CA0785D454F8082C59
:10368000A9EB020BDBF8042022F00302104400EB4C
:10369000070AD4453FF773AF5E46DBF80C1056F8C7
:1036A000080F3A1F242AC160886000F2B080132AF4
:1036B00040F2AB8021681B2ACBF808106168CBF878
:1036C0000C1000F2AA8008340BF11002216811607E
:1036D00061685160A1689160AAEB05020BEB0501DE
:1036E00042F0010299604A60DBF80430404603F082
:1036F00001032B43CBF80430F9F790FA90E72368E5
:103700001B2A0360636843603DD804F1080200F19E
:10371000080354E750F8043C23F003031F446BE70D
:103720005E463A1FDBF80C3056F8081F242ACB609F
:10373000996023D8132A1FD923681B2ACBF8083095
:103740006368CBF80C303CD808340BF110032268C6
:103750001A6062685A60A2689A6034465746D94631
:103760004AE72146FCF7FAFF2FE7DCE902135E4641
:10377000CB603A1F9960D5E73346E8E721463046EB
:10378000FCF7ECFFE9E7A368242A8360E368C360E1
:1037900027D004F1100200F1100310E7521B09EBCF
:1037A000050142F0010299604A6054F8043C404629
:1037B00003F001032B4344F8043CF9F72FFA2646A3
:1037C0002EE7A368242ACBF81030E368CBF8143036
:1037D00010D010340BF11803B9E74046F9F71EFA80
:1037E00003E7236904F1180203616369436100F18F
:1037F0001803E4E623691834CBF8183054F8043C75
:10380000CBF81C300BF12003A1E732465EE72146DE
:103810003046FCF7A3FF074B5EE7A168242ACBF8EC
:103820001010E168CBF8141006D010340BF1180218
:103830004CE700BFE801002022691834CBF81820BB
:1038400054F8042CCBF81C200BF120023EE700BFFB
:103850002DE9F04F9FB088460792002100220024F6
:10386000CDE90412834641461A9419910F4611F886
:10387000012B2D2A5ED801A050F822F0533A010006
:10388000353901003539010035390100353901007C
:10389000353901003539010035390100353901006C
:1038A0006B3801006B3801006B3801006B38010088
:1038B0006B38010035390100353901003539010017
:1038C000353901003539010035390100353901003C
:1038D000353901003539010035390100353901002C
:1038E000353901003539010035390100353901001C
:1038F0003539010035390100353901006B380100D7
:1039000035390100353901003539010035390100FB
:1039100035390100353901003539010035390100EB
:103920003539010035390100D53F01003539010035
:10393000E93F010000210891302A00F09580002322
:1039400009932F2A144640F2EF844FF000093846BD
:103950004E464D4613E00130082D1990C8BF09EBC3
:1039600089090478C6BF02EB4902A2F13009A3F12C
:1039700030062F2C224605F1010540F3B48006EBFA
:103980008603392C02EB4303E5DD0122AB49F8F74E
:10399000A7F9002879D1199A1346013219925C7857
:1039A000002D40F08D85302C40F03B8513461846A5
:1039B000013319931C78302CF9D0C2F10102104464
:1039C000A4F13103082B37D8199F012539464FF050
:1039D000000A431CA4F1300E0C93002006EB86066F
:1039E0000EEB46064B1C19934C78A4F13002092AC1
:1039F00000F2E082964619990130002AF2D001289F
:103A0000D8BF05F1010C40F3878400EB050C0CF1E5
:103A1000FF340A9703E07E00AC4200F07C84082D5E
:103A200006EB860705F10105F5DD102DDCBF09EB7E
:103A300089094FEA4909EFE7652C40F0D8824FF039
:103A4000000A0123CDF830A00A93099B034340F0FC
:103A5000BF82079B002600270BB1C3F800803046C9
:103A600039461FB0BDE8F08F7A7802F0DF02582A9D
:103A700000F01284013719973A78302AFAD0002AD8
:103A800000F08182012309935BE70020AA460C9095
:103A90000A90652C34D0452C32D000231093002D91
:103AA0007AD1099B034340F06E820A9B002BD0D150
:103AB000692C00F0898400F35F84492C00F0848431
:103AC0004E2CC6D15E4919A805F0D4FB0028C0D001
:103AD000199B1B78282B00F0A5855A4805F036F86D
:103AE00006460F4651E201225449F8F7F9F800283A
:103AF000CBD1199BAA465A1C19925C780C9074E79A
:103B0000002DA2D0DDF8648008F10103199398F824
:103B100001402B2C00F059822D2C00F04E824FF0EA
:103B2000000CA4F13001092900F23F82302C199BCE
:103B30000AD1013319931C78302CFAD0A4F1310248
:103B4000082AAAD8A4F130015A1C19925C782F2CAB
:103B500040F3FE8396460B9308E0013219929EF8DB
:103B60000140A3F130012F2C06DD964601EB8103C5
:103B7000392C04EB4303F0DD0B9BD21A082A40F3E7
:103B8000E78344F61F631093BCF1000F87D0109BAE
:103B90005B421093002D84D00C9A109BBAF1000F59
:103BA00008BFAA469B1A102D30460B932C46A8BF7F
:103BB000102407F02DF902460B46092DCDE9042308
:103BC00016DD214B03EBC40353E9122307F09AF9E6
:103BD000024648469046894607F01AF902460B46C7
:103BE0004046494606F0D8FF0F2DCDE904012DDCF3
:103BF0000B9B002B00F020830B9B40F35282162B73
:103C000040F3AD830B9AC5F1250393421EDBDDE93A
:103C100004230D4CC5F10F0504EBC501D1E90001EA
:103C200007F070F90B9B5D1B04EBC504D4E900237E
:103C300007F068F906460F46A7E100BF3408020006
:103C4000B4090200C4090200400D02000B9B2C1BAA
:103C50001C44002C40F3D18114F00F000AD0DDE9A0
:103C60000423354901EBC001D1E9000107F04AF90D
:103C7000CDE9040134F00F0340D0B3F59A7F00F38F
:103C8000B883102B4FEA231440F31E85DDE90401AD
:103C900000232A4A0997904699461746E20704D519
:103CA000D8E9002307F02EF901236410012C09F153
:103CB000010908F10808F1D13A46099F0BB1CDE995
:103CC0000401059B02EBC901A3F154730593DDE9DF
:103CD0000423D1E9000107F015F9194B194A0B40EB
:103CE0009342CDE9040100F28483174A934240F2E3
:103CF00041844FF0FF33154CCDE9043400230A937F
:103D00002B465246394658460096FEF737FF149028
:103D1000002800F06E83109A0C9B4FF0000A9B1A4B
:103D20000B9ACDF824A0002AA8BF0023109322EA02
:103D3000E2731593E5E000BF400D0200180D02008C
:103D40000000F07F0000A07C0000907CFFFFEF7F70
:103D5000D21A1F2AA4EB020400F3328201239340FB
:103D60001E4600250A9BA0444C44A14598444B465E
:103D7000A8BF23464345A8BF4346002B04DDE41AF1
:103D8000A8EB0308A9EB0309109B002B00F3BE81ED
:103D9000002C00F3D4810B9B002B00F30782B8F1B9
:103DA000000F00F3F781B9F1000F08DD51464A46D4
:103DB0005846FFF7C5F88246002800F0F4813A46DD
:103DC00058461A99FFF752F90990002800F0EB8144
:103DD0000023099AD168D36011915146FFF726F963
:103DE0000028C0F2EA83DDF8149000F07683514693
:103DF0000998FFF7D7FA00224FF0804304460D469A
:103E000007F0FCFA002800F07181119B002B40F0B4
:103E1000E381049B002B40F06B82C9F31303002B5A
:103E200040F00D82002220462946A94B07F0DCFA1B
:103E3000002840F049832046A64B2946002207F07F
:103E400061F803460C46CDE9123401F100430E90AF
:103E50000F93DFF88482A14B09EA08089845DDE951
:103E60000E4500F0C0810A9B1BB3B8F1D46F20D877
:103E700095A3D3E90023DDE9120107F0BFFAA0B151
:103E8000DDE9120107F016FB012838BF012006F01A
:103E9000BFFF119BCDE91201002B40F0BD8201F163
:103EA000004316901793DDE9164505F1D663A3EBA1
:103EB0000805DDE90C01FFF795F902460B4620469F
:103EC000294607F01FF8DDE90C2306F065FE0C46D5
:103ED000CDE904010A9B23B97F4B2340984500F0AC
:103EE000B78158461A99FEF7EDFD39465846FEF758
:103EF000E9FD51465846FEF7E5FD58460999FEF79B
:103F0000E1FD149C58466168FEF7B6FD074600289F
:103F100000F04981226904F10C01023292000C3058
:103F2000F8F71CF91CAB01931BAB00935846DDE975
:103F300004341A46CDE90C342346FFF7D5F91A901C
:103F4000002800F0058101215846FEF7BFFE824699
:103F5000002800F028811B9B002BC0F21581109ACD
:103F6000DDF8548003EB02090A9A1C9C9B1A234437
:103F70005B4A013B9342C4F13604FFF6E9AE0123EC
:103F800000251E46EEE600260027079A0AB1199B77
:103F90001360089B002B3FF462AD07F100431F46FE
:103FA000304639461FB0BDE8F08F0023CDF864805D
:103FB000109374E501230A936BE54FF0010C08F1AF
:103FC0000203199398F80240ABE54FF0000CF6E7B6
:103FD000002597E500220892791C19917A78002A29
:103FE0003FF437AD0F46A7E401220892F4E7452CD1
:103FF0003FF425AD01230A9353E53FF47FAE6442BD
:1040000014F00F020AD0DDE90401364B03EBC203C2
:10401000D3E9002307F0A0F8CDE9040124113FF40F
:104020006DAE1F2C37DCDDE9040114F0100318BF5E
:104030006A230A930023DFF8B080E20704D5D8E9A9
:10404000002306F05FFF0123641008F10808F4D193
:104050000BB1CDE904010A9BA3B1DDE90401C1F371
:104060000A52C2F16B03002B0ADD1F2B40F3398388
:104070000020342B049040F37C834FF05C73059355
:104080006A230A930022DDE90401002307F0A2F964
:1040900000283FF435AE222300260027CBF800305D
:1040A00073E71633FFF6D2ADDDE904010C9B109ADD
:1040B0009A1A0C4B03EBC203D3E9002307F04CF828
:1040C00006460F4661E700BF0000C0FFFFFFDF416B
:1040D0000000F03F0000E03F0000F07F0000E07FC4
:1040E00002FCFFFF400D0200300E0200AC4B2046E8
:1040F0002946002206F006FF119BCDE91201002B94
:1041000065D101F100430E900F93A2E651461A4685
:104110005846FEF7BBFE8246002844D001461A9A54
:104120005846FEF701FE00283DD011901A995846D6
:10413000FEF7C8FC119B002C1A937FF72CAE224689
:1041400058461A99FEF7FCFE1A9000287FF423AE19
:10415000B946054622230026924FCBF80030294667
:104160005846FEF7AFFC49465846FEF7ABFC5146B1
:104170005846FEF7A7FC58461499FEF7A3FC58468C
:104180000999FEF79FFC00E7159ADDF84090A2EB35
:104190000308E9E6394642465846FEF7D1FE07468F
:1041A00000287FF400AEB9461A9DD3E73946584639
:1041B000159AFEF76BFE074600287FF4F0ADF2E794
:1041C000012279491646CB1A02FA03F5CAE5DDE960
:1041D0001234CDE90E343CE60023744CCDE90E34A4
:1041E000CDE9123435E6A9F154730593DDE90445B0
:1041F00020462946FEF7F6FFDDE90E2306F082FE93
:104200002B46224606F0C8FCDFF89891684B01EA7D
:1042100009099945CDE9040179D9DDE90C0103F1DA
:104220005473994202D106460136BCD04FF0FF3399
:10423000604CCDE9043454E6DDE90467A5E60023CB
:104240005D4CCDE90E340023584CCDE9123400E624
:10425000DDE912562846314607F040FA06F024FE02
:104260000B4602463146284606F094FC119D049BFD
:10427000C4F313041D432C438046894626D142A330
:10428000D3E9002307F0B0F800283FF42AAEB9467E
:10429000DDE904671A9D62E70293089B5846019383
:1042A0001AAB0093454A1BAB19A904F00FFD10F09F
:1042B0000F0504463FF467AE062D40F0B58000229E
:1042C0007B1C00260027089219935EE630A3D3E9F1
:1042D000002307F089F80028D9D12FA3D3E90023C0
:1042E0004046494607F09EF800283FF4FAADCEE775
:1042F000049B012BA3D1B9F1000FA0D1B9461A9CA0
:104300002223254600260027CBF8003027E701F1BD
:1043100054740594DEE50A9F0C9B082D03440C930E
:104320006DDC6546FFF759BB012238462449F7F793
:10433000D7FC002800F0BB804FF000094E464846ED
:104340004D46CA46CDF83090CDF82890FFF7A3BB74
:1043500044F61F639942A8BF1946109114E40B98C4
:104360001849DDE9042301EBC001D1E9000106F0A1
:10437000C9FD06460F4608E66E2C3FF4A3ABFFF7D7
:1043800068BB00BFAFF300809535A094FFFFCF3F1F
:104390009535A094FFFFDF3F35E5AF350000E03FE6
:1043A0000000E03F0000F07FE2FBFFFF0000F03F75
:1043B000FFFF9F7CFFFFEF7F0000F0BF1C0E02009D
:1043C00034080200400D0200A04919A804F052FF71
:1043D00000283FF43EAB199B9D49013B19A8199356
:1043E00004F048FF10B9199B013319930026994F27
:1043F000CBE522230026974FCBF80030C5E5BCF172
:10440000100FD8BF09EB890965464FF00000D8BFEF
:1044100002EB4909FFF7E6BADDE91234CDE91634BB
:1044200041E50020FFF7CCBA1A9A3AB135211CA811
:10443000FFF702F858461A99FEF744FB013D1B9B13
:10444000042D00F2C481DFE805F0032C291E0300CF
:104450001C9A049203F233421D9B23F4801343EA17
:1044600002530593E10502D543F000430593794AD1
:10447000DDE904671A40002A7FF487ADF7F73AFDBB
:104480002223036081E54FF0FF326FF00043CDE956
:104490000423E3057FF5D0AE059BE5E76D4B05935F
:1044A000F7E7DDE91C121D9BCDE90412DAE7199A42
:1044B000064613460132199281465C78FFF773BABB
:1044C000AA460C90FFF791BA0023634CCDE90E3455
:1044D0000023624CCDE91234BBE44B461198B4463C
:1044E000B946DDE90C67AE465D49C3F31302002807
:1044F00045D08A4200F0FD80ADBB049A1CEA020F51
:1045000034D0304639460493FEF76CFE0A9B002BEC
:1045100000F03781049BC3F30A53C3F16B03002BF4
:1045200040F352811C0504F17F53002203F5401330
:1045300006F0E8FC02460B463046394606F02CFBF6
:1045400006460F4630463946464B002206F0DAFC56
:10455000404B06460B400F46002B7FF49BAE2223B8
:10456000CBF8003096E61EEA030FCAD10A9B002B57
:10457000E8D18FE601F154730593FFF7BFBB002A22
:1045800074D1DDE904452246002C40F0A2800A9A4D
:10459000002A40F0CB8025F00044240D2405A4F52A
:1045A00080146FEA14536FEA035305934FF0FF33FF
:1045B00004931A9DDDE90467D1E5119BDDE904014F
:1045C0000343B946DDE90C67D0D1C1F31303002BD7
:1045D000CCD121F00044240D2405B4F1D66F25463A
:1045E000C4D9099A536913B91369012BBEDD01229D
:1045F00009995846FEF7A4FC51460990FEF716FDAE
:104600000028B3DD0A9B002BC9D0A5F580136FEA03
:1046100013536FEA035305934FF0FF330493DDE91F
:1046200004678FE7104919A81CAA04F03DFE05286D
:104630007FF453AA1D9B43F0FF4343F4E00305932B
:104640001C9B0493DDE904679FE400BFA8090200F6
:10465000AC0902000000F07F0000E0BF0000E03F76
:10466000FFFF0F0000005039080E0200A5BB049A9E
:104670001CEA020F3FF47AAF304639460493FEF746
:10468000B1FD0A9B002B62D0049BC3F30A53C3F114
:104690006B03002B40F38C801C0504F17F53002238
:1046A00003F5401306F02EFC02460B463046394611
:1046B00006F070FA0022002306460F4606F08AFE36
:1046C00000283FF43FAF1AE64FF00009414AFFF7D8
:1046D000F8BABEF1000FCBD01EEA030F3FF446AF8D
:1046E000CAE74FF0FF3202FA03F3049A1A40049229
:1046F000C6E40A9A0499B2B1374A1A40B2F1D46FAB
:1047000011D84FF0FF30120DC2F16B0200FA02F225
:10471000914240D0BEF1000F7FF425AF11EA0C0F9B
:104720003FF424AFEDE64FF0FF32F1E72A4D1D4094
:10473000B5F1D66F3FF669AFB5F15C7F3FF602AFDA
:104740002223002600271A9DCBF8003007E50246F9
:104750000B463046394606F01DFA1A9C002200230B
:1047600006460F46254606F035FE00283FF4F7AC16
:10477000C6E54FF0FF33C2F14B0293400B40059367
:104780007EE402460B463046394606F005FA1A9D8D
:1047900006460F46E3E4114A93420CD00E4A1A40F3
:1047A00002F58013059300230493DDE90467DDE639
:1047B00002460B467AE70131F0D1222300261A9DEA
:1047C000054FCBF80030CAE402460B46B4E600239E
:1047D00048E600BF180D02000000F07FFFFFEF7FEA
:1047E000014BFFF735B800BFD80600208C4600B556
:1047F00086461346034A714610685DF804EB62462C
:10480000FFF726B89400002084460A460249034B6D
:1048100008686146FFF71CB894000020D806002005
:104820002DE9F04705460C46DFF888A013462946D7
:104830002246DAF80000FFF70BF802460B46044662
:104840000D4606F0F9FD48BB2946204606F052FE0B
:1048500020F0004706461849384606F011FFD0B947
:104860003846154906F0EEFEA8B925F000494FF08C
:10487000FF3220464946114B06F0DEFD38B920468E
:1048800049464FF0FF320D4B06F0B8FD18B1222219
:10489000DAF800301A603046BDE8F087002D08488D
:1048A00004DAFCF71DFE00F10046F4E7BDE8F0472E
:1048B000FCF716BE94000020FFFF7F7FFFFFEF7F15
:1048C000C40902002DE9F0470446DFF8A0A00A461B
:1048D000274B2146DAF80000FEF7BAFF02460B46E6
:1048E00004460D4606F0A8FD002833D1294620468F
:1048F00006F000FE20F0004706461E49384606F046
:10490000BFFEE8B938461B4906F09CFEC0B925F049
:1049100000494FF0FF3220464946174B06F08CFD08
:1049200038B9204649464FF0FF32134B06F066FD7A
:1049300030B12222DAF800301A603046BDE8F08744
:1049400016F0FF4FF9D10D4B2B40002BF1D1304623
:10495000BDE8F087002D0A4804DAFCF7C1FD00F13C
:104960000046EAE7BDE8F047FCF7BABD9400002036
:10497000D8060020FFFF7F7FFFFFEF7F0000F07F62
:10498000C4090200242B2DE9F84F42D8012B40D056
:104990001F468E468046484875461EF801BB10F8F3
:1049A0000B4014F00804F7D1BBF12D0F6FD06FF05E
:1049B0000049BBF12B0F04BF9EF800B005F1020EB9
:1049C0007BBBBBF1300F4CD00A273B460025B9FB1F
:1049D000F7F6284607FB169A05E03BD0012507FBB2
:1049E00000C01EF801BBABF1300CBCF1090F06D9B9
:1049F000ABF1410CBCF1190F1AD8ABF1370C634580
:104A00001FDDB5F1FF3FECD08642E6D24FF0FF3517
:104A1000E7E7F7F76FFA1622034600201A60BDE8B1
:104A2000F88F102BD2D1BBF1300F23D01F46CDE72A
:104A3000ABF1610CBCF1190F03D8ABF1570C634516
:104A4000DFDC6B1C2BD054B9002AE8D085BB116089
:104A5000BDE8F88FE245C1DA4FF0FF35C1E74042CB
:104A6000F2E79EF8003003F0DF03582B08D0082748
:104A70003B46ABE79EF8000000F0DF005828D5D198
:104A800010279EF801B03B460EF1020E9EE79EF8FD
:104A900000B04FF00049012405F1020E90E72223F7
:104AA000C8F8003032B10EF1FF3148461160CFE74F
:104AB0008146F8E74846B2E7ED050200FFF762BF1E
:104AC0008C4600B586461346034A714610685DF869
:104AD00004EB6246FFF756BF940000208C4600B5F9
:104AE00086461346034A714610685DF804EB624639
:104AF000FFF748BF940000202DE9F04707460E4617
:104B0000484C304616F801EB14F80EC01CF0080CA7
:104B1000F7D1BEF12D0F5AD0BEF12B0F09BF64465D
:104B2000644696F800E0861C4BB9BEF1300F5CD0AD
:104B30000A234FF0050A9946DFF8EC800AE0102BB3
:104B40004AD04FF0FF38B8FBF3F803FB08FA994658
:104B50006FEA0A0A0025284605E02CD0012509FB4A
:104B600000C016F801EBAEF1300CBCF1090F06D90C
:104B7000AEF1410CBCF1190F0BD8AEF1370C634507
:104B800010DDB5F1FF3FECD04045E6D94FF0FF35E1
:104B9000E7E7AEF1610CBCF1190F03D8AEF1570C89
:104BA0006345EEDC6B1C0BD004B140420AB165B921
:104BB0001160BDE8F087D445D0DD4FF0FF35D0E778
:104BC000222328463B60002AF3D0711EF0E796F8B6
:104BD00000E00124861CA7E7BEF1300F11D04FF092
:104BE0000F0A6FF070489946B4E7337803F0DF039B
:104BF000582B0BD008234FF0070A6FF060489946F6
:104C0000A8E7307800F0DF005828E8D14FF010090D
:104C100096F801E04FF00F0A6FF070484B460236ED
:104C200098E700BFED05020099999919FFF764BF55
:104C30008C4600B586461346034A714610685DF8F7
:104C400004EB6246FFF758BF940000208C4600B585
:104C500086461346034A714610685DF804EB6246C7
:104C6000FFF74ABF9400002010B4034CD4F8E04092
:104C7000A44610BC604700BFD8060020034649B1D7
:104C8000FF2A02D801200A7070478A224FF0FF30B5
:104C90001A60704708467047B9B37F2A27D9034680
:104CA000A2F18000B0F5F06F24D3A2F50060B0F55A
:104CB000784F10B52BD3A2F58030B0F5801F36D2D7
:104CC0000023940CC2F3053E64F30703C2F3851C72
:104CD0006EF30F2302F03F026CF3174362F31F637E
:104CE00043F0803343F0700304200B6010BD0120BB
:104CF0000A707047930902F03F0263F03F0362F0CD
:104D00007F0202200B704A70704708467047140BF0
:104D1000C2F3851302F03F0264F01F0463F07F03C7
:104D200062F07F0203200C704B708A7010BD8A22E3
:104D30004FF0FF301A6010BD5FFA82FC0346C2F3E9
:104D40000722D9B1B2B102F17F00C0B21E2804D946
:104D500002F12000C0B20F2812D8ACF140003E286A
:104D600003D98CF080007C280AD802200A7081F8D0
:104D700001C07047012081F800C0704708467047A5
:104D80008A224FF0FF301A60704700BFD3B28446CA
:104D9000C2F3072229B3EAB102F17200C0B20128BE
:104DA00021D902F15F00C0B25D2821D803F15F0074
:104DB000C0B25D2811D943F0800303F15F00C0B297
:104DC0005D2815D84FF08F0C03204A708B7081F846
:104DD00000C0704701200B70704702200A704B70B2
:104DE00070470846704703F15F00C0B25D28F4D9F0
:104DF0008A234FF0FF30CCF80030704770B55FFA6F
:104E000082FEC2F3072269B37AB18446A2F121007F
:104E10005D2829D8AEF121005D2825D81868A8B1F1
:104E200002200A7081F801E070BD186860B18C46FC
:104E300042F61B001A6042232CF8030B8B700420EF
:104E4000614681F800E070BD0120FAE78C4601263A
:104E500042F21B4542241E602CF8035B05208C7037
:104E60006146DEE7012070BD8A234FF0FF30CCF8A9
:104E7000003070BD2DE9F04F894692461E460D4622
:104E800085B05A4F03902A4615F8014B3B5D13F04D
:104E90000803F8D12D2C7DD02B2C41D04FF0FF32C0
:104EA00002936FF00043CDE90023002E43D1302C54
:104EB00079D00A27B0463E46DDE900013A4643462E
:104EC00006F0F4FB002383468E4618461946A44696
:104ED00010E08E4508BF83454CD000FB08F307FB6C
:104EE0000133A0FB07010B44201843EBE4710123BD
:104EF00015F801CBACF13004092C05D9ACF1410413
:104F0000192C1ED8ACF13704A64222DDB3F1FF3FC5
:104F1000EED083457EEB0103DBD24FF0FF33E7E7B2
:104F20004FF0FF3102936FF000432C78CDE900136E
:104F3000951C002EBBD0102E3ED037464FEAE678A7
:104F4000BAE7ACF16104192C03D8ACF15704A642BE
:104F5000DCDC5A1C13D0029A12B1404261EB4101D1
:104F6000BAF1000F03D0002B3DD1CAF8009005B074
:104F7000BDE8F08FA242B0DA4FF0FF33B8E722234A
:104F8000039A1360BAF1000F28D0DDE9000105F1A2
:104F9000FF39EAE74FF00040009301232C78CDE978
:104FA0000103951C81E72B7803F0DF03582B0ED00B
:104FB0000827B0463E467FE7302C03D037464FF0F7
:104FC000000879E72B7803F0DF03582BF6D1102780
:104FD0006C784FF000083E4602356DE7DDE90001D0
:104FE00005B0BDE8F08FCDE90001CEE7ED05020088
:104FF000FFF740BF8C4600B586461346034A71460C
:1050000010685DF804EB6246FFF734BF940000209F
:105010008C4600B586461346034A714610685DF813
:1050200004EB6246FFF726BF940000202DE9F04F05
:105030008B461E460D4685B05F4F039001922A466F
:1050400015F8014B3B5D13F00803F8D12D2C7ED0F1
:105050002B2C03BF2C780293951C02936EB9302C35
:1050600000F086804FF00A09B2464FF0050C4FF071
:1050700099374E46DFF8448117E0102E6CD04FEA86
:10508000E67A324653464FF0FF304FF0FF3106F0DC
:105090000DFB32460746884653464FF0FF304FF02F
:1050A000FF3106F003FBB14694460022104611463C
:1050B00010E0414508BFB84239D000FB0AF209FBB5
:1050C0000121A0FB090211440122181841EBE371F0
:1050D00015F8014BA4F13003092B05D9A4F14103C4
:1050E000192B0CD8A4F137039E4210DD541CEFD0CD
:1050F000874278EB0102DCD24FF0FF32E8E7A4F1FF
:105100006103192B03D8A4F157039E42EEDC531C14
:1051100012D0029B13B1404261EB4101019B1BB1D4
:1051200092B9019BC3F800B005B0BDE8F08F6345AC
:10513000C3DD4FF0FF32CBE72223039910460B600B
:10514000019B1146002BEFD005F1FF3BE9E701235E
:105150002C780293951C81E7302C19D04FF00F0C5E
:105160004FF0FF376FF07048B1464FF0000A9CE7F0
:105170002B7803F0DF03582B0FD04FF00809B2460D
:105180004FF0070C4FF0FF376FF060484E468CE74A
:105190002B7803F0DF03582BE0D14FF010096C7827
:1051A0004FF00F0C4FF0FF376FF070484FF0000AD0
:1051B0004E46023579E700BFED050200999999192D
:1051C000FFF734BF8C4600B586461346034A714646
:1051D00010685DF804EB6246FFF728BF94000020DA
:1051E0008C4600B586461346034A714610685DF842
:1051F00004EB6246FFF71ABF9400002070B582B03E
:10520000069D044655B11048D0F8E4606AB12046C6
:105210000095B047431C10D002B070BD00F1F405FA
:105220000948D0F8E460002AF1D101231146204654
:10523000064A0095B047431CEED100228A232A601B
:10524000236002B070BD00BFD8060020C409020070
:10525000F0B50D46134983B00E6801466BB11C468C
:10526000114BD3F8E4707DB1134630462A460094C2
:10527000B847431C10D003B0F0BD0B4B06F1F4044B
:10528000D3F8E470002DEFD1012329463046074AB8
:105290000094B847431CEED100228A232260336079
:1052A00003B0F0BD94000020D8060020C40902001D
:1052B00070B5054684B05BB11C460F4BD3F8E06077
:1052C000234669B12846B047431C0FD004B070BDD7
:1052D000094B00F58274D3F8E06023460029F1D130
:1052E0000A46284601A9B047431CEFD100228A2371
:1052F00022602B6004B070BDD806002070B5134B3F
:1053000084B01D686AB1124B1446D3F8E06078B1DE
:105310000A46234601462846B047431C0FD004B036
:1053200070BD0B4B05F58274D3F8E0600028EFD117
:105330002346024601A92846B047431CEFD100226C
:105340008A2322602B6004B070BD00BF940000204F
:10535000D806002010B51C4682B0049B009401932F
:105360004FF0FF3304F0FEF802B010BD30B58C46AC
:10537000864615461C46064B83B0186871464FF0AA
:10538000FF336246CDE9005404F0ECF803B030BDC1
:1053900094000020002100F001B800BF10B500F01B
:1053A000A5F8044604F006F9A0F11A03DBB2022BBB
:1053B00006D9A4F1090004288CBF0020012010BDEB
:1053C000012010BD0229C0F30722C3B224D0032953
:1053D00003D082F0800283F0800302F15001C9B251
:1053E0001F290BD902F13001C9B2242932D84FF25A
:1053F000A641884224D94FF0FF3070474CF6D37154
:105400008842F8D8B03A3149C2EBC212A13B03EB53
:10541000420331F8130070479E2B95BF7F218021F6
:105420007E3B23339F2A94BF703A503201EB4201F6
:10543000CAB202F15001C9B21F29DBB2D2D8DDE7EE
:10544000D03A2349C2EBC212A13B03EB420331F82D
:1054500013007047A13A072ACDD8DFE802F03128BF
:105460001E18130F0B04C02BC5D81A4AA13B32F8E3
:1054700013007047F12BBED8174A19E0D82BBAD8C1
:10548000164A15E0F62BB6D803F540507047F32BBB
:10549000B1D803F53E5020307047114A1A4412F833
:1054A000A12C002AA7D003F57E40603070470D4A3A
:1054B000A13B32F81300002808BF4FF0FF307047BF
:1054C000094AA13B32F81300704700BFD4280200FC
:1054D000580E02000040020040400200E44002007A
:1054E00054410200B04102006C42020038B505464A
:1054F000B9B101F5957420461149F6F751FD28B967
:105500002846BDE838400121FFF75CBF20460D4921
:10551000F6F746FD38B92846BDE838400221FFF7C6
:1055200051BF094CE7E720460849F6F739FD28B98D
:105530002846BDE838400321FFF744BF284638BD60
:1055400094070200A807020002080020A00702003A
:1055500010B5124904461248F6F722FD28B9204634
:10556000BDE810400121FFF72DBF0E490C48F6F7AA
:1055700017FD28B92046BDE810400221FFF722BFE1
:1055800009490748F6F70CFD28B92046BDE8104048
:105590000321FFF717BF204610BD00BF940702008C
:1055A00002080020A8070200A007020038B505463F
:1055B000A1B101F5957420460949F6F7F1FC08B947
:1055C000284638BD20460749F6F7EAFC0028F7D000
:1055D00020460549F6F7E4FC284638BD034CEAE7C7
:1055E00094070200A8070200A0070200020800209A
:1055F0004B1C70B51AD014469389526823F02003CF
:10560000A381236BCDB2A3B1636B934209DD236801
:105610005A1E226003F8015C636801336360284608
:1056200070BD214603F02CF90028F0D04FF0FF3573
:10563000F5E7236921682BB18B4203D211F8013CB5
:10564000AB420ED023460320C4E90E12012204F11E
:1056500040066063266303F8425F2846C4E90032CF
:1056600070BD01390132C4E90012D8E710B50C460B
:10567000096B69B104F14003994201D0F6F718FFB4
:105680000020E36B2063636013B1A36B236010BD44
:105690000021A2894FF0FF3042F020022369A2814D
:1056A0006160F3E72DE9F04F85B0019302FB03F34E
:1056B0000E9C9BB38846D4E90015AB4244D983467F
:1056C0001E464FF00009CDE9023204F1400A40467F
:1056D0002A46F6F743FD2068216B28443746C4E983
:1056E0000009A844761BE9B1514502D05846F6F7A7
:1056F000DFFEE16BC4F83090616099B10D46A16B9B
:10570000B5422160E3D332464046F6F727FDD4E99F
:105710000021891B3244C4E90021019B184605B0D1
:10572000BDE8F08FDDE902322B44DB1BB3FBF2F363
:1057300000211846A28942F02002A2812269C4E910
:10574000002105B0BDE8F08F1E46DCE72DE9F04FE3
:10575000E5B002AFC7E90C02B1F90C20BB619404BB
:1057600089464B6E05D442F4005223F400538A81DB
:105770004B669804C3F3403400F1BA87A24608226E
:10578000214607F14000F6F7F3F9C7E90A4409F1A9
:105790004003FB603C62FC613C617D4BD3F8E4401C
:1057A000FBF794FD07F14002009203467A6B386BD9
:1057B00007F13C01A04700284ADB7B6B014603440C
:1057C0007B63FB6B002B00F0C08001284FD0252BA2
:1057D00056D00028E1D07B6B01385E1AD9F804302E
:1057E00034181A46002A06F1FF3517DDD9F80030C3
:1057F00018786A780133904205F1010140F0A580E4
:10580000D9F80420A14202F1FF32C9F80030C9F8EA
:10581000042000F0AB80002A0D46E7DCD9F83010F8
:10582000002900F04D87FB68994202D0386BF6F7EB
:105830003FFE0022D9F83C30C9F83020C9F80430C6
:10584000002B00F03D87D9F83830C9F80030CFE799
:105850004FF6FD730822002107F14000FB63F6F7C5
:1058600087F97B6B01337B63FB6B002B6DD0494A5F
:10587000D25C110700F128840120252B0146AAD112
:10588000002422467E6B3578A5F1250306F1010B35
:10589000552B5AD8DFE813F0A206590059005900D9
:1058A00059000406590059005900590059005B0578
:1058B0005B055B055B055B055B055B055B055B05E8
:1058C0005B05590059005900590059005900590009
:1058D000590059008000250159005900590059000C
:1058E0005900590059006F00590059004F015900E3
:1058F0005900590091015900590059005900990562
:1059000059005900C0055900590059005900590063
:105910005900590082002701590059005900E0053B
:1059200099066F005900B405EC05CD055101FA0543
:105930005900590093017600FD0559005900990559
:10594000590076004FF0FF33BB623B6A43B13B6ABC
:105950001868BB6A013300F03B8108B1FCF732FEE6
:10596000B86A07F5C677BD46BDE8F08F02355544E5
:10597000A5EB060A11E72307E7D1757844F0020486
:105980005E4681E72507E0D175785E467CE700BF7B
:10599000D8060020ED05020044F001040026C7F8F7
:1059A00034B044F04004D9F80430002B41F39C811A
:1059B000600641F19D81022E00F0CA82032E00F0A4
:1059C000ED81012E00F01C81012A38BF012214F064
:1059D0000103164604F010027A6200F0A983002A3F
:1059E00040F0EB85BA69200652F8043BC7E905325E
:1059F00040F1F787002BA8D08020FCF7DBFD834621
:105A000000289FD07B6918603B6ADC889D88AC4287
:105A100080F0EF8618687B693A6A40F82430631C8E
:105A2000D3802023C7F808B07B600024FB6A07F10D
:105A30006008FB62FBF74AFCA04200F04E86D9E901
:105A40000021FB6A12F8010B0139032B08F804004E
:105A5000C9F80410C9F8002004F1010407F1580541
:105A600002D12B68042B04D0082200212846F6F727
:105A70007FF80095234659464246386BFFF7BEFB38
:105A8000411C034600F02986002840F0BF857A6A51
:105A9000A244013E6AB9CBF800207A693AB1BA68EB
:105AA000ABEB02047A68B2EBA40F40F23A860BF13A
:105AB000040BD9F804200024002A40F36584002E4A
:105AC000B7D1FB627B693BB1BB68ABEB03017B6881
:105AD000B3EBA10F00F24D877B6A002B7FF45DAE24
:105AE000C5E344F001040A230326FB61A74B3B6195
:105AF000D9F80430002B29DCD9F83010002900F047
:105B0000DF8509F14003994204D0386B7A63F6F7D8
:105B1000CFFC7A6B0023C9F83030D9F83C30C9F893
:105B20000430002B00F0CC85D9F83830C7F834B0F9
:105B3000C9F800303CE744F001040823FB61944BB2
:105B400003263B61D9F80430002BD5DDD9F80000DD
:105B5000904D0378EB5C190741F1148009F140087E
:105B60007C6300234446904607E00130C9F80000FA
:105B70000178695C0A0740F1A282D9F804100AF1A1
:105B8000010A01390029C9F80410EEDCD9F83010F7
:105B9000002900F09585A14203D0386BF6F788FC08
:105BA0000023D9F83C10C9F83030C9F80410002996
:105BB00000F08685D9F83800D8E744F001040226C1
:105BC00096E7BB6A23B1B9F80C305B067FF5BFAE30
:105BD0003B6ADE8818687EB100248146A046051F16
:105BE00055F8043F01341868FCF7ECFC2B68A6421A
:105BF000C3F80080F4D148464FF0FF33BB62ACE6F7
:105C0000002A08BF4FF0FF3204F0100314F0010522
:105C10007B6100F03183002B40F0ED84B9692006F0
:105C200051F8043BBB60B96140F1D4867A62002B25
:105C30003FF48BAE8020FCF7BDFC7A6A0646002854
:105C40003FF480AEBB6818603B6ADC889D88AC423C
:105C500080F0FB851868BB683E6040F824303B6AE2
:105C60000134DC8020237B604FF0000BFC6A07F1DD
:105C70006008C7F824A0FA62FBF728FB584500F03B
:105C80002C85D9E9003213F8011B013A032C08F8DE
:105C90000B10C9F80420C9F800300BF1010B07F113
:105CA000480A03D1DAF80030042B04D0082200217E
:105CB0005046F5F75DFFCDF800A031465B46424601
:105CC000386BFFF79BFA411C044600F0068500285C
:105CD00040F0AC84054630600822002107F15000F6
:105CE000F5F746FFDFF8B0C02A4607F15805294608
:105CF000386BDCF8E0C007F15003E047012814BF1F
:105D0000002597F8585007F188035B5D002B00F0E1
:105D10007D867B6A032C5B447B6200F08F84FB6A88
:105D2000013BFB627B694BB9BB68043633B13B680E
:105D3000F51A7B68B3EBA50F40F2E384D9F8043081
:105D40004FF0000B002B40F38584FB6A002B93D1AE
:105D5000D7F824A0FC627B69002B7FF41EAD336072
:105D6000BB68002B00F083823B687A68F11A8B10C5
:105D700001339A4240F27B82BC6804312068FDF70F
:105D8000B7FB002800F07382206070E2BD4A01007A
:105D90002D4C0100ED050200D80600200026531E00
:105DA000262B8ABFA2F127084FF00008272209F10D
:105DB00040037B62334607F1600B5D46C7F81480F1
:105DC00090465A46D346D7F81CA044F45864D9F8F4
:105DD000001091F800C0ACF12B004D283CD8DFE852
:105DE00000F0753B753B3B81636363636363637A78
:105DF0007A3B3B3B3B3B3B3B2727272727273B3B2C
:105E00003B3B3B3B3B3B3B3B3B3B3B3B3B3B3B69B4
:105E10003B3B3B3B3B3B3B3B2727272727273B3B4A
:105E20003B3B3B3B3B3B3B3B3B3B3B3B3B3B3B6994
:105E3000BAF10A0F10DD24F4386405F801CBD9F863
:105E4000040001380028C9F8040067DD0131B8F109
:105E50000108C9F80010BAD1C7F81CA0DA46934669
:105E6000E00505D55D4500F2C3825D453FF46DADAB
:105E700014F0100213D15946FB69386BD7F810C0E3
:105E80002A70E047BB69A10603F1040840F1A9822A
:105E90001B681860BB6AC7F818800133BB62A5EBAA
:105EA0000B053544AA4478E49F4824F4386430F95B
:105EB0001AA0C2E704F4C060B0F5007FCCD124F48E
:105EC00000744FF0100A44F4A064B6E72006C3D56E
:105ED00024F08004B1E7944830F91AA0BAF1080F11
:105EE000A9DCB9E72005A8D5BAF1000F03D14FF01E
:105EF000080A44F40074600500F17082786924F4A3
:105F0000607418B10138786108F10108D9F804000B
:105F1000013601380028C9F8040097DCD9F83010A0
:105F2000002900F04886786A814205D0386BFA6112
:105F3000F6F7BEFA0023FA69D9F83C10C9F83030F8
:105F4000C9F80410002900F03686D9F838107EE729
:105F5000002A08BF4FF0FF32E00704F0100340F1C1
:105F60002481002B40F03E83B96951F8040BB961DC
:105F70002106786240F13D85BB607A6100283FF4DC
:105F8000E4AC8020FCF716FB7A698046BB680028E9
:105F90003FF4D8AC796A0860396ACC888D88AC4205
:105FA00080F03D840868C6464FF0200C796A40F8BE
:105FB0002410396A0134CC80D9F800105B4D09787F
:105FC0006E5C16F0080661D1C7E9015E93461D4676
:105FD000C7F814C0FBF77AF9B04200F07E83D9E924
:105FE000003213F8011B013AC9E9003207F16003DE
:105FF00099553B60FB6A0136032B07F1580402D127
:106000002368042B04D0082200212046F5F7B0FDB8
:1060100000943A6833464146386BFFF7EFF8421C6C
:10602000F86200F05A83002840F06284C8F800004B
:10603000FFF7B0F9002840F0A684B2440BF1FF3B13
:10604000002D40F0C0847B6A08F10408002B00F0AA
:10605000BA84BB68A8EB03047B69B3EBA40F40F2DE
:10606000FF852E46D9F80430002B40F3CC85D9F8B3
:1060700000301B787A68D35C1C0702D4BBF1000F98
:10608000A8D12B46D7F814C0D7F808E0002B7FF42E
:1060900084ABC8F800307B6A002B00F0E880A8EBE6
:1060A0000E018A100132944540F2E18018680431F3
:1060B0001C46FDF71DFA00287FF466AED7E07C6B26
:1060C0004246C7F834B076E40025D9F8042009F137
:1060D00040040FE0D9F800301A78144901338A5C83
:1060E00012077FF55AABD9F804200AF1010A013AE8
:1060F000C9E90032002AEDDCD9F83010002900F09F
:10610000D783A14202D0386BF6F7D2F9D9F83C30E8
:10611000C9F83050C9F80430002B00F0C983D9F811
:106120003830C9F80030D7E728430200ED050200F7
:106130007A6A002A40F00882BB69240653F8045B9F
:10614000BB6140F10783002D3FF4FFAB3046FCF705
:1061500031FA0446002800F0C7823B6A2860B3F891
:106160000680B3F804B0D84580F0E98318683A6A2D
:1061700008F10103D38040F82850CDF80090214663
:1061800033460122386BFFF78DFA044600283FF4AE
:1061900018AD864240F2D58001462868FDF7A8F97F
:1061A000002800F0CE802860CBE0002B40F06D840A
:1061B000BB6914F0800453F804BBBB6100F0238278
:1061C0007A62BBF1000F3FF4C0AB2020FCF7F2F97C
:1061D0000646002800F088823B6A7A6ADC889D883F
:1061E000CBF80000AC4280F0C28218683B6A40F8ED
:1061F00024B00134DC802024D9F80000B94D0378A4
:10620000EB5C190700F1CA825346B046AA46154610
:10621000D9F80420013AC9F80420421CC9F800202A
:10622000027808F8012BBBF1000F04D0A8EB06029E
:10623000A24280F07283013D0BD0D9F80420002ADD
:1062400040F30584D9F8000002781AF802201207FA
:10625000DED59A464346991B46468A4401310023BF
:106260003370BBF1000F02D08C4200F2E683BB6AB0
:106270000133BB62FFF791BA7B69002B40F01881B4
:10628000BB6914F0800453F8046BBB6100F09E837B
:106290007A62002E3FF459AB2020FCF78BF90546BB
:1062A000002800F021823B6A7A6ADC889988306095
:1062B0008C4280F0858218684FF0200B3B6A40F8D2
:1062C00024600134DC80D9F8001007F188080B78CD
:1062D00018F80330002B3FF438ABC7F814A02C4655
:1062E000C246904609F140037B622846D9F8045023
:1062F000013DC9F804504D1CC9F80050097800F858
:10630000011B16B1051B5D452CD20546B8F10108ED
:106310000BD0D9F80410002940F3B881D9F8001047
:1063200008781AF800000028DFD12C1BD7F814A039
:106330003FF40BAB00232B701EB1611C8B4500F2A8
:106340000384BB6AA2440133BB62FFF726BA14F090
:106350008F0F7FF4FAAA02EB820205EB4202303A79
:10636000FFF712BB4FEA4B0B20465946FDF7C0F82A
:106370000446002800F0B88105443060C6E7D9F82B
:106380000420002A3FF755ABD9F83010002900F05F
:10639000C98309F14002914204D0386BFB62F6F7E1
:1063A00087F8FB6A0022C9F83020D9F83C20C9F8E8
:1063B0000420002A00F0B683D9F83820C9F800205C
:1063C000002E7FF436ABFFF77CBB44F4007410233F
:1063D000FB61454B03263B61FFF78ABB24F4B064A5
:1063E0002BE5220740F14982BB691B68187051E513
:1063F00015F8011C4A46386B013DFFF7F9F834E502
:1064000023077FF4A2AA75786C2D00F066825E46A1
:1064100044F00104FFF738BA594607F188007A6260
:10642000FAF70EF901267A6A44F040047863FFF720
:10643000BABAE10600F18A81BA6952F8043BBA613E
:10644000220700F18181660740F1FA83A3F800A0DA
:10645000C7F834B0FFF7A1B925077FF476AA75789D
:10646000682D00F034825E4644F00404FFF70CBA55
:1064700014F08F037FF469AA3D6A002D00F0C082FA
:10648000757844F080045E46FFF7FEB944F4087462
:106490009DE70A23FB61144B03263B61FFF728BBF2
:1064A00022437FF452AA757810245E46FFF7ECB9B8
:1064B000D9F8003007F18808197818F80110002978
:1064C0003FF443AA0133C9F80030D9F80430012A57
:1064D00003F1FF33C9F8043000F06F81934609F1EE
:1064E000400417E0ED0502002D4C0100D9F8003002
:1064F0001A78013318F80220002A00F05E81C9F8EA
:106500000030D9F804300136013B5E45C9F804304B
:1065100000F05381002BE9DCD9F83010002900F09D
:106520003F81A14202D0386BF5F7C2FFD9F83C3069
:10653000C9F83050C9F80430002B00F03181D9F887
:106540003830C9F80030D3E7D9E90002B24280F20E
:1065500099831C4609F14003C7F824A025469A46B2
:10656000D9F830101044A346B046C9F800001444CE
:10657000B61A002900F03283514502D0386BF5F786
:1065800097FFD9F83C20C9F83050C9F80420002AF8
:1065900000F02483D9F8380096424FF00001C9F882
:1065A0000000DFDCD7F824A008EB0B04921B30447A
:1065B000C9E90002A244FFF7F0B84FF0000BC7E9A9
:1065C00001BBC7F814B0FFF730BA0023FB61C64B1C
:1065D0000326C7F834B03B61FFF7E5B9C7F834B01C
:1065E000FFF7F7B84FF0000C07F13C018846E6468C
:1065F000C7F824C0E0E4002307F13C067B603B6061
:10660000BB60FFF731BB5E46A346F5E5821C3FF455
:10661000B6AE0328A24402D12A68042A00D0013E63
:106620007A6A002A3FF439AAFFF743BA821C0CD0D9
:1066300035686B1C7FF450ABFFF765BBDAF80030B0
:10664000042B7FF46CABFFF76DBBD9F80430002B43
:106650003FF712ABD9F83010002900F07E8209F123
:106660004003994202D0386BF5F722FF0023C9F8A6
:106670003030D9F83C30C9F80430002B00F06D827E
:10668000D9F83830C9F80030FFF75FBBD9F83010BF
:10669000002900F07B827B6A994202D0386BF5F7C3
:1066A00007FF0023D9F83C10C9F83030C9F80410AE
:1066B000002900F06B82D9F83810C9F800102FE6D5
:1066C0000022B9F80C30D9F8101043F02003C9F8B3
:1066D0000010A9F80C30C9F80420BB6A23B1B9F83E
:1066E0000C305A067FF531A93B6A002B7FF470AA63
:1066F0004FF0FF33BB62B86A07F5C677BD46BDE809
:10670000F08F3868D900FCF7F3FE386000283FF4BA
:1067100019A97B68BA685B00461910607B60FFF7B7
:106720000DBBB868D1001546FB62FCF7E1FEB8600E
:1067300000283FF407A97A696B007B6000EB040B2B
:10674000FB6A1060FFF7B3B983F800A0C7F834B054
:10675000FFF723B8CDF80090334629460122386B65
:10676000FEF7A0FF044600287FF4EBADB5E74FF637
:10677000F6739D427A623FF62BAAD7F8208008353F
:10678000D8F80000A900FCF7B3FE00283FF420AAC7
:106790007A6AA8F80450C8F8000027E501215EE5F0
:1067A0000023C9F80430B9F80C3043F02003A9F8ED
:1067B0000C30D9F81030C9F80030B244FEF7EDBF04
:1067C0004FF6F67399427A623FF602AAD7F820B0E4
:1067D00001F10808DBF800004FEA8801FCF788FEA9
:1067E00000283FF4F5A97A6AABF80480CBF80000E2
:1067F00062E54FF6F6739D423FF6A4A8D7F82080D5
:106800000835D8F80000A900FCF772FE00283FF414
:1068100099A8A8F80450C8F80000FFF7FCB84FF694
:10682000F6718D42BB607A613FF68CA83E6A0835EE
:106830003068A900FCF75CFE00283FF483A8BB6821
:106840007A69B5803060FFF7AEBB4FF6F6739D42B4
:106850007A623FF677A8D7F820800835D8F800008C
:10686000A900FCF745FE00283FF46CA87A6AA8F856
:106870000450C8F80000FFF7EEB9630774D414F0B1
:10688000010240F0DA81A10740F1D781174B396945
:10689000386B99425946FB6900F0F681FEF7A8FB78
:1068A0000B46BA691168C1E90003FFF7F3BAA244C5
:1068B0000023C9F80430B9F80C3043F02003A9F8DC
:1068C0000C30D9F81030C9F80030FEF766BFB57843
:1068D00044F008040236FEF7D7BFB57844F002044E
:1068E0000236FEF7D1BF00BFBD4A01002D4C0100AA
:1068F000FB6A02333FF4B6ABD8F80000FEF74AFD5E
:10690000002840D1FB6AB244032B7FF497AB236885
:10691000042B7FF493ABFFF793BB64003046214612
:106920007B617A62FCF7E4FD064600283FF4DCAEAA
:106930007A6A7B6900EB0208CBF800007BE44FF633
:10694000F6739B453FF644A93B6A0BF1080B1868A8
:106950004FEA8B01FCF7CCFD00283FF439A93B6AD4
:10696000A3F804B0186002E4BB691B681880FFF745
:1069700091BA7C692068FCF7BBFD00283FF4ACA805
:106980002060FFF7A9B82B46D7F814C0D7F808E065
:10699000D7F800B0002E3FF479ABB3445D46F34620
:1069A0003C6BC7F814C0BB60013E4A46204615F850
:1069B000011DFEF71DFE002EF6D1DE46D7F814C0ED
:1069C000BB68FFF763BB0026FFF74CBB3546A34609
:1069D000264678E47B69BE68C7E90033BB60FFF7F1
:1069E00043B97B6AD7F814B0C7E901337B61FFF77D
:1069F0001CB8D7F824809C469E467B62FFF7DCBA21
:106A000082B0CDE9023302AB3B6239E5D7F824A06E
:106A1000FC62BBF1000F3FF49EA95D4608EB0B043E
:106A2000D7F83080013D4A46404614F8011DFEF774
:106A3000DFFD002DF6D1FFF78EB9DBF80000FCF783
:106A400057FD00283FF413ACCBF800000FE4D9F851
:106A50003010002900F01C8109F14002914204D05D
:106A6000386B7B62F5F724FD7B6A0022C9F8302081
:106A7000D9F83C20C9F80420002A00F00981D9F88F
:106A80003800C9F80000FFF7DFBBD9F800309A4D95
:106A90001978695C11F008087EF47FAE0133C9F8FB
:106AA0000030D9F80430012A03F1FF33C9F804306B
:106AB00008BF0AF1010A3EF470AE09F140069346A0
:106AC000324601244646904612E0D9F800301A7842
:106AD0000133AA5C10073FF56DADC9F80030D9F855
:106AE00004300134013BA345C9F8043000F0B28002
:106AF000002BEADCD9F8301000293FF4D8AE41452C
:106B000002D0386BF5F7D4FCD9F83C30C9F83060C6
:106B1000C9F80430002B3FF4CAAED9F83830C9F8B0
:106B20000030D4E7FB620023C9F80430B9F80C3018
:106B300043F02003A9F80C30D9F81030C9F8003020
:106B4000002C3EF4BFAFC8E53068FCF7D1FC00284C
:106B50003FF4F7AB3060FFF7F4BB0023C9F8043013
:106B6000B9F80C30D7F824A043F02003A9F80C3072
:106B7000D9F81030FC62C9F80030BBF1000F3FF4C7
:106B8000EAA8AAE5C7F834B0FEF715BF0023C9F894
:106B90000430B9F80C30A54243F02003A9F80C30BA
:106BA000D9F81030D7F814A0C9F800303FF495ADEB
:106BB0002C1BFFF7BFBB0023C9F80430B9F80C3019
:106BC000C7F81CA043F02003A9F80C30D9F8103006
:106BD000DA46C9F800309346FFF742B90023C9F8F6
:106BE0000430B9F80C30D7F824A043F02003A9F8FA
:106BF0000C30D9F81030C9F80030002C3FF46DADDE
:106C0000A244FEF7CABDD9F83010002955D009F1C9
:106C10004003994202D0386BF5F74AFC0023C9F8CB
:106C20003030D9F83C30C9F80430002B45D0D9F8C1
:106C30003830C9F80030FFF71CBABB69FFF728B934
:106C4000E5070AD4A40708D54FEAEA72C3F800A002
:106C50005A607BE5DA44FEF7A0BDC3F800A075E5F5
:106C6000B868D9001E46FCF743FCB86000283EF423
:106C700069AE7A6A730000EB04082E4610607B61EF
:106C8000FFF7F0B9344691E4FEF79AFA0B4608E6AE
:106C90009A464346991B0023C9F80430B9F80C30D2
:106CA0008A4443F02003A9F80C30D9F81030464646
:106CB0000131C9F80030FFF7D2BA0022C9F8042028
:106CC000B9F80C202B4642F02002A9F80C20D9F884
:106CD0001020D7F814C0D7F808E0C9F80020002E1B
:106CE0007FF4FBACFFF7D2B9D7F834B0FEF704BF9E
:106CF000D7F834B0FEF72ABFED0502002DE9F04FBA
:106D0000DDB00C4691460D910F938346FAF7F0FAE9
:106D1000036818461A93F5F797FA0822189000218D
:106D20002CA8F4F725FFA389180603D52369002BA7
:106D300000F01587002300249E46CDE9313300235F
:106D400033AACDE91634DA4614464D46CDE91BEE9A
:106D50003092CDF864E0CDF880E0CDF874E0CDF865
:106D600028E0CDF848E02F466E4BD3F8E460FAF700
:106D7000ADFA0DF1B00C03463A46504628A9CDF8BD
:106D800000C0B047002800F09F80C0F29580289B8B
:106D9000252B01D00744E7E7B7EB0508064640F08E
:106DA000978000224FF0FF33934609937B787E1C37
:106DB0008DF897200B9299460136A9F120035A2BA2
:106DC00000F2B280DFE813F0F302B000B000EF028F
:106DD000B000B000B000FD02B000B0006A003502A3
:106DE000B0002702D202B000CE025B005B005B0065
:106DF0005B005B005B005B005B005B00B000B00011
:106E0000B000B000B000B000B0002801B000AA018E
:106E10003E02280128012801B000B000B000B000F7
:106E20003A02B000B000A802B000B000B000D0013B
:106E3000B000BC02B000B0008A06B000B000B000E4
:106E4000B000B000B000B000B0002801B000AA014E
:106E500001022801280128012B0201027400B00060
:106E60006402B0005502AF066E027400B000D0019B
:106E70007200AC06B000B000B206B0007200002292
:106E8000A9F1300316F8019B02EB820203EB4202E8
:106E9000A9F13003092BF5D90B928EE70F9B53F81C
:106EA000042B002A0B920F93C0F2B281337882E751
:106EB00033784BF0200B7EE7082200212CA8F4F752
:106EC00057FE012007444FE7B7EB0508064610D0F0
:106ED000329BC4E9005843443293319B0133072B62
:106EE000319315DC08340A9B43440A93002E7FF447
:106EF00058AF329B002B41F05E810D9B9B8903F0C4
:106F00004003002B41F080830A985DB0BDE8F08F0C
:106F100050460D9930AA01F087FC0028EDD133AC22
:106F2000E1E700BFD80600201096B9F1000FE0D0CD
:106F3000012300228DF80C91069343AD8DF8972024
:106F40000C93CDE913220E92099211921BF00203C9
:106F500002D00699023106911BF08408329E05D1B9
:106F60000B9906980F1A002F00F39B806AB101223B
:106F70006260319A013601320DF19701072A32968B
:106F80003192216000F3D883083463B10223636037
:106F9000319B0236013326AA072B329631932260A9
:106FA00000F3BF830834B8F1800F00F0BF82099B63
:106FB0000C9A9F1A002F00F3F9821BF4807F40F097
:106FC0001E820C9B25601E446360319B3296013308
:106FD000072B319300F33F8308341BF0040F05D0D7
:106FE0000B9B069A9D1A002D00F3B383DDE90A324C
:106FF00006998A42ACBF9B185B180A93002E40F09A
:107000000883002331930E9B1BB150460E99F5F770
:107010004FFA33AC109DA6E60F9B1096073323F072
:107020000703F3E802670F9327F000431F931E96B0
:107030004FF0FF32DDE91E01B24BCDE9166704F0D7
:10704000FBF9002840F0F484DDE91E014FF0FF3227
:10705000AC4B04F0D3F9002840F0EA84002200236E
:107060003046394604F0C0F9002840F0B2879DF858
:10707000972000210320A44DA44B2BF0800B0E91F0
:107080000690B9F1470FD8BF1D46CDE913110991FC
:107090000C901191002A3FF459AF069B01330693DF
:1070A00054E7102F319A41F30D82DFF864C2214674
:1070B00030460D9C2E46CDF854C06546219304E021
:1070C000103F102F01F1080116DD1023013210309E
:1070D000072ACDE931200D604B60F1DD2146504695
:1070E00030AA01F0A1FB002840F09B82DDE93120AD
:1070F000103F102F33A9E8DC35460C460646219B8D
:10710000013215993E44072ACDE931262160676096
:1071100000F381869DF89720083427E70F9BB9F18B
:10712000430F109603F1040603D01BF0100F00F07C
:107130000185082200212EA8F4F71AFD0F9A43AD0D
:107140002EAB294650461268FEF7B2F803460133CB
:107150000C9001F054820C9B23EAE3730693002207
:107160000F968DF89720ECE600230F9F109657F8A6
:10717000045B8DF89730002D00F00085B9F1530FB6
:1071800000F094861BF01003119340F08F86099B4A
:10719000002BC1F21B801A4628461199FAF754F9C0
:1071A0000E90002801F081820E9B11995B1B0C93BD
:1071B00023EAE3734FF07309CDE913119DF897208B
:1071C0000F97099106930E9164E71BF0200F10961C
:1071D0003ED00F9B073323F007031846596850F839
:1071E000083B0A460F900029C0F2CA83099900297A
:1071F000C0F2888253EA02012BF0800740F08382BC
:10720000099A002A40F08482BB460C925CAD64E18E
:107210000B9B5B420B9333784BF0040BCBE533783D
:10722000682B03BF73784BF4007B01364BF0400BA7
:10723000C1E52B238DF897303378BCE533784BF0DC
:10724000080BB8E54BF0100B1BF0200F1096C0D1C7
:107250000F9A1BF0100F52F8043B0F9240F0C283BC
:107260001BF0400F00F0BA8343F3C03211461BB24B
:10727000B9E71BF0200F109600F0C5830F9B0A9A08
:107280001B681A60D2175A600F9B04330F93C1E634
:1072900033786C2B03BF73784BF0200B01364BF027
:1072A000100B88E547F630030F9AADF8983052F886
:1072B000043B02210F924FF07809002215481096E6
:1072C0004BF0020719900020099D8DF89700002DC2
:1072D000C0F2EC8053EA020027F0800B40F0E5801A
:1072E000002D40F0D285002940F0538317F00103B0
:1072F0000C9300F0718330230DF26F158DF86F3110
:10730000EBE000BFFFFFEF7F00070200FC0602007A
:107310005C4302000C07020010964BF0100B1BF0B0
:10732000200200F012830F9B073323F00703194656
:107330005A6851F8083B0F9100212BF48067C2E78F
:1073400010964BF0100717F0200200F00B830F9BF4
:107350000121073323F0070318465A6850F8083B09
:107360000F90B0E733784BF0800B24E5314611F8ED
:10737000019BB9F12A0F01F02882A9F13003092BF2
:1073800098BF002201F2A28011F8019B02EB820259
:1073900003EB4202A9F13003092BF5D942EAE2736B
:1073A0000E46099309E533784BF0010B03E59DF890
:1073B00097203378002A7FF4FEAC20228DF89720A6
:1073C000F9E45046F9F794FF436818461D93F4F723
:1073D0003BFF209007465046F9F78AFF83681B93CE
:1073E000002F3FF463AD1B9A3378002A3FF4E3ACDF
:1073F0001278002A3FF4DFAC4BF4806BDBE4B9F188
:10740000650F40F33781DDE916010022002303F008
:10741000E1FF002800F0D88101236360319B934A8B
:1074200001330136072B32963193226000F3328507
:107430000834279B129A934280F2C982189B1A9AA9
:107440001E44C4E90023319B32960133072B31934C
:1074500000F37A830834129B5D1E002D7FF7BDADCB
:10746000102D319B40F3EB80DFF804921027DDF8FC
:107470003480CDF8549004E00834103D102D40F3D2
:10748000E08001331036072BC4E90097CDE931368F
:10749000F2DD4146504630AA01F0C6F9002840F01E
:1074A000C080DDE9313633ACE7E75F46012900F003
:1074B0002A8102295CAD1ED1199803F00F01415CAD
:1074C0001B0943EA0273120905F8011D53EA020180
:1074D000F3D1BB465CAB5B1B0C93099A0C99002360
:1074E0008A42B8BF0A46CDE9133306920E939DF83F
:1074F00097201193CEE503F00701DB0843EA4273BE
:10750000D208303153EA0206284605F8011DF2D1AF
:10751000FB07DED53029DCD03023023805F8013CEA
:107520005CAB1B1ABB4605460C93D6E70B9B069A31
:107530009F1A002F7FF73BAD102F319B41F35B80EB
:107540004B48224631464FF0100806460D9C1590D8
:1075500004E0103F102F02F1080214DD0133103156
:10756000072BC2E90068CDE93131F2DD21465046F2
:1075700030AA01F059F9002853D1DDE93131103F2B
:10758000102F33AAEADC14460E460133159A3E4406
:10759000072BCDE931362260676000F3C084099B78
:1075A0000C9A08349F1A002F7FF707AD304A102F2E
:1075B000319B159221DD32464FF010082E460D9D6D
:1075C00004E0103F102F04F1080414DD01332849B2
:1075D0001032072BC4E90018CDE93132F1DD29461C
:1075E000504630AA01F020F9D8B9DDE93132103F18
:1075F000102F33ACEADC354616460133159A3E446B
:10760000072BCDE931362260676000F392810834A0
:10761000D3E450460D9930AA01F006F900283FF452
:10762000F0ACD3460E9B002B3FF467AC58460E9946
:10763000F4F73EFF0D9B9B8903F0400361E40C4A85
:107640001592159A01332E44072B22606560CDE90F
:1076500031367FF7C1AC50460D9930AA01F0E4F8FD
:107660000028DED1329E33ACB7E400BF3C070200F5
:107670004C430200129B319F012B06F1010607F1DA
:10768000010704F1080940F310810123072FCDE918
:1076900031762560636000F38081189B01371A9A68
:1076A0001E44072FC9E90023CDE9317600F382811A
:1076B00009F10809129B0022DDE916015C1E002376
:1076C00003F088FE002840F0098101370135264487
:1076D000072FCDE93176C9F80050C9F8044000F30E
:1076E000F08009F108091C9B01371E44C9F80430D9
:1076F000072F2AABCDE93176C9F80030ABDC09F1B0
:1077000008046AE45F460A2B72F1000180F02583C9
:1077100030338DF86F310123BB460C930DF26F159A
:10772000DBE650460D9930AA01F07EF800287FF480
:1077300078AF329E33AC36E450460D9930AA15939B
:1077400001F072F800287FF46CAF329E159B33ACC9
:107750001BE4102D319B40F33187DFF8CC821027DA
:10776000DDF83490CDF8548004E0103D102D04F184
:10777000080415DD01331036072BC4E90087CDE975
:107780003136F2DD4946504630AA01F04DF8002866
:107790007FF447AFDDE93136103D102D33ACE9DC25
:1077A0000133159A2E44072BC4E90025CDE9313663
:1077B0007FF71CAC50460D9930AA01F035F800282F
:1077C0007FF42FAF329E11E42799002940F33383D1
:1077D000DDE911839845A8BF9846B8F1000F0ADD8E
:1077E000319B46440133072BC4E90058329631934C
:1077F00000F33E860834119FB8F1000FA8BFA7EB35
:107800000807002F00F3CB81DDF844901BF4806F54
:10781000A94440F0EA81279B129A9342C0F27182F8
:107820001BF0010F40F06D82129AAF18A7EB090709
:10783000D51AAF42A8BF2F46002F0BDD319B3E4427
:107840000133072BC4F8009067603296319300F340
:1078500085860834002FA8BFED1B002D7FF7BDAB38
:10786000102D319B7FF7EBAEDFF8C0911027DDF8CC
:107870003480CDF8549004E00834103D102D7FF78B
:10788000E0AE01331036072BC4E90097CDE931365D
:10789000F2DD4146504630AA00F0C6FF00287FF4D2
:1078A000C0AEDDE9313633ACE7E71BF0010F7FF402
:1078B000ECAE0123072FCDE93176256063607FF7B9
:1078C00012AF50460D9930AA00F0AEFF00287FF4A9
:1078D000A8AEDDE931760DF1CC0904E7129B012B4E
:1078E0007FF701AF112B40F37F87504BCDF824B0C9
:1078F00010259B46DDF83480159305E009F1080951
:10790000103C102C40F33C8301371036072FC9E997
:1079100000B5CDE93176F1DD4146504630AA00F0A0
:1079200083FF00287FF47DAEDDE931760DF1CC09CF
:10793000E6E750460D9930AA00F076FF00287FF464
:1079400070AE329E33ACFFF738BB0F991BF01000BE
:1079500051F8043B55D11BF040054ED002460F9123
:107960009BB2E9E40F9917F0100051F8043B41D1A4
:1079700017F040053AD00F91024601219BB2A2E4D4
:107980005B425F464FF02D004FF0010162EB420277
:107990009AE4099B5CAD0C939FE550460D9930AA83
:1079A00000F042FF00287FF43CAEDDE931760DF1B6
:1079B000CC0972E650460D9930AA00F035FF002838
:1079C0007FF42FAEDDE931760DF1CC0972E61BF0C4
:1079D000010F3FF402AB31E55CAD7EE51BF4007FA7
:1079E00040F04F83DA171146FFF7FDBB17F4007222
:1079F00040F052830F91012165E41BF4007240F0C6
:107A000046830F9198E41BF0100F40F094821BF016
:107A1000400F40F0CA831BF4007F00F08C820F9B64
:107A20000A9A1B681A702FE45C4302004C43020060
:107A3000DDE9160102460B4603F0FEFC002840F08B
:107A40001C86B9F1610F00F01F85B9F1410F00F0FC
:107A50004A85099B013300F0EF8329F02003472B6F
:107A600000F0E1850E90DDE91612002A13464BF472
:107A70008078C0F2E68400231593DDE91623CDE972
:107A80002223A9F14103252B00F20E83DFE813F036
:107A900018040C030C030C03D803A5040C030C03FB
:107AA0000C030C030C030C030C030C030C030C035E
:107AB0000C030C030C030C030C030C030C030C034E
:107AC0000C030C030C030C030C030C030C030C033E
:107AD00018040C030C030C03D803A504A64B109642
:107AE00019931BF0200200F01A810F9B073323F03B
:107AF000070319465A6851F8083B0F911BF0010F14
:107B000009D053EA020106D030218DF899904BF04C
:107B1000020B8DF8981002212BF48067FFF7D3BB7E
:107B20005F4610960FE41096FFF7F9BB934B109643
:107B30001993D6E70F9B43AD1B688DF80C310123D9
:107B400006930C93FFF70BBB50460D9930AA00F03B
:107B50006BFE00287FF465AD329E33AC7BE44021A0
:107B60005846F4F7A1FD0D9B18601861002800F03D
:107B70003F8640230D9A5361FFF7DCB8099B2946E5
:107B8000062B28BF06232A4609950E95CDE9131129
:107B90007B4D06930F970C931191FFF77BBA102F33
:107BA000319B40F31D86774932464FF010090E464F
:107BB000DDF83480159104E00834103F102F40F3B5
:107BC000EE8101331032072BC4E90069CDE931326F
:107BD000F2DD4146504630AA00F026FE00287FF430
:107BE00020ADDDE9313233ACE7E7129B2246EB18DA
:107BF0000993139B4C46002B3146DDF85080CDF89D
:107C000044B0DDF86C90209EDDF834B0149531DD81
:107C1000B8F1000F40F3338108F1FF3831981D9B14
:107C2000013031440728C2E900363291319000F327
:107C300089800832099B99F800001F1B8742A8BF62
:107C40000746002F0CDD3198394401300728C2E97E
:107C500000473291319000F3558199F800000832C5
:107C6000002FB4BF0546C51B002D14DC0444139B34
:107C7000002BCDDCB8F1000FCEDCCDF86C90A14626
:107C8000149D129B1446EB1899450E4628BF994641
:107C9000DDF844B0BFE5102D31983A4B23DD0C944C
:107CA00010272C461D4604E0103C102C02F108025F
:107CB00016DD0130334B10310728C2E90037CDE91A
:107CC0003101F1DD5946504630AA00F0ADFD0028E3
:107CD0007FF4A7ACDDE93101103C102C33AAE8DCBD
:107CE0002B4625460C9C013029440728CDE931015B
:107CF0001360556000F3AD8399F800000832044426
:107D0000B5E7189A1A991644C4E90012319A3296C6
:107D10000132072A319200F3C883083484E50F99B1
:107D20001BF0100051F8043B0AD11BF0400503D0B2
:107D300002460F919BB2E1E61BF4007240F09D8178
:107D40000F91DBE65946504630AA00F06DFD002841
:107D50007FF467AC329933AA6CE707F480610C9723
:107D60000E944FF0000E0F46DFF81CB01B9C0DF573
:107D7000B87CCDF8189010E0200702000C07020034
:107D8000340702004C430200CDCCCCCC0A2B72F15C
:107D9000000237D343463246AC46991841F1000100
:107DA000ABFB010626F0030000EB96004FF0CC364B
:107DB000091A581A06FB00F662F10009A0FB0B80B5
:107DC0000BFB09660644052008F00109A9FB000920
:107DD00040184FEA5808303048EAC6780EF1010ED4
:107DE0000CF1FF350CF8010C7608002FCED021786D
:107DF0008E45CBD1BEF1FF0FC8D00A2B72F1000225
:107E000080F0DA801B94DDF818900C9F0E9CCDF862
:107E100048E0FFF75EBB50460D9930AA159300F07D
:107E200003FD00287FF4FDAB9DF89720329E159B43
:107E300033ACFFF79BB801236360319B994A013350
:107E40000136072B32963193226000F3FE8008340E
:107E5000002976D1129A0BF0010313433FF4BDA819
:107E6000189B1A9A1E44C4E90023319B32960133B1
:107E7000072B319300F3D38104F1080272E0139BC6
:107E800009F1FF39013B1393C8E601295F467FF4EE
:107E900010AB3DE450460D9930AA00F0C5FC002817
:107EA0007FF4BFAB329E33ACFFF7C3BA0DF1B80815
:107EB0000822002140462995F3F75AFE099B002B22
:107EC000C0F28C8000260697CDF830903746994650
:107ED0000FE04346504643A9FDF7EAF9421C06F17C
:107EE0000406384400F0BD83484506DC00F0FE83FC
:107EF0000746299B9A59002AEBD1DDF830900C9760
:107F0000069F79E05946504630AA00F08DFC0028C3
:107F10007FF487AB99F80000329933AAA0E6504667
:107F20000D9930AA00F080FC00287FF47AAB329ED5
:107F300033ACFFF73CB80F9B0A9A1B681A60FFF737
:107F4000A3B9189B1A9A1E44C4E90023319B3296A8
:107F50000133072B319300F3628104F108020029F9
:107F6000C0F20B83129901330E44072BCDE9313651
:107F7000156051603FF76FAB02F10804FFF72DB8B1
:107F8000DDF824B00137159B2644072FCDE9317663
:107F9000C9F80030C9F804407FF7A3AB91E4164656
:107FA0000133159A3E44072BCDE9313622606760D4
:107FB00000F32981083427E4209B1D99ED1A1A4605
:107FC0002846F8F749FC637803B101344FF0000EFE
:107FD000E0E62D228DF89720FFF74BB8002350469E
:107FE0001946CDF8008029AAFDF7B4F903460133FC
:107FF0000C9000F0368329950C9B002B31D0632B1D
:1080000000F3F780002343AD0E9308220021404681
:10801000F3F7AEFD0C9E294633465046CDF800805E
:1080200029AAFDF797F9864240F0F28300230C9AC3
:10803000CDE9133322EAE271AB549DF897200F97F4
:10804000069109931193FFF725B850460D9930AA70
:1080500000F0EAFB00287FF4E4AA2799329E33ACB3
:10806000F6E60C9B9DF89720CDE913330F97069306
:10807000099311930E93FFF70DB82A460F91DBB2C7
:108080003CE543F3C01211465BB2FFF7ACB82A4699
:108090000F91DBB2FFF750B90F912A460121DBB2F5
:1080A000FFF711B93C070200099B504601930223D8
:1080B00000932EAB049329AB039327AB0293DDE926
:1080C0002223F9F7E5FA1BF0010F054640F007827D
:1080D0002E9B1B1A1293279B1193119BD91C03DB18
:1080E000099A9A4280F28E81119BA9F10209013B03
:1080F000002127935FFA89F2002B8DF8A820B6BFE4
:108100002D222B22119B8DF8A920B8BFC3F10103AA
:10811000092B40F392820DF1BF073A46DFF8D0C237
:108120001E461046ACFB0321C90801EB8102A3EBFC
:1081300042023032632E00F8012C0B4600F1FF3270
:10814000EEDC303302F8013C831EBB4280F03A8300
:108150000DF1A90213F8011BBB4202F8011FF9D16E
:108160005CAB181AA0F1AD031C93129B1C9A012B57
:108170001A440C9240F370820C9B189A13440C938F
:108180002BF4806343F4807B00230C9A149322EA3F
:10819000E272069213931193159B002B40F02181FC
:1081A0009DF897200993FEF775BF0F9B0A9A1B68ED
:1081B0001A80FFF769B80D9C5046214630AA00F09E
:1081C00033FBA38903F04003FEF79BBE2846F4F778
:1081D0003BF8119B20EAE0714FF07309CDE91333AE
:1081E0009DF897200F970C90099306910E93FEF738
:1081F00051BF5046591CF4F757FA0546002800F0C5
:10820000FF820E9001E750460D9930AA00F00CFB5A
:1082100000287FF406AA329E33ACFFF7F5BA504629
:108220000D9930AA00F000FB00287FF4FAA9DDE9DF
:108230003136279933AA92E606230E90099312E469
:108240000223099A0132069200932EAB069E0493F4
:1082500029AB039327AB019602935046DDE9222315
:10826000F9F716FA29F02007462F054618BF4527CB
:10827000064405D12B78302B00F03781279B1E4414
:108280000022DDE92201002303F0A4F8002840F0D9
:1082900022812E9BB34206D230215A1C2E92197095
:1082A0002E9B9E42F9D8279A11925B1B472F12935F
:1082B0003FF413AF462F00F02681119B013B17E7D7
:1082C00027AADDE92201F9F70FF900224FF07F53C9
:1082D00002F018FE02460B46CDE9062300220023D9
:1082E00003F078F808B101232793099B414A591EEE
:1082F000414BCDE911B4B9F1610F08BF1A462E46C2
:10830000D346CDF8309013958946DDE9064592466F
:10831000099207E00022002303F05CF8002840F0F7
:10832000D181B9460022354B2046294602F0EAFDAC
:108330000D46044603F096F8804602F079FD0246A9
:108340000B462046294602F025FC1AF80830B9F100
:10835000FF3F324604460D4609F1FF3706F8013B60
:10836000D8D11746264B0022CDE90645DA46DDF87E
:108370003090129CDDF844B0139D03F053F80028B0
:1083800000F0128209992E9716F8012CC97B33460A
:10839000914209D1302003F8010C2E9B5A1E2E92D7
:1083A00013F8012C9142F6D0392A0BBF099A0132F9
:1083B000927AD2B203F8012C33465B1B1293279BAF
:1083C000B9F1610F119303F1FF33279300F0C281DC
:1083D00050224FF0410901218EE6099B06930323A9
:1083E00032E72D2200238DF897200993FEF755BE22
:1083F000CDCCCCCC200702000C070200000030409E
:108400000000E03FDDE91123934200F3DB801BF025
:10841000010F119B00F04781189A13440C931BF431
:10842000806F00F07A81119B4FF06709002B7DDC93
:108430000C9B23EAE37306930023C346CDE9133371
:10844000AAE622912D2103F1004315912393FFF712
:1084500018BB5946504630AA00F0E6F900287FF4D0
:10846000E0A899F80000329933AA0444FFF7FFBB53
:1084700050460D9930AA00F0D7F900287FF4D1A812
:10848000329E33ACFFF7B7B978238DF8993030239B
:108490008DF89830099B4BF0020B632B00F3B980E9
:1084A000002343AD0E93FFF7DEBA50460D9930AA74
:1084B00000F0BAF900287FF4B4A8279B329E33ACB1
:1084C000FFF7B2B9AE491591FEF71ABE00230E466A
:1084D0000993FEF772BC279A33461192E5E6099B91
:1084E0004727C618CCE65823CFE70022DDE9220152
:1084F000002302F06FFF002800F02781279B1E4415
:108500001193731B12931199099A0BF0010300291F
:1085100043EA020340F32D81002B40F001814FF02C
:108520006609119B0C931BF4806F81D01B990B780B
:10853000FF2B00F061810026119A304604E00130E3
:108540000131FF2B00F0D880934280F2D580D21AFF
:108550004B78002BF3D10B780136F2E750460D999A
:1085600030AA00F061F900287FF45BA8279D129BD8
:10857000329E33AC5D1BFFF76DB94F4210312CDAE0
:10858000DFF800821024CDF8548003E00832103F59
:10859000102F24DD01331036072BC2E90084CDE90A
:1085A0003136F3DD50460D9930AA00F03DF9002830
:1085B0007FF437A8DDE9313633AAE8E7704A15922F
:1085C000FFF7EEB8129B189A9A18119B0C92002B89
:1085D00040F3AE804FF06709A5E76A491591013372
:1085E00015993E44072BCDE931361160576000F3F1
:1085F000B3800832B6E4634A1592FEF7C6BF0D9AFF
:10860000938943F0400393814FF0FF330A93FEF7C1
:108610007BBC5046591CF4F747F805460028EED0BD
:108620000E90FFF720BA099B002B7FF41BAA099B31
:108630000E9301230993FFF716BA002940F08280B8
:1086400030228DF8AA200DF1AB02303302F8013B45
:108650002AABD31A1C9388E51BF0010F3FF490ADB1
:108660008AE50022D3460D9B0E92B3F90C3043F0FD
:1086700040030D9A9381FEF7D5BF179B0320002B73
:10868000B8BF2D224FF00003A8BF9DF897201946D0
:108690000E933D4D3D4BB8BF8DF897202BF0800BCE
:1086A0000690FEF7EEBC0C93B9E6099B4FF07309F8
:1086B000CDE913009DF897200F9706930C9309902E
:1086C000FEF7E8BC49460029DA46DDF83090129CF6
:1086D000DDF844B0139DFFF66FAE4B1C30223146DF
:1086E000334401F8012B9942FBD166E6099BDDF882
:1086F0003090069F0C937FE4CDE913061B911192F5
:10870000DDE91332209913440C9AC34601FB03237D
:108710000C9323EAE37306933EE54FF0670987E67F
:108720001346189A4FF0660913440B440C93FAE66B
:10873000C3F101031A4422EAE2734FF067090C9275
:10874000069379E60DF1AA027FE7069BC3F10103C8
:10875000279394E570223EE650460D9930AA00F02A
:1087600063F800287EF45DAFDDE9313633AAFFF708
:10877000F9BB6BB901234FF0660906930C935BE6D6
:108780005C4302004C430200080702000407020099
:10879000189B4FF0660903F1010B099B5B440C9396
:1087A00023EAE373069347E60022DDE906011C4B4A
:1087B00002F010FE00283FF4FFAD18F0010F3FF467
:1087C000FBADDFE502231C93CFE40F9A73780E46CE
:1087D00052F8041B0F9241EAE1720992FEF7EBBADC
:1087E000104A1592FFF7DCBB0E4B1593FFF7CABB7F
:1087F0000C23CBF8003007E70023CDE913337FE7E4
:108800000D9BD346B3F90C300E9043F0400330E794
:108810000D9BD346B3F90C3043F0400329E700BF6A
:108820000000E03F4C4302002DE9F04115469268FC
:108830002C68FAB107468846083402E0134608342B
:10884000C3B16B685E1E002B6E6013DD54F8046CC0
:10885000002EF3D033464146384654F8082C01F038
:10886000ABFE431C07D0AA680834921B1346AA60CB
:10887000002BE6D100200023C5E90133BDE8F081DB
:108880002DE9F0410C46096B04F14003994214D0E4
:10889000666B77003A46FAF735FE054630B300EBD3
:1088A0000608014632464046F3F758FCC4E90C5727
:1088B000C4F800800020BDE8F0814FF48061F3F738
:1088C000F3FE98B14FF4806194F842202063616315
:1088D00080F8FF2394F8412000F2FD3380F8FE2356
:1088E00094F8402080F8FD232360E3E74FF0FF3049
:1088F000E1E700BF70B54C1C39D00E460546144662
:1089000010B1436B002B71D0626EB4F90C30D107FB
:1089100001D49A054DD523F020025807A28106D430
:10892000D9066DD51B0754D442F00402A281226BF4
:108930006368F6B2F2B1626B9A420FDD23685A1E89
:10894000226003F8016C6368626E0133D2076360D2
:1089500002D4A3899B0537D5304670BD21462846F1
:10896000FFF78EFF0028E9D0636ED80751D54FF08E
:10897000FF36F1E7626E2069216802F0010228B13A
:10898000884203D211F8010CB04232D00320E363D5
:108990002346C4E90D01012104F14005256303F8D4
:1089A000426FC4E90031002AD6D1A3899B05D3D4F4
:1089B0000AE0A06DF3F7EAFAB4F90C3023F02002D4
:1089C0005807A281B3D4ABE7A06DF3F7E7FA3046BE
:1089D00070BD21462846F2F76DFC0028C4D1B4F9D9
:1089E0000C20A06022F00802A0619DE7F2F7E6FDEE
:1089F0008AE701390133C4E90013002AACD1A8E7A2
:108A0000626ED207B3D49905B1D4A06DF3F7C6FA5C
:108A1000ADE7A389F7E700BF03460A4602490868A5
:108A20001946FFF767BF00BF94000020844610B4CA
:108A30000E4C1CF8013B11F8010BE25C02F0030242
:108A4000012A225C08BF203302F00302012A05D06C
:108A50001B1A08D10028ECD110BC70472030181A1E
:108A6000E7D010BC7047184610BC7047ED050200F7
:108A7000830710B5044610D10268A2F1013323EA3E
:108A8000020313F0803F08D150F8042FA2F1013304
:108A900023EA020313F0803FF6D003781BB110F8ED
:108AA000013F002BFBD1F8F771FC204610BD00BF41
:108AB0000B4632B913F8012B002AFBD1581A0138A2
:108AC0007047013A16D010B401E0013A09D013F80A
:108AD000014B00F8014B002CF7D1581A013810BC9B
:108AE0007047027013F8012B002AFBD1581A013885
:108AF00010BC70470270DDE722B310B50244864611
:108B0000114C04E01B1A1BD1B8B1964516D01EF8C3
:108B1000013B11F8010B14F803C00CF0030CBCF17D
:108B2000010F14F800C008BF20330CF0030CBCF197
:108B3000010FE7D12030181AE7D010BD002010BD7A
:108B4000184610BD10467047ED050200002001498F
:108B5000704700BF0000F87F144600B51A460A4B64
:108B60000D461B6885B0DE6803464CB1074901918C
:108B7000304607490294009500F060FD01F07CFD4D
:108B800004490C46F3E700BF94000020B809020036
:108B9000C8090200C409020008B513460022FFF705
:108BA000DBFF00BF38B5A1FB021454BBF3F77CFD1B
:108BB000054650B350F8042C22F00302043A242A4C
:108BC00010D8132A13D91B2AC0E9004416D9242A25
:108BD000C0E902440ABFC0E9044400F1100200F1F8
:108BE000180205E02146F2F7C3FF284638BD0246C9
:108BF00000232846C2E90033936038BD00F1080223
:108C0000F6E7F3F777F90C2303600025284638BD13
:108C10000148F3F7BBB900BF645F00200148F3F7D8
:108C2000BDB900BF645F00202DE9F0410469B4EBD9
:108C3000611F05DC0023036100234361BDE8F0816F
:108C400000F114054E1111F01F0C05EB840E05EB1D
:108C5000860321D055F8261004339E4521FA0CF1E5
:108C6000CCF120082DD92F461A6802FA08F20A43DF
:108C700047F8042B53F8041B9E4521FA0CF1F3D856
:108C8000A31B9B00053B9B08013305EB830445F8C0
:108C9000231079B104340DE09E4588BF00F1100225
:108CA000C8D953F8041B9E4542F8041FF9D8A41BE9
:108CB00005EB8404631B9B10AC420361BCD0BDE890
:108CC000F08141610029B5D02C46E3E72DE9F04F52
:108CD0001C4685B000900868934682780B46302A7F
:108CE000029440F0F381C11C0A780C46302A01F14D
:108CF0000101F9D0A4EB0009A9F10209DFF8C08253
:108D000018F80220002A00F0EF80002722783D4664
:108D100018F80220002A00F07781264616F8012F65
:108D200018F80220002AF9D101223046A549019302
:108D3000F2F7D6FF019B824600284DD03278002DF5
:108D400000F0A581A5EB060A4FEA8A0A02F0DF02CD
:108D5000502A35464DD01E60002F74D12B1B013B8D
:108D6000072B394604DD5B10072B01F10101FADC0A
:108D70000098F9F781FE0346002800F06A8200F1AE
:108D80001406A542019640F2CA8100270390B94615
:108D90000DE0202F1AD0394604372A7818F802201F
:108DA00002F00F028A4049EA0209A54254D015F8A0
:108DB000012D2E2AEDD1A542EBD30122284681496F
:108DC000F2F78EFF0028F0D0202FE4D1002146F8E2
:108DD000049B04278946E0E7002D00F06881327883
:108DE000A5EB060A02F0DF02502A35464FEA8A0A4E
:108DF000B1D16A782B2A00F048812D2A40F0D58025
:108E00000120AA78AE1C18F802104A1E182A00F297
:108E1000D5807278103918F8022001365AB90CE062
:108E200001EB810102EB4102A2F1100116F8012FC2
:108E300018F802200AB1192AF2DD00B149428A4429
:108E40001E60002F8AD0B9F1000F0CBF0625002547
:108E5000284605B0BDE8F08F039B019A46F8049BB5
:108E6000B61AB6101E6148460393F9F7DFFE760185
:108E7000DBF80040361AA642039B76DCC0F209817B
:108E80000027DBF808205245C0F23E81DBF80420C1
:108E900052454EDDA2EB0A0A544500F39580DBF8FB
:108EA0000C10022900F0E180032900F05381012910
:108EB00040F0DF80544540F0DC80012C0AD0184699
:108EC000611E0393FAF7E8FA039B002800F0D180B3
:108ED000DBF804200121029862250260019A1961E1
:108EE00011600E9A1360B3E70122204635490193C1
:108EF000F2F7F6FE019B0746002840F08780627873
:108F0000651C18F80210002900F08280302A2C46D7
:108F100040F02B8114F8012F302AFBD018F80220E2
:108F20004FF00109B2FA82F77F09002A7FF4F5AE0B
:108F30006AE0012587B1DBF80C20022A6FD0032AF2
:108F400071D0012A06D1B90704D5019A12681743D6
:108F5000FA076BD445F0100528460E9A1360029B61
:108F6000C3F800A005B0BDE8F08F361B18463146A7
:108F7000FAF792FA039B074678B10127711E019810
:108F80004A1150F8220001F01F0207FA02F20242D1
:108F900003D0B94200F3CF8002271846314603932D
:108FA000B244FFF741FE039B6BE718F80210002064
:108FB0004A1E182A05F101067FF62BAF2E46CAE697
:108FC0006C430200340802000AF1FF35002F40F024
:108FD000A480002D40F0A78001220198691150F86B
:108FE000211005F01F05AA400A4218465146039376
:108FF00018BF47F00207A4EB0A04FFF715FE02258D
:10900000DBF804A0039B95E726468DE625462278EB
:1090100002F0DF02502A00F099801D6013E70F9ADA
:10902000C2F101020F920F9A002A93D001991E6992
:1090300088460A4600274FEA860901EB860003E0CE
:10904000904242F8047C45D9944652F8041BB1F191
:10905000FF3FF5D00131022DCCF800107ED014F086
:109060001F0440F0AE80212576E70F9900293FF4D8
:1090700031AF502519460098F9F724FD0023284602
:109080000E9A136005B0BDE8F08F0020B9E6AA463D
:109090005CE6A61B194632460098F9F751FF00F12D
:1090A000140203460027AAEB060A0192E9E6727849
:1090B000751C18F802102E4600293FF447AE16F82A
:1090C000012F18F802100029F9D13BE64FF00009F2
:1090D000841C13E69A6896424ADA0121022D06EBB7
:1090E000010003EB86061861DDF80480716135D05C
:1090F000002874DC00221A6100225A61DBF8082083
:109100000AF1010A5245AEDA19460098F9F7DAFC7D
:1091100000230E9AA32513609AE601275CE74FF01F
:109120000009019E99E6184629460393FAF7B4F917
:10913000039B074650E71846B11E0393FAF7ACF9B4
:10914000039B00283FF428AF032726E74FF0000ACF
:1091500001274EE60F9900298BD0BBE6DBF80020F3
:10916000013AA24262D02225F6E64FF00109D4E589
:109170005968009801310193F9F77EFC019B07467D
:1091800000286CD01A6903F10C01023292000C30F5
:109190000193F2F7E3FF019B00981946F9F792FC5F
:1091A00001213B69022D03EB010007EB83033861CA
:1091B00007F1140859613B46D0D08642BFF64FAF45
:1091C00096E7C14459F8040C0193F9F72FFDC4F157
:1091D0002004A042019BBFF646AF186988E75A6990
:1091E00008EB800003F11804A0424FEA520229D98B
:1091F0004546216842EAC17245F8042B54F8042B15
:10920000A0424FEA5202F4D8C11A19398908013133
:1092100048F8212008EB810102B10431A1EB0802DA
:10922000921041451A617FF469AF65E7012261112F
:1092300058F8211004F01F04A2400A4214BF21254F
:10924000222589E6C8F800200AB14146E5E71A61FF
:1092500052E70246E421054B0548FFF77DFC024634
:109260008421024B0248FFF777FC00BF8C08020004
:10927000F809020010B504688646013409E014F8C4
:10928000013BA3F1410CBCF1190F98BF203393426D
:1092900007D111F8012B002AF1D10120CEF80040AE
:1092A00010BD002010BD00BF0B682DE9F04F591113
:1092B00002EB810113F01F0306464FF000050DBFBE
:1092C0000846081D8E46A1F1040E316885B040F8AD
:1092D000045C4C1C4978002900F0AF807746F446C6
:1092E0000093AA460B46A9467146AB469646DFF860
:1092F00084810246019610E0202B00F296804D45B5
:1093000008DD674502D9BAF1070F67DDE6455CD392
:109310004FF0080A14F8013FB3B118F80360002EAB
:10932000EAD00AF1010ABAF1080F05F1010542DCA1
:10933000DCF800301B0106F00F061E43CCF800607D
:1093400014F8013F002BE8D1104672468E46009B70
:10935000002D72D0BC4502D2BAF1070F74DD624510
:1093600055D26346111F53F8044B734541F8044F1F
:10937000F9D9AEEB0C0323F003030EF10101043322
:109380000CF1010C8C4588BF04230021134443F8E1
:10939000041B7345FBD950F8041C19B107E05EF8B3
:1093A000043D23B97245FAD10123CEF800300520DF
:1093B00005B0BDE8F08FE645ACD24CF804BC002304
:1093C0004FF0010AACF1040CB5E7ACF104074CF81E
:1093D00004BCA946BC464FF0000A9BE7CAF108004E
:1093E00080006646CDE902C2DCF800308446C0F158
:1093F000200A706800FA0AF21A4320FA0CF332606D
:1094000046F8043FB742F4D8DDE902C27EE750F8DF
:10941000041C002BC1D04FF0FF34C3F1200324FA09
:1094200003F3194040F8041CB7E7104672468E4615
:1094300019462929019E009B03D0042005B0BDE8F0
:10944000F08F0134346083E7DCF80040CAF1080192
:109450008900664688462546C1F12009716801FAEF
:1094600009F42C4321FA08F5346046F8045FB7424A
:10947000F4D874E76C4302002DE9F04F89B08646BA
:10948000DDE9137A1E46002F53D01568002955D008
:10949000129B002B62D0741E2EB30026CDE900E192
:1094A000DDF848B0043D029103920AE0019BF3B954
:1094B0002868002831D0DC4552D2013C631C664646
:1094C00011D0D7E9009855F8042F3B460098DAF8F8
:1094D000E0C005A9E047421C34D000EB060CDC4597
:1094E000E4D9C7E90098304609B0BDE8F08F0028FC
:1094F0000CDD029B05A918445A1E00F1FF3E11F82D
:10950000013B02F8013F7245F9D10290039B2868A4
:109510001A6804321A600028CDD10199039A01B16A
:1095200010600CF1FF36002230463A6009B0BDE809
:10953000F08F156800F586770029A9D14FF0FF3329
:109540001293A8E706468A2100223046DDF800E0A3
:10955000CEF800103A6009B0BDE8F08F129EC2E765
:109560006646C0E710B584B00698054C0090079891
:109570000190044800680294FFF77EFF04B010BD1C
:10958000D80600209400002010B5044684B0069848
:10959000019006480068009313460A462146044C91
:1095A0000294FFF769FF04B010BD00BF94000020D3
:1095B000D8060020184B98422AD870B54FF0000EFC
:1095C00040F6F904154D03E003F1010E74451DDB6F
:1095D00004EB0E0303EBD37323F0010202EB6302EF
:1095E00005EB420C9CF80110BCF80260BCF804C00A
:1095F00041EA06218C4460454FEA63034FEA420288
:10960000E2D8884206D25C1E7445E1DAFF2070BDC4
:10961000FF207047A85C70BDEF010E006C44020093
:109620000CB400B583B004AB53F8042B019300F0E5
:1096300019F803B05DF804EB02B070470EB400B542
:10964000074A82B003AB0146106853F8042B01931C
:1096500000F008F802B05DF804EB03B0704700BFFB
:109660009400002084462DE9F04F0E461546E14651
:10967000C9B018AF0822002138461C460596079548
:109680000D93F2F775FAB9F1000F04D0D9F8343020
:10969000002B00F03786059B5A6EB3F90C30D007CB
:1096A00002D4990540F12C859E0406D4059943F413
:1096B000005322F400528B814A66950400F1E4863F
:1096C000059AB2F90C30190740F1BF801269002ADF
:1096D00000F0BB8003F01A020A2A00F0C5800023C4
:1096E0001FAA9246CDE91D33CDE91133DFF83CB214
:1096F0001C920E9309930F93CDF82090DDE9075447
:10970000DBF8E460F7F7E2FD2A46034616A9204697
:109710000097B047002800F0C680C0F2BC80169BBE
:10972000252B01D00544EBE7079B0446EE1A40F0D9
:10973000BE804FF0FF32002306926A786C1C8DF8D1
:1097400053300A9303930134A2F120035A2B00F201
:10975000EF80DFE813F05402ED00ED004E02ED0063
:10976000ED00ED005E02ED00ED006A00EB01ED00A2
:10977000E501F601ED00F0015B005B005B005B00C2
:109780005B005B005B005B005B00ED00ED00ED004B
:10979000ED00ED00ED00ED00ED00ED0097017F0222
:1097A000ED00ED00ED00ED00ED00ED00ED00ED0051
:1097B000ED00ED001202ED00ED00ED007001ED0096
:1097C000A202ED00ED00FC04ED00ED00ED00ED0067
:1097D000ED00ED00ED00ED00ED00ED009701BC01A6
:1097E000ED00ED00ED009902BC017400ED002003D6
:1097F000ED001103F904F0027400ED007001720035
:10980000F604ED00ED001F05ED0072000021A2F14D
:10981000300314F8012B01EB810103EB4101A2F1AC
:109820003003092BF5D90A918EE70D9B53F8042BD1
:10983000002A0A920D93C0F27081227883E7039B7D
:10984000227843F0200303937DE7059D484629468F
:10985000F2F72CF9002840F03D86B5F90C3003F002
:109860001A020A2A7FF43BAF0599B1F90E20002AAB
:10987000FFF635AF4A6ED60702D49D0540F1EB8561
:1098800023464846079A059900F056FE0990099824
:1098900049B0BDE8F08F082200213846F2F768F998
:1098A000012005442CE7079B0446EE1A12D0079BC3
:1098B000CAE900361E9B33441E931D9B0133072BC0
:1098C0001D9313DC0AF1080A099B33440993002C09
:1098D0007FF42FAF1E9BDDF82090002B40F0CA854F
:1098E0000022059B1D92B3F90C3012E005990898EF
:1098F0001CAAF6F719FC48B90DF17C0AE4E7B14659
:109900000C9B1BB148460C99F2F7D2FD059BB3F9AD
:109910000C30059A526ED10740F183805B0600F14E
:10992000BD85099849B0BDE8F08F00BFD80600207A
:109930000794002ACED000238DF8533001238DF8F0
:10994000BC2004932FAC0B934FF00009CDF830905E
:10995000CDF81890039BDDE91D2113F0840605D195
:109960000A9B04981D1A002D00F302839DF85300F2
:1099700078B10123013201310DF15300072ACDE9FD
:109980001D21CAF80430CAF8000000F32B830AF145
:10999000080AB9F1000F0ED0022001320231CAF8D4
:1099A0000400072A15A8CDE91D21CAF8000000F31C
:1099B00025830AF1080A802E00F02A82069B0B9864
:1099C0001D1A002D00F36B820B9B01321944072AEC
:1099D000CDE91D21CAF80040CAF8043000F39C828A
:1099E0000AF1080A039B580705D50A9B049A9C1A9A
:1099F000002C00F30F83DDE9093204988242ACBFEA
:109A00009B181B180993002940F0908200231D9396
:109A10000C9B1BB10C990898F2F74AFD0DF17C0ADA
:109A20006CE69A053FF57AAF059CA06DF2F7B6FAA1
:109A3000B4F90C3072E700230D9E079456F8044BDE
:109A40008DF85330002C00F07584532A00F0BD834C
:109A5000039B13F0100540F0B883069B002BC0F267
:109A6000E8841A4629462046F7F7EEFC0C900028B9
:109A700000F02C85031BCDE90B3523EAE373049337
:109A800000F0B8BC0D9B432A079403F1040503D0F2
:109A9000039BD80640F18283082200211AA8F2F71E
:109AA00067F80D9A2FAC1AAB214612680898FBF79D
:109AB000FFFB034601330B9000F0FB840B9B23EA72
:109AC000E373049300230D958DF853303CE7039B1B
:109AD0000794990640F1C7800D9B073323F00703D5
:109AE00018465A6850F8083B11460D90002AC0F2FB
:109AF0005B81069A002AC0F26481039A22F08002F8
:109B0000039253EA010240F05C81069B002B40F077
:109B1000A78404930B9348AC65E10A9B5B420A93CC
:109B2000039B227843F0040303930CE62B23227853
:109B30008DF8533007E6039B227843F080030393AC
:109B400001E6204610F8012B2A2A00F0CE84A2F16B
:109B50003003092B98BF002100F2848410F8012BF8
:109B600001EB810103EB4101A2F13003092BF5D98F
:109B700041EAE17304460693E6E5039B079443F04C
:109B8000100212F0200100F087820D9B073323F0B2
:109B900007031846596850F8083B0D90002022F43E
:109BA00080640394069C8DF853008442C0F2A08028
:109BB00053EA010422F4906240F0A083039C0392D4
:109BC000069B002B40F08C80002840F0908214F01F
:109BD00001020B9200F0908230238DF81F319DF826
:109BE000533004920DF21F14002B40F001810C93AE
:109BF00003E1039B227843F001030393A3E59DF85F
:109C000053302278002B7FF49EAD20238DF8533003
:109C100099E5089E3046F7F76BFB436818461193A9
:109C2000F2F712FB129005463046F7F761FB8368A6
:109C30000E93002D3FF401AE0E9B2278002B3FF4D3
:109C400082AD1B78002B3FF47EAD039B43F4806311
:109C5000039378E5039B079443F010030393039B5E
:109C600099063FF539AF0D9A52F8043B0D92039ACD
:109C7000D20600F15282039A560640F14A8243F31B
:109C8000C0310A461BB231E72278039B682A00F0F4
:109C9000958243F04003039355E5039B079443F0FB
:109CA000100414F0200100F006820D9B073323F00E
:109CB00007031A46596852F8083B0D9200228DF8A6
:109CC0005320069A002AC0F21B8324F080020392DC
:109CD00053EA010275D1069B0120002B3FF474AFBB
:109CE000012800F0BD8300230228194600F02981D5
:109CF00048AC03F00702DB0843EA4173C90830327D
:109D000053EA0105204604F8012DF2D1039BDD073B
:109D100040F12581302A00F022813023069A023852
:109D200004F8013C48AB1B1A9A42B8BF1A460446D5
:109D30000B93049257E0039B002143F0020303932B
:109D400047F630030D9AADF8543052F8043B0794AF
:109D50000D92B64A0F9200228DF85320069A002ADF
:109D6000C0F2EF80039C53EA010024F080020392CA
:109D700040F0E780022023E7039B07949C0640F114
:109D8000CF810D9B099A1B681A60D2175A600D9BF0
:109D900004330D93B2E42278039B6C2A00F007820F
:109DA00043F010030393CEE42D228DF85320069A3E
:109DB0005B4261EB4101002A03DB039A22F080023F
:109DC00003920A2B71F1000280F03A823033DBB249
:109DD0008DF81F31069B0DF21F14012BB8BF012314
:109DE000049301230B939DF85330002B3FF4FFAEF7
:109DF00000230C93049B01330493039B13F002098B
:109E00003FF4A8AD049B4FF0020902330493A1E58F
:109E10000A9B04981D1A002D7FF7D0AD102D40F33A
:109E20004583DFF80C82534640461026A046DDF8F5
:109E300020900446DDF814A004E0103D102D03F13D
:109E4000080315DD01321031072AC3E90046CDE9C8
:109E50001D21F2DD514648461CAAF6F765F9002897
:109E60007FF44EADDDE91D21103D102D1FABE9DC67
:109E70009A4623464446984601322944072ACDE9AA
:109E80001D21CAF80080CAF8045000F34082069BE6
:109E90000B980AF1080A1D1A002D7FF795AD102DB9
:109EA000DFF88C812ADD53461026AA46DDF8209083
:109EB0002546059C06E0AAF1100ABAF1100F03F13D
:109EC000080318DD01325A481031072AC3E9000699
:109ED000CDE91D21EFDD214648461CAAF6F724F9FD
:109EE00000287FF40DADDDE91D21AAF1100ABAF1B9
:109EF000100F1FABE6DC2C4655469A46013229442A
:109F0000072ACDE91D21CAF80080CAF8045000F3E1
:109F1000E1800AF1080A57E5059908981CAAF6F7A6
:109F200003F958B91E990DF17C0A5BE5059908986B
:109F30001CAAF6F7F9F800283FF468ADDDF8209088
:109F4000DEE40F9848AC03F00F02825C1B0943EA81
:109F50000173090904F8012D53EA0102F3D1069AAD
:109F600048AB1B1B9A42B8BF1A460B9304923AE7C0
:109F7000102D40F37C822F4B50461396A2464FF093
:109F800010081C46089E109304E0103D102D00F1AF
:109F9000080015DD01321031072AC0E90048CDE97B
:109FA0001D21F2DD304605991CAAF6F7BDF8002800
:109FB0007FF4A5ACDDE91D21103D102D1FA8E9DCC3
:109FC00054468246139E0132109B2944072ACDE94C
:109FD0001D21CAF80030CAF8045000F381810AF14B
:109FE000080AC3E4059908981CAAF6F79DF800280A
:109FF000A4D1DDE91D210DF17C0ACAE40599089878
:10A000001CAAF6F791F8002898D1DDE91D210DF181
:10A010007C0AD0E4102C1D9B40F34582054E102590
:10A02000DDF82090DDF8148010960AE00C0702009D
:10A03000487A0200587A0200103C102C0AF1080AF3
:10A0400016DD01331031072BCAE90065CDE91D315A
:10A05000F2DD414648461CAAF6F766F800287FF470
:10A060004FACDDE91D31103C102C0DF17C0AE8DC11
:10A070000133109A2144072BCAE90024CDE91D3190
:10A080007FF7B9AC059908981CAAF6F74DF8002897
:10A090007FF454AF1E99AEE40D9850F8043B0D9038
:10A0A00012F010007FF47AAD12F0400400F04C8101
:10A0B00001469BB272E50D9A52F8043B0D9214F0E2
:10A0C00010027FF4FBAD14F0400000F04381114614
:10A0D0009BB2F3E5059908981CAAF6F725F8002825
:10A0E0007FF42CAFDDE91D210DF17C0A6CE4069BA9
:10A0F00048AC04930B9376E6069B48AC049372E657
:10A10000059DA86DF1F742FFB5F90C306A6EFFF7B7
:10A11000CBBA039A950500F18681D9170A46E5E482
:10A12000039BD80600F10181039B590600F176815B
:10A13000039B9A0540F1F9800D9B099A1B681A70E0
:10A1400025E60794039CACE5039A079419E5AF4B09
:10A1500007940F93039B13F0200161D00D9B0733ED
:10A1600023F007031846596850F8083B0D90039CEC
:10A17000E6070AD553EA010007D08DF8552044F0D0
:10A180000202039230228DF85420039A22F4806256
:10A190000392E0E59E4B07940F93DBE70D9B2FACFA
:10A1A0001B688DF8BC30012304930B938AE443F0C1
:10A1B0002003627803930134FFF7C5BA43F40073B8
:10A1C000627803930134FFF7BEBA082200211AA86F
:10A1D0001794F1F7CDFC069B002BC0F2C980002537
:10A1E000CDF810A0A8469A46DDF820900FE01AABF3
:10A1F00048462FA9FBF75CF8431C05F104054044D1
:10A2000000F05781504506DC00F05B818046179BCB
:10A210005A59002AEBD1DDF810A0CDF82C80B5E01A
:10A220000D9850F8043B0D90039810F010009ED14B
:10A23000039911F0400400F0948001469BB296E728
:10A24000039A984602F480624FF0000C1346714D59
:10A250000DF5907ECDF810A007E0B8F10A0F71F16E
:10A2600000013AD3C8463146A64618EB010242F136
:10A270000002A5FB020626F0030000EB96004FF05B
:10A28000CC36121AB8EB020006FB00F661F1000AA8
:10A29000A0FB059005FB0A660644052009F0010AAB
:10A2A000AAFB000A80184FEA5909303049EAC679FA
:10A2B0000CF1010C0EF1FF340EF8010C7608002BA6
:10A2C000CBD00E9A12786245C7D1BCF1FF0FC4D033
:10A2D000B8F10A0F71F1000177D2DDF810A03EE667
:10A2E000059908981CAAF5F71FFF00287FF426AEF1
:10A2F000DDE91D210DF17C0AFFF738BB0392F7E47D
:10A3000003945EE54846F1F759F9FFF7C4B905999A
:10A3100008981CAAF5F708FF00287FF40FAEDDE9C6
:10A320001D210DF17C0AFFF749BB0D9B099A1B68A3
:10A330001A602CE5069B384C062B28BF06230D9689
:10A340000B930493FFF700BB12F400711CBF21466E
:10A35000DBB223E414F400713FF4B0AC0146DBB28D
:10A36000ACE4039911F400711CBF2146DBB2FEE698
:10A370001AAB009300230898194617AAFAF7EAFFC8
:10A38000034601330B9000F0948017940B9B73B33A
:10A39000632B57DC00232FAC0C93082200211AA852
:10A3A000F1F7E6FB0B9D1AAB009321462B4608986C
:10A3B00017AAFAF7CFFF854240F0A28000230B9A3C
:10A3C000A35422EAE273049314E00B93129B1199B5
:10A3D000E41A1A462046F6F73FFA0E990B9B4A7884
:10A3E00012B10A4601320E924FF0000C3AE70B9B75
:10A3F00004930C939DF853301BB100230D960693E4
:10A40000F8E4994606930D96FFF7A4BA20070200D8
:10A410000C070200CDCCCCCC340702000D9B099A6E
:10A420001B681A80B3E443F3C0110A465BB2FFF71E
:10A430005DBB2046F1F708FF20EAE0730C950B9016
:10A440000493D7E70898591CF2F72EF90446002820
:10A450002FD00C90A1E7886DF1F7A0FDFFF710BA9F
:10A460003023B5E4002304460693FFF76DB9294B6A
:10A470001093A8E5484605991CAAF5F755FE002853
:10A480003FF42EAAFFF742BAD40707D4059B9B8955
:10A49000980503D4059B986DF1F780FD4FF0FF33CD
:10A4A0000993FFF73EBA1B4A1092E1E5DFF8688096
:10A4B000E2E4059AB2F90C3043F040039381FFF7D0
:10A4C00028BA069BDDF810A00B935FE7069B049368
:10A4D0000B938FE7059A536EDB07DFD493899F05B3
:10A4E000DCD4906DF1F75AFDD8E70D9B627853F8F4
:10A4F000041B04460D9341EAE1730693FFF723B969
:10A50000059ADDF82090938943F040039381FFF78B
:10A51000F7B900BF587A0200487A02008C4600B5AD
:10A5200086461346034A714610685DF804EB62469E
:10A53000FFF798B894000020F0B54FF4806400262F
:10A54000ADF26C4D1AADCDE905461F4606460095A5
:10A55000049515468B8916A823F00203ADF80C303C
:10A560004B6E02941993CB890C46ADF80E30CB6933
:10A5700007934B6A0993F1F701FD2A463B4669466A
:10A580003046FFF76FF8051E07DB69463046F0F7E7
:10A5900091FE002818BF4FF0FF35BDF80C305B0668
:10A5A00003D5A38943F04003A3811698F1F7EAFC91
:10A5B00028460DF26C4DF0BD2DE9F0471D468F6821
:10A5C0000C46AF4216460B6836D8B1F90CC01CF4E5
:10A5D000906F0ED13D46184631462A46F6F7BEF832
:10A5E0000020A368DF1B2368A7602B442360BDE81D
:10A5F000F0874A69096902EB42025F1A02EBD272E4
:10A600006B1C52103B44934292BF914699461A46A6
:10A610001CF4806F804611D01146F2F745F882464F
:10A6200000B33A462169F1F799FDA38923F49063B9
:10A6300043F08003A38105E02F46CCE7F8F762FFE3
:10A64000824658B10AEB0703A9EB0707A760C4F8D5
:10A6500010A02F46C4F814902360BCE7404621693F
:10A66000F1F726FF0C22A3894FF0FF3043F040039F
:10A67000C8F80020A381BAE7062008B500F0A2F8C8
:10A680000120E6F7CFF800BF38B5D0F838410CB15B
:10A69000002038BD80210546F2F706F80246C5F8CD
:10A6A000380130B1031F7C3243F8044F9342FBD191
:10A6B000EEE74FF0FF3038BD30B51F29054683B0B7
:10A6C00009D8D0F838310C4653B153F8240043F878
:10A6D000242003B030BD162303604FF0FF30F8E7AD
:10A6E00080210192F1F7E0FF019A0346C5F8380195
:10A6F0000028F2D0011F00F17C05002041F8040F72
:10A70000A942FBD1E1E700BF1F2938B505461FD894
:10A71000D0F838210C466AB152F8213053B1012BE0
:10A7200006D0591C10D00021204642F8241098472A
:10A73000002038BD284600F0FDF822460146284694
:10A74000BDE8384000F0E2B8162301202B6038BD88
:10A7500016234FF0FF302B6038BD00BF1F292DD8C6
:10A7600038B5D0F838310C460546A3B153F824204B
:10A7700003EB84034AB1511C0BD0012A07D00025FA
:10A7800020461D609047284638BD012038BD032073
:10A7900038BD022038BD8021F1F786FF0346C5F899
:10A7A000380140B100201A1F03F17C0142F8040F68
:10A7B0008A42FBD1DAE74FF0FF3038BD4FF0FF306F
:10A7C000704700BF38B5144B1F281D681ED8D5F838
:10A7D0003821044662B152F820304BB1012B05D02C
:10A7E000591C0FD0002142F820109847002038BD96
:10A7F000284600F09FF8224601462846BDE838402A
:10A8000000F084B8162301202B6038BD16234FF0CA
:10A81000FF302B6038BD00BF94000020124B1F2872
:10A8200070B51E6809D8D6F8383104460D464BB1CC
:10A8300053F8240043F8245070BD162333604FF0C2
:10A84000FF3070BD80213046F1F72EFF0346C6F879
:10A8500038010028F3D00021021F7C3042F8041F89
:10A860008242FBD1E4E700BF9400002038B50C4BD6
:10A870001D68D5F838410CB1002038BD802128462C
:10A88000F1F712FFC5F8380138B1031F00F17C025F
:10A8900043F8044F9342FBD1EEE74FF0FF3038BD51
:10A8A0009400002038B5184B1F281D6828D804468E
:10A8B000D5F83801A0B150F8242000EB84034AB148
:10A8C000511C0BD0012A07D0002520461D6090475F
:10A8D000284638BD012038BD032038BD022038BDD0
:10A8E00080212846F1F7E0FEC5F8380140B100218B
:10A8F000031F00F17C0243F8041F9342FBD1DAE707
:10A900004FF0FF3038BD00BF9400002070B5002626
:10A91000074D0446084611462E60E5F7B4FF431C78
:10A9200000D070BD2B68002BFBD0236070BD00BF32
:10A93000545F0020E5F796BF70B54FF0FF0C4CF464
:10A94000E06C1CEA11541DBF1CEA135594EA0C0F6D
:10A9500095EA0C0F00F0DEF82C4481EA030621EAA8
:10A960004C5123EA4C5350EA013518BF52EA0335E3
:10A9700041F4801143F4801338D0A0FB02CE4FF095
:10A980000005E1FB02E506F00042E0FB03E54FF0C5
:10A990000006E1FB03569CF0000F18BF4EF0010EBD
:10A9A000A4F1FF04B6F5007F64F5407404D25FEAB9
:10A9B0004E0E6D4146EB060642EAC62141EA55516C
:10A9C0004FEAC52040EA5E504FEACE2EB4F1FD0CAE
:10A9D00088BFBCF5E06F1ED8BEF1004F08BF5FEA2C
:10A9E000500E50F1000041EB045170BD06F00046DE
:10A9F00046EA010140EA020081EA0301B4EB5C048B
:10AA0000C2BFD4EB0C0541EA045170BD41F4801182
:10AA10004FF0000E013C00F3AB8014F1360FDEBFA7
:10AA2000002001F0004170BDC4F10004203C35DA83
:10AA30000C341BDC04F11404C4F1200500FA05F306
:10AA400020FA04F001FA05F240EA020001F00042A7
:10AA500021F0004110EBD37021FA04F642EB06011D
:10AA60005EEA430E08BF20EAD37070BDC4F10C0447
:10AA7000C4F1200500FA04F320FA05F001FA04F20B
:10AA800040EA020001F0004110EBD37041F10001F7
:10AA90005EEA430E08BF20EAD37070BDC4F1200502
:10AAA00000FA05F24EEA020E20FA04F301FA05F26A
:10AAB00043EA020321FA04F001F0004121FA04F212
:10AAC00020EA020000EBD3705EEA430E08BF20EAE2
:10AAD000D37070BD94F0000F0FD101F0004640001C
:10AAE00041EB010111F4801F08BF013CF7D041EA9E
:10AAF000060195F0000F18BF704703F000465200A2
:10AB000043EB030313F4801F08BF013DF7D043EA72
:10AB10000603704794EA0C0F0CEA135518BF95EA28
:10AB20000C0F0CD050EA410618BF52EA4306D1D1AF
:10AB300081EA030101F000414FF0000070BD50EACE
:10AB4000410606BF1046194652EA430619D094EA58
:10AB50000C0F02D150EA013613D195EA0C0F05D142
:10AB600052EA03361CBF104619460AD181EA030196
:10AB700001F0004141F0FE4141F470014FF000004E
:10AB800070BD41F0FE4141F4780170BD81F000419B
:10AB900002E000BF83F0004330B54FEA41044FEAC2
:10ABA000430594EA050F08BF90EA020F1FBF54EA5D
:10ABB000000C55EA020C7FEA645C7FEA655C00F0F9
:10ABC000E2804FEA5454D4EB5555B8BF6D420CDDCA
:10ABD0002C4480EA020281EA030382EA000083EA4D
:10ABE000010180EA020281EA0303362D88BF30BDED
:10ABF00011F0004F4FEA01314FF4801C4CEA113143
:10AC000002D0404261EB410113F0004F4FEA0333A1
:10AC10004CEA133302D0524263EB430394EA050F2C
:10AC200000F0A780A4F10104D5F1200E0DDB02FA9B
:10AC30000EFC22FA05F2801841F1000103FA0EF22F
:10AC4000801843FA05F359410EE0A5F120050EF1F5
:10AC5000200E012A03FA0EFC28BF4CF0020C43FA26
:10AC600005F3C01851EBE37101F0004507D54FF033
:10AC7000000EDCF1000C7EEB00006EEB0101B1F583
:10AC8000801F1BD3B1F5001F0CD349085FEA3000C9
:10AC90004FEA3C0C04F101044FEA445212F5800FD4
:10ACA00080F09A80BCF1004F08BF5FEA500C50F171
:10ACB000000041EB045141EA050130BD5FEA4C0C54
:10ACC000404141EB0101013C28BFB1F5801FE9D2B1
:10ACD00091F0000F04BF01460020B1FA81F308BFD4
:10ACE0002033A3F10B03B3F120020CDA0C3208DDA0
:10ACF00002F1140CC2F10C0201FA0CF021FA02F17B
:10AD00000CE002F11402D8BFC2F1200C01FA02F1EA
:10AD100020FA0CFCDCBF41EA0C019040E41AA2BF0F
:10AD200001EB0451294330BD6FEA04041F3C1CDAD7
:10AD30000C340EDC04F11404C4F1200220FA04F0F7
:10AD400001FA02F340EA030021FA04F345EA0301A1
:10AD500030BDC4F10C04C4F1200220FA02F001FA63
:10AD600004F340EA0300294630BD21FA04F02946E5
:10AD700030BD94F0000F83F4801306BF81F480117E
:10AD80000134013D4EE77FEA645C18BF7FEA655CF1
:10AD900029D094EA050F08BF90EA020F05D054EAC3
:10ADA000000C04BF1946104630BD91EA030F1EBFC8
:10ADB0000021002030BD5FEA545C05D140004941CC
:10ADC00028BF41F0004130BD14F580043CBF01F5BF
:10ADD000801130BD01F0004545F0FE4141F47001A5
:10ADE0004FF0000030BD7FEA645C1ABF1946104680
:10ADF0007FEA655C1CBF0B46024650EA013406BF81
:10AE000052EA033591EA030F41F4002130BD00BF3F
:10AE100090F0000F04BF0021704730B54FF48064FC
:10AE200004F132044FF000054FF0000150E700BF7D
:10AE300090F0000F04BF0021704730B54FF48064DC
:10AE400004F1320410F0004548BF40424FF00001C9
:10AE50003EE700BF42004FEAE2014FEA31014FEA0C
:10AE600002701FBF12F07F4393F07F4F81F060515B
:10AE7000704732F07F4208BF704793F07F4F04BFA6
:10AE800041F40021704730B54FF4607401F0004583
:10AE900021F000411CE700BF50EA010208BF7047E3
:10AEA00030B54FF000050AE050EA010208BF7047D4
:10AEB00030B511F0004502D5404261EB41014FF43D
:10AEC000806404F132045FEA915C3FF4D8AE4FF045
:10AED00003025FEADC0C18BF03325FEADC0C18BF28
:10AEE000033202EBDC02C2F1200300FA03FC20FA79
:10AEF00002F001FA03FE40EA0E0021FA02F11444C6
:10AF0000BDE600BF70B54FF0FF0C4CF4E06C1CEADE
:10AF100011541DBF1CEA135594EA0C0F95EA0C0F4F
:10AF200000F0DEF82C4481EA030621EA4C5123EAC2
:10AF30004C5350EA013518BF52EA033541F48011F1
:10AF400043F4801338D0A0FB02CE4FF00005E1FBA4
:10AF500002E506F00042E0FB03E54FF00006E1FBEE
:10AF600003569CF0000F18BF4EF0010EA4F1FF0431
:10AF7000B6F5007F64F5407404D25FEA4E0E6D4171
:10AF800046EB060642EAC62141EA55514FEAC52082
:10AF900040EA5E504FEACE2EB4F1FD0C88BFBCF5FE
:10AFA000E06F1ED8BEF1004F08BF5FEA500E50F1AF
:10AFB000000041EB045170BD06F0004646EA010175
:10AFC00040EA020081EA0301B4EB5C04C2BFD4EBA7
:10AFD0000C0541EA045170BD41F480114FF0000EA0
:10AFE000013C00F3AB8014F1360FDEBF002001F00E
:10AFF000004170BDC4F10004203C35DA0C341BDC88
:10B0000004F11404C4F1200500FA05F320FA04F059
:10B0100001FA05F240EA020001F0004221F000418D
:10B0200010EBD37021FA04F642EB06015EEA430E00
:10B0300008BF20EAD37070BDC4F10C04C4F1200530
:10B0400000FA04F320FA05F001FA04F240EA0200E3
:10B0500001F0004110EBD37041F100015EEA430EB4
:10B0600008BF20EAD37070BDC4F1200500FA05F2D4
:10B070004EEA020E20FA04F301FA05F243EA020353
:10B0800021FA04F001F0004121FA04F220EA020062
:10B0900000EBD3705EEA430E08BF20EAD37070BDA8
:10B0A00094F0000F0FD101F00046400041EB010188
:10B0B00011F4801F08BF013CF7D041EA060195F06A
:10B0C000000F18BF704703F00046520043EB030324
:10B0D00013F4801F08BF013DF7D043EA0603704711
:10B0E00094EA0C0F0CEA135518BF95EA0C0F0CD01C
:10B0F00050EA410618BF52EA4306D1D181EA030162
:10B1000001F000414FF0000070BD50EA410606BF5B
:10B110001046194652EA430619D094EA0C0F02D1A0
:10B1200050EA013613D195EA0C0F05D152EA0336E5
:10B130001CBF104619460AD181EA030101F0004103
:10B1400041F0FE4141F470014FF0000070BD41F04C
:10B15000FE4141F4780170BD70B54FF0FF0C4CF426
:10B16000E06C1CEA11541DBF1CEA135594EA0C0F45
:10B1700095EA0C0F00F0A7F8A4EB050481EA030E92
:10B1800052EA03354FEA013100F088804FEA033379
:10B190004FF0805545EA131343EA12634FEA022247
:10B1A00045EA111545EA10654FEA00260EF0004108
:10B1B0009D4208BF964244F1FD0404F5407402D25A
:10B1C0005B084FEA3202B61A65EB03055B084FEAEB
:10B1D00032024FF480104FF4002CB6EB020E75EBE8
:10B1E000030E22BFB61A754640EA0C005B084FEA10
:10B1F0003202B6EB020E75EB030E22BFB61A75468D
:10B2000040EA5C005B084FEA3202B6EB020E75EBD7
:10B21000030E22BFB61A754640EA9C005B084FEA4F
:10B220003202B6EB020E75EB030E22BFB61A75465C
:10B2300040EADC0055EA060E18D04FEA051545EA4B
:10B2400016754FEA06164FEAC30343EA52734FEAF4
:10B25000C2025FEA1C1CC0D111F4801F0BD141EA6D
:10B2600000014FF000004FF0004CB6E711F4801FD2
:10B2700004BF01430020B4F1FD0C88BFBCF5E06FB2
:10B280003FF6AFAEB5EB030C04BFB6EB020C5FEAC2
:10B29000500C50F1000041EB045170BD0EF0004E17
:10B2A0004EEA113114EB5C04C2BFD4EB0C0541EA49
:10B2B000045170BD41F480114FF0000E013C90E646
:10B2C00045EA060E8DE60CEA135594EA0C0F08BF0A
:10B2D00095EA0C0F3FF43BAF94EA0C0F0AD150EA09
:10B2E00001347FF434AF95EA0C0F7FF425AF10469C
:10B2F00019462CE795EA0C0F06D152EA03353FF4C4
:10B30000FDAE1046194622E750EA410618BF52EA40
:10B3100043067FF4C5AE50EA41047FF40DAF52EA14
:10B3200043057FF4EBAE12E74FF0FF3C06E000BFB1
:10B330004FF0010C02E000BF4FF0010C4DF804CDBE
:10B340004FEA410C7FEA6C5C4FEA430C18BF7FEA7E
:10B350006C5C1BD001B050EA410C0CBF52EA430CAC
:10B3600091EA030F02BF90EA020F0020704710F12C
:10B37000000F91EA030F58BF994208BF90422CBFBB
:10B38000D8176FEAE37040F0010070474FEA410CB4
:10B390007FEA6C5C02D150EA013C07D14FEA430CD2
:10B3A0007FEA6C5CD6D152EA033CD3D05DF8040B43
:10B3B000704700BF8446104662468C461946634675
:10B3C00000E000BF01B5FFF7B7FF002848BF10F14C
:10B3D000000F01BD4DF808EDFFF7F4FF0CBF012091
:10B3E00000205DF808FB00BF4DF808EDFFF7EAFF0D
:10B3F00034BF012000205DF808FB00BF4DF808EDC8
:10B40000FFF7E0FF94BF012000205DF808FB00BFBC
:10B410004DF808EDFFF7CEFF94BF012000205DF846
:10B4200008FB00BF4DF808EDFFF7C4FF34BF012053
:10B4300000205DF808FB00BF4FEA410C7FEA6C5C1E
:10B4400002D150EA013C0AD14FEA430C7FEA6C5C1E
:10B4500002D152EA033C02D14FF0000070474FF096
:10B46000010070474FEA410212F5001215D211D5C2
:10B470006FF47873B3EB625212D94FEAC12343F0F1
:10B48000004343EA505311F0004F23FA02F018BF73
:10B49000404270474FF00000704750EA013005D13C
:10B4A00011F0004008BF6FF0004070474FF00000FF
:10B4B000704700BF4A0011D212F5001211D20DD50B
:10B4C0006FF47873B3EB62520ED44FEAC12343F0AA
:10B4D000004343EA505323FA02F070474FF0000054
:10B4E000704750EA013002D14FF0FF3070474FF003
:10B4F000000070474FEA4102B2F1E04324BFB3F5C8
:10B50000001CDCF1FE5C0DD901F0004C4FEAC002DA
:10B510004CEA5070B2F1004F40EB830008BF20F0BE
:10B520000100704711F0804F21D113F13872BCBF78
:10B5300001F00040704741F480114FEA5252C2F1CD
:10B540001802C2F1200C10FA0CF320FA02F018BF16
:10B5500040F001004FEAC1234FEAD32303FA0CFC69
:10B5600040EA0C0023FA02F34FEA4303CCE77FEAF8
:10B57000625307D150EA01331EBF4FF0FE4040F442
:10B580004000704701F0004040F0FE4040F40000F1
:10B59000704700BF4FF0FF3C06E000BF4FF0010CCA
:10B5A00002E000BF4FF0010C4DF804CD4FEA40021D
:10B5B0004FEA41037FEA226C18BF7FEA236C11D067
:10B5C00001B052EA530C18BF90EA010F58BFB2EB1A
:10B5D000030088BFC81738BF6FEAE17018BF40F09A
:10B5E000010070477FEA226C02D15FEA402C05D14E
:10B5F0007FEA236CE4D15FEA412CE1D05DF8040BD3
:10B60000704700BF844608466146FFE70FB5FFF765
:10B61000C9FF002848BF10F1000F0FBD4DF808ED1D
:10B62000FFF7F4FF0CBF012000205DF808FB00BF0E
:10B630004DF808EDFFF7EAFF34BF012000205DF868
:10B6400008FB00BF4DF808EDFFF7E0FF94BF0120B5
:10B6500000205DF808FB00BF4DF808EDFFF7D2FFB2
:10B6600094BF012000205DF808FB00BF4DF808EDF5
:10B67000FFF7C8FF34BF012000205DF808FB00BFC2
:10B680004FEA40024FEA41037FEA226C02D15FEAAF
:10B69000402C08D17FEA236C02D15FEA412C02D111
:10B6A0004FF0000070474FF00100704753B94AB99E
:10B6B000002908BF00281CBF4FF0FF314FF0FF30BA
:10B6C00000F09CB9ADF1080C6DE904CE00F03CF837
:10B6D000DDF804E0DDE9022304B0704738B500224C
:10B6E000002304460D46FFF77FFE28B92046294671
:10B6F000BDE8384000F00AB8204605F1004100F0EE
:10B7000005F8404261EB410138BD00BFD0B50022D1
:10B710000B4B06460F46FFF7F5FBFFF7CBFE044643
:10B72000FFF776FB0022074BFFF7ECFB02460B46C8
:10B7300030463946FFF72EFAFFF7BCFE2146D0BD52
:10B740000000F03D0000F0412DE9F047089D0E4655
:10B7500004468E46002B4CD18A429446B2FA82F3BC
:10B7600062D953B102FA03FCC3F1200201FA03FECD
:10B7700020FA02F242EA0E0E9C404FEA1C47BEFB42
:10B78000F7F11FFA8CF607FB11EE01FB06F0220C15
:10B7900042EA0E4290420AD91CEB020201F1FF3E3E
:10B7A00080F00E81904240F20B8102396244121AFD
:10B7B000B2FBF7F007FB102200FB06F6A4B244EA46
:10B7C0000244A6420AD91CEB040400F1FF3280F0C7
:10B7D000F980A64240F2F6806444023840EA014013
:10B7E0000021A41B1DB1DC400023C5E90043BDE8D6
:10B7F000F0878B4205D90DB1C5E90001002108464B
:10B80000F5E7B3FA83F1002942D1B34202D3824271
:10B8100000F2EE80841A66EB030201209646002DAA
:10B82000E5D0C5E9004EE2E7002B40F08C80881A95
:10B830000121170C96B2B0FBF7FE07FB1E00220C8D
:10B8400042EA004206FB0EF0904208D91CEB0202CD
:10B850000EF1FF3802D2904200F2CC80C646121A96
:10B86000B2FBF7F007FB102200FB06F6A4B244EA95
:10B870000244A64208D91CEB040400F1FF3202D2B4
:10B88000A64200F2B2801046A41B40EA0E40A9E78F
:10B89000C1F120078B4022FA07FC4CEA030C26FA80
:10B8A00007FA4FEA1C48BAFBF8FE06FA01F308FB58
:10B8B0001EAA1FFA8CF620FA07F400FA01F90EFB13
:10B8C00006F023431C0C44EA0A44A04202FA01F2A7
:10B8D0000BD91CEB04040EF1FF3A80F08480A042E7
:10B8E00040F28180AEF1020E6444241A98B2B4FB97
:10B8F000F8F308FB134403FB06F640EA0444A642AF
:10B9000008D91CEB040403F1FF3068D2A64266D9C3
:10B91000023B644443EA0E40A41BA0FB02E6B4428F
:10B920007346B04652D34FD05DB1B9EB030264EB1E
:10B93000080404FA07F722FA01F31F43CC40C5E9D3
:10B940000074002153E702FA03FCC3F12000C14058
:10B950004FEA1C47B1FBF7FE07FB1E1124FA00F06B
:10B960009E403043020C1FFA8CF642EA01420EFB65
:10B9700006F1914204FA03F409D91CEB02020EF11C
:10B98000FF382ED291422CD9AEF1020E6244521AE7
:10B99000B2FBF7F107FB112280B240EA024001FB43
:10B9A00006F2824208D91CEB000001F1FF3814D2E4
:10B9B000824212D902396044801A41EA0E413AE7C4
:10B9C0007146F4E6104609E7F145ADD2BEEB02033D
:10B9D00066EB0C060138B046A6E74146ECE70346A5
:10B9E00098E7C646D3E7D6467FE7644402384BE77C
:10B9F000084614E7AEF1020E624430E7704700BF1C
:10BA000000F000B8F6F7DEBD30B5224A21F0004361
:10BA1000934287B01BD9204A934205D902460B4670
:10BA2000FFF7B8F807B030BD02AA00F019FA00F02D
:10BA3000030001281FD0022811D018BBDDE9042320
:10BA4000DDE902010124009400F052F9EAE7002444
:10BA500000220023009400F04BF907B030BD012410
:10BA6000DDE90423DDE90201009400F041F901F170
:10BA7000004107B030BDDDE90423DDE9020100F03B
:10BA80000FF8CFE7DDE90423DDE9020100F008F853
:10BA9000EDE700BFFB21E93FFFFFEF7F0000000063
:10BAA0002DE9F04F21F00048B8F1795F06460F46C6
:10BAB00092469B4685B06DD2FFF7D4FC002800F07B
:10BAC000ED8032463B4630463946FFF71BFA76A3F7
:10BAD000D3E9002304460D46FFF714FA74A3D3E913
:10BAE0000023FFF759F822462B46FFF70BFA72A303
:10BAF000D3E90023FFF74EF822462B46FFF702FA60
:10BB00006FA3D3E90023FFF747F822462B46FFF740
:10BB1000F9F96DA3D3E90023FFF73CF822462B4641
:10BB2000FFF7F0F96AA3D3E90023FFF735F82246BF
:10BB30002B46FFF7E7F9CDE9000100222046294610
:10BB4000654BFFF7DFF9DDE9002380468946204693
:10BB50002946FFF7D7F944464D4680468946524666
:10BB60005B4630463946FFF7CDF902460B46404664
:10BB70004946FFF70FF802460B4620462946FFF7D5
:10BB800009F802460B4600205449FFF703F805B0B8
:10BB9000BDE8F08F02460B46FFF7B4F942A3D3E9A4
:10BBA000002304460D46FFF7ADF941A3D3E9002376
:10BBB000FEF7F2FF22462B46FFF7A4F93EA3D3E996
:10BBC0000023FEF7E7FF22462B46FFF79BF93CA335
:10BBD000D3E90023FEF7E0FF22462B46FFF792F958
:10BBE00039A3D3E90023FEF7D5FF22462B46FFF702
:10BBF00089F937A3D3E90023FEF7CEFF2B4622466F
:10BC0000FFF780F9364BCDE90001984595D9354BC2
:10BC1000002298453AD8A8F5001300202F499046F5
:10BC20009946FEF7B7FFCDE90201002220462946DA
:10BC3000294BFFF767F942464B46FEF7ABFFDDE9BC
:10BC400000238046894620462946FFF75BF9444693
:10BC50004D468046894652465B4630463946FFF798
:10BC600051F902460B4640464946FEF793FF02460D
:10BC70000B4620462946FEF78DFF02460B46DDE9BE
:10BC80000201FEF787FF05B0BDE8F08F164B4FF0BD
:10BC90000008CDE90223DFF85490C6E700200F49E1
:10BCA00005B0BDE8F08F00BFD43888BEE9FAA8BD62
:10BCB000C4B1B4BD9EEE213EAD529C804F7E923EFB
:10BCC0009015CB19A001FA3E7751C1166CC1563FB1
:10BCD0004C5555555555A53F0000E03F0000F03F3D
:10BCE0003233D33F0000E93F0000E73F0000D23F7E
:10BCF0002DE9F04F83B0CDE9002321F00043B3F1EB
:10BD0000795F04460D4604D2FFF7ACFB002800F033
:10BD1000858022462B4620462946FFF7F3F8064643
:10BD20000F4632463B4620462946FFF7EBF83EA336
:10BD3000D3E9002382468B4630463946FFF7E2F8C6
:10BD40003BA3D3E90023FEF725FF32463B46FFF72E
:10BD5000D9F839A3D3E90023FEF71EFF32463B464C
:10BD6000FFF7D0F836A3D3E90023FEF713FF3246DE
:10BD70003B46FFF7C7F834A3D3E90023FEF70CFFD7
:10BD80000C9B804689469BB3DDE900010022324BC3
:10BD9000FFF7B8F842464B4680468946504659461A
:10BDA000FFF7B0F802460B4640464946FEF7F2FE62
:10BDB00032463B46FFF7A6F8DDE90023FEF7EAFE30
:10BDC00023A3D3E9002306460F4650465946FFF702
:10BDD00099F802460B4630463946FEF7DDFE02462C
:10BDE0000B4620462946FEF7D5FE03B0BDE8F08F8E
:10BDF00002460B4630463946FFF784F814A3D3E9D0
:10BE00000023FEF7C7FE52465B46FFF77BF822464B
:10BE10002B46FEF7C1FE03B0BDE8F08F2046294651
:10BE200003B0BDE8F08F00BF7CD5CF5A3AD9E53DCD
:10BE3000EB9C2B8AE6E55A3E7DFEB157E31DC73EDB
:10BE4000D561C119A0012A3FA6F810111111813F37
:10BE5000495555555555C53F0000E03F00000000CD
:10BE60002DE9F04F844B21F000459D4280468946E4
:10BE700014468FB040F28A80804B0E469D4228D8EF
:10BE800073A3D3E90023002940F39D81FEF782FECE
:10BE90007B4B06469D420F4600F089806EA3D3E996
:10BEA0000023FEF777FE02460B463046394616461B
:10BEB0001F46FEF76FFE68A3D3E90023FEF76AFE74
:10BEC000C4E900670127C4E9020138460FB0BDE8A4
:10BED000F08F6C4B9D4240F284806B4B9D425DD84D
:10BEE0002F15A7F21647A5EB07518946FFF7BAFAB7
:10BEF000FEF79EFF02460B4640464946CDE9082321
:10BF0000FEF748FE0022614BFEF7FCFF89468046A3
:10BF1000FFF7A8FAFEF78CFF02460B46404649465B
:10BF2000CDE90A23FEF736FE0022584BFEF7EAFF62
:10BF300003254FF000084FF00009CDE90C010DF189
:10BF4000380A42467AE902014B46AB46013DFFF70B
:10BF500041FA0028F5D102254D493A4601915B4648
:10BF6000214608A8009500F085F9002E0746ACDAB6
:10BF700060682268E16800F10043C4E90023A26818
:10BF800001F10043C4E902237F429EE7002200231F
:10BF9000C4E90089C4E90223002796E702460B465C
:10BFA000FEF7F8FDC4E90201C4E90001F4E72CA39F
:10BFB000D3E90023FEF7EEFD2BA3D3E9002380464F
:10BFC0008946FEF7E7FD06460F4632463B464046A9
:10BFD0004946FEF7DFFD24A3D3E90023FEF7DAFD8F
:10BFE0006EE700F043F922A3D3E900238046894697
:10BFF000FEF788FF0022274BFEF7CEFDFFF732FA4F
:10C000000746FEF715FF02460B46CDE9042310A3B1
:10C01000D3E90023FEF776FF02460B464046494629
:10C02000FEF7B8FD0CA3D3E9002382468B46DDE979
:10C030000401FEF767FF1F2FCDE902012EDC164B2E
:10C040007A1E53F82230AB4228D002460B4699E0C4
:10C0500000004054FB21F93F3163621A61B4D03DC6
:10C060000000601A61B4D03D7370032E8A19A33B9F
:10C0700083C8C96D305FE43FFB21E93F7BD90240B3
:10C08000FB21F93FFB213941FFFFEF7F00007041A9
:10C09000E87A02000000E03F687A0200DDE902234E
:10C0A00050465946FEF776FD2B150793C1F30A5308
:10C0B000C3EB1553102B8046894669DD60A3D3E995
:10C0C0000023DDE90401FEF71DFF80468946424654
:10C0D0004B4650465946FEF75DFD02460B4650461C
:10C0E000594692469B46FEF755FD42464B46FEF7A3
:10C0F00051FD55A3D3E9002380468946DDE90401BB
:10C10000FEF700FF42464B46FEF744FD02460B4653
:10C1100050465946CDE90223FEF73CFD079AC1F38C
:10C120000A53D31A312B8046894631DD48A3D3E91F
:10C130000023DDE90401FEF7E5FE8046894642461C
:10C140004B4650465946FEF725FD02460B465046E3
:10C15000594692469B46FEF71DFD42464B46FEF76A
:10C1600019FD3DA3D3E9002380468946DDE904019A
:10C17000FEF7C8FE42464B46FEF70CFD02460B4654
:10C18000CDE9022350465946FEF704FD8046894614
:10C1900042464B4650465946C4E90089FEF7FAFC30
:10C1A000DDE90223FEF7F6FC002EC4E90201BFF62A
:10C1B0008CAE09F10042C4E9008201F10042C4E9F9
:10C1C00002027F4281E6FEF7E7FC274B06469D42CE
:10C1D0000F4618D022A3D3E90023FEF7DDFC024668
:10C1E0000B463046394616461F46FEF7D3FC1CA3C5
:10C1F000D3E90023FEF7D0FCC4E90067C4E90201DB
:10C200004FF0FF3761E60EA3D3E90023FEF7C4FC2D
:10C210000DA3D3E9002380468946FEF7BDFC064600
:10C220000F4632463B4640464946FEF7B3FC06A35E
:10C23000D3E90023FEF7B0FCDEE700BFAFF30080D8
:10C240000000601A61B4D03D7370032E8A19A33BBD
:10C250000000002E8A19A33BC14920259A837B390F
:10C260003163621A61B4D03DFB21F93F21F00043F4
:10C27000194670472DE9F04FADF51B7DBD4CA49DCF
:10C280009C4654F82540013B12F1140F8146059459
:10C290000C910393C0F2A882B749D31E81FB03011E
:10C2A000DB17C3EBA10307930133A3EB8303DB008D
:10C2B000D318079A0D930CF1FF33D61A059A12EB97
:10C2C00003081CD408F1010800240025E346DDF82A
:10C2D00094A2B04422AF08E05AF82600FEF7A8FD69
:10C2E00001364645E7E8020108D0002EF4DA204680
:10C2F000294601364645E7E80201F6D1DC46059BB2
:10C30000002BA9F108030493B8BF4FEACC0637DB32
:10C31000DDF80C9003EBCC084B460DF5E47BD946D9
:10C320009B4622AA02EBCC0A059A4FEACC0662444D
:10C330000192CDF808C00696039B002BC0F29A81AB
:10C34000574600240025049E77E90223F6E90201FE
:10C35000FEF7D8FD02460B4620462946FEF71CFC98
:10C36000464504460D46EFD1019B0BF1010B9B4561
:10C37000E9E802450AF1080ADED1DDF808C0069EA8
:10C38000059A049B934603EB060A0EAB03EB82036C
:10C39000043B08930EAB03EB8206CDE909A60D9F83
:10C3A000CDF82CC09AAB4FEACB0203EBCB03BBF129
:10C3B000000F019253E928452BDD0DF5E47A0DF1CC
:10C3C00038090AEB0208029700226C4B20462946E6
:10C3D000FEF798FDFFF746F8FEF72AFD0022684BAE
:10C3E00006460F46FEF78EFD02460B4620462946BE
:10C3F000FEF7D0FBFFF736F878E9022349F8040B83
:10C4000039463046FEF7C8FBD04504460D46DBD121
:10C41000029F204629463A4600F03EFB00224FF09C
:10C420007F5304460D46FEF76DFD00F0B5FB00227C
:10C43000544BFEF767FD02460B4620462946FEF7A1
:10C44000A9FB0D460446FFF70DF80646FEF7F0FC83
:10C4500002460B4620462946FEF79CFB002F8046ED
:10C46000894640F391800BF1FF300EAB53F820303A
:10C47000C7F1180243FA02F101FA02F29B1A0EAA5E
:10C4800042F82030C7F1170243FA02F5002D0E449E
:10C4900000F3D8800022002340464946FEF79AFF69
:10C4A000002800F05282059B9B450DDD00220EAB5B
:10C4B0000A9803EB8B0353F8041D834242EA0102FE
:10C4C000F9D1002A40F0D980059B0EAA013B52F811
:10C4D0002330002B40F0CA800123089A52F8041D33
:10C4E00001330029FAD05B440BF1010807990B9A3C
:10C4F00008EB010A0AF1804AA5990AF1FF3A5A4469
:10C50000019E01EB8A0A22A901EBC209DDF824B0E1
:10C5100072AA164402930697CDF804A0019B53F823
:10C52000040F0193FEF784FC039BE9E80201002B52
:10C530001DDBCA4600240025049F7AE90223F7E99F
:10C540000201FEF7DFFC02460B4620462946FEF7B5
:10C5500023FB5F4504460D46EFD1029B08F101081D
:10C560004345E6E90245D9DA9B46069F1AE70024CF
:10C570000025F2E7307C0200ABAAAA2A0000703E38
:10C58000000070410000204053D10BF1FF330EAA90
:10C5900052F82350ED15002D7FF77CAFBBF1000F53
:10C5A00006F1010640F3418200220EAB53F8044B22
:10C5B000002C3AD0C4F180746FF07F4043F8044CF3
:10C5C00003E01968411A43F8041B01329345F8DC73
:10C5D0000124002F0DDD012F3DD0022F09D10BF1D9
:10C5E000FF320EAB53F822300EA9C3F3150341F806
:10C5F0002230022D7FF44EAF42464B4600208F4939
:10C60000FEF7C8FA80468946002C3FF443AF3A460D
:10C6100000208A4900F040FA02460B46404649464F
:10C62000FEF7B8FA8046894634E701329345BDDC0F
:10C63000CFE70022824BFEF7EBFE002840F0C280DD
:10C64000054627E7BBF1000FD8BF002406F101061D
:10C65000AADC012FC1D10BF1FF320EAB53F822300F
:10C660000EA9C3F3160341F82230C2E70BF101080B
:10C6700043463BE70024002576E60D9B0BF1FF3493
:10C68000A3F118020EAB53F82430069604950D92D0
:10C6900063B90BF18043013B0EA901EB830353F80F
:10C6A000041D013C183A0029F9D00D9200200D9A82
:10C6B000624900F0F1F9002C06460F46C0F2C18134
:10C6C00004F1010A4FEACA024FF0000893460EAB8C
:10C6D00003EB8A05DFF86C9172AB03EBCA0A55F8DD
:10C6E000040DFEF7A5FB32463B46FEF70BFC4B461E
:10C6F0006AE90201424630463946FEF703FC0EABBA
:10C700009D4206460F46EAD15A464FF00009ABF16A
:10C7100008034AA972A800EB030AA3460B46CDE919
:10C7200007425246CA46DDF814900391B9F1000F52
:10C73000C0F281809046002600240025CDE9013218
:10C74000414F01E0564510DCF7E90223F8E8020109
:10C75000FEF7D8FB02460B4620462946FEF71CFA98
:10C760000136B14504460D46ECDADDE901320BF144
:10C77000FF3BBBF1FF3FE3E802450AF1010AA2F1EA
:10C780000802D3D1DDE90742A49B022B5EDC002B1B
:10C790002FDC10D100200021039DAC1874E9022386
:10C7A000FEF7FAF9AC42F9D1049B002B40F0398135
:10C7B0000C9BC3E90001069B03F007000DF51B7DF0
:10C7C000BDE8F08FBBF1000FC8BF022506F10106DE
:10C7D0003FF7EAAE42464B4600201849FEF7DAF929
:10C7E00002258046894655E600216FF01703079120
:10C7F0005EE5039B0026002798469D18304675E9A4
:10C8000002233946FEF7C8F9454506460F46F5D1DD
:10C810000B460246DDE94A01FEF7BCF9049B002BFA
:10C8200000F0E2800C9D07F10042C5E90062002C97
:10C8300040F0DE80E8E00024002598E70000F03FAB
:10C840000000E03F0000703EE87B0200A49B032B49
:10C85000B1D1002C00F00581039B4FEAC40803EB23
:10C86000C405A946D5E9006701950294059559E9E3
:10C8700002453046394622462B46FEF78DF9B24630
:10C88000BB4606460F4632463B4620462946FEF743
:10C8900081F95B465246FEF77FF9C9E9000169E973
:10C8A0000267039B9945E2D1029C059D012C00F093
:10C8B000D880D5E90045039BDDF8049003F1080B0F
:10C8C000CDF80480D84659E9026720462946324609
:10C8D0003B46FEF761F9A246AB4604460D462246AA
:10C8E0002B4630463946FEF755F952465B46FEF771
:10C8F00053F9C9E9000169E90245C845E3D10020BF
:10C900000021DDF80480039B08F108041C4403F1B6
:10C91000100574E90223FEF73FF9A542F9D1DDE9DC
:10C920004A56039BD3E90278049B002B46D10C9B0B
:10C93000C3E90401C3E90056C3E90278069B03F08A
:10C9400007000DF51B7DBDE8F08F06960D9E404655
:10C9500049467242049500F09FF800224B4B5F4617
:10C9600080468946FEF754FDF8B10022484B404608
:10C970004946FEF7C7FAFEF775FD0546FEF758FA79
:10C980000022424BFEF7BEFA0B460246494640469D
:10C99000FEF700F9FEF766FD7C1C0EAB183643F877
:10C9A0002B000D9643F8245080E640464946FEF79A
:10C9B00059FD0EAB5C4643F82B0077E60C9B2C46EA
:10C9C00006F100455D601D461C6008F10043C5E9A5
:10C9D0000273069B01F10042C5E9040203F007005F
:10C9E0000DF51B7DBDE8F08F0C9BC3E9006774B1AA
:10C9F0000125DDF80C800135F8E90223FEF7CCF8BB
:10CA0000AC42F8DA049B13B101F1004319460C9BC8
:10CA1000C3E90201069B03F007000DF51B7DBDE88D
:10CA2000F08F01F100431946C2E6022D7FF432ADCA
:10CA300002460B4600201749FEF7ACF880468946AF
:10CA400028E5A49B022B06DC002B0DDC7FF4B3AEA3
:10CA500000200021A8E6A49B032B7FF4ACAE4AABD8
:10CA60000393002000215AE7049BDDE94A0133B11A
:10CA700000224FF000430C9CC4E90023C4E70022CD
:10CA800000230C9CC4E90023C1E700BF00007041F3
:10CA90000000703E0000F03F2DE9F0411646C1F362
:10CAA0000A52074688460B466ABB21F000430343FF
:10CAB00027D0334B0022FEF725FA324B07469E4221
:10CAC00088463CDB0B46C1F30A52363A4CF25031F1
:10CAD0008E4221DC164440F2FE7296421CDC002E8F
:10CAE00026DC16F1350F31DB23F0FF4121F4E001A4
:10CAF000363641EA0655002238462946224BFEF7D3
:10CB000001FABDE8F08140F2FF7C6245DED10246C9
:10CB1000FEF742F8BDE8F081454615A3D3E90023AE
:10CB200063F31E0529461948FEF7ECF9BDE8F081CC
:10CB30006FF31E53384643EA0651BDE8F0810EA359
:10CB4000D3E90023FEF7DEF9BDE8F08108F00044E8
:10CB500044F0D27141F4B73107A3D3E900230C4864
:10CB600041F01F01FEF7CEF9CBE700BFAFF3008025
:10CB70009C7500883CE4377E59F3F8C21F6EA5010E
:10CB800000005043B03CFFFF0000903C9C750088C3
:10CB900059F3F8C200000000C1F30A5C2DE9F0412E
:10CBA000ACF2FF35132D02460B460C46064632DC2E
:10CBB000002D20DBDFF8E0800F4648FA05F801EA97
:10CBC000080C5CEA000C2BD031A3D3E90023FDF75D
:10CBD000E3FF00220023FEF725FC40B1002C03DA1E
:10CBE0004FF480132B411F44002627EA08042146F6
:10CBF0003046BDE8F08126A3D3E90023FDF7CCFF42
:10CC000000220023FEF70EFC0028F0D0002C27DBCA
:10CC100000263446EBE7332D06DDB5F5806F1CD0DA
:10CC200010461946BDE8F0814FF0FF37ACF2134CC7
:10CC300027FA0CF70742F3D015A3D3E90023FDF739
:10CC4000ABFF00220023FEF7EDFB0028CFD0002C25
:10CC500033460CDB23EA0706C9E7FDF79DFFE1E752
:10CC600024F0004426430DD14FF00044BFE7142DBB
:10CC700006D00122C5F13405AA401344B342E9D2DB
:10CC80000134E7E70026054CB1E700BFAFF30080B1
:10CC90009C7500883CE4377EFFFF0F000000F0BF6A
:10CCA0003E410C41114127413641034106411541A6
:10CCB0000F410E41264113412941024119410A41C8
:10CCC0000B4100000001000102020303486561708E
:10CCD00020616E6420737461636B20636F6C6C6998
:10CCE00073696F6E0A0000004F7574206F662068CC
:10CCF000656170206D656D6F72790A00000000003B
:10CD0000B71DC1046E3B8209D926430DDC7604139E
:10CD10006B6BC517B24D861A0550471EB8ED082635
:10CD20000FF0C922D6D68A2F61CB4B2B649B0C35D2
:10CD3000D386CD310AA08E3CBDBD4F3870DB114C7F
:10CD4000C7C6D0481EE09345A9FD5241ACAD155F62
:10CD50001BB0D45BC2969756758B5652C836196A6B
:10CD60007F2BD86EA60D9B6311105A6714401D7956
:10CD7000A35DDC7D7A7B9F70CD665E74E0B6239800
:10CD800057ABE29C8E8DA191399060953CC0278B6A
:10CD90008BDDE68F52FBA582E5E66486585B2BBEF1
:10CDA000EF46EABA3660A9B7817D68B3842D2FAD0E
:10CDB0003330EEA9EA16ADA45D0B6CA0906D32D4B1
:10CDC0002770F3D0FE56B0DD494B71D94C1B36C7E6
:10CDD000FB06F7C32220B4CE953D75CA28803AF2EF
:10CDE0009F9DFBF646BBB8FBF1A679FFF4F63EE14A
:10CDF00043EBFFE59ACDBCE82DD07DEC777086340F
:10CE0000C06D4730194B043DAE56C539AB0682277D
:10CE10001C1B4323C53D002E7220C12ACF9D8E12BC
:10CE200078804F16A1A60C1B16BBCD1F13EB8A01F1
:10CE3000A4F64B057DD00808CACDC90C07AB97787E
:10CE4000B0B6567C69901571DE8DD475DBDD936BC1
:10CE50006CC0526FB5E6116202FBD066BF469F5EA2
:10CE6000085B5E5AD17D1D576660DC5363309B4D75
:10CE7000D42D5A490D0B1944BA16D84097C6A5AC03
:10CE800020DB64A8F9FD27A54EE0E6A14BB0A1BFC9
:10CE9000FCAD60BB258B23B69296E2B22F2BAD8AF8
:10CEA00098366C8E41102F83F60DEE87F35DA999AD
:10CEB0004440689D9D662B902A7BEA94E71DB4E070
:10CEC000500075E4892636E93E3BF7ED3B6BB0F345
:10CED0008C7671F7555032FAE24DF3FE5FF0BCC626
:10CEE000E8ED7DC231CB3ECF86D6FFCB8386B8D569
:10CEF000349B79D1EDBD3ADC5AA0FBD8EEE00C6949
:10CF000059FDCD6D80DB8E6037C64F643296087A4E
:10CF1000858BC97E5CAD8A73EBB04B77560D044FA1
:10CF2000E110C54B383686468F2B47428A7B005C22
:10CF30003D66C158E4408255535D43519E3B1D25DB
:10CF40002926DC21F0009F2C471D5E28424D193612
:10CF5000F550D8322C769B3F9B6B5A3B26D6150357
:10CF600091CBD40748ED970AFFF0560EFAA01110A6
:10CF70004DBDD014949B93192386521D0E562FF14C
:10CF8000B94BEEF5606DADF8D7706CFCD2202BE29A
:10CF9000653DEAE6BC1BA9EB0B0668EFB6BB27D7DD
:10CFA00001A6E6D3D880A5DE6F9D64DA6ACD23C4DE
:10CFB000DDD0E2C004F6A1CDB3EB60C97E8D3EBDED
:10CFC000C990FFB910B6BCB4A7AB7DB0A2FB3AAE16
:10CFD00015E6FBAACCC0B8A77BDD79A3C660369B5B
:10CFE000717DF79FA85BB4921F4675961A1632881A
:10CFF000AD0BF38C742DB081C330718599908A5D2F
:10D000002E8D4B59F7AB085440B6C95045E68E4EAD
:10D01000F2FB4F4A2BDD0C479CC0CD43217D827B28
:10D020009660437F4F460072F85BC176FD0B8668C1
:10D030004A16476C93300461242DC565E94B9B115A
:10D040005E565A1587701918306DD81C353D9F02F1
:10D0500082205E065B061D0BEC1BDC0F51A693378E
:10D06000E6BB52333F9D113E8880D03A8DD0972445
:10D070003ACD5620E3EB152D54F6D4297926A9C5CF
:10D08000CE3B68C1171D2BCCA000EAC8A550ADD679
:10D09000124D6CD2CB6B2FDF7C76EEDBC1CBA1E3E4
:10D0A00076D660E7AFF023EA18EDE2EE1DBDA5F0FD
:10D0B000AAA064F4738627F9C49BE6FD09FDB8892C
:10D0C000BEE0798D67C63A80D0DBFB84D58BBC9AF5
:10D0D00062967D9EBBB03E930CADFF97B110B0AF92
:10D0E000060D71ABDF2B32A66836F3A26D66B4BCB9
:10D0F000DA7B75B8035D36B5B440F7B10A4275699D
:10D100006C6420706172616D65746572733A200A97
:10D11000000000005F5F766563746F725F74616228
:10D120006C655F73746172743A203078252E386CA8
:10D13000580A00005F65766563746F725F746162A0
:10D140006C653A203078252E386C580A00000000B3
:10D150005F5F746578745F73746172743A203078BD
:10D16000252E386C580A00005F65746578743A2083
:10D170003078252E386C580A000000005F5F657813
:10D180006964785F73746172743A203078252E3840
:10D190006C580A005F5F65786964785F656E643A11
:10D1A000203078252E386C580A0000005F5F6461DB
:10D1B00074615F73746172743A203078252E386C14
:10D1C000580A00005F65646174613A203078252E4A
:10D1D000386C580A000000005F5F6273735F7374FD
:10D1E0006172745F5F3A203078252E386C580A00DF
:10D1F0005F656273733A203078252E386C580A00C8
:10D200005F5F686561705F73746172745F5F3A201D
:10D210003078252E386C580A000000005F6568657C
:10D2200061703A203078252E386C580A00000000D2
:10D230005F5F737461636B5F73746172745F5F3A95
:10D24000203078252E386C580A0000005F65737412
:10D2500061636B3A203078252E386C580A00000044
:10D260005F656E643A203078252E386C580A0000CD
:10D270000A0A00002020202020202020202020201A
:10D28000202020200000000030303030303030309E
:10D290003030303030303030000000006E616E00D1
:10D2A0004E414E00696E6600494E46002D0000005A
:10D2B0002B00000020000000000000002E000000F5
:10D2C000286E756C6C290000686C6A7A744C0000DA
:10D2D00030313233343536373839414243444546AC
:10D2E0004748494A4B4C4D4E4F5051525354555656
:10D2F0005758595A00000000202B2D2330215E0082
:10D30000010000000200000004000000080000000E
:10D31000100000002000000040000000000000009D
:10D32000FFFF7F000000780000000000FFFF87FF84
:10D33000000080FF00000C000000780000010203E4
:10D340000405060700010203040506070809000199
:10D3500002030405060708090A0B0C0D0E0F101135
:10D3600012131415161718191A1B1C1D1E00000085
:10D370005C00000064000000680000006C00000019
:10D38000190000002256657273696F6E223A2053AD
:10D39000686F777320686172647761726520616E6F
:10D3A00064206669726D7761726520766572736953
:10D3B0006F6E20696E666F2E000000005645525356
:10D3C000494F4E005265616446706761203C61645C
:10D3D00064726573733E00005245414446504741B4
:10D3E00000000000577269746546706761203C61F7
:10D3F0006464726573733E2C3C76616C75653E00A7
:10D400005752495445465047410000005228656133
:10D41000644670676129203C616464726573733E81
:10D4200000000000520000005728726974654670C1
:10D43000676129203C616464726573733E2C3C769D
:10D44000616C75653E000000570000002246534D98
:10D4500044616373203C413E2C3C423E2C3C433EA5
:10D46000223A20536574732F717565726965732054
:10D470007468652046534D20442F41277320286847
:10D48000657861646563696D616C206C7362207599
:10D490006E697473292E000046534D444143530076
:10D4A00022442846534D4461637329203C413E2C5D
:10D4B0003C423E2C3C433E223A20536574732F710C
:10D4C000756572696573207468652046534D204404
:10D4D0002F412773202868657861646563696D61F1
:10D4E0006C206C736220756E697473292E000000C5
:10D4F0004400000022566F6C74616765203C413E19
:10D500002C3C423E2C3C433E223A20536574732F00
:10D5100071756572696573207468652046534D2086
:10D52000442F4127732028646563696D616C207600
:10D530006F6C7461676520756E697473292E0000C5
:10D54000564F4C54414745002256286F6C74616712
:10D550006529203C413E2C3C423E2C3C433E223A35
:10D5600020536574732F71756572696573207468D3
:10D57000652046534D20442F41277320286465635E
:10D58000696D616C20766F6C7461676520756E697A
:10D590007473292E00000000560000002246534DEF
:10D5A00041646373203C413E2C3C423E2C3C433E54
:10D5B000223A20536574732F717565726965732003
:10D5C0007468652046534D20412F4427732E000078
:10D5D00046534D414443530022412846534D416434
:10D5E000637329203C413E2C3C423E2C3C433E226E
:10D5F0003A20536574732F71756572696573207471
:10D6000068652046534D20412F4427732E000000AB
:10D61000410000002242495354223A2052756E7351
:10D6200020612073656C662D746573742C206C6F9B
:10D6300067732076616C75657320746F20746572F2
:10D640006D696E616C2E0000424953540000000069
:10D6500022436972636C6573203C726164697573FF
:10D660003A302E2E2E312E302C726174656D733A45
:10D67000302E2E2E31306B3E223A2052756E7320A2
:10D68000612073656C662D746573742C206D6F76E4
:10D690006573206163747561746F7220696E2061B7
:10D6A00020636972636C652E000000004349524399
:10D6B0004C45530022476F5859203C583A302E2E83
:10D6C0002E312E302C593A302E2E2E312E303E2235
:10D6D0003A204D6F766573207468652061637475B8
:10D6E00061746F7220746F20746865206769766555
:10D6F0006E20636F6F7264696E617465732E0000D3
:10D70000474F5859000000002255617274223A2098
:10D7100054776964646C65207468652075617274FF
:10D720002E0000005541525400000000225528618F
:10D73000727429223A2054776964646C6520746895
:10D740006520756172742E005500000022426175DB
:10D75000644469766964657273223A20302C312CF6
:10D76000323A205365742074686520646976696470
:10D77000657220746F206368616E676520746865E8
:10D7800020626175647261746520666F72206561E4
:10D79000636820706F72742E2E2E00004241554433
:10D7A00044495649444552530000000022507269D2
:10D7B0006E7442756666657273223A2044756D70A8
:10D7C0002063757272656E7420636F6E74656E741B
:10D7D00073206F66207061727365727320666F725A
:10D7E0002064656275672E2E2E0000005052494E4F
:10D7F000544255464645525300000000224D6F6E7C
:10D8000069746F7253657269616C203C30207C20B2
:10D8100031207C20323E203C59207C204E3E223A52
:10D820002053686F772F6869646520696E636F6D38
:10D83000696E672073657269616C206279746573C3
:10D840002E0000004D4F4E49544F5253455249410E
:10D850004C00000022436F6E74726F6C52656769F2
:10D8600073746572203C706172616D733E223A2060
:10D870005365742F517565727920636F6E74726F82
:10D880006C207369676E616C732E0000434F4E54B9
:10D89000524F4C5245474953544552002228435257
:10D8A00029436F6E74726F6C526567697374657229
:10D8B000203C706172616D733E223A205365742F73
:10D8C000517565727920636F6E74726F6C20736925
:10D8D000676E616C732E0000435200002253656C2A
:10D8E000656374446163203C302F313E223A2057F7
:10D8F0006869636820442F4120746F207573652028
:10D90000666F72206F75747075742E0053454C45A8
:10D910004354444143000000BEBAAD1BEDAD0F0AB5
:10D920000100011043477261706856657273696F38
:10D930006E5061796C6F61643A2053657269616CF5
:10D940004E756D3A203078256C582C2050726F63DC
:10D950006573736F724669726D776172654275693E
:10D960006C644E756D3A20256C752C2046504741ED
:10D970004669726D776172654275696C644E756D4A
:10D980003A20256C75000000434772617068465369
:10D990004D4861726477617265436F6E74726F6C2B
:10D9A00052656769737465723A20616C6C3A203015
:10D9B00078256C782C20094661756C744E65675625
:10D9C0003A20256C752C20094661756C7431563AE5
:10D9D00020256C752C20094661756C743256413ACD
:10D9E00020256C752C20094661756C743256443ABA
:10D9F00020256C752C20094661756C743356413AAC
:10DA000020256C752C20094661756C743356443A98
:10DA100020256C752C20094661756C743433563A98
:10DA200020256C752C20094661756C7435563A209A
:10DA3000256C752C20094661756C7448563A202572
:10DA40006C752C20096E48564661756C74413A20FD
:10DA5000256C752C20096E48564661756C74423AE7
:10DA600020256C752C20096E48564661756C7443F0
:10DA70003A20256C752C20096E48564661756C74E9
:10DA8000443A20256C752C2009506F7765724379D4
:10DA90006364416E64436C723A20256C752C2009D6
:10DAA000506F7765726E456E3A20256C752C200993
:10DAB0007265736572766564313A20256C752C2029
:10DAC0000955617274304F453A20256C752C200938
:10DAD00055617274314F453A20256C752C200955DB
:10DAE000617274324F453A20256C752C20095561BE
:10DAF0007274334F453A20256C752C2009557831C6
:10DB000053656C4A6D703A20256C752C200972653E
:10DB1000736572766564323A20256C752C20095045
:10DB200050534465746563746564416E64527374E4
:10DB30003A20256C752C20097265736572766564D0
:10DB4000333A20256C752C2009506F7765726E452D
:10DB50006E48563A20256C752C20094856456E3182
:10DB60003A20256C752C20094856456E323A2025FE
:10DB70006C752C200944616353656C6563744D6159
:10DB80007874693A20256C752C2009476C6F6261A6
:10DB90006C4661756C74496E68696269743A2025D7
:10DBA0006C752C20096E4661756C7473436C723A07
:10DBB00020256C752C200972657365727665643456
:10DBC0003A20256C752C2009726573657276656440
:10DBD000353A20256C750000356563316130306160
:10DBE0003234613136653761363362373336653901
:10DBF00032613362333364616235353332626139A5
:10DC0000000000000A0A56657273696F6E3A20536D
:10DC1000657269616C204E756D6265723A20252EC1
:10DC2000386C582C20476C6F62616C2052657669A5
:10DC300073696F6E3A2025733B206275696C6420AE
:10DC40006E756D6265723A202575206F6E3A2025DB
:10DC5000733B2066706761206275696C643A2025A9
:10DC60006C752E0A000000000A0A56657273696F0F
:10DC70006E3A20476C6F62616C20526576697369F9
:10DC80006F6E3A2025733B206275696C64206E7557
:10DC90006D6265723A202575206F6E3A2025732ECD
:10DCA0000A000000257A58000A52656164467067D0
:10DCB00061436F6D6D616E643A2000000A30782513
:10DCC0002E327A583A203078252E32582000000023
:10DCD0005B25755D000000000A0A0000202827254A
:10DCE0006327290A0A000000257A5820256C750050
:10DCF0000A577269746546706761436F6D6D616E36
:10DD0000643A206E6565642032206E756D657269B7
:10DD10006320706172616D6574657273202861643F
:10DD2000647265737320616E642076616C75652919
:10DD30002C20676F742022257322202825642070F0
:10DD40006172616D73292E0A000000000A57726922
:10DD5000746546706761436F6D6D616E643A2057FC
:10DD6000726F746520256C7520746F2000000000B0
:10DD70003078252E347A582E0A0000000A0A4653BD
:10DD80004D446163733A204670676120696E746523
:10DD90007266616365206973206E6F7420696E69B5
:10DDA0007469616C697A65642120506C6561736582
:10DDB0002063616C6C20496E6974467067612066EF
:10DDC00069727374212E0000256C782C256C782CD8
:10DDD000256C782C256C78000A0A46534D44616303
:10DDE000733A2073657420746F3A20256C782C2068
:10DDF000256C782C20256C782C20256C782E0A0038
:10DE00000A0A46534D446163733A20637572726522
:10DE10006E742076616C75653A20256C782C20250F
:10DE20006C782C20256C782C20256C782E0A00002C
:10DE30000A46534D446163733A2053656E736F72A3
:10DE400020412F4427733A203078253031366C6CCE
:10DE5000782C203078253031366C6C782C20307856
:10DE6000253031366C6C783B20252B6428257529AC
:10DE70002C20252B64282575292C20252B6428256A
:10DE800075292C20252B312E336C662C20252B3127
:10DE90002E336C662C20252B312E336C660A000045
:10DEA0000A0A566F6C746167653A20467067612094
:10DEB000696E74657266616365206973206E6F7444
:10DEC00020696E697469616C697A65642120506C9F
:10DED000656173652063616C6C20496E697446707E
:10DEE0006761206669727374212E0000256C662CB0
:10DEF000256C662C256C662C256C66000A0A566F0C
:10DF00006C746167653A2073657420746F3A2025DC
:10DF1000332E316C662028256C78292C2025332E51
:10DF2000316C662028256C78292C2025332E316C05
:10DF3000662028256C78292C2025332E316C66200C
:10DF400028256C78292E0A000A0A566F6C746167BE
:10DF5000653A2063757272656E742076616C7565C2
:10DF6000733A2025332E316C662028256C78292CB5
:10DF70002025332E316C662028256C78292C20250D
:10DF8000332E316C662028256C78292C2025332EE1
:10DF9000316C662028256C78292E0A000A0A46531F
:10DFA0004D416463733A204670676120696E746501
:10DFB0007266616365206973206E6F7420696E6993
:10DFC0007469616C697A65642120506C6561736560
:10DFD0002063616C6C20496E6974467067612066CD
:10DFE00069727374212E00000A46534D41646373B5
:10DFF0003A2063757272656E742076616C75657314
:10E000003A203078253031366C6C782C20307825E9
:10E010003031366C6C782C203078253031366C6C91
:10E02000782C203078253031366C6C783B20252BCD
:10E0300064282575292C20252B64282575292C205A
:10E04000252B64282575292C20252B642825752946
:10E050002C20252B312E336C662C20252B312E3392
:10E060006C662C20252B312E336C662C20252B3111
:10E070002E336C660A000000503156323A202533A8
:10E080002E366C6620560A00503256323A2025331E
:10E090002E366C6620560A00503238563A20253308
:10E0A0002E366C6620560A00503256353A202533FB
:10E0B0002E366C6620560A005036563A2025332EEE
:10E0C000366C6620560A00005035563A2025332E0D
:10E0D000366C6620560A000050335633443A2025E9
:10E0E000332E366C6620560A00000000503456333A
:10E0F0003A2025332E366C6620560A000A0A424919
:10E1000053543A204B6579707265737328256429DE
:10E110003B2065786974696E672E0A00256C662C51
:10E12000256C66000A0A436972636C65733A205273
:10E13000756E436972636C6528256C662C20256CAE
:10E14000666D73292E2E2E0A000000000A256C75BC
:10E150002C20256C752C20256C752C20256C7500C9
:10E160000A0A436972636C65733A204B6579707271
:10E17000657373282564293B2065786974696E6727
:10E180002E0A00000A0A476F58593A204670676104
:10E1900020696E74657266616365206973206E6FB5
:10E1A0007420696E697469616C697A6564212050B4
:10E1B0006C656173652063616C6C20496E6974469F
:10E1C000706761206669727374212E000A0A476FB6
:10E1D00058593A2073657420746F3A20256C782C56
:10E1E00020256C782C20256C782C20256C782E0A24
:10E1F000000000000A0A476F58593A20637572728E
:10E20000656E742076616C75653A20256C782C20DB
:10E21000256C782C20256C782C20256C78202825DE
:10E220006C6656207820256C6656292E0A00000060
:10E230000A55617274436F6D6D616E643A20257585
:10E240002C2025752E2000006C6F6F7000000000E0
:10E250000A55617274436F6D6D616E643A20536547
:10E260006E64696E6720726573706F6E73652028C7
:10E270002575206279746573293A20000A00000030
:10E280000A55617274436F6D6D616E643A20636FFD
:10E290006D706C6574652E0A000000000A0A426108
:10E2A000756444697669646572733A204670676183
:10E2B00020696E74657266616365206973206E6F94
:10E2C0007420696E697469616C697A656421205093
:10E2D0006C656173652063616C6C20496E6974467E
:10E2E000706761206669727374212E00256C752C2D
:10E2F000256C752C256C752C256C75000A0A4261FD
:10E30000756444697669646572733A2073657474E0
:10E31000696E6720746F3A20256C752C20256C750A
:10E320002C20256C752C20256C752E0A0000000011
:10E330000A0A4261756444697669646572733A20B9
:10E3400063757272656E742076616C7565733A20C0
:10E35000256C752C20256C752C20256C752C2025A2
:10E360006C752E0A000000000A42617564446976EB
:10E3700069646572733A20506F7274302066696EFA
:10E38000616C206469766973696F6E20726174696B
:10E390006F3A20257520282F3136293B20416374A0
:10E3A00075616C2062617564726174653A20252E16
:10E3B000356C66000A426175644469766964657209
:10E3C000733A20506F7274312066696E616C2064FC
:10E3D00069766973696F6E20726174696F3A20257E
:10E3E0007520282F3136293B2041637475616C20DC
:10E3F00062617564726174653A20252E356C660021
:10E400000A4261756444697669646572733A2050A2
:10E410006F7274322066696E616C2064697669730C
:10E42000696F6E20726174696F3A20257520282FFC
:10E430003136293B2041637475616C2062617564DB
:10E44000726174653A20252E356C660A0000000062
:10E450000A4261756444697669646572733A205052
:10E460006F7274332066696E616C206469766973BB
:10E47000696F6E20726174696F3A20257520282FAC
:10E480003136293B2041637475616C20626175648B
:10E49000726174653A20252E356C660A0000000012
:10E4A0000A53686F7742756666657273436F6D6D68
:10E4B000616E643A20467067615561727450617292
:10E4C0007365723A20000000256C7525325B2C09BB
:10E4D000205D2025630000000A0A4D6F6E69746F8D
:10E4E0007253657269616C436F6D6D616E643A2041
:10E4F0004D6F6E69746F72696E6720706F727420F1
:10E50000256C753A2025632E0A0000000A0A4D6F1B
:10E510006E69746F7253657269616C436F6D6D6182
:10E520006E643A20496E76616C696420706F727413
:10E5300020256C753B206D61782069732023322E75
:10E540000A0000000A0A4D6F6E69746F725365729B
:10E5500069616C436F6D6D616E643A20496E7375CD
:10E560006666696369656E7420706172616D657459
:10E57000657273202825753B2073686F756C642065
:10E5800062652032293B207175657279696E672E4C
:10E590002E2E00000A4D6F6E69746F72536572699A
:10E5A000616C436F6D6D616E643A204D6F6E69747E
:10E5B0006F72696E6720706F727420303A20256325
:10E5C0002E0A00000A4D6F6E69746F72536572698E
:10E5D000616C436F6D6D616E643A204D6F6E69744E
:10E5E0006F72696E6720706F727420313A202563F4
:10E5F0002E0A00000A4D6F6E69746F72536572695E
:10E60000616C436F6D6D616E643A204D6F6E69741D
:10E610006F72696E6720706F727420323A202563C2
:10E620002E0A00000A4D6F6E69746F72536572692D
:10E63000616C436F6D6D616E643A204D6F6E6974ED
:10E640006F72696E6720706F727420333A20256391
:10E650002E0A00000A436F6E74726F6C5265676910
:10E6600073746572436F6D6D616E643A20467067B6
:10E670006120696E74657266616365206973206EDE
:10E680006F7420696E697469616C697A65642100D0
:10E690002025632C2025632C2025632C2025632C2A
:10E6A0002025632C2025632C2025632C2025632C1A
:10E6B0002025632C2025632C2025632C2025632C0A
:10E6C0002025632C2025632C000000000A436F6E78
:10E6D00074726F6C5265676973746572436F6D6DA8
:10E6E000616E643A2043757272656E742076616C57
:10E6F0007565733A200000000A44616353656C65D8
:10E7000063743A204670676120696E746572666151
:10E710006365206973206E6F7420696E6974696126
:10E720006C697A6564210000202563000A0A44614F
:10E730006353656C6563743A20256320282725633D
:10E7400027292E0A000000000A44616353656C65A6
:10E7500063743A2043757272656E742076616C75CD
:10E76000653A20256C752E0A000002100310041073
:10E7700002200200032004200520062003000400DC
:10E7800005000600060004002800C0030130023026
:10E7900003300430053006300E30014002400340A3
:10E7A0000440054006400000FFFF7F0000007800A5
:10E7B00000000000FFFF87FF000080FF00000C004A
:10E7C00000007800000102030405060700010203AF
:10E7D00004050607080900010203040506070809E5
:10E7E0000A0B0C0D0E0F1011121314151617181911
:10E7F0001A1B1C1D1E0000005C00000064000000CD
:10E80000680000006C0000007100000000000000C3
:10E81000A46A2F69000000005475652044656320D8
:10E8200020322032323A33393A33322032303235E4
:10E8300000000000BEBAAD1BEDAD0F0A01000110D3
:10E8400002100310041002200200032004200520FF
:10E85000062003000400050006000600040028004E
:10E86000C0030130023003300430053006300E3072
:10E8700001400240034004400540064007000000FC
:10E8800042696E61727956657273696F6E436F6D1E
:10E890006D616E640000000042696E6172795665B8
:10E8A0007273696F6E436F6D6D616E64286465701D
:10E8B00072656361746564206964290042696E61F0
:10E8C000727946534D44616373436F6D6D616E643D
:10E8D0000000000042696E61727946534D416463E5
:10E8E00073436F6D6D616E640000000042696E617C
:10E8F000727946534D41646373466C6F6174696EFF
:10E9000067506F696E74436F6D6D616E64000000D7
:10E9100042696E61727946534D44616373466C6F10
:10E920006174696E67506F696E74436F6D6D616E6F
:10E930006400000042696E61727946534D53746100
:10E94000747573436F6D6D616E640000BEBAAD1B6C
:10E95000EDAD0F0A01000110434772617068566502
:10E960007273696F6E5061796C6F61643A205365A0
:10E970007269616C4E756D3A203078256C582C2088
:10E9800050726F636573736F724669726D776172EF
:10E99000654275696C644E756D3A20256C752C2046
:10E9A000465047414669726D776172654275696C80
:10E9B000644E756D3A20256C750000000A42696E40
:10E9C00061727956657273696F6E436F6D6D616EBA
:10E9D000643A2053656E64696E6720726573706F68
:10E9E0006E736520282575206279746573293A2035
:10E9F000000000000A42696E61727946534D44611D
:10EA00006373436F6D6D616E642053657474696EDA
:10EA10006720746F20283078256C582C203078259A
:10EA20006C582C203078256C58292E0A0A000000DA
:10EA30000A42696E61727946534D44616373436F54
:10EA40006D6D616E6420205265706C79696E67200F
:10EA5000283078256C582C203078256C582C2030A4
:10EA600078256C58292E2E2E0A0A00000A42696E5B
:10EA700061727946534D41646373436F6D6D616E8E
:10EA80006420205265706C79696E67202825642C9B
:10EA90002025642C202564292E2E2E0A0A00000031
:10EAA0000A42696E61727946534D41646373436FE4
:10EAB0006D6D616E642070726F63657373696E67EC
:10EAC000282575292E2E2E0A0A0000000A42696E9A
:10EAD00061727946534D41646373466C6F6174692A
:10EAE0006E67506F696E74436F6D6D616E64202048
:10EAF0005265706C79696E672028256C662C20251C
:10EB00006C662C20256C66292E2E2E0A0A00000029
:10EB10000A0A42696E61727946534D4461637343D8
:10EB20006F6D6D616E643A2053657474696E672011
:10EB3000746F3A2025332E316C662028256C782995
:10EB40002C2025332E316C662028256C78292C202A
:10EB500025332E316C662028256C78292E0A00007A
:10EB60000A0A42696E61727946534D446163734388
:10EB70006F6D6D616E643A205265706C79696E6775
:10EB80003A2025332E316C662028256C78292C20DC
:10EB900025332E316C662028256C78292C202533CE
:10EBA0002E316C662028256C78292E0A0000000082
:10EBB0000A0A42696E61727946534D5374617475E5
:10EBC00073436F6D6D616E643A2043757272656E4A
:10EBD0007456616C7565733A0A0000005031563204
:10EBE0003A2025332E366C6620560A0050325632B3
:10EBF0003A2025332E366C6620560A00503238569D
:10EC00003A2025332E366C6620560A00503256358F
:10EC10003A2025332E366C6620560A005033563380
:10EC2000413A2025332E366C6620560A000000003B
:10EC30005036563A2025332E366C6620560A000090
:10EC40005035563A2025332E366C6620560A000081
:10EC500050335633443A2025332E366C6620560AFC
:10EC600000000000503456333A2025332E366C66AF
:10EC700020560A004E35563A2025332E366C662033
:10EC8000560A00004E36563A2025332E366C662042
:10EC9000560A000050313530563A2025332E366C56
:10ECA0006620560A000000000A42696E61727946C9
:10ECB000534D537461747573436F6D6D616E643A37
:10ECC000205265706C79696E672E2E2E000002103E
:10ECD0000310041002200200032004200520062057
:10ECE0000300040005000600060004002800C0031D
:10ECF0000130023003300430053006300E30014060
:10ED0000024003400440054006400000FFFF7F0032
:10ED10000000780000000000FFFF87FF000080FF78
:10ED200000000C0000007800000102030405060743
:10ED30000001020304050607080900010203040597
:10ED4000060708090A0B0C0D0E0F101112131415EB
:10ED5000161718191A1B1C1D1E0000005C0000006D
:10ED600064000000680000006C00000071000000FA
:10ED7000A46A2F6900000000547565204465632073
:10ED800020322032323A33393A333220323032357F
:10ED9000000000000A0A42696E61727920556172B2
:10EDA000743A20496E697428506B74482025752C7C
:10EDB00020506B7446202575292E0A0D0000000096
:10EDC0002E252E32780000000A0A42696E6172799F
:10EDD000556172743A2042756666657228257029FD
:10EDE000206F766572666C6F773B2074686973205C
:10EDF0007061636B65742077696C6C206E6F742032
:10EE00006669742028257A7562292C20666C7573D2
:10EE100068696E67206275666665722E0A0D00006D
:10EE20000A0A42696E617279556172743A20556EB0
:10EE30006D61746368656420636F6D6D616E6420DD
:10EE40003078252E386C5821204E756D436D6473D3
:10EE50003A20256C750A00000A0A42696E617279CF
:10EE6000556172743A205061636B657420726563FA
:10EE700065697665642C20627574205365726961DA
:10EE80006C4E756D62657220636F6D70617269732F
:10EE90006F6E206661696C656420286578706563B3
:10EEA0007465643A203078252E386C583B20676FA3
:10EEB000743A203078252E386C58292E0A0D00001F
:10EEC0000A0A42696E617279556172743A20506122
:10EED000636B65742072656365697665642C206276
:10EEE000757420696E76616C69642E0A0D000000ED
:10EEF0000A0A42696E61727920556172743A205330
:10EF0000656E64696E67207061636B657428257532
:10EF10002C202575293A2000252E32583A00000071
:10EF20000A0000004347726170685061636B65744A
:10EF30004865616465723A205374617274546F6BF2
:10EF4000656E3A203078256C582C205061796C6FB2
:10EF50006164547970653A20256C752C2050617974
:10EF60006C6F61644C656E3A20256C750000000082
:10EF70000A0A4347726170685061636B65743A3A7C
:10EF8000497356616C696428293A205061636B6546
:10EF9000745374617274546F6B656E3A2042756677
:10EFA0006665722E617355333228257529203D2000
:10EFB0003078256C782E0A0D000000000A0A4347BD
:10EFC000726170685061636B65743A3A4973566157
:10EFD0006C696428293A207061796C6F6164747976
:10EFE00070653A204275666665722E6173553136DA
:10EFF00028257529203D20307825782E0A0D00001F
:10F000000A0A4347726170685061636B65743A3AEB
:10F01000497356616C696428293A207061796C6F74
:10F0200061646C656E3A204275666665722E617326
:10F0300055313628257529203D20307825782E0A2F
:10F040000D0000000A0A4347726170685061636BEB
:10F0500065743A3A497356616C696428293A20709C
:10F0600061636B6574206F76657273697A65643A63
:10F070002042756666657244657074683A2025752D
:10F080002C205061636B65744C656E3A2025752E9B
:10F090000A0D00000A0A4347726170685061636B91
:10F0A00065743A3A497356616C696428293A207448
:10F0B0006F6B656E206D69736D617463683A20458E
:10F0C000787065637465643A2025752C20416374FB
:10F0D00075616C3A2025752E0A0D00000A0A434717
:10F0E000726170685061636B65743A3A4973566136
:10F0F0006C696428293A204352433A204275666677
:10F1000065722E617355333228257529203D2030D4
:10F1100078256C782E0A0D000A0A434772617068E0
:10F120005061636B65743A3A497356616C6964283F
:10F13000293A205061636B6574456E64546F6B654A
:10F140006E3A204275666665722E617355333228B9
:10F15000257529203D203078256C782E0A0D000079
:10F160000A0A4347726170685061636B65743A3A8A
:10F17000497356616C696428293A204352433A2006
:10F18000456E643A2025752053746172743A2025C7
:10F1900075202E0A0D0000000A0A4347726170684C
:10F1A0005061636B65743A3A497356616C696428BF
:10F1B000293A2043616C632764204352433A20304C
:10F1C00078256C78202843726343757272656E747B
:10F1D000416464723A203078256C78292C20287498
:10F1E000696D656F75743A202575292E0A0D00002A
:10F1F0000A0A4347726170685061636B65743A3AFA
:10F20000497356616C696428293A204372635374C8
:10F21000617274416464723A203078256C782C20D5
:10F22000437263456E64416464723A203078256CA1
:10F23000780A0D000A465047415561727443616C6B
:10F240006C6261636B733A204E554C4C28257529CE
:10F2500020496E76616C69645061636B6574210A44
:10F260000A0000000A465047415561727443616CC0
:10F270006C6261636B733A20496E76616C696450AD
:10F2800061636B65742120636F6E74656E74733A8D
:10F29000203A00000A0A00000A4650474142696EBF
:10F2A0006172795561727443616C6C6261636B73F6
:10F2B0003A204E554C4C2825752920556E48616ED4
:10F2C000646C65645061636B6574210A0A00000018
:10F2D0000A465047415561727443616C6C626163C8
:10F2E0006B733A20556E68616E646C656420706162
:10F2F000636B6574282575293A2000087F1B090077
:10F30000BEBAAD1BEDAD0F0A0100011002100310D3
:10F310000410022002000320042005200620030020
:10F32000040005000600060004002800C0030130A8
:10F33000023003300430053006300E300140024008
:10F340000340044005400640001B0020402B0020E5
:10F35000803B0020C04B002004000000001B002068
:10F36000402B0020803B002003000000C04B002009
:10F37000010000000000000000000000E17D00002E
:10F38000057E00009D8000000000000000000000DD
:10F39000397B00005D7B00007D7B0000FD7B000071
:10F3A00019630000557C0000000000000000000010
:10F3B000297000004D7000006D7000008970000021
:10F3C000A1700000ED70000029710000757100004F
:10F3D000C1710000D5710000E9710000FD710000ED
:10F3E0001172000063720000217300002772000098
:10F3F0004172000097720000DF720000C1730000CC
:10F4000071740000E5740000417500009D750000F6
:10F410001176000071760000CD7600001D770000A7
:10F42000FD790000177A0000397A00009F7A000009
:10F430000000000000000000696E00008D6E0000FA
:10F4400055610000AD6E0000E16E00001F6F00000E
:10F450004B6F00005D6F00006F6F00000000000048
:10F4600000000000C56D0000D96D0000F96D0000BE
:10F470000000000000000000297E00004D7E00001A
:10F4800079650000256C000000000000000000000D
:10F49000AD620000CD620000ED6200000363000079
:10F4A000196300002F63000000000000000000004E
:10F4B000000000000000000000000000000000004C
:10F4C000000000000000000000000000000000003C
:10F4D000000000000000000000000000000000002C
:10F4E000000000000000000000000000000000001C
:10F4F000000000000000000000000000000000000C
:10F5000000000000000000000000000000000000FB
:10F5100000000000000000000000000000000000EB
:10F5200000000000000000000000000000000000DB
:10F5300000000000000000000000000000000000CB
:10F5400000000000000000000000000000000000BB
:10F5500000000000556100000000000000000000F5
:10F56000000000000000000000000000000000009B
:10F57000000000000000000000000000000000008B
:10F5800000000000010101087F1B0900FFFF7F0050
:10F590000000780000000000FFFF87FF000080FFF0
:10F5A00000000C00000078000001020304050607BB
:10F5B000000102030405060708090001020304050F
:10F5C000060708090A0B0C0D0E0F10111213141563
:10F5D000161718191A1B1C1D1E0000005C000000E5
:10F5E00064000000680000006C0000000A50696EB2
:10F5F0006F75744D6F6E69746F724164633A205415
:10F600002F4F2E000A4D6F6E69746F724164633A1A
:10F61000204572726F7220696E697469616C697AD3
:10F62000696E67204164633A202575205B30782538
:10F630002E32585D2E0A00000A4D6F6E69746F728B
:10F640004164633A205374617274696E6720412F7C
:10F6500044206175746F2D7363616E3B2077726F08
:10F660007465203078252E325820746F20677069B9
:10F670006F27732C20726561646261636B3A20307E
:10F6800078252E32580A00000A4D6F6E69746F7229
:10F690004164633A204E6F2041646320666F756E4B
:10F6A00064210A000A4D6F6E69746F724164633A97
:10F6B000206368202575206261642073746174750D
:10F6C000733A203078252E32580A00000A4D6F6EAA
:10F6D00069746F724164633A2063682025752072F3
:10F6E000656164733A20256C6620566F6C747320D4
:10F6F0005B256C75206C736227735D0A0000000047
:10F700000A4D6F6E69746F724164633A20636820BA
:10F710002575206E6F206E65772073616D706C6546
:10F720002074686973207363616E2E0A0000000004
:10F730000A0A5363616E4D6F6E69746F7241646340
:10F7400020436F6D6D616E643A2056616C75657310
:10F75000207769746820636F7272656374656420D2
:10F76000756E69747320666F6C6C6F773A0A00006F
:10F770004948563A2025332E366C6620560A00003A
:10F78000494D563A2025332E366C6620560A000025
:10F790004936563A2025332E366C6620560A00002C
:10F7A000493356443A2025332E366C6620560A00DB
:10F7B000493256443A2025332E366C6620560A00CC
:10F7C0004931563A2025332E366C6620560A000001
:10F7D00053747261696E422B3A2025332E366C6663
:10F7E00020560A0053747261696E422D3A20253307
:10F7F0002E366C6620560A0053747261696E442B73
:10F800003A2025332E366C6620560A0053747261F6
:10F81000696E443A2D2025332E366C6620560A0038
:10F8200053747261696E432D3A2025332E366C660F
:10F8300020560A0053747261696E432B3A202533B7
:10F840002E366C6620560A0053747261696E412D23
:10F850003A2025332E366C6620560A0053747261A6
:10F86000696E412B3A2025332E366C6620560A00ED
:10F87000503556443A2025332E366C6620560A0001
:10F88000493256413A2025332E366C6620560A00FE
:10F890000A5363616E4D6F6E69746F7241646320C9
:10F8A000436F6D6D616E643A20436F6D706C65746B
:10F8B000652E0A0A000000000A0A546573744D6F31
:10F8C0006E69746F7241646320436F6D6D616E6425
:10F8D0003A2053657269616C3A2052656164696EC1
:10F8E0006720412F44277320287261772076616C4E
:10F8F000756573293A0A00000A503156323A2025BC
:10F900002B6C642C203078252E386C5800000000B9
:10F910000A503256323A20252B6C642C2030782540
:10F920002E386C58000000000A503238563A202514
:10F930002B6C642C203078252E386C580000000089
:10F940000A503256353A20252B6C642C203078250D
:10F950002E386C58000000000A5036563A20252BED
:10F960006C642C203078252E386C58000A5035569F
:10F970003A20252B6C642C203078252E386C5800CA
:10F980000A50335633443A20252B6C642C203078AF
:10F99000252E386C580000000A503456333A202582
:10F9A0002B6C642C203078252E386C580000000019
:10F9B0000A503249323A20252B6C642C20307825AD
:10F9C0002E386C58000000000A503449333A202584
:10F9D0002B6C642C203078252E386C5800000000E9
:10F9E0000A5036493A20252B6C642C203078252E7D
:10F9F000386C58000A417578303A20252B6C642CFD
:10FA0000203078252E386C58000000000A417578A7
:10FA1000313A20252B6C642C203078252E386C58F8
:10FA2000000000000A417578323A20252B6C642CC6
:10FA3000203078252E386C58000000000A416D6295
:10FA400069656E744C696768743A20252B6C642C68
:10FA5000203078252E386C58000000000A54656D5F
:10FA600070657261747572653A20252B6C642C2068
:10FA70003078252E386C58000A546573744D6F6EBB
:10FA800069746F7241646320436F6D6D616E643A97
:10FA900020436F6D706C6574652E0A0A00000000CB
:10FAA000202C090D0A0000000A4D6F6E69746F72F8
:10FAB00041646343616C6962726174653A20496EA6
:10FAC00076616C696420706172616D6574657273D2
:10FAD0003B206D7573742067697665206174206CB6
:10FAE00065617374206E616D65206F6620696E704C
:10FAF00075742063616C6962726174696F6E2074E1
:10FB00006F207175657279210A0A0000256C650005
:10FB100044454641554C5453000000000A4D6F6E59
:10FB200069746F7241646343616C69627261746588
:10FB30003A20416C6C2063616C6962726174657318
:10FB40002073657420746F2064656661756C7473CE
:10FB5000210A0A005031563200000000503256325D
:10FB60000000000050323856000000005032563578
:10FB700000000000503656005035560050335633C2
:10FB80004400000050345633000000005032493227
:10FB90000000000050344933000000005036490096
:10FBA0004155583000000000415558310000000018
:10FBB0004155583200000000414D4249454E544CD9
:10FBC000494748540000000054454D5045524154A7
:10FBD000555245000A4D6F6E69746F7241646343FC
:10FBE000616C6962726174653A2053657420476183
:10FBF000696E3A20256C65202822257322292C2045
:10FC0000536574204F66667365743A20256C6520D1
:10FC10002822257322290A000A4D6F6E69746F72BB
:10FC200041646343616C6962726174653A20476143
:10FC3000696E3A20256C652C204F66667365743AB0
:10FC400020256C650A0000000A4D6F6E69746F72A2
:10FC500041646343616C6962726174653A20556EF8
:10FC600061626C6520746F206C6F636174652069DC
:10FC70006E707574206D61746368696E67202225EB
:10FC80007322210A000000000A4D6F6E69746F72C2
:10FC900041646343616C6962726174653A20436FC9
:10FCA0006D706C6574652E0A0A0000006164733122
:10FCB0003235383A3A696E697428293A20636F6E92
:10FCC00066696730206D69736D617463682028729E
:10FCD000656164733A3078252E32582C2077616E36
:10FCE0007465643A3078252E3258290A00000000E5
:10FCF000616473313235383A3A696E697428293A49
:10FD000020636F6E66696731206D69736D6174631E
:10FD100068202872656164733A3078252E32582C39
:10FD20002077616E7465643A3078252E3258290A3E
:10FD300000000000616473313235383A3A696E6907
:10FD40007428293A2073797372656164206D697330
:10FD50006D61746368202872656164733A30782538
:10FD60002E32582C2077616E7465643A3078252ED7
:10FD70003258290A00000000616473313235383A84
:10FD80003A696E697428293A206770696F63206D3B
:10FD900069736D61746368202872656164733A30B9
:10FDA00078252E32582C2077616E7465643A30784D
:10FDB000252E3258290A0000616473313235383AF1
:10FDC0003A696E697428293A2069646E756D206DF0
:10FDD00069736D61746368202872656164733A3079
:10FDE00078252E32582C2077616E7465643A30780D
:10FDF000252E3258290A0000616473313235383AB1
:10FE00003A5365745363616E4368616E6E656C73DB
:10FE100028293A206D7578646966206D69736D6173
:10FE2000746368202872656164733A3078252E32D5
:10FE300058290A00616473313235383A3A5365748F
:10FE40005363616E4368616E6E656C7328293A2056
:10FE50006D7578736730206D69736D6174636820A8
:10FE60002872656164733A3078252E3258290A0069
:10FE7000616473313235383A3A5365745363616E55
:10FE80004368616E6E656C7328293A206D757873CE
:10FE90006731206D69736D617463682028726561D4
:10FEA00064733A3078252E3258290A006164733120
:10FEB0003235383A3A5365745363616E4368616E04
:10FEC0006E656C7328293A20737973726564206DAE
:10FED00069736D61746368202872656164733A3078
:10FEE00078252E3258290A005343414E4D4F4E4932
:10FEF000544F524144430000225363616E4D6F6E74
:10FF000069746F72416463223B2053686F7720638A
:10FF1000757272656E7420696E70757420766F6C80
:10FF200074616765732E2E2E0000000054455354F3
:10FF30004D4F4E49544F5241444300002254657383
:10FF4000744D6F6E69746F72416463223B20536815
:10FF50006F772072617720412F4420636F756E7434
:10FF6000732E2E2E0000000043414C494252415452
:10FF7000454D4F4E49544F52414443002243616C1A
:10FF80006962726174654D6F6E69746F724164630A
:10FF9000203C726561646F75743E2C3C6761696ECC
:10FFA0003E286F7074696F6E616C292C3C6F6666B9
:10FFB0007365743E286F7074696F6E616C29223BA3
:10FFC0002043616C69627261746520286F722071D0
:10FFD00075657279292074686520676976656E2079
:10FFE000726561646F75740000000000000000001D
:10FFF000259C0000499C0000699C00000000000056
:020000022000DC
:10000000000000004D8900006D8900000101010021
:10001000200000000A0A496E76616C696420636FF3
:100020006D6D616E642028222573223B205B0000E9
:10003000252E326868583A005D2029202D206C69F1
:100040007374696E6720616C6C20617661696C61A4
:10005000626C6520636F6D6D616E64733A0A0000B7
:1000600025733A2025730A000A0A547842696E61A2
:1000700072795061636B65743A204E554C4C205038
:1000800061636B6574436F6E7465787421202853C7
:10009000686F756C642062652042696E6172795583
:1000A0006172742A2920506C6561736520726563E2
:1000B0006F6D70696C6520746869732062696E6128
:1000C00072792E2E2E0A00000A21666F726D6174FD
:1000D000663A3A77727374725F66756E632825703C
:1000E0002C2025702C20256C7529210A00087F1BE7
:1000F00009000000BEBAAD1BEDAD0F0A01000110F2
:100100000210031004100220020003200420052026
:100110000620030004000500060006000400280075
:10012000C0030130023003300430053006300E3099
:10013000014002400340044005400640557361679A
:10014000654661756C745374617475735265676943
:10015000737465723A20616C6C3D3078252E34588A
:100160003B20556E446566496E7374723D25632C61
:1001700020496E765374617465455350523D256332
:100180002C20496E7650433D25632C204E6F435002
:100190003D25632C20556E416C69676E65643D2575
:1001A000632C2044697642795A65726F3D2563005D
:1001B0004275734661756C745374617475735265DE
:1001C0006769737465723A20616C6C3D3078252ED6
:1001D00032583B20494275734572723D25632C208D
:1001E0005072656369734572723D25632C20496DB9
:1001F0007072656369734572723D25632C20556E7C
:1002000053746B4572723D25632C2053746B457299
:10021000723D25632C204C73704572723D25632C12
:10022000204246415256616C69643D2563000000DE
:100230004275734661756C74416464726573735280
:10024000656769737465723A206661756C742061C4
:1002500074203078252E386C580000004D656D4DA7
:10026000616E6167654661756C7453746174757312
:1002700052656769737465723A20616C6C3D3078C1
:10028000252E32583B204941636356696F6C3D25EA
:10029000632C204441636356696F6C3D25632C20B9
:1002A0004D656D556E53746B4572723D25632C2000
:1002B0004D656D53746B4572723D25632C204D6501
:1002C0006D4C73704572723D25632C204D4D41522B
:1002D00056616C69643D2563000000004D656D4DFD
:1002E000616E6167654661756C74416464726573C3
:1002F0007352656769737465723A206661756C74D0
:10030000206174203078252E386C5800436F6E665B
:100310006967757261626C654661756C745374616E
:10032000747573526567697374657273434653528B
:100330003A20616C6C3D3078252E386C583B20009B
:100340003B200000486172644661756C74537461AF
:1003500074757352656769737465723A20616C6C69
:100360003D3078252E386C583B20566563745461B7
:10037000626C653D25632C20466F726365643D2584
:10038000632C2044656275674576743D25630000E3
:10039000436F6E7465787453746174654672616DF1
:1003A000653A2072303D3078252E386C582C2072FA
:1003B000313D3078252E386C582C2072323D307803
:1003C000252E386C582C2072333D3078252E386C11
:1003D000582C207231323D3078252E386C582C2024
:1003E0006C723D3078252E386C582C2070635F720B
:1003F000657475726E5F616464723D3078252E3865
:100400006C582C20787073723D3078252E386C58DB
:10041000000000000A0000000A0A0A214275734623
:1004200061756C74210A00005043205B5231355DC8
:10043000203D2025780A00004C52205B5231345D6B
:10044000203D2025780A00000A0A0A2155736167B9
:10045000654661756C74210A000000000A0A0A21D1
:100460004D656D4D616E674661756C74210A0000C3
:10047000FA05000001010100BEBAAD1BEDAD0F0A87
:1004800001000110021003100410022002000320DA
:1004900004200520062003000400050006000600D5
:1004A00004002800C003013002300330043005305E
:1004B00006300E3001400240034004400540064033
:1004C000087F1B09FFFF7F0000007800000000008C
:1004D000FFFF87FF000080FF00000C000000780095
:1004E00000010203040506070001020304050607D4
:1004F0000809000102030405060708090A0B0C0D90
:100500000E0F101112131415161718191A1B1C1D93
:100510001E0000005C000000640000006800000095
:100520006C0000003131320035656331613030617B
:100530003234613136653761363362373336653987
:10054000326133623333646162353533326261392B
:10055000000000000A0A4553432D46534D3A2076C9
:1005600025732E6225733B204F6666736574206F7A
:100570006620436F6E74726F6C5265676973746541
:10058000723A203078252E326C582C2065787065B0
:10059000637465643A203078252E326C582E000042
:1005A0000A4F6666736574206F662046534D2D3E74
:1005B000436F6E74726F6C52656769737465723ADB
:1005C000203078252E326C582C2065787065637445
:1005D00065643A203078252E326C583B2073697A56
:1005E000653A20256C752E000101010000202020B5
:1005F00020202020202028282828282020202020D3
:1006000020202020202020202020202020881010A2
:1006100010101010101010101010101010040404FE
:1006200004040404040404101010101010104141BC
:1006300041414141010101010101010101010101AA
:1006400001010101010101011010101010104242BE
:10065000424242420202020202020202020202027A
:10066000020202020202020210101010200000001A
:10067000000000000000000000000000000000007A
:10068000000000000000000000000000000000006A
:10069000000000000000000000000000000000005A
:1006A000000000000000000000000000000000004A
:1006B000000000000000000000000000000000003A
:1006C000000000000000000000000000000000002A
:1006D000000000000000000000000000000000001A
:1006E000000000000000000000000000000000000A
:1006F0000A00000065256C6400000000494E4600B9
:10070000696E66004E414E006E616E0030313233CC
:10071000343536373839616263646566000000003D
:100720003031323334353637383941424344454627
:1007300000000000286E756C6C290000300000007D
:100740002F000000504F53495800000043000000A4
:10075000415343494900000049534F2D383835393A
:100760002D310000636A6B73696E676C6500000071
:10077000636A6B6E6172726F77000000636A6B77F9
:10078000696465005554462D3800000055544638BC
:10079000000000004A495300455543004A500000FC
:1007A0004555434A50000000534A49530000000099
:1007B00049534F00383835390000000049534F2D58
:1007C000383835392D000000435000004B4F493870
:1007D000000000004350323038363600435032318A
:1007E00038363600435031303300000047454F5211
:1007F0004749414E00000000505300004350313043
:100800003100000050543135340000004350313085
:10081000320000005449530036323000435038371C
:10082000340000004C435F414C4C00004C414E47AB
:10083000000000002E0000004C435F434F4C4C4131
:10084000544500004C435F4354595045000000009C
:100850004C435F4D4F4E4554415259004C435F4EFF
:10086000554D4552494300004C435F54494D4500A6
:100870004C435F4D4553534147455300496E6669AC
:100880006E697479000000004E614E0042616C6C2C
:100890006F632073756363656564656400000000C1
:1008A0002F5F5F772F61726D2D6E6F6E652D6561A5
:1008B00062692D6763632D787061636B2F61726D60
:1008C0002D6E6F6E652D656162692D6763632D788E
:1008D0007061636B2F6275696C642D6173736574ED
:1008E000732F6275696C642F6C696E75782D78361C
:1008F000342F736F75726365732F6E65776C6962E1
:100900002D63796777696E2F6E65776C69622F6CDE
:100910006962632F7374646C69622F64746F612EF3
:10092000630000002F5F5F772F61726D2D6E6F6E19
:10093000652D656162692D6763632D787061636BF6
:100940002F61726D2D6E6F6E652D656162692D6709
:1009500063632D787061636B2F6275696C642D61C0
:1009600073736574732F6275696C642F6C696E752F
:10097000782D7836342F736F75726365732F6E65BB
:10098000776C69622D63796777696E2F6E65776C16
:1009900069622F6C6962632F7374646C69622F6D76
:1009A000707265632E6300006E660000696E697484
:1009B00079000000616E00002C2066756E6374691A
:1009C0006F6E3A2000000000617373657274696F86
:1009D0006E2022257322206661696C65643A206668
:1009E000696C6520222573222C206C696E65202598
:1009F00064257325730A00002F5F5F772F61726D86
:100A00002D6E6F6E652D656162692D6763632D784C
:100A10007061636B2F61726D2D6E6F6E652D6561F8
:100A200062692D6763632D787061636B2F627569EE
:100A30006C642D6173736574732F6275696C642FB8
:100A40006C696E75782D7836342F736F75726365A7
:100A5000732F6E65776C69622D63796777696E2F86
:100A60006E65776C69622F6C6962632F7374646C56
:100A700069622F6764746F612D6765746865782E8D
:100A8000630000000A0001000200030004000500EA
:100A900006000700080009000A000B000C000D000A
:100AA0000E000F0010000000303030303030303099
:100AB00030303030303030302020202020202020B6
:100AC00020202020202020204300000000000000E3
:100AD0000000000000000000000000000000000016
:100AE00000000000000000004300000000000000C3
:100AF00000000000000000000000000000000000F6
:100B000000000000000000004300000000000000A2
:100B100000000000000000000000000000000000D5
:100B20000000000000000000430000000000000082
:100B300000000000000000000000000000000000B5
:100B40000000000000000000430000000000000062
:100B50000000000000000000000000000000000095
:100B60000000000000000000430000000000000042
:100B70000000000000000000000000000000000075
:100B80000000000000000000430000000000000022
:100B90000000000000000000000000000000000055
:100BA00000000000000000007D4C0100E92501006C
:100BB00000000000EC05020034080200C409020035
:100BC000C4090200C4090200C4090200C4090200E9
:100BD000C4090200C4090200C4090200C4090200D9
:100BE000FFFFFFFFFFFFFFFFFFFFFFFFFFFF000013
:100BF000010041534349490000000000000000008B
:100C000000000000000000000000000000000000E4
:100C1000000041534349490000000000000000006B
:100C200000000000000000000000000000000000C4
:100C300000000000240802003808020044080200F6
:100C4000500802005C0802006808020070080200F8
:100C5000040000000000050000040101010101067C
:100C60000106000400000000000000000000040471
:100C70000000000006020202020206020606060446
:100C80000606060606060606060603030606060010
:100C90000000000000000000020000000000000052
:100CA0000005040404040407040700030000000016
:100CB0000000000000000101000000000701010128
:100CC00001010701070707060707070707070707C7
:100CD00007070000070707000000000000000000F1
:100CE00005000000190000007D0000000000000069
:100CF000BC89D897B2D29C3C33A7A8D523F64939F2
:100D00003DA7F444FD0FA5329D978CCF08BA5B2513
:100D1000436FAC642806C80A0080E03779C34143BA
:100D2000176E05B5B5B89346F5F93FE9034F384D51
:100D3000321D30F94877825A3CBF737FDD4F1575FD
:100D4000000000000000F03F000000000000244010
:100D500000000000000059400000000000408F40EB
:100D6000000000000088C34000000000006AF84056
:100D70000000000080842E4100000000D01263417A
:100D80000000000084D797410000000065CDCD41F0
:100D9000000000205FA00242000000E876483742D1
:100DA000000000A2941A6D42000040E59C30A2426F
:100DB0000000901EC4BCD64200003426F56B0C43E4
:100DC0000080E03779C3414300A0D885573476438B
:100DD00000C84E676DC1AB43003D9160E458E143EC
:100DE000408CB5781DAF154450EFE2D6E41A4B4461
:100DF00092D54D06CFF08044F64AE1C7022DB544A6
:100E0000B49DD9794378EA4434000000CEFBFFFF5B
:100E1000CB030000010000000000000035000000CE
:100E2000CEFBFFFFCB03000001000000000000002C
:100E3000BC89D897B2D29C3C33A7A8D523F64939B0
:100E40003DA7F444FD0FA5329D978CCF08BA5B25D2
:100E5000436FAC64280668110C5F104E154E2A4E85
:100E6000314E364E3C4E3F4E424E564E584E824EBE
:100E7000854E6B8C8A4E12820D5F8E4E9E4E9F4E1B
:100E8000A04EA24EB04EB34EB64ECE4ECD4EC44E38
:100E9000C64EC24ED74EDE4EED4EDF4EF74E094FD8
:100EA0005A4F304F5B4F5D4F574F474F764F884FEC
:100EB0008F4F984F7B4F694F704F914F6F4F864FB9
:100EC000964F1851D44FDF4FCE4FD84FDB4FD14FF5
:100ED000DA4FD04FE44FE54F1A50285014502A50A3
:100EE000255005501C4FF64F215029502C50FE4FD5
:100EF000EF4F115006504350475003675550505024
:100F000048505A5056506C50785080509A508550E6
:100F1000B450B250C950CA50B350C250D650DE502F
:100F2000E550ED50E350EE50F950F55009510151A4
:100F300002511651155114511A5121513A5137513C
:100F40003C513B513F51405152514C5154516251CF
:100F5000F87A69516A516E5180518251D8568C513C
:100F600089518F519151935195519651A451A65148
:100F7000A251A951AA51AB51B351B151B251B05183
:100F8000B551BD51C551C951DB51E0515586E951AB
:100F9000ED51F051F551FE5104520B5214520E52C4
:100FA00027522A522E52335239524F5244524B52E8
:100FB0004C525E5254526A527452695273527F526A
:100FC0007D528D5294529252715288529152A88FF2
:100FD000A78FAC52AD52BC52B552C152CD52D7526E
:100FE000DE52E352E652ED98E052F352F552F852D7
:100FF000F9520653085338750D5310530F531553B8
:101000001A5323532F5331533353385340534653BA
:101010004553174E49534D53D6515E5369536E5342
:1010200018597B53775382539653A053A653A55315
:10103000AE53B053B653C353127CD996DF53FC66FC
:10104000EE71EE53E853ED53FA5301543D544054BE
:101050002C542D543C542E54365429541D544E5463
:101060008F5475548E545F54715477547054925405
:101070007B5480547654845490548654C754A2545C
:10108000B854A554AC54C454C854A854AB54C25416
:10109000A454BE54BC54D854E554E6540F551455CA
:1010A000FD54EE54ED54FA54E2543955405563550D
:1010B0004C552E555C554555565557553855335555
:1010C0005D5599558055AF548A559F557B557E5532
:1010D00098559E55AE557C558355A9558755A855AD
:1010E000DA55C555DF55C455DC55E455D45514566D
:1010F000F7551656FE55FD551B56F9554E5650568A
:10110000DF7134563656325638566B5664562F5663
:101110006C566A56865680568A56A05694568F56F6
:10112000A556AE56B656B456C256BC56C156C35650
:10113000C056C856CE56D156D356D756EE56F95647
:101140000057FF560457095708570B570D571357A9
:1011500018571657C7551C572657375738574E57E5
:101160003B5740574F576957C057885761577F576C
:1011700089579357A057B357A457AA57B057C35787
:10118000C657D457D257D3570A58D657E3570B5898
:1011900019581D587258215862584B587058C06BD6
:1011A00052583D5879588558B9589F58AB58BA5835
:1011B000DE58BB58B858AE58C558D358D158D75830
:1011C000D958D858E558DC58E458DF58EF58FA5841
:1011D000F958FB58FC58FD5802590A5910591B5927
:1011E000A66825592C592D59325938593E59D27A69
:1011F000555950594E595A59585962596059675959
:101200006C596959785981599D595E4FAB4FA35913
:10121000B259C659E859DC598D59D959DA59255A64
:101220001F5A115A1C5A095A1A5A405A6C5A495A8A
:10123000355A365A625A6A5A9A5ABC5ABE5ACB5AC8
:10124000C25ABD5AE35AD75AE65AE95AD65AFA5AF6
:10125000FB5A0C5B0B5B165B325BD05A2A5B365B2E
:101260003E5B435B455B405B515B555B5A5B5B5B45
:10127000655B695B705B735B755B785B88657A5BEC
:10128000805B835BA65BB85BC35BC75BC95BD45BFE
:10129000D05BE45BE65BE25BDE5BE55BEB5BF05B5C
:1012A000F65BF35B055C075C085C0D5C135C205C23
:1012B000225C285C385C395C415C465C4E5C535C6B
:1012C000505C4F5C715B6C5C6E5C624E765C795C12
:1012D0008C5C915C945C9B59AB5CBB5CB65CBC5C0D
:1012E000B75CC55CBE5CC75CD95CE95CFD5CFA5C64
:1012F000ED5C8C5DEA5C0B5D155D175D5C5D1F5DF3
:101300001B5D115D145D225D1A5D195D185D4C5DFC
:10131000525D4E5D4B5D6C5D735D765D875D845D9A
:10132000825DA25D9D5DAC5DAE5DBD5D905DB75DB6
:10133000BC5DC95DCD5DD35DD25DD65DDB5DEB5D32
:10134000F25DF55D0B5E1A5E195E115E1B5E365E28
:10135000375E445E435E405E4E5E575E545E5F5E47
:10136000625E645E475E755E765E7A5EBC9E7F5EA0
:10137000A05EC15EC25EC85ED05ECF5ED65EE35E3A
:10138000DD5EDA5EDB5EE25EE15EE85EE95EEC5E5B
:10139000F15EF35EF05EF45EF85EFE5E035F095F91
:1013A0005D5F5C5F0B5F115F165F295F2D5F385FCC
:1013B000415F485F4C5F4E5F2F5F515F565F575FE5
:1013C000595F615F6D5F735F775F835F825F7F5F90
:1013D0008A5F885F915F875F9E5F995F985FA05F7C
:1013E000A85FAD5FBC5FD65FFB5FE45FF85FF15F56
:1013F000DD5FB360FF5F216060601960106029608D
:101400000E6031601B6015602B6026600F603A60D3
:101410005A6041606A6077605F604A6046604D6014
:1014200063604360646042606C606B6059608160BF
:101430008D60E76083609A6084609B6096609760CF
:101440009260A7608B60E160B860E060D360B460D8
:10145000F05FBD60C660B560D8604D611561066122
:10146000F660F7600061F460FA6003612161FB607F
:10147000F1600D610E6147613E61286127614A613B
:101480003F613C612C6134613D6142614461736143
:101490007761586159615A616B6174616F6165610F
:1014A00071615F615D615361756199619661876189
:1014B000AC6194619A618A619161AB61AE61CC610A
:1014C000CA61C961F761C861C361C661BA61CB61B4
:1014D000797FCD61E661E361F661FA61F461FF61F4
:1014E000FD61FC61FE610062086209620D620C62CE
:1014F00014621B621E6221622A622E6230623262B4
:10150000336241624E625E6263625B626062686225
:101510007C62826289627E62926293629662D46227
:1015200083629462D762D162BB62CF62FF62C6629D
:10153000D464C862DC62CC62CA62C262C7629B6267
:10154000C9620C63EE62F162276302630863EF62B3
:10155000F56250633E634D631C644F6396638E6314
:101560008063AB637663A3638F6389639F63B563B3
:101570006B636963BE63E963C063C663E363C963A6
:10158000D263F663C4631664346406641364266429
:1015900036641D65176428640F6467646F6476643D
:1015A0004E642A6595649364A564A9648864BC64E8
:1015B000DA64D264C564C764BB64D864C264F1648D
:1015C000E7640982E064E164AC62E364EF642C6583
:1015D000F664F464F264FA640065FD6418651C65E1
:1015E0000565246523652B65346535653765366586
:1015F00038654B754865566555654D6558655E653A
:101600005D6572657865826583658A8B9B659F657C
:10161000AB65B765C365C665C165C465CC65D26594
:10162000DB65D965E065E165F16572670A660366A9
:10163000FB6573673566366634661C664F664466BE
:10164000496641665E665D666466676668665F6693
:1016500062667066836688668E668966846698664A
:101660009D66C166B966C966BE66BC66C466B86674
:10167000D666DA66E0663F66E666E966F066F566B7
:10168000F7660F6716671E672667276738972E6706
:101690003F67366741673867376746675E676067E9
:1016A00059676367646789677067A9677C676A675A
:1016B0008C678B67A667A1678567B767EF67B467B5
:1016C000EC67B367E967B867E467DE67DD67E26721
:1016D000EE67B967CE67C667E7679C6A1E684668AB
:1016E000296840684D6832684E68B3682B6859684D
:1016F000636877687F689F688F68AD6894689D6845
:101700009B688368AE6AB9687468B568A068BA688F
:101710000F698D687E680169CA680869D86822699E
:101720002669E1680C69CD68D468E768D5683669D0
:1017300012690469D768E3682569F968E068EF68A9
:1017400028692A691A6923692169C66879697769EC
:101750005C6978696B6954697E696E693969746915
:101760003D695969306961695E695D6981696A6964
:10177000B269AE69D069BF69C169D369BE69CE6912
:10178000E85BCA69DD69BB69C369A7692E6A9169AB
:10179000A0699C699569B469DE69E869026A1B6A97
:1017A000FF690A6BF969F269E769056AB1691E6A3E
:1017B000ED69146AEB690A6A126AC16A236A136ADC
:1017C000446A0C6A726A366A786A476A626A596A57
:1017D000666A486A386A226A906A8D6AA06A846A70
:1017E000A26AA36A976A1786BB6AC36AC26AB86AA2
:1017F000B36AAC6ADE6AD16ADF6AAA6ADA6AEA6A3E
:10180000FB6A056B1686FA6A126B166B319B1F6BAF
:10181000386B376BDC76396BEE98476B436B496BF3
:10182000506B596B546B5B6B5F6B616B786B796B57
:101830007F6B806B846B836B8D6B986B956B9E6BF2
:10184000A46BAA6BAB6BAF6BB26BB16BB36BB76BCB
:10185000BC6BC66BCB6BD36BDF6BEC6BEB6BF36B67
:10186000EF6BBE9E086C136C146C1B6C246C236CA9
:101870005E6C556C626C6A6C826C8D6C9A6C816C5F
:101880009B6C7E6C686C736C926C906CC46CF16C2D
:10189000D36CBD6CD76CC56CDD6CAE6CB16CBE6CC2
:1018A000BA6CDB6CEF6CD96CEA6C1F6D4D88366DD1
:1018B0002B6D3D6D386D196D356D336D126D0C6D81
:1018C000636D936D646D5A6D796D596D8E6D956D07
:1018D000E46F856DF96D156E0A6EB56DC76DE66DB9
:1018E000B86DC66DEC6DDE6DCC6DE86DD26DC56DFD
:1018F000FA6DD96DE46DD56DEA6DEE6D2D6E6E6E7F
:101900002E6E196E726E5F6E3E6E236E6B6E2B6E58
:10191000766E4D6E1F6E436E3A6E4E6E246EFF6E87
:101920001D6E386E826EAA6E986EC96EB76ED36EDB
:10193000BD6EAF6EC46EB26ED46ED56E8F6EA56E78
:10194000C26E9F6E416F116F4C70EC6EF86EFE6E42
:101950003F6FF26E316FEF6E326FCC6E3E6F136F72
:10196000F76E866F7A6F786F816F806F6F6F5B6FC6
:10197000F36F6D6F826F7C6F586F8E6F916FC26F58
:10198000666FB36FA36FA16FA46FB96FC66FAA6FB5
:10199000DF6FD56FEC6FD46FD86FF16FEE6FDB6FC9
:1019A00009700B70FA6F117001700F70FE6F1B7071
:1019B0001A70746F1D7018701F7030703E70327026
:1019C0005170637099709270AF70F170AC70B870B4
:1019D000B370AE70DF70CB70DD70D9700971FD70BF
:1019E0001C711971657155718871667162714C71E4
:1019F00056716C718F71FB7184719571A871AC71A6
:101A0000D771B971BE71D271C971D471CE71E071E3
:101A1000EC71E771F571FC71F971FF710D72107263
:101A20001B7228722D722C72307232723B723C72B1
:101A30003F72407246724B72587274727E7282723A
:101A40008172877292729672A272A772B972B27222
:101A5000C372C672C472CE72D272E272E072E17266
:101A6000F972F7720F5017730A731C7316731D7394
:101A700034732F73297325733E734E734F73D89E3F
:101A800057736A7368737073787375737B737A7343
:101A9000C873B373CE73BB73C073E573EE73DE7339
:101AA000A27405746F742574F87332743A745574A3
:101AB0003F745F74597441745C74697470746374B6
:101AC0006A7476747E748B749E74A774CA74CF74AF
:101AD000D474F173E074E374E774E974EE74F2742F
:101AE000F074F174F874F7740475037505750C756A
:101AF0000E750D75157513751E7526752C753C754F
:101B000044754D754A7549755B7546755A756975A5
:101B1000647567756B756D7578757675867587757F
:101B200074758A758975827594759A759D75A57594
:101B3000A375C275B375C375B575BD75B875BC753C
:101B4000B175CD75CA75D275D975E375DE75FE753B
:101B5000FF75FC750176F075FA75F275F3750B7605
:101B60000D7609761F7627762076217622762476E2
:101B7000347630763B764776487646765C7658768D
:101B800061766276687669766A7667766C76707664
:101B90007276767678767C768076837688768B76A3
:101BA0008E769676937699769A76B076B476B8767F
:101BB000B976BA76C276CD76D676D276DE76E1760C
:101BC000E576E776EA762F86FB760877077704775F
:101BD000297724771E77257726771B77377738770D
:101BE00047775A7768776B775B7765777F777E770C
:101BF00079778E778B779177A0779E77B077B67766
:101C0000B977BF77BC77BD77BB77C777CD77D77705
:101C1000DA77DC77E377EE77FC770C781278267941
:101C200020782A7945788E78747886787C789A78C6
:101C30008C78A378B578AA78AF78D178C678CB7845
:101C4000D478BE78BC78C578CA78EC78E778DA784A
:101C5000FD78F47807791279117919792C792B7933
:101C60004079607957795F795A79557953797A79DA
:101C70007F798A799D79A7794B9FAA79AE79B379D3
:101C8000B979BA79C979D579E779EC79E179E379E4
:101C9000087A0D7A187A197A207A1F7A8079317A3F
:101CA0003B7A3E7A377A437A577A497A617A627A0E
:101CB000697A9D9F707A797A7D7A887A977A957A0F
:101CC000987A967AA97AC87AB07AB67AC57AC47AB6
:101CD000BF7A8390C77ACA7ACD7ACF7AD57AD37A07
:101CE000D97ADA7ADD7AE17AE27AE67AED7AF07A0E
:101CF000027B0F7B0A7B067B337B187B197B1E7B69
:101D0000357B287B367B507B7A7B047B4D7B0B7B42
:101D10004C7B457B757B657B747B677B707B717BC4
:101D20006C7B6E7B9D7B987B9F7B8D7B9C7B9A7B6A
:101D30008B7B927B8F7B5D7B997BCB7BC17BCC7BD1
:101D4000CF7BB47BC67BDD7BE97B117C147CE67B9F
:101D5000E57B607C007C077C137CF37BF77B177C46
:101D60000D7CF67B237C277C2A7C1F7C377C2B7C9C
:101D70003D7C4C7C437C547C4F7C407C507C587C2C
:101D80005F7C647C567C657C6C7C757C837C907C01
:101D9000A47CAD7CA27CAB7CA17CA87CB37CB27C17
:101DA000B17CAE7CB97CBD7CC07CC57CC27CD87C5F
:101DB000D27CDC7CE27C3B9BEF7CF27CF47CF67C8E
:101DC000FA7C067D027D1C7D157D0A7D457D4B7D5F
:101DD0002E7D327D3F7D357D467D737D567D4E7DEA
:101DE000727D687D6E7D4F7D637D937D897D5B7D9A
:101DF0008F7D7D7D9B7DBA7DAE7DA37DB57DC77DCD
:101E0000BD7DAB7D3D7EA27DAF7DDC7DB87D9F7DC0
:101E1000B07DD87DDD7DE47DDE7DFB7DF27DE17DE5
:101E2000057E0A7E237E217E127E317E1F7E097E04
:101E30000B7E227E467E667E3B7E357E397E437EED
:101E4000377E327E3A7E677E5D7E567E5E7E597E2E
:101E50005A7E797E6A7E697E7C7E7B7E837ED57D9E
:101E60007D7EAE8F7F7E887E897E8C7E927E907E08
:101E7000937E947E967E8E7E9B7E9C7E387F3A7F7C
:101E8000457F4C7F4D7F4E7F507F517F557F547FE4
:101E9000587F5F7F607F687F697F677F787F827F01
:101EA000867F837F887F877F8C7F947F9E7F9D7FC7
:101EB0009A7FA37FAF7FB27FB97FAE7FB67FB87FB7
:101EC000718BC57FC67FCA7FD57FD47FE17FE67FD8
:101ED000E97FF37FF97FDC98068004800B80128015
:101EE000188019801C80218028803F803B804A8098
:101EF0004680528058805A805F80628068807380FC
:101F000072807080768079807D807F8084808680FA
:101F100085809B8093809A80AD809051AC80DB80DF
:101F2000E580D980DD80C480DA80D6800981EF80A9
:101F3000F1801B81298123812F814B818B964681E2
:101F40003E8153815181FC8071816E816581668102
:101F50007481838188818A8180818281A081958139
:101F6000A481A3815F819381A981B081B581BE8164
:101F7000B881BD81C081C281BA81C981CD81D18141
:101F8000D981D881C881DA81DF81E081E781FA8156
:101F9000FB81FE8101820282058207820A820D8214
:101FA0001082168229822B823882338240825982A3
:101FB00058825D825A825F826482628268826A820B
:101FC0006B822E827182778278827E828D8292826B
:101FD000AB829F82BB82AC82E182E382DF82D282CB
:101FE000F482F382FA8293830383FB82F982DE8296
:101FF0000683DC820983D982358334831683328356
:10200000318340833983508345832F832B83178308
:10201000188385839A83AA839F83A28396832383CD
:102020008E8387838A837C83B58373837583A08340
:102030008983A883F4831384EB83CE83FD83038495
:10204000D8830B84C183F7830784E083F2830D84F4
:1020500022842084BD8338840685FB836D842A8492
:102060003C845A85848477846B84AD846E848284B6
:10207000698446842C846F8479843584CA8462841C
:10208000B984BF849F84D984CD84BB84DA84D0840E
:10209000C184C684D684A1842185FF84F4841785F5
:1020A00018852C851F8515851485FC8440856385DE
:1020B00058854885418502864B8555858085A48550
:1020C000888591858A85A8856D8594859B85EA8517
:1020D00087859C8577857E859085C985BA85CF85DE
:1020E000B985D085D585DD85E585DC85F9850A86C8
:1020F00013860B86FE85FA85068622861A8630862A
:102100003F864D86554E54865F86678671869386D8
:10211000A386A986AA868B868C86B686AF86C48659
:10212000C686B086C9862388AB86D486DE86E986D5
:10213000EC86DF86DB86EF861287068708870087B6
:102140000387FB86118709870D87F9860A873487FD
:102150003F8737873B87258729871A8760875F876F
:1021600078874C874E877487578768876E8759872B
:10217000538763876A870588A2879F878287AF878F
:10218000CB87BD87C087D087D696AB87C487B387F8
:10219000C787C687BB87EF87F287E0870F880D88E0
:1021A000FE87F687F7870E88D287118816881588EC
:1021B0002288218831883688398827883B88448856
:1021C0004288528859885E8862886B8881887E88B8
:1021D0009E8875887D88B58872888288978892885D
:1021E000AE889988A2888D88A488B088BF88B18875
:1021F000C388C488D488D888D988DD88F9880289BA
:10220000FC88F488E888F28804890C890A89138993
:1022100043891E8925892A892B89418944893B89DB
:10222000368938894C891D8960895E896689648907
:102230006D896A896F89748977897E89838988899C
:102240008A8993899889A189A989A689AC89AF8946
:10225000B289BA89BD89BF89C089DA89DC89DD89FB
:10226000E789F489F889038A168A108A0C8A1B8AFE
:102270001D8A258A368A418A5B8A528A468A488A1A
:102280007C8A6D8A6C8A628A858A828A848AA88A14
:10229000A18A918AA58AA68A9A8AA38AC48ACD8AA3
:1022A000C28ADA8AEB8AF38AE78AE48AF18A148B93
:1022B000E08AE28AF78ADE8ADB8A0C8B078B1A8B2C
:1022C000E18A168B108B178B208B338BAB97268B69
:1022D0002B8B3E8B288B418B4C8B4F8B4E8B498BA2
:1022E000568B5B8B5A8B6B8B5F8B6C8B6F8B748B72
:1022F0007D8B808B8C8B8E8B928B938B968B998B1B
:102300009A8B3A8C418C3F8C488C4C8C4E8C508CE8
:10231000558C628C6C8C788C7A8C828C898C858CB8
:102320008A8C8D8C8E8C948C7C8C988C1D62AD8C60
:10233000AA8CBD8CB28CB38CAE8CB68CC88CC18C84
:10234000E48CE38CDA8CFD8CFA8CFB8C048D058D8F
:102350000A8D078D0F8D0D8D108D4E9F138DCD8C99
:10236000148D168D678D6D8D718D738D818D998D09
:10237000C28DBE8DBA8DCF8DDA8DD68DCC8DDB8D95
:10238000CB8DEA8DEB8DDF8DE38DFC8D088E098E74
:10239000FF8D1D8E1E8E108E1F8E428E358E308EBE
:1023A000348E4A8E478E498E4C8E508E488E598E72
:1023B000648E608E2A8E638E558E768E728E7C8EA3
:1023C000818E878E858E848E8B8E8A8E938E918E53
:1023D000948E998EAA8EA18EAC8EB08EC68EB18E42
:1023E000BE8EC58EC88ECB8EDB8EE38EFC8EFB8EB2
:1023F000EB8EFE8E0A8F058F158F128F198F138F1C
:102400001C8F1F8F1B8F0C8F268F338F3B8F398F25
:10241000458F428F3E8F4C8F498F468F4E8F578FFF
:102420005C8F628F638F648F9C8F9F8FA38FAD8F24
:10243000AF8FB78FDA8FE58FE28FEA8FEF8F8790BC
:10244000F48F0590F98FFA8F1190159021900D90CF
:102450001E9016900B902790369035903990F88FFB
:102460004F905090519052900E9049903E905690BF
:1024700058905E9068906F907690A8967290829037
:102480007D90819080908A9089908F90A890AF9055
:10249000B190B590E290E4904862DB900291129185
:1024A0001991329130914A91569158916391659169
:1024B0006991739172918B9189918291A291AB9163
:1024C000AF91AA91B591B491BA91C091C191C991BE
:1024D000CB91D091D691DF91E191DB91FC91F59177
:1024E000F6911E92FF9114922C92159211925E9287
:1024F0005792459249926492489295923F924B929C
:1025000050929C92969293929B925A92CF92B992A9
:10251000B792E9920F93FA9244932E9319932293D0
:102520001A9323933A9335933B935C9360937C93F4
:102530006E935693B093AC93AD939493B993D69313
:10254000D793E893E593D893C393DD93D093C8933F
:10255000E4931A9414941394039407941094369467
:102560002B94359421943A944194529444945B94DE
:10257000609462945E946A942992709475947794AE
:102580007D945A947C947E9481947F9482958795CF
:102590008A959495969598959995A095A895A795BF
:1025A000AD95BC95BB95B995BE95CA95F66FC3958B
:1025B000CD95CC95D595D495D695DC95E195E595B9
:1025C000E295219628962E962F9642964C964F96F7
:1025D0004B9677965C965E965D965F96669672963B
:1025E0006C968D96989695969796AA96A796B1967C
:1025F000B296B096B496B696B896B996CE96CB9655
:10260000C996CD964D89DC960D97D596F996049787
:102610000697089713970E9711970F971697199784
:1026200024972A97309739973D973E974497469736
:102630004897429749975C97609764976697689721
:10264000D2526B977197799785977C9781977A97F4
:1026500086978B978F9790979C97A897A697A39705
:10266000B397B497C397C697C897CB97DC97ED9766
:102670004F9FF297DF7AF697F5970F980C98389856
:102680002498219837983D9846984F984B986B9886
:102690006F987098719874987398AA98AF98B19839
:1026A000B698C498C398C698E998EB980399099985
:1026B00012991499189921991D991E992499209974
:1026C0002C992E993D993E9942994999459950994D
:1026D0004B99519952994C99559997999899A599CF
:1026E000AD99AE99BC99DF99DB99DD99D899D199CB
:1026F000ED99EE99F199F299FB99F899019A0F9A4F
:10270000059AE299199A2B9A379A459A429A409AD1
:10271000439A3E9A559A4D9A5B9A579A5F9A629A53
:10272000659A649A699A6B9A6A9AAD9AB09ABC9AB9
:10273000C09ACF9AD19AD39AD49ADE9ADF9AE29A23
:10274000E39AE69AEF9AEB9AEE9AF49AF19AF79A4C
:10275000FB9A069B189B1A9B1F9B229B239B259BE6
:10276000279B289B299B2A9B2E9B2F9B329B449B1C
:10277000439B4F9B4D9B4E9B519B589B749B939BA4
:10278000839B919B969B979B9F9BA09BA89BB49B95
:10279000C09BCA9BB99BC69BCF9BD19BD29BE39B03
:1027A000E29BE49BD49BE19B3A9CF29BF19BF09BC8
:1027B000159C149C099C139C0C9C069C089C129CC8
:1027C0000A9C049C2E9C1B9C259C249C219C309C38
:1027D000479C329C469C3E9C5A9C609C679C769C85
:1027E000789CE79CEC9CF09C099D089DEB9C039DCC
:1027F000069D2A9D269DAF9D239D1F9D449D159D51
:10280000129D419D3F9D3E9D469D489D5D9D5E9DC7
:10281000649D519D509D599D729D899D879DAB9D45
:102820006F9D7A9D9A9DA49DA99DB29DC49DC19DB9
:10283000BB9DB89DBA9DC69DCF9DC29DD99DD39D80
:10284000F89DE69DED9DEF9DFD9D1A9E1B9E1E9E93
:10285000759E799E7D9E819E889E8B9E8C9E929E6B
:10286000959E919E9D9EA59EA99EB89EAA9EAD9E58
:102870006197CC9ECE9ECF9ED09ED49EDC9EDE9E47
:10288000DD9EE09EE59EE89EEF9EF49EF69EF79EFE
:10289000F99EFB9EFC9EFD9E079F089FB776159FA5
:1028A000219F2C9F3E9F4A9F529F549F639F5F9FF3
:1028B000609F619F669F679F6C9F6A9F779F729FD3
:1028C000769F959F9C9FA09F2F58C76959906474CD
:1028D000DC5199719C4E1655035A3F96C0541B61AA
:1028E0002863F659229075841C83507AAA60E163AC
:1028F000256EED656684A682F59B93682757A165D2
:1029000071629B5BD0597B86F498627DBE7D8E9B05
:1029100016629F7CB788895BB55E096397664868D5
:10292000C7958D974F67E54E0A4F4D4F9D4F4950C4
:10293000F2563759D459015A095CDF600F61706152
:1029400013660569BA704F757075FB79AD7DEF7DC3
:10295000C3800E846388028B55907A903B53954ECA
:10296000A54EDF57B280C190EF78004EF158A26EAD
:102970003890327A28838B822F9C41517053BD54FA
:10298000E154E056FB59155FF298EB6DE4802D851C
:1029900062967096A096FB970B54F353875BCF70AB
:1029A000BD7FC28FE8966F535C9DBA7A114E9378C3
:1029B000FC81266E185604551D6B1A853B9CE55903
:1029C000A953666DDC748F954256914E4B90F296EA
:1029D0004F830C99E153B655305B715F2066F36607
:1029E0000468386CF36C296D5B74C8764E7A349841
:1029F000F1825B88608AED92B26DAB75CA76C5993B
:102A0000A660018B8A8DB2958E69AD53865112579F
:102A100030584459B45BF65E2860A963F463BF6C18
:102A2000146F8E7014715971D5713F73017E768267
:102A3000D182978560905B921B9D6958BC655A6CEA
:102A40002575F9512E596559805FDC5FBC62FA65C6
:102A50002A6A276BB46B8B73C17F56892C9D0E9DA0
:102A6000C49EA15C966C7B8304514B5CB661C681AD
:102A700076686172594EFA4F78536960296E4F7AC1
:102A8000F3970B4E1653EE4E554F3D4FA14F734FDC
:102A9000A052EF5309560F59C15AB65BE15BD17989
:102AA00087669C67B6674C6BB36C6B70C2738D792D
:102AB000BE793C7A877BB182DB8204837783EF83A4
:102AC000D3836687B28A2956A88CE68F4E901E97CC
:102AD0008A86C44FE85C116259723B75E581BD82FC
:102AE000FE86C08CC5961399D599CB4E1A4FE389B3
:102AF000DE564A58CA58FB5EEB5F2A6094606260FB
:102B0000D0611262D0623965419B6666B068776DAC
:102B100070704C758676757DA582F9878B958E963B
:102B20009D8CF151BE521659B354B35B165D68616A
:102B30008269AF6D8D78CB845788728AA793B89AD3
:102B40006C6DA899D986A357FF67CE860E928352E3
:102B500087560454D35EE162B9643C683868BB6B45
:102B60007273BA786B7A9A89D2896B8D038FED90E4
:102B7000A39594966997665BB35C7D694D984E9872
:102B80009B63207B2B6A7F6AB6680D9C5F6F7252D5
:102B90009D557060EC623B6D076ED16E5B84108951
:102BA000448F144E399CF6531B693A6A84972A68FD
:102BB0005C51C37AB284DC918C935B56289D226869
:102BC00005833184A57C0852C582E6747E4E834F0E
:102BD000A051D25B0A52D852E752FB5D9A552A584F
:102BE000E6598C5B985BDB5B725E795EA3601F616C
:102BF0006361BE61DB636265D1675368FA683E6BEF
:102C0000536B576C226F976F456FB0741875E376EE
:102C10000B77FF7AA17B217CE97D367FF07F9D8059
:102C200066829E83B389CC8AAB8C849051949395B1
:102C30009195A2956596D39728991882384E2B5472
:102C4000B85CCC5DA9734C763C77A95CEB7F0B8DAF
:102C5000C196119854985898014F0E4F71539C5536
:102C60006856FA574759095BC45B905C0C5E7E5E00
:102C7000CC5FEE633A67D765E2651F67CB68C468CF
:102C80005F6A305EC56B176C7D6C7F754879635BDE
:102C9000007A007DBD5F8F89188AB48C778DCC8EC9
:102CA0001D8FE2980E9A3C9B804E7D5000519359A7
:102CB0009C5B2F628062EC643A6BA07291754779DD
:102CC000A97FFB87BC8A708BAC63CA83A097095429
:102CD0000354AB555468586A708A27787567CD9E3F
:102CE0007453A25B1A8150860690184E454EC74E0B
:102CF000114FCA533854AE5B135F256051653D6771
:102D0000426C726CE36C78700374767AAE7A087BEE
:102D10001A7DFE7C667DE7655B72BB53455CE85DB2
:102D2000D262E0621963206E5A86318ADD8DF89294
:102D3000016FA6795A9BA84EAB4EAC4E9B4FA04F4D
:102D4000D1504751F67A7151F651545321537F5364
:102D5000EB53AC558358E15C375F4A5F2F6050609E
:102D60006D601F6359654B6AC16CC272ED72EF777B
:102D7000F880058108824E85F790E193FF97579977
:102D80005A9AF04EDD512D5C81666D69405CF266A9
:102D9000756989735068817CC550E4524757FE5D60
:102DA0002693A465236B3D6B34748179BD794B7B8D
:102DB000CA7DB982CC837F885F89398BD18FD191CD
:102DC0001F5480925D4E3650E5533A53D772967336
:102DD000E977E682AF8EC699C899D29977511A6180
:102DE0005E86B0557A7A7650D35B47908596324EA0
:102DF000DB6AE791515C485C98639F7A936C7497A7
:102E0000618FAA7A8A718896827C1768707E516871
:102E10006C93F2521B54AB85138AA47FCD8EE19044
:102E2000665388884179C24FBE5011524451535560
:102E30002D57EA738B575159625F845F75607661D5
:102E40006761A961B2633A646C656F664268136E2C
:102E500066753D7AFB7C4C7D997D4B7E6B7F0E8346
:102E60004A83CD86088A638A668BFD8E1A988F9D69
:102E7000B882CE8FE89B87521F628364C06F999699
:102E800041689150206B7A6C546F747A507D408801
:102E9000238A0867F64E3950265065507C513852C7
:102EA0006352A7550F570558CC5AFA5EB261F861C4
:102EB000F36272631C69296A7D72AC722E73147896
:102EC0006F78797D0C77A9808B89198BE28CD28EF3
:102ED000639075937A965598139A789E43519F53B1
:102EE000B3537B5E265F1B6E906E8473FE73437DCF
:102EF0003782008AFA8A50964E4E0B50E4537C5427
:102F0000FA56D159645BF15DAB5E275F3862456567
:102F1000AF67566ED072CA7CB488A180E180F0831E
:102F20004E86878AE88D3792C7966798139F944E8E
:102F3000924E0D4F485349543E542F5A8C5FA15F17
:102F40009F60A7688E6A5A7481789E8AA48A778B5C
:102F500090915E4EC99BA44E7C4FAF4F19501650B6
:102F600049516C519F52B952FE529A53E353115436
:102F70000E5489555157A2577D59545B5D5B8F5B49
:102F8000E55DE75DF75D785E835E9A5EB75E185F2C
:102F900052604C619762D862A7633B6502664366E4
:102FA000F4666D6721689768CB695F6C2A6D696DFF
:102FB0002F6E9D6E327587766C783F7AE07C057D4A
:102FC000187D5E7DB17D15800380AF80B180548116
:102FD0008F812A8252834C8861881B8BA28CFC8C47
:102FE000CA90759171923F78FC92A4954D96059880
:102FF0009999D89A3B9D5B52AB52F7530854D558D8
:10300000F762E06F6A8C5F8FB99E4B513B524A5416
:10301000FD56407A7791609DD29E4473096F70810E
:103020001175FD5FDA60A89ADB72BC8F646B039840
:10303000CA4EF0566457BE585A5A6860C7610F6648
:1030400006663968B168F76DD5753A7D6E82429B28
:103050009B4E504FC95306556F5DE65DEE5DFB67B5
:10306000996C73740278508A9693DF885057A75EE4
:103070002B63B550AC508D510067C9545E58BB5995
:10308000B05B695F4D62A1633D68736B086E7D70D4
:10309000C7918072157826786D798E65307DDC83D6
:1030A000C188098F9B966452285750676A7FA18C0C
:1030B000B45142572A963A588A69B480B2540E5D88
:1030C000FC579578FA9D5C4F4A528B543E642866B3
:1030D0001467F567847A567B227D2F935C68AD9BDD
:1030E000397B19538A513752DF5BF662AE64E6646E
:1030F0002D67BA6BA985D1969076D69B4C630693C3
:10310000AB9BBF765266094E9850C253715CE86023
:10311000926463655F68E671CA732375977B827EEC
:103120009586838BDB8C78911099AC65AB668B6B45
:10313000D54ED44E3A4F7F4F3A52F853F253E3559F
:10314000DB56EB58CB59C959FF59505B4D5C025EB9
:103150002B5ED75F1D6007632F655C5BAF65BD6548
:10316000E8659D67626B7B6B0F6C45734979C1792C
:10317000F87C197D2B7DA2800281F38196895E8A7D
:10318000698A668A8C8AEE8AC78CDC8CCC96FC981D
:103190006F6B8B4E3C4F8D4F5051575BFA5B4861C4
:1031A00001634266216BCB6EBB6C3E72BD74D475FD
:1031B000C1783A790C803380EA8194849E8F506C78
:1031C0007F9E0F5F588B2B9DFA7AF88E8D5BEB9666
:1031D000034EF153F7573159C95AA45B89607F6E8A
:1031E000066FBE75EA8C9F5B0085E07B7250F467CA
:1031F0009D82615C4A851E7E0E829951045C6863E3
:10320000668D9C656E713E79177D05801D8BCA8E1B
:103210006E90C786AA901F50FA523A5C53677C7032
:1032200035724C91C8912B93E582C25B315FF96096
:103230003B4ED653885B4B6231678A6BE972E07311
:103240002E7A6B81A38D529196991251D7536A545D
:10325000FF5B8863396AAC7D0097DA56CE536854B9
:10326000975B315CDE5DEE4F0161FE62326DC079CD
:10327000CB79427D4D7ED27FED811F82908446883E
:103280007289908B748E2F8F31904B916C91C69672
:103290009C91C04E4F4F45514153935F0E62D4678E
:1032A000416C0B6E6373267ECD918392D453195972
:1032B000BF5BD16D5D792E7E9B7C7E589F71FA51EC
:1032C0005388F08FCA4FFB5C2566AC77E37A1C828B
:1032D000FF99C651AA5FEC656F69896BF36D966EB5
:1032E000646FFE76147DE15D759087910698E651D6
:1032F0001D5240629166D9661A6EB65ED27D727FAB
:10330000F866AF85F785F88AA952D95373598F5E4D
:10331000905F5560E4926496B7501F51DD52205380
:103320004753EC53E8544655315517566859BE5922
:103330003C5AB55B065C0F5C115C1A5C845E8A5E6D
:10334000E05E705F7F628462DB628C637763076636
:103350000C662D6676667E67A2681F6A356ABC6C4D
:10336000886D096E586E3C7126716771C77501775B
:103370005D7801796579F079E07A117BA77C397DF8
:103380009680D6838B8449855D88F3881F8A3C8A22
:10339000548A738A618CDE8CA49166927E93189411
:1033A0009C9698970A4E084E1E4E574E9751705253
:1033B000CE573458CC58225B385EC560FE646167D6
:1033C0005667446DB6727375637AB884728BB89120
:1033D00020933156F457FE98ED620D69966BED71AE
:1033E000547E77807282E689DF985587B18F3B5C87
:1033F000384FE14FB54F0755205ADD5BE95BC35F9E
:103400004E612F63B0654B66EE689B69786DF16D18
:103410003375B9751F775E79E679337DE381AF82C5
:10342000AA85AA893A8AAB8E9B8F3290DD91079745
:10343000BA4EC14E03527558EC580B5C1A753D5C80
:103440004E810A8AC58F63966D97257BCF8A08982F
:103450006291F356A853179039548257255EA8639A
:10346000346C8A7061778B7CE07F708842905491D5
:10347000109318938F965E74C49A075D695D7065AA
:10348000A267A88DDB966E6349671969C583179893
:10349000C096FE88846F7A64F85B164E2C705D755A
:1034A0002F66C4513652E252D359815F27601062B1
:1034B0003F6574651F667466F2681668636B056E17
:1034C00072721F75DB76BE7C5680F058FD887F894E
:1034D000A08A938ACB8A1D909291529759978965B9
:1034E0000E7A0681BB962D5EDC601A62A5651466B5
:1034F0009067F3774D7A4D7C3E7E0A81AC8C648D6B
:10350000E18D5F8EA9780752D962A5634264986203
:103510002D8A837AC07BAC8AEA96767D0C824987B5
:10352000D94E485143536053A35B025C165CDD5D8A
:1035300026624762B06413683468C96C456D176DC4
:10354000D3675C6F4E717D71CB657F7AAD7BDA7D21
:103550004A7EA87F7A811B823982A6856E8ACE8CAC
:10356000F58D78907790AD9291928395AE9B4D5268
:103570008455386F367168518579557EB381CE7C1C
:103580004C565158A85CAA63FE66FD665A69D9720A
:103590008F758E750E795679DF79977C207D447D05
:1035A0000786348A3B966190209FE7507552CC5332
:1035B000E2530950AA55EE584F593D728B5B645C3B
:1035C0001D53E360F3605C6383633F63BB63CD645F
:1035D000E965F966E35DCD69FD69156FE571894EB1
:1035E000E975F876937ADF7CCF7D9C7D6180498395
:1035F00058836C84BC84FB85C588708D01906D9068
:1036000097931C97129ACF5097588E61D381358526
:10361000088D2090C34F7450475273536F604963B5
:103620005F672C6EB38D1F90D74F5E5CCA8CCF65E1
:103630009A7D525396887651C363585B6B5B0A5CE4
:103640000D6451675C90D64E1A592A59706C518A94
:103650003E551558A559F0605362C16735825569CA
:103660004096C499289A534F0658FE5B1080B15C6F
:103670002F5E855F20604B613462FF66F06CDE6E0A
:10368000CE807F81D4828B88B88C00902E908A96D1
:10369000DB9EDB9BE34EF05327592C7B8D914C989E
:1036A000F99DDD6E277053534455855B58629E62C9
:1036B000D362A26CEF6F2274178A3894C16FFE8AAE
:1036C0003883E751F886EA53E953464F5490B08F58
:1036D0006A593181FD5DEA7ABF8FDA68378CF872FA
:1036E000489C3D6AB08A394E585306566657C562A3
:1036F000A263E6654E6BE16D5B6EAD70ED77EF7AC0
:10370000AA7BBB7D3D80C680CB86958A5B93E356C2
:10371000C7583E5FAD659666806AB56B3775C78AD8
:103720002450E57730571B5F65607A66606CF475EE
:103730001A7A6E7FF48118874590B399C97B5C75BE
:10374000F97A517BC4841090E979927A3683E15AF0
:1037500040772D4EF24E995BE05FBD623C66F167AB
:10376000E86C6B8677883B8A4E91F392D099176A02
:1037700026702A73E7825784AF8C014E4651CB5195
:103780008B55F55B165E335E815E145F355F6B5F54
:10379000B45FF2611163A2661D676E6F52723A7573
:1037A0003A777480398178817687BF8ADC8A858D03
:1037B000F38D9A9277950298E59CC5525763F476FB
:1037C0001567886CCD73C38CAE937396256D9C582A
:1037D0000E69CC69FD8F9A93DB751A905A5802686E
:1037E000B463FB69434F2C6FD867BB8F2685B47DCC
:1037F00054933F69706F6A57F7582C5B2C7D2A727F
:103800000A54E391B49DAD4E4E4F5C5075504352F7
:103810009E8C485424589A5B1D5E955EAD5EF75EA3
:103820001F5F8C60B5623A63D063AF68406C877885
:103830008E790B7AE07D4782028AE68A448E139065
:10384000B8902D91D8910E9FE56C5864E26475652F
:10385000F46E84761B7B6990D193BA6EF254B95F93
:10386000A4644D8FED8F449278516B582959555C63
:10387000975EFB6D8F7E1C75BC8CE28E5B98B97079
:103880001D4FBF6BB16F3075FB964E5110543558BC
:103890005758AC59605C925F97655C67216E7B7688
:1038A000DF83ED8C1490FD904D9325783A78AA52E1
:1038B000A65E1F577459126012505A51AC51CD5127
:1038C00000521055545858585759955BF65C8B5D0B
:1038D000BC6095622D6471674368BC68DF68D77609
:1038E000D86D6F6E9B6D6F70C871535FD8757779A7
:1038F000497B547B527BD67C717D305263846985D1
:10390000E4850E8A048B468C0F8E03900F901994D9
:1039100076962D98309AD895CD50D5520C540258A1
:103920000E5CA7619E641E6DB377E57AF480048413
:1039300053908592E05C079D3F53975FB35F9C6D0A
:1039400079726377BF79E47BD26BEC72AD8A0368DE
:10395000616AF851817A34694A5CF69CEB82C55BF6
:1039600049911E7078566F5CC76066658C6C5A8C86
:10397000419013985154C7660D924859A3908551B0
:103980004D4EEA5199850E8B58707A634B9362695C
:10399000B499047E777557536069DF8EE3965D6C4A
:1039A0008C4E3C5C105FE98F0253D18C8980798604
:1039B000FF5EE565734E655182593F5CEE97FB4EA5
:1039C0008A59CD5F8D8AE16FB0796279E75B718446
:1039D0002B73B171745EF55F7B639A64C371987CDD
:1039E000434EFC5E4B4EDC57A256A960C36F0D7D63
:1039F000FD803381BF81B28F9789A486F45D8A628E
:103A0000AD6487897767E26C3E6D36743478465AC8
:103A1000757FAD82AC99F34FC35EDD6292635765EB
:103A20006F67C3764C72CC80BA80298F4D910D5050
:103A3000F957925A856873696471FD72B78CF258B0
:103A4000E08C6A9619907F87E479E77729842F4F75
:103A500065525A53CD62CF67CA6C7D76947B957C54
:103A600036828485EB8FDD66206F06721B7EAB830A
:103A7000C199A69EFD51B17B7278B87B8780487B47
:103A8000E86A615E8C80517560756B5162928C6ED4
:103A90007A769791EA9A104F707F9C624F7BA5953A
:103AA000E99C7A565958E486BC96344F24524A53BE
:103AB000CD53DB53065E2C6491657F673E6C4E6C84
:103AC0004872AF72ED735475417E2C82E985A98CE2
:103AD000C47BC69169711298EF983D6369666A75F7
:103AE000E476D0784385EE862A5351532654835981
:103AF000875E7C5FB26049627962AB629065D46B2D
:103B0000CC6CB275AE769178D879CB7D777FA58075
:103B1000AB88B98ABB8C7F905E97DB980B6A387C48
:103B200099503E5CAE5F8767D86B357409778E7F9E
:103B30003B9FCA67177A39538B75ED9A665F9D81F3
:103B4000F18398803C5FC55F6275467B3C906768F7
:103B5000EB599B5A107D7E762C8BF54F6A5F196A64
:103B6000376C026FE27468796888558A798CDF5EF9
:103B7000CF63C575D279D7822893F2929C84ED8663
:103B80002D9CC1546C5F8C655C6D1570A78CD38CBB
:103B90003B984F65F6740D4ED84EE0572B59665A38
:103BA000CC5BA851035E9C5E166076627765A76564
:103BB0006E666E6D3672267B50819A8199825C8B1F
:103BC000A08CE68C748D1C964496AE4FAB64666BED
:103BD0001E8261846A85E890015C5369A8987A84A2
:103BE00057850F4F6F52A95F455E0D678F797981B9
:103BF00007898689F56D175F5562B86CCF4E69727B
:103C0000929B06523B547456B358A4616E621A716B
:103C10006E59897CDE7C1B7DF09687655E80194E2F
:103C2000754F75514058635E735E0A5FC467264ED8
:103C30003D8589955B96737C0198FB50C1585676FB
:103C4000A7782552A5771185867B4F500959477271
:103C5000C77BE87DBA8FD48F4D90BF4FC952295A88
:103C6000015FAD97DD4F1782EA9203575563696B89
:103C70002B75DC88148F427ADF52935855610A62A3
:103C8000AE66CD6B3F7CE9832350F84F0553465415
:103C9000315849599D5BF05CEF5C295D965EB162DD
:103CA00067633E65B9650B67D56CE16CF970327876
:103CB0002B7EDE80B3820C84EC84028712892A8AF0
:103CC0004A8CA690D292FD98F39C6C9D4F4EA14ECB
:103CD0008D5056524A57A8593D5ED85FD95F3F6212
:103CE000B4661B67D067D2689251217DAA80A881F3
:103CF000008B8C8CBF8C7E92329620542C9817535C
:103D0000D5505C53A858B264346767726677467AB8
:103D1000E691C352A16C866B00584C5E54592C67D7
:103D2000FB7FE151C6766964E878549BBB9ECB5714
:103D3000B95927669A67CE6BE954D969555E9C815B
:103D40009567AA9BFE67529C5D68A64EE34FC853D9
:103D5000B9622B67AB6CC48FAD4F6D7EBF9E074EB3
:103D60006261806E2B6F138573542A67459BF35DE8
:103D7000957BAC5CC65B1C874A6ED184147A088143
:103D800099598D7C116C2077D952225921715F721B
:103D9000DB772797619D0B697F5A185AA5510D54FF
:103DA0007D540E66DF76F78F9892F49CEA595D7227
:103DB000C56E4D51C968BF7DEC7D6297BA9E78642F
:103DC000216A028384595F5BDB6B1B73F276B27DE1
:103DD0001780998432512867D99EEE766267FF5228
:103DE0000599245C3B627E7CB08C4F55B6600B7DA0
:103DF000809501535F4EB6511C593A723680CE9170
:103E0000255FE2778453795F047DAC85338A8D8E9C
:103E10005697F367AE85539409610861B96C527681
:103E2000ED8A388F2F55514F2A51C752CB53A55B7E
:103E30007D5EA0608261D6630967DA67676E8C6D0C
:103E40003673377331755079D588988A4A90919036
:103E5000F590C4968D871559884E594F0E4E898A14
:103E60003F8F1098AD507C5E9659B95BB85EDA63AF
:103E7000FA63C164DC664A69D8690B6DB66E9471E9
:103E80002875AF7A8A7F00804984C9848189218B13
:103E90000A8E65907D960A997E619162326B836C81
:103EA000746DCC7FFC7FC06D857FBA87F8886567AD
:103EB000B1833C98F7961B6D617D3D846A91714E8C
:103EC0007553505D046BEB6FCD852D86A789295204
:103ED0000F54655C4E67A86806748374E275CF88DA
:103EE000E188CC91E29678968B5F8773CB7A4E848B
:103EF000A06365758952416D9C6E097459756B7824
:103F0000927C8696DC7A8D9FB64F6E61C5655C8625
:103F1000864EAE4EDA50214ECC51EE5B99658168EB
:103F2000BC6D1F734276AD771C7AE77C6F82D28AB4
:103F30007C90CF91759618989B52D17D2B509853B9
:103F40009767CB6DD0713374E8812A8FA396579C05
:103F50009F9E60744158996D2F7D5E98E44E364F58
:103F60008B4FB751B152BA5D1C60B2733C79D382AA
:103F70003492B796F6960A97979E629FA666746BE0
:103F80001752A352C870C288C95E4B609061236FFC
:103F900049713E7CF47D6F80EE8423902C934254D3
:103FA0006F9BD36A8970C28CEF8D3297B452415A9D
:103FB000CA5E045F17677C6994696A6D0F6F6272ED
:103FC000FC72ED7B01807E804B87CE906D51939E7D
:103FD00084798B803293D68A2D508C54718A6A6B87
:103FE000C48C0781D160A067F29D994E984E109CB9
:103FF0006B8AC185688500697E6E9778558100005F
:10400000002502250C251025182514251C252C25F6
:10401000242534253C25012503250F2513251B25A3
:104020001725232533252B253B254B2520252F25FB
:10403000282537253F251D253025252538254225CE
:1040400010041104120413041404150401041604CA
:104050001704180419041A041B041C041D041E046C
:104060001F0420042104220423042404250426041C
:104070002704280429042A042B042C042D042E04CC
:104080002F040000000000000000000000000000FD
:104090000000000000000000000000000000000020
:1040A000300431043204330434043504510436043A
:1040B0003704380439043A043B043C043D043E040C
:1040C0003F044004410442044304440445044604BC
:1040D0004704480449044A044B044C044D044E046C
:1040E0004F040000910392039303940395039603F6
:1040F0009703980399039A039B039C039D039E03D4
:104100009F03A003A103A303A403A503A603A7037E
:10411000A803A90300000000000000000000000048
:1041200000000000B103B203B303B403B503B60348
:10413000B703B803B903BA03BB03BC03BD03BE0393
:10414000BF03C003C103C303C403C503C603C7033E
:10415000C803C903000000000000000000000000C8
:104160000000000101010101010101010100000045
:104170000000000001010101010101010101010133
:104180000101010101010101010101010101000021
:104190000000000000010101010101010101010114
:1041A0000101010101010101010101010101010000
:1041B000C625A125A025B325B225BD25BC253B20BC
:1041C00012309221902191219321133000000000A0
:1041D00000000000000000000000000000000000DF
:1041E000000008220B2286228722822283222A2292
:1041F0002922000000000000000000000000000074
:10420000000027222822AC00D221D4210022032240
:104210002922000000000000000000000000000053
:104220000000000000002022A52212230222072203
:10423000612252226A226B221A223D221D2235223D
:104240002B222C22000000000000000000000000D3
:1042500000002B2130206F266D266A262020212089
:10426000B6002C22000000000000EF2500300130D5
:1042700002300CFF0EFFFB301AFF1BFF1FFF01FF78
:104280009B309C30B40040FFA8003EFF3E203FFF23
:10429000FD30FE309D309E300330DD4E053006305F
:1042A0000730FC30142010200FFF3CFF1C3016207C
:1042B0005CFF26202520182019201C201D2008FF27
:1042C00009FF143015303BFF3DFF5BFF5DFF0830F9
:1042D00009300A300B300C300D300E300F301030FA
:1042E00011300BFF1222B100D700F7001DFF602232
:1042F0001CFF1EFF662267221E2234224226402611
:10430000B000322033200321A50004FFA200A30047
:1043100005FF03FF06FF0AFF20FFA700062605266C
:10432000CB25CF25CE25C7250A00010002000300BA
:104330000400050006000700080009000A000B0041
:104340000C000D000E000F00100000003030303067
:10435000303030303030303030303030202020209D
:1043600020202020202020202020202000000000CD
:10437000000000000000000000000000000000003D
:10438000000000000000000000000000000000002D
:1043900000000000000000000000000010111213D7
:1043A000141516171819000000000000001A1B1C35
:1043B0001D1E1F00000000000000000000000000A3
:1043C000000000000000000000000000001A1B1C9C
:1043D0001D1E1F0000000000000000000000000083
:1043E00000000000000000000000000000000000CD
:1043F00000000000000000000000000000000000BD
:1044000000000000000000000000000000000000AC
:10441000000000000000000000000000000000009C
:10442000000000000000000000000000000000008C
:10443000000000000000000000000000000000007C
:10444000000000000000000000000000000000006C
:10445000000000000000000000000000000000005C
:10446000000000000000000000000000000000004C
:104470001F001C2000000000142100000200162470
:1044800000000000142500000200152800000000B4
:10449000112900000000142A00000000182B000061
:1044A0000000142C00000000102D00000000142E4D
:1044B000000001000C3000000900143A0000010067
:1044C000183C00000200143F0000010003410000FE
:1044D0001900155B00000000145C00000000115D75
:1044E00000000000175E000000000F5F00000000E9
:1044F000176000000000036100001900157B000038
:104500000000187C00000000117D00000000187EF3
:1045100000000000007F000020001CA00000000040
:1045200014A10000000016A20000030019A600005C
:10453000000014A70000000017A80000000019A93F
:104540000000000006AA0000000013AB00000000FD
:1045500018AC0000000001AD0000000019AE000022
:10456000000017AF0000000019B00000000018B1F3
:10457000000000000EB20000010017B400000000AF
:1045800003B50000000014B60000010017B80000D9
:1045900000000EB90000000006BA0000000012BBC7
:1045A000000000000EBC0000020014BF000000006C
:1045B00003C00000160018D70000000003D8000058
:1045C000060004DF0000000003E00000160018F7FA
:1045D0000000000003F800003F0004380100000064
:1045E000033901000F00044901000000034A0100E3
:1045F0004200048D01000000038E01000C00049BAA
:1046000001000000039C01000D0004AA010001004C
:1046100003AC01000D0004BA0100000006BB01005C
:10462000000003BC0100010004BE0100000003BF44
:104630000100000006C00100030003C401000000E7
:1046400007C50100000003C60100010007C8010002
:10465000000003C90100010007CB0100000003CCEA
:104660000100230004F00100000003F1010000003C
:1046700007F20100000003F301002D0004210200F5
:104680000000032202001100043402000500033A76
:1046900002001A0004550200000003560200010047
:1046A000045802000000035902000000045A0200EE
:1046B0000000035B02000100045D020002000360D1
:1046C0000200010004620200000003630200000017
:1046D0000464020000000365020001000467020098
:1046E0000000036802000400046D02000100036F73
:1046F00002000000047002000000037102000100CB
:104700000473020001000375020000000476020039
:104710000600037D02000000047E02000100038009
:104720000200000004810200000003820200010078
:10473000048402000200038702000500048D0200C9
:10474000040003920200000004930200000006949B
:1047500002000000049502000700039D0200010012
:10476000049F0200100005B00200110017C20200F1
:10477000030005C602000B0017D202000D0005E081
:104780000200040017E50200060005EC020000002C
:1047900017ED0200000005EE0200000017EF020016
:1047A00010000B0003006F0003700300030005748A
:1047B00003000000177503000000037603000100EA
:1047C000057A03000000037B03000200147E03004F
:1047D0000000037F0300000017840300010003862C
:1047E0000300000014870300000003880300020098
:1047F000038C03000000038E0300010004900300FB
:10480000000003910300100003A303000C0004B098
:104810000300000003B10300200008D203000200DF
:1048200003D50300200018F60300000003F703007F
:10483000040004FC0300000003FD0300840019824F
:10484000040000000B83040004000A880400010037
:10485000038A0400A5000331050025000559050061
:104860000000145A05000500046005000000036103
:1048700005002500048705000100148905000000DB
:10488000108A05000000198D05000100168F050033
:1048900000000B9105002C0010BE050000000BBFAE
:1048A0000500000014C0050000000BC10500010058
:1048B00014C3050000000BC40500010014C6050068
:1048C00000000BC70500000006D005001A0006EF27
:1048D0000500030014F305000100010006000500B7
:1048E000180606000200140906000100160B060057
:1048F0000000140C06000100190E060001000B1048
:1049000006000A00141B06000000011C060000003F
:10491000141D06000200062006001F0005400600C8
:1049200000000641060009000B4B060014000C6055
:1049300006000900146A06000300066E0600010066
:104940000B700600000006710600620014D4060019
:10495000000006D5060000000BD60600060001DDAB
:104960000600000019DE060000000BDF060005004F
:1049700005E5060001000BE70600010019E9060045
:1049800000000BEA0600030006EE060001000CF032
:104990000600090006FA0600020019FD06000100E3
:1049A00006FF06000000140007000D00010F0700BD
:1049B00000000610070000000B110700000006129F
:1049C00007001D000B3007001A00064D07005800B5
:1049D0000BA607000A0006B1070000000CC0070084
:1049E000090006CA070020000BEB0700080005F4C9
:1049F0000700010019F60700000014F70700020085
:104A000005FA070000000BFD0700000016FE070076
:104A100001000600080015000B1608000300051A27
:104A2000080000000B1B0800080005240800000017
:104A30000B25080002000528080000000B290800CB
:104A40000400143008000E000640080018000B593E
:104A500008000200145E08000000066008000A005A
:104A60000670080017001788080000000689080073
:104A700005000190080001000B980800070006A03F
:104A80000800280005C9080000000BCA080017002C
:104A900001E2080000000BE308001F000903090001
:104AA00000000604090035000B3A09000000093B2C
:104AB000090000000B3C09000000063D0900000051
:104AC000093E090002000B410900070009490900DD
:104AD00003000B4D09000000094E090001000650BB
:104AE000090000000B5109000600065809000900E2
:104AF0000B62090001001464090001000C66090042
:104B00000900147009000000057109000000067218
:104B100009000E000B810900000009820900010054
:104B2000068509000700068F0900010006930900A9
:104B3000150006AA0900060006B20900000006B624
:104B4000090003000BBC0900000006BD09000000BD
:104B500009BE090002000BC10900030009C70900D2
:104B6000010009CB090001000BCD0900000006CEB1
:104B70000900000009D70900000006DC0900010057
:104B800006DF090002000BE2090001000CE6090043
:104B9000090006F00900010016F2090001000EF4F8
:104BA0000900050019FA0900000016FB09000000C1
:104BB00006FC0900000014FD090000000BFE0900BE
:104BC00000000B010A00010009030A0000000605AD
:104BD0000A000500060F0A00010006130A0015006E
:104BE000062A0A00060006320A00010006350A00FD
:104BF000010006380A0001000B3C0A000000093ED3
:104C00000A0002000B410A0001000B470A000100E4
:104C10000B4B0A0002000B510A00000006590A0063
:104C20000300065E0A0000000C660A0009000B7013
:104C30000A00010006720A0002000B750A0000005B
:104C400014760A0000000B810A00010009830A00A3
:104C5000000006850A000800068F0A00020006937D
:104C60000A00150006AA0A00060006B20A000100A2
:104C700006B50A0004000BBC0A00000006BD0A00CD
:104C8000000009BE0A0002000BC10A0004000BC7A5
:104C90000A00010009C90A00000009CB0A0001004E
:104CA0000BCD0A00000006D00A00000006E00A0052
:104CB00001000BE20A0001000CE60A00090014F0F2
:104CC0000A00000016F10A00000006F90A000000C0
:104CD0000BFA0A0005000B010B00000009020B0093
:104CE000010006050B000700060F0B00010006136C
:104CF0000B001500062A0B00060006320B0001000F
:104D000006350B0004000B3C0B000000063D0B00B9
:104D10000000093E0B0000000B3F0B0000000940A3
:104D20000B0000000B410B00030009470B000100C2
:104D3000094B0B0001000B4D0B0000000B550B0045
:104D4000010009570B000000065C0B000100065F24
:104D50000B0002000B620B0001000C660B00090047
:104D600019700B00000006710B0000000E720B00A2
:104D700005000B820B00000006830B000000068577
:104D80000B000500068E0B00020006920B000300CC
:104D900006990B000100069C0B000000069E0B000C
:104DA000010006A30B00010006A80B00020006AEDE
:104DB0000B000B0009BE0B0001000BC00B00000034
:104DC00009C10B00010009C60B00020009CA0B0053
:104DD00002000BCD0B00000006D00B00000009D72D
:104DE0000B0000000CE60B0009000EF00B000200A7
:104DF00019F30B00050016F90B00000019FA0B005F
:104E000000000B000C00000009010C0002000B0464
:104E10000C00000006050C000700060E0C00020046
:104E200006120C001600062A0C000F000B3C0C00AA
:104E30000000063D0C0000000B3E0C000200094182
:104E40000C0003000B460C0002000B4A0C00030090
:104E50000B550C00010006580C000200065D0C000A
:104E6000000006600C0001000B620C0001000C66E3
:104E70000C00090014770C0000000E780C000600EE
:104E8000197F0C00000006800C0000000B810C0054
:104E9000000009820C00010014840C00000006854B
:104EA0000C000700068E0C00020006920C00160093
:104EB00006AA0C00090006B50C0004000BBC0C008F
:104EC000000006BD0C00000009BE0C0000000BBF76
:104ED0000C00000009C00C0004000BC60C00000010
:104EE00009C70C00010009CA0C0001000BCC0C0022
:104EF000010009D50C00010006DD0C00010006E0F0
:104F00000C0001000BE20C0001000CE60C00090093
:104F100006F10C00010009F30C0000000B000D006D
:104F2000010009020D00010006040D000800060E34
:104F30000D00020006120D0028000B3B0D000100C1
:104F4000063D0D000000093E0D0002000B410D0062
:104F5000030009460D000200094A0D0002000B4D36
:104F60000D000000064E0D000000194F0D0000005E
:104F700006540D00020009570D0000000E580D00E8
:104F80000600065F0D0002000B620D0001000C66BA
:104F90000D0009000E700D00080019790D000000C9
:104FA000067A0D0005000B810D00000009820D003E
:104FB000010006850D001100069A0D00170006B3CA
:104FC0000D00080006BD0D00000006C00D00060023
:104FD0000BCA0D00000009CF0D0002000BD20D001E
:104FE00002000BD60D00000009D80D0007000CE6EA
:104FF0000D00090009F20D00010014F40D0000007D
:1050000006010E002F000B310E00000006320E00CC
:1050100001000B340E000600163F0E000000064093
:105020000E00050005460E0000000B470E000700AD
:10503000144F0E0000000C500E000900145A0E0010
:10504000010006810E00010006840E0000000686A5
:105050000E000400068C0E00170006A50E000000CE
:1050600006A70E0009000BB10E00000006B20E00EC
:1050700001000BB40E00080006BD0E00000006C0C3
:105080000E00040005C60E0000000BC80E0006004E
:105090000CD00E00090006DC0E00030006000F0015
:1050A000000019010F00020014040F000E00191374
:1050B0000F00000014140F00000019150F0002006B
:1050C0000B180F000100191A0F0005000C200F002B
:1050D00009000E2A0F00090019340F0000000B35DB
:1050E0000F00000019360F0000000B370F00000002
:1050F00019380F0000000B390F000000153A0F009F
:105100000000113B0F000000153C0F000000113D96
:105110000F000000093E0F00010006400F000700CD
:1051200006490F0023000B710F000D00097F0F00CF
:1051300000000B800F00040014850F0000000B8698
:105140000F00010006880F0004000B8D0F000A00FD
:105150000B990F00230019BE0F0007000BC60F00AC
:10516000000019C70F00050019CE0F00010014D070
:105170000F00040019D50F00030014D90F0001001F
:10518000060010002A00092B100001000B2D100052
:1051900003000931100000000B321000050009382F
:1051A000100000000B3910000100093B1000010045
:1051B0000B3D10000100063F100000000C401000E5
:1051C0000900144A10000500065010000500095699
:1051D000100001000B5810000100065A10000300D7
:1051E0000B5E100002000661100000000962100052
:1051F0000200066510000100096710000600066E37
:10520000100002000B7110000300067510000C0066
:105210000B82100000000983100001000B851000B4
:1052200001000987100005000B8D10000000068E9C
:1052300010000000098F100000000C901000090001
:10524000099A100002000B9D10000000199E10002A
:10525000010003A01000250003C71000000003CDCB
:105260001000000003D010002A0014FB1000000002
:1052700005FC1000000003FD1000020006001100F4
:105280004801064A120003000650120006000658A4
:1052900012000000065A12000300066012002800E7
:1052A000068A1200030006901200200006B21200C7
:1052B000030006B81200060006C01200000006C275
:1052C0001200030006C812000E0006D812003800B3
:1052D0000612130003000618130042000B5D1300B2
:1052E00002001460130008000E691300130006800A
:1052F00013000F0019901300090003A013005500BC
:1053000003F813000500100014000000060114004B
:105310006B02196D16000000146E16000000066F77
:10532000160010001C8016000000068116001900EF
:10533000159B16000000119C1600000006A0160028
:105340004A0014EB160002000DEE1600020006F1F2
:10535000160007000600170011000B1217000200CC
:10536000091517000000061F170012000B32170066
:105370000100093417000000143517000100064031
:10538000170011000B5217000100066017000C00F7
:10539000066E170002000B7217000100068017004E
:1053A00033000BB41700010009B6170000000BB75B
:1053B0001700060009BE170007000BC61700000003
:1053C00009C7170001000BC917000A0014D4170001
:1053D000020005D71700000014D81700020016DBE2
:1053E0001700000006DC170000000BDD17000000AE
:1053F0000CE0170009000EF0170009001400180057
:1054000005001006180000001407180003000B0B1D
:1054100018000200010E180000000B0F1800000019
:105420000C1018000900062018002200054318007F
:1054300000000644180034000680180004000B85A4
:10544000180001000687180021000BA918000000B1
:1054500006AA1800000006B0180045000600190052
:105460001E000B20190002000923190003000B275E
:105470001900010009291900020009301900010072
:105480000B32190000000933190005000B3919000F
:1054900002001940190000001444190001000C46D4
:1054A00019000900065019001D00067019000400BB
:1054B000068019002B0006B0190019000CD0190045
:1054C00009000EDA1900000019DE1900210006009B
:1054D0001A0016000B171A00010009191A00010022
:1054E0000B1B1A000000141E1A00010006201A00EF
:1054F000340009551A0000000B561A000000095725
:105500001A0000000B581A0006000B601A00000079
:1055100009611A0000000B621A00000009631A00FA
:1055200001000B651A000700096D1A0005000B73D6
:105530001A0009000B7F1A0000000C801A000900F5
:105540000C901A00090014A01A00060005A71A0002
:10555000000014A81A0005000BB01A000D000ABEC6
:105560001A0000000BBF1A000F000B001B00030005
:1055700009041B00000006051B002E000B341B0055
:10558000000009351B0000000B361B000400093B1E
:105590001B0000000B3C1B000000093D1B00040029
:1055A0000B421B00000009431B00010006451B00C5
:1055B00007000C501B000900145A1B00060019615B
:1055C0001B0009000B6B1B00080019741B0008006E
:1055D000147D1B0001000B801B00010009821B00D1
:1055E000000006831B001D0009A11B0000000BA288
:1055F0001B00030009A61B0001000BA81B000100F3
:1056000009AA1B0000000BAB1B00020006AE1B002A
:1056100001000CB01B00090006BA1B002B000BE6B2
:105620001B00000009E71B0000000BE81B00010045
:1056300009EA1B0002000BED1B00000009EE1B0035
:1056400000000BEF1B00020009F21B00010014FC1C
:105650001B00030006001C00230009241C00070097
:105660000B2C1C00070009341C0001000B361C0029
:105670000100143B1C0004000C401C000900064DF6
:105680001C0002000C501C000900065A1C001D00E2
:1056900005781C000500147E1C00010003801C001E
:1056A000080003901C002A0003BD1C00020014C067
:1056B0001C0007000BD01C00020014D31C000000CB
:1056C0000BD41C000C0009E11C0000000BE21C00C4
:1056D000060006E91C0003000BED1C00000006EEAE
:1056E0001C0005000BF41C00000006F51C00010066
:1056F00009F71C0000000BF81C00010006FA1C0052
:10570000000004001D002B00052C1D003E00046B52
:105710001D000C0005781D00000003791D0000002D
:10572000047A1D000200037D1D000000047E1D00A0
:105730000F00038E1D000000048F1D000B00059B51
:105740001D0024000BC01D003F0003001E0095003B
:1057500004961E000400039B1E000000049C1E0013
:105760000100039E1E000000049F1E00000003A015
:105770001E00750003181F00050003201F002500F0
:1057800003481F00050004501F00000003511F00C4
:10579000000004521F00000003531F0000000454C7
:1057A0001F00000003551F00000004561F000000EA
:1057B00003571F00000003591F000000035B1F0078
:1057C0000000035D1F000000035F1F001E00038038
:1057D0001F00070007881F00070003901F00070035
:1057E00007981F00070003A01F00070007A81F005D
:1057F000070003B01F00010004B21F00000003B344
:105800001F00000004B41F00000004B61F000100C8
:1058100003B81F00030007BC1F00000017BD1F00D6
:10582000000003BE1F00000017BF1F00020004C2DB
:105830001F00000003C31F00000004C41F0000007D
:1058400004C61F00010003C81F00030007CC1F008F
:10585000000017CD1F00020003D01F00010004D27A
:105860001F00010004D61F00010003D81F00030021
:1058700017DD1F00020003E01F00010004E21F000B
:10588000020003E51F00000004E61F00010003E81A
:105890001F00040017ED1F00020004F21F000000AB
:1058A00003F31F00000004F41F00000004F61F00B3
:1058B000010003F81F00030007FC1F00000017FD94
:1058C0001F0001001C0020000A00010B2000040042
:1058D00010102000050014162000010013182000ED
:1058E0000000121920000000151A20000000131BF0
:1058F00020000100121D20000000151E20000000E5
:10590000131F200000001420200007001A28200088
:1059100000001B2920000000012A200004001C2F89
:10592000200000001430200008001339200000007F
:10593000123A20000000143B200003000F3F20001B
:105940000100144120000200184420000000154509
:1059500020000000114620000000144720000A002B
:105960001852200000001453200000000F542000A3
:1059700000001455200009001C5F20000000016099
:10598000200004000166200009000E7020000000C5
:105990000571200000000E7420000500187A200018
:1059A0000200157D20000000117E20000000057F10
:1059B000200000000E8020000900188A200002004C
:1059C000158D20000000118E2000000005902000A1
:1059D0000C0016A0200020000BD020000C000ADDD7
:1059E000200003000BE1200000000AE2200002007A
:1059F0000BE520000B001900210001000802210026
:105A00000000190321000300080721000000190805
:105A100021000100040A21000000080B21000200FF
:105A2000040E2100010008102100020004132100CF
:105A300000001914210000000815210000001916AB
:105A4000210001001818210000000819210004009D
:105A5000191E21000500082421000000192521003D
:105A6000000003262100000019272100000008285B
:105A700021000000192921000000032A2100010053
:105A8000082C21000100192E21000000042F210004
:105A9000000008302100010003322100000008331B
:105AA000210000000434210000000635210003001D
:105AB000043921000000193A21000100043C2100B2
:105AC0000100083E210001001840210004000845A3
:105AD00021000000044621000300194A21000000B3
:105AE000184B21000000194C21000100034E210039
:105AF0000000194F210000000E5021000F000D6022
:105B0000210022000383210001000D8521000300F4
:105B10000E8921000000198A21000100189021003F
:105B20000400199521000400189A21000100199C15
:105B30002100030018A02100000019A1210001008C
:105B400018A32100000019A42100010018A62100BB
:105B5000000019A72100060018AE2100000019AFAF
:105B600021001E0018CE2100010019D021000100E3
:105B700018D22100000019D32100000018D4210000
:105B8000000019D521001E0018F421000B01190096
:105B9000230007001508230000001109230000005E
:105BA000150A23000000110B23000000190C23002C
:105BB00013001820230001001922230006001529D4
:105BC00023000000112A23000000192B230050009D
:105BD000187C23000000197D23001D00189B230062
:105BE000180019B42300270018DC2300050019E26F
:105BF00023004400194024000A000E6024003B00EA
:105C0000199C24004D000EEA2400150019002500FF
:105C1000B60018B72500000019B82500080018C103
:105C20002500000019C22500350018F825000700DE
:105C3000190026006E00186F26000000197026005B
:105C4000F700156827000000116927000000156A99
:105C500027000000116B27000000156C27000000D2
:105C6000116D27000000156E27000000116F27003E
:105C70000000157027000000117127000000157248
:105C80002700000011732700000015742700000092
:105C90001175270000000E7627001D0019942700BB
:105CA0002B0018C02700040015C52700000011C6EE
:105CB0002700000018C727001E0015E62700000077
:105CC00011E72700000015E82700000011E9270070
:105CD000000015EA2700000011EB2700000015EC7A
:105CE0002700000011ED2700000015EE270000003E
:105CF00011EF2700000018F027000F0019002800FE
:105D0000FF0018002900820015832900000011847B
:105D100029000000158529000000118629000000D7
:105D20001587290000001188290000001589290025
:105D30000000118A29000000158B29000000118C39
:105D400029000000158D29000000118E2900000097
:105D5000158F2900000011902900000015912900DD
:105D600000001192290000001593290000001194F1
:105D70002900000015952900000011962900000057
:105D80001597290000001198290000001899290092
:105D90003E0015D82900000011D92900000015DAAD
:105DA0002900000011DB2900000018DC29001F0079
:105DB00015FC2900000011FD2900000018FE290033
:105DC000010119002B002F0018302B001400194579
:105DD0002B00010018472B000500194D2B00260051
:105DE00019762B001F0019972B00680003002C0068
:105DF000700004712C00000003722C000100047478
:105E00002C00000003752C00010004772C00040016
:105E1000057C2C000100037E2C00650004E42C00AE
:105E2000000019E52C00050003EB2C0003000BEF2C
:105E30002C00020003F22C00010014F92C000300D6
:105E40000EFD2C00000014FE2C00010003002D00AC
:105E5000250003272D000000032D2D000000063033
:105E60002D003700056F2D00000014702D0000007C
:105E70000B7F2D00000006802D00160006A02D00CF
:105E8000060006A82D00060006B02D00060006B884
:105E90002D00060006C02D00060006C82D000600D5
:105EA00006D02D00060006D82D0006000BE02D00C0
:105EB0001F0014002E00010013022E000000120328
:105EC0002E00000013042E00000012052E0000001A
:105ED00014062E00020013092E000000120A2E00E4
:105EE0000000140B2E000000130C2E000000120DF9
:105EF0002E000000140E2E00080010172E000000C7
:105F000014182E000100101A2E000000141B2E0081
:105F10000000131C2E000000121D2E000000141E95
:105F20002E00010013202E00000012212E00000080
:105F300015222E00000011232E00000015242E0033
:105F4000000011252E00000015262E00000011274C
:105F50002E00000015282E00000011292E00000040
:105F6000142A2E000400052F2E00000014302E00ED
:105F70000900103A2E000100143C2E0003001040CE
:105F80002E00000014412E00000015422E000000DB
:105F900014432E000C0019502E00010014522E0044
:105FA000020015552E00000011562E000000155756
:105FB0002E00000011582E00000015592E00000080
:105FC000115A2E000000155B2E000000115C2E00FF
:105FD0000000105D2E00000019802E001900199B92
:105FE0002E00580019002F00D50019F02F000B00CB
:105FF0001C003000000014013000020019043000C1
:1060000000000505300000000606300000000D0706
:1060100030000000150830000000110930000000B9
:10602000150A30000000110B30000000150C300084
:106030000000110D30000000150E30000000110F9F
:106040003000000015103000000011113000000079
:106050001912300001001514300000001115300035
:106060000000151630000000111730000000151850
:1060700030000000111930000000151A3000000037
:10608000111B30000000101C30000000151D3000F6
:106090000000111E300001001920300000000D2109
:1060A000300008000B2A30000300092E30000100E8
:1060B0001030300000000531300004001936300087
:1060C00001000D3830000200053B30000000063CA6
:1060D00030000000143D30000000193E3000010087
:1060E0000641300055000B9930000100179B30002D
:1060F0000100059D30000100069F3000000010A047
:106100003000000006A13000590014FB30000000F0
:1061100005FC3000020006FF3000000006053100DB
:106120002A00063131005D001990310001000E9205
:106130003100030019963100090006A031001F004C
:1061400019C03100230006F031000F0019003200A1
:106150001E000E2032000900192A32001D000E48D0
:10616000320007001950320000000E5132000E00BC
:10617000196032001F000E8032000900198A3200B7
:1061800026000EB132000E0019C032003F01060099
:106190003400BF1919C04D003F0006004E001452D4
:1061A0000515A00000000616A00076041990A400B2
:1061B000360006D0A400270005F8A400050014FE50
:1061C000A40001000600A5000B01050CA6000000BC
:1061D000140DA60002000610A6000F000C20A60059
:1061E0000900062AA60001000340A6002D00066E45
:1061F000A60000000B6FA60000000A70A6000200B7
:106200001473A60000000B74A6000900147EA600FB
:106210000000057FA60000000380A6001B00059C6F
:10622000A60001000B9EA600010006A0A6004500E6
:106230000DE6A60009000BF0A600010014F2A6006E
:1062400005001700A70016000517A7000800172073
:10625000A70001000322A7000D000430A7000100E1
:106260000332A7003D000570A70000000471A700DD
:1062700007000379A7000E000588A7000000178912
:10628000A7000100038BA7000200048EA7000000F6
:10629000068FA70000000390A70004000495A70044
:1062A00000000396A700180004AFA700000003B089
:1062B000A7001A0003D0A700010004D3A700000024
:1062C00004D5A700000003D6A700030005F2A7002D
:1062D000020003F5A700010006F7A700000005F87B
:1062E000A700010004FAA700000006FBA7000600B3
:1062F0000B02A80000000603A80002000B06A8007D
:1063000000000607A80003000B0BA8000000060C05
:10631000A80016000923A80001000B25A800010011
:106320000927A80000001928A80003000B2CA800CA
:1063300000000E30A80005001936A800010016382C
:10634000A80000001939A80000000640A80033008A
:106350001474A80003000980A80001000682A800A8
:10636000310009B4A8000F000BC4A800010014CE2E
:10637000A80001000CD0A80009000BE0A800110043
:1063800006F2A800050014F8A800020006FBA80009
:10639000000014FCA800000006FDA80001000BFF8F
:1063A000A80000000C00A9000900060AA9001B00B3
:1063B0000B26A9000700142EA90001000630A90031
:1063C00016000B47A9000A000952A9000100145F3A
:1063D000A90000000660A9001C000B80A9000200B3
:1063E0000983A90000000684A9002E000BB3A900B0
:1063F000000009B4A90001000BB6A900030009BA06
:10640000A90001000BBCA900010009BEA9000200FF
:1064100014C1A9000C0005CFA90000000CD0A900F0
:10642000090014DEA900010006E0A90004000BE544
:10643000A900000005E6A900000006E7A900080081
:106440000CF0A900090006FAA90004000600AA0041
:1064500028000B29AA000500092FAA0001000B3112
:10646000AA0001000933AA0001000B35AA000100AF
:106470000640AA0002000B43AA0000000644AA003E
:1064800007000B4CAA000000094DAA0000000C50A8
:10649000AA000900145CAA0003000660AA000F000D
:1064A0000570AA0000000671AA0005001977AA006D
:1064B0000200067AAA000000097BAA0000000B7CFB
:1064C000AA000000097DAA000000067EAA00310093
:1064D0000BB0AA00000006B1AA0000000BB2AA008F
:1064E000020006B5AA0001000BB7AA00010006B918
:1064F000AA0004000BBEAA00010006C0AA0000000A
:106500000BC1AA00000006C2AA00000006DBAA0018
:10651000010005DDAA00000014DEAA00010006E06B
:10652000AA000A0009EBAA0000000BECAA00010077
:1065300009EEAA00010014F0AA00010006F2AA0068
:10654000000005F3AA00010009F5AA0000000BF6FF
:10655000AA0000000601AB0005000609AB0005001B
:106560000611AB0005000620AB0006000628AB00B4
:1065700006000430AB0022000353AB0000000454BB
:10658000AB000600175BAB000000055CAB0003002E
:106590000460AB0008000569AB000000176AAB009F
:1065A00001000370AB004F0006C0AB00220009E3FE
:1065B000AB0001000BE5AB00000009E6AB000100F9
:1065C0000BE8AB00000009E9AB00010014EBAB00E5
:1065D000000009ECAB0000000BEDAB0000000CF07C
:1065E000AB0009000600AC00A32B06B0D7001600D4
:1065F00006CBD70030000200D800FF070600F900E4
:106600006D010670FA0069000400FB000600041327
:10661000FB000400061DFB0000000B1EFB00000039
:10662000061FFB0009001829FB000000062AFB00DA
:106630000C000638FB000400063EFB00000006408C
:10664000FB0001000643FB0001000646FB006B0057
:1066500017B2FB00100006D3FB006A01113EFD00DB
:106660000000153FFD0000001940FD000F0006501E
:10667000FD003F000692FD00350019CFFD0000002F
:1066800006F0FD000B0016FCFD00000019FDFD00EA
:1066900002000B00FE000F001410FE00060015178C
:1066A000FE0000001118FE0000001419FE0000009A
:1066B0000B20FE000F001430FE0000001031FE0021
:1066C00001000F33FE0001001535FE0000001136F9
:1066D000FE0000001537FE0000001138FE0000002B
:1066E0001539FE000000113AFE000000153BFE00C7
:1066F0000000113CFE000000153DFE000000113EB0
:10670000FE000000153FFE0000001140FE000000EA
:106710001541FE0000001142FE0000001543FE007E
:1067200000001144FE0000001445FE000100154762
:10673000FE0000001148FE0000001449FE000300A6
:106740000F4DFE0002001450FE0002001454FE0023
:1067500003001058FE0000001559FE000000115AF9
:10676000FE000000155BFE000000115CFE00000052
:10677000155DFE000000115EFE000000145FFE00CB
:1067800002001862FE0000001063FE0000001864A2
:10679000FE0002001468FE0000001669FE00000002
:1067A000146AFE0001000670FE0004000676FE007A
:1067B000860001FFFE0000001401FF000200160425
:1067C000FF0000001405FF0002001508FF00000094
:1067D0001109FF000000140AFF000000180BFF0061
:1067E0000000140CFF000000100DFF000000140E4C
:1067F000FF0001000C10FF000900141AFF00010047
:10680000181CFF000200141FFF0001000321FF00FD
:106810001900153BFF000000143CFF000000113D73
:10682000FF000000173EFF0000000F3FFF000000C8
:106830001740FF0000000341FF001900155BFF0037
:106840000000185CFF000000115DFF000000185EF2
:10685000FF000000155FFF0000001160FF00000056
:106860001461FF0000001562FF0000001163FF00CB
:1068700000001464FF0001000666FF0009000570B7
:10688000FF0000000671FF002C00059EFF000100C4
:1068900006A0FF001E0006C2FF00050006CAFF009A
:1068A000050006D2FF00050006DAFF00020016E030
:1068B000FF00010018E2FF00000017E3FF000000E6
:1068C00019E4FF00000016E5FF00010019E8FF00D1
:1068D000000018E9FF00030019EDFF00010001F9B5
:1068E000FF00020019FCFF000100060000010B0080
:1068F000060D00011900062800011200063C0001E7
:106900000100063F00010E00065000010D00068048
:1069100000017A001400010102000E0701012C00A1
:106920001937010108000D40010134000E75010105
:1069300003001979010110000E8A01010100198C70
:1069400001010200199001010C0019A001010000D1
:1069500019D001012C000BFD01010000068002018D
:106960001C0006A0020130000BE0020100000EE155
:1069700002011A00060003011F000E20030103009C
:10698000062D030113000D4103010000064203011F
:1069900007000D4A030100000650030125000B7695
:1069A00003010400068003011D00149F0301000081
:1069B00006A00301230006C80301070014D0030149
:1069C00000000DD103010400030004014F00065034
:1069D00004014D000CA00401090003B004012300D0
:1069E00003D8040123000600050127000630050135
:1069F0003300146F05010000037005010A00037CD9
:106A000005010E00038C0501060003940501010039
:106A1000039705010A0003A305010E0003B3050156
:106A2000060003BB05010100060006013601064011
:106A30000701150006600701070005800701050032
:106A400005870701290005B20701080006000801B3
:106A50000500060808010000060A08012B00063799
:106A600008010100063C08010000063F080116006D
:106A70001457080100000E580801070006600801BD
:106A800016001977080101000E790801060006803A
:106A900008011E000EA70801080006E00801120008
:106AA00006F4080101000EFB0801040006000901BC
:106AB00015000E1609010500141F0901000006202B
:106AC00009011900143F090100000680090137007F
:106AD0000EBC0901010006BE090101000EC009013A
:106AE0000F000ED209012D0006000A0100000B0163
:106AF0000A0102000B050A0101000B0C0A01030048
:106B000006100A01030006150A01020006190A010F
:106B10001C000B380A0102000B3F0A0100000E4066
:106B20000A01080014500A01080006600A011C004E
:106B30000E7D0A010100147F0A01000006800A018F
:106B40001C000E9D0A01020006C00A01070019C8B8
:106B50000A01000006C90A011B000BE50A01010039
:106B60000EEB0A01040014F00A01060006000B01F6
:106B7000350014390B01060006400B0115000E58B4
:106B80000B01070006600B0112000E780B010700D5
:106B900006800B01110014990B0103000EA90B01D3
:106BA000060006000C01480003800C01320003C0FF
:106BB0000C0132000EFA0C01050006000D01230045
:106BC0000B240D0103000C300D0109000E600E01B5
:106BD0001E0006800E0129000BAB0E01010010AD56
:106BE0000E01000006B00E0101000BFD0E010200B7
:106BF00006000F011C000E1D0F01090006270F01E2
:106C0000000006300F0115000B460F010A000E515F
:106C10000F01030014550F01040006700F0111004D
:106C20000B820F01030014860F01030006B00F0151
:106C300014000EC50F01060006E00F011600090042
:106C4000100100000B0110010000090210010000FA
:106C50000603100134000B3810010E001447100118
:106C600006000E52100113000C66100109000B7093
:106C7000100100000671100101000B7310010100EA
:106C80000675100100000B7F10010200098210013F
:106C90000000068310012C0009B0100102000BB3A4
:106CA0001001030009B7100101000BB91001010028
:106CB00014BB1001010001BD1001000014BE100141
:106CC00003000BC21001000001CD1001000006D02E
:106CD000100118000CF0100109000B001101020056
:106CE0000603110123000B2711010400092C1101D7
:106CF00000000B2D110107000C3611010900144092
:106D000011010300064411010000094511010100B1
:106D10000647110100000650110122000B731101FA
:106D200000001474110101000676110100000B80AF
:106D300011010100098211010000068311012F00D9
:106D400009B3110102000BB61101080009BF1101BE
:106D5000010006C11101030014C5110103000BC994
:106D60001101030014CD1101000009CE1101000032
:106D70000BCF110100000CD01101090006DA11013E
:106D8000000014DB1101000006DC1101000014DD1D
:106D9000110102000EE111011300060012011100A1
:106DA000061312011800092C120102000B2F120108
:106DB00002000932120101000B34120100000935F2
:106DC000120100000B3612010100143812010500F7
:106DD0000B3E12010000063F120101000B4112019F
:106DE0000000068012010600068812010000068AD3
:106DF00012010300068F12010E00069F1201090006
:106E000014A91201000006B012012E000BDF1201BE
:106E1000000009E0120102000BE3120107000CF070
:106E2000120109000B001301010009021301010006
:106E3000060513010700060F1301010006131301D5
:106E40001500062A1301060006321301010006355B
:106E5000130104000B3B13010100063D1301000068
:106E6000093E130101000B40130100000941130109
:106E70000300094713010100094B130102000650EA
:106E800013010000095713010000065D13010400FF
:106E90000962130101000B66130106000B70130158
:106EA00004000600140134000935140102000B38F7
:106EB000140107000940140101000B4214010200F3
:106EC0000945140100000B46140100000647140197
:106ED0000300144B140104000C5014010900145A4F
:106EE00014010100145D140100000B5E1401000088
:106EF000065F14010200068014012F0009B014017E
:106F000002000BB31401050009B9140100000BBA0B
:106F10001401000009BB140103000BBF14010100A0
:106F200009C1140100000BC21401010006C41401C0
:106F3000010014C61401000006C7140100000CD0A3
:106F400014010900068015012E0009AF1501020089
:106F50000BB21501030009B8150103000BBC1501A4
:106F6000010009BE150100000BBF1501010014C18D
:106F70001501160006D8150103000BDC15010100F0
:106F8000060016012F000930160102000B3316010E
:106F90000700093B160101000B3D16010000093EE8
:106FA000160100000B3F16010100144116010200FA
:106FB0000644160100000C50160109001460160169
:106FC0000C00068016012A000BAB1601000009AC6C
:106FD000160100000BAD1601000009AE16010100FC
:106FE0000BB01601050009B6160100000BB716011B
:106FF000000006B81601000014B9160100000CC00C
:1070000016010900060017011A000B1D17010200E6
:107010000920170101000B2217010300092617019F
:1070200000000B27170104000C30170109000E3A6D
:1070300017010100143C17010200193F170100005D
:10704000064017010600060018012B00092C180144
:1070500002000B2F180108000938180100000B3935
:1070600018010100143B1801000003A018013F00A3
:107070000CE0180109000EEA1801080006FF1801CB
:107080000700060919010000060C19010700061582
:10709000190101000618190117000930190105002E
:1070A0000937190101000B3B19010100093D1901C4
:1070B00000000B3E19010000063F190100000940C5
:1070C00019010000064119010000094219010000E0
:1070D0000B43190100001444190102000C5019015E
:1070E000090006A01901070006AA1901260009D106
:1070F000190102000BD4190103000BDA1901010078
:1071000009DC190103000BE01901000006E1190177
:10711000000014E21901000006E31901000009E46F
:107120001901000006001A0100000B011A010900F4
:10713000060B1A0127000B331A01050009391A0141
:107140000000063A1A0100000B3B1A010300143F2D
:107150001A0107000B471A01000006501A0100002F
:107160000B511A01050009571A0101000B591A01A8
:107170000200065C1A012D000B8A1A010C00099707
:107180001A0100000B981A010100149A1A0102005A
:10719000069D1A010000149E1A01040006B01A018F
:1071A000480014001B01090006001C010800060A23
:1071B0001C012400092F1C0100000B301C010600DB
:1071C0000B381C010500093E1C0100000B3F1C018F
:1071D000000006401C01000014411C0104000C507A
:1071E0001C0109000E5A1C01120014701C01010040
:1071F00006721C011D000B921C01150009A91C013F
:1072000000000BAA1C01060009B11C0100000BB212
:107210001C01010009B41C0100000BB51C01010098
:1072200006001D01060006081D010100060B1D01D8
:1072300025000B311D0105000B3A1D0100000B3C20
:107240001D0101000B3F1D01060006461D01000047
:107250000B471D0100000C501D01090006601D01B7
:10726000050006671D010100066A1D011F00098A4D
:107270001D0104000B901D01010009931D01010077
:107280000B951D01000009961D0100000B971D01C3
:10729000000006981D0100000CA01D01090006E079
:1072A0001E0112000BF31E01010009F51E01010071
:1072B00014F71E0101000B001F01010006021F014F
:1072C000000009031F01000006041F010C00061244
:1072D0001F01210009341F0101000B361F010400AA
:1072E000093E1F0101000B401F01000009411F0161
:1072F00000000B421F01000014431F010C000C5042
:107300001F01090006B01F0100000EC01F0114007C
:1073100019D51F01070016DD1F01030019E11F0128
:10732000100014FF1F0100000600200199030D004A
:1073300024016E0014702401040006802401C3009F
:1073400006902F01600014F12F01010006003001AA
:107350002F04013034010F000B40340100000641BE
:10736000340105000B4734010E00060044014602BB
:1073700006006801380206406A011E000C606A01BE
:107380000900146E6A01010006706A014E000CC00B
:107390006A01090006D06A011D000BF06A010400B1
:1073A00014F56A01000006006B012F000B306B0121
:1073B000060014376B010400193C6B010300054003
:1073C0006B01030014446B01000019456B010000C0
:1073D0000C506B0109000E5B6B01060006636B012C
:1073E0001400067D6B01120003406E013F000E8009
:1073F0006E01160014976E01030006006F014A002B
:107400000B4F6F01000006506F01000009516F0122
:1074100036000B8F6F01030005936F010C0005E030
:107420006F01010014E26F01000005E36F0100002D
:107430000BE46F01000009F06F010100060070010C
:10744000F71706008801D50406008D01080005F035
:10745000AF01030005F5AF01060005FDAF01010016
:107460000600B00122010632B10100000650B10150
:1074700002000655B10100000664B1010300067068
:10748000B1018B010600BC016A000670BC010C0052
:107490000680BC0108000690BC010900199CBC01D3
:1074A00000000B9DBC010100149FBC01000001A065
:1074B000BC0103000B00CF012D000B30CF011600E3
:1074C0001950CF0173001900D001F5001900D10146
:1074D00026001929D1013B000965D10101000B6784
:1074E000D1010200196AD1010200096DD101050024
:1074F0000173D10107000B7BD10107001983D10172
:1075000001000B85D1010600198CD1011D000BAAC9
:10751000D101030019AED1013C001900D201410094
:107520000B42D20102001945D20100000EC0D20167
:1075300013000EE0D20113001900D30156000E60B3
:10754000D30118000800D4011900041AD40119004D
:107550000834D4011900044ED40106000456D401A5
:1075600011000868D40119000482D4011900089C94
:10757000D4010000089ED401010008A2D40100003B
:1075800008A5D401010008A9D401030008AED40164
:10759000070004B6D401030004BBD401000004BDFD
:1075A000D401060004C5D4010A0008D0D401190092
:1075B00004EAD40119000804D50101000807D50127
:1075C0000300080DD50107000816D5010600041EAA
:1075D000D50119000838D5010100083BD501030089
:1075E0000840D50104000846D5010000084AD5012D
:1075F00006000452D5011900086CD5011900048653
:10760000D501190008A0D501190004BAD501190047
:1076100008D4D501190004EED50119000808D601D7
:1076200019000422D6011900083CD601190004569D
:10763000D60119000870D6011900048AD6011B0072
:1076400008A8D601180018C1D601000004C2D6014E
:10765000180018DBD601000004DCD601050008E2A2
:10766000D601180018FBD601000004FCD601180052
:107670001815D70100000416D7010500081CD70112
:1076800018001835D70100000436D7011800184F2C
:10769000D70100000450D70105000856D701180093
:1076A000186FD70100000470D70118001889D7019E
:1076B0000000048AD70105000890D701180018A916
:1076C000D701000004AAD701180018C3D701000091
:1076D00004C4D701050008CAD701000004CBD701B4
:1076E00000000CCED70131001900D801FF010B00BA
:1076F000DA0136001937DA0103000B3BDA013100F9
:10770000196DDA0107000B75DA0100001976DA014C
:107710000D000B84DA0100001985DA0101001487DD
:10772000DA0104000B9BDA0104000BA1DA010E0060
:107730000400DF010900060ADF010000040BDF017D
:1077400013000425DF0105000B00E00106000B0813
:10775000E00110000B1BE00106000B23E00101001B
:107760000B26E00104000530E0013D000B8FE00135
:1077700000000600E1012C000B30E1010600053796
:10778000E10106000C40E1010900064EE1010000A4
:10779000194FE10100000690E2011D000BAEE2016D
:1077A000000006C0E2012B000BECE20103000CF02C
:1077B000E201090016FFE201000006D0E4011A0010
:1077C00005EBE40100000BECE40103000CF0E40124
:1077D000090006E0E701060006E8E701030006ED00
:1077E000E701010006F0E7010E000600E801C40011
:1077F0000EC7E80108000BD0E80106000300E9010C
:1078000043000B44E9010600054BE90100000C5060
:10781000E9010900145EE90101000E71EC013A0072
:1078200019ACEC0100000EADEC01020016B0EC0149
:1078300000000EB1EC0103000E01ED012C00192E29
:10784000ED0100000E2FED010E000600EE01030019
:107850000605EE011A000621EE0101000624EE01E4
:1078600000000627EE0100000629EE01090006349B
:10787000EE0103000639EE010000063BEE010000B8
:107880000642EE0100000647EE0100000649EE0147
:107890000000064BEE010000064DEE01020006510D
:1078A000EE0101000654EE0100000657EE01000053
:1078B0000659EE010000065BEE010000065DEE01D8
:1078C0000000065FEE0100000661EE0101000664A3
:1078D000EE0100000667EE010300066CEE010600F3
:1078E0000674EE0103000679EE010300067EEE0148
:1078F00000000680EE010900068BEE01100006A1D3
:10790000EE01020006A5EE01040006ABEE01100038
:1079100018F0EE0101001900F0012B001930F00100
:10792000630019A0F0010E0019B1F0010E0019C199
:10793000F0010E0019D1F00124000E00F1010C003D
:10794000190DF101A00019E6F1011C001910F20156
:107950002B001940F20108001950F20101001960D2
:10796000F20105001900F301FA0017FBF30104000E
:107970001900F401D70219DCF601100019F0F60124
:107980000C001900F7017600197BF7015E0019E081
:10799000F7010B0019F0F70100001900F8010B00C6
:1079A0001910F80137001950F80109001960F801A1
:1079B00027001990F8011D0019B0F8010100190005
:1079C000F90153011960FA010D001970FA010C0058
:1079D0001980FA0108001990FA012D0019BFFA0167
:1079E000060019CEFA010D0019E0FA01080019F09D
:1079F000FA0108001900FB0192001994FB013600FE
:107A00000CF0FB01090006000002DFA60600A70239
:107A100039100640B702DD000620B802811606B014
:107A2000CE02301D0600F8021D02060000034A13B4
:107A3000065013035F100101000E00000120000E2C
:107A40005F000B00010EEF0030303030303030304E
:107A500030303030303030302020202020202020A6
:107A60002020202020202020FB21F93FFB2109405D
:107A70007CD91240FB2119407A6A1F407CD92240F0
:107A8000BBFD2540FB2129403A462C407A6A2F4015
:107A90005C4731407CD932409C6B3440BBFD354063
:107AA000DB8F3740FB2139401BB43A403A463C401B
:107AB0005AD83D407A6A3F404C7E40405C47414046
:107AC0006C1042407CD942408CA243409C6B4440A5
:107AD000AC344540BBFD4540CBC64640DB8F4740FC
:107AE000EB584840FB21494083F9A200444E6E0008
:107AF000FC291500D1572700DD34F50062DBC000FA
:107B00003C999500419043006351FE00BBDEAB0001
:107B1000B761C5003A6E2400D24D42004906E0002C
:107B200009EA2E001C92D100EB1DFE0029B11C00B9
:107B3000E83EA700F535820044BB2E009CE9840096
:107B4000B4267000417E5F00D6913900538339001E
:107B50009CF439008B5F840028F9BD00F81F3B00BE
:107B6000DEFF97000F980500112FEF000A5A8B00D7
:107B70006D1F6D00CF7E360009CB2700464FB70042
:107B80009E663F002DEA5F00BA277500E5EBC7004F
:107B90003D7BF100F739070092528A00FB6BEA0047
:107BA0001FB15F00085D8D00300356007BFC46006E
:107BB000F0AB6B0020BCCF0036F49A00E3A91D00A7
:107BC0005E619100081BE60085996500A0145F00C6
:107BD0008D40680080D8FF0027734D0006063100F5
:107BE000CA561500C9A873007BE260006B8CC00008
:107BF00000000040FB21F93F000000002D44743ECE
:107C0000000000809846F83C0000006051CC783BB2
:107C100000000080831BF0390000004020257A38E6
:107C2000000000802282E336000000001DF3693569
:107C30000200000003000000040000000600000035
:107C40003E410C4111412741364103410641154156
:107C50000F410E41264113412941024119410A4178
:107C60000B4100001000000000000000017A5200EB
:107C7000027C0E011B0C0D00140000001800000017
:107C8000DC44FEFFEC00000000024D0A430B000044
:107C900000000000F8B500BFF8BC08BC9E46704765
:107CA000F8B500BFF8BC08BC9E46704725C300006D
:107CB000D50400008D340000CD580000A1860000DE
:107CC00095A50000B1040000AB8600009FA5000050
:107CD000F5AE000039B10000000000000000000017
:087CE0001088FD7F0100000087
:107CF0000000000080651406806514068065140687
:107D00006019850180651406806514068065140677
:107D10008C080020797A6166706E756D006B4D4736
:107D20005450455A5900000064F401000A0A4553B2
:107D3000432D46534D3E200064F4010000000050E6
:107D400064F401002AED00E029ED00E038ED00E0E8
:107D500028ED00E034ED00E028ED00E02CED00E03F
:107D600008E000E00CED00E064F401000000000019
:107D70008065140600000000000000000300000001
:107D8000185E00209800002000000000185E00200F
:107D9000805E0020E85E002000000000000000007F
:107DA00000000000000000000000000000000000D3
:107DB00000000000000000000000000000000000C3
:107DC00000000000000000000000000000000000B3
:107DD00000000000000000000000000000000000A3
:107DE0000000000000000000000000000000000093
:107DF0000000000000000000000000000000000083
:107E00000000000000000000000000000000000072
:107E10000000000000000000000000000000000062
:107E200001000000000000000E33CDAB34126DE6FF
:107E3000ECDE05000B000000000000000000000068
:107E40000000000000000000000000000000000032
:107E50000000000000000000000000000000000022
:107E60000000000000000000000000000000000012
:107E70000000000000000000000000000000000002
:107E800000000000000000000000000000000000F2
:107E900000000000000000000000000000000000E2
:107EA00000000000000000000000000000000000D2
:107EB00000000000000000000000000000000000C2
:107EC0000000000000000000705F0020FFFFFFFFC7
:107ED00000000200000000000000000000000000A0
:107EE000E8010020E8010020F0010020F00100205E
:107EF000F8010020F801002000020020000200200C
:107F000008020020080200201002002010020020B9
:107F10001802002018020020200200202002002069
:107F20002802002028020020300200203002002019
:107F300038020020380200204002002040020020C9
:107F40004802002048020020500200205002002079
:107F50005802002058020020600200206002002029
:107F600068020020680200207002002070020020D9
:107F70007802002078020020800200208002002089
:107F80008802002088020020900200209002002039
:107F90009802002098020020A0020020A0020020E9
:107FA000A8020020A8020020B0020020B002002099
:107FB000B8020020B8020020C0020020C002002049
:107FC000C8020020C8020020D0020020D0020020F9
:107FD000D8020020D8020020E0020020E0020020A9
:107FE000E8020020E8020020F0020020F002002059
:107FF000F8020020F8020020000300200003002007
:1080000008030020080300201003002010030020B4
:108010001803002018030020200300202003002064
:108020002803002028030020300300203003002014
:1080300038030020380300204003002040030020C4
:108040004803002048030020500300205003002074
:108050005803002058030020600300206003002024
:1080600068030020680300207003002070030020D4
:108070007803002078030020800300208003002084
:108080008803002088030020900300209003002034
:108090009803002098030020A0030020A0030020E4
:1080A000A8030020A8030020B0030020B003002094
:1080B000B8030020B8030020C0030020C003002044
:1080C000C8030020C8030020D0030020D0030020F4
:1080D000D8030020D8030020E0030020E0030020A4
:1080E000E8030020E8030020F0030020F003002054
:1080F000F8030020F8030020000400200004002002
:1081000008040020080400201004002010040020AF
:10811000180400201804002020040020200400205F
:10812000280400202804002030040020300400200F
:1081300038040020380400204004002040040020BF
:10814000480400204804002050040020500400206F
:10815000580400205804002060040020600400201F
:1081600068040020680400207004002070040020CF
:10817000780400207804002080040020800400207F
:10818000880400208804002090040020900400202F
:108190009804002098040020A0040020A0040020DF
:1081A000A8040020A8040020B0040020B00400208F
:1081B000B8040020B8040020C0040020C00400203F
:1081C000C8040020C8040020D0040020D0040020EF
:1081D000D8040020D8040020E0040020E00400209F
:1081E000E8040020E8040020F0040020F00400204F
:1081F000F8040020F80400200005002000050020FD
:1082000008050020080500201005002010050020AA
:10821000180500201805002020050020200500205A
:10822000280500202805002030050020300500200A
:1082300038050020380500204005002040050020BA
:10824000480500204805002050050020500500206A
:10825000580500205805002060050020600500201A
:1082600068050020680500207005002070050020CA
:10827000780500207805002080050020800500207A
:10828000880500208805002090050020900500202A
:108290009805002098050020A0050020A0050020DA
:1082A000A8050020A8050020B0050020B00500208A
:1082B000B8050020B8050020C0050020C00500203A
:1082C000C8050020C8050020D0050020D0050020EA
:1082D000D8050020D8050020E0050020E00500209A
:1082E000430000000000000000000000000000004B
:1082F000000000000000000000000000000000007E
:10830000000000000000000000000000000000006D
:10831000000000000000000000000000000000005D
:10832000000000000000000000000000000000004D
:10833000000000000000000000000000000000003D
:10834000000000000000000000000000000000002D
:10835000000000000000000000000000000000001D
:10836000000000000000000000000000000000000D
:1083700000000000000000000000000000000000FD
:1083800000000000000000000000000000000000ED
:1083900000000000000000000000000000000000DD
:1083A00000000000000000000000000000000000CD
:1083B00000000000000000000000000000000000BD
:1083C000000000000000000043000000000000006A
:1083D000000000000000000000000000000000009D
:1083E000000000000000000043000000000000004A
:1083F000000000000000000000000000000000007D
:108400000000000000000000430000000000000029
:10841000000000000000000000000000000000005C
:108420000000000000000000430000000000000009
:10843000000000000000000000000000000000003C
:1084400000000000000000004300000000000000E9
:10845000000000000000000000000000000000001C
:1084600000000000000000004300000000000000C9
:1084700000000000000000000000000000000000FC
:1084800000000000000000004300000000000000A9
:1084900000000000000000000000000000000000DC
:1084A00000000000000000007D4C0100E9250100F3
:1084B00000000000EC05020034080200C4090200BC
:1084C000C4090200C4090200C4090200C409020070
:1084D000C4090200C4090200C4090200C409020060
:1084E000FFFFFFFFFFFFFFFFFFFFFFFFFFFF00009A
:1084F0000100415343494900000000000000000012
:10850000000000000000000000000000000000006B
:1085100000004153434949000000000000000000F2
:10852000000000000000000000000000000000004B
:1085300000000000430000000000000000000000F8
:10854000000000000000000000000000000000002B
:10855000000000000000000000000000000000001B
:040000030000019167
:00000001FF
