:1000000000000120910100007F0300006105000055
:100010008303000073050000850500000000000058
:100020000000000000000000000000008903000044
:100030008B030000000000008D0300008F03000010
:100040009103000093030000950300009703000054
:10005000990300009B0300009D0300009F03000024
:10006000A1030000A3030000A5030000A7030000F4
:10007000A9030000AB030000AD030000AF030000C4
:10008000B1030000B3030000B5030000B703000094
:10009000B9030000BB030000BD030000BF03000064
:1000A000C1030000C3030000C5030000C703000034
:1000B000C9030000CB030000CD030000CF03000004
:1000C000D1030000D3030000D5030000D7030000D4
:1000D000D9030000DB030000DD030000DF030000A4
:1000E000E1030000E3030000E5030000E703000074
:1000F000E9030000EB030000ED030000EF03000044
:10010000F1030000F3030000F5030000F703000013
:10011000F9030000FB030000FD030000FF030000E3
:1001200001040000030400000504000007040000AF
:10013000090400000B0400000D0400000F0400007F
:10014000110400001304000015040000170400004F
:10015000190400001B0400001D0400001F0400001F
:1001600021040000230400002504000027040000EF
:10017000290400002B0400002D0400002F040000BF
:100180003104000033040000000000000000000003
:100190004FF0000BDFF8BE020068DFF8B612096806
:1001A00001F0030100F01C00142801D14BF0020BF8
:1001B000002901D04BF0010BBBF1000F05D0A7487F
:1001C000A749DFF8722200F09FF8A64880470BF09D
:1001D000020ABAF1000F0CD0DFF86E02DFF86E12DF
:1001E00002680B680FB44FF000024FF0FF0302608B
:1001F0000B609D484FF000024FF00103022808D128
:10020000DFF83A120A60DFF83E120A60DFF83212B5
:100210000B60012808D1DFF82A120A60DFF82612E5
:100220000A60DFF81A120B609048002809D1904844
:100230009049914A00F030F890489149914A00F075
:100240002BF891489149924A00F026F8914892493A
:10025000DFF8E22100F058F8BBF1000F10D08F4812
:100260008F49DFF8D62100F04FF80BF0020ABAF1FF
:10027000000F05D00FBC02600B6000BFAFF3008021
:10028000DFF820020FF2030E00474FF000004FF09E
:100290000001DFF814F2FEE72DE9F841884225D08D
:1002A000B2EB010200D5FEE740EA010313F00303BD
:1002B00002D000F01DF819E04FF000039046121133
:1002C000F7D09A421CBFF0C8F0C103F10103F8D186
:1002D00008F00F08B8F1000F08D004780C7000F196
:1002E000010001F10101B8F10108F6D1BDE8F88182
:1002F00008B54FF0000303780B7000F1010001F125
:100300000101013AF7D108BD884237D000F0030659
:10031000002E14D04FF00405A5EB06044FF008079B
:1003200007FB06F8914669FA08F9002C07D080F817
:10033000009069FA07F900F10100013CF5E74FF080
:1003400000060F46091A88460911914614461546BB
:10035000B14206D018BFA0E8340206F10106B1424E
:10036000F8D108F00F08B8F1000F07D002704FEA7B
:10037000322200F10100B8F10108F4E77047FEE70E
:10038000FEE7FEE7FEE7FEE7FEE7FEE7FEE7FEE745
:10039000FEE7FEE7FEE7FEE7FEE7FEE7FEE7FEE735
:1003A000FEE7FEE7FEE7FEE7FEE7FEE7FEE7FEE725
:1003B000FEE7FEE7FEE7FEE7FEE7FEE7FEE7FEE715
:1003C000FEE7FEE7FEE7FEE7FEE7FEE7FEE7FEE705
:1003D000FEE7FEE7FEE7FEE7FEE7FEE7FEE7FEE7F5
:1003E000FEE7FEE7FEE7FEE7FEE7FEE7FEE7FEE7E5
:1003F000FEE7FEE7FEE7FEE7FEE7FEE7FEE7FEE7D5
:10040000FEE7FEE7FEE7FEE7FEE7FEE7FEE7FEE7C4
:10041000FEE7FEE7FEE7FEE7FEE7FEE7FEE7FEE7B4
:10042000FEE7FEE7FEE7FEE7FEE7FEE7FEE7FEE7A4
:10043000FEE7FEE7704700000000A2A2A2A2008033
:100440000340088003401080034030800340348024
:1004500003403880034018080240000000F00020EC
:10046000000001209D0500000000000000000000C9
:10047000000000000000000090010000B004000037
:10048000B004000098A60200A0A602000000002010
:100490007008002070080020806500208065002022
:1004A00000F00020F5D700004DC80000000000005B
:1004B00010B5054C237833B9044B13B10448AFF39E
:1004C00000800123237010BD700800200000000090
:1004D00014A6020008B5034B1BB103490348AFF350
:1004E000008008BD000000007408002014A602006F
:1004F000A3F5803A704700BF154B002B08BF114B86
:100500009D46FFF7F5FF00218B460F461148124A22
:10051000121A0CF0A7FF0C4B002B00D098470B4B86
:10052000002B00D098470020002104000D000B484C
:100530000CF082FA0DF05EF9200029000CF086F92B
:100540000CF080FA0000080000000000000000002D
:1005500000000000700800208065002045D80000E1
:100560001EF0040F0CBFEFF30880EFF309800CF0CE
:1005700027B81EF0040F0CBFEFF30880EFF30980DB
:100580000CF068B81EF0040F0CBFEFF30880EFF317
:1005900009800CF08FB80138FDD1704780B500AFED
:1005A00000F0FAF8044B5B69034A43F400735361AB
:1005B000FFF740FF00BF80BD00ED00E080B588B0D0
:1005C00000AF314BD3F8983003F08063FB61FB69D7
:1005D000002B4ED12C4BD3F8983003F480537B6121
:1005E0007B69002B15D1294B294A1A60294B284ACF
:1005F0001A60294B264A1A60284B294A1A60294B4F
:10060000234A1A60284B224A1A60284B204A1A6053
:1006100036E0274A3B1D92E8030083E803001A4BAB
:10062000D3F89C309B0903F007033B613A1D3B69FB
:1006300013441B78FB73FB7B022B12D0022B14DCC0
:10064000002B02D0012B07D00FE000F035F8B86185
:10065000B86900F04FF813E04FF4004000F04AF89A
:100660000EE0144800F046F80AE0124800F042F8A4
:1006700006E000F021F8B861B86900F03BF8FFE748
:1006800000BF2037BD4680BD00800340040000202D
:1006900080651406080000200C00002010000020D7
:1006A0006019850114000020180000201C000020A3
:1006B000BCE5010040420F0080B483B000AF0A4B9C
:1006C000D3F8503103F004033B603B68002B02D1A8
:1006D000064B7B6001E0064B7B607B6818460C375D
:1006E000BD4680BC704700BF0080034040787D015C
:1006F00080F0FA0280B483B000AF78600C4A7B6867
:1007000013600C4A7B6813600B4A7B6813600B4BC9
:100710000B4A1A600B4A7B6813600B4A7B681360B4
:100720000A4A7B68136000BF0C37BD4680BC704727
:1007300004000020080000200C0000201000002011
:100740006019850114000020180000201C00002002
:1007500080B483B000AF0E4BD3F84C313B603B68A4
:100760004FF60202934204D03B680A4A934203D0F8
:1007700005E001237B6005E002237B6002E00023AB
:100780007B6000BF7B6818460C37BD4680BC704755
:100790000080034002F8010080B582B000AFFFF78F
:1007A000D7FF78607B68012B02D100F007F800E0EA
:1007B00000BF00BF0837BD4680BD000080B400AF59
:1007C000094BD3F89830084A43F48073C2F8983044
:1007D000054BD3F89830044A23F08063C2F8983070
:1007E00000BFBD4680BC70470080034080B483B02A
:1007F00000AF78604FF0FF3318460C37BD4680BC21
:10080000704780B584B000AFF860B9607A600CF0D2
:10081000EBFF03460C221A604FF0FF3318461037E7
:10082000BD4680BD80B483B000AF786000BFFDE7F7
:1008300080B500AF0CF0D8FF03460B221A604FF0D2
:10084000FF33184680BD80B483B000AF7860396054
:100850003B684FF400525A60002318460C37BD46DF
:1008600080BC704780B400AF01231846BD4680BCF1
:10087000704780B483B000AF7860012318460C370E
:10088000BD4680BC704780B582B000AF78603960EB
:100890000CF0AAFF034616221A604FF0FF331846E9
:1008A0000837BD4680BD80B582B000AF7860396042
:1008B0000CF09AFF03461F221A604FF0FF331846D0
:1008C0000837BD4680BD80B485B000AFF860B96020
:1008D0007A60002318461437BD4680BC704780B448
:1008E00085B000AFF860B9607A604FF0FF3318460A
:1008F0001437BD4680BC704780B485B000AFF86047
:10090000B9607A60002318461437BD4680BC704732
:1009100080B485B000AFF860B9607A603B600023B6
:1009200018461437BD4680BC7047000080B586B0BD
:1009300000AF78601F4B1B68002B02D11D4B1E4A75
:100940001A601C4B1B687B61EFF308833B61194BFA
:100950001B683A699A420FD9164B1A687B68134490
:100960003A699A421AD21923144A01210020FFF74A
:10097000CFFF0120FFF756FF114BFB600D4B1A68AC
:100980007B681344FA689A4208D219230D4A012160
:100990000020FFF7BDFF0120FFF744FF054B1A6859
:1009A0007B681344034A13607B6918461837BD46B9
:1009B00080BD00BF9008002080650020C4E50100D4
:1009C00000F00020E0E5010080B483B000AF786063
:1009D00039603B684FF400525A60002318460C37C8
:1009E000BD4680BC704780B483B000AF78604FF0E4
:1009F000FF3318460C37BD4680BC704780B582B0C7
:100A000000AF78600CF0F0FE034602221A604FF04F
:100A1000FF3318460837BD4680BD80B582B000AFB1
:100A200078600CF0E1FE03460A221A604FF0FF33B3
:100A300018460837BD4680BD2DE9B04384B000AFED
:100A400078607B68002298469146104BD3E90023DA
:100A500002FB09F008FB03F10144A8FB02454B1916
:100A60001D460B4A4FF00003204629461CF09AFA17
:100A700002460B4613460133FB60F868FFF78BFD17
:100A800000BF1037BD46BDE8B08300BF8000002026
:100A900040420F0080B582B000AF78607B684FF4B1
:100AA0007A7202FB03F31846FFF7C6FF00BF083750
:100AB000BD4680BD80B582B000AF78607B684FF4E2
:100AC0007A7202FB03F31846FFF7E4FF00BF083712
:100AD000BD4680BD80B485B000AF786039604FF00E
:100AE000FF33FB603B68BB6012E07B681B781A46F3
:100AF000FB681B0E53400B4A52F82320FB681B0275
:100B00005340FB607B6801337B60BB68013BBB608B
:100B1000BB68002BE9D1FB68DB4318461437BD46A0
:100B200080BC7047F4E5010080B500AF30480BF0A1
:100B300037FB304B1B6819462F480BF031FB2F4B0E
:100B40001B6819462E480BF02BFB2E4B1B681946D1
:100B50002D480BF025FB2D4B1B6819462C480BF03C
:100B60001FFB2C4B1B6819462B480BF019FB2B4B1A
:100B70001B6819462A480BF013FB2A4B1B681946C1
:100B800029480BF00DFB294B1B68194628480BF030
:100B900007FB284B1B68194627480BF001FB274B26
:100BA0001B68194626480BF0FBFA264B1B681946B2
:100BB00025480BF0F5FA254B1B68194624480BF025
:100BC000EFFA244B1B68194623480BF0E9FA234B34
:100BD0001B68194622480BF0E3FA224B1B681946A2
:100BE00021480BF0DDFA21480BF0DAFA00BF80BD96
:100BF000F4E90100000000000CEA0100900100008F
:100C00002CEA0100B004000048EA010098A60200A6
:100C100060EA010090A6020074EA010098A60200B2
:100C20008CEA010000000020A4EA01007008002006
:100C3000BCEA010070080020D0EA010080650020B5
:100C4000E8EA010080650020F8EA010000F00020D9
:100C500014EB010000F0002028EB0100000001204F
:100C600044EB01008065002058EB010068EB0100B7
:100C700080B584B000AFF860B9607A603B603B68D3
:100C800018687B68BA68F968984702463B681A603A
:100C90003B681B68002B02D14FF0FF3300E00023BC
:100CA00018461037BD4680BD80B586B000AFF860ED
:100CB000B9607A603B6014E0BB68102B28BF10233A
:100CC0007B613B687A687969F868FFF7D1FF034672
:100CD000002B02DA4FF0FF3307E0BA687B69D31AC2
:100CE000BB60BB68002BE7D1002318461837BD4610
:100CF00080BD000080B586B000AFF860B9607A6052
:100D00003B6000237B617B68002B0BD0BB68FA68DB
:100D100079683048FFF7C8FF0346002B02DA4FF02E
:100D2000FF3353E07A697B6813447B613B68002B97
:100D300012D03B6A002B0FD0BB68FA68396A38685A
:100D4000FFF796FF0346002B02DA4FF0FF333DE03A
:100D50007A693B6A13447B617B6A002B0BD0BB68CA
:100D6000FA68796A1C48FFF79FFF0346002B02DAF6
:100D70004FF0FF332AE07A697B6A13447B61FB6A98
:100D8000002B0BD0BB68FA68F96AB86AFFF770FFEE
:100D90000346002B02DA4FF0FF3317E07A69FB6A53
:100DA00013447B613B6B002B0BD0BB68FA68396B3B
:100DB0000848FFF779FF0346002B02DA4FF0FF33B4
:100DC00004E07A693B6B13447B617B6918461837F2
:100DD000BD4680BD6CEB010080EB010080B489B0A2
:100DE00000AFF860B9607A603B600023FB610023CC
:100DF000BB6100237B61FB689B681A46BB6893421A
:100E000005D2FB689B681A46BB68D31A7B61FB68F6
:100E10005B6803F00403002B02D07B69BB6101E037
:100E20007B69FB61FB685B6803F04003002B15D016
:100E3000FA69BB6913443B61FB685B6803F0040318
:100E4000002B0CBF01230023DBB21A463B6913447D
:100E50005B08FB613A69FB69D31ABB617B68002BB5
:100E600002D07B68FA691A603B68002B02D03B68AD
:100E7000BA691A6000BF2437BD4680BC70470000C5
:100E80002DE9B04FA0B000AFC7E912017A643B640E
:100E9000D7E91223C7E91C23D7E91C231446C3F35F
:100EA0001305C7E91845D7E91C234FF000004FF0A0
:100EB0000001180D00210346C3F30A03BB66D7E9FE
:100EC0001C234FF000004FF00001D80F0021034613
:100ED000FB66BA6E40F2FF739A4209D16FF000438D
:100EE000BB65FB6EFB65D7E91823C7E91423FFE058
:100EF000D7E9182313430DD1BB6E002B0AD1002371
:100F0000BB654FF000024FF00003C7E91423FB6EEE
:100F1000FB65EDE0FB6EFB65BB6E002B21D1012371
:100F2000BB664FF000024FF00003C7E91423002313
:100F3000BB650CE0D7E918239118B9615B41FB61EF
:100F4000D7E90623C7E91823BB6E013BBB66D7E987
:100F500018234FF0000A03F4002B5AEA0B03E9D0E0
:100F600006E075A3D3E90023C7E914230023BB657A
:100F700073A3D3E90023C7E91E23D7E918234FF051
:100F800000004FF00001190341EA12511003C7E9B4
:100F9000180131E0D7E91823002B0CDAD7E9140146
:100FA000D7E91E238418BC6341EB0303FB63D7E935
:100FB0000E34C7E91434D7E91823911839615B411D
:100FC0007B61D7E90423C7E91823D7E91E23511C05
:100FD000396343F100037B634FF000024FF00003DD
:100FE000D7E90C4521464A08204629460C4642EAE4
:100FF000C4724B08C7E91E23D7E918231343C9D18C
:10100000BB6EA3F2FF33BB6629E0D7E91423911826
:10101000B9605B41FB60D7E90223C7E91423D7E934
:10102000142341498A4241498B4115D3D7E91423FE
:10103000511DB96243F10003FB624FF00A024FF009
:101040000003D7E90A011BF0ADFF02460B46C7E9D2
:101050001423BB6D0133BB65BB6E013BBB66BB6E2E
:10106000002BD2DC41E0D7E9142331498A423149CF
:101070008B4120D2D7E9144522462B464FF0000081
:101080004FF00001990041EA9271900002460B4630
:1010900012EB040843EB050918EB08033B6049EB2E
:1010A00009037B60D7E9008942464B46C7E9142310
:1010B000BB6D013BBB65D7E91423511C396243F179
:1010C00000037B624FF000024FF00003D7E90845B0
:1010D00021464A08204629460C4642EAC4724B087B
:1010E000C7E91423BB6E0133BB66BB6E002BBADBB2
:1010F0007B6C002B02D0FA6D7B6C1A603B6C002B72
:1011000004D0D7E91423396CC1E90023D7F8A03003
:10111000002B03D0BA6DD7F8A0301A6000BF80371B
:10112000BD46BDE8B08F00BF0000C16FF28623004E
:1011300000008D49FD1A07000080C6A47E8D0300C3
:1011400000406352BFC6010080B586B000AFF860B2
:10115000C7E900233A6A7B6AD31A7B610EE0D7E9BC
:1011600000014FF00A024FF000031BF01BFF024684
:101170000B46C7E900237B69013B7B617B69002B40
:10118000EDDC7B6A7B6122E0D7E900014FF00A02C7
:101190004FF000031BF006FF13463B613B69DBB2D7
:1011A0003033D9B27B69013BFA6813444AB21A70F2
:1011B000D7E900014FF00A024FF000031BF0F2FEE6
:1011C00002460B46C7E900237B69013B7B617B69D3
:1011D000002BD9D17B6A18461837BD4680BD000068
:1011E00080B590B006AFF8607A603B600B46FB724A
:1011F00000237B6100233B613B6C6FF00042934214
:1012000015D1D7E90E23134311D097F90B30662B74
:1012100007D097F90B30652B03D097F90B30672B6C
:1012200002D12F4B3B6213E02E4B3B6210E097F94B
:101230000B30662B07D097F90B30652B03D097F94D
:101240000B30672B02D1284B3B6201E0274B3B62FE
:10125000386A0CF073FCF8613B6B002B02D0244B16
:101260007B6219E03B6B002B08D1FB685B6803F0E5
:101270000203002B02D01F4B7B620DE03B6B002B67
:1012800008D1FB685B6803F00103002B02D01A4B06
:101290007B6201E0194B7B62786A0CF04FFCB8610D
:1012A000FA69BB69D11807F1100307F11402F86855
:1012B000FFF794FD7A693B690493FB6903933B6AEA
:1012C000029300230193BB6900937B6A39687868B5
:1012D000FFF710FD034618462837BD4680BD00BF06
:1012E00094EB010098EB01009CEB0100A0EB0100E6
:1012F000A4EB0100A8EB0100ACEB0100B0EB010096
:101300002DE9B0438AB000AFF860B9607A603B6005
:1013100048A3D3E90023C7E908230023FB61BB6886
:101320001B68BB617B6C002B21D0BA693E4B83FBF1
:101330000231D317C91A0B465B000B44D31ABB61A9
:10134000BB69002B02DABB690333BB613B68002B2E
:101350000DD0BB681B68002BB8BF5B427B617B690B
:10136000182B04DD7B69183BBA691344BB613B68E9
:10137000002B0AD1BB69002B02DABB690133BB61C8
:10138000BB69002BB8BF5B42BB61BA697B68134481
:101390000133FB61FB6923EAE373FB610BE0D7E9EF
:1013A00008014FF00A024FF000031BF0FBFD02465C
:1013B0000B46C7E90823FB695A1EFA61002BEED1E0
:1013C000FB68D3E90001D7E90823841841EB030542
:1013D000FB68C3E90045FB68D3E9002313498A424F
:1013E00013498B4118D3FB68D3E9002312F1050898
:1013F00043F100094FF00A024FF00003404649460E
:101400001BF0D0FD02460B46F968C1E90023BB681A
:101410001B685A1CBB681A6000BF2837BD46BDE870
:10142000B08300BFAFF30080565555550000C16F23
:10143000F28623000080E03779C3110080B5AAB09E
:1014400006AFF8607A603B600B46FB720023C7F87A
:101450008C300023C7F884300023C7F88030002385
:10146000BB6100237B610023FB670023BB67002374
:101470007B6700233B670023FB660023BB660023DA
:10148000BB6500237B6500233B650023FB7497F954
:101490000B30672B03D097F90B30472B23D1012357
:1014A0007B65FB685B6823F02002FB685A60D7F815
:1014B000A83013F1040F05DBFB68DA68D7F8A83011
:1014C0009A4208DC97F90B30672B01D1652300E0C5
:1014D0004523FB7207E097F90B30672B01D1662398
:1014E00000E04623FB7297F90B30662B03D097F987
:1014F0000B30462B01D101233B65FB68DB68002BD9
:1015000002DAFB680622DA607B6D002B06D0FB68EE
:10151000DB68002B02D1FB680122DA60D7F8983033
:10152000002B03D0AB4BC7F888301EE0D7F89830BB
:10153000002B09D1FB685B6803F00203002B03D08A
:10154000A54BC7F8883010E0D7F89830002B09D1A8
:10155000FB685B6803F00103002B03D09F4BC7F8C7
:10156000883002E09E4BC7F88830D7F888000CF02E
:10157000E5FA7863FB68DA68FB685B6803F02003D0
:1015800007F1A80107F1A00001937B6D00933B6D6B
:10159000FFF7B6FED7E92823134324D01023C7F85A
:1015A0008C301AE0D7E928014FF00A024FF000030F
:1015B0001BF0F8FC134315D1D7F88C30013BC7F86A
:1015C0008C30D7E928014FF00A024FF000031BF0DE
:1015D000E9FC02460B46C7E92823D7F88C30002BDC
:1015E000E0D100E000BF3B6D002B37D0FB685B68AB
:1015F00003F02003002B2AD00823FB6419E0D7F85E
:10160000A830022B08DDFB6C0133FB64D7F8A8304F
:10161000033BC7F8A8300CE0D7F8A830002B0FDA4E
:10162000FB6C013BFB64D7F8A8300333C7F8A83044
:1016300000BFFB6C002B04DDFB6C0F2BDFD900E03F
:1016400000BF684AFB6C134493F90030FB74D7F871
:10165000A83043EAE37301337B6623E001237B6612
:10166000FB685B6803F02003002B1BD0D7F8A82091
:101670005D4B83FB0231D317C91A0B465B000B4449
:10168000D31ABB64BB6C002B02DABB6C0333BB64A4
:101690007A6EBB6C13447B66D7F8A820BB6CD31A58
:1016A000C7F8A830FB68DA68D7F88C107B6ECB1AC5
:1016B00023EAE3739342A8BF13463B663B6D002BBE
:1016C0003CD07B6D002B39D0D7E92823C7E9102304
:1016D000D7F88C30FB630EE0FB6B013BFB63D7E973
:1016E00010014FF00A024FF000031BF05BFC0246B2
:1016F0000B46C7E910237A6E3B6E1344FA6B9A428D
:10170000EADC0EE0D7E910014FF00A024FF00003C7
:101710001BF048FC02460B46C7E910233B6E013B19
:101720003B663B6E002B09DDD7E910014FF00A0242
:101730004FF000031BF036FC1343E3D07A6E7B6B53
:101740001A443B6E1344C7F880303B6D002B38D0F1
:101750007B6E002B06D10123FB67D7F88030013365
:10176000C7F880307A6ED7F88C309A4204DD7A6EF2
:10177000D7F88C30D31ABB67D7F8A830B3F1FF3F46
:1017800015DAFB68DB68002B11DDD7F8A830DB43E6
:101790007B67FB68DB681A467B6F934228BF134662
:1017A0007B67D7F880207B6F1344C7F8803097F9A8
:1017B0001330002B34D0D7F880300133C7F8803095
:1017C0002EE0D7F8A830002BB8BF5B42FB650023A2
:1017D000BB6516E0A4EB0100A8EB0100ACEB010037
:1017E000B0EB01002400002056555555BB6D013368
:1017F000BB65FB6D9C4A82FB03129210DB17D31A68
:10180000FB65FB6D002BF1DCBB6D022B38BF0223A7
:10181000BB65BA6DD7F8803013440233C7F8803007
:101820003A6E7B6F1344FA68D268934217D27B6D8D
:10183000002B05D0FB685B6803F00803002B0ED07B
:10184000FB68DB681A467B6FD21A3B6ED31A3B6784
:10185000D7F880203B6F1344C7F880301AE03B6D07
:10186000002B17D03A6E7B6F1344FA68D26893420C
:1018700010D93A6E7B6F1344FA68D2689B1A3B63A7
:101880003B6BD7F88020D31AC7F880303A6E3B6B99
:10189000D31A3B667B6F002B0BD13B6F002B08D11B
:1018A0003B6E002B05DCFB685B6803F00803002B34
:1018B00006D00123BB66D7F880300133C7F88030EB
:1018C00007F1140307F11802D7F88010F868FFF742
:1018D00085FAFB685B6803F01003002B05D0BB6939
:1018E000FA6F1344FB670023BB617B6E002B0ED0A5
:1018F000D7E92823786EB96F411A07F11C000191CE
:10190000D7F88C100091FFF71FFC034600E000237E
:10191000C7F88430D7F88C20D7F88430D31AC7F8AA
:101920008C30BA6900230493D7F88430039307F10D
:101930001C030293FB6F01937B6B0093D7F88830F5
:1019400039687868FFF7D6F9F862FB6AB3F1FF3FB0
:1019500001D1FB6AF4E0FA6EFB6A1344FB660023D4
:1019600004930023039300230293BB6F019300238E
:1019700000930023002239687868FFF7BBF9F8620A
:10198000FB6AB3F1FF3F01D1FB6AD9E0FA6EFB6A53
:101990001344FB663B6E002B0CD0D7E9282307F1DC
:1019A0001C00396E0191D7F88C100091FFF7CCFB29
:1019B000034600E00023C7F88430BB6E002B14BF41
:1019C00001230023DBB21A4600230493D7F88430A6
:1019D000039307F11C0302937B6F01930092234B47
:1019E000002239687868FFF785F9F862FB6AB3F17D
:1019F000FF3F01D1FB6AA3E0FA6EFB6A1344FB666A
:101A00000023049300230393002302933B6F01936D
:101A1000002300930023002239687868FFF76AF9F1
:101A2000F862FB6AB3F1FF3F01D1FB6A88E0FA6E0E
:101A3000FB6A1344FB66BB6D002B5DD0D7F8A83062
:101A4000002BB8BF5B42BB63FB7A3B74D7F8A8306E
:101A5000002B01DA2D2300E02B237B74BB6DFB658B
:101A60000023C7F8843025E067666666B4EB0100A2
:101A7000B96B354BA3FB0123DA0813469B001344D3
:101A80005B00CA1AD3B23033DAB2FB6D013B52B2FB
:101A900090333B4403F8742CFB6D013BFB65D7F896
:101AA00084300133C7F88430BB6B274AA2FB032381
:101AB000DB08BB63FB6D002BDADC07F110020023AF
:101AC0000493D7F88430039307F11C030293002397
:101AD0000193022300931346002239687868FFF7C8
:101AE00009F9F862FB6AB3F1FF3F01D1FB6A27E015
:101AF000FA6EFB6A1344FB6697F91330002B14BF90
:101B000001230023DBB21A467B690493039207F199
:101B10001303029300230193002300930023002268
:101B200039687868FFF7E6F8F862FB6AB3F1FF3FBF
:101B300001D1FB6A04E0FA6EFB6A1344FB66FB6E9C
:101B400018469037BD4680BDCDCCCCCC90B593B077
:101B500006AFF860B9603B601346FB71FB6893F910
:101B600014304C2B02D14FF0FF334DE0BB681B68A3
:101B7000073323F0070303F10801BA681160D3E9C2
:101B80000023C7E90A2307F1180107F1240207F12E
:101B9000140300930B46D7E90A01FFF771F97B693B
:101BA0006FF00042934203D1D7E90623134308D1D3
:101BB0007B696FF00042934215D1D7E906231343A6
:101BC00011D1796AD7E90623786997F9074004901B
:101BD000CDE9022300913B6C3A682146F868FFF793
:101BE000FFFA034610E0796AD7E90623786997F986
:101BF00007400490CDE9022300913B6C3A682146EE
:101C0000F868FFF71BFC034618463437BD4690BD05
:101C10002DE9B04FAAB006AFF865B9653B6513462C
:101C200087F85730FB6D1A6AFB6D5B6A1344C7F87F
:101C30008430D7F884300733DB08C7F880304FF0A2
:101C400000024FF00003C7E918234FF000024FF0E5
:101C50000003C7E91823D7F88030002B02D14FF0DA
:101C6000FF33EEE0D7F88030042B08D8BB6D19683D
:101C70000A1DBB6D1A600B68C7F88C3007E0BB6D9E
:101C800019680A1DBB6D1A600B68C7F88C30D7F84D
:101C90008C30002B0AD10023FB674FF000024FF07D
:101CA0000003C7E91C230023FB66BAE0D7F88430A1
:101CB0005A1E012303FA02F2D7F88C301340002B8E
:101CC00014BF01230023DBB2FB67FB6F002B04D0A2
:101CD000D7F88C305B42C7F88C30D7F884305A1E66
:101CE000012393405A1ED7F88C301340C7F88C302C
:101CF000D7F88C30DA17BB64FA64D7E91223C7E946
:101D00001C234FF0FF33C7F8883009E0D7F88C3038
:101D10005B10C7F88C30D7F888300133C7F88830AB
:101D2000D7F88C30002BF1D1D7F88820FB6D5B6A97
:101D3000D31AFB6609E0D7E91C23911839605B418F
:101D40007B60D7E90023C7E91C23D7E91C23B3F53F
:101D5000801FF0D3D7E9182300244FEA13554FEA28
:101D60000555D7E91C239246C3F3130B44EA0A0333
:101D70003B6445EA0B037B64D7E91034C7E91834A8
:101D8000D7E91823BA636FF31E53FB63FB6EDA17B0
:101D90003B637A633B6BC3F30A084FF0000940F2E0
:101DA000FF3318EB0303BB6249F10003FB624FF002
:101DB00000024FF00003B96A0B050022D7E90E01BB
:101DC000044614433C6219437962D7E90834C7E9F1
:101DD0001834D7E91823BA6123F00043FB61FB6F85
:101DE00000223B617A614FF000024FF00003396935
:101DF000CB070022D7E9060104461443BC6019430F
:101E0000F960D7E90234C7E91834D7E9180107F1B6
:101E1000700407F17C0207F16C0300932346FFF77F
:101E20002FF8F96FD7E91C23F86E0490CDE902234F
:101E30000091D7F8B0303A6D6621F86DFFF7FEFAE1
:101E4000034618469037BD46BDE8B08FB0B485B0A4
:101E500000AF786039603B681B68191D3A681160F3
:101E60001B68FB60FB68002B48D07B6893F914303B
:101E7000682B05D17B681B681AB2FB681A803DE0AD
:101E80007B6893F91430692B05D17B681B685AB2C3
:101E9000FB681A7032E07B6893F914306C2B05D123
:101EA0007B681B681A46FB681A6027E07B6893F919
:101EB00014306A2B08D17B681B6800221C4615462B
:101EC000FB68C3E9004519E07B6893F914307A2B6D
:101ED00004D17B681A68FB681A600FE07B6893F98D
:101EE0001430742B05D17B681B681A46FB681A6096
:101EF00004E07B681B681A46FB681A6000231846DA
:101F00001437BD46B0BC704780B58EB006AFF860E0
:101F1000B9603B601346FB710023FB6197F9073002
:101F2000632B08D1BB681B68191DBA6811601B6858
:101F30005BB2FB7403E0FB6893F91530FB74FB683C
:101F4000DB68002B02DAFB680122DA60FB68DB68E1
:101F5000012BB8BF0123BB611FE0002304930123C1
:101F6000039307F1130302930023019300230093CB
:101F700000230022B96A3868FEF7BCFE78617B69ED
:101F8000B3F1FF3F02D14FF0FF330AE0FA697B69FA
:101F90001344FB61BB69013BBB61BB69002BDCD116
:101FA000FB6918462037BD4680BD000080B58EB065
:101FB00006AFF860B9603B601346FB710023FB611C
:101FC00000237B6100233B61BB681B68191DBA6855
:101FD00011601B68BB61BB69002B01D1174BBB6152
:101FE000B8690BF0ABFDF861FB68DB68002B07DB21
:101FF000FB68DB681A46FB69934228BF1346FB6106
:1020000007F1100307F11402F969F868FEF7E6FE1C
:102010007A693B690493FB690393BB6902930023CC
:102020000193002300930023B96A3868FEF762FE2B
:10203000034618462037BD4680BD00BFB8EB0100FF
:102040002DE9F043CBB006AF07F58876A6F582768A
:10205000306007F58870A0F584700160114607F5BF
:102060008872A2F58872136007F58873A3F20913CA
:102070000A461A700023C7F80C310023BB61002305
:102080007B610023C7F804310023C7F80031002327
:10209000C7F8FC300023C7F8F4300023C7F8F0304D
:1020A00007F58873A3F582731B685B6803F08003F0
:1020B000002B00F0EE8007F58873A3F582731B6890
:1020C00093F914306C2B10D107F58873A3F5847342
:1020D0001B681B68191D07F58872A2F584721268C7
:1020E00011601B68C7F8EC3063E007F58873A3F54F
:1020F00082731B6893F914306A2B16D107F5887325
:10210000A3F584731B681B68073323F0070303F1EF
:10211000080107F58872A2F5847212681160D3E98C
:1021200000231346C7F8EC3043E007F58873A3F5A6
:1021300082731B6893F914307A2B10D107F58873DA
:10214000A3F584731B681B68191D07F58872A2F537
:102150008472126811601B68C7F8EC3029E007F53B
:102160008873A3F582731B6893F91430742B10D114
:1021700007F58873A3F584731B681B68191D07F5A1
:102180008872A2F58472126811601B68C7F8EC307F
:102190000FE007F58873A3F584731B681B68191D8E
:1021A00007F58872A2F58472126811601B68C7F87F
:1021B000EC3007F58873A3F582731B6893F914302C
:1021C000682B04D1D7F8EC301BB2C7F8EC3007F518
:1021D0008873A3F582731B6893F91430692B04D1BB
:1021E000D7F8EC305BB2C7F8EC30D7F8EC30002B06
:1021F000B8BF5B42C7F8F83007F58873A3F5807362
:1022000000221A70D7F8EC30002B06DA07F5887335
:10221000A3F580732D221A7020E007F58873A3F5CB
:1022200082731B685B6803F00203002B06D007F57E
:102230008873A3F580732B221A700FE007F588735B
:10224000A3F582731B685B6803F00103002B05D0C4
:1022500007F58873A3F5807320221A7007F5887339
:10226000A3F5807393F90030002B00F0B2800123B6
:10227000C7F8F43007F58873A3F582731B685B68B1
:1022800043F0080207F58873A3F582731B685A6050
:102290009FE007F58873A3F582731B6893F91430E8
:1022A0006C2B10D107F58873A3F584731B681B682A
:1022B000191D07F58872A2F58472126811601B68F7
:1022C000C7F8F83063E007F58873A3F582731B68DD
:1022D00093F914306A2B16D107F58873A3F584732C
:1022E0001B681B68073323F0070303F1080107F598
:1022F0008872A2F5847212681160D3E90023134634
:10230000C7F8F83043E007F58873A3F582731B68BC
:1023100093F914307A2B10D107F58873A3F58473E1
:102320001B681B68191D07F58872A2F58472126874
:1023300011601B68C7F8F83029E007F58873A3F52A
:1023400082731B6893F91430742B10D107F58873CE
:10235000A3F584731B681B68191D07F58872A2F525
:102360008472126811601B68C7F8F8300FE007F537
:102370008873A3F584731B681B68191D07F58872A1
:10238000A2F58472126811601B68C7F8F83007F56F
:102390008873A3F582731B6893F91430682B04D1FA
:1023A000D7F8F8309BB2C7F8F83007F58873A3F573
:1023B00082731B6893F91430692B04D1D7F8F83075
:1023C000DBB2C7F8F83007F58873A3F580733022C5
:1023D0001A7007F58873A3F2091393F900306F2B75
:1023E00006D1D7F8F830002B02D00123C7F8F4301B
:1023F00007F58873A3F2091393F90030782B0FD0F7
:1024000007F58873A3F2091393F90030582B07D00E
:1024100007F58873A3F2091393F90030622B32D1C8
:1024200007F58873A3F582731B685B6803F02003CC
:10243000002B03D1D7F8F830002B0CD007F58873A8
:10244000A3F5807307F58872A2F2091212785A7008
:102450000223C7F8F43007F58873A3F582731B686D
:102460005B6803F02003002B0DD007F58873A3F5FC
:10247000807393F9013043F020035AB207F5887353
:10248000A3F580735A7007F58873A3F582731B68F0
:102490005B6803F00803002B0ED0D7F80C21D7F8A7
:1024A000F4301344C7F80C3107F11003C7F8FC30BF
:1024B000D7F8F430C7F80031D7F834310A2B50D1AF
:1024C0000023C7F8083147E0D7F8F83000229846D3
:1024D0009146AF4B03FB09F2002303FB08F31344BF
:1024E000AB4AA8FB02452B441D46C7E92C45C7E96A
:1024F0002C45D7E92C014FF000024FF00003CA0829
:1025000000231346C7F8AC30D7F8AC309B00D7F89F
:10251000AC201344C7F8A830D7F8A8305B00D7F830
:10252000F820D31AC7F8A430D7F808310133C7F818
:102530000831D7F8A430DBB23033DAB2D7F808313B
:10254000C3F1820352B203F588733B4403F8F42CC1
:10255000D7F8AC30C7F8F830D7F8F830002BB3D143
:10256000ACE0D7F83431022B07D0D7F83431082B40
:1025700003D0D7F83431102B5BD1D7F83431013B7D
:10258000C7F8C030D7F83431102B07D0D7F8343122
:10259000082B01D1032302E0012300E00423C7F844
:1025A000BC300023C7F808313EE0D7F8F820D7F850
:1025B000C0301340774AD35C87F8EB3007F5887357
:1025C000A3F2091393F90030782B0FD007F5887325
:1025D000A3F2091393F90030692B07D007F588732C
:1025E000A3F2091393F90030752B05D197F8EB305E
:1025F00043F0200387F8EB30D7F808310133C7F8F0
:102600000831D7F80831C3F1820303F588733B44DE
:1026100097F8EB2003F8F42CD7F8F820D7F8BC3063
:1026200022FA03F3C7F8F830D7F8F830002BBCD102
:1026300044E00023C7F808313CE0D7F8F830D7F879
:102640003421B3FBF2F2D7F8341101FB02F29B1AEA
:10265000504AD35C87F8EA3007F58873A3F2091370
:1026600093F90030692B07D007F58873A3F209139B
:1026700093F90030752B05D197F8EA3043F0200329
:1026800087F8EA30D7F808310133C7F80831D7F8AE
:102690000831C3F1820303F588733B4497F8EA20BD
:1026A00003F8F42CD7F8F820D7F83431B2FBF3F361
:1026B000C7F8F830D7F8F830002BBED107F588738B
:1026C000A3F582731B68DB69002B00F01C8107F502
:1026D0008873A3F582731B689B69C7F8E43007F51C
:1026E0008873A3F582731B68DB69C7F8E0300023A9
:1026F000C7F8D830D7F80831C7F8D030D7F8083144
:10270000C3F18203C7F8CC30D7F8E030013BD7F8EB
:10271000E4201344C7F8E430E6E0D7F8E030002BBB
:1027200000F08580D7F8E4301B7887F8DF3097F920
:10273000DF302D2B00F0DE8097F9DF302A2B1FD100
:1027400007F58873A3F584731B681B68191D07F5CB
:102750008872A2F58472126811601B68C7F8D830BD
:10276000D7F8D830002BC0F2C780D7F8E430013B4F
:10277000C7F8E430D7F8E030013BC7F8E03043E079
:102780000023C7F8D8300123C7F8D43023E000BFB6
:10279000CDCCCCCCC8EB010097F9DF30303B1A46EA
:1027A000D7F8D43003FB02F2D7F8D8301344C7F877
:1027B000D830D7F8D42013469B0013445B00C7F8E9
:1027C000D430D7F8E430013BC7F8E430D7F8E03034
:1027D000013BC7F8E030D7F8E030002B14D0D7F831
:1027E000E4301B7887F8DF3097F9DF30002B0BD00F
:1027F00097F9DF300133874A134493F90030DBB295
:1028000003F00403002BC7D1D7F8E030002B75D0BC
:10281000D7F8E4301B7887F8DF30D7F8E430013B95
:10282000C7F8E430D7F8E030013BC7F8E030D7F81C
:10283000D830002B54D0D7F8D830D7F8D0209A42CF
:102840005ED9D7F8CC30C7F8C830D7F8D830D7F829
:10285000D020D31AC7F8C43018E0D7F8C830013BED
:1028600007F11C01D7F8C8200A4492F9002003F5AB
:1028700088733B4403F8F42CD7F8C430013BC7F805
:10288000C430D7F8C8300133C7F8C830D7F8C430DF
:10289000002BE2D1D7F8CC30013BC7F8CC30D7F8C9
:1028A000CC20D7F8D0301A44D7F8D830D31A03F553
:1028B00088733B4497F8DF2003F8F42CD7F80831ED
:1028C0000133C7F80831D7F8F0300133C7F8F030DA
:1028D000D7F8D830D7F8D020D31AC7F8D03003E0D3
:1028E000D7F8E030002B0DD0D7F8D030002B7FF494
:1028F00014AF08E000BF06E000BF04E000BF02E044
:1029000000BF00E000BFD7F80831C7F8A03007F5D6
:102910008873A3F582731B68DB68002B07DA07F561
:102920008873A3F582731B680122DA600DE007F556
:102930008873A3F582731B685B6823F0100207F5A8
:102940008873A3F582731B685A6007F58873A3F533
:1029500082731B68DB681A46D7F8F0301344D7F847
:102960000821934238BF1346C7F80831D7F80C2125
:10297000D7F808311344C7F80C3107F1140307F1F5
:10298000180207F58871A1F58270D7F80C1100685C
:10299000FEF724FAD7F80821D7F8A030D31AC7F8E1
:1029A000043107F58873A3F582731B685B6803F035
:1029B0001003002B07D0BB69D7F804211344C7F8D4
:1029C00004310023BB61B969D7F8A030C3F1820399
:1029D00007F11C0213447A6907F58870A0F5887026
:1029E0000492D7F8A02003920293D7F80431019300
:1029F000D7F800310093D7F8FC300A46D7F83011E9
:102A00000068FEF777F90346184607F58A77BD4652
:102A1000BDE8F083A02F020080B58CB006AFF8604F
:102A2000B9603B601346FB7100237B6197F9073067
:102A30006E2B05D1B968F868FFF708FA0346DDE0A8
:102A400097F90730252B11D1002304930123039319
:102A5000FB1D029300230193002300930023002217
:102A6000396A3868FEF746F90346C7E097F9073038
:102A7000632B03D097F90730432B0AD197F907202E
:102A80003B6A00933B68B968F868FFF73DFA034674
:102A9000B4E097F90730732B0AD197F907203B6A06
:102AA00000933B68B968F868FFF780FA0346A5E031
:102AB00097F90730652B13D097F90730452B0FD0C6
:102AC00097F90730662B0BD097F90730462B07D0C4
:102AD00097F90730672B03D097F90730472B0AD1B6
:102AE00097F907203B6A00933B68B968F868FFF7DD
:102AF0002DF8034682E097F907306B2B0AD197F93E
:102B000007203B6A00933B68B968F868FFF780F8D4
:102B1000034673E097F90730702B0DD15823FB71F2
:102B2000FB6800221A75FB6828225A60FB6808229D
:102B30009A60FB680822DA6097F90730642B07D0A7
:102B400097F90730692B03D097F90730492B1CD12F
:102B5000FB685B6843F08002FB685A600A237B6174
:102B6000FB685B6823F00802FB685A6097F907303E
:102B7000692B03D097F90730492B06D1FB681B69F5
:102B8000002B02D0FB681B697B6197F90730782B1B
:102B900003D097F90730582B01D110237B6197F9A7
:102BA0000730752B03D097F90730552B08D1FB68F8
:102BB0001B69002B02D0FB681B6900E00A237B61C4
:102BC00097F907306F2B01D108237B6197F9073004
:102BD000622B01D102237B617B69012B0CD997F910
:102BE00007207B6901933B6A00933B68B968F868EA
:102BF000FFF726FA034601E04FF0FF331846183777
:102C0000BD4680BD80B59CB002AFF860B9607A6007
:102C10003B607B683B663B683B617B68002B00F058
:102C20008C8200237B617DE23B6EFB6502E0FB6DE5
:102C30000133FB65FB6D93F90030002B04D0FB6D75
:102C400093F90030252BF2D1FA6D3B6ED31AFB6459
:102C5000FB6C002B0ED007F10803FA68F96C386E94
:102C6000FEF706F80346002BC0F269827A69FB6C16
:102C700013447B61FB6D3B663B6E93F90030002B88
:102C800000F050823B6E01333B660023BB610BE0DA
:102C9000BA69BB6CA6495B1AA64951F823301343A5
:102CA000BB613B6E01333B663B6E1B7887F8673038
:102CB00097F96730002B09D097F9673019469C487F
:102CC0000AF020FCB864BB6C002BE1D13B6E93F999
:102CD00000302A2B12D13B691A1D3A611B68FB6137
:102CE000FB69002B06DAFB695B42FB61BB6943F0C1
:102CF0000403BB613B6E01333B6628E00023FB61AC
:102D00000DE0FA6913469B0013445B001A4697F9DD
:102D100067301344303BFB613B6E01333B663B6ED7
:102D20001B7887F8673097F96730002B0FD097F939
:102D300067300133804A134493F90030DBB203F06B
:102D40000403002B03D0FB69B3F5FA7FD9DBFB69E1
:102D5000B3F5FA7F00F3F5813B6E93F900302E2B2B
:102D600003D04FF0FF333B6243E03B6E01333B66E1
:102D70003B6E93F900302A2B0DD13B691A1D3A6145
:102D80001B683B623B6AB3F5FA7F00F3DC813B6E64
:102D900001333B662DE000233B620DE03A6A1346A7
:102DA0009B0013445B001A4697F967301344303B8D
:102DB0003B623B6E01333B663B6E1B7887F86730A6
:102DC00097F96730002B0FD097F9673001335A4AD3
:102DD000134493F90030DBB203F00403002B03D05B
:102DE0003B6AB3F5FA7FD9DB3B6AB3F5FA7F00F3B0
:102DF000AC813B6E93F900303A2B02D000237B620A
:102E000048E03B6E01333B663B6E93F900302A2B62
:102E100014D13B691A1D3A611B687B647B6C002BE3
:102E200002DA00237B6205E07B6C242B00F38F81A8
:102E30007B6C7B623B6E01333B662BE000237B6245
:102E40000DE07A6A13469B0013445B001A4697F91B
:102E500067301344303B7B623B6E01333B663B6E15
:102E60001B7887F8673097F96730002B0ED097F9F9
:102E700067300133304A134493F90030DBB203F07A
:102E80000403002B02D07B6A232BDADD7B6A242B20
:102E900000F35F8110237B631023BB6300233B633C
:102EA0000023FB623B6E1B7887F8673097F9673029
:102EB0005B2B24D10023BB653B6E01333B663B6E2D
:102EC000FB6205E03B6E01333B66BB6D0133BB65C6
:102ED0003B6E1B7887F8673097F96730002B03D07B
:102EE00097F967305D2BEDD197F96730002B00F033
:102EF00032813B6E01333B66BB6D3B639CE097F9CF
:102F000067307B2B40F098803B6E01333B663B6E15
:102F100093F900302A2B08D13B691A1D3A611B68CE
:102F20007B653B6E01333B662DE000237B6513E040
:102F3000F0EB0100F8EB0100A02F02007A6D1346C0
:102F40009B0013445B001A4697F967301344303BEB
:102F50007B653B6E01333B663B6E1B7887F86730C1
:102F600097F96730002B0ED097F967300133844A08
:102F7000134493F90030DBB203F00403002B02D0BA
:102F80007B6D1F2BDAD97B6D202B00F2E6803B6E28
:102F900093F900302E2B40F0E2803B6E01333B660C
:102FA0003B6E93F900302A2B08D13B691A1D3A6118
:102FB0001B683B653B6E01333B6627E000233B65A6
:102FC0000DE03A6D13469B0013445B001A4697F9D7
:102FD00067301344303B3B653B6E01333B663B6ED1
:102FE0001B7887F8673097F96730002B0ED097F978
:102FF00067300133624A134493F90030DBB203F0C7
:103000000403002B02D03B6D1F2BDAD997F96730F0
:10301000002B00F0A6803B6E01333B663B6D202BFE
:1030200000F2A1807A6D3B6D13441F2B00F29D804E
:103030007B6D7B633B6DBB633B6E1B7887F86730B2
:1030400097F96730002B0ED097F9673019464D4835
:103050000AF058FA0346002B05D03B6E01333B665D
:1030600097F9673000E0002387F8283097F9283077
:10307000002B17D03B6E1B7887F8673097F96730C5
:10308000002B0FD097F9283097F967209A4209D181
:1030900097F9283043F001035BB287F828303B6E84
:1030A00001333B663B6E1B7887F8673097F96730D2
:1030B000002B05D13B691A1D3A611B683B6631E064
:1030C00097F8673087F8433097F94330432B0FD197
:1030D0003B6E01333B663B6E1B7887F8673097F990
:1030E0006730002B43D097F8673087F8293002E02B
:1030F000002387F8293097F9432007F1100107F1E1
:10310000140007F108030093FB68FFF785FCF863E0
:10311000FB6B002B2DDB7A69FB6B13447B613B6EF1
:1031200001333B663B6E1B7887F8673097F9673051
:10313000002B7FF479AD7B691EE000BF1AE000BF71
:1031400018E000BF16E000BF14E000BF12E000BFAF
:1031500010E000BF0EE000BF0CE000BF0AE000BFBF
:1031600008E000BF06E000BF04E000BF02E000BFCF
:1031700000E000BF4FF0FF3318466837BD4680BD02
:10318000A02F0200C0EB010080B584B000AFF86052
:10319000B9607A603B60FB68BA681A60FB687A685D
:1031A0005A60FB6800221A72FB683A68DA60FB68B2
:1031B0001B6818460AF0C2FC0346DAB2FB681A72B2
:1031C000FB6818461037BD4680BD000080B582B050
:1031D00000AF786039607B681B68184619F0A4FA64
:1031E0003B68D3E9002319F009FB02460B46104661
:1031F00019464FF00002054B19F02AFC02460B4617
:10320000104619460837BD4680BD00BF00005E412C
:1032100098B500AF664C674B674A68492046FFF790
:10322000B3FF1034664B674A67492046FFF7ACFF8F
:103230001034664B664A67492046FFF7A5FF1034F5
:103240005F4B654A65492046FFF79EFF10345F4B90
:10325000634A64492046FFF797FF1034624B634A84
:1032600063492046FFF790FF10345F4B614A624983
:103270002046FFF789FF1034604B614A61492046C0
:10328000FFF782FF10345D4B5F4A60492046FFF72D
:103290007BFF10345E4B5F4A5F492046FFF774FFA7
:1032A00010345B4B5D4A5E492046FFF76DFF1034DA
:1032B0005C4B5D4A5D492046FFF766FF10345C4B6E
:1032C0005C4A5D492046FFF75FFF10345B4B5C4A68
:1032D0005C492046FFF758FF10345B4B5B4A5C4962
:1032E0002046FFF751FF10345A4B5B4A5B4920469A
:1032F000FFF74AFF10345A4B5A4A5B492046FFF702
:1033000043FF1034594B5A4A5A492046FFF73CFFB5
:103310001034564B584A59492046FFF735FF1034B0
:10332000574B584A58492046FFF72EFF1034574B49
:10333000574A58492046FFF727FF1034564B574A43
:1033400057492046FFF720FF1034564B564A57493D
:103350002046FFF719FF1034554B564A5649204670
:10336000FFF712FF1034524B544A55492046FFF7DD
:103370000BFF1034534B544A54492046FFF704FFC7
:103380001034534B534A54492046FFF7FDFE103486
:10339000524B534A53492046FFF7F6FE04F1100002
:1033A000514B524A5249FFF7EFFE00BF98BD00BF94
:1033B00094080020BD39000080EC0100B8EC010049
:1033C0002D3A0000C0EC0100D4EC0100F53A0000F9
:1033D000E0EC0100FCEC010008ED010020ED010033
:1033E00024ED010044ED0100813B000048ED0100A7
:1033F00094ED01009CED0100ECED0100B93C0000F2
:10340000F0ED01003CEE010044EE010094EE0100FD
:103410006940000098EE0100CCEE0100D4EE0100FE
:103420000CEF01005DA60000E4270200D427020093
:1034300065A900002828020018280200A9AD000094
:103440006828020054280200F142000010EF010039
:1034500044EF0100994300004CEF0100A8EF010088
:1034600069470000B0EF0100FCEF0100494900008E
:1034700004F0010020F0010028F0010044F00100F8
:10348000394A000048F0010098F00100A94C000002
:10349000A8F0010020F10100DD4D00002CF1010039
:1034A0006CF101000D4E00007CF10100C4F101003F
:1034B000B14F0000D4F101000CF201001CF2010038
:1034C00058F20100315500005CF201008CF201005D
:1034D0002156000098F20100D8F201003157000097
:1034E000E8F2010020F30100C55700002CF30100B1
:1034F00098F3010080B500AFFFF78AFE80BD80B46D
:1035000083B000AF78607B6800221A7000225A7086
:1035100000229A700022DA707B6800221A71002261
:103520005A717B6800229A710022DA717B68184612
:103530000C37BD4680BC704780B483B000AF786064
:1035400039603B681B681AB27B689A803B681B68CD
:103550001B0C1AB27B68DA8000BF0C37BD4680BCFA
:103560007047000080B582B000AF78607B681B6850
:10357000184619F0D9F802460B460F4808F010FE1D
:103580007B681B6819467B68B3F904301BB21A4686
:103590007B68B3F906301BB2084808F001FE7B686F
:1035A000B3F906301BB21946054808F0F9FD00BF13
:1035B0000837BD4680BD00BFA4F30100C8F3010079
:1035C000FCF3010080B483B000AF78607B68002218
:1035D0001A7000225A7000229A700022DA707B68FA
:1035E00018460C37BD4680BC7047000080B584B0DB
:1035F00002AF78607B681B889BB219467B681B888A
:103600009BB21A467B685B889BB218467B685B88D6
:103610009BB200930346034808F0C2FD00BF083781
:10362000BD4680BD04F4010080B483B000AF786073
:103630007B6800221A7000225A7000229A700022C1
:10364000DA707B6818460C37BD4680BC70470000B6
:1036500080B584B002AF78607B681B889BB2194646
:103660007B681B889BB21A467B685B889BB21846B6
:103670007B685B889BB200930346034808F090FD8B
:1036800000BF0837BD4680BD54F4010080B483B04C
:1036900000AF78607B6800221A7000225A70002206
:1036A0009A700022DA707B6818460C37BD4680BCE1
:1036B0007047000080B584B002AF78607B681B88DB
:1036C0009BB219467B681B889BB21A467B685B8855
:1036D0009BB218467B685B889BB200930346034805
:1036E00008F05EFD00BF0837BD4680BDB0F40100A4
:1036F00080B483B000AF78600B46FB707B68FA78CB
:103700001A7100BF0C37BD4680BC704780B483B0CF
:1037100000AF78607B681B7918460C37BD4680BCCB
:103720007047000080B582B000AF78607B681B688E
:1037300019467B685A687B689B68034809F038FC27
:1037400000BF0837BD4680BDF8F4010080B483B0E7
:1037500000AF78607B6800221A607B6818460C37DF
:10376000BD4680BC70470000F0B5B9B01EAF7866AA
:103770007B6E1B683B667B6E1B78C3F30003DBB27A
:103780009C467B6E1B78C3F34003DBB29E467B6E88
:103790001B78C3F38003DBB2FB657B6E1B78C3F33E
:1037A000C003DBB2BB657B6E1B78C3F30013DBB2D7
:1037B0007B657B6E1B78C3F34013DBB23B657B6E8E
:1037C0001B78C3F38013DBB2FB647B6E1B78C3F3FF
:1037D000C013DBB2BB647B6E5B78C3F30003DBB268
:1037E0007B647B6E5B78C3F34003DBB23B647B6E30
:1037F0005B78C3F38003DBB2FB637B6E5B78C3F360
:10380000C003DBB2BB637B6E5B78C3F30013DBB238
:103810007B637B6E5B78C3F34013DBB23B637B6EF1
:103820005B78C3F38013DBB2FB627B6E5B78C3F320
:10383000C013DBB2BB627B6E9B78C3F30003DBB2C9
:103840007B627B6E9B78C3F34003DBB23B627B6E93
:103850009B78C3F38003DBB2FB617B6E9B78C3F381
:10386000C003DBB2BB617B6E9B78C3F30013DBB29A
:103870007B617B6E9B78C3F34013DBB23B617B6E55
:103880009B78C3F38013DBB2FB607B6E9B78C3F342
:10389000C013DBB2BB607B6EDB78C3F30003DBB22B
:1038A0007B607B6EDB78C3F34003DBB21E467B6E2E
:1038B000DB78C3F38003DBB21D467B6EDB78C3F39A
:1038C000C003DBB21C467B6EDB78C3F30013DBB2B4
:1038D00018467B6EDB78C3F34013DBB219467B6E70
:1038E000DB78C3F38013DBB21A467B6EDB78C3F35D
:1038F000C013DBB21D931C921B911A90199418955A
:1039000017967A681692BA681592FA6814923A690C
:1039100013927A691292BA691192FA6910923A6A0C
:103920000F927A6A0E92BA6A0D92FA6A0C923A6B08
:103930000B927A6B0A92BA6B0992FA6B08923A6C04
:1039400007927A6C0692BA6C0592FA6C04923A6D00
:1039500003927A6D0292BA6D0192FA6D00927346EB
:103960006246396E034808F01BFC00BF6C37BD4649
:10397000F0BD00BF5CF5010080B582B000AF78609B
:1039800039607B681B68184618F0CEFE3B68D3E9A7
:10399000002318F033FF02460B46104619464FF03D
:1039A0000002054B19F054F802460B461046194622
:1039B0000837BD4680BD00BF00005E4180B586B0BF
:1039C00002AFF860B9607A603B60134B1B68002B54
:1039D00014BF01230023DBB2002B0ED00E4B1B685B
:1039E00019680D4B1B685B6801930C4B0093C52352
:1039F0000B4A0C4808F0D4FB05E0084BC5220849E7
:103A0000094808F0CDFBB8680AF098F803465BB2A5
:103A100018461037BD4680BD4C00002098050200B6
:103A2000B0F70100DCF7010040F8010080B586B076
:103A300000AFF860B9607A603B6000233B6107F13A
:103A400010031A462449B86809F0A8FB0346FB7521
:103A500097F91730002B20DC204808F0A1FB002349
:103A60003B6113E01E4B1A683B6913441B78BB751E
:103A70003B69BA7D19461B4808F092FBBB7D19468D
:103A8000194808F08DFB3B6901333B613B69802B92
:103A9000E8D9164808F084FB18E0114B1A683B6916
:103AA00013441B78BB750D4808F07AFB3B69BA7D5F
:103AB00019460C4808F074FBBB7D19460A4808F00B
:103AC0006FFBBB7D19460A4808F06AFB7B685BB256
:103AD00018461837BD4680BD7CF8010080F801000B
:103AE0004C00002094F80100A8F80100B0F8010093
:103AF000B4F8010080B588B000AFF860B9607A60B2
:103B00003B600023BB6100237B6107F1140307F1D5
:103B100018021649B86809F041FB0346FB7797F98C
:103B20001F30012B09DC97F91F301A46B96810487D
:103B300008F036FB4FF0FF3313E07B69D9B20D4B31
:103B40001A68BB6913440A461A707B6919460A4809
:103B500008F026FBBB691946084808F021FB7B6882
:103B60005BB218462037BD4680BD00BFC0F80100DB
:103B7000C8F801004C00002024F9010048F90100B8
:103B800080B58CB002AFF860B9607A603B6000230A
:103B90003B620023FB610023BB6100237B61404B40
:103BA0001B68002B0CBF01230023DBB2002B05D0C8
:103BB0003C4808F0F5FA7B685BB26CE007F11C0149
:103BC00007F1200207F11403019307F11803009392
:103BD0000B463549B86809F0E1FA034687F8273003
:103BE00097F92730032B1BDD3A6A2D4B1B68DA62ED
:103BF000FA692B4B1B681A63BA69294B1B685A6315
:103C00007A69274B1B689A63396AFA69B8697B69D4
:103C100000930346254808F0C3FA7B685BB23AE09C
:103C200097F92730002B1BDD3A6A1D4B1B68DA62BF
:103C30003A6A1B4B1B681A633A6A194B1B685A6332
:103C40003A6A174B1B689A63396A3A6A386A3B6A60
:103C500000930346154808F0A3FA7B685BB21AE0AC
:103C60000F4B1B68DB6A3B620D4B1B681B6BFB61D8
:103C70000B4B1B685B6BBB61094B1B689B6B7B61D0
:103C8000396AFA69B8697B6900930346084808F005
:103C900087FA7B685BB218462837BD4680BD00BFF7
:103CA0004C00002054F90100A0F90100B0F9010016
:103CB000D8F90100000000002DE9F043A1B00EAFDB
:103CC000F860B9607A603B604FF000024FF000038B
:103CD000C7E90A234FF000024FF00003C7E90823A9
:103CE0004FF000024FF00003C7E906234FF0000237
:103CF0004FF00003C7E9042300237B6400233B64E7
:103D00000023FB630023BB63874B1B68002B0CBFA6
:103D100001230023DBB2002B05D0844808F040FAD1
:103D20007B685BB28DE107F1200107F1280207F102
:103D30001003019307F1180300930B467C49B86800
:103D400009F02CFA034687F83730D7E90A014FF01B
:103D50006042784B18F052FD02460B461046194659
:103D60004FF00002744B18F049FD02460B46104616
:103D700019466BA3D3E9002318F06AFE02460B46EE
:103D80001046194619F012F803467B64D7E908017A
:103D90004FF06042674B18F031FD02460B4610466B
:103DA00019464FF00002644B18F028FD02460B46FE
:103DB000104619465AA3D3E9002318F049FE0246DB
:103DC0000B461046194618F0F1FF03463B64D7E94D
:103DD00006014FF06042574B18F010FD02460B46AB
:103DE000104619464FF00002534B18F007FD0246EB
:103DF0000B46104619464AA3D3E9002318F028FEC3
:103E000002460B461046194618F0D0FF0346FB63E6
:103E1000D7E904014FF06042464B18F0EFFC024630
:103E20000B46104619464FF00002434B18F0E6FCD3
:103E300002460B461046194639A3D3E9002318F071
:103E400007FE02460B461046194618F0AFFF034620
:103E5000BB6397F93730032B2DDD7A6C324B1B682F
:103E6000DA623A6C304B1B681A63FA6B2E4B1B6894
:103E70005A63BA6B2C4B1B689A63D7E90A89D7E956
:103E80000823D7E90601D7E90445BE6B0C96CDE9B6
:103E90000A45FC6B0894CDE90601396C0491CDE923
:103EA00002237B6C009342464B46244808F078F985
:103EB0007B685BB2C5E097F93730002B40DD7A6C48
:103EC000194B1B68DA627A6C174B1B681A637A6CA1
:103ED000154B1B685A637A6C134B1B689A63D7E9BE
:103EE0000A89D7E90823D7E90601D7E90445BE6B5B
:103EF0000C96CDE90A45FC6B0894CDE90601396CB6
:103F00000491CDE902237B6C009342464B460B485B
:103F100008F046F97B685BB293E000BFAFF3008026
:103F2000FCA9F1D24D6210404C00002008FA0100BB
:103F300054FA0100FFFF6F4100004E4064FA010097
:103F4000454B1B68DB6A7B64434B1B681B6B3B6404
:103F5000414B1B685B6BFB633F4B1B689B6BBB63FD
:103F6000786C18F0D1FB3AA3D3E9002318F046FC93
:103F700002460B46104619464FF06242374B18F086
:103F800067FD02460B46C7E90A23386C18F0BCFBF4
:103F90002FA3D3E9002318F031FC02460B4610464C
:103FA00019464FF062422D4B18F052FD02460B4667
:103FB000C7E90823F86B18F0A7FB25A3D3E9002372
:103FC00018F01CFC02460B46104619464FF06242A0
:103FD000224B18F03DFD02460B46C7E90623B86B9D
:103FE00018F092FB1AA3D3E9002318F007FC02464D
:103FF0000B46104619464FF06242184B18F028FD48
:1040000002460B46C7E90423D7E90A89D7E9082302
:10401000D7E90601D7E90445BE6B0C96CDE90A4500
:10402000FC6B0894CDE90601396C0491CDE90223BB
:104030007B6C009342464B46094808F0B1F87B6818
:104040005BB218464C37BD46BDE8F083AFF3008045
:10405000FCA9F1D24D6210404C000020FFFFCD4181
:10406000B0FA010000000000F0B5A5B00AAFF8609A
:10407000B9607A603B6000237B66994B1B68002B1C
:104080000CBF01230023DBB2002B05D0954808F0BC
:1040900087F87B685BB218E17B6E01337B667B6ED1
:1040A000DBB243F00103DAB28D4B1B68C8331A70E0
:1040B00007F128031846FFF722FA07F120031846F4
:1040C000FFF71DFA07F118031846FFF718FA07F172
:1040D00010031846FFF713FA814B1B68DB6BBB62BA
:1040E0007F4B1B681B6C3B6307F1300207F1280311
:1040F00011461846FFF720FA794B1B685B6C3B6250
:10410000774B1B689B6C7B6307F1340207F120033C
:1041100011461846FFF710FA714B1B68DB6CBB6148
:104120006F4B1B681B6DBB6307F1380207F1180367
:1041300011461846FFF700FA694B1B685B6D3B613F
:10414000674B1B689B6DFB6307F13C0207F1100393
:1041500011461846FFF7F0F9BB6A184618F0E4FA62
:104160005DA3D3E9002318F049FB02460B46144631
:104170001D46B7F92E30184618F0D6FA4FF0000257
:10418000594B18F03BFB02460B462046294618F0D7
:104190005FFC02460B46C7E916233B6A184618F037
:1041A000C3FA4DA3D3E9002318F028FB02460B46BF
:1041B00014461D46B7F92630184618F0B5FA4FF0E8
:1041C0000002494B18F01AFB02460B4620462946CE
:1041D00018F03EFC02460B46C7E91423BB6918469B
:1041E00018F0A2FA3CA3D3E9002318F007FB02461B
:1041F0000B4614461D46B7F91E30184618F094FABF
:104200004FF00002384B18F0F9FA02460B462046F0
:10421000294618F01DFC02460B46C7E912233B69EC
:10422000184618F081FA2CA3D3E9002318F0E6FA17
:1042300002460B4614461D46B7F91630184618F0CC
:1042400073FA4FF00002284B18F0D8FA02460B46DA
:104250002046294618F0FCFB02460B46C7E910230E
:10426000B7F92E301E46BC6A3D6AB9693869D7E98C
:104270001023CDE90823D7E91223CDE90623D7E996
:104280001423CDE90423D7E91623CDE902230190B5
:1042900000912B4622463146144807F081FF07F172
:1042A00028031846FFF75EF907F120031846FFF7C9
:1042B00059F907F118031846FFF754F907F11003ED
:1042C0001846FFF74FF97B685BB218466C37BD465E
:1042D000F0BD00BFAFF30080FCA9F1D24D621040E9
:1042E0004C00002004FB01000000604150FB010075
:1042F00080B58AB000AFF860B9607A603B60002397
:104300007B6200233B627B6A01337B627B6ADBB2A8
:10431000402B21D90023FB610123BB61194B1B6892
:104320006C3300221A707B6ADAB2164B1B689A66ED
:10433000144B1B689B6E7B61124B1B686C33012214
:104340001A707B6ADBB27A6992B219460E4807F09E
:1043500027FFC820FCF770FB7B6AB3F57A7FD2D9C0
:104360000A4B1B685B68184608F048FC396A084825
:1043700007F016FF00BF7B685BB218462837BD46C2
:1043800080BD00BF4C000020C4FB01009400002051
:10439000DCFB01000000000080B5A2B002AFF860B5
:1043A000B9607A603B600023FB670023BB67002392
:1043B0007B6700233B670023FB660023BB664FF04F
:1043C0000002B94BC7E906234FF00002B64BC7E91C
:1043D000042307F1100307F11802B449B86808F084
:1043E000DDFED7E906014FF000024FF0000318F0A0
:1043F00077FC0346002B05D04FF000024FF000037E
:10440000C7E90623D7E906014FF00002A64B18F0D2
:1044100085FC0346002B04D04FF00002A24BC7E9F5
:104420000623D7E9040198A3D3E9002318F058FC28
:104430000346002B04D094A3D3E90023C7E9042347
:10444000D7E9040192A3D3E9002318F067FC0346DF
:10445000002B04D08EA3D3E90023C7E90423D7E9B6
:104460000601D7E90423CDE9002302460B46904814
:1044700007F096FEFB6F0133FB67BA6F8D4B1B682D
:10448000DA627A6F8B4B1B681A633A6F894B1B6831
:104490005A63FA6E874B1B689A63864B1B68DB6A0C
:1044A0007B66844B1B681B6B3B66824B1B685B6B9C
:1044B000FB65804B1B689B6BBB65BB6D0093FB6D05
:1044C0003A6E796E7C4807F06BFEF96F7B4BA3FB6D
:1044D00001235A0913461B019B1A9B00CA1A104656
:1044E00018F012F94FF00002754B18F087F90246E8
:1044F0000B46C7E914234FF00002724BD7E91401B1
:1045000018F0A6FA02460B461046194662A3D3E9F4
:10451000002318F073F902460B46C7E912234FF047
:104520000002694BD7E9140117F0B2FF02460B46AF
:10453000104619464FF00002624B18F089FA024605
:104540000B461046194654A3D3E9002318F056F938
:1045500002460B46C7E910234FF000025B4BD7E938
:10456000140117F095FF02460B46104619464FF00E
:104570000002544B18F06CFA02460B4610461946DE
:1045800045A3D3E9002318F039F902460B46C7E9E1
:104590000E23D7E9120118F0B3FE4FF00002424B90
:1045A00017F076FF02460B46104619464FF0000200
:1045B0004FF0804318F04CFA02460B46104619465D
:1045C000D7E9062318F01AF902460B46C7E90C236F
:1045D000D7E9100118F094FE4FF00002324B17F0AB
:1045E00057FF02460B46104619464FF000024FF0A7
:1045F000804318F02DFA02460B4610461946D7E9BB
:10460000062318F0FBF802460B46C7E90A23D7E950
:104610000E0118F075FE4FF00002234B17F038FF23
:1046200002460B46104619464FF000024FF08043F9
:1046300018F00EFA02460B4610461946D7E9062333
:1046400018F0DCF802460B46C7E9082314A3D3E9A7
:104650000023D7E90C0118F0D1F802460B461046AA
:10466000194618F0A3FB0346BB670DA3D3E900234B
:10467000D7E90A0118F0C2F802460B46104619465F
:1046800026E000BFAFF30080FCA9F1D24D62503F9D
:10469000000000000088C3401F85EB51B81E194080
:1046A00000000000E0FFEF400000F03FFCFB0100D5
:1046B00004FC01004C0000202CFC01008988888843
:1046C000000018400080764000005E4000006E4010
:1046D00018F06CFB03467B671FA3D3E90023D7E9DF
:1046E000080118F08BF802460B461046194618F0E0
:1046F0005DFB03463B6718A3D3E90023D7E9080114
:1047000018F07CF802460B461046194618F04EFB8E
:104710000346FB66FB6FB3F57A7F04D9B96E104888
:1047200007F03EFD11E0D7E904014FF000020D4B08
:1047300018F064F802460B461046194618F036FB8E
:1047400003461846FCF778F994E67B685BB2184696
:104750008037BD4680BD00BF00000000E0FFEF4095
:1047600040FC010000408F40B0B592B006AFF86049
:10477000B9607A603B600023FB620023BB620023C8
:104780007B6200233B62674B1B68002B0CBF01233D
:104790000023DBB2002B05D0634807F001FD7B68E6
:1047A0005BB2BBE04FF000024FF00003C7E9062305
:1047B0004FF000024FF00003C7E9042307F1100394
:1047C00007F118025949B86808F0E8FCD7E9060172
:1047D0004FF000024FF0000318F082FA0346002B5E
:1047E00005D04FF000024FF00003C7E90623D7E9D8
:1047F00006014FF000024E4B18F090FA0346002BD2
:1048000004D04FF000024A4BC7E90623D7E9040160
:104810004FF000024FF0000318F062FA0346002B3D
:1048200005D04FF000024FF00003C7E90423D7E999
:1048300004014FF000023E4B18F070FA0346002BC3
:1048400004D04FF000023A4BC7E90423D7E9060130
:104850004FF06042374B17F0D1FF02460B4610462F
:10486000194618F0A3FA0346FB62D7E904014FF09A
:104870006042304B17F0C2FF02460B461046194605
:1048800018F094FA03467B62FA6A264B1B68DA62D8
:10489000244B1B68284A1A637A6A224B1B685A63A6
:1048A000204B1B68244A9A63234B00937B6A224A5D
:1048B000F96A224807F074FC1A4B1B68DB6AFB623A
:1048C000184B1B681B6BBB62164B1B685B6B7B62D8
:1048D000144B1B689B6B3B62D7E906014FF000024B
:1048E000174B17F08BFF02460B4614461D46D7E9BF
:1048F00004014FF00002124B17F080FF02460B46F6
:10490000CDE90423CDE902453B6A00937B6ABA6A8C
:10491000F96A0C4807F044FC7B685BB218463037F4
:10492000BD46B0BD4C00002064FC0100FCFB010052
:104930000000F03FFFFF6941FFFFCF00ACFC01002A
:1049400000005940D4FC010080B58EB000AFF86083
:10495000B9607A603B6007F12003102200211846FD
:1049600008F080FD2A4BBB624FF000024FF00003BD
:10497000C7E9082300237B6390228C21254807F098
:104980000FFCBB68013304222349184608F022FEBD
:104990000346002B0FD1214B1B685522C3F88C20F6
:1049A0001F4B1B685B68184608F028F9796B1D4897
:1049B00007F0F6FB00BF00237B61C523BB6100232A
:1049C000FB61164B1B68002B14BF01230023DBB2D5
:1049D000002B07D0114B1B681B687B610F4B1B68BA
:1049E0005B68FB610C21104807F0DAFB07F1140348
:1049F0001846FEF797FE0D4807F0D2FB0C4807F06B
:104A0000CFFB7B685BB218463837BD4680BD00BF20
:104A100040420F0010FD010028FD01004C00002065
:104A20009400002040FC010030FD01005CFD01000D
:104A300060FD01000000000080B59AB002AFF86090
:104A4000B9607A603B600023FB610023BB610023F7
:104A50007B6100233B618A4B1B68002B0CBF012349
:104A60000023DBB2002B05D0864807F099FB7B685A
:104A70005BB2FCE007F1180107F11C0207F110031B
:104A8000019307F1140300930B467F49B86808F0BF
:104A900085FB034687F85F3097F95F30032B21DDF4
:104AA000FB69DAB2764B1B6883F87020BB69DAB217
:104AB000734B1B6883F871207B69DAB2704B1B68FB
:104AC00083F872203B69DAB26D4B1B6883F8732060
:104AD000F969BA6978693B69009303466B4807F046
:104AE0005FFB24E097F95F30002B20DDFB69DAB231
:104AF000634B1B6883F87020FB69DAB2604B1B685C
:104B000083F87120FB69DAB25D4B1B6883F8722071
:104B1000FB69DAB25A4B1B6883F87320F969FA69AA
:104B2000F869FB6900930346584807F039FB544B7A
:104B30001B6893F87030FB61514B1B6893F8713020
:104B4000BB614F4B1B6893F872307B614C4B1B6809
:104B500093F873303B61F969BA6978693B690093EE
:104B600003464B4807F01CFB43A3D3E90023C7E9E6
:104B70001423FB690133FB64BB690133BB647B69AC
:104B800001337B643B6901333B64F86C17F0BCFD77
:104B900002460B46D7E9140117F05AFF02460B46AE
:104BA000104619464FF000023A4B17F051FF0246EB
:104BB0000B46C7E90E23B86C17F0A6FD02460B465C
:104BC000D7E9140117F044FF02460B461046194678
:104BD0004FF000022F4B17F03BFF02460B46C7E990
:104BE0000C23786C17F090FD02460B46D7E91401B0
:104BF00017F02EFF02460B46104619464FF00002F2
:104C0000244B17F025FF02460B46C7E90A23386CF0
:104C100017F07AFD02460B46D7E9140117F018FF8A
:104C200002460B46104619464FF00002194B17F08A
:104C30000FFF02460B46C7E90823D7E90E23F96C9C
:104C4000154807F0ADFAD7E90C23B96C134807F003
:104C5000A7FAD7E90A23796C114807F0A1FAD7E936
:104C60000823396C0F4807F09BFA7B685BB2184643
:104C70006037BD4680BD00BF0000000096519841DE
:104C80004C0000207CFD0100CCFD0100DCFD01009A
:104C900010FE01000000304048FE010094FE0100BB
:104CA000E0FE010030FF010080B58EB002AFF86079
:104CB000B9607A603B6007F128031846FEF782FC72
:104CC00007F124031846FEF7AFFC00233B620023E4
:104CD000FB613A4B1B68002B0CBF01230023DBB2A6
:104CE000002B05D0364807F05BFA7B685BB260E0CA
:104CF00007F11C0107F1200207F11403019307F1EA
:104D0000180300930B462F49B86808F047FA03468A
:104D100087F82F3097F92F30012B14DD3B6A9BB2B7
:104D20003B85FB699BB27B85274807F039FA07F181
:104D300028031846FEF75AFC244807F031FA1F4BA7
:104D40001B68BA6A5A6297F92F30032B14DDBB69CE
:104D50009BB2BB847B699BB2FB841D4807F020FAA1
:104D600007F124031846FEF773FC184807F018FAF9
:104D7000124B1B687A6A9A62104B1B685B6ABB62B3
:104D80000E4B1B689B6A7B62124807F009FA07F119
:104D900028031846FEF72AFC0F4807F001FA07F12E
:104DA00024031846FEF754FC084807F0F9F97B681D
:104DB0005BB218463037BD4680BD00BF4C000020B6
:104DC00080FF0100CCFD0100D0FF01005CFD01006F
:104DD000F4FF01001C0002003C00020080B584B01A
:104DE00000AFF860B9607A603B60064807F0D8F918
:104DF000054807F0D5F97B685BB218461037BD4609
:104E000080BD00BF40000200B0F8010080B58CB04A
:104E100002AFF860B9607A603B6000233B62002318
:104E200087F8273007F1180107F1200207F117036F
:104E300000930B465249B86808F0B0F9034687F86A
:104E4000263097F92630032B57DD97F91730592B69
:104E50000FD097F91730792B0BD097F91730542BC7
:104E600007D097F91730742B03D097F91730312BEF
:104E700002D1012387F82730396A97F82730002BB1
:104E800001D0592300E04E231A463E4807F088F926
:104E90003B6A032B26D801A252F823F0AD4E000046
:104EA000BB4E0000C94E0000D74E000097F82730D7
:104EB00019463548FEF71CFC19E097F827301946CB
:104EC0003248FEF715FC12E097F8273019463048B3
:104ED000FEF70EFC0BE097F8273019462D48FEF739
:104EE00007FC04E03B6A19462B4807F059F9B868FB
:104EF00008F024FE03465BB23EE097F926301946DF
:104F0000264807F04DF92048FEF700FC0346002B29
:104F100001D0592300E04E231946214807F040F9FB
:104F20001A48FEF7F3FB0346002B01D0592300E09B
:104F30004E2319461B4807F033F91548FEF7E6FBE8
:104F40000346002B01D0592300E04E231946164892
:104F500007F026F90F48FEF7D9FB0346002B01D0D6
:104F6000592300E04E231946104807F019F9B86894
:104F700008F0E4FD03465BB218462837BD4680BD05
:104F80006800020078000200F01A00200C1B0020CC
:104F9000281B0020441B0020AC000200E40002009B
:104FA000340102006401020094010200C401020005
:104FB00080B5A0B010AFF860B9607A603B6007F1CF
:104FC00028031846FEF7C2FB002387F83F30002372
:104FD00087F83E30002387F83D30002387F83C30C7
:104FE000002387F83B30002387F83A30002387F806
:104FF0003930002387F83830002387F83730002312
:1050000087F83630002387F83530002387F83430AE
:10501000002387F83330002387F83230002387F8E5
:105020003130002387F83030002387F82F30074BCA
:105030001B68002B0CBF01230023DBB2002B09D01F
:10504000034807F0ADF87B685BB269E24C000020D2
:10505000F401020007F1260107F1270207F1170307
:105060000E9307F118030D9307F119030C9307F141
:105070001A030B9307F11B030A9307F11C0309930F
:1050800007F11D03089307F11E03079307F11F03A0
:10509000069307F12003059307F12103049307F119
:1050A0002203039307F12303029307F124030193DF
:1050B00007F1250300930B46B149B86808F06EF874
:1050C000034687F82E3097F92E30002B40F31782D5
:1050D00097F92730592B0FD097F92730792B0BD020
:1050E00097F92730542B07D097F92730742B03D02A
:1050F00097F92730312B02D1012387F83F3097F9F8
:105100002630592B0FD097F92630792B0BD097F9F1
:105110002630542B07D097F92630742B03D097F9FB
:105120002630312B02D1012387F83E3097F9253004
:10513000592B0FD097F92530792B0BD097F92530C3
:10514000542B07D097F92530742B03D097F92530CD
:10515000312B02D1012387F83D3097F92430592BA8
:105160000FD097F92430792B0BD097F92430542B9A
:1051700007D097F92430742B03D097F92430312BC2
:1051800002D1012387F83C3097F92330592B0FD0F7
:1051900097F92330792B0BD097F92330542B07D074
:1051A00097F92330742B03D097F92330312B02D198
:1051B000012387F83B3097F92230592B0FD097F90C
:1051C0002230792B0BD097F92230542B07D097F946
:1051D0002230742B03D097F92230312B02D10123D6
:1051E00087F83A3097F92130592B0FD097F92130B1
:1051F000792B0BD097F92130542B07D097F9213018
:10520000742B03D097F92130312B02D1012387F879
:10521000393097F92030592B0FD097F92030792B5E
:105220000BD097F92030542B07D097F92030742BEE
:1052300003D097F92030312B02D1012387F8383081
:1052400097F91F30592B0FD097F91F30792B0BD0BE
:1052500097F91F30542B07D097F91F30742B03D0C8
:1052600097F91F30312B02D1012387F8373097F996
:105270001E30592B0FD097F91E30792B0BD097F990
:105280001E30542B07D097F91E30742B03D097F99A
:105290001E30312B02D1012387F8363097F91D30AB
:1052A000592B0FD097F91D30792B0BD097F91D3062
:1052B000542B07D097F91D30742B03D097F91D306C
:1052C000312B02D1012387F8353097F91C30592B47
:1052D0000FD097F91C30792B0BD097F91C30542B39
:1052E00007D097F91C30742B03D097F91C30312B61
:1052F00002D1012387F8343097F91B30592B0FD096
:1053000097F91B30792B0BD097F91B30542B07D012
:1053100097F91B30742B03D097F91B30312B02D136
:10532000012387F8333097F91A30592B0FD097F9AA
:105330001A30792B0BD097F91A30542B07D097F9E4
:105340001A30742B03D097F91A30312B02D1012374
:1053500087F8323097F91930592B13D097F9193053
:10536000792B0FD097F91930542B0BD097F91930AE
:10537000742B07D097F91930312B06D102E000BF0A
:1053800030020200012387F8313097F91830592B89
:105390000FD097F91830792B0BD097F91830542B80
:1053A00007D097F91830742B03D097F91830312BA8
:1053B00002D1012387F8303097F91730592B0FD0DD
:1053C00097F91730792B0BD097F91730542B07D05A
:1053D00097F91730742B03D097F91730312B02D17E
:1053E000012387F82F3097F8293097F83F2062F390
:1053F000451387F8293097F8293097F83E2062F353
:10540000861387F8293097F8293097F83D2062F302
:10541000C71387F8293097F82B3097F83C2062F3B0
:10542000861387F82B3097F82B3097F83B2062F3E0
:10543000C71387F82B3097F82A3097F83A2062F391
:10544000000387F82A3097F82A3097F8392062F35A
:10545000410387F82A3097F82A3097F8382062F30A
:10546000820387F82A3097F82A3097F8372062F3BA
:10547000C30387F82A3097F82A3097F8362062F36A
:10548000041387F82A3097F82A3097F8352062F30A
:10549000861387F82A3097F82B3097F8342062F378
:1054A000000387F82B3097F82B3097F8332062F3FE
:1054B000410387F82B3097F82B3097F8322062F3AE
:1054C000820387F82B3097F82B3097F8312062F35E
:1054D000C30387F82B3097F82B3097F8302062F30E
:1054E000041387F82B3097F82B3097F82F2062F3AE
:1054F000451387F82B300C4B1B68BA6A1A620A4BAB
:105500001B681B6ABB62094806F04AFE07F12803C4
:105510001846FEF729F9B86808F010FB03465BB29D
:1055200018464037BD4680BD4C0000207402020082
:1055300080B588B000AFF860B9607A603B6007F171
:1055400018031846FEF702F9304B1B68002B0CBFFE
:1055500001230023DBB2002B05D02D4806F020FEEE
:105560007B685BB24EE00023FB7707F117031A4616
:105570002849B86807F012FE0346BB7797F91E303A
:10558000002B2EDD97F91730592B0FD097F91730D4
:10559000792B0BD097F91730542B07D097F9173088
:1055A000742B03D097F91730312B01D10123FB77EE
:1055B000164B1B681B6ABB61FB7EFA7F62F3C30359
:1055C000FB76124B1B68BA691A62FB7F002B01D075
:1055D000312300E0302397F9172019460E4806F0D2
:1055E000DFFD0A4B1B681B6ABB61FB7EC3F3C00374
:1055F000DBB21946094806F0D3FDB86808F09EFAF8
:1056000003465BB218462037BD4680BD4C000020E3
:10561000A0020200D0020200D4020200F002020046
:1056200080B588B000AFF860B9607A603B6007F180
:1056300018031846FEF78AF8384B1B68002B0CBF7E
:1056400001230023DBB2002B05D0354806F0A8FD6E
:105650007B685BB25DE00023FB7707F117031A4616
:105660003049B86807F09AFD0346BB7797F91E30BA
:10567000002B3DDD97F91730592B0FD097F91730D4
:10568000792B0BD097F91730542B07D097F9173097
:10569000742B03D097F91730312B01D10123FB77FD
:1056A0001E4B1B681B6ABB61FB7F002B08D0FB7E77
:1056B00023F00203FB76FB7E43F00403FB7607E056
:1056C000FB7E43F00203FB76FB7E23F00403FB76B4
:1056D000124B1B68BA691A62FB7F002B01D0312381
:1056E00000E0302397F9172019460F4806F058FDBF
:1056F0000A4B1B681B6ABB61FB7EC3F38003DBB2F2
:1057000019460A4806F04CFDB86808F017FA034637
:105710005BB218462037BD4680BD00BF4C0000205C
:1057200014030200D00202004803020064030200D6
:1057300080B586B000AFF860B9607A603B60002346
:105740003B611B4B1B68002B0CBF01230023DBB20A
:10575000002B05D0174806F023FD7B685BB222E0E2
:1057600007F110031A461449B86807F017FD0346FD
:10577000FB7597F91730002B09DD3B693A6919462B
:105780000E4806F00DFD3A69094B1B689A61084BFB
:105790001B689B693B613B693A691946084806F0FA
:1057A000FFFC7B685BB218461837BD4680BD00BF62
:1057B0004C00002088030200D4030200D80302003A
:1057C0000804020080B588B000AFF860B9607A6064
:1057D0003B6007F118031846FDF758FF00237B6173
:1057E000224B1B68002B0CBF01230023DBB2002BD4
:1057F00005D01F4806F0D4FC7B685BB231E007F1AE
:1058000014031A461B49B86807F0C8FC0346FB7727
:1058100097F91F30002B12DD7B699BB23B83164842
:1058200006F0BEFC07F118031846FDF743FF1348C6
:1058300006F0B6FC0D4B1B68BA69C3F8CC200B4BC5
:105840001B68D3F8CC30BB610D4806F0A9FC07F10A
:1058500018031846FDF72EFF084806F0A1FC7B68E8
:105860005BB218462037BD4680BD00BF4C0000200B
:1058700030040200D4030200840402005CFD010035
:10588000B004020080B485B000AFF860B9607A60FF
:105890003B60FB68BA681A60FB687A685A60FB680C
:1058A0003A689A60FB6818461437BD4680BC70475A
:1058B00098B500AF2C4C2D4B2D4A41F201012046EA
:1058C000FFF7E0FF0C34294B2A4A01212046FFF75D
:1058D000D9FF0C34284B294A42F202012046FFF737
:1058E000D1FF0C34264B274A42F203012046FFF732
:1058F000C9FF0C34244B254A42F204012046FFF72D
:10590000C1FF0C34224B234A42F205012046FFF727
:10591000B9FF0C34204B214A42F206012046FFF722
:10592000B1FF0C341E4B1F4A42F207012046FFF71D
:10593000A9FF0C341C4B1D4A42F208012046FFF718
:10594000A1FF0C341A4B1B4A42F209012046FFF713
:1059500099FF04F10C00184B184A42F20A01FFF7B4
:1059600091FF00BF98BD00BF641A002009600000CD
:1059700008060200200602008560000044060200BE
:10598000256100005C060200F1610000740602005F
:10599000D16300009806020091660000BC06020078
:1059A000416D0000D4060200C56D0000F006020043
:1059B000496E00000C070200CD6E000028070200AF
:1059C00080B500AFFFF774FF80BD000080B582B0E6
:1059D00000AF786039607B681B68184616F0A4FE3B
:1059E0003B68D3E9002316F009FF02460B46104638
:1059F00019464FF00002054B17F02AF802460B46F5
:105A0000104619460837BD4680BD00BF00005E4104
:105A100080B584B000AF7860396011A3D3E900236A
:105A2000C7E9022307F1080319463868FFF7CEFFDC
:105A30007B68D3E9002316F0E1FE02460B461046D0
:105A400019467B68D3E9022316F022FD02460B4675
:105A5000104619461037BD4680BD00BFAFF3008029
:105A6000FCA9F1D24D62104080B582B000AF7860E1
:105A70007B68043319460548FFF7CAFF02460B4608
:105A8000104619460837BD4680BD00BF205E002085
:105A900080B582B000AF78607B680833194605484E
:105AA000FFF7B6FF02460B46104619460837BD46BB
:105AB00080BD00BF305E002080B582B000AF78604E
:105AC0007B680C3319460548FFF7A2FF02460B46D8
:105AD000104619460837BD4680BD00BF405E002015
:105AE00080B582B000AF78607B68103319460548F6
:105AF000FFF78EFF02460B46104619460837BD4693
:105B000080BD00BF505E002080B582B000AF7860DD
:105B10007B68143319460548FFF77AFF02460B46A7
:105B2000104619460837BD4680BD00BF605E0020A4
:105B300080B582B000AF78607B681833194605489D
:105B4000FFF766FF02460B46104619460837BD466A
:105B500080BD00BF705E002080B582B000AF78606D
:105B60007B681C3319460548FFF752FF02460B4677
:105B7000104619460837BD4680BD00BF805E002034
:105B800080B582B000AF78607B6820331946054845
:105B9000FFF73EFF02460B46104619460837BD4642
:105BA00080BD00BF905E002080B582B000AF7860FD
:105BB0007B68243319460548FFF72AFF02460B4647
:105BC000104619460837BD4680BD00BFA05E0020C4
:105BD00080B582B000AF78607B68283319460548ED
:105BE000FFF716FF02460B46104619460837BD461A
:105BF00080BD00BFB05E002080B582B000AF78608D
:105C00007B682C3319460548FFF702FF02460B4616
:105C1000104619460837BD4680BD00BFC05E002053
:105C200080B582B000AF78607B6830331946054894
:105C3000FFF7EEFE02460B46104619460837BD46F2
:105C400080BD00BFD05E002080B582B000AF78601C
:105C50007B68343319460548FFF7DAFE02460B46E7
:105C6000104619460837BD4680BD00BFE05E0020E3
:105C700080B582B000AF78607B683833194605483C
:105C8000FFF7C6FE02460B46104619460837BD46CA
:105C900080BD00BFF05E002080B582B000AF7860AC
:105CA0007B683C3319460548FFF7B2FE02460B46B7
:105CB000104619460837BD4680BD00BF005F002072
:105CC00080B582B000AF78607B68403319460548E4
:105CD000FFF79EFE02460B46104619460837BD46A2
:105CE00080BD00BF105F002080B582B000AF78603B
:105CF0007B68443319460548FFF78AFE02460B4687
:105D0000104619460837BD4680BD00BF205F002001
:105D100080B582B000AF78607B684833194605488B
:105D2000FFF776FE02460B46104619460837BD4679
:105D300080BD00BF305F002080B582B000AF7860CA
:105D40007B684C3319460548FFF762FE02460B4656
:105D5000104619460837BD4680BD00BF405F002091
:105D600080B582B000AF78607B6850331946054833
:105D7000FFF74EFE02460B46104619460837BD4651
:105D800080BD00BF505F002080B582B000AF78605A
:105D90007B68543319460548FFF73AFE02460B4626
:105DA000104619460837BD4680BD00BF605F002021
:105DB00080B582B000AF78607B68583319460548DB
:105DC000FFF726FE02460B46104619460837BD4629
:105DD00080BD00BF705F002080B582B000AF7860EA
:105DE0007B685C3319460548FFF712FE02460B46F6
:105DF000104619460837BD4680BD00BF805F0020B1
:105E000080B582B000AF78607B6860331946054882
:105E1000FFF7FEFD02460B46104619460837BD4601
:105E200080BD00BF905F002080B582B000AF786079
:105E30007B68643319460548FFF7EAFD02460B46C6
:105E4000104619460837BD4680BD00BFA05F002040
:105E500080B582B000AF78607B686833194605482A
:105E6000FFF7D6FD02460B46104619460837BD46D9
:105E700080BD00BFB05F002080B582B000AF786009
:105E80007B686C3319460548FFF7C2FD02460B4696
:105E9000104619460837BD4680BD00BFC05F0020D0
:105EA00080B582B000AF78607B68703319460548D2
:105EB000FFF7AEFD02460B46104619460837BD46B1
:105EC00080BD00BFD05F002080B582B000AF786099
:105ED0007B68743319460548FFF79AFD02460B4666
:105EE000104619460837BD4680BD00BFE05F002060
:105EF00080B582B000AF78607B687833194605487A
:105F0000FFF786FD02460B46104619460837BD4688
:105F100080BD00BFF05F002080B582B000AF786028
:105F20007B687C3319460548FFF772FD02460B4635
:105F3000104619460837BD4680BD00BF00600020EE
:105F400080B582B000AF78607B6880331946054821
:105F5000FFF75EFD02460B46104619460837BD4660
:105F600080BD00BF1060002080B582B000AF7860B7
:105F70007B68843319460548FFF74AFD02460B4605
:105F8000104619460837BD4680BD00BF206000207E
:105F900080B582B000AF78607B68883319460548C9
:105FA000FFF736FD02460B46104619460837BD4638
:105FB00080BD00BF3060002080B582B000AF786047
:105FC0007B688C3319460548FFF722FD02460B46D5
:105FD000104619460837BD4680BD00BF406000200E
:105FE00080B582B000AF78607B6890331946054871
:105FF000FFF70EFD02460B46104619460837BD4610
:1060000080BD00BF5060002080B58AB002AFF8604C
:10601000B9607A603B6000237B61C523BB610023CC
:10602000FB61164B1B68002B14BF01230023DBB25E
:10603000002B07D0114B1B681B687B610F4B1B6843
:106040005B68FB610C210E4806F0B2FF07F11403F8
:106050001846FDF767FB0A2007F03EF807F1140326
:106060000C220092002241F20101386806F004F887
:106070007B685BB218462037BD4680BD4C000020CF
:10608000F00A020080B58AB002AFF860B9607A60A9
:106090003B607B680B2B1DD9BB68FB61FB691968F2
:1060A000FB6904331A68FB6908331B681A4806F059
:1060B0007FFFFB691A68194B1B68DA62FB690433BE
:1060C0001A68164B1B681A63FB6908331A68134B6E
:1060D0001B685A63114B1B68DB6A3B610F4B1B68E3
:1060E0001B6B7B610D4B1B685B6BBB6139697A690C
:1060F000BB690B4806F05CFF07F110030C2200920D
:10610000002242F20201386805F0B6FF7B685BB2FC
:1061100018462037BD4680BD280B02004C000020E9
:10612000640B0200B0B590B002AFF860B9607A605D
:106130003B6007F1140302241D4604E02846FDF7E6
:10614000DEF9013C0835002CF8DA264B1B68C83311
:1061500001221A70234B1B68DB6B7B61214B1B6890
:106160001B6CFB6207F12C0207F114031146184661
:10617000FDF7E2F91B4B1B685B6CFB61194B1B685D
:106180009B6C3B6307F1300207F11403083311469F
:106190001846FDF7D1F9134B1B68DB6C7B62114B82
:1061A0001B681B6D7B6307F1340207F11403103386
:1061B00011461846FDF7C0F97969FA697B6A0A4801
:1061C00006F0F6FE07F1140318220092002242F2B4
:1061D0000301386805F050FF7B685BB2184638371A
:1061E000BD46B0BD4C000020A00B02000000000026
:1061F000B0B598B004AFF860B9607A603B60796878
:106200006F4806F0D5FE6F4B1B68C83301221A7029
:1062100007F120031846FDF772F907F11803184635
:10622000FDF76DF907F110031846FDF768F9654BA6
:106230001B68DB6B3B62634B1B681B6C7B6407F169
:10624000440207F1200311461846FDF775F95D4B2E
:106250001B685B6CBB615B4B1B689B6CBB6407F191
:10626000480207F1180311461846FDF765F9554B2A
:106270001B68DB6C3B61534B1B681B6DFB6407F1B8
:106280004C0207F1100311461846FDF755F93B6A19
:10629000184616F049FA04460D46B7F92630184656
:1062A00016F042FA02460B462046294616F0D0FB6D
:1062B00002460B46104619463FA3D3E9002316F0C9
:1062C0009DFA02460B46104619464FF000023E4B1F
:1062D00016F0BEFB02460B46C7E90A23BB69184607
:1062E00016F022FA04460D46B7F91E30184616F08D
:1062F0001BFA02460B462046294616F0A9FB024629
:106300000B46104619462CA3D3E9002316F076FA63
:1063100002460B46104619464FF000022A4B16F073
:1063200097FB02460B46C7E90C233B69184616F05B
:10633000FBF904460D46B7F91630184616F0F4F985
:1063400002460B462046294616F082FB02460B46C3
:106350001046194618A3D3E9002316F04FFA024657
:106360000B46104619464FF00002174B16F070FB13
:1063700002460B46C7E90E23D7E90A45D7E90C23A5
:10638000D7E90E01CDE90201CDE9002322462B46D3
:106390000E4806F00DFE07F1280318220092002295
:1063A00042F20401386805F067FE7B685BB218466C
:1063B0005037BD46B0BD00BFFCA9F1D24D621040C0
:1063C000D40B02004C00002000006041000C0200D1
:1063D00080B59CB00AAFF860B9607A603B604FF05E
:1063E00000024FF00003C7E910234FF000024FF006
:1063F0000003C7E90E234FF000024FF00003C7E986
:106400000C230023FB620023BB6200237B627B68BA
:10641000172B40F2AC80BB683B623B6AD3E9002398
:10642000C7E910233B6A0833D3E90023C7E90E23E9
:106430003B6A1033D3E90023C7E90C234FF06042D5
:106440008D4BD7E9100116F0D9F902460B461046DC
:1064500019464FF00002894B16F0D0F902460B4660
:106460001046194682A3D3E9002316F0F1FA02463A
:106470000B461046194616F099FC0346FB624FF096
:1064800060427D4BD7E90E0116F0B8F902460B4683
:10649000104619464FF00002784B16F0AFF902464D
:1064A0000B461046194672A3D3E9002316F0D0FA22
:1064B00002460B461046194616F078FC0346BB62AE
:1064C0004FF060426C4BD7E90C0116F097F9024689
:1064D0000B46104619464FF00002684B16F08EF935
:1064E00002460B461046194661A3D3E9002316F075
:1064F000AFFA02460B461046194616F057FC034603
:106500007B627B6A0893D7E90C23CDE90623BB6A3B
:106510000493D7E90E23CDE90223FB6A0093D7E960
:106520001023574806F044FD3B6AD3E90023104688
:10653000194616F03BFC0246524B1B68DA623B6A76
:106540000833D3E900231046194616F02FFC024603
:106550004C4B1B681A633B6A1033D3E90023104687
:10656000194616F023FC0246464B1B685A63454BFE
:106570001B68DB6AFB62434B1B681B6BBB62414BB6
:106580001B685B6B7B62F86A16F0BEF838A3D3E930
:10659000002316F033F902460B46104619464FF019
:1065A0006242394B16F054FA02460B46C7E91023F3
:1065B000B86A16F0A9F82EA3D3E9002316F01EF945
:1065C00002460B46104619464FF062422E4B16F01B
:1065D0003FFA02460B46C7E90E23786A16F094F894
:1065E00023A3D3E9002316F009F902460B4610460F
:1065F00019464FF06242244B16F02AFA02460B4627
:10660000C7E90C23D7E9100116F0D0FB03467B61E4
:10661000D7E90E0116F0CAFB0346BB61D7E90C01AE
:1066200016F0C4FB0346FB617B6A0893D7E90C2391
:10663000CDE90623BB6A0493D7E90E23CDE90223F3
:10664000FB6A0093D7E91023104806F0B1FC07F16C
:10665000140318220092002242F20501386805F066
:106660000BFD7B685BB218464837BD4680BD00BF56
:10667000FCA9F1D24D621040FFFF6F4100004E4077
:10668000440C02004C000020FFFFCD41940C02009E
:1066900090B5CFB002AF07F59874A4F5927420605E
:1066A00007F59870A0F59470016007F59871A1F551
:1066B00096710A6007F59872A2F598721360C8483F
:1066C000FFF7D2F902460B4607F59871A1F59071D4
:1066D000C1E90023C248FFF7DBF902460B4607F584
:1066E0009871A1F59071C1E90223BD48FFF7E4F963
:1066F00002460B4607F59871A1F59071C1E9042394
:10670000B748FFF7EDF902460B4607F59871A1F57A
:106710009071C1E90623B248FFF7F6F902460B462D
:1067200007F59871A1F59071C1E90823AC48FFF70E
:10673000FFF902460B4607F59871A1F59071C1E982
:106740000A23A748FFF708FA02460B4607F5987197
:10675000A1F59071C1E90C23A148FFF711FA024697
:106760000B4607F59871A1F59071C1E90E239C487D
:10677000FFF71AFA02460B4607F59871A1F59071DA
:10678000C1E910239648FFF723FA02460B4607F5A6
:106790009871A1F59071C1E912239148FFF72CFA85
:1067A00002460B4607F59871A1F59071C1E91423D3
:1067B0008B48FFF735FA02460B4607F59871A1F5AD
:1067C0009071C1E916238648FFF73EFA02460B4650
:1067D00007F59871A1F59071C1E918238048FFF77A
:1067E00047FA02460B4607F59871A1F59071C1E989
:1067F0001A237B48FFF750FA02460B4607F59871BB
:10680000A1F59071C1E91C237548FFF759FA0246BA
:106810000B4607F59871A1F59071C1E91E237048E8
:10682000FFF762FA02460B4607F59871A1F59071E1
:10683000C1E920236A48FFF76BFA02460B4607F5C9
:106840009871A1F59071C1E922236548FFF774FAA8
:1068500002460B4607F59871A1F59071C1E9242312
:106860005F48FFF77DFA02460B4607F59871A1F5E0
:106870009071C1E926235A48FFF786FA02460B4673
:1068800007F59871A1F59071C1E928235448FFF7E5
:106890008FFA02460B4607F59871A1F59071C1E990
:1068A0002A234F48FFF798FA02460B4607F59871DE
:1068B000A1F59071C1E92C234948FFF7A1FA0246DE
:1068C0000B4607F59871A1F59071C1E92E23444854
:1068D000FFF7AAFA02460B4607F59871A1F59071E9
:1068E000C1E930233E48FFF7B3FA02460B4607F5ED
:1068F0009871A1F59071C1E932233948FFF7BCFACC
:1069000002460B4607F59871A1F59071C1E9342351
:106910003348FFF7C5FA02460B4607F59871A1F513
:106920009071C1E936232E48FFF7CEFA02460B4696
:1069300007F59871A1F59071C1E938232848FFF750
:10694000D7FA02460B4607F59871A1F59071C1E997
:106950003A232348FFF7E0FA02460B4607F5987101
:10696000A1F59071C1E93C231D48FFF7E9FA024601
:106970000B4607F59871A1F59071C1E93E231848BF
:10698000FFF7F2FA02460B4607F59871A1F59071F0
:10699000C1E940231248FFF7FBFA02460B4607F510
:1069A0009871A1F59071C1E942230D48FFF704FBEE
:1069B00002460B4607F59871A1F59071C1E9442391
:1069C0000748FFF70DFB02460B4607F59871A1F546
:1069D0009071C1E94623034806F0D8FB04E000BFEC
:1069E000805C0020E40C020007F59873A3F5907317
:1069F000D3E90023AD4805F0D3FB07F59873A3F561
:106A00009073D3E90223AA4805F0CAFB07F59873EF
:106A1000A3F59073D3E90423A64805F0C1FB07F55D
:106A20009873A3F59073D3E90623A34805F0B8FB48
:106A300007F59873A3F59073D3E908239F4805F0F1
:106A4000AFFB07F59873A3F59073D3E90A239C482D
:106A500005F0A6FB07F59873A3F59073D3E90C2313
:106A6000984805F09DFB07F59873A3F59073D3E95B
:106A70000E23954805F094FB07F59873A3F59073E2
:106A8000D3E91023914805F08BFB07F59873A3F524
:106A90009073D3E912238E4805F082FB07F59873B3
:106AA000A3F59073D3E914238A4805F079FB07F521
:106AB0009873A3F59073D3E91623874805F070FB0C
:106AC00007F59873A3F59073D3E91823834805F06D
:106AD00067FB07F59873A3F59073D3E91A238048F1
:106AE00005F05EFB07F59873A3F59073D3E91C23BB
:106AF0007C4805F055FB07F59873A3F59073D3E92F
:106B00001E23794805F04CFB07F59873A3F59073A5
:106B1000D3E92023754805F043FB07F59873A3F5E7
:106B20009073D3E92223724805F03AFB07F5987376
:106B3000A3F59073D3E924236E4805F031FB07F5E4
:106B40009873A3F59073D3E926236B4805F028FBCF
:106B500007F59873A3F59073D3E92823674805F0E8
:106B60001FFB07F59873A3F59073D3E92A236448B4
:106B700005F016FB07F59873A3F59073D3E92C2362
:106B8000604805F00DFB07F59873A3F59073D3E902
:106B90002E235D4805F004FB07F59873A3F5907369
:106BA000D3E93023594805F0FBFA07F59873A3F5AC
:106BB0009073D3E93223564805F0F2FA07F598733B
:106BC000A3F59073D3E93423524805F0E9FA07F5A9
:106BD0009873A3F59073D3E936234F4805F0E0FA94
:106BE00007F59873A3F59073D3E938234B4805F064
:106BF000D7FA07F59873A3F59073D3E93A23484879
:106C000005F0CEFA07F59873A3F59073D3E93C230A
:106C1000444805F0C5FA07F59873A3F59073D3E9D6
:106C20003E23414805F0BCFA07F59873A3F590732D
:106C3000D3E940233D4805F0B3FA07F59873A3F56F
:106C40009073D3E942233A4805F0AAFA07F59873FE
:106C5000A3F59073D3E94423364805F0A1FA07F56C
:106C60009873A3F59073D3E94623334805F098FA57
:106C7000324806F08BFA07F1100307F59872A2F577
:106C800098704FF490720092002242F20601006860
:106C900005F0F2F907F59873A3F596731B685BB2DC
:106CA000184607F59A77BD4690BD00BF100D02004B
:106CB000200D0200300D0200400D0200500D0200B8
:106CC000600D0200700D0200840D0200980D02009C
:106CD000AC0D0200C00D0200D40D0200E80D020050
:106CE000FC0D0200100E0200240E0200380E0200FD
:106CF0004C0E0200600E0200700E0200800E0200B8
:106D0000900E0200A40E0200B40E0200C40E020097
:106D1000D80E0200E80E0200FC0E02000C0F02006A
:106D20001C0F0200300F0200400F0200500F020043
:106D3000640F0200740F0200840F0200980F02001B
:106D400080B588B002AFF860B9607A603B607B685C
:106D5000032B0FD9BB687B61164806F029F97869C7
:106D6000FCF702FD144806F011FA144B1B687A690F
:106D700012681A62114B1B681B6A3B61104806F0CF
:106D800017F907F110031846FCF7EEFC0A4806F065
:106D9000FDF907F1100304220092002242F20701DC
:106DA000386805F069F97B685BB218461837BD464C
:106DB00080BD00BFC00F0200EC0F02004C0000209D
:106DC000F00F020080B588B002AFF860B9607A6059
:106DD0003B607B68032B10D9BB687B61164806F0CB
:106DE000E7F87869FCF702FC144806F0CFF9144B79
:106DF0001B687A69243310681860114B1B685B6A42
:106E00003B61104806F0D4F807F110031846FCF770
:106E1000EDFB0A4806F0BAF907F1100304220092CC
:106E2000002242F20801386805F026F97B685BB25F
:106E300018461837BD4680BD1C100200EC0F02003A
:106E40004C0000204410020080B588B002AFF8600A
:106E5000B9607A603B607B68032B10D9BB687B61AB
:106E6000164806F0A5F87869FCF7F2FB144806F01E
:106E70008DF9144B1B687A69283310681860114B20
:106E80001B689B6A3B61104806F092F807F11003FB
:106E90001846FCF7DDFB0A4806F078F907F1100305
:106EA00004220092002242F20901386805F0E4F859
:106EB0007B685BB218461837BD4680BD6C10020077
:106EC000EC0F02004C0000209810020080B588B042
:106ED00002AFF860B9607A603B607B68032B10D921
:106EE000BB687B61174806F063F87869FCF7E2FB42
:106EF000154806F04BF9154B1B687A69CC331068BE
:106F00001860124B1B68D3F8CC303B61104806F078
:106F10004FF807F110031846FCF7CCFB0A4806F0BF
:106F200035F907F1100304220092002242F20A010F
:106F3000386805F0A1F87B685BB218461837BD4683
:106F400080BD00BFC0100200EC0F02004C0000200A
:106F5000E810020080B483B000AF7860044A7B6818
:106F60001A607B6818460C37BD4680BC704700BF6E
:106F7000F819020080B483B000AF7860044A7B68DF
:106F80001A607B6818460C37BD4680BC704700BF4E
:106F9000F819020080B582B000AF78607868FFF71A
:106FA000E9FF0421786816F0A7F97B6818460837CE
:106FB000BD4680BD80B582B000AF78607B68184662
:106FC000FFF7C8FF034A7B681A607B6818460837DA
:106FD000BD4680BDCC19020080B582B000AF78609C
:106FE000054A7B681A607B681846FFF7C3FF7B6819
:106FF00018460837BD4680BDCC19020080B582B066
:1070000000AF78607868FFF7E7FF0421786816F032
:1070100073F97B6818460837BD4680BD80B586B0D9
:1070200000AFF860B9607A6000237B6114E0BA6851
:107030007B6913441B78002B13D0FB681B68143347
:107040001B68B9687A690A44127852B21146F86826
:1070500098477B6901337B617A697B689A42E6D302
:1070600000E000BF00BF1837BD4680BD80B483B0CC
:1070700000AF78603960064A7B681A607B683A68BE
:107080005A607B6818460C37BD4680BC704700BF0D
:10709000B819020080B483B000AF7860044A7B68FE
:1070A0001A607B6818460C37BD4680BC704700BF2D
:1070B000B819020080B582B000AF78607868FFF739
:1070C000E9FF0821786816F017F97B681846083739
:1070D000BD4680BD80B483B000AF786039603B6846
:1070E0001A687B681A607B6818460C37BD4680BCFE
:1070F0007047000080B483B000AF7860044A7B68BA
:107100001A607B6818460C37BD4680BC704700BFCC
:107110002C19020080B483B000AF7860044A7B6809
:107120001A607B6818460C37BD4680BC704700BFAC
:107130002C19020080B582B000AF78607868FFF744
:10714000E9FF0421786816F0D7F87B6818460837FD
:10715000BD4680BD80B483B000AF7860044A7B68D0
:107160001A607B6818460C37BD4680BC704700BF6C
:107170000C19020080B483B000AF7860044A7B68C9
:107180001A607B6818460C37BD4680BC704700BF4C
:107190000C19020080B582B000AF78607868FFF704
:1071A000E9FF0421786816F0A7F87B6818460837CD
:1071B000BD4680BD80B485B000AFF860B9607A602C
:1071C00000BF1437BD4680BC704780B485B000AFA7
:1071D000F860B9607A6000BF1437BD4680BC704764
:1071E00080B485B000AFF860B9607A6000BF143732
:1071F000BD4680BC704780B485B000AFF860B96010
:107200007A6000BF1437BD4680BC704780B584B03B
:1072100000AFF860B9607A603B60FB68B9681846F7
:10722000FFF724FF2F4AFB681A60FB6800229A6070
:10723000FB6803F5805300229A81FB6803F58053B5
:107240001A467B681361FB6803F580531A463B6856
:107250005361FB6803F580531A46BB699361FB6871
:1072600003F580531A46FB69D361FB6803F580532D
:10727000002283F82020FB6803F58053002283F866
:107280002120FB6803F580531A4600235362FB68F4
:1072900003F580531A4600239362FB6803F580537D
:1072A0001A460023D362FB6803F580531A46002375
:1072B0001363FB6803F580531A4600235363FB688E
:1072C00003F582531946D7E90A2341E90223D7E996
:1072D0000A23F86800F008F8FB6818461037BD4626
:1072E00080BD00BFF418020090B585B000AFF86013
:1072F000C7E90023FB6803F582531946D7E9002349
:1073000041E90223FB6803F5805300229A81FB6860
:1073100003F580531A4600235362FB6803F580533C
:107320001A4600239362FB6803F580531A46002334
:10733000D362FB6803F580531A4600231363FB688E
:1073400003F580531A4600235363FB6803F580530B
:10735000002283F82120FB680C334FF48052002177
:10736000184606F07FF8FB6803F5805393F8203049
:10737000002B20D0FB6803F580531B691B6820336A
:107380001B68FA6802F58052126910469847044655
:10739000FB6803F580531B691B6824331B68FA687C
:1073A00002F5805212691046984703461A46214654
:1073B000034804F0F5FE002318461437BD4690BD7F
:1073C000EC11020080B485B000AFF860C7E900237B
:1073D000FB6803F582531946D7E9002341E90223EC
:1073E000FB6803F5805300229A81FB6803F5805304
:1073F0001A4600235362FB6803F580531A460023A4
:107400009362FB6803F580531A460023D362FB683E
:1074100003F580531A4600231363FB6803F580537A
:107420001A4600235363FB6803F58053002283F858
:107430002120002318461437BD4680BC7047000049
:1074400090B585B000AF78600023FB737B685B6804
:107450001B680C331B687A685268104698470346CD
:1074600083F00103DBB2002B01D0002389E07B68AD
:107470005B681B6810331B687A685268104698472F
:107480000346BB737B6803F5805393F82030002BD1
:1074900004D0BB7B19463D4805F08AFD97F90E30B4
:1074A0001946786800F074F87B6803F5805393F808
:1074B000213083F00103DBB2002B49D0786800F063
:1074C000BFF80346FB73FB7B002B59D07B6803F5A9
:1074D00080531B691B6834331C687B6803F5805339
:1074E00018697B6803F10C017B6803F580539B8965
:1074F0001A467B6803F580535B6AA04702467B68A7
:1075000003F58053DA627B6803F580531B691B68BF
:1075100020331B687A6802F580521269104698473A
:1075200002467B6803F580531A637B6803F580533A
:107530001B691B6824331B687A6802F58052126944
:107540001046984702467B6803F580535A6317E05C
:107550007B6803F580539B8919467B6803F580534C
:107560001A6B7B6803F580535B6B1A447B6803F5E9
:107570008053DB6A1344994202D3786800F0B2F872
:10758000012318461437BD4690BD00BF18120200F3
:1075900080B584B000AF78600B46FB707B6803F564
:1075A00080539B89B3F5805F13D27B6803F58053CA
:1075B0009B891946FA787B680B441A737B6803F53C
:1075C00080539B8901339AB27B6803F580539A817B
:1075D0002FE07B6803F5805393F82030002B0AD00E
:1075E0007B6803F10C017B6803F580539B891A4685
:1075F000124804F0D5FD7B6803F58053DB691B68F6
:1076000014331B687A6802F58052D0697A6802F1F7
:107610000C017A6802F580529289FA6007F10C0237
:1076200098477B6803F5825353E902237868FFF794
:107630005BFE00BF1037BD4680BD00BF20120200B8
:1076400090B583B000AF78607B6803F5805393F802
:10765000213083F00103DBB2002B16D07B6803F5E9
:1076600080539B891C467B6803F580531B691B680C
:1076700020331B687A6802F58052126910469847D9
:1076800003469C4201D3012300E00023002B24D0B9
:107690007B6803F580531B691B6810331C687B688B
:1076A00003F5805318697B6803F10C017B6803F5CF
:1076B00080539B891A467B6803F581530433A047A6
:1076C0000346002B07D07B6803F58053012283F823
:1076D0002120012302E0002300E0002318460C379C
:1076E000BD4690BDF0B58FB004AF78607B680022D6
:1076F0009A60002387F827307B6803F580531B6965
:107700001B6814331C687B6803F5805318697B6819
:1077100003F10C017B6803F580539B891A467B6853
:107720000833A047034683F00103DBB2002B01D0EE
:107730000023DFE17B6803F580531B691B68383346
:107740001C687B6803F5805318697B6803F10C01A2
:107750007B6803F580539B891D467B6803F5805346
:107760005A6A7B689B68009313462A46A0470346E3
:10777000002B00F08F817B6803F5825353E90223CD
:10778000B3F1FF3F08BFB2F1FF3F37D07B6803F58D
:1077900080531B691B683C331C687B6803F580536E
:1077A00018697B6803F10C017B6803F580535A6A02
:1077B0007B689B68A0470346002B1FD17B6803F5BD
:1077C000825353E902457B6803F580531B691B68AC
:1077D00040331E687B6803F5805318697B6803F1AA
:1077E0000C017B6803F580535A6A7B689B68B0473D
:1077F00002460B469D4208BF944201D1012300E09E
:107800000023002B00F0DD80002387F826300023C2
:107810003B6278E07B6803F580531B691B68483343
:107820001C687B6803F580531D697B6803F10C06B7
:107830007B6803F580539B899C467B6803F58053E6
:107840005B6A3B607B6899687B6803F58053586985
:107850003A6A13465B0013449B0003441B68019380
:1078600000913B68624631462846A0470346002BFC
:1078700046D07B6803F580535A6A7B6803F58053D2
:107880001B6B134408337A6813440433FB617B6831
:1078900003F5805359693A6A13465B0013449B0011
:1078A0000B449C687B6803F5805359693A6A134618
:1078B0005B0013449B000B441E687B6803F58053F8
:1078C0001B691B6834331D687B6803F58053186996
:1078D0007B6803F10C017B6803F580539B891A4692
:1078E0007B6803F580535B6AA84702467B68F969A9
:1078F0003046A047012387F82630012387F8273038
:107900003B6A01333B627B6803F580539B693A6AAB
:107910009A42FFF47FAF97F8263083F00103DBB281
:10792000002B00F097807B6803F5805393F820309C
:10793000002B26D07B6803F580531B691B684433FA
:107940001C687B6803F5805318697B6803F10C01A0
:107950007B6803F580535A6A7B689B68A0470246A0
:107960000B46796801F580518969786800F5805087
:10797000406A7C68A4680294019000915F4804F01A
:107980000FFC7B6803F58053DB691B680C331B68B5
:107990007A6802F58052D0697A6802F58052526A9C
:1079A000083279680A44141D7A6891687A6802F589
:1079B0008052526A8A1AFA6007F10C0221469847EF
:1079C00048E07B6803F5805393F82030002B22D0E9
:1079D0007B6803F5825353E902457B6803F58053C6
:1079E0001B691B6840331E687B6803F58053186968
:1079F0007B6803F10C017B6803F580535A6A7B684E
:107A00009B68B04702460B46CDE9002322462B4631
:107A10003B4804F0C5FB7B6803F58053DB691B68BA
:107A20000C331B687A6802F58052D0697A6802F5D7
:107A30008052526A083279680A44141D7A68916843
:107A40007A6802F58052526A8A1A3A6107F1100286
:107A5000214698477B6803F58053DB691B68103328
:107A60001B687A6802F58052D0697A6802F5805204
:107A7000526A083279680A44141D7A6891687A68F3
:107A800002F58052526A8A1A7A6107F1140221467D
:107A900098471FE07B6803F5805393F82030002B54
:107AA00002D0184804F07CFB7B6803F58053DB6947
:107AB0001B6808331B687A6802F58052D0697A68BF
:107AC00002F10C017A6802F580529289BA6107F1DD
:107AD000180298477B6803F58053002283F8212021
:107AE0007B6803F5825353E902237868FFF76AFC49
:107AF00097F8273018462C37BD46F0BD78120200A3
:107B0000C81202003013020090B5ADF5815D83B05C
:107B100002AF07F1200444F8140C084607F12001D5
:107B200041F81C2C07F1200242F8203C07F1200309
:107B3000024623F8162C07F1200353F8143C03F5F2
:107B400080531B691B684C331C6807F1200353F8F2
:107B5000143C03F58053186907F120031A4607F116
:107B600020010C3907F5815303F110031B680193C1
:107B700007F1200333F8163C009352F8203C4FF4F1
:107B80008052A04707F5805303F1140318600023C7
:107B900007F5805202F11C02136025E007F1200373
:107BA00053F8143C5B681B6814331B6807F1200210
:107BB00052F8142C506807F12002114607F5805244
:107BC00002F11C0212680A440C3A127852B21146B1
:107BD000984707F5805303F11C031B68013307F531
:107BE000805202F11C02136007F5805303F11C035D
:107BF0001A6807F5805303F114031B689A42CDD32A
:107C000007F1200353F8143C03F5805393F8203018
:107C1000002B3CD007F1200333F8163C07F58152C6
:107C200002F11002126819461C4804F0B9FA002348
:107C300007F5805202F11802136019E007F12003E2
:107C40001A4607F5805303F118031B6813440C3BD5
:107C50001B781946124805F0ABF907F5805303F17C
:107C600018031B68013307F5805202F118021360F4
:107C700007F5805303F118031A6807F5805303F1E1
:107C800014031B689A42D9D3064805F07FFA00BF57
:107C900007F581570437BD4690BD00BF6013020051
:107CA000881302009013020080B483B000AF7860A4
:107CB000012318460C37BD4680BC704780B483B0A2
:107CC00000AF7860044A7B681A607B6818460C37FE
:107CD000BD4680BC704700BFE018020080B582B08E
:107CE00000AF78607868FFF7E9FF0421786815F045
:107CF00003FB7B6818460837BD4680BD80B584B05D
:107D000000AFF860B9607A603B60FB681846FFF727
:107D100051F90D4AFB681A60FB6800221A71FB6872
:107D2000BA689A60FB687A68DA60FB683A681A6138
:107D3000FB68BA695A61FB683A7F1A76FB68184695
:107D40001037BD4680BD00BFB418020080B582B0B8
:107D500000AF7860054A7B681A607B681846FFF7B9
:107D60003BF97B6818460837BD4680BDB418020051
:107D700080B582B000AF78607868FFF7E7FF1C211C
:107D8000786815F0B9FA7B6818460837BD4680BD9B
:107D900080B483B000AF78607B689B68002B01D112
:107DA00000230AE07B689B681B7803F00103DBB2C9
:107DB000002B0CBF01230023DBB218460C37BD4655
:107DC00080BC704780B485B000AF78607B68DB68AA
:107DD000002B03D07B681B69002B01D100230BE033
:107DE0000023FB607B68DB681B68FB607B681B69AA
:107DF0001B68FB60FB685BB218461437BD4680BC4D
:107E0000704780B483B000AF78600B46FB707B682E
:107E10005B69002B04D07B685B6997F903201A60CB
:107E200097F9033018460C37BD4680BC704780B4C4
:107E300083B000AF786000BF0C37BD4680BC704790
:107E400080B483B000AF786000BF0C37BD4680BC03
:107E5000704780B483B000AF7860012318460C37B8
:107E6000BD4680BC704780B483B000AF78607B684B
:107E7000002262F041021A70002262F045025A703C
:107E8000002262F052029A70002242F01B02DA7065
:107E90007B6800221A7100225A717B6800229A7155
:107EA0000022DA717B6818460C37BD4680BC7047EB
:107EB00080B582B000AF78607B681B6819467B682C
:107EC0009B889BB21A467B68DB889BB2034805F00F
:107ED0006FF800BF0837BD4680BD00BF9413020095
:107EE00080B582B000AF78607B681846FFF702F972
:107EF000054A7B681A607B6801221A717B68184604
:107F00000837BD4680BD00BF2818020080B582B08A
:107F100000AF7860054A7B681A607B681846FFF7F7
:107F2000F9F87B6818460837BD4680BD281802005E
:107F300080B582B000AF78607868FFF7E7FF08216E
:107F4000786815F0D9F97B6818460837BD4680BDBA
:107F500080B483B000AF78600B46FB707B68FA7822
:107F60001A7100BF0C37BD4680BC704780B483B027
:107F700000AF78607B681B7918460C37BD4680BC23
:107F80007047000080B487B000AFF860B9607A60D5
:107F90003B6000237B610EE0BA687B6913441B6879
:107FA0000A4A934204D13B687A691A60012308E0C7
:107FB0007B6901337B617B68043B7A699A42EBD32E
:107FC000002318461C37BD4680BC7047BEBAAD1BA7
:107FD00080B487B000AFF860B9607A603B607B68BE
:107FE000043B7B61BA687B6913441B68064A934271
:107FF00004D13B687A691A60012300E00023184627
:108000001C37BD4680BC7047EDAD0F0A80B487B009
:1080100000AFF860B9607A603B603B687B610EE05E
:10802000BA687B6913441B680A4A934204D13B6ACD
:108030007A691A60012308E07B6901337B617B6800
:10804000043B7A699A42EBD3002318461C37BD469D
:1080500080BC7047BEBAAD1B80B487B000AFF8607B
:10806000B9607A603B603B687B610EE0BA687B690F
:1080700013441B680A4A934204D13B6A7A691A6026
:10808000012308E07B6901337B617B68043B7A69EB
:108090009A42EBD9002318461C37BD4680BC704776
:1080A000EDAD0F0A80B483B000AF786008231846A6
:1080B0000C37BD4680BC704780B483B000AF786099
:1080C000082318460C37BD4680BC704780B483B087
:1080D00000AF7860042318460C37BD4680BC70475B
:1080E00080B483B000AF7860082318460C37BD46D3
:1080F00080BC704780B483B000AF78604FF6FF73E8
:1081000018460C37BD4680BC704780B485B000AFC0
:10811000F860B9607A603B60002318461437BD46AA
:1081200080BC704780B485B000AFF860B9607A60F9
:108130003B604FF000024FF0000310461946143721
:10814000BD4680BC704780B487B000AFF860B960AE
:108150007A603B603B6808337A689A4201D2002318
:1081600006E0BA683B6813447B617B69DB889BB29D
:1081700018461C37BD4680BC7047B0B487B000AF0E
:10818000F860B9607A603B603B6808337A689A426D
:1081900004D24FF000044FF000050AE0BA683B68D3
:1081A00013447B617B699B889BB29BB200221C4677
:1081B000154622462B46104619461C37BD46B0BC14
:1081C000704780B487B000AFF860B9607A603B60F8
:1081D0003B6808337A689A4201D200230DE0BA68FE
:1081E0003B6813447B617B699B889BB21A467B6A20
:1081F000934201D1012300E0002318461C37BD46FD
:1082000080BC704780B588B000AFF860B9607A6014
:108210003B603B6810337A689A4201D2002338E011
:10822000BA683B681344FB61FB69DB889BB21A4662
:108230003B68134410337A689A4201D2002328E045
:10824000FB691B68154A934201D0002321E0FB69BA
:10825000DB889BB21A463B6813440833BA68134460
:10826000BB61BB695B680E4A934201D0002310E0FA
:10827000FB69DB889BB208331946F869F8F72AFCDA
:108280007861BB691B687A699A4201D0002300E0DB
:10829000012318462037BD4680BD00BFBEBAAD1BC6
:1082A000EDAD0F0A80B588B000AFF860B9607A60B4
:1082B0003B60BB68002B0AD03B68002B02D1FB6AF5
:1082C000002B04D1FB6A10337A689A4201D2002352
:1082D0003CE007F110031846FFF7C5FD3B8DBB825C
:1082E000FB6A9BB2FB82BB681A4607F1100303CB03
:1082F000106051603B68002B06D0BB680833FA6AF7
:108300003968184605F0A4FBFB6A0833BA681344C1
:10831000FB61FB6A08331946B868F8F7DBFBB86104
:10832000FB69BA691A60FB69002262F012021A71D5
:10833000002262F052025A71002242F00F029A713A
:10834000002242F00A02DA71FB6A10331846203725
:10835000BD4680BD80B586B000AFF860B9607A6078
:108360003B607B687B6117E0BB681B6814331B684C
:108370007969B86898470346124A93420CBF0123B3
:108380000023DBB2002B04D03B687A691A6001231A
:1083900013E07B6901337B61BB681B6818331B6882
:1083A000B86898470346043B7A699A4234BF012370
:1083B0000023DBB2002BD7D1002318461837BD4667
:1083C00080BD00BFBEBAAD1B80B586B000AFF860FF
:1083D000B9607A603B607B68083B7B6118E0BB68F2
:1083E0001B6814331B687A691146B86898470346BE
:1083F0000B4A93420CBF01230023DBB2002B04D0B5
:108400007A693B681A60012306E07B69013B7B6166
:108410007B69002BE3DA002318461837BD4680BD80
:10842000BEBAAD1B80B586B000AFF860B9607A60A7
:108430003B607B687B6118E0BB681B6814331B687A
:108440007A691146B868984703460C4A93420CBFB4
:1084500001230023DBB2002B04D07A693B6A1A6047
:10846000012307E07B69013B7B617A693B689A42A3
:10847000E2DA002318461837BD4680BDBEBAAD1BF0
:1084800080B586B000AFF860B9607A603B607B6809
:108490007B6117E0BB681B6814331B687969B86897
:1084A00098470346124A93420CBF01230023DBB2D4
:1084B000002B04D03B687A691A60012313E07B69C2
:1084C00001337B61BB681B6818331B68B868984729
:1084D0000346043B7A699A4294BF01230023DBB22E
:1084E000002BD7D1002318461837BD4680BD00BFEA
:1084F000EDAD0F0A80B586B000AFF860B9607A6064
:108500003B607B687B6117E0BB681B6814331B68AA
:108510007969B868984703460D4A93420CBF012316
:108520000023DBB2002B04D03B6A7A691A60012376
:1085300009E07B6901337B613A687B6813447A699F
:108540009A42E1D9002318461837BD4680BD00BFC6
:10855000EDAD0F0A80B586B000AFF860B9607A6003
:108560003B607B687B6118E0BB681B6814331B6849
:108570007A691146B868984703460C4A93420CBF83
:1085800001230023DBB2002B04D07A693B6A1A6016
:10859000012307E07B69013B7B617A693B689A4272
:1085A000E2DA002318461837BD4680BDEDAD0F0A4C
:1085B00090B585B000AFF860B9607A607B6803F170
:1085C0000804BB681B6818331B68B86898470346E3
:1085D0009C428CBF01230023DBB2002B01D000237F
:1085E00009E0BB681B6810331B687A6806321146C5
:1085F000B8689847034618461437BD4690BD00003A
:1086000090B58FB000AFF860B9607A603B6001232D
:1086100087F82F30BB681B6814331B687968B8680B
:108620009847B862BB681B6810331B687A680632CB
:108630001146B86898470346FB8497F82F30002B03
:108640000CD0BB681B6814331B687968B8689847FE
:1086500003461A467968964803F0A2FD97F82F3032
:10866000002B10D07B681C1DBB681B6810331B6877
:108670007A6804321146B868984703461A4621467C
:108680008C4803F08DFD97F82F30002B10D07B68BD
:108690009C1DBB681B6810331B687A680632114644
:1086A000B868984703461A462146834803F078FD88
:1086B0003A687B68D41ABB681B6818331B68B868B3
:1086C000984703469C428CBF01230023DBB2002B5A
:1086D00013D097F82F30002B0DD0BB681B681833D0
:1086E0001B68B868984701463A687B68D31A1A46EF
:1086F000724803F055FD0023D5E0BB6A704A9342EF
:108700000AD097F82F30002B04D0BA6A6C496D4814
:1087100003F046FD0023C6E0BB681B6814331B68EA
:10872000F98C7A680A4408321146B868984738626A
:10873000BB681B6814331B68F98C7A680A440C32D6
:108740001146B8689847F86197F82F30002B15D07C
:10875000FA8C7B68134403F10804BB681B6814336C
:108760001B68F98C7A680A4408321146B868984741
:1087700003461A462146544803F012FD97F82F305D
:10878000002B15D0FA8C7B68134403F10C04BB68F2
:108790001B6814331B68F98C7A680A440C32114642
:1087A000B868984703461A462146484803F0F8FC43
:1087B000FB69474A934201D0002374E03B68043BC5
:1087C0007B637B6B002B01DA00237B6397F82F30F0
:1087D000002B04D07A68796B3E4803F0E1FCBB6C57
:1087E0001B687A681A60BB6C5B687A6B1A6000233E
:1087F0003B6300233B631CE0BB6C9A6807F11403E6
:1088000011461846FEF766FC7B69C3F31E031A4641
:108810007B6B934205D07B69C3F3C073DBB2012B42
:1088200001D1012300E00023002B08D13B6B013371
:108830003B63FB8C20333A6B9A42DDD300E000BFF0
:10884000BB6C9A6807F1180311461846FEF742FC04
:1088500097F82F30002B0AD0BB6CDB681968BB6916
:10886000C3F31E031A463B6B1B4803F099FC97F8B1
:108870002F30002B09D0BB6C1B681968BB6C5B6880
:108880001B681A46154803F08BFCBB6CDB681B6841
:108890003A6A9A4214BF01230023DBB2002B01D0B5
:1088A000002300E0012318463C37BD4690BD00BFC1
:1088B000E01302002C14020070140200B414020031
:1088C000BEBAAD1B041502004C150200881502004B
:1088D000EDAD0F0AD0150200081602006016020066
:1088E00080B485B000AFF860B9607A603B60002367
:1088F00018461437BD4680BC704780B485B000AFC1
:10890000F860B9607A603B604FF000024FF00003FE
:10891000104619461437BD4680BC7047F0B587B085
:1089200000AFF860B9607A603B607B6803F10806CD
:10893000BB681B6818331B68B868984703469E429B
:108940008CBF01230023DBB2002B04D04FF00004C6
:108950004FF000050EE0BB681B6810331B687A6897
:1089600004321146B86898470346FB82FB8A00220E
:108970001C46154622462B46104619461C37BD4656
:10898000F0BD90B587B000AFF860B9607A603B6029
:108990007B6803F10804BB681B6818331B68B86860
:1089A000984703469C428CBF01230023DBB2002B77
:1089B00001D0002311E0BB681B6810331B687A6884
:1089C00004321146B86898470346FB82FB8ABA6AAC
:1089D0009A4201D1012300E0002318461C37BD460E
:1089E00090BD80B582B000AF78607868FFF760FA1C
:1089F00000BF0837BD4680BD80B400AF024B1846AB
:108A0000BD4680BC704700BF3C00002080B582B0EE
:108A100000AF78607B681846FEF79CFB034A7B68D2
:108A20001A607B6818460837BD4680BD08180200EA
:108A300080B582B000AF7860054A7B681A607B68B9
:108A40001846FEF797FB7B6818460837BD4680BD81
:108A50000818020080B582B000AF78607868FFF730
:108A6000E7FF0421786814F047FC7B681846083754
:108A7000BD4680BD80B586B000AFF860B9607A6051
:108A8000BB68002B03D07B681B68002B06D17B687A
:108A90001B681946134803F083FB1FE07B681B68C3
:108AA0007B617B69202B01D920237B610E4803F079
:108AB00077FB00233B610AE0BA683B6913441B78EB
:108AC00019460A4803F06CFB3B6901333B613A6984
:108AD0007B699A42F0D3064803F062FB1837BD4623
:108AE00080BD00BFA4160200D41602008813020045
:108AF0000417020080B586B000AFF860B9607A60F4
:108B0000BB68002B03D07B681B68072B06D87B68EB
:108B10001B6819460A4803F043FB0DE0BB687B6104
:108B20007B681B681946074803F03AFB7869FFF732
:108B3000BFF9054803F034FB1837BD4680BD00BFC0
:108B400008170200401702000417020080B485B025
:108B500000AFF860B9607A6000BF1437BD4680BCD2
:108B60007047000080B582B000AF00237B6015E045
:108B70000E4A7B6852F82330002B0CD00B4A7B68DE
:108B800052F823301B6808331B6808497A6851F88B
:108B90002220104698477B6801337B607B68032B5B
:108BA000E6D900BF00BF0837BD4680BDC017020030
:108BB00080B582B000AF78607B685BB2194604482C
:108BC000FFF71FF97B6818460837BD4680BD00BF18
:108BD000F01A002080B584B000AFF860B9607A6008
:108BE0003B60FB68B9681846FEF740FA314AFB68FB
:108BF0001A60FB6803F580530833184600F05CF8F0
:108C0000FB6803F5805300221A84FB6803F5805348
:108C100000225A84FB6803F58053012283F8242044
:108C2000FB6803F58053002283F82520FB6803F5D9
:108C30008053002283F82620FB6803F5805300222E
:108C400083F82720FB6803F58053012283F828204E
:108C5000FB6803F580531A467B68D362FB6803F513
:108C600080531A463B681363FB6803F580531A462A
:108C7000BB695363FB6803F580531A46FB69936332
:108C8000FB6803F580531A463B6AD363FB6803F520
:108C900080531A46BB8CA2F84030FB6803F5805322
:108CA0001A4697F8283082F84230FB681846103789
:108CB000BD4680BDF417020080B483B000AF786079
:108CC0007B6800221A617B6800225A617B68184623
:108CD0000C37BD4680BC704780B582B000AF78606D
:108CE000054A7B681A607B681846FEF7D3F97B68F3
:108CF00018460837BD4680BDF417020080B582B023
:108D000000AF78607868FFF7E7FF41F244017868C8
:108D100014F0F2FA7B6818460837BD4680BD0000A3
:108D200080B582B000AF7860054A7B681A607B68C6
:108D30001846FEF7AFF97B6818460837BD4680BD78
:108D4000F418020080B582B000AF78607868FFF751
:108D5000E7FF4FF48251786814F0CEFA7B6818462A
:108D60000837BD4680BD000090B587B006AF594BAF
:108D70001B6803F17801574B1B6803F17402554BD4
:108D80001B6803F17C00534B1B6874337E240194F1
:108D9000009303465048FEF7B1FF4E4B1B6803F1AA
:108DA00084014C4B1B6803F180024A4B1B6803F1A2
:108DB0008800484B1B6880332124019400930346AC
:108DC0004648FEF79BFF434B1B6803F19001414B64
:108DD0001B6803F18C023F4B1B6803F194003D4B71
:108DE0001B688C3340240194009303463C48FEF7F3
:108DF00085FF384B1B6803F19C01364B1B6803F160
:108E00009802344B1B6803F1A000324B1B68983367
:108E100023240194009303463248FEF76FFF324843
:108E2000FFF7F4FD3148FFF75BF8314B1B7819462B
:108E30004FF0FF324FF0FF33CDE9042300230293BC
:108E4000294B019300912B4B284A24492A48FEF7CD
:108E5000DDF9274B1B7819464FF0FF324FF0FF33F7
:108E6000CDE90423002302931F4B01930091214B72
:108E70001E4A1B492148FEF7C9F91D4B1B781946AC
:108E80004FF0FF324FF0FF33CDE90423002302936C
:108E9000154B01930091174B144A12491848FEF7DD
:108EA000B5F9184B1B781946174B1B680122049221
:108EB000002203920293154B0193154B00930B462E
:108EC000144A05491448FFF785FE00BF0437BD4624
:108ED00090BD00BF4C000020F01A00200C1B0020A9
:108EE000281B0020441B0020601B0020641B002066
:108EF00004060200641A0020701B0020B02B002022
:108F0000F03B00207CEC0100E81A00203800002033
:108F1000F989000094080020304C002080B500AF93
:108F20001148FFF7D9FE1148FFF7FAFE1048FFF786
:108F3000F7FE1048FFF7F4FE0F48FEF7E7FF0F4873
:108F4000FFF776FD0E48FEF701FF0E48FEF7FEFE26
:108F50000D48FEF7FBFE0D48FEF7F8FE0C48FEF745
:108F6000ADFE00BF80BD00BF304C0020F03B0020B4
:108F7000B02B0020701B0020641B0020601B002011
:108F8000441B0020281B00200C1B0020F01A00208E
:108F90003800002080B582B000AF7860786800F0BB
:108FA00008F8786800F045F8034618460837BD46CB
:108FB00080BD80B584B000AF78600023FB737B6810
:108FC00003F580539B6B1B681B687A6802F580521F
:108FD000926B104698470346002B25D07B6803F51B
:108FE00080530833184600F0C2F8034683F00103AB
:108FF000DBB2002B18D00023BB730123FB737B680B
:1090000003F58053083307F10E021146184600F0AD
:10901000C0F87B685B681B6814331B687A68526809
:1090200097F90E1010469847FB7B18461037BD463F
:1090300080BDF0B58BB006AF78600023FB73786815
:1090400000F0C8F80346BB60BB68002B00F08A80C4
:109050007B6803F580531B8CB3F5805F05D37B6879
:1090600003F5805340F6FF721A847B6803F5805342
:109070001B8C1A467B68134400221A727B6803F526
:10908000805393F84230002B29D07B6803F108000D
:109090007B6803F580531B8C1E467B6803F5805369
:1090A000D96A7B6803F580531C6B7B6803F580539A
:1090B000DB6B7A6802F58052B2F8402015467A6878
:1090C0000492002203920295019300230093234609
:1090D0000A46314602F0B2FE0346FB7328E07B6885
:1090E00003F108007B6803F580531B8C1E467B68E8
:1090F00003F58053D96A7B6803F580531C6B7B684A
:1091000003F58053DB6B7A6802F58052B2F8402099
:1091100015467A6804920022039202950193012376
:10912000009323460A46314602F088FE0346FB734D
:109130007B6803F5805300221A84FB7B002B11D03F
:109140007B6803F580535B6B002B0BD07B6803F5CA
:1091500080535B6B984703464FF0FF32194678689F
:1091600000F039F9FB7B18461437BD46F0BD80B4DA
:1091700083B000AF78607B681A697B685B699A424C
:109180000CBF01230023DBB218460C37BD4680BC60
:10919000704780B582B000AF786039607868FFF7BB
:1091A000E6FF0346002B01D000230FE07B681B691C
:1091B0007A68D2563B681A707B681B6919467868D2
:1091C00000F035F902467B681A610123184608371A
:1091D000BD4680BD80B584B000AF7860786800F08F
:1091E00036F90346FB7297F90B3013F1020F01D1E8
:1091F0000023ECE07B6803F580531B8CB3F5805FA4
:1092000005D37B6803F5805340F6FF721A8497F903
:109210000B300A2B0DD17B6803F580531B8C1A464B
:109220007B68134400221A727B6803F580531B8C01
:10923000CDE097F90B30082B03D097F90B307F2B3B
:1092400020D17B6803F580531B8C013B9AB27B686D
:1092500003F580531A847B6803F580531B8CB3F5A8
:10926000805F04D37B6803F5805300221A847B68F7
:1092700003F580531B8C1A467B68134400221A7234
:109280000023A4E097F90B301B2B0FD17B6803F56B
:10929000805300221A847B6803F580531B8C1A4686
:1092A0007B68134400221A72002390E097F90B3078
:1092B000092B6BD17B6808334FF48051184604F0BA
:1092C000CFF903469AB27B6803F580531A847B6812
:1092D00003F580531B8C1A467B68134493F90830BE
:1092E0000A2B09D17B6803F580531B8C013B9AB292
:1092F0007B6803F580531A847B6803F580531B8CCD
:109300001A467B68134493F908300D2B09D17B680A
:1093100003F580531B8C013B9AB27B6803F58053A5
:109320001A847B6803F580531B8CB3F5805F05D3EB
:109330007B6803F5805340F6FF721A847B6803F55F
:1093400080531B8C1A467B68134400221A72002338
:10935000FB6011E07B685B681B6814331B687A68EC
:1093600050687968FA680A44083292F90020114678
:109370009847FB680133FB607B6803F580531B8CC7
:109380001A46FB689342E5D3002320E07B6803F58F
:1093900080531B8C1A467B681344FA7A1A727B68D6
:1093A00003F580531B8C01339AB27B6803F580531D
:1093B0001A847B6803F580531B8CB3F5805F05D35B
:1093C0007B6803F5805340F6FF721A840023184629
:1093D0001037BD4680BD80B586B000AFF860B9607B
:1093E0007A6000237B6112E0BA687B69134493F9C9
:1093F0000030002B16D0BA687B69134493F9003013
:109400001946F86800F095F87B6901337B617A6949
:109410007B689A4207D2FB6803F580535B8C0F2B65
:10942000E2D900E000BF00BF1837BD4680BD80B460
:1094300085B000AF786039603B68013303F00F03FB
:10944000FB60FB6818461437BD4680BC704780B58A
:1094500084B000AF78607B685B681B680C331B6866
:109460007A68526810469847034683F00103DBB2DE
:10947000002B02D06FF0010357E07B685B681B682C
:1094800010331B687A685268104698470346FB738E
:1094900097F90F30072B02DC6FF0010345E07B6882
:1094A00003F580531A46FB7B82F8263097F90F307C
:1094B0000D2B05D17B6803F58053012283F827200B
:1094C00097F90F300A2B0CD17B6803F5805393F981
:1094D00026300D2B05D07B6803F58053002283F8DE
:1094E00027207B6803F5805393F82430012B0ED19D
:1094F00097F90F30092B0AD07B685B681B6814331F
:109500001B687A68526897F90F10104698477B6875
:1095100003F5805393F82530012B04D197F90F30D0
:109520001846FFF745FB97F90F3018461037BD4630
:1095300080BD80B582B000AF78600B46FB7097F9B4
:1095400003300D2B02D197F9033021E07B6803F53E
:10955000805393F82730002B0DD097F903300A2B56
:1095600009D17B685B681B6814331B687A68526892
:109570000D21104698477B685B681B6814331B6895
:109580007A68526897F903101046984797F90330A4
:1095900018460837BD4680BD80B500AFFFF7E4FB35
:1095A00080BD80B500AFFFF7B9FC80BD80B582B04B
:1095B00000AF786039607B681B68184613F0B4F818
:1095C0003B68D3E9002313F019F902460B46104615
:1095D00019464FF00002054B13F03AFA02460B46CB
:1095E000104619460837BD4680BD00BF00005E41E9
:1095F00080B483B000AF78607B6800221A700022CC
:109600005A7000229A700022DA707B6818460C3774
:10961000BD4680BC704780B483B000AF7860084618
:1096200011461A460346FB700B46BB7013467B700F
:10963000FB7803F00703D9B27A68137861F3471314
:109640001370BB7803F00103D9B27A68137861F321
:10965000041313707B7803F00F03D9B27A68137880
:1096600061F3030313707B6818460C37BD4680BC5A
:10967000704780B483B000AF7860084611461A4640
:109680000346FB700B46BB7013467B707A681378F9
:1096900023F080031370FB7803F00103D9B27A68DA
:1096A000137861F386131370BB7803F00103D9B20A
:1096B0007A68137861F3451313707B7803F0010324
:1096C000D9B27A68137861F3041313703B7C03F00A
:1096D0000103D9B27A68137861F3C30313703B7D39
:1096E00003F00103D9B27A68137861F3820313702F
:1096F0003B7E03F00103D9B27A68137861F341032A
:1097000013707A68137823F0010313707B6818468E
:109710000C37BD4680BC704780B483B000AF786022
:10972000084611461A460346FB700B46BB701346AB
:109730007B70FB7803F00103D9B27A68137861F388
:10974000C7131370BB7803F00703D9B27A68137894
:1097500061F3061313707B7803F00303D9B27A68C0
:10976000137861F3830313703B7C03F00303D9B2D6
:109770007A68137861F3010313707B6818460C371D
:10978000BD4680BC704780B483B000AF78600846A7
:1097900011461A460346FB700B46BB7013467B709E
:1097A0007A68137823F0800313707A68137823F0B3
:1097B00040031370FB7803F00103D9B27A68137881
:1097C00061F345131370BB7803F00103D9B27A68D3
:1097D000137861F3041313707B7803F00103D9B29B
:1097E0007A68137861F3C30313703B7C03F00103C1
:1097F000D9B27A68137861F3820313703B7D03F06A
:109800000103D9B27A68137861F3000313707A68A0
:10981000137823F0020313707B6818460C37BD469B
:1098200080BC704780B483B000AF7860044A7B6826
:109830001A607B6818460C37BD4680BC704700BF75
:10984000F028020080B483B000AF7860044A7B68DF
:109850001A607B6818460C37BD4680BC704700BF55
:10986000F028020080B582B000AF78607868FFF71A
:10987000E9FF0421786813F03FFD7B68184608373C
:10988000BD4680BD80B400AF074B1B6893F86C30B9
:1098900003F00203DBB2002B0CBF01230023DBB279
:1098A0001846BD4680BC70474C00002080B582B091
:1098B00000AF00237B6000237B600DE0FFF7E2FF39
:1098C000034683F00103DBB2002B09D10120F7F737
:1098D000B3F87B6801337B607B68632BEED900E0D3
:1098E00000BF7B68612B02D9034802F059FC00BF1E
:1098F0000837BD4680BD00BF701A020080B483B037
:1099000000AF0346FB71F979064B1A6892F86C3088
:1099100061F3000382F86C3000BF0C37BD4680BC99
:10992000704700BF4C00002080B582B000AF786067
:10993000FFF7BCFF7A68034B1B689A6600BF0837C5
:10994000BD4680BD4C00002080B584B000AF78607B
:109950000023FB60FFF7AAFF7A68074B1B689A6633
:10996000FFF7A4FF044B1B689B6EFB60FB68184667
:109970001037BD4680BD00BF4C00002080B483B0CE
:1099800000AF0346FB7100BF0C37BD4680BC70477B
:1099900080B483B000AF0346FB7100BF0C37BD46F7
:1099A00080BC704780B485B000AFF860C7E9002381
:1099B000F968D7E90023C1E90023F968D7E906234C
:1099C000C1E90223FB6818461437BD4680BC7047C6
:1099D00080B485B000AFF860C7E90023F968D7E923
:1099E0000023C1E90023F968D7E90623C1E902236E
:1099F00000BF1437BD4680BC704780B483B000AF51
:109A000078607B68D3E90023104619460C37BD46C1
:109A100080BC704780B483B000AF78607B68D3E9C6
:109A20000223104619460C37BD4680BC7047000023
:109A300080B582B000AF78607B6800221A707B68C6
:109A400000225A707B6800225A607B6800229A606C
:109A50007B680022DA607B6800221A617B68002242
:109A60005A617B6800229A617B680022DA617B6818
:109A700000221A627B6800225A627B6800229A6286
:109A80007B680022DA627B6800221A637B6800220E
:109A90005A637B6800229A637B680022DA637B68E2
:109AA00000221A647B6800225A647B6800229A6450
:109AB0007B680022DA647B6800221A657B680022DA
:109AC0005A657B6800229A657B680022DA657B68AC
:109AD00000221A667B6800225A667B6800229A661A
:109AE0007B680022DA667B6800221A677B680022A6
:109AF0005A677B6800229A677B680022DA677B6876
:109B00000022C3F880207B680022C3F884207B6891
:109B10000022C3F888207B680022C3F88C207B6871
:109B20000022C3F890207B6803F1980106A3D3E9D3
:109B30000023084601F02AFA7B6818460837BD461C
:109B400080BD00BFAFF30080FCA9F1D24D62104090
:109B500080B582B000AF78607B689833184601F01A
:109B60005DFA7B6818460837BD4680BD80B582B077
:109B700000AF78607B689833184601F073FA00BF35
:109B80000837BD4680BD80B483B000AF78603960CF
:109B90007B685A683B681A6000BF0C37BD4680BCC2
:109BA000704780B483B000AF786039607B689A6892
:109BB0003B681A6000BF0C37BD4680BC704780B45C
:109BC00083B000AF786039607B68DA683B681A6000
:109BD00000BF0C37BD4680BC704780B483B000AF77
:109BE000786039607B681A693B681A6000BF0C377F
:109BF000BD4680BC704780B483B000AF78603960E8
:109C00007B685A693B681A6000BF0C37BD4680BC50
:109C1000704780B483B000AF786039607B689A6920
:109C20003B681A6000BF0C37BD4680BC704780B4EB
:109C300083B000AF786039607B68DA693B681A608E
:109C400000BF0C37BD4680BC704780B483B000AF06
:109C5000786039607B681A6A3B681A6000BF0C370D
:109C6000BD4680BC704780B483B000AF7860396077
:109C70007B685A6A3B681A6000BF0C37BD4680BCDF
:109C8000704780B483B000AF786039607B689A6AAF
:109C90003B681A6000BF0C37BD4680BC704780B47B
:109CA00083B000AF786039607B68DA6A3B681A601D
:109CB00000BF0C37BD4680BC704780B483B000AF96
:109CC000786039607B681A6B3B681A6000BF0C379C
:109CD000BD4680BC704780B483B000AF7860396007
:109CE0007B685A6B3B681A6000BF0C37BD4680BC6E
:109CF000704780B483B000AF786039607B689A6B3E
:109D00003B681A6000BF0C37BD4680BC704780B40A
:109D100083B000AF786039607B68DA6B3B681A60AB
:109D200000BF0C37BD4680BC704780B483B000AF25
:109D3000786039607B681A6C3B681A6000BF0C372A
:109D4000BD4680BC704780B483B000AF7860396096
:109D50007B685A6C3B681A6000BF0C37BD4680BCFC
:109D6000704780B483B000AF786039607B689A6CCC
:109D70003B681A6000BF0C37BD4680BC704780B49A
:109D800083B000AF786039607B68DA6C3B681A603A
:109D900000BF0C37BD4680BC704780B483B000AFB5
:109DA000786039607B681A6D3B681A6000BF0C37B9
:109DB000BD4680BC704780B483B000AF7860396026
:109DC0007B685A6D3B681A6000BF0C37BD4680BC8B
:109DD000704780B483B000AF786039607B689A6D5B
:109DE0003B681A6000BF0C37BD4680BC704780B42A
:109DF00083B000AF786039607B68DA6D3B681A60C9
:109E000000BF0C37BD4680BC704780B483B000AF44
:109E1000786039607B681A6E3B681A6000BF0C3747
:109E2000BD4680BC704780B483B000AF78603960B5
:109E30007B685A6E3B681A6000BF0C37BD4680BC19
:109E4000704780B483B000AF786039607B689A6EE9
:109E50003B681A6000BF0C37BD4680BC704780B4B9
:109E600083B000AF786039607B68DA6E3B681A6057
:109E700000BF0C37BD4680BC704780B483B000AFD4
:109E8000786039607B681A6F3B681A6000BF0C37D6
:109E9000BD4680BC704780B483B000AF7860396045
:109EA0007B685A6F3B681A6000BF0C37BD4680BCA8
:109EB000704780B483B000AF786039607B689A6F78
:109EC0003B681A6000BF0C37BD4680BC704780B449
:109ED00083B000AF786039607B68DA6F3B681A60E6
:109EE00000BF0C37BD4680BC704780B483B000AF64
:109EF000786039607B68D3F880203B681A6000BFC7
:109F00000C37BD4680BC704780B483B000AF78602A
:109F100039607B68D3F884203B681A6000BF0C3737
:109F2000BD4680BC704780B483B000AF78603960B4
:109F30007B68D3F888203B681A6000BF0C37BD46A9
:109F400080BC704780B483B000AF786039607B68B4
:109F5000D3F88C203B681A6000BF0C37BD4680BC2C
:109F6000704780B483B000AF786039607B68D3F805
:109F700090203B681A6000BF0C37BD4680BC70471C
:109F800080B584B000AF78600023FB7317E07B6876
:109F900098330021184601F0E5F80346BB73BB7BFC
:109FA000002B03D17B6801221A700BE0BB7BBA7BCC
:109FB00019468B4802F0F4F8FB7B0133FB73FB7B03
:109FC000092BE4D97B681B78002B00F001817B68AA
:109FD0009833184601F0BAF97B689833082118467F
:109FE00001F0CDF97B6898330921184601F0C7F9D3
:109FF0007B6898330A21184601F0C1F97B689833D1
:10A000000B21184601F0BBF97B6898330C211846E8
:10A0100001F0B5F97B6898330D21184601F0AFF9CE
:10A020007B6898330E21184601F0A9F97B689833B4
:10A030000F21184601F0A3F97B68983303211846D5
:10A0400001F09DF97B6898331021184601F097F9CB
:10A050007B6898331121184601F091F97B68983399
:10A060000421184601F08BF97B68983312211846B9
:10A0700001F085F97B6898331321184601F07FF9C8
:10A080007B6898330521184601F079F97B6898338D
:10A090001421184601F073F97B689833152118468E
:10A0A00001F06DF97B6898330621184601F067F9D5
:10A0B0007B6898331621184601F061F97B68983364
:10A0C0001721184601F05BF97B6898330821184680
:10A0D00001F055F97B6898330921184601F04FF9D2
:10A0E0007B6898330A21184601F049F97B68983358
:10A0F0000B21184601F043F97B6898330C21184670
:10A1000001F03DF97B6898330D21184601F037F9CD
:10A110007B6898330E21184601F031F97B6898333B
:10A120000F21184601F02BF97B689833102118464F
:10A1300001F025F97B6898331121184601F01FF9C9
:10A140007B6898331221184601F019F97B6898331F
:10A150001321184601F013F97B689833142118462F
:10A1600001F00DF97B6898331521184601F007F9C5
:10A170007B6898331621184601F001F97B68983303
:10A180001721184601F0FBF87B689833184601F058
:10A1900013F97B689833184601F0B2F97B6898335D
:10A1A00080220821184601F0E0F97B6898330821E5
:10A1B000184601F0FCF903461A468021094801F0CF
:10A1C000EFFF094B1B689B68184602F017FD02E081
:10A1D000064801F0E5FF00BF1037BD4680BD00BF57
:10A1E000881A0200BC1A0200940000200C1B020016
:10A1F0002DE9F0418EB006AF78607B681B78002BAC
:10A2000000F0248207F110031846FFF7F1F907F177
:10A210000C031846FFF7ECF90023FB6112E2FEF78E
:10A22000A1FC7B689833184601F0EAF97B68983303
:10A23000F969184601F02DFA0346002B00F0FF8162
:10A24000FEF790FC7B6803F19800FB69D9B207F137
:10A250000C0307F1100201F039FAFEF783FCFB7CD6
:10A2600003F02003DBB2002B11D1FB7C03F0400391
:10A27000DBB2002B0BD1FB7B03F02003DBB2002B06
:10A2800005D1FB7B03F04003DBB2002B17D07B68CA
:10A290005B78002B00F0D381FB7CC3F30403DBB2BB
:10A2A0001946FB7C1A46FB7BC3F30403DBB218465A
:10A2B000FB7B00930346B34801F072FFBFE1FB7CD8
:10A2C00023F07F03DBB2002B06D1FB7B23F07F035F
:10A2D000DBB2002B00F0A7817B685B78002B3AD0C3
:10A2E000FB7CC3F30403DBB298467B6803F198025E
:10A2F0003B6943F317037B6107F1140319461046CA
:10A3000001F018FA04460D463B6943F317031E4655
:10A31000FB7BC3F30403DBB23B607B6803F1980271
:10A32000FB6843F31703BB6107F118031946104696
:10A3300001F000FA02460B46F96841F31701049157
:10A34000CDE902233B680193009622462B46414605
:10A350008D4801F025FFFB7CC3F30403DBB2033B14
:10A36000142B00F2B98001A252F823F031A40000AE
:10A370005BA4000085A40000AFA40000D9A40000E5
:10A38000C1A30000CFA30000DDA30000EBA30000E9
:10A39000F9A3000007A4000015A4000023A40000F6
:10A3A0003FA400004DA4000069A4000077A40000B1
:10A3B00093A40000A1A40000BDA40000CBA4000051
:10A3C0003B6943F317031A467B685A6085E03B6993
:10A3D00043F317031A467B689A607EE03B6943F3B8
:10A3E00017031A467B68DA6077E03B6943F317038B
:10A3F0001A467B681A6170E03B6943F317031A46FB
:10A400007B685A6169E03B6943F317031A467B682E
:10A410009A6162E03B6943F317031A467B68DA618D
:10A420005BE03B6943F317031A467B681A6254E00A
:10A430003B6943F317031A467B685A624DE03B6958
:10A4400043F317031A467B689A6246E03B6943F37D
:10A4500017031A467B68DA623FE03B6943F3170350
:10A460001A467B681A6338E03B6943F317031A46C0
:10A470007B685A6331E03B6943F317031A467B68F4
:10A480009A632AE03B6943F317031A467B68DA6351
:10A4900023E03B6943F317031A467B681A641CE008
:10A4A0003B6943F317031A467B685A6415E03B691E
:10A4B00043F317031A467B689A640EE03B6943F343
:10A4C00017031A467B68DA6407E03B6943F3170316
:10A4D0001A467B681A6500E000BFFB7BC3F30403E8
:10A4E000DBB2083B0F2B00F29C8001A252F823F054
:10A4F00031A500003FA500004DA500005BA50000B0
:10A5000069A5000077A500008DA500009BA50000AF
:10A51000A9A50000B7A50000C5A50000D3A50000AF
:10A52000E3A50000F3A5000003A6000013A60000A9
:10A53000FB6843F317031A467B685A6572E0FB68B1
:10A5400043F317031A467B689A656BE0FB6843F395
:10A5500017031A467B68DA6564E0FB6843F3170368
:10A560001A467B681A665DE0FB6843F317031A46D8
:10A570007B685A6656E0FB6843F317031A467B680C
:10A580009A664FE0281B02006C1B0200FB6843F335
:10A5900017031A467B68DA6644E0FB6843F3170347
:10A5A0001A467B681A673DE0FB6843F317031A46B7
:10A5B0007B685A6736E0FB6843F317031A467B68EB
:10A5C0009A672FE0FB6843F317031A467B68DA6744
:10A5D00028E0FB6843F317031A467B68C3F8802022
:10A5E00020E0FB6843F317031A467B68C3F8842016
:10A5F00018E0FB6843F317031A467B68C3F888200A
:10A6000010E0FB6843F317031A467B68C3F88C20FD
:10A6100008E0FB6843F317031A467B68C3F89020F1
:10A6200000E000BF0BE07B685B78002B07D0FB7C71
:10A63000C3F30403DBB21946074801F0B1FDFB691F
:10A640000133FB61FB691D2B7FF6E9AD00BF2037AD
:10A65000BD46BDE8F08100BFD01B020080B584B0CC
:10A6600000AFF860B9607A603B60974801F098FDF0
:10A670009648FBF7F9F902460B46954801F090FD24
:10A680009248FBF705FA02460B46924801F088FD16
:10A690008E48FBF711FA02460B468F4801F080FD09
:10A6A0008A48FBF71DFA02460B468C4801F078FDFC
:10A6B0008648FBF729FA02460B46894801F070FDEF
:10A6C0008248FBF735FA02460B46864801F068FDE2
:10A6D0007E48FBF741FA02460B46834801F060FDD5
:10A6E0007A48FBF74DFA02460B46804801F058FDC8
:10A6F0007648FBF759FA02460B467D4801F050FDBB
:10A700007248FBF765FA02460B467A4801F048FDAD
:10A710006E48FBF771FA02460B46774801F040FDA0
:10A720006A48FBF77DFA02460B46744801F038FD93
:10A730006648FBF789FA02460B46714801F030FD86
:10A740006248FBF795FA02460B466E4801F028FD79
:10A750005E48FBF7A1FA02460B466B4801F020FD6C
:10A760005A48FBF7ADFA02460B46684801F018FD5F
:10A770005648FBF7B9FA02460B46654801F010FD52
:10A780005248FBF7C5FA02460B46624801F008FD45
:10A790004E48FBF7D1FA02460B465F4801F000FD38
:10A7A0004A48FBF7DDFA02460B465C4801F0F8FC2C
:10A7B0004648FBF7E9FA02460B46594801F0F0FC1F
:10A7C0004248FBF7F5FA02460B46564801F0E8FC12
:10A7D0003E48FBF701FB02460B46534801F0E0FC04
:10A7E0003A48FBF70DFB02460B46504801F0D8FCF7
:10A7F0003648FBF719FB02460B464D4801F0D0FCEA
:10A800003248FBF725FB02460B464A4801F0C8FCDC
:10A810002E48FBF731FB02460B46474801F0C0FCCF
:10A820002A48FBF73DFB02460B46444801F0B8FCC2
:10A830002648FBF749FB02460B46414801F0B0FCB5
:10A840002248FBF755FB02460B463E4801F0A8FCA8
:10A850001E48FBF761FB02460B463B4801F0A0FC9B
:10A860001A48FBF76DFB02460B46384801F098FC8E
:10A870001648FBF779FB02460B46354801F090FC81
:10A880001248FBF785FB02460B46324801F088FC74
:10A890000E48FBF791FB02460B462F4801F080FC67
:10A8A0000A48FBF79DFB02460B462C4801F078FC5A
:10A8B0002B4801F075FCB86803F040F903465BB221
:10A8C00018461037BD4680BD001C0200805C002089
:10A8D000401C0200501C0200601C0200701C0200A0
:10A8E000801C0200901C0200A01C0200B41C02008C
:10A8F000C81C0200DC1C0200F01C0200041D020047
:10A90000181D02002C1D0200401D0200541D0200F3
:10A91000681D02007C1D0200901D0200A01D0200A7
:10A92000B01D0200C01D0200D41D0200E41D020083
:10A93000F41D0200081E0200181E02002C1E020058
:10A940003C1E02004C1E0200601E0200701E02002F
:10A95000801E0200941E0200A41E0200B41E02000B
:10A96000C81E020080B586B000AFF860B9607A609A
:10A970003B6000237B617B6901337B61BE48FFF74D
:10A98000FFFABD48FFF7F2F8BC4801F009FC07F1F7
:10A9900010031946B848FFF7F6F83B693A691946BB
:10A9A000B74801F0FDFB07F110031946B248FFF765
:10A9B000F8F83B693A691946B24801F0F1FB07F132
:10A9C00010031946AC48FFF7FAF83B693A69194693
:10A9D000AD4801F0E5FB07F110031946A648FFF763
:10A9E000FCF83B693A691946A84801F0D9FB07F120
:10A9F00010031946A048FFF7FEF83B693A6919466B
:10AA0000A34801F0CDFB07F1100319469A48FFF760
:10AA100000F93B693A6919469E4801F0C1FB07F10C
:10AA2000100319469448FFF702F93B693A69194641
:10AA3000994801F0B5FB07F1100319468E48FFF75E
:10AA400004F93B693A691946944801F0A9FB07F1FA
:10AA5000100319468848FFF706F93B693A69194619
:10AA60008F4801F09DFB07F1100319468248FFF75C
:10AA700008F93B693A6919468A4801F091FB07F1E8
:10AA8000100319467C48FFF70AF93B693A691946F1
:10AA9000854801F085FB07F1100319467648FFF75A
:10AAA0000CF93B693A691946804801F079FB07F1D6
:10AAB000100319467048FFF70EF93B693A691946C9
:10AAC0007B4801F06DFB07F1100319466A48FFF758
:10AAD00010F93B693A691946764801F061FB07F1C4
:10AAE000100319466448FFF712F93B693A691946A1
:10AAF000714801F055FB07F1100319465E48FFF756
:10AB000014F93B693A6919466C4801F049FB07F1B1
:10AB1000100319465848FFF716F93B693A69194678
:10AB2000674801F03DFB07F1100319465248FFF753
:10AB300018F93B693A691946624801F031FB07F19F
:10AB4000100319464C48FFF71AF93B693A69194650
:10AB50005D4801F025FB07F1100319464648FFF751
:10AB60001CF93B693A691946584801F019FB07F18D
:10AB7000100319464048FFF71EF93B693A69194628
:10AB8000534801F00DFB07F1100319463A48FFF74F
:10AB900020F93B693A6919464E4801F001FB07F17B
:10ABA000100319463448FFF722F93B693A69194600
:10ABB000494801F0F5FA07F1100319462E48FFF74E
:10ABC00024F93B693A691946444801F0E9FA07F16A
:10ABD000100319462848FFF726F93B693A691946D8
:10ABE0003F4801F0DDFA07F1100319462248FFF74C
:10ABF00028F93B693A6919463A4801F0D1FA07F158
:10AC0000100319461C48FFF72AF93B693A691946AF
:10AC1000354801F0C5FA07F1100319461648FFF749
:10AC20002CF93B693A691946304801F0B9FA07F145
:10AC3000100319461048FFF72EF93B693A69194687
:10AC40002B4801F0ADFA07F1100319460A48FFF747
:10AC500030F93B693A691946264801F0A1FA07F133
:10AC6000100319460448FFF732F93B693A6919465F
:10AC7000214801F095FA41E0805C0020F01E0200BE
:10AC8000301F0200441F0200581F02006C1F020008
:10AC9000841F02009C1F0200B01F0200CC1F020094
:10ACA000E81F0200002002001C20020038200200E1
:10ACB000502002006C20020088200200A020020028
:10ACC000BC200200D8200200F0200200082102006F
:10ACD00020210200382102005021020068210200D8
:10ACE0008021020098210200B0210200C821020048
:10ACF000E0210200F82102001022020007F11003F7
:10AD000019462248FFF7F1F83B693A69194620488D
:10AD100001F046FA07F1100319461C48FFF7F4F852
:10AD20003B693A6919461B4801F03AFA07F11003EA
:10AD300019461648FFF7F7F83B693A69194616486D
:10AD400001F02EFA07F1100319461048FFF7FAF840
:10AD50003B693A691946114801F022FA07F11003DC
:10AD600019460A48FFF7FDF83B693A6919460C484D
:10AD700001F016FA0B4801F013FAB86802F0DEFE93
:10AD800003465BB218461837BD4680BD805C002084
:10AD9000242202003C220200542202006C22020003
:10ADA000842202009C220200B0B594B006AFF86085
:10ADB000B9607A603B60012387F837306749B8682B
:10ADC00002F060FCB8626549002002F05BFC78622A
:10ADD0006249002002F056FC38624FF00002604BDE
:10ADE000C7E906234FF000024FF00003C7E9042330
:10ADF000BB6A002B08D15B4801F0D2F9B86802F0B9
:10AE00009DFE03465BB2A4E000233B6317E0BA6AF1
:10AE10003B6B134493F90030002B15D0BA6A3B6B9F
:10AE2000134493F90030184601F020FE0146BA6A37
:10AE30003B6B13444AB21A703B6B01333B633A6B72
:10AE40007B689A42E3D300E000BF7B6A002B09D005
:10AE5000002387F8373007F118031A464249786A09
:10AE600002F09CF93B6A002B09D0002387F83730A9
:10AE700007F110031A463C49386A02F08FF908229C
:10AE80003A49B86A02F0A6FB0346002B14D14FF0F2
:10AE900000024FF00003CDE900234FF00002304BD9
:10AEA0003348FEF795FD334801F07AF9B86802F0AF
:10AEB00045FE03465BB24CE00023FB622E49B86AB4
:10AEC00002F0E8FC0346002B01D1294BFB62FB6A30
:10AED000002B32D097F8373083F00103DBB2002B20
:10AEE00019D0D7E90601D7E90423CDE900230246AA
:10AEF0000B46F86AFEF76CFDD7E90601D7E9042393
:10AF00003C6A0494CDE902237B6A009302460B4617
:10AF10001A4801F045F9F86AFEF76FFD04460D4640
:10AF2000F86AFEF777FD02460B46CDE9002322467C
:10AF30002B46134801F034F903E0B96A114801F0D7
:10AF40002FF9114801F02CF9B86802F0F7FD03461B
:10AF50005BB218463837BD46B0BD00BFC422020000
:10AF60000000F03FCC220200302302003423020014
:10AF7000B05F0020402302007823020080230200FB
:10AF8000C4230200F423020034240200B0B584B0CC
:10AF900000AFF860C7E90023FB681846FEF742FCE3
:10AFA0001D4AFB681A60F968D7E90023C1E902234A
:10AFB000FB6810331D241D4604E02846FEF718FBED
:10AFC000013C0435002CF8DAFB6888331D241D464B
:10AFD00004E02846FEF70CFB013C0435002CF8DAAF
:10AFE000FB68002283F80021FB68002283F801211E
:10AFF000FB68002283F80221FB68002283F803210A
:10B000000120FEF7BBFC0120FEF7C2FCFB681846DE
:10B010001037BD46B0BD00BFDC28020080B582B04D
:10B0200000AF7860054A7B681A607B681846FEF7B7
:10B0300009FC7B6818460837BD4680BDDC28020045
:10B0400080B582B000AF78607868FFF7E7FF4FF413
:10B050008471786812F050F97B6818460837BD464D
:10B0600080BD000080B584B000AF78600020FEF79E
:10B0700045FC42F21070F5F7DFFC07F10E031A46AB
:10B080000021786800F078FBFB8919462D4801F013
:10B0900087F807F10E031A460121786800F06CFB6F
:10B0A000FB891946284801F07BF807F10E031A4680
:10B0B0000621786800F060FBFB891946234801F0FF
:10B0C0006FF807F10E031A460721786800F054FB69
:10B0D000FB8919461E4801F063F807F10E031A4672
:10B0E0000921786800F048FBFB891946194801F0EE
:10B0F00057F807F10E031A460321786800F03CFB6D
:10B10000FB891946144801F04BF807F10E031A4663
:10B110000421786800F030FBFB8919460F4801F0E4
:10B120003FF807F10E031A460521786800F024FB6A
:10B13000FB8919460A4801F033F800BF1037BD46B5
:10B1400080BD00BF5824020080240200A824020011
:10B15000D0240200F8240200202502004825020025
:10B160007025020080B58CB004AF78600B46FB7090
:10B170000020FEF7C3FB42F21070F5F75DFC07F10B
:10B180001C00002300220621FEF745FA397F78686B
:10B1900000F01CFB4FF47A70F5F74EFC07F1180035
:10B1A0000123029301230193002300930123002232
:10B1B0000121FEF75EFA07F114000023009300233B
:10B1C00001220021FEF7A8FA07F1100001230193E4
:10B1D00001230093012301220121FEF7D4FA3B7ED3
:10B1E0001A460021786800F0C0F93B7D1A4601211B
:10B1F000786800F0BAF93B7C1A460621786800F0BE
:10B20000B4F9FB781A460721786800F0AEF90022FD
:10B210000821786800F0A9F907F10E031A46002109
:10B22000786800F0A9FA3B7E1A46FB89DBB29A42A5
:10B2300006D13B7E1A46FB891B0A9BB29A4208D074
:10B24000FB8919463B7E1A463B4800F0A9FF0023C4
:10B250006EE007F10E031A460121786800F08CFABF
:10B260003B7D1A46FB89DBB29A4206D13B7D1A46EA
:10B27000FB891B0A9BB29A4208D0FB8919463B7D89
:10B280001A462E4800F08CFF012351E007F10E030F
:10B290001A460621786800F06FFA3B7C1A46FB8953
:10B2A000DBB29A4206D13B7C1A46FB891B0A9BB251
:10B2B0009A4208D0FB8919463B7C1A46204800F088
:10B2C0006FFF062334E007F10E031A460721786862
:10B2D00000F052FAFA78FB89DBB29A4205D1FB788A
:10B2E000FA89120A92B2934208D0FB891946FB7878
:10B2F0001A46144800F054FF072319E007F10E0323
:10B300001A460921786800F037FAFB89DBB28B2BEB
:10B3100004D1FB891B0A9BB28B2B08D0FB8948F612
:10B320008B321946084800F03BFF092300E0002358
:10B3300018462037BD4680BD98250200DC25020056
:10B340002026020064260200A426020080B483B0F6
:10B3500000AF78607B68002283F800217B680022C0
:10B3600083F801217B68002283F802217B68002298
:10B3700083F8032100BF0C37BD4680BC704780B501
:10B3800084B000AF786039603B681D2B0FD87868B7
:10B3900000F033FAF86001223B6802FA03F3FA681E
:10B3A0001343FB60F968786800F04FFA00E000BFD3
:10B3B0001037BD4680BD000080B584B000AF786016
:10B3C0007B6893F800311A460321786800F0CDF8C5
:10B3D0007B6893F801311A460421786800F0C5F8BB
:10B3E0007B6893F802311A460521786800F0BDF8B1
:10B3F0007B6893F803311A460621786800F0B5F8A7
:10B4000007F10E031A460321786800F0B5F97B684E
:10B4100093F800311A46FB89DBB29A4208D17B6867
:10B4200093F800311A46FB891B0A9BB29A4204D05A
:10B43000FB8919462E4800F0B3FE07F10E031A46A9
:10B440000421786800F098F97B6893F801311A4676
:10B45000FB89DBB29A4208D17B6893F801311A4626
:10B46000FB891B0A9BB29A4204D0FB8919462148EA
:10B4700000F096FE07F10E031A460521786800F0E9
:10B480007BF97B6893F802311A46FB89DBB29A425A
:10B4900008D17B6893F802311A46FB891B0A9BB2DC
:10B4A0009A4204D0FB891946134800F079FE07F14F
:10B4B0000E031A460621786800F05EF97B6893F85F
:10B4C00003311A46FB89DBB29A4208D17B6893F8B4
:10B4D00003311A46FB891B0A9BB29A4204D0FB89AE
:10B4E0001946064800F05CFE00BF1037BD4680BD1F
:10B4F000E4260200202702005C27020098270200B1
:10B5000080B588B004AF78600123FB7307F10800B1
:10B5100001230293002301930023009301230022BF
:10B520000121FEF7A6F83B7A23F020033B723B7A19
:10B5300043F002033B723B7A23F010033B723B7AE9
:10B540001A460021786800F010F807F10C0000237B
:10B5500000220421FEF75FF8397B786800F036F9A5
:10B56000FB7B18461037BD4680BD80B584B000AF68
:10B5700078600B46FB701346BB7007F10C0318464E
:10B5800000F084F9FB7843F06003DBB21946786879
:10B5900000F0A3F9BB781946786800F09EF907F12E
:10B5A0000C03184600F084F91037BD4680BD90B5F5
:10B5B00085B000AF78600B46FB7007F10C031846AE
:10B5C00000F064F90023FB73FB7843F04003DBB227
:10B5D0001946786800F081F9786800F08CF9034624
:10B5E000DAB2FB7B1343FB73FB7B9CB207F10C03CA
:10B5F000184600F05DF9234618461437BD4690BD45
:10B6000080B586B000AF786007F110031846FDF7EB
:10B61000EFFF07F10C031846FDF7EAFF07F10C02F4
:10B6200007F110031946786800F073F9FB7CC3F347
:10B630000403DBB21D2B0FD8FB7C23F07F03DBB2AE
:10B64000002B09D0FB7CC3F30403DBB21A467B68F2
:10B650000432396943F82210FB7BC3F30403DBB2E5
:10B660001D2B0FD8FB7B23F07F03DBB2002B09D00F
:10B67000FB7BC3F30403DBB21A467B682232F96812
:10B6800043F822100123FB75FB7D18461837BD4691
:10B6900080BD80B584B000AF786039603B681E2BF8
:10B6A00001D900230EE0786800F0A7F8F860FA6886
:10B6B0003B6822FA03F303F00103002B14BF0123BC
:10B6C0000023DBB218461037BD4680BD80B485B07C
:10B6D00000AFF8607A603B600B46FB72FB7A1D2B73
:10B6E00022D8FB7A7968FA6804339B0013441868FF
:10B6F0000860FB7A3968FA6822339B0013441868A3
:10B700000860FB7AFA6804339B001344DA7822F06D
:10B710008002DA70FB7AFA6822339B001344DA78ED
:10B7200022F08002DA7000E000BF1437BD4680BC12
:10B730007047000080B582B000AF786039603B6828
:10B740001B68184610F0F0FF7B68D3E9022311F064
:10B7500055F802460B46104619464FF00002054BBD
:10B7600011F076F902460B46104619460837BD46D9
:10B7700080BD00BF00005E4180B586B000AFF860BC
:10B780000B467A60FB7207F11403184600F07EF84E
:10B790007B6800221A80FB7A43F04003DBB2194633
:10B7A000F86800F09AF8F86800F0A5F803461A4621
:10B7B0007B681B8813439AB27B681A8007F11403D5
:10B7C000184600F075F81837BD4680BD80B584B0C6
:10B7D00000AF7860397007F10C03184600F056F896
:10B7E0003B781946786800F078F807F10C031846A2
:10B7F00000F05EF81037BD4680BD80B485B000AF64
:10B8000078600023FB607B6893F800311A46FB6880
:10B810001343FB607B6893F801311B02FA68134302
:10B82000FB607B6893F802311B04FA681343FB60EA
:10B830007B6893F803311B06FA681343FB60FB68CF
:10B8400018461437BD4680BC704780B483B000AF43
:10B85000786039603B68DAB27B6883F800213B6826
:10B860001B0ADAB27B6883F801213B681B0CDAB251
:10B870007B6883F802213B681B0EDAB27B6883F891
:10B88000032100BF0C37BD4680BC704780B582B035
:10B8900000AF78604FF47A70F5F7CEF8FEF706F84F
:10B8A0000120FEF72BF87B6818460837BD4680BD9F
:10B8B00080B582B000AF78600120F5F7BDF8FDF7E4
:10B8C000F5FF0020FEF71AF84FF47A70F5F7B4F898
:10B8D0007B6818460837BD4680BD80B582B000AF92
:10B8E00078600B46FB70FB781846FEF71DF800BF2A
:10B8F0000837BD4680BD80B584B000AF78600020B9
:10B90000FEF722F80346FB81FB8918461037BD4637
:10B9100080BD80B586B000AFF860B9607A60002362
:10B92000FB8207F114031846FFF7B0FF3021F868D7
:10B93000FFF7D3FFF868FFF7DEFF0346FB82FB8AC1
:10B94000DAB2BB68DA70FB8A1B0A9BB2DAB27B6898
:10B95000DA70F868FFF7CFFF0346FB82FB8ADAB2A2
:10B96000BB689A70FB8A1B0A9BB2DAB27B689A703A
:10B97000F868FFF7C0FF0346FB82FB8ADAB2BB68B8
:10B980005A70FB8A1B0A9BB2DAB27B685A70F8685D
:10B99000FFF7B1FF0346FB82FB8ADAB2BB681A707D
:10B9A000FB8A1B0A9BB2DAB27B681A7007F1140398
:10B9B0001846FFF77DFF1837BD4680BD0000000028
:10B9C00080B582B002AFC048FEF732F84FF00002F7
:10B9D0004FF00003CDE900234FF00002BB4BBC4801
:10B9E000FDF7E0FF4FF000024FF00003CDE9002328
:10B9F0004FF00002B54BB748FDF7D4FF4FF00002FF
:10BA00004FF00003CDE900234FF00002AF4BB248E6
:10BA1000FDF7C8FF4FF000024FF00003CDE900230F
:10BA20004FF00002A94BAD48FDF7BCFF4FF00002FC
:10BA30004FF00003CDE900234FF00002A34BA848CC
:10BA4000FDF7B0FF4FF000024FF00003CDE90023F7
:10BA50004FF000029D4BA348FDF7A4FF4FF00002FA
:10BA60004FF00003CDE900234FF00002974B9E48B2
:10BA7000FDF798FF4FF000024FF00003CDE90023DF
:10BA80004FF00002914B9948FDF78CFF4FF00002F8
:10BA90004FF00003CDE900234FF000028B4B944898
:10BAA000FDF780FF4FF000024FF00003CDE90023C7
:10BAB0004FF00002854B8F48FDF774FF4FF00002F6
:10BAC0004FF00003CDE900234FF000027F4B8A487E
:10BAD000FDF768FF4FF000024FF00003CDE90023AF
:10BAE0004FF00002794B8548FDF75CFF4FF00002F4
:10BAF0004FF00003CDE900234FF00002734B804864
:10BB0000FDF750FF4FF000024FF00003CDE9002396
:10BB10004FF000026D4B7B48FDF744FF4FF00002F1
:10BB20004FF00003CDE900234FF00002674B764849
:10BB3000FDF738FF4FF000024FF00003CDE900237E
:10BB40004FF00002614B7148FDF72CFF4FF00002EF
:10BB50004FF00003CDE900234FF000025B4B6C482F
:10BB6000FDF720FF4FF000024FF00003CDE9002366
:10BB70004FF00002554B6748FDF714FF4FF00002ED
:10BB80004FF00003CDE900234FF000024FF0804357
:10BB90006148FDF707FF4FF000024FF00003CDE9C9
:10BBA00000234FF00002494B5C48FDF7FBFE4FF0CD
:10BBB00000024FF00003CDE900234FF00002434B99
:10BBC0005748FDF7EFFE4FF000024FF00003CDE9BC
:10BBD00000234FF000023D4B5248FDF7E3FE4FF0CB
:10BBE00000024FF00003CDE9002335A3D3E9002381
:10BBF0004D48FDF7D7FE4FF000024FF00003CDE9AE
:10BC000000234FF00002314B4848FDF7CBFE4FF0C8
:10BC100000024FF00003CDE900234FF000022B4B50
:10BC20004348FDF7BFFE4FF000024FF00003CDE99F
:10BC300000234FF00002254B3E48FDF7B3FE4FF0C6
:10BC400000024FF00003CDE900234FF000021F4B2C
:10BC50003948FDF7A7FE4FF000024FF00003CDE991
:10BC600000234FF000024FF080433448FDF79AFE66
:10BC70004FF000024FF00003CDE900234FF0000227
:10BC8000124B2F48FDF78EFE4FF000024FF00003DD
:10BC9000CDE900234FF000020C4B2A48FDF782FE4D
:10BCA0004FF000024FF00003CDE900234FF00002F7
:10BCB0004FF080432448FDF775FE4FF0000245E049
:10BCC0005EBA490C02AB1E40805C00200000F03FD1
:10BCD000205E0020305E0020405E0020505E00208C
:10BCE000605E0020705E0020805E0020905E00207C
:10BCF000A05E0020B05E0020C05E0020D05E00206C
:10BD0000E05E0020F05E0020005F0020105F002059
:10BD1000205F0020305F0020405F0020505F002047
:10BD2000605F0020705F0020805F0020905F002037
:10BD3000A05F0020B05F0020C05F0020D05F002027
:10BD4000E05F0020F05F0020006000204FF0000363
:10BD5000CDE900234FF000024FF080431C48FDF76F
:10BD600021FE4FF000024FF00003CDE900234FF019
:10BD70000002184B1848FDF715FE4FF000024FF077
:10BD80000003CDE9002310A3D3E900231348FDF7F6
:10BD900009FE4FF000024FF00003CDE900230AA393
:10BDA000D3E900230E48FDF7FDFD4FF000024FF0F0
:10BDB0000003CDE900234FF000020A4B0A48FDF7CB
:10BDC000F1FD00BFBD4680BD5EBA490C02AB1E400E
:10BDD000106000200000F03F206000203060002054
:10BDE00040600020004059405060002080B500AF06
:10BDF0000348FDF7ADFE0348FBF760FF00BF80BDC1
:10BE0000805C00204800002080B500AFFFF7D8FD1F
:10BE100080BD80B500AFFFF7E9FF80BD80B483B07F
:10BE200000AF7860044B1B68C83301221A7000BF52
:10BE30000C37BD4680BC70474C00002090B589B0DF
:10BE400000AFF860B9607A603B600023FB61FB687B
:10BE5000002B02D0BB68002B01D10023DCE07B6B00
:10BE6000002B16D0BB6B002B13D0B96B786B01F095
:10BE7000F7FB03461A46796BF86801F0ABFB034603
:10BE8000002B14BF01230023DBB2002B01D00023C1
:10BE9000C2E0BB68BB61BB69202B01D92023BB6119
:10BEA00097F83C3083F00103DBB2002B39D000233C
:10BEB000FB6129E0FA68FB69134493F90030602BB9
:10BEC00015DDFA68FB69134493F900307A2B0EDC18
:10BED000FA68FB69134493F90030DBB2203BDBB214
:10BEE00059B24F4AFB6913440A461A7009E0FA68CE
:10BEF000FB69134493F90010494AFB6913440A464D
:10BF00001A70FB690133FB61B969F86801F0A8FB9D
:10BF10000246FB69934234BF01230023DBB2002BAE
:10BF2000C8D13F4B0022DA7700233B610023FB613D
:10BF300048E0FB691B017A6813441B7A7B61BA688D
:10BF40007B699A4201D2BB687B61FB691B017A68FD
:10BF500013441B687A691946314801F03BFB0346DC
:10BF6000002B0CD0FB691B017A6813441B687A69AB
:10BF70001946F86801F02EFB0346002B1FD1FB6920
:10BF80001B017A6813441B7A1A46FB6813443B6111
:10BF9000FB691B017A681344DC68FB691B017A6842
:10BFA00013441868FB691B017A6813441B7A1A460C
:10BFB000BB689A1A3B6C3969A04701232CE0FB69E6
:10BFC0000133FB61FA693B689A42B2D397F830308B
:10BFD000002B18D11249134800F0E2F80023FB614E
:10BFE0000BE00F4AFB69134493F9003019460E48E1
:10BFF00000F0D6F8FB690133FB61FB69092BF0D92E
:10C000000A4800F0CDF897F83030002B03D139689A
:10C01000786800F00DF8002318462437BD4690BD1F
:10C0200060600020002902001C290200242902006F
:10C0300080B584B000AF786039600023FB6010E009
:10C04000FB681B017A6813441968FB681B017A6856
:10C0500013445B681A46074800F0A2F8FB680133F6
:10C06000FB60FA683B689A42EAD300BF00BF103712
:10C07000BD4680BD4C29020090B587B002AFF86084
:10C080007A603B600B467B81FB68002B0BD0FB6822
:10C090001B680C331C6879893B6A00933B687A689B
:10C0A000F868A04702E0034800F07AF800BF1437B0
:10C0B000BD4690BD5429020080B586B000AFF8603F
:10C0C000B9607A60BB68002B01D1002312E0002325
:10C0D0007B610AE0BA687B69134493F90030184623
:10C0E000FCF766FD7B6901337B617A697B689A4264
:10C0F000F0D37B6818461837BD4680BD80B586B042
:10C1000000AFF860B9607A60FB68B3F1804F03D389
:10C11000FB680D4A934209D97B68BA68F9680B48F5
:10C1200000F046FFFA687B68134409E0FB687B6116
:10C130007A68B968786901F08BFC02467B68134421
:10C1400018461837BD4680BD00800040B429020063
:10C1500080B586B000AFF860B9607A60BB68002B2C
:10C1600002D0FB68002B01D1002315E0FB683B6186
:10C1700000237B610BE0BA687B69134493F90030BC
:10C180003969184600F064FF7B6901337B617A6985
:10C190007B689A42EFD37B6818461837BD4680BD4E
:10C1A0000FB480B582B000AF07F114033B603B6869
:10C1B0003A6900210548F6F725FD78607B68184646
:10C1C0000837BD46BDE8804004B07047B9C00000E4
:10C1D0000EB480B585B000AF786007F12003BB6076
:10C1E000BB68FA6979680A48F6F70CFDF860FB68E5
:10C1F000002B04DBFB687A68134400221A70FB688A
:10C2000018461437BD46BDE8804003B0704700BFF4
:10C21000FDC000000CB480B584B000AF7860396018
:10C2200007F11C03BB60BB68BA6979680548F6F77B
:10C23000E9FCF860FB6818461037BD46BDE8804051
:10C2400002B07047FDC000000EB480B585B000AFED
:10C25000786007F12003BB60BB68FA69796806481B
:10C26000F6F7D0FCF860FB6818461437BD46BDE809
:10C27000804003B0704700BF51C10000F0B587B0E7
:10C2800004AF78607B681B889BB21E467B681B7876
:10C2900003F00103DBB2002B01D0592400E04E244F
:10C2A0007B681B7803F00203DBB2002B01D0592519
:10C2B00000E04E257B681B7803F00403DBB2002B03
:10C2C00001D0592300E04E237A68127802F0080268
:10C2D000D2B2002A01D0592200E04E227968497872
:10C2E00001F00101C9B2002901D0592100E04E211D
:10C2F0007868407800F00200C0B2002801D05920D0
:10C3000000E04E2003900291019200932B462246BA
:10C3100031460348FFF744FF00BF0C37BD46F0BD70
:10C32000302A0200F0B589B006AF78607B681B78D0
:10C330009C467B681B7803F00103DBB2002B01D025
:10C34000592500E04E257B681B7803F00203DBB221
:10C35000002B01D0592600E04E267B681B7803F0A5
:10C360000403DBB2002B01D0592300E04E237A688E
:10C37000127802F00802D2B2002A01D0592200E05D
:10C380004E227968097801F01001C9B2002901D064
:10C39000592100E04E217868007800F02000C0B2FA
:10C3A000002801D0592000E04E207C68247804F059
:10C3B0004004E4B2002C01D0592400E04E2404943F
:10C3C000039002910192009333462A466146034846
:10C3D000FFF7E6FE00BF0C37BD46F0BDA42A020001
:10C3E00080B582B000AF78607B681B68194603484F
:10C3F000FFF7D6FE00BF0837BD4680BD242B0200E4
:10C40000F0B587B004AF78607B681B781E467B6808
:10C410001B7803F00103DBB2002B01D0592400E0AC
:10C420004E247B681B7803F00203DBB2002B01D0A3
:10C43000592500E04E257B681B7803F00803DBB22A
:10C44000002B01D0592300E04E237A68127802F0C5
:10C450001002D2B2002A01D0592200E04E2279689F
:10C46000097801F02001C9B2002901D0592100E06A
:10C470004E217868007820F07F00C0B2002801D0FB
:10C48000592000E04E2003900291019200932B4628
:10C49000224631460348FFF783FE00BF0C37BD46F6
:10C4A000F0BD00BF502B020080B582B000AF7860B5
:10C4B0007B681B6819460348FFF772FE00BF083708
:10C4C000BD4680BDD02B020080B582B000AF786041
:10C4D0007B681B6819460D48FFF762FE7B681846AB
:10C4E000FFF78EFF0A48FFF75BFE7B6801331846B3
:10C4F000FFF718FF0648FFF753FE7B680233184624
:10C50000FFF7BCFE00BF0837BD4680BD002C02000F
:10C51000342C020080B584B002AF78607B68196863
:10C520007B681B7803F00203DBB2002B01D0592299
:10C5300000E04E227B68DB7803F04003DBB2002B87
:10C5400001D0592000E04E207B68DB7823F07F0388
:10C55000DBB2002B01D0592300E04E2300930346A9
:10C560000348FFF71DFE00BF0837BD4680BD00BF72
:10C57000382C0200F0B589B006AF78607B681D6882
:10C580007B685E687B68D3F808C07B68DB687A6884
:10C59000126979684969786880697C68E4690494FB
:10C5A0000390029101920093634632462946034864
:10C5B000FFF7F6FD00BF0C37BD46F0BD842C02002E
:10C5C00080B584B000AF78601C4B1B6803F001039A
:10C5D000002B14BF01230023DBB2002B00D001BECF
:10C5E0007868FFF7C7FF1648FFF7DAFD154B1B68A1
:10C5F0001846FFF7F5FE1248FFF7D2FD124B1B68F5
:10C600001846FFF751FF0E48FFF7CAFD0F4B1B6896
:10C610001846FFF77FFF0A48FFF7C2FD0C4B1B6867
:10C620001846FFF751FF0648FFF7BAFD0023FB60ED
:10C63000FB68984700BF1037BD4680BDF0ED00E0B5
:10C64000082D02005C000020640000206C00002027
:10C650006800002080B586B000AF78601248FFF710
:10C660009FFD7B689B693B617B685B69FB60396907
:10C670000E48FFF795FDF9680D48FFF791FD00237F
:10C680007B6104E0FCF76EFA7B6901337B617B69B7
:10C69000B3F5805FF6D30023BB60BB68984700BF4B
:10C6A0001837BD4680BD00BF0C2D02001C2D0200B6
:10C6B0002C2D020080B586B000AF78601248FFF7DD
:10C6C0006FFD7B689B693B617B685B69FB603969D7
:10C6D0000E48FFF765FDF9680D48FFF761FD00237F
:10C6E0007B6104E0FCF73EFA7B6901337B617B6987
:10C6F000B3F5805FF6D30023BB60BB68984700BFEB
:10C700001837BD4680BD00BF3C2D02001C2D020025
:10C710002C2D020080B586B000AF78601248FFF77C
:10C720003FFD7B689B693B617B685B69FB603969A6
:10C730000E48FFF735FDF9680D48FFF731FD00237E
:10C740007B6104E0FCF70EFA7B6901337B617B6956
:10C75000B3F5805FF6D30023BB60BB68984700BF8A
:10C760001837BD4680BD00BF502D02001C2D0200B1
:10C770002C2D020080B500AF0248FBF79FFA00BFE6
:10C7800080BD00BF5000002080B500AFFFF7F2FF72
:10C7900080BD000080B582B000AF786039607B68F2
:10C7A0001B6818460FF0C0FF3B68D3E9002310F068
:10C7B00025F802460B46104619464FF00002054B7D
:10C7C00010F046F902460B46104619460837BD469A
:10C7D00080BD00BF00005E4180B483B000AF7860D0
:10C7E0000B46FB707B68FA785A7000BF0C37BD4669
:10C7F00080BC704780B400AF00BFBD4680BC7047AE
:10C8000080B582B000AF7860786800F065FC00BF4A
:10C810000837BD4680BD000080B582B000AF01235F
:10C82000FB710848FDF7E4FC0748FCF7B3FB03463F
:10C83000002B01D00023FB71FB7918460837BD4659
:10C8400080BD00BF805C0020304C002080B584B0EB
:10C8500002AF786039600A214348FBF7D2FA0A2117
:10C860004148FBF7CEFA0A213F48FBF7CAFA0A21F2
:10C870003D48FBF7C6FA0A213B48FBF7C2FA0A21FA
:10C880003948FBF7BEFA0A213748FBF7BAFA0A2102
:10C890003548FBF7B6FA0A213348FBF7B2FA4821CC
:10C8A0003148FBF7AEFA65212F48FBF7AAFA6C2155
:10C8B0002D48FBF7A6FA6C212B48FBF7A2FA6F2153
:10C8C0002948FBF79EFA20212748FBF79AFA4521D1
:10C8D0002548FBF796FA53212348FBF792FA4321A8
:10C8E0002148FBF78EFA2D211F48FBF78AFA4621D3
:10C8F0001D48FBF786FA53211B48FBF782FA4D21AE
:10C900001948FBF77EFA0A211748FBF77AFA202329
:10C9100000932023154A16491648FFF741FCC82208
:10C92000C8211548FFF73CFC3C223C211348FFF787
:10C9300037FC442244211248FFF732FCA422A421F0
:10C940001048FFF72DFC104800F022F800210E4897
:10C9500000F040F800210D48FFF73EFF0B48FDF7BF
:10C960000FFBFFF759FFFCE7F01A0020242E02000E
:10C97000282E0200542E0200A02E0200D82E020003
:10C98000182F0200582F0200304C0020805C00203D
:10C9900080B582B000AF78607B6803F580530022D9
:10C9A0001A847B6803F5805300225A847B6808331D
:10C9B0004FF480520021184600F054FD7B6803F5C7
:10C9C00080530833184600F017F80023184608373C
:10C9D000BD4680BD80B483B000AF78600B46FB706D
:10C9E0007B6803F580531A46FB7882F8243000BF39
:10C9F0000C37BD4680BC704780B483B000AF786010
:10CA00007B6800221A617B6800225A6100BF0C37E4
:10CA1000BD4680BC7047000080B500AF0248FBF700
:10CA20004DF900BF80BD00BF7800002080B500AF89
:10CA3000FFF7F2FF80BD0000002301461A461846AA
:10CA400001F0AAB808B50021044601F0EFF8034B45
:10CA50001B6803B198472046F3F7E4FEC861002045
:10CA6000014BC0F8EC307047A02F0200034B1B5C59
:10CA700003F00303022B08BF20387047A12F0200E8
:10CA8000B1F90C20F8B516070C46074648D449689A
:10CA900042F400630029A3815FDDA56A002D3DD02B
:10CAA000002112F480523E683960E16961D10123AE
:10CAB0003846A847451C02466AD0B4F90C30A56A2E
:10CAC000E169580705D56368D21A236B0BB1E36B94
:10CAD000D21A00233846A847411C4CD13968B4F912
:10CAE0000C301D293FD82F4ACA40D2073BD500221F
:10CAF00062602269DD04226023F40062A28101D514
:10CB0000002943D0216B3E6041B104F140039942BA
:10CB100002D0384601F046F9002323630020F8BD17
:10CB20000E69002EFAD0920718BF00230D6808BFC7
:10CB30004B690E60AD1B8B600CE02B463246D4F87F
:10CB400024C03846E169E047B0F1000CA5EB0C05C4
:10CB5000664406DD002DF0DCE0E7E16B00299CDC9B
:10CB6000DCE7B4F90C3043F040034FF0FF30A38111
:10CB7000F8BD226DA5E70022B4F90C30626022698D
:10CB8000226023F40062DB04A281BBD52065B9E7F3
:10CB90003B68002B91D01D2B01D0162BE1D13E60BC
:10CBA000BCE700BF0100402038B505460C4608B17F
:10CBB000436B03B3B4F90C0088B1636EDB0701D497
:10CBC00081050FD528462146FFF75AFF636E0546BB
:10CBD000DA0702D4A3899B0508D5284638BD054647
:10CBE000284638BDA06D00F04BFEEBE7A06D00F0CD
:10CBF0004FFE284638BD00F05BF9DBE750B338B58F
:10CC0000174B04461D680DB16B6BBBB1B4F90C003A
:10CC100088B1636EDB0701D4810513D52846214610
:10CC2000FFF72EFF636E0546DA0702D4A3899B0542
:10CC30000CD5284638BD0546284638BD284600F0A4
:10CC400037F9E3E7A06D00F01BFEE7E7A06D00F009
:10CC50001FFEEEE7034A0449044800F077B900BF1D
:10CC60009400002088000020A9CB0000980000203C
:10CC7000024A0349034800F069B900BF8800002058
:10CC80003D1A0100980000200C4B416810B59942F4
:10CC9000044601D004F0D2FEA168094B994202D0AB
:10CCA000204604F0CBFEE168064B994204D02046B2
:10CCB000BDE8104004F0C2BE10BD00BF906000206F
:10CCC000F86000206061002008B54B6EDA0702D4DE
:10CCD0008B899B0501D5002008BD886D00F0D0FD33
:10CCE000002008BD08B54B6EDA0702D48B899B057E
:10CCF00001D5002008BD886D00F0CAFD002008BDE8
:10CD00002DE9F84300250423304C314A3149DFF83E
:10CD1000C890DFF8C880324F324E116004F15C00D9
:10CD200029460822C4E90335C4E90055C4E905557C
:10CD3000A560656600F096FB04F15800C4E9074958
:10CD4000C4E90987E66200F093FD274B29460822D3
:10CD500004F1C4006367C4E91A55C4E91E55256788
:10CD6000C4F8CC50C4F8805000F07CFB04F1680398
:10CD700004F1C000C4F88430C4E92298C4E92476E0
:10CD800000F076FD194B294604F596700822C4F888
:10CD9000DC30C4E93455C4E93855C4F8D850C4F877
:10CDA0003451C4F8E85000F05DFB04F1D003C4E94D
:10CDB0003D87C4F8F09004F59470C4F8FC60C4F8A2
:10CDC000EC30BDE8F84300F053BD00BF9060002098
:10CDD000C861002071CC00004DD2000075D2000067
:10CDE000B5D20000D9D200000900010012000200F3
:10CDF000F8B506462A4800F043FD2A4B1B68002B75
:10CE000043D0294FD7E90134013B04D524E05A1C13
:10CE100004F1680420D0B4F90C50013B002DF6D188
:10CE2000224B04F15800E360656600F021FD1C48C8
:10CE300000F02EFD08222946C4E90155C4E9045535
:10CE40002560A56104F15C0000F00CFBC4E90C5501
:10CE5000C4E911552046F8BD3D680DB12F46D1E714
:10CE60004FF4D671304601F099F8044680B104239E
:10CE70000560294625460C304FF4D072A0606360EF
:10CE800000F0F0FA3C602F46BCE7FFF739FFB8E747
:10CE900003483C6000F0FCFC0C233360DAE700BF81
:10CEA000EC610020C8610020880000200100FFFF25
:10CEB00010B504460A4800F0E3FC636B23B9094B44
:10CEC000094A1B68626323B1BDE81040044800F0C2
:10CED000DFBCFFF715FFBDE81040014800F0D8BCEB
:10CEE000EC610020C861002089CC0000014800F0FE
:10CEF000C7BC00BFEC610020014800F0C9BC00BF06
:10CF0000EC61002008B5054800F0BAFCBDE8084017
:10CF10000020034A034900F019B800BFEC6100206B
:10CF200088000020C9CC000008B50020044A05494B
:10CF300000F00CF8BDE80840034800F0A9BC00BFB1
:10CF400088000020E5CC0000EC6100202DE9F843CA
:10CF50004FF0000980460F461646D6E90154013DC0
:10CF600010D4A389012B08D9B4F90E30013304D0B1
:10CF700021464046B84749EA0009013D6B1C04F1CF
:10CF80006804EED13668002EE7D14846BDE8F88344
:10CF90000EB400B582B003AB53F8042B8168019343
:10CFA00002F0ECFE02B05DF804EB03B0704700BF86
:10CFB0000FB400B5074A83B004AB106853F8042BD4
:10CFC0008168019302F0DAFE03B05DF804EB04B06F
:10CFD000704700BF9400002070B505460E46144609
:10CFE00010B1436B002B2FD0636ED80702D4A389F6
:10CFF000990520D5A368013B002BA36019DAA2692B
:10D0000093420FDBF0B20A280CD0054623685A1C65
:10D0100022601E70636EDA0702D4A3899B050ED5C9
:10D02000284670BD28462246314600F059F905468B
:10D03000F0E7F0B2E9E7A06D00F022FCDAE7A06DBE
:10D0400000F026FC284670BDFFF732FFCCE700BF9A
:10D050001E4B70B51E6805460C4616B1736B002B4F
:10D060002FD0636ED80702D4A389990520D5A36871
:10D07000013B002BA36019DAA26993420FDBE8B2EF
:10D080000A280CD0064623685A1C22601D70636E65
:10D09000DA0702D4A3899B050ED5304670BD304611
:10D0A0002246294600F01CF90646F0E7E8B2E9E717
:10D0B000A06D00F0E5FBDAE7A06D00F0E9FB30467B
:10D0C00070BD3046FFF7F4FECBE700BF94000020B0
:10D0D0008268FFF781BF00BF024B01461868826873
:10D0E000FFF77ABF9400002030B5054689B00846A6
:10D0F0000C4600F023FD01230222234907936B6BAA
:10D100000691029204A9421C04940191AC68059016
:10D1100003926BB3636EB4F90C20D80701D4910568
:10D120001FD5900405D442F4005223F40053A28189
:10D130006366990420D42146284601AA04F0E6FC3F
:10D14000E8B90A25636EDA0702D4A3899B0502D5E4
:10D15000284609B030BDA06D00F09AFB284609B002
:10D1600030BDA06D00F08CFBB4F90C20636ED8E7E5
:10D170002846FFF79DFECDE74FF0FF35E3E74FF080
:10D18000FF35636EDFE700BFA4300200024B0146AB
:10D190001868FFF7A9BF00BF940000200EB44FF439
:10D1A0000172F0B500269CB021AD55F8047BADF8B6
:10D1B00014201B960290069000F0C0FC4FF6FF7200
:10D1C00004460A4B0A49ADF816200A933A462B4604
:10D1D000086802A90E96139601950394079401F02E
:10D1E0009DF91CB0BDE8F04003B0704771D200005B
:10D1F000940000200CB44FF401732DE9F041002697
:10D200009CB022AD0746084655F8048BADF81430A3
:10D21000029106911B9600F091FC4FF6FF730446B5
:10D220000949ADF816300A91424638462B4602A904
:10D230000E96139601950394079401F06FF91CB0B4
:10D24000BDE8F04102B0704771D2000010B50C4645
:10D25000B1F90E1000F0B2FA002803DB236D03448D
:10D26000236510BDA38923F48053A38110BD00BFA3
:10D27000002070472DE9F0410C46B1F90C101F4613
:10D28000CB05054616460BD421F48051A1813B46BF
:10D2900032462846B4F90E10BDE8F041F3F738BB2A
:10D2A000B4F90E100223002200F072FAB4F90C1047
:10D2B000EAE700BF10B50C46B1F90E1000F068FAAD
:10D2C000B4F90C30421C0EBF23F4805343F4805356
:10D2D0002065A38110BD00BFB1F90E1000F010BA97
:10D2E000F8B506460D46144610B1436B002B4AD0E4
:10D2F000B4F90C30A2691807A2601FD52269EAB1FF
:10D30000EDB299042F46626E24D592042FD4226880
:10D3100023696169D31A99422CDD0133A16801396F
:10D32000A160511C2160157062699A4219D0A389CD
:10D33000DB0701D50A2D14D03846F8BD214630460A
:10D3400000F02EF898B9B4F90C30EDB299042F46DC
:10D35000626EDAD443F4005322F40052A381626671
:10D36000D3E721463046FFF71FFC0028E4D04FF0FA
:10D37000FF37E1E721463046FFF716FC0028F6D1DB
:10D3800001232268CAE7FFF793FDB1E703460A4687
:10D39000024908681946FFF7A3BF00BF94000020A8
:10D3A00038B52F4B05461B680C4613B15A6B002A43
:10D3B0004BD0B4F90C3018071CD5226922B313F0F6
:10D3C000010107D000206169A0604942A1613AB122
:10D3D000002038BD980758BF6169A160002AF7D1C5
:10D3E000190658BF1046F4D543F04003A3814FF00F
:10D3F000FF3038BDD9062CD55A0712D4226943F024
:10D400000803A381002ADAD103F42071B1F5007F6B
:10D41000D5D02146284604F0EFFCB4F90C3022693F
:10D42000CDE7216B51B104F14002914204D028466E
:10D4300000F0B8FCB4F90C3000222263002122690C
:10D4400023F02403C4E90021D9E71846FFF730FD93
:10D45000AFE7092243F040032A60A381C7E700BF7A
:10D460009400002070B5860747D0541E002A3ED095
:10D470000346CAB201E0013C39D303F8012B9D07F2
:10D48000F9D1032C2CD9CDB205EB05250F2C1A466A
:10D4900005EB054534D9A4F1100C2CF00F0603F16F
:10D4A000100EB6444FEA1C1CC2E90055C2E90255F1
:10D4B00010327245F8D10CF1010214F00C0F03EB9D
:10D4C000021204F00F0C13D0ACF1040323F0030399
:10D4D0000433134442F8045B9342FBD10CF0030481
:10D4E0002CB1C9B21C4403F8011BA342FBD170BD8F
:10D4F00064461346002CF4D1F9E703461446C0E70E
:10D50000A446E1E711F0FF01034600F0030239D021
:10D510008ABB026810B501EB012E0EEB0E4E8EEAAF
:10D520000204A2F1013323EA0203A4F1013222EA48
:10D530000402134313F0803F0FD150F8044F84EAE4
:10D540000E0CA4F10133ACF1013223EA040322EA08
:10D550000C02134313F0803FEFD0037823B936E079
:10D5600010F8013F002B32D09942F9D110BD8A4208
:10D5700028D09A0729D01A7818460133002AF6D104
:10D5800010467047CAB90268A2F1013323EA0203C8
:10D5900013F0803F08D150F8042FA2F1013323EAA1
:10D5A000020313F0803FF6D003785BB110F8013F1F
:10D5B000002BFBD17047990705D0184613F8012BB3
:10D5C000002AF8D170471846DDE71846A1E718464B
:10D5D00010BD00BF002A3ED0844630B50446084343
:10D5E00080070B462ED1032A07D82BE0043A25D01A
:10D5F0001EF0803F22D1032A22D919462068A44672
:10D60000A0F1013323EA000E0B4653F8045B043407
:10D61000A842EBD09CF800000C7884421DD1E6466D
:10D6200068B11EF8010F11F8014FA2EB0E03A042E2
:10D6300003F1FF3311D11CEB0303F1D1002030BD06
:10D64000A44619469CF800000C78A04205D1012A96
:10D65000F4D0E646E4E710467047001B30BD00BF3B
:10D6600071B1034600EB010C01E0634506D01A4698
:10D67000117801330029F8D1101A7047181A704731
:10D6800008467047024A01231268503200F002B87F
:10D690009400002018B3F0B407468C4617F8015BDD
:10D6A00001E0A54214D01CF8014B002CF9D1DDB1EA
:10D6B0003E460C4616F8015B00E063B114F8013BEE
:10D6C0009D42FAD14DB100233B701660F0BC70470B
:10D6D00073B13846E0E73746EAE72E46F5E71068CB
:10D6E0000028D8D10020704700201560F0BC70479A
:10D6F00017600370EAE700BF0123FFF7CBBF00BF4D
:10D70000002238B5064D044608462A60F3F76EF845
:10D71000431C00D038BD2B68002BFBD0236038BDE4
:10D72000CC610020194B1B6883422ED0416C70B530
:10D73000054681B100268C593CB121462468284613
:10D7400000F030FB002CF8D1696C0436802EF2D149
:10D75000284600F027FBA96B11B1284600F022FBF8
:10D760002C6C34B121462468284600F01BFB002CA9
:10D77000F8D1E96C11B1284600F014FB6B6B1BB1BA
:10D780002846BDE87040184770BD704794000020DF
:10D7900038B50C46114600228446074D20462A60C3
:10D7A0001A466446F3F78FF8431C00D038BD2B6847
:10D7B000002BFBD0236038BDCC61002038B50C466F
:10D7C000114600228446074D20462A601A466446C8
:10D7D000F3F792F8431C00D038BD2B68002BFBD028
:10D7E000236038BDCC610020014B1868704700BF32
:10D7F0009400002070B50F4B0F4DAB42A3EB050614
:10D8000007D00024B61055F8043B01349847A642CF
:10D81000F9D81CF017FF094D094B5E1BAB424FEACC
:10D82000A60606D0002455F8043B01349847A642CA
:10D83000F9D870BD5CA602005CA602005CA60200DE
:10D8400074A6020038B5074D074C2C1BA41005D058
:10D85000013C55F8043D9847002CF9D1BDE838400B
:10D860001CF0F6BE88A6020074A60200704700BF36
:10D87000704700BF704700BF704700BF704700BFD0
:10D88000704700BF0120704701207047704700BFFC
:10D89000704700BF80EA010C1CF0030F37D110F075
:10D8A000030C20F0030021F0030150F8042B08BF03
:10D8B00051F8043B0ED08CF0030C6FF07F434FEA1D
:10D8C000CC0C23FA0CFC51F8043B42EA0C0243EA6C
:10D8D0000C0300BFA2F1013C9A4201BF2CEA020CEA
:10D8E0001CF0803F50F8042B51F8043BF2D04FEA73
:10D8F00002604FEA1222012828BFB0EB036F08BF75
:10D900001B0AF4D003F0FF03000EC01A704710F09A
:10D91000030F0AD010F8012B11F8013B012A28BF90
:10D920009A42F4D0A2EB030070474DF8045D50F822
:10D93000042B01F0030521F0030151F8043B022DF3
:10D9400026D04DD822F07F45B5EB132FA2F1013C34
:10D950002CEA020C0DD11CF0803C08BF51F8043BAE
:10D960000AD185EA0205B5EB036F0CD150F8042B00
:10D97000E8E74FEA13235BE03CF07F4C54D10B788F
:10D980004FEA126554E04FEA126503F0FF034FE0DF
:10D990004FEA0245A2F1013C4FEA15452CEA020C80
:10D9A000B5EB134F18D11CF0803C08BF51F8043B75
:10D9B00007D185EA0205B5EB034F09D150F8042BD6
:10D9C000E6E75FEA0C4C2FD10B884FEA12452FE0B7
:10D9D0004FEA03434FEA12454FEA134328E000BFE2
:10D9E00002F0FF05B5EB136FA2F1013C2CEA020C2B
:10D9F0000DD11CF0803C08BF51F8043B0AD185EAE8
:10DA00000205B5EB032F0AD150F8042BE8E74FEAE3
:10DA100013630DE012F0FF0F06D051F8043B4FEAFC
:10DA2000122523F07F4303E04FF0000020BC704735
:10DA300005F0FF0203F0FF00012828BF904204BF59
:10DA40002D0A1B0AF4D0A2EB000020BC704700BFD7
:10DA5000844641EA000313F0030349D1403A23D33B
:10DA60000B6803604B6843608B688360CB68C3605E
:10DA70000B6903614B6943618B698361CB69C36146
:10DA80000B6A03624B6A43628B6A8362CB6AC3622E
:10DA90000B6B03634B6B43638B6B8363CB6BC36316
:10DAA00040304031403ADBD230320BD30B68036058
:10DAB0004B6843608B688360CB68C3601030103163
:10DAC000103AF3D20C3205D351F8043B40F8043B32
:10DAD000043AF9D2043208D0D2071CBF11F8013B36
:10DAE00000F8013B01D30B8803806046704700BFFC
:10DAF000082A13D38B07B1D010F00303AED0C3F1C3
:10DB00000403D21ADB071CBF11F8013B00F8013BEC
:10DB1000A4D331F8023B20F8023B9FE7043AD9D363
:10DB2000013A11F8013B00F8013BF9D20B78037080
:10DB30004B7843708B7883706046704720F0030108
:10DB400010F00300C0F1000051F8043B00F1040C98
:10DB50004FEACC0C6FF000021CBF22FA0CF2134308
:10DB60004FF0010C4CEA0C2C4CEA0C4CA3EB0C02D1
:10DB700022EA030212EACC1204BF51F8043B04303B
:10DB8000F4D0C2F1000102EA0102B2FA82F2C2F15B
:10DB90001F0200EBD20070472DE9F8431B4D0646EB
:10DBA000286898460F469146FFF76AFE184B1C6896
:10DBB0001CB3286865681F2D22DC4EB96B1C02352A
:10DBC000636044F82570FFF763FE0020BDE8F8832A
:10DBD000012304EB8501C1F88890D4F88821AB407B
:10DBE0001A43022EC4F88821C1F80881E6D1D4F87E
:10DBF0008C211A43C4F88C21E0E7064C1C60D8E75E
:10DC0000FFF746FE4FF0FF30E0E700BFD8010020ED
:10DC100080630020F0610020024B13B10248FEF740
:10DC20000BBF70470000000045D800002DE9F04F01
:10DC300082462C4B2C4F83B018688B46CDF804A03D
:10DC4000FFF71EFE3E684EB34FF000094FF001088B
:10DC50007468651E22D4013406EB8404BBF1000F06
:10DC600023D173682268013BAB420CBF7560C4F8D6
:10DC7000009072B1D6F8881108FA05F30B42D6F875
:10DC800004A01CD1904773683A68534523D1B2422F
:10DC900021D1013D6B1CA4F10404DFD1114B1868A4
:10DCA00003B0BDE8F04FFFF7F3BDD4F800315B459A
:10DCB000D7D0013D6A1CA4F10404F6D1EEE7D6F8F2
:10DCC0008C01D4F88010034209D101989047736801
:10DCD0003A685345DBD0002AE0D01646B8E708463C
:10DCE0009047D0E7D8010020806300202DE9F84359
:10DCF00006460820894604F0B5FF0546DFF89880FF
:10DD0000304600F0FFFBD8F808305F6827F00307C3
:10DD1000A7F11104A4EB09042C44B4FBF5F4013C75
:10DD200005FB04F4A54208DC0021304604F088FF1E
:10DD3000D8F808303B44984205D0304600F0E8FB64
:10DD40000020BDE8F8833046614204F079FF0130DD
:10DD50000FD0124AD8F808303F1B47F001075F6028
:10DD6000136830461B1B136000F0D2FB0120BDE896
:10DD7000F8830021304604F063FFD8F80820831AA6
:10DD80000F2BDADD43F001035360054B03491B6899
:10DD9000C01A0860D1E700BFE801002084630020BA
:10DDA000DC01002000297CD0F8B50C46064600F0C6
:10DDB000A9FB54F8043C764FA4F1080523F00101B7
:10DDC0006818D7F808C04268844522F0030200F0C2
:10DDD0008380DB07426000EB020C33D454F8084C1C
:10DDE000DCF804302D1B2144AC6807F1080C6445B5
:10DDF00003F0010364D0D5F80CE0C4F80CE0CEF8D1
:10DE00000840002B00F0818041F001036B6001604D
:10DE1000B1F5007F22D20122CB0849098A407968F6
:10DE200001330A437A6057F8331007EBC302083A0C
:10DE3000C5E9021247F83350CD603046BDE8F840DE
:10DE400000F066BBDCF80430DB072BD541F00103A2
:10DE5000B1F5007F44F8043C0160DCD3B1F5206FDC
:10DE60004FEA512353D28B0903F1390003F13802F1
:10DE7000C300F818FB580838984203D161E09B684A
:10DE8000984204D05A6822F003028A42F7D8D86830
:10DE9000C5E9023085603046DD60BDE8F84000F03D
:10DEA00037BB7047114407F1080C836863453FD0C6
:10DEB000C268DA60936041F001036B606950A7E7C4
:10DEC000002B5FD10A44D0E90213CB60996042F085
:10DED00001036B60AA50B0E70A44D90707D454F88D
:10DEE000083CED1A1A44D5E90213CB60996042F060
:10DEF00001036B60274BBD601B6893429DD8264B86
:10DF000030461968FFF7F2FE97E71144CDE7142B6E
:10DF100008D9542B1DD80B0B03F16F0003F16E02CF
:10DF2000C300A6E703F15C0003F15B02C300A0E7B6
:10DF300041F00103C7E90455C5E902CC6B606950A3
:10DF40007BE70121921001FA02F279680A437A60B4
:10DF50009EE7B3F5AA7F06D8CB0B03F1780003F157
:10DF60007702C30085E740F25452934206D88B0CE7
:10DF700003F17D0003F17C02C3007AE74FF47E7366
:10DF80007E2276E741F001036B60016055E700BF38
:10DF9000E8010020E0010020B46300202DE9F04FEB
:10DFA00001F10B05162D064683B024D8102900F286
:10DFB000AD8000F0A7FA102518234FF0020CB84FDF
:10DFC0003B445C68A3F10802944200F01D81304696
:10DFD0006368E268A16823F00303CA602344916088
:10DFE0005A68083442F001025A6000F091FA204663
:10DFF00003B0BDE8F08F35F0070500F18780A94236
:10E0000000F2848000F07EFAB5F5FC7FC0F06F81ED
:10E010006B0A7FD0042B00F21E81AB0903F1390C8F
:10E0200003F1380E4FEACC009D4F3844446808385D
:10E03000A04207D10DE0002AE16880F2DF8088422B
:10E0400007D00C46636823F003035A1B0F2AF2DD46
:10E05000F446DFF850823C69444500F0BC806368B8
:10E0600023F00309A9EB05030F2B00F34581002BD7
:10E07000C7E9048880F22F81B9F5007FD7F804E062
:10E0800080F0C98001234FEAD9014FEA5919194498
:10E0900003FA09F357F831204EEA030E07EBC103E8
:10E0A000083BA260E360C7F804E047F83140D46061
:10E0B00001204FEAAC039840704532D810EA0E0FA9
:10E0C00007D12CF0030C400010EA0E0F0CF1040CE9
:10E0D000F9D007EBCC0AD646E146DEF80C300BE06F
:10E0E00059681C4621F003014A1B0F2ADB6800F324
:10E0F000BF80002A80F2E2809E45F1D109F101093A
:10E1000019F0030F0EF1080EE7D11FE10C23336065
:10E1100000246CE74FF400704FF0400C4FF03F0EBE
:10E1200082E7BC68636823F00309A94503D3A9EB20
:10E1300005030F2B52DC5C4B08201B6803F1100811
:10E1400004EB0903009304F08DFD584A83461368DD
:10E15000A844013305D008F1FF388044434203EA64
:10E1600008084146304604F06BFDB0F1FF3F82469F
:10E170004E4A00F0DC8004EB0903834200F2D580B4
:10E180004B4B0BF1FF31186840448446186040F057
:10E19000FB801AEA010F40F0F780D7F808A0C844C6
:10E1A00048F00102CAF804205446424B19688142E3
:10E1B00038BF1860404B1968814238BF186022F0A0
:10E1C0000308A845A8EB050301D30F2B06DC304656
:10E1D00000F09EF99CE7D7F804E069E7621943F084
:10E1E000010345F0010565603046BA6008345360AC
:10E1F00000F08EF9204603B0BDE8F08FA2683046EB
:10E20000D16023448A60EBE6DC68A3427FF4DFAE92
:10E210000CF1020C1DE7B9F5206F4FEA59227DD3AE
:10E22000142A00F2118102F15C03DB005B32F91861
:10E23000FB580839994203D1ECE09B68994204D01D
:10E240005A6822F003024A45F7D8D968C4E9023176
:10E250008C60DC602CE7142B6CD9542B00F2FD8011
:10E260002B0B03F16F0C03F16E0E4FEACC00DBE6D3
:10E27000D4F808C03046661945F001056560CCF851
:10E280000C30C3F808C042F00103C7E90466C6E9D0
:10E2900002887360625000F03BF90834A7E600BFC3
:10E2A000E8010020F0010020B4630020DC01002020
:10E2B00084630020B0630020AC63002021444A68DE
:10E2C000304642F001024A6054F8082FD3609A6049
:10E2D00000F01EF98BE6A144D9F80430304643F033
:10E2E0000103C9F8043000F013F908347FE64FEA5F
:10E2F000D50C05F1080362E6621943F0010145F00F
:10E30000010565603046C7E90422C2E90288516010
:10E3100044F8093000F0FCF8083468E64FEA991236
:10E3200002F13903DB00383281E7BC4224D0BC68FB
:10E33000626844E703F15C0C03F15B0E4FEACC002A
:10E3400072E65AF80839534540F0D8801CF0030FA4
:10E350000CF1FF3CF5D17B6823EA00037B604000B1
:10E3600098423FF6DEAE18B9DBE6400009F1040939
:10E370001842FAD0CC46ACE6614B0BF1FF3118687D
:10E3800008EB000CC3F800C01068013070D004EB3B
:10E390000902AAEB020262441A601AF00702CDE9F0
:10E3A000002340D0C2F108029244D04408EA0100A0
:10E3B0005A44121A02EA010B5946304604F040FC56
:10E3C000421C019B71D0A0EB0A0000EB0B081868FF
:10E3D00048F001025844BC42C7F808A01860CAF8C7
:10E3E00004203FF4E1AEB9F10F0F44D94FF0050C12
:10E3F0006168A9F10C0222F0070201F0010111434A
:10E4000061600F2A04EB0201C1E901CC55D8DAF8AA
:10E410000420C9E60120921000FA02F24EEA020E30
:10E42000C7F804E012E70AEB08020A40ABEB02026D
:10E4300002EA010B5946304604F002FC431C019BE2
:10E44000C1D1DDF800B0C2E7542A18D84FEA19321A
:10E4500002F16F03DB006E32E9E6B3F5AA7F18D84C
:10E46000EB0B03F1780C03F1770E4FEACC00DBE500
:10E47000C2F800A091E70123CAF80430A7E6B2F57C
:10E48000AA7F25D84FEAD93202F17803DB00773230
:10E49000CDE640F25452934225D8AB0C03F17D0CEB
:10E4A00003F17C0E4FEACC00BEE5009A4FF0000B62
:10E4B000083A9044A8EB0A0889E7304604F10801BD
:10E4C0000093FFF76FFC009BD7F808A018689EE741
:10E4D00040F254539A420DD84FEA994202F17D031B
:10E4E000DB007C32A3E64FF47E704FF07F0C4FF0E0
:10E4F0007E0E99E54FF47E737E2298E67B682EE7C8
:10E50000846300200148FFF7BBB900BFE061002031
:10E510000148FFF7BDB900BFE06100202DE9F04FD1
:10E52000ADF53B7D02AFC7E91202B1F90C203B63A8
:10E5300096048A464B6E05D442F4005223F40053ED
:10E540008A814B669D04C3F3403401F1E180A1460A
:10E550000822214607F15800FEF784FFBC62BC6325
:10E56000FC617C633C64774BD3F8E44004F028FB07
:10E5700007F1580200920346FA6CB86C07F1540197
:10E58000A047002861DBFB6C06460344FB647B6DFF
:10E59000002B00F04B81012867D0252B6ED000287E
:10E5A000E1D0FB6C01389E1BDAF8043034181A46AF
:10E5B000002A06F1FF3517DDDAF800306A7818789E
:10E5C000691C904203F1010340F03081DAF8042025
:10E5D0008C4202F1FF32CAF80030CAF8042000F081
:10E5E0003081002A0D46E7DC5146B86C08F0BAFCD1
:10E5F0000028E1D03B6C23B1BAF80C305A0640F148
:10E600001581BB6B002B01F08380BB6BDE88186823
:10E610007EB100248146A046051F55F8043F013411
:10E62000186805F04BFC2B68B442C3F80080F4D1A5
:10E6300048464FF0FF333B6408B105F03FFC386CAF
:10E6400007F53977BD46BDE8F08F4FF6FD73082218
:10E65000002107F158007B65FEF704FFFB6C0133D6
:10E66000FB647B6D002B00F0E180374AD25C100721
:10E6700000F1C7850126252B304692D1002425467E
:10E68000F96C0A78A2F1250301F10108552B00F27B
:10E69000CD80DFE813F0AB07CB00CB00CB00CB0085
:10E6A0009A07CB00CB00CB00CB00CB00D206D20622
:10E6B000D206D206D206D206D206D206D206D2069A
:10E6C000CB00CB00CB00CB00CB00CB00CB00DD06DA
:10E6D000CB003505E700DD06DD06DD06CB00CB000F
:10E6E000CB00CB00E000CB00CB004605CB00CB003D
:10E6F000CB008005CB00CB00CB00CB002007CB00AC
:10E70000CB008307CB00CB00CB00CB00CB00DD06DA
:10E71000CB003705E900DD06DD06DD065707A20759
:10E72000E000CB008E076307710748055407CB0054
:10E73000CB008205DB004C07CB00CB002007CB00D1
:10E74000DB0000BFD8060020A12F020004F0100358
:10E75000012D38BF01251A467B6414F0010301F036
:10E760000182002A41F049823B6B240653F804BB26
:10E770003B6301F16D82D846D7F844B05B46DC4676
:10E78000C7F83CB000269B46644604F019FAB04234
:10E790003FF430AFDAE9003213F8011B013ACAF84E
:10E7A000042007F5BC729155FA69CAF80030032AB3
:10E7B00006F1010307F1700602D13268042A06D07F
:10E7C000082200213046FB62FEF74CFEFB6A0096F1
:10E7D00007F5BC724146B86CFB6208F08BF9024643
:10E7E000F861501C3FF406AFFB6A002A41F06A82D0
:10E7F00099447B6C013D002B41F07282C8F80030D7
:10E80000FB6B002B01F0AE82A8EB0406BBEBA60F5E
:10E8100001F2A88220464FEACB0106F0E5FA044651
:10E82000002841F099824FF0FF333B64BB6B002B13
:10E830003FF405AFBB6B18683B6C01337FF4FCAE53
:10E84000E3E602354D44A5EB06098CE62307EDD13E
:10E850004A78414616E72207E8D14A7844F0020494
:10E8600041460FE744F001040A234FF0030B7B639A
:10E87000724BBB62DAF80430002B00F35F84514620
:10E88000B86C08F06FFB00287FF4B4AEC7F84C807A
:10E89000600641F15C810BF1FF33032B3FF656AF6D
:10E8A000DFE813F0A602E7013D010400B86C04F0B4
:10E8B00099F944F4F0637B64036800263B626B1EA5
:10E8C000B3F5B27F07F5BC7B34BF4FF0000CA5F564
:10E8D000B27C5C4628BF4FF4B275C7E90466FE639C
:10E8E000FE62BE61C7F80CC0C7F824B0DAF80010A9
:10E8F0000A78A2F12B034E2B50D8DFE813F0BB03AC
:10E900004F00BB034F004F00A100A500A500A500CC
:10E91000A500A500A500A500A500A5004F004F007B
:10E920004F004F004F004F004F00B0033F033F0325
:10E930003F03DD03D4034F004F00C3034F004F00DC
:10E940004F004F0096034F0075034F004F004F00DC
:10E9500070034F004F004F005903AB034F004F00AF
:10E960004F004F004F004F004F00B0033F033F03E5
:10E970003F03DD03D4034F004F00C3034F004F009C
:10E980004F004F0096034F0075034F004F004F009C
:10E9900070034F004F004F005903AB037B6C9B0586
:10E9A00070D5D7F820B09BF8003093426AD1C7E900
:10E9B00001544FF000085546B24606E0296091F830
:10E9C00000E09BF8000086451CD11BF8010F44466F
:10E9D0004E46013108F1010809F10109002800F053
:10E9E0007E866868013800286860E7DC2946B86CD4
:10E9F00008F0B8FA30B929689BF8000091F800E0F7
:10EA00008645E2D0224633465646BC68AA46D7E938
:10EA1000085BA844C7E90864914644469846BE6C22
:10EA200014F8011D5246304608F05EFAA542F7D1AF
:10EA3000D7E90864A8EB090926E000BFB563010027
:10EA40007B6CD90500F15185FB6B9B191AD11E46D1
:10EA50007B6CFE6323F4C0737B64013D04F8012BDF
:10EA6000DAF8043009F10109013B002BCAF804303F
:10EA700040F3BC83DAF800300133CAF80030002DCF
:10EA80007FF434AFD7F824B0FB6A002B40F0338317
:10EA9000FB6B013B012B41F22780731E062B40F2DA
:10EAA00047867B6CD80540F1AA84590500F146875A
:10EAB00014F8011C651E652909F1FF360AD04529A5
:10EAC00008D05246B86C08F00FFA14F8021CA9F1ED
:10EAD0000206A51E5246B86C08F006FA7B6C13F0CD
:10EAE000100340F04A86B1462B707B69002B40F042
:10EAF000558700225946B86C07F0EEFA7A6C3B6BEA
:10EB0000D20705460E4603F1040440F12B861B682C
:10EB1000C3E900563C633B6C01333B6423E507F5D6
:10EB2000BC7B4FF000085E466B1EB3F5B27F34BF6E
:10EB30000021A5F5B271CB4628BF4FF4B275D1467E
:10EB4000C246B0467A6B44F45864F963D9F80000C1
:10EB500090F800C0ACF12B034D2B62D8DFE813F026
:10EB6000BC026100BC026100610021031C021C02A6
:10EB70001C021C021C021C021C02C202C202610016
:10EB80006100610061006100610061004E004E00A3
:10EB90004E004E004E004E006100610061006100B9
:10EBA000610061006100610061006100610061005D
:10EBB00061006100610061006100B00261006100FC
:10EBC0006100610061006100610061004E004E0063
:10EBD0004E004E004E004E00610061006100610079
:10EBE000610061006100610061006100610061001D
:10EBF00061006100610061006100B0020A2A10DD5D
:10EC000024F4386406F801CBD9F80430013B002B1A
:10EC1000C9F8043040F3E0820130C9F80000013D3A
:10EC200094D14346E005D0467A63CA46D9469B460E
:10EC300005D59E4200F272845E453FF4F7AD14F0B4
:10EC4000100211D159467B6BBD6AB86C3270A8476F
:10EC50003B6BA10603F1040540F158841B68186062
:10EC60003B6C3D6301333B64A6EB0B064644B14469
:10EC700079E4002D08BF4FF0FF35E60704F01003DC
:10EC800040F1DD82002B40F0B5843A6B200652F84B
:10EC9000041B79643A6340F18F86FB6300293FF4DB
:10ECA000C5AD802005F002F9FB6B024600283FF459
:10ECB000BAAD796C0860B96BCC888E88B44280F0AC
:10ECC0009085086896464FF0200C796C40F8241027
:10ECD000B96B0134CC80DAF80010B24E097816F81E
:10ECE000018018F008086BD13E622E461546C7F821
:10ECF00024E0C7F82CC0FB6303F062FF40453FF4FB
:10ED000079ACDAE9003213F8011B013ACAE90032A2
:10ED1000FB6907F5BC7B032B0BF8081007F17004A7
:10ED200008F1010802D12368042B04D00822002135
:10ED30002046FEF797FB00945A4643462946B86C96
:10ED400007F0D8FE421CF8613FF454AC002800F0F4
:10ED5000AC85FB6902331FD0286807F097FF0028B5
:10ED600040F09F86FB69C144032B02D12368042B2A
:10ED700000D0013EFB6B002B40F01A867B6C043503
:10ED8000002B00F015867B6AEC1AFB6AB3EBA40F2C
:10ED900040F2B986D7F83C80DAF80430002B40F313
:10EDA0005586DAF800303A6A1B78D35C1B0701D429
:10EDB000002EA1D12A46D7F824E0D7F82CC0FB6B4F
:10EDC000002B7FF4D0AB13607B6C002B3FF4A3AE21
:10EDD000A2EB0E02931001339C457FF69CAE7C6C37
:10EDE000111D206806F000F8002840F0C58092E66A
:10EDF000002D08BF4FF0FF3504F01003E607FB625B
:10EE000040F19282002B40F032843A6B200652F897
:10EE1000043B7B623A6340F1D585002B3FF406AD9D
:10EE2000802005F043F8786400283FF4FCAC7B6A4E
:10EE30007A6C1A60BB6BDC889E88B44280F0EB84ED
:10EE400018687B6A40F82430BB6B0134DC807B6C33
:10EE5000BB6120233B620024A046FE6907F5BC7B12
:10EE6000C7F83C9003F0ACFE40453FF4C3ABDAE991
:10EE7000003213F8011B013A032E0BF80810CAF8F0
:10EE80000420CAF8003008F1010807F1600903D135
:10EE9000D9F80030042B04D0082200214846FEF7A0
:10EEA000E1FACDF800907C6C434621465A46B86C96
:10EEB00007F020FE411C06463FF49CAB002840F0C2
:10EEC000DF83206004460822002107F16800FEF776
:10EED000C9FADFF8D4C0224607F170042146B86CA5
:10EEE000DCF8E0C007F16803E047012814BF002404
:10EEF00097F8704007F178031B5D002B00F06E85DA
:10EF0000FB6B032E4344FB6300F0C383013DFB6AAC
:10EF10005BB97B6C7A6A04337B6432B1BA699C1A40
:10EF20003B6AB3EBA40F40F2CA83DAF804304FF027
:10EF30000008002B40F3BF82002D93D1D7F83C90FE
:10EF4000FE61FB6A002B7FF40EAB7A6C13607B6A68
:10EF5000002B3FF4E0AD1346BA69991A8B103A6A58
:10EF600001339A427FF6D7AD7C6A0431206805F000
:10EF70003BFF00283FF4CFAD2060CCE5796C08055D
:10EF80007FF580ADFB6B9B197FF47CAD1E4621F4B1
:10EF9000C0737B64FE6360E5044B24F4386433F98A
:10EFA00012202FE6A12F0200D806002038340200DC
:10EFB000796C01F41863B3F5807F7FF463ADFB6A6D
:10EFC000012B7FF45FAD21F4807343F400637B6415
:10EFD000302304F8013B0023013DFB623DE5062E92
:10EFE0007FF450AD072638E57B6C19057FF54AADF7
:10EFF000796C01F4A063B3F5806F05D048057FF507
:10F0000041ADFB6A002B49D07B6C990504D4FB6AA7
:10F01000B9695B1AC7E904437B6C23F4786343F452
:10F02000C0737B640023FB6217E5FB6B002B40F091
:10F030001F82FB6A33B97B6C03F4E063B3F5E06FC6
:10F0400000F02185012E02D0042E7FF41BAD013685
:10F05000F6B202E5072E7FF415AD0826FDE47B6CC1
:10F060001B0500F1FF81FB6B012B7FF40BAD02232D
:10F07000FB63F2E47B6C19067FF504AD23F080039B
:10F080007B64EAE4002E40F0FB81FB6A8BBB7B6C67
:10F0900003F4E063B3F5E06F00F0EE840023D7F8EB
:10F0A00024B0FB62F4E47B6C180500F1D581022EDC
:10F0B0007FF4E8AC0326D0E4796C0B0598D561E7C2
:10F0C00004F4C063B3F5007F7FF4ABAD24F40074A7
:10F0D000102244F4A06495E523067FF5A2AD24F048
:10F0E00080048FE58D4B33F91220082A3FF788AD55
:10F0F00097E5D7F824B07B6C23F480737B64C7E476
:10F1000044F001044FF0000BC7F84C8044F0400479
:10F11000DAF80430002B3FF7BBABD7F84C80FFF791
:10F12000AEBB44F0010408237B637D4B4FF0030B1F
:10F13000BB62DAF80430002B7FF7A1ABDAF80020CD
:10F14000784E1378F35C190740F1688433465646CD
:10F150009A4605E0326013781AF803301B0715D57C
:10F16000736809F10109013B002B736002F1010290
:10F17000F0DC3146B86C07F0F5FE002840F0C5829F
:10F18000326813781AF803301B07E9D4B246C7F87F
:10F190004C80FFF780BB44F001044FF0020BFFF7F7
:10F1A00069BB23057FF52EAD12B9082244F4007423
:10F1B000610500F1A781FB6B24F4607413B1013B7E
:10F1C000FB630135D9F804300AF1010A013B002B39
:10F1D000C9F804303FF720AD4946B86C7A6407F0AF
:10F1E000C1FE7A6C00283FF41AAD1AE55146B86C9E
:10F1F00007F0B8FE00287FF445AC002D7FF476AB15
:10F2000040E4DAF80420BC6C0FE0DAF8003045493D
:10F210001A7801338A5C11077FF5A5A9DAF8042072
:10F2200009F10109013ACAE90032002AEDDC514630
:10F23000204607F097FE0028E7D0FFF794B9002B8F
:10F2400040F03F833B6B53F804BB3B6314F08003F7
:10F2500000F08A83BBF1000F3FF4E8AA202004F0FD
:10F2600025FE044600283FF4CCA9BB6BCBF8000078
:10F27000DE88B3F80480464580F082821868BB6B54
:10F2800040F826B00136DE802023DAF80000254E53
:10F290000278B25C110700F18D823246A0461E460C
:10F2A0004B469146DAF80420013ACAF80420421C81
:10F2B000CAF80020027804F8012BA4EB0802BBF185
:10F2C000000F02D0B24280F05883013D0BD0DAF833
:10F2D0000420002A40F39883DAF80000027819F835
:10F2E00002201207DED599463346A4EB0801894473
:10F2F000013100222270BBF1000F3FF40CAC8B42B5
:10F300007FF609ACDBF8000005F06EFD00283FF445
:10F3100002ACCBF80000FFF7FEBB00BF38340200A0
:10F3200025650100A12F0200FB6A002B40F06B81D4
:10F330003B6B14F0800453F804BB3B6300F04A833A
:10F34000BBF1000F3FF472AA202004F0AFFD064687
:10F3500000283FF456A9BB6BCBF80000DC889A88E4
:10F36000944280F029821868BB6B40F824B00134C5
:10F37000DC802023DAF8001007F178080A7818F802
:10F380000220002A3FF452AAC7F844903446D946D6
:10F39000C34698463046DAF804604B1C013ECAE981
:10F3A0000036097800F8011B061BB9F1000F01D0E7
:10F3B00046456DD20646013D0BD0DAF8041000290F
:10F3C00040F36D81DAF8001008781BF8000000287F
:10F3D000E0D1341BCB464346D7F844903FF426AAED
:10F3E00000223270BBF1000F03D0611C8B4200F28F
:10F3F00019833B6CA14401333B64FFF7B4B87A6CCA
:10F4000012F010037FF4AFA8237002F4C063B3F5C9
:10F41000806F7FF46AABBB69FA6A93423FF469ABD1
:10F420009A1A07F2D2239C4228BF07F2D124204621
:10F43000BC4902F0EBFDFFF75CBB14F08F0F7FF4CB
:10F44000F5A905EB850502EB4505303DFFF700BA50
:10F450004FF0040BFFF70EBAFB6B9B197FF427AE3E
:10F46000FFF7F5BAFB6B9B197FF4FDADFFF7EFBA21
:10F47000FB6B022B7FF4E6AD0323FB63FFF7EDBAD2
:10F48000032E3FF4E4AD052E3FF4E1ADFFF7FABAE9
:10F490004FEA48082046414605F0A6FC04460028ED
:10F4A0003FF4AFA80644C9F8000084E7DAF8043056
:10F4B000002B3FF7D7AC5146B86C07F053FD00283E
:10F4C0003FF43AAD4446D7F83C90FE61002C3FF43F
:10F4D00038ADFFF78FB844F4007410237B63924B70
:10F4E0004FF0030BBB62FFF7C5B923F080037B64C9
:10F4F000FB6A0133FB62FB68002B40F05681013D43
:10F50000FFF7AEBA24F4B064FFF77CBB220740F1EA
:10F51000A4813B6B1B681870FFF7A2BB16F8011C97
:10F520005246B86C013E07F0DFFCFFF785BB0A23AB
:10F530007B637D4B4FF0030BBB62FFF79BB944F439
:10F540000874CAE723077FF471A94A78682A00F093
:10F550007881414644F00404FFF794B814F08F0317
:10F560007FF464A9BA6B002A00F001824A7844F063
:10F5700080044146FFF786B8E1060BD43A6B52F897
:10F58000043B3A63220700F19981660740F15482F7
:10F59000A3F80090C7F84C80FEF7E5BF414607F19D
:10F5A000780002F0C7FC4FF0010B44F04004F8640F
:10F5B000AEE522077FF43AA94A786C2A00F0478129
:10F5C000414644F00104FFF75DB825437FF42EA9BE
:10F5D0004A7810244146FFF755B800237B63534B0C
:10F5E0004FF0030BC7F84C80BB6291E5C7F84C8025
:10F5F000FEF7D5BF4FF0000C07F15402E646C7F8FE
:10F6000044C0FFF768BBDAF8003007F178081A78D1
:10F6100018F80220002A3FF409A90133CAF8003083
:10F62000DAF80430012D03F1FF33CAF804301BD09F
:10F63000BC6C11E0DAF800301A78013318F80220B7
:10F6400092B1CAF80030DAF804300BF1010B013B3B
:10F650005D45CAF8043007D0002BEBDC514620464C
:10F6600007F080FC0028E5D0D944FEF77CBF0022DB
:10F6700007F154033A627B64BA617A62FFF7EBBB2D
:10F68000821C3FF413AF7B6C1C68631C7FF41BACC3
:10F6900030E4D9F80030042B7FF438AC37E451461D
:10F6A000B86C07F05FFC00283FF48CAEA642CB4656
:10F6B0004346D7F844903EF49DAF341B90E6104685
:10F6C000D90005F091FBB86100283FF4ACA83B6A73
:10F6D00002197A647A6A5B0010603B6225E4BC68B8
:10F6E0007B6C204623F420734246396ABE617B64FA
:10F6F0005646AA467D6802F05FFDBB6904469946FE
:10F70000FB6A013DBB61FFF7ABB9B246FEF772BFC2
:10F710004FF0FF333B64386C07F53977BD46BDE8E1
:10F72000F08F00BFA830020025650100B56301001D
:10F73000022E40F2FA81032E3FF4B3A9043EF6B242
:10F74000F543D7F84880254414F8011D5246404639
:10F7500007F0CAFBAC42F7D109F1FF39A9EB060962
:10F76000FFF79FB93B6BD3F800807B6C9B0740F1A0
:10F770008E80C8E90056FFF7CDB9B146FEF7F3BE5B
:10F780004FF6F67398453EF640AFBB6B08F108089C
:10F7900018684FEA880105F027FB00283EF435AFD2
:10F7A000BB6BA3F80480186069E5FB68013BFB6054
:10F7B000FFF756B901219CE54FF6F6739A423EF6E3
:10F7C00024AFBB6B02F1080818684FEA880105F006
:10F7D0000BFB00283EF419AFBB6BA3F80480186044
:10F7E000C2E54FF6F6718E42FB62F8633FF61BA846
:10F7F000D7F838800836D8F80000B10005F0F4FAE0
:10F8000000283FF410A8FB6AFA6BA8F80460C8F857
:10F810000000FFF757BA4FF6F6739E423FF603A873
:10F82000D7F838800836D8F80000B10005F0DCFAC7
:10F8300000283EF4F8AFA8F80460C8F80000FFF70D
:10F8400000BB8A7844F008040231FEF71BBF8A78B7
:10F8500044F002040231FEF715BF630769D414F0C7
:10F86000010240F00681A40740F10381BA4BB96A56
:10F87000B86C994259467B6B00F0658107F034F80B
:10F880000B463A6B1168C1E90003FFF7E9B902467C
:10F890000B460DF04DFA00285FD1284631460DF099
:10F8A000A5FAC8F80000FFF735B9286007F0EEF9AF
:10F8B000002840F0F680C144FFF75BBA83F800905F
:10F8C00068E6DAF80030A54E1A78B25C14073EF507
:10F8D0004AAE0133CAF80030DAF80430012D03F1E2
:10F8E000FF33CAF8043008BF09F101093EF43BAE0A
:10F8F0000124D7F8488011E0DAF800301A78013393
:10F90000B25C100712D4CAF80030DAF804300134BF
:10F91000013BA542CAF8043000F0C080002BEBDCAC
:10F920005146404607F01EFB0028E5D0A144FEF7F3
:10F930001ABE3B6B1B681880FFF792B95C455E46A8
:10F940007EF674AFBD6C14F8011D5246284607F0D0
:10F95000CBFAB442F7D1FEF769BF814803F03AFA17
:10F96000C8F80000FFF7D6B85C469B468DE482B02D
:10F97000CDE9023302ABBB63F8E576004046314681
:10F98000FB637A6405F030FA804600283EF439AE15
:10F990007A6CFB6BCBF80000841896E43C690A2370
:10F9A0000022B86C611C06F005FD7B69C21A38E5BF
:10F9B0004FF00008FFF7F0B97A6C9C469E467B64D6
:10F9C000FFF789B97B6A7B64FB6A3B62BB617B6240
:10F9D000FFF741BA5E462346A346CBE4D7F83C90F6
:10F9E000FE61B8F1000F3FF4ACAA4546BE6C0BEBCC
:10F9F0000804013D5246304614F8011D07F074FA20
:10FA0000002DF6D1FFF79DBA5146B86C7B6407F024
:10FA1000A9FA7B6C00283FF45FAC64E4C7F84C8023
:10FA2000FEF739BFDBF8000005F0DEF900283FF4EF
:10FA3000E0ACCBF80000DCE4E5072CD4A4072AD521
:10FA40004FEAE972C3F800905A60A3E55146B86CDA
:10FA500007F088FA00283FF4A4A92A46D7F824E042
:10FA6000D7F82CC0FB6BB8F1000F7EF4C3ADFFF7E5
:10FA7000A7B93B6BFFF7F2B87B6C012623F4F06368
:10FA80007B64FEF7EABF7B6C23F4F0637B640123A5
:10FA9000FB63FEF7E2BFC3F800907BE5A944FEF7E5
:10FAA00062BD2A46D7F824E0D7F82CC0FB6BB8F12A
:10FAB000000F3FF485A90BEB08044546F34690463A
:10FAC000BE6CC7F83CC0FB62013D5246304614F89C
:10FAD000011D07F009FA002DF6D14246DE46D7F89F
:10FAE0003CC0FB6AFFF76CB95C455E467EF69EAE95
:10FAF000BD6C14F8011D5246284607F0F5F9B442D2
:10FB0000F7D1FEF793BE786AD90005F06DF97862F7
:10FB100000283EF488AEFB6A7A6C5B00D7F83C8024
:10FB200005191060FB62FFF737B95C457EF67EAEC3
:10FB30005D4614F8011D5246B86C07F0D5F9AC4289
:10FB4000F7D1FEF773BE06F0B7FF0B4699E6D7F87C
:10FB50004C80FFF7F3BA00BF25650100A12F02001A
:10FB6000783302007A6C002A4DD13B6B53F8046B5A
:10FB70003B6323065ED5002E3EF458AE284604F0C3
:10FB800095F9804600283EF43CADBB6B3060B3F87D
:10FB900006B09C88A345C0F093804FF6F6739C4254
:10FBA0003EF633ADBB6B08341868A10005F01CF9B4
:10FBB00000283EF42AADBB6B9C801860BA6B0BF139
:10FBC0000103D38040F82B60CDF800A041462B46BE
:10FBD0000122B86C07F0E2F90446002800F09A8090
:10FBE000A842BFF406AC0146306805F0FDF80028D5
:10FBF0003FF4FFAB3060FFF7FCBB00239C469B4605
:10FC00009846FEF7BDBD1C46DAE900239D4202EB93
:10FC100003014BDDCAF80010B86C51461C44ED1AC4
:10FC200007F0A0F90028EFD0002C3EF4E3ACA1448B
:10FC3000FEF799BCCDF800A02B4631460122B86CE6
:10FC400007F0ACF9044600287FF4D3ABFEF7D2BC32
:10FC5000BBF1000F3EF4EAAD802004F027F98046A6
:10FC600000283EF4E0ADBB6BCBF80000DE889C883A
:10FC7000A64219D34FF6F6739C423EF6D4ADBB6B49
:10FC800008341868A10005F0AFF800283EF4CBADA9
:10FC9000BB6B9C801860BB6B40F826B00136DE80E1
:10FCA000C4462023FEF76CBD1868F4E75B1B2A44AA
:10FCB0002C44CAF80430CAF80020A144FEF753BC13
:10FCC00018687BE7FA69911C2FD0032A994402D166
:10FCD0003368042B00D0013D7B6C002B3EF490ADCB
:10FCE000DAF804300026002B25DD002D7EF44DAD22
:10FCF0005B46D7F83CB0A446BBF1000F04D0A8EB9C
:10FD00000C01B3EBA10F30D87B6C002B7EF42BAC35
:10FD1000FEF701BF3B6C002B3EF477ACBAF80C3019
:10FD20005B067EF587ADFEF770BCDAF804201E4650
:10FD3000002A3EF72AAD5146B86C07F013F90028A7
:10FD4000D3D05B46A446D7F83CB0002E7EF452AC2C
:10FD5000BBF1000FD3D1D7E7FB6B00EB06081860AF
:10FD60004FEA4B0B08F10408BAE7DBF8000005F096
:10FD70003BF80028C8D0CBF80000C5E72DE9F04FCC
:10FD8000DDB0914609911C4683460F9302F02AFF8D
:10FD9000036818461993FDF7D1FE08221890002138
:10FDA0002CA8FDF75FFBBBF1000F04D0DBF834306B
:10FDB000002B01F03E80099A536EB2F90C20D9074E
:10FDC00002D4970540F16E86960406D4099942F450
:10FDD000005223F400538A814B669D0401F1F8839D
:10FDE000099AB2F90C30190740F1C7801269002A4C
:10FDF00000F0C38003F01A020A2A00F0CD8000232D
:10FE000000249E46CDE93133002333AACDE91634D0
:10FE1000DA4614464D46CDE91BEE3092CDF868E047
:10FE2000CDF880E0CDF874E0CDF82CE0CDF848E0D6
:10FE30002F468B4BD3F8E46002F0C2FE0DF1B00CFC
:10FE400003463A46504628A9CDF800C0B0470028DE
:10FE500000F0C180C0F2B780289B252B01D0074459
:10FE6000E7E7B7EB0508064640F0B98000224FF0FF
:10FE7000FF3393460A937B787E1C8DF897200C9273
:10FE800099460136A9F120035A2B00F2EB80DFE8F6
:10FE900013F02203E900E9001E03E900E900E9008C
:10FEA0000003E900E9006A004D03E9006102300344
:10FEB000E9002C035B005B005B005B005B005B0008
:10FEC0005B005B005B00E900E900E900E900E90094
:10FED000E900E9006101E900F101B6026101610197
:10FEE0006101E900E900E900E900B202E900E90086
:10FEF0006502E900E900E9000A02E9009602E9006A
:10FF0000E900BE06E900E900E900E900E900E900CE
:10FF1000E900E9006101E900F1013B0261016101D1
:10FF20006101A8023B02ED01E900CD02E900F10206
:10FF3000DF06DF02ED01E9000A027200E206E900D5
:10FF4000E900E606E90072000022A9F1300316F884
:10FF5000019B02EB820203EB4202A9F13003092B61
:10FF6000F5D90C928EE70F9B53F8042B002A0C92C4
:10FF70000F93C0F2EC81337882E7099D58462946F9
:10FF8000FDF70EFA002841F08684B5F90C3003F035
:10FF90001A020A2A7FF433AF0999B1F90E20002A18
:10FFA000FFF62DAF4A6ED50702D4980541F1E580E2
:10FFB00023464A465846099901F0F0FC0B900B98ED
:10FFC0005DB0BDE8F08F082200212CA8FDF74AFAA9
:10FFD000012007442DE7B7EB0508064610D0329BF9
:10FFE000C4E9005843443293319B0133072B3193CA
:10FFF00010DC08340B9B43440B93002E7FF436AF88
:020000021000EC
:10000000329B002B41F0A2800022099B3192B3F970
:100010000C3019E05046099930AA01F0FFFC80B974
:1000200033ACE7E75046099930AA01F0F7FC002805
:1000300000F08580D3460E9B1BB158460E99FDF704
:10004000B1FE099BB3F90C30099A526ED10740F109
:1000500003815B0601F1C6820B985DB0BDE8F08FAD
:10006000D80600201096B9F1000FC9D00123002254
:100070008DF80C91069343AD8DF897200D93CDE943
:1000800013220E920A9211921BF0020302D00699DB
:10009000023106911BF08408329E05D10C99069816
:1000A0000F1A002F00F39B806AB101226260319A1F
:1000B000013601320DF19701072A32963192216003
:1000C00000F3C583083463B102236360319B0236B9
:1000D000013326AA072B32963193226000F3AC83BA
:1000E0000834B8F1800F00F0BD820A9B0D9A9F1A68
:1000F000002F00F3F8821BF4807F40F01C820D9BE0
:1001000025601E446360319B32960133072B319387
:1001100000F3308308341BF0040F05D00C9B069AC3
:100120009D1A002D00F3A083DDE90B3206998A4267
:10013000ACBF9B185B180B93002E7FF473AF0023AA
:1001400031930E9B1BB150460E99FDF72BFE33AC3D
:10015000109D6DE60F9B1096073323F00703F3E81D
:1001600002670F9327F000431F931E964FF0FF3254
:10017000DDE91E01B24BCDE916670CF0D9FD002870
:1001800040F0EF84DDE91E014FF0FF32AC4B0CF084
:10019000B1FD002840F0E5840022002330463946B6
:1001A0000CF09EFD002841F019819DF89720002158
:1001B0000320A44DA44B2BF0800B0E910690B9F1B7
:1001C000470FD8BF1D46CDE913110A910D9011912B
:1001D000002A3FF459AF069B0133069354E7102FD2
:1001E000319A41F3F181DFF864C221463046099C1F
:1001F0002E46CDF854C06546219304E0103F102FE1
:1002000001F1080116DD102301321030072ACDE973
:1002100031200D604B60F1DD2146504630AA01F0DF
:10022000FDFB00287FF406AFDDE93120103F102FE1
:1002300033A9E8DC35460C460646219B0132159968
:100240003E44072ACDE931262160676000F3E1854D
:100250009DF89720083427E79A053FF5FAAE099CE8
:10026000A06DFDF715FBB4F90C30F2E633784BF0D6
:10027000200B05E60F9BB9F1430F109603F104061E
:1002800000F024851BF0100F40F020850F9B43AD3C
:100290001B688DF80C31012306930D9300220F96F5
:1002A0008DF89720EBE600230F9F109657F8045B1C
:1002B0008DF89730002D00F0ED84B9F1530F00F068
:1002C000CE851BF01003119340F0C9850A9B002BCB
:1002D000C0F229871A462846119902F02FFD0E9088
:1002E000002801F082820E9B11995B1B0D9323EA7B
:1002F000E3734FF07309CDE913119DF897200F9721
:100300000A9106930E9163E71BF0200F10967CD0A4
:100310000F9B073323F007031846596850F8083B32
:100320000A460F900029C0F202840A990029C0F2FF
:10033000748253EA02012BF0800740F06F820A9A20
:10034000002A40F07082BB460D925CAD61E10C9BCF
:100350005B420C9333784BF0040B91E510964BF015
:10036000100B1BF0200200F08E830F9B073323F04D
:10037000070319465A6851F8083B0F9100212BF4E6
:10038000806700200A9D8DF89700002DC0F22A8119
:1003900053EA020027F0800B40F02381002D40F04B
:1003A0004D85002940F0C68417F001030D9300F03D
:1003B000AC8330230DF26F158DF86F3129E1109663
:1003C0004BF0100717F0200200F04F830F9B012124
:1003D000073323F0070318465A6850F8083B0F907C
:1003E000CFE73378682B03BF73784BF4007B01367B
:1003F0004BF0400B44E533784BF0080B40E54BF0F5
:10040000100B1BF0200F109682D10F9A1BF0100FCB
:1004100052F8043B0F9240F085831BF0400F00F030
:100420007D8343F3C03211461BB27BE733786C2BDC
:1004300003BF73784BF0200B01364BF0100B1FE518
:10044000FFFFEF7FB4300200B03002006C340200D6
:1004500047F630030F9AA948ADF8983052F8043B9C
:1004600002210F924FF07809002210964BF00207FC
:100470001A9086E71BF0200F109600F061830F9B07
:100480000B9A1B681A60D2175A600F9B04330F93A4
:100490005EE6504602F0A6FB436818461D93FDF742
:1004A0004DFB20900746504602F09CFB83681B934F
:1004B000002F3FF460AD1B9A3378002A3FF4E0AC84
:1004C0001278002A3FF4DCAC4BF4806BD8E433782C
:1004D0004BF0010BD4E49DF897203378002A7FF489
:1004E000CFAC20228DF89720CAE433784BF0800BF4
:1004F000C6E4314611F8019BB9F12A0F01F01682CA
:10050000A9F13003092B98BF002201F2708011F885
:10051000019B02EB820203EB4202A9F13003092B9B
:10052000F5D942EAE2730E460A93ABE42B238DF829
:1005300097303378A4E4B9F1650F40F32681DDE903
:100540001601002200230CF0C1FB002800F0C78137
:1005500001236360319B6A4A01330136072B3296CF
:100560003193226000F36F840834279B129A9342E0
:1005700080F2A182189B199A1E44C4E90023319B82
:1005800032960133072B319300F379830834129BA1
:100590005D1E002D7FF7BFAD102D319B40F3DE8037
:1005A000DFF860911027DDF82480CDF8549004E046
:1005B0000834103D102D40F3D38001331036072B43
:1005C000C4E90097CDE93136F2DD4146504630AA04
:1005D00001F024FA00287FF42DADDDE9313633AC8B
:1005E000E7E75F46012900F0198102295CAD1ED1C1
:1005F0001A9803F00F01415C1B0943EA02731209C8
:1006000005F8011D53EA0201F3D1BB465CAB5B1B4D
:100610000D930A9A0D9900238A42B8BF0A46CDE984
:10062000133306920E939DF897201193D0E503F0B3
:100630000701DB0843EA4273D208303153EA02066D
:10064000284605F8011DF2D1FE07DED53029DCD0A1
:100650003023023805F8013C5CAB1B1ABB4605464B
:100660000D93D6E70C9B069A9F1A002F7FF73DAD9E
:10067000102F319B41F37A802248224631464FF0B9
:1006800010080646099C159004E0103F102F02F157
:10069000080215DD01331031072BC2E90068CDE9EE
:1006A0003131F2DD2146504630AA01F0B7F9002879
:1006B0007FF4C0ACDDE93131103F102F33AAE9DC03
:1006C00014460E460133159A3E44072BCDE93136C8
:1006D0002260676000F3C7820A9B0D9A08349F1A54
:1006E000002F7FF708AD074A102F319B159229DDA7
:1006F00032464FF010082E46099D0AE0C030020035
:10070000F03002005C340200103F102F04F10804A6
:1007100016DD0133B7491032072BC4E90018CDE9C3
:100720003132F1DD2946504630AA01F077F9002830
:100730007FF480ACDDE93132103F102F33ACE8DCC0
:10074000354616460133159A3E44072BCDE931361E
:100750002260676000F37D810834CCE4A54A1592DD
:10076000159A01332E44072B22606560CDE931369E
:100770007FF7D0AC5046099930AA01F04FF9002814
:100780007FF458AC329E33ACC5E4129B319F012BF1
:1007900006F1010607F1010704F1080940F3108191
:1007A0000123072FCDE931762560636000F3C6820F
:1007B000189B0137199A1E44072FC9E90023CDE978
:1007C000317600F3C88209F10809129B0022DDE9A5
:1007D00016015C1E00230CF079FA002840F00E810F
:1007E000013701352644072FCDE93176C9F800508D
:1007F000C9F8044000F3F08009F108091C9B013797
:100800001E44C9F80430072F2AABCDE93176C9F868
:100810000030AFDC09F108047DE45F460A2B72F179
:10082000000180F0A58230338DF86F310123BB4683
:100830000D930DF26F15ECE65046099930AA01F0C0
:10084000EDF800287FF4F6AB329E33AC49E4504615
:10085000099930AA159301F0E1F800287FF4EAAB7A
:10086000329E159B33AC2EE4102D319B40F315873F
:10087000DFF884811027DDF82490CDF8548004E05F
:10088000103D102D04F1080415DD01331036072B3F
:10089000C4E90087CDE93136F2DD4946504630AA39
:1008A00001F0BCF800287FF4C5ABDDE93136103D1E
:1008B000102D33ACE9DC0133159A2E44072BC4E923
:1008C0000025CDE931367FF72FAC5046099930AA83
:1008D00001F0A4F800287FF4ADAB329E24E4279900
:1008E000002940F3ED80DDE911839845A8BF9846C3
:1008F000B8F1000F0ADD319B46440133072BC4E9F0
:1009000000583296319300F344860834119FB8F1B1
:10091000000FA8BFA7EB0807002F00F30183DDF845
:1009200044901BF4806FA94440F05D85279B129A88
:100930009342C0F2E3811BF0010F40F0DF81129A75
:10094000AF18A7EB0907D51AAF42A8BF2F46002F53
:100950000BDD319B3E440133072BC4F800906760E8
:100960003296319300F348860834002FA8BFED1B60
:10097000002D7FF7D0AB102D319B7FF7EFAEDFF866
:1009800074901027DDF82480CDF8549004E00834EA
:10099000103D102D7FF7E4AE01331036072BC4E96C
:1009A0000097CDE93136F2DD4146504630AA01F0DC
:1009B00035F800287FF43EABDDE9313633ACE7E7AC
:1009C0001BF0010F7FF4ECAE0123072FCDE9317648
:1009D000256063607FF712AF5046099930AA01F095
:1009E0001DF800287FF426ABDDE931760DF1CC0946
:1009F00004E700BF5C3402006C340200129B012B40
:100A00007FF7FCAE112B40F37387AB4BCDF828B0CA
:100A100010259B46DDF82480159305E009F10809AF
:100A2000103C102C40F3C18201371036072FC9E962
:100A300000B5CDE93176F1DD4146504630AA00F0EF
:100A4000EDFF00287FF4F6AADDE931760DF1CC093F
:100A5000E6E75046099930AA00F0E0FF00287FF44D
:100A6000E9AA329E33ACFFF746BB0F9951F8043B1D
:100A70000F9117F010014FD117F0400047D00A46F0
:100A80009BB201217DE40F9951F8043B0F911BF0BB
:100A900010017FF473AC1BF0400000F095820A4611
:100AA0009BB26BE4099DA86DFCF7EAFEB5F90C203A
:100AB0006B6EFFF789B91BF0010F3FF42CAB59E5C2
:100AC00001236360319B7D4A01330136072B329647
:100AD0003193226000F32E850834002940F04682CD
:100AE000129A0BF0010313433FF415AB189B199AAC
:100AF0001E44C4E90023319B32960133072B319306
:100B000000F32E8304F1080241E25CAD81E517F4A5
:100B100000721CBF0246DBB2012132E41BF4007FED
:100B200040F0EB82DA1711460029BFF6FEAB5B42BC
:100B30005F464FF02D004FF0010162EB420221E4CD
:100B40001BF0100F40F0E6811BF0400F40F0CF8209
:100B50001BF4007F00F0DE810F9B0B9A1B681A705C
:100B600093E4DDE9160102460B460CF0E1F800289B
:100B700040F02586B9F1610F00F01785B9F1410FFA
:100B800000F0C1820A9B013300F0118629F0200396
:100B9000472B00F0E1850E90DDE91612002A13467E
:100BA0004BF48078C0F2D38400231593DDE916233B
:100BB000CDE92223A9F14103252B00F21782DFE8BA
:100BC00013F02103150215021502E102AE0315020E
:100BD000150215021502150215021502150215025D
:100BE000150215021502150215021502150215024D
:100BF000150215021502150215021502150215023D
:100C000015022103150215021502E102AE032C4B59
:100C100010961A931BF020027ED00F9B073323F00F
:100C2000070319465A6851F8083B0F911BF0010F52
:100C300009D053EA020106D030218DF899904BF08B
:100C4000020B8DF8981002212BF48067FFF799BBF7
:100C50001096FFF786BB5F461096FFF7B3BB194BA4
:100C600010961A93D6E75046099930AA00F0D6FE9E
:100C700000287FF4DFA9329E33ACFFF736BA504626
:100C8000099930AA00F0CAFE00287FF4D3A9329E49
:100C900033AC7CE40A9B2946062B28BF06232A4650
:100CA0000A950E95CDE91311074D06930F970D93F5
:100CB0001191FFF78DBA00BF5C340200F0300200E2
:100CC000D4300200C0300200E830020008220021C7
:100CD0002EA8FCF7C7FB0F9A43AD2EAB2946504612
:100CE000126805F061FF034601330D9000F00486A1
:100CF0000D9B23EAE3730693FFF7D0BA189A19996C
:100D00001644C4E90012319A32960132072A319210
:100D100000F34D84083412E60F9951F8043B0F910B
:100D20001BF0100182D11BF0400000F054810A46F4
:100D30009BB27BE70A9B5CAD0D936AE45046099930
:100D400030AA00F06BFE00287FF474A9DDE931764B
:100D50000DF1CC092CE55046099930AA00F05EFE51
:100D600000287FF467A9DDE931760DF1CC092CE587
:100D7000CDE90D9707F480664FF0000EDFF864B2FE
:100D80001B9F0DF5B87C069406E00A2B72F1000259
:100D900037D343462246AC46991841F10001ABFBDC
:100DA000010424F0030000EB94004FF0CC34091A46
:100DB000581A04FB00F462F10009A0FB0B800BFB46
:100DC00009440444052008F00109A9FB0009401862
:100DD0004FEA5808303048EAC4780EF1010E0CF1A1
:100DE000FF350CF8010C6408002ECED039788E4502
:100DF000CBD1BEF1FF0FC8D00A2B72F1000280F0F8
:100E0000D2821B97069CCDF848E0DDE90D97FFF7ED
:100E1000FCBB5046099930AA159300F0FFFD00284D
:100E20007FF408A99DF89720329E159B33ACFFF7FD
:100E30003BB95846FCF73CF8FEF7BDBF01295F46B9
:100E40007FF4D3ABEFE45046099930AA00F0E6FDF9
:100E500000287FF4EFA8329E33ACFFF786BB0DF17C
:100E6000B8080822002140462995FCF7FBFA0A9BA6
:100E7000002BC0F2898200260694CDF834903446C7
:100E800099460FE04346504643A905F08DFE431CAA
:100E900006F10406204400F07984484506DC00F0A1
:100EA000E4840446299B9A59002AEBD1DDF834905A
:100EB0000D94069C0D9B002B00F05183632B40F397
:100EC000FB835046591CFDF769F80546002800F0E1
:100ED00046850E90082200214046FCF7C3FA0D9E7D
:100EE000294633465046CDF8008029AA05F0AEFECB
:100EF000864240F02D8500230D9ACDE9133322EA76
:100F0000E271AB549DF897200F9706910A931193C5
:100F1000FFF75EB90F9B0B9A1B681A60FFF7B5BA13
:100F2000102F319B40F30D852F4932464FF01009A9
:100F30000E46DDF82480159104E00834103F102F90
:100F400040F33E8201331032072BC4E90069CDE93A
:100F50003132F2DD4146504630AA00F05FFD0028F4
:100F60007FF468A8DDE9313233ACE7E7189B199AC2
:100F70001E44C4E90023319B32960133072B319381
:100F800000F3EE8004F108020029C0F2998312995F
:100F900001330E44072BCDE93136156051603FF720
:100FA000E9AB02F10804FFF7B6B8DDF828B0013765
:100FB000159B2644072FCDE93176C9F80030C9F8D2
:100FC00004407FF719AC07E51BF400721CBF024612
:100FD000DBB2FFF7D3B91BF400721CBF0246DBB2D1
:100FE00024E600BFCDCCCCCC5C3402000A9B50463A
:100FF0000193022300932EAB049329AB039327ABF9
:101000000293DDE9222301F0BFFF1BF0010F05462B
:1010100040F03F832E9B1B1A1293279B1193119B29
:10102000DA1C03DB0A9A9A4280F28E81119BA9F1A5
:101030000209013B002127935FFA89F2002B8DF80A
:10104000A820B6BF2D222B22119B8DF8A920B8BF56
:10105000C3F10103092B40F36D830DF1BF073A463D
:10106000DFF8D0C21E461046ACFB0321C90801EBD5
:101070008102A3EB42023032632E00F8012C0B46B2
:1010800000F1FF32EEDC303302F8013C831EBB423C
:1010900080F03A840DF1A90213F8011BBB4202F85B
:1010A000011FF9D15CAB181AA0F1AD031C93129B80
:1010B0001C9A012B1A440D9240F374830D9B189ACD
:1010C00013440D932BF4806343F4807B00230D9A2B
:1010D000149322EAE272069213931193159B002B4C
:1010E00040F021819DF897200A93FFF771B80F9B7C
:1010F0000B9A1B681A80FFF7C8B943F3C012114658
:101100005BB2FFF70FB958238DF8993030238DF873
:1011100098300A9B4BF0020B632B00F300830023F3
:1011200043AD0E9338E52846FCF708FD119B20EAF5
:10113000E0714FF07309CDE913339DF897200F97B5
:101140000D900A9306910E93FFF742B85046099905
:1011500030AA00F063FC00283EF456AFFEF771BFE2
:101160005046099930AA00F059FC00287EF462AF7D
:10117000DDE93136279933AA06E7886DFCF788FB4D
:10118000FEF716BF02230A9A0132069200932EAB95
:10119000069E049329AB039327AB01960293504616
:1011A000DDE9222301F0F0FE29F02007462F054655
:1011B00018BF4527064405D12B78302B00F02B8231
:1011C000279B1E440022DDE9220100230BF07EFD57
:1011D000002840F05A822E9BB34206D230215A1C7E
:1011E0002E9219702E9B9E42F9D8279A11925B1B62
:1011F000472F12933FF413AF462F00F01A82119B32
:10120000013B17E727AADDE9220101F0E7FD0022F3
:101210004FF07F530BF0F2FA02460B46CDE906235E
:10122000002200230BF052FD08B1012327930A9BF3
:10123000414A591E414B2E46B9F1610F08BF1A466B
:101240000D94CDF84490CDF848B01395D346DDE920
:101250000645894692460A9207E0002200230BF0D9
:1012600035FD002840F0EE82B9460022344B20467E
:1012700029460BF0C3FA0D4604460BF06FFD80467D
:101280000BF052FA02460B46204629460BF0FEF8B8
:101290001AF80830B9F1FF3F324604460D4609F10D
:1012A000FF3706F8013BD8D11746264B0022CDE97F
:1012B0000645DA46DDE912B5DDF844900D9C0BF0E9
:1012C0002DFD002800F024830A992E9716F8012C92
:1012D000C97B33468A4209D1302003F8010C2E9B8A
:1012E0005A1E2E9213F8012C8A42F6D0392A0BBFCF
:1012F0000A9A0132927AD2B203F8012C33465B1B70
:101300001293279BB9F1610F119303F1FF332793D8
:1013100000F0BA8250224FF0410901218EE60A9B6B
:101320000693032332E72D2200238DF897200A939A
:10133000FEF751BFCDCCCCCCD4300200C03002007F
:10134000000030400000E03FDDE91123934200F34C
:10135000A8811BF0010F119B00F05482189A1344CE
:101360000D931BF4806F00F05982119B4FF06709B9
:10137000002B00F372810D9B23EAE3730693002395
:10138000C346CDE91333A9E6002350461946CDF8EC
:10139000008029AA05F05AFC034601330D9000F0A5
:1013A000F581299586E5209B1D99ED1A1A46284658
:1013B00000F0CCFE7B7803B101374FF0000EE8E47B
:1013C00016460133159A3E44072BCDE9313622608B
:1013D000676000F3CF810834FFF7A1BA2D228DF8A2
:1013E0009720FEF7E4BE129B2246EB180A93139B4C
:1013F0004C46002B3146DDF85080CDF844B0DDF886
:101400006C90209EDDF824B014952EDDB8F1000F0D
:101410007DDD08F1FF3831981D9B013031440728EC
:10142000C2E900363291319066DC08320A9B99F8A5
:1014300000001F1B8742A8BF0746002F0BDD319815
:10144000394401300728C2E900473291319064DC09
:1014500099F800000832002FB4BF0546C51B002DC7
:1014600015DC0444139B002BD0DCB8F1000FD0DC5A
:10147000CDF86C90A146149D129B1446EB1899452B
:101480000E4628BF9946DDF844B0FFF74FBA102D3D
:101490003198AF4B23DD0D9410272C461D4604E0F8
:1014A000103C102C02F1080216DD0130A84B10315F
:1014B0000728C2E90037CDE93101F1DD5946504630
:1014C00030AA00F0ABFA00287EF4B4ADDDE93101BA
:1014D000103C102C33AAE8DC2B4625460D9C01302D
:1014E00029440728CDE931011360556043DC99F8A0
:1014F000000008320444B5E75946504630AA00F0CF
:101500008DFA00287EF496AD329933AA8EE7139BAC
:1015100009F1FF39013B13937DE75946504630AA44
:1015200000F07CFA00287EF485AD99F8000032992D
:1015300033AA90E75046099930AA00F06FFA0028C4
:101540007EF478AD2799329E33ACFFF7C6BA22916C
:101550002D2103F1004315912393FFF72BBB0D9B26
:101560009DF89720CDE913330F9706930A931193B3
:101570000E93FEF72DBE5946504630AA00F04EFAA3
:1015800000287EF457AD99F80000329933AA04443C
:1015900068E75046099930AA00F040FA00287EF426
:1015A00049AD329E33ACFFF7B1B97823ACE5504674
:1015B000099930AA00F032FA00287EF43BAD279B4F
:1015C000329E33ACFFF7BBB962491591FEF736BEC8
:1015D000DC0707D4099B9B89980503D4099B986D68
:1015E000FCF756F94FF0FF330B93FEF735BD0023A0
:1015F0000E460A93FEF746BC5046099930AA00F001
:101600000DFA00287EF416AD279D129B329E33AC56
:101610005D1BFFF7AAB90022DDE9220100230BF0D0
:1016200055FB002800F03281279B1E441193731B49
:10163000129311990A9A0BF00103002943EA02035D
:1016400040F34381002B40F017814FF06609119B56
:101650000D931BF4806F3FF48EAE1B990B78FF2B1C
:1016600000F072810026119A304604E00130013109
:10167000FF2B00F0D680934280F2D380D21A4B78B1
:10168000002BF3D10B780136F2E7279A33461192FB
:10169000ADE50A9B4727C61894E52E4A1592FFF739
:1016A0000AB9129B189A9A18119B0D92002B40F3BD
:1016B000AB804FF06709CCE7002343AD0E9309E4FC
:1016C0004F4210311DDADFF888801024CDF85480A5
:1016D00003E00832103F102F15DD01331036072BC1
:1016E000C2E90084CDE93136F3DD5046099930AACC
:1016F00000F094F900287EF49DACDDE9313633AA80
:10170000E8E713491591013315993E44072BCDE9BC
:1017100031361160576000F3CB80083237E4504611
:10172000591CFCF73BFC0546002800F0E5800E90B4
:10173000FFF732BA00293FD130228DF8AA200DF1EF
:10174000AB02303302F8013B2AABD31A1C93AEE450
:101750005C3402006C3402000A9B002B7FF41BAA4D
:101760000A9B0E9301230A93FFF716BA804A15923B
:10177000FEF7A8BF5046099930AA00F04FF900289B
:101780007EF458AC329E33ACFFF7C9B80022D34682
:10179000099B0E92B3F90C3043F04003099A9381F0
:1017A000FEF749BC1BF0010F3FF48CAC86E4062326
:1017B0000E900A93FFF7F0B90DF1AA02C1E7179B4B
:1017C0000320002BB8BF2D224FF00003A8BF9DF8C7
:1017D000972019460E93674D674BB8BF8DF8972039
:1017E0002BF0800B0690FEF7EABC0A9B4FF07309C2
:1017F000CDE913009DF897200F9706930D930A905B
:10180000FEF7E6BC0D93ACE5C3F101031A4422EAEE
:10181000E2734FF067090D920693B0E54FF0670948
:10182000A9E5CDE913061B911192DDE91323209957
:1018300013440D9AC34601FB03230D9323EAE3737C
:1018400006934BE449460029DA46DDE912B50D9CC2
:10185000DDF84490FFF652AD4B1C30223146334444
:1018600001F8012B8B42FBD149E50A9BDDF834904E
:10187000069C0D93FFF71EBB1346189A4FF066099E
:1018800013440B440D93E4E6702246E5069BC3F136
:101890000103279395E4099A536EDF073FF5A2AE43
:1018A00093899E053FF59EAE906DFBF7F1FF99E69B
:1018B0005046099930AA00F0B1F800287EF4BAAB7E
:1018C000DDE9313633AAFFF762BB2BB901234FF0B4
:1018D000660906930D9352E5189B4FF0660903F1D4
:1018E000010B0A9B5B440D9323EAE373069346E5E1
:1018F0001F4B1593FFF75BBB099AB2F90C3043F00D
:1019000040039381FEF7A0BB02231C93FFF7CFBBDC
:101910000022DDE90601194B0BF0D8F900283FF44D
:10192000EDAC18F0010F3FF4E9ACCDE40F9A7378F9
:101930000E4652F8041B0F9241EAE1720A92FEF73A
:101940009FBA0B4A15923CE50023CDE913336CE7AF
:10195000099BD346B3F90C3043F040031EE7099BC3
:10196000D346B3F90C300E9043F0400316E700BFA6
:101970005C340200BC300200B83002000000E03FDE
:101980008C4600B586461346034A714610685DF8DA
:1019900004EB6246FEF7F2B994000020F0B54FF474
:1019A00080640026ADF26C4D1AADCDE905461F46A8
:1019B00006460095049515468B8916A823F0020368
:1019C000ADF80C304B6E02941993CB890C46ADF8F0
:1019D0000E30CB6907934B6A0993FBF749FF2A4600
:1019E0003B4669463046FEF7C9F9051E07DB6946E6
:1019F0003046FBF7D9F8002818BF4FF0FF35BDF887
:101A00000C305B0603D5A38943F04003A3811698ED
:101A1000FBF732FF28460DF26C4DF0BD936810B510
:101A200014461BB918460023636010BD00F06EF821
:101A30000023A3600023636010BD00BF70B50029C0
:101A40003FD006460C4610B1436B002B3CD0636E72
:101A5000B4F90C20DD0732D4900538D52146304644
:101A6000FBF70EF8E36A054633B13046E169984763
:101A70000028B8BF4FF0FF35A3891A0639D4216B6F
:101A800041B104F14003994202D03046FCF78AF993
:101A900000232363616C21B13046FCF783F90023F6
:101AA0006364FBF723FA0022636EA281DB071CD577
:101AB000A06DFBF7E1FEFBF71FFA284670BD002A78
:101AC000CCD10025284670BDFBF7F2F9BFE7A06D29
:101AD000FBF7D6FEB4F90C30002BBFD1636ED907EB
:101AE000EFD4A06DFBF7D4FEEBE7A06DFBF7D0FEC3
:101AF000DEE730462169FCF755F9C0E7024B0146A5
:101B00001868FFF79BBF00BF940000209368002B6C
:101B100000F0F0802DE9F04FB1F90CC090461CF0B8
:101B2000080F81460C4683B02BD00B694BB31CF0D9
:101B30000207D8F8006032D04FF0000A5546D4F8BA
:101B400024B0E169AB4FC5B1BD422B46524628BF18
:101B50003B464846D847002840F3C280D8F80830B2
:101B600082441B1A2D1AC8F80830002B00F0AE80F2
:101B7000D4F824B0E169002DE6D1D6E900A50836F5
:101B8000E1E721464846FBF70BFC002840F0AD801A
:101B9000B4F90CC0D8F800601CF00207CCD11CF0DE
:101BA000010A63D157462368A16818468B46002F67
:101BB00058D01CF4007F00F0B180B9420A4600F210
:101BC000DD801CF4906F2FD0216962695D1A02EBF1
:101BD000420202EBD2726B1C52103B44934292BF02
:101BE00093469B461A461CF4806F00F0E68011462F
:101BF0004846FCF7D3F9002800F0F5802A46216911
:101C00000190FBF725FFA289019B22F4906242F02C
:101C10008002A2815819C4F814B0ABEB05053A460E
:101C2000BB462361A56020603D46002751460192D6
:101C300000F00EFAA1682368019AA1EB0B011A4487
:101C4000A1602260D8F80830AA445B1BC8F80830AD
:101C5000002B3BD02368A16818468B46B4F90CC012
:101C6000002FA6D1D6E900A708369EE73846BB4626
:101C70003D46002D40D0002845D03A46D4E904C363
:101C80002068AA4228BF2A466045A16804D901EB12
:101C9000030A524500F38280934272DC5A4648465A
:101CA000E169D4F824C0E047B0F1000A18DDB7EBD1
:101CB0000A070FD00120D8F80830D344A3EB0A0359
:101CC000A5EB0A05C8F80830002BD2D1002003B0DC
:101CD000BDE8F08F21464846FAF766FF0028EAD0B3
:101CE000B4F90C3043F04003A3814FF0FF3003B050
:101CF000BDE8F08F00207047756833460836002D28
:101D0000FAD0D3F800B02A460A21584601F016F856
:101D1000002865D00130A0EB0B07AEE722699A429C
:101D200014D36569BD4211D86FF00043BB4228BF90
:101D30003B4693FBF5F3524605FB03F34846656AC1
:101D4000E169A847051ECBDD7F1B7BE7B94228BFB1
:101D500039460D46184651462A4600F079F9A168E1
:101D60002368491B2B44A16023600029ECD1214644
:101D70004846FAF719FF0028E6D0B1E7BB463A46D5
:101D800052E75946019200F063F9019AA36892461E
:101D90009B1AA36023681344236088E75946524680
:101DA00000F056F923682146534448462360FAF769
:101DB000FBFE00283FF47BAF92E7484603F01EF895
:101DC000034600287FF426AF48462169FBF7EAFF67
:101DD0000C22B4F90C30C9F8002023F0800381E70D
:101DE0006A1C17464AE70C22B4F90C30C9F80020E7
:101DF00078E700BF00FCFF7F2DE9F041B1F90C301E
:101E00000C46990796B008D5012204F14303C4E9B2
:101E10000432236016B0BDE8F081B4F90E10064616
:101E2000002926DB6A4600F0E5FE00281FDB019D45
:101E30004FF4806805F47045A5F50055B5FA85F5B1
:101E40004FF400676D0941463046FCF7A7F8E8B14A
:101E5000B4F90C30C4F8148043F080032060206192
:101E6000A3813DBB3B43A38116B0BDE8F081B4F92B
:101E70000C3013F0800519D04FF040080025414682
:101E800030462F46FCF78AF80028E1D1B4F90C302F
:101E90009A05BFD4012123F0030304F1430243F068
:101EA0000203C4E90421A3812260B3E74FF48068F0
:101EB0002F46C8E73046B4F90E1000F0AFFE10B957
:101EC000B4F90C30CEE7A38923F0030343F00103F8
:101ED0001BB2C7E770B50C46B1F90E1015460029C4
:101EE0001E4696B014DB6A4600F084FE00280FDB25
:101EF00001994FF4806301F47041A1F50051B1FAEA
:101F000081F14FF40060490931602B6016B070BD5B
:101F1000A18911F0800106D00021402308463160DC
:101F20002B6016B070BD4FF48063084631602B60A3
:101F300016B070BD70B50D7804465E2D25D04FF0FB
:101F4000000EF446481C002223466EF307026EF38F
:101F50000F226EF3174204F580716EF31F6243F88F
:101F6000042B8B42FBD175B18CF00101615500F15E
:101F7000010E1EF8013C2D2B0FD05D2B0BD01BB199
:101F80001D467046F2E7013870BD4FF0010E4D78E6
:101F9000F446881CD7E7704670BD90F801C0BCF1CC
:101FA0005D0FEDD06545EBDC6E1C0230A21902F826
:101FB000011B131B013B9C45F9DCACEB0503013B0A
:101FC0006545A8BF00230EF1020EF518D1E700BF4A
:101FD0000CB470B50C4600256FF000469CB00A4A60
:101FE00020AB059253F8042B02A9CDE901341B95CF
:101FF00004960796069406F0FDFA029B1D701CB02D
:10200000BDE8704002B070470802FFFF0EB470B523
:1020100004466FF0004600259DB00B4A21AB0B49EA
:10202000106853F8042B059102A9CDE901340496F8
:1020300007961B95069406F0DDFA029B1D701DB0F5
:10204000BDE8704003B07047940000200802FFFF15
:1020500088420ED98B1883420BD900EB020C002A60
:102060006DD0624613F801CD994202F801CDF9D145
:1020700070470F2A0FD8034602F1FF3C002A5ED0BA
:102080000CF1010C013B8C4411F8012B614503F864
:10209000012FF9D1704740EA01039B0750D1A2F10B
:1020A000100370B501F1200C23F00F0501F1100EA3
:1020B00000F11004AC441B095EF8105C0EF1100E28
:1020C00044F8105C5EF81C5C103444F81C5C5EF84C
:1020D000185C44F8185C5EF8145CE64544F8145C3F
:1020E000EAD1013312F00C0F01EB031102F00F04DF
:1020F00000EB031328D08E46043C24F003064FEA7D
:10210000940C1E441C1F5EF8045B44F8045FB44248
:10211000F9D10CF1010402F0030203EB840301EB9B
:10212000840102F1FF3C4AB10CF1010C013B8C44EB
:1021300011F8012B614503F8012FF9D170BD7047EB
:10214000034602F1FF3C9BE72246EAE740EA01032F
:102150009B0710B524D1032A22D98E468446DEF887
:1021600000407146A4F1013323EA040313F0803FD9
:102170000EF1040E15D1043A032A4CF8044BEED8A4
:10218000714601F1FF3E52B163461EF8011F541E15
:1021900003F8011B41B122469C46002AF4D110BD30
:1021A000844601F1FF3EEEE79444002CF7D003F89B
:1021B000011B6345FBD110BD40EA01039B0710B42E
:1021C000044602D1032A8C4615D801F1FF3C52B1D6
:1021D00023461CF8011F501E03F8011BC1B1024623
:1021E0001C46002AF4D1204610BC7047043A032A4A
:1021F00044F8040B16D9DCF800006146A0F1013365
:1022000023EA000313F0803F0CF1040CEED0DCE76E
:1022100060B1A01803F8011B8342FBD1002CE2D16E
:1022200010BC7047614601F1FF3CD0E71846002C16
:10223000D9D1F5E7F8B5114D1149124800F020FD4C
:102240002C4605F1A006A5F1200721463846FBF7EC
:1022500021FB203418B9B442F7D10A48F8BD0A4F1F
:10226000084C3946204608F07FF82946204620359C
:1022700008F07AF8B542F4D10248F8BD18070020FA
:10228000F8060020F0050020F43002002DE9F04FA0
:1022900000EB411705460E468FB0394610461446EE
:1022A000FBF7F8FA18B938460FB0BDE8F08F2046B2
:1022B000A749FBF7EFFA002800F0B2802046A549B5
:1022C000FBF7E8FA70B32378432B00F0AE80613B54
:1022D000192B16D86378613B192B12D8A378A3F178
:1022E0006102192A96BFE37804F1020904F1030997
:1022F0005F2B08D02E2B00F0BF8213F0BF0F00F031
:10230000AD800027CFE799F80130413B192BF8D871
:1023100099F80230413B192BF3D899F8033009F1B1
:102320000309E7E70DF1180840468B4900F0A8FCC7
:102330004FF00009CA46CDF804909DF81830413B93
:10234000342BDED801A252F823F000BF472701004A
:1023500003230100E926010003230100AD2601004B
:102360000323010079260100032301005F270100F8
:10237000592601009D2501000323010003230100CC
:102380000323010003230100392501000323010079
:1023900003230100EF2401008F2401000F25010019
:1023A0000323010003230100032301000323010091
:1023B0000323010003230100032301000323010081
:1023C0000323010003230100032301004727010029
:1023D00003230100E926010003230100AD260100CB
:1023E0000323010079260100032301005F27010078
:1023F000592601009D25010003230100032301004C
:1024000003230100032301003925010003230100F8
:1024100003230100EF2401008F2401000F25010098
:1024200020464C4900F02CFC48E763782D3B012BFB
:102430003FF667AF04F102090DF11808494640461E
:1024400000F01EFC40214046FBF75CF808B1002379
:1024500003704046FBF772FB814405E00DF118085C
:1024600040463E4900F00CFC99F80030402B7FF4C8
:102470005FAF09F1010B58463949FBF70BFA824669
:10248000002840F0FC8101238146019355E7032297
:102490004046344907F0ACFF00287FF432AF9DF886
:1024A0001B3031492D2B14BF0DF11B0007A8FBF782
:1024B000F1F900287FF425AF40462C4900F0E0FBFD
:1024C0004FF0010B2A4B2B4A022E00F0A881062E5A
:1024D00004D1414605F5A57000F0D2FB21463846EF
:1024E00000F0CEFB074638460FB0BDE8F08F4046FF
:1024F000214907F017FF00287FF403AF40461E492B
:1025000000F0BEFB4FF0020B1C4B1D4ADCE74046BF
:102510001C4907F007FF30B140461B4907F002FF96
:1025200000287FF4EEAE4046164900F0A9FB4FF0BC
:10253000060B164B164AC7E74046164907F0F2FE4F
:1025400000287FF4DEAE4046134900F099FBB7E760
:10255000F830020000310200043102000C310200A8
:1025600018310200C8310200CC310200D031020023
:10257000E13E0100756501005C310200E1400100AF
:102580003166010038310200403102000D3F010088
:1025900091650100B8310200C031020004224046BA
:1025A000C84907F025FF00287FF4ABAE9DF81C302A
:1025B0002D2B08BF9DF81D30523B232B3FF6A1AEBB
:1025C00001A252F823F000BF1528010003230100E7
:1025D0000B2801000128010003230100032301004F
:1025E000032301000323010003230100032301004F
:1025F000032301000323010003230100032301003F
:10260000032301000323010003230100032301002E
:10261000032301000323010003230100032301001E
:10262000032301000323010003230100032301000E
:1026300003230100032301000323010003230100FE
:1026400003230100032301001528010003230100D7
:102650000B2801000128010040469B4907F062FE5B
:1026600000287FF44EAE4046974900F009FB4FF03A
:10267000080B964B964A27E708224046954907F0F3
:10268000B7FE00287FF43DAE9DF8203092492D2BF7
:1026900014BF08A80DF1210007F044FE00287FF4C4
:1026A00030AE40468D4900F0EBFA09E70322404680
:1026B0008B4907F09DFE00287FF423AE9DF81B3068
:1026C00088492D2B14BF0DF11B0007A807F02AFE27
:1026D00000287FF416AE4046834900F0D1FA4FF04F
:1026E000030B824B824AEFE69DF8193003F0DF03BB
:1026F000502B7FF406AE02227E494046FFF726FDAE
:102700000A2205A90DF11A0003F064FE059B1B784F
:10271000002B7FF4F6ADB0F5697F3FF4F3AE00F324
:10272000B88040F26A3398423FF7EBAD40F2513344
:10273000984240F3F780704BA0F25230C340DB0761
:102740003FF5BEAEDDE540466C4907F0EBFD0028E5
:102750007FF4D7AD4046694900F092FAB0E6032213
:102760004046674907F044FE00287FF4CAAD9DF853
:102770001B3004222D2B14BF0DF11B0B0DF11C0B74
:102780005846604907F034FE00287FF4BAAD9BF844
:1027900004300A222D2B14BF0BF104000BF10500AD
:1027A00005A903F017FE431E0F2B83463FF6A9AD84
:1027B0000C283FF4A6AD059B1B78002B7FF4A1AD40
:1027C0005149404600F05CFABBF10A0FC4BF312307
:1027D0008DF821304FF000034C49CCBF0DF122029F
:1027E0000DF12102537081FB0B314FEAEB73C3EB08
:1027F000A10303EB8303ABEB4303303313705FE6BA
:102800004046434900F03CFA5AE64046414900F050
:1028100037FA55E64046404900F032FA50E6414664
:1028200005F59570CDE9022300F02AFA029A039B80
:1028300041462846C5F8E020C5F8E43085F828B1BF
:10284000FAF70EF9B9F1000F0CD1BAF1000F09D166
:10285000BBF1010F06D09DF81890B9F1550918BFCA
:102860004FF00109019B13B9C5F8E89036E64FF027
:10287000FF33C5F8E83031E609F10109DCE55846D7
:102880002649FBF707F8814670B94FF0010A01901D
:1028900053E540F2654398423FF412AEA0F2E240A5
:1028A00008287FF60DAE2CE558461D49FAF7F2FFD1
:1028B0004FF0000AB0FA80F9CDF804A04FEA591998
:1028C0003BE500BF80310200483102003142010087
:1028D000F5660100A0310200AC310200B031020007
:1028E0004C310200503102005431020071410100AC
:1028F000856601007C310200A5110101043102004E
:102900006431020068310200703102006766666659
:102910009031020098310200883102002431020017
:102920003031020040F2E12398423FF4C9AD09DCA6
:1029300040F2B51398423FF4C3ADB0F5347F7FF455
:10294000E0ACBDE540F2073398427FF4DAACB7E57E
:1029500038B50D460E49044601F0A0FA08B10378D7
:1029600093B90C4B204653F8251001F097FA08B1A3
:1029700003784BB92046084901F090FA28B1027853
:10298000064B002A08BF184638BD044838BD00BFB2
:10299000D8310200E8350200E0310200440800208E
:1029A00006292DE9F84F804665D88B469246002AC5
:1029B00000F09C80DFF8EC917B4E4C46354609F1E7
:1029C000C00729462046203400F05AF9BC4205F1E0
:1029D0002005F6D19AF800309BBBBBF1000F40F008
:1029E0008B8001246F4F21464046FFF7B1FF05461B
:1029F000FBF7A4F81F283ED838462946013400F0DA
:102A00003FF9072C07F12007EDD1DFF8A0B1012431
:102A10005D46644FDFF898A13146284600F030F952
:102A20003A4621465046FFF731FC20352036203704
:102A3000002872D00134072CEED1BDE8F84FFFF723
:102A4000F9BBBBF1000F1BD05046FBF777F81F28EE
:102A500011D8584C514604EB4B14204600F010F9A5
:102A6000224659465248FFF711FC0446FFF7E2FBA5
:102A70002046BDE8F88F16270024C8F80070F7E755
:102A80002F215046FAF73EFD044600287BD04278BD
:102A90002F2A08BF431C04D11C4613F8012F2F2AEC
:102AA000FAD0002AE7D00125DFF8F8B0A4EB0A023B
:102AB0001F2AE0DC51465846013207F075FC2378A6
:102AC00001352F2B03D114F8013F2F2BFBD0002B06
:102AD00048D0224612F8013F0BB12F2BFAD1072D17
:102AE0000BF1200B91D0A2461446DFE7002948D015
:102AF0002F4C04EB4114BBE759464046FFF728FF33
:102B00000546FBF71BF81F28B5D82A4C294604EBCD
:102B10004B14204600F0B4F8A2E7012CD8F800705E
:102B2000AAD00125224EDFF890A006E00135A5428B
:102B300009F120090BF1200B9ED05946484600F0C0
:102B40009FF84A4629463046FFF7A0FB0028EDD102
:102B50005146484600F094F84A4629463046FFF769
:102B600095FBE3E7072D3FF450AF124C04EB4514FF
:102B70002046A4F12001203400F082F8BC42F7D1B5
:102B800043E70E4C74E75046FAF7D8FF1F283FF68C
:102B900072AF044C20465146203400F071F8BC421C
:102BA000F8D132E7B8640020F8060020D86300208E
:102BB000D80600209864002000310200F0050020B3
:102BC000014B93F828017047D806002003460A46B7
:102BD000024908681946FFF7E3BE00BF94000020D1
:102BE000F030704700487047C80700200048704721
:102BF000C807002070B50026074D04460846114658
:102C00002E60EDF720FE431C00D070BD2B68002B1A
:102C1000FBD0236070BD00BFCC610020002238B51E
:102C2000064D044608462A60EDF723FE431C00D0FB
:102C300038BD2B68002BFBD0236038BDCC61002051
:102C4000002238B5064D044608462A60EDF76EFEB0
:102C5000431C00D038BD2B68002BFBD0236038BD4F
:102C6000CC610020082802D14FF48050704708B58D
:102C7000FAF7BAFD162203464FF0FF301A6008BD7E
:102C800080EA0102844612F0030F4FD111F0030FC6
:102C900032D14DF8044D11F0040F51F8043B0BD024
:102CA000A3F101329A4312F0803F04BF4CF8043B79
:102CB00051F8043B16D100BF51F8044BA3F1013287
:102CC0009A4312F0803FA4F101320BD14CF8043B3F
:102CD000A24312F0803F04BF51F8043B4CF8044B70
:102CE000EAD023460CF8013B13F0FF0F4FEA3323E1
:102CF000F8D15DF8044B704711F0010F06D011F8C0
:102D0000012B0CF8012B002A08BF704711F0020FAD
:102D1000BFD031F8022B12F0FF0F16BF2CF8022B98
:102D20008CF8002012F47F4FB3D1704711F8012BBB
:102D30000CF8012B002AF9D1704700BF5FFA81FC23
:102D4000810744D00346511E22B909E09A0709D0F1
:102D5000013905D31846027801336245F6D1704730
:102D600000207047184603290CD80029F8D00346E4
:102D7000014401E08B42F3D0184613F8012B624561
:102D8000F8D1704710B50CEB0C24024604EB044458
:102D900002E00439032915D9104652F8043B634078
:102DA000A3F1013E2EEA030313F0803FF1D0034666
:102DB000014401E08B4208D0184613F8012B62450C
:102DC000F8D110BD10460029F1D1002010BD1146E8
:102DD000C9E700BF004870470000C07FF8B5002772
:102DE000DFF858C021F00043634504460D461760E4
:102DF00021D8844653EA0C0C1DD0DFF844C0164697
:102E000001EA0C0C0A46BCF1000F09D100220D4B5F
:102E100009F0F4FC6FF0350704460A4621F0004340
:102E20001B156FF31E52A3F2FE333B4442F07F5555
:102E3000336045F4001520462946F8BDFFFFEF7FBB
:102E40000000F07F000050432DE9F04F03690C694A
:102E500085B0A342C0F291808146013C01F1140586
:102E600009F1140855F8243058F824C001339C4562
:102E7000BCFBF3F64FEA840005EB840708EB840201
:102E800043D34FF0000CAA46CDE90105C646634680
:102E900065469346CDF80C805AF8040BDEF8002006
:102EA0001FFA80FC06FB0C554FEA10484FEA154C00
:102EB00006FB08CCADB290B2401B18441FFA8CF34D
:102EC000C3EB204303EB124380B240EA0340574573
:102ED0004EF8040B4FEA1C454FEA2343DCD2DDE9F0
:102EE0000105DDF80C8058F8003073B9ABF104022D
:102EF000904504D307E0904504F1FF3403D252F823
:102F00000439002BF7D0C9F81040484601F00AFDFB
:102F100000282EDB4146002255F8040BD1F800C0F2
:102F20001FFA80FE1FFA8CF3A3EB0E031344020C6E
:102F3000C2EB234202EB1C429BB243EA0243AF4284
:102F400041F8043B4FEA2242E6D258F8242008EB2D
:102F500084036AB9043B434504D807E0984504F16B
:102F6000FF3403D253F80429002AF7D0C9F81040DF
:102F70000136304605B0BDE8F08F002005B0BDE851
:102F8000F08F00BF000000002DE9F04F16461F46ED
:102F9000816B9DB0CDE90667299D039049B101235E
:102FA000C26B044693408B604A6001F007FA00232D
:102FB000A363B7F10009B4BF012300232B60784B52
:102FC000BCBF29F00049CDF81C9033EA090300F09A
:102FD000AD80DDE906341846214600220023CDE904
:102FE000040109F073FE804668B10123289A13603A
:102FF0002A9B13B16B4B2A9A13606B4B089308986A
:103000001DB0BDE8F08F1AAB01931BAB0093039882
:10301000DDE9042301F0E4FD5FEA1955824640F042
:103020009B80DDE91A85454405F23243202B40F3AD
:103030008B83C3F1400309FA03F905F2124326FA20
:1030400003F349EA030009F05FFB0123013D1193FB
:10305000A1F1F8710022554B09F018FA4AA3D3E9FF
:10306000002309F0CBFB4AA3D3E9002309F010FAAF
:10307000064628460F4609F057FB47A3D3E900232D
:1030800009F0BCFB02460B463046394609F000FA0F
:1030900006460F4609F062FE00220446099000230E
:1030A0003046394609F01CFE002840F02383099C75
:1030B000A8EB050808F1FF33162C0A9300F28F8164
:1030C000DDE904013A4B03EBC403D3E9002309F023
:1030D00007FE002872D0631E09930023109308F1A5
:1030E000FF33002BC0F2828100230B93099B002B3E
:1030F0006ADA099B0B9A0E93D21A5B420F93002354
:103100000993269B0B92092B68D8052B40F321834A
:103110000025043B2693269B023B032B00F23F86AF
:10312000DFE813F070046D046404480442F20F7386
:10313000289AC9F3130959EA060913601CD12A9B7E
:10314000002B00F04C861B4B089308332A9A0898F2
:1031500013601DB0BDE8F08FDDE90412C2F3130364
:10316000084643F07F51CDF84480A5F2FF35DDF8E5
:10317000688041F440116DE72A9B002B40F0F583F5
:103180000D4B08933BE700BF61436F63A787D23FB6
:10319000B3C8608B288AC63FFB799F501344D33F46
:1031A0000000F07FF1300200F03002000000F83F34
:1031B000F0360200303202003C320200B8F1000F5B
:1031C00040F3A88410900B90DDE9092313440A937F
:1031D00000230F93269B0E92092B96D900230125DD
:1031E0004FF0FF3B269327930C950021039BCDF8CE
:1031F00060B0D963039801F0BBF80890002800F094
:10320000D785039B089ABBF10E0F9A6300F21981D0
:10321000002D00F016810E99002940F34984B44B2B
:1032200001F00F0203EBC203C8054FEA2115D3E9F1
:10323000006740F10A84DDE90401AE4B4FF0030959
:10324000D3E9082309F004FCCDE9120105F00F05CC
:103250008DB1DFF8A082E90709D5D8E9002330460F
:10326000394609F0CBFA06460F4609F101096D10FF
:1032700008F10808EFD1DDE912013B46324609F0BA
:10328000E7FB07468846109B43B10022384641467B
:10329000994B09F025FD002840F01085484609F0BB
:1032A00043FA3A46434609F0A9FA0022934B09F043
:1032B000EFF80446A1F15075BBF1000F00F0AA80B1
:1032C0000E9BCDF848B019934146384609F046FDAB
:1032D0001299874BCDE9144503EBC10353E902343E
:1032E0000546CDE9163409F01FFA0B460246414661
:1032F000384609F0CBF8089F0C9B30357E1CECB2A9
:10330000804689463546002B00F06E84DDE91623A1
:1033100000207B4909F09CFBDDE9142309F0B6F895
:103320003C7042464B4604460D4609F0F7FC002827
:1033300040F0BB84CDF850A0CDF858B00027AB4684
:10334000A246129D2AE00137AF4280F20185504625
:10335000594600226B4B09F051FA0022694B824614
:103360008B464046494609F049FA8946804609F0AD
:10337000F5FC044609F0D8F902460B46404649469A
:1033800009F084F8303452465B4606F8014B80461B
:10339000894609F0A5FC002840F0D78442464B46F8
:1033A0000020554909F072F852465B4609F098FC36
:1033B0000028C8D0199B3746DDF850A0089A03F1C1
:1033C000010802E0974200F09F843E4617F8013D55
:1033D000392BF7D00133DBB245463B7079E101234D
:1033E000109308F1FF33002BBFF67EAEC8F1010346
:1033F0000B9300230A9379E6484609F095F93A467B
:10340000434609F0FBF900223C4B09F041F8044621
:10341000A1F15075384600223B4B414609F036F881
:1034200022462B4606460F4609F078FC002840F05D
:103430007A8430463946224605F1004309F050FCB3
:1034400028BB1B9B002BC0F291800E9A0E2A00F322
:103450008D80274B0E9A03EBC203D3E90034CDE9EC
:103460000634279B002B19DABBF1000F16DC0ED1B6
:10347000DDE906010022244B09F0C0F902460B46A3
:10348000DDE9040109F036FC002800F04C8400233B
:103490001F46089E0493279BDD432DE2089B5D1C7D
:1034A000DDE90678DDE904013A46434609F0D0FA41
:1034B00009F054FC064609F037F93A46434609F04C
:1034C0009DF902460B46DDE9040108F0DFFF089A8A
:1034D00006F13003BBF1010F2F46137000F0258376
:1034E0000125CDF810A0A846DDE9069A2CE000BF22
:1034F000F0360200C83602000000F03F00001C4019
:103500000000E03F00002440000014404A465346BB
:103510002046294609F09CFA09F020FC064609F0ED
:1035200003F94A46534609F069F908F101080B46C8
:1035300002462946204608F0A9FF06F13003D84587
:1035400007F8013B00F0EF820022834B09F056F9A7
:103550000022002304460D4609F0B8FB0028D5D010
:103560000E9D3E46DDF810A00135B2E00C9A002A0F
:1035700040F0D68000231F460F9E0B9D0C9365B133
:103580000A9900290B4608DDA942A8BF2B460B9AD1
:10359000ED1AD21ACB1A0B920A930F9B53B10C9BC4
:1035A00013B1002E40F0FC8251460F9A039801F0AF
:1035B000E9F882460121039801F004F8099B049080
:1035C000002B40F0BD81269B012B40F3D3810120CD
:1035D0000A9A104410F01F0000F09980C0F12003F7
:1035E000042B40F3E2810B9BC0F11C000344024416
:1035F0000B9305440A920B9B002B05DD51461A469E
:10360000039801F019F982460A9B002B05DDDDE9DC
:1036100003011A4601F010F90490109B002B40F0B2
:103620007481BBF1000F40F34B810C9B002B40F0E9
:10363000A2800E9D01350126DDE90394DDF820808E
:1036400007E0514600230A22484600F0C1FE8246A8
:10365000013621465046FFF7F7FBB34500F1300035
:1036600008F8010BEDDCBBF1000FCCBF5E46012674
:1036700081460024089B03EB060B51460122039868
:1036800001F0DAF80499824601F04CF9002840F381
:10369000F081089A02E0934500F005821BF8013C96
:1036A0005E46392B0BF1FF3BF5D001338BF8003030
:1036B000DDE90381404600F081FE57B12CB1BC42E8
:1036C00003D02146404600F079FE3946039800F0C9
:1036D00075FE5146039800F071FE00233370289B5D
:1036E0001D602A9B002B3FF48AAC08981E601DB019
:1036F000BDE8F08F204609F017F832463B4609F046
:10370000E5FA00287FF4D3AC631E0993CFE41C23B1
:103710000B9A1D441A440B920A9A1A440A926AE7B9
:10372000269A012A40F3B0810F9B0BF1FF36B3427A
:10373000C0F26B81BBF1000FA3EB060680F2F782AB
:103740000B9BA3EB0B056EE1C3F1200306FA03F01C
:1037500079E40125DFE400BF00002440394600235E
:103760000A22039800F034FE189B0746002B40F312
:1037700007839B460E96002D05DD39462A460398A1
:1037800001F05AF80746099B002B40F0ED81B8463E
:10379000089B1E46013B03EB0B04069B03F0010351
:1037A000CDE90A43039C04995046FFF74DFB394687
:1037B0008346504601F0B6F8049905464246204635
:1037C00001F0D0F8C36801460BF13009ABBB09909A
:1037D000504601F0A7F809990990204600F0EEFD47
:1037E000099A002A54D1269B1BB90B9B002B00F091
:1037F000B582002D3FDBB3460A9B0BF8019B9E422E
:1038000000F0C981514600230A22204600F0E0FD65
:103810004745824639464FF000034FF00A022046E2
:1038200030D000F0D5FD414600230A22074620464D
:1038300000F0CEFD5E468046B5E7039800F0BEFD81
:10384000002D06DB069B03F00102269B1D432A4345
:1038500029D151460122039800F0EEFF04998246D7
:1038600001F060F8002840F3F880B9F1390F00F05A
:1038700050820BF131090E9D3C460135474606F852
:10388000019B15E700F0A4FD5E46074680468AE7E7
:10389000002DC0F29B82269B1D430B9B1D4300F015
:1038A0009582002AA7DDB9F1390F00F032820E9D12
:1038B00009F101033C460135474606F8013BF7E6AE
:1038C000269B022B7FF7B1AEBBF1000F40F02981A0
:1038D0005B4605220499039800F07AFD01460490A6
:1038E000504601F01FF8002840F31B8131230E9D44
:1038F000089E013506F8013BDDE9030100F05EFD9D
:103900000135002F7FF4E1AEE3E65046049901F063
:1039100009F80028BFF685AE514600230A22039815
:103920000E9C00F055FD0C9B8246661E002B7FF41A
:1039300015AF189B002B40F318829B460E9D7AE62C
:1039400001461A46039800F01DFF269B0490012BA8
:103950006FDD00230993049A136902EB830318694E
:1039600000F0E0FDC0F1200032E69B4B08930333EA
:10397000FFF7ECBB069B002B7FF429AEDDE90612B6
:10398000C2F31303002B7FF422AE944B134033B1E8
:103990000B9B01330B930A9B01330A930123099A72
:1039A0000993002A3FF413AED5E73FF424AEC0F1EB
:1039B0003C03ADE601230C93279B0E9A134403F1BD
:1039C000010B5E46012EB8BF01261893172E40F357
:1039D0000182012204235B0003F11400B04211466E
:1039E00002F10102F7D9039BD96303E401230C938D
:1039F000279B002B38DD9B461E461893E6E70023E5
:103A00000C93D9E700230C93F2E70F9B0F96F31A60
:103A10000026099A1A440A9B09925B440A930B9B5D
:103A20001D465B440B930121039800F0CBFD074634
:103A3000A5E5069B002B8CD1DDE90601C1F313033C
:103A40000A46002BA1D0099085E7DDE904344FF048
:103A50000209CDE91234FFF7FBBB7FF40CAF19F07C
:103A6000010F7FF402AF06E701239B462793FFF780
:103A7000BCBB03D119F0010F7FF40BAE5E461BF8FF
:103A8000013D302BFAD013E6119A002A00F09F80F6
:103A900003F233430A9A0F9E1A440A920B9A154670
:103AA0001A440B92BFE73123089A01351370FFE5E2
:103AB00000F0FE80DDE904010E9A494B554205F005
:103AC0000F0203EBC203D3E9002308F097FE2D1188
:103AD000CDE9120100F05D8100234FF00209074695
:103AE0008846404EEA070AD5D6E9002338464146C3
:103AF00008F084FE01230746884609F101096D108C
:103B000006F10806EED1002B7FF4BDABDDE912789B
:103B1000FFF7B9BBC8F101030A900B931090FFF7B0
:103B200053BB089EB7E4DDF810A002460B4608F030
:103B3000AFFC03460C46DDE906010E9D1A46CDE9B1
:103B4000043401352346A84609F0CAF840B9DDE936
:103B50000423DDE9060109F0B9F818B1F30701D52E
:103B6000089A32E43E46B4E50398796800F000FC18
:103B70000546002800F023813B6907F10C01023360
:103B80009A000C30F9F764FF01222946039800F0EF
:103B900053FE8046FCE50E9D3C46013547466CE5EC
:103BA000039C39463246204600F0ECFD074652465B
:103BB0003946204600F034FD51468246204600F04A
:103BC000FDFB0F9B9B1B0F933FF4F4ACECE41A9BA3
:103BD000C3F136035EE700BF3C3202000000F07F15
:103BE000F0360200C8360200DDE91623DDE91401D3
:103BF00008F004FE089BCDE90C011C70129B012B00
:103C000000F0C580129F089B11961F4400227C4B38
:103C10004046494608F0F2FD0D46044609F09EF87C
:103C2000814608F081FD02460B462046294608F0F1
:103C30002DFC09F1300906F8019BBE4280468946F9
:103C4000E4D1119D0022DDE90C016E4B08F020FC4F
:103C500002460B464046494609F060F800286ED1FE
:103C6000DDE90C230020674908F010FC02460B46F2
:103C70004046494609F034F880B91B9B002BFFF6FB
:103C800079AC0E9B0E2B3FF775AC5F4B0E9A03EB96
:103C9000C203D3E90034CDE9063401E417F8013C4E
:103CA0003E46302B07F1FF37F8D0199D013510E55E
:103CB0004FF00209DDE90478FFF7E5BABBF1000F28
:103CC0003FF49AAB189C002C7FF7BBAB0E9B384699
:103CD000013B414600221993494B08F08FFD0246F3
:103CE0008846174609F1010008F01EFD3A46434692
:103CF00008F084FD0022454B08F0CAFB1294A1F1A4
:103D000050750446FFF7E0BA312308F10108FFF7C8
:103D100063BBB34639230E9D3C46089A474601359E
:103D20000BF8013BBAE400231F460493DEE50A9B2F
:103D30005B440A930B9B1D465B440B9373E6199BF4
:103D4000089A03F10108FFF740BBDDF850A0ACE78B
:103D5000DDF850A0DDF858B0FFF773BBB9F1390FAB
:103D6000D7D0002D3FF785AD85E5269B022B03DCE0
:103D70000E9DDDF860B05EE4DDF860B00E96A3E560
:103D8000269B022BF8DCDDF860B00E96F3E4374694
:103D900058E74FF00209DDE91278FFF774BA002501
:103DA000039B29461846DD6300F0E2FA0890D0B97B
:103DB000002240F2AF11164B164806F049FB0246AE
:103DC00040F2EF21124B134806F042FB002A3FF766
:103DD00040AD50E50021039BD963FFF70BBA0E4BB2
:103DE0000893FFF70CB9039B089A4FF0FF3B9A63C7
:103DF00001232795CDF860B00C93FFF722BB00BFDD
:103E0000000024400000E03FF036020000001C40AB
:103E10004032020054320200303202002DE9F047F5
:103E2000DFF8749007460E46904606F06DFBD9F811
:103E300000504DB133781C466BB1344602E014F8A3
:103E4000013F3BB13D2BFAD1384606F063FB002021
:103E5000BDE8F087A41B28680028F5D0224631462B
:103E6000F9F7B8FB28B92868035D00EB040A3D2B7D
:103E700004D055F8040F0028F0D1E5E7D9F8003058
:103E80003846EB1A9B10C8F8003006F043FB0AF1E5
:103E90000100BDE8F08700BF2000002000B583B01E
:103EA00001AAFFF7BBFF03B05DF804FB024B01461C
:103EB0001868FAF773B800BF94000020024B01465F
:103EC0001868F9F76FBF00BF9400002010B4034CCE
:103ED000D4F8E440A44610BC604700BFD8060020D8
:103EE00082B049B15AB16BB113780B601278101ED1
:103EF00018BF012002B0704701A9002AF3D1104673
:103F000002B070476FF00100F4E700BFF0B583B076
:103F10008646089E002937D09AB3002B00F0C48053
:103F200035683DBB14784FF0010C44B37F2C58DD4D
:103F3000A4F1C0001F2829D8347125B9012083427B
:103F4000306000F0B18012F80C300CF10100A3F1E8
:103F500080023F2A00F29E80C12C40F39B80A40186
:103F600003F03F0304F4F8641C43002333600C6047
:103F700003B0F0BD34794FF0000C002CD6D10C60AA
:103F80003460002003B0F0BD01A9C5E7A4F1E00052
:103F90000F282CD83471002D66D0581C18BF01335F
:103FA000012D65D07779E02C72D0A7F180003F28F1
:103FB00070D8012D777173D012F80C200CF101002C
:103FC000A2F180033F2B65D82303BF019BB207F406
:103FD0007C6702F03F023B431343002232600B60D8
:103FE000D0E70023012033600C6003B0F0BDA4F1E2
:103FF000F00004284ED83471002D3FD05F1C18BF4C
:104000000133012D3ED07779F02C50D0F42C63D0C1
:10401000A7F180003F283DD8012D77714AD0581C68
:10402000306818BF0133022848D0B579A5F1800364
:104030003F2B2FD812F80C200CF10100A2F18003C5
:104040003F2B27D8A3043F0303F4E01307F47C3786
:10405000AD013B4305F47C6502F03F022B43134363
:1040600000220B6032608DE70120834230601BD05C
:1040700012F80C7001250CF1010C94E70120834229
:10408000306011D012F80C7001250CF1010CBBE767
:104090009F2F8ADC8A234FF0FF30CEF8003071E783
:1040A00002208342306087D16FF001006AE78F2FD2
:1040B000AEDCEFE7022083423060F5D012F80C50FE
:1040C0000CF1010CA5F180003F28E3D803208342C6
:1040D000B5713060AED1E7E78F2F99DDDAE700BF29
:1040E00030B482B08446049D002930D0002A31D0FB
:1040F000002B39D02868147848B1012816D00C60FC
:104100001078003818BF012002B030BC7047A4F10D
:1041100081001E2803D9A4F1E0000F28EFD8012068
:1041200083422C7128601FD002205478A4F14003F0
:104130003E2B03D9A4F180037C2B0FD82B7904EB01
:10414000032400230C602B6002B030BC704701A92F
:10415000002ACDD1104602B030BC70478A234FF000
:10416000FF30CCF80030CFE76FF00100CCE700BFA4
:1041700030B583B08646069D002940D0002A41D044
:10418000002B4BD02868147858B10128A44618D0C9
:10419000022841D00C601078003818BF012003B00D
:1041A00030BDA4F18E00012803D9A4F1A1005D283F
:1041B000F0D8012083422C7128602FD0022092F881
:1041C00001C0ACF1A1045D2C2BD82C798F2C1CD113
:1041D0000224984285F805C02C601FD212F800C056
:1041E0000130ACF1A1035D2B1BD800226B790CF0E0
:1041F0007F0C0CEB03230B602A6003B030BD01A9D8
:10420000002ABDD1104603B030BD00220CEB0424BF
:104210000C602A6003B030BD0120E2E76FF00100BE
:10422000BDE78A234FF0FF30CEF80030B7E700BF7C
:104230002DE9F04F83B08046DDF8309089B39AB312
:10424000002B00F087809446E3461CF8015B4FF09A
:10425000010E99F80040DFF810A14448002D48D025
:10426000A5F11B06F7B22F2F24D82F2E22D8DFE876
:1042700006F06D21212121212121216B21212163A2
:10428000212121212121212121212121212121211E
:104290002121212121212165216721212121212184
:1042A000216901A9002ACBD10120C9F8002003B05F
:1042B000BDE8F08FA5F121065D2E8CBF08270727EA
:1042C00004EBC4040619F65D5444E45D052E44D89D
:1042D000DFE806F021031311052A89F8045073451D
:1042E0000EF1010534D9AE46E3461CF8015B002D02
:1042F000B6D10627E4E76246F1E701237046C9F824
:10430000003099F804209BF8003003EB02230B6087
:1043100003B0BDE8F08F00237046C9F80030137871
:104320000B6003B0BDE8F08F00231846C9F80030D9
:104330000B6003B0BDE8F08F0227C1E70327BFE79A
:104340000427BDE70527BBE70127B9E70027B7E743
:10435000C9F800406FF00100DAE78A234FF0FF3020
:10436000C8F80030D4E700BF4C3602000436020023
:1043700038B5436C05460C464BB153F8240080B168
:10438000026843F824200023C0E9033338BD21220A
:10439000042106F083F8034668640028EDD100206C
:1043A00038BD0121284601FA04F56A1D920006F085
:1043B00075F80028F3D0C0E90145E4E731B1436C5A
:1043C0004A6853F82200086043F82210704700BF83
:1043D0002DE9F0414FF0000E0E461C460D690746D0
:1043E00001F1140001680EF1010E8BB202FB0343D0
:1043F000090C4FEA134C02FB01CC9BB203EB0C43BC
:10440000754540F8043B4FEA1C44EBDC3CB1B36813
:10441000AB4207DD06EB850301355C613561304653
:10442000BDE8F081716838460131FFF7A1FF804691
:10443000A8B1326906F10C01023292000C30F9F792
:1044400007FB7B6C726853F82210316043F82260DE
:10445000464606EB850301355C613561DFE70246C0
:10446000BA21024B024805F0F3FF00BF40320200C0
:10447000D83202002DE9F8431E460C46264908337F
:10448000174681FB032C092E4FEAE3730546C3EB65
:104490006C0339DD4FF0010C00214FEA4C0C6345F1
:1044A00001F10101F9DC2846FFF762FF014668B31C
:1044B000089B092F43614FF00103036112DC0927B8
:1044C0000A34BE420BDDF61B264414F8013B0A22D7
:1044D0002846303BFFF77CFFB4420146F5D1084641
:1044E000BDE8F88304F10909C8463C4418F8013BCB
:1044F0000A222846303BFFF76BFFA0450146F5D165
:10450000A7F108044C44DCE70021CCE70246D321A4
:10451000024B034805F09CFF398EE338403202001D
:10452000D8320200B0F5803F03463ABF10208340E6
:104530000020B3F1807F3CBF1B020830B3F1805FE5
:104540003CBF1B010430B3F1804F03D3002B06DBCB
:10455000013070479B0003D45B0003D420207047D8
:1045600002307047033070470368014613F00702BA
:1045700009D0DA0721D498074BBF5B089B080120BC
:1045800002200B60704798B2A0B11046DAB20AB9A7
:1045900008301B0A1A0704BF1B0904309A0704BF1E
:1045A0009B080230DA0703D45B0800F1010006D053
:1045B0000B6070471020C340E8E7002070472020C0
:1045C000704700BF38B5436C04460D464BB1586880
:1045D000B0B102685A60002201234561C0E903239B
:1045E00038BD2122042105F059FF034660640028EC
:1045F000EDD1002240F24511074B084805F028FF95
:104600001C220121204605F049FF0028F1D001229B
:104610000223C0E90123DEE740320200D832020063
:104620002DE9F04FD1F8108015690E46A845924645
:1046300085B005DB2A46534645468A4690461E46C7
:10464000DAF80830DAF8041005EB0804A342B8BF22
:104650000131FFF78DFE002800F0898000F114077A
:1046600007EB840E774505D23B46002243F8042B26
:104670009E45FBD8143606EB88080AF11409464516
:1046800009EB850566D2A5EB0A03153B23F003036E
:104690000AF1150A043355452CBF9B464FF0040B15
:1046A000CDF808E08246AE46039405E0090C2AD115
:1046B000B04507F104074AD956F8041B8DB2002D06
:1046C000F4D0CC463C46002301965CF8040B2168EC
:1046D00086B28AB205FB0622000C090C05FB00110C
:1046E0001A4401EB124192B242EA0142E64544F813
:1046F000042B4FEA1143E8D8019E47F80B3056F8D7
:10470000041C090CD4D000223B6848461D463C4698
:10471000944602889BB201FB02C202EB154243EAB7
:10472000024344F8043B50F8043B25684FEA134C1D
:10473000ABB201FB0C33704503EB12434FEA134C51
:10474000E7D3B04547F80B3007F10407B4D8DDE9EB
:1047500002E45046002C02DC05E0013C03D05EF888
:10476000043D002BF9D0046105B0BDE8F08F02468E
:104770004FF4B171014B024805F06AFE403202006D
:10478000D832020012F003032DE9F0411446074627
:104790002CD10E46A4101CD03D6C85B3E3074FF01E
:1047A000000806D4641014D02868A8B10546E307B1
:1047B000F8D52A4631463846FFF732FF36B17B6CD2
:1047C000716853F82120326043F821606410064676
:1047D000EAD13046BDE8F0812A4629463846FFF73F
:1047E0001FFF28600546C0F80080E0E70F4A013B44
:1047F00052F823200023FFF7EBFD0646CAE701210C
:104800003846FFF7B5FD054640B140F2712301225D
:10481000C0E90423002338640360BFE7024640F286
:104820004511034B034805F013FE00BF9436020008
:1048300040320200D83202002DE9F0470C462769C9
:10484000A36807EB62177D1C9D42904606464968A7
:104850004FEA621904DD5B009D4201F10101FADCBF
:104860003046FFF785FD002851D0B9F1000F00F167
:1048700014010FDD0B464FF0000C09F105024FEA61
:10488000820E00EB820243F804CB9342FBD1AEF1DF
:1048900014031944226904F1140318F01F0803EBF0
:1048A000820C2CD08E464FF0000AC8F120091A68FD
:1048B00002FA08F242EA0A024EF8042B53F8042BDB
:1048C0009C4522FA09FAF2D8ACEB0403153B23F01D
:1048D0000303043304F11502944538BF042341F85F
:1048E00003A0BAF1000F00D13D46736C6268056108
:1048F00053F82210216043F82240BDE8F0870439C4
:1049000053F8042B9C4541F8042FF9D8ECE70246F4
:104910004FF4EF71014B024805F09AFD403202005E
:10492000D832020084460B690069C01A15D10CF117
:10493000140C14310CEB830210B401EB830301E07F
:10494000944508D252F8044D53F8041D8C42F7D018
:1049500004D24FF0FF3010BC70477047012010BCEC
:10496000704700BF2DE9F04F14460A692369884655
:10497000D21A002A83B040F0888001F1140604F1B5
:10498000140202EB830206EB830301E09E427FD216
:1049900053F8045D52F8041D8D42F7D076D32346B8
:1049A0000025444698466168FFF7E2FC002800F0C5
:1049B000898000F1140949464FF0000C2769D8F8A6
:1049C000106004F1140B08F1140EC56004F110021C
:1049D0000EEB86060BEB870ACDF804B05EF8044BAD
:1049E00052F8045F1FFA84FBABB2A3EB0B03240C59
:1049F0006344C4EB154404EB23449BB243EA0443F1
:104A0000764541F8043B4FEA244CE7D808F11501FC
:104A10008E4234BF00210121A6EB0806153EB608E0
:104A2000002906F101024FEA820208BF0422DDF8E4
:104A300004B00BEB0204A2454A4434D91546214682
:104A4000E04651F8046BB3B263444FEA164E0EEBE6
:104A5000234E06EB08039BB243EA0E438A454FEA16
:104A60002E4C45F8043BEBD80AF1FF3AAAEB040AB6
:104A70002AF0030A524423B952F8043D013F002BA7
:104A8000FAD0076103B0BDE8F08F88DA01258AE724
:104A90000021FFF76DFC70B101220023C0E904235F
:104AA00003B0BDE8F08F00294FEA860608BF002654
:104AB00009EB0602DFE7024640F23721054B0648C4
:104AC00005F0C6FC024640F24521024B024805F0C3
:104AD000BFFC00BF40320200D8320200124B0A462F
:104AE0000B40A3F15073002B03DD00221946104642
:104AF00070475B42B3F1A07F4FEA235106DA4FF4CF
:104B0000002300220B4119461046704714391E2914
:104B1000D4BF4FF0004201224FF00003D8BFCA407B
:104B200010461946704700BF0000F07FF8B50469D1
:104B300000F1140202EB840454F8045C261F28469A
:104B4000FFF7F0FC0346C0F120000A2B086030DDBF
:104B5000B242A3F10B071AD254F8083C1FB3C7F1B5
:104B6000200C23FA0CF1BD4045EA0106A4F108052A
:104B700046F07F51AA4203FA07F341F4401116D2DE
:104B800054F80C2C22FA0CF213431846F8BD0B2BE8
:104B900008D0002305FA07F747F07F51184641F483
:104BA0004011F8BD002345F07F5141F440111846F3
:104BB000F8BDB2422CBF002254F8082CC3F10B07F9
:104BC00003F1150325FA07FC38BFFA4005FA03F391
:104BD0004CF07F511343184641F44011F8BD00BF1B
:104BE000F0B5012183B016461F46FFF7C1FB05460D
:104BF000002847D0C7F30A54C7F313030CB143F49A
:104C00008013002E019314D101A8FFF7ADFC0122FF
:104C1000019B20306B612A6114B3089BA4F23344DA
:104C200004441C60099BC0F135001860284603B09D
:104C3000F0BD68460096FFF797FC019B00B3009912
:104C4000C0F1200203FA02F2C34001930A43002B91
:104C50006A610CBF01220222AB612A61002CDCD107
:104C600005EB8201A0F23243086908990B60FFF757
:104C700059FC099BC0EB42101860284603B0F0BDF8
:104C8000009AE4E7024640F20F31024B024805F079
:104C9000DFFB00BF40320200D83202002DE9F043B2
:104CA00083B0884669468146FFF740FF04460D46BB
:104CB000404601A9FFF73AFFD9F81030D8F8102084
:104CC000A3EB020CDDE900329B1A03EB4C13002B23
:104CD0000BDD05EB03573D4602460B4620462946B1
:104CE00007F0B6FE03B0BDE8F083C3EB033301EB7E
:104CF00003594946F0E700BF172870B506460ADD9C
:104D0000002000240749084D22462B4607F076FD77
:104D1000013EF9D170BD054B03EBC003D3E900019F
:104D200070BD00BF0000F03F00002440F0360200DC
:104D300001F1FF3C116902F114034FEA6C1C03EB13
:104D400081010CF1010C8B4200EB8C0C16D210B5DA
:104D5000A0F1040E53F8044B99424EF8044FF9D8D1
:104D60008B1A153B23F0030304331844844504D9FC
:104D7000002340F8043B8445FBD810BD844505D989
:104D8000002340F8043B8445FBD87047704700BFC0
:104D900003694A11934200F1140009DA00EB83031E
:104DA00002E053F8042DA2B98342FAD800207047DC
:104DB00000EB8203F8DD11F01F01F5D010B450F8BC
:104DC000224024FA01F28A40944208D0012010BC0B
:104DD00070470120704753F8042D002AF6D1834212
:104DE000F9D8002010BC704703460A4602490868FB
:104DF000194600F003B800BF940000202DE9F84FD9
:104E00001646002900F096800C46804606F10B05F8
:104E1000F9F778FB54F8041C162DA4F1080921F0C9
:104E2000030758D81025AE4258D8AF4260DABF4BBE
:104E300009EB070C9A68DCF80400624500F09080EA
:104E400020F0010363445B68DB0768D420F00300B3
:104E50003B189D4247DDCB0712D454F8083CA9EB20
:104E6000030BDBF8043023F00302104400EB070AC5
:104E7000554540F3F68007EB020A554540F3CC80D8
:104E800031464046F9F78AF80646002800F02181AD
:104E900054F8043CA0F1080223F001034B44934270
:104EA00000F0B4803A1F242A00F2D780132A00F2BF
:104EB000A2800346224611681960516859609268C1
:104EC0009A6021464046F8F76DFF4046F9F720FB0F
:104ED0003046BDE8F88F35F00705A4D50C23C8F897
:104EE0000030002618E01F46DCE90223D3609A60F8
:104EF000D9F804307A1B0F2A03F0010309EB0700ED
:104F00001DD83B43C9F80430436843F001034360B4
:104F10004046F9F7FDFA26463046BDE8F88FC90746
:104F2000AED454F8083CA9EB030BDBF8043023F0B3
:104F30000302A0E71146BDE8F84FF9F72FB82B435D
:104F400009EB050142F00102C9F804304A604368E8
:104F5000083143F0010343604046F8F723FFD7E7E9
:104F600020F00300C21905F1100C624580F2928016
:104F7000CA0785D454F8082CA9EB020BDBF80420EF
:104F800022F00302104400EB070AD4453FF773AF49
:104F90005E46DBF80C1056F8080F3A1F242AC16051
:104FA000886000F2B080132A40F2AB8021681B2A8F
:104FB000CBF808106168CBF80C1000F2AA80083416
:104FC0000BF110022168116061685160A168916065
:104FD000AAEB05020BEB050142F0010299604A6061
:104FE000DBF80430404603F001032B43CBF80430D8
:104FF000F9F78EFA90E723681B2A03606368436021
:105000003DD804F1080200F1080354E750F8043CCD
:1050100023F003031F446BE75E463A1FDBF80C30B6
:1050200056F8081F242ACB60996023D8132A1FD969
:1050300023681B2ACBF808306368CBF80C303CD8C7
:1050400008340BF1100322681A6062685A60A26883
:105050009A6034465746D9464AE72146FCF7F8FF9E
:105060002FE7DCE902135E46CB603A1F9960D5E773
:105070003346E8E721463046FCF7EAFFE9E7A36854
:10508000242A8360E368C36027D004F1100200F192
:10509000100310E7521B09EB050142F00102996071
:1050A0004A6054F8043C404603F001032B4344F8A3
:1050B000043CF9F72DFA26462EE7A368242ACBF8FC
:1050C0001030E368CBF8143010D010340BF1180313
:1050D000B9E74046F9F71CFA03E7236904F118021F
:1050E00003616369436100F11803E4E6236918343E
:1050F000CBF8183054F8043CCBF81C300BF12003EB
:10510000A1E732465EE721463046FCF7A1FF074B98
:105110005EE7A168242ACBF81010E168CBF81410E0
:1051200006D010340BF118024CE700BFE801002054
:1051300022691834CBF8182054F8042CCBF81C2022
:105140000BF120023EE700BF2DE9F04F9FB08846EB
:105150000792002100220024CDE904128346414633
:105160001A9419910F4611F8012B2D2A5ED801A02F
:1051700050F822F04B5301002D5201002D52010036
:105180002D5201002D5201002D5201002D5201001F
:105190002D5201002D5201006351010063510100A5
:1051A0006351010063510100635101002D52010060
:1051B0002D5201002D5201002D5201002D520100EF
:1051C0002D5201002D5201002D5201002D520100DF
:1051D0002D5201002D5201002D5201002D520100CF
:1051E0002D5201002D5201002D5201002D520100BF
:1051F0002D520100635101002D5201002D5201007A
:105200002D5201002D5201002D5201002D5201009E
:105210002D5201002D5201002D5201002D5201008E
:10522000CD5801002D520100E158010000210891E4
:10523000302A00F09580002309932F2A144640F26B
:10524000EF844FF0000938464E464D4613E00130DA
:10525000082D1990C8BF09EB89090478C6BF02EB75
:105260004902A2F13009A3F130062F2C224605F1A4
:10527000010540F3B48006EB8603392C02EB4303AF
:10528000E5DD0122AB49F8F7A5F9002879D1199A93
:105290001346013219925C78002D40F08D85302C38
:1052A00040F03B8513461846013319931C78302C87
:1052B000F9D0C2F101021044A4F13103082B37D810
:1052C000199F012539464FF0000A431CA4F1300E06
:1052D0000C93002006EB86060EEB46064B1C19933A
:1052E0004C78A4F13002092A00F2E082964619991E
:1052F0000130002AF2D00128D8BF05F1010C40F39B
:10530000878400EB050C0CF1FF340A9703E07E0064
:10531000AC4200F07C84082D06EB860705F1010500
:10532000F5DD102DDCBF09EB89094FEA4909EFE7EC
:10533000652C40F0D8824FF0000A0123CDF830A050
:105340000A93099B034340F0BF82079B0026002776
:105350000BB1C3F80080304639461FB0BDE8F08F6E
:105360007A7802F0DF02582A00F012840137199788
:105370003A78302AFAD0002A00F08182012309937A
:105380005BE70020AA460C900A90652C34D0452C8F
:1053900032D000231093002D7AD1099B034340F0B3
:1053A0006E820A9B002BD0D1692C00F0898400F317
:1053B0005F84492C00F084844E2CC6D15E4919A824
:1053C00005F0D4FB0028C0D0199B1B78282B00F0D7
:1053D000A5855A4805F036F806460F4651E20122E7
:1053E0005449F8F7F7F80028CBD1199BAA465A1C64
:1053F00019925C780C9074E7002DA2D0DDF86480DF
:1054000008F10103199398F801402B2C00F0598200
:105410002D2C00F04E824FF0000CA4F13001092930
:1054200000F23F82302C199B0AD1013319931C786A
:10543000302CFAD0A4F13102082AAAD8A4F1300104
:105440005A1C19925C782F2C40F3FE8396460B93DE
:1054500008E0013219929EF80140A3F130012F2C8F
:1054600006DD964601EB8103392C04EB4303F0DDA6
:105470000B9BD21A082A40F3E78344F61F6310936C
:10548000BCF1000F87D0109B5B421093002D84D09D
:105490000C9A109BBAF1000F08BFAA469B1A102D58
:1054A00030460B932C46A8BF102407F02DF9024676
:1054B0000B46092DCDE9042316DD214B03EBC40374
:1054C00053E9122307F09AF9024648469046894666
:1054D00007F01AF902460B464046494606F0D8FF47
:1054E0000F2DCDE904012DDC0B9B002B00F0208358
:1054F0000B9B40F35282162B40F3AD830B9AC5F100
:10550000250393421EDBDDE904230D4CC5F10F0595
:1055100004EBC501D1E9000107F070F90B9B5D1B9D
:1055200004EBC504D4E9002307F068F906460F46EA
:10553000A7E100BFE83102006833020078330200BF
:10554000F03602000B9B2C1B1C44002C40F3D18135
:1055500014F00F000AD0DDE90423354901EBC00146
:10556000D1E9000107F04AF9CDE9040134F00F0355
:1055700040D0B3F59A7F00F3B883102B4FEA231481
:1055800040F31E85DDE9040100232A4A099790466D
:1055900099461746E20704D5D8E9002307F02EF90B
:1055A00001236410012C09F1010908F10808F1D167
:1055B0003A46099F0BB1CDE90401059B02EBC901F5
:1055C000A3F154730593DDE90423D1E9000107F049
:1055D00015F9194B194A0B409342CDE9040100F229
:1055E0008483174A934240F241844FF0FF33154CB5
:1055F000CDE9043400230A932B46524639465846D7
:105600000096FEF737FF1490002800F06E83109A82
:105610000C9B4FF0000A9B1A0B9ACDF824A0002A8D
:10562000A8BF0023109322EAE2731593E5E000BFC0
:10563000F0360200C83602000000F07F0000A07CB7
:105640000000907CFFFFEF7FD21A1F2AA4EB020418
:1056500000F33282012393401E4600250A9BA0449A
:105660004C44A14598444B46A8BF23464345A8BF98
:105670004346002B04DDE41AA8EB0308A9EB030959
:10568000109B002B00F3BE81002C00F3D4810B9BF8
:10569000002B00F30782B8F1000F00F3F781B9F196
:1056A000000F08DD51464A465846FFF7C5F88246C6
:1056B000002800F0F4813A4658461A99FFF752F94B
:1056C0000990002800F0EB810023099AD168D3608B
:1056D00011915146FFF726F90028C0F2EA83DDF860
:1056E000149000F0768351460998FFF7D7FA00220C
:1056F0004FF0804304460D4607F0FCFA002800F006
:105700007181119B002B40F0E381049B002B40F042
:105710006B82C9F31303002B40F00D820022204658
:105720002946A94B07F0DCFA002840F049832046BF
:10573000A64B2946002207F061F803460C46CDE946
:10574000123401F100430E900F93DFF88482A14BD5
:1057500009EA08089845DDE90E4500F0C0810A9B7A
:105760001BB3B8F1D46F20D895A3D3E90023DDE9AA
:10577000120107F0BFFAA0B1DDE9120107F016FB34
:10578000012838BF012006F0BFFF119BCDE91201AF
:10579000002B40F0BD8201F1004316901793DDE924
:1057A000164505F1D663A3EB0805DDE90C01FFF70B
:1057B00095F902460B462046294607F01FF8DDE919
:1057C0000C2306F065FE0C46CDE904010A9B23B9C3
:1057D0007F4B2340984500F0B78158461A99FEF751
:1057E000EDFD39465846FEF7E9FD51465846FEF7AD
:1057F000E5FD58460999FEF7E1FD149C584661689D
:10580000FEF7B6FD0746002800F04981226904F141
:105810000C01023292000C30F8F71AF91CAB01931C
:105820001BAB00935846DDE904341A46CDE90C342D
:105830002346FFF7D5F91A90002800F005810121D1
:105840005846FEF7BFFE8246002800F028811B9BC9
:10585000002BC0F21581109ADDF8548003EB020989
:105860000A9A1C9C9B1A23445B4A013B9342C4F155
:105870003604FFF6E9AE012300251E46EEE60026BB
:105880000027079A0AB1199B1360089B002B3FF46D
:1058900062AD07F100431F46304639461FB0BDE8F0
:1058A000F08F0023CDF86480109374E501230A93F0
:1058B0006BE54FF0010C08F10203199398F80240D0
:1058C000ABE54FF0000CF6E7002597E500220892C3
:1058D000791C19917A78002A3FF437AD0F46A7E476
:1058E00001220892F4E7452C3FF425AD01230A93E9
:1058F00053E53FF47FAE644214F00F020AD0DDE9B5
:105900000401364B03EBC203D3E9002307F0A0F8F0
:10591000CDE9040124113FF46DAE1F2C37DCDDE925
:10592000040114F0100318BF6A230A930023DFF860
:10593000B080E20704D5D8E9002306F05FFF012319
:10594000641008F10808F4D10BB1CDE904010A9BF9
:10595000A3B1DDE90401C1F30A52C2F16B03002BCC
:105960000ADD1F2B40F339830020342B049040F3D1
:105970007C834FF05C7305936A230A930022DDE970
:105980000401002307F0A2F900283FF435AE2223DA
:1059900000260027CBF8003073E71633FFF6D2ADB0
:1059A000DDE904010C9B109A9A1A0C4B03EBC2031D
:1059B000D3E9002307F04CF806460F4661E700BF25
:1059C0000000C0FFFFFFDF410000F03F0000E03FAC
:1059D0000000F07F0000E07F02FCFFFFF0360200D5
:1059E000E0370200AC4B20462946002206F006FFB5
:1059F000119BCDE91201002B65D101F100430E90FE
:105A00000F93A2E651461A465846FEF7BBFE824661
:105A1000002844D001461A9A5846FEF701FE002895
:105A20003DD011901A995846FEF7C8FC119B002CE6
:105A30001A937FF72CAE224658461A99FEF7FCFEC1
:105A40001A9000287FF423AEB9460546222300268B
:105A5000924FCBF8003029465846FEF7AFFC494636
:105A60005846FEF7ABFC51465846FEF7A7FC584691
:105A70001499FEF7A3FC58460999FEF79FFC00E72E
:105A8000159ADDF84090A2EB0308E9E63946424654
:105A90005846FEF7D1FE074600287FF400AEB9460F
:105AA0001A9DD3E739465846159AFEF76BFE07460E
:105AB00000287FF4F0ADF2E7012279491646CB1AAF
:105AC00002FA03F5CAE5DDE91234CDE90E343CE60D
:105AD0000023744CCDE90E34CDE9123435E6A9F13A
:105AE00054730593DDE9044520462946FEF7F6FF89
:105AF000DDE90E2306F082FE2B46224606F0C8FCA6
:105B0000DFF89891684B01EA09099945CDE904014C
:105B100079D9DDE90C0103F15473994202D10646AB
:105B20000136BCD04FF0FF33604CCDE9043454E66D
:105B3000DDE90467A5E600235D4CCDE90E340023C2
:105B4000584CCDE9123400E6DDE9125628463146BC
:105B500007F040FA06F024FE0B460246314628467E
:105B600006F094FC119D049BC4F313041D432C43C5
:105B70008046894626D142A3D3E9002307F0B0F836
:105B800000283FF42AAEB946DDE904671A9D62E7B2
:105B90000293089B584601931AAB0093454A1BABEE
:105BA00019A904F00FFD10F00F0504463FF467AE8D
:105BB000062D40F0B58000227B1C002600270892AD
:105BC00019935EE630A3D3E9002307F089F8002893
:105BD000D9D12FA3D3E900234046494607F09EF8C8
:105BE00000283FF4FAADCEE7049B012BA3D1B9F115
:105BF000000FA0D1B9461A9C222325460026002773
:105C0000CBF8003027E701F154740594DEE50A9FD4
:105C10000C9B082D03440C936DDC6546FFF759BBC4
:105C2000012238462449F7F7D5FC002800F0BB8054
:105C30004FF000094E4648464D46CA46CDF83090D2
:105C4000CDF82890FFF7A3BB44F61F639942A8BF85
:105C50001946109114E40B981849DDE9042301EB6F
:105C6000C001D1E9000106F0C9FD06460F4608E66D
:105C70006E2C3FF4A3ABFFF768BB00BFAFF300800F
:105C80009535A094FFFFCF3F9535A094FFFFDF3FF0
:105C900035E5AF350000E03F0000E03F0000F07F59
:105CA000E2FBFFFF0000F03FFFFF9F7CFFFFEF7F65
:105CB0000000F0BFCC370200E8310200F0360200ED
:105CC000A04919A804F052FF00283FF43EAB199BED
:105CD0009D49013B19A8199304F048FF10B9199B7D
:105CE000013319930026994FCBE522230026974FC5
:105CF000CBF80030C5E5BCF1100FD8BF09EB89091E
:105D000065464FF00000D8BF02EB4909FFF7E6BA3D
:105D1000DDE91234CDE9163441E50020FFF7CCBAB5
:105D20001A9A3AB135211CA8FFF702F858461A9979
:105D3000FEF744FB013D1B9B042D00F2C481DFE80C
:105D400005F0032C291E03001C9A049203F233422F
:105D50001D9B23F4801343EA02530593E10502D50A
:105D600043F000430593794ADDE904671A40002AAD
:105D70007FF487ADF7F738FD2223036081E54FF00C
:105D8000FF326FF00043CDE90423E3057FF5D0AE89
:105D9000059BE5E76D4B0593F7E7DDE91C121D9BBD
:105DA000CDE90412DAE7199A064613460132199230
:105DB00081465C78FFF773BAAA460C90FFF791BA58
:105DC0000023634CCDE90E340023624CCDE912343C
:105DD000BBE44B461198B446B946DDE90C67AE46C4
:105DE0005D49C3F31302002845D08A4200F0FD80CC
:105DF000ADBB049A1CEA020F34D0304639460493F6
:105E0000FEF76CFE0A9B002B00F03781049BC3F366
:105E10000A53C3F16B03002B40F352811C0504F1BC
:105E20007F53002203F5401306F0E8FC02460B46C0
:105E30003046394606F02CFB06460F4630463946BA
:105E4000464B002206F0DAFC404B06460B400F465C
:105E5000002B7FF49BAE2223CBF8003096E61EEA9F
:105E6000030FCAD10A9B002BE8D18FE601F15473CE
:105E70000593FFF7BFBB002A74D1DDE90445224634
:105E8000002C40F0A2800A9A002A40F0CB8025F036
:105E90000044240D2405A4F580146FEA14536FEA1E
:105EA000035305934FF0FF3304931A9DDDE9046714
:105EB000D1E5119BDDE904010343B946DDE90C6737
:105EC000D0D1C1F31303002BCCD121F00044240D19
:105ED0002405B4F1D66F2546C4D9099A536913B97C
:105EE0001369012BBEDD012209995846FEF7A4FC77
:105EF00051460990FEF716FD0028B3DD0A9B002BE2
:105F0000C9D0A5F580136FEA13536FEA03530593C5
:105F10004FF0FF330493DDE904678FE7104919A8B8
:105F20001CAA04F03DFE05287FF453AA1D9B43F0F4
:105F3000FF4343F4E00305931C9B0493DDE90467EE
:105F40009FE400BF5C330200603302000000F07F7A
:105F50000000E0BF0000E03FFFFF0F0000005039ED
:105F6000B8370200A5BB049A1CEA020F3FF47AAFCF
:105F7000304639460493FEF7B1FD0A9B002B62D0F0
:105F8000049BC3F30A53C3F16B03002B40F38C80D3
:105F90001C0504F17F53002203F5401306F02EFC8C
:105FA00002460B463046394606F070FA00220023BE
:105FB00006460F4606F08AFE00283FF43FAF1AE679
:105FC0004FF00009414AFFF7F8BABEF1000FCBD0FD
:105FD0001EEA030F3FF446AFCAE74FF0FF3202FA62
:105FE00003F3049A1A400492C6E40A9A0499B2B1DF
:105FF000374A1A40B2F1D46F11D84FF0FF30120D6A
:10600000C2F16B0200FA02F2914240D0BEF1000FE1
:106010007FF425AF11EA0C0F3FF424AFEDE64FF00B
:10602000FF32F1E72A4D1D40B5F1D66F3FF669AF5B
:10603000B5F15C7F3FF602AF2223002600271A9DB0
:10604000CBF8003007E502460B463046394606F0ED
:106050001DFA1A9C0022002306460F46254606F02C
:1060600035FE00283FF4F7ACC6E54FF0FF33C2F130
:106070004B0293400B4005937EE402460B463046AC
:10608000394606F005FA1A9D06460F46E3E4114A22
:1060900093420CD00E4A1A4002F580130593002358
:1060A0000493DDE90467DDE602460B467AE7013139
:1060B000F0D1222300261A9D054FCBF80030CAE408
:1060C00002460B46B4E6002348E600BFC83602008D
:1060D0000000F07FFFFFEF7F014BFFF735B800BFF7
:1060E000D80600208C4600B586461346034A714602
:1060F00010685DF804EB6246FFF726B894000020B4
:1061000084460A460249034B08686146FFF71CB8FB
:1061100094000020D80600202DE9F04705460C46E3
:10612000DFF888A0134629462246DAF80000FFF778
:106130000BF802460B4604460D4606F0F9FD48BB37
:106140002946204606F052FE20F000470646184930
:10615000384606F011FFD0B93846154906F0EEFE74
:10616000A8B925F000494FF0FF3220464946114BAF
:1061700006F0DEFD38B9204649464FF0FF320D4BA0
:1061800006F0B8FD18B12222DAF800301A60304665
:10619000BDE8F087002D084804DAFCF71BFE00F18B
:1061A0000046F4E7BDE8F047FCF714BE9400002079
:1061B000FFFF7F7FFFFFEF7F783302002DE9F0477D
:1061C0000446DFF8A0A00A46274B2146DAF8000073
:1061D000FEF7BAFF02460B4604460D4606F0A8FD40
:1061E000002833D12946204606F000FE20F0004763
:1061F00006461E49384606F0BFFEE8B938461B4938
:1062000006F09CFEC0B925F000494FF0FF32204651
:106210004946174B06F08CFD38B9204649464FF0E9
:10622000FF32134B06F066FD30B12222DAF800305F
:106230001A603046BDE8F08716F0FF4FF9D10D4BDC
:106240002B40002BF1D13046BDE8F087002D0A48E5
:1062500004DAFCF7BFFD00F10046EAE7BDE8F047CD
:10626000FCF7B8BD94000020D8060020FFFF7F7F18
:10627000FFFFEF7F0000F07F78330200242B2DE931
:10628000F84F42D8012B40D01F468E4680464848E2
:1062900075461EF801BB10F80B4014F00804F7D146
:1062A000BBF12D0F6FD06FF00049BBF12B0F04BF76
:1062B0009EF800B005F1020E7BBBBBF1300F4CD055
:1062C0000A273B460025B9FBF7F6284607FB169A36
:1062D00005E03BD0012507FB00C01EF801BBABF178
:1062E000300CBCF1090F06D9ABF1410CBCF1190F10
:1062F0001AD8ABF1370C63451FDDB5F1FF3FECD089
:106300008642E6D24FF0FF35E7E7F7F76DFA16223F
:10631000034600201A60BDE8F88F102BD2D1BBF1E4
:10632000300F23D01F46CDE7ABF1610CBCF1190F44
:1063300003D8ABF1570C6345DFDC6B1C2BD054B991
:10634000002AE8D085BB1160BDE8F88FE245C1DACC
:106350004FF0FF35C1E74042F2E79EF8003003F00E
:10636000DF03582B08D008273B46ABE79EF8000018
:1063700000F0DF005828D5D110279EF801B03B4629
:106380000EF1020E9EE79EF800B04FF00049012486
:1063900005F1020E90E72223C8F8003032B10EF169
:1063A000FF3148461160CFE78146F8E74846B2E73B
:1063B000A12F0200FFF762BF8C4600B58646134648
:1063C000034A714610685DF804EB6246FFF756BF5A
:1063D000940000208C4600B586461346034A714659
:1063E00010685DF804EB6246FFF748BF9400002098
:1063F0002DE9F04707460E46484C304616F801EBAB
:1064000014F80EC01CF0080CF7D1BEF12D0F5AD0B5
:10641000BEF12B0F09BF6446644696F800E0861C67
:106420004BB9BEF1300F5CD00A234FF0050A9946F4
:10643000DFF8EC800AE0102B4AD04FF0FF38B8FBB1
:10644000F3F803FB08FA99466FEA0A0A0025284682
:1064500005E02CD0012509FB00C016F801EBAEF1D8
:10646000300CBCF1090F06D9AEF1410CBCF1190F8B
:106470000BD8AEF1370C634510DDB5F1FF3FECD022
:106480004045E6D94FF0FF35E7E7AEF1610CBCF1CE
:10649000190F03D8AEF1570C6345EEDC6B1C0BD023
:1064A00004B140420AB165B91160BDE8F087D44536
:1064B000D0DD4FF0FF35D0E7222328463B60002A8D
:1064C000F3D0711EF0E796F800E00124861CA7E7E0
:1064D000BEF1300F11D04FF00F0A6FF0704899469F
:1064E000B4E7337803F0DF03582B0BD008234FF0C9
:1064F000070A6FF060489946A8E7307800F0DF009F
:106500005828E8D14FF0100996F801E04FF00F0A33
:106510006FF070484B46023698E700BFA12F02008B
:1065200099999919FFF764BF8C4600B586461346C2
:10653000034A714610685DF804EB6246FFF758BFE6
:10654000940000208C4600B586461346034A7146E7
:1065500010685DF804EB6246FFF74ABF9400002024
:1065600010B4034CD4F8E040A44610BC604700BF10
:10657000D8060020034649B1FF2A02D801200A703C
:1065800070478A224FF0FF301A6070470846704704
:10659000B9B37F2A27D90346A2F18000B0F5F06F86
:1065A00024D3A2F50060B0F5784F10B52BD3A2F537
:1065B0008030B0F5801F36D20023940CC2F3053E24
:1065C00064F30703C2F3851C6EF30F2302F03F024E
:1065D0006CF3174362F31F6343F0803343F070039F
:1065E00004200B6010BD01200A707047930902F06F
:1065F0003F0263F03F0362F07F0202200B704A709B
:10660000704708467047140BC2F3851302F03F022F
:1066100064F01F0463F07F0362F07F0203200C70BC
:106620004B708A7010BD8A224FF0FF301A6010BD87
:106630005FFA82FC0346C2F30722D9B1B2B102F17C
:106640007F00C0B21E2804D902F12000C0B20F287A
:1066500012D8ACF140003E2803D98CF080007C2891
:106660000AD802200A7081F801C07047012081F821
:1066700000C07047084670478A224FF0FF301A600A
:10668000704700BFD3B28446C2F3072229B3EAB1F0
:1066900002F17200C0B2012821D902F15F00C0B23C
:1066A0005D2821D803F15F00C0B25D2811D943F005
:1066B000800303F15F00C0B25D2815D84FF08F0C46
:1066C00003204A708B7081F800C0704701200B7066
:1066D000704702200A704B7070470846704703F1FC
:1066E0005F00C0B25D28F4D98A234FF0FF30CCF8A8
:1066F0000030704770B55FFA82FEC2F3072269B3BB
:106700007AB18446A2F121005D2829D8AEF121009A
:106710005D2825D81868A8B102200A7081F801E028
:1067200070BD186860B18C4642F61B001A604223A7
:106730002CF8030B8B700420614681F800E070BDDB
:106740000120FAE78C46012642F21B4542241E60D6
:106750002CF8035B05208C706146DEE7012070BDDC
:106760008A234FF0FF30CCF8003070BD2DE9F04F98
:10677000894692461E460D4685B05A4F03902A46DA
:1067800015F8014B3B5D13F00803F8D12D2C7DD09B
:106790002B2C41D04FF0FF3202936FF00043CDE934
:1067A0000023002E43D1302C79D00A27B0463E4634
:1067B000DDE900013A46434606F0F4FB0023834638
:1067C0008E4618461946A44610E08E4508BF8345FC
:1067D0004CD000FB08F307FB0133A0FB07010B447F
:1067E000201843EBE471012315F801CBACF1300420
:1067F000092C05D9ACF14104192C1ED8ACF1370491
:10680000A64222DDB3F1FF3FEED083457EEB0103CC
:10681000DBD24FF0FF33E7E74FF0FF3102936FF029
:1068200000432C78CDE90013951C002EBBD0102E10
:106830003ED037464FEAE678BAE7ACF16104192C4E
:1068400003D8ACF15704A642DCDC5A1C13D0029AE0
:1068500012B1404261EB4101BAF1000F03D0002BAD
:106860003DD1CAF8009005B0BDE8F08FA242B0DA81
:106870004FF0FF33B8E72223039A1360BAF1000FF9
:1068800028D0DDE9000105F1FF39EAE74FF00040CB
:10689000009301232C78CDE90103951C81E72B7827
:1068A00003F0DF03582B0ED00827B0463E467FE7A3
:1068B000302C03D037464FF0000879E72B7803F0EF
:1068C000DF03582BF6D110276C784FF000083E46B6
:1068D00002356DE7DDE9000105B0BDE8F08FCDE9D7
:1068E0000001CEE7A12F0200FFF740BF8C4600B5A4
:1068F00086461346034A714610685DF804EB62460B
:10690000FFF734BF940000208C4600B5864613463E
:10691000034A714610685DF804EB6246FFF726BF34
:10692000940000202DE9F04F8B461E460D4685B0A1
:106930005F4F039001922A4615F8014B3B5D13F01F
:106940000803F8D12D2C7ED02B2C03BF2C7802937A
:10695000951C02936EB9302C00F086804FF00A0926
:10696000B2464FF0050C4FF099374E46DFF84481A0
:1069700017E0102E6CD04FEAE67A324653464FF0BD
:10698000FF304FF0FF3106F00DFB324607468846D8
:1069900053464FF0FF304FF0FF3106F003FBB14696
:1069A000944600221046114610E0414508BFB84207
:1069B00039D000FB0AF209FB0121A0FB09021144B6
:1069C0000122181841EBE37115F8014BA4F13003D3
:1069D000092B05D9A4F14103192B0CD8A4F13703D5
:1069E0009E4210DD541CEFD0874278EB0102DCD2CE
:1069F0004FF0FF32E8E7A4F16103192B03D8A4F1AB
:106A000057039E42EEDC531C12D0029B13B140424E
:106A100061EB4101019B1BB192B9019BC3F800B02E
:106A200005B0BDE8F08F6345C3DD4FF0FF32CBE723
:106A30002223039910460B60019B1146002BEFD0D7
:106A400005F1FF3BE9E701232C780293951C81E7D0
:106A5000302C19D04FF00F0C4FF0FF376FF070480B
:106A6000B1464FF0000A9CE72B7803F0DF03582B68
:106A70000FD04FF00809B2464FF0070C4FF0FF3728
:106A80006FF060484E468CE72B7803F0DF03582BFD
:106A9000E0D14FF010096C784FF00F0C4FF0FF373A
:106AA0006FF070484FF0000A4E46023579E700BF9C
:106AB000A12F020099999919FFF734BF8C4600B5B0
:106AC00086461346034A714610685DF804EB624639
:106AD000FFF728BF940000208C4600B58646134679
:106AE000034A714610685DF804EB6246FFF71ABF6F
:106AF0009400002070B582B0069D044655B1104840
:106B0000D0F8E4606AB120460095B047431C10D02D
:106B100002B070BD00F1F4050948D0F8E460002A25
:106B2000F1D1012311462046064A0095B047431C87
:106B3000EED100228A232A60236002B070BD00BF1C
:106B4000D806002078330200F0B50D46134983B013
:106B50000E6801466BB11C46114BD3F8E4707DB151
:106B6000134630462A460094B847431C10D003B061
:106B7000F0BD0B4B06F1F404D3F8E470002DEFD117
:106B8000012329463046074A0094B847431CEED1FA
:106B900000228A232260336003B0F0BD94000020FD
:106BA000D80600207833020070B5054684B05BB18A
:106BB0001C460F4BD3F8E060234669B12846B04726
:106BC000431C0FD004B070BD094B00F58274D3F89C
:106BD000E06023460029F1D10A46284601A9B047C2
:106BE000431CEFD100228A2322602B6004B070BDC9
:106BF000D806002070B5134B84B01D686AB1124BE3
:106C00001446D3F8E06078B10A4623460146284688
:106C1000B047431C0FD004B070BD0B4B05F5827418
:106C2000D3F8E0600028EFD12346024601A92846A8
:106C3000B047431CEFD100228A2322602B6004B0AE
:106C400070BD00BF94000020D806002010B51C467F
:106C500082B0049B009401934FF0FF3304F0FEF8E0
:106C600002B010BD30B58C46864615461C46064B14
:106C700083B0186871464FF0FF336246CDE9005487
:106C800004F0ECF803B030BD94000020002100F0C7
:106C900001B800BF10B500F0A5F8044604F006F9ED
:106CA000A0F11A03DBB2022B06D9A4F109000428D3
:106CB0008CBF0020012010BD012010BD0229C0F3AF
:106CC0000722C3B224D0032903D082F0800283F0CC
:106CD000800302F15001C9B21F290BD902F1300122
:106CE000C9B2242932D84FF2A641884224D94FF0A4
:106CF000FF3070474CF6D3718842F8D8B03A31492A
:106D0000C2EBC212A13B03EB420331F81300704700
:106D10009E2B95BF7F2180217E3B23339F2A94BFEA
:106D2000703A503201EB4201CAB202F15001C9B2CD
:106D30001F29DBB2D2D8DDE7D03A2349C2EBC21219
:106D4000A13B03EB420331F813007047A13A072A35
:106D5000CDD8DFE802F031281E18130F0B04C02B2A
:106D6000C5D81A4AA13B32F813007047F12BBED8A0
:106D7000174A19E0D82BBAD8164A15E0F62BB6D820
:106D800003F540507047F32BB1D803F53E50203047
:106D90007047114A1A4412F8A12C002AA7D003F513
:106DA0007E40603070470D4AA13B32F81300002846
:106DB00008BF4FF0FF307047094AA13B32F813007B
:106DC000704700BF8452020008380200B069020018
:106DD000F0690200946A0200046B0200606B02001A
:106DE0001C6C020038B50546B9B101F59574204612
:106DF0001149F6F74FFD28B92846BDE83840012172
:106E0000FFF75CBF20460D49F6F744FD38B9284628
:106E1000BDE838400221FFF751BF094CE7E72046A3
:106E20000849F6F737FD28B92846BDE83840032160
:106E3000FFF744BF284638BD483102005C310200EC
:106E4000020800205431020010B5124904461248CD
:106E5000F6F720FD28B92046BDE810400121FFF7D4
:106E60002DBF0E490C48F6F715FD28B92046BDE8A0
:106E700010400221FFF722BF09490748F6F70AFD33
:106E800028B92046BDE810400321FFF717BF204670
:106E900010BD00BF48310200020800205C31020032
:106EA0005431020038B50546A1B101F5957420466C
:106EB0000949F6F7EFFC08B9284638BD20460749CE
:106EC000F6F7E8FC0028F7D020460549F6F7E2FC83
:106ED000284638BD034CEAE7483102005C31020025
:106EE00054310200020800204B1C70B51AD0144621
:106EF0009389526823F02003A381236BCDB2A3B101
:106F0000636B934209DD23685A1E226003F8015C1B
:106F1000636801336360284670BD214603F02CF995
:106F20000028F0D04FF0FF35F5E7236921682BB139
:106F30008B4203D211F8013CAB420ED02346032012
:106F4000C4E90E12012204F140066063266303F8CF
:106F5000425F2846C4E9003270BD01390132C4E9FC
:106F60000012D8E710B50C46096B69B104F1400373
:106F7000994201D0F6F716FF0020E36B20636360AF
:106F800013B1A36B236010BD0021A2894FF0FF3025
:106F900042F020022369A2816160F3E72DE9F04FFE
:106FA00085B0019302FB03F30E9C9BB38846D4E9A2
:106FB0000015AB4244D983461E464FF00009CDE987
:106FC000023204F1400A40462A46F6F741FD2068A5
:106FD000216B28443746C4E90009A844761BE9B16F
:106FE000514502D05846F6F7DDFEE16BC4F830900B
:106FF000616099B10D46A16BB5422160E3D3324681
:107000004046F6F725FDD4E90021891B3244C4E946
:107010000021019B184605B0BDE8F08FDDE9023282
:107020002B44DB1BB3FBF2F300211846A28942F08C
:107030002002A2812269C4E9002105B0BDE8F08FD9
:107040001E46DCE72DE9F04FE5B002AFC7E90C02C0
:10705000B1F90C20BB61940489464B6E05D442F40F
:10706000005223F400538A814B669804C3F34034E2
:1070700000F1BA87A2460822214607F14000F6F740
:10708000F1F9C7E90A4409F14003FB603C62FC6185
:107090003C617D4BD3F8E440FBF792FD07F14002E1
:1070A000009203467A6B386B07F13C01A047002839
:1070B0004ADB7B6B014603447B63FB6B002B00F0D8
:1070C000C08001284FD0252B56D00028E1D07B6B03
:1070D00001385E1AD9F8043034181A46002A06F12D
:1070E000FF3517DDD9F8003018786A7801339042FF
:1070F00005F1010140F0A580D9F80420A14202F178
:10710000FF32C9F80030C9F8042000F0AB80002A33
:107110000D46E7DCD9F83010002900F04D87FB68F8
:10712000994202D0386BF6F73DFE0022D9F83C3088
:10713000C9F83020C9F80430002B00F03D87D9F899
:107140003830C9F80030CFE74FF6FD730822002130
:1071500007F14000FB63F6F785F97B6B01337B6336
:10716000FB6B002B6DD0494AD25C110700F12884DB
:107170000120252B0146AAD1002422467E6B3578BA
:10718000A5F1250306F1010B552B5AD8DFE813F0C2
:10719000A206590059005900590004065900590027
:1071A0005900590059005B055B055B055B055B05F4
:1071B0005B055B055B055B055B05590059005900E4
:1071C0005900590059005900590059008000250103
:1071D00059005900590059005900590059006F00D1
:1071E000590059004F0159005900590091015900A7
:1071F000590059005900990559005900C005590016
:1072000059005900590059005900590082002701BE
:10721000590059005900E00599066F005900B4055E
:10722000EC05CD055101FA0559005900930176008E
:10723000FD05590059009905590076004FF0FF33BC
:10724000BB623B6A43B13B6A1868BB6A013300F01A
:107250003B8108B1FCF732FEB86A07F5C677BD4638
:10726000BDE8F08F02355544A5EB060A11E7230768
:10727000E7D1757844F002045E4681E72507E0D146
:1072800075785E467CE700BFD8060020A12F02007B
:1072900044F001040026C7F834B044F04004D9F8A3
:1072A0000430002B41F39C81600641F19D81022E48
:1072B00000F0CA82032E00F0ED81012E00F01C8147
:1072C000012A38BF012214F00103164604F010020F
:1072D0007A6200F0A983002A40F0EB85BA692006A3
:1072E00052F8043BC7E9053240F1F787002BA8D0DC
:1072F0008020FCF7DBFD834600289FD07B69186067
:107300003B6ADC889D88AC4280F0EF8618687B6918
:107310003A6A40F82430631CD3802023C7F808B0B1
:107320007B600024FB6A07F16008FB62FBF748FC06
:10733000A04200F04E86D9E90021FB6A12F8010B49
:107340000139032B08F80400C9F80410C9F800201B
:1073500004F1010407F1580502D12B68042B04D075
:10736000082200212846F6F77DF800952346594665
:107370004246386BFFF7BEFB411C034600F02986EE
:10738000002840F0BF857A6AA244013E6AB9CBF872
:1073900000207A693AB1BA68ABEB02047A68B2EBC2
:1073A000A40F40F23A860BF1040BD9F80420002414
:1073B000002A40F36584002EB7D1FB627B693BB1A4
:1073C000BB68ABEB03017B68B3EBA10F00F24D8709
:1073D0007B6A002B7FF45DAEC5E344F001040A2311
:1073E0000326FB61A74B3B61D9F80430002B29DC55
:1073F000D9F83010002900F0DF8509F140039942E7
:1074000004D0386B7A63F6F7CDFC7A6B0023C9F8A9
:107410003030D9F83C30C9F80430002B00F0CC856E
:10742000D9F83830C7F834B0C9F800303CE744F038
:1074300001040823FB61944B03263B61D9F8043017
:10744000002BD5DDD9F80000904D0378EB5C1907CF
:1074500041F1148009F140087C63002344469046C2
:1074600007E00130C9F800000178695C0A0740F1C3
:10747000A282D9F804100AF1010A01390029C9F8D9
:107480000410EEDCD9F83010002900F09585A142F7
:1074900003D0386BF6F786FC0023D9F83C10C9F806
:1074A0003030C9F80410002900F08685D9F838007A
:1074B000D8E744F00104022696E7BB6A23B1B9F885
:1074C0000C305B067FF5BFAE3B6ADE8818687EB184
:1074D00000248146A046051F55F8043F0134186872
:1074E000FCF7ECFC2B68A642C3F80080F4D14846B8
:1074F0004FF0FF33BB62ACE6002A08BF4FF0FF320B
:1075000004F0100314F001057B6100F03183002BBF
:1075100040F0ED84B969200651F8043BBB60B961C5
:1075200040F1D4867A62002B3FF48BAE8020FCF7CA
:10753000BDFC7A6A064600283FF480AEBB6818603E
:107540003B6ADC889D88AC4280F0FB851868BB688C
:107550003E6040F824303B6A0134DC8020237B60AD
:107560004FF0000BFC6A07F16008C7F824A0FA622C
:10757000FBF726FB584500F02C85D9E9003213F8BB
:10758000011B013A032C08F80B10C9F80420C9F8B4
:1075900000300BF1010B07F1480A03D1DAF8003093
:1075A000042B04D0082200215046F5F75BFFCDF8EC
:1075B00000A031465B464246386BFFF79BFA411C00
:1075C000044600F00685002840F0AC840546306093
:1075D0000822002107F15000F5F744FFDFF8B0C0A2
:1075E0002A4607F158052946386BDCF8E0C007F158
:1075F0005003E047012814BF002597F8585007F1C1
:1076000088035B5D002B00F07D867B6A032C5B4466
:107610007B6200F08F84FB6A013BFB627B694BB9A4
:10762000BB68043633B13B68F51A7B68B3EBA50F32
:1076300040F2E384D9F804304FF0000B002B40F304
:107640008584FB6A002B93D1D7F824A0FC627B6968
:10765000002B7FF41EAD3360BB68002B00F08382EB
:107660003B687A68F11A8B1001339A4240F27B82B0
:10767000BC6804312068FDF7B7FB002800F0738276
:10768000206070E2B563010025650100A12F0200B2
:10769000D80600200026531E262B8ABFA2F12708F9
:1076A0004FF00008272209F140037B62334607F1BF
:1076B000600B5D46C7F8148090465A46D346D7F80B
:1076C0001CA044F45864D9F8001091F800C0ACF143
:1076D0002B004D283CD8DFE800F0753B753B3B8123
:1076E000636363636363637A7A3B3B3B3B3B3B3B54
:1076F0002727272727273B3B3B3B3B3B3B3B3B3B52
:107700003B3B3B3B3B3B3B693B3B3B3B3B3B3B3B9B
:107710002727272727273B3B3B3B3B3B3B3B3B3B31
:107720003B3B3B3B3B3B3B69BAF10A0F10DD24F48A
:10773000386405F801CBD9F8040001380028C9F8ED
:10774000040067DD0131B8F10108C9F80010BAD1B1
:10775000C7F81CA0DA469346E00505D55D4500F262
:10776000C3825D453FF46DAD14F0100213D159464C
:10777000FB69386BD7F810C02A70E047BB69A106D7
:1077800003F1040840F1A9821B681860BB6AC7F8BE
:1077900018800133BB62A5EB0B053544AA4478E49D
:1077A0009F4824F4386430F91AA0C2E704F4C0609A
:1077B000B0F5007FCCD124F400744FF0100A44F4EB
:1077C000A064B6E72006C3D524F08004B1E794484E
:1077D00030F91AA0BAF1080FA9DCB9E72005A8D53D
:1077E000BAF1000F03D14FF0080A44F400746005A9
:1077F00000F17082786924F4607418B101387861FE
:1078000008F10108D9F80400013601380028C9F848
:10781000040097DCD9F83010002900F04886786A17
:10782000814205D0386BFA61F6F7BCFA0023FA6999
:10783000D9F83C10C9F83030C9F80410002900F01C
:107840003686D9F838107EE7002A08BF4FF0FF329D
:10785000E00704F0100340F12481002B40F03E8348
:10786000B96951F8040BB9612106786240F13D8590
:10787000BB607A6100283FF4E4AC8020FCF716FB83
:107880007A698046BB6800283FF4D8AC796A086002
:10789000396ACC888D88AC4280F03D840868C64641
:1078A0004FF0200C796A40F82410396A0134CC80FA
:1078B000D9F800105B4D09786E5C16F0080661D1AE
:1078C000C7E9015E93461D46C7F814C0FBF778F977
:1078D000B04200F07E83D9E9003213F8011B013A6F
:1078E000C9E9003207F1600399553B60FB6A013634
:1078F000032B07F1580402D12368042B04D008227B
:1079000000212046F5F7AEFD00943A683346414623
:10791000386BFFF7EFF8421CF86200F05A8300283A
:1079200040F06284C8F80000FFF7B0F9002840F08A
:10793000A684B2440BF1FF3B002D40F0C0847B6A6B
:1079400008F10408002B00F0BA84BB68A8EB03041C
:107950007B69B3EBA40F40F2FF852E46D9F80430C3
:10796000002B40F3CC85D9F800301B787A68D35CC3
:107970001C0702D4BBF1000FA8D12B46D7F814C0C6
:10798000D7F808E0002B7FF484ABC8F800307B6A9E
:10799000002B00F0E880A8EB0E018A10013294451C
:1079A00040F2E180186804311C46FDF71DFA0028FA
:1079B0007FF466AED7E07C6B4246C7F834B076E41D
:1079C0000025D9F8042009F140040FE0D9F800306F
:1079D0001A78144901338A5C12077FF55AABD9F83B
:1079E00004200AF1010A013AC9E90032002AEDDC5B
:1079F000D9F83010002900F0D783A14202D0386BAB
:107A0000F6F7D0F9D9F83C30C9F83050C9F804304D
:107A1000002B00F0C983D9F83830C9F80030D7E717
:107A2000D86C0200A12F02007A6A002A40F0088276
:107A3000BB69240653F8045BBB6140F10783002D4A
:107A40003FF4FFAB3046FCF731FA0446002800F063
:107A5000C7823B6A2860B3F80680B3F804B0D84503
:107A600080F0E98318683A6A08F10103D38040F88E
:107A70002850CDF80090214633460122386BFFF79D
:107A80008DFA044600283FF418AD864240F2D580B6
:107A900001462868FDF7A8F9002800F0CE8028608C
:107AA000CBE0002B40F06D84BB6914F0800453F8E8
:107AB00004BBBB6100F023827A62BBF1000F3FF48C
:107AC000C0AB2020FCF7F2F90646002800F08882BF
:107AD0003B6A7A6ADC889D88CBF80000AC4280F073
:107AE000C28218683B6A40F824B00134DC8020244C
:107AF000D9F80000B94D0378EB5C190700F1CA8290
:107B00005346B046AA461546D9F80420013AC9F8AA
:107B10000420421CC9F80020027808F8012BBBF1B0
:107B2000000F04D0A8EB0602A24280F07283013D50
:107B30000BD0D9F80420002A40F30584D9F80000BE
:107B400002781AF802201207DED59A464346991B9E
:107B500046468A44013100233370BBF1000F02D046
:107B60008C4200F2E683BB6A0133BB62FFF791BA35
:107B70007B69002B40F01881BB6914F0800453F836
:107B8000046BBB6100F09E837A62002E3FF459AB18
:107B90002020FCF78BF90546002800F021823B6A83
:107BA0007A6ADC88998830608C4280F08582186817
:107BB0004FF0200B3B6A40F824600134DC80D9F898
:107BC000001007F188080B7818F80330002B3FF4F9
:107BD00038ABC7F814A02C46C246904609F14003C2
:107BE0007B622846D9F80450013DC9F804504D1C69
:107BF000C9F80050097800F8011B16B1051B5D4556
:107C00002CD20546B8F101080BD0D9F80410002990
:107C100040F3B881D9F8001008781AF8000000285D
:107C2000DFD12C1BD7F814A03FF40BAB00232B7033
:107C30001EB1611C8B4500F20384BB6AA244013370
:107C4000BB62FFF726BA14F08F0F7FF4FAAA02EB9B
:107C5000820205EB4202303AFFF712BB4FEA4B0BB0
:107C600020465946FDF7C0F80446002800F0B881C8
:107C700005443060C6E7D9F80420002A3FF755AB29
:107C8000D9F83010002900F0C98309F1400291426F
:107C900004D0386BFB62F6F785F8FB6A0022C9F85E
:107CA0003020D9F83C20C9F80420002A00F0B6831F
:107CB000D9F83820C9F80020002E7FF436ABFFF742
:107CC0007CBB44F400741023FB61454B03263B61ED
:107CD000FFF78ABB24F4B0642BE5220740F1498208
:107CE000BB691B68187051E515F8011C4A46386BD2
:107CF000013DFFF7F9F834E523077FF4A2AA757870
:107D00006C2D00F066825E4644F00104FFF738BA3D
:107D1000594607F188007A62FAF70CF901267A6A67
:107D200044F040047863FFF7BABAE10600F18A81B3
:107D3000BA6952F8043BBA61220700F181816607F3
:107D400040F1FA83A3F800A0C7F834B0FFF7A1B957
:107D500025077FF476AA7578682D00F034825E4698
:107D600044F00404FFF70CBA14F08F037FF469AAFF
:107D70003D6A002D00F0C082757844F080045E46B4
:107D8000FFF7FEB944F408749DE70A23FB61144B26
:107D900003263B61FFF728BB22437FF452AA757884
:107DA00010245E46FFF7ECB9D9F8003007F18808D7
:107DB000197818F8011000293FF443AA0133C9F8D3
:107DC0000030D9F80430012A03F1FF33C9F8043038
:107DD00000F06F81934609F1400417E0A12F0200E3
:107DE00025650100D9F800301A78013318F802200F
:107DF000002A00F05E81C9F80030D9F8043001365D
:107E0000013B5E45C9F8043000F05381002BE9DCEA
:107E1000D9F83010002900F03F81A14202D0386B20
:107E2000F5F7C0FFD9F83C30C9F83050C9F8043034
:107E3000002B00F03181D9F83830C9F80030D3E791
:107E4000D9E90002B24280F299831C4609F140034D
:107E5000C7F824A025469A46D9F830101044A34606
:107E6000B046C9F800001444B61A002900F0328365
:107E7000514502D0386BF5F795FFD9F83C20C9F889
:107E80003050C9F80420002A00F02483D9F83800C3
:107E900096424FF00001C9F80000DFDCD7F824A0BB
:107EA00008EB0B04921B3044C9E90002A244FFF71F
:107EB000F0B84FF0000BC7E901BBC7F814B0FFF7EB
:107EC00030BA0023FB61C64B0326C7F834B03B61D0
:107ED000FFF7E5B9C7F834B0FFF7F7B84FF0000C7B
:107EE00007F13C018846E646C7F824C0E0E40023D9
:107EF00007F13C067B603B60BB60FFF731BB5E4631
:107F0000A346F5E5821C3FF4B6AE0328A24402D195
:107F10002A68042A00D0013E7A6A002A3FF439AA6E
:107F2000FFF743BA821C0CD035686B1C7FF450AB52
:107F3000FFF765BBDAF80030042B7FF46CABFFF77A
:107F40006DBBD9F80430002B3FF712ABD9F83010D5
:107F5000002900F07E8209F14003994202D0386B7B
:107F6000F5F720FF0023C9F83030D9F83C30C9F8C4
:107F70000430002B00F06D82D9F83830C9F8003099
:107F8000FFF75FBBD9F83010002900F07B827B6AD5
:107F9000994202D0386BF5F705FF0023D9F83C1061
:107FA000C9F83030C9F80410002900F06B82D9F804
:107FB0003810C9F800102FE60022B9F80C30D9F8B3
:107FC000101043F02003C9F80010A9F80C30C9F8CC
:107FD0000420BB6A23B1B9F80C305A067FF531A9E9
:107FE0003B6A002B7FF470AA4FF0FF33BB62B86A84
:107FF00007F5C677BD46BDE8F08F3868D900FCF7B5
:10800000F3FE386000283FF419A97B68BA685B006A
:10801000461910607B60FFF70DBBB868D1001546AC
:10802000FB62FCF7E1FEB86000283FF407A97A691B
:108030006B007B6000EB040BFB6A1060FFF7B3B9C9
:1080400083F800A0C7F834B0FFF723B8CDF800904C
:10805000334629460122386BFEF7A0FF044600286C
:108060007FF4EBADB5E74FF6F6739D427A623FF6CB
:108070002BAAD7F820800835D8F80000A900FCF713
:10808000B3FE00283FF420AA7A6AA8F80450C8F882
:10809000000027E501215EE50023C9F80430B9F8A6
:1080A0000C3043F02003A9F80C30D9F81030C9F88F
:1080B0000030B244FEF7EDBF4FF6F67399427A6294
:1080C0003FF602AAD7F820B001F10808DBF800005B
:1080D0004FEA8801FCF788FE00283FF4F5A97A6A88
:1080E000ABF80480CBF8000062E54FF6F6739D42D2
:1080F0003FF6A4A8D7F820800835D8F80000A900DA
:10810000FCF772FE00283FF499A8A8F80450C8F8BC
:108110000000FFF7FCB84FF6F6718D42BB607A6144
:108120003FF68CA83E6A08353068A900FCF75CFE73
:1081300000283FF483A8BB687A69B5803060FFF7F8
:10814000AEBB4FF6F6739D427A623FF677A8D7F83A
:1081500020800835D8F80000A900FCF745FE00286B
:108160003FF46CA87A6AA8F80450C8F80000FFF73A
:10817000EEB9630774D414F0010240F0DA81A1076C
:1081800040F1D781174B3969386B99425946FB69E1
:1081900000F0F681FEF7A8FB0B46BA691168C1E949
:1081A0000003FFF7F3BAA2440023C9F80430B9F87A
:1081B0000C3043F02003A9F80C30D9F81030C9F87E
:1081C0000030FEF766BFB57844F008040236FEF7CB
:1081D000D7BFB57844F002040236FEF7D1BF00BF26
:1081E000B563010025650100FB6A02333FF4B6ABBD
:1081F000D8F80000FEF74AFD002840D1FB6AB244DF
:10820000032B7FF497AB2368042B7FF493ABFFF72A
:1082100093BB6400304621467B617A62FCF7E4FD43
:10822000064600283FF4DCAE7A6A7B6900EB020860
:10823000CBF800007BE44FF6F6739B453FF644A96C
:108240003B6A0BF1080B18684FEA8B01FCF7CCFD79
:1082500000283FF439A93B6AA3F804B0186002E48F
:10826000BB691B681880FFF791BA7C692068FCF72E
:10827000BBFD00283FF4ACA82060FFF7A9B82B464F
:10828000D7F814C0D7F808E0D7F800B0002E3FF4B4
:1082900079ABB3445D46F3463C6BC7F814C0BB6092
:1082A000013E4A46204615F8011DFEF71DFE002E30
:1082B000F6D1DE46D7F814C0BB68FFF763BB0026D3
:1082C000FFF74CBB3546A346264678E47B69BE687B
:1082D000C7E90033BB60FFF743B97B6AD7F814B036
:1082E000C7E901337B61FFF71CB8D7F824809C46AF
:1082F0009E467B62FFF7DCBA82B0CDE9023302AB67
:108300003B6239E5D7F824A0FC62BBF1000F3FF4D3
:108310009EA95D4608EB0B04D7F83080013D4A4624
:10832000404614F8011DFEF7DFFD002DF6D1FFF7E2
:108330008EB9DBF80000FCF757FD00283FF413ACC2
:10834000CBF800000FE4D9F83010002900F01C81B0
:1083500009F14002914204D0386B7B62F5F722FDAF
:108360007B6A0022C9F83020D9F83C20C9F80420E3
:10837000002A00F00981D9F83800C9F80000FFF799
:10838000DFBBD9F800309A4D1978695C11F0080804
:108390007EF47FAE0133C9F80030D9F80430012AE9
:1083A00003F1FF33C9F8043008BF0AF1010A3EF4B3
:1083B00070AE09F140069346324601244646904687
:1083C00012E0D9F800301A780133AA5C10073FF5A3
:1083D0006DADC9F80030D9F804300134013BA34534
:1083E000C9F8043000F0B280002BEADCD9F8301074
:1083F00000293FF4D8AE414502D0386BF5F7D2FCE6
:10840000D9F83C30C9F83060C9F80430002B3FF48B
:10841000CAAED9F83830C9F80030D4E7FB6200237F
:10842000C9F80430B9F80C3043F02003A9F80C3037
:10843000D9F81030C9F80030002C3EF4BFAFC8E5C1
:108440003068FCF7D1FC00283FF4F7AB3060FFF751
:10845000F4BB0023C9F80430B9F80C30D7F824A0D5
:1084600043F02003A9F80C30D9F81030FC62C9F8A9
:108470000030BBF1000F3FF4EAA8AAE5C7F834B01A
:10848000FEF715BF0023C9F80430B9F80C30A54237
:1084900043F02003A9F80C30D9F81030D7F814A015
:1084A000C9F800303FF495AD2C1BFFF7BFBB00238C
:1084B000C9F80430B9F80C30C7F81CA043F0200309
:1084C000A9F80C30D9F81030DA46C9F800309346D4
:1084D000FFF742B90023C9F80430B9F80C30D7F8D7
:1084E00024A043F02003A9F80C30D9F81030C9F8C3
:1084F0000030002C3FF46DADA244FEF7CABDD9F8A0
:108500003010002955D009F14003994202D0386B50
:10851000F5F748FC0023C9F83030D9F83C30C9F8E9
:108520000430002B45D0D9F83830C9F80030FFF7B7
:108530001CBABB69FFF728B9E5070AD4A40708D518
:108540004FEAEA72C3F800A05A607BE5DA44FEF70E
:10855000A0BDC3F800A075E5B868D9001E46FCF7B9
:1085600043FCB86000283EF469AE7A6A730000EB01
:1085700004082E4610607B61FFF7F0B9344691E4A1
:10858000FEF79AFA0B4608E69A464346991B0023E3
:10859000C9F80430B9F80C308A4443F02003A9F834
:1085A0000C30D9F8103046460131C9F80030FFF7D9
:1085B000D2BA0022C9F80420B9F80C202B4642F0A8
:1085C0002002A9F80C20D9F81020D7F814C0D7F849
:1085D00008E0C9F80020002E7FF4FBACFFF7D2B909
:1085E000D7F834B0FEF704BFD7F834B0FEF72ABF8F
:1085F000A12F02002DE9F04FDDB00C4691460D9100
:108600000F938346FAF7EEFA036818461A93F5F7C4
:1086100095FA0822189000212CA8F4F723FFA389CB
:10862000180603D52369002B00F0158700230024CA
:108630009E46CDE93133002333AACDE91634DA461C
:1086400014464D46CDE91BEE3092CDF864E0CDF8EE
:1086500080E0CDF874E0CDF828E0CDF848E02F4672
:108660006E4BD3F8E460FAF7ABFA0DF1B00C0346A9
:108670003A46504628A9CDF800C0B047002800F07F
:108680009F80C0F29580289B252B01D00744E7E707
:10869000B7EB0508064640F0978000224FF0FF3305
:1086A000934609937B787E1C8DF897200B92994610
:1086B0000136A9F120035A2B00F2B280DFE813F053
:1086C000F302B000B000EF02B000B000B000FD0255
:1086D000B000B0006A003502B0002702D202B0003C
:1086E000CE025B005B005B005B005B005B005B003D
:1086F0005B005B00B000B000B000B000B000B000A4
:10870000B0002801B000AA013E022801280128017A
:10871000B000B000B000B0003A02B000B000A80253
:10872000B000B000B000D001B000BC02B000B0009A
:108730008A06B000B000B000B000B000B000B000D9
:10874000B0002801B000AA01010228012801280177
:108750002B0201027400B0006402B0005502AF06A3
:108760006E027400B000D0017200AC06B000B00020
:10877000B206B00072000022A9F1300316F8019B86
:1087800002EB820203EB4202A9F13003092BF5D977
:108790000B928EE70F9B53F8042B002A0B920F933A
:1087A000C0F2B281337882E733784BF0200B7EE75A
:1087B000082200212CA8F4F755FE012007444FE7BA
:1087C000B7EB0508064610D0329BC4E90058434475
:1087D0003293319B0133072B319315DC08340A9B0C
:1087E00043440A93002E7FF458AF329B002B41F094
:1087F0005E810D9B9B8903F04003002B41F0808339
:108800000A985DB0BDE8F08F50460D9930AA01F08E
:1088100087FC0028EDD133ACE1E700BFD80600208B
:108820001096B9F1000FE0D0012300228DF80C91D1
:10883000069343AD8DF897200C93CDE913220E9249
:10884000099211921BF0020302D00699023106919F
:108850001BF08408329E05D10B9906980F1A002F41
:1088600000F39B806AB101226260319A01360132C5
:108870000DF19701072A32963192216000F3D883D7
:10888000083463B102236360319B0236013326AAA8
:10889000072B32963193226000F3BF830834B8F17E
:1088A000800F00F0BF82099B0C9A9F1A002F00F3E3
:1088B000F9821BF4807F40F01E820C9B25601E44D1
:1088C0006360319B32960133072B319300F33F8372
:1088D00008341BF0040F05D00B9B069A9D1A002D3F
:1088E00000F3B383DDE90A3206998A42ACBF9B18D4
:1088F0005B180A93002E40F00883002331930E9BEF
:108900001BB150460E99F5F74DFA33AC109DA6E613
:108910000F9B1096073323F00703F3E802670F93CA
:1089200027F000431F931E964FF0FF32DDE91E0132
:10893000B24BCDE9166704F0FBF9002840F0F4844F
:10894000DDE91E014FF0FF32AC4B04F0D3F90028F3
:1089500040F0EA84002200233046394604F0C0F992
:10896000002840F0B2879DF8972000210320A44DF5
:10897000A44B2BF0800B0E910690B9F1470FD8BF96
:108980001D46CDE9131109910C901191002A3FF475
:1089900059AF069B0133069354E7102F319A41F3E8
:1089A0000D82DFF864C2214630460D9C2E46CDF87C
:1089B00054C06546219304E0103F102F01F10801D7
:1089C00016DD102301321030072ACDE931200D6069
:1089D0004B60F1DD2146504630AA01F0A1FB002892
:1089E00040F09B82DDE93120103F102F33A9E8DCF5
:1089F00035460C460646219B013215993E44072A0E
:108A0000CDE931262160676000F381869DF89720CB
:108A1000083427E70F9BB9F1430F109603F10406C2
:108A200003D01BF0100F00F00185082200212EA8B2
:108A3000F4F718FD0F9A43AD2EAB29465046126845
:108A4000FEF7B2F8034601330C9001F054820C9B00
:108A500023EAE373069300220F968DF89720ECE645
:108A600000230F9F109657F8045B8DF89730002D68
:108A700000F00085B9F1530F00F094861BF010034D
:108A8000119340F08F86099B002BC1F21B801A4680
:108A900028461199FAF752F90E90002801F08182C8
:108AA0000E9B11995B1B0C9323EAE3734FF0730940
:108AB000CDE913119DF897200F97099106930E9118
:108AC00064E71BF0200F10963ED00F9B073323F076
:108AD00007031846596850F8083B0A460F900029CA
:108AE000C0F2CA8309990029C0F2888253EA0201C0
:108AF0002BF0800740F08382099A002A40F084829C
:108B0000BB460C925CAD64E10B9B5B420B933378EC
:108B10004BF0040BCBE53378682B03BF73784BF431
:108B2000007B01364BF0400BC1E52B238DF89730CD
:108B30003378BCE533784BF0080BB8E54BF0100BFD
:108B40001BF0200F1096C0D10F9A1BF0100F52F897
:108B5000043B0F9240F0C2831BF0400F00F0BA8339
:108B600043F3C03211461BB2B9E71BF0200F109639
:108B700000F0C5830F9B0A9A1B681A60D2175A60CF
:108B80000F9B04330F93C1E633786C2B03BF7378CC
:108B90004BF0200B01364BF0100B88E547F6300305
:108BA0000F9AADF8983052F8043B02210F924FF023
:108BB00078090022154810964BF002071990002002
:108BC000099D8DF89700002DC0F2EC8053EA020059
:108BD00027F0800B40F0E580002D40F0D285002981
:108BE00040F0538317F001030C9300F0718330239E
:108BF0000DF26F158DF86F31EBE000BFFFFFEF7FD7
:108C0000B4300200B03002000C6D0200C03002002F
:108C100010964BF0100B1BF0200200F012830F9BFC
:108C2000073323F0070319465A6851F8083B0F91A0
:108C300000212BF48067C2E710964BF0100717F065
:108C4000200200F00B830F9B0121073323F0070361
:108C500018465A6850F8083B0F90B0E733784BF04D
:108C6000800B24E5314611F8019BB9F12A0F01F080
:108C70002882A9F13003092B98BF002201F2A280BB
:108C800011F8019B02EB820203EB4202A9F13003CF
:108C9000092BF5D942EAE2730E46099309E53378C8
:108CA0004BF0010B03E59DF897203378002A7FF401
:108CB000FEAC20228DF89720F9E45046F9F792FF98
:108CC000436818461D93F4F739FF20900746504635
:108CD000F9F788FF83681B93002F3FF463AD1B9A5D
:108CE0003378002A3FF4E3AC1278002A3FF4DFAC7B
:108CF0004BF4806BDBE4B9F1650F40F33781DDE9BC
:108D000016010022002303F0E1FF002800F0D881C3
:108D100001236360319B934A01330136072B32965E
:108D20003193226000F332850834279B129A9342D4
:108D300080F2C982189B1A9A1E44C4E90023319B11
:108D400032960133072B319300F37A830834129B58
:108D50005D1E002D7FF7BDAD102D319B40F3EB80E4
:108D6000DFF804921027DDF83480CDF8549004E049
:108D70000834103D102D40F3E08001331036072BEE
:108D8000C4E90097CDE93136F2DD4146504630AABC
:108D900001F0C6F9002840F0C080DDE9313633AC7F
:108DA000E7E75F46012900F02A8102295CAD1ED168
:108DB000199803F00F01415C1B0943EA0273120981
:108DC00005F8011D53EA0201F3D1BB465CAB5B1B06
:108DD0000C93099A0C9900238A42B8BF0A46CDE940
:108DE000133306920E939DF897201193CEE503F06E
:108DF0000701DB0843EA4273D208303153EA020626
:108E0000284605F8011DF2D1FB07DED53029DCD05C
:108E10003023023805F8013C5CAB1B1ABB46054603
:108E20000C93D6E70B9B069A9F1A002F7FF73BAD5A
:108E3000102F319B41F35B804B48224631464FF067
:108E4000100806460D9C159004E0103F102F02F10B
:108E5000080214DD01331031072BC2E90068CDE9A7
:108E60003131F2DD2146504630AA01F059F900288F
:108E700053D1DDE93131103F102F33AAEADC14461B
:108E80000E460133159A3E44072BCDE93136226058
:108E9000676000F3C084099B0C9A08349F1A002F66
:108EA0007FF707AD304A102F319B159221DD3246F6
:108EB0004FF010082E460D9D04E0103F102F04F1D6
:108EC000080414DD013328491032072BC4E90018C7
:108ED000CDE93132F1DD2946504630AA01F020F9C2
:108EE000D8B9DDE93132103F102F33ACEADC35461A
:108EF00016460133159A3E44072BCDE931362260E0
:108F0000676000F392810834D3E450460D9930AA8B
:108F100001F006F900283FF4F0ACD3460E9B002B7D
:108F20003FF467AC58460E99F4F73CFF0D9B9B89C4
:108F300003F0400361E40C4A1592159A01332E4464
:108F4000072B22606560CDE931367FF7C1AC504612
:108F50000D9930AA01F0E4F80028DED1329E33AC3E
:108F6000B7E400BFF0300200FC6C0200129B319F9E
:108F7000012B06F1010607F1010704F1080940F38E
:108F800010810123072FCDE931762560636000F35E
:108F90008081189B01371A9A1E44072FC9E90023C4
:108FA000CDE9317600F3828109F10809129B002294
:108FB000DDE916015C1E002303F088FE002840F066
:108FC0000981013701352644072FCDE93176C9F8EB
:108FD0000050C9F8044000F3F08009F108091C9B17
:108FE00001371E44C9F80430072F2AABCDE931768A
:108FF000C9F80030ABDC09F108046AE45F460A2BCB
:1090000072F1000180F0258330338DF86F31012338
:10901000BB460C930DF26F15DBE650460D9930AA56
:1090200001F07EF800287FF478AF329E33AC36E44E
:1090300050460D9930AA159301F072F800287FF47C
:109040006CAF329E159B33AC1BE4102D319B40F36B
:109050003187DFF8CC821027DDF83490CDF85480CA
:1090600004E0103D102D04F1080415DD0133103625
:10907000072BC4E90087CDE93136F2DD4946504679
:1090800030AA01F04DF800287FF447AFDDE9313612
:10909000103D102D33ACE9DC0133159A2E44072B1B
:1090A000C4E90025CDE931367FF71CAC50460D9957
:1090B00030AA01F035F800287FF42FAF329E11E47A
:1090C0002799002940F33383DDE911839845A8BF30
:1090D0009846B8F1000F0ADD319B46440133072B57
:1090E000C4E900583296319300F33E860834119F4C
:1090F000B8F1000FA8BFA7EB0807002F00F3CB8142
:10910000DDF844901BF4806FA94440F0EA81279B6E
:10911000129A9342C0F271821BF0010F40F06D82EF
:10912000129AAF18A7EB0907D51AAF42A8BF2F466E
:10913000002F0BDD319B3E440133072BC4F8009018
:1091400067603296319300F385860834002FA8BFFC
:10915000ED1B002D7FF7BDAB102D319B7FF7EBAEE4
:10916000DFF8C0911027DDF83480CDF8549004E08A
:109170000834103D102D7FF7E0AE01331036072B79
:10918000C4E90097CDE93136F2DD4146504630AAB8
:1091900000F0C6FF00287FF4C0AEDDE9313633AC05
:1091A000E7E71BF0010F7FF4ECAE0123072FCDE9B9
:1091B0003176256063607FF712AF50460D9930AA73
:1091C00000F0AEFF00287FF4A8AEDDE931760DF1A6
:1091D000CC0904E7129B012B7FF701AF112B40F361
:1091E0007F87504BCDF824B010259B46DDF83480A6
:1091F000159305E009F10809103C102C40F33C835D
:1092000001371036072FC9E900B5CDE93176F1DD18
:109210004146504630AA00F083FF00287FF47DAE1F
:10922000DDE931760DF1CC09E6E750460D9930AA1B
:1092300000F076FF00287FF470AE329E33ACFFF76B
:1092400038BB0F991BF0100051F8043B55D11BF0AF
:1092500040054ED002460F919BB2E9E40F9917F0FA
:10926000100051F8043B41D117F040053AD00F915E
:10927000024601219BB2A2E45B425F464FF02D0003
:109280004FF0010162EB42029AE4099B5CAD0C9342
:109290009FE550460D9930AA00F042FF00287FF468
:1092A0003CAEDDE931760DF1CC0972E650460D9900
:1092B00030AA00F035FF00287FF42FAEDDE93176CB
:1092C0000DF1CC0972E61BF0010F3FF402AB31E562
:1092D0005CAD7EE51BF4007F40F04F83DA1711464A
:1092E000FFF7FDBB17F4007240F052830F9101218C
:1092F00065E41BF4007240F046830F9198E41BF084
:10930000100F40F094821BF0400F40F0CA831BF412
:10931000007F00F08C820F9B0A9A1B681A702FE462
:109320000C6D0200FC6C0200DDE9160102460B46E2
:1093300003F0FEFC002840F01C86B9F1610F00F03C
:109340001F85B9F1410F00F04A85099B013300F0F8
:10935000EF8329F02003472B00F0E1850E90DDE933
:109360001612002A13464BF48078C0F2E6840023DC
:109370001593DDE91623CDE92223A9F14103252B1D
:1093800000F20E83DFE813F018040C030C030C0347
:10939000D803A5040C030C030C030C030C030C03EF
:1093A0000C030C030C030C030C030C030C030C0345
:1093B0000C030C030C030C030C030C030C030C0335
:1093C0000C030C030C030C0318040C030C030C0318
:1093D000D803A504A64B109619931BF0200200F0A9
:1093E0001A810F9B073323F0070319465A6851F877
:1093F000083B0F911BF0010F09D053EA020106D080
:1094000030218DF899904BF0020B8DF898100221C5
:109410002BF48067FFF7D3BB5F4610960FE41096DE
:10942000FFF7F9BB934B10961993D6E70F9B43AD0B
:109430001B688DF80C31012306930C93FFF70BBBCF
:1094400050460D9930AA00F06BFE00287FF465AD00
:10945000329E33AC7BE440215846F4F79FFD0D9BD0
:1094600018601861002800F03F8640230D9A536170
:10947000FFF7DCB8099B2946062B28BF06232A469E
:1094800009950E95CDE913117B4D06930F970C931B
:109490001191FFF77BBA102F319B40F31D8677495E
:1094A00032464FF010090E46DDF83480159104E085
:1094B0000834103F102F40F3EE8101331032072B98
:1094C000C4E90069CDE93132F2DD4146504630AAA7
:1094D00000F026FE00287FF420ADDDE9313233AC08
:1094E000E7E7129B2246EB180993139B4C46002B8F
:1094F0003146DDF85080CDF844B0DDF86C90209E08
:10950000DDF834B0149531DDB8F1000F40F333814C
:1095100008F1FF3831981D9B013031440728C2E91A
:1095200000363291319000F389800832099B99F816
:1095300000001F1B8742A8BF0746002F0CDD319893
:10954000394401300728C2E900473291319000F3D5
:10955000558199F800000832002FB4BF0546C51B9D
:10956000002D14DC0444139B002BCDDCB8F1000F5C
:10957000CEDCCDF86C90A146149D129B1446EB18DE
:1095800099450E4628BF9946DDF844B0BFE5102D39
:1095900031983A4B23DD0C9410272C461D4604E0ED
:1095A000103C102C02F1080216DD0130334B103153
:1095B0000728C2E90037CDE93101F1DD59465046AF
:1095C00030AA00F0ADFD00287FF4A7ACDDE9310141
:1095D000103C102C33AAE8DC2B4625460C9C0130AD
:1095E00029440728CDE931011360556000F3AD83AC
:1095F00099F8000008320444B5E7189A1A991644FD
:10960000C4E90012319A32960132072A319200F3EE
:10961000C883083484E50F991BF0100051F8043B0F
:109620000AD11BF0400503D002460F919BB2E1E640
:109630001BF4007240F09D810F91DBE659465046C5
:1096400030AA00F06DFD00287FF467AC329933AA90
:109650006CE707F480610C970E944FF0000E0F46F4
:10966000DFF81CB01B9C0DF5B87CCDF8189010E00D
:10967000D4300200C0300200E8300200FC6C02006E
:10968000CDCCCCCC0A2B72F1000237D34346324604
:10969000AC46991841F10001ABFB010626F003002E
:1096A00000EB96004FF0CC36091A581A06FB00F66C
:1096B00062F10009A0FB0B800BFB09660644052044
:1096C00008F00109A9FB000940184FEA580830309A
:1096D00048EAC6780EF1010E0CF1FF350CF8010CCA
:1096E0007608002FCED021788E45CBD1BEF1FF0F6A
:1096F000C8D00A2B72F1000280F0DA801B94DDF8EA
:1097000018900C9F0E9CCDF848E0FFF75EBB5046CA
:109710000D9930AA159300F003FD00287FF4FDABEE
:109720009DF89720329E159B33ACFFF79BB8012321
:109730006360319B994A01330136072B329631938E
:10974000226000F3FE800834002976D1129A0BF0D3
:10975000010313433FF4BDA8189B1A9A1E44C4E9A1
:109760000023319B32960133072B319300F3D381D1
:1097700004F1080272E0139B09F1FF39013B1393D6
:10978000C8E601295F467FF410AB3DE450460D99D1
:1097900030AA00F0C5FC00287FF4BFAB329E33AC8A
:1097A000FFF7C3BA0DF1B8080822002140462995F9
:1097B000F3F758FE099B002BC0F28C800026069719
:1097C000CDF83090374699460FE04346504643A9BE
:1097D000FDF7EAF9421C06F10406384400F0BD83A7
:1097E000484506DC00F0FE830746299B9A59002A6B
:1097F000EBD1DDF830900C97069F79E05946504642
:1098000030AA00F08DFC00287FF487AB99F80000A7
:10981000329933AAA0E650460D9930AA00F080FC98
:1098200000287FF47AAB329E33ACFFF73CB80F9B35
:109830000A9A1B681A60FFF7A3B9189B1A9A1E446C
:10984000C4E90023319B32960133072B319300F397
:10985000628104F108020029C0F20B8312990133DE
:109860000E44072BCDE93136156051603FF76FABE1
:1098700002F10804FFF72DB8DDF824B00137159B7D
:109880002644072FCDE93176C9F80030C9F80440E5
:109890007FF7A3AB91E416460133159A3E44072B9C
:1098A000CDE931362260676000F32981083427E46E
:1098B000209B1D99ED1A1A462846F8F747FC637855
:1098C00003B101344FF0000EE0E62D228DF8972011
:1098D000FFF74BB8002350461946CDF8008029AA5F
:1098E000FDF7B4F9034601330C9000F03683299557
:1098F0000C9B002B31D0632B00F3F780002343AD8A
:109900000E93082200214046F3F7ACFD0C9E294639
:1099100033465046CDF8008029AAFDF797F98642D4
:1099200040F0F28300230C9ACDE9133322EAE2716E
:10993000AB549DF897200F97069109931193FFF769
:1099400025B850460D9930AA00F0EAFB00287FF4B4
:10995000E4AA2799329E33ACF6E60C9B9DF897203B
:10996000CDE913330F970693099311930E93FFF7E5
:109970000DB82A460F91DBB23CE543F3C012114605
:109980005BB2FFF7ACB82A460F91DBB2FFF750B9D4
:109990000F912A460121DBB2FFF711B9F030020026
:1099A000099B50460193022300932EAB049329ABED
:1099B000039327AB0293DDE92223F9F7E5FA1BF0C5
:1099C000010F054640F007822E9B1B1A1293279B1E
:1099D0001193119BD91C03DB099A9A4280F28E8164
:1099E000119BA9F10209013B002127935FFA89F23B
:1099F000002B8DF8A820B6BF2D222B22119B8DF8AD
:109A0000A920B8BFC3F10103092B40F392820DF1E5
:109A1000BF073A46DFF8D0C21E461046ACFB032112
:109A2000C90801EB8102A3EB42023032632E00F839
:109A3000012C0B4600F1FF32EEDC303302F8013C22
:109A4000831EBB4280F03A830DF1A90213F8011B7B
:109A5000BB4202F8011FF9D15CAB181AA0F1AD03AB
:109A60001C93129B1C9A012B1A440C9240F3708297
:109A70000C9B189A13440C932BF4806343F4807B63
:109A800000230C9A149322EAE27206921393119324
:109A9000159B002B40F021819DF897200993FEF73C
:109AA00075BF0F9B0A9A1B681A80FFF769B80D9C57
:109AB0005046214630AA00F033FBA38903F040034F
:109AC000FEF79BBE2846F4F739F8119B20EAE071B7
:109AD0004FF07309CDE913339DF897200F970C9041
:109AE000099306910E93FEF751BF5046591CF4F7A7
:109AF00055FA0546002800F0FF820E9001E7504617
:109B00000D9930AA00F00CFB00287FF406AA329EC3
:109B100033ACFFF7F5BA50460D9930AA00F000FBC0
:109B200000287FF4FAA9DDE93136279933AA92E6B5
:109B300006230E90099312E40223099A0132069239
:109B400000932EAB069E049329AB039327AB01969B
:109B500002935046DDE92223F9F716FA29F020078F
:109B6000462F054618BF4527064405D12B78302BD4
:109B700000F03781279B1E440022DDE922010023EB
:109B800003F0A4F8002840F022812E9BB34206D2B5
:109B900030215A1C2E9219702E9B9E42F9D8279A7A
:109BA00011925B1B472F12933FF413AF462F00F027
:109BB0002681119B013B17E727AADDE92201F9F76E
:109BC0000DF900224FF07F5302F018FE02460B46BB
:109BD000CDE906230022002303F078F808B1012321
:109BE0002793099B414A591E414BCDE911B4B9F164
:109BF000610F08BF1A462E46D346CDF83090139514
:109C00008946DDE906459246099207E000220023D5
:109C100003F05CF8002840F0D181B9460022354BB2
:109C20002046294602F0EAFD0D46044603F096F868
:109C3000804602F079FD02460B462046294602F096
:109C400025FC1AF80830B9F1FF3F324604460D46AC
:109C500009F1FF3706F8013BD8D11746264B002201
:109C6000CDE90645DA46DDF83090129CDDF844B0C7
:109C7000139D03F053F8002800F0128209992E97E3
:109C800016F8012CC97B3346914209D1302003F8E4
:109C9000010C2E9B5A1E2E9213F8012C9142F6D0E5
:109CA000392A0BBF099A0132927AD2B203F8012CF9
:109CB00033465B1B1293279BB9F1610F119303F19C
:109CC000FF33279300F0C28150224FF04109012158
:109CD0008EE6099B0693032332E72D2200238DF89D
:109CE00097200993FEF755BECDCCCCCCD4300200E2
:109CF000C0300200000030400000E03FDDE91123E9
:109D0000934200F3DB801BF0010F119B00F04781B1
:109D1000189A13440C931BF4806F00F07A81119B06
:109D20004FF06709002B7DDC0C9B23EAE37306935D
:109D30000023C346CDE91333AAE622912D2103F176
:109D4000004315912393FFF718BB5946504630AA9C
:109D500000F0E6F900287FF4E0A899F800003299B5
:109D600033AA0444FFF7FFBB50460D9930AA00F018
:109D7000D7F900287FF4D1A8329E33ACFFF7B7B9EA
:109D800078238DF8993030238DF89830099B4BF06B
:109D9000020B632B00F3B980002343AD0E93FFF752
:109DA000DEBA50460D9930AA00F0BAF900287FF4C7
:109DB000B4A8279B329E33ACFFF7B2B9AE491591D8
:109DC000FEF71ABE00230E460993FEF772BC279ACF
:109DD00033461192E5E6099B4727C618CCE658237F
:109DE000CFE70022DDE92201002302F06FFF002807
:109DF00000F02781279B1E441193731B1293119926
:109E0000099A0BF00103002943EA020340F32D8174
:109E1000002B40F001814FF06609119B0C931BF45D
:109E2000806F81D01B990B78FF2B00F06181002699
:109E3000119A304604E001300131FF2B00F0D88048
:109E4000934280F2D580D21A4B78002BF3D10B7855
:109E50000136F2E750460D9930AA00F061F900286A
:109E60007FF45BA8279D129B329E33AC5D1BFFF7EE
:109E70006DB94F4210312CDADFF800821024CDF892
:109E8000548003E00832103F102F24DD01331036D8
:109E9000072BC2E90084CDE93136F3DD50460D9938
:109EA00030AA00F03DF900287FF437A8DDE931360B
:109EB00033AAE8E7704A1592FFF7EEB8129B189A9A
:109EC0009A18119B0C92002B40F3AE804FF067095B
:109ED000A5E76A491591013315993E44072BCDE951
:109EE00031361160576000F3B3800832B6E4634A3C
:109EF0001592FEF7C6BF0D9A938943F040039381F4
:109F00004FF0FF330A93FEF77BBC5046591CF4F721
:109F100045F805460028EED00E90FFF720BA099BC1
:109F2000002B7FF41BAA099B0E9301230993FFF7D3
:109F300016BA002940F0828030228DF8AA200DF157
:109F4000AB02303302F8013B2AABD31A1C9388E5ED
:109F50001BF0010F3FF490AD8AE50022D3460D9B24
:109F60000E92B3F90C3043F040030D9A9381FEF743
:109F7000D5BF179B0320002BB8BF2D224FF0000345
:109F8000A8BF9DF8972019460E933D4D3D4BB8BF95
:109F90008DF897202BF0800B0690FEF7EEBC0C930B
:109FA000B9E6099B4FF07309CDE913009DF897209E
:109FB0000F9706930C930990FEF7E8BC49460029D9
:109FC000DA46DDF83090129CDDF844B0139DFFF6C0
:109FD0006FAE4B1C30223146334401F8012B9942BD
:109FE000FBD166E6099BDDF83090069F0C937FE479
:109FF000CDE913061B911192DDE913322099134428
:10A000000C9AC34601FB03230C9323EAE3730693E4
:10A010003EE54FF0670987E61346189A4FF0660948
:10A0200013440B440C93FAE6C3F101031A4422EAE9
:10A03000E2734FF067090C92069379E60DF1AA02DC
:10A040007FE7069BC3F10103279394E570223EE668
:10A0500050460D9930AA00F063F800287EF45DAFF9
:10A06000DDE9313633AAFFF7F9BB6BB901234FF0B5
:10A07000660906930C935BE60C6D0200FC6C020013
:10A08000BC300200B8300200189B4FF0660903F1A3
:10A09000010B099B5B440C9323EAE373069347E6A9
:10A0A0000022DDE906011C4B02F010FE00283FF4FF
:10A0B000FFAD18F0010F3FF4FBADDFE502231C9369
:10A0C000CFE40F9A73780E4652F8041B0F9241EAC0
:10A0D000E1720992FEF7EBBA104A1592FFF7DCBB6A
:10A0E0000E4B1593FFF7CABB0C23CBF8003007E7E4
:10A0F0000023CDE913337FE70D9BD346B3F90C3032
:10A100000E9043F0400330E70D9BD346B3F90C307B
:10A1100043F0400329E700BF0000E03FFC6C020071
:10A120002DE9F041154692682C68FAB10746884639
:10A13000083402E013460834C3B16B685E1E002B7E
:10A140006E6013DD54F8046C002EF3D033464146A4
:10A15000384654F8082C01F0ABFE431C07D0AA681F
:10A160000834921B1346AA60002BE6D1002000237E
:10A17000C5E90133BDE8F0812DE9F0410C46096BDA
:10A1800004F14003994214D0666B77003A46FAF71F
:10A1900035FE054630B300EB060801463246404620
:10A1A000F3F756FCC4E90C57C4F800800020BDE862
:10A1B000F0814FF48061F3F7F1FE98B14FF48061C4
:10A1C00094F842202063616380F8FF2394F84120D3
:10A1D00000F2FD3380F8FE2394F8402080F8FD2340
:10A1E0002360E3E74FF0FF30E1E700BF70B54C1CA0
:10A1F00039D00E460546144610B1436B002B71D082
:10A20000626EB4F90C30D10701D49A054DD523F014
:10A2100020025807A28106D4D9066DD51B0754D455
:10A2200042F00402A281226B6368F6B2F2B1626B63
:10A230009A420FDD23685A1E226003F8016C63689E
:10A24000626E0133D207636002D4A3899B0537D5C0
:10A25000304670BD21462846FFF78EFF0028E9D022
:10A26000636ED80751D54FF0FF36F1E7626E206973
:10A27000216802F0010228B1884203D211F8010CD2
:10A28000B04232D00320E3632346C4E90D0101212B
:10A2900004F14005256303F8426FC4E90031002A48
:10A2A000D6D1A3899B05D3D40AE0A06DF3F7E8FAD1
:10A2B000B4F90C3023F020025807A281B3D4ABE7E5
:10A2C000A06DF3F7E5FA304670BD21462846F2F757
:10A2D0006BFC0028C4D1B4F90C20A06022F0080265
:10A2E000A0619DE7F2F7E4FD8AE701390133C4E993
:10A2F0000013002AACD1A8E7626ED207B3D4990547
:10A30000B1D4A06DF3F7C4FAADE7A389F7E700BFB6
:10A3100003460A46024908681946FFF767BF00BFAF
:10A3200094000020844610B40E4C1CF8013B11F838
:10A33000010BE25C02F00302012A225C08BF203319
:10A3400002F00302012A05D01B1A08D10028ECD123
:10A3500010BC70472030181AE7D010BC7047184660
:10A3600010BC7047A12F0200830710B5044610D11E
:10A370000268A2F1013323EA020313F0803F08D1FF
:10A3800050F8042FA2F1013323EA020313F0803FB7
:10A39000F6D003781BB110F8013F002BFBD1F8F782
:10A3A0006FFC204610BD00BF0B4632B913F8012BDD
:10A3B000002AFBD1581A01387047013A16D010B460
:10A3C00001E0013A09D013F8014B00F8014B002CD1
:10A3D000F7D1581A013810BC7047027013F8012BDE
:10A3E000002AFBD1581A013810BC70470270DDE713
:10A3F00022B310B502448646114C04E01B1A1BD14F
:10A40000B8B1964516D01EF8013B11F8010B14F8AF
:10A4100003C00CF0030CBCF1010F14F800C008BF1E
:10A4200020330CF0030CBCF1010FE7D12030181AD7
:10A43000E7D010BD002010BD184610BD1046704773
:10A44000A12F020000200149704700BF0000F87FE3
:10A45000144600B51A460A4B0D461B6885B0DE68E7
:10A4600003464CB1074901913046074902940095D3
:10A4700000F060FD01F07CFD04490C46F3E700BFED
:10A48000940000206C3302007C3302007833020019
:10A4900008B513460022FFF7DBFF00BF38B5A1FB6C
:10A4A000021454BBF3F77AFD054650B350F8042C60
:10A4B00022F00302043A242A10D8132A13D91B2AA3
:10A4C000C0E9004416D9242AC0E902440ABFC0E901
:10A4D000044400F1100200F1180205E02146F2F7F1
:10A4E000C1FF284638BD024600232846C2E9003392
:10A4F000936038BD00F10802F6E7F3F775F90C2315
:10A5000003600025284638BD0148F3F7B9B900BFFC
:10A51000DC6100200148F3F7BBB900BFDC6100201B
:10A520002DE9F0410469B4EB611F05DC00230361F0
:10A5300000234361BDE8F08100F114054E1111F0D4
:10A540001F0C05EB840E05EB860321D055F8261071
:10A5500004339E4521FA0CF1CCF120082DD92F4669
:10A560001A6802FA08F20A4347F8042B53F8041B4E
:10A570009E4521FA0CF1F3D8A31B9B00053B9B08D9
:10A58000013305EB830445F8231079B104340DE061
:10A590009E4588BF00F11002C8D953F8041B9E45A0
:10A5A00042F8041FF9D8A41B05EB8404631B9B101D
:10A5B000AC420361BCD0BDE8F08141610029B5D057
:10A5C0002C46E3E72DE9F04F1C4685B00090086863
:10A5D000934682780B46302A029440F0F381C11CE6
:10A5E0000A780C46302A01F10101F9D0A4EB0009E8
:10A5F000A9F10209DFF8C08218F80220002A00F051
:10A60000EF80002722783D4618F80220002A00F04B
:10A610007781264616F8012F18F80220002AF9D172
:10A6200001223046A5490193F2F7D4FF019B8246EF
:10A6300000284DD03278002D00F0A581A5EB060A48
:10A640004FEA8A0A02F0DF02502A35464DD01E60DA
:10A65000002F74D12B1B013B072B394604DD5B1007
:10A66000072B01F10101FADC0098F9F781FE03469E
:10A67000002800F06A8200F11406A542019640F21B
:10A68000CA8100270390B9460DE0202F1AD0394621
:10A6900004372A7818F8022002F00F028A4049EAAB
:10A6A0000209A54254D015F8012D2E2AEDD1A5425C
:10A6B000EBD3012228468149F2F78CFF0028F0D025
:10A6C000202FE4D1002146F8049B04278946E0E7C7
:10A6D000002D00F068813278A5EB060A02F0DF0257
:10A6E000502A35464FEA8A0AB1D16A782B2A00F0FF
:10A6F00048812D2A40F0D5800120AA78AE1C18F898
:10A7000002104A1E182A00F2D5807278103918F803
:10A71000022001365AB90CE001EB810102EB410243
:10A72000A2F1100116F8012F18F802200AB1192A17
:10A73000F2DD00B149428A441E60002F8AD0B9F18F
:10A74000000F0CBF06250025284605B0BDE8F08F98
:10A75000039B019A46F8049BB61AB6101E61484640
:10A760000393F9F7DFFE7601DBF80040361AA642C4
:10A77000039B76DCC0F209810027DBF808205245F4
:10A78000C0F23E81DBF8042052454EDDA2EB0A0AFE
:10A79000544500F39580DBF80C10022900F0E180AD
:10A7A000032900F05381012940F0DF80544540F037
:10A7B000DC80012C0AD01846611E0393FAF7E8FAF0
:10A7C000039B002800F0D180DBF8042001210298CF
:10A7D00062250260019A196111600E9A1360B3E755
:10A7E0000122204635490193F2F7F4FE019B07460A
:10A7F000002840F087806278651C18F80210002954
:10A8000000F08280302A2C4640F02B8114F8012F72
:10A81000302AFBD018F802204FF00109B2FA82F773
:10A820007F09002A7FF4F5AE6AE0012587B1DBF8E5
:10A830000C20022A6FD0032A71D0012A06D1B90751
:10A8400004D5019A12681743FA076BD445F0100536
:10A8500028460E9A1360029BC3F800A005B0BDE81D
:10A86000F08F361B18463146FAF792FA039B0746DB
:10A8700078B10127711E01984A1150F8220001F0A9
:10A880001F0207FA02F2024203D0B94200F3CF805E
:10A890000227184631460393B244FFF741FE039B5B
:10A8A0006BE718F8021000204A1E182A05F101066D
:10A8B0007FF62BAF2E46CAE61C6D0200E83102007F
:10A8C0000AF1FF35002F40F0A480002D40F0A78052
:10A8D00001220198691150F8211005F01F05AA40C6
:10A8E0000A4218465146039318BF47F00207A4EBEB
:10A8F0000A04FFF715FE0225DBF804A0039B95E789
:10A9000026468DE62546227802F0DF02502A00F026
:10A9100099801D6013E70F9AC2F101020F920F9AFE
:10A92000002A93D001991E6988460A4600274FEAFB
:10A93000860901EB860003E0904242F8047C45D989
:10A94000944652F8041BB1F1FF3FF5D00131022DBE
:10A95000CCF800107ED014F01F0440F0AE8021250A
:10A9600076E70F9900293FF431AF5025194600983A
:10A97000F9F724FD002328460E9A136005B0BDE8C0
:10A98000F08F0020B9E6AA465CE6A61B19463246BF
:10A990000098F9F751FF00F1140203460027AAEBD3
:10A9A000060A0192E9E67278751C18F802102E4624
:10A9B00000293FF447AE16F8012F18F802100029BD
:10A9C000F9D13BE64FF00009841C13E69A689642E1
:10A9D0004ADA0121022D06EB010003EB860618611D
:10A9E000DDF80480716135D0002874DC00221A6122
:10A9F00000225A61DBF808200AF1010A5245AEDA5A
:10AA000019460098F9F7DAFC00230E9AA325136083
:10AA10009AE601275CE74FF00009019E99E6184687
:10AA200029460393FAF7B4F9039B074650E7184603
:10AA3000B11E0393FAF7ACF9039B00283FF428AF4B
:10AA4000032726E74FF0000A01274EE60F99002959
:10AA50008BD0BBE6DBF80020013AA24262D022256F
:10AA6000F6E64FF00109D4E55968009801310193E9
:10AA7000F9F77EFC019B074600286CD01A6903F1A8
:10AA80000C01023292000C300193F2F7E1FF019BBE
:10AA900000981946F9F792FC01213B69022D03EB5E
:10AAA000010007EB8303386107F1140859613B4645
:10AAB000D0D08642BFF64FAF96E7C14459F8040C98
:10AAC0000193F9F72FFDC4F12004A042019BBFF6CA
:10AAD00046AF186988E75A6908EB800003F118044B
:10AAE000A0424FEA520229D94546216842EAC17282
:10AAF00045F8042B54F8042BA0424FEA5202F4D834
:10AB0000C11A19398908013148F8212008EB81015F
:10AB100002B10431A1EB0802921041451A617FF4A1
:10AB200069AF65E70122611158F8211004F01F0494
:10AB3000A2400A4214BF2125222589E6C8F8002038
:10AB40000AB14146E5E71A6152E70246E421054BA6
:10AB50000548FFF77DFC02468421024B0248FFF7BF
:10AB600077FC00BF40320200AC33020010B504682D
:10AB70008646013409E014F8013BA3F1410CBCF115
:10AB8000190F98BF2033934207D111F8012B002AE7
:10AB9000F1D10120CEF8004010BD002010BD00BF53
:10ABA0000B682DE9F04F591102EB810113F01F03DF
:10ABB00006464FF000050DBF0846081D8E46A1F160
:10ABC000040E316885B040F8045C4C1C49780029BB
:10ABD00000F0AF807746F4460093AA460B46A9469C
:10ABE0007146AB469646DFF884810246019610E036
:10ABF000202B00F296804D4508DD674502D9BAF159
:10AC0000070F67DDE6455CD34FF0080A14F8013FF3
:10AC1000B3B118F80360002EEAD00AF1010ABAF1C4
:10AC2000080F05F1010542DCDCF800301B0106F0DD
:10AC30000F061E43CCF8006014F8013F002BE8D14A
:10AC4000104672468E46009B002D72D0BC4502D243
:10AC5000BAF1070F74DD624555D26346111F53F8F0
:10AC6000044B734541F8044FF9D9AEEB0C0323F0C4
:10AC700003030EF1010104330CF1010C8C4588BF74
:10AC800004230021134443F8041B7345FBD950F8F7
:10AC9000041C19B107E05EF8043D23B97245FAD1EE
:10ACA0000123CEF80030052005B0BDE8F08FE64561
:10ACB000ACD24CF804BC00234FF0010AACF1040CF8
:10ACC000B5E7ACF104074CF804BCA946BC464FF00C
:10ACD000000A9BE7CAF1080080006646CDE902C27F
:10ACE000DCF800308446C0F1200A706800FA0AF2ED
:10ACF0001A4320FA0CF3326046F8043FB742F4D806
:10AD0000DDE902C27EE750F8041C002BC1D04FF0F1
:10AD1000FF34C3F1200324FA03F3194040F8041C64
:10AD2000B7E7104672468E4619462929019E009BB8
:10AD300003D0042005B0BDE8F08F0134346083E710
:10AD4000DCF80040CAF108018900664688462546BD
:10AD5000C1F12009716801FA09F42C4321FA08F5C0
:10AD6000346046F8045FB742F4D874E71C6D020003
:10AD70002DE9F04F89B08646DDE9137A1E46002F93
:10AD800053D01568002955D0129B002B62D0741E39
:10AD90002EB30026CDE900E1DDF848B0043D029174
:10ADA00003920AE0019BF3B92868002831D0DC4502
:10ADB00052D2013C631C664611D0D7E9009855F881
:10ADC000042F3B460098DAF8E0C005A9E047421C92
:10ADD00034D000EB060CDC45E4D9C7E900983046D6
:10ADE00009B0BDE8F08F00280CDD029B05A91844CE
:10ADF0005A1E00F1FF3E11F8013B02F8013F724577
:10AE0000F9D10290039B28681A6804321A6000285E
:10AE1000CDD10199039A01B110600CF1FF360022E7
:10AE200030463A6009B0BDE8F08F156800F58677C6
:10AE30000029A9D14FF0FF331293A8E706468A21D3
:10AE400000223046DDF800E0CEF800103A6009B08C
:10AE5000BDE8F08F129EC2E76646C0E710B584B029
:10AE60000698054C009007980190044800680294E9
:10AE7000FFF77EFF04B010BDD8060020940000202C
:10AE800010B5044684B00698019006480068009307
:10AE900013460A462146044C0294FFF769FF04B0AA
:10AEA00010BD00BF94000020D8060020184B984227
:10AEB0002AD870B54FF0000E40F6F904154D03E0A6
:10AEC00003F1010E74451DDB04EB0E0303EBD3739A
:10AED00023F0010202EB630205EB420C9CF8011027
:10AEE000BCF80260BCF804C041EA06218C4460450D
:10AEF0004FEA63034FEA4202E2D8884206D25C1E60
:10AF00007445E1DAFF2070BDFF207047A85C70BD7A
:10AF1000EF010E001C6E02000CB400B583B004AB50
:10AF200053F8042B019300F019F803B05DF804EB1B
:10AF300002B070470EB400B5074A82B003AB0146B9
:10AF4000106853F8042B019300F008F802B05DF884
:10AF500004EB03B0704700BF9400002084462DE945
:10AF6000F04F0E461546E146C9B018AF0822002141
:10AF700038461C46059607950D93F2F773FAB9F11A
:10AF8000000F04D0D9F83430002B00F03786059B31
:10AF90005A6EB3F90C30D00702D4990540F12C85D4
:10AFA0009E0406D4059943F4005322F400528B8189
:10AFB0004A66950400F1E486059AB2F90C30190747
:10AFC00040F1BF801269002A00F0BB8003F01A0232
:10AFD0000A2A00F0C58000231FAA9246CDE91D333E
:10AFE000CDE91133DFF83CB21C920E9309930F9315
:10AFF000CDF82090DDE90754DBF8E460F7F7E0FDD9
:10B000002A46034616A920460097B047002800F0BC
:10B01000C680C0F2BC80169B252B01D00544EBE70F
:10B02000079B0446EE1A40F0BE804FF0FF3200232B
:10B0300006926A786C1C8DF853300A93039301349E
:10B04000A2F120035A2B00F2EF80DFE813F0540244
:10B05000ED00ED004E02ED00ED00ED005E02ED00B2
:10B06000ED006A00EB01ED00E501F601ED00F001F5
:10B070005B005B005B005B005B005B005B005B00F8
:10B080005B00ED00ED00ED00ED00ED00ED00ED00EA
:10B09000ED00ED0097017F02ED00ED00ED00ED0009
:10B0A000ED00ED00ED00ED00ED00ED001202ED0011
:10B0B000ED00ED007001ED00A202ED00ED00FC04DA
:10B0C000ED00ED00ED00ED00ED00ED00ED00ED0018
:10B0D000ED00ED009701BC01ED00ED00ED009902DF
:10B0E000BC017400ED002003ED001103F904F0022F
:10B0F0007400ED0070017200F604ED00ED001F0514
:10B10000ED0072000021A2F1300314F8012B01EBD5
:10B11000810103EB4101A2F13003092BF5D90A911A
:10B120008EE70D9B53F8042B002A0A920D93C0F270
:10B130007081227883E7039B227843F020030393F6
:10B140007DE7059D48462946F2F72AF9002840F098
:10B150003D86B5F90C3003F01A020A2A7FF43BAFA2
:10B160000599B1F90E20002AFFF635AF4A6ED607D1
:10B1700002D49D0540F1EB8523464846079A059980
:10B1800000F056FE0990099849B0BDE8F08F0822FA
:10B1900000213846F2F766F9012005442CE7079BA9
:10B1A0000446EE1A12D0079BCAE900361E9B3344B0
:10B1B0001E931D9B0133072B1D9313DC0AF1080A14
:10B1C000099B33440993002C7FF42FAF1E9BDDF8BD
:10B1D0002090002B40F0CA850022059B1D92B3F9F8
:10B1E0000C3012E0059908981CAAF6F717FC48B92C
:10B1F0000DF17C0AE4E7B1460C9B1BB148460C9963
:10B20000F2F7D0FD059BB3F90C30059A526ED107C9
:10B2100040F183805B0600F1BD85099849B0BDE827
:10B22000F08F00BFD80600200794002ACED000235C
:10B230008DF8533001238DF8BC2004932FAC0B9371
:10B240004FF00009CDF83090CDF81890039BDDE960
:10B250001D2113F0840605D10A9B04981D1A002DA8
:10B2600000F302839DF8530078B1012301320131CC
:10B270000DF15300072ACDE91D21CAF80430CAF8A0
:10B28000000000F32B830AF1080AB9F1000F0ED079
:10B29000022001320231CAF80400072A15A8CDE9BC
:10B2A0001D21CAF8000000F325830AF1080A802E48
:10B2B00000F02A82069B0B981D1A002D00F36B826A
:10B2C0000B9B01321944072ACDE91D21CAF8004021
:10B2D000CAF8043000F39C820AF1080A039B58075D
:10B2E00005D50A9B049A9C1A002C00F30F83DDE914
:10B2F000093204988242ACBF9B181B18099300299D
:10B3000040F0908200231D930C9B1BB10C99089870
:10B31000F2F748FD0DF17C0A6CE69A053FF57AAF2D
:10B32000059CA06DF2F7B4FAB4F90C3072E7002373
:10B330000D9E079456F8044B8DF85330002C00F006
:10B340007584532A00F0BD83039B13F0100540F071
:10B35000B883069B002BC0F2E8841A462946204693
:10B36000F7F7ECFC0C90002800F02C85031BCDE9CE
:10B370000B3523EAE373049300F0B8BC0D9B432A1A
:10B38000079403F1040503D0039BD80640F18283A0
:10B39000082200211AA8F2F765F80D9A2FAC1AAB13
:10B3A000214612680898FBF7FFFB034601330B9018
:10B3B00000F0FB840B9B23EAE373049300230D95B9
:10B3C0008DF853303CE7039B0794990640F1C78002
:10B3D0000D9B073323F0070318465A6850F8083BC3
:10B3E00011460D90002AC0F25B81069A002AC0F235
:10B3F0006481039A22F08002039253EA010240F032
:10B400005C81069B002B40F0A78404930B9348AC0F
:10B4100065E10A9B5B420A93039B227843F0040395
:10B4200003930CE62B2322788DF8533007E6039B19
:10B43000227843F08003039301E6204610F8012BA5
:10B440002A2A00F0CE84A2F13003092B98BF0021F4
:10B4500000F2848410F8012B01EB810103EB410120
:10B46000A2F13003092BF5D941EAE17304460693B2
:10B47000E6E5039B079443F0100212F0200100F070
:10B4800087820D9B073323F007031846596850F84D
:10B49000083B0D90002022F480640394069C8DF8F4
:10B4A00053008442C0F2A08053EA010422F4906267
:10B4B00040F0A083039C0392069B002B40F08C80FD
:10B4C000002840F0908214F001020B9200F090826C
:10B4D00030238DF81F319DF8533004920DF21F1464
:10B4E000002B40F001810C9303E1039B227843F091
:10B4F00001030393A3E59DF853302278002B7FF4DA
:10B500009EAD20238DF8533099E5089E3046F7F71D
:10B5100069FB436818461193F2F710FB1290054639
:10B520003046F7F75FFB83680E93002D3FF401AEC2
:10B530000E9B2278002B3FF482AD1B78002B3FF44A
:10B540007EAD039B43F48063039378E5039B0794EC
:10B5500043F010030393039B99063FF539AF0D9A0F
:10B5600052F8043B0D92039AD20600F15282039ADC
:10B57000560640F14A8243F3C0310A461BB231E716
:10B580002278039B682A00F0958243F040030393DE
:10B5900055E5039B079443F0100414F0200100F0DC
:10B5A00006820D9B073323F007031A46596852F8A9
:10B5B000083B0D9200228DF85320069A002AC0F213
:10B5C0001B8324F08002039253EA010275D1069B8B
:10B5D0000120002B3FF474AF012800F0BD8300234D
:10B5E0000228194600F0298148AC03F00702DB0865
:10B5F00043EA4173C908303253EA0105204604F892
:10B60000012DF2D1039BDD0740F12581302A00F0A6
:10B6100022813023069A023804F8013C48AB1B1AF9
:10B620009A42B8BF1A4604460B93049257E0039B14
:10B63000002143F00203039347F630030D9AADF85F
:10B64000543052F8043B07940D92B64A0F920022F0
:10B650008DF85320069A002AC0F2EF80039C53EA2B
:10B66000010024F08002039240F0E780022023E7EB
:10B67000039B07949C0640F1CF810D9B099A1B68A0
:10B680001A60D2175A600D9B04330D93B2E42278EE
:10B69000039B6C2A00F0078243F010030393CEE46F
:10B6A0002D228DF85320069A5B4261EB4101002A5E
:10B6B00003DB039A22F0800203920A2B71F100024D
:10B6C00080F03A823033DBB28DF81F31069B0DF2E9
:10B6D0001F14012BB8BF0123049301230B939DF882
:10B6E0005330002B3FF4FFAE00230C93049B013337
:10B6F0000493039B13F002093FF4A8AD049B4FF0A1
:10B70000020902330493A1E50A9B04981D1A002D37
:10B710007FF7D0AD102D40F34583DFF80C82534600
:10B7200040461026A046DDF820900446DDF814A01F
:10B7300004E0103D102D03F1080315DD0132103136
:10B74000072AC3E90046CDE91D21F2DD51464846EE
:10B750001CAAF6F763F900287FF44EADDDE91D2140
:10B76000103D102D1FABE9DC9A462346444698460F
:10B7700001322944072ACDE91D21CAF80080CAF800
:10B78000045000F34082069B0B980AF1080A1D1A28
:10B79000002D7FF795AD102DDFF88C812ADD534603
:10B7A0001026AA46DDF820902546059C06E0AAF161
:10B7B000100ABAF1100F03F1080318DD01325A48DC
:10B7C0001031072AC3E90006CDE91D21EFDD21462E
:10B7D00048461CAAF6F722F900287FF40DADDDE9F2
:10B7E0001D21AAF1100ABAF1100F1FABE6DC2C469E
:10B7F00055469A4601322944072ACDE91D21CAF847
:10B800000080CAF8045000F3E1800AF1080A57E505
:10B81000059908981CAAF6F701F958B91E990DF177
:10B820007C0A5BE5059908981CAAF6F7F7F800284A
:10B830003FF468ADDDF82090DEE40F9848AC03F0EB
:10B840000F02825C1B0943EA0173090904F8012D08
:10B8500053EA0102F3D1069A48AB1B1B9A42B8BFC8
:10B860001A460B9304923AE7102D40F37C822F4B3B
:10B8700050461396A2464FF010081C46089E10939F
:10B8800004E0103D102D00F1080015DD01321031EB
:10B89000072AC0E90048CDE91D21F2DD30460599AF
:10B8A0001CAAF6F7BBF800287FF4A5ACDDE91D2142
:10B8B000103D102D1FA8E9DC54468246139E01322C
:10B8C000109B2944072ACDE91D21CAF80030CAF887
:10B8D000045000F381810AF1080AC3E4059908982D
:10B8E0001CAAF6F79BF80028A4D1DDE91D210DF173
:10B8F0007C0ACAE4059908981CAAF6F78FF8002874
:10B9000098D1DDE91D210DF17C0AD0E4102C1D9B9E
:10B9100040F34582054E1025DDF82090DDF81480B7
:10B9200010960AE0C0300200F8A3020008A402004A
:10B93000103C102C0AF1080A16DD01331031072BD8
:10B94000CAE90065CDE91D31F2DD414648461CAA31
:10B95000F6F764F800287FF44FACDDE91D31103CA8
:10B96000102C0DF17C0AE8DC0133109A2144072BDE
:10B97000CAE90024CDE91D317FF7B9AC05990898D3
:10B980001CAAF6F74BF800287FF454AF1E99AEE4DA
:10B990000D9850F8043B0D9012F010007FF47AAD32
:10B9A00012F0400400F04C8101469BB272E50D9A02
:10B9B00052F8043B0D9214F010027FF4FBAD14F02A
:10B9C000400000F0438111469BB2F3E505990898C9
:10B9D0001CAAF6F723F800287FF42CAFDDE91D211F
:10B9E0000DF17C0A6CE4069B48AC04930B9376E65D
:10B9F000069B48AC049372E6059DA86DF1F740FFE5
:10BA0000B5F90C306A6EFFF7CBBA039A950500F1D1
:10BA10008681D9170A46E5E4039BD80600F1018127
:10BA2000039B590600F17681039B9A0540F1F9804A
:10BA30000D9B099A1B681A7025E60794039CACE5D8
:10BA4000039A079419E5AF4B07940F93039B13F0E8
:10BA5000200161D00D9B073323F007031846596876
:10BA600050F8083B0D90039CE6070AD553EA010005
:10BA700007D08DF8552044F00202039230228DF851
:10BA80005420039A22F480620392E0E59E4B0794CF
:10BA90000F93DBE70D9B2FAC1B688DF8BC300123A7
:10BAA00004930B938AE443F02003627803930134F8
:10BAB000FFF7C5BA43F40073627803930134FFF7CC
:10BAC000BEBA082200211AA81794F1F7CBFC069BF6
:10BAD000002BC0F2C9800025CDF810A0A8469A46D8
:10BAE000DDF820900FE01AAB48462FA9FBF75CF871
:10BAF000431C05F10405404400F05781504506DC25
:10BB000000F05B818046179B5A59002AEBD1DDF883
:10BB100010A0CDF82C80B5E00D9850F8043B0D90A6
:10BB2000039810F010009ED1039911F0400400F02A
:10BB3000948001469BB296E7039A984602F480628D
:10BB40004FF0000C1346714D0DF5907ECDF810A00E
:10BB500007E0B8F10A0F71F100013AD3C846314647
:10BB6000A64618EB010242F10002A5FB020626F0F0
:10BB7000030000EB96004FF0CC36121AB8EB02002F
:10BB800006FB00F661F1000AA0FB059005FB0A66C2
:10BB90000644052009F0010AAAFB000A80184FEAB2
:10BBA0005909303049EAC6790CF1010C0EF1FF3425
:10BBB0000EF8010C7608002BCBD00E9A1278624555
:10BBC000C7D1BCF1FF0FC4D0B8F10A0F71F1000169
:10BBD00077D2DDF810A03EE6059908981CAAF5F783
:10BBE0001DFF00287FF426AEDDE91D210DF17C0A42
:10BBF000FFF738BB0392F7E403945EE54846F1F79C
:10BC000057F9FFF7C4B9059908981CAAF5F706FF7C
:10BC100000287FF40FAEDDE91D210DF17C0AFFF74E
:10BC200049BB0D9B099A1B681A602CE5069B384C92
:10BC3000062B28BF06230D960B930493FFF700BB3A
:10BC400012F400711CBF2146DBB223E414F400712E
:10BC50003FF4B0AC0146DBB2ACE4039911F40071DF
:10BC60001CBF2146DBB2FEE61AAB00930023089806
:10BC7000194617AAFAF7EAFF034601330B9000F0C2
:10BC8000948017940B9B73B3632B57DC00232FAC6A
:10BC90000C93082200211AA8F1F7E4FB0B9D1AABC4
:10BCA000009321462B46089817AAFAF7CFFF854242
:10BCB00040F0A28000230B9AA35422EAE27304937B
:10BCC00014E00B93129B1199E41A1A462046F6F7DA
:10BCD0003DFA0E990B9B4A7812B10A4601320E9238
:10BCE0004FF0000C3AE70B9B04930C939DF85330F4
:10BCF0001BB100230D960693F8E4994606930D9622
:10BD0000FFF7A4BAD4300200C0300200CDCCCCCCB6
:10BD1000E83002000D9B099A1B681A80B3E443F3D4
:10BD2000C0110A465BB2FFF75DBB2046F1F706FF84
:10BD300020EAE0730C950B900493D7E70898591C00
:10BD4000F2F72CF9044600282FD00C90A1E7886D5B
:10BD5000F1F79EFDFFF710BA3023B5E40023044647
:10BD60000693FFF76DB9294B1093A8E5484605994E
:10BD70001CAAF5F753FE00283FF42EAAFFF742BA9B
:10BD8000D40707D4059B9B89980503D4059B986D20
:10BD9000F1F77EFD4FF0FF330993FFF73EBA1B4AE0
:10BDA0001092E1E5DFF86880E2E4059AB2F90C3020
:10BDB00043F040039381FFF728BA069BDDF810A0FB
:10BDC0000B935FE7069B04930B938FE7059A536EE3
:10BDD000DB07DFD493899F05DCD4906DF1F758FD24
:10BDE000D8E70D9B627853F8041B04460D9341EA93
:10BDF000E1730693FFF723B9059ADDF82090938944
:10BE000043F040039381FFF7F7B900BF08A4020095
:10BE1000F8A302008C4600B586461346034A7146D5
:10BE200010685DF804EB6246FFF798B894000020B4
:10BE3000F0B54FF480640026ADF26C4D1AADCDE93B
:10BE400005461F4606460095049515468B8916A89B
:10BE500023F00203ADF80C304B6E02941993CB899A
:10BE60000C46ADF80E30CB6907934B6A0993F1F796
:10BE7000FFFC2A463B4669463046FFF76FF8051E31
:10BE800007DB69463046F0F78FFE002818BF4FF0F9
:10BE9000FF35BDF80C305B0603D5A38943F04003A2
:10BEA000A3811698F1F7E8FC28460DF26C4DF0BD21
:10BEB0002DE9F0471D468F680C46AF4216460B68C9
:10BEC00036D8B1F90CC01CF4906F0ED13D4618461F
:10BED00031462A46F6F7BCF80020A368DF1B23682A
:10BEE000A7602B442360BDE8F0874A69096902EB2B
:10BEF00042025F1A02EBD2726B1C52103B44934217
:10BF000092BF914699461A461CF4806F804611D024
:10BF10001146F2F743F8824600B33A462169F1F739
:10BF200097FDA38923F4906343F08003A38105E088
:10BF30002F46CCE7F8F762FF824658B10AEB0703B9
:10BF4000A9EB0707A760C4F810A02F46C4F8149007
:10BF50002360BCE740462169F1F724FF0C22A38946
:10BF60004FF0FF3043F04003C8F80020A381BAE748
:10BF7000062008B500F0A2F80120E4F753FC00BF4A
:10BF800038B5D0F838410CB1002038BD80210546C5
:10BF9000F2F704F80246C5F8380130B1031F7C32CD
:10BFA00043F8044F9342FBD1EEE74FF0FF3038BD2A
:10BFB00030B51F29054683B009D8D0F838310C4672
:10BFC00053B153F8240043F8242003B030BD1623A6
:10BFD00003604FF0FF30F8E780210192F1F7DEFFB8
:10BFE000019A0346C5F838010028F2D0011F00F17C
:10BFF0007C05002041F8040FA942FBD1E1E700BF16
:10C000001F2938B505461FD8D0F838210C466AB12B
:10C0100052F8213053B1012B06D0591C10D0002109
:10C02000204642F824109847002038BD284600F0EA
:10C03000FDF8224601462846BDE8384000F0E2B847
:10C04000162301202B6038BD16234FF0FF302B60E4
:10C0500038BD00BF1F292DD838B5D0F838310C466F
:10C060000546A3B153F8242003EB84034AB1511CC5
:10C070000BD0012A07D0002520461D609047284696
:10C0800038BD012038BD032038BD022038BD8021D5
:10C09000F1F784FF0346C5F8380140B100201A1FAC
:10C0A00003F17C0142F8040F8A42FBD1DAE74FF03A
:10C0B000FF3038BD4FF0FF30704700BF38B5144B2C
:10C0C0001F281D681ED8D5F83821044662B152F8E1
:10C0D00020304BB1012B05D0591C0FD0002142F864
:10C0E00020109847002038BD284600F09FF82246CF
:10C0F00001462846BDE8384000F084B816230120E8
:10C100002B6038BD16234FF0FF302B6038BD00BFC9
:10C1100094000020124B1F2870B51E6809D8D6F86D
:10C12000383104460D464BB153F8240043F82450EF
:10C1300070BD162333604FF0FF3070BD8021304654
:10C14000F1F72CFF0346C6F838010028F3D0002190
:10C15000021F7C3042F8041F8242FBD1E4E700BF9B
:10C160009400002038B50C4B1D68D5F838410CB14F
:10C17000002038BD80212846F1F710FFC5F83801AE
:10C1800038B1031F00F17C0243F8044F9342FBD106
:10C19000EEE74FF0FF3038BD9400002038B5184B63
:10C1A0001F281D6828D80446D5F83801A0B150F8DA
:10C1B000242000EB84034AB1511C0BD0012A07D084
:10C1C000002520461D609047284638BD012038BD17
:10C1D000032038BD022038BD80212846F1F7DEFE5D
:10C1E000C5F8380140B10021031F00F17C0243F87B
:10C1F000041F9342FBD1DAE74FF0FF3038BD00BF98
:10C200009400002070B50026074D044608461146EC
:10C210002E60E4F738FB431C00D070BD2B68002B68
:10C22000FBD0236070BD00BFCC610020E4F71ABBD7
:10C2300070B54FF0FF0C4CF4E06C1CEA11541DBFBC
:10C240001CEA135594EA0C0F95EA0C0F00F0DEF887
:10C250002C4481EA030621EA4C5123EA4C5350EA6C
:10C26000013518BF52EA033541F4801143F48013BD
:10C2700038D0A0FB02CE4FF00005E1FB02E506F04E
:10C280000042E0FB03E54FF00006E1FB03569CF0A3
:10C29000000F18BF4EF0010EA4F1FF04B6F5007FA9
:10C2A00064F5407404D25FEA4E0E6D4146EB06061B
:10C2B00042EAC62141EA55514FEAC52040EA5E50A4
:10C2C0004FEACE2EB4F1FD0C88BFBCF5E06F1ED84E
:10C2D000BEF1004F08BF5FEA500E50F1000041EB85
:10C2E000045170BD06F0004646EA010140EA020032
:10C2F00081EA0301B4EB5C04C2BFD4EB0C0541EA54
:10C30000045170BD41F480114FF0000E013C00F368
:10C31000AB8014F1360FDEBF002001F0004170BD8C
:10C32000C4F10004203C35DA0C341BDC04F11404A5
:10C33000C4F1200500FA05F320FA04F001FA05F231
:10C3400040EA020001F0004221F0004110EBD370FE
:10C3500021FA04F642EB06015EEA430E08BF20EA2A
:10C36000D37070BDC4F10C04C4F1200500FA04F3CD
:10C3700020FA05F001FA04F240EA020001F000415F
:10C3800010EBD37041F100015EEA430E08BF20EAD2
:10C39000D37070BDC4F1200500FA05F24EEA020E1A
:10C3A00020FA04F301FA05F243EA020321FA04F049
:10C3B00001F0004121FA04F220EA020000EBD37000
:10C3C0005EEA430E08BF20EAD37070BD94F0000F00
:10C3D0000FD101F00046400041EB010111F4801F34
:10C3E00008BF013CF7D041EA060195F0000F18BFE5
:10C3F000704703F00046520043EB030313F4801F21
:10C4000008BF013DF7D043EA0603704794EA0C0FDA
:10C410000CEA135518BF95EA0C0F0CD050EA4106F0
:10C4200018BF52EA4306D1D181EA030101F000416D
:10C430004FF0000070BD50EA410606BF1046194695
:10C4400052EA430619D094EA0C0F02D150EA0136A1
:10C4500013D195EA0C0F05D152EA03361CBF1046E2
:10C4600019460AD181EA030101F0004141F0FE4181
:10C4700041F470014FF0000070BD41F0FE4141F405
:10C48000780170BD81F0004102E000BF83F00043FD
:10C4900030B54FEA41044FEA430594EA050F08BF5F
:10C4A00090EA020F1FBF54EA000C55EA020C7FEA23
:10C4B000645C7FEA655C00F0E2804FEA5454D4EBA0
:10C4C0005555B8BF6D420CDD2C4480EA020281EA6A
:10C4D000030382EA000083EA010180EA020281EAA2
:10C4E0000303362D88BF30BD11F0004F4FEA0131F4
:10C4F0004FF4801C4CEA113102D0404261EB410103
:10C5000013F0004F4FEA03334CEA133302D0524288
:10C5100063EB430394EA050F00F0A780A4F1010444
:10C52000D5F1200E0DDB02FA0EFC22FA05F280187E
:10C5300041F1000103FA0EF2801843FA05F3594164
:10C540000EE0A5F120050EF1200E012A03FA0EFCE3
:10C5500028BF4CF0020C43FA05F3C01851EBE3710D
:10C5600001F0004507D54FF0000EDCF1000C7EEB2A
:10C5700000006EEB0101B1F5801F1BD3B1F5001F68
:10C580000CD349085FEA30004FEA3C0C04F1010487
:10C590004FEA445212F5800F80F09A80BCF1004FB0
:10C5A00008BF5FEA500C50F1000041EB045141EA32
:10C5B000050130BD5FEA4C0C404141EB0101013CFB
:10C5C00028BFB1F5801FE9D291F0000F04BF0146EA
:10C5D0000020B1FA81F308BF2033A3F10B03B3F1BC
:10C5E00020020CDA0C3208DD02F1140CC2F10C024C
:10C5F00001FA0CF021FA02F10CE002F11402D8BFAA
:10C60000C2F1200C01FA02F120FA0CFCDCBF41EA75
:10C610000C019040E41AA2BF01EB0451294330BD44
:10C620006FEA04041F3C1CDA0C340EDC04F1140421
:10C63000C4F1200220FA04F001FA02F340EA0300F8
:10C6400021FA04F345EA030130BDC4F10C04C4F13E
:10C65000200220FA02F001FA04F340EA030029461E
:10C6600030BD21FA04F0294630BD94F0000F83F468
:10C67000801306BF81F480110134013D4EE77FEA4B
:10C68000645C18BF7FEA655C29D094EA050F08BF97
:10C6900090EA020F05D054EA000C04BF1946104678
:10C6A00030BD91EA030F1EBF0021002030BD5FEABC
:10C6B000545C05D14000494128BF41F0004130BDE4
:10C6C00014F580043CBF01F5801130BD01F0004538
:10C6D00045F0FE4141F470014FF0000030BD7FEAAB
:10C6E000645C1ABF194610467FEA655C1CBF0B46A6
:10C6F000024650EA013406BF52EA033591EA030FBD
:10C7000041F4002130BD00BF90F0000F04BF0021B4
:10C71000704730B54FF4806404F132044FF00005E7
:10C720004FF0000150E700BF90F0000F04BF002160
:10C73000704730B54FF4806404F1320410F00045C6
:10C7400048BF40424FF000013EE700BF42004FEAC1
:10C75000E2014FEA31014FEA02701FBF12F07F433E
:10C7600093F07F4F81F06051704732F07F4208BFF5
:10C77000704793F07F4F04BF41F40021704730B5FC
:10C780004FF4607401F0004521F000411CE700BF48
:10C7900050EA010208BF704730B54FF000050AE0CB
:10C7A00050EA010208BF704730B511F0004502D5CC
:10C7B000404261EB41014FF4806404F132045FEACE
:10C7C000915C3FF4D8AE4FF003025FEADC0C18BF77
:10C7D00003325FEADC0C18BF033202EBDC02C2F169
:10C7E000200300FA03FC20FA02F001FA03FE40EAFB
:10C7F0000E0021FA02F11444BDE600BF70B54FF0FF
:10C80000FF0C4CF4E06C1CEA11541DBF1CEA1355DC
:10C8100094EA0C0F95EA0C0F00F0DEF82C4481EA44
:10C82000030621EA4C5123EA4C5350EA013518BF64
:10C8300052EA033541F4801143F4801338D0A0FB51
:10C8400002CE4FF00005E1FB02E506F00042E0FBFE
:10C8500003E54FF00006E1FB03569CF0000F18BF04
:10C860004EF0010EA4F1FF04B6F5007F64F54074AC
:10C8700004D25FEA4E0E6D4146EB060642EAC6213F
:10C8800041EA55514FEAC52040EA5E504FEACE2EAC
:10C89000B4F1FD0C88BFBCF5E06F1ED8BEF1004FAF
:10C8A00008BF5FEA500E50F1000041EB045170BD2B
:10C8B00006F0004646EA010140EA020081EA03016F
:10C8C000B4EB5C04C2BFD4EB0C0541EA045170BD6B
:10C8D00041F480114FF0000E013C00F3AB8014F1E5
:10C8E000360FDEBF002001F0004170BDC4F100042E
:10C8F000203C35DA0C341BDC04F11404C4F12005AF
:10C9000000FA05F320FA04F001FA05F240EA020009
:10C9100001F0004221F0004110EBD37021FA04F63F
:10C9200042EB06015EEA430E08BF20EAD37070BDF9
:10C93000C4F10C04C4F1200500FA04F320FA05F058
:10C9400001FA04F240EA020001F0004110EBD3705A
:10C9500041F100015EEA430E08BF20EAD37070BDCA
:10C96000C4F1200500FA05F24EEA020E20FA04F3A3
:10C9700001FA05F243EA020321FA04F001F0004152
:10C9800021FA04F220EA020000EBD3705EEA430EC3
:10C9900008BF20EAD37070BD94F0000F0FD101F0F2
:10C9A0000046400041EB010111F4801F08BF013C2B
:10C9B000F7D041EA060195F0000F18BF704703F069
:10C9C0000046520043EB030313F4801F08BF013DF0
:10C9D000F7D043EA0603704794EA0C0F0CEA1355AC
:10C9E00018BF95EA0C0F0CD050EA410618BF52EA66
:10C9F0004306D1D181EA030101F000414FF000006C
:10CA000070BD50EA410606BF1046194652EA430679
:10CA100019D094EA0C0F02D150EA013613D195EAED
:10CA20000C0F05D152EA03361CBF104619460AD135
:10CA300081EA030101F0004141F0FE4141F470013F
:10CA40004FF0000070BD41F0FE4141F4780170BD2F
:10CA500070B54FF0FF0C4CF4E06C1CEA11541DBF94
:10CA60001CEA135594EA0C0F95EA0C0F00F0A7F896
:10CA7000A4EB050481EA030E52EA03354FEA0131C3
:10CA800000F088804FEA03334FF0805545EA1313D6
:10CA900043EA12634FEA022245EA111545EA10659E
:10CAA0004FEA00260EF000419D4208BF964244F135
:10CAB000FD0404F5407402D25B084FEA3202B61A54
:10CAC00065EB03055B084FEA32024FF480104FF428
:10CAD000002CB6EB020E75EB030E22BFB61A75469C
:10CAE00040EA0C005B084FEA3202B6EB020E75EB2F
:10CAF000030E22BFB61A754640EA5C005B084FEA97
:10CB00003202B6EB020E75EB030E22BFB61A754663
:10CB100040EA9C005B084FEA3202B6EB020E75EB6E
:10CB2000030E22BFB61A754640EADC0055EA060E2F
:10CB300018D04FEA051545EA16754FEA06164FEA72
:10CB4000C30343EA52734FEAC2025FEA1C1CC0D11E
:10CB500011F4801F0BD141EA00014FF000004FF0AB
:10CB6000004CB6E711F4801F04BF01430020B4F16C
:10CB7000FD0C88BFBCF5E06F3FF6AFAEB5EB030C24
:10CB800004BFB6EB020C5FEA500C50F1000041EB21
:10CB9000045170BD0EF0004E4EEA113114EB5C04EE
:10CBA000C2BFD4EB0C0541EA045170BD41F48011C1
:10CBB0004FF0000E013C90E645EA060E8DE60CEAC9
:10CBC000135594EA0C0F08BF95EA0C0F3FF43BAFE6
:10CBD00094EA0C0F0AD150EA01347FF434AF95EA9D
:10CBE0000C0F7FF425AF104619462CE795EA0C0F81
:10CBF00006D152EA03353FF4FDAE1046194622E74E
:10CC000050EA410618BF52EA43067FF4C5AE50EA27
:10CC100041047FF40DAF52EA43057FF4EBAE12E717
:10CC20004FF0FF3C06E000BF4FF0010C02E000BFF8
:10CC30004FF0010C4DF804CD4FEA410C7FEA6C5CDB
:10CC40004FEA430C18BF7FEA6C5C1BD001B050EA7E
:10CC5000410C0CBF52EA430C91EA030F02BF90EA69
:10CC6000020F0020704710F1000F91EA030F58BF28
:10CC7000994208BF90422CBFD8176FEAE37040F08A
:10CC8000010070474FEA410C7FEA6C5C02D150EA28
:10CC9000013C07D14FEA430C7FEA6C5CD6D152EAE3
:10CCA000033CD3D05DF8040B704700BF84461046A8
:10CCB00062468C461946634600E000BF01B5FFF7A7
:10CCC000B7FF002848BF10F1000F01BD4DF808ED77
:10CCD000FFF7F4FF0CBF012000205DF808FB00BF48
:10CCE0004DF808EDFFF7EAFF34BF012000205DF8A2
:10CCF00008FB00BF4DF808EDFFF7E0FF94BF0120EF
:10CD000000205DF808FB00BF4DF808EDFFF7CEFFEF
:10CD100094BF012000205DF808FB00BF4DF808ED2E
:10CD2000FFF7C4FF34BF012000205DF808FB00BFFF
:10CD30004FEA410C7FEA6C5C02D150EA013C0AD117
:10CD40004FEA430C7FEA6C5C02D152EA033C02D109
:10CD50004FF0000070474FF0010070474FEA41026A
:10CD600012F5001215D211D56FF47873B3EB62523D
:10CD700012D94FEAC12343F0004343EA505311F064
:10CD8000004F23FA02F018BF404270474FF00000F6
:10CD9000704750EA013005D111F0004008BF6FF034
:10CDA000004070474FF00000704700BF4A0011D2AA
:10CDB00012F5001211D20DD56FF47873B3EB6252F5
:10CDC0000ED44FEAC12343F0004343EA505323FA01
:10CDD00002F070474FF00000704750EA013002D176
:10CDE0004FF0FF3070474FF0000070474FEA4102AC
:10CDF000B2F1E04324BFB3F5001CDCF1FE5C0DD9B9
:10CE000001F0004C4FEAC0024CEA5070B2F1004F02
:10CE100040EB830008BF20F00100704711F0804F05
:10CE200021D113F13872BCBF01F00040704741F4CA
:10CE300080114FEA5252C2F11802C2F1200C10FACE
:10CE40000CF320FA02F018BF40F001004FEAC123B2
:10CE50004FEAD32303FA0CFC40EA0C0023FA02F356
:10CE60004FEA4303CCE77FEA625307D150EA01332C
:10CE70001EBF4FF0FE4040F44000704701F00040FC
:10CE800040F0FE4040F40000704700BF4FF0FF3C10
:10CE900006E000BF4FF0010C02E000BF4FF0010CB4
:10CEA0004DF804CD4FEA40024FEA41037FEA226C7D
:10CEB00018BF7FEA236C11D001B052EA530C18BF9F
:10CEC00090EA010F58BFB2EB030088BFC81738BF04
:10CED0006FEAE17018BF40F0010070477FEA226CF2
:10CEE00002D15FEA402C05D17FEA236CE4D15FEAEE
:10CEF000412CE1D05DF8040B704700BF8446084622
:10CF00006146FFE70FB5FFF7C9FF002848BF10F1E2
:10CF1000000F0FBD4DF808EDFFF7F4FF0CBF012027
:10CF200000205DF808FB00BF4DF808EDFFF7EAFFB1
:10CF300034BF012000205DF808FB00BF4DF808ED6C
:10CF4000FFF7E0FF94BF012000205DF808FB00BF61
:10CF50004DF808EDFFF7D2FF94BF012000205DF8E7
:10CF600008FB00BF4DF808EDFFF7C8FF34BF0120F4
:10CF700000205DF808FB00BF4FEA40024FEA410382
:10CF80007FEA226C02D15FEA402C08D17FEA236C51
:10CF900002D15FEA412C02D14FF0000070474FF000
:10CFA0000100704753B94AB9002908BF00281CBFC7
:10CFB0004FF0FF314FF0FF3000F09CB9ADF1080C9D
:10CFC0006DE904CE00F03CF8DDF804E0DDE9022371
:10CFD00004B0704738B50022002304460D46FFF721
:10CFE0007FFE28B920462946BDE8384000F00AB83F
:10CFF000204605F1004100F005F8404261EB410197
:10D0000038BD00BFD0B500220B4B06460F46FFF7D8
:10D01000F5FBFFF7CBFE0446FFF776FB0022074B3C
:10D02000FFF7ECFB02460B4630463946FFF72EFA77
:10D03000FFF7BCFE2146D0BD0000F03D0000F041EE
:10D040002DE9F047089D0E4604468E46002B4CD134
:10D050008A429446B2FA82F362D953B102FA03FCCF
:10D06000C3F1200201FA03FE20FA02F242EA0E0E98
:10D070009C404FEA1C47BEFBF7F11FFA8CF607FBFA
:10D0800011EE01FB06F0220C42EA0E4290420AD950
:10D090001CEB020201F1FF3E80F00E81904240F253
:10D0A0000B8102396244121AB2FBF7F007FB10221F
:10D0B00000FB06F6A4B244EA0244A6420AD91CEBDD
:10D0C000040400F1FF3280F0F980A64240F2F680BD
:10D0D0006444023840EA01400021A41B1DB1DC4039
:10D0E0000023C5E90043BDE8F0878B4205D90DB1A7
:10D0F000C5E9000100210846F5E7B3FA83F10029EC
:10D1000042D1B34202D3824200F2EE80841A66EB2F
:10D11000030201209646002DE5D0C5E9004EE2E766
:10D12000002B40F08C80881A0121170C96B2B0FBBE
:10D13000F7FE07FB1E00220C42EA004206FB0EF03F
:10D14000904208D91CEB02020EF1FF3802D2904245
:10D1500000F2CC80C646121AB2FBF7F007FB102291
:10D1600000FB06F6A4B244EA0244A64208D91CEB2E
:10D17000040400F1FF3202D2A64200F2B28010464F
:10D18000A41B40EA0E40A9E7C1F120078B4022FA18
:10D1900007FC4CEA030C26FA07FA4FEA1C48BAFBD4
:10D1A000F8FE06FA01F308FB1EAA1FFA8CF620FA15
:10D1B00007F400FA01F90EFB06F023431C0C44EAC5
:10D1C0000A44A04202FA01F20BD91CEB04040EF14E
:10D1D000FF3A80F08480A04240F28180AEF1020EDE
:10D1E0006444241A98B2B4FBF8F308FB134403FB1D
:10D1F00006F640EA0444A64208D91CEB040403F1F5
:10D20000FF3068D2A64266D9023B644443EA0E402E
:10D21000A41BA0FB02E6B4427346B04652D34FD0E3
:10D220005DB1B9EB030264EB080404FA07F722FAD4
:10D2300001F31F43CC40C5E90074002153E702FA13
:10D2400003FCC3F12000C1404FEA1C47B1FBF7FECD
:10D2500007FB1E1124FA00F09E403043020C1FFA17
:10D260008CF642EA01420EFB06F1914204FA03F405
:10D2700009D91CEB02020EF1FF382ED291422CD9B3
:10D28000AEF1020E6244521AB2FBF7F107FB112213
:10D2900080B240EA024001FB06F2824208D91CEB50
:10D2A000000001F1FF3814D2824212D902396044E1
:10D2B000801A41EA0E413AE77146F4E6104609E762
:10D2C000F145ADD2BEEB020366EB0C060138B04669
:10D2D000A6E74146ECE7034698E7C646D3E7D646BD
:10D2E0007FE7644402384BE7084614E7AEF1020ECC
:10D2F000624430E7704700BF00F000B8F6F7DEBDCB
:10D3000030B5224A21F00043934287B01BD9204A0E
:10D31000934205D902460B46FFF7B8F807B030BD77
:10D3200002AA00F019FA00F0030001281FD0022819
:10D3300011D018BBDDE90423DDE9020101240094CA
:10D3400000F052F9EAE7002400220023009400F0E4
:10D350004BF907B030BD0124DDE90423DDE902010A
:10D36000009400F041F901F1004107B030BDDDE962
:10D370000423DDE9020100F00FF8CFE7DDE9042323
:10D38000DDE9020100F008F8EDE700BFFB21E93F0D
:10D39000FFFFEF7F000000002DE9F04F21F0004873
:10D3A000B8F1795F06460F4692469B4685B06DD22E
:10D3B000FFF7D4FC002800F0ED8032463B463046B3
:10D3C0003946FFF71BFA76A3D3E9002304460D463E
:10D3D000FFF714FA74A3D3E90023FFF759F82246A4
:10D3E0002B46FFF70BFA72A3D3E90023FFF74EF8A1
:10D3F00022462B46FFF702FA6FA3D3E90023FFF77B
:10D4000047F822462B46FFF7F9F96DA3D3E900232D
:10D41000FFF73CF822462B46FFF7F0F96AA3D3E961
:10D420000023FFF735F822462B46FFF7E7F9CDE951
:10D430000001002220462946654BFFF7DFF9DDE9B0
:10D4400000238046894620462946FFF7D7F94446FF
:10D450004D468046894652465B4630463946FFF780
:10D46000CDF902460B4640464946FFF70FF8024603
:10D470000B4620462946FFF709F802460B460020D6
:10D480005449FFF703F805B0BDE8F08F02460B469C
:10D49000FFF7B4F942A3D3E9002304460D46FFF792
:10D4A000ADF941A3D3E90023FEF7F2FF22462B4654
:10D4B000FFF7A4F93EA3D3E90023FEF7E7FF2246D6
:10D4C0002B46FFF79BF93CA3D3E90023FEF7E0FFCF
:10D4D00022462B46FFF792F939A3D3E90023FEF742
:10D4E000D5FF22462B46FFF789F937A3D3E900235E
:10D4F000FEF7CEFF2B462246FFF780F9364BCDE9EB
:10D500000001984595D9354B002298453AD8A8F5A1
:10D51000001300202F4990469946FEF7B7FFCDE94A
:10D520000201002220462946294BFFF767F94246AF
:10D530004B46FEF7ABFFDDE90023804689462046D7
:10D540002946FFF75BF944464D46804689465246D8
:10D550005B4630463946FFF751F902460B464046D6
:10D560004946FEF793FF02460B4620462946FEF742
:10D570008DFF02460B46DDE90201FEF787FF05B08D
:10D58000BDE8F08F164B4FF00008CDE90223DFF81D
:10D590005490C6E700200F4905B0BDE8F08F00BFEA
:10D5A000D43888BEE9FAA8BDC4B1B4BD9EEE213E10
:10D5B000AD529C804F7E923E9015CB19A001FA3E51
:10D5C0007751C1166CC1563F4C5555555555A53F21
:10D5D0000000E03F0000F03F3233D33F0000E93F5E
:10D5E0000000E73F0000D23F2DE9F04F83B0CDE9C6
:10D5F000002321F00043B3F1795F04460D4604D2C5
:10D60000FFF7ACFB002800F0858022462B46204621
:10D610002946FFF7F3F806460F4632463B462046BA
:10D620002946FFF7EBF83EA3D3E9002382468B4659
:10D6300030463946FFF7E2F83BA3D3E90023FEF773
:10D6400025FF32463B46FFF7D9F839A3D3E900233B
:10D65000FEF71EFF32463B46FFF7D0F836A3D3E96C
:10D660000023FEF713FF32463B46FFF7C7F834A30B
:10D67000D3E90023FEF70CFF0C9B804689469BB341
:10D68000DDE900010022324BFFF7B8F842464B4675
:10D690008046894650465946FFF7B0F802460B4689
:10D6A00040464946FEF7F2FE32463B46FFF7A6F8F3
:10D6B000DDE90023FEF7EAFE23A3D3E900230646B3
:10D6C0000F4650465946FFF799F802460B4630463A
:10D6D0003946FEF7DDFE02460B4620462946FEF798
:10D6E000D5FE03B0BDE8F08F02460B463046394602
:10D6F000FFF784F814A3D3E90023FEF7C7FE5246D0
:10D700005B46FFF77BF822462B46FEF7C1FE03B0CF
:10D71000BDE8F08F2046294603B0BDE8F08F00BF7A
:10D720007CD5CF5A3AD9E53DEB9C2B8AE6E55A3EAB
:10D730007DFEB157E31DC73ED561C119A0012A3F47
:10D74000A6F810111111813F495555555555C53F42
:10D750000000E03F000000002DE9F04F844B21F075
:10D7600000459D428046894614468FB040F28A802B
:10D77000804B0E469D4228D873A3D3E9002300298D
:10D7800040F39D81FEF782FE7B4B06469D420F468D
:10D7900000F089806EA3D3E90023FEF777FE0246EE
:10D7A0000B463046394616461F46FEF76FFE68A305
:10D7B000D3E90023FEF76AFEC4E900670127C4E944
:10D7C000020138460FB0BDE8F08F6C4B9D4240F22D
:10D7D00084806B4B9D425DD82F15A7F21647A5EBB1
:10D7E00007518946FFF7BAFAFEF79EFF02460B463D
:10D7F00040464946CDE90823FEF748FE0022614B2A
:10D80000FEF7FCFF89468046FFF7A8FAFEF78CFF7B
:10D8100002460B4640464946CDE90A23FEF736FE4E
:10D820000022584BFEF7EAFF03254FF000084FF0A7
:10D830000009CDE90C010DF1380A42467AE90201EE
:10D840004B46AB46013DFFF741FA0028F5D10225D2
:10D850004D493A4601915B46214608A8009500F0E3
:10D8600085F9002E0746ACDA60682268E16800F1AD
:10D870000043C4E90023A26801F10043C4E9022384
:10D880007F429EE700220023C4E90089C4E9022305
:10D89000002796E702460B46FEF7F8FDC4E90201B1
:10D8A000C4E90001F4E72CA3D3E90023FEF7EEFD61
:10D8B0002BA3D3E9002380468946FEF7E7FD064601
:10D8C0000F4632463B4640464946FEF7DFFD24A35D
:10D8D000D3E90023FEF7DAFD6EE700F043F922A357
:10D8E000D3E9002380468946FEF788FF0022274BB4
:10D8F000FEF7CEFDFFF732FA0746FEF715FF0246A8
:10D900000B46CDE9042310A3D3E90023FEF776FFED
:10D9100002460B4640464946FEF7B8FD0CA3D3E944
:10D92000002382468B46DDE90401FEF767FF1F2FC7
:10D93000CDE902012EDC164B7A1E53F82230AB42A1
:10D9400028D002460B4699E000004054FB21F93FE5
:10D950003163621A61B4D03D0000601A61B4D03DF9
:10D960007370032E8A19A33B83C8C96D305FE43FEF
:10D97000FB21E93F7BD90240FB21F93FFB213941E3
:10D98000FFFFEF7F0000704198A402000000E03F1D
:10D9900018A40200DDE9022350465946FEF776FD41
:10D9A0002B150793C1F30A53C3EB1553102B804675
:10D9B000894669DD60A3D3E90023DDE90401FEF7B0
:10D9C0001DFF8046894642464B4650465946FEF763
:10D9D0005DFD02460B465046594692469B46FEF771
:10D9E00055FD42464B46FEF751FD55A3D3E90023B2
:10D9F00080468946DDE90401FEF700FF42464B46BA
:10DA0000FEF744FD02460B4650465946CDE9022337
:10DA1000FEF73CFD079AC1F30A53D31A312B804617
:10DA2000894631DD48A3D3E90023DDE90401FEF78F
:10DA3000E5FE8046894642464B4650465946FEF72B
:10DA400025FD02460B465046594692469B46FEF738
:10DA50001DFD42464B46FEF719FD3DA3D3E90023C9
:10DA600080468946DDE90401FEF7C8FE42464B4682
:10DA7000FEF70CFD02460B46CDE9022350465946FF
:10DA8000FEF704FD8046894642464B4650465946BD
:10DA9000C4E90089FEF7FAFCDDE90223FEF7F6FC93
:10DAA000002EC4E90201BFF68CAE09F10042C4E9C0
:10DAB000008201F10042C4E902027F4281E6FEF7E2
:10DAC000E7FC274B06469D420F4618D022A3D3E918
:10DAD0000023FEF7DDFC02460B463046394616466B
:10DAE0001F46FEF7D3FC1CA3D3E90023FEF7D0FCAE
:10DAF000C4E90067C4E902014FF0FF3761E60EA3F5
:10DB0000D3E90023FEF7C4FC0DA3D3E9002380462C
:10DB10008946FEF7BDFC06460F4632463B46404668
:10DB20004946FEF7B3FC06A3D3E90023FEF7B0FC99
:10DB3000DEE700BFAFF300800000601A61B4D03DA3
:10DB40007370032E8A19A33B0000002E8A19A33B91
:10DB5000C14920259A837B393163621A61B4D03D73
:10DB6000FB21F93F21F00043194670472DE9F04FA2
:10DB7000ADF51B7DBD4CA49D9C4654F82540013B52
:10DB800012F1140F814605940C910393C0F2A88200
:10DB9000B749D31E81FB0301DB17C3EBA103079336
:10DBA0000133A3EB8303DB00D318079A0D930CF129
:10DBB000FF33D61A059A12EB03081CD408F10108AA
:10DBC00000240025E346DDF894A2B04422AF08E02B
:10DBD0005AF82600FEF7A8FD01364645E7E802019F
:10DBE00008D0002EF4DA2046294601364645E7E8FB
:10DBF0000201F6D1DC46059B002BA9F10803049332
:10DC0000B8BF4FEACC0637DBDDF80C9003EBCC084D
:10DC10004B460DF5E47BD9469B4622AA02EBCC0A83
:10DC2000059A4FEACC0662440192CDF808C00696E8
:10DC3000039B002BC0F29A81574600240025049EC6
:10DC400077E90223F6E90201FEF7D8FD02460B460A
:10DC500020462946FEF71CFC464504460D46EFD1FA
:10DC6000019B0BF1010B9B45E9E802450AF1080A0B
:10DC7000DED1DDF808C0069E059A049B934603EBAF
:10DC8000060A0EAB03EB8203043B08930EAB03EBD7
:10DC90008206CDE909A60D9FCDF82CC09AAB4FEABC
:10DCA000CB0203EBCB03BBF1000F019253E92845F4
:10DCB0002BDD0DF5E47A0DF138090AEB0208029725
:10DCC00000226C4B20462946FEF798FDFFF746F8E8
:10DCD000FEF72AFD0022684B06460F46FEF78EFD32
:10DCE00002460B4620462946FEF7D0FBFFF736F8E2
:10DCF00078E9022349F8040B39463046FEF7C8FBA1
:10DD0000D04504460D46DBD1029F204629463A46BF
:10DD100000F03EFB00224FF07F5304460D46FEF715
:10DD20006DFD00F0B5FB0022544BFEF767FD024687
:10DD30000B4620462946FEF7A9FB0D460446FFF791
:10DD40000DF80646FEF7F0FC02460B462046294633
:10DD5000FEF79CFB002F8046894640F391800BF133
:10DD6000FF300EAB53F82030C7F1180243FA02F12E
:10DD700001FA02F29B1A0EAA42F82030C7F11702EC
:10DD800043FA02F5002D0E4400F3D8800022002350
:10DD900040464946FEF79AFF002800F05282059B54
:10DDA0009B450DDD00220EAB0A9803EB8B0353F865
:10DDB000041D834242EA0102F9D1002A40F0D980D1
:10DDC000059B0EAA013B52F82330002B40F0CA807D
:10DDD0000123089A52F8041D01330029FAD05B444C
:10DDE0000BF1010807990B9A08EB010A0AF1804A26
:10DDF000A5990AF1FF3A5A44019E01EB8A0A22A929
:10DE000001EBC209DDF824B072AA1644029306970A
:10DE1000CDF804A0019B53F8040F0193FEF784FC96
:10DE2000039BE9E80201002B1DDBCA460024002504
:10DE3000049F7AE90223F7E90201FEF7DFFC0246BC
:10DE40000B4620462946FEF723FB5F4504460D4658
:10DE5000EFD1029B08F101084345E6E90245D9DA12
:10DE60009B46069F1AE700240025F2E7E0A5020082
:10DE7000ABAAAA2A0000703E0000704100002040BA
:10DE800053D10BF1FF330EAA52F82350ED15002D9C
:10DE90007FF77CAFBBF1000F06F1010640F3418232
:10DEA00000220EAB53F8044B002C3AD0C4F180741E
:10DEB0006FF07F4043F8044C03E01968411A43F8BF
:10DEC000041B01329345F8DC0124002F0DDD012FE6
:10DED0003DD0022F09D10BF1FF320EAB53F82230A7
:10DEE0000EA9C3F3150341F82230022D7FF44EAF83
:10DEF00042464B4600208F49FEF7C8FA80468946C5
:10DF0000002C3FF443AF3A4600208A4900F040FA23
:10DF100002460B4640464946FEF7B8FA8046894617
:10DF200034E701329345BDDCCFE70022824BFEF798
:10DF3000EBFE002840F0C280054627E7BBF1000F4A
:10DF4000D8BF002406F10106AADC012FC1D10BF1D4
:10DF5000FF320EAB53F822300EA9C3F3160341F87B
:10DF60002230C2E70BF1010843463BE700240025BD
:10DF700076E60D9B0BF1FF34A3F118020EAB53F8BC
:10DF80002430069604950D9263B90BF18043013B52
:10DF90000EA901EB830353F8041D013C183A002934
:10DFA000F9D00D9200200D9A624900F0F1F9002C91
:10DFB00006460F46C0F2C18104F1010A4FEACA02C7
:10DFC0004FF0000893460EAB03EB8A05DFF86C9127
:10DFD00072AB03EBCA0A55F8040DFEF7A5FB3246F7
:10DFE0003B46FEF70BFC4B466AE9020142463046CF
:10DFF0003946FEF703FC0EAB9D4206460F46EAD1BA
:10E000005A464FF00009ABF108034AA972A800EB89
:10E01000030AA3460B46CDE907425246CA46DDF83D
:10E0200014900391B9F1000FC0F281809046002650
:10E0300000240025CDE90132414F01E0564510DCB6
:10E04000F7E90223F8E80201FEF7D8FB02460B4687
:10E0500020462946FEF71CFA0136B14504460D4616
:10E06000ECDADDE901320BF1FF3BBBF1FF3FE3E806
:10E0700002450AF1010AA2F10802D3D1DDE9074203
:10E08000A49B022B5EDC002B2FDC10D10020002192
:10E09000039DAC1874E90223FEF7FAF9AC42F9D1FA
:10E0A000049B002B40F039810C9BC3E90001069BC7
:10E0B00003F007000DF51B7DBDE8F08FBBF1000FED
:10E0C000C8BF022506F101063FF7EAAE42464B46BD
:10E0D00000201849FEF7DAF902258046894655E600
:10E0E00000216FF0170307915EE5039B00260027D0
:10E0F00098469D18304675E902233946FEF7C8F95F
:10E10000454506460F46F5D10B460246DDE94A0174
:10E11000FEF7BCF9049B002B00F0E2800C9D07F198
:10E120000042C5E90062002C40F0DE80E8E00024F7
:10E13000002598E70000F03F0000E03F0000703E3F
:10E1400098A50200A49B032BB1D1002C00F00581FF
:10E15000039B4FEAC40803EBC405A946D5E9006751
:10E1600001950294059559E9024530463946224603
:10E170002B46FEF78DF9B246BB4606460F463246A1
:10E180003B4620462946FEF781F95B465246FEF79C
:10E190007FF9C9E9000169E90267039B9945E2D16A
:10E1A000029C059D012C00F0D880D5E90045039B19
:10E1B000DDF8049003F1080BCDF80480D84659E946
:10E1C00002672046294632463B46FEF761F9A246E1
:10E1D000AB4604460D4622462B4630463946FEF7EE
:10E1E00055F952465B46FEF753F9C9E9000169E962
:10E1F0000245C845E3D100200021DDF80480039BDF
:10E2000008F108041C4403F1100574E90223FEF729
:10E210003FF9A542F9D1DDE94A56039BD3E90278DB
:10E22000049B002B46D10C9BC3E90401C3E90056B3
:10E23000C3E90278069B03F007000DF51B7DBDE8DE
:10E24000F08F06960D9E404649467242049500F0B6
:10E250009FF800224B4B5F4680468946FEF754FDEF
:10E26000F8B10022484B40464946FEF7C7FAFEF790
:10E2700075FD0546FEF758FA0022424BFEF7BEFA3E
:10E280000B46024649464046FEF700F9FEF766FD9A
:10E290007C1C0EAB183643F82B000D9643F8245027
:10E2A00080E640464946FEF759FD0EAB5C4643F812
:10E2B0002B0077E60C9B2C4606F100455D601D4661
:10E2C0001C6008F10043C5E90273069B01F100429E
:10E2D000C5E9040203F007000DF51B7DBDE8F08FD2
:10E2E0000C9BC3E9006774B10125DDF80C80013592
:10E2F000F8E90223FEF7CCF8AC42F8DA049B13B13C
:10E3000001F1004319460C9BC3E90201069B03F08F
:10E3100007000DF51B7DBDE8F08F01F100431946A4
:10E32000C2E6022D7FF432AD02460B4600201749AB
:10E33000FEF7ACF88046894628E5A49B022B06DC54
:10E34000002B0DDC7FF4B3AE00200021A8E6A49BD7
:10E35000032B7FF4ACAE4AAB0393002000215AE7B5
:10E36000049BDDE94A0133B100224FF000430C9CCD
:10E37000C4E90023C4E7002200230C9CC4E9002365
:10E38000C1E700BF000070410000703E0000F03F98
:10E390002DE9F0411646C1F30A52074688460B465E
:10E3A0006ABB21F00043034327D0334B0022FEF722
:10E3B00025FA324B07469E4288463CDB0B46C1F3AA
:10E3C0000A52363A4CF250318E4221DC164440F269
:10E3D000FE7296421CDC002E26DC16F1350F31DB76
:10E3E00023F0FF4121F4E001363641EA06550022D0
:10E3F00038462946224BFEF701FABDE8F08140F28B
:10E40000FF7C6245DED10246FEF742F8BDE8F081AE
:10E41000454615A3D3E9002363F31E052946194891
:10E42000FEF7ECF9BDE8F0816FF31E53384643EA7E
:10E430000651BDE8F0810EA3D3E90023FEF7DEF913
:10E44000BDE8F08108F0004444F0D27141F4B731E6
:10E4500007A3D3E900230C4841F01F01FEF7CEF9D2
:10E46000CBE700BFAFF300809C7500883CE4377EAB
:10E4700059F3F8C21F6EA50100005043B03CFFFFE6
:10E480000000903C9C75008859F3F8C20000000021
:10E49000C1F30A5C2DE9F041ACF2FF35132D0246C1
:10E4A0000B460C46064632DC002D20DBDFF8E08010
:10E4B0000F4648FA05F801EA080C5CEA000C2BD07C
:10E4C00031A3D3E90023FDF7E3FF00220023FEF789
:10E4D00025FC40B1002C03DA4FF480132B411F447C
:10E4E000002627EA080421463046BDE8F08126A32D
:10E4F000D3E90023FDF7CCFF00220023FEF70EFC3A
:10E500000028F0D0002C27DB00263446EBE7332D23
:10E5100006DDB5F5806F1CD010461946BDE8F081C8
:10E520004FF0FF37ACF2134C27FA0CF70742F3D049
:10E5300015A3D3E90023FDF7ABFF00220023FEF76C
:10E54000EDFB0028CFD0002C33460CDB23EA070676
:10E55000C9E7FDF79DFFE1E724F0004426430DD114
:10E560004FF00044BFE7142D06D00122C5F1340559
:10E57000AA401344B342E9D20134E7E70026054C30
:10E58000B1E700BFAFF300809C7500883CE4377EA4
:10E59000FFFF0F000000F0BF3E410C411141274139
:10E5A00036410341064115410F410E4126411341B9
:10E5B0002941024119410A410B41000000010001BB
:10E5C000020203034865617020616E642073746108
:10E5D000636B20636F6C6C6973696F6E0A00000077
:10E5E0004F7574206F662068656170206D656D6F72
:10E5F00072790A0000000000B71DC1046E3B820959
:10E60000D926430DDC7604136B6BC517B24D861A01
:10E610000550471EB8ED08260FF0C922D6D68A2F1E
:10E6200061CB4B2B649B0C35D386CD310AA08E3C3D
:10E63000BDBD4F3870DB114CC7C6D0481EE09345B6
:10E64000A9FD5241ACAD155F1BB0D45BC296975685
:10E65000758B5652C836196A7F2BD86EA60D9B63F0
:10E6600011105A6714401D79A35DDC7D7A7B9F7081
:10E67000CD665E74E0B6239857ABE29C8E8DA19177
:10E68000399060953CC0278B8BDDE68F52FBA582CD
:10E69000E5E66486585B2BBEEF46EABA3660A9B75A
:10E6A000817D68B3842D2FAD3330EEA9EA16ADA479
:10E6B0005D0B6CA0906D32D42770F3D0FE56B0DDA8
:10E6C000494B71D94C1B36C7FB06F7C32220B4CE89
:10E6D000953D75CA28803AF29F9DFBF646BBB8FB74
:10E6E000F1A679FFF4F63EE143EBFFE59ACDBCE8F5
:10E6F0002DD07DEC77708634C06D4730194B043DCA
:10E70000AE56C539AB0682271C1B4323C53D002EE0
:10E710007220C12ACF9D8E1278804F16A1A60C1BA5
:10E7200016BBCD1F13EB8A01A4F64B057DD008085C
:10E73000CACDC90C07AB9778B0B6567C69901571F5
:10E74000DE8DD475DBDD936B6CC0526FB5E6116264
:10E7500002FBD066BF469F5E085B5E5AD17D1D57A7
:10E760006660DC5363309B4DD42D5A490D0B194420
:10E77000BA16D84097C6A5AC20DB64A8F9FD27A53A
:10E780004EE0E6A14BB0A1BFFCAD60BB258B23B62C
:10E790009296E2B22F2BAD8A98366C8E41102F8361
:10E7A000F60DEE87F35DA9994440689D9D662B9018
:10E7B0002A7BEA94E71DB4E0500075E4892636E927
:10E7C0003E3BF7ED3B6BB0F38C7671F7555032FA68
:10E7D000E24DF3FE5FF0BCC6E8ED7DC231CB3ECF2B
:10E7E00086D6FFCB8386B8D5349B79D1EDBD3ADC94
:10E7F0005AA0FBD8EEE00C6959FDCD6D80DB8E6030
:10E8000037C64F643296087A858BC97E5CAD8A73B1
:10E81000EBB04B77560D044FE110C54B38368646AA
:10E820008F2B47428A7B005C3D66C158E44082558D
:10E83000535D43519E3B1D252926DC21F0009F2C72
:10E84000471D5E28424D1936F550D8322C769B3F35
:10E850009B6B5A3B26D6150391CBD40748ED970AFC
:10E86000FFF0560EFAA011104DBDD014949B9319D1
:10E870002386521D0E562FF1B94BEEF5606DADF8A3
:10E88000D7706CFCD2202BE2653DEAE6BC1BA9EBFD
:10E890000B0668EFB6BB27D701A6E6D3D880A5DE66
:10E8A0006F9D64DA6ACD23C4DDD0E2C004F6A1CD49
:10E8B000B3EB60C97E8D3EBDC990FFB910B6BCB444
:10E8C000A7AB7DB0A2FB3AAE15E6FBAACCC0B8A7B9
:10E8D0007BDD79A3C660369B717DF79FA85BB49200
:10E8E0001F4675961A163288AD0BF38C742DB081C5
:10E8F000C330718599908A5D2E8D4B59F7AB0854C2
:10E9000040B6C95045E68E4EF2FB4F4A2BDD0C4710
:10E910009CC0CD43217D827B9660437F4F46007231
:10E92000F85BC176FD0B86684A16476C933004612C
:10E93000242DC565E94B9B115E565A158770191831
:10E94000306DD81C353D9F0282205E065B061D0B94
:10E95000EC1BDC0F51A69337E6BB52333F9D113EB3
:10E960008880D03A8DD097243ACD5620E3EB152DF0
:10E9700054F6D4297926A9C5CE3B68C1171D2BCCE6
:10E98000A000EAC8A550ADD6124D6CD2CB6B2FDFDC
:10E990007C76EEDBC1CBA1E376D660E7AFF023EA6D
:10E9A00018EDE2EE1DBDA5F0AAA064F4738627F968
:10E9B000C49BE6FD09FDB889BEE0798D67C63A8043
:10E9C000D0DBFB84D58BBC9A62967D9EBBB03E9318
:10E9D0000CADFF97B110B0AF060D71ABDF2B32A6B7
:10E9E0006836F3A26D66B4BCDA7B75B8035D36B5E4
:10E9F000B440F7B10A4275696C6420706172616D50
:10EA000065746572733A200A000000005F5F7665E6
:10EA100063746F725F7461626C655F73746172744A
:10EA20003A203078252E386C580A00005F657665EC
:10EA300063746F725F7461626C653A203078252E62
:10EA4000386C580A000000005F5F746578745F736B
:10EA5000746172743A203078252E386C580A0000A0
:10EA60005F65746578743A203078252E386C580AC2
:10EA7000000000005F5F65786964785F737461729D
:10EA8000743A203078252E386C580A005F5F65781C
:10EA90006964785F656E643A203078252E386C584A
:10EAA0000A0000005F5F646174615F737461727477
:10EAB0003A203078252E386C580A00005F65646172
:10EAC00074613A203078252E386C580A0000000016
:10EAD0005F5F6273735F73746172745F5F3A20305B
:10EAE00078252E386C580A005F656273733A2030BF
:10EAF00078252E386C580A005F5F686561705F7317
:10EB0000746172745F5F3A203078252E386C580A31
:10EB1000000000005F65686561703A203078252E3E
:10EB2000386C580A000000005F5F737461636B5FAC
:10EB300073746172745F5F3A203078252E386C5898
:10EB40000A0000005F65737461636B3A20307825BA
:10EB50002E386C580A0000005F656E643A203078E9
:10EB6000252E386C580A00000A0A000020202020B8
:10EB70002020202020202020202020200000000015
:10EB80003030303030303030303030303030303085
:10EB9000000000006E616E004E414E00696E66001E
:10EBA000494E46002D0000002B0000002000000010
:10EBB000000000002E000000286E756C6C2900001B
:10EBC000686C6A7A744C0000303132333435363731
:10EBD00038394142434445464748494A4B4C4D4EDB
:10EBE0004F505152535455565758595A000000002F
:10EBF000202B2D2330215E000100000002000000C8
:10EC000004000000080000001000000020000000C8
:10EC10004000000000000000FFFF7F0000007800BF
:10EC200000001E0000000000FFFF87FF000080FFC3
:10EC300000000C0000007800000102030405060734
:10EC4000000102030405060708098B000102030402
:10EC500005060708090A0B0C0D0E0F1011121314EC
:10EC600015161718191A1B1C1D1E00005C00000049
:10EC700064000000680000006C0000001D0000003F
:10EC80002256657273696F6E223A2053686F7773EC
:10EC900020686172647761726520616E64206669C4
:10ECA000726D776172652076657273696F6E206927
:10ECB0006E666F2E0000000056455253494F4E00BD
:10ECC0005265616446706761203C6164647265737B
:10ECD000733E000052454144465047410000000049
:10ECE000577269746546706761203C61646472653F
:10ECF00073733E2C3C76616C75653E0057524954E7
:10ED000045465047410000005228656164467067DF
:10ED10006129203C616464726573733E00000000E9
:10ED20005200000057287269746546706761292097
:10ED30003C616464726573733E2C3C76616C7565EE
:10ED40003E000000570000002246534D44616373AB
:10ED5000203C413E2C3C423E2C3C433E223A205338
:10ED60006574732F717565726965732074686520A9
:10ED700046534D20442F41277320286865786164ED
:10ED80006563696D616C206C736220756E69747364
:10ED9000292E000046534D44414353002244284647
:10EDA000534D4461637329203C413E2C3C423E2C30
:10EDB0003C433E223A20536574732F717565726926
:10EDC0006573207468652046534D20442F41277396
:10EDD000202868657861646563696D616C206C7377
:10EDE0006220756E697473292E00000044000000D3
:10EDF00022566F6C74616765203C413E2C3C423E5C
:10EE00002C3C433E223A20536574732F7175657212
:10EE1000696573207468652046534D20442F41274F
:10EE2000732028646563696D616C20766F6C746112
:10EE3000676520756E697473292E0000564F4C5417
:10EE4000414745002256286F6C7461676529203C54
:10EE5000413E2C3C423E2C3C433E223A20536574BA
:10EE6000732F7175657269657320746865204653E8
:10EE70004D20442F4127732028646563696D616CC0
:10EE800020766F6C7461676520756E697473292EC6
:10EE900000000000560000002246534D4164637399
:10EEA000203C413E2C3C423E2C3C433E223A2053E7
:10EEB0006574732F71756572696573207468652058
:10EEC00046534D20412F4427732E000046534D4199
:10EED0004443530022412846534D41646373292023
:10EEE0003C413E2C3C423E2C3C433E223A20536562
:10EEF00074732F7175657269657320746865204637
:10EF0000534D20412F4427732E0000004100000084
:10EF10002242495354223A2052756E732061207365
:10EF2000656C662D746573742C206C6F6773207626
:10EF3000616C75657320746F207465726D696E61A4
:10EF40006C2E0000424953540000000022436972B5
:10EF5000636C6573203C7261646975733A302E2E60
:10EF60002E312E302C726174656D733A302E2E2E38
:10EF700031306B3E223A2052756E732061207365EA
:10EF80006C662D746573742C206D6F7665732061CB
:10EF900063747561746F7220696E20612063697299
:10EFA000636C652E00000000434952434C455300FA
:10EFB00022476F5859203C583A302E2E2E312E3091
:10EFC0002C593A302E2E2E312E303E223A204D6FC3
:10EFD00076657320746865206163747561746F72FF
:10EFE00020746F2074686520676976656E20636F92
:10EFF0006F7264696E617465732E0000474F5859D3
:10F00000000000002255617274223A20547769642E
:10F01000646C652074686520756172742E00000050
:10F020005541525400000000225528617274292273
:10F030003A2054776964646C652074686520756152
:10F0400072742E0055000000224261756444697696
:10F050006964657273223A20302C312C323A205385
:10F0600065742074686520646976696465722074CB
:10F070006F206368616E67652074686520626175E2
:10F08000647261746520666F7220656163682070C8
:10F090006F72742E2E2E0000424155444449564949
:10F0A000444552530000000022436F6E6669674179
:10F0B0006463223A203C436C6B4469763E2C203CCE
:10F0C0004E756D4176673E3A205365742F717565B4
:10F0D0007279207468652073616D706C6520636C53
:10F0E0006F636B206469766964657220616E642069
:10F0F000746865206E756D626572206F662073613D
:10F100006D706C657320666F722074686520412F86
:10F110004420746F206176657261676500000000AD
:10F12000434F4E4649474144430000002250726914
:10F130006E7442756666657273223A2044756D700E
:10F140002063757272656E7420636F6E74656E7481
:10F1500073206F66207061727365727320666F72C0
:10F160002064656275672E2E2E0000005052494EB5
:10F17000544255464645525300000000224D6F6EE2
:10F1800069746F7253657269616C203C30207C2019
:10F1900031207C20323E203C59207C204E3E223AB9
:10F1A0002053686F772F6869646520696E636F6D9F
:10F1B000696E672073657269616C2062797465732A
:10F1C0002E0000004D4F4E49544F52534552494175
:10F1D0004C00000022436F6E74726F6C5265676959
:10F1E00073746572203C706172616D733E223A20C7
:10F1F0005365742F517565727920636F6E74726FE9
:10F200006C207369676E616C732E0000434F4E541F
:10F21000524F4C52454749535445520022284352BD
:10F2200029436F6E74726F6C52656769737465728F
:10F23000203C706172616D733E223A205365742FD9
:10F24000517565727920636F6E74726F6C2073698B
:10F25000676E616C732E0000435200002253656C90
:10F26000656374446163203C302F313E223A20575D
:10F270006869636820442F4120746F20757365208E
:10F28000666F72206F75747075742E0053454C450F
:10F2900043544441430000002253656C6563744F3E
:10F2A0007574707574203C302F313E223A205768B7
:10F2B00069636820482F5620647269766572206100
:10F2C0006D7020746F2075736520666F72206F7586
:10F2D000747075742E00000053454C4543544F55CF
:10F2E000545055540000000022436C6F636B44611E
:10F2F00063203C30202D2036353533353E223A20F0
:10F300005365742F517565727920636C6F636B2040
:10F310007374656572696E6720442F412E0000008A
:10F32000434C4F434B4441430000000022436F6E67
:10F33000666967446163203C30202D2036353533C3
:10F34000353E223A205365742F51756572792044F9
:10F350002F412064697468657220636C6F636B2051
:10F360006469766964657220286E6F74653A2076E8
:10F37000616C756573203C203130302077696C6C8E
:10F38000206B696C6C20442F4120535049207469D4
:10F390006D696E67292E0000434F4E464947444130
:10F3A00043000000416463416363756D756C617473
:10F3B0006F723A2053616D706C65733A20252B3162
:10F3C000302E306C662000002C2053616D706C650F
:10F3D000733A20252E386C582C207265736572762E
:10F3E00065643A20252E386C582C204E756D41638B
:10F3F00063756D733A20256C7520000028307825E0
:10F400006C582900416463436F6E66696752656793
:10F4100069737465723A20416463436C6B44697626
:10F42000696465723A20257520283078253458297A
:10F430002C2041646353616D706C6573546F417629
:10F440006572616765202575202830782534582934
:10F4500000000000416363756D756C61746F7243E9
:10F460006F6E66696752656769737465723A2043A7
:10F470006F6E74726F6C4164634D61784163637544
:10F480006D733A20257520283078253458292C2092
:10F490004D6F6E69746F724164634D61784163634F
:10F4A000756D732025752028307825345829000083
:10F4B000446163436F6E666967526567697374651B
:10F4C000723A20446974686572436C6B446976696A
:10F4D0006465723A20257520283078253458292C07
:10F4E00020726573657276656420257520283078F2
:10F4F0002534582900000000434772617068566542
:10F500007273696F6E5061796C6F61643A205365F4
:10F510007269616C4E756D3A203078256C582C20DC
:10F5200050726F636573736F724669726D77617243
:10F53000654275696C644E756D3A20256C752C209A
:10F54000465047414669726D776172654275696CD4
:10F55000644E756D3A20256C75000000434772615A
:10F56000706846534D4861726477617265436F6E8F
:10F5700074726F6C52656769737465723A20616C5E
:10F580006C3A203078256C782C20094661756C74B3
:10F590004E6567563A20256C752C20094661756CBE
:10F5A0007431563A20256C752C20094661756C74AF
:10F5B0003256413A20256C752C20094661756C74D1
:10F5C0003256443A20256C752C20094661756C74BE
:10F5D0003356413A20256C752C20094661756C74B0
:10F5E0003356443A20256C752C20094661756C749D
:10F5F0003433563A20256C752C20094661756C749D
:10F6000035563A20256C752C20094661756C744876
:10F61000563A20256C752C20096E48564661756C4B
:10F6200074413A20256C752C20096E485646617548
:10F630006C74423A20256C752C20096E4856466140
:10F64000756C74433A20256C752C20096E4856461B
:10F6500061756C74443A20256C752C2009506F77C5
:10F66000657243796364416E64436C723A20256C21
:10F67000752C2009506F7765726E456E3A20256CA7
:10F68000752C200943686F70456E3A20256C752CE7
:10F69000200955617274304F453A20256C752C2035
:10F6A0000955617274314F453A20256C752C20093B
:10F6B00055617274324F453A20256C752C200955DE
:10F6C000617274334F453A20256C752C20095578AA
:10F6D0003153656C4A6D703A20256C752C20097287
:10F6E00065736572766564323A20256C752C200945
:10F6F0005050534465746563746564416E6452731D
:10F70000743A20256C752C200972657365727665D4
:10F7100064333A20256C752C2009506F7765726E22
:10F72000456E48563A20256C752C20094856456E82
:10F73000313A20256C752C20094856456E323A2006
:10F74000256C752C200944616353656C6563744DA9
:10F75000617874693A20256C752C2009476C6F62BA
:10F76000616C4661756C74496E68696269743A20AF
:10F77000256C752C20096E4661756C7473436C7230
:10F780003A20256C752C200943686F7052656653CA
:10F79000746174653A20256C752C200943686F707C
:10F7A00041646353746174653A20256C75000000F0
:10F7B00062653535643361653437386266303934B3
:10F7C00031363765333836323832323635333037C2
:10F7D0003430343738353066000000000A0A566588
:10F7E0007273696F6E3A2053657269616C204E7551
:10F7F0006D6265723A20252E386C582C20476C6F4C
:10F8000062616C205265766973696F6E3A20257368
:10F810003B206275696C64206E756D6265723A207A
:10F820002575206F6E3A2025733B20667067612036
:10F830006275696C643A20256C752E0A0000000020
:10F840000A0A56657273696F6E3A20476C6F62617F
:10F850006C205265766973696F6E3A2025733B2080
:10F860006275696C64206E756D6265723A202575EB
:10F87000206F6E3A2025732E0A000000257A58006A
:10F880000A5265616446706761436F6D6D616E64B5
:10F890003A2000000A3078252E327A583A20307803
:10F8A000252E3258200000005B25755D0000000009
:10F8B0000A0A0000202827256327290A0A000000D9
:10F8C000257A5820256C75000A5772697465467050
:10F8D0006761436F6D6D616E643A206E656564208B
:10F8E00032206E756D6572696320706172616D653D
:10F8F0007465727320286164647265737320616E2D
:10F90000642076616C7565292C20676F7420222530
:10F9100073222028256420706172616D73292E0A7C
:10F92000000000000A577269746546706761436F92
:10F930006D6D616E643A2057726F746520256C7529
:10F9400020746F20000000003078252E347A582E65
:10F950000A0000000A0A46534D446163733A204688
:10F9600070676120696E7465726661636520697392
:10F97000206E6F7420696E697469616C697A656460
:10F980002120506C656173652063616C6C20496E49
:10F99000697446706761206669727374212E000075
:10F9A000256C782C256C782C256C782C256C7800AF
:10F9B0000A0A46534D446163733A20736574207498
:10F9C0006F3A20256C782C20256C782C20256C78BB
:10F9D0002C20256C782E0A000A0A46534D44616398
:10F9E000733A2063757272656E742076616C75650A
:10F9F0003A20256C782C20256C782C20256C782CCE
:10FA000020256C782E0A00000A0A566F6C74616714
:10FA1000653A204670676120696E7465726661633D
:10FA200065206973206E6F7420696E697469616CFA
:10FA3000697A65642120506C656173652063616C2F
:10FA40006C20496E697446706761206669727374D0
:10FA5000212E0000256C662C256C662C256C662CEE
:10FA6000256C66000A0A566F6C746167653A2073EC
:10FA7000657420746F3A2025332E316C662028255A
:10FA80006C78292C2025332E316C662028256C7843
:10FA9000292C2025332E316C662028256C78292CC2
:10FAA0002025332E316C662028256C78292E0A00FB
:10FAB0000A0A566F6C746167653A206375727265E5
:10FAC0006E742076616C7565733A2025332E316C27
:10FAD000662028256C78292C2025332E316C662051
:10FAE00028256C78292C2025332E316C662028257A
:10FAF0006C78292C2025332E316C662028256C78D3
:10FB0000292E0A000A0A46534D416463733A20467F
:10FB100070676120696E74657266616365206973E0
:10FB2000206E6F7420696E697469616C697A6564AE
:10FB30002120506C656173652063616C6C20496E97
:10FB4000697446706761206669727374212E0000C3
:10FB50000A46534D416463733A2063757272656E51
:10FB6000742076616C7565733A204E756D3A202568
:10FB700035642C203078253031366C6C782C203070
:10FB800078253031366C6C782C2030782530313641
:10FB90006C6C782C203078253031366C6C782C20C9
:10FBA000252B312E366C662C20252B312E366C669B
:10FBB0002C20252B312E366C662C20252B312E3611
:10FBC0006C660A00616473313235382825346C6400
:10FBD000293A20307825346C580A00000A0A424934
:10FBE00053543A204B6579707265737328256429E4
:10FBF0003B2065786974696E672E0A00256C662C57
:10FC0000256C66000A0A436972636C65733A205278
:10FC1000756E436972636C6528256C662C20256CB3
:10FC2000666D73292E2E2E0A000000000A256C75C1
:10FC30002C20256C752C20256C752C20256C7500CE
:10FC40000A0A436972636C65733A204B6579707276
:10FC5000657373282564293B2065786974696E672C
:10FC60002E0A00000A0A476F58593A204670676109
:10FC700020696E74657266616365206973206E6FBA
:10FC80007420696E697469616C697A6564212050B9
:10FC90006C656173652063616C6C20496E697446A4
:10FCA000706761206669727374212E000A0A476FBB
:10FCB00058593A2073657420746F3A20256C782C5B
:10FCC00020256C782C20256C782C20256C782E0A29
:10FCD000000000000A0A476F58593A206375727293
:10FCE000656E742076616C75653A20256C782C20E1
:10FCF000256C782C20256C782C20256C78202825E4
:10FD00006C6656207820256C6656292E0A00000065
:10FD10000A55617274436F6D6D616E643A2025758A
:10FD20002C2025752E2000006C6F6F7000000000E5
:10FD30000A55617274436F6D6D616E643A2053654C
:10FD40006E64696E6720726573706F6E73652028CC
:10FD50002575206279746573293A20000A00000035
:10FD60000A55617274436F6D6D616E643A20636F02
:10FD70006D706C6574652E0A000000000A0A42610D
:10FD8000756444697669646572733A204670676188
:10FD900020696E74657266616365206973206E6F99
:10FDA0007420696E697469616C697A656421205098
:10FDB0006C656173652063616C6C20496E69744683
:10FDC000706761206669727374212E00256C752C32
:10FDD000256C752C256C752C256C75000A0A426102
:10FDE000756444697669646572733A2073657474E6
:10FDF000696E6720746F3A20256C752C20256C7510
:10FE00002C20256C752C20256C752E0A0000000016
:10FE10000A0A4261756444697669646572733A20BE
:10FE200063757272656E742076616C7565733A20C5
:10FE3000256C752C20256C752C20256C752C2025A7
:10FE40006C752E0A000000000A42617564446976F0
:10FE500069646572733A20506F7274302066696EFF
:10FE6000616C206469766973696F6E207261746970
:10FE70006F3A20257520282F3136293B20416374A5
:10FE800075616C2062617564726174653A20252E1B
:10FE9000356C66000A42617564446976696465720E
:10FEA000733A20506F7274312066696E616C206401
:10FEB00069766973696F6E20726174696F3A202583
:10FEC0007520282F3136293B2041637475616C20E1
:10FED00062617564726174653A20252E356C660026
:10FEE0000A4261756444697669646572733A2050A8
:10FEF0006F7274322066696E616C20646976697312
:10FF0000696F6E20726174696F3A20257520282F01
:10FF10003136293B2041637475616C2062617564E0
:10FF2000726174653A20252E356C660A0000000067
:10FF30000A4261756444697669646572733A205057
:10FF40006F7274332066696E616C206469766973C0
:10FF5000696F6E20726174696F3A20257520282FB1
:10FF60003136293B2041637475616C206261756490
:10FF7000726174653A20252E356C660A0000000017
:10FF80000A0A436F6E6669674164633A2046706788
:10FF90006120696E74657266616365206973206EA5
:10FFA0006F7420696E697469616C697A6564212077
:10FFB000506C656173652063616C6C20496E697477
:10FFC00046706761206669727374212E000000001C
:10FFD0000A0A436F6E6669674164633A2073657409
:10FFE00074696E6720416463436F6E66696720744D
:10FFF0006F3A20000A0A436F6E6669674164633A8C
:020000022000DC
:100000002073657474696E6720416363756D436F17
:100010006E66696720746F3A200000000A0A436F19
:100020006E6669674164633A2063757272656E74C7
:100030002076616C7565733A200000003B2000005B
:100040000A53686F7742756666657273436F6D6DAC
:10005000616E643A204670676155617274506172D6
:100060007365723A20000000256C7525325B2C09FF
:10007000205D2025630000000A0A4D6F6E69746FD1
:100080007253657269616C436F6D6D616E643A2085
:100090004D6F6E69746F72696E6720706F72742035
:1000A000256C753A2025632E0A0000000A0A4D6F60
:1000B0006E69746F7253657269616C436F6D6D61C7
:1000C0006E643A20496E76616C696420706F727458
:1000D00020256C753B206D61782069732023322EBA
:1000E0000A0000000A0A4D6F6E69746F72536572E0
:1000F00069616C436F6D6D616E643A20496E737512
:100100006666696369656E7420706172616D65749D
:10011000657273202825753B2073686F756C6420A9
:1001200062652032293B207175657279696E672E90
:100130002E2E00000A4D6F6E69746F7253657269DE
:10014000616C436F6D6D616E643A204D6F6E6974C2
:100150006F72696E6720706F727420303A20256369
:100160002E0A00000A4D6F6E69746F7253657269D2
:10017000616C436F6D6D616E643A204D6F6E697492
:100180006F72696E6720706F727420313A20256338
:100190002E0A00000A4D6F6E69746F7253657269A2
:1001A000616C436F6D6D616E643A204D6F6E697462
:1001B0006F72696E6720706F727420323A20256307
:1001C0002E0A00000A4D6F6E69746F725365726972
:1001D000616C436F6D6D616E643A204D6F6E697432
:1001E0006F72696E6720706F727420333A202563D6
:1001F0002E0A00000A436F6E74726F6C5265676955
:1002000073746572436F6D6D616E643A20467067FA
:100210006120696E74657266616365206973206E22
:100220006F7420696E697469616C697A6564210014
:100230002025632C2025632C2025632C2025632C6E
:100240002025632C2025632C2025632C2025632C5E
:100250002025632C2025632C2025632C2025632C4E
:100260002025632C2025632C2025632C2025632C3E
:10027000202563000A436F6E74726F6C5265676964
:1002800073746572436F6D6D616E643A204375726D
:1002900072656E742076616C7565733A200000009B
:1002A0000A53656C6563744461633A204670676104
:1002B00020696E74657266616365206973206E6F74
:1002C0007420696E697469616C697A6564210000E3
:1002D000202563000A0A53656C6563744461633AC0
:1002E000202563202827256327292E0A00000000E7
:1002F0000A53656C6563744461633A204375727296
:10030000656E742076616C75653A20256C752E0AD1
:10031000000000000A53656C6563744F7574707556
:10032000743A204670676120696E74657266616315
:1003300065206973206E6F7420696E697469616CE1
:10034000697A6564210000000A0A53656C6563746C
:100350004F75747075743A2025632028272563270C
:10036000292E0A000A53656C6563744F75747075A5
:10037000743A2043757272656E742076616C75658F
:100380003A20256C752E0A000A0A436C6F636B4491
:1003900061633A204670676120696E7465726661B8
:1003A0006365206973206E6F7420696E697469617A
:1003B0006C697A65642120506C65617365206361A6
:1003C0006C6C20496E69744670676120666972734F
:1003D00074212E00256C75000A0A436C6F636B4410
:1003E00061633A2073657474696E6720436C6F6350
:1003F0006B20442F4120746F3A20256C75202830E3
:1004000078256C58292E0A000A0A436C6F636B44E6
:1004100061633A2063757272656E742076616C75E3
:10042000653A20256C7520283078256C5829000005
:100430000A0A436F6E666967446163436F6D6D615D
:100440006E643A204670676120696E7465726661F9
:100450006365206973206E6F7420696E69746961C9
:100460006C697A65642120506C65617365206361F5
:100470006C6C20496E69744670676120666972739E
:1004800074212E000A0A436F6E66696744616343F4
:100490006F6D6D616E643A2073657474696E672068
:1004A000446163436F6E66696720746F3A20000091
:1004B0000A0A436F6E666967446163436F6D6D61DD
:1004C0006E643A2063757272656E742076616C7525
:1004D00065733A2000000000BEBAAD1BEDAD0F0AF7
:1004E000010001100210031004100220020003207A
:1004F0000420052006200720082009200A200300E8
:10050000040005000600060004002800C0030130B6
:10051000023003300430053006300E300140024016
:100520000340044005400640FFFF7F0000007800C4
:1005300000001E0000000000FFFF87FF000080FF9A
:1005400000000C000000780000010203040506070B
:10055000000102030405060708098B0001020304D9
:1005600005060708090A0B0C0D0E0F1011121314C3
:1005700015161718191A1B1C1D1E00005C00000020
:1005800064000000680000006C000000C50000006E
:1005900061F494690000000054756520466562208E
:1005A00031372032333A30363A3039203230323631
:1005B00000000000BEBAAD1BEDAD0F0A0100011036
:1005C0000210031004100220020003200420052062
:1005D00006200720082009200A2003000400050047
:1005E0000600060004002800C0030130023003307A
:1005F0000430053006300E30014002400340044014
:10060000054006400B00000042696E617279566534
:100610007273696F6E436F6D6D616E6400000000F0
:1006200042696E61727956657273696F6E436F6D60
:100630006D616E64286465707265636174656420C1
:100640006964290042696E61727946534D44616361
:1006500073436F6D6D616E640000000042696E61EE
:10066000727946534D41646373436F6D6D616E647F
:100670000000000042696E61727946534D41646327
:1006800073466C6F6174696E67506F696E74436F07
:100690006D6D616E6400000042696E61727946534F
:1006A0004D44616373466C6F6174696E67506F6926
:1006B0006E74436F6D6D616E6400000042696E611F
:1006C000727946534D537461747573436F6D6D61E8
:1006D0006E64000042696E61727946534D4857431B
:1006E0006F6E666967436F6D6D616E640000000038
:1006F00042696E61727946534D416463436F6E6621
:100700006967436F6D6D616E6400000042696E61E0
:10071000727946534D416363756D436F6E666967C9
:10072000436F6D6D616E640042696E61727946530C
:100730004D446163436F6E666967436F6D6D616EB3
:1007400064000000416463436F6E666967526567C9
:1007500069737465723A20416463436C6B446976D3
:10076000696465723A202575202830782534582927
:100770002C2041646353616D706C6573546F4176D6
:1007800065726167652025752028307825345829E1
:1007900000000000416363756D756C61746F724396
:1007A0006F6E66696752656769737465723A204354
:1007B0006F6E74726F6C4164634D617841636375F1
:1007C0006D733A20257520283078253458292C203F
:1007D0004D6F6E69746F724164634D6178416363FC
:1007E000756D732025752028307825345829000030
:1007F000446163436F6E66696752656769737465C8
:10080000723A20446974686572436C6B4469766916
:100810006465723A20257520283078253458292CB3
:10082000207265736572766564202575202830789E
:1008300025345829000000004347726170685665EE
:100840007273696F6E5061796C6F61643A205365A1
:100850007269616C4E756D3A203078256C582C2089
:1008600050726F636573736F724669726D776172F0
:10087000654275696C644E756D3A20256C752C2047
:10088000465047414669726D776172654275696C81
:10089000644E756D3A20256C750000004347726107
:1008A000706846534D4861726477617265436F6E3C
:1008B00074726F6C52656769737465723A20616C0B
:1008C0006C3A203078256C782C20094661756C7460
:1008D0004E6567563A20256C752C20094661756C6B
:1008E0007431563A20256C752C20094661756C745C
:1008F0003256413A20256C752C20094661756C747E
:100900003256443A20256C752C20094661756C746A
:100910003356413A20256C752C20094661756C745C
:100920003356443A20256C752C20094661756C7449
:100930003433563A20256C752C20094661756C7449
:1009400035563A20256C752C20094661756C744823
:10095000563A20256C752C20096E48564661756CF8
:1009600074413A20256C752C20096E4856466175F5
:100970006C74423A20256C752C20096E48564661ED
:10098000756C74433A20256C752C20096E485646C8
:1009900061756C74443A20256C752C2009506F7772
:1009A000657243796364416E64436C723A20256CCE
:1009B000752C2009506F7765726E456E3A20256C54
:1009C000752C200943686F70456E3A20256C752C94
:1009D000200955617274304F453A20256C752C20E2
:1009E0000955617274314F453A20256C752C2009E8
:1009F00055617274324F453A20256C752C2009558B
:100A0000617274334F453A20256C752C2009557856
:100A10003153656C4A6D703A20256C752C20097233
:100A200065736572766564323A20256C752C2009F1
:100A30005050534465746563746564416E645273C9
:100A4000743A20256C752C20097265736572766581
:100A500064333A20256C752C2009506F7765726ECF
:100A6000456E48563A20256C752C20094856456E2F
:100A7000313A20256C752C20094856456E323A20B3
:100A8000256C752C200944616353656C6563744D56
:100A9000617874693A20256C752C2009476C6F6267
:100AA000616C4661756C74496E68696269743A205C
:100AB000256C752C20096E4661756C7473436C72DD
:100AC0003A20256C752C200943686F705265665377
:100AD000746174653A20256C752C200943686F7029
:100AE00041646353746174653A20256C750000009D
:100AF0000A42696E61727956657273696F6E436FEF
:100B00006D6D616E643A2053656E64696E67207224
:100B10006573706F6E736520282575206279746522
:100B200073293A20000000000A42696E617279461A
:100B3000534D44616373436F6D6D616E6420536503
:100B40007474696E6720746F20283078256C582C77
:100B5000203078256C582C203078256C58292E0AA6
:100B60000A0000000A42696E61727946534D446181
:100B70006373436F6D6D616E6420205265706C7994
:100B8000696E6720283078256C582C203078256CC9
:100B9000582C203078256C58292E2E2E0A0A000059
:100BA0000A42696E61727946534D41646373436FC3
:100BB0006D6D616E6420205265706C79696E67207E
:100BC0002825642C2025642C202564292E2E2E0A0D
:100BD0000A0000000A42696E61727946534D416411
:100BE0006373436F6D6D616E642070726F636573C4
:100BF00073696E67282575292E2E2E0A0A000000BB
:100C00000A42696E61727946534D41646373466C62
:100C10006F6174696E67506F696E74436F6D6D615B
:100C20006E6420205265706C79696E672028256C8F
:100C3000662C20256C662C20256C66292E2E2E0A0B
:100C40000A0000000A0A42696E61727946534D44F7
:100C5000616373436F6D6D616E643A2053657474A4
:100C6000696E6720746F3A2025332E316C66202818
:100C7000256C78292C2025332E316C662028256C94
:100C800078292C2025332E316C662028256C782974
:100C90002E0A00000A0A42696E61727946534D4479
:100CA000616373436F6D6D616E643A205265706C61
:100CB00079696E673A2025332E316C662028256CC1
:100CC00078292C2025332E316C662028256C782934
:100CD0002C2025332E316C662028256C78292E0A8D
:100CE000000000000A0A42696E61727946534D5352
:100CF0007461747573436F6D6D616E643A204375F2
:100D00007272656E7456616C7565733A0A00000004
:100D10004948563A2025332E366C6620560A000084
:100D2000494E563A2025332E366C6620560A00006E
:100D30004936563A2025332E366C6620560A000076
:100D4000493356443A2025332E366C6620560A0025
:100D5000493256443A2025332E366C6620560A0016
:100D60004931563A2025332E366C6620560A00004B
:100D700053747261696E42503A2025332E366C6688
:100D800020560A0053747261696E424D3A20253331
:100D90002E366C6620560A0053747261696E423AB0
:100DA0002025332E366C6620560A0000537472617B
:100DB000696E44503A2025332E366C6620560A0060
:100DC00053747261696E444D3A2025332E366C6639
:100DD00020560A0053747261696E443A2025332EFE
:100DE000366C6620560A000053747261696E434D7A
:100DF0003A2025332E366C6620560A0053747261F1
:100E0000696E43503A2025332E366C6620560A0010
:100E100053747261696E433A2025332E366C662016
:100E2000560A000053747261696E414D3A202533B1
:100E30002E366C6620560A0053747261696E4150FA
:100E40003A2025332E366C6620560A0053747261A0
:100E5000696E413A2025332E366C6620560A000012
:100E6000503556443A2025332E366C6620560A00FB
:100E7000493256413A2025332E366C6620560A00F8
:100E800054656D703A2025332E366C6620560A0064
:100E900050335633443A2025332E366C6620560A9A
:100EA00000000000503238563A2025332E366C664A
:100EB00020560A00503256323A2025332E366C66C0
:100EC00020560A0050325635443A2025332E366CCF
:100ED0006620560A00000000503156323A20253371
:100EE0002E366C6620560A0050325635413A20257F
:100EF000332E366C6620560A0000000050345633FC
:100F00003A2025332E366C6620560A004933564166
:100F10003A2025332E366C6620560A00503356335D
:100F2000413A2025332E366C6620560A0000000018
:100F30005036563A2025332E366C6620560A00006D
:100F4000503556413A2025332E366C6620560A001D
:100F50004C7578526164733A2025332E366C6620C6
:100F6000560A00004E3138563A2025332E366C662C
:100F700020560A004E3230563A2025332E366C6603
:100F800020560A0050313235563A2025332E366C21
:100F90006620560A000000000A42696E61727946B6
:100FA000534D537461747573436F6D6D616E643A24
:100FB000205265706C79696E672E2E2E000000003D
:100FC0000A42696E61727946534D48617264776175
:100FD0007265436F6E666967436F6D6D616E642005
:100FE00053657474696E6720746F3A002E0A0000AE
:100FF0000A42696E61727946534D48617264776145
:101000007265436F6E666967436F6D6D616E6420D4
:101010005265706C79696E673A0000000A42696E29
:1010200061727946534D416463436F6E66696743ED
:101030006F6D6D616E642053657474696E672074A2
:101040006F3A00000A42696E61727946534D4164FD
:1010500063436F6E666967436F6D6D616E642052A6
:1010600065706C79696E673A000000000A42696E2B
:1010700061727946534D416363756D436F6E666966
:1010800067436F6D6D616E642053657474696E673C
:1010900020746F3A000000000A42696E617279465E
:1010A000534D416363756D436F6E666967436F6D42
:1010B0006D616E64205265706C79696E673A0000EC
:1010C0000A42696E61727946534D446163436F6EA3
:1010D000666967436F6D6D616E64205365747469F2
:1010E0006E6720746F3A00000A42696E6172794639
:1010F000534D446163436F6E666967436F6D6D6105
:101100006E64205265706C79696E673A0000000069
:10111000BEBAAD1BEDAD0F0A0100011002100310A5
:1011200004100220020003200420052006200720CE
:10113000082009200A20030004000500060006001C
:1011400004002800C00301300230033004300530B1
:1011500006300E3001400240034004400540064086
:10116000FFFF7F000000780000001E00000000006C
:10117000FFFF87FF000080FF00000C0000007800E8
:101180000001020304050607000102030405060727
:1011900008098B000102030405060708090A0B0C65
:1011A0000D0E0F101112131415161718191A1B1CF7
:1011B0001D1E00005C0000006400000068000000CC
:1011C0006C000000C500000061F49469000000009C
:1011D000547565204665622031372032333A303607
:1011E0003A30392032303236000000000A0A4269B3
:1011F0006E61727920556172743A20496E69742863
:10120000506B74482025752C20506B744620257532
:10121000292E0A0D000000002E252E327800000035
:101220000A0A42696E617279556172743A20427598
:101230006666657228257029206F766572666C6F08
:10124000773B2074686973207061636B65742077E5
:10125000696C6C206E6F74206669742028257A751D
:1012600062292C20666C757368696E6720627566EA
:101270006665722E0A0D00000A0A42696E61727973
:10128000556172743A20556E6D61746368656420AF
:10129000636F6D6D616E64203078252E386C582137
:1012A000204E756D436D64733A20256C752C205368
:1012B000746172743A20256C752C20456E643A2056
:1012C000256C750A000000000A0A42696E61727995
:1012D000556172743A205061636B65742072656366
:1012E00065697665642C2062757420536572696146
:1012F0006C4E756D62657220636F6D70617269739B
:101300006F6E206661696C6564202865787065631E
:101310007465643A203078252E386C583B20676F0E
:10132000743A203078252E386C58292E0A0D00008A
:101330000A0A42696E617279556172743A2050618D
:10134000636B65742072656365697665642C2062E1
:10135000757420696E76616C69642E0A0D00000058
:101360000A0A42696E61727920556172743A20539B
:10137000656E64696E67207061636B65742825759E
:101380002C202575293A2000252E32583A000000DD
:101390000A0000004347726170685061636B6574B6
:1013A0004865616465723A205374617274546F6B5E
:1013B000656E3A203078256C582C205061796C6F1E
:1013C0006164547970653A20256C752C20506179E0
:1013D0006C6F61644C656E3A20256C7500000000EE
:1013E0000A0A4347726170685061636B65743A3AE8
:1013F000497356616C696428293A205061636B65B2
:10140000745374617274546F6B656E3A20427566E2
:101410006665722E617355333228257529203D206B
:101420003078256C782E0A0D000000000A0A434728
:10143000726170685061636B65743A3A49735661C2
:101440006C696428293A207061796C6F61647479E1
:1014500070653A204275666665722E617355313645
:1014600028257529203D20307825782E0A0D00008A
:101470000A0A4347726170685061636B65743A3A57
:10148000497356616C696428293A207061796C6FE0
:1014900061646C656E3A204275666665722E617392
:1014A00055313628257529203D20307825782E0A9B
:1014B0000D0000000A0A4347726170685061636B57
:1014C00065743A3A497356616C696428293A207008
:1014D00061636B6574206F76657273697A65643ACF
:1014E0002042756666657244657074683A20257599
:1014F0002C205061636B65744C656E3A2025752E07
:101500000A0D00000A0A4347726170685061636BFC
:1015100065743A3A497356616C696428293A2074B3
:101520006F6B656E206D69736D617463683A2045F9
:10153000787065637465643A2025752C2041637466
:1015400075616C3A2025752E0A0D00000A0A434782
:10155000726170685061636B65743A3A49735661A1
:101560006C696428293A204352433A2042756666E2
:1015700065722E617355333228257529203D203040
:1015800078256C782E0A0D000A0A4347726170684C
:101590005061636B65743A3A497356616C696428AB
:1015A000293A205061636B6574456E64546F6B65B6
:1015B0006E3A204275666665722E61735533322825
:1015C000257529203D203078256C782E0A0D0000E5
:1015D0000A0A4347726170685061636B65743A3AF6
:1015E000497356616C696428293A204352433A2072
:1015F000456E643A2025752053746172743A202533
:1016000075202E0A0D0000000A0A434772617068B7
:101610005061636B65743A3A497356616C6964282A
:10162000293A2043616C632764204352433A2030B7
:1016300078256C78202843726343757272656E74E6
:10164000416464723A203078256C78292C20287403
:10165000696D656F75743A202575292E0A0D000095
:101660000A0A4347726170685061636B65743A3A65
:10167000497356616C696428293A20437263537434
:10168000617274416464723A203078256C782C2041
:10169000437263456E64416464723A203078256C0D
:1016A000780A0D000A465047415561727443616CD7
:1016B0006C6261636B733A204E554C4C282575293A
:1016C00020496E76616C69645061636B6574210AB0
:1016D0000A0000000A465047415561727443616C2C
:1016E0006C6261636B733A20496E76616C69645019
:1016F00061636B65742120636F6E74656E74733AF9
:10170000203A00000A0A00000A4650474142696E2A
:101710006172795561727443616C6C6261636B7361
:101720003A204E554C4C2825752920556E48616E3F
:10173000646C65645061636B6574210A0A00000083
:101740000A465047415561727443616C6C62616333
:101750006B733A20556E68616E646C6564207061CD
:10176000636B6574282575293A2000087F1B0900E2
:10177000BEBAAD1BEDAD0F0A01000110021003103F
:101780000410022002000320042005200620072068
:10179000082009200A2003000400050006000600B6
:1017A00004002800C003013002300330043005304B
:1017B00006300E3001400240034004400540064020
:1017C000701B0020B02B0020F03B0020304C00208C
:1017D00004000000701B0020B02B0020F03B002014
:1017E00003000000304C0020010000000000000059
:1017F00000000000D98C0000FD8C0000958F0000D7
:101800000000000000000000318A0000558A00003E
:10181000758A0000F58A0000E17100004D8B000020
:1018200000000000000000000D7F0000317F00007C
:10183000517F00006D7F0000857F0000D17F000098
:101840000D80000059800000A5800000B9800000D4
:10185000CD800000E1800000F5800000478100009D
:10186000058200000B810000258100007B810000C3
:10187000C3810000A582000055830000C9830000D9
:101880002584000081840000F58400005585000057
:10189000B185000001860000E1880000FB8800009F
:1018A0001D89000083890000E3890000000000001A
:1018B000000000004D7D0000717D00001D700000E3
:1018C000917D0000C57D0000037E00002F7E00009A
:1018D000417E0000537E0000000000000000000078
:1018E000A97C0000BD7C0000DD7C00000000000041
:1018F00000000000218D0000458D000041740000B3
:10190000097B00000000000000000000757100006D
:1019100095710000B5710000CB710000E17100000D
:10192000F77100000000000000000000000000004F
:1019300000000000000000000000000000000000A7
:101940000000000000000000000000000000000097
:101950000000000000000000000000000000000087
:101960000000000000000000000000000000000077
:101970000000000000000000000000000000000067
:101980000000000000000000000000000000000057
:101990000000000000000000000000000000000047
:1019A0000000000000000000000000000000000037
:1019B0000000000000000000000000000000000027
:1019C0000000000000000000000000000000000017
:1019D000000000001D70000000000000000000007A
:1019E00000000000000000000000000000000000F7
:1019F00000000000000000000000000000000000E7
:101A000000000000010101087F1B0900FFFF7F00AB
:101A10000000780000001E0000000000FFFF87FFAC
:101A2000000080FF00000C000000780000010203AD
:101A300004050607000102030405060708098B00D8
:101A40000102030405060708090A0B0C0D0E0F100E
:101A50001112131415161718191A1B1C1D1E00003D
:101A60005C00000064000000680000006C000000E2
:101A70000A50696E6F75744D6F6E69746F72416450
:101A8000633A20542F4F2E000A4D6F6E69746F72A7
:101A90004164633A204572726F7220696E6974699D
:101AA000616C697A696E67204164633A202575200C
:101AB0005B3078252E32585D2E0A00000A4D6F6E7D
:101AC00069746F724164633A205374617274696E11
:101AD0006720412F44206175746F2D7363616E3BE5
:101AE0002077726F7465203078252E325820746FFD
:101AF000206770696F27732C20726561646261636F
:101B00006B3A203078252E32580A00000A4D6F6E4D
:101B100069746F724164633A204E6F2041646320A0
:101B2000666F756E64210A000A4D6F6E69746F727C
:101B30004164633A20626164207374617475733A1E
:101B400020416463303A2063682025753A2030785C
:101B5000252E32582C20416463313A2063682025B9
:101B6000753A203078252E32580A00000A4D6F6EE3
:101B700069746F724164633A20416463303A206350
:101B8000682025752072656164733A20256C662093
:101B9000566F6C7473205B256C75206C73622773B1
:101BA0005D3B20416463313A2063682025752072D3
:101BB000656164733A20256C6620566F6C747320DF
:101BC0005B256C75206C736227735D0A0000000052
:101BD0000A4D6F6E69746F724164633A20636820C6
:101BE0002575206E6F206E65772073616D706C6552
:101BF0002074686973207363616E2E0A0000000010
:101C00000A0A5363616E4D6F6E69746F724164634B
:101C100020436F6D6D616E643A2056616C7565731B
:101C2000207769746820636F7272656374656420DD
:101C3000756E69747320666F6C6C6F773A0A00007A
:101C40004948563A2025332E366C6620560A000045
:101C5000494E563A2025332E366C6620560A00002F
:101C60004936563A2025332E366C6620560A000037
:101C7000493356443A2025332E366C6620560A00E6
:101C8000493256443A2025332E366C6620560A00D7
:101C90004931563A2025332E366C6620560A00000C
:101CA00053747261696E42503A2025332E366C6649
:101CB00020560A0053747261696E424D3A202533F2
:101CC0002E366C6620560A0053747261696E423A71
:101CD0002025332E366C6620560A0000537472613C
:101CE000696E44503A2025332E366C6620560A0021
:101CF00053747261696E444D3A2025332E366C66FA
:101D000020560A0053747261696E443A2025332EBE
:101D1000366C6620560A000053747261696E434D3A
:101D20003A2025332E366C6620560A0053747261B1
:101D3000696E43503A2025332E366C6620560A00D1
:101D400053747261696E433A2025332E366C6620D7
:101D5000560A000053747261696E414D3A20253372
:101D60002E366C6620560A0053747261696E4150BB
:101D70003A2025332E366C6620560A005374726161
:101D8000696E413A2025332E366C6620560A0000D3
:101D9000503556443A2025332E366C6620560A00BC
:101DA000493256413A2025332E366C6620560A00B9
:101DB00054656D703A2025332E366C6620560A0025
:101DC00050335633443A2025332E366C6620560A5B
:101DD00000000000503238563A2025332E366C660B
:101DE00020560A00503256323A2025332E366C6681
:101DF00020560A0050325635443A2025332E366C90
:101E00006620560A00000000503156323A20253331
:101E10002E366C6620560A0050325635413A20253F
:101E2000332E366C6620560A0000000050345633BC
:101E30003A2025332E366C6620560A004933564127
:101E40003A2025332E366C6620560A00503356331E
:101E5000413A2025332E366C6620560A00000000D9
:101E60005036563A2025332E366C6620560A00002E
:101E7000503556413A2025332E366C6620560A00DE
:101E80004C7578526164733A2025332E366C662087
:101E9000560A00004E3138563A2025332E366C66ED
:101EA00020560A004E3230563A2025332E366C66C4
:101EB00020560A0050313235563A2025332E366CE2
:101EC0006620560A000000000A5363616E4D6F6E73
:101ED00069746F7241646320436F6D6D616E643A23
:101EE00020436F6D706C6574652E0A0A0000000057
:101EF0000A0A546573744D6F6E69746F724164633E
:101F000020436F6D6D616E643A2053657269616C38
:101F10003A2052656164696E6720412F442773201F
:101F2000287261772076616C756573293A0A000022
:101F30000A4948563A20252B6C642C203078252EEF
:101F4000386C58000A494E563A20252B6C642C20D8
:101F50003078252E386C58000A4936563A20252B01
:101F60006C642C203078252E386C58000A49335682
:101F7000443A20252B6C642C203078252E386C5860
:101F8000000000000A493256443A20252B6C642C8C
:101F9000203078252E386C58000000000A49315650
:101FA0003A20252B6C642C203078252E386C580074
:101FB0000A53747261696E42503A20252B6C642C6E
:101FC000203078252E386C58000000000A537472B7
:101FD00061696E424D3A20252B6C642C20307825A7
:101FE0002E386C58000000000A53747261696E420A
:101FF0003A20252B6C642C203078252E386C580024
:102000000A53747261696E44503A20252B6C642C1B
:10201000203078252E386C58000000000A53747266
:1020200061696E444D3A20252B6C642C2030782554
:102030002E386C58000000000A53747261696E44B7
:102040003A20252B6C642C203078252E386C5800D3
:102050000A53747261696E434D3A20252B6C642CCF
:10206000203078252E386C58000000000A53747216
:1020700061696E43503A20252B6C642C2030782502
:102080002E386C58000000000A53747261696E4368
:102090003A20252B6C642C203078252E386C580083
:1020A0000A53747261696E414D3A20252B6C642C81
:1020B000203078252E386C58000000000A537472C6
:1020C00061696E41503A20252B6C642C20307825B4
:1020D0002E386C58000000000A53747261696E411A
:1020E0003A20252B6C642C203078252E386C580033
:1020F0000A503556443A20252B6C642C2030782524
:102100002E386C58000000000A493256413A20250A
:102110002B6C642C203078252E386C580000000081
:102120000A54656D703A20252B6C642C203078257C
:102130002E386C58000000000A50335633443A20C1
:10214000252B6C642C203078252E386C580000002C
:102150000A503238563A20252B6C642C20307825D2
:102160002E386C58000000000A503256323A2025B2
:102170002B6C642C203078252E386C580000000021
:102180000A50325635443A20252B6C642C20307886
:10219000252E386C580000000A503156323A20255E
:1021A0002B6C642C203078252E386C5800000000F1
:1021B0000A50325635413A20252B6C642C20307859
:1021C000252E386C580000000A503456333A20252A
:1021D0002B6C642C203078252E386C5800000000C1
:1021E0000A493356413A20252B6C642C203078253F
:1021F0002E386C58000000000A50335633413A2004
:10220000252B6C642C203078252E386C580000006B
:102210000A5036563A20252B6C642C203078252E17
:10222000386C58000A503556413A20252B6C642CE6
:10223000203078252E386C58000000000A4C757844
:10224000526164733A20252B6C642C203078252E43
:10225000386C58000A4E3138563A20252B6C642CC5
:10226000203078252E386C58000000000A4E32309D
:10227000563A20252B6C642C203078252E386C584B
:10228000000000000A50313235563A20252B6C648C
:102290002C203078252E386C580000000A546573C5
:1022A000744D6F6E69746F7241646320436F6D6D1E
:1022B000616E643A20436F6D706C6574652E0A0A16
:1022C00000000000202C090D0A0000000A4D6F6E6E
:1022D00069746F7241646343616C696272617465B1
:1022E0003A20496E76616C696420706172616D6537
:1022F000746572733B206D75737420676976652011
:102300006174206C65617374206E616D65206F6609
:1023100020696E7075742063616C696272617469A2
:102320006F6E20746F207175657279210A0A000042
:10233000256C650044454641554C5453000000004F
:102340000A4D6F6E69746F7241646343616C6962B8
:10235000726174653A20416C6C2063616C696272D1
:10236000617465732073657420746F2064656661A1
:10237000756C7473210A0A00503156320000000057
:102380000A4D6F6E69746F7241646343616C696278
:10239000726174653A20536574204761696E3A2012
:1023A000256C65202822257322292C205365742052
:1023B0004F66667365743A20256C65202822257364
:1023C00022290A000A4D6F6E69746F72416463437B
:1023D000616C6962726174653A204761696E3A2086
:1023E000256C652C204F66667365743A20256C65F4
:1023F0000A0000000A4D6F6E69746F724164634396
:10240000616C6962726174653A20556E61626C65D7
:1024100020746F206C6F6361746520696E707574D1
:10242000206D61746368696E672022257322210A1A
:10243000000000000A4D6F6E69746F72416463435F
:10244000616C6962726174653A20436F6D706C658E
:1024500074652E0A0A000000616473313235383A1F
:102460003A44756D7028293A20636F6E666967304B
:102470002072656164733A3078252E34580A000062
:10248000616473313235383A3A44756D7028293AAF
:1024900020636F6E666967312072656164733A30DC
:1024A00078252E34580A0000616473313235383A89
:1024B0003A44756D7028293A2073797372656164A6
:1024C0002072656164733A3078252E34580A000012
:1024D000616473313235383A3A44756D7028293A5F
:1024E000206770696F632072656164733A30782584
:1024F0002E34580A00000000616473313235383AD6
:102500003A44756D7028293A2069646E756D2072A1
:10251000656164733A3078252E34580A0000000053
:10252000616473313235383A3A44756D7028293A0E
:10253000206D75786469662072656164733A3078DD
:10254000252E34580A000000616473313235383A60
:102550003A44756D7028293A206D7578736730207C
:1025600072656164733A3078252E34580A00000091
:10257000616473313235383A3A44756D7028293ABE
:10258000206D75787367312072656164733A3078B5
:10259000252E34580A000000616473313235383A10
:1025A0003A696E697428293A20636F6E66696730EC
:1025B000206D69736D61746368202872656164734E
:1025C0003A3078252E34582C2077616E7465643A41
:1025D0003078252E3258290A0000000061647331DA
:1025E0003235383A3A696E697428293A20636F6E39
:1025F00066696731206D69736D6174636820287244
:10260000656164733A3078252E34582C2077616EDA
:102610007465643A3078252E3258290A000000008B
:10262000616473313235383A3A696E697428293AEF
:102630002073797372656164206D69736D61746371
:1026400068202872656164733A3078252E34582CDE
:102650002077616E7465643A3078252E3258290AE5
:1026600000000000616473313235383A3A696E69AE
:102670007428293A206770696F63206D69736D61F2
:10268000746368202872656164733A3078252E344B
:10269000582C2077616E7465643A3078252E325854
:1026A000290A0000616473313235383A3A696E693B
:1026B0007428293A2069646E756D206D69736D61A7
:1026C000746368202872656164733A3078252E340B
:1026D000582C2077616E7465643A3078252E325814
:1026E000290A0000616473313235383A3A5365740F
:1026F0005363616E4368616E6E656C7328293A207E
:102700006D7578646966206D69736D6174636820A6
:102710002872656164733A3078252E3458290A008E
:10272000616473313235383A3A5365745363616E7C
:102730004368616E6E656C7328293A206D757873F5
:102740006730206D69736D617463682028726561FC
:1027500064733A3078252E3458290A006164733145
:102760003235383A3A5365745363616E4368616E2B
:102770006E656C7328293A206D7578736731206D0A
:1027800069736D61746368202872656164733A309F
:1027900078252E3458290A00616473313235383A6D
:1027A0003A5365745363616E4368616E6E656C7312
:1027B00028293A20737973726564206D69736D619D
:1027C000746368202872656164733A3078252E340A
:1027D00058290A005343414E4D4F4E49544F5241E0
:1027E00044430000225363616E4D6F6E69746F72D3
:1027F000416463223B2053686F7720637572726572
:102800006E7420696E70757420766F6C7461676584
:10281000732E2E2E00000000544553544D4F4E4948
:10282000544F52414443000022546573744D6F6EFF
:1028300069746F72416463223B2053686F77207222
:10284000617720412F4420636F756E74732E2E2E96
:102850000000000043414C4942524154454D4F4E07
:1028600049544F52414443002243616C6962726192
:1028700074654D6F6E69746F72416463203C72655C
:1028800061646F75743E2C3C6761696E3E286F70A1
:1028900074696F6E616C292C3C6F66667365743E5B
:1028A000286F7074696F6E616C29223B2043616CE4
:1028B00069627261746520286F7220717565727922
:1028C000292074686520676976656E207265616489
:1028D0006F75740000000000000000001DB00000D3
:1028E00041B0000065B100000000000000000000E1
:1028F00045980000659800000101010020000000DB
:102900000A0A496E76616C696420636F6D6D616E51
:10291000642028222573223B205B0000252E32688C
:1029200068583A005D2029202D206C697374696E07
:102930006720616C6C20617661696C61626C6520F6
:10294000636F6D6D616E64733A0A000025733A20FF
:1029500025730A000A0A547842696E6172795061DF
:10296000636B65743A204E554C4C205061636B6527
:1029700074436F6E7465787421202853686F756C8A
:10298000642062652042696E617279556172742AB1
:102990002920506C65617365207265636F6D706985
:1029A0006C6520746869732062696E6172792E2E7D
:1029B0002E0A00000A21666F726D6174663A3A77DA
:1029C000727374725F66756E632825702C20257093
:1029D0002C20256C7529210A00087F1B09000000A6
:1029E000BEBAAD1BEDAD0F0A0100011002100310BD
:1029F00004100220020003200420052006200720E6
:102A0000082009200A200300040005000600060033
:102A100004002800C00301300230033004300530C8
:102A200006300E300140024003400440054006409D
:102A300055736167654661756C7453746174757321
:102A400052656769737465723A20616C6C3D3078C9
:102A5000252E34583B20556E446566496E7374725A
:102A60003D25632C20496E7653746174654553503F
:102A7000523D25632C20496E7650433D25632C2022
:102A80004E6F43503D25632C20556E416C69676E37
:102A900065643D25632C2044697642795A65726FDE
:102AA0003D2563004275734661756C74537461749F
:102AB000757352656769737465723A20616C6C3D19
:102AC0003078252E32583B20494275734572723D4D
:102AD00025632C205072656369734572723D2563CE
:102AE0002C20496D7072656369734572723D256370
:102AF0002C20556E53746B4572723D25632C205308
:102B0000746B4572723D25632C204C737045727254
:102B10003D25632C204246415256616C69643D2537
:102B2000630000004275734661756C7441646472A1
:102B300065737352656769737465723A206661756F
:102B40006C74206174203078252E386C5800000099
:102B50004D656D4D616E6167654661756C7453744A
:102B60006174757352656769737465723A20616C3C
:102B70006C3D3078252E32583B20494163635669BD
:102B80006F6C3D25632C204441636356696F6C3D37
:102B900025632C204D656D556E53746B4572723DE7
:102BA00025632C204D656D53746B4572723D256312
:102BB0002C204D656D4C73704572723D25632C2041
:102BC0004D4D415256616C69643D25630000000023
:102BD0004D656D4D616E6167654661756C744164EC
:102BE000647265737352656769737465723A2066BF
:102BF00061756C74206174203078252E386C580013
:102C0000436F6E666967757261626C654661756C6B
:102C10007453746174757352656769737465727304
:102C2000434653523A20616C6C3D3078252E386C07
:102C3000583B20003B200000486172644661756C7F
:102C40007453746174757352656769737465723A0D
:102C500020616C6C3D3078252E386C583B205665D1
:102C600063745461626C653D25632C20466F72630A
:102C700065643D25632C2044656275674576743D27
:102C800025630000436F6E746578745374617465D6
:102C90004672616D653A2072303D3078252E386C71
:102CA000582C2072313D3078252E386C582C2072EB
:102CB000323D3078252E386C582C2072333D3078D8
:102CC000252E386C582C207231323D3078252E3824
:102CD0006C582C206C723D3078252E386C582C2086
:102CE00070635F72657475726E5F616464723D30AB
:102CF00078252E386C582C20787073723D307825EA
:102D00002E386C58000000000A0000000A0A0A2150
:102D10004275734661756C74210A00005043205B54
:102D20005231355D203D2025780A00004C52205B51
:102D30005231345D203D2025780A00000A0A0A211C
:102D400055736167654661756C74210A0000000067
:102D50000A0A0A214D656D4D616E674661756C7496
:102D6000210A0000FA05000001010100BEBAAD1BF6
:102D7000EDAD0F0A01000110021003100410022033
:102D80000200032004200520062007200820092037
:102D90000A200300040005000600060004002800C5
:102DA000C0030130023003300430053006300E30ED
:102DB000014002400340044005400640087F1B09D3
:102DC000FFFF7F000000780000001E0000000000F0
:102DD000FFFF87FF000080FF00000C00000078006C
:102DE00000010203040506070001020304050607AB
:102DF00008098B000102030405060708090A0B0CE9
:102E00000D0E0F101112131415161718191A1B1C7A
:102E10001D1E00005C00000064000000680000004F
:102E20006C00000031393600626535356433616508
:102E300034373862663039343136376533383632B4
:102E4000383232363533303734303437383530660F
:102E5000000000000A0A4553432D46534D3A2076A0
:102E600025732E6225733B204F6666736574206F51
:102E70006620436F6E74726F6C5265676973746518
:102E8000723A203078252E326C582C206578706587
:102E9000637465643A203078252E326C582E000019
:102EA0000A4F6666736574206F662046534D2D3E4B
:102EB0004C61746368416463733A203078252E3224
:102EC0006C582C2065787065637465643A2030789E
:102ED000252E326C582E00000A4F666673657420EA
:102EE0006F662046534D2D3E4164634141636375D7
:102EF0006D756C61746F723A203078252E326C5883
:102F00002C2065787065637465643A203078252ECE
:102F1000326C582E000000000A4F666673657420FC
:102F20006F662046534D2D3E416463424163637595
:102F30006D756C61746F723A203078252E326C5842
:102F40002C2065787065637465643A203078252E8E
:102F5000326C582E000000000A4F666673657420BC
:102F60006F662046534D2D3E55617274305278463F
:102F700069666F5065656B52656164416464723A5D
:102F8000203078252E326C582C206578706563745B
:102F900065643A203078252E326C582E00010101EC
:102FA0000020202020202020202028282828282019
:102FB0002020202020202020202020202020202011
:102FC0002088101010101010101010101010101079
:102FD0001004040404040404040404101010101069
:102FE0001010414141414141010101010101010133
:102FF0000101010101010101010101011010101085
:103000001010424242424242020202020202020204
:103010000202020202020202020202021010101058
:103020002000000000000000000000000000000080
:103030000000000000000000000000000000000090
:103040000000000000000000000000000000000080
:103050000000000000000000000000000000000070
:103060000000000000000000000000000000000060
:103070000000000000000000000000000000000050
:103080000000000000000000000000000000000040
:103090000000000000000000000000000000000030
:1030A000000000000A00000065256C6400000000BC
:1030B000494E4600696E66004E414E006E616E00DC
:1030C000303132333435363738396162636465669E
:1030D0000000000030313233343536373839414260
:1030E0004344454600000000286E756C6C290000C2
:1030F000300000002F000000504F534958000000DE
:1031000043000000415343494900000049534F2DFB
:10311000383835392D310000636A6B73696E676C1E
:1031200065000000636A6B6E6172726F7700000069
:10313000636A6B77696465005554462D380000005A
:1031400055544638000000004A4953004555430095
:103150004A5000004555434A50000000534A495325
:103160000000000049534F00383835390000000096
:1031700049534F2D383835392D0000004350000099
:103180004B4F49380000000043503230383636008B
:10319000435032313836360043503130330000006E
:1031A00047454F524749414E000000005053000030
:1031B00043503130310000005054313534000000AC
:1031C0004350313032000000544953003632300051
:1031D00043503837340000004C435F414C4C0000F2
:1031E0004C414E47000000002E0000004C435F435E
:1031F0004F4C4C41544500004C435F43545950459B
:10320000000000004C435F4D4F4E45544152590061
:103210004C435F4E554D4552494300004C435F546B
:10322000494D45004C435F4D45535341474553007D
:10323000496E66696E697479000000004E614E0047
:1032400042616C6C6F63207375636365656465646C
:10325000000000002F5F5F772F61726D2D6E6F6E23
:10326000652D656162692D6763632D787061636B9D
:103270002F61726D2D6E6F6E652D656162692D67B0
:1032800063632D787061636B2F6275696C642D6167
:1032900073736574732F6275696C642F6C696E75D6
:1032A000782D7836342F736F75726365732F6E6562
:1032B000776C69622D63796777696E2F6E65776CBD
:1032C00069622F6C6962632F7374646C69622F6426
:1032D000746F612E630000002F5F5F772F61726D46
:1032E0002D6E6F6E652D656162692D6763632D7844
:1032F0007061636B2F61726D2D6E6F6E652D6561F0
:1033000062692D6763632D787061636B2F627569E5
:103310006C642D6173736574732F6275696C642FAF
:103320006C696E75782D7836342F736F757263659E
:10333000732F6E65776C69622D63796777696E2F7D
:103340006E65776C69622F6C6962632F7374646C4D
:1033500069622F6D707265632E6300006E660000F7
:10336000696E697479000000616E00002C2066753A
:103370006E6374696F6E3A200000000061737365BC
:103380007274696F6E2022257322206661696C65F4
:10339000643A2066696C6520222573222C206C69B2
:1033A0006E65202564257325730A00002F5F5F7703
:1033B0002F61726D2D6E6F6E652D656162692D676F
:1033C00063632D787061636B2F61726D2D6E6F6E0C
:1033D000652D656162692D6763632D787061636B2C
:1033E0002F6275696C642D6173736574732F6275D8
:1033F000696C642F6C696E75782D7836342F736F15
:1034000075726365732F6E65776C69622D6379677A
:1034100077696E2F6E65776C69622F6C6962632FB6
:103420007374646C69622F6764746F612D6765746F
:103430006865782E630000000A00010002000300A6
:103440000400050006000700080009000A000B0040
:103450000C000D000E000F00100000003030303066
:10346000303030303030303030303030202020209C
:103470002020202020202020202020204300000089
:10348000000000000000000000000000000000003C
:1034900000000000000000000000000043000000E9
:1034A000000000000000000000000000000000001C
:1034B00000000000000000000000000043000000C9
:1034C00000000000000000000000000000000000FC
:1034D00000000000000000000000000043000000A9
:1034E00000000000000000000000000000000000DC
:1034F0000000000000000000000000004300000089
:1035000000000000000000000000000000000000BB
:103510000000000000000000000000004300000068
:10352000000000000000000000000000000000009B
:103530000000000000000000000000004300000048
:10354000000000000000000000000000000000007B
:103550000000000000000000000000007565010090
:10356000E13E010000000000A02F0200E83102004F
:103570007833020078330200783302007833020097
:103580007833020078330200783302007833020087
:1035900078330200FFFFFFFFFFFFFFFFFFFFFFFF8A
:1035A000FFFF0000010041534349490000000000B3
:1035B000000000000000000000000000000000000B
:1035C0000000000000004153434949000000000092
:1035D00000000000000000000000000000000000EB
:1035E0000000000000000000D8310200EC310200B1
:1035F000F831020004320200103202001C320200D4
:103600002432020004000000000005000004010153
:103610000101010601060004000000000000000096
:10362000000004040000000006020202020206027A
:103630000606060406060606060606060606030332
:103640000606060000000000000000000200000066
:10365000000000000005040404040407040700033C
:103660000000000000000000000001010000000058
:1036700007010101010107010707070607070707FF
:1036800007070707070700000707070000000000FB
:103690000000000005000000190000007D0000008F
:1036A000BC89D897B2D29C3C33A7A8D523F6493918
:1036B0003DA7F444FD0FA5329D978CCF08BA5B253A
:1036C000436FAC642806C80A0080E03779C34143E1
:1036D000176E05B5B5B89346F5F93FE9034F384D78
:1036E000321D30F94877825A3CBF737FDD4F157524
:1036F000000000000000F03F000000000000244037
:1037000000000000000059400000000000408F4011
:10371000000000000088C34000000000006AF8407C
:103720000000000080842E4100000000D0126341A0
:103730000000000084D797410000000065CDCD4116
:10374000000000205FA00242000000E876483742F7
:10375000000000A2941A6D42000040E59C30A24295
:103760000000901EC4BCD64200003426F56B0C430A
:103770000080E03779C3414300A0D88557347643B1
:1037800000C84E676DC1AB43003D9160E458E14312
:10379000408CB5781DAF154450EFE2D6E41A4B4487
:1037A00092D54D06CFF08044F64AE1C7022DB544CC
:1037B000B49DD9794378EA4434000000CEFBFFFF82
:1037C000CB030000010000000000000035000000F5
:1037D000CEFBFFFFCB030000010000000000000053
:1037E000BC89D897B2D29C3C33A7A8D523F64939D7
:1037F0003DA7F444FD0FA5329D978CCF08BA5B25F9
:10380000436FAC64280668110C5F104E154E2A4EAB
:10381000314E364E3C4E3F4E424E564E584E824EE4
:10382000854E6B8C8A4E12820D5F8E4E9E4E9F4E41
:10383000A04EA24EB04EB34EB64ECE4ECD4EC44E5E
:10384000C64EC24ED74EDE4EED4EDF4EF74E094FFE
:103850005A4F304F5B4F5D4F574F474F764F884F12
:103860008F4F984F7B4F694F704F914F6F4F864FDF
:10387000964F1851D44FDF4FCE4FD84FDB4FD14F1B
:10388000DA4FD04FE44FE54F1A50285014502A50C9
:10389000255005501C4FF64F215029502C50FE4FFB
:1038A000EF4F11500650435047500367555050504A
:1038B00048505A5056506C50785080509A5085500D
:1038C000B450B250C950CA50B350C250D650DE5056
:1038D000E550ED50E350EE50F950F55009510151CB
:1038E00002511651155114511A5121513A51375163
:1038F0003C513B513F51405152514C5154516251F6
:10390000F87A69516A516E5180518251D8568C5162
:1039100089518F519151935195519651A451A6516E
:10392000A251A951AA51AB51B351B151B251B051A9
:10393000B551BD51C551C951DB51E0515586E951D1
:10394000ED51F051F551FE5104520B5214520E52EA
:1039500027522A522E52335239524F5244524B520E
:103960004C525E5254526A527452695273527F5290
:103970007D528D5294529252715288529152A88F18
:10398000A78FAC52AD52BC52B552C152CD52D75294
:10399000DE52E352E652ED98E052F352F552F852FD
:1039A000F9520653085338750D5310530F531553DE
:1039B0001A5323532F5331533353385340534653E1
:1039C0004553174E49534D53D6515E5369536E5369
:1039D00018597B53775382539653A053A653A5533C
:1039E000AE53B053B653C353127CD996DF53FC6623
:1039F000EE71EE53E853ED53FA5301543D544054E5
:103A00002C542D543C542E54365429541D544E5489
:103A10008F5475548E545F5471547754705492542B
:103A20007B5480547654845490548654C754A25482
:103A3000B854A554AC54C454C854A854AB54C2543C
:103A4000A454BE54BC54D854E554E6540F551455F0
:103A5000FD54EE54ED54FA54E25439554055635533
:103A60004C552E555C55455556555755385533557B
:103A70005D5599558055AF548A559F557B557E5558
:103A800098559E55AE557C558355A9558755A855D3
:103A9000DA55C555DF55C455DC55E455D455145693
:103AA000F7551656FE55FD551B56F9554E565056B0
:103AB000DF7134563656325638566B5664562F568A
:103AC0006C566A56865680568A56A05694568F561D
:103AD000A556AE56B656B456C256BC56C156C35677
:103AE000C056C856CE56D156D356D756EE56F9566E
:103AF0000057FF560457095708570B570D571357D0
:103B000018571657C7551C572657375738574E570B
:103B10003B5740574F576957C057885761577F5792
:103B200089579357A057B357A457AA57B057C357AD
:103B3000C657D457D257D3570A58D657E3570B58BE
:103B400019581D587258215862584B587058C06BFC
:103B500052583D5879588558B9589F58AB58BA585B
:103B6000DE58BB58B858AE58C558D358D158D75856
:103B7000D958D858E558DC58E458DF58EF58FA5867
:103B8000F958FB58FC58FD5802590A5910591B594D
:103B9000A66825592C592D59325938593E59D27A8F
:103BA000555950594E595A5958596259605967597F
:103BB0006C596959785981599D595E4FAB4FA3593A
:103BC000B259C659E859DC598D59D959DA59255A8B
:103BD0001F5A115A1C5A095A1A5A405A6C5A495AB1
:103BE000355A365A625A6A5A9A5ABC5ABE5ACB5AEF
:103BF000C25ABD5AE35AD75AE65AE95AD65AFA5A1D
:103C0000FB5A0C5B0B5B165B325BD05A2A5B365B54
:103C10003E5B435B455B405B515B555B5A5B5B5B6B
:103C2000655B695B705B735B755B785B88657A5B12
:103C3000805B835BA65BB85BC35BC75BC95BD45B24
:103C4000D05BE45BE65BE25BDE5BE55BEB5BF05B82
:103C5000F65BF35B055C075C085C0D5C135C205C49
:103C6000225C285C385C395C415C465C4E5C535C91
:103C7000505C4F5C715B6C5C6E5C624E765C795C38
:103C80008C5C915C945C9B59AB5CBB5CB65CBC5C33
:103C9000B75CC55CBE5CC75CD95CE95CFD5CFA5C8A
:103CA000ED5C8C5DEA5C0B5D155D175D5C5D1F5D19
:103CB0001B5D115D145D225D1A5D195D185D4C5D23
:103CC000525D4E5D4B5D6C5D735D765D875D845DC1
:103CD000825DA25D9D5DAC5DAE5DBD5D905DB75DDD
:103CE000BC5DC95DCD5DD35DD25DD65DDB5DEB5D59
:103CF000F25DF55D0B5E1A5E195E115E1B5E365E4F
:103D0000375E445E435E405E4E5E575E545E5F5E6D
:103D1000625E645E475E755E765E7A5EBC9E7F5EC6
:103D2000A05EC15EC25EC85ED05ECF5ED65EE35E60
:103D3000DD5EDA5EDB5EE25EE15EE85EE95EEC5E81
:103D4000F15EF35EF05EF45EF85EFE5E035F095FB7
:103D50005D5F5C5F0B5F115F165F295F2D5F385FF2
:103D6000415F485F4C5F4E5F2F5F515F565F575F0B
:103D7000595F615F6D5F735F775F835F825F7F5FB6
:103D80008A5F885F915F875F9E5F995F985FA05FA2
:103D9000A85FAD5FBC5FD65FFB5FE45FF85FF15F7C
:103DA000DD5FB360FF5F21606060196010602960B3
:103DB0000E6031601B6015602B6026600F603A60FA
:103DC0005A6041606A6077605F604A6046604D603B
:103DD00063604360646042606C606B6059608160E6
:103DE0008D60E76083609A6084609B6096609760F6
:103DF0009260A7608B60E160B860E060D360B460FF
:103E0000F05FBD60C660B560D8604D611561066148
:103E1000F660F7600061F460FA6003612161FB60A5
:103E2000F1600D610E6147613E61286127614A6161
:103E30003F613C612C6134613D6142614461736169
:103E40007761586159615A616B6174616F61656135
:103E500071615F615D6153617561996196618761AF
:103E6000AC6194619A618A619161AB61AE61CC6130
:103E7000CA61C961F761C861C361C661BA61CB61DA
:103E8000797FCD61E661E361F661FA61F461FF611A
:103E9000FD61FC61FE610062086209620D620C62F4
:103EA00014621B621E6221622A622E6230623262DA
:103EB000336241624E625E6263625B62606268624C
:103EC0007C62826289627E62926293629662D4624E
:103ED00083629462D762D162BB62CF62FF62C662C4
:103EE000D464C862DC62CC62CA62C262C7629B628E
:103EF000C9620C63EE62F162276302630863EF62DA
:103F0000F56250633E634D631C644F6396638E633A
:103F10008063AB637663A3638F6389639F63B563D9
:103F20006B636963BE63E963C063C663E363C963CC
:103F3000D263F663C463166434640664136426644F
:103F400036641D65176428640F6467646F64766463
:103F50004E642A6595649364A564A9648864BC640E
:103F6000DA64D264C564C764BB64D864C264F164B3
:103F7000E7640982E064E164AC62E364EF642C65A9
:103F8000F664F464F264FA640065FD6418651C6507
:103F90000565246523652B653465356537653665AC
:103FA00038654B754865566555654D6558655E6560
:103FB0005D6572657865826583658A8B9B659F65A3
:103FC000AB65B765C365C665C165C465CC65D265BB
:103FD000DB65D965E065E165F16572670A660366D0
:103FE000FB6573673566366634661C664F664466E5
:103FF000496641665E665D666466676668665F66BA
:1040000062667066836688668E6689668466986670
:104010009D66C166B966C966BE66BC66C466B8669A
:10402000D666DA66E0663F66E666E966F066F566DD
:10403000F7660F6716671E672667276738972E672C
:104040003F67366741673867376746675E6760670F
:1040500059676367646789677067A9677C676A6780
:104060008C678B67A667A1678567B767EF67B467DB
:10407000EC67B367E967B867E467DE67DD67E26747
:10408000EE67B967CE67C667E7679C6A1E684668D1
:10409000296840684D6832684E68B3682B68596873
:1040A000636877687F689F688F68AD6894689D686B
:1040B0009B688368AE6AB9687468B568A068BA68B6
:1040C0000F698D687E680169CA680869D8682269C5
:1040D0002669E1680C69CD68D468E768D5683669F7
:1040E00012690469D768E3682569F968E068EF68D0
:1040F00028692A691A6923692169C6687969776913
:104100005C6978696B6954697E696E69396974693B
:104110003D695969306961695E695D6981696A698A
:10412000B269AE69D069BF69C169D369BE69CE6938
:10413000E85BCA69DD69BB69C369A7692E6A9169D1
:10414000A0699C699569B469DE69E869026A1B6ABD
:10415000FF690A6BF969F269E769056AB1691E6A64
:10416000ED69146AEB690A6A126AC16A236A136A02
:10417000446A0C6A726A366A786A476A626A596A7D
:10418000666A486A386A226A906A8D6AA06A846A96
:10419000A26AA36A976A1786BB6AC36AC26AB86AC8
:1041A000B36AAC6ADE6AD16ADF6AAA6ADA6AEA6A64
:1041B000FB6A056B1686FA6A126B166B319B1F6BD6
:1041C000386B376BDC76396BEE98476B436B496B1A
:1041D000506B596B546B5B6B5F6B616B786B796B7E
:1041E0007F6B806B846B836B8D6B986B956B9E6B19
:1041F000A46BAA6BAB6BAF6BB26BB16BB36BB76BF2
:10420000BC6BC66BCB6BD36BDF6BEC6BEB6BF36B8D
:10421000EF6BBE9E086C136C146C1B6C246C236CCF
:104220005E6C556C626C6A6C826C8D6C9A6C816C85
:104230009B6C7E6C686C736C926C906CC46CF16C53
:10424000D36CBD6CD76CC56CDD6CAE6CB16CBE6CE8
:10425000BA6CDB6CEF6CD96CEA6C1F6D4D88366DF7
:104260002B6D3D6D386D196D356D336D126D0C6DA7
:10427000636D936D646D5A6D796D596D8E6D956D2D
:10428000E46F856DF96D156E0A6EB56DC76DE66DDF
:10429000B86DC66DEC6DDE6DCC6DE86DD26DC56D23
:1042A000FA6DD96DE46DD56DEA6DEE6D2D6E6E6EA5
:1042B0002E6E196E726E5F6E3E6E236E6B6E2B6E7F
:1042C000766E4D6E1F6E436E3A6E4E6E246EFF6EAE
:1042D0001D6E386E826EAA6E986EC96EB76ED36E02
:1042E000BD6EAF6EC46EB26ED46ED56E8F6EA56E9F
:1042F000C26E9F6E416F116F4C70EC6EF86EFE6E69
:104300003F6FF26E316FEF6E326FCC6E3E6F136F98
:10431000F76E866F7A6F786F816F806F6F6F5B6FEC
:10432000F36F6D6F826F7C6F586F8E6F916FC26F7E
:10433000666FB36FA36FA16FA46FB96FC66FAA6FDB
:10434000DF6FD56FEC6FD46FD86FF16FEE6FDB6FEF
:1043500009700B70FA6F117001700F70FE6F1B7097
:104360001A70746F1D7018701F7030703E7032704C
:104370005170637099709270AF70F170AC70B870DA
:10438000B370AE70DF70CB70DD70D9700971FD70E5
:104390001C711971657155718871667162714C710A
:1043A00056716C718F71FB7184719571A871AC71CC
:1043B000D771B971BE71D271C971D471CE71E0710A
:1043C000EC71E771F571FC71F971FF710D7210728A
:1043D0001B7228722D722C72307232723B723C72D8
:1043E0003F72407246724B72587274727E72827261
:1043F0008172877292729672A272A772B972B27249
:10440000C372C672C472CE72D272E272E072E1728C
:10441000F972F7720F5017730A731C7316731D73BA
:1044200034732F73297325733E734E734F73D89E65
:1044300057736A7368737073787375737B737A7369
:10444000C873B373CE73BB73C073E573EE73DE735F
:10445000A27405746F742574F87332743A745574C9
:104460003F745F74597441745C74697470746374DC
:104470006A7476747E748B749E74A774CA74CF74D5
:10448000D474F173E074E374E774E974EE74F27455
:10449000F074F174F874F7740475037505750C7590
:1044A0000E750D75157513751E7526752C753C7575
:1044B00044754D754A7549755B7546755A756975CC
:1044C000647567756B756D757875767586758775A6
:1044D00074758A758975827594759A759D75A575BB
:1044E000A375C275B375C375B575BD75B875BC7563
:1044F000B175CD75CA75D275D975E375DE75FE7562
:10450000FF75FC750176F075FA75F275F3750B762B
:104510000D7609761F762776207621762276247608
:10452000347630763B764776487646765C765876B3
:1045300061766276687669766A7667766C7670768A
:104540007276767678767C768076837688768B76C9
:104550008E769676937699769A76B076B476B876A5
:10456000B976BA76C276CD76D676D276DE76E17632
:10457000E576E776EA762F86FB7608770777047785
:10458000297724771E77257726771B773777387733
:1045900047775A7768776B775B7765777F777E7732
:1045A00079778E778B779177A0779E77B077B6778C
:1045B000B977BF77BC77BD77BB77C777CD77D7772C
:1045C000DA77DC77E377EE77FC770C781278267968
:1045D00020782A7945788E78747886787C789A78ED
:1045E0008C78A378B578AA78AF78D178C678CB786C
:1045F000D478BE78BC78C578CA78EC78E778DA7871
:10460000FD78F47807791279117919792C792B7959
:104610004079607957795F795A79557953797A7900
:104620007F798A799D79A7794B9FAA79AE79B379F9
:10463000B979BA79C979D579E779EC79E179E3790A
:10464000087A0D7A187A197A207A1F7A8079317A65
:104650003B7A3E7A377A437A577A497A617A627A34
:10466000697A9D9F707A797A7D7A887A977A957A35
:10467000987A967AA97AC87AB07AB67AC57AC47ADC
:10468000BF7A8390C77ACA7ACD7ACF7AD57AD37A2D
:10469000D97ADA7ADD7AE17AE27AE67AED7AF07A34
:1046A000027B0F7B0A7B067B337B187B197B1E7B8F
:1046B000357B287B367B507B7A7B047B4D7B0B7B69
:1046C0004C7B457B757B657B747B677B707B717BEB
:1046D0006C7B6E7B9D7B987B9F7B8D7B9C7B9A7B91
:1046E0008B7B927B8F7B5D7B997BCB7BC17BCC7BF8
:1046F000CF7BB47BC67BDD7BE97B117C147CE67BC6
:10470000E57B607C007C077C137CF37BF77B177C6C
:104710000D7CF67B237C277C2A7C1F7C377C2B7CC2
:104720003D7C4C7C437C547C4F7C407C507C587C52
:104730005F7C647C567C657C6C7C757C837C907C27
:10474000A47CAD7CA27CAB7CA17CA87CB37CB27C3D
:10475000B17CAE7CB97CBD7CC07CC57CC27CD87C85
:10476000D27CDC7CE27C3B9BEF7CF27CF47CF67CB4
:10477000FA7C067D027D1C7D157D0A7D457D4B7D85
:104780002E7D327D3F7D357D467D737D567D4E7D10
:10479000727D687D6E7D4F7D637D937D897D5B7DC0
:1047A0008F7D7D7D9B7DBA7DAE7DA37DB57DC77DF3
:1047B000BD7DAB7D3D7EA27DAF7DDC7DB87D9F7DE7
:1047C000B07DD87DDD7DE47DDE7DFB7DF27DE17D0C
:1047D000057E0A7E237E217E127E317E1F7E097E2B
:1047E0000B7E227E467E667E3B7E357E397E437E14
:1047F000377E327E3A7E677E5D7E567E5E7E597E55
:104800005A7E797E6A7E697E7C7E7B7E837ED57DC4
:104810007D7EAE8F7F7E887E897E8C7E927E907E2E
:10482000937E947E967E8E7E9B7E9C7E387F3A7FA2
:10483000457F4C7F4D7F4E7F507F517F557F547F0A
:10484000587F5F7F607F687F697F677F787F827F27
:10485000867F837F887F877F8C7F947F9E7F9D7FED
:104860009A7FA37FAF7FB27FB97FAE7FB67FB87FDD
:10487000718BC57FC67FCA7FD57FD47FE17FE67FFE
:10488000E97FF37FF97FDC98068004800B8012803B
:10489000188019801C80218028803F803B804A80BE
:1048A0004680528058805A805F8062806880738022
:1048B00072807080768079807D807F808480868021
:1048C00085809B8093809A80AD809051AC80DB8006
:1048D000E580D980DD80C480DA80D6800981EF80D0
:1048E000F1801B81298123812F814B818B96468109
:1048F0003E8153815181FC8071816E816581668129
:104900007481838188818A8180818281A08195815F
:10491000A481A3815F819381A981B081B581BE818A
:10492000B881BD81C081C281BA81C981CD81D18167
:10493000D981D881C881DA81DF81E081E781FA817C
:10494000FB81FE8101820282058207820A820D823A
:104950001082168229822B823882338240825982C9
:1049600058825D825A825F826482628268826A8231
:104970006B822E827182778278827E828D82928291
:10498000AB829F82BB82AC82E182E382DF82D282F1
:10499000F482F382FA8293830383FB82F982DE82BC
:1049A0000683DC820983D98235833483168332837C
:1049B000318340833983508345832F832B8317832F
:1049C000188385839A83AA839F83A28396832383F4
:1049D0008E8387838A837C83B58373837583A08367
:1049E0008983A883F4831384EB83CE83FD830384BC
:1049F000D8830B84C183F7830784E083F2830D841B
:104A000022842084BD8338840685FB836D842A84B8
:104A10003C845A85848477846B84AD846E848284DC
:104A2000698446842C846F8479843584CA84628442
:104A3000B984BF849F84D984CD84BB84DA84D08434
:104A4000C184C684D684A1842185FF84F48417851B
:104A500018852C851F8515851485FC844085638504
:104A600058854885418502864B8555858085A48576
:104A7000888591858A85A8856D8594859B85EA853D
:104A800087859C8577857E859085C985BA85CF8504
:104A9000B985D085D585DD85E585DC85F9850A86EE
:104AA00013860B86FE85FA85068622861A86308650
:104AB0003F864D86554E54865F86678671869386FF
:104AC000A386A986AA868B868C86B686AF86C48680
:104AD000C686B086C9862388AB86D486DE86E986FC
:104AE000EC86DF86DB86EF861287068708870087DD
:104AF0000387FB86118709870D87F9860A87348724
:104B00003F8737873B87258729871A8760875F8795
:104B100078874C874E877487578768876E87598751
:104B2000538763876A870588A2879F878287AF87B5
:104B3000CB87BD87C087D087D696AB87C487B3871E
:104B4000C787C687BB87EF87F287E0870F880D8806
:104B5000FE87F687F7870E88D28711881688158812
:104B60002288218831883688398827883B8844887C
:104B70004288528859885E8862886B8881887E88DE
:104B80009E8875887D88B588728882889788928883
:104B9000AE889988A2888D88A488B088BF88B1889B
:104BA000C388C488D488D888D988DD88F9880289E0
:104BB000FC88F488E888F28804890C890A891389BA
:104BC00043891E8925892A892B89418944893B8902
:104BD000368938894C891D8960895E89668964892E
:104BE0006D896A896F89748977897E8983898889C3
:104BF0008A8993899889A189A989A689AC89AF896D
:104C0000B289BA89BD89BF89C089DA89DC89DD8921
:104C1000E789F489F889038A168A108A0C8A1B8A24
:104C20001D8A258A368A418A5B8A528A468A488A40
:104C30007C8A6D8A6C8A628A858A828A848AA88A3A
:104C4000A18A918AA58AA68A9A8AA38AC48ACD8AC9
:104C5000C28ADA8AEB8AF38AE78AE48AF18A148BB9
:104C6000E08AE28AF78ADE8ADB8A0C8B078B1A8B52
:104C7000E18A168B108B178B208B338BAB97268B8F
:104C80002B8B3E8B288B418B4C8B4F8B4E8B498BC8
:104C9000568B5B8B5A8B6B8B5F8B6C8B6F8B748B98
:104CA0007D8B808B8C8B8E8B928B938B968B998B41
:104CB0009A8B3A8C418C3F8C488C4C8C4E8C508C0F
:104CC000558C628C6C8C788C7A8C828C898C858CDF
:104CD0008A8C8D8C8E8C948C7C8C988C1D62AD8C87
:104CE000AA8CBD8CB28CB38CAE8CB68CC88CC18CAB
:104CF000E48CE38CDA8CFD8CFA8CFB8C048D058DB6
:104D00000A8D078D0F8D0D8D108D4E9F138DCD8CBF
:104D1000148D168D678D6D8D718D738D818D998D2F
:104D2000C28DBE8DBA8DCF8DDA8DD68DCC8DDB8DBB
:104D3000CB8DEA8DEB8DDF8DE38DFC8D088E098E9A
:104D4000FF8D1D8E1E8E108E1F8E428E358E308EE4
:104D5000348E4A8E478E498E4C8E508E488E598E98
:104D6000648E608E2A8E638E558E768E728E7C8EC9
:104D7000818E878E858E848E8B8E8A8E938E918E79
:104D8000948E998EAA8EA18EAC8EB08EC68EB18E68
:104D9000BE8EC58EC88ECB8EDB8EE38EFC8EFB8ED8
:104DA000EB8EFE8E0A8F058F158F128F198F138F42
:104DB0001C8F1F8F1B8F0C8F268F338F3B8F398F4C
:104DC000458F428F3E8F4C8F498F468F4E8F578F26
:104DD0005C8F628F638F648F9C8F9F8FA38FAD8F4B
:104DE000AF8FB78FDA8FE58FE28FEA8FEF8F8790E3
:104DF000F48F0590F98FFA8F1190159021900D90F6
:104E00001E9016900B902790369035903990F88F21
:104E10004F905090519052900E9049903E905690E5
:104E200058905E9068906F907690A896729082905D
:104E30007D90819080908A9089908F90A890AF907B
:104E4000B190B590E290E4904862DB9002911291AB
:104E50001991329130914A9156915891639165918F
:104E60006991739172918B9189918291A291AB9189
:104E7000AF91AA91B591B491BA91C091C191C991E4
:104E8000CB91D091D691DF91E191DB91FC91F5919D
:104E9000F6911E92FF9114922C92159211925E92AD
:104EA0005792459249926492489295923F924B92C2
:104EB00050929C92969293929B925A92CF92B992D0
:104EC000B792E9920F93FA9244932E9319932293F7
:104ED0001A9323933A9335933B935C9360937C931B
:104EE0006E935693B093AC93AD939493B993D6933A
:104EF000D793E893E593D893C393DD93D093C89366
:104F0000E4931A941494139403940794109436948D
:104F10002B94359421943A944194529444945B9404
:104F2000609462945E946A942992709475947794D4
:104F30007D945A947C947E9481947F9482958795F5
:104F40008A959495969598959995A095A895A795E5
:104F5000AD95BC95BB95B995BE95CA95F66FC395B1
:104F6000CD95CC95D595D495D695DC95E195E595DF
:104F7000E295219628962E962F9642964C964F961D
:104F80004B9677965C965E965D965F966696729661
:104F90006C968D96989695969796AA96A796B196A2
:104FA000B296B096B496B696B896B996CE96CB967B
:104FB000C996CD964D89DC960D97D596F9960497AE
:104FC0000697089713970E9711970F9716971997AB
:104FD00024972A97309739973D973E97449746975D
:104FE0004897429749975C97609764976697689748
:104FF000D2526B977197799785977C9781977A971B
:1050000086978B978F9790979C97A897A697A3972B
:10501000B397B497C397C697C897CB97DC97ED978C
:105020004F9FF297DF7AF697F5970F980C9838987C
:105030002498219837983D9846984F984B986B98AC
:105040006F987098719874987398AA98AF98B1985F
:10505000B698C498C398C698E998EB9803990999AB
:1050600012991499189921991D991E99249920999A
:105070002C992E993D993E99429949994599509973
:105080004B99519952994C99559997999899A599F5
:10509000AD99AE99BC99DF99DB99DD99D899D199F1
:1050A000ED99EE99F199F299FB99F899019A0F9A75
:1050B000059AE299199A2B9A379A459A429A409AF8
:1050C000439A3E9A559A4D9A5B9A579A5F9A629A7A
:1050D000659A649A699A6B9A6A9AAD9AB09ABC9AE0
:1050E000C09ACF9AD19AD39AD49ADE9ADF9AE29A4A
:1050F000E39AE69AEF9AEB9AEE9AF49AF19AF79A73
:10510000FB9A069B189B1A9B1F9B229B239B259B0C
:10511000279B289B299B2A9B2E9B2F9B329B449B42
:10512000439B4F9B4D9B4E9B519B589B749B939BCA
:10513000839B919B969B979B9F9BA09BA89BB49BBB
:10514000C09BCA9BB99BC69BCF9BD19BD29BE39B29
:10515000E29BE49BD49BE19B3A9CF29BF19BF09BEE
:10516000159C149C099C139C0C9C069C089C129CEE
:105170000A9C049C2E9C1B9C259C249C219C309C5E
:10518000479C329C469C3E9C5A9C609C679C769CAB
:10519000789CE79CEC9CF09C099D089DEB9C039DF2
:1051A000069D2A9D269DAF9D239D1F9D449D159D77
:1051B000129D419D3F9D3E9D469D489D5D9D5E9DEE
:1051C000649D519D509D599D729D899D879DAB9D6C
:1051D0006F9D7A9D9A9DA49DA99DB29DC49DC19DE0
:1051E000BB9DB89DBA9DC69DCF9DC29DD99DD39DA7
:1051F000F89DE69DED9DEF9DFD9D1A9E1B9E1E9EBA
:10520000759E799E7D9E819E889E8B9E8C9E929E91
:10521000959E919E9D9EA59EA99EB89EAA9EAD9E7E
:105220006197CC9ECE9ECF9ED09ED49EDC9EDE9E6D
:10523000DD9EE09EE59EE89EEF9EF49EF69EF79E24
:10524000F99EFB9EFC9EFD9E079F089FB776159FCB
:10525000219F2C9F3E9F4A9F529F549F639F5F9F19
:10526000609F619F669F679F6C9F6A9F779F729FF9
:10527000769F959F9C9FA09F2F58C76959906474F3
:10528000DC5199719C4E1655035A3F96C0541B61D0
:105290002863F659229075841C83507AAA60E163D2
:1052A000256EED656684A682F59B93682757A165F8
:1052B00071629B5BD0597B86F498627DBE7D8E9B2C
:1052C00016629F7CB788895BB55E096397664868FC
:1052D000C7958D974F67E54E0A4F4D4F9D4F4950EB
:1052E000F2563759D459015A095CDF600F61706179
:1052F00013660569BA704F757075FB79AD7DEF7DEA
:10530000C3800E846388028B55907A903B53954EF0
:10531000A54EDF57B280C190EF78004EF158A26ED3
:105320003890327A28838B822F9C41517053BD5420
:10533000E154E056FB59155FF298EB6DE4802D8542
:1053400062967096A096FB970B54F353875BCF70D1
:10535000BD7FC28FE8966F535C9DBA7A114E9378E9
:10536000FC81266E185604551D6B1A853B9CE55929
:10537000A953666DDC748F954256914E4B90F29610
:105380004F830C99E153B655305B715F2066F3662D
:105390000468386CF36C296D5B74C8764E7A349867
:1053A000F1825B88608AED92B26DAB75CA76C59961
:1053B000A660018B8A8DB2958E69AD5386511257C6
:1053C00030584459B45BF65E2860A963F463BF6C3F
:1053D000146F8E7014715971D5713F73017E76828E
:1053E000D182978560905B921B9D6958BC655A6C11
:1053F0002575F9512E596559805FDC5FBC62FA65ED
:105400002A6A276BB46B8B73C17F56892C9D0E9DC6
:10541000C49EA15C966C7B8304514B5CB661C681D3
:1054200076686172594EFA4F78536960296E4F7AE7
:10543000F3970B4E1653EE4E554F3D4FA14F734F02
:10544000A052EF5309560F59C15AB65BE15BD179AF
:1054500087669C67B6674C6BB36C6B70C2738D7953
:10546000BE793C7A877BB182DB8204837783EF83CA
:10547000D3836687B28A2956A88CE68F4E901E97F2
:105480008A86C44FE85C116259723B75E581BD8222
:10549000FE86C08CC5961399D599CB4E1A4FE389D9
:1054A000DE564A58CA58FB5EEB5F2A609460626021
:1054B000D0611262D0623965419B6666B068776DD3
:1054C00070704C758676757DA582F9878B958E9662
:1054D0009D8CF151BE521659B354B35B165D686191
:1054E0008269AF6D8D78CB845788728AA793B89AFA
:1054F0006C6DA899D986A357FF67CE860E9283520A
:1055000087560454D35EE162B9643C683868BB6B6B
:105510007273BA786B7A9A89D2896B8D038FED900A
:10552000A39594966997665BB35C7D694D984E9898
:105530009B63207B2B6A7F6AB6680D9C5F6F7252FB
:105540009D557060EC623B6D076ED16E5B84108977
:10555000448F144E399CF6531B693A6A84972A6823
:105560005C51C37AB284DC918C935B56289D22688F
:1055700005833184A57C0852C582E6747E4E834F34
:10558000A051D25B0A52D852E752FB5D9A552A5875
:10559000E6598C5B985BDB5B725E795EA3601F6192
:1055A0006361BE61DB636265D1675368FA683E6B15
:1055B000536B576C226F976F456FB0741875E37615
:1055C0000B77FF7AA17B217CE97D367FF07F9D8080
:1055D00066829E83B389CC8AAB8C849051949395D8
:1055E0009195A2956596D39728991882384E2B5499
:1055F000B85CCC5DA9734C763C77A95CEB7F0B8DD6
:10560000C196119854985898014F0E4F71539C555C
:105610006856FA574759095BC45B905C0C5E7E5E26
:10562000CC5FEE633A67D765E2651F67CB68C468F5
:105630005F6A305EC56B176C7D6C7F754879635B04
:10564000007A007DBD5F8F89188AB48C778DCC8EEF
:105650001D8FE2980E9A3C9B804E7D5000519359CD
:105660009C5B2F628062EC643A6BA0729175477903
:10567000A97FFB87BC8A708BAC63CA83A09709544F
:105680000354AB555468586A708A27787567CD9E65
:105690007453A25B1A8150860690184E454EC74E31
:1056A000114FCA533854AE5B135F256051653D6797
:1056B000426C726CE36C78700374767AAE7A087B15
:1056C0001A7DFE7C667DE7655B72BB53455CE85DD9
:1056D000D262E0621963206E5A86318ADD8DF892BB
:1056E000016FA6795A9BA84EAB4EAC4E9B4FA04F74
:1056F000D1504751F67A7151F651545321537F538B
:10570000EB53AC558358E15C375F4A5F2F605060C4
:105710006D601F6359654B6AC16CC272ED72EF77A1
:10572000F880058108824E85F790E193FF9757999D
:105730005A9AF04EDD512D5C81666D69405CF266CF
:10574000756989735068817CC550E4524757FE5D86
:105750002693A465236B3D6B34748179BD794B7BB3
:10576000CA7DB982CC837F885F89398BD18FD191F3
:105770001F5480925D4E3650E5533A53D77296735C
:10578000E977E682AF8EC699C899D29977511A61A6
:105790005E86B0557A7A7650D35B47908596324EC6
:1057A000DB6AE791515C485C98639F7A936C7497CD
:1057B000618FAA7A8A718896827C1768707E516898
:1057C0006C93F2521B54AB85138AA47FCD8EE1906B
:1057D000665388884179C24FBE5011524451535587
:1057E0002D57EA738B575159625F845F75607661FC
:1057F0006761A961B2633A646C656F664268136E53
:1058000066753D7AFB7C4C7D997D4B7E6B7F0E836C
:105810004A83CD86088A638A668BFD8E1A988F9D8F
:10582000B882CE8FE89B87521F628364C06F9996BF
:1058300041689150206B7A6C546F747A507D408827
:10584000238A0867F64E3950265065507C513852ED
:105850006352A7550F570558CC5AFA5EB261F861EA
:10586000F36272631C69296A7D72AC722E731478BC
:105870006F78797D0C77A9808B89198BE28CD28E19
:10588000639075937A965598139A789E43519F53D7
:10589000B3537B5E265F1B6E906E8473FE73437DF5
:1058A0003782008AFA8A50964E4E0B50E4537C544D
:1058B000FA56D159645BF15DAB5E275F386245658E
:1058C000AF67566ED072CA7CB488A180E180F08345
:1058D0004E86878AE88D3792C7966798139F944EB5
:1058E000924E0D4F485349543E542F5A8C5FA15F3E
:1058F0009F60A7688E6A5A7481789E8AA48A778B83
:1059000090915E4EC99BA44E7C4FAF4F19501650DC
:1059100049516C519F52B952FE529A53E35311545C
:105920000E5489555157A2577D59545B5D5B8F5B6F
:10593000E55DE75DF75D785E835E9A5EB75E185F52
:1059400052604C619762D862A7633B65026643660A
:10595000F4666D6721689768CB695F6C2A6D696D25
:105960002F6E9D6E327587766C783F7AE07C057D70
:10597000187D5E7DB17D15800380AF80B18054813C
:105980008F812A8252834C8861881B8BA28CFC8C6D
:10599000CA90759171923F78FC92A4954D960598A6
:1059A0009999D89A3B9D5B52AB52F7530854D558FE
:1059B000F762E06F6A8C5F8FB99E4B513B524A543D
:1059C000FD56407A7791609DD29E4473096F708135
:1059D0001175FD5FDA60A89ADB72BC8F646B039867
:1059E000CA4EF0566457BE585A5A6860C7610F666F
:1059F00006663968B168F76DD5753A7D6E82429B4F
:105A00009B4E504FC95306556F5DE65DEE5DFB67DB
:105A1000996C73740278508A9693DF885057A75E0A
:105A20002B63B550AC508D510067C9545E58BB59BB
:105A3000B05B695F4D62A1633D68736B086E7D70FA
:105A4000C7918072157826786D798E65307DDC83FC
:105A5000C188098F9B966452285750676A7FA18C32
:105A6000B45142572A963A588A69B480B2540E5DAE
:105A7000FC579578FA9D5C4F4A528B543E642866D9
:105A80001467F567847A567B227D2F935C68AD9B03
:105A9000397B19538A513752DF5BF662AE64E66494
:105AA0002D67BA6BA985D1969076D69B4C630693E9
:105AB000AB9BBF765266094E9850C253715CE8604A
:105AC000926463655F68E671CA732375977B827E13
:105AD0009586838BDB8C78911099AC65AB668B6B6C
:105AE000D54ED44E3A4F7F4F3A52F853F253E355C6
:105AF000DB56EB58CB59C959FF59505B4D5C025EE0
:105B00002B5ED75F1D6007632F655C5BAF65BD656E
:105B1000E8659D67626B7B6B0F6C45734979C17952
:105B2000F87C197D2B7DA2800281F38196895E8AA3
:105B3000698A668A8C8AEE8AC78CDC8CCC96FC9843
:105B40006F6B8B4E3C4F8D4F5051575BFA5B4861EA
:105B500001634266216BCB6EBB6C3E72BD74D47523
:105B6000C1783A790C803380EA8194849E8F506C9E
:105B70007F9E0F5F588B2B9DFA7AF88E8D5BEB968C
:105B8000034EF153F7573159C95AA45B89607F6EB0
:105B9000066FBE75EA8C9F5B0085E07B7250F467F0
:105BA0009D82615C4A851E7E0E829951045C686309
:105BB000668D9C656E713E79177D05801D8BCA8E42
:105BC0006E90C786AA901F50FA523A5C53677C7059
:105BD00035724C91C8912B93E582C25B315FF960BD
:105BE0003B4ED653885B4B6231678A6BE972E07338
:105BF0002E7A6B81A38D529196991251D7536A5484
:105C0000FF5B8863396AAC7D0097DA56CE536854DF
:105C1000975B315CDE5DEE4F0161FE62326DC079F3
:105C2000CB79427D4D7ED27FED811F829084468864
:105C30007289908B748E2F8F31904B916C91C69698
:105C40009C91C04E4F4F45514153935F0E62D467B4
:105C5000416C0B6E6373267ECD918392D453195998
:105C6000BF5BD16D5D792E7E9B7C7E589F71FA5112
:105C70005388F08FCA4FFB5C2566AC77E37A1C82B1
:105C8000FF99C651AA5FEC656F69896BF36D966EDB
:105C9000646FFE76147DE15D759087910698E651FC
:105CA0001D5240629166D9661A6EB65ED27D727FD1
:105CB000F866AF85F785F88AA952D95373598F5E74
:105CC000905F5560E4926496B7501F51DD522053A7
:105CD0004753EC53E8544655315517566859BE5949
:105CE0003C5AB55B065C0F5C115C1A5C845E8A5E94
:105CF000E05E705F7F628462DB628C63776307665D
:105D00000C662D6676667E67A2681F6A356ABC6C73
:105D1000886D096E586E3C7126716771C775017781
:105D20005D7801796579F079E07A117BA77C397D1E
:105D30009680D6838B8449855D88F3881F8A3C8A48
:105D4000548A738A618CDE8CA49166927E93189437
:105D50009C9698970A4E084E1E4E574E9751705279
:105D6000CE573458CC58225B385EC560FE646167FC
:105D70005667446DB6727375637AB884728BB89146
:105D800020933156F457FE98ED620D69966BED71D4
:105D9000547E77807282E689DF985587B18F3B5CAD
:105DA000384FE14FB54F0755205ADD5BE95BC35FC4
:105DB0004E612F63B0654B66EE689B69786DF16D3F
:105DC0003375B9751F775E79E679337DE381AF82EC
:105DD000AA85AA893A8AAB8E9B8F3290DD9107976C
:105DE000BA4EC14E03527558EC580B5C1A753D5CA7
:105DF0004E810A8AC58F63966D97257BCF8A089856
:105E00006291F356A853179039548257255EA863C0
:105E1000346C8A7061778B7CE07F708842905491FB
:105E2000109318938F965E74C49A075D695D7065D0
:105E3000A267A88DDB966E6349671969C5831798B9
:105E4000C096FE88846F7A64F85B164E2C705D7580
:105E50002F66C4513652E252D359815F27601062D7
:105E60003F6574651F667466F2681668636B056E3D
:105E700072721F75DB76BE7C5680F058FD887F8974
:105E8000A08A938ACB8A1D909291529759978965DF
:105E90000E7A0681BB962D5EDC601A62A5651466DB
:105EA0009067F3774D7A4D7C3E7E0A81AC8C648D91
:105EB000E18D5F8EA9780752D962A563426498622A
:105EC0002D8A837AC07BAC8AEA96767D0C824987DC
:105ED000D94E485143536053A35B025C165CDD5DB1
:105EE00026624762B06413683468C96C456D176DEB
:105EF000D3675C6F4E717D71CB657F7AAD7BDA7D48
:105F00004A7EA87F7A811B823982A6856E8ACE8CD2
:105F1000F58D78907790AD9291928395AE9B4D528E
:105F20008455386F367168518579557EB381CE7C42
:105F30004C565158A85CAA63FE66FD665A69D97230
:105F40008F758E750E795679DF79977C207D447D2B
:105F50000786348A3B966190209FE7507552CC5358
:105F6000E2530950AA55EE584F593D728B5B645C61
:105F70001D53E360F3605C6383633F63BB63CD6485
:105F8000E965F966E35DCD69FD69156FE571894ED7
:105F9000E975F876937ADF7CCF7D9C7D61804983BB
:105FA00058836C84BC84FB85C588708D01906D908E
:105FB00097931C97129ACF5097588E61D38135854D
:105FC000088D2090C34F7450475273536F604963DC
:105FD0005F672C6EB38D1F90D74F5E5CCA8CCF6508
:105FE0009A7D525396887651C363585B6B5B0A5C0B
:105FF0000D6451675C90D64E1A592A59706C518ABB
:106000003E551558A559F0605362C16735825569F0
:106010004096C499289A534F0658FE5B1080B15C95
:106020002F5E855F20604B613462FF66F06CDE6E30
:10603000CE807F81D4828B88B88C00902E908A96F7
:10604000DB9EDB9BE34EF05327592C7B8D914C98C4
:10605000F99DDD6E277053534455855B58629E62EF
:10606000D362A26CEF6F2274178A3894C16FFE8AD4
:106070003883E751F886EA53E953464F5490B08F7E
:106080006A593181FD5DEA7ABF8FDA68378CF87220
:10609000489C3D6AB08A394E585306566657C562C9
:1060A000A263E6654E6BE16D5B6EAD70ED77EF7AE6
:1060B000AA7BBB7D3D80C680CB86958A5B93E356E9
:1060C000C7583E5FAD659666806AB56B3775C78AFF
:1060D0002450E57730571B5F65607A66606CF47515
:1060E0001A7A6E7FF48118874590B399C97B5C75E5
:1060F000F97A517BC4841090E979927A3683E15A17
:1061000040772D4EF24E995BE05FBD623C66F167D1
:10611000E86C6B8677883B8A4E91F392D099176A28
:1061200026702A73E7825784AF8C014E4651CB51BB
:106130008B55F55B165E335E815E145F355F6B5F7A
:10614000B45FF2611163A2661D676E6F52723A7599
:106150003A777480398178817687BF8ADC8A858D29
:10616000F38D9A9277950298E59CC5525763F47621
:106170001567886CCD73C38CAE937396256D9C5850
:106180000E69CC69FD8F9A93DB751A905A58026894
:10619000B463FB69434F2C6FD867BB8F2685B47DF2
:1061A00054933F69706F6A57F7582C5B2C7D2A72A5
:1061B0000A54E391B49DAD4E4E4F5C50755043521E
:1061C0009E8C485424589A5B1D5E955EAD5EF75ECA
:1061D0001F5F8C60B5623A63D063AF68406C8778AC
:1061E0008E790B7AE07D4782028AE68A448E13908C
:1061F000B8902D91D8910E9FE56C5864E264756556
:10620000F46E84761B7B6990D193BA6EF254B95FB9
:10621000A4644D8FED8F449278516B582959555C89
:10622000975EFB6D8F7E1C75BC8CE28E5B98B9709F
:106230001D4FBF6BB16F3075FB964E5110543558E2
:106240005758AC59605C925F97655C67216E7B76AE
:10625000DF83ED8C1490FD904D9325783A78AA5207
:10626000A65E1F577459126012505A51AC51CD514D
:1062700000521055545858585759955BF65C8B5D31
:10628000BC6095622D6471674368BC68DF68D7762F
:10629000D86D6F6E9B6D6F70C871535FD8757779CD
:1062A000497B547B527BD67C717D305263846985F7
:1062B000E4850E8A048B468C0F8E03900F90199400
:1062C00076962D98309AD895CD50D5520C540258C8
:1062D0000E5CA7619E641E6DB377E57AF48004843A
:1062E00053908592E05C079D3F53975FB35F9C6D31
:1062F00079726377BF79E47BD26BEC72AD8A036805
:10630000616AF851817A34694A5CF69CEB82C55B1C
:1063100049911E7078566F5CC76066658C6C5A8CAC
:10632000419013985154C7660D924859A3908551D6
:106330004D4EEA5199850E8B58707A634B93626982
:10634000B499047E777557536069DF8EE3965D6C70
:106350008C4E3C5C105FE98F0253D18C898079862A
:10636000FF5EE565734E655182593F5CEE97FB4ECB
:106370008A59CD5F8D8AE16FB0796279E75B71846C
:106380002B73B171745EF55F7B639A64C371987C03
:10639000434EFC5E4B4EDC57A256A960C36F0D7D89
:1063A000FD803381BF81B28F9789A486F45D8A62B4
:1063B000AD6487897767E26C3E6D36743478465AEF
:1063C000757FAD82AC99F34FC35EDD629263576512
:1063D0006F67C3764C72CC80BA80298F4D910D5077
:1063E000F957925A856873696471FD72B78CF258D7
:1063F000E08C6A9619907F87E479E77729842F4F9C
:1064000065525A53CD62CF67CA6C7D76947B957C7A
:1064100036828485EB8FDD66206F06721B7EAB8330
:10642000C199A69EFD51B17B7278B87B8780487B6D
:10643000E86A615E8C80517560756B5162928C6EFA
:106440007A769791EA9A104F707F9C624F7BA59560
:10645000E99C7A565958E486BC96344F24524A53E4
:10646000CD53DB53065E2C6491657F673E6C4E6CAA
:106470004872AF72ED735475417E2C82E985A98C08
:10648000C47BC69169711298EF983D6369666A751D
:10649000E476D0784385EE862A53515326548359A7
:1064A000875E7C5FB26049627962AB629065D46B53
:1064B000CC6CB275AE769178D879CB7D777FA5809C
:1064C000AB88B98ABB8C7F905E97DB980B6A387C6F
:1064D00099503E5CAE5F8767D86B357409778E7FC5
:1064E0003B9FCA67177A39538B75ED9A665F9D811A
:1064F000F18398803C5FC55F6275467B3C9067681E
:10650000EB599B5A107D7E762C8BF54F6A5F196A8A
:10651000376C026FE27468796888558A798CDF5E1F
:10652000CF63C575D279D7822893F2929C84ED8689
:106530002D9CC1546C5F8C655C6D1570A78CD38CE1
:106540003B984F65F6740D4ED84EE0572B59665A5E
:10655000CC5BA851035E9C5E166076627765A7658A
:106560006E666E6D3672267B50819A8199825C8B45
:10657000A08CE68C748D1C964496AE4FAB64666B13
:106580001E8261846A85E890015C5369A8987A84C8
:1065900057850F4F6F52A95F455E0D678F797981DF
:1065A00007898689F56D175F5562B86CCF4E6972A1
:1065B000929B06523B547456B358A4616E621A7192
:1065C0006E59897CDE7C1B7DF09687655E80194E56
:1065D000754F75514058635E735E0A5FC467264EFF
:1065E0003D8589955B96737C0198FB50C158567622
:1065F000A7782552A5771185867B4F500959477298
:10660000C77BE87DBA8FD48F4D90BF4FC952295AAE
:10661000015FAD97DD4F1782EA9203575563696BAF
:106620002B75DC88148F427ADF52935855610A62C9
:10663000AE66CD6B3F7CE9832350F84F055346543B
:10664000315849599D5BF05CEF5C295D965EB16203
:1066500067633E65B9650B67D56CE16CF97032789C
:106660002B7EDE80B3820C84EC84028712892A8A16
:106670004A8CA690D292FD98F39C6C9D4F4EA14EF1
:106680008D5056524A57A8593D5ED85FD95F3F6238
:10669000B4661B67D067D2689251217DAA80A88119
:1066A000008B8C8CBF8C7E92329620542C98175382
:1066B000D5505C53A858B264346767726677467ADF
:1066C000E691C352A16C866B00584C5E54592C67FE
:1066D000FB7FE151C6766964E878549BBB9ECB573B
:1066E000B95927669A67CE6BE954D969555E9C8182
:1066F0009567AA9BFE67529C5D68A64EE34FC85300
:10670000B9622B67AB6CC48FAD4F6D7EBF9E074ED9
:106710006261806E2B6F138573542A67459BF35D0E
:10672000957BAC5CC65B1C874A6ED184147A088169
:1067300099598D7C116C2077D952225921715F7241
:10674000DB772797619D0B697F5A185AA5510D5425
:106750007D540E66DF76F78F9892F49CEA595D724D
:10676000C56E4D51C968BF7DEC7D6297BA9E786455
:10677000216A028384595F5BDB6B1B73F276B27D07
:106780001780998432512867D99EEE766267FF524E
:106790000599245C3B627E7CB08C4F55B6600B7DC6
:1067A000809501535F4EB6511C593A723680CE9196
:1067B000255FE2778453795F047DAC85338A8D8EC3
:1067C0005697F367AE85539409610861B96C5276A8
:1067D000ED8A388F2F55514F2A51C752CB53A55BA5
:1067E0007D5EA0608261D6630967DA67676E8C6D33
:1067F0003673377331755079D588988A4A9091905D
:10680000F590C4968D871559884E594F0E4E898A3A
:106810003F8F1098AD507C5E9659B95BB85EDA63D5
:10682000FA63C164DC664A69D8690B6DB66E94710F
:106830002875AF7A8A7F00804984C9848189218B39
:106840000A8E65907D960A997E619162326B836CA7
:10685000746DCC7FFC7FC06D857FBA87F8886567D3
:10686000B1833C98F7961B6D617D3D846A91714EB2
:106870007553505D046BEB6FCD852D86A78929522A
:106880000F54655C4E67A86806748374E275CF8800
:10689000E188CC91E29678968B5F8773CB7A4E84B1
:1068A000A06365758952416D9C6E097459756B784A
:1068B000927C8696DC7A8D9FB64F6E61C5655C864C
:1068C000864EAE4EDA50214ECC51EE5B9965816812
:1068D000BC6D1F734276AD771C7AE77C6F82D28ADB
:1068E0007C90CF91759618989B52D17D2B509853E0
:1068F0009767CB6DD0713374E8812A8FA396579C2C
:106900009F9E60744158996D2F7D5E98E44E364F7E
:106910008B4FB751B152BA5D1C60B2733C79D382D0
:106920003492B796F6960A97979E629FA666746B06
:106930001752A352C870C288C95E4B609061236F22
:1069400049713E7CF47D6F80EE8423902C934254F9
:106950006F9BD36A8970C28CEF8D3297B452415AC3
:10696000CA5E045F17677C6994696A6D0F6F627213
:10697000FC72ED7B01807E804B87CE906D51939EA3
:1069800084798B803293D68A2D508C54718A6A6BAD
:10699000C48C0781D160A067F29D994E984E109CDF
:1069A0006B8AC185688500697E6E97785581000085
:1069B000002502250C251025182514251C252C251D
:1069C000242534253C25012503250F2513251B25CA
:1069D0001725232533252B253B254B2520252F2522
:1069E000282537253F251D253025252538254225F5
:1069F00010041104120413041404150401041604F1
:106A00001704180419041A041B041C041D041E0492
:106A10001F04200421042204230424042504260442
:106A20002704280429042A042B042C042D042E04F2
:106A30002F04000000000000000000000000000023
:106A40000000000000000000000000000000000046
:106A50003004310432043304340435045104360460
:106A60003704380439043A043B043C043D043E0432
:106A70003F044004410442044304440445044604E2
:106A80004704480449044A044B044C044D044E0492
:106A90004F0400009103920393039403950396031C
:106AA0009703980399039A039B039C039D039E03FA
:106AB0009F03A003A103A303A403A503A603A703A5
:106AC000A803A9030000000000000000000000006F
:106AD00000000000B103B203B303B403B503B6036F
:106AE000B703B803B903BA03BB03BC03BD03BE03BA
:106AF000BF03C003C103C303C403C503C603C70365
:106B0000C803C903000000000000000000000000EE
:106B1000000000010101010101010101010000006B
:106B20000000000001010101010101010101010159
:106B30000101010101010101010101010101000047
:106B4000000000000001010101010101010101013A
:106B50000101010101010101010101010101010026
:106B6000C625A125A025B325B225BD25BC253B20E2
:106B700012309221902191219321133000000000C6
:106B80000000000000000000000000000000000005
:106B9000000008220B2286228722822283222A22B8
:106BA000292200000000000000000000000000009A
:106BB000000027222822AC00D221D4210022032267
:106BC000292200000000000000000000000000007A
:106BD0000000000000002022A5221223022207222A
:106BE000612252226A226B221A223D221D22352264
:106BF0002B222C22000000000000000000000000FA
:106C000000002B2130206F266D266A2620202120AF
:106C1000B6002C22000000000000EF2500300130FB
:106C200002300CFF0EFFFB301AFF1BFF1FFF01FF9E
:106C30009B309C30B40040FFA8003EFF3E203FFF49
:106C4000FD30FE309D309E300330DD4E0530063085
:106C50000730FC30142010200FFF3CFF1C301620A2
:106C60005CFF26202520182019201C201D2008FF4D
:106C700009FF143015303BFF3DFF5BFF5DFF08301F
:106C800009300A300B300C300D300E300F30103020
:106C900011300BFF1222B100D700F7001DFF602258
:106CA0001CFF1EFF662267221E2234224226402637
:106CB000B000322033200321A50004FFA200A3006E
:106CC00005FF03FF06FF0AFF20FFA7000626052693
:106CD000CB25CF25CE25C7250A00010002000300E1
:106CE0000400050006000700080009000A000B0068
:106CF0000C000D000E000F0010000000303030308E
:106D000030303030303030303030303020202020C3
:106D100020202020202020202020202000000000F3
:106D20000000000000000000000000000000000063
:106D30000000000000000000000000000000000053
:106D400000000000000000000000000010111213FD
:106D5000141516171819000000000000001A1B1C5B
:106D60001D1E1F00000000000000000000000000C9
:106D7000000000000000000000000000001A1B1CC2
:106D80001D1E1F00000000000000000000000000A9
:106D900000000000000000000000000000000000F3
:106DA00000000000000000000000000000000000E3
:106DB00000000000000000000000000000000000D3
:106DC00000000000000000000000000000000000C3
:106DD00000000000000000000000000000000000B3
:106DE00000000000000000000000000000000000A3
:106DF0000000000000000000000000000000000093
:106E00000000000000000000000000000000000082
:106E10000000000000000000000000000000000072
:106E20001F001C2000000000142100000200162496
:106E300000000000142500000200152800000000DA
:106E4000112900000000142A00000000182B000087
:106E50000000142C00000000102D00000000142E73
:106E6000000001000C3000000900143A000001008D
:106E7000183C00000200143F000001000341000024
:106E80001900155B00000000145C00000000115D9B
:106E900000000000175E000000000F5F000000000F
:106EA000176000000000036100001900157B00005E
:106EB0000000187C00000000117D00000000187E1A
:106EC00000000000007F000020001CA00000000067
:106ED00014A10000000016A20000030019A6000083
:106EE000000014A70000000017A80000000019A966
:106EF0000000000006AA0000000013AB0000000024
:106F000018AC0000000001AD0000000019AE000048
:106F1000000017AF0000000019B00000000018B119
:106F2000000000000EB20000010017B400000000D5
:106F300003B50000000014B60000010017B80000FF
:106F400000000EB90000000006BA0000000012BBED
:106F5000000000000EBC0000020014BF0000000092
:106F600003C00000160018D70000000003D800007E
:106F7000060004DF0000000003E00000160018F720
:106F80000000000003F800003F000438010000008A
:106F9000033901000F00044901000000034A010009
:106FA0004200048D01000000038E01000C00049BD0
:106FB00001000000039C01000D0004AA0100010073
:106FC00003AC01000D0004BA0100000006BB010083
:106FD000000003BC0100010004BE0100000003BF6B
:106FE0000100000006C00100030003C4010000000E
:106FF00007C50100000003C60100010007C8010029
:10700000000003C90100010007CB0100000003CC10
:107010000100230004F00100000003F10100000062
:1070200007F20100000003F301002D00042102001B
:107030000000032202001100043402000500033A9C
:1070400002001A000455020000000356020001006D
:10705000045802000000035902000000045A020014
:107060000000035B02000100045D020002000360F7
:10707000020001000462020000000363020000003D
:1070800004640200000003650200010004670200BE
:107090000000036802000400046D02000100036F99
:1070A00002000000047002000000037102000100F1
:1070B0000473020001000375020000000476020060
:1070C0000600037D02000000047E02000100038030
:1070D000020000000481020000000382020001009F
:1070E000048402000200038702000500048D0200F0
:1070F00004000392020000000493020000000694C2
:1071000002000000049502000700039D0200010038
:10711000049F0200100005B00200110017C2020017
:10712000030005C602000B0017D202000D0005E0A7
:107130000200040017E50200060005EC0200000052
:1071400017ED0200000005EE0200000017EF02003C
:1071500010000B0003006F000370030003000574B0
:107160000300000017750300000003760300010010
:10717000057A03000000037B03000200147E030075
:107180000000037F03000000178403000100038652
:1071900003000000148703000000038803000200BE
:1071A000038C03000000038E030001000490030021
:1071B000000003910300100003A303000C0004B0BF
:1071C0000300000003B10300200008D20300020006
:1071D00003D50300200018F60300000003F70300A6
:1071E000040004FC0300000003FD03008400198276
:1071F000040000000B83040004000A88040001005E
:10720000038A0400A5000331050025000559050087
:107210000000145A05000500046005000000036129
:107220000500250004870500010014890500000001
:10723000108A05000000198D05000100168F050059
:1072400000000B9105002C0010BE050000000BBFD4
:107250000500000014C0050000000BC1050001007E
:1072600014C3050000000BC40500010014C605008E
:1072700000000BC70500000006D005001A0006EF4D
:107280000500030014F305000100010006000500DD
:10729000180606000200140906000100160B06007D
:1072A0000000140C06000100190E060001000B106E
:1072B00006000A00141B06000000011C0600000066
:1072C000141D06000200062006001F0005400600EF
:1072D00000000641060009000B4B060014000C607C
:1072E00006000900146A06000300066E060001008D
:1072F0000B700600000006710600620014D4060040
:10730000000006D5060000000BD60600060001DDD1
:107310000600000019DE060000000BDF0600050075
:1073200005E5060001000BE70600010019E906006B
:1073300000000BEA0600030006EE060001000CF058
:107340000600090006FA0600020019FD0600010009
:1073500006FF06000000140007000D00010F0700E3
:1073600000000610070000000B11070000000612C5
:1073700007001D000B3007001A00064D07005800DB
:107380000BA607000A0006B1070000000CC00700AA
:10739000090006CA070020000BEB0700080005F4EF
:1073A0000700010019F60700000014F707000200AB
:1073B00005FA070000000BFD0700000016FE07009D
:1073C00001000600080015000B1608000300051A4E
:1073D000080000000B1B080008000524080000003E
:1073E0000B25080002000528080000000B290800F2
:1073F0000400143008000E000640080018000B5965
:1074000008000200145E08000000066008000A0080
:107410000670080017001788080000000689080099
:1074200005000190080001000B980800070006A065
:107430000800280005C9080000000BCA0800170052
:1074400001E2080000000BE308001F000903090027
:1074500000000604090035000B3A09000000093B52
:10746000090000000B3C09000000063D0900000077
:10747000093E090002000B41090007000949090003
:1074800003000B4D09000000094E090001000650E1
:10749000090000000B510900060006580900090008
:1074A0000B62090001001464090001000C66090068
:1074B000090014700900000005710900000006723F
:1074C00009000E000B81090000000982090001007B
:1074D000068509000700068F0900010006930900D0
:1074E000150006AA0900060006B20900000006B64B
:1074F000090003000BBC0900000006BD09000000E4
:1075000009BE090002000BC10900030009C70900F8
:10751000010009CB090001000BCD0900000006CED7
:107520000900000009D70900000006DC090001007D
:1075300006DF090002000BE2090001000CE6090069
:10754000090006F00900010016F2090001000EF41E
:107550000900050019FA0900000016FB09000000E7
:1075600006FC0900000014FD090000000BFE0900E4
:1075700000000B010A00010009030A0000000605D3
:107580000A000500060F0A00010006130A00150094
:10759000062A0A00060006320A00010006350A0023
:1075A000010006380A0001000B3C0A000000093EF9
:1075B0000A0002000B410A0001000B470A0001000B
:1075C0000B4B0A0002000B510A00000006590A008A
:1075D0000300065E0A0000000C660A0009000B703A
:1075E0000A00010006720A0002000B750A00000082
:1075F00014760A0000000B810A00010009830A00CA
:10760000000006850A000800068F0A0002000693A3
:107610000A00150006AA0A00060006B20A000100C8
:1076200006B50A0004000BBC0A00000006BD0A00F3
:10763000000009BE0A0002000BC10A0004000BC7CB
:107640000A00010009C90A00000009CB0A00010074
:107650000BCD0A00000006D00A00000006E00A0078
:1076600001000BE20A0001000CE60A00090014F018
:107670000A00000016F10A00000006F90A000000E6
:107680000BFA0A0005000B010B00000009020B00B9
:10769000010006050B000700060F0B000100061392
:1076A0000B001500062A0B00060006320B00010035
:1076B00006350B0004000B3C0B000000063D0B00E0
:1076C0000000093E0B0000000B3F0B0000000940CA
:1076D0000B0000000B410B00030009470B000100E9
:1076E000094B0B0001000B4D0B0000000B550B006C
:1076F000010009570B000000065C0B000100065F4B
:107700000B0002000B620B0001000C660B0009006D
:1077100019700B00000006710B0000000E720B00C8
:1077200005000B820B00000006830B00000006859D
:107730000B000500068E0B00020006920B000300F2
:1077400006990B000100069C0B000000069E0B0032
:10775000010006A30B00010006A80B00020006AE04
:107760000B000B0009BE0B0001000BC00B0000005A
:1077700009C10B00010009C60B00020009CA0B0079
:1077800002000BCD0B00000006D00B00000009D753
:107790000B0000000CE60B0009000EF00B000200CD
:1077A00019F30B00050016F90B00000019FA0B0085
:1077B00000000B000C00000009010C0002000B048B
:1077C0000C00000006050C000700060E0C0002006D
:1077D00006120C001600062A0C000F000B3C0C00D1
:1077E0000000063D0C0000000B3E0C0002000941A9
:1077F0000C0003000B460C0002000B4A0C000300B7
:107800000B550C00010006580C000200065D0C0030
:10781000000006600C0001000B620C0001000C6609
:107820000C00090014770C0000000E780C00060014
:10783000197F0C00000006800C0000000B810C007A
:10784000000009820C00010014840C000000068571
:107850000C000700068E0C00020006920C001600B9
:1078600006AA0C00090006B50C0004000BBC0C00B5
:10787000000006BD0C00000009BE0C0000000BBF9C
:107880000C00000009C00C0004000BC60C00000036
:1078900009C70C00010009CA0C0001000BCC0C0048
:1078A000010009D50C00010006DD0C00010006E016
:1078B0000C0001000BE20C0001000CE60C000900BA
:1078C00006F10C00010009F30C0000000B000D0094
:1078D000010009020D00010006040D000800060E5B
:1078E0000D00020006120D0028000B3B0D000100E8
:1078F000063D0D000000093E0D0002000B410D0089
:10790000030009460D000200094A0D0002000B4D5C
:107910000D000000064E0D000000194F0D00000084
:1079200006540D00020009570D0000000E580D000E
:107930000600065F0D0002000B620D0001000C66E0
:107940000D0009000E700D00080019790D000000EF
:10795000067A0D0005000B810D00000009820D0064
:10796000010006850D001100069A0D00170006B3F0
:107970000D00080006BD0D00000006C00D00060049
:107980000BCA0D00000009CF0D0002000BD20D0044
:1079900002000BD60D00000009D80D0007000CE610
:1079A0000D00090009F20D00010014F40D000000A3
:1079B00006010E002F000B310E00000006320E00F3
:1079C00001000B340E000600163F0E0000000640BA
:1079D0000E00050005460E0000000B470E000700D4
:1079E000144F0E0000000C500E000900145A0E0037
:1079F000010006810E00010006840E0000000686CC
:107A00000E000400068C0E00170006A50E000000F4
:107A100006A70E0009000BB10E00000006B20E0012
:107A200001000BB40E00080006BD0E00000006C0E9
:107A30000E00040005C60E0000000BC80E00060074
:107A40000CD00E00090006DC0E00030006000F003B
:107A5000000019010F00020014040F000E0019139A
:107A60000F00000014140F00000019150F00020091
:107A70000B180F000100191A0F0005000C200F0051
:107A800009000E2A0F00090019340F0000000B3501
:107A90000F00000019360F0000000B370F00000028
:107AA00019380F0000000B390F000000153A0F00C5
:107AB0000000113B0F000000153C0F000000113DBD
:107AC0000F000000093E0F00010006400F000700F4
:107AD00006490F0023000B710F000D00097F0F00F6
:107AE00000000B800F00040014850F0000000B86BF
:107AF0000F00010006880F0004000B8D0F000A0024
:107B00000B990F00230019BE0F0007000BC60F00D2
:107B1000000019C70F00050019CE0F00010014D096
:107B20000F00040019D50F00030014D90F00010045
:107B3000060010002A00092B100001000B2D100078
:107B400003000931100000000B3210000500093855
:107B5000100000000B3910000100093B100001006B
:107B60000B3D10000100063F100000000C4010000B
:107B70000900144A100005000650100005000956BF
:107B8000100001000B5810000100065A10000300FD
:107B90000B5E100002000661100000000962100078
:107BA0000200066510000100096710000600066E5D
:107BB000100002000B7110000300067510000C008D
:107BC0000B82100000000983100001000B851000DB
:107BD00001000987100005000B8D10000000068EC3
:107BE00010000000098F100000000C901000090028
:107BF000099A100002000B9D10000000199E100051
:107C0000010003A01000250003C71000000003CDF1
:107C10001000000003D010002A0014FB1000000028
:107C200005FC1000000003FD10000200060011001A
:107C30004801064A120003000650120006000658CA
:107C400012000000065A120003000660120028000D
:107C5000068A1200030006901200200006B21200ED
:107C6000030006B81200060006C01200000006C29B
:107C70001200030006C812000E0006D812003800D9
:107C80000612130003000618130042000B5D1300D8
:107C900002001460130008000E6913001300068030
:107CA00013000F0019901300090003A013005500E2
:107CB00003F8130005001000140000000601140072
:107CC0006B02196D16000000146E16000000066F9E
:107CD000160010001C801600000006811600190016
:107CE000159B16000000119C1600000006A016004F
:107CF0004A0014EB160002000DEE1600020006F119
:107D0000160007000600170011000B1217000200F2
:107D1000091517000000061F170012000B3217008C
:107D20000100093417000000143517000100064057
:107D3000170011000B5217000100066017000C001D
:107D4000066E170002000B72170001000680170074
:107D500033000BB41700010009B6170000000BB781
:107D60001700060009BE170007000BC61700000029
:107D700009C7170001000BC917000A0014D4170027
:107D8000020005D71700000014D81700020016DB08
:107D90001700000006DC170000000BDD17000000D4
:107DA0000CE0170009000EF017000900140018007D
:107DB00005001006180000001407180003000B0B44
:107DC00018000200010E180000000B0F1800000040
:107DD0000C101800090006201800220005431800A6
:107DE00000000644180034000680180004000B85CB
:107DF000180001000687180021000BA918000000D8
:107E000006AA1800000006B0180045000600190078
:107E10001E000B20190002000923190003000B2784
:107E20001900010009291900020009301900010098
:107E30000B32190000000933190005000B39190035
:107E400002001940190000001444190001000C46FA
:107E500019000900065019001D00067019000400E1
:107E6000068019002B0006B0190019000CD019006B
:107E700009000EDA1900000019DE190021000600C1
:107E80001A0016000B171A00010009191A00010048
:107E90000B1B1A000000141E1A00010006201A0015
:107EA000340009551A0000000B561A00000009574B
:107EB0001A0000000B581A0006000B601A000000A0
:107EC00009611A0000000B621A00000009631A0021
:107ED00001000B651A000700096D1A0005000B73FD
:107EE0001A0009000B7F1A0000000C801A0009001C
:107EF0000C901A00090014A01A00060005A71A0029
:107F0000000014A81A0005000BB01A000D000ABEEC
:107F10001A0000000BBF1A000F000B001B0003002B
:107F200009041B00000006051B002E000B341B007B
:107F3000000009351B0000000B361B000400093B44
:107F40001B0000000B3C1B000000093D1B0004004F
:107F50000B421B00000009431B00010006451B00EB
:107F600007000C501B000900145A1B000600196181
:107F70001B0009000B6B1B00080019741B00080094
:107F8000147D1B0001000B801B00010009821B00F7
:107F9000000006831B001D0009A11B0000000BA2AE
:107FA0001B00030009A61B0001000BA81B00010019
:107FB00009AA1B0000000BAB1B00020006AE1B0051
:107FC00001000CB01B00090006BA1B002B000BE6D9
:107FD0001B00000009E71B0000000BE81B0001006C
:107FE00009EA1B0002000BED1B00000009EE1B005C
:107FF00000000BEF1B00020009F21B00010014FC43
:108000001B00030006001C00230009241C000700BD
:108010000B2C1C00070009341C0001000B361C004F
:108020000100143B1C0004000C401C000900064D1C
:108030001C0002000C501C000900065A1C001D0008
:1080400005781C000500147E1C00010003801C0044
:10805000080003901C002A0003BD1C00020014C08D
:108060001C0007000BD01C00020014D31C000000F1
:108070000BD41C000C0009E11C0000000BE21C00EA
:10808000060006E91C0003000BED1C00000006EED4
:108090001C0005000BF41C00000006F51C0001008C
:1080A00009F71C0000000BF81C00010006FA1C0078
:1080B000000004001D002B00052C1D003E00046B79
:1080C0001D000C0005781D00000003791D00000054
:1080D000047A1D000200037D1D000000047E1D00C7
:1080E0000F00038E1D000000048F1D000B00059B78
:1080F0001D0024000BC01D003F0003001E00950062
:1081000004961E000400039B1E000000049C1E0039
:108110000100039E1E000000049F1E00000003A03B
:108120001E00750003181F00050003201F00250016
:1081300003481F00050004501F00000003511F00EA
:10814000000004521F00000003531F0000000454ED
:108150001F00000003551F00000004561F00000010
:1081600003571F00000003591F000000035B1F009E
:108170000000035D1F000000035F1F001E0003805E
:108180001F00070007881F00070003901F0007005B
:1081900007981F00070003A01F00070007A81F0083
:1081A000070003B01F00010004B21F00000003B36A
:1081B0001F00000004B41F00000004B61F000100EF
:1081C00003B81F00030007BC1F00000017BD1F00FD
:1081D000000003BE1F00000017BF1F00020004C202
:1081E0001F00000003C31F00000004C41F000000A4
:1081F00004C61F00010003C81F00030007CC1F00B6
:10820000000017CD1F00020003D01F00010004D2A0
:108210001F00010004D61F00010003D81F00030047
:1082200017DD1F00020003E01F00010004E21F0031
:10823000020003E51F00000004E61F00010003E840
:108240001F00040017ED1F00020004F21F000000D1
:1082500003F31F00000004F41F00000004F61F00D9
:10826000010003F81F00030007FC1F00000017FDBA
:108270001F0001001C0020000A00010B2000040068
:108280001010200005001416200001001318200013
:108290000000121920000000151A20000000131B16
:1082A00020000100121D20000000151E200000000B
:1082B000131F200000001420200007001A282000AF
:1082C00000001B2920000000012A200004001C2FB0
:1082D00020000000143020000800133920000000A6
:1082E000123A20000000143B200003000F3F200042
:1082F0000100144120000200184420000000154530
:1083000020000000114620000000144720000A0051
:108310001852200000001453200000000F542000C9
:1083200000001455200009001C5F200000000160BF
:10833000200004000166200009000E7020000000EB
:108340000571200000000E7420000500187A20003E
:108350000200157D20000000117E20000000057F36
:10836000200000000E8020000900188A2000020072
:10837000158D20000000118E2000000005902000C7
:108380000C0016A0200020000BD020000C000ADDFD
:10839000200003000BE1200000000AE220000200A0
:1083A0000BE520000B00190021000100080221004C
:1083B000000019032100030008072100000019082C
:1083C00021000100040A21000000080B2100020026
:1083D000040E2100010008102100020004132100F6
:1083E00000001914210000000815210000001916D2
:1083F00021000100181821000000081921000400C4
:10840000191E210005000824210000001925210063
:108410000000032621000000192721000000082881
:1084200021000000192921000000032A2100010079
:10843000082C21000100192E21000000042F21002A
:108440000000083021000100033221000000083341
:108450002100000004342100000006352100030043
:10846000043921000000193A21000100043C2100D8
:108470000100083E210001001840210004000845C9
:1084800021000000044621000300194A21000000D9
:10849000184B21000000194C21000100034E21005F
:1084A0000000194F210000000E5021000F000D6048
:1084B000210022000383210001000D85210003001B
:1084C0000E8921000000198A210001001890210066
:1084D0000400199521000400189A21000100199C3C
:1084E0002100030018A02100000019A121000100B3
:1084F00018A32100000019A42100010018A62100E2
:10850000000019A72100060018AE2100000019AFD5
:1085100021001E0018CE2100010019D02100010009
:1085200018D22100000019D32100000018D4210026
:10853000000019D521001E0018F421000B011900BC
:108540002300070015082300000011092300000084
:10855000150A23000000110B23000000190C230052
:1085600013001820230001001922230006001529FA
:1085700023000000112A23000000192B23005000C3
:10858000187C23000000197D23001D00189B230088
:10859000180019B42300270018DC2300050019E295
:1085A00023004400194024000A000E6024003B0010
:1085B000199C24004D000EEA240015001900250026
:1085C000B60018B72500000019B82500080018C12A
:1085D0002500000019C22500350018F82500070005
:1085E000190026006E00186F260000001970260082
:1085F000F700156827000000116927000000156AC0
:1086000027000000116B27000000156C27000000F8
:10861000116D27000000156E27000000116F270064
:10862000000015702700000011712700000015726E
:1086300027000000117327000000157427000000B8
:108640001175270000000E7627001D0019942700E1
:108650002B0018C02700040015C52700000011C614
:108660002700000018C727001E0015E6270000009D
:1086700011E72700000015E82700000011E9270096
:10868000000015EA2700000011EB2700000015ECA0
:108690002700000011ED2700000015EE2700000064
:1086A00011EF2700000018F027000F001900280024
:1086B000FF001800290082001583290000001184A2
:1086C00029000000158529000000118629000000FE
:1086D000158729000000118829000000158929004C
:1086E0000000118A29000000158B29000000118C60
:1086F00029000000158D29000000118E29000000BE
:10870000158F290000001190290000001591290003
:108710000000119229000000159329000000119417
:10872000290000001595290000001196290000007D
:1087300015972900000011982900000018992900B8
:108740003E0015D82900000011D92900000015DAD3
:108750002900000011DB2900000018DC29001F009F
:1087600015FC2900000011FD2900000018FE290059
:10877000010119002B002F0018302B00140019459F
:108780002B00010018472B000500194D2B00260077
:1087900019762B001F0019972B00680003002C008E
:1087A000700004712C00000003722C00010004749E
:1087B0002C00000003752C00010004772C0004003D
:1087C000057C2C000100037E2C00650004E42C00D5
:1087D000000019E52C00050003EB2C0003000BEF53
:1087E0002C00020003F22C00010014F92C000300FD
:1087F0000EFD2C00000014FE2C00010003002D00D3
:10880000250003272D000000032D2D000000063059
:108810002D003700056F2D00000014702D000000A2
:108820000B7F2D00000006802D00160006A02D00F5
:10883000060006A82D00060006B02D00060006B8AA
:108840002D00060006C02D00060006C82D000600FB
:1088500006D02D00060006D82D0006000BE02D00E6
:108860001F0014002E00010013022E00000012034E
:108870002E00000013042E00000012052E00000040
:1088800014062E00020013092E000000120A2E000A
:108890000000140B2E000000130C2E000000120D1F
:1088A0002E000000140E2E00080010172E000000ED
:1088B00014182E000100101A2E000000141B2E00A8
:1088C0000000131C2E000000121D2E000000141EBC
:1088D0002E00010013202E00000012212E000000A7
:1088E00015222E00000011232E00000015242E005A
:1088F000000011252E00000015262E000000112773
:108900002E00000015282E00000011292E00000066
:10891000142A2E000400052F2E00000014302E0013
:108920000900103A2E000100143C2E0003001040F4
:108930002E00000014412E00000015422E00000001
:1089400014432E000C0019502E00010014522E006A
:10895000020015552E00000011562E00000015577C
:108960002E00000011582E00000015592E000000A6
:10897000115A2E000000155B2E000000115C2E0025
:108980000000105D2E00000019802E001900199BB8
:108990002E00580019002F00D50019F02F000B00F1
:1089A0001C003000000014013000020019043000E7
:1089B00000000505300000000606300000000D072D
:1089C00030000000150830000000110930000000E0
:1089D000150A30000000110B30000000150C3000AB
:1089E0000000110D30000000150E30000000110FC6
:1089F00030000000151030000000111130000000A0
:108A0000191230000100151430000000111530005B
:108A10000000151630000000111730000000151876
:108A200030000000111930000000151A300000005D
:108A3000111B30000000101C30000000151D30001C
:108A40000000111E300001001920300000000D212F
:108A5000300008000B2A30000300092E300001000E
:108A600010303000000005313000040019363000AD
:108A700001000D3830000200053B30000000063CCC
:108A800030000000143D30000000193E30000100AD
:108A90000641300055000B9930000100179B300053
:108AA0000100059D30000100069F3000000010A06D
:108AB0003000000006A13000590014FB3000000017
:108AC00005FC3000020006FF300000000605310002
:108AD0002A00063131005D001990310001000E922C
:108AE0003100030019963100090006A031001F0073
:108AF00019C03100230006F031000F0019003200C8
:108B00001E000E2032000900192A32001D000E48F6
:108B1000320007001950320000000E5132000E00E2
:108B2000196032001F000E8032000900198A3200DD
:108B300026000EB132000E0019C032003F010600BF
:108B40003400BF1919C04D003F0006004E001452FA
:108B50000515A00000000616A00076041990A400D8
:108B6000360006D0A400270005F8A400050014FE76
:108B7000A40001000600A5000B01050CA6000000E2
:108B8000140DA60002000610A6000F000C20A6007F
:108B90000900062AA60001000340A6002D00066E6B
:108BA000A60000000B6FA60000000A70A6000200DD
:108BB0001473A60000000B74A6000900147EA60022
:108BC0000000057FA60000000380A6001B00059C96
:108BD000A60001000B9EA600010006A0A60045000D
:108BE0000DE6A60009000BF0A600010014F2A60095
:108BF00005001700A70016000517A700080017209A
:108C0000A70001000322A7000D000430A700010007
:108C10000332A7003D000570A70000000471A70003
:108C200007000379A7000E000588A7000000178938
:108C3000A7000100038BA7000200048EA70000001C
:108C4000068FA70000000390A70004000495A7006A
:108C500000000396A700180004AFA700000003B0AF
:108C6000A7001A0003D0A700010004D3A70000004A
:108C700004D5A700000003D6A700030005F2A70053
:108C8000020003F5A700010006F7A700000005F8A1
:108C9000A700010004FAA700000006FBA7000600D9
:108CA0000B02A80000000603A80002000B06A800A3
:108CB00000000607A80003000B0BA8000000060C2C
:108CC000A80016000923A80001000B25A800010038
:108CD0000927A80000001928A80003000B2CA800F1
:108CE00000000E30A80005001936A8000100163853
:108CF000A80000001939A80000000640A8003300B1
:108D00001474A80003000980A80001000682A800CE
:108D1000310009B4A8000F000BC4A800010014CE54
:108D2000A80001000CD0A80009000BE0A800110069
:108D300006F2A800050014F8A800020006FBA8002F
:108D4000000014FCA800000006FDA80001000BFFB5
:108D5000A80000000C00A9000900060AA9001B00D9
:108D60000B26A9000700142EA90001000630A90057
:108D700016000B47A9000A000952A9000100145F60
:108D8000A90000000660A9001C000B80A9000200D9
:108D90000983A90000000684A9002E000BB3A900D6
:108DA000000009B4A90001000BB6A900030009BA2C
:108DB000A90001000BBCA900010009BEA900020026
:108DC00014C1A9000C0005CFA90000000CD0A90017
:108DD000090014DEA900010006E0A90004000BE56B
:108DE000A900000005E6A900000006E7A9000800A8
:108DF0000CF0A900090006FAA90004000600AA0068
:108E000028000B29AA000500092FAA0001000B3138
:108E1000AA0001000933AA0001000B35AA000100D5
:108E20000640AA0002000B43AA0000000644AA0064
:108E300007000B4CAA000000094DAA0000000C50CE
:108E4000AA000900145CAA0003000660AA000F0033
:108E50000570AA0000000671AA0005001977AA0093
:108E60000200067AAA000000097BAA0000000B7C21
:108E7000AA000000097DAA000000067EAA003100B9
:108E80000BB0AA00000006B1AA0000000BB2AA00B5
:108E9000020006B5AA0001000BB7AA00010006B93E
:108EA000AA0004000BBEAA00010006C0AA00000030
:108EB0000BC1AA00000006C2AA00000006DBAA003F
:108EC000010005DDAA00000014DEAA00010006E092
:108ED000AA000A0009EBAA0000000BECAA0001009E
:108EE00009EEAA00010014F0AA00010006F2AA008F
:108EF000000005F3AA00010009F5AA0000000BF626
:108F0000AA0000000601AB0005000609AB00050041
:108F10000611AB0005000620AB0006000628AB00DA
:108F200006000430AB0022000353AB0000000454E1
:108F3000AB000600175BAB000000055CAB00030054
:108F40000460AB0008000569AB000000176AAB00C5
:108F500001000370AB004F0006C0AB00220009E324
:108F6000AB0001000BE5AB00000009E6AB0001001F
:108F70000BE8AB00000009E9AB00010014EBAB000B
:108F8000000009ECAB0000000BEDAB0000000CF0A2
:108F9000AB0009000600AC00A32B06B0D7001600FA
:108FA00006CBD70030000200D800FF070600F9000A
:108FB0006D010670FA0069000400FB00060004134E
:108FC000FB000400061DFB0000000B1EFB00000060
:108FD000061FFB0009001829FB000000062AFB0001
:108FE0000C000638FB000400063EFB0000000640B3
:108FF000FB0001000643FB0001000646FB006B007E
:1090000017B2FB00100006D3FB006A01113EFD0001
:109010000000153FFD0000001940FD000F00065044
:10902000FD003F000692FD00350019CFFD00000055
:1090300006F0FD000B0016FCFD00000019FDFD0010
:1090400002000B00FE000F001410FE0006001517B2
:10905000FE0000001118FE0000001419FE000000C0
:109060000B20FE000F001430FE0000001031FE0047
:1090700001000F33FE0001001535FE00000011361F
:10908000FE0000001537FE0000001138FE00000051
:109090001539FE000000113AFE000000153BFE00ED
:1090A0000000113CFE000000153DFE000000113ED6
:1090B000FE000000153FFE0000001140FE00000011
:1090C0001541FE0000001142FE0000001543FE00A5
:1090D00000001144FE0000001445FE000100154789
:1090E000FE0000001148FE0000001449FE000300CD
:1090F0000F4DFE0002001450FE0002001454FE004A
:1091000003001058FE0000001559FE000000115A1F
:10911000FE000000155BFE000000115CFE00000078
:10912000155DFE000000115EFE000000145FFE00F1
:1091300002001862FE0000001063FE0000001864C8
:10914000FE0002001468FE0000001669FE00000028
:10915000146AFE0001000670FE0004000676FE00A0
:10916000860001FFFE0000001401FF00020016044B
:10917000FF0000001405FF0002001508FF000000BA
:109180001109FF000000140AFF000000180BFF0087
:109190000000140CFF000000100DFF000000140E72
:1091A000FF0001000C10FF000900141AFF0001006D
:1091B000181CFF000200141FFF0001000321FF0024
:1091C0001900153BFF000000143CFF000000113D9A
:1091D000FF000000173EFF0000000F3FFF000000EF
:1091E0001740FF0000000341FF001900155BFF005E
:1091F0000000185CFF000000115DFF000000185E19
:10920000FF000000155FFF0000001160FF0000007C
:109210001461FF0000001562FF0000001163FF00F1
:1092200000001464FF0001000666FF0009000570DD
:10923000FF0000000671FF002C00059EFF000100EA
:1092400006A0FF001E0006C2FF00050006CAFF00C0
:10925000050006D2FF00050006DAFF00020016E056
:10926000FF00010018E2FF00000017E3FF0000000C
:1092700019E4FF00000016E5FF00010019E8FF00F7
:10928000000018E9FF00030019EDFF00010001F9DB
:10929000FF00020019FCFF000100060000010B00A6
:1092A000060D00011900062800011200063C00010D
:1092B0000100063F00010E00065000010D0006806F
:1092C00000017A001400010102000E0701012C00C8
:1092D0001937010108000D40010134000E7501012C
:1092E00003001979010110000E8A01010100198C97
:1092F00001010200199001010C0019A001010000F8
:1093000019D001012C000BFD0101000006800201B3
:109310001C0006A0020130000BE0020100000EE17B
:1093200002011A00060003011F000E2003010300C2
:10933000062D030113000D41030100000642030145
:1093400007000D4A030100000650030125000B76BB
:1093500003010400068003011D00149F03010000A7
:1093600006A00301230006C80301070014D003016F
:1093700000000DD103010400030004014F0006505A
:1093800004014D000CA00401090003B004012300F6
:1093900003D804012300060005012700063005015B
:1093A0003300146F05010000037005010A00037CFF
:1093B00005010E00038C0501060003940501010060
:1093C000039705010A0003A305010E0003B305017D
:1093D000060003BB05010100060006013601064038
:1093E0000701150006600701070005800701050059
:1093F00005870701290005B20701080006000801DA
:109400000500060808010000060A08012B000637BF
:1094100008010100063C08010000063F0801160093
:109420001457080100000E580801070006600801E3
:1094300016001977080101000E7908010600068060
:1094400008011E000EA70801080006E0080112002E
:1094500006F4080101000EFB0801040006000901E2
:1094600015000E1609010500141F09010000062051
:1094700009011900143F09010000068009013700A5
:109480000EBC0901010006BE090101000EC0090160
:109490000F000ED209012D0006000A0100000B0189
:1094A0000A0102000B050A0101000B0C0A0103006E
:1094B00006100A01030006150A01020006190A0136
:1094C0001C000B380A0102000B3F0A0100000E408D
:1094D0000A01080014500A01080006600A011C0075
:1094E0000E7D0A010100147F0A01000006800A01B6
:1094F0001C000E9D0A01020006C00A01070019C8DF
:109500000A01000006C90A011B000BE50A0101005F
:109510000EEB0A01040014F00A01060006000B011C
:10952000350014390B01060006400B0115000E58DA
:109530000B01070006600B0112000E780B010700FB
:1095400006800B01110014990B0103000EA90B01F9
:10955000060006000C01480003800C01320003C025
:109560000C0132000EFA0C01050006000D0123006B
:109570000B240D0103000C300D0109000E600E01DB
:109580001E0006800E0129000BAB0E01010010AD7C
:109590000E01000006B00E0101000BFD0E010200DD
:1095A00006000F011C000E1D0F01090006270F0108
:1095B000000006300F0115000B460F010A000E5186
:1095C0000F01030014550F01040006700F01110074
:1095D0000B820F01030014860F01030006B00F0178
:1095E00014000EC50F01060006E00F011600090069
:1095F000100100000B011001000009021001000021
:109600000603100134000B3810010E00144710013E
:1096100006000E52100113000C66100109000B70B9
:10962000100100000671100101000B731001010010
:109630000675100100000B7F100102000982100165
:109640000000068310012C0009B0100102000BB3CA
:109650001001030009B7100101000BB9100101004E
:1096600014BB1001010001BD1001000014BE100167
:1096700003000BC21001000001CD1001000006D054
:10968000100118000CF0100109000B00110102007C
:109690000603110123000B2711010400092C1101FD
:1096A00000000B2D110107000C36110109001440B8
:1096B00011010300064411010000094511010100D8
:1096C0000647110100000650110122000B73110121
:1096D00000001474110101000676110100000B80D6
:1096E00011010100098211010000068311012F0000
:1096F00009B3110102000BB61101080009BF1101E5
:10970000010006C11101030014C5110103000BC9BA
:109710001101030014CD1101000009CE1101000058
:109720000BCF110100000CD01101090006DA110164
:10973000000014DB1101000006DC1101000014DD43
:10974000110102000EE111011300060012011100C7
:10975000061312011800092C120102000B2F12012E
:1097600002000932120101000B3412010000093518
:10977000120100000B36120101001438120105001D
:109780000B3E12010000063F120101000B411201C5
:109790000000068012010600068812010000068AF9
:1097A00012010300068F12010E00069F120109002C
:1097B00014A91201000006B012012E000BDF1201E5
:1097C000000009E0120102000BE3120107000CF097
:1097D000120109000B00130101000902130101002D
:1097E000060513010700060F1301010006131301FC
:1097F0001500062A13010600063213010100063582
:10980000130104000B3B13010100063D130100008E
:10981000093E130101000B4013010000094113012F
:109820000300094713010100094B13010200065010
:1098300013010000095713010000065D1301040025
:109840000962130101000B66130106000B7013017E
:1098500004000600140134000935140102000B381D
:10986000140107000940140101000B421401020019
:109870000945140100000B461401000006471401BD
:109880000300144B140104000C5014010900145A75
:1098900014010100145D140100000B5E14010000AE
:1098A000065F14010200068014012F0009B01401A4
:1098B00002000BB31401050009B9140100000BBA32
:1098C0001401000009BB140103000BBF14010100C7
:1098D00009C1140100000BC21401010006C41401E7
:1098E000010014C61401000006C7140100000CD0CA
:1098F00014010900068015012E0009AF15010200B0
:109900000BB21501030009B8150103000BBC1501CA
:10991000010009BE150100000BBF1501010014C1B3
:109920001501160006D8150103000BDC1501010016
:10993000060016012F000930160102000B33160134
:109940000700093B160101000B3D16010000093E0E
:10995000160100000B3F1601010014411601020020
:109960000644160100000C5016010900146016018F
:109970000C00068016012A000BAB1601000009AC92
:10998000160100000BAD1601000009AE1601010022
:109990000BB01601050009B6160100000BB7160141
:1099A000000006B81601000014B9160100000CC032
:1099B00016010900060017011A000B1D170102000D
:1099C0000920170101000B221701030009261701C6
:1099D00000000B27170104000C30170109000E3A94
:1099E00017010100143C17010200193F1701000084
:1099F000064017010600060018012B00092C18016B
:109A000002000B2F180108000938180100000B395B
:109A100018010100143B1801000003A018013F00C9
:109A20000CE0180109000EEA1801080006FF1801F1
:109A30000700060919010000060C190107000615A8
:109A40001901010006181901170009301901050054
:109A50000937190101000B3B19010100093D1901EA
:109A600000000B3E19010000063F190100000940EB
:109A70001901000006411901000009421901000006
:109A80000B43190100001444190102000C50190184
:109A9000090006A01901070006AA1901260009D12C
:109AA000190102000BD4190103000BDA190101009E
:109AB00009DC190103000BE01901000006E119019E
:109AC000000014E21901000006E31901000009E496
:109AD0001901000006001A0100000B011A0109001B
:109AE000060B1A0127000B331A01050009391A0168
:109AF0000000063A1A0100000B3B1A010300143F54
:109B00001A0107000B471A01000006501A01000055
:109B10000B511A01050009571A0101000B591A01CE
:109B20000200065C1A012D000B8A1A010C0009972D
:109B30001A0100000B981A010100149A1A01020080
:109B4000069D1A010000149E1A01040006B01A01B5
:109B5000480014001B01090006001C010800060A49
:109B60001C012400092F1C0100000B301C01060001
:109B70000B381C010500093E1C0100000B3F1C01B5
:109B8000000006401C01000014411C0104000C50A0
:109B90001C0109000E5A1C01120014701C01010066
:109BA00006721C011D000B921C01150009A91C0165
:109BB00000000BAA1C01060009B11C0100000BB239
:109BC0001C01010009B41C0100000BB51C010100BF
:109BD00006001D01060006081D010100060B1D01FF
:109BE00025000B311D0105000B3A1D0100000B3C47
:109BF0001D0101000B3F1D01060006461D0100006E
:109C00000B471D0100000C501D01090006601D01DD
:109C1000050006671D010100066A1D011F00098A73
:109C20001D0104000B901D01010009931D0101009D
:109C30000B951D01000009961D0100000B971D01E9
:109C4000000006981D0100000CA01D01090006E09F
:109C50001E0112000BF31E01010009F51E01010097
:109C600014F71E0101000B001F01010006021F0175
:109C7000000009031F01000006041F010C0006126A
:109C80001F01210009341F0101000B361F010400D0
:109C9000093E1F0101000B401F01000009411F0187
:109CA00000000B421F01000014431F010C000C5068
:109CB0001F01090006B01F0100000EC01F011400A3
:109CC00019D51F01070016DD1F01030019E11F014F
:109CD000100014FF1F0100000600200199030D0071
:109CE00024016E0014702401040006802401C300C6
:109CF00006902F01600014F12F01010006003001D1
:109D00002F04013034010F000B40340100000641E4
:109D1000340105000B4734010E00060044014602E1
:109D200006006801380206406A011E000C606A01E4
:109D30000900146E6A01010006706A014E000CC031
:109D40006A01090006D06A011D000BF06A010400D7
:109D500014F56A01000006006B012F000B306B0147
:109D6000060014376B010400193C6B010300054029
:109D70006B01030014446B01000019456B010000E6
:109D80000C506B0109000E5B6B01060006636B0152
:109D90001400067D6B01120003406E013F000E802F
:109DA0006E01160014976E01030006006F014A0051
:109DB0000B4F6F01000006506F01000009516F0149
:109DC00036000B8F6F01030005936F010C0005E057
:109DD0006F01010014E26F01000005E36F01000054
:109DE0000BE46F01000009F06F0101000600700133
:109DF000F71706008801D50406008D01080005F05C
:109E0000AF01030005F5AF01060005FDAF0101003C
:109E10000600B00122010632B10100000650B10176
:109E200002000655B10100000664B101030006708E
:109E3000B1018B010600BC016A000670BC010C0078
:109E40000680BC0108000690BC010900199CBC01F9
:109E500000000B9DBC010100149FBC01000001A08B
:109E6000BC0103000B00CF012D000B30CF01160009
:109E70001950CF0173001900D001F5001900D1016C
:109E800026001929D1013B000965D10101000B67AA
:109E9000D1010200196AD1010200096DD10105004A
:109EA0000173D10107000B7BD10107001983D10198
:109EB00001000B85D1010600198CD1011D000BAAF0
:109EC000D101030019AED1013C001900D2014100BB
:109ED0000B42D20102001945D20100000EC0D2018E
:109EE00013000EE0D20113001900D30156000E60DA
:109EF000D30118000800D4011900041AD401190074
:109F00000834D4011900044ED40106000456D401CB
:109F100011000868D40119000482D4011900089CBA
:109F2000D4010000089ED401010008A2D401000061
:109F300008A5D401010008A9D401030008AED4018A
:109F4000070004B6D401030004BBD401000004BD23
:109F5000D401060004C5D4010A0008D0D4011900B8
:109F600004EAD40119000804D50101000807D5014D
:109F70000300080DD50107000816D5010600041ED0
:109F8000D50119000838D5010100083BD5010300AF
:109F90000840D50104000846D5010000084AD50153
:109FA00006000452D5011900086CD5011900048679
:109FB000D501190008A0D501190004BAD50119006E
:109FC00008D4D501190004EED50119000808D601FE
:109FD00019000422D6011900083CD60119000456C4
:109FE000D60119000870D6011900048AD6011B0099
:109FF00008A8D601180018C1D601000004C2D60175
:10A00000180018DBD601000004DCD601050008E2C8
:10A01000D601180018FBD601000004FCD601180078
:10A020001815D70100000416D7010500081CD70138
:10A0300018001835D70100000436D7011800184F52
:10A04000D70100000450D70105000856D7011800B9
:10A05000186FD70100000470D70118001889D701C4
:10A060000000048AD70105000890D701180018A93C
:10A07000D701000004AAD701180018C3D7010000B7
:10A0800004C4D701050008CAD701000004CBD701DA
:10A0900000000CCED70131001900D801FF010B00E0
:10A0A000DA0136001937DA0103000B3BDA0131001F
:10A0B000196DDA0107000B75DA0100001976DA0173
:10A0C0000D000B84DA0100001985DA010100148704
:10A0D000DA0104000B9BDA0104000BA1DA010E0087
:10A0E0000400DF010900060ADF010000040BDF01A4
:10A0F00013000425DF0105000B00E00106000B083A
:10A10000E00110000B1BE00106000B23E001010041
:10A110000B26E00104000530E0013D000B8FE0015B
:10A1200000000600E1012C000B30E10106000537BC
:10A13000E10106000C40E1010900064EE1010000CA
:10A14000194FE10100000690E2011D000BAEE20193
:10A15000000006C0E2012B000BECE20103000CF052
:10A16000E201090016FFE201000006D0E4011A0036
:10A1700005EBE40100000BECE40103000CF0E4014A
:10A18000090006E0E701060006E8E701030006ED26
:10A19000E701010006F0E7010E000600E801C40037
:10A1A0000EC7E80108000BD0E80106000300E90132
:10A1B00043000B44E9010600054BE90100000C5087
:10A1C000E9010900145EE90101000E71EC013A0099
:10A1D00019ACEC0100000EADEC01020016B0EC0170
:10A1E00000000EB1EC0103000E01ED012C00192E50
:10A1F000ED0100000E2FED010E000600EE01030040
:10A200000605EE011A000621EE0101000624EE010A
:10A2100000000627EE0100000629EE0109000634C1
:10A22000EE0103000639EE010000063BEE010000DE
:10A230000642EE0100000647EE0100000649EE016D
:10A240000000064BEE010000064DEE010200065133
:10A25000EE0101000654EE0100000657EE01000079
:10A260000659EE010000065BEE010000065DEE01FE
:10A270000000065FEE0100000661EE0101000664C9
:10A28000EE0100000667EE010300066CEE01060019
:10A290000674EE0103000679EE010300067EEE016E
:10A2A00000000680EE010900068BEE01100006A1F9
:10A2B000EE01020006A5EE01040006ABEE0110005F
:10A2C00018F0EE0101001900F0012B001930F00127
:10A2D000630019A0F0010E0019B1F0010E0019C1C0
:10A2E000F0010E0019D1F00124000E00F1010C0064
:10A2F000190DF101A00019E6F1011C001910F2017D
:10A300002B001940F20108001950F20101001960F8
:10A31000F20105001900F301FA0017FBF301040034
:10A320001900F401D70219DCF601100019F0F6014A
:10A330000C001900F7017600197BF7015E0019E0A7
:10A34000F7010B0019F0F70100001900F8010B00EC
:10A350001910F80137001950F80109001960F801C7
:10A3600027001990F8011D0019B0F801010019002B
:10A37000F90153011960FA010D001970FA010C007E
:10A380001980FA0108001990FA012D0019BFFA018D
:10A39000060019CEFA010D0019E0FA01080019F0C3
:10A3A000FA0108001900FB0192001994FB01360024
:10A3B0000CF0FB01090006000002DFA60600A70260
:10A3C00039100640B702DD000620B802811606B03B
:10A3D000CE02301D0600F8021D02060000034A13DB
:10A3E000065013035F100101000E00000120000E53
:10A3F0005F000B00010EEF00303030303030303075
:10A4000030303030303030302020202020202020CC
:10A410002020202020202020FB21F93FFB21094083
:10A420007CD91240FB2119407A6A1F407CD9224016
:10A43000BBFD2540FB2129403A462C407A6A2F403B
:10A440005C4731407CD932409C6B3440BBFD354089
:10A45000DB8F3740FB2139401BB43A403A463C4041
:10A460005AD83D407A6A3F404C7E40405C4741406C
:10A470006C1042407CD942408CA243409C6B4440CB
:10A48000AC344540BBFD4540CBC64640DB8F474022
:10A49000EB584840FB21494083F9A200444E6E002E
:10A4A000FC291500D1572700DD34F50062DBC00020
:10A4B0003C999500419043006351FE00BBDEAB0028
:10A4C000B761C5003A6E2400D24D42004906E00053
:10A4D00009EA2E001C92D100EB1DFE0029B11C00E0
:10A4E000E83EA700F535820044BB2E009CE98400BD
:10A4F000B4267000417E5F00D69139005383390045
:10A500009CF439008B5F840028F9BD00F81F3B00E4
:10A51000DEFF97000F980500112FEF000A5A8B00FD
:10A520006D1F6D00CF7E360009CB2700464FB70068
:10A530009E663F002DEA5F00BA277500E5EBC70075
:10A540003D7BF100F739070092528A00FB6BEA006D
:10A550001FB15F00085D8D00300356007BFC460094
:10A56000F0AB6B0020BCCF0036F49A00E3A91D00CD
:10A570005E619100081BE60085996500A0145F00EC
:10A580008D40680080D8FF0027734D00060631001B
:10A59000CA561500C9A873007BE260006B8CC0002E
:10A5A00000000040FB21F93F000000002D44743EF4
:10A5B000000000809846F83C0000006051CC783BD9
:10A5C00000000080831BF0390000004020257A380D
:10A5D000000000802282E336000000001DF3693590
:10A5E000020000000300000004000000060000005C
:10A5F0003E410C411141274136410341064115417D
:10A600000F410E41264113412941024119410A419E
:10A610000B4100001000000000000000017A520011
:10A62000027C0E011B0C0D0014000000180000003D
:10A630002034FEFFEC00000000024D0A430B000036
:10A6400000000000F8B500BFF8BC08BC9E4670478B
:10A65000F8B500BFF8BC08BC9E46704719DC000086
:10A66000D5040000F5340000C159000099950000A0
:10A6700009BE0000B1040000A395000013BE000055
:10A6800089C700002DCA0000000000000000000083
:08A69000605EFD7F0100000087
:10A6A00000000000806514068065140680651406AD
:10A6B000601985018065140680651406806514069E
:10A6C0008C080020797A6166706E756D006B4D475D
:10A6D0005450455A59000000E01802000A0A455338
:10A6E000432D46534D3E2000E0180200000000506C
:10A6F000E01802002AED00E029ED00E038ED00E06E
:10A7000028ED00E034ED00E028ED00E02CED00E065
:10A7100008E000E00CED00E0E0180200000000009E
:10A720008065140600000000000000000300000027
:10A730009060002098000020000000009060002041
:10A74000F8600020606100200000000000000000B0
:10A7500000000000000000000000000000000000F9
:10A7600000000000000000000000000000000000E9
:10A7700000000000000000000000000000000000D9
:10A7800000000000000000000000000000000000C9
:10A7900000000000000000000000000000000000B9
:10A7A00000000000000000000000000000000000A9
:10A7B0000000000000000000000000000000000099
:10A7C0000000000000000000000000000000000089
:10A7D00001000000000000000E33CDAB34126DE626
:10A7E000ECDE05000B00000000000000000000008F
:10A7F0000000000000000000000000000000000059
:10A800000000000000000000000000000000000048
:10A810000000000000000000000000000000000038
:10A820000000000000000000000000000000000028
:10A830000000000000000000000000000000000018
:10A840000000000000000000000000000000000008
:10A8500000000000000000000000000000000000F8
:10A8600000000000000000000000000000000000E8
:10A870000000000000000000E8610020FFFFFFFF73
:10A8800000000200000000000000000000000000C6
:10A89000E8010020E8010020F0010020F001002084
:10A8A000F8010020F8010020000200200002002032
:10A8B00008020020080200201002002010020020E0
:10A8C0001802002018020020200200202002002090
:10A8D0002802002028020020300200203002002040
:10A8E00038020020380200204002002040020020F0
:10A8F00048020020480200205002002050020020A0
:10A90000580200205802002060020020600200204F
:10A9100068020020680200207002002070020020FF
:10A9200078020020780200208002002080020020AF
:10A93000880200208802002090020020900200205F
:10A940009802002098020020A0020020A00200200F
:10A95000A8020020A8020020B0020020B0020020BF
:10A96000B8020020B8020020C0020020C00200206F
:10A97000C8020020C8020020D0020020D00200201F
:10A98000D8020020D8020020E0020020E0020020CF
:10A99000E8020020E8020020F0020020F00200207F
:10A9A000F8020020F802002000030020000300202D
:10A9B00008030020080300201003002010030020DB
:10A9C000180300201803002020030020200300208B
:10A9D000280300202803002030030020300300203B
:10A9E00038030020380300204003002040030020EB
:10A9F000480300204803002050030020500300209B
:10AA0000580300205803002060030020600300204A
:10AA100068030020680300207003002070030020FA
:10AA200078030020780300208003002080030020AA
:10AA3000880300208803002090030020900300205A
:10AA40009803002098030020A0030020A00300200A
:10AA5000A8030020A8030020B0030020B0030020BA
:10AA6000B8030020B8030020C0030020C00300206A
:10AA7000C8030020C8030020D0030020D00300201A
:10AA8000D8030020D8030020E0030020E0030020CA
:10AA9000E8030020E8030020F0030020F00300207A
:10AAA000F8030020F8030020000400200004002028
:10AAB00008040020080400201004002010040020D6
:10AAC0001804002018040020200400202004002086
:10AAD0002804002028040020300400203004002036
:10AAE00038040020380400204004002040040020E6
:10AAF0004804002048040020500400205004002096
:10AB00005804002058040020600400206004002045
:10AB100068040020680400207004002070040020F5
:10AB200078040020780400208004002080040020A5
:10AB30008804002088040020900400209004002055
:10AB40009804002098040020A0040020A004002005
:10AB5000A8040020A8040020B0040020B0040020B5
:10AB6000B8040020B8040020C0040020C004002065
:10AB7000C8040020C8040020D0040020D004002015
:10AB8000D8040020D8040020E0040020E0040020C5
:10AB9000E8040020E8040020F0040020F004002075
:10ABA000F8040020F8040020000500200005002023
:10ABB00008050020080500201005002010050020D1
:10ABC0001805002018050020200500202005002081
:10ABD0002805002028050020300500203005002031
:10ABE00038050020380500204005002040050020E1
:10ABF0004805002048050020500500205005002091
:10AC00005805002058050020600500206005002040
:10AC100068050020680500207005002070050020F0
:10AC200078050020780500208005002080050020A0
:10AC30008805002088050020900500209005002050
:10AC40009805002098050020A0050020A005002000
:10AC5000A8050020A8050020B0050020B0050020B0
:10AC6000B8050020B8050020C0050020C005002060
:10AC7000C8050020C8050020D0050020D005002010
:10AC8000D8050020D8050020E0050020E0050020C0
:10AC90004300000000000000000000000000000071
:10ACA00000000000000000000000000000000000A4
:10ACB0000000000000000000000000000000000094
:10ACC0000000000000000000000000000000000084
:10ACD0000000000000000000000000000000000074
:10ACE0000000000000000000000000000000000064
:10ACF0000000000000000000000000000000000054
:10AD00000000000000000000000000000000000043
:10AD10000000000000000000000000000000000033
:10AD20000000000000000000000000000000000023
:10AD30000000000000000000000000000000000013
:10AD40000000000000000000000000000000000003
:10AD500000000000000000000000000000000000F3
:10AD600000000000000000000000000000000000E3
:10AD70000000000000000000430000000000000090
:10AD800000000000000000000000000000000000C3
:10AD90000000000000000000430000000000000070
:10ADA00000000000000000000000000000000000A3
:10ADB0000000000000000000430000000000000050
:10ADC0000000000000000000000000000000000083
:10ADD0000000000000000000430000000000000030
:10ADE0000000000000000000000000000000000063
:10ADF0000000000000000000430000000000000010
:10AE00000000000000000000000000000000000042
:10AE100000000000000000004300000000000000EF
:10AE20000000000000000000000000000000000022
:10AE300000000000000000004300000000000000CF
:10AE40000000000000000000000000000000000002
:10AE5000000000000000000075650100E13E0100F7
:10AE600000000000A02F0200E83102007833020049
:10AE7000783302007833020078330200783302001E
:10AE8000783302007833020078330200783302000E
:10AE9000FFFFFFFFFFFFFFFFFFFFFFFFFFFF0000C0
:10AEA0000100415343494900000000000000000038
:10AEB0000000000000000000000000000000000092
:10AEC0000000415343494900000000000000000019
:10AED0000000000000000000000000000000000072
:10AEE000000000004300000000000000000000001F
:10AEF0000000000000000000000000000000000052
:10AF00000000000000000000000000000000000041
:040000030000019167
:00000001FF
