:1000000000000120910100007F0300006105000055
:100010008303000073050000850500000000000058
:100020000000000000000000000000008903000044
:100030008B030000000000008D0300008F03000010
:100040009103000093030000950300009703000054
:10005000990300009B0300009D0300009F03000024
:10006000A1030000A3030000A5030000A7030000F4
:10007000A9030000AB030000AD030000AF030000C4
:10008000B1030000B3030000B5030000B703000094
:10009000B9030000BB030000BD030000BF03000064
:1000A000C1030000C3030000C5030000C703000034
:1000B000C9030000CB030000CD030000CF03000004
:1000C000D1030000D3030000D5030000D7030000D4
:1000D000D9030000DB030000DD030000DF030000A4
:1000E000E1030000E3030000E5030000E703000074
:1000F000E9030000EB030000ED030000EF03000044
:10010000F1030000F3030000F5030000F703000013
:10011000F9030000FB030000FD030000FF030000E3
:1001200001040000030400000504000007040000AF
:10013000090400000B0400000D0400000F0400007F
:10014000110400001304000015040000170400004F
:10015000190400001B0400001D0400001F0400001F
:1001600021040000230400002504000027040000EF
:10017000290400002B0400002D0400002F040000BF
:100180003104000033040000000000000000000003
:100190004FF0000BDFF8BE020068DFF8B612096806
:1001A00001F0030100F01C00142801D14BF0020BF8
:1001B000002901D04BF0010BBBF1000F05D0A7487F
:1001C000A749DFF8722200F09FF8A64880470BF09D
:1001D000020ABAF1000F0CD0DFF86E02DFF86E12DF
:1001E00002680B680FB44FF000024FF0FF0302608B
:1001F0000B609D484FF000024FF00103022808D128
:10020000DFF83A120A60DFF83E120A60DFF83212B5
:100210000B60012808D1DFF82A120A60DFF82612E5
:100220000A60DFF81A120B609048002809D1904844
:100230009049914A00F030F890489149914A00F075
:100240002BF891489149924A00F026F8914892493A
:10025000DFF8E22100F058F8BBF1000F10D08F4812
:100260008F49DFF8D62100F04FF80BF0020ABAF1FF
:10027000000F05D00FBC02600B6000BFAFF3008021
:10028000DFF820020FF2030E00474FF000004FF09E
:100290000001DFF814F2FEE72DE9F841884225D08D
:1002A000B2EB010200D5FEE740EA010313F00303BD
:1002B00002D000F01DF819E04FF000039046121133
:1002C000F7D09A421CBFF0C8F0C103F10103F8D186
:1002D00008F00F08B8F1000F08D004780C7000F196
:1002E000010001F10101B8F10108F6D1BDE8F88182
:1002F00008B54FF0000303780B7000F1010001F125
:100300000101013AF7D108BD884237D000F0030659
:10031000002E14D04FF00405A5EB06044FF008079B
:1003200007FB06F8914669FA08F9002C07D080F817
:10033000009069FA07F900F10100013CF5E74FF080
:1003400000060F46091A88460911914614461546BB
:10035000B14206D018BFA0E8340206F10106B1424E
:10036000F8D108F00F08B8F1000F07D002704FEA7B
:10037000322200F10100B8F10108F4E77047FEE70E
:10038000FEE7FEE7FEE7FEE7FEE7FEE7FEE7FEE745
:10039000FEE7FEE7FEE7FEE7FEE7FEE7FEE7FEE735
:1003A000FEE7FEE7FEE7FEE7FEE7FEE7FEE7FEE725
:1003B000FEE7FEE7FEE7FEE7FEE7FEE7FEE7FEE715
:1003C000FEE7FEE7FEE7FEE7FEE7FEE7FEE7FEE705
:1003D000FEE7FEE7FEE7FEE7FEE7FEE7FEE7FEE7F5
:1003E000FEE7FEE7FEE7FEE7FEE7FEE7FEE7FEE7E5
:1003F000FEE7FEE7FEE7FEE7FEE7FEE7FEE7FEE7D5
:10040000FEE7FEE7FEE7FEE7FEE7FEE7FEE7FEE7C4
:10041000FEE7FEE7FEE7FEE7FEE7FEE7FEE7FEE7B4
:10042000FEE7FEE7FEE7FEE7FEE7FEE7FEE7FEE7A4
:10043000FEE7FEE7704700000000A2A2A2A2008033
:100440000340088003401080034030800340348024
:1004500003403880034018080240000000F00020EC
:10046000000001209D0500000000000000000000C9
:10047000000000000000000090010000B004000037
:10048000B0040000389502004095020000000020F2
:100490007008002070080020106500201065002002
:1004A00000F000202DD10000ADC1000000000000D0
:1004B00010B5054C237833B9044B13B10448AFF39E
:1004C00000800123237010BD700800200000000090
:1004D000BC94020008B5034B1BB103490348AFF3BA
:1004E000008008BD0000000074080020BC940200D9
:1004F000A3F5803A704700BF154B002B08BF114B86
:100500009D46FFF7F5FF00218B460F461148124A22
:10051000121A0CF043FC0C4B002B00D098470B4BED
:10052000002B00D098470020002104000D000B484C
:100530000BF01EFF0CF0FAFD200029000BF036FE38
:100540000BF01CFF0000080000000000000000008D
:100550000000000070080020106500207DD1000020
:100560001EF0040F0CBFEFF30880EFF309800BF0CF
:10057000D7BC1EF0040F0CBFEFF30880EFF3098027
:100580000BF018BD1EF0040F0CBFEFF30880EFF363
:1005900009800BF03FBD0138FDD1704780B500AF39
:1005A00000F0FAF8044B5B69034A43F400735361AB
:1005B000FFF740FF00BF80BD00ED00E080B588B0D0
:1005C00000AF314BD3F8983003F08063FB61FB69D7
:1005D000002B4ED12C4BD3F8983003F480537B6121
:1005E0007B69002B15D1294B294A1A60294B284ACF
:1005F0001A60294B264A1A60284B294A1A60294B4F
:10060000234A1A60284B224A1A60284B204A1A6053
:1006100036E0274A3B1D92E8030083E803001A4BAB
:10062000D3F89C309B0903F007033B613A1D3B69FB
:1006300013441B78FB73FB7B022B12D0022B14DCC0
:10064000002B02D0012B07D00FE000F035F8B86185
:10065000B86900F04FF813E04FF4004000F04AF89A
:100660000EE0144800F046F80AE0124800F042F8A4
:1006700006E000F021F8B861B86900F03BF8FFE748
:1006800000BF2037BD4680BD00800340040000202D
:1006900080651406080000200C00002010000020D7
:1006A0006019850114000020180000201C000020A3
:1006B000F4DE010040420F0080B483B000AF0A4B6B
:1006C000D3F8503103F004033B603B68002B02D1A8
:1006D000064B7B6001E0064B7B607B6818460C375D
:1006E000BD4680BC704700BF0080034040787D015C
:1006F00080F0FA0280B483B000AF78600C4A7B6867
:1007000013600C4A7B6813600B4A7B6813600B4BC9
:100710000B4A1A600B4A7B6813600B4A7B681360B4
:100720000A4A7B68136000BF0C37BD4680BC704727
:1007300004000020080000200C0000201000002011
:100740006019850114000020180000201C00002002
:1007500080B483B000AF0E4BD3F84C313B603B68A4
:100760004FF60202934204D03B680A4A934203D0F8
:1007700005E001237B6005E002237B6002E00023AB
:100780007B6000BF7B6818460C37BD4680BC704755
:100790000080034002F8010080B582B000AFFFF78F
:1007A000D7FF78607B68012B02D100F007F800E0EA
:1007B00000BF00BF0837BD4680BD000080B400AF59
:1007C000094BD3F89830084A43F48073C2F8983044
:1007D000054BD3F89830044A23F08063C2F8983070
:1007E00000BFBD4680BC70470080034080B483B02A
:1007F00000AF78604FF0FF3318460C37BD4680BC21
:10080000704780B584B000AFF860B9607A600CF0D2
:1008100087FC03460C221A604FF0FF33184610374E
:10082000BD4680BD80B483B000AF786000BFFDE7F7
:1008300080B500AF0CF074FC03460B221A604FF039
:10084000FF33184680BD80B483B000AF7860396054
:100850003B684FF400525A60002318460C37BD46DF
:1008600080BC704780B400AF01231846BD4680BCF1
:10087000704780B483B000AF7860012318460C370E
:10088000BD4680BC704780B582B000AF78603960EB
:100890000CF046FC034616221A604FF0FF33184650
:1008A0000837BD4680BD80B582B000AF7860396042
:1008B0000CF036FC03461F221A604FF0FF33184637
:1008C0000837BD4680BD80B485B000AFF860B96020
:1008D0007A60002318461437BD4680BC704780B448
:1008E00085B000AFF860B9607A604FF0FF3318460A
:1008F0001437BD4680BC704780B485B000AFF86047
:10090000B9607A60002318461437BD4680BC704732
:1009100080B485B000AFF860B9607A603B600023B6
:1009200018461437BD4680BC7047000080B586B0BD
:1009300000AF78601F4B1B68002B02D11D4B1E4A75
:100940001A601C4B1B687B61EFF308833B61194BFA
:100950001B683A699A420FD9164B1A687B68134490
:100960003A699A421AD21923144A01210020FFF74A
:10097000CFFF0120FFF756FF114BFB600D4B1A68AC
:100980007B681344FA689A4208D219230D4A012160
:100990000020FFF7BDFF0120FFF744FF054B1A6859
:1009A0007B681344034A13607B6918461837BD46B9
:1009B00080BD00BF9008002010650020FCDE010013
:1009C00000F0002018DF010080B483B000AF786031
:1009D00039603B684FF400525A60002318460C37C8
:1009E000BD4680BC704780B483B000AF78604FF0E4
:1009F000FF3318460C37BD4680BC704780B582B0C7
:100A000000AF78600CF08CFB034602221A604FF0B6
:100A1000FF3318460837BD4680BD80B582B000AFB1
:100A200078600CF07DFB03460A221A604FF0FF331A
:100A300018460837BD4680BD2DE9B04384B000AFED
:100A400078607B68002298469146104BD3E90023DA
:100A500002FB09F008FB03F10144A8FB02454B1916
:100A60001D460B4A4FF00003204629461BF036FF77
:100A700002460B4613460133FB60F868FFF78BFD17
:100A800000BF1037BD46BDE8B08300BF8000002026
:100A900040420F0080B582B000AF78607B684FF4B1
:100AA0007A7202FB03F31846FFF7C6FF00BF083750
:100AB000BD4680BD80B582B000AF78607B684FF4E2
:100AC0007A7202FB03F31846FFF7E4FF00BF083712
:100AD000BD4680BD80B485B000AF786039604FF00E
:100AE000FF33FB603B68BB6012E07B681B781A46F3
:100AF000FB681B0E53400B4A52F82320FB681B0275
:100B00005340FB607B6801337B60BB68013BBB608B
:100B1000BB68002BE9D1FB68DB4318461437BD46A0
:100B200080BC70472CDF010080B500AF30480AF070
:100B3000E7FF304B1B6819462F480AF0E1FF2F4BA7
:100B40001B6819462E480AF0DBFF2E4B1B6819461E
:100B50002D480AF0D5FF2D4B1B6819462C480AF08A
:100B6000CFFF2C4B1B6819462B480AF0C9FF2B4BB3
:100B70001B6819462A480AF0C3FF2A4B1B6819460E
:100B800029480AF0BDFF294B1B68194628480AF07E
:100B9000B7FF284B1B68194627480AF0B1FF274BBF
:100BA0001B68194626480AF0ABFF264B1B681946FE
:100BB00025480AF0A5FF254B1B68194624480AF072
:100BC0009FFF244B1B68194623480AF099FF234BCB
:100BD0001B68194622480AF093FF224B1B681946EE
:100BE00021480AF08DFF21480AF08AFF00BF80BD2E
:100BF0002CE301000000000044E30100900100002C
:100C000064E30100B004000080E3010038950200B5
:100C100098E3010030950200ACE301003895020032
:100C2000C4E3010000000020DCE3010070080020A4
:100C3000F4E301007008002008E4010010650020C2
:100C400020E401001065002030E4010000F00020E5
:100C50004CE4010000F0002060E4010000000120ED
:100C60007CE401001065002090E40100A0E4010094
:100C700080B584B000AFF860B9607A603B603B68D3
:100C800018687B68BA68F968984702463B681A603A
:100C90003B681B68002B02D14FF0FF3300E00023BC
:100CA00018461037BD4680BD80B586B000AFF860ED
:100CB000B9607A603B6014E0BB68102B28BF10233A
:100CC0007B613B687A687969F868FFF7D1FF034672
:100CD000002B02DA4FF0FF3307E0BA687B69D31AC2
:100CE000BB60BB68002BE7D1002318461837BD4610
:100CF00080BD000080B586B000AFF860B9607A6052
:100D00003B6000237B617B68002B0BD0BB68FA68DB
:100D100079683048FFF7C8FF0346002B02DA4FF02E
:100D2000FF3353E07A697B6813447B613B68002B97
:100D300012D03B6A002B0FD0BB68FA68396A38685A
:100D4000FFF796FF0346002B02DA4FF0FF333DE03A
:100D50007A693B6A13447B617B6A002B0BD0BB68CA
:100D6000FA68796A1C48FFF79FFF0346002B02DAF6
:100D70004FF0FF332AE07A697B6A13447B61FB6A98
:100D8000002B0BD0BB68FA68F96AB86AFFF770FFEE
:100D90000346002B02DA4FF0FF3317E07A69FB6A53
:100DA00013447B613B6B002B0BD0BB68FA68396B3B
:100DB0000848FFF779FF0346002B02DA4FF0FF33B4
:100DC00004E07A693B6B13447B617B6918461837F2
:100DD000BD4680BDA4E40100B8E4010080B489B040
:100DE00000AFF860B9607A603B600023FB610023CC
:100DF000BB6100237B61FB689B681A46BB6893421A
:100E000005D2FB689B681A46BB68D31A7B61FB68F6
:100E10005B6803F00403002B02D07B69BB6101E037
:100E20007B69FB61FB685B6803F04003002B15D016
:100E3000FA69BB6913443B61FB685B6803F0040318
:100E4000002B0CBF01230023DBB21A463B6913447D
:100E50005B08FB613A69FB69D31ABB617B68002BB5
:100E600002D07B68FA691A603B68002B02D03B68AD
:100E7000BA691A6000BF2437BD4680BC70470000C5
:100E80002DE9B04FA0B000AFC7E912017A643B640E
:100E9000D7E91223C7E91C23D7E91C231446C3F35F
:100EA0001305C7E91845D7E91C234FF000004FF0A0
:100EB0000001180D00210346C3F30A03BB66D7E9FE
:100EC0001C234FF000004FF00001D80F0021034613
:100ED000FB66BA6E40F2FF739A4209D16FF000438D
:100EE000BB65FB6EFB65D7E91823C7E91423FFE058
:100EF000D7E9182313430DD1BB6E002B0AD1002371
:100F0000BB654FF000024FF00003C7E91423FB6EEE
:100F1000FB65EDE0FB6EFB65BB6E002B21D1012371
:100F2000BB664FF000024FF00003C7E91423002313
:100F3000BB650CE0D7E918239118B9615B41FB61EF
:100F4000D7E90623C7E91823BB6E013BBB66D7E987
:100F500018234FF0000A03F4002B5AEA0B03E9D0E0
:100F600006E075A3D3E90023C7E914230023BB657A
:100F700073A3D3E90023C7E91E23D7E918234FF051
:100F800000004FF00001190341EA12511003C7E9B4
:100F9000180131E0D7E91823002B0CDAD7E9140146
:100FA000D7E91E238418BC6341EB0303FB63D7E935
:100FB0000E34C7E91434D7E91823911839615B411D
:100FC0007B61D7E90423C7E91823D7E91E23511C05
:100FD000396343F100037B634FF000024FF00003DD
:100FE000D7E90C4521464A08204629460C4642EAE4
:100FF000C4724B08C7E91E23D7E918231343C9D18C
:10100000BB6EA3F2FF33BB6629E0D7E91423911826
:10101000B9605B41FB60D7E90223C7E91423D7E934
:10102000142341498A4241498B4115D3D7E91423FE
:10103000511DB96243F10003FB624FF00A024FF009
:101040000003D7E90A011BF049FC02460B46C7E939
:101050001423BB6D0133BB65BB6E013BBB66BB6E2E
:10106000002BD2DC41E0D7E9142331498A423149CF
:101070008B4120D2D7E9144522462B464FF0000081
:101080004FF00001990041EA9271900002460B4630
:1010900012EB040843EB050918EB08033B6049EB2E
:1010A00009037B60D7E9008942464B46C7E9142310
:1010B000BB6D013BBB65D7E91423511C396243F179
:1010C00000037B624FF000024FF00003D7E90845B0
:1010D00021464A08204629460C4642EAC4724B087B
:1010E000C7E91423BB6E0133BB66BB6E002BBADBB2
:1010F0007B6C002B02D0FA6D7B6C1A603B6C002B72
:1011000004D0D7E91423396CC1E90023D7F8A03003
:10111000002B03D0BA6DD7F8A0301A6000BF80371B
:10112000BD46BDE8B08F00BF0000C16FF28623004E
:1011300000008D49FD1A07000080C6A47E8D0300C3
:1011400000406352BFC6010080B586B000AFF860B2
:10115000C7E900233A6A7B6AD31A7B610EE0D7E9BC
:1011600000014FF00A024FF000031BF0B7FB0246EC
:101170000B46C7E900237B69013B7B617B69002B40
:10118000EDDC7B6A7B6122E0D7E900014FF00A02C7
:101190004FF000031BF0A2FB13463B613B69DBB23F
:1011A0003033D9B27B69013BFA6813444AB21A70F2
:1011B000D7E900014FF00A024FF000031BF08EFB4D
:1011C00002460B46C7E900237B69013B7B617B69D3
:1011D000002BD9D17B6A18461837BD4680BD000068
:1011E00080B590B006AFF8607A603B600B46FB724A
:1011F00000237B6100233B613B6C6FF00042934214
:1012000015D1D7E90E23134311D097F90B30662B74
:1012100007D097F90B30652B03D097F90B30672B6C
:1012200002D12F4B3B6213E02E4B3B6210E097F94B
:101230000B30662B07D097F90B30652B03D097F94D
:101240000B30672B02D1284B3B6201E0274B3B62FE
:10125000386A0CF00FF9F8613B6B002B02D0244B7D
:101260007B6219E03B6B002B08D1FB685B6803F0E5
:101270000203002B02D01F4B7B620DE03B6B002B67
:1012800008D1FB685B6803F00103002B02D01A4B06
:101290007B6201E0194B7B62786A0CF0EBF8B86175
:1012A000FA69BB69D11807F1100307F11402F86855
:1012B000FFF794FD7A693B690493FB6903933B6AEA
:1012C000029300230193BB6900937B6A39687868B5
:1012D000FFF710FD034618462837BD4680BD00BF06
:1012E000CCE40100D0E40100D4E40100D8E4010022
:1012F000DCE40100E0E40100E4E40100E8E40100D2
:101300002DE9B0438AB000AFF860B9607A603B6005
:1013100048A3D3E90023C7E908230023FB61BB6886
:101320001B68BB617B6C002B21D0BA693E4B83FBF1
:101330000231D317C91A0B465B000B44D31ABB61A9
:10134000BB69002B02DABB690333BB613B68002B2E
:101350000DD0BB681B68002BB8BF5B427B617B690B
:10136000182B04DD7B69183BBA691344BB613B68E9
:10137000002B0AD1BB69002B02DABB690133BB61C8
:10138000BB69002BB8BF5B42BB61BA697B68134481
:101390000133FB61FB6923EAE373FB610BE0D7E9EF
:1013A00008014FF00A024FF000031BF097FA0246C3
:1013B0000B46C7E90823FB695A1EFA61002BEED1E0
:1013C000FB68D3E90001D7E90823841841EB030542
:1013D000FB68C3E90045FB68D3E9002313498A424F
:1013E00013498B4118D3FB68D3E9002312F1050898
:1013F00043F100094FF00A024FF00003404649460E
:101400001BF06CFA02460B46F968C1E90023BB6881
:101410001B685A1CBB681A6000BF2837BD46BDE870
:10142000B08300BFAFF30080565555550000C16F23
:10143000F28623000080E03779C3110080B5AAB09E
:1014400006AFF8607A603B600B46FB720023C7F87A
:101450008C300023C7F884300023C7F88030002385
:10146000BB6100237B610023FB670023BB67002374
:101470007B6700233B670023FB660023BB660023DA
:10148000BB6500237B6500233B650023FB7497F954
:101490000B30672B03D097F90B30472B23D1012357
:1014A0007B65FB685B6823F02002FB685A60D7F815
:1014B000A83013F1040F05DBFB68DA68D7F8A83011
:1014C0009A4208DC97F90B30672B01D1652300E0C5
:1014D0004523FB7207E097F90B30672B01D1662398
:1014E00000E04623FB7297F90B30662B03D097F987
:1014F0000B30462B01D101233B65FB68DB68002BD9
:1015000002DAFB680622DA607B6D002B06D0FB68EE
:10151000DB68002B02D1FB680122DA60D7F8983033
:10152000002B03D0AB4BC7F888301EE0D7F89830BB
:10153000002B09D1FB685B6803F00203002B03D08A
:10154000A54BC7F8883010E0D7F89830002B09D1A8
:10155000FB685B6803F00103002B03D09F4BC7F8C7
:10156000883002E09E4BC7F88830D7F888000BF02F
:1015700081FF7863FB68DA68FB685B6803F020032F
:1015800007F1A80107F1A00001937B6D00933B6D6B
:10159000FFF7B6FED7E92823134324D01023C7F85A
:1015A0008C301AE0D7E928014FF00A024FF000030F
:1015B0001BF094F9134315D1D7F88C30013BC7F8D1
:1015C0008C30D7E928014FF00A024FF000031BF0DE
:1015D00085F902460B46C7E92823D7F88C30002B43
:1015E000E0D100E000BF3B6D002B37D0FB685B68AB
:1015F00003F02003002B2AD00823FB6419E0D7F85E
:10160000A830022B08DDFB6C0133FB64D7F8A8304F
:10161000033BC7F8A8300CE0D7F8A830002B0FDA4E
:10162000FB6C013BFB64D7F8A8300333C7F8A83044
:1016300000BFFB6C002B04DDFB6C0F2BDFD900E03F
:1016400000BF684AFB6C134493F90030FB74D7F871
:10165000A83043EAE37301337B6623E001237B6612
:10166000FB685B6803F02003002B1BD0D7F8A82091
:101670005D4B83FB0231D317C91A0B465B000B4449
:10168000D31ABB64BB6C002B02DABB6C0333BB64A4
:101690007A6EBB6C13447B66D7F8A820BB6CD31A58
:1016A000C7F8A830FB68DA68D7F88C107B6ECB1AC5
:1016B00023EAE3739342A8BF13463B663B6D002BBE
:1016C0003CD07B6D002B39D0D7E92823C7E9102304
:1016D000D7F88C30FB630EE0FB6B013BFB63D7E973
:1016E00010014FF00A024FF000031BF0F7F802461A
:1016F0000B46C7E910237A6E3B6E1344FA6B9A428D
:10170000EADC0EE0D7E910014FF00A024FF00003C7
:101710001BF0E4F802460B46C7E910233B6E013B81
:101720003B663B6E002B09DDD7E910014FF00A0242
:101730004FF000031BF0D2F81343E3D07A6E7B6BBB
:101740001A443B6E1344C7F880303B6D002B38D0F1
:101750007B6E002B06D10123FB67D7F88030013365
:10176000C7F880307A6ED7F88C309A4204DD7A6EF2
:10177000D7F88C30D31ABB67D7F8A830B3F1FF3F46
:1017800015DAFB68DB68002B11DDD7F8A830DB43E6
:101790007B67FB68DB681A467B6F934228BF134662
:1017A0007B67D7F880207B6F1344C7F8803097F9A8
:1017B0001330002B34D0D7F880300133C7F8803095
:1017C0002EE0D7F8A830002BB8BF5B42FB650023A2
:1017D000BB6516E0DCE40100E0E40100E4E40100A4
:1017E000E8E401002400002056555555BB6D013337
:1017F000BB65FB6D9C4A82FB03129210DB17D31A68
:10180000FB65FB6D002BF1DCBB6D022B38BF0223A7
:10181000BB65BA6DD7F8803013440233C7F8803007
:101820003A6E7B6F1344FA68D268934217D27B6D8D
:10183000002B05D0FB685B6803F00803002B0ED07B
:10184000FB68DB681A467B6FD21A3B6ED31A3B6784
:10185000D7F880203B6F1344C7F880301AE03B6D07
:10186000002B17D03A6E7B6F1344FA68D26893420C
:1018700010D93A6E7B6F1344FA68D2689B1A3B63A7
:101880003B6BD7F88020D31AC7F880303A6E3B6B99
:10189000D31A3B667B6F002B0BD13B6F002B08D11B
:1018A0003B6E002B05DCFB685B6803F00803002B34
:1018B00006D00123BB66D7F880300133C7F88030EB
:1018C00007F1140307F11802D7F88010F868FFF742
:1018D00085FAFB685B6803F01003002B05D0BB6939
:1018E000FA6F1344FB670023BB617B6E002B0ED0A5
:1018F000D7E92823786EB96F411A07F11C000191CE
:10190000D7F88C100091FFF71FFC034600E000237E
:10191000C7F88430D7F88C20D7F88430D31AC7F8AA
:101920008C30BA6900230493D7F88430039307F10D
:101930001C030293FB6F01937B6B0093D7F88830F5
:1019400039687868FFF7D6F9F862FB6AB3F1FF3FB0
:1019500001D1FB6AF4E0FA6EFB6A1344FB660023D4
:1019600004930023039300230293BB6F019300238E
:1019700000930023002239687868FFF7BBF9F8620A
:10198000FB6AB3F1FF3F01D1FB6AD9E0FA6EFB6A53
:101990001344FB663B6E002B0CD0D7E9282307F1DC
:1019A0001C00396E0191D7F88C100091FFF7CCFB29
:1019B000034600E00023C7F88430BB6E002B14BF41
:1019C00001230023DBB21A4600230493D7F88430A6
:1019D000039307F11C0302937B6F01930092234B47
:1019E000002239687868FFF785F9F862FB6AB3F17D
:1019F000FF3F01D1FB6AA3E0FA6EFB6A1344FB666A
:101A00000023049300230393002302933B6F01936D
:101A1000002300930023002239687868FFF76AF9F1
:101A2000F862FB6AB3F1FF3F01D1FB6A88E0FA6E0E
:101A3000FB6A1344FB66BB6D002B5DD0D7F8A83062
:101A4000002BB8BF5B42BB63FB7A3B74D7F8A8306E
:101A5000002B01DA2D2300E02B237B74BB6DFB658B
:101A60000023C7F8843025E067666666ECE4010071
:101A7000B96B354BA3FB0123DA0813469B001344D3
:101A80005B00CA1AD3B23033DAB2FB6D013B52B2FB
:101A900090333B4403F8742CFB6D013BFB65D7F896
:101AA00084300133C7F88430BB6B274AA2FB032381
:101AB000DB08BB63FB6D002BDADC07F110020023AF
:101AC0000493D7F88430039307F11C030293002397
:101AD0000193022300931346002239687868FFF7C8
:101AE00009F9F862FB6AB3F1FF3F01D1FB6A27E015
:101AF000FA6EFB6A1344FB6697F91330002B14BF90
:101B000001230023DBB21A467B690493039207F199
:101B10001303029300230193002300930023002268
:101B200039687868FFF7E6F8F862FB6AB3F1FF3FBF
:101B300001D1FB6A04E0FA6EFB6A1344FB66FB6E9C
:101B400018469037BD4680BDCDCCCCCC90B593B077
:101B500006AFF860B9603B601346FB71FB6893F910
:101B600014304C2B02D14FF0FF334DE0BB681B68A3
:101B7000073323F0070303F10801BA681160D3E9C2
:101B80000023C7E90A2307F1180107F1240207F12E
:101B9000140300930B46D7E90A01FFF771F97B693B
:101BA0006FF00042934203D1D7E90623134308D1D3
:101BB0007B696FF00042934215D1D7E906231343A6
:101BC00011D1796AD7E90623786997F9074004901B
:101BD000CDE9022300913B6C3A682146F868FFF793
:101BE000FFFA034610E0796AD7E90623786997F986
:101BF00007400490CDE9022300913B6C3A682146EE
:101C0000F868FFF71BFC034618463437BD4690BD05
:101C10002DE9B04FAAB006AFF865B9653B6513462C
:101C200087F85730FB6D1A6AFB6D5B6A1344C7F87F
:101C30008430D7F884300733DB08C7F880304FF0A2
:101C400000024FF00003C7E918234FF000024FF0E5
:101C50000003C7E91823D7F88030002B02D14FF0DA
:101C6000FF33EEE0D7F88030042B08D8BB6D19683D
:101C70000A1DBB6D1A600B68C7F88C3007E0BB6D9E
:101C800019680A1DBB6D1A600B68C7F88C30D7F84D
:101C90008C30002B0AD10023FB674FF000024FF07D
:101CA0000003C7E91C230023FB66BAE0D7F88430A1
:101CB0005A1E012303FA02F2D7F88C301340002B8E
:101CC00014BF01230023DBB2FB67FB6F002B04D0A2
:101CD000D7F88C305B42C7F88C30D7F884305A1E66
:101CE000012393405A1ED7F88C301340C7F88C302C
:101CF000D7F88C30DA17BB64FA64D7E91223C7E946
:101D00001C234FF0FF33C7F8883009E0D7F88C3038
:101D10005B10C7F88C30D7F888300133C7F88830AB
:101D2000D7F88C30002BF1D1D7F88820FB6D5B6A97
:101D3000D31AFB6609E0D7E91C23911839605B418F
:101D40007B60D7E90023C7E91C23D7E91C23B3F53F
:101D5000801FF0D3D7E9182300244FEA13554FEA28
:101D60000555D7E91C239246C3F3130B44EA0A0333
:101D70003B6445EA0B037B64D7E91034C7E91834A8
:101D8000D7E91823BA636FF31E53FB63FB6EDA17B0
:101D90003B637A633B6BC3F30A084FF0000940F2E0
:101DA000FF3318EB0303BB6249F10003FB624FF002
:101DB00000024FF00003B96A0B050022D7E90E01BB
:101DC000044614433C6219437962D7E90834C7E9F1
:101DD0001834D7E91823BA6123F00043FB61FB6F85
:101DE00000223B617A614FF000024FF00003396935
:101DF000CB070022D7E9060104461443BC6019430F
:101E0000F960D7E90234C7E91834D7E9180107F1B6
:101E1000700407F17C0207F16C0300932346FFF77F
:101E20002FF8F96FD7E91C23F86E0490CDE902234F
:101E30000091D7F8B0303A6D6621F86DFFF7FEFAE1
:101E4000034618469037BD46BDE8B08FB0B485B0A4
:101E500000AF786039603B681B68191D3A681160F3
:101E60001B68FB60FB68002B48D07B6893F914303B
:101E7000682B05D17B681B681AB2FB681A803DE0AD
:101E80007B6893F91430692B05D17B681B685AB2C3
:101E9000FB681A7032E07B6893F914306C2B05D123
:101EA0007B681B681A46FB681A6027E07B6893F919
:101EB00014306A2B08D17B681B6800221C4615462B
:101EC000FB68C3E9004519E07B6893F914307A2B6D
:101ED00004D17B681A68FB681A600FE07B6893F98D
:101EE0001430742B05D17B681B681A46FB681A6096
:101EF00004E07B681B681A46FB681A6000231846DA
:101F00001437BD46B0BC704780B58EB006AFF860E0
:101F1000B9603B601346FB710023FB6197F9073002
:101F2000632B08D1BB681B68191DBA6811601B6858
:101F30005BB2FB7403E0FB6893F91530FB74FB683C
:101F4000DB68002B02DAFB680122DA60FB68DB68E1
:101F5000012BB8BF0123BB611FE0002304930123C1
:101F6000039307F1130302930023019300230093CB
:101F700000230022B96A3868FEF7BCFE78617B69ED
:101F8000B3F1FF3F02D14FF0FF330AE0FA697B69FA
:101F90001344FB61BB69013BBB61BB69002BDCD116
:101FA000FB6918462037BD4680BD000080B58EB065
:101FB00006AFF860B9603B601346FB710023FB611C
:101FC00000237B6100233B61BB681B68191DBA6855
:101FD00011601B68BB61BB69002B01D1174BBB6152
:101FE000B8690BF047FAF861FB68DB68002B07DB88
:101FF000FB68DB681A46FB69934228BF1346FB6106
:1020000007F1100307F11402F969F868FEF7E6FE1C
:102010007A693B690493FB690393BB6902930023CC
:102020000193002300930023B96A3868FEF762FE2B
:10203000034618462037BD4680BD00BFF0E40100CE
:102040002DE9F043CBB006AF07F58876A6F582768A
:10205000306007F58870A0F584700160114607F5BF
:102060008872A2F58872136007F58873A3F20913CA
:102070000A461A700023C7F80C310023BB61002305
:102080007B610023C7F804310023C7F80031002327
:10209000C7F8FC300023C7F8F4300023C7F8F0304D
:1020A00007F58873A3F582731B685B6803F08003F0
:1020B000002B00F0EE8007F58873A3F582731B6890
:1020C00093F914306C2B10D107F58873A3F5847342
:1020D0001B681B68191D07F58872A2F584721268C7
:1020E00011601B68C7F8EC3063E007F58873A3F54F
:1020F00082731B6893F914306A2B16D107F5887325
:10210000A3F584731B681B68073323F0070303F1EF
:10211000080107F58872A2F5847212681160D3E98C
:1021200000231346C7F8EC3043E007F58873A3F5A6
:1021300082731B6893F914307A2B10D107F58873DA
:10214000A3F584731B681B68191D07F58872A2F537
:102150008472126811601B68C7F8EC3029E007F53B
:102160008873A3F582731B6893F91430742B10D114
:1021700007F58873A3F584731B681B68191D07F5A1
:102180008872A2F58472126811601B68C7F8EC307F
:102190000FE007F58873A3F584731B681B68191D8E
:1021A00007F58872A2F58472126811601B68C7F87F
:1021B000EC3007F58873A3F582731B6893F914302C
:1021C000682B04D1D7F8EC301BB2C7F8EC3007F518
:1021D0008873A3F582731B6893F91430692B04D1BB
:1021E000D7F8EC305BB2C7F8EC30D7F8EC30002B06
:1021F000B8BF5B42C7F8F83007F58873A3F5807362
:1022000000221A70D7F8EC30002B06DA07F5887335
:10221000A3F580732D221A7020E007F58873A3F5CB
:1022200082731B685B6803F00203002B06D007F57E
:102230008873A3F580732B221A700FE007F588735B
:10224000A3F582731B685B6803F00103002B05D0C4
:1022500007F58873A3F5807320221A7007F5887339
:10226000A3F5807393F90030002B00F0B2800123B6
:10227000C7F8F43007F58873A3F582731B685B68B1
:1022800043F0080207F58873A3F582731B685A6050
:102290009FE007F58873A3F582731B6893F91430E8
:1022A0006C2B10D107F58873A3F584731B681B682A
:1022B000191D07F58872A2F58472126811601B68F7
:1022C000C7F8F83063E007F58873A3F582731B68DD
:1022D00093F914306A2B16D107F58873A3F584732C
:1022E0001B681B68073323F0070303F1080107F598
:1022F0008872A2F5847212681160D3E90023134634
:10230000C7F8F83043E007F58873A3F582731B68BC
:1023100093F914307A2B10D107F58873A3F58473E1
:102320001B681B68191D07F58872A2F58472126874
:1023300011601B68C7F8F83029E007F58873A3F52A
:1023400082731B6893F91430742B10D107F58873CE
:10235000A3F584731B681B68191D07F58872A2F525
:102360008472126811601B68C7F8F8300FE007F537
:102370008873A3F584731B681B68191D07F58872A1
:10238000A2F58472126811601B68C7F8F83007F56F
:102390008873A3F582731B6893F91430682B04D1FA
:1023A000D7F8F8309BB2C7F8F83007F58873A3F573
:1023B00082731B6893F91430692B04D1D7F8F83075
:1023C000DBB2C7F8F83007F58873A3F580733022C5
:1023D0001A7007F58873A3F2091393F900306F2B75
:1023E00006D1D7F8F830002B02D00123C7F8F4301B
:1023F00007F58873A3F2091393F90030782B0FD0F7
:1024000007F58873A3F2091393F90030582B07D00E
:1024100007F58873A3F2091393F90030622B32D1C8
:1024200007F58873A3F582731B685B6803F02003CC
:10243000002B03D1D7F8F830002B0CD007F58873A8
:10244000A3F5807307F58872A2F2091212785A7008
:102450000223C7F8F43007F58873A3F582731B686D
:102460005B6803F02003002B0DD007F58873A3F5FC
:10247000807393F9013043F020035AB207F5887353
:10248000A3F580735A7007F58873A3F582731B68F0
:102490005B6803F00803002B0ED0D7F80C21D7F8A7
:1024A000F4301344C7F80C3107F11003C7F8FC30BF
:1024B000D7F8F430C7F80031D7F834310A2B50D1AF
:1024C0000023C7F8083147E0D7F8F83000229846D3
:1024D0009146AF4B03FB09F2002303FB08F31344BF
:1024E000AB4AA8FB02452B441D46C7E92C45C7E96A
:1024F0002C45D7E92C014FF000024FF00003CA0829
:1025000000231346C7F8AC30D7F8AC309B00D7F89F
:10251000AC201344C7F8A830D7F8A8305B00D7F830
:10252000F820D31AC7F8A430D7F808310133C7F818
:102530000831D7F8A430DBB23033DAB2D7F808313B
:10254000C3F1820352B203F588733B4403F8F42CC1
:10255000D7F8AC30C7F8F830D7F8F830002BB3D143
:10256000ACE0D7F83431022B07D0D7F83431082B40
:1025700003D0D7F83431102B5BD1D7F83431013B7D
:10258000C7F8C030D7F83431102B07D0D7F8343122
:10259000082B01D1032302E0012300E00423C7F844
:1025A000BC300023C7F808313EE0D7F8F820D7F850
:1025B000C0301340774AD35C87F8EB3007F5887357
:1025C000A3F2091393F90030782B0FD007F5887325
:1025D000A3F2091393F90030692B07D007F588732C
:1025E000A3F2091393F90030752B05D197F8EB305E
:1025F00043F0200387F8EB30D7F808310133C7F8F0
:102600000831D7F80831C3F1820303F588733B44DE
:1026100097F8EB2003F8F42CD7F8F820D7F8BC3063
:1026200022FA03F3C7F8F830D7F8F830002BBCD102
:1026300044E00023C7F808313CE0D7F8F830D7F879
:102640003421B3FBF2F2D7F8341101FB02F29B1AEA
:10265000504AD35C87F8EA3007F58873A3F2091370
:1026600093F90030692B07D007F58873A3F209139B
:1026700093F90030752B05D197F8EA3043F0200329
:1026800087F8EA30D7F808310133C7F80831D7F8AE
:102690000831C3F1820303F588733B4497F8EA20BD
:1026A00003F8F42CD7F8F820D7F83431B2FBF3F361
:1026B000C7F8F830D7F8F830002BBED107F588738B
:1026C000A3F582731B68DB69002B00F01C8107F502
:1026D0008873A3F582731B689B69C7F8E43007F51C
:1026E0008873A3F582731B68DB69C7F8E0300023A9
:1026F000C7F8D830D7F80831C7F8D030D7F8083144
:10270000C3F18203C7F8CC30D7F8E030013BD7F8EB
:10271000E4201344C7F8E430E6E0D7F8E030002BBB
:1027200000F08580D7F8E4301B7887F8DF3097F920
:10273000DF302D2B00F0DE8097F9DF302A2B1FD100
:1027400007F58873A3F584731B681B68191D07F5CB
:102750008872A2F58472126811601B68C7F8D830BD
:10276000D7F8D830002BC0F2C780D7F8E430013B4F
:10277000C7F8E430D7F8E030013BC7F8E03043E079
:102780000023C7F8D8300123C7F8D43023E000BFB6
:10279000CDCCCCCC00E5010097F9DF30303B1A46B8
:1027A000D7F8D43003FB02F2D7F8D8301344C7F877
:1027B000D830D7F8D42013469B0013445B00C7F8E9
:1027C000D430D7F8E430013BC7F8E430D7F8E03034
:1027D000013BC7F8E030D7F8E030002B14D0D7F831
:1027E000E4301B7887F8DF3097F9DF30002B0BD00F
:1027F00097F9DF300133874A134493F90030DBB295
:1028000003F00403002BC7D1D7F8E030002B75D0BC
:10281000D7F8E4301B7887F8DF30D7F8E430013B95
:10282000C7F8E430D7F8E030013BC7F8E030D7F81C
:10283000D830002B54D0D7F8D830D7F8D0209A42CF
:102840005ED9D7F8CC30C7F8C830D7F8D830D7F829
:10285000D020D31AC7F8C43018E0D7F8C830013BED
:1028600007F11C01D7F8C8200A4492F9002003F5AB
:1028700088733B4403F8F42CD7F8C430013BC7F805
:10288000C430D7F8C8300133C7F8C830D7F8C430DF
:10289000002BE2D1D7F8CC30013BC7F8CC30D7F8C9
:1028A000CC20D7F8D0301A44D7F8D830D31A03F553
:1028B00088733B4497F8DF2003F8F42CD7F80831ED
:1028C0000133C7F80831D7F8F0300133C7F8F030DA
:1028D000D7F8D830D7F8D020D31AC7F8D03003E0D3
:1028E000D7F8E030002B0DD0D7F8D030002B7FF494
:1028F00014AF08E000BF06E000BF04E000BF02E044
:1029000000BF00E000BFD7F80831C7F8A03007F5D6
:102910008873A3F582731B68DB68002B07DA07F561
:102920008873A3F582731B680122DA600DE007F556
:102930008873A3F582731B685B6823F0100207F5A8
:102940008873A3F582731B685A6007F58873A3F533
:1029500082731B68DB681A46D7F8F0301344D7F847
:102960000821934238BF1346C7F80831D7F80C2125
:10297000D7F808311344C7F80C3107F1140307F1F5
:10298000180207F58871A1F58270D7F80C1100685C
:10299000FEF724FAD7F80821D7F8A030D31AC7F8E1
:1029A000043107F58873A3F582731B685B6803F035
:1029B0001003002B07D0BB69D7F804211344C7F8D4
:1029C00004310023BB61B969D7F8A030C3F1820399
:1029D00007F11C0213447A6907F58870A0F5887026
:1029E0000492D7F8A02003920293D7F80431019300
:1029F000D7F800310093D7F8FC300A46D7F83011E9
:102A00000068FEF777F90346184607F58A77BD4652
:102A1000BDE8F083441E020080B58CB006AFF860BC
:102A2000B9603B601346FB7100237B6197F9073067
:102A30006E2B05D1B968F868FFF708FA0346DDE0A8
:102A400097F90730252B11D1002304930123039319
:102A5000FB1D029300230193002300930023002217
:102A6000396A3868FEF746F90346C7E097F9073038
:102A7000632B03D097F90730432B0AD197F907202E
:102A80003B6A00933B68B968F868FFF73DFA034674
:102A9000B4E097F90730732B0AD197F907203B6A06
:102AA00000933B68B968F868FFF780FA0346A5E031
:102AB00097F90730652B13D097F90730452B0FD0C6
:102AC00097F90730662B0BD097F90730462B07D0C4
:102AD00097F90730672B03D097F90730472B0AD1B6
:102AE00097F907203B6A00933B68B968F868FFF7DD
:102AF0002DF8034682E097F907306B2B0AD197F93E
:102B000007203B6A00933B68B968F868FFF780F8D4
:102B1000034673E097F90730702B0DD15823FB71F2
:102B2000FB6800221A75FB6828225A60FB6808229D
:102B30009A60FB680822DA6097F90730642B07D0A7
:102B400097F90730692B03D097F90730492B1CD12F
:102B5000FB685B6843F08002FB685A600A237B6174
:102B6000FB685B6823F00802FB685A6097F907303E
:102B7000692B03D097F90730492B06D1FB681B69F5
:102B8000002B02D0FB681B697B6197F90730782B1B
:102B900003D097F90730582B01D110237B6197F9A7
:102BA0000730752B03D097F90730552B08D1FB68F8
:102BB0001B69002B02D0FB681B6900E00A237B61C4
:102BC00097F907306F2B01D108237B6197F9073004
:102BD000622B01D102237B617B69012B0CD997F910
:102BE00007207B6901933B6A00933B68B968F868EA
:102BF000FFF726FA034601E04FF0FF331846183777
:102C0000BD4680BD80B59CB002AFF860B9607A6007
:102C10003B607B683B663B683B617B68002B00F058
:102C20008C8200237B617DE23B6EFB6502E0FB6DE5
:102C30000133FB65FB6D93F90030002B04D0FB6D75
:102C400093F90030252BF2D1FA6D3B6ED31AFB6459
:102C5000FB6C002B0ED007F10803FA68F96C386E94
:102C6000FEF706F80346002BC0F269827A69FB6C16
:102C700013447B61FB6D3B663B6E93F90030002B88
:102C800000F050823B6E01333B660023BB610BE0DA
:102C9000BA69BB6CA6495B1AA64951F823301343A5
:102CA000BB613B6E01333B663B6E1B7887F8673038
:102CB00097F96730002B09D097F9673019469C487F
:102CC0000AF0BCF8B864BB6C002BE1D13B6E93F901
:102CD00000302A2B12D13B691A1D3A611B68FB6137
:102CE000FB69002B06DAFB695B42FB61BB6943F0C1
:102CF0000403BB613B6E01333B6628E00023FB61AC
:102D00000DE0FA6913469B0013445B001A4697F9DD
:102D100067301344303BFB613B6E01333B663B6ED7
:102D20001B7887F8673097F96730002B0FD097F939
:102D300067300133804A134493F90030DBB203F06B
:102D40000403002B03D0FB69B3F5FA7FD9DBFB69E1
:102D5000B3F5FA7F00F3F5813B6E93F900302E2B2B
:102D600003D04FF0FF333B6243E03B6E01333B66E1
:102D70003B6E93F900302A2B0DD13B691A1D3A6145
:102D80001B683B623B6AB3F5FA7F00F3DC813B6E64
:102D900001333B662DE000233B620DE03A6A1346A7
:102DA0009B0013445B001A4697F967301344303B8D
:102DB0003B623B6E01333B663B6E1B7887F86730A6
:102DC00097F96730002B0FD097F9673001335A4AD3
:102DD000134493F90030DBB203F00403002B03D05B
:102DE0003B6AB3F5FA7FD9DB3B6AB3F5FA7F00F3B0
:102DF000AC813B6E93F900303A2B02D000237B620A
:102E000048E03B6E01333B663B6E93F900302A2B62
:102E100014D13B691A1D3A611B687B647B6C002BE3
:102E200002DA00237B6205E07B6C242B00F38F81A8
:102E30007B6C7B623B6E01333B662BE000237B6245
:102E40000DE07A6A13469B0013445B001A4697F91B
:102E500067301344303B7B623B6E01333B663B6E15
:102E60001B7887F8673097F96730002B0ED097F9F9
:102E700067300133304A134493F90030DBB203F07A
:102E80000403002B02D07B6A232BDADD7B6A242B20
:102E900000F35F8110237B631023BB6300233B633C
:102EA0000023FB623B6E1B7887F8673097F9673029
:102EB0005B2B24D10023BB653B6E01333B663B6E2D
:102EC000FB6205E03B6E01333B66BB6D0133BB65C6
:102ED0003B6E1B7887F8673097F96730002B03D07B
:102EE00097F967305D2BEDD197F96730002B00F033
:102EF00032813B6E01333B66BB6D3B639CE097F9CF
:102F000067307B2B40F098803B6E01333B663B6E15
:102F100093F900302A2B08D13B691A1D3A611B68CE
:102F20007B653B6E01333B662DE000237B6513E040
:102F300028E5010030E50100441E02007A6D1346C9
:102F40009B0013445B001A4697F967301344303BEB
:102F50007B653B6E01333B663B6E1B7887F86730C1
:102F600097F96730002B0ED097F967300133844A08
:102F7000134493F90030DBB203F00403002B02D0BA
:102F80007B6D1F2BDAD97B6D202B00F2E6803B6E28
:102F900093F900302E2B40F0E2803B6E01333B660C
:102FA0003B6E93F900302A2B08D13B691A1D3A6118
:102FB0001B683B653B6E01333B6627E000233B65A6
:102FC0000DE03A6D13469B0013445B001A4697F9D7
:102FD00067301344303B3B653B6E01333B663B6ED1
:102FE0001B7887F8673097F96730002B0ED097F978
:102FF00067300133624A134493F90030DBB203F0C7
:103000000403002B02D03B6D1F2BDAD997F96730F0
:10301000002B00F0A6803B6E01333B663B6D202BFE
:1030200000F2A1807A6D3B6D13441F2B00F29D804E
:103030007B6D7B633B6DBB633B6E1B7887F86730B2
:1030400097F96730002B0ED097F9673019464D4835
:1030500009F0F4FE0346002B05D03B6E01333B66BE
:1030600097F9673000E0002387F8283097F9283077
:10307000002B17D03B6E1B7887F8673097F96730C5
:10308000002B0FD097F9283097F967209A4209D181
:1030900097F9283043F001035BB287F828303B6E84
:1030A00001333B663B6E1B7887F8673097F96730D2
:1030B000002B05D13B691A1D3A611B683B6631E064
:1030C00097F8673087F8433097F94330432B0FD197
:1030D0003B6E01333B663B6E1B7887F8673097F990
:1030E0006730002B43D097F8673087F8293002E02B
:1030F000002387F8293097F9432007F1100107F1E1
:10310000140007F108030093FB68FFF785FCF863E0
:10311000FB6B002B2DDB7A69FB6B13447B613B6EF1
:1031200001333B663B6E1B7887F8673097F9673051
:10313000002B7FF479AD7B691EE000BF1AE000BF71
:1031400018E000BF16E000BF14E000BF12E000BFAF
:1031500010E000BF0EE000BF0CE000BF0AE000BFBF
:1031600008E000BF06E000BF04E000BF02E000BFCF
:1031700000E000BF4FF0FF3318466837BD4680BD02
:10318000441E0200F8E4010080B584B000AFF8608E
:10319000B9607A603B60FB68BA681A60FB687A685D
:1031A0005A60FB6800221A72FB683A68DA60FB68B2
:1031B0001B6818460AF05EF90346DAB2FB681A7219
:1031C000FB6818461037BD4680BD000080B582B050
:1031D00000AF786039607B681B68184618F040FFC4
:1031E0003B68D3E9002318F0A5FF02460B461046C2
:1031F00019464FF00002054B19F0C6F802460B467F
:10320000104619460837BD4680BD00BF00005E412C
:1032100098B500AF584C594B594A5A492046FFF7C8
:10322000B3FF1034584B594A59492046FFF7ACFFB9
:103230001034584B584A59492046FFF7A5FF10341F
:10324000514B574A57492046FFF79EFF1034514BC8
:10325000554A56492046FFF797FF1034544B554ABC
:1032600055492046FFF790FF1034514B534A5449BB
:103270002046FFF789FF1034524B534A53492046EA
:10328000FFF782FF10344F4B514A52492046FFF757
:103290007BFF1034504B514A51492046FFF774FFD1
:1032A00010344D4B4F4A50492046FFF76DFF103404
:1032B0004E4B4F4A4F492046FFF766FF10344E4BA6
:1032C0004E4A4F492046FFF75FFF10344D4B4E4AA0
:1032D0004E492046FFF758FF10344D4B4D4A4E499A
:1032E0002046FFF751FF10344C4B4D4A4D492046C4
:1032F000FFF74AFF10344C4B4C4A4D492046FFF72C
:1033000043FF10344B4B4C4A4C492046FFF73CFFDF
:103310001034484B4A4A4B492046FFF735FF1034DA
:10332000494B4A4A4A492046FFF72EFF1034494B81
:10333000494A4A492046FFF727FF1034484B494A7B
:1033400049492046FFF720FF1034484B484A494975
:103350002046FFF719FF1034444B474A474920469F
:10336000FFF712FF04F11000454B464A4649FFF7AC
:103370000BFF00BF98BD00BF94080020A9370000D4
:10338000B8E50100F0E5010019380000F8E501009A
:103390000CE60100E138000018E6010034E6010007
:1033A00040E6010058E601005CE601007CE6010011
:1033B0007139000080E60100CCE60100D4E601008E
:1033C00024E70100213C000028E7010074E7010028
:1033D0007CE70100CCE70100D13F0000D0E701000D
:1033E00004E801000CE8010044E80100DD9F000052
:1033F0004417020034170200E5A2000088170200FB
:103400007817020029A70000C8170200B4170200AD
:103410009941000048E801007CE8010041420000B9
:1034200084E80100E0E8010011460000E8E801003E
:1034300034E90100514A00003CE9010058E901006B
:1034400060E901007CE90100514B000080E90100C6
:10345000D0E90100C14D0000E0E9010020EA0100CF
:10346000F14D000030EA010078EA0100954F0000BC
:1034700088EA0100C0EA0100D0EA01000CEB01007B
:103480004554000010EB010040EB010080B500AF97
:10349000FFF7BEFE80BD80B483B000AF78607B686C
:1034A00000221A7000225A7000229A700022DA70EC
:1034B00000221A7100225A7100229A710022DA71D8
:1034C0007B6818460C37BD4680BC704780B483B01B
:1034D00000AF78600B46FB707B68FA781A7100BF0A
:1034E0000C37BD4680BC704780B483B000AF7860B5
:1034F0007B681B7918460C37BD4680BC70470000BE
:1035000080B582B000AF78607B681B6819467B6825
:103510005A687B689B68034809F0E6F900BF0837E2
:10352000BD4680BD58EB010080B483B000AF786029
:103530007B6800221A7000225A7000229A700022C2
:10354000DA707B6818460C37BD4680BC70470000B7
:103550002DE9F041B6B01EAFF865FB6DD3F800C0A1
:10356000FB6D1B78C3F30003DBB29E46FB6D1B783B
:10357000C3F34003DBB29846FB6D1B78C3F38003B3
:10358000DBB2BB65FB6D1B78C3F3C003DBB27B65AD
:10359000FB6D1B78C3F30013DBB23B65FB6D1B783F
:1035A000C3F34013DBB2FB64FB6D1B78C3F38013E2
:1035B000DBB2BB64FB6D1B78C3F3C013DBB27B646F
:1035C000FB6D5B78C3F30003DBB23B64FB6D5B78A0
:1035D000C3F34003DBB2FB63FB6D5B78C3F3800393
:1035E000DBB2BB63FB6D5B78C3F3C003DBB27B6311
:1035F000FB6D5B78C3F30013DBB23B63FB6D5B7861
:10360000C3F34013DBB2FB62FB6D5B78C3F3801343
:10361000DBB2BB62FB6D5B78C3F3C013DBB27B62D2
:10362000FB6D9B78C3F30003DBB23B62FB6D9B78C1
:10363000C3F34003DBB2FB61FB6D9B78C3F38003F4
:10364000DBB2BB61FB6D9B78C3F3C003DBB27B6174
:10365000FB6D9B78C3F30013DBB23B61FB6D9B7882
:10366000C3F34013DBB2FB60FB6D9B78C3F38013A5
:10367000DBB2BB60FB6D9B78C3F3C013DBB27B6036
:10368000FB6DDB78C3F30003DBB23B60FB6DDB78E3
:10369000C3F34003DBB21E46FB6DDB78C3F380034C
:1036A000DBB21D46FB6DDB78C3F3C003DBB21C4607
:1036B000FB6DDB78C3F30013DBB21846FB6DDB78E0
:1036C000C3F34013DBB21946FB6DDB78C3F3801301
:1036D000DBB21A46FB6DDB78C3F3C013DBB21D937C
:1036E0001C921B911A901994189517963A68169285
:1036F0007A681592BA681492FA6813923A6912922B
:103700007A691192BA691092FA690F923A6A0E9226
:103710007A6A0D92BA6A0C92FA6A0B923A6B0A9222
:103720007A6B0992BA6B0892FA6B07923A6C06921E
:103730007A6C0592BA6C0492FA6C03923A6D02921A
:103740007A6D0192BB6D0093434672466146044810
:1037500008F0D6F900BF6037BD46BDE8F08100BF74
:10376000BCEB010080B582B000AF786039607B6847
:103770001B68184618F074FC3B68D3E9002318F066
:10378000D9FC02460B46104619464FF00002054B85
:1037900018F0FAFD02460B46104619460837BD469A
:1037A00080BD00BF00005E4180B586B002AFF8600A
:1037B000B9607A603B60134B1B68002B14BF012378
:1037C0000023DBB2002B0ED00E4B1B6819680D4B8B
:1037D0001B685B6801930C4B00939B230B4A0C48BE
:1037E00008F08EF905E0084B9B220849094808F0CB
:1037F00087F9B86809F03EFE03465BB218461037F9
:10380000BD4680BD4C00002038FA01000CEE0100DE
:1038100038EE01009CEE010080B586B000AFF86084
:10382000B9607A603B6000233B6107F110031A46E0
:103830002449B86809F04EF90346FB7597F917302B
:10384000002B20DC204808F05BF900233B6113E0EB
:103850001E4B1A683B6913441B78BB753B69BA7DE4
:1038600019461B4808F04CF9BB7D1946194808F069
:1038700047F93B6901333B613B69802BE8D9164826
:1038800008F03EF918E0114B1A683B6913441B78A5
:10389000BB750D4808F034F93B69BA7D19460C48F0
:1038A00008F02EF9BB7D19460A4808F029F9BB7DBE
:1038B00019460A4808F024F97B685BB218461837A5
:1038C000BD4680BDD8EE0100DCEE01004C000020BA
:1038D000F0EE010004EF01000CEF010010EF010019
:1038E00080B588B000AFF860B9607A603B600023B3
:1038F000BB6100237B6107F1140307F1180216492D
:10390000B86809F0E7F80346FB7797F91F30012BF9
:1039100009DC97F91F301A46B968104808F0F0F82A
:103920004FF0FF3313E07B69D9B20D4B1A68BB69C6
:1039300013440A461A707B6919460A4808F0E0F8F1
:10394000BB691946084808F0DBF87B685BB218468B
:103950002037BD4680BD00BF1CEF010024EF0100F1
:103960004C00002080EF0100A4EF010000000000E7
:103970002DE9F043ADB010AF78623962FA61BB61F6
:103980000023FB640023BB6400237B6400233B64AF
:103990009B4B1B68002B0CBF01230023DBB2002BC9
:1039A00005D0984808F0ACF8FB695BB21FE107F15D
:1039B000480107F14C0207F14003019307F144036A
:1039C00000930B469049386A09F084F8034687F85B
:1039D0006F3097F96F30032B1BDDFA6C884B1B6837
:1039E000DA62BA6C864B1B681A637A6C844B1B686C
:1039F0005A633A6C824B1B689A63F96CBA6C786CA8
:103A00003B6C00930346814808F07AF8FB695BB28F
:103A1000EDE097F96F30002B1BDDFA6C784B1B68DB
:103A2000DA62FA6C764B1B681A63FA6C744B1B688B
:103A30005A63FA6C724B1B689A63F96CFA6CF86CF7
:103A4000FB6C00930346714808F05AF8FB695BB2BF
:103A5000CDE06B4B1B68DB6AFB64694B1B681B6B1F
:103A6000BB64674B1B685B6B7B64654B1B689B6B24
:103A70003B64F96CBA6C786C3B6C00930346644809
:103A800008F03EF807F138031846FFF704FD07F188
:103A900030031846FFF7FFFC07F128031846FFF72D
:103AA000FAFC574B1A6807F138033C32106851682A
:103AB00003C3534B1A6807F130034432106851684E
:103AC00003C34F4B1A6807F128034C321068516842
:103AD00003C3BB6B43F317031A46FB8F92FBF3F34D
:103AE000184618F0BDFA44A3D3E9002318F022FBCE
:103AF00002460B46104619464FF00002454B18F09F
:103B000043FC02460B46C7E918233B6B43F31703FC
:103B10001A46FB8E92FBF3F3184618F0A1FA36A36F
:103B2000D3E9002318F006FB02460B46104619465F
:103B30004FF00002374B18F027FC02460B46C7E94E
:103B40001623BB6A43F317031A46FB8D92FBF3F36C
:103B5000184618F085FA28A3D3E9002318F0EAFAEA
:103B600002460B46104619464FF00002294B18F04A
:103B70000BFC02460B46C7E91423D7E90E89D7E9A7
:103B80000C01D7E90A45BB6B43F317031E46FB8FB5
:103B90007B613B6B43F317033B61FB8EFB60BB6AAE
:103BA00043F31703BB60FB8D7B60D7E91423CDE99A
:103BB0000E23D7E91623CDE90C23D7E91823CDE945
:103BC0000A237A680992BA680892FA6807923A69F1
:103BD00006927B6905930496CDE90245CDE9000183
:103BE00042464B460C4807F08BFFFB695BB2184618
:103BF0007437BD46BDE8F083FCA9F1D24D62104098
:103C00004C000020B0EF0100FCEF01000CF00100BF
:103C100034F001000000604164F001000000000089
:103C20002DE9F043A1B00EAFF860B9607A603B6057
:103C30004FF000024FF00003C7E90A234FF00002E3
:103C40004FF00003C7E908234FF000024FF00003D4
:103C5000C7E906234FF000024FF00003C7E9042331
:103C600000237B6400233B640023FB630023BB63CE
:103C7000874B1B68002B0CBF01230023DBB2002BFA
:103C800005D0844807F03CFF7B685BB28DE107F10B
:103C9000200107F1280207F11003019307F118032F
:103CA00000930B467C49B86808F014FF034687F878
:103CB0003730D7E90A014FF06042784B18F03AFAF2
:103CC00002460B46104619464FF00002744B18F09E
:103CD00031FA02460B46104619466BA3D3E900237E
:103CE00018F052FB02460B461046194618F0FAFC33
:103CF00003467B64D7E908014FF06042674B18F038
:103D000019FA02460B46104619464FF00002644B62
:103D100018F010FA02460B46104619465AA3D3E98A
:103D2000002318F031FB02460B461046194618F0E6
:103D3000D9FC03463B64D7E906014FF06042574B7C
:103D400018F0F8F902460B46104619464FF00002EB
:103D5000534B18F0EFF902460B46104619464AA39A
:103D6000D3E9002318F010FB02460B461046194613
:103D700018F0B8FC0346FB63D7E904014FF060423A
:103D8000464B18F0D7F902460B46104619464FF03D
:103D90000002434B18F0CEF902460B461046194676
:103DA00039A3D3E9002318F0EFFA02460B46104678
:103DB000194618F097FC0346BB6397F93730032B7D
:103DC0002DDD7A6C324B1B68DA623A6C304B1B6823
:103DD0001A63FA6B2E4B1B685A63BA6B2C4B1B6829
:103DE0009A63D7E90A89D7E90823D7E90601D7E911
:103DF0000445BE6B0C96CDE90A45FC6B0894CDE9F1
:103E00000601396C0491CDE902237B6C0093424694
:103E10004B46244807F074FE7B685BB2C5E097F917
:103E20003730002B40DD7A6C194B1B68DA627A6CF4
:103E3000174B1B681A637A6C154B1B685A637A6CB4
:103E4000134B1B689A63D7E90A89D7E90823D7E996
:103E50000601D7E90445BE6B0C96CDE90A45FC6B1B
:103E60000894CDE90601396C0491CDE902237B6CFD
:103E7000009342464B460B4807F042FE7B685BB21C
:103E800093E000BFAFF30080FCA9F1D24D62104077
:103E90004C000020D4F0010020F10100FFFF6F4131
:103EA00000004E4030F10100454B1B68DB6A7B642B
:103EB000434B1B681B6B3B64414B1B685B6BFB6399
:103EC0003F4B1B689B6BBB63786C18F0B9F83AA347
:103ED000D3E9002318F02EF902460B461046194686
:103EE0004FF06242374B18F04FFA02460B46C7E9D3
:103EF0000A23386C18F0A4F82FA3D3E9002318F094
:103F000019F902460B46104619464FF062422D4BF6
:103F100018F03AFA02460B46C7E90823F86B18F086
:103F20008FF825A3D3E9002318F004F902460B46C5
:103F3000104619464FF06242224B18F025FA02460D
:103F40000B46C7E90623B86B18F07AF81AA3D3E931
:103F5000002318F0EFF802460B46104619464FF0C2
:103F60006242184B18F010FA02460B46C7E90423C8
:103F7000D7E90A89D7E90823D7E90601D7E9044533
:103F8000BE6B0C96CDE90A45FC6B0894CDE90601A1
:103F9000396C0491CDE902237B6C009342464B4679
:103FA000094807F0ADFD7B685BB218464C37BD464B
:103FB000BDE8F083AFF30080FCA9F1D24D62104060
:103FC0004C000020FFFFCD417CF10100000000000B
:103FD000B0B59EB00AAFF860B9607A603B606A4BDA
:103FE0001B68002B0CBF01230023DBB2002B05D084
:103FF000664807F085FD7B685BB2BCE007F12803EB
:104000001846FFF748FA07F120031846FFF743FA6E
:1040100007F118031846FFF73EFA07F11003184698
:10402000FFF739FA584B1A6807F128033C32106839
:10403000516803C3544B1A6807F1200344321068D7
:10404000516803C3504B1A6807F118034C321068CB
:10405000516803C34C4B1A6807F1100354321068BF
:10406000516803C3BB6A43F31703184617F0F8FF00
:1040700043A3D3E9002318F05DF802460B4610462F
:1040800019464FF00002424B18F07EF902460B46EB
:10409000C7E912233B6A43F31703184617F0E0FF02
:1040A00037A3D3E9002318F045F802460B46104623
:1040B00019464FF00002364B18F066F902460B46DF
:1040C000C7E91023BB6943F31703184617F0C8FF6D
:1040D0002BA3D3E9002318F02DF802460B46104617
:1040E00019464FF000022A4B18F04EF902460B46D3
:1040F000C7E90E233B6943F31703184617F0B0FFD7
:104100001FA3D3E9002318F015F802460B4610460A
:1041100019464FF000021E4B18F036F902460B46C6
:10412000C7E90C23BB6A43F3170318463B6A43F302
:1041300017031C46BB6943F317031D463B6943F352
:1041400017031946D7E90C23CDE90823D7E90E2335
:10415000CDE90623D7E91023CDE90423D7E91223BB
:10416000CDE9022300912B4622460146094807F07B
:10417000C7FC7B685BB218465037BD46B0BD00BF78
:10418000FCA9F1D24D6210404C000020D0F101009A
:10419000000060411CF2010080B58AB000AFF860F9
:1041A000B9607A603B6000237B6200233B627B6ADC
:1041B00001337B627B6ADBB2402B21D90023FB6198
:1041C0000123BB61194B1B686C3300221A707B6A98
:1041D000DAB2164B1B689A66144B1B689B6E7B61A8
:1041E000124B1B686C3301221A707B6ADBB27A694E
:1041F00092B219460E4807F083FCC820FCF71CFC5D
:104200007B6AB3F57A7FD2D90A4B1B685B68184684
:1042100008F090F9396A084807F072FC00BF7B6823
:104220005BB218462837BD4680BD00BF4C00002059
:1042300074F20100940000208CF2010000000000E4
:1042400080B5A2B002AFF860B9607A603B6000232D
:10425000FB670023BB6700237B6700233B670023CA
:10426000FB660023BB664FF00002BB4BC7E9062389
:104270004FF00002B84BC7E9042307F1100307F120
:104280001802B649B86808F025FCD7E906014FF0D6
:1042900000024FF0000318F0BFF90346002B05D0D1
:1042A0004FF000024FF00003C7E90623D7E90601EB
:1042B0004FF00002A84B18F0CDF90346002B04D0B4
:1042C0004FF00002A44BC7E90623D7E904019AA3E3
:1042D000D3E9002318F0A0F90346002B04D096A3DD
:1042E000D3E90023C7E90423D7E9040194A3D3E960
:1042F000002318F0AFF90346002B04D090A3D3E9B4
:104300000023C7E90423D7E90601D7E90423CDE94F
:10431000002302460B46924807F0F2FBFB6F013385
:10432000FB67BA6F8F4B1B68DA627A6F8D4B1B6825
:104330001A633A6F8B4B1B685A63FA6E894B1B6882
:104340009A63884B1B68DB6A7B66864B1B681B6B1A
:104350003B66844B1B685B6BFB65824B1B689B6BEE
:10436000BB65BB6D0093FB6D3A6E796E7E4807F0BE
:10437000C7FBF96F7D4BA3FB01235A0913461B01B1
:104380009B1A9B00CA1A104617F05AFE4FF0000203
:10439000774B17F0CFFE02460B46C7E914234FF0C8
:1043A0000002744BD7E9140117F0EEFF02460B46EA
:1043B0001046194664A3D3E9002317F0BBFE02465A
:1043C0000B46C7E912234FF000026B4BD7E91401EB
:1043D00017F0FAFC02460B46104619464FF0000251
:1043E000644B17F0D1FF02460B461046194656A300
:1043F000D3E9002317F09EFE02460B46C7E91023BF
:104400004FF000025D4BD7E9140117F0DDFC0246C6
:104410000B46104619464FF00002564B17F0B4FFFA
:1044200002460B461046194647A3D3E9002317F06E
:1044300081FE02460B46C7E90E23D7E9120118F0A8
:10444000FBFB4FF00002444B17F0BEFC02460B464C
:10445000104619464FF000024FF0804317F094FFCA
:1044600002460B4610461946D7E9062317F062FEAE
:1044700002460B46C7E90C23D7E9100118F0DCFB14
:104480004FF00002344B17F09FFC02460B461046DB
:1044900019464FF000024FF0804317F075FF0246B7
:1044A0000B4610461946D7E9062317F043FE02468D
:1044B0000B46C7E90A23D7E90E0118F0BDFB4FF000
:1044C0000002254B17F080FC02460B4610461946A9
:1044D0004FF000024FF0804317F056FF02460B46A4
:1044E00010461946D7E9062317F024FE02460B466C
:1044F000C7E9082316A3D3E90023D7E90C0117F075
:1045000019FE02460B461046194618F0EBF8034612
:10451000BB670FA3D3E90023D7E90A0117F00AFE0E
:1045200002460B461046194618F0DCF803467B6736
:1045300026E000BFAFF30080FCA9F1D24D62503FEE
:10454000000000000088C3401F85EB51B81E1940D1
:1045500000000000E0FFEF400000F03FACF201007F
:10456000B4F201004C000020DCF201008988888848
:10457000000018400080764000005E4000006E4061
:104580001FA3D3E90023D7E9080117F0D3FD0246A2
:104590000B461046194618F0A5F803463B6718A3CA
:1045A000D3E90023D7E9080117F0C4FD02460B4602
:1045B0001046194618F096F80346FB66FB6FB3F5F4
:1045C0007A7F04D9B96E104807F09AFA11E0D7E95A
:1045D00004014FF000020D4B17F0ACFD02460B46F4
:1045E0001046194618F07EF803461846FCF724FAE0
:1045F00094E67B685BB218468037BD4680BD00BF3D
:1046000000000000E0FFEF40F0F2010000408F40AA
:104610002DE9F04FBBB016AFF862B9627A623B6227
:104620000023C7F88C300023C7F888300023C7F870
:1046300084300023C7F88030074B1B68002B0CBF69
:1046400001230023DBB2002B0AD0044807F058FAFC
:104650007B6A5BB2F4E100BF4C00002014F3010060
:104660004FF000024FF00003C7E916234FF000029D
:104670004FF00003C7E9142307F1500307F1580274
:10468000C549B86A08F026FAD7E916014FF00002CA
:104690004FF0000317F0C0FF0346002B05D04FF08A
:1046A00000024FF00003C7E91623D7E916014FF0C7
:1046B0000002BA4B17F0CEFF0346002B04D04FF098
:1046C0000002B64BC7E91623D7E914014FF00002E8
:1046D0004FF0000317F0A0FF0346002B05D04FF06A
:1046E00000024FF00003C7E91423D7E914014FF08B
:1046F0000002AA4B17F0AEFF0346002B04D04FF088
:104700000002A64BC7E91423D7E916014FF0604217
:10471000A34B17F00FFD02460B461046194617F043
:10472000E1FF0346C7F88C30D7E914014FF060422F
:104730009B4B17F0FFFC02460B461046194617F03C
:10474000D1FF0346C7F88430D7F88C20954B1B68FF
:10475000DA62944B1B684FF0FF3283F830204FF041
:10476000FF3283F83120002262F0300283F83220D9
:10477000002283F83320D7F884208A4B1B685A63C1
:10478000884B1B684FF0FF3283F838204FF0FF3220
:1047900083F83920002262F0300283F83A200022A8
:1047A00083F83B20804B0093D7F884307E4AD7F8BB
:1047B0008C107E4807F0A4F97A4B1B68DB6AC7F8B7
:1047C0008C30784B1B681B6BC7F88830754B1B68A7
:1047D0005B6BC7F88430734B1B689B6BC7F88030EA
:1047E000D7E916014FF00002714B17F0A3FC024607
:1047F0000B4614461D46D7E914014FF000026C4BDE
:1048000017F098FC02460B46CDE90423CDE902459A
:10481000D7F880300093D7F88430D7F88820D7F8BD
:104820008C10644807F06CF907F148031846FEF74E
:1048300032FE07F140031846FEF72DFE07F138035C
:104840001846FEF728FE07F130031846FEF723FE50
:10485000544B1A6807F148033C321068516803C38F
:10486000504B1A6807F1400344321068516803C383
:104870004C4B1A6807F138034C321068516803C377
:10488000484B1A6807F1300354321068516803C36B
:10489000BB6C43F317031A46B7F84E3092FBF3F3A1
:1048A000184617F0DDFB3AA3D3E9002317F042FCCA
:1048B00002460B46104619464FF000023E4B17F0D9
:1048C00063FD02460B46C7E91E233B6C43F3170307
:1048D0001A46B7F8463092FBF3F3184617F0C0FBC0
:1048E0002BA3D3E9002317F025FC02460B46104604
:1048F00019464FF00002304B17F046FD02460B46BA
:10490000C7E91C23BB6B43F317031A46FB8F92FBCB
:10491000F3F3184617F0A4FB1DA3D3E9002317F007
:1049200009FC02460B46104619464FF00002224B86
:1049300017F02AFD02460B46C7E91A233B6B43F3E7
:1049400017031A46FB8E92FBF3F3184617F088FB09
:104950000FA3D3E9002317F0EDFB02460B461046E8
:1049600019464FF00002144B17F00EFD02460B469D
:10497000C7E91823D7E912ABD7E91001D7E90E45EB
:10498000D7E90C89BB6C43F31703FB6116E000BF4A
:10499000FCA9F1D24D621040ACF201000000F03FE2
:1049A000FFFF69414C000020FFFFCF005CF30100D6
:1049B0000000594084F3010000006041B7F84E3018
:1049C000BB613B6C43F317037B61B7F846303B6137
:1049D000BB6B43F31703FB60FB8FBB603B6B43F385
:1049E00017037B60FB8E1E46D7E91823CDE91423FD
:1049F000D7E91A23CDE91223D7E91C23CDE91023E7
:104A0000D7E91E23CDE90E230D967A680C92BA6879
:104A10000B92FA680A923A6909927A690892BA691D
:104A20000792FB690693CDE90489CDE90245CDE9FA
:104A3000000152465B46054807F062F87B6A5BB2AC
:104A400018469437BD46BDE8F08F00BFC0F30100A3
:104A500080B58EB000AFF860B9607A603B6007F156
:104A6000200310220021184608F098F92F4BBB6252
:104A70004FF000024FF00003C7E9082300237B63D7
:104A800090228C212A4807F03BF8BB6801330422AE
:104A90002849184608F03AFA0346002B1AD1264B4B
:104AA0001B68002242F0550283F88C20002283F814
:104AB0008D20002283F88E20002283F88F201F4B48
:104AC0001B685B68184607F035FD796B1C4807F0DA
:104AD00017F800BF00237B619B23BB610023FB61B0
:104AE000154B1B68002B14BF01230023DBB2002BE6
:104AF00007D0114B1B681B687B610F4B1B685B6801
:104B0000FB610C210F4806F0FBFF07F11403184668
:104B1000FEF7F6FC0C4806F0F3FF0C4806F0F0FF39
:104B20007B685BB218463837BD4680BD40420F00F7
:104B300050F4010068F401004C00002094000020B3
:104B4000F0F2010070F401009CF40100A0F40100F7
:104B500080B59AB002AFF860B9607A603B6000231C
:104B6000FB610023BB6100237B6100233B618A4B17
:104B70001B68002B0CBF01230023DBB2002B05D0E8
:104B8000864806F0BDFF7B685BB2FCE007F11801C8
:104B900007F11C0207F11003019307F114030093BE
:104BA0000B467F49B86807F095FF034687F85F30EA
:104BB00097F95F30032B21DDFB69DAB2764B1B6876
:104BC00083F87020BB69DAB2734B1B6883F87120DD
:104BD0007B69DAB2704B1B6883F872203B69DAB2EA
:104BE0006D4B1B6883F87320F969BA6978693B6972
:104BF000009303466B4806F083FF24E097F95F308B
:104C0000002B20DDFB69DAB2634B1B6883F8702050
:104C1000FB69DAB2604B1B6883F87120FB69DAB27A
:104C20005D4B1B6883F87220FB69DAB25A4B1B6834
:104C300083F87320F969FA69F869FB690093034600
:104C4000584806F05DFF544B1B6893F87030FB61C9
:104C5000514B1B6893F87130BB614F4B1B6893F845
:104C600072307B614C4B1B6893F873303B61F96980
:104C7000BA6978693B69009303464B4806F040FFE8
:104C800043A3D3E90023C7E91423FB690133FB6481
:104C9000BB690133BB647B6901337B643B690133CE
:104CA0003B64F86C17F0CCF902460B46D7E91401C7
:104CB00017F06AFB02460B46104619464FF00002F9
:104CC0003A4B17F061FB02460B46C7E90E23B86C5E
:104CD00017F0B6F902460B46D7E9140117F054FB5A
:104CE00002460B46104619464FF000022F4B17F0B4
:104CF0004BFB02460B46C7E90C23786C17F0A0F972
:104D000002460B46D7E9140117F03EFB02460B465C
:104D1000104619464FF00002244B17F035FB0246AF
:104D20000B46C7E90A23386C17F08AF902460B468E
:104D3000D7E9140117F028FB02460B461046194626
:104D40004FF00002194B17F01FFB02460B46C7E954
:104D50000823D7E90E23F96C154806F0D1FED7E9F0
:104D60000C23B96C134806F0CBFED7E90A23796C03
:104D7000114806F0C5FED7E90823396C0F4806F044
:104D8000BFFE7B685BB218466037BD4680BD00BF82
:104D900000000000965198414C000020BCF4010036
:104DA0000CF501001CF5010050F501000000304039
:104DB00088F50100D4F5010020F6010070F601002D
:104DC00080B584B000AFF860B9607A603B60064897
:104DD00006F096FE054806F093FE7B685BB2184627
:104DE0001037BD4680BD00BFC0F601000CEF0100CA
:104DF00080B58CB002AFF860B9607A603B60002388
:104E00003B62002387F8273007F1180107F12002E1
:104E100007F1170300930B465249B86807F05AFE92
:104E2000034687F8263097F92630032B57DD97F98C
:104E30001730592B0FD097F91730792B0BD097F9E2
:104E40001730542B07D097F91730742B03D097F9EC
:104E50001730312B02D1012387F82730396A97F8B0
:104E60002730002B01D0592300E04E231A463E483C
:104E700006F046FE3B6A032B26D801A252F823F027
:104E8000914E00009F4E0000AD4E0000BB4E000052
:104E900097F8273019463548FEF718FB19E097F8C0
:104EA000273019463248FEF711FB12E097F82730F9
:104EB00019463048FEF70AFB0BE097F827301946F1
:104EC0002D48FEF703FB04E03B6A19462B4806F029
:104ED00017FEB86808F0CEFA03465BB23EE097F9D9
:104EE00026301946264806F00BFE2048FEF7FCFA4D
:104EF0000346002B01D0592300E04E2319462148D8
:104F000006F0FEFD1A48FEF7EFFA0346002B01D02B
:104F1000592300E04E2319461B4806F0F1FD1548C1
:104F2000FEF7E2FA0346002B01D0592300E04E239E
:104F30001946164806F0E4FD0F48FEF7D5FA034679
:104F4000002B01D0592300E04E231946104806F0EB
:104F5000D7FDB86808F08EFA03465BB218462837CA
:104F6000BD4680BDE8F60100F8F60100801A002079
:104F70009C1A0020B81A0020D41A00202CF7010037
:104F800064F70100B4F70100E4F7010014F8010030
:104F900044F8010080B59AB00CAFF860B9607A604F
:104FA0003B6007F124031846FEF7BEFA002387F89A
:104FB0003730002387F83630002387F83530002358
:104FC00087F83430002387F83330002387F83230F5
:104FD000002387F83130002387F83030002387F82A
:104FE0002F30002387F82E30002387F82D30002340
:104FF00087F82C30002387F82B30002387F82A30DD
:10500000074B1B68002B0CBF01230023DBB2002BD6
:105010000AD0044806F074FD7B685BB20AE200BF68
:105020004C00002074F8010007F1220107F123026F
:1050300007F116030B9307F117030A9307F11803FF
:10504000099307F11903089307F11A03079307F16E
:105050001B03069307F11C03059307F11D0304933B
:1050600007F11E03039307F11F03029307F12003C7
:10507000019307F1210300930B46A649B86807F096
:1050800029FD034687F8293097F92930002B40F392
:10509000BD8197F92330592B0FD097F92330792B05
:1050A0000BD097F92330542B07D097F92330742B6A
:1050B00003D097F92330312B02D1012387F8373001
:1050C00097F92230592B0FD097F92230792B0BD03A
:1050D00097F92230542B07D097F92230742B03D044
:1050E00097F92230312B02D1012387F8363097F916
:1050F0002130592B0FD097F92130792B0BD097F90C
:105100002130542B07D097F92130742B03D097F915
:105110002130312B02D1012387F8353097F9203027
:10512000592B0FD097F92030792B0BD097F92030DD
:10513000542B07D097F92030742B03D097F92030E7
:10514000312B02D1012387F8343097F91F30592BC6
:105150000FD097F91F30792B0BD097F91F30542BB4
:1051600007D097F91F30742B03D097F91F30312BDC
:1051700002D1012387F8333097F91E30592B0FD015
:1051800097F91E30792B0BD097F91E30542B07D08E
:1051900097F91E30742B03D097F91E30312B02D1B2
:1051A000012387F8323097F91D30592B0FD097F92A
:1051B0001D30792B0BD097F91D30542B07D097F960
:1051C0001D30742B03D097F91D30312B02D10123F0
:1051D00087F8313097F91C30592B0FD097F91C30D4
:1051E000792B0BD097F91C30542B07D097F91C3032
:1051F000742B03D097F91C30312B02D1012387F88F
:10520000303097F91B30592B0FD097F91B30792B81
:105210000BD097F91B30542B07D097F91B30742B08
:1052200003D097F91B30312B02D1012387F82F309F
:1052300097F91A30592B0FD097F91A30792B0BD0D8
:1052400097F91A30542B07D097F91A30742B03D0E2
:1052500097F91A30312B02D1012387F82E3097F9B4
:105260001930592B0FD097F91930792B0BD097F9AA
:105270001930542B07D097F91930742B03D097F9B4
:105280001930312B02D1012387F82D3097F91830CE
:10529000592B0FD097F91830792B0BD097F918307C
:1052A000542B07D097F91830742B03D097F9183086
:1052B000312B02D1012387F82C3097F91730592B65
:1052C0000FD097F91730792B0BD097F91730542B53
:1052D00007D097F91730742B03D097F91730312B7B
:1052E00002D1012387F82B3097F91630592B13D0B0
:1052F00097F91630792B0FD097F91630542B0BD025
:1053000097F91630742B07D097F91630312B06D148
:1053100002E000BFB0F80100012387F82A3097F8B7
:10532000253097F8372062F3451387F8253097F832
:10533000253097F8362062F3861387F8253097F8E2
:10534000263097F8352062F3000387F8263097F867
:10535000263097F8342062F3410387F8263097F817
:10536000263097F8332062F3820387F8263097F8C7
:10537000263097F8322062F3C30387F8263097F877
:10538000263097F8312062F3041387F8263097F817
:10539000263097F8302062F3861387F8263097F886
:1053A000273097F82F2062F3000387F8273097F80B
:1053B000273097F82E2062F3410387F8273097F8BB
:1053C000273097F82D2062F3820387F8273097F86B
:1053D000273097F82C2062F3C30387F8273097F81B
:1053E000273097F82B2062F3041387F8273097F8BB
:1053F000273097F82A2062F3451387F827300F4BA0
:105400001B68203307F12402106818600B4B1A68E0
:1054100007F12403203210681860094806F070FB79
:1054200007F124031846FEF793F8B86808F022F84D
:1054300003465BB218463837BD4680BD4C0000209D
:10544000ECF8010080B588B000AFF860B9607A6010
:105450003B6007F118031846FEF766F8354B1B68EA
:10546000002B0CBF01230023DBB2002B05D03248F8
:1054700006F046FB7B685BB257E00023FB7707F141
:1054800017031A462D49B86807F024FB0346BB777B
:1054900097F91E30002B34DD97F91730592B0FD0B8
:1054A00097F91730792B0BD097F91730542B07D079
:1054B00097F91730742B03D097F91730312B01D19E
:1054C0000123FB771B4B1A6807F118032032106881
:1054D0001860FB7EFA7F62F3C303FB76154B1B68F3
:1054E000203307F1180210681860FB7F002B01D0F1
:1054F000312300E0302397F917201946104806F0B1
:10550000FFFA0C4B1A6807F1180320321068186074
:10551000FB7EC3F3C003DBB219460A4806F0F0FA7B
:10552000B86807F0A7FF03465BB218462037BD46B0
:1055300080BD00BF4C00002018F9010048F90100AF
:105540004CF9010068F9010080B485B000AFF86043
:10555000B9607A603B60FB68BA681A60FB687A6879
:105560005A60FB683A689A60FB6818461437BD4673
:1055700080BC704798B500AF1C4C1D4B1D4A41F2D2
:1055800001012046FFF7E0FF0C34194B1A4A0121B4
:105590002046FFF7D9FF0C34184B194A42F202019A
:1055A0002046FFF7D1FF0C34164B174A42F2030195
:1055B0002046FFF7C9FF0C34144B154A42F2040190
:1055C0002046FFF7C1FF0C34124B134A42F205018B
:1055D0002046FFF7B9FF04F10C00104B104A42F2CD
:1055E0000601FFF7B1FF00BF98BD00BF241A0020DD
:1055F000715C0000A0FA0100B8FA0100ED5C000047
:10560000DCFA01008D5D0000F4FA0100295E000063
:105610000CFB0100915F000030FB010051620000B3
:1056200054FB010080B500AFFFF7A4FF80BD000070
:1056300080B582B000AF786039607B681B6818461F
:1056400016F00EFD3B68D3E9002316F073FD024609
:105650000B46104619464FF00002054B16F094FE1B
:1056600002460B46104619460837BD4680BD00BFAE
:1056700000005E410000000080B584B000AF78609B
:10568000396011A3D3E90023C7E9022307F1080316
:1056900019463868FFF7CCFF7B68D3E9002316F082
:1056A00049FD02460B46104619467B68D3E90223A2
:1056B00016F08AFB02460B46104619461037BD46C7
:1056C00080BD00BFAFF30080C3F5285C8FC21340DC
:1056D00080B582B000AF78607B6804331946054816
:1056E000FFF7CAFF02460B46104619460837BD466B
:1056F00080BD00BFB05D002080B582B000AF786093
:105700007B68083319460548FFF7B6FF02460B468B
:10571000104619460837BD4680BD00BFC05D002059
:1057200080B582B000AF78607B680C3319460548BD
:10573000FFF7A2FF02460B46104619460837BD4642
:1057400080BD00BFD05D002080B582B000AF786022
:105750007B68103319460548FFF78EFF02460B465B
:10576000104619460837BD4680BD00BFE05D0020E9
:1057700080B582B000AF78607B6814331946054865
:10578000FFF77AFF02460B46104619460837BD461A
:1057900080BD00BFF05D002080B582B000AF7860B2
:1057A0007B68183319460548FFF766FF02460B462B
:1057B000104619460837BD4680BD00BF005E002078
:1057C00080B582B000AF78607B681C33194605480D
:1057D000FFF752FF02460B46104619460837BD46F2
:1057E00080BD00BF105E002080B582B000AF786041
:1057F0007B68203319460548FFF73EFF02460B46FB
:10580000104619460837BD4680BD00BF205E002007
:1058100080B582B000AF78607B68243319460548B4
:10582000FFF72AFF02460B46104619460837BD46C9
:1058300080BD00BF305E002080B582B000AF7860D0
:105840007B68283319460548FFF716FF02460B46CA
:10585000104619460837BD4680BD00BF405E002097
:1058600080B582B000AF78607B682C33194605485C
:10587000FFF702FF02460B46104619460837BD46A1
:1058800080BD00BF505E002080B582B000AF786060
:105890007B68303319460548FFF7EEFE02460B469B
:1058A000104619460837BD4680BD00BF605E002027
:1058B00080B582B000AF78607B6834331946054804
:1058C000FFF7DAFE02460B46104619460837BD467A
:1058D00080BD00BF705E002080B582B000AF7860F0
:1058E0007B68383319460548FFF7C6FE02460B466B
:1058F000104619460837BD4680BD00BF805E0020B7
:1059000080B582B000AF78607B683C3319460548AB
:10591000FFF7B2FE02460B46104619460837BD4651
:1059200080BD00BF905E002080B582B000AF78607F
:105930007B68403319460548FFF79EFE02460B463A
:10594000104619460837BD4680BD00BFA05E002046
:1059500080B582B000AF78607B6844331946054853
:10596000FFF78AFE02460B46104619460837BD4629
:1059700080BD00BFB05E002080B582B000AF78600F
:105980007B68483319460548FFF776FE02460B460A
:10599000104619460837BD4680BD00BFC05E0020D6
:1059A00080B582B000AF78607B684C3319460548FB
:1059B000FFF762FE02460B46104619460837BD4601
:1059C00080BD00BFD05E002080B582B000AF78609F
:1059D0007B68503319460548FFF74EFE02460B46DA
:1059E000104619460837BD4680BD00BFE05E002066
:1059F00080B582B000AF78607B68543319460548A3
:105A0000FFF73AFE02460B46104619460837BD46D8
:105A100080BD00BFF05E002080B582B000AF78602E
:105A20007B68583319460548FFF726FE02460B46A9
:105A3000104619460837BD4680BD00BF005F0020F4
:105A400080B582B000AF78607B685C33194605484A
:105A5000FFF712FE02460B46104619460837BD46B0
:105A600080BD00BF105F002080B582B000AF7860BD
:105A70007B68603319460548FFF7FEFD02460B467A
:105A8000104619460837BD4680BD00BF205F002084
:105A900080B582B000AF78607B68643319460548F2
:105AA000FFF7EAFD02460B46104619460837BD4689
:105AB00080BD00BF305F002080B582B000AF78604D
:105AC0007B68683319460548FFF7D6FD02460B464A
:105AD000104619460837BD4680BD00BF405F002014
:105AE00080B582B000AF78607B686C33194605489A
:105AF000FFF7C2FD02460B46104619460837BD4661
:105B000080BD00BF505F002080B582B000AF7860DC
:105B10007B68703319460548FFF7AEFD02460B4619
:105B2000104619460837BD4680BD00BF605F0020A3
:105B300080B582B000AF78607B6874331946054841
:105B4000FFF79AFD02460B46104619460837BD4638
:105B500080BD00BF705F002080B582B000AF78606C
:105B60007B68783319460548FFF786FD02460B46E9
:105B7000104619460837BD4680BD00BF805F002033
:105B800080B582B000AF78607B687C3319460548E9
:105B9000FFF772FD02460B46104619460837BD4610
:105BA00080BD00BF905F002080B582B000AF7860FC
:105BB0007B68803319460548FFF75EFD02460B46B9
:105BC000104619460837BD4680BD00BFA05F0020C3
:105BD00080B582B000AF78607B6884331946054891
:105BE000FFF74AFD02460B46104619460837BD46E8
:105BF00080BD00BFB05F002080B582B000AF78608C
:105C00007B68883319460548FFF736FD02460B4688
:105C1000104619460837BD4680BD00BFC05F002052
:105C200080B582B000AF78607B688C331946054838
:105C3000FFF722FD02460B46104619460837BD46BF
:105C400080BD00BFD05F002080B582B000AF78601B
:105C50007B68903319460548FFF70EFD02460B4658
:105C6000104619460837BD4680BD00BFE05F0020E2
:105C700080B58AB002AFF860B9607A603B600023FB
:105C80007B619B23BB610023FB61164B1B68002BD0
:105C900014BF01230023DBB2002B07D0114B1B687C
:105CA0001B687B610F4B1B685B68FB610C210E4816
:105CB00006F01AFE07F114031846FDF721FC0A202E
:105CC00006F0A6FE07F114030C220092002241F216
:105CD0000101386805F080FE7B685BB2184620370A
:105CE000BD4680BD4C000020DCFB010080B58AB0C1
:105CF00002AFF860B9607A603B607B680B2B1DD9FE
:105D0000BB68FB61FB691968FB6904331A68FB69AE
:105D100008331B681A4806F0E7FDFB691A68194B3F
:105D20001B68DA62FB6904331A68164B1B681A6336
:105D3000FB6908331A68134B1B685A63114B1B68C5
:105D4000DB6A3B610F4B1B681B6B7B610D4B1B6858
:105D50005B6BBB6139697A69BB690B4806F0C4FDAE
:105D600007F110030C220092002242F2020138686F
:105D700005F032FE7B685BB218462037BD4680BD19
:105D800014FC01004C00002050FC0100B0B58CB0A8
:105D900002AFF860B9607A603B6007F1100302243B
:105DA0001D4604E02846FDF776FB013C0835002C33
:105DB000F8DA1B4B1A6807F110033C32106851687F
:105DC00003C3174B1A6807F118034432106851686F
:105DD00003C3134B1A6807F120034C321068516853
:105DE00003C33B6943F317031946BB6943F3170326
:105DF0001A463B6A43F317030A4806F075FD07F19C
:105E0000100318220092002242F20301386805F0C4
:105E1000E3FD7B685BB218462837BD46B0BD00BFC6
:105E20004C0000208CFC0100B0B594B004AFF860C9
:105E3000B9607A603B607968514806F055FD07F11A
:105E400020031846FDF727FB07F118031846FDF756
:105E500022FB07F110031846FDF71DFB494B1A689A
:105E600007F120033C321068516803C3454B1A68A0
:105E700007F1180344321068516803C3414B1A6894
:105E800007F110034C321068516803C33B6A43F3B7
:105E900017031A46FB8C92FBF3F3184616F0E0F852
:105EA00035A3D3E9002316F045F902460B46104608
:105EB00019464FF00002344B16F066FA02460B46C4
:105EC000C7E90A23BB6943F317031A46FB8B92FB0E
:105ED000F3F3184616F0C4F827A3D3E9002316F00D
:105EE00029F902460B46104619464FF00002264B90
:105EF00016F04AFA02460B46C7E90C233B6943F306
:105F000017031A46FB8A92FBF3F3184616F0A8F81B
:105F100019A3D3E9002316F00DF902460B461046EB
:105F200019464FF00002184B16F02EFA02460B46A7
:105F3000C7E90E23D7E90A45D7E90C23D7E90E01B3
:105F4000CDE90201CDE9002322462B460F4806F099
:105F5000CBFC07F1280318220092002242F2040130
:105F6000386805F039FD7B685BB218464037BD469E
:105F7000B0BD00BFAFF30080FCA9F1D24D6220405C
:105F8000C0FC01004C00002000007041ECFC01004E
:105F900080B59CB00AAFF860B9607A603B604FF0A2
:105FA00000024FF00003C7E910234FF000024FF04A
:105FB0000003C7E90E234FF000024FF00003C7E9CA
:105FC0000C230023FB620023BB6200237B627B68FF
:105FD000172B40F2AC80BB683B623B6AD3E90023DD
:105FE000C7E910233B6A0833D3E90023C7E90E232E
:105FF0003B6A1033D3E90023C7E90C234FF060421A
:106000008D4BD7E9100116F095F802460B46104665
:1060100019464FF00002894B16F08CF802460B46E9
:106020001046194682A3D3E9002316F0ADF90246C3
:106030000B461046194616F055FB0346FB624FF01F
:1060400060427D4BD7E90E0116F074F802460B460C
:10605000104619464FF00002784B16F06BF80246D6
:106060000B461046194672A3D3E9002316F08CF9AB
:1060700002460B461046194616F034FB0346BB6237
:106080004FF060426C4BD7E90C0116F053F8024612
:106090000B46104619464FF00002684B16F04AF8BE
:1060A00002460B461046194661A3D3E9002316F0B9
:1060B0006BF902460B461046194616F013FB0346D1
:1060C0007B627B6A0893D7E90C23CDE90623BB6A80
:1060D0000493D7E90E23CDE90223FB6A0093D7E9A5
:1060E0001023574806F000FC3B6AD3E90023104612
:1060F000194616F0F7FA0246524B1B68DA623B6A01
:106100000833D3E900231046194616F0EBFA02468D
:106110004C4B1B681A633B6A1033D3E900231046CB
:10612000194616F0DFFA0246464B1B685A63454B88
:106130001B68DB6AFB62434B1B681B6BBB62414BFA
:106140001B685B6B7B62F86A15F07AFF38A3D3E9B2
:10615000002315F0EFFF02460B46104619464FF09C
:106160006242394B16F010F902460B46C7E910237C
:10617000B86A15F065FF2EA3D3E9002315F0DAFF06
:1061800002460B46104619464FF062422E4B16F05F
:10619000FBF802460B46C7E90E23786A15F050FF5C
:1061A00023A3D3E9002315F0C5FF02460B46104692
:1061B00019464FF06242244B16F0E6F802460B46B1
:1061C000C7E90C23D7E9100116F08CFA03467B616E
:1061D000D7E90E0116F086FA0346BB61D7E90C0138
:1061E00016F080FA0346FB617B6A0893D7E90C231B
:1061F000CDE90623BB6A0493D7E90E23CDE9022338
:10620000FB6A0093D7E91023104806F06DFB07F1F5
:10621000140318220092002242F20501386805F0AA
:10622000DBFB7B685BB218464837BD4680BD00BFCC
:10623000FCA9F1D24D621040FFFF6F4100004E40BB
:1062400030FD01004C000020FFFFCD4180FD01002A
:1062500090B5CFB002AF07F59874A4F592742060A2
:1062600007F59870A0F59470016007F59871A1F595
:1062700096710A6007F59872A2F598721360C84883
:10628000FFF726FA02460B4607F59871A1F59071C3
:10629000C1E90023C248FFF72FFA02460B4607F573
:1062A0009871A1F59071C1E90223BD48FFF738FA52
:1062B00002460B4607F59871A1F59071C1E90423D8
:1062C000B748FFF741FA02460B4607F59871A1F56A
:1062D0009071C1E90623B248FFF74AFA02460B461D
:1062E00007F59871A1F59071C1E90823AC48FFF753
:1062F00053FA02460B4607F59871A1F59071C1E972
:106300000A23A748FFF75CFA02460B4607F5987187
:10631000A1F59071C1E90C23A148FFF765FA024687
:106320000B4607F59871A1F59071C1E90E239C48C1
:10633000FFF76EFA02460B4607F59871A1F59071CA
:10634000C1E910239648FFF777FA02460B4607F596
:106350009871A1F59071C1E912239148FFF780FA75
:1063600002460B4607F59871A1F59071C1E9142317
:106370008B48FFF789FA02460B4607F59871A1F59D
:106380009071C1E916238648FFF792FA02460B4640
:1063900007F59871A1F59071C1E918238048FFF7BE
:1063A0009BFA02460B4607F59871A1F59071C1E979
:1063B0001A237B48FFF7A4FA02460B4607F59871AB
:1063C000A1F59071C1E91C237548FFF7ADFA0246AB
:1063D0000B4607F59871A1F59071C1E91E2370482D
:1063E000FFF7B6FA02460B4607F59871A1F59071D2
:1063F000C1E920236A48FFF7BFFA02460B4607F5BA
:106400009871A1F59071C1E922236548FFF7C8FA98
:1064100002460B4607F59871A1F59071C1E9242356
:106420005F48FFF7D1FA02460B4607F59871A1F5D0
:106430009071C1E926235A48FFF7DAFA02460B4663
:1064400007F59871A1F59071C1E928235448FFF729
:10645000E3FA02460B4607F59871A1F59071C1E980
:106460002A234F48FFF7ECFA02460B4607F59871CE
:10647000A1F59071C1E92C234948FFF7F5FA0246CE
:106480000B4607F59871A1F59071C1E92E23444898
:10649000FFF7FEFA02460B4607F59871A1F59071D9
:1064A000C1E930233E48FFF707FB02460B4607F5DC
:1064B0009871A1F59071C1E932233948FFF710FBBB
:1064C00002460B4607F59871A1F59071C1E9342396
:1064D0003348FFF719FB02460B4607F59871A1F503
:1064E0009071C1E936232E48FFF722FB02460B4686
:1064F00007F59871A1F59071C1E938232848FFF795
:106500002BFB02460B4607F59871A1F59071C1E986
:106510003A232348FFF734FB02460B4607F59871F0
:10652000A1F59071C1E93C231D48FFF73DFB0246F0
:106530000B4607F59871A1F59071C1E93E23184803
:10654000FFF746FB02460B4607F59871A1F59071DF
:10655000C1E940231248FFF74FFB02460B4607F5FF
:106560009871A1F59071C1E942230D48FFF758FBDE
:1065700002460B4607F59871A1F59071C1E94423D5
:106580000748FFF761FB02460B4607F59871A1F536
:106590009071C1E94623034806F094FA04E000BF75
:1065A000105C0020D0FD010007F59873A3F59073EF
:1065B000D3E90023AD4805F0A3FA07F59873A3F5D6
:1065C0009073D3E90223AA4805F09AFA07F5987365
:1065D000A3F59073D3E90423A64805F091FA07F5D3
:1065E0009873A3F59073D3E90623A34805F088FABE
:1065F00007F59873A3F59073D3E908239F4805F036
:106600007FFA07F59873A3F59073D3E90A239C48A2
:1066100005F076FA07F59873A3F59073D3E90C2388
:10662000984805F06DFA07F59873A3F59073D3E9D0
:106630000E23954805F064FA07F59873A3F5907357
:10664000D3E91023914805F05BFA07F59873A3F599
:106650009073D3E912238E4805F052FA07F5987328
:10666000A3F59073D3E914238A4805F049FA07F596
:106670009873A3F59073D3E91623874805F040FA81
:1066800007F59873A3F59073D3E91823834805F0B1
:1066900037FA07F59873A3F59073D3E91A23804866
:1066A00005F02EFA07F59873A3F59073D3E91C2330
:1066B0007C4805F025FA07F59873A3F59073D3E9A4
:1066C0001E23794805F01CFA07F59873A3F590731B
:1066D000D3E92023754805F013FA07F59873A3F55D
:1066E0009073D3E92223724805F00AFA07F59873EC
:1066F000A3F59073D3E924236E4805F001FA07F55A
:106700009873A3F59073D3E926236B4805F0F8F945
:1067100007F59873A3F59073D3E92823674805F02C
:10672000EFF907F59873A3F59073D3E92A2364482A
:1067300005F0E6F907F59873A3F59073D3E92C23D8
:10674000604805F0DDF907F59873A3F59073D3E978
:106750002E235D4805F0D4F907F59873A3F59073DF
:10676000D3E93023594805F0CBF907F59873A3F521
:106770009073D3E93223564805F0C2F907F59873B0
:10678000A3F59073D3E93423524805F0B9F907F51E
:106790009873A3F59073D3E936234F4805F0B0F909
:1067A00007F59873A3F59073D3E938234B4805F0A8
:1067B000A7F907F59873A3F59073D3E93A234848EE
:1067C00005F09EF907F59873A3F59073D3E93C2380
:1067D000444805F095F907F59873A3F59073D3E94C
:1067E0003E23414805F08CF907F59873A3F59073A3
:1067F000D3E940233D4805F083F907F59873A3F5E5
:106800009073D3E942233A4805F07AF907F5987373
:10681000A3F59073D3E94423364805F071F907F5E1
:106820009873A3F59073D3E94623334805F068F9CC
:10683000324806F047F907F1100307F59872A2F500
:1068400098704FF490720092002242F206010068A4
:1068500005F0C2F807F59873A3F596731B685BB251
:10686000184607F59A77BD4690BD00BFFCFD0100B4
:106870000CFE01001CFE01002CFE01003CFE01008C
:106880004CFE01005CFE010070FE010084FE010070
:1068900098FE0100ACFE0100C0FE0100D4FE010024
:1068A000E8FE0100FCFE010010FF010024FF0100D2
:1068B00038FF01004CFF01005CFF01006CFF01008C
:1068C0007CFF010090FF0100A0FF0100B0FF01006C
:1068D000C4FF0100D4FF0100E8FF0100F8FF010040
:1068E000080002001C0002002C0002003C00020014
:1068F00050000200600002007000020084000200EC
:1069000080B483B000AF7860044A7B681A607B680B
:1069100018460C37BD4680BC704700BF58090200BE
:1069200080B483B000AF7860044A7B681A607B68EB
:1069300018460C37BD4680BC704700BF580902009E
:1069400080B582B000AF78607868FFF7E9FF042176
:10695000786816F06DF97B6818460837BD4680BD2B
:1069600080B582B000AF78607B681846FFF7C8FF3B
:10697000034A7B681A607B6818460837BD4680BDAD
:106980002C09020080B582B000AF7860054A7B68B0
:106990001A607B681846FFF7C3FF7B681846083704
:1069A000BD4680BD2C09020080B582B000AF786082
:1069B0007868FFF7E7FF0421786816F039F97B68FB
:1069C00018460837BD4680BD80B586B000AFF86078
:1069D000B9607A6000237B6114E0BA687B69134474
:1069E0001B78002B13D0FB681B6814331B68B96835
:1069F0007A690A44127852B21146F86898477B695E
:106A000001337B617A697B689A42E6D300E000BF7C
:106A100000BF1837BD4680BD80B483B000AF78603A
:106A20003960064A7B681A607B683A685A607B68FE
:106A300018460C37BD4680BC704700BF18090200DD
:106A400080B483B000AF7860044A7B681A607B68CA
:106A500018460C37BD4680BC704700BF18090200BD
:106A600080B582B000AF78607868FFF7E9FF082151
:106A7000786816F0DDF87B6818460837BD4680BD9B
:106A800080B483B000AF786039603B681A687B6877
:106A90001A607B6818460C37BD4680BC7047000002
:106AA00080B483B000AF7860044A7B681A607B686A
:106AB00018460C37BD4680BC704700BF90080200E6
:106AC00080B483B000AF7860044A7B681A607B684A
:106AD00018460C37BD4680BC704700BF90080200C6
:106AE00080B582B000AF78607868FFF7E9FF0421D5
:106AF000786816F09DF87B6818460837BD4680BD5B
:106B000080B483B000AF7860044A7B681A607B6809
:106B100018460C37BD4680BC704700BF70080200A5
:106B200080B483B000AF7860044A7B681A607B68E9
:106B300018460C37BD4680BC704700BF7008020085
:106B400080B582B000AF78607868FFF7E9FF042174
:106B5000786816F06DF87B6818460837BD4680BD2A
:106B600080B485B000AFF860B9607A6000BF1437B8
:106B7000BD4680BC704780B485B000AFF860B96096
:106B80007A6000BF1437BD4680BC704780B485B0C2
:106B900000AFF860B9607A6000BF1437BD4680BCB2
:106BA000704780B485B000AFF860B9607A6000BF0C
:106BB0001437BD4680BC704780B584B000AFF86024
:106BC000B9607A603B60FB68B9681846FFF724FF3C
:106BD0002F4AFB681A60FB6800229A60FB6803F585
:106BE000805300229A81FB6803F580531A467B6824
:106BF0001361FB6803F580531A463B685361FB68D9
:106C000003F580531A46BB699361FB6803F5805313
:106C10001A46FB69D361FB6803F58053002283F8B1
:106C20002020FB6803F58053002283F82120FB68B5
:106C300003F580531A4600235362FB6803F5805323
:106C40001A4600239362FB6803F580531A4600231B
:106C5000D362FB6803F580531A4600231363FB6875
:106C600003F580531A4600235363FB6803F58253F0
:106C70001946D7E90A2341E90223D7E90A23F8682C
:106C800000F008F8FB6818461037BD4680BD00BF0D
:106C90005808020090B585B000AFF860C7E900233E
:106CA000FB6803F582531946D7E9002341E9022323
:106CB000FB6803F5805300229A81FB6803F580533B
:106CC0001A4600235362FB6803F580531A460023DB
:106CD0009362FB6803F580531A460023D362FB6876
:106CE00003F580531A4600231363FB6803F58053B2
:106CF0001A4600235363FB6803F58053002283F890
:106D00002120FB680C334FF480520021184606F016
:106D100045F8FB6803F5805393F82030002B20D012
:106D2000FB6803F580531B691B6820331B68FA68F6
:106D300002F580521269104698470446FB6803F535
:106D400080531B691B6824331B68FA6802F5805264
:106D500012691046984703461A462146034804F034
:106D6000CFFE002318461437BD4690BD74010200C3
:106D700080B485B000AFF860C7E90023FB6803F575
:106D800082531946D7E9002341E90223FB6803F542
:106D9000805300229A81FB6803F580531A46002332
:106DA0005362FB6803F580531A4600239362FB6825
:106DB00003F580531A460023D362FB6803F5805322
:106DC0001A4600231363FB6803F580531A46002319
:106DD0005363FB6803F58053002283F821200023CE
:106DE00018461437BD4680BC7047000090B585B08A
:106DF00000AF78600023FB737B685B681B680C3313
:106E00001B687A68526810469847034683F001036E
:106E1000DBB2002B01D0002389E07B685B681B6834
:106E200010331B687A685268104698470346BB7354
:106E30007B6803F5805393F82030002B04D0BB7B94
:106E400019463D4805F050FD97F90E30194678680F
:106E500000F074F87B6803F5805393F8213083F0D9
:106E60000103DBB2002B49D0786800F0BFF803467D
:106E7000FB73FB7B002B59D07B6803F580531B69A8
:106E80001B6834331C687B6803F5805318697B6882
:106E900003F10C017B6803F580539B891A467B68DC
:106EA00003F580535B6AA04702467B6803F5805375
:106EB000DA627B6803F580531B691B6820331B680B
:106EC0007A6802F5805212691046984702467B683C
:106ED00003F580531A637B6803F580531B691B68B5
:106EE00024331B687A6802F580521269104698476D
:106EF00002467B6803F580535A6317E07B6803F50D
:106F000080539B8919467B6803F580531A6B7B6815
:106F100003F580535B6B1A447B6803F58053DB6A8F
:106F20001344994202D3786800F0B2F8012318465E
:106F30001437BD4690BD00BFA001020080B584B0EB
:106F400000AF78600B46FB707B6803F580539B892C
:106F5000B3F5805F13D27B6803F580539B89194694
:106F6000FA787B680B441A737B6803F580539B891E
:106F700001339AB27B6803F580539A812FE07B68D6
:106F800003F5805393F82030002B0AD07B6803F17F
:106F90000C017B6803F580539B891A46124804F064
:106FA000AFFD7B6803F58053DB691B6814331B68F6
:106FB0007A6802F58052D0697A6802F10C017A6829
:106FC00002F580529289FA6007F10C0298477B68BB
:106FD00003F5825353E902237868FFF75BFE00BF95
:106FE0001037BD4680BD00BFA801020090B583B038
:106FF00000AF78607B6803F5805393F8213083F00D
:107000000103DBB2002B16D07B6803F580539B890C
:107010001C467B6803F580531B691B6820331B6883
:107020007A6802F5805212691046984703469C42DE
:1070300001D3012300E00023002B24D07B6803F55B
:1070400080531B691B6810331C687B6803F58053F1
:1070500018697B6803F10C017B6803F580539B89F9
:107060001A467B6803F581530433A0470346002B7F
:1070700007D07B6803F58053012283F82120012388
:1070800002E0002300E0002318460C37BD4690BD07
:10709000F0B58DB002AF78607B6800229A60002363
:1070A00087F827307B6803F580531B691B6814330E
:1070B0001C687B6803F5805318697B6803F10C0139
:1070C0007B6803F580539B891A467B680833A04789
:1070D000034683F00103DBB2002B01D00023D1E192
:1070E0007B6803F580531B691B6838331C687B6819
:1070F00003F5805318697B6803F10C017B6803F585
:1071000080539B891D467B6803F580535A6A7B68D0
:107110009B68009313462A46A0470346002B00F0C5
:1071200081817B6803F5825353E90223B3F1FF3F6A
:1071300008BFB2F1FF3F37D07B6803F580531B696E
:107140001B683C331C687B6803F5805318697B68B7
:1071500003F10C017B6803F580535A6A7B689B68D6
:10716000A0470346002B1FD17B6803F5825353E9E8
:1071700002457B6803F580531B691B6840331E681A
:107180007B6803F5805318697B6803F10C017B6809
:1071900003F580535A6A7B689B68B04702460B46EA
:1071A0009D4208BF944201D1012300E00023002B3F
:1071B00000F0CF80002387F826307B6803F58053EA
:1071C0001B691B6844331C687B6803F5805318698E
:1071D0007B6803F10C017B6803F580539B891A4699
:1071E0007B6803F580535B6AA04702460B46134653
:1071F00003F00F033B627B6803F580531B691B6838
:1072000048331C687B6803F580531D697B6803F174
:107210000C067B6803F580539B899C467B6803F5CD
:1072200080535B6A3B607B6899687B6803F5805399
:1072300058693A6A13465B0013449B0003441B6879
:10724000019300913B68624631462846A0470346B9
:10725000002B30D07B6803F580535A6A7B6803F5B6
:1072600080531B6B134408337A6813440433FB6167
:107270007B6803F5805359693A6A13465B001344EF
:107280009B000B449C687B6803F5805359693A6AFC
:1072900013465B0013449B000B4418687B6803F59E
:1072A0008053DA6A7B68F969A047012387F82630A2
:1072B000012387F8273097F8263083F00103DBB2EB
:1072C000002B00F08F807B6803F5805393F820300B
:1072D000002B1ED07B6803F580531B691B68443369
:1072E0001C687B6803F5805318697B6803F10C0107
:1072F0007B6803F580535A6A7B689B68A047024607
:107300000B46796801F58051896900915F4804F066
:10731000F7FB7B6803F58053DB691B680C331B6844
:107320007A6802F58052D0697A6802F58052526A12
:10733000083279680A44141D7A6891687A6802F5FF
:107340008052526A8A1AFA6007F10C022146984765
:1073500048E07B6803F5805393F82030002B22D05F
:107360007B6803F5825353E902457B6803F580533C
:107370001B691B6840331E687B6803F580531869DE
:107380007B6803F10C017B6803F580535A6A7B68C4
:107390009B68B04702460B46CDE9002322462B46A8
:1073A0003B4804F0ADFB7B6803F58053DB691B6849
:1073B0000C331B687A6802F58052D0697A6802F54E
:1073C0008052526A083279680A44141D7A689168BA
:1073D0007A6802F58052526A8A1A3A6107F11002FD
:1073E000214698477B6803F58053DB691B6810339F
:1073F0001B687A6802F58052D0697A6802F580527B
:10740000526A083279680A44141D7A6891687A6869
:1074100002F58052526A8A1A7A6107F114022146F3
:1074200098471FE07B6803F5805393F82030002BCA
:1074300002D0184804F064FB7B6803F58053DB69D5
:107440001B6808331B687A6802F58052D0697A6835
:1074500002F10C017A6802F580529289BA6107F153
:10746000180298477B6803F58053002283F8212097
:107470007B6803F5825353E902237868FFF778FCB1
:1074800097F8273018462C37BD46F0BD00020200A1
:1074900038020200A002020090B5ADF5815D83B014
:1074A00002AF07F1200444F8140C084607F120014C
:1074B00041F81C2C07F1200242F8203C07F1200380
:1074C000024623F8162C07F1200353F8143C03F569
:1074D00080531B691B684C331C6807F1200353F869
:1074E000143C03F58053186907F120031A4607F18D
:1074F00020010C3907F5815303F110031B68019338
:1075000007F1200333F8163C009352F8203C4FF467
:107510008052A04707F5805303F11403186000233D
:1075200007F5805202F11C02136025E007F12003E9
:1075300053F8143C5B681B6814331B6807F1200286
:1075400052F8142C506807F12002114607F58052BA
:1075500002F11C0212680A440C3A127852B2114627
:10756000984707F5805303F11C031B68013307F5A7
:10757000805202F11C02136007F5805303F11C03D3
:107580001A6807F5805303F114031B689A42CDD3A0
:1075900007F1200353F8143C03F5805393F820308F
:1075A000002B3CD007F1200333F8163C07F581523D
:1075B00002F11002126819461C4804F0A1FA0023D7
:1075C00007F5805202F11802136019E007F1200359
:1075D0001A4607F5805303F118031B6813440C3B4C
:1075E0001B781946124805F07FF907F5805303F11F
:1075F00018031B68013307F5805202F1180213606B
:1076000007F5805303F118031A6807F5805303F157
:1076100014031B689A42D9D3064805F053FA00BFF9
:1076200007F581570437BD4690BD00BFD002020068
:10763000F80202000003020080B483B000AF78605B
:10764000012318460C37BD4680BC704780B483B018
:1076500000AF7860044A7B681A607B6818460C3774
:10766000BD4680BC704700BF4408020080B582B0B0
:1076700000AF78607868FFF7E9FF0421786815F0BB
:10768000D7FA7B6818460837BD4680BD80B584B000
:1076900000AFF860B9607A603B60FB681846FFF79E
:1076A0005FF90D4AFB681A60FB6800221A71FB68DB
:1076B000BA689A60FB687A68DA60FB683A681A61AF
:1076C000FB68BA695A61FB683A7F1A76FB6818460C
:1076D0001037BD4680BD00BF1808020080B582B0DB
:1076E00000AF7860054A7B681A607B681846FFF730
:1076F00049F97B6818460837BD4680BD1808020066
:1077000080B582B000AF78607868FFF7E7FF1C2192
:10771000786815F08DFA7B6818460837BD4680BD3D
:1077200080B483B000AF78607B689B68002B01D188
:1077300000230AE07B689B681B7803F00103DBB23F
:10774000002B0CBF01230023DBB218460C37BD46CB
:1077500080BC704780B485B000AF78607B68DB6820
:10776000002B03D07B681B69002B01D100230BE0A9
:107770000023FB607B68DB681B68FB607B681B6920
:107780001B68FB60FB685BB218461437BD4680BCC3
:10779000704780B483B000AF78600B46FB707B68A5
:1077A0005B69002B04D07B685B6997F903201A6042
:1077B00097F9033018460C37BD4680BC704780B43B
:1077C00083B000AF786000BF0C37BD4680BC704707
:1077D00080B483B000AF786000BF0C37BD4680BC7A
:1077E000704780B483B000AF7860012318460C372F
:1077F000BD4680BC704780B483B000AF78607B68C2
:10780000002262F041021A70002262F045025A70B2
:10781000002262F052029A70002242F01B02DA70DB
:107820007B6800221A7100225A717B6800229A71CB
:107830000022DA717B6818460C37BD4680BC704761
:1078400080B582B000AF78607B681B6819467B68A2
:107850009B889BB21A467B68DB889BB2034805F085
:1078600043F800BF0837BD4680BD00BF04030200D7
:1078700080B582B000AF78607B681846FFF710F9DA
:10788000054A7B681A607B6801221A717B6818467A
:107890000837BD4680BD00BF9007020080B582B0AA
:1078A00000AF7860054A7B681A607B681846FFF76E
:1078B00007F97B6818460837BD4680BD900702006F
:1078C00080B582B000AF78607868FFF7E7FF0821E5
:1078D000786815F0ADF97B6818460837BD4680BD5D
:1078E00080B483B000AF78600B46FB707B68FA7899
:1078F0001A7100BF0C37BD4680BC704780B483B09E
:1079000000AF78607B681B7918460C37BD4680BC99
:107910007047000080B487B000AFF860B9607A604B
:107920003B6000237B610EE0BA687B6913441B68EF
:107930000A4A934204D13B687A691A60012308E03D
:107940007B6901337B617B68043B7A699A42EBD3A4
:10795000002318461C37BD4680BC7047BEBAAD1B1D
:1079600080B487B000AFF860B9607A603B607B6834
:10797000043B7B61BA687B6913441B68064A9342E7
:1079800004D13B687A691A60012300E0002318469D
:107990001C37BD4680BC7047EDAD0F0A80B487B080
:1079A00000AFF860B9607A603B603B687B610EE0D5
:1079B000BA687B6913441B680A4A934204D13B6A44
:1079C0007A691A60012308E07B6901337B617B6877
:1079D000043B7A699A42EBD3002318461C37BD4614
:1079E00080BC7047BEBAAD1B80B487B000AFF860F2
:1079F000B9607A603B603B687B610EE0BA687B6986
:107A000013441B680A4A934204D13B6A7A691A609C
:107A1000012308E07B6901337B617B68043B7A6961
:107A20009A42EBD9002318461C37BD4680BC7047EC
:107A3000EDAD0F0A80B483B000AF7860082318461C
:107A40000C37BD4680BC704780B483B000AF78600F
:107A5000082318460C37BD4680BC704780B483B0FD
:107A600000AF7860042318460C37BD4680BC7047D1
:107A700080B483B000AF7860082318460C37BD4649
:107A800080BC704780B483B000AF78604FF6FF735E
:107A900018460C37BD4680BC704780B485B000AF37
:107AA000F860B9607A603B60002318461437BD4621
:107AB00080BC704780B485B000AFF860B9607A6070
:107AC0003B604FF000024FF0000310461946143798
:107AD000BD4680BC704780B487B000AFF860B96025
:107AE0007A603B603B6808337A689A4201D200238F
:107AF00006E0BA683B6813447B617B69DB889BB214
:107B000018461C37BD4680BC7047B0B487B000AF84
:107B1000F860B9607A603B603B6808337A689A42E3
:107B200004D24FF000044FF000050AE0BA683B6849
:107B300013447B617B699B889BB29BB200221C46ED
:107B4000154622462B46104619461C37BD46B0BC8A
:107B5000704780B487B000AFF860B9607A603B606E
:107B60003B6808337A689A4201D200230DE0BA6874
:107B70003B6813447B617B699B889BB21A467B6A96
:107B8000934201D1012300E0002318461C37BD4673
:107B900080BC704780B588B000AFF860B9607A608B
:107BA0003B603B6810337A689A4201D2002338E088
:107BB000BA683B681344FB61FB69DB889BB21A46D9
:107BC0003B68134410337A689A4201D2002328E0BC
:107BD000FB691B68154A934201D0002321E0FB6931
:107BE000DB889BB21A463B6813440833BA681344D7
:107BF000BB61BB695B680E4A934201D0002310E071
:107C0000FB69DB889BB208331946F869F8F762FF15
:107C10007861BB691B687A699A4201D0002300E051
:107C2000012318462037BD4680BD00BFBEBAAD1B3C
:107C3000EDAD0F0A80B588B000AFF860B9607A602A
:107C40003B60BB68002B0AD03B68002B02D1FB6A6B
:107C5000002B04D1FB6A10337A689A4201D20023C8
:107C60003CE007F110031846FFF7C5FD3B8DBB82D2
:107C7000FB6A9BB2FB82BB681A4607F1100303CB79
:107C8000106051603B68002B06D0BB680833FA6A6D
:107C90003968184605F078FBFB6A0833BA68134464
:107CA000FB61FB6A08331946B868F8F713FFB8613F
:107CB000FB69BA691A60FB69002262F012021A714C
:107CC000002262F052025A71002242F00F029A71B1
:107CD000002242F00A02DA71FB6A1033184620379C
:107CE000BD4680BD80B586B000AFF860B9607A60EF
:107CF0003B607B687B6117E0BB681B6814331B68C3
:107D00007969B86898470346124A93420CBF012329
:107D10000023DBB2002B04D03B687A691A60012390
:107D200013E07B6901337B61BB681B6818331B68F8
:107D3000B86898470346043B7A699A4234BF0123E6
:107D40000023DBB2002BD7D1002318461837BD46DD
:107D500080BD00BFBEBAAD1B80B586B000AFF86075
:107D6000B9607A603B607B68083B7B6118E0BB6868
:107D70001B6814331B687A691146B8689847034634
:107D80000B4A93420CBF01230023DBB2002B04D02B
:107D90007A693B681A60012306E07B69013B7B61DD
:107DA0007B69002BE3DA002318461837BD4680BDF7
:107DB000BEBAAD1B80B586B000AFF860B9607A601E
:107DC0003B607B687B6118E0BB681B6814331B68F1
:107DD0007A691146B868984703460C4A93420CBF2B
:107DE00001230023DBB2002B04D07A693B6A1A60BE
:107DF000012307E07B69013B7B617A693B689A421A
:107E0000E2DA002318461837BD4680BDBEBAAD1B66
:107E100080B586B000AFF860B9607A603B607B687F
:107E20007B6117E0BB681B6814331B687969B8680D
:107E300098470346124A93420CBF01230023DBB24A
:107E4000002B04D03B687A691A60012313E07B6938
:107E500001337B61BB681B6818331B68B86898479F
:107E60000346043B7A699A4294BF01230023DBB2A4
:107E7000002BD7D1002318461837BD4680BD00BF60
:107E8000EDAD0F0A80B586B000AFF860B9607A60DA
:107E90003B607B687B6117E0BB681B6814331B6821
:107EA0007969B868984703460D4A93420CBF01238D
:107EB0000023DBB2002B04D03B6A7A691A600123ED
:107EC00009E07B6901337B613A687B6813447A6916
:107ED0009A42E1D9002318461837BD4680BD00BF3D
:107EE000EDAD0F0A80B586B000AFF860B9607A607A
:107EF0003B607B687B6118E0BB681B6814331B68C0
:107F00007A691146B868984703460C4A93420CBFF9
:107F100001230023DBB2002B04D07A693B6A1A608C
:107F2000012307E07B69013B7B617A693B689A42E8
:107F3000E2DA002318461837BD4680BDEDAD0F0AC2
:107F400090B585B000AFF860B9607A607B6803F1E6
:107F50000804BB681B6818331B68B8689847034659
:107F60009C428CBF01230023DBB2002B01D00023F5
:107F700009E0BB681B6810331B687A68063211463B
:107F8000B8689847034618461437BD4690BD0000B0
:107F900090B58FB000AFF860B9607A603B600123A4
:107FA00087F82F30BB681B6814331B687968B86882
:107FB0009847B862BB681B6810331B687A68063242
:107FC0001146B86898470346FB8497F82F30002B7A
:107FD0000CD0BB681B6814331B687968B868984775
:107FE00003461A467968964803F08AFD97F82F30C1
:107FF000002B10D07B681C1DBB681B6810331B68EE
:108000007A6804321146B868984703461A462146F2
:108010008C4803F075FD97F82F30002B10D07B684B
:108020009C1DBB681B6810331B687A6806321146BA
:10803000B868984703461A462146834803F060FD16
:108040003A687B68D41ABB681B6818331B68B86829
:10805000984703469C428CBF01230023DBB2002BD0
:1080600013D097F82F30002B0DD0BB681B68183346
:108070001B68B868984701463A687B68D31A1A4665
:10808000724803F03DFD0023D5E0BB6A704A93427D
:108090000AD097F82F30002B04D0BA6A6C496D488B
:1080A00003F02EFD0023C6E0BB681B6814331B6879
:1080B000F98C7A680A4408321146B86898473862E1
:1080C000BB681B6814331B68F98C7A680A440C324D
:1080D0001146B8689847F86197F82F30002B15D0F3
:1080E000FA8C7B68134403F10804BB681B681433E3
:1080F0001B68F98C7A680A4408321146B8689847B8
:1081000003461A462146544803F0FAFC97F82F30EC
:10811000002B15D0FA8C7B68134403F10C04BB6868
:108120001B6814331B68F98C7A680A440C321146B8
:10813000B868984703461A462146484803F0E0FCD1
:10814000FB69474A934201D0002374E03B68043B3B
:108150007B637B6B002B01DA00237B6397F82F3066
:10816000002B04D07A68796B3E4803F0C9FCBB6CE5
:108170001B687A681A60BB6C5B687A6B1A600023B4
:108180003B6300233B631CE0BB6C9A6807F114035C
:1081900011461846FEF774FC7B69C3F31E031A46AA
:1081A0007B6B934205D07B69C3F3C073DBB2012BB9
:1081B00001D1012300E00023002B08D13B6B0133E8
:1081C0003B63FB8C20333A6B9A42DDD300E000BF67
:1081D000BB6C9A6807F1180311461846FEF750FC6D
:1081E00097F82F30002B0AD0BB6CDB681968BB698D
:1081F000C3F31E031A463B6B1B4803F081FC97F840
:108200002F30002B09D0BB6C1B681968BB6C5B68F6
:108210001B681A46154803F073FCBB6CDB681B68CF
:108220003A6A9A4214BF01230023DBB2002B01D02B
:10823000002300E0012318463C37BD4690BD00BF37
:10824000500302009C030200E00302002404020029
:10825000BEBAAD1B74040200BC040200F8040200A4
:10826000EDAD0F0A4005020078050200D0050200BE
:1082700080B485B000AFF860B9607A603B600023DD
:1082800018461437BD4680BC704780B485B000AF37
:10829000F860B9607A603B604FF000024FF0000375
:1082A000104619461437BD4680BC7047F0B587B0FC
:1082B00000AFF860B9607A603B607B6803F1080644
:1082C000BB681B6818331B68B868984703469E4212
:1082D0008CBF01230023DBB2002B04D04FF000043D
:1082E0004FF000050EE0BB681B6810331B687A680E
:1082F00004321146B86898470346FB82FB8A002285
:108300001C46154622462B46104619461C37BD46CC
:10831000F0BD90B587B000AFF860B9607A603B609F
:108320007B6803F10804BB681B6818331B68B868D6
:10833000984703469C428CBF01230023DBB2002BED
:1083400001D0002311E0BB681B6810331B687A68FA
:1083500004321146B86898470346FB82FB8ABA6A22
:108360009A4201D1012300E0002318461C37BD4684
:1083700090BD000080B400AF024B1846BD4680BCE3
:10838000704700BF3C00002080B582B000AF78602D
:108390007B681846FEF7B4FB034A7B681A607B686B
:1083A00018460837BD4680BD7007020080B582B010
:1083B00000AF7860054A7B681A607B681846FEF754
:1083C000AFFB7B6818460837BD4680BD70070200CA
:1083D00080B582B000AF78607868FFF7E7FF0421CE
:1083E000786814F025FC7B6818460837BD4680BDC8
:1083F00080B586B000AFF860B9607A60BB68002BCA
:1084000003D07B681B68002B06D17B681B6819466C
:10841000134803F075FB1FE07B681B687B617B6979
:10842000202B01D920237B610E4803F069FB002338
:108430003B610AE0BA683B6913441B7819460A4855
:1084400003F05EFB3B6901333B613A697B699A4209
:10845000F0D3064803F054FB1837BD4680BD00BF7B
:108460001406020044060200F8020200740602002C
:1084700080B586B000AFF860B9607A60BB68002B49
:1084800003D07B681B68072B06D87B681B681946DE
:108490000A4803F035FB0DE0BB687B617B681B6815
:1084A0001946074803F02CFB7869FFF7C9F905481E
:1084B00003F026FB1837BD4680BD00BF78060200DA
:1084C000B00602007406020080B485B000AFF86008
:1084D000B9607A6000BF1437BD4680BC70470000A9
:1084E00080B582B000AF00237B6015E00E4A7B6848
:1084F00052F82330002B0CD00B4A7B6852F8233003
:108500001B6808331B6808497A6851F82220104616
:1085100098477B6801337B607B68032BE6D900BFFB
:1085200000BF0837BD4680BD2807020080B582B075
:1085300000AF78607B685BB219460448FFF729F901
:108540007B6818460837BD4680BD00BF801A0020F2
:1085500080B584B000AFF860B9607A603B60FB68BA
:10856000B9681846FEF758FA314AFB681A60FB688A
:1085700003F580530833184600F05CF8FB6803F5F8
:10858000805300221A84FB6803F5805300225A842A
:10859000FB6803F58053012283F82420FB6803F570
:1085A0008053002283F82520FB6803F580530022C6
:1085B00083F82620FB6803F58053002283F82720E8
:1085C000FB6803F58053012283F82820FB6803F53C
:1085D00080531A467B68D362FB6803F580531A46C2
:1085E0003B681363FB6803F580531A46BB6953630A
:1085F000FB6803F580531A46FB699363FB6803F538
:1086000080531A463B6AD363FB6803F580531A46CE
:10861000BB8CA2F84030FB6803F580531A4697F8EC
:10862000283082F84230FB6818461037BD4680BDBE
:108630005C07020080B483B000AF78607B680022E2
:108640001A617B6800225A617B6818460C37BD4668
:1086500080BC704780B582B000AF7860054A7B6807
:108660001A607B681846FEF7EBF97B6818460837F6
:10867000BD4680BD5C07020080B582B000AF786067
:108680007868FFF7E7FF41F24401786814F0D0FA08
:108690007B6818460837BD4680BD000080B582B0B3
:1086A00000AF7860054A7B681A607B681846FEF761
:1086B000C7F97B6818460837BD4680BD58080200D8
:1086C00080B582B000AF78607868FFF7E7FF4FF4BD
:1086D0008251786814F0ACFA7B6818460837BD46BA
:1086E00080BD000090B587B006AF594B1B6803F101
:1086F0007801574B1B6803F17402554B1B6803F15B
:108700007C00534B1B6874337E2401940093034612
:108710005048FEF7BBFF4E4B1B6803F184014C4BE6
:108720001B6803F180024A4B1B6803F18800484B29
:108730001B68803321240194009303464648FEF7CA
:10874000A5FF434B1B6803F19001414B1B6803F1EC
:108750008C023F4B1B6803F194003D4B1B688C332C
:1087600040240194009303463C48FEF78FFF384BAA
:108770001B6803F19C01364B1B6803F19802344BD4
:108780001B6803F1A000324B1B689833232401942B
:10879000009303463248FEF779FF3248FFF7F4FDB5
:1087A0003148FFF765F8314B1B7819464FF0FF321F
:1087B0004FF0FF33CDE9042300230293294B0193AB
:1087C00000912B4B284A24492A48FEF7F5F9274BFC
:1087D0001B7819464FF0FF324FF0FF33CDE90423E9
:1087E000002302931F4B01930091214B1E4A1B490A
:1087F0002148FEF7E1F91D4B1B7819464FF0FF3277
:108800004FF0FF33CDE9042300230293154B01936E
:108810000091174B144A12491848FEF7CDF9184B2E
:108820001B781946174B1B68012204920022039201
:108830000293154B0193154B00930B46144A0549BF
:108840001448FFF785FE00BF0437BD4690BD00BF4A
:108850004C000020801A00209C1A0020B81A00202A
:10886000D41A0020F01A0020F41A00209CFA01000B
:10887000241A0020001B0020402B0020803B0020F9
:10888000B4E50100781A002038000020758300004C
:1088900094080020C04B002080B500AF1148FFF7BE
:1088A000D9FE1148FFF7FAFE1048FFF7F7FE10480F
:1088B000FFF7F4FE0F48FEF7F1FF0F48FFF776FDD4
:1088C0000E48FEF70BFF0E48FEF708FF0D48FEF7B7
:1088D00005FF0D48FEF702FF0C48FEF7B7FE00BF8C
:1088E00080BD00BFC04B0020803B0020402B0020FB
:1088F000001B0020F41A0020F01A0020D41A0020D7
:10890000B81A00209C1A0020801A0020380000208D
:1089100080B582B000AF7860786800F008F87868B9
:1089200000F045F8034618460837BD4680BD80B5BF
:1089300084B000AF78600023FB737B6803F580533D
:108940009B6B1B681B687A6802F58052926B10461D
:1089500098470346002B25D07B6803F580530833E6
:10896000184600F0C2F8034683F00103DBB2002B87
:1089700018D00023BB730123FB737B6803F580537E
:10898000083307F10E021146184600F0C0F87B6864
:108990005B681B6814331B687A68526897F90E107D
:1089A00010469847FB7B18461037BD4680BDF0B592
:1089B0008BB006AF78600023FB73786800F0C8F8CE
:1089C0000346BB60BB68002B00F08A807B6803F520
:1089D00080531B8CB3F5805F05D37B6803F5805310
:1089E00040F6FF721A847B6803F580531B8C1A468D
:1089F0007B68134400221A727B6803F5805393F856
:108A00004230002B29D07B6803F108007B6803F516
:108A100080531B8C1E467B6803F58053D96A7B68A4
:108A200003F580531C6B7B6803F58053DB6B7A681E
:108A300002F58052B2F8402015467A68049200226E
:108A40000392029501930023009323460A46314680
:108A500002F0A4FE0346FB7328E07B6803F10800E4
:108A60007B6803F580531B8C1E467B6803F580539F
:108A7000D96A7B6803F580531C6B7B6803F58053D0
:108A8000DB6B7A6802F58052B2F8402015467A68AE
:108A9000049200220392029501930123009323463E
:108AA0000A46314602F07AFE0346FB737B6803F503
:108AB000805300221A84FB7B002B11D07B6803F5C6
:108AC00080535B6B002B0BD07B6803F580535B6B93
:108AD000984703464FF0FF321946786800F039F99D
:108AE000FB7B18461437BD46F0BD80B483B000AFA1
:108AF00078607B681A697B685B699A420CBF0123C6
:108B00000023DBB218460C37BD4680BC704780B5E9
:108B100082B000AF786039607868FFF7E6FF0346FF
:108B2000002B01D000230FE07B681B697A68D256C6
:108B30003B681A707B681B691946786800F035F944
:108B400002467B681A61012318460837BD4680BD7E
:108B500080B584B000AF7860786800F036F90346DD
:108B6000FB7297F90B3013F1020F01D10023ECE0F7
:108B70007B6803F580531B8CB3F5805F05D37B685E
:108B800003F5805340F6FF721A8497F90B300A2BD5
:108B90000DD17B6803F580531B8C1A467B68134408
:108BA00000221A727B6803F580531B8CCDE097F985
:108BB0000B30082B03D097F90B307F2B20D17B682B
:108BC00003F580531B8C013B9AB27B6803F58053FD
:108BD0001A847B6803F580531B8CB3F5805F04D344
:108BE0007B6803F5805300221A847B6803F5805369
:108BF0001B8C1A467B68134400221A720023A4E0DF
:108C000097F90B301B2B0FD17B6803F580530022A3
:108C10001A847B6803F580531B8C1A467B681344C7
:108C200000221A72002390E097F90B30092B6BD1C8
:108C30007B6808334FF48051184604F0ADF90346C1
:108C40009AB27B6803F580531A847B6803F58053DE
:108C50001B8C1A467B68134493F908300A2B09D100
:108C60007B6803F580531B8C013B9AB27B6803F54C
:108C700080531A847B6803F580531B8C1A467B68EB
:108C8000134493F908300D2B09D17B6803F5805309
:108C90001B8C013B9AB27B6803F580531A847B6876
:108CA00003F580531B8CB3F5805F05D37B6803F518
:108CB000805340F6FF721A847B6803F580531B8C47
:108CC0001A467B68134400221A720023FB6011E0ED
:108CD0007B685B681B6814331B687A685068796826
:108CE000FA680A44083292F9002011469847FB6856
:108CF0000133FB607B6803F580531B8C1A46FB68CD
:108D00009342E5D3002320E07B6803F580531B8C5E
:108D10001A467B681344FA7A1A727B6803F580530B
:108D20001B8C01339AB27B6803F580531A847B68ED
:108D300003F580531B8CB3F5805F05D37B6803F587
:108D4000805340F6FF721A84002318461037BD4640
:108D500080BD80B586B000AFF860B9607A6000234E
:108D60007B6112E0BA687B69134493F90030002BF1
:108D700016D0BA687B69134493F900301946F86835
:108D800000F095F87B6901337B617A697B689A42D0
:108D900007D2FB6803F580535B8C0F2BE2D900E010
:108DA00000BF00BF1837BD4680BD80B485B000AF9E
:108DB000786039603B68013303F00F03FB60FB68A8
:108DC00018461437BD4680BC704780B584B000AFEC
:108DD00078607B685B681B680C331B687A68526834
:108DE00010469847034683F00103DBB2002B02D004
:108DF0006FF0010357E07B685B681B6810331B68EA
:108E00007A685268104698470346FB7397F90F300B
:108E1000072B02DC6FF0010345E07B6803F580530C
:108E20001A46FB7B82F8263097F90F300D2B05D1BF
:108E30007B6803F58053012283F8272097F90F30D0
:108E40000A2B0CD17B6803F5805393F926300D2B48
:108E500005D07B6803F58053002283F827207B68C8
:108E600003F5805393F82430012B0ED197F90F307E
:108E7000092B0AD07B685B681B6814331B687A680F
:108E8000526897F90F10104698477B6803F5805396
:108E900093F82530012B04D197F90F301846FFF7CE
:108EA00045FB97F90F3018461037BD4680BD80B599
:108EB00082B000AF78600B46FB7097F903300D2B42
:108EC00002D197F9033021E07B6803F5805393F8D2
:108ED0002730002B0DD097F903300A2B09D17B687E
:108EE0005B681B6814331B687A6852680D21104652
:108EF00098477B685B681B6814331B687A68526804
:108F000097F903101046984797F903301846083729
:108F1000BD4680BD80B500AFFFF7E4FB80BD80B5E6
:108F200000AFFFF7B9FC80BD80B582B000AF7860BC
:108F300039607B681B68184613F092F83B68D3E9E8
:108F4000002313F0F7F802460B46104619464FF07F
:108F50000002054B13F018FA02460B46104619465C
:108F60000837BD4680BD00BF00005E4180B483B0BD
:108F700000AF78607B6800221A7000225A700022CD
:108F80009A700022DA707B6818460C37BD4680BCA8
:108F9000704780B483B000AF7860084611461A4627
:108FA0000346FB700B46BB7013467B70FB7803F0E7
:108FB0000703D9B27A68137861F347131370BB784B
:108FC00003F00103D9B27A68137861F304131370C4
:108FD0007B7803F00F03D9B27A68137861F3030347
:108FE00013707B6818460C37BD4680BC704780B450
:108FF00083B000AF7860084611461A460346FB70FE
:109000000B46BB7013467B707A68137823F080039D
:109010001370FB7803F00103D9B27A68137861F317
:1090200086131370BB7803F00103D9B27A68137802
:1090300061F3451313707B7803F00103D9B27A68AA
:10904000137861F3041313703B7C03F00103D9B26E
:109050007A68137861F3C30313703B7D03F0010357
:10906000D9B27A68137861F3820313703B7E03F000
:109070000103D9B27A68137861F3410313707A68F7
:10908000137823F0010313707B6818460C37BD4634
:1090900080BC704780B483B000AF7860084611464A
:1090A0001A460346FB700B46BB7013467B70FB7879
:1090B00003F00103D9B27A68137861F3C713137010
:1090C000BB7803F00703D9B27A68137861F306130B
:1090D00013707B7803F00303D9B27A68137861F3D5
:1090E000830313703B7C03F00303D9B27A681378CF
:1090F00061F3010313707B6818460C37BD4680BCD2
:10910000704780B483B000AF7860084611461A46B5
:109110000346FB700B46BB7013467B707A6813786E
:1091200023F0800313707A68137823F040031370E0
:10913000FB7803F00103D9B27A68137861F3451321
:109140001370BB7803F00103D9B27A68137861F326
:10915000041313707B7803F00103D9B27A68137893
:1091600061F3C30313703B7C03F00103D9B27A6847
:10917000137861F3820313703B7D03F00103D9B2CE
:109180007A68137861F3000313707A68137823F018
:10919000020313707B6818460C37BD4680BC7047CD
:1091A00080B483B000AF7860044A7B681A607B6843
:1091B00018460C37BD4680BC704700BF50180200EF
:1091C00080B483B000AF7860044A7B681A607B6823
:1091D00018460C37BD4680BC704700BF50180200CF
:1091E00080B582B000AF78607868FFF7E9FF0421AE
:1091F000786813F01DFD7B6818460837BD4680BDB2
:1092000080B400AF074B1B6893F86C3003F0020387
:10921000DBB2002B0CBF01230023DBB21846BD4696
:1092200080BC70474C00002080B582B000AF0023A6
:109230007B6000237B600DE0FFF7E2FF034683F0D5
:109240000103DBB2002B09D10120F7F7F5FB7B68A6
:1092500001337B607B68632BEED900E000BF7B6845
:10926000612B02D9034802F04BFC00BF0837BD4612
:1092700080BD00BFD009020080B483B000AF0346B8
:10928000FB71F979064B1A6892F86C3061F30003B0
:1092900082F86C3000BF0C37BD4680BC704700BF01
:1092A0004C00002080B582B000AF7860FFF7BCFFB3
:1092B0007A68034B1B689A6600BF0837BD4680BDBD
:1092C0004C00002080B584B000AF78600023FB60C4
:1092D000FFF7AAFF7A68074B1B689A66FFF7A4FF9F
:1092E000044B1B689B6EFB60FB6818461037BD463D
:1092F00080BD00BF4C00002080B483B000AF0346A7
:10930000FB7100BF0C37BD4680BC704780B483B092
:1093100000AF0346FB7100BF0C37BD4680BC7047F1
:1093200080B485B000AFF860C7E90023F968D7E9D9
:109330000023C1E90023F968D7E90623C1E9022324
:10934000FB6818461437BD4680BC704780B485B0B2
:1093500000AFF860C7E90023F968D7E90023C1E945
:109360000023F968D7E90623C1E9022300BF1437B7
:10937000BD4680BC704780B483B000AF78607B6826
:10938000D3E90023104619460C37BD4680BC704710
:1093900080B483B000AF78607B68D3E902231046C5
:1093A00019460C37BD4680BC704700000000000025
:1093B00080B582B000AF78607B6800221A707B684D
:1093C00000225A707B6800225A607B6800229A60F3
:1093D0007B680022DA607B6800221A617B680022C9
:1093E0005A617B6800229A617B680022DA617B689F
:1093F00000221A627B6800225A627B6800229A620D
:109400007B680022DA627B6800221A637B68002294
:109410005A637B6800229A637B680022DA637B6868
:1094200000221A647B6800225A647B6800229A64D6
:109430007B680022DA647B6800221A657B68002260
:109440005A657B6800229A657B680022DA657B6832
:1094500000221A667B6800225A667B6800229A66A0
:109460007B680022DA667B6800221A677B6800222C
:109470005A677B6800229A677B680022DA677B68FC
:109480000022C3F880207B680022C3F884207B6818
:109490000022C3F888207B680022C3F88C207B68F8
:1094A0000022C3F890207B6803F1980106A3D3E95A
:1094B0000023084601F02AFA7B6818460837BD46A3
:1094C00080BD00BFAFF30080986E1283C0CA134006
:1094D00080B582B000AF78607B689833184601F0A1
:1094E0005DFA7B6818460837BD4680BD80B582B0FE
:1094F00000AF78607B689833184601F073FA00BFBC
:109500000837BD4680BD80B483B000AF7860396055
:109510007B685A683B681A6000BF0C37BD4680BC48
:10952000704780B483B000AF786039607B689A6818
:109530003B681A6000BF0C37BD4680BC704780B4E2
:1095400083B000AF786039607B68DA683B681A6086
:1095500000BF0C37BD4680BC704780B483B000AFFD
:10956000786039607B681A693B681A6000BF0C3705
:10957000BD4680BC704780B483B000AF786039606E
:109580007B685A693B681A6000BF0C37BD4680BCD7
:10959000704780B483B000AF786039607B689A69A7
:1095A0003B681A6000BF0C37BD4680BC704780B472
:1095B00083B000AF786039607B68DA693B681A6015
:1095C00000BF0C37BD4680BC704780B483B000AF8D
:1095D000786039607B681A6A3B681A6000BF0C3794
:1095E000BD4680BC704780B483B000AF78603960FE
:1095F0007B685A6A3B681A6000BF0C37BD4680BC66
:10960000704780B483B000AF786039607B689A6A35
:109610003B681A6000BF0C37BD4680BC704780B401
:1096200083B000AF786039607B68DA6A3B681A60A3
:1096300000BF0C37BD4680BC704780B483B000AF1C
:10964000786039607B681A6B3B681A6000BF0C3722
:10965000BD4680BC704780B483B000AF786039608D
:109660007B685A6B3B681A6000BF0C37BD4680BCF4
:10967000704780B483B000AF786039607B689A6BC4
:109680003B681A6000BF0C37BD4680BC704780B491
:1096900083B000AF786039607B68DA6B3B681A6032
:1096A00000BF0C37BD4680BC704780B483B000AFAC
:1096B000786039607B681A6C3B681A6000BF0C37B1
:1096C000BD4680BC704780B483B000AF786039601D
:1096D0007B685A6C3B681A6000BF0C37BD4680BC83
:1096E000704780B483B000AF786039607B689A6C53
:1096F0003B681A6000BF0C37BD4680BC704780B421
:1097000083B000AF786039607B68DA6C3B681A60C0
:1097100000BF0C37BD4680BC704780B483B000AF3B
:10972000786039607B681A6D3B681A6000BF0C373F
:10973000BD4680BC704780B483B000AF78603960AC
:109740007B685A6D3B681A6000BF0C37BD4680BC11
:10975000704780B483B000AF786039607B689A6DE1
:109760003B681A6000BF0C37BD4680BC704780B4B0
:1097700083B000AF786039607B68DA6D3B681A604F
:1097800000BF0C37BD4680BC704780B483B000AFCB
:10979000786039607B681A6E3B681A6000BF0C37CE
:1097A000BD4680BC704780B483B000AF786039603C
:1097B0007B685A6E3B681A6000BF0C37BD4680BCA0
:1097C000704780B483B000AF786039607B689A6E70
:1097D0003B681A6000BF0C37BD4680BC704780B440
:1097E00083B000AF786039607B68DA6E3B681A60DE
:1097F00000BF0C37BD4680BC704780B483B000AF5B
:10980000786039607B681A6F3B681A6000BF0C375C
:10981000BD4680BC704780B483B000AF78603960CB
:109820007B685A6F3B681A6000BF0C37BD4680BC2E
:10983000704780B483B000AF786039607B689A6FFE
:109840003B681A6000BF0C37BD4680BC704780B4CF
:1098500083B000AF786039607B68DA6F3B681A606C
:1098600000BF0C37BD4680BC704780B483B000AFEA
:10987000786039607B68D3F880203B681A6000BF4D
:109880000C37BD4680BC704780B483B000AF7860B1
:1098900039607B68D3F884203B681A6000BF0C37BE
:1098A000BD4680BC704780B483B000AF786039603B
:1098B0007B68D3F888203B681A6000BF0C37BD4630
:1098C00080BC704780B483B000AF786039607B683B
:1098D000D3F88C203B681A6000BF0C37BD4680BCB3
:1098E000704780B483B000AF786039607B68D3F88C
:1098F00090203B681A6000BF0C37BD4680BC7047A3
:1099000080B584B000AF78600023FB7317E07B68FC
:1099100098330021184601F0E5F80346BB73BB7B82
:10992000002B03D17B6801221A700BE0BB7BBA7B52
:1099300019468B4802F0E4F8FB7B0133FB73FB7B99
:10994000092BE4D97B681B78002B00F001817B6830
:109950009833184601F0BAF97B6898330821184605
:1099600001F0CDF97B6898330921184601F0C7F959
:109970007B6898330A21184601F0C1F97B68983357
:109980000B21184601F0BBF97B6898330C2118466F
:1099900001F0B5F97B6898330D21184601F0AFF955
:1099A0007B6898330E21184601F0A9F97B6898333B
:1099B0000F21184601F0A3F97B689833032118465C
:1099C00001F09DF97B6898331021184601F097F952
:1099D0007B6898331121184601F091F97B68983320
:1099E0000421184601F08BF97B6898331221184640
:1099F00001F085F97B6898331321184601F07FF94F
:109A00007B6898330521184601F079F97B68983313
:109A10001421184601F073F97B6898331521184614
:109A200001F06DF97B6898330621184601F067F95B
:109A30007B6898331621184601F061F97B689833EA
:109A40001721184601F05BF97B6898330821184606
:109A500001F055F97B6898330921184601F04FF958
:109A60007B6898330A21184601F049F97B689833DE
:109A70000B21184601F043F97B6898330C211846F6
:109A800001F03DF97B6898330D21184601F037F954
:109A90007B6898330E21184601F031F97B689833C2
:109AA0000F21184601F02BF97B68983310211846D6
:109AB00001F025F97B6898331121184601F01FF950
:109AC0007B6898331221184601F019F97B689833A6
:109AD0001321184601F013F97B68983314211846B6
:109AE00001F00DF97B6898331521184601F007F94C
:109AF0007B6898331621184601F001F97B6898338A
:109B00001721184601F0FBF87B689833184601F0DE
:109B100013F97B689833184601F0B2F97B689833E3
:109B200080220821184601F0E0F97B68983308216B
:109B3000184601F0FCF903461A468021094801F055
:109B4000DFFF094B1B689B68184602F0F3FC02E03C
:109B5000064801F0D5FF00BF1037BD4680BD00BFED
:109B6000E80902001C0A0200940000206C0A0200AE
:109B70002DE9F0418EB006AF78607B681B78002B32
:109B800000F0248207F110031846FFF7EFF907F100
:109B90000C031846FFF7EAF90023FB6112E2FEF717
:109BA0009FFC7B689833184601F0EAF97B6898338C
:109BB000F969184601F02DFA0346002B00F0FF81E9
:109BC000FEF78EFC7B6803F19800FB69D9B207F1C0
:109BD0000C0307F1100201F039FAFEF781FCFB7C5F
:109BE00003F02003DBB2002B11D1FB7C03F0400318
:109BF000DBB2002B0BD1FB7B03F02003DBB2002B8D
:109C000005D1FB7B03F04003DBB2002B17D07B6850
:109C10005B78002B00F0D381FB7CC3F30403DBB241
:109C20001946FB7C1A46FB7BC3F30403DBB21846E0
:109C3000FB7B00930346B34801F062FFBFE1FB7C6E
:109C400023F07F03DBB2002B06D1FB7B23F07F03E5
:109C5000DBB2002B00F0A7817B685B78002B3AD049
:109C6000FB7CC3F30403DBB298467B6803F19802E4
:109C70003B6943F317037B6107F114031946104650
:109C800001F018FA04460D463B6943F317031E46DC
:109C9000FB7BC3F30403DBB23B607B6803F19802F8
:109CA000FB6843F31703BB6107F11803194610461D
:109CB00001F000FA02460B46F96841F317010491DE
:109CC000CDE902233B680193009622462B4641468C
:109CD0008D4801F015FFFB7CC3F30403DBB2033BAB
:109CE000142B00F2B98001A252F823F0B19D0000BC
:109CF000DB9D0000059E00002F9E0000599E000085
:109D0000419D00004F9D00005D9D00006B9D000087
:109D1000799D0000879D0000959D0000A39D000097
:109D2000BF9D0000CD9D0000E99D0000F79D000053
:109D3000139E0000219E00003D9E00004B9E0000EF
:109D40003B6943F317031A467B685A6085E03B6919
:109D500043F317031A467B689A607EE03B6943F33E
:109D600017031A467B68DA6077E03B6943F3170311
:109D70001A467B681A6170E03B6943F317031A4681
:109D80007B685A6169E03B6943F317031A467B68B5
:109D90009A6162E03B6943F317031A467B68DA6114
:109DA0005BE03B6943F317031A467B681A6254E091
:109DB0003B6943F317031A467B685A624DE03B69DF
:109DC00043F317031A467B689A6246E03B6943F304
:109DD00017031A467B68DA623FE03B6943F31703D7
:109DE0001A467B681A6338E03B6943F317031A4647
:109DF0007B685A6331E03B6943F317031A467B687B
:109E00009A632AE03B6943F317031A467B68DA63D7
:109E100023E03B6943F317031A467B681A641CE08E
:109E20003B6943F317031A467B685A6415E03B69A4
:109E300043F317031A467B689A640EE03B6943F3C9
:109E400017031A467B68DA6407E03B6943F317039C
:109E50001A467B681A6500E000BFFB7BC3F304036E
:109E6000DBB2083B0F2B00F29C8001A252F823F0DA
:109E7000B19E0000BF9E0000CD9E0000DB9E000052
:109E8000E99E0000F79E00000D9F00001B9F000050
:109E9000299F0000379F0000459F0000539F00004E
:109EA000639F0000739F0000839F0000939F00004A
:109EB000FB6843F317031A467B685A6572E0FB6838
:109EC00043F317031A467B689A656BE0FB6843F31C
:109ED00017031A467B68DA6564E0FB6843F31703EF
:109EE0001A467B681A665DE0FB6843F317031A465F
:109EF0007B685A6656E0FB6843F317031A467B6893
:109F00009A664FE0880A0200CC0A0200FB6843F31D
:109F100017031A467B68DA6644E0FB6843F31703CD
:109F20001A467B681A673DE0FB6843F317031A463D
:109F30007B685A6736E0FB6843F317031A467B6871
:109F40009A672FE0FB6843F317031A467B68DA67CA
:109F500028E0FB6843F317031A467B68C3F88020A8
:109F600020E0FB6843F317031A467B68C3F884209C
:109F700018E0FB6843F317031A467B68C3F8882090
:109F800010E0FB6843F317031A467B68C3F88C2084
:109F900008E0FB6843F317031A467B68C3F8902078
:109FA00000E000BF0BE07B685B78002B07D0FB7CF8
:109FB000C3F30403DBB21946074801F0A1FDFB69B6
:109FC0000133FB61FB691D2B7FF6E9AD00BF203734
:109FD000BD46BDE8F08100BF300B020080B584B003
:109FE00000AFF860B9607A603B60974801F088FD87
:109FF0009648FBF76DFB02460B46954801F080FD45
:10A000009248FBF779FB02460B46924801F078FD37
:10A010008E48FBF785FB02460B468F4801F070FD2A
:10A020008A48FBF791FB02460B468C4801F068FD1D
:10A030008648FBF79DFB02460B46894801F060FD10
:10A040008248FBF7A9FB02460B46864801F058FD03
:10A050007E48FBF7B5FB02460B46834801F050FDF6
:10A060007A48FBF7C1FB02460B46804801F048FDE9
:10A070007648FBF7CDFB02460B467D4801F040FDDC
:10A080007248FBF7D9FB02460B467A4801F038FDCF
:10A090006E48FBF7E5FB02460B46774801F030FDC2
:10A0A0006A48FBF7F1FB02460B46744801F028FDB5
:10A0B0006648FBF7FDFB02460B46714801F020FDA8
:10A0C0006248FBF709FC02460B466E4801F018FD9A
:10A0D0005E48FBF715FC02460B466B4801F010FD8D
:10A0E0005A48FBF721FC02460B46684801F008FD80
:10A0F0005648FBF72DFC02460B46654801F000FD73
:10A100005248FBF739FC02460B46624801F0F8FC66
:10A110004E48FBF745FC02460B465F4801F0F0FC59
:10A120004A48FBF751FC02460B465C4801F0E8FC4C
:10A130004648FBF75DFC02460B46594801F0E0FC3F
:10A140004248FBF769FC02460B46564801F0D8FC32
:10A150003E48FBF775FC02460B46534801F0D0FC25
:10A160003A48FBF781FC02460B46504801F0C8FC18
:10A170003648FBF78DFC02460B464D4801F0C0FC0B
:10A180003248FBF799FC02460B464A4801F0B8FCFE
:10A190002E48FBF7A5FC02460B46474801F0B0FCF1
:10A1A0002A48FBF7B1FC02460B46444801F0A8FCE4
:10A1B0002648FBF7BDFC02460B46414801F0A0FCD7
:10A1C0002248FBF7C9FC02460B463E4801F098FCCA
:10A1D0001E48FBF7D5FC02460B463B4801F090FCBD
:10A1E0001A48FBF7E1FC02460B46384801F088FCB0
:10A1F0001648FBF7EDFC02460B46354801F080FCA3
:10A200001248FBF7F9FC02460B46324801F078FC95
:10A210000E48FBF705FD02460B462F4801F070FC87
:10A220000A48FBF711FD02460B462C4801F068FC7A
:10A230002B4801F065FCB86803F01CF903465BB2DB
:10A2400018461037BD4680BD600B0200105C002030
:10A25000A00B0200B00B0200C00B0200D00B0200EA
:10A26000E00B0200F00B0200000C0200140C0200D4
:10A27000280C02003C0C0200500C0200640C02008E
:10A28000780C02008C0C0200A00C0200B40C02003E
:10A29000C80C0200DC0C0200F00C0200000D0200F1
:10A2A000100D0200200D0200340D0200440D0200CA
:10A2B000540D0200680D0200780D02008C0D0200A2
:10A2C0009C0D0200AC0D0200C00D0200D00D02007A
:10A2D000E00D0200F40D0200040E0200140E020054
:10A2E000280E020080B586B000AFF860B9607A60D1
:10A2F0003B6000237B617B6901337B61BE48FFF7D4
:10A30000FFFABD48FFF7F2F8BC4801F0F9FB07F18E
:10A3100010031946B848FFF7F6F83B693A69194641
:10A32000B74801F0EDFB07F110031946B248FFF7FB
:10A33000F8F83B693A691946B24801F0E1FB07F1C8
:10A3400010031946AC48FFF7FAF83B693A69194619
:10A35000AD4801F0D5FB07F110031946A648FFF7F9
:10A36000FCF83B693A691946A84801F0C9FB07F1B6
:10A3700010031946A048FFF7FEF83B693A691946F1
:10A38000A34801F0BDFB07F1100319469A48FFF7F7
:10A3900000F93B693A6919469E4801F0B1FB07F1A3
:10A3A000100319469448FFF702F93B693A691946C8
:10A3B000994801F0A5FB07F1100319468E48FFF7F5
:10A3C00004F93B693A691946944801F099FB07F191
:10A3D000100319468848FFF706F93B693A691946A0
:10A3E0008F4801F08DFB07F1100319468248FFF7F3
:10A3F00008F93B693A6919468A4801F081FB07F17F
:10A40000100319467C48FFF70AF93B693A69194677
:10A41000854801F075FB07F1100319467648FFF7F0
:10A420000CF93B693A691946804801F069FB07F16C
:10A43000100319467048FFF70EF93B693A6919464F
:10A440007B4801F05DFB07F1100319466A48FFF7EE
:10A4500010F93B693A691946764801F051FB07F15A
:10A46000100319466448FFF712F93B693A69194627
:10A47000714801F045FB07F1100319465E48FFF7EC
:10A4800014F93B693A6919466C4801F039FB07F148
:10A49000100319465848FFF716F93B693A691946FF
:10A4A000674801F02DFB07F1100319465248FFF7EA
:10A4B00018F93B693A691946624801F021FB07F136
:10A4C000100319464C48FFF71AF93B693A691946D7
:10A4D0005D4801F015FB07F1100319464648FFF7E8
:10A4E0001CF93B693A691946584801F009FB07F124
:10A4F000100319464048FFF71EF93B693A691946AF
:10A50000534801F0FDFA07F1100319463A48FFF7E6
:10A5100020F93B693A6919464E4801F0F1FA07F112
:10A52000100319463448FFF722F93B693A69194686
:10A53000494801F0E5FA07F1100319462E48FFF7E4
:10A5400024F93B693A691946444801F0D9FA07F100
:10A55000100319462848FFF726F93B693A6919465E
:10A560003F4801F0CDFA07F1100319462248FFF7E2
:10A5700028F93B693A6919463A4801F0C1FA07F1EE
:10A58000100319461C48FFF72AF93B693A69194636
:10A59000354801F0B5FA07F1100319461648FFF7E0
:10A5A0002CF93B693A691946304801F0A9FA07F1DC
:10A5B000100319461048FFF72EF93B693A6919460E
:10A5C0002B4801F09DFA07F1100319460A48FFF7DE
:10A5D00030F93B693A691946264801F091FA07F1CA
:10A5E000100319460448FFF732F93B693A691946E6
:10A5F000214801F085FA41E0105C0020500E020075
:10A60000900E0200A40E0200B80E0200CC0E020052
:10A61000E40E0200FC0E0200100F02002C0F0200DC
:10A62000480F0200600F02007C0F0200980F02002A
:10A63000B00F0200CC0F0200E80F02000010020071
:10A640001C100200381002005010020068100200B6
:10A650008010020098100200B0100200C810020022
:10A66000E0100200F8100200101102002811020090
:10A6700040110200581102007011020007F110038E
:10A6800019462248FFF7F1F83B693A691946204814
:10A6900001F036FA07F1100319461C48FFF7F4F8E9
:10A6A0003B693A6919461B4801F02AFA07F1100381
:10A6B00019461648FFF7F7F83B693A6919461648F4
:10A6C00001F01EFA07F1100319461048FFF7FAF8D7
:10A6D0003B693A691946114801F012FA07F1100373
:10A6E00019460A48FFF7FDF83B693A6919460C48D4
:10A6F00001F006FA0B4801F003FAB86802F0BAFE5E
:10A7000003465BB218461837BD4680BD105C00207A
:10A71000841102009C110200B4110200CC1102004D
:10A72000E4110200FC110200B0B594B006AFF8606D
:10A73000B9607A603B60012387F837306749B868B1
:10A7400002F03CFCB8626549002002F037FC7862F8
:10A750006249002002F032FC38624FF00002604B88
:10A76000C7E906234FF000024FF00003C7E90423B6
:10A77000BB6A002B08D15B4801F0C2F9B86802F04F
:10A7800079FE03465BB2A4E000233B6317E0BA6A9C
:10A790003B6B134493F90030002B15D0BA6A3B6B26
:10A7A000134493F90030184601F0FCFD0146BA6AE3
:10A7B0003B6B13444AB21A703B6B01333B633A6BF9
:10A7C0007B689A42E3D300E000BF7B6A002B09D08C
:10A7D000002387F8373007F118031A464249786A90
:10A7E00002F078F93B6A002B09D0002387F8373054
:10A7F00007F110031A463C49386A02F06BF9082247
:10A800003A49B86A02F082FB0346002B14D14FF09C
:10A8100000024FF00003CDE900234FF00002304B5F
:10A820003348FEF793FD334801F06AF9B86802F047
:10A8300021FE03465BB24CE00023FB622E49B86A5E
:10A8400002F0C4FC0346002B01D1294BFB62FB6ADA
:10A85000002B32D097F8373083F00103DBB2002BA6
:10A8600019D0D7E90601D7E90423CDE90023024630
:10A870000B46F86AFEF76AFDD7E90601D7E904231B
:10A880003C6A0494CDE902237B6A009302460B469E
:10A890001A4801F035F9F86AFEF76DFD04460D46D9
:10A8A000F86AFEF775FD02460B46CDE90023224605
:10A8B0002B46134801F024F903E0B96A114801F06E
:10A8C0001FF9114801F01CF9B86802F0D3FD0346E6
:10A8D0005BB218463837BD46B0BD00BF2412020037
:10A8E0000000F03F2C1202009012020094120200AD
:10A8F000405F0020A0120200D8120200E012020005
:10A90000241302005413020094130200B0B584B063
:10A9100000AFF860C7E90023FB681846FEF740FC6B
:10A920001D4AFB681A60F968D7E90023C1E90223D0
:10A93000FB6810331D241D4604E02846FEF716FB75
:10A94000013C0435002CF8DAFB6888331D241D46D1
:10A9500004E02846FEF70AFB013C0435002CF8DA37
:10A96000FB68002283F80021FB68002283F80121A4
:10A97000FB68002283F80221FB68002283F8032190
:10A980000120FEF7B9FC0120FEF7C0FCFB68184669
:10A990001037BD46B0BD00BF3C18020080B582B084
:10A9A00000AF7860054A7B681A607B681846FEF73E
:10A9B00007FC7B6818460837BD4680BD3C1802007E
:10A9C00080B582B000AF78607868FFF7E7FF4FF49A
:10A9D0008471786812F02CF97B6818460837BD46F8
:10A9E00080BD000080B584B000AF78600020FEF725
:10A9F00043FC42F21070F6F71FF807F10E031A46F7
:10AA00000021786800F078FBFB8919462D4801F099
:10AA100077F807F10E031A460121786800F06CFB05
:10AA2000FB891946284801F06BF807F10E031A4616
:10AA30000621786800F060FBFB891946234801F085
:10AA40005FF807F10E031A460721786800F054FBFF
:10AA5000FB8919461E4801F053F807F10E031A4608
:10AA60000921786800F048FBFB891946194801F074
:10AA700047F807F10E031A460321786800F03CFB03
:10AA8000FB891946144801F03BF807F10E031A46FA
:10AA90000421786800F030FBFB8919460F4801F06B
:10AAA0002FF807F10E031A460521786800F024FB01
:10AAB000FB8919460A4801F023F800BF1037BD464C
:10AAC00080BD00BFB8130200E013020008140200AA
:10AAD000301402005814020080140200A81402006E
:10AAE000D014020080B58CB004AF78600B46FB70C8
:10AAF0000020FEF7C1FB42F21070F5F79DFF07F151
:10AB00001C00002300220621FEF743FA397F7868F3
:10AB100000F01CFB4FF47A70F5F78EFF07F1180078
:10AB200001230293012301930023009301230022B8
:10AB30000121FEF75CFA07F11400002300930023C3
:10AB400001220021FEF7A6FA07F11000012301936C
:10AB500001230093012301220121FEF7D2FA3B7E5B
:10AB60001A460021786800F0C0F93B7D1A460121A1
:10AB7000786800F0BAF93B7C1A460621786800F044
:10AB8000B4F9FB781A460721786800F0AEF9002284
:10AB90000821786800F0A9F907F10E031A46002190
:10ABA000786800F0A9FA3B7E1A46FB89DBB29A422C
:10ABB00006D13B7E1A46FB891B0A9BB29A4208D0FB
:10ABC000FB8919463B7E1A463B4800F099FF00235B
:10ABD0006EE007F10E031A460121786800F08CFA46
:10ABE0003B7D1A46FB89DBB29A4206D13B7D1A4671
:10ABF000FB891B0A9BB29A4208D0FB8919463B7D10
:10AC00001A462E4800F07CFF012351E007F10E03A5
:10AC10001A460621786800F06FFA3B7C1A46FB89D9
:10AC2000DBB29A4206D13B7C1A46FB891B0A9BB2D7
:10AC30009A4208D0FB8919463B7C1A46204800F00E
:10AC40005FFF062334E007F10E031A4607217868F8
:10AC500000F052FAFA78FB89DBB29A4205D1FB7810
:10AC6000FA89120A92B2934208D0FB891946FB78FE
:10AC70001A46144800F044FF072319E007F10E03B9
:10AC80001A460921786800F037FAFB89DBB28B2B72
:10AC900004D1FB891B0A9BB28B2B08D0FB8948F699
:10ACA0008B321946084800F02BFF092300E00023EF
:10ACB00018462037BD4680BDF81402003C1502003E
:10ACC00080150200C41502000416020080B483B08F
:10ACD00000AF78607B68002283F800217B68002247
:10ACE00083F801217B68002283F802217B6800221F
:10ACF00083F8032100BF0C37BD4680BC704780B588
:10AD000084B000AF786039603B681D2B0FD878683D
:10AD100000F033FAF86001223B6802FA03F3FA68A4
:10AD20001343FB60F968786800F04FFA00E000BF59
:10AD30001037BD4680BD000080B584B000AF78609C
:10AD40007B6893F800311A460321786800F0CDF84B
:10AD50007B6893F801311A460421786800F0C5F841
:10AD60007B6893F802311A460521786800F0BDF837
:10AD70007B6893F803311A460621786800F0B5F82D
:10AD800007F10E031A460321786800F0B5F97B68D5
:10AD900093F800311A46FB89DBB29A4208D17B68EE
:10ADA00093F800311A46FB891B0A9BB29A4204D0E1
:10ADB000FB8919462E4800F0A3FE07F10E031A4640
:10ADC0000421786800F098F97B6893F801311A46FD
:10ADD000FB89DBB29A4208D17B6893F801311A46AD
:10ADE000FB891B0A9BB29A4204D0FB891946214871
:10ADF00000F086FE07F10E031A460521786800F080
:10AE00007BF97B6893F802311A46FB89DBB29A42E0
:10AE100008D17B6893F802311A46FB891B0A9BB262
:10AE20009A4204D0FB891946134800F069FE07F1E5
:10AE30000E031A460621786800F05EF97B6893F8E5
:10AE400003311A46FB89DBB29A4208D17B6893F83A
:10AE500003311A46FB891B0A9BB29A4204D0FB8934
:10AE60001946064800F04CFE00BF1037BD4680BDB5
:10AE70004416020080160200BC160200F8160200FA
:10AE800080B588B004AF78600123FB7307F1080038
:10AE90000123029300230193002300930123002246
:10AEA0000121FEF7A4F83B7A23F020033B723B7AA2
:10AEB00043F002033B723B7A23F010033B723B7A70
:10AEC0001A460021786800F010F807F10C00002302
:10AED00000220421FEF75DF8397B786800F036F92E
:10AEE000FB7B18461037BD4680BD80B584B000AFEF
:10AEF00078600B46FB701346BB7007F10C031846D5
:10AF000000F084F9FB7843F06003DBB219467868FF
:10AF100000F0A3F9BB781946786800F09EF907F1B4
:10AF20000C03184600F084F91037BD4680BD90B57B
:10AF300085B000AF78600B46FB7007F10C03184634
:10AF400000F064F90023FB73FB7843F04003DBB2AD
:10AF50001946786800F081F9786800F08CF90346AA
:10AF6000DAB2FB7B1343FB73FB7B9CB207F10C0350
:10AF7000184600F05DF9234618461437BD4690BDCB
:10AF800080B586B000AF786007F110031846FDF772
:10AF9000EDFF07F10C031846FDF7E8FF07F10C027F
:10AFA00007F110031946786800F073F9FB7CC3F3CE
:10AFB0000403DBB21D2B0FD8FB7C23F07F03DBB235
:10AFC000002B09D0FB7CC3F30403DBB21A467B6879
:10AFD0000432396943F82210FB7BC3F30403DBB26C
:10AFE0001D2B0FD8FB7B23F07F03DBB2002B09D096
:10AFF000FB7BC3F30403DBB21A467B682232F96899
:10B0000043F822100123FB75FB7D18461837BD4617
:10B0100080BD80B584B000AF786039603B681E2B7E
:10B0200001D900230EE0786800F0A7F8F860FA680C
:10B030003B6822FA03F303F00103002B14BF012342
:10B040000023DBB218461037BD4680BD80B485B002
:10B0500000AFF8607A603B600B46FB72FB7A1D2BF9
:10B0600022D8FB7A7968FA6804339B001344186885
:10B070000860FB7A3968FA6822339B001344186829
:10B080000860FB7AFA6804339B001344DA7822F0F4
:10B090008002DA70FB7AFA6822339B001344DA7874
:10B0A00022F08002DA7000E000BF1437BD4680BC99
:10B0B0007047000080B582B000AF786039603B68AF
:10B0C0001B68184610F0CCFF7B68D3E9022311F00F
:10B0D00031F802460B46104619464FF00002054B68
:10B0E00011F052F902460B46104619460837BD4684
:10B0F00080BD00BF00005E4180B586B000AFF86043
:10B100000B467A60FB7207F11403184600F07EF8D4
:10B110007B6800221A80FB7A43F04003DBB21946B9
:10B12000F86800F09AF8F86800F0A5F803461A46A7
:10B130007B681B8813439AB27B681A8007F114035B
:10B14000184600F075F81837BD4680BD80B584B04C
:10B1500000AF7860397007F10C03184600F056F81C
:10B160003B781946786800F078F807F10C03184628
:10B1700000F05EF81037BD4680BD80B485B000AFEA
:10B1800078600023FB607B6893F800311A46FB6807
:10B190001343FB607B6893F801311B02FA68134389
:10B1A000FB607B6893F802311B04FA681343FB6071
:10B1B0007B6893F803311B06FA681343FB60FB6856
:10B1C00018461437BD4680BC704780B483B000AFCA
:10B1D000786039603B68DAB27B6883F800213B68AD
:10B1E0001B0ADAB27B6883F801213B681B0CDAB2D8
:10B1F0007B6883F802213B681B0EDAB27B6883F818
:10B20000032100BF0C37BD4680BC704780B582B0BB
:10B2100000AF78604FF47A70F5F70EFCFEF704F893
:10B220000120FEF729F87B6818460837BD4680BD27
:10B2300080B582B000AF78600120F5F7FDFBFDF727
:10B24000F3FF0020FEF718F84FF47A70F5F7F4FBDF
:10B250007B6818460837BD4680BD80B582B000AF18
:10B2600078600B46FB70FB781846FEF71BF800BFB2
:10B270000837BD4680BD80B584B000AF786000203F
:10B28000FEF720F80346FB81FB8918461037BD46C0
:10B2900080BD80B586B000AFF860B9607A600023E9
:10B2A000FB8207F114031846FFF7B0FF3021F8685E
:10B2B000FFF7D3FFF868FFF7DEFF0346FB82FB8A48
:10B2C000DAB2BB68DA70FB8A1B0A9BB2DAB27B681F
:10B2D000DA70F868FFF7CFFF0346FB82FB8ADAB229
:10B2E000BB689A70FB8A1B0A9BB2DAB27B689A70C1
:10B2F000F868FFF7C0FF0346FB82FB8ADAB2BB683F
:10B300005A70FB8A1B0A9BB2DAB27B685A70F868E3
:10B31000FFF7B1FF0346FB82FB8ADAB2BB681A7003
:10B32000FB8A1B0A9BB2DAB27B681A7007F114031E
:10B330001846FFF77DFF1837BD4680BD00000000AE
:10B3400080B582B002AFC048FEF732F84FF000027D
:10B350004FF00003CDE900234FF00002BB4BBC4887
:10B36000FDF7DEFF4FF000024FF00003CDE90023B0
:10B370004FF00002B54BB748FDF7D2FF4FF0000287
:10B380004FF00003CDE900234FF00002AF4BB2486D
:10B39000FDF7C6FF4FF000024FF00003CDE9002398
:10B3A0004FF00002A94BAD48FDF7BAFF4FF0000285
:10B3B0004FF00003CDE900234FF00002A34BA84853
:10B3C000FDF7AEFF4FF000024FF00003CDE9002380
:10B3D0004FF000029D4BA348FDF7A2FF4FF0000283
:10B3E0004FF00003CDE900234FF00002974B9E4839
:10B3F000FDF796FF4FF000024FF00003CDE9002368
:10B400004FF00002914B9948FDF78AFF4FF0000280
:10B410004FF00003CDE900234FF000028B4B94481E
:10B42000FDF77EFF4FF000024FF00003CDE900234F
:10B430004FF00002854B8F48FDF772FF4FF000027E
:10B440004FF00003CDE900234FF000027F4B8A4804
:10B45000FDF766FF4FF000024FF00003CDE9002337
:10B460004FF00002794B8548FDF75AFF4FF000027C
:10B470004FF00003CDE900234FF00002734B8048EA
:10B48000FDF74EFF4FF000024FF00003CDE900231F
:10B490004FF000026D4B7B48FDF742FF4FF000027A
:10B4A0004FF00003CDE900234FF00002674B7648D0
:10B4B000FDF736FF4FF000024FF00003CDE9002307
:10B4C0004FF00002614B7148FDF72AFF4FF0000278
:10B4D0004FF00003CDE900234FF000025B4B6C48B6
:10B4E000FDF71EFF4FF000024FF00003CDE90023EF
:10B4F0004FF00002554B6748FDF712FF4FF0000276
:10B500004FF00003CDE900234FF000024FF08043DD
:10B510006148FDF705FF4FF000024FF00003CDE951
:10B5200000234FF00002494B5C48FDF7F9FE4FF055
:10B5300000024FF00003CDE900234FF00002434B1F
:10B540005748FDF7EDFE4FF000024FF00003CDE944
:10B5500000234FF000023D4B5248FDF7E1FE4FF053
:10B5600000024FF00003CDE9002335A3D3E9002307
:10B570004D48FDF7D5FE4FF000024FF00003CDE936
:10B5800000234FF00002314B4848FDF7C9FE4FF051
:10B5900000024FF00003CDE900234FF000022B4BD7
:10B5A0004348FDF7BDFE4FF000024FF00003CDE928
:10B5B00000234FF00002254B3E48FDF7B1FE4FF04F
:10B5C00000024FF00003CDE900234FF000021F4BB3
:10B5D0003948FDF7A5FE4FF000024FF00003CDE91A
:10B5E00000234FF000024FF080433448FDF798FEEF
:10B5F0004FF000024FF00003CDE900234FF00002AE
:10B60000124B2F48FDF78CFE4FF000024FF0000365
:10B61000CDE900234FF000020C4B2A48FDF780FED5
:10B620004FF000024FF00003CDE900234FF000027D
:10B630004FF080432448FDF773FE4FF0000245E0D1
:10B640005EBA490C02AB1E40105C00200000F03FC7
:10B65000B05D0020C05D0020D05D0020E05D0020D6
:10B66000F05D0020005E0020105E0020205E0020C3
:10B67000305E0020405E0020505E0020605E0020B2
:10B68000705E0020805E0020905E0020A05E0020A2
:10B69000B05E0020C05E0020D05E0020E05E002092
:10B6A000F05E0020005F0020105F0020205F00207F
:10B6B000305F0020405F0020505F0020605F00206E
:10B6C000705F0020805F0020905F00204FF000033B
:10B6D000CDE900234FF000024FF080431C48FDF7F6
:10B6E0001FFE4FF000024FF00003CDE900234FF0A2
:10B6F0000002184B1848FDF713FE4FF000024FF000
:10B700000003CDE9002310A3D3E900231348FDF77C
:10B7100007FE4FF000024FF00003CDE900230AA31B
:10B72000D3E900230E48FDF7FBFD4FF000024FF078
:10B730000003CDE900234FF000020A4B0A48FDF751
:10B74000EFFD00BFBD4680BD5EBA490C02AB1E4096
:10B75000A05F00200000F03FB05F0020C05F00202D
:10B76000D05F002000405940E05F002080B500AF6E
:10B770000348FDF7ADFE0348FBF768FF00BF80BD3F
:10B78000105C00204800002080B500AFFFF7D8FD16
:10B7900080BD80B500AFFFF7E9FF80BD90B589B0EF
:10B7A00000AFF860B9607A603B600023FB61FB6822
:10B7B000002B02D0BB68002B01D10023DCE07B6BA7
:10B7C000002B16D0BB6B002B13D0B96B786B01F03C
:10B7D000E3FB03461A46796BF86801F097FB0346D2
:10B7E000002B14BF01230023DBB2002B01D0002368
:10B7F000C2E0BB68BB61BB69202B01D92023BB61C0
:10B8000097F83C3083F00103DBB2002B39D00023E2
:10B81000FB6129E0FA68FB69134493F90030602B5F
:10B8200015DDFA68FB69134493F900307A2B0EDCBE
:10B83000FA68FB69134493F90030DBB2203BDBB2BA
:10B8400059B24F4AFB6913440A461A7009E0FA6874
:10B85000FB69134493F90010494AFB6913440A46F3
:10B860001A70FB690133FB61B969F86801F094FB58
:10B870000246FB69934234BF01230023DBB2002B55
:10B88000C8D13F4B0022DA7700233B610023FB61E4
:10B8900048E0FB691B017A6813441B7A7B61BA6834
:10B8A0007B699A4201D2BB687B61FB691B017A68A4
:10B8B00013441B687A691946314801F027FB034697
:10B8C000002B0CD0FB691B017A6813441B687A6952
:10B8D0001946F86801F01AFB0346002B1FD1FB69DB
:10B8E0001B017A6813441B7A1A46FB6813443B61B8
:10B8F000FB691B017A681344DC68FB691B017A68E9
:10B9000013441868FB691B017A6813441B7A1A46B2
:10B91000BB689A1A3B6C3969A04701232CE0FB698C
:10B920000133FB61FA693B689A42B2D397F8303031
:10B93000002B18D11249134800F0E2F80023FB61F4
:10B940000BE00F4AFB69134493F9003019460E4887
:10B9500000F0D6F8FB690133FB61FB69092BF0D9D4
:10B960000A4800F0CDF897F83030002B03D1396841
:10B97000786800F00DF8002318462437BD4690BDC6
:10B98000F05F0020601802007C180200841802009A
:10B9900080B584B000AF786039600023FB6010E0B0
:10B9A000FB681B017A6813441968FB681B017A68FD
:10B9B00013445B681A46074800F0A2F8FB6801339D
:10B9C000FB60FA683B689A42EAD300BF00BF1037B9
:10B9D000BD4680BDAC18020090B587B002AFF860DC
:10B9E0007A603B600B467B81FB68002B0BD0FB68C9
:10B9F0001B680C331C6879893B6A00933B687A6842
:10BA0000F868A04702E0034800F07AF800BF143756
:10BA1000BD4690BDB418020080B586B000AFF86096
:10BA2000B9607A60BB68002B01D1002312E00023CB
:10BA30007B610AE0BA687B69134493F900301846C9
:10BA4000FCF774FD7B6901337B617A697B689A42FC
:10BA5000F0D37B6818461837BD4680BD80B586B0E8
:10BA600000AFF860B9607A60FB68B3F1804F03D330
:10BA7000FB680D4A934209D97B68BA68F9680B489C
:10BA800000F032FFFA687B68134409E0FB687B61D1
:10BA90007A68B968786901F077FC02467B681344DC
:10BAA00018461837BD4680BD0080004014190200BA
:10BAB00080B586B000AFF860B9607A60BB68002BD3
:10BAC00002D0FB68002B01D1002315E0FB683B612D
:10BAD00000237B610BE0BA687B69134493F9003063
:10BAE0003969184600F050FF7B6901337B617A6940
:10BAF0007B689A42EFD37B6818461837BD4680BDF5
:10BB00000FB480B582B000AF07F114033B603B680F
:10BB10003A6900210548F7F775F878607B681846A0
:10BB20000837BD46BDE8804004B0704719BA000030
:10BB30000EB480B585B000AF786007F12003BB601C
:10BB4000BB68FA6979680A48F7F75CF8F860FB683F
:10BB5000002B04DBFB687A68134400221A70FB6830
:10BB600018461437BD46BDE8804003B0704700BF9B
:10BB70005DBA00000CB480B584B000AF7860396065
:10BB800007F11C03BB60BB68BA6979680548F7F721
:10BB900039F8F860FB6818461037BD46BDE88040AC
:10BBA00002B070475DBA00000EB480B585B000AF3A
:10BBB000786007F12003BB60BB68FA6979680648C2
:10BBC000F7F720F8F860FB6818461437BD46BDE863
:10BBD000804003B0704700BFB1BA0000F0B587B035
:10BBE00004AF78607B681B889BB21E467B681B781D
:10BBF00003F00103DBB2002B01D0592400E04E24F6
:10BC00007B681B7803F00203DBB2002B01D05925BF
:10BC100000E04E257B681B7803F00403DBB2002BA9
:10BC200001D0592300E04E237A68127802F008020E
:10BC3000D2B2002A01D0592200E04E227968497818
:10BC400001F00101C9B2002901D0592100E04E21C3
:10BC50007868407800F00200C0B2002801D0592076
:10BC600000E04E2003900291019200932B46224661
:10BC700031460348FFF744FF00BF0C37BD46F0BD17
:10BC800088190200F0B589B006AF78607B681B7830
:10BC90009C467B681B7803F00103DBB2002B01D0CC
:10BCA000592500E04E257B681B7803F00203DBB2C8
:10BCB000002B01D0592600E04E267B681B7803F04C
:10BCC0000403DBB2002B01D0592300E04E237A6835
:10BCD000127802F00802D2B2002A01D0592200E004
:10BCE0004E227968097801F01001C9B2002901D00B
:10BCF000592100E04E217868007800F02000C0B2A1
:10BD0000002801D0592000E04E207C68247804F0FF
:10BD10004004E4B2002C01D0592400E04E240494E5
:10BD2000039002910192009333462A4661460348EC
:10BD3000FFF7E6FE00BF0C37BD46F0BDFC19020060
:10BD400080B582B000AF78607B681B6819460348F5
:10BD5000FFF7D6FE00BF0837BD4680BD7C1A020043
:10BD6000F0B587B004AF78607B681B781E467B68AF
:10BD70001B7803F00103DBB2002B01D0592400E053
:10BD80004E247B681B7803F00203DBB2002B01D04A
:10BD9000592500E04E257B681B7803F00803DBB2D1
:10BDA000002B01D0592300E04E237A68127802F06C
:10BDB0001002D2B2002A01D0592200E04E22796846
:10BDC000097801F02001C9B2002901D0592100E011
:10BDD0004E217868007820F07F00C0B2002801D0A2
:10BDE000592000E04E2003900291019200932B46CF
:10BDF000224631460348FFF783FE00BF0C37BD469D
:10BE0000F0BD00BFA81A020080B582B000AF786014
:10BE10007B681B6819460348FFF772FE00BF0837AE
:10BE2000BD4680BD281B020080B582B000AF78609F
:10BE30007B681B6819460D48FFF762FE7B68184651
:10BE4000FFF78EFF0A48FFF75BFE7B680133184659
:10BE5000FFF718FF0648FFF753FE7B6802331846CA
:10BE6000FFF7BCFE00BF0837BD4680BD581B02006F
:10BE70008C1B020080B584B002AF78607B681968C3
:10BE80007B681B7803F00203DBB2002B01D0592240
:10BE900000E04E227B68DB7803F04003DBB2002B2E
:10BEA00001D0592000E04E207B68DB7823F07F032F
:10BEB000DBB2002B01D0592300E04E230093034650
:10BEC0000348FFF71DFE00BF0837BD4680BD00BF19
:10BED000901B0200F0B589B006AF78607B681D68E2
:10BEE0007B685E687B68D3F808C07B68DB687A682B
:10BEF000126979684969786880697C68E4690494A2
:10BF0000039002910192009363463246294603480A
:10BF1000FFF7F6FD00BF0C37BD46F0BDDC1B02008D
:10BF200080B584B000AF78601C4B1B6803F0010340
:10BF3000002B14BF01230023DBB2002B00D001BE75
:10BF40007868FFF7C7FF1648FFF7DAFD154B1B6847
:10BF50001846FFF7F5FE1248FFF7D2FD124B1B689B
:10BF60001846FFF751FF0E48FFF7CAFD0F4B1B683D
:10BF70001846FFF77FFF0A48FFF7C2FD0C4B1B680E
:10BF80001846FFF751FF0648FFF7BAFD0023FB6094
:10BF9000FB68984700BF1037BD4680BDF0ED00E05C
:10BFA000601C02005C000020640000206C00002087
:10BFB0006800002080B586B000AF78601248FFF7B7
:10BFC0009FFD7B689B693B617B685B69FB603969AE
:10BFD0000E48FFF795FDF9680D48FFF791FD002326
:10BFE0007B6104E0FCF77CFA7B6901337B617B6950
:10BFF000B3F5805FF6D30023BB60BB68984700BFF2
:10C000001837BD4680BD00BF641C0200741C0200CE
:10C01000841C020080B586B000AF78601248FFF73C
:10C020006FFD7B689B693B617B685B69FB6039697D
:10C030000E48FFF765FDF9680D48FFF761FD002325
:10C040007B6104E0FCF74CFA7B6901337B617B691F
:10C05000B3F5805FF6D30023BB60BB68984700BF91
:10C060001837BD4680BD00BF941C0200741C02003E
:10C07000841C020080B586B000AF78601248FFF7DC
:10C080003FFD7B689B693B617B685B69FB6039694D
:10C090000E48FFF735FDF9680D48FFF731FD002325
:10C0A0007B6104E0FCF71CFA7B6901337B617B69EF
:10C0B000B3F5805FF6D30023BB60BB68984700BF31
:10C0C0001837BD4680BD00BFA81C0200741C0200CA
:10C0D000841C020080B500AF0248FBF7B7FA00BF2E
:10C0E00080BD00BF5000002080B500AFFFF7F2FF19
:10C0F00080BD000080B582B000AF786039607B6899
:10C100001B6818460FF0ACFF3B68D3E9002310F022
:10C1100011F802460B46104619464FF00002054B37
:10C1200010F032F902460B46104619460837BD4654
:10C1300080BD00BF00005E4180B483B000AF786076
:10C140000B46FB707B68FA785A7000BF0C37BD460F
:10C1500080BC704780B400AF00BFBD4680BC704754
:10C1600080B582B000AF7860786800F051FC00BF05
:10C170000837BD4680BD000080B582B000AF012306
:10C18000FB710848FDF7F4FC0748FCF7C1FB0346C8
:10C19000002B01D00023FB71FB7918460837BD4600
:10C1A00080BD00BF105C0020C04B002080B584B073
:10C1B00002AF786039600A213C48FBF7EAFA0A21AD
:10C1C0003A48FBF7E6FA0A213848FBF7E2FA0A2177
:10C1D0003648FBF7DEFA0A213448FBF7DAFA0A217F
:10C1E0003248FBF7D6FA0A213048FBF7D2FA0A2187
:10C1F0002E48FBF7CEFA0A212C48FBF7CAFA482151
:10C200002A48FBF7C6FA65212848FBF7C2FA6C21D9
:10C210002648FBF7BEFA6C212448FBF7BAFA6F21D7
:10C220002248FBF7B6FA20212048FBF7B2FA452155
:10C230001E48FBF7AEFA53211C48FBF7AAFA43212C
:10C240001A48FBF7A6FA2D211848FBF7A2FA462157
:10C250001648FBF79EFA53211448FBF79AFA4D2132
:10C260001248FBF796FA0A211048FBF792FA2023AE
:10C27000009320230E4A0F490F48FFF741FC682224
:10C2800068210E48FFF73CFC0D4800F01DF8002126
:10C290000B4800F03BF800210A48FFF74DFF094822
:10C2A000FDF72EFBFFF768FFFCE700BF801A0020B8
:10C2B000741D0200781D0200A41D0200F01D020082
:10C2C000C04B0020105C002080B582B000AF7860C9
:10C2D0007B6803F5805300221A847B6803F5805342
:10C2E00000225A847B6808334FF48052002118469C
:10C2F00000F054FD7B6803F580530833184600F0C6
:10C3000017F8002318460837BD4680BD80B483B0B7
:10C3100000AF78600B46FB707B6803F580531A46CC
:10C32000FB7882F8243000BF0C37BD4680BC7047D4
:10C3300080B483B000AF78607B6800221A617B68AC
:10C3400000225A6100BF0C37BD4680BC7047000018
:10C3500080B500AF0248FBF779F900BF80BD00BF90
:10C360007800002080B500AFFFF7F2FF80BD00002D
:10C37000002301461A46184601F0AAB808B5002164
:10C38000044601F0EFF8034B1B6803B198472046C1
:10C39000F4F748FA58610020014BC0F8EC307047C0
:10C3A000441E0200034B1B5C03F00303022B08BF77
:10C3B00020387047451E0200B1F90C20F8B5160769
:10C3C0000C46074648D4496842F400630029A3811B
:10C3D0005FDDA56A002D3DD0002112F480523E6839
:10C3E0003960E16961D101233846A847451C0246FE
:10C3F0006AD0B4F90C30A56AE169580705D56368BD
:10C40000D21A236B0BB1E36BD21A00233846A8472C
:10C41000411C4CD13968B4F90C301D293FD82F4A42
:10C42000CA40D2073BD5002262602269DD04226047
:10C4300023F40062A28101D5002943D0216B3E6024
:10C4400041B104F14003994202D0384601F046F967
:10C45000002323630020F8BD0E69002EFAD0920756
:10C4600018BF00230D6808BF4B690E60AD1B8B60C1
:10C470000CE02B463246D4F824C03846E169E04748
:10C48000B0F1000CA5EB0C05664406DD002DF0DCD8
:10C49000E0E7E16B00299CDCDCE7B4F90C3043F009
:10C4A00040034FF0FF30A381F8BD226DA5E70022C5
:10C4B000B4F90C3062602269226023F40062DB046C
:10C4C000A281BBD52065B9E73B68002B91D01D2B1D
:10C4D00001D0162BE1D13E60BCE700BF0100402037
:10C4E00038B505460C4608B1436B03B3B4F90C00EC
:10C4F00088B1636EDB0701D481050FD5284621463C
:10C50000FFF75AFF636E0546DA0702D4A3899B053D
:10C5100008D5284638BD0546284638BDA06D00F030
:10C520004BFEEBE7A06D00F04FFE284638BD00F053
:10C530005BF9DBE750B338B5174B04461D680DB106
:10C540006B6BBBB1B4F90C0088B1636EDB0701D42F
:10C55000810513D528462146FFF72EFF636E054659
:10C56000DA0702D4A3899B050CD5284638BD0546B9
:10C57000284638BD284600F037F9E3E7A06D00F003
:10C580001BFEE7E7A06D00F01FFEEEE7034A04493B
:10C59000044800F077B900BF940000208800002014
:10C5A000E1C4000098000020024A0349034800F05B
:10C5B00069B900BF880000207513010098000020B1
:10C5C0000C4B416810B59942044601D004F0D2FEEC
:10C5D000A168094B994202D0204604F0CBFEE168E5
:10C5E000064B994204D02046BDE8104004F0C2BE7C
:10C5F00010BD00BF2060002088600020F060002097
:10C6000008B54B6EDA0702D48B899B0501D5002053
:10C6100008BD886D00F0D0FD002008BD08B54B6E48
:10C62000DA0702D48B899B0501D5002008BD886DEF
:10C6300000F0CAFD002008BD2DE9F84300250423C1
:10C64000304C314A3149DFF8C890DFF8C880324FAA
:10C65000324E116004F15C0029460822C4E903351A
:10C66000C4E90055C4E90555A560656600F096FB70
:10C6700004F15800C4E90749C4E90987E66200F0FB
:10C6800093FD274B2946082204F1C4006367C4E9DF
:10C690001A55C4E91E552567C4F8CC50C4F880501B
:10C6A00000F07CFB04F1680304F1C000C4F884309E
:10C6B000C4E92298C4E9247600F076FD194B294696
:10C6C00004F596700822C4F8DC30C4E93455C4E996
:10C6D0003855C4F8D850C4F83451C4F8E85000F0C4
:10C6E0005DFB04F1D003C4E93D87C4F8F09004F584
:10C6F0009470C4F8FC60C4F8EC30BDE8F84300F076
:10C7000053BD00BF2060002058610020A9C5000073
:10C7100085CB0000ADCB0000EDCB000011CC0000BC
:10C720000900010012000200F8B506462A4800F090
:10C7300043FD2A4B1B68002B43D0294FD7E9013416
:10C74000013B04D524E05A1C04F1680420D0B4F95C
:10C750000C50013B002DF6D1224B04F15800E36050
:10C76000656600F021FD1C4800F02EFD08222946D8
:10C77000C4E90155C4E904552560A56104F15C00D4
:10C7800000F00CFBC4E90C55C4E911552046F8BD76
:10C790003D680DB12F46D1E74FF4D671304601F018
:10C7A00099F8044680B104230560294625460C30DB
:10C7B0004FF4D072A060636000F0F0FA3C602F4646
:10C7C000BCE7FFF739FFB8E703483C6000F0FCFC2A
:10C7D0000C233360DAE700BF7C6100205861002041
:10C7E000880000200100FFFF10B504460A4800F051
:10C7F000E3FC636B23B9094B094A1B68626323B1ED
:10C80000BDE81040044800F0DFBCFFF715FFBDE8AD
:10C810001040014800F0D8BC7C6100205861002025
:10C82000C1C50000014800F0C7BC00BF7C6100200A
:10C83000014800F0C9BC00BF7C61002008B5054874
:10C8400000F0BAFCBDE808400020034A034900F0AC
:10C8500019B800BF7C6100208800002001C60000DC
:10C8600008B50020044A054900F00CF8BDE808406E
:10C87000034800F0A9BC00BF880000201DC60000CE
:10C880007C6100202DE9F8434FF0000980460F46F7
:10C890001646D6E90154013D10D4A389012B08D9CD
:10C8A000B4F90E30013304D021464046B84749EA76
:10C8B0000009013D6B1C04F16804EED13668002EBE
:10C8C000E7D14846BDE8F8830EB400B582B003ABAB
:10C8D00053F8042B8168019302F0ECFE02B05DF87E
:10C8E00004EB03B0704700BF0FB400B5074A83B034
:10C8F00004AB106853F8042B8168019302F0DAFE50
:10C9000003B05DF804EB04B0704700BF9400002052
:10C9100070B505460E46144610B1436B002B2FD060
:10C92000636ED80702D4A389990520D5A368013B7B
:10C93000002BA36019DAA26993420FDBF0B20A2838
:10C940000CD0054623685A1C22601E70636EDA07FD
:10C9500002D4A3899B050ED5284670BD28462246E1
:10C96000314600F059F90546F0E7F0B2E9E7A06D6D
:10C9700000F022FCDAE7A06D00F026FC284670BD2E
:10C98000FFF732FFCCE700BF1E4B70B51E680546AF
:10C990000C4616B1736B002B2FD0636ED80702D4F0
:10C9A000A389990520D5A368013B002BA36019DA60
:10C9B000A26993420FDBE8B20A280CD0064623682E
:10C9C0005A1C22601D70636EDA0702D4A3899B058E
:10C9D0000ED5304670BD30462246294600F01CF97F
:10C9E0000646F0E7E8B2E9E7A06D00F0E5FBDAE71C
:10C9F000A06D00F0E9FB304670BD3046FFF7F4FE55
:10CA0000CBE700BF940000208268FFF781BF00BF22
:10CA1000024B014618688268FFF77ABF9400002035
:10CA200030B5054689B008460C4600F023FD0123C9
:10CA30000222234907936B6B0691029204A9421CC0
:10CA400004940191AC68059003926BB3636EB4F9E2
:10CA50000C20D80701D491051FD5900405D442F4C9
:10CA6000005223F40053A2816366990420D4214626
:10CA7000284601AA04F0E6FCE8B90A25636EDA0745
:10CA800002D4A3899B0502D5284609B030BDA06D0C
:10CA900000F09AFB284609B030BDA06D00F08CFB79
:10CAA000B4F90C20636ED8E72846FFF79DFECDE76A
:10CAB0004FF0FF35E3E74FF0FF35636EDFE700BF70
:10CAC000481F0200024B01461868FFF7A9BF00BFCC
:10CAD000940000200EB44FF40172F0B500269CB013
:10CAE00021AD55F8047BADF814201B9602900690FA
:10CAF00000F0C0FC4FF6FF7204460A4B0A49ADF83D
:10CB000016200A933A462B46086802A90E961396F9
:10CB100001950394079401F09DF91CB0BDE8F04025
:10CB200003B07047A9CB0000940000200CB44FF470
:10CB300001732DE9F04100269CB022AD074608465E
:10CB400055F8048BADF81430029106911B9600F055
:10CB500091FC4FF6FF7304460949ADF816300A916F
:10CB6000424638462B4602A90E9613960195039429
:10CB7000079401F06FF91CB0BDE8F04102B07047B6
:10CB8000A9CB000010B50C46B1F90E1000F0B2FAB6
:10CB9000002803DB236D0344236510BDA38923F420
:10CBA0008053A38110BD00BF002070472DE9F041E4
:10CBB0000C46B1F90C101F46CB05054616460BD4A2
:10CBC00021F48051A1813B4632462846B4F90E102B
:10CBD000BDE8F041F3F79CBEB4F90E100223002229
:10CBE00000F072FAB4F90C10EAE700BF10B50C4679
:10CBF000B1F90E1000F068FAB4F90C30421C0EBF07
:10CC000023F4805343F480532065A38110BD00BFFB
:10CC1000B1F90E1000F010BAF8B506460D461446EC
:10CC200010B1436B002B4AD0B4F90C30A26918073D
:10CC3000A2601FD52269EAB1EDB299042F46626E57
:10CC400024D592042FD4226823696169D31A9942AA
:10CC50002CDD0133A1680139A160511C21601570E0
:10CC600062699A4219D0A389DB0701D50A2D14D035
:10CC70003846F8BD2146304600F02EF898B9B4F990
:10CC80000C30EDB299042F46626EDAD443F40053AF
:10CC900022F40052A3816266D3E721463046FFF7B3
:10CCA0001FFC0028E4D04FF0FF37E1E72146304673
:10CCB000FFF716FC0028F6D101232268CAE7FFF728
:10CCC00093FDB1E703460A46024908681946FFF793
:10CCD000A3BF00BF9400002038B52F4B05461B684A
:10CCE0000C4613B15A6B002A4BD0B4F90C3018071C
:10CCF0001CD5226922B313F0010107D0002061691D
:10CD0000A0604942A1613AB1002038BD980758BFE0
:10CD10006169A160002AF7D1190658BF1046F4D501
:10CD200043F04003A3814FF0FF3038BDD9062CD526
:10CD30005A0712D4226943F00803A381002ADAD1EA
:10CD400003F42071B1F5007FD5D02146284604F0C8
:10CD5000EFFCB4F90C302269CDE7216B51B104F13D
:10CD60004002914204D0284600F0B8FCB4F90C30DF
:10CD7000002222630021226923F02403C4E9002158
:10CD8000D9E71846FFF730FDAFE7092243F040032B
:10CD90002A60A381C7E700BF9400002070B5860712
:10CDA00047D0541E002A3ED00346CAB201E0013CDF
:10CDB00039D303F8012B9D07F9D1032C2CD9CDB21F
:10CDC00005EB05250F2C1A4605EB054534D9A4F1D2
:10CDD000100C2CF00F0603F1100EB6444FEA1C1C89
:10CDE000C2E90055C2E9025510327245F8D10CF182
:10CDF000010214F00C0F03EB021204F00F0C13D01D
:10CE0000ACF1040323F003030433134442F8045B3E
:10CE10009342FBD10CF003042CB1C9B21C4403F8BB
:10CE2000011BA342FBD170BD64461346002CF4D114
:10CE3000F9E703461446C0E7A446E1E711F0FF0115
:10CE4000034600F0030239D08ABB026810B501EB3B
:10CE5000012E0EEB0E4E8EEA0204A2F1013323EAFC
:10CE60000203A4F1013222EA0402134313F0803FCB
:10CE70000FD150F8044F84EA0E0CA4F10133ACF149
:10CE8000013223EA040322EA0C02134313F0803F29
:10CE9000EFD0037823B936E010F8013F002B32D0F1
:10CEA0009942F9D110BD8A4228D09A0729D01A7820
:10CEB00018460133002AF6D110467047CAB90268F5
:10CEC000A2F1013323EA020313F0803F08D150F8A6
:10CED000042FA2F1013323EA020313F0803FF6D0BE
:10CEE00003785BB110F8013F002BFBD17047990725
:10CEF00005D0184613F8012B002AF8D170471846C0
:10CF0000DDE71846A1E7184610BD00BF002A3ED055
:10CF1000844630B50446084380070B462ED1032AC9
:10CF200007D82BE0043A25D01EF0803F22D1032AF7
:10CF300022D919462068A446A0F1013323EA000E45
:10CF40000B4653F8045B0434A842EBD09CF8000075
:10CF50000C7884421DD1E64668B11EF8010F11F825
:10CF6000014FA2EB0E03A04203F1FF3311D11CEBE2
:10CF70000303F1D1002030BDA44619469CF80000FF
:10CF80000C78A04205D1012AF4D0E646E4E7104629
:10CF90007047001B30BD00BF71B1034600EB010CB0
:10CFA00001E0634506D01A46117801330029F8D113
:10CFB000101A7047181A704708467047024A012332
:10CFC0001268503200F002B89400002018B3F0B498
:10CFD00007468C4617F8015B01E0A54214D01CF807
:10CFE000014B002CF9D1DDB13E460C4616F8015B31
:10CFF00000E063B114F8013B9D42FAD14DB100232A
:10D000003B701660F0BC704773B13846E0E73746B6
:10D01000EAE72E46F5E710680028D8D100207047CF
:10D0200000201560F0BC704717600370EAE700BF8E
:10D030000123FFF7CBBF00BF002238B5064D0446E1
:10D0400008462A60F3F7D2FB431C00D038BD2B689A
:10D05000002BFBD0236038BD5C610020194B1B689E
:10D0600083422ED0416C70B5054681B100268C59A3
:10D070003CB121462468284600F030FB002CF8D152
:10D08000696C0436802EF2D1284600F027FBA96B8C
:10D0900011B1284600F022FB2C6C34B121462468E3
:10D0A000284600F01BFB002CF8D1E96C11B1284692
:10D0B00000F014FB6B6B1BB12846BDE870401847AD
:10D0C00070BD70479400002038B50C461146002210
:10D0D0008446074D20462A601A466446F3F7F3FB60
:10D0E000431C00D038BD2B68002BFBD0236038BD1B
:10D0F0005C61002038B50C46114600228446074D7D
:10D1000020462A601A466446F3F7F6FB431C00D01B
:10D1100038BD2B68002BFBD0236038BD5C6100203C
:10D12000014B1868704700BF9400002070B50F4B8A
:10D130000F4DAB42A3EB050607D00024B61055F8FF
:10D14000043B01349847A642F9D81CF0CFF9094DA9
:10D15000094B5E1BAB424FEAA60606D0002455F8E9
:10D16000043B01349847A642F9D870BD04950200EB
:10D1700004950200049502001C95020038B5074D85
:10D18000074C2C1BA41005D0013C55F8043D9847D2
:10D19000002CF9D1BDE838401CF0AEB93095020042
:10D1A0001C950200704700BF704700BF704700BF6A
:10D1B000704700BF704700BF704700BF0120704735
:10D1C00001207047704700BF704700BF80EA010C24
:10D1D0001CF0030F37D110F0030C20F0030021F0F6
:10D1E000030150F8042B08BF51F8043B0ED08CF01B
:10D1F000030C6FF07F434FEACC0C23FA0CFC51F880
:10D20000043B42EA0C0243EA0C0300BFA2F1013CDA
:10D210009A4201BF2CEA020C1CF0803F50F8042B0C
:10D2200051F8043BF2D04FEA02604FEA1222012883
:10D2300028BFB0EB036F08BF1B0AF4D003F0FF0355
:10D24000000EC01A704710F0030F0AD010F8012B1F
:10D2500011F8013B012A28BF9A42F4D0A2EB030047
:10D2600070474DF8045D50F8042B01F0030521F0E0
:10D27000030151F8043B022D26D04DD822F07F4502
:10D28000B5EB132FA2F1013C2CEA020C0DD11CF0DE
:10D29000803C08BF51F8043B0AD185EA0205B5EB92
:10D2A000036F0CD150F8042BE8E74FEA13235BE03F
:10D2B0003CF07F4C54D10B784FEA126554E04FEAB2
:10D2C000126503F0FF034FE04FEA0245A2F1013C73
:10D2D0004FEA15452CEA020CB5EB134F18D11CF0A0
:10D2E000803C08BF51F8043B07D185EA0205B5EB45
:10D2F000034F09D150F8042BE6E75FEA0C4C2FD11D
:10D300000B884FEA12452FE04FEA03434FEA1245DC
:10D310004FEA134328E000BF02F0FF05B5EB136F9F
:10D32000A2F1013C2CEA020C0DD11CF0803C08BF9C
:10D3300051F8043B0AD185EA0205B5EB032F0AD167
:10D3400050F8042BE8E74FEA13630DE012F0FF0FEB
:10D3500006D051F8043B4FEA122523F07F4303E047
:10D360004FF0000020BC704705F0FF0203F0FF0003
:10D37000012828BF904204BF2D0A1B0AF4D0A2EB5B
:10D38000000020BC704700BF844641EA000313F050
:10D39000030349D1403A23D30B6803604B684360D1
:10D3A0008B688360CB68C3600B6903614B69436121
:10D3B0008B698361CB69C3610B6A03624B6A436209
:10D3C0008B6A8362CB6AC3620B6B03634B6B4363F1
:10D3D0008B6B8363CB6BC36340304031403ADBD20D
:10D3E00030320BD30B6803604B6843608B688360FB
:10D3F000CB68C36010301031103AF3D20C3205D331
:10D4000051F8043B40F8043B043AF9D2043208D006
:10D41000D2071CBF11F8013B00F8013B01D30B8878
:10D4200003806046704700BF082A13D38B07B1D032
:10D4300010F00303AED0C3F10403D21ADB071CBF04
:10D4400011F8013B00F8013BA4D331F8023B20F86E
:10D45000023B9FE7043AD9D3013A11F8013B00F8A7
:10D46000013BF9D20B7803704B7843708B78837053
:10D470006046704720F0030110F00300C0F1000087
:10D4800051F8043B00F1040C4FEACC0C6FF00002A1
:10D490001CBF22FA0CF213434FF0010C4CEA0C2C87
:10D4A0004CEA0C4CA3EB0C0222EA030212EACC1267
:10D4B00004BF51F8043B0430F4D0C2F1000102EA89
:10D4C0000102B2FA82F2C2F11F0200EBD2007047F1
:10D4D0002DE9F8431B4D0646286898460F469146AD
:10D4E000FFF76AFE184B1C681CB3286865681F2D7F
:10D4F00022DC4EB96B1C0235636044F82570FFF7DF
:10D5000063FE0020BDE8F883012304EB8501C1F828
:10D510008890D4F88821AB401A43022EC4F88821A1
:10D52000C1F80881E6D1D4F88C211A43C4F88C21C3
:10D53000E0E7064C1C60D8E7FFF746FE4FF0FF30EF
:10D54000E0E700BFD80100201063002080610020C8
:10D55000024B13B10248FEF70BBF704700000000FA
:10D560007DD100002DE9F04F82462C4B2C4F83B02B
:10D5700018688B46CDF804A0FFF71EFE3E684EB338
:10D580004FF000094FF001087468651E22D4013481
:10D5900006EB8404BBF1000F23D173682268013BC2
:10D5A000AB420CBF7560C4F8009072B1D6F8881118
:10D5B00008FA05F30B42D6F804A01CD19047736813
:10D5C0003A68534523D1B24221D1013D6B1CA4F1ED
:10D5D0000404DFD1114B186803B0BDE8F04FFFF72A
:10D5E000F3BDD4F800315B45D7D0013D6A1CA4F1EE
:10D5F0000404F6D1EEE7D6F88C01D4F8801003428B
:10D6000009D10198904773683A685345DBD0002AE6
:10D61000E0D01646B8E708469047D0E7D80100208A
:10D62000106300202DE9F84306460820894604F0DF
:10D63000B5FF0546DFF89880304600F0FFFBD8F8CC
:10D6400008305F6827F00307A7F11104A4EB090471
:10D650002C44B4FBF5F4013C05FB04F4A54208DCC2
:10D660000021304604F088FFD8F808303B44984247
:10D6700005D0304600F0E8FB0020BDE8F8833046D6
:10D68000614204F079FF01300FD0124AD8F8083017
:10D690003F1B47F001075F60136830461B1B136098
:10D6A00000F0D2FB0120BDE8F8830021304604F0F1
:10D6B00063FFD8F80820831A0F2BDADD43F001034B
:10D6C0005360054B03491B68C01A0860D1E700BFCF
:10D6D000E801002014630020DC01002000297CD038
:10D6E000F8B50C46064600F0A9FB54F8043C764F0A
:10D6F000A4F1080523F001016818D7F808C04268B2
:10D70000844522F0030200F08380DB07426000EBD7
:10D71000020C33D454F8084CDCF804302D1B21449F
:10D72000AC6807F1080C644503F0010364D0D5F838
:10D730000CE0C4F80CE0CEF80840002B00F081802B
:10D7400041F001036B600160B1F5007F22D201223C
:10D75000CB0849098A40796801330A437A6057F84F
:10D76000331007EBC302083AC5E9021247F83350F9
:10D77000CD603046BDE8F84000F066BBDCF8043010
:10D78000DB072BD541F00103B1F5007F44F8043CE1
:10D790000160DCD3B1F5206F4FEA512353D28B09DE
:10D7A00003F1390003F13802C300F818FB580838B8
:10D7B000984203D161E09B68984204D05A6822F0F5
:10D7C00003028A42F7D8D868C5E90230856030463E
:10D7D000DD60BDE8F84000F037BB7047114407F149
:10D7E000080C836863453FD0C268DA60936041F0FB
:10D7F00001036B606950A7E7002B5FD10A44D0E9B1
:10D800000213CB60996042F001036B60AA50B0E74D
:10D810000A44D90707D454F8083CED1A1A44D5E94C
:10D820000213CB60996042F001036B60274BBD602F
:10D830001B6893429DD8264B30461968FFF7F2FECD
:10D8400097E71144CDE7142B08D9542B1DD80B0BA7
:10D8500003F16F0003F16E02C300A6E703F15C0061
:10D8600003F15B02C300A0E741F00103C7E90455DF
:10D87000C5E902CC6B6069507BE70121921001FA87
:10D8800002F279680A437A609EE7B3F5AA7F06D868
:10D89000CB0B03F1780003F17702C30085E740F278
:10D8A0005452934206D88B0C03F17D0003F17C02A5
:10D8B000C3007AE74FF47E737E2276E741F00103DE
:10D8C0006B60016055E700BFE8010020E001002027
:10D8D000446300202DE9F04F01F10B05162D06469B
:10D8E00083B024D8102900F2AD8000F0A7FA1025EB
:10D8F00018234FF0020CB84F3B445C68A3F10802B8
:10D90000944200F01D8130466368E268A16823F00C
:10D910000303CA60234491605A68083442F001024C
:10D920005A6000F091FA204603B0BDE8F08F35F060
:10D93000070500F18780A94200F2848000F07EFA9A
:10D94000B5F5FC7FC0F06F816B0A7FD0042B00F22D
:10D950001E81AB0903F1390C03F1380E4FEACC00FC
:10D960009D4F384444680838A04207D10DE0002A92
:10D97000E16880F2DF80884207D00C46636823F0BC
:10D9800003035A1B0F2AF2DDF446DFF850823C698C
:10D99000444500F0BC80636823F00309A9EB05034C
:10D9A0000F2B00F34581002BC7E9048880F22F81FB
:10D9B000B9F5007FD7F804E080F0C98001234FEA71
:10D9C000D9014FEA5919194403FA09F357F83120DC
:10D9D0004EEA030E07EBC103083BA260E360C7F801
:10D9E00004E047F83140D46001204FEAAC0398408E
:10D9F000704532D810EA0E0F07D12CF0030C40000E
:10DA000010EA0E0F0CF1040CF9D007EBCC0AD64645
:10DA1000E146DEF80C300BE059681C4621F00301AA
:10DA20004A1B0F2ADB6800F3BF80002A80F2E280E5
:10DA30009E45F1D109F1010919F0030F0EF1080E0D
:10DA4000E7D11FE10C23336000246CE74FF4007032
:10DA50004FF0400C4FF03F0E82E7BC68636823F044
:10DA60000309A94503D3A9EB05030F2B52DC5C4B3B
:10DA700008201B6803F1100804EB0903009304F06D
:10DA80008DFD584A83461368A844013305D008F138
:10DA9000FF388044434203EA08084146304604F018
:10DAA0006BFDB0F1FF3F82464E4A00F0DC8004EB94
:10DAB0000903834200F2D5804B4B0BF1FF3118680C
:10DAC00040448446186040F0FB801AEA010F40F0A1
:10DAD000F780D7F808A0C84448F00102CAF804202B
:10DAE0005446424B1968814238BF1860404B196850
:10DAF000814238BF186022F00308A845A8EB05034F
:10DB000001D30F2B06DC304600F09EF99CE7D7F8D6
:10DB100004E069E7621943F0010345F0010565601F
:10DB20003046BA600834536000F08EF9204603B0E6
:10DB3000BDE8F08FA2683046D16023448A60EBE6EE
:10DB4000DC68A3427FF4DFAE0CF1020C1DE7B9F5EF
:10DB5000206F4FEA59227DD3142A00F2118102F17D
:10DB60005C03DB005B32F918FB580839994203D19A
:10DB7000ECE09B68994204D05A6822F003024A45BF
:10DB8000F7D8D968C4E902318C60DC602CE7142B2B
:10DB90006CD9542B00F2FD802B0B03F16F0C03F1B9
:10DBA0006E0E4FEACC00DBE6D4F808C030466619AA
:10DBB00045F001056560CCF80C30C3F808C042F0B0
:10DBC0000103C7E90466C6E902887360625000F089
:10DBD0003BF90834A7E600BFE8010020F00100206F
:10DBE00044630020DC010020146300204063002017
:10DBF0003C63002021444A68304642F001024A60FA
:10DC000054F8082FD3609A6000F01EF98BE6A14407
:10DC1000D9F80430304643F00103C9F8043000F06D
:10DC200013F908347FE64FEAD50C05F1080362E6E4
:10DC3000621943F0010145F0010565603046C7E90E
:10DC40000422C2E90288516044F8093000F0FCF86F
:10DC5000083468E64FEA991202F13903DB003832E2
:10DC600081E7BC4224D0BC68626844E703F15C0CE5
:10DC700003F15B0E4FEACC0072E65AF808395345BF
:10DC800040F0D8801CF0030F0CF1FF3CF5D17B680D
:10DC900023EA00037B60400098423FF6DEAE18B9ED
:10DCA000DBE6400009F104091842FAD0CC46ACE6A4
:10DCB000614B0BF1FF31186808EB000CC3F800C092
:10DCC0001068013070D004EB0902AAEB0202624432
:10DCD0001A601AF00702CDE9002340D0C2F1080211
:10DCE0009244D04408EA01005A44121A02EA010B95
:10DCF0005946304604F040FC421C019B71D0A0EB19
:10DD00000A0000EB0B08186848F001025844BC42B6
:10DD1000C7F808A01860CAF804203FF4E1AEB9F1D2
:10DD20000F0F44D94FF0050C6168A9F10C0222F0E5
:10DD3000070201F00101114361600F2A04EB0201A7
:10DD4000C1E901CC55D8DAF80420C9E601209210C7
:10DD500000FA02F24EEA020EC7F804E012E70AEBFC
:10DD600008020A40ABEB020202EA010B59463046B8
:10DD700004F002FC431C019BC1D1DDF800B0C2E7F6
:10DD8000542A18D84FEA193202F16F03DB006E32C1
:10DD9000E9E6B3F5AA7F18D8EB0B03F1780C03F191
:10DDA000770E4FEACC00DBE5C2F800A091E7012333
:10DDB000CAF80430A7E6B2F5AA7F25D84FEAD932CF
:10DDC00002F17803DB007732CDE640F25452934201
:10DDD00025D8AB0C03F17D0C03F17C0E4FEACC008F
:10DDE000BEE5009A4FF0000B083A9044A8EB0A08F1
:10DDF00089E7304604F108010093FFF76FFC009BB0
:10DE0000D7F808A018689EE740F254539A420DD8FC
:10DE10004FEA994202F17D03DB007C32A3E64FF426
:10DE20007E704FF07F0C4FF07E0E99E54FF47E73BD
:10DE30007E2298E67B682EE7146300200148FFF7F6
:10DE4000BBB900BF706100200148FFF7BDB900BF3A
:10DE5000706100202DE9F04FADF53B7D02AFC7E9C1
:10DE60001202B1F90C203B6396048A464B6E05D42E
:10DE700042F4005223F400538A814B669D04C3F39D
:10DE8000403401F1E180A1460822214607F1580003
:10DE9000FEF784FFBC62BC63FC617C633C64774B2F
:10DEA000D3F8E44004F028FB07F15802009203463F
:10DEB000FA6CB86C07F15401A047002861DBFB6CD9
:10DEC00006460344FB647B6D002B00F04B81012868
:10DED00067D0252B6ED00028E1D0FB6C01389E1B4B
:10DEE000DAF8043034181A46002A06F1FF3517DD37
:10DEF000DAF800306A781878691C904203F101035F
:10DF000040F03081DAF804208C4202F1FF32CAF886
:10DF10000030CAF8042000F03081002A0D46E7DC0A
:10DF20005146B86C08F0BAFC0028E1D03B6C23B134
:10DF3000BAF80C305A0640F11581BB6B002B01F08A
:10DF40008380BB6BDE8818687EB100248146A046C2
:10DF5000051F55F8043F0134186805F04BFC2B6889
:10DF6000B442C3F80080F4D148464FF0FF333B641D
:10DF700008B105F03FFC386C07F53977BD46BDE8C0
:10DF8000F08F4FF6FD730822002107F158007B65E2
:10DF9000FEF704FFFB6C0133FB647B6D002B00F08C
:10DFA000E180374AD25C100700F1C7850126252B96
:10DFB000304692D100242546F96C0A78A2F1250357
:10DFC00001F10108552B00F2CD80DFE813F0AB071B
:10DFD000CB00CB00CB00CB009A07CB00CB00CB0013
:10DFE000CB00CB00D206D206D206D206D206D2068B
:10DFF000D206D206D206D206CB00CB00CB00CB0095
:10E00000CB00CB00CB00DD06CB003505E700DD06FD
:10E01000DD06DD06CB00CB00CB00CB00E000CB0063
:10E02000CB004605CB00CB00CB008005CB00CB005E
:10E03000CB00CB002007CB00CB008307CB00CB006D
:10E04000CB00CB00CB00DD06CB003705E900DD06B9
:10E05000DD06DD065707A207E000CB008E07630749
:10E06000710748055407CB00CB008205DB004C0745
:10E07000CB00CB002007CB00DB0000BFD806002080
:10E08000451E020004F01003012D38BF01251A4679
:10E090007B6414F0010301F00182002A41F04982FF
:10E0A0003B6B240653F804BB3B6301F16D82D846F9
:10E0B000D7F844B05B46DC46C7F83CB000269B4628
:10E0C000644604F019FAB0423FF430AFDAE90032A6
:10E0D00013F8011B013ACAF8042007F5BC729155E8
:10E0E000FA69CAF80030032A06F1010307F1700645
:10E0F00002D13268042A06D0082200213046FB6291
:10E10000FEF74CFEFB6A009607F5BC724146B86C00
:10E11000FB6208F08BF90246F861501C3FF406AF31
:10E12000FB6A002A41F06A8299447B6C013D002B16
:10E1300041F07282C8F80030FB6B002B01F0AE8218
:10E14000A8EB0406BBEBA60F01F2A88220464FEA1B
:10E15000CB0106F0E5FA0446002841F099824FF021
:10E16000FF333B64BB6B002B3FF405AFBB6B186800
:10E170003B6C01337FF4FCAEE3E602354D44A5EB86
:10E1800006098CE62307EDD14A78414616E72207B7
:10E19000E8D14A7844F0020441460FE744F0010414
:10E1A0000A234FF0030B7B63724BBB62DAF8043037
:10E1B000002B00F35F845146B86C08F06FFB002819
:10E1C0007FF4B4AEC7F84C80600641F15C810BF17E
:10E1D000FF33032B3FF656AFDFE813F0A602E7014B
:10E1E0003D010400B86C04F099F944F4F0637B64D9
:10E1F000036800263B626B1EB3F5B27F07F5BC7B5C
:10E2000034BF4FF0000CA5F5B27C5C4628BF4FF43C
:10E21000B275C7E90466FE63FE62BE61C7F80CC052
:10E22000C7F824B0DAF800100A78A2F12B034E2BBD
:10E2300050D8DFE813F0BB034F00BB034F004F0083
:10E24000A100A500A500A500A500A500A500A500AA
:10E25000A500A5004F004F004F004F004F004F009A
:10E260004F00B0033F033F033F03DD03D4034F00E0
:10E270004F00C3034F004F004F004F0096034F0065
:10E2800075034F004F004F0070034F004F004F00C9
:10E290005903AB034F004F004F004F004F004F009A
:10E2A0004F00B0033F033F033F03DD03D4034F00A0
:10E2B0004F00C3034F004F004F004F0096034F0025
:10E2C00075034F004F004F0070034F004F004F0089
:10E2D0005903AB037B6C9B0570D5D7F820B09BF836
:10E2E000003093426AD1C7E901544FF00008554607
:10E2F000B24606E0296091F800E09BF800008645F0
:10E300001CD11BF8010F44464E46013108F10108AB
:10E3100009F10109002800F07E86686801380028AC
:10E320006860E7DC2946B86C08F0B8FA30B92968AB
:10E330009BF8000091F800E08645E2D02246334683
:10E340005646BC68AA46D7E9085BA844C7E90864F2
:10E35000914644469846BE6C14F8011D524630461C
:10E3600008F05EFAA542F7D1D7E90864A8EB0909DD
:10E3700026E000BFED5C01007B6CD90500F1518502
:10E38000FB6B9B191AD11E467B6CFE6323F4C07392
:10E390007B64013D04F8012BDAF8043009F101092E
:10E3A000013B002BCAF8043040F3BC83DAF800309C
:10E3B0000133CAF80030002D7FF434AFD7F824B011
:10E3C000FB6A002B40F03383FB6B013B012B41F2D6
:10E3D0002780731E062B40F247867B6CD80540F1E0
:10E3E000AA84590500F1468714F8011C651E6529A9
:10E3F00009F1FF360AD0452908D05246B86C08F01A
:10E400000FFA14F8021CA9F10206A51E5246B86CB8
:10E4100008F006FA7B6C13F0100340F04A86B14610
:10E420002B707B69002B40F0558700225946B86C51
:10E4300007F0EEFA7A6C3B6BD20705460E4603F105
:10E44000040440F12B861B68C3E900563C633B6C17
:10E4500001333B6423E507F5BC7B4FF000085E46C3
:10E460006B1EB3F5B27F34BF0021A5F5B271CB4668
:10E4700028BF4FF4B275D146C246B0467A6B44F419
:10E480005864F963D9F8000090F800C0ACF12B0390
:10E490004D2B62D8DFE813F0BC026100BC026100C2
:10E4A000610021031C021C021C021C021C021C0233
:10E4B0001C02C202C20261006100610061006100D1
:10E4C000610061004E004E004E004E004E004E00B6
:10E4D0006100610061006100610061006100610034
:10E4E0006100610061006100610061006100610024
:10E4F0006100B002610061006100610061006100C3
:10E50000610061004E004E004E004E004E004E0075
:10E5100061006100610061006100610061006100F3
:10E5200061006100610061006100610061006100E3
:10E530006100B0020A2A10DD24F4386406F801CB29
:10E54000D9F80430013B002BC9F8043040F3E082D5
:10E550000130C9F80000013D94D14346E005D046A2
:10E560007A63CA46D9469B4605D59E4200F272841C
:10E570005E453FF4F7AD14F0100211D159467B6BA4
:10E58000BD6AB86C3270A8473B6BA10603F1040565
:10E5900040F158841B6818603B6C3D6301333B6459
:10E5A000A6EB0B064644B14479E4002D08BF4FF0BA
:10E5B000FF35E60704F0100340F1DD82002B40F048
:10E5C000B5843A6B200652F8041B79643A6340F133
:10E5D0008F86FB6300293FF4C5AD802005F002F96A
:10E5E000FB6B024600283FF4BAAD796C0860B96B4A
:10E5F000CC888E88B44280F09085086896464FF0AB
:10E60000200C796C40F82410B96B0134CC80DAF816
:10E610000010B24E097816F8018018F008086BD186
:10E620003E622E461546C7F824E0C7F82CC0FB63AF
:10E6300003F062FF40453FF479ACDAE9003213F8A9
:10E64000011B013ACAE90032FB6907F5BC7B032BC9
:10E650000BF8081007F1700408F1010802D12368D3
:10E66000042B04D0082200212046FEF797FB0094DB
:10E670005A4643462946B86C07F0D8FE421CF8615A
:10E680003FF454AC002800F0AC85FB6902331FD086
:10E69000286807F097FF002840F09F86FB69C14477
:10E6A000032B02D12368042B00D0013EFB6B002B0F
:10E6B00040F01A867B6C0435002B00F015867B6ACF
:10E6C000EC1AFB6AB3EBA40F40F2B986D7F83C8092
:10E6D000DAF80430002B40F35586DAF800303A6A55
:10E6E0001B78D35C1B0701D4002EA1D12A46D7F892
:10E6F00024E0D7F82CC0FB6B002B7FF4D0AB136069
:10E700007B6C002B3FF4A3AEA2EB0E0293100133FF
:10E710009C457FF69CAE7C6C111D206806F000F8CD
:10E72000002840F0C58092E6002D08BF4FF0FF356D
:10E7300004F01003E607FB6240F19282002B40F0E8
:10E7400032843A6B200652F8043B7B623A6340F114
:10E75000D585002B3FF406AD802005F043F87864A2
:10E7600000283FF4FCAC7B6A7A6C1A60BB6BDC88D7
:10E770009E88B44280F0EB8418687B6A40F82430AD
:10E78000BB6B0134DC807B6CBB6120233B620024CB
:10E79000A046FE6907F5BC7BC7F83C9003F0ACFED1
:10E7A00040453FF4C3ABDAE9003213F8011B013AEC
:10E7B000032E0BF80810CAF80420CAF8003008F13C
:10E7C000010807F1600903D1D9F80030042B04D007
:10E7D000082200214846FEF7E1FACDF800907C6C53
:10E7E000434621465A46B86C07F020FE411C0646B7
:10E7F0003FF49CAB002840F0DF83206004460822F1
:10E80000002107F16800FEF7C9FADFF8D4C02246FC
:10E8100007F170042146B86CDCF8E0C007F168032A
:10E82000E047012814BF002497F8704007F17803EF
:10E830001B5D002B00F06E85FB6B032E4344FB63D6
:10E8400000F0C383013DFB6A5BB97B6C7A6A0433D9
:10E850007B6432B1BA699C1A3B6AB3EBA40F40F2F5
:10E86000CA83DAF804304FF00008002B40F3BF826F
:10E87000002D93D1D7F83C90FE61FB6A002B7FF40A
:10E880000EAB7A6C13607B6A002B3FF4E0AD13464D
:10E89000BA69991A8B103A6A01339A427FF6D7AD5A
:10E8A0007C6A0431206805F03BFF00283FF4CFADBF
:10E8B0002060CCE5796C08057FF580ADFB6B9B197A
:10E8C0007FF47CAD1E4621F4C0737B64FE6360E57B
:10E8D000044B24F4386433F912202FE6451E02005D
:10E8E000D8060020DC220200796C01F41863B3F52D
:10E8F000807F7FF463ADFB6A012B7FF45FAD21F471
:10E90000807343F400637B64302304F8013B0023ED
:10E91000013DFB623DE5062E7FF450AD072638E54C
:10E920007B6C19057FF54AAD796C01F4A063B3F5F2
:10E93000806F05D048057FF541ADFB6A002B49D0BB
:10E940007B6C990504D4FB6AB9695B1AC7E9044377
:10E950007B6C23F4786343F4C0737B640023FB6215
:10E9600017E5FB6B002B40F01F82FB6A33B97B6C11
:10E9700003F4E063B3F5E06F00F02185012E02D0CF
:10E98000042E7FF41BAD0136F6B202E5072E7FF4AC
:10E9900015AD0826FDE47B6C1B0500F1FF81FB6BC8
:10E9A000012B7FF40BAD0223FB63F2E47B6C1906B1
:10E9B0007FF504AD23F080037B64EAE4002E40F091
:10E9C000FB81FB6A8BBB7B6C03F4E063B3F5E06F08
:10E9D00000F0EE840023D7F824B0FB62F4E47B6CF3
:10E9E000180500F1D581022E7FF4E8AC0326D0E4AF
:10E9F000796C0B0598D561E704F4C063B3F5007F2B
:10EA00007FF4ABAD24F40074102244F4A06495E5C7
:10EA100023067FF5A2AD24F080048FE58D4B33F9FA
:10EA20001220082A3FF788AD97E5D7F824B07B6C11
:10EA300023F480737B64C7E444F001044FF0000BBF
:10EA4000C7F84C8044F04004DAF80430002B3FF75C
:10EA5000BBABD7F84C80FFF7AEBB44F001040823F2
:10EA60007B637D4B4FF0030BBB62DAF80430002B65
:10EA70007FF7A1ABDAF80020784E1378F35C190722
:10EA800040F16884334656469A4605E03260137872
:10EA90001AF803301B0715D5736809F10109013B0A
:10EAA000002B736002F10102F0DC3146B86C07F014
:10EAB000F5FE002840F0C582326813781AF803305A
:10EAC0001B07E9D4B246C7F84C80FFF780BB44F07F
:10EAD00001044FF0020BFFF769BB23057FF52EAD54
:10EAE00012B9082244F40074610500F1A781FB6BA0
:10EAF00024F4607413B1013BFB630135D9F8043091
:10EB00000AF1010A013B002BC9F804303FF720ADA0
:10EB10004946B86C7A6407F0C1FE7A6C00283FF46D
:10EB20001AAD1AE55146B86C07F0B8FE00287FF41C
:10EB300045AC002D7FF476AB40E4DAF80420BC6CE1
:10EB40000FE0DAF8003045491A7801338A5C110782
:10EB50007FF5A5A9DAF8042009F10109013ACAE90B
:10EB60000032002AEDDC5146204607F097FE0028CF
:10EB7000E7D0FFF794B9002B40F03F833B6B53F88D
:10EB800004BB3B6314F0800300F08A83BBF1000FE9
:10EB90003FF4E8AA202004F025FE044600283FF4B4
:10EBA000CCA9BB6BCBF80000DE88B3F804804645E7
:10EBB00080F082821868BB6B40F826B00136DE8098
:10EBC0002023DAF80000254E0278B25C110700F12C
:10EBD0008D823246A0461E464B469146DAF8042006
:10EBE000013ACAF80420421CCAF80020027804F84E
:10EBF000012BA4EB0802BBF1000F02D0B24280F05F
:10EC00005883013D0BD0DAF80420002A40F39883A2
:10EC1000DAF80000027819F802201207DED59946CA
:10EC20003346A4EB08018944013100222270BBF174
:10EC3000000F3FF40CAC8B427FF609ACDBF8000010
:10EC400005F06EFD00283FF402ACCBF80000FFF7A2
:10EC5000FEBB00BFDC2202005D5E0100451E02001B
:10EC6000FB6A002B40F06B813B6B14F0800453F87F
:10EC700004BB3B6300F04A83BBF1000F3FF472AA70
:10EC8000202004F0AFFD064600283FF456A9BB6BD8
:10EC9000CBF80000DC889A88944280F029821868BA
:10ECA000BB6B40F824B00134DC802023DAF800107C
:10ECB00007F178080A7818F80220002A3FF452AACF
:10ECC000C7F844903446D946C34698463046DAF8E9
:10ECD00004604B1C013ECAE90036097800F8011BAC
:10ECE000061BB9F1000F01D046456DD20646013D25
:10ECF0000BD0DAF80410002940F36D81DAF8001027
:10ED000008781BF800000028E0D1341BCB464346AE
:10ED1000D7F844903FF426AA00223270BBF1000FCE
:10ED200003D0611C8B4200F219833B6CA144013378
:10ED30003B64FFF7B4B87A6C12F010037FF4AFA80D
:10ED4000237002F4C063B3F5806F7FF46AABBB69D4
:10ED5000FA6A93423FF469AB9A1A07F2D2239C42B3
:10ED600028BF07F2D1242046BC4902F0EBFDFFF793
:10ED70005CBB14F08F0F7FF4F5A905EB850502EB62
:10ED80004505303DFFF700BA4FF0040BFFF70EBA10
:10ED9000FB6B9B197FF427AEFFF7F5BAFB6B9B1952
:10EDA0007FF4FDADFFF7EFBAFB6B022B7FF4E6AD0E
:10EDB0000323FB63FFF7EDBA032E3FF4E4AD052E0A
:10EDC0003FF4E1ADFFF7FABA4FEA48082046414662
:10EDD00005F0A6FC044600283FF4AFA80644C9F895
:10EDE000000084E7DAF80430002B3FF7D7AC514637
:10EDF000B86C07F053FD00283FF43AAD4446D7F80D
:10EE00003C90FE61002C3FF438ADFFF78FB844F41E
:10EE1000007410237B63924B4FF0030BBB62FFF730
:10EE2000C5B923F080037B64FB6A0133FB62FB6896
:10EE3000002B40F05681013DFFF7AEBA24F4B064D8
:10EE4000FFF77CBB220740F1A4813B6B1B68187065
:10EE5000FFF7A2BB16F8011C5246B86C013E07F042
:10EE6000DFFCFFF785BB0A237B637D4B4FF0030B71
:10EE7000BB62FFF79BB944F40874CAE723077FF429
:10EE800071A94A78682A00F07881414644F0040468
:10EE9000FFF794B814F08F037FF464A9BA6B002ACB
:10EEA00000F001824A7844F080044146FFF786B8BA
:10EEB000E1060BD43A6B52F8043B3A63220700F1A7
:10EEC0009981660740F15482A3F80090C7F84C80FE
:10EED000FEF7E5BF414607F1780002F0C7FC4FF0AE
:10EEE000010B44F04004F864AEE522077FF43AA930
:10EEF0004A786C2A00F04781414644F00104FFF74C
:10EF00005DB825437FF42EA94A7810244146FFF7C7
:10EF100055B800237B63534B4FF0030BC7F84C806D
:10EF2000BB6291E5C7F84C80FEF7D5BF4FF0000CEF
:10EF300007F15402E646C7F844C0FFF768BBDAF8A9
:10EF4000003007F178081A7818F80220002A3FF4F8
:10EF500009A90133CAF80030DAF80430012D03F1B1
:10EF6000FF33CAF804301BD0BC6C11E0DAF8003073
:10EF70001A78013318F8022092B1CAF80030DAF892
:10EF800004300BF1010B013B5D45CAF8043007D09A
:10EF9000002BEBDC5146204607F080FC0028E5D032
:10EFA000D944FEF77CBF002207F154033A627B6428
:10EFB000BA617A62FFF7EBBB821C3FF413AF7B6C44
:10EFC0001C68631C7FF41BAC30E4D9F80030042BC0
:10EFD0007FF438AC37E45146B86C07F05FFC00288A
:10EFE0003FF48CAEA642CB464346D7F844903EF45D
:10EFF0009DAF341B90E61046D90005F091FBB86137
:10F0000000283FF4ACA83B6A02197A647A6A5B0074
:10F0100010603B6225E4BC687B6C204623F42073BF
:10F020004246396ABE617B645646AA467D6802F054
:10F030005FFDBB6904469946FB6A013DBB61FFF772
:10F04000ABB9B246FEF772BF4FF0FF333B64386C8A
:10F0500007F53977BD46BDE8F08F00BF4C1F0200B1
:10F060005D5E0100ED5C0100022E40F2FA81032E8C
:10F070003FF4B3A9043EF6B2F543D7F848802544DF
:10F0800014F8011D5246404607F0CAFBAC42F7D1C6
:10F0900009F1FF39A9EB0609FFF79FB93B6BD3F8DC
:10F0A00000807B6C9B0740F18E80C8E90056FFF71B
:10F0B000CDB9B146FEF7F3BE4FF6F67398453EF66E
:10F0C00040AFBB6B08F1080818684FEA880105F0EB
:10F0D00027FB00283EF435AFBB6BA3F80480186013
:10F0E00069E5FB68013BFB60FFF756B901219CE530
:10F0F0004FF6F6739A423EF624AFBB6B02F1080856
:10F1000018684FEA880105F00BFB00283EF419AFA0
:10F11000BB6BA3F804801860C2E54FF6F6718E420F
:10F12000FB62F8633FF61BA8D7F838800836D8F89A
:10F130000000B10005F0F4FA00283FF410A8FB6AC3
:10F14000FA6BA8F80460C8F80000FFF757BA4FF64A
:10F15000F6739E423FF603A8D7F838800836D8F8F1
:10F160000000B10005F0DCFA00283EF4F8AFA8F882
:10F170000460C8F80000FFF700BB8A7844F0080478
:10F180000231FEF71BBF8A7844F002040231FEF719
:10F1900015BF630769D414F0010240F00681A4078B
:10F1A00040F10381BA4BB96AB86C994259467B6BFE
:10F1B00000F0658107F034F80B463A6B1168C1E93D
:10F1C0000003FFF7E9B902460B460DF04DFA00289F
:10F1D0005FD1284631460DF0A5FAC8F80000FFF7C8
:10F1E00035B9286007F0EEF9002840F0F680C144F8
:10F1F000FFF75BBA83F8009068E6DAF80030A54EB6
:10F200001A78B25C14073EF54AAE0133CAF80030F2
:10F21000DAF80430012D03F1FF33CAF8043008BFD7
:10F2200009F101093EF43BAE0124D7F8488011E012
:10F23000DAF800301A780133B25C100712D4CAF839
:10F240000030DAF804300134013BA542CAF804303A
:10F2500000F0C080002BEBDC5146404607F01EFB5F
:10F260000028E5D0A144FEF71ABE3B6B1B6818804E
:10F27000FFF792B95C455E467EF674AFBD6C14F83C
:10F28000011D5246284607F0CBFAB442F7D1FEF7EB
:10F2900069BF814803F03AFAC8F80000FFF7D6B812
:10F2A0005C469B468DE482B0CDE9023302ABBB6382
:10F2B000F8E5760040463146FB637A6405F030FAA3
:10F2C000804600283EF439AE7A6CFB6BCBF8000028
:10F2D000841896E43C690A230022B86C611C06F08D
:10F2E00005FD7B69C21A38E54FF00008FFF7F0B959
:10F2F0007A6C9C469E467B64FFF789B97B6A7B6487
:10F30000FB6A3B62BB617B62FFF741BA5E46234604
:10F31000A346CBE4D7F83C90FE61B8F1000F3FF470
:10F32000ACAA4546BE6C0BEB0804013D5246304684
:10F3300014F8011D07F074FA002DF6D1FFF79DBAFD
:10F340005146B86C7B6407F0A9FA7B6C00283FF447
:10F350005FAC64E4C7F84C80FEF739BFDBF800000F
:10F3600005F0DEF900283FF4E0ACCBF80000DCE467
:10F37000E5072CD4A4072AD54FEAE972C3F8009018
:10F380005A60A3E55146B86C07F088FA00283FF4AC
:10F39000A4A92A46D7F824E0D7F82CC0FB6BB8F113
:10F3A000000F7EF4C3ADFFF7A7B93B6BFFF7F2B8D0
:10F3B0007B6C012623F4F0637B64FEF7EABF7B6C71
:10F3C00023F4F0637B640123FB63FEF7E2BFC3F821
:10F3D00000907BE5A944FEF762BD2A46D7F824E0F9
:10F3E000D7F82CC0FB6BB8F1000F3FF485A90BEBED
:10F3F00008044546F3469046BE6CC7F83CC0FB6225
:10F40000013D5246304614F8011D07F009FA002D5F
:10F41000F6D14246DE46D7F83CC0FB6AFFF76CB92E
:10F420005C455E467EF69EAEBD6C14F8011D5246EC
:10F43000284607F0F5F9B442F7D1FEF793BE786A93
:10F44000D90005F06DF9786200283EF488AEFB6AB9
:10F450007A6C5B00D7F83C8005191060FB62FFF7FF
:10F4600037B95C457EF67EAE5D4614F8011D524606
:10F47000B86C07F0D5F9AC42F7D1FEF773BE06F0D1
:10F48000B7FF0B4699E6D7F84C80FFF7F3BA00BFF9
:10F490005D5E0100451E02001C2202007A6C002AFB
:10F4A0004DD13B6B53F8046B3B6323065ED5002EB6
:10F4B0003EF458AE284604F095F9804600283EF404
:10F4C0003CADBB6B3060B3F806B09C88A345C0F080
:10F4D00093804FF6F6739C423EF633ADBB6B083417
:10F4E0001868A10005F01CF900283EF42AADBB6B9A
:10F4F0009C801860BA6B0BF10103D38040F82B603D
:10F50000CDF800A041462B460122B86C07F0E2F985
:10F510000446002800F09A80A842BFF406AC0146D9
:10F52000306805F0FDF800283FF4FFAB3060FFF7CE
:10F53000FCBB00239C469B469846FEF7BDBD1C467F
:10F54000DAE900239D4202EB03014BDDCAF800100B
:10F55000B86C51461C44ED1A07F0A0F90028EFD012
:10F56000002C3EF4E3ACA144FEF799BCCDF800A01A
:10F570002B4631460122B86C07F0ACF9044600284E
:10F580007FF4D3ABFEF7D2BCBBF1000F3EF4EAAD83
:10F59000802004F027F9804600283EF4E0ADBB6BE4
:10F5A000CBF80000DE889C88A64219D34FF6F6738C
:10F5B0009C423EF6D4ADBB6B08341868A10005F040
:10F5C000AFF800283EF4CBADBB6B9C801860BB6BE2
:10F5D00040F826B00136DE80C4462023FEF76CBD1D
:10F5E0001868F4E75B1B2A442C44CAF80430CAF8B4
:10F5F0000020A144FEF753BC18687BE7FA69911C10
:10F600002FD0032A994402D13368042B00D0013D46
:10F610007B6C002B3EF490ADDAF804300026002B12
:10F6200025DD002D7EF44DAD5B46D7F83CB0A446F9
:10F63000BBF1000F04D0A8EB0C01B3EBA10F30D845
:10F640007B6C002B7EF42BACFEF701BF3B6C002BD8
:10F650003EF477ACBAF80C305B067EF587ADFEF76A
:10F6600070BCDAF804201E46002A3EF72AAD514647
:10F67000B86C07F013F90028D3D05B46A446D7F83E
:10F680003CB0002E7EF452ACBBF1000FD3D1D7E7D3
:10F69000FB6B00EB060818604FEA4B0B08F10408FF
:10F6A000BAE7DBF8000005F03BF80028C8D0CBF83B
:10F6B0000000C5E72DE9F04FDDB0914609911C46E9
:10F6C00083460F9302F02AFF036818461993FDF74B
:10F6D000D1FE0822189000212CA8FDF75FFBBBF19A
:10F6E000000F04D0DBF83430002B01F03E80099A83
:10F6F000536EB2F90C20D90702D4970540F16E86FB
:10F70000960406D4099942F4005223F400538A81E6
:10F710004B669D0401F1F883099AB2F90C30190780
:10F7200040F1C7801269002A00F0C38003F01A027A
:10F730000A2A00F0CD80002300249E46CDE9313313
:10F74000002333AACDE91634DA4614464D46CDE9F6
:10F750001BEE3092CDF868E0CDF880E0CDF874E093
:10F76000CDF82CE0CDF848E02F468B4BD3F8E46081
:10F7700002F0C2FE0DF1B00C03463A46504628A9ED
:10F78000CDF800C0B047002800F0C180C0F2B780BB
:10F79000289B252B01D00744E7E7B7EB0508064671
:10F7A00040F0B98000224FF0FF3393460A937B78F4
:10F7B0007E1C8DF897200C9299460136A9F1200302
:10F7C0005A2B00F2EB80DFE813F02203E900E90096
:10F7D0001E03E900E900E9000003E900E9006A000E
:10F7E0004D03E90061023003E9002C035B005B007C
:10F7F0005B005B005B005B005B005B005B00E900A3
:10F80000E900E900E900E900E900E9006101E90037
:10F81000F101B602610161016101E900E900E9005D
:10F82000E900B202E900E9006502E900E900E90047
:10F830000A02E9009602E900E900BE06E900E900D3
:10F84000E900E900E900E900E900E9006101E900F7
:10F85000F1013B02610161016101A8023B02ED017E
:10F86000E900CD02E900F102DF06DF02ED01E90067
:10F870000A027200E206E900E900E606E900720009
:10F880000022A9F1300316F8019B02EB820203EB80
:10F890004202A9F13003092BF5D90C928EE70F9B98
:10F8A00053F8042B002A0C920F93C0F2EC813378AA
:10F8B00082E7099D58462946FDF70EFA002841F0D7
:10F8C0008684B5F90C3003F01A020A2A7FF433AFAC
:10F8D0000999B1F90E20002AFFF62DAF4A6ED5071F
:10F8E00002D4980541F1E58023464A4658460999D5
:10F8F00001F0F0FC0B900B985DB0BDE8F08F082292
:10F9000000212CA8FDF74AFA012007442DE7B7EBA8
:10F910000508064610D0329BC4E900584344329390
:10F92000319B0133072B319310DC08340B9B43448C
:10F930000B93002E7FF436AF329B002B41F0A28058
:10F940000022099B3192B3F90C3019E05046099915
:10F9500030AA01F0FFFC80B933ACE7E750460999C3
:10F9600030AA01F0F7FC002800F08580D3460E9BFA
:10F970001BB158460E99FDF7B1FE099BB3F90C3047
:10F98000099A526ED10740F103815B0601F1C682EC
:10F990000B985DB0BDE8F08FD80600201096B9F145
:10F9A000000FC9D0012300228DF80C91069343ADBE
:10F9B0008DF897200D93CDE913220E920A921192A1
:10F9C0001BF0020302D00699023106911BF0840855
:10F9D000329E05D10C9906980F1A002F00F39B80D8
:10F9E0006AB101226260319A013601320DF197014C
:10F9F000072A32963192216000F3C583083463B13F
:10FA000002236360319B0236013326AA072B32960C
:10FA10003193226000F3AC830834B8F1800F00F01A
:10FA2000BD820A9B0D9A9F1A002F00F3F8821BF4E7
:10FA3000807F40F01C820D9B25601E446360319BDB
:10FA400032960133072B319300F3308308341BF0D7
:10FA5000040F05D00C9B069A9D1A002D00F3A0837D
:10FA6000DDE90B3206998A42ACBF9B185B180B93F9
:10FA7000002E7FF473AF002331930E9B1BB15046D1
:10FA80000E99FDF72BFE33AC109D6DE60F9B109683
:10FA9000073323F00703F3E802670F9327F00043CF
:10FAA0001F931E964FF0FF32DDE91E01B24BCDE9E8
:10FAB00016670CF0D9FD002840F0EF84DDE91E0147
:10FAC0004FF0FF32AC4B0CF0B1FD002840F0E58464
:10FAD00000220023304639460CF09EFD002841F0FC
:10FAE00019819DF8972000210320A44DA44B2BF0F1
:10FAF000800B0E910690B9F1470FD8BF1D46CDE996
:10FB000013110A910D901191002A3FF459AF069BF1
:10FB10000133069354E7102F319A41F3F181DFF856
:10FB200064C221463046099C2E46CDF854C0654635
:10FB3000219304E0103F102F01F1080116DD10237E
:10FB400001321030072ACDE931200D604B60F1DD24
:10FB50002146504630AA01F0FDFB00287FF406AF95
:10FB6000DDE93120103F102F33A9E8DC35460C4683
:10FB70000646219B013215993E44072ACDE93126DC
:10FB80002160676000F3E1859DF89720083427E73E
:10FB90009A053FF5FAAE099CA06DFDF715FBB4F987
:10FBA0000C30F2E633784BF0200B05E60F9BB9F1F1
:10FBB000430F109603F1040600F024851BF0100F8C
:10FBC00040F020850F9B43AD1B688DF80C3101235D
:10FBD00006930D9300220F968DF89720EBE60023F5
:10FBE0000F9F109657F8045B8DF89730002D00F0AA
:10FBF000ED84B9F1530F00F0CE851BF01003119383
:10FC000040F0C9850A9B002BC0F229871A46284676
:10FC1000119902F02FFD0E90002801F082820E9BB8
:10FC200011995B1B0D9323EAE3734FF07309CDE940
:10FC300013119DF897200F970A9106930E9163E791
:10FC40001BF0200F10967CD00F9B073323F0070387
:10FC50001846596850F8083B0A460F900029C0F230
:10FC600002840A990029C0F2748253EA02012BF03F
:10FC7000800740F06F820A9A002A40F07082BB46EB
:10FC80000D925CAD61E10C9B5B420C9333784BF0C1
:10FC9000040B91E510964BF0100B1BF0200200F0C6
:10FCA0008E830F9B073323F0070319465A6851F8D8
:10FCB000083B0F9100212BF4806700200A9D8DF8EE
:10FCC0009700002DC0F22A8153EA020027F0800B32
:10FCD00040F02381002D40F04D85002940F0C6847E
:10FCE00017F001030D9300F0AC8330230DF26F1574
:10FCF0008DF86F3129E110964BF0100717F02002B4
:10FD000000F04F830F9B0121073323F007031846B0
:10FD10005A6850F8083B0F90CFE73378682B03BF41
:10FD200073784BF4007B01364BF0400B44E533789D
:10FD30004BF0080B40E54BF0100B1BF0200F10961A
:10FD400082D10F9A1BF0100F52F8043B0F9240F033
:10FD500085831BF0400F00F07D8343F3C0321146D2
:10FD60001BB27BE733786C2B03BF73784BF0200B0F
:10FD700001364BF0100B1FE5FFFFEF7F581F02000D
:10FD8000541F02001023020047F630030F9AA948BF
:10FD9000ADF8983052F8043B02210F924FF07809E9
:10FDA000002210964BF002071A9086E71BF0200FF6
:10FDB000109600F061830F9B0B9A1B681A60D21794
:10FDC0005A600F9B04330F935EE6504602F0A6FB89
:10FDD000436818461D93FDF74DFB2090074650469B
:10FDE00002F09CFB83681B93002F3FF460AD1B9ACD
:10FDF0003378002A3FF4E0AC1278002A3FF4DCAC00
:10FE00004BF4806BD8E433784BF0010BD4E49DF8CD
:10FE100097203378002A7FF4CFAC20228DF89720EA
:10FE2000CAE433784BF0800BC6E4314611F8019BED
:10FE3000B9F12A0F01F01682A9F13003092B98BFFE
:10FE4000002201F2708011F8019B02EB820203EBA9
:10FE50004202A9F13003092BF5D942EAE2730E46BA
:10FE60000A93ABE42B238DF897303378A4E4B9F1EF
:10FE7000650F40F32681DDE91601002200230CF016
:10FE8000C1FB002800F0C78101236360319B6A4AEF
:10FE900001330136072B32963193226000F36F84D1
:10FEA0000834279B129A934280F2A182189B199AD8
:10FEB0001E44C4E90023319B32960133072B319352
:10FEC00000F379830834129B5D1E002D7FF7BFADD0
:10FED000102D319B40F3DE80DFF860911027DDF8B4
:10FEE0002480CDF8549004E00834103D102D40F3E8
:10FEF000D38001331036072BC4E90097CDE93136A2
:10FF0000F2DD4146504630AA01F024FA00287FF481
:10FF10002DADDDE9313633ACE7E75F46012900F06E
:10FF2000198102295CAD1ED11A9803F00F01415CC2
:10FF30001B0943EA0273120905F8011D53EA020185
:10FF4000F3D1BB465CAB5B1B0D930A9A0D99002362
:10FF50008A42B8BF0A46CDE9133306920E939DF844
:10FF600097201193D0E503F00701DB0843EA4273C1
:10FF7000D208303153EA0206284605F8011DF2D1B5
:10FF8000FE07DED53029DCD03023023805F8013CED
:10FF90005CAB1B1ABB4605460D93D6E70C9B069A35
:10FFA0009F1A002F7FF73DAD102F319B41F37A80D0
:10FFB0002248224631464FF010080646099C15900B
:10FFC00004E0103F102F02F1080215DD013310315B
:10FFD000072BC2E90068CDE93131F2DD21465046F8
:10FFE00030AA01F0B7F900287FF4C0ACDDE9313167
:10FFF000103F102F33AAE9DC14460E460133159A40
:020000021000EC
:100000003E44072BCDE931362260676000F3C7829A
:100010000A9B0D9A08349F1A002F7FF708AD074AF4
:10002000102F319B159229DD32464FF010082E46D5
:10003000099D0AE0641F0200941F020000230200D1
:10004000103F102F04F1080416DD0133B7491032B8
:10005000072BC4E90018CDE93132F1DD29465046BD
:1000600030AA01F077F900287FF480ACDDE9313265
:10007000103F102F33ACE8DC354616460133159A95
:100080003E44072BCDE931362260676000F37D8165
:100090000834CCE4A54A1592159A01332E44072B57
:1000A00022606560CDE931367FF7D0AC50460999C2
:1000B00030AA01F04FF900287FF458AC329E33ACDF
:1000C000C5E4129B319F012B06F1010607F10107E0
:1000D00004F1080940F310810123072FCDE931769F
:1000E0002560636000F3C682189B0137199A1E448D
:1000F000072FC9E90023CDE9317600F3C88209F161
:100100000809129B0022DDE916015C1E00230CF099
:1001100079FA002840F00E81013701352644072F77
:10012000CDE93176C9F80050C9F8044000F3F080F9
:1001300009F108091C9B01371E44C9F80430072F38
:100140002AABCDE93176C9F80030AFDC09F10804FB
:100150007DE45F460A2B72F1000180F0A582303306
:100160008DF86F310123BB460D930DF26F15ECE650
:100170005046099930AA01F0EDF800287FF4F6AB5B
:10018000329E33AC49E45046099930AA159301F0E8
:10019000E1F800287FF4EAAB329E159B33AC2EE4E5
:1001A000102D319B40F31587DFF884811027DDF88F
:1001B0002490CDF8548004E0103D102D04F1080483
:1001C00015DD01331036072BC4E90087CDE9313640
:1001D000F2DD4946504630AA01F0BCF800287FF411
:1001E000C5ABDDE93136103D102D33ACE9DC013310
:1001F000159A2E44072BC4E90025CDE931367FF747
:100200002FAC5046099930AA01F0A4F800287FF4D9
:10021000ADAB329E24E42799002940F3ED80DDE95F
:1002200011839845A8BF9846B8F1000F0ADD319BAD
:1002300046440133072BC4E900583296319300F34A
:1002400044860834119FB8F1000FA8BFA7EB080738
:10025000002F00F30183DDF844901BF4806FA94464
:1002600040F05D85279B129A9342C0F2E3811BF018
:10027000010F40F0DF81129AAF18A7EB0907D51ADA
:10028000AF42A8BF2F46002F0BDD319B3E44013308
:10029000072BC4F8009067603296319300F34886CC
:1002A0000834002FA8BFED1B002D7FF7D0AB102D19
:1002B000319B7FF7EFAEDFF874901027DDF82480D4
:1002C000CDF8549004E00834103D102D7FF7E4AED3
:1002D00001331036072BC4E90097CDE93136F2DD42
:1002E0004146504630AA01F035F800287FF43EAB75
:1002F000DDE9313633ACE7E71BF0010F7FF4ECAEFC
:100300000123072FCDE93176256063607FF712AFB7
:100310005046099930AA01F01DF800287FF426AB59
:10032000DDE931760DF1CC0904E700BF00230200BE
:1003300010230200129B012B7FF7FCAE112B40F320
:100340007387AB4BCDF828B010259B46DDF8248091
:10035000159305E009F10809103C102C40F3C18207
:1003600001371036072FC9E900B5CDE93176F1DD47
:100370004146504630AA00F0EDFF00287FF4F6AA6F
:10038000DDE931760DF1CC09E6E75046099930AA4E
:1003900000F0E0FF00287FF4E9AA329E33ACFFF7BB
:1003A00046BB0F9951F8043B0F9117F010014FD144
:1003B00017F0400047D00A469BB201217DE40F9917
:1003C00051F8043B0F911BF010017FF473AC1BF04C
:1003D000400000F095820A469BB26BE4099DA86D2F
:1003E000FCF7EAFEB5F90C206B6EFFF789B91BF03C
:1003F000010F3FF42CAB59E501236360319B7D4A2B
:1004000001330136072B32963193226000F32E859B
:100410000834002940F04682129A0BF0010313437E
:100420003FF415AB189B199A1E44C4E90023319B75
:1004300032960133072B319300F32E8304F1080227
:1004400041E25CAD81E517F400721CBF0246DBB2ED
:10045000012132E41BF4007F40F0EB82DA171146F1
:100460000029BFF6FEAB5B425F464FF02D004FF018
:10047000010162EB420221E41BF0100F40F0E68123
:100480001BF0400F40F0CF821BF4007F00F0DE81B4
:100490000F9B0B9A1B681A7093E4DDE91601024664
:1004A0000B460CF0E1F8002840F02586B9F1610F09
:1004B00000F01785B9F1410F00F0C1820A9B0133AA
:1004C00000F0118629F02003472B00F0E1850E9003
:1004D000DDE91612002A13464BF48078C0F2D3846B
:1004E00000231593DDE91623CDE92223A9F1410369
:1004F000252B00F21782DFE813F021031502150205
:100500001502E102AE0315021502150215021502CD
:100510001502150215021502150215021502150223
:100520001502150215021502150215021502150213
:1005300015021502150215021502210315021502F6
:100540001502E102AE032C4B10961A931BF0200209
:100550007ED00F9B073323F0070319465A6851F8E2
:10056000083B0F911BF0010F09D053EA020106D09E
:1005700030218DF899904BF0020B8DF898100221E4
:100580002BF48067FFF799BB1096FFF786BB5F4699
:100590001096FFF7B3BB194B10961A93D6E7504647
:1005A000099930AA00F0D6FE00287FF4DFA9329E18
:1005B00033ACFFF736BA5046099930AA00F0CAFEAC
:1005C00000287FF4D3A9329E33AC7CE40A9B2946F1
:1005D000062B28BF06232A460A950E95CDE913114E
:1005E000074D06930F970D931191FFF78DBA00BF3A
:1005F00000230200941F0200781F0200641F020003
:100600008C1F0200082200212EA8FCF7C7FB0F9ABE
:1006100043AD2EAB29465046126805F061FF0346F4
:1006200001330D9000F004860D9B23EAE3730693DB
:10063000FFF7D0BA189A19991644C4E90012319AF2
:1006400032960132072A319200F34D84083412E6C3
:100650000F9951F8043B0F911BF0100182D11BF050
:10066000400000F054810A469BB27BE70A9B5CADD8
:100670000D936AE45046099930AA00F06BFE0028F9
:100680007FF474A9DDE931760DF1CC092CE55046F3
:10069000099930AA00F05EFE00287FF467A9DDE921
:1006A00031760DF1CC092CE5CDE90D9707F4806684
:1006B0004FF0000EDFF864B21B9F0DF5B87C069476
:1006C00006E00A2B72F1000237D343462246AC46BD
:1006D000991841F10001ABFB010424F0030000EB89
:1006E00094004FF0CC34091A581A04FB00F462F15C
:1006F0000009A0FB0B800BFB09440444052008F013
:100700000109A9FB000940184FEA5808303048EAAF
:10071000C4780EF1010E0CF1FF350CF8010C6408E1
:10072000002ECED039788E45CBD1BEF1FF0FC8D088
:100730000A2B72F1000280F0D2821B97069CCDF842
:1007400048E0DDE90D97FFF7FCBB5046099930AA58
:10075000159300F0FFFD00287FF408A99DF897206D
:10076000329E159B33ACFFF73BB95846FCF73CF87B
:10077000FEF7BDBF01295F467FF4D3ABEFE45046DF
:10078000099930AA00F0E6FD00287FF4EFA8329E18
:1007900033ACFFF786BB0DF1B808082200214046B4
:1007A0002995FCF7FBFA0A9B002BC0F289820026F0
:1007B0000694CDF83490344699460FE043465046AF
:1007C00043A905F08DFE431C06F10406204400F009
:1007D0007984484506DC00F0E4840446299B9A5954
:1007E000002AEBD1DDF834900D94069C0D9B002B74
:1007F00000F05183632B40F3FB835046591CFDF7F7
:1008000069F80546002800F046850E900822002170
:100810004046FCF7C3FA0D9E294633465046CDF8B4
:10082000008029AA05F0AEFE864240F02D85002307
:100830000D9ACDE9133322EAE271AB549DF897206B
:100840000F9706910A931193FFF75EB90F9B0B9ACE
:100850001B681A60FFF7B5BA102F319B40F30D8566
:100860002F4932464FF010090E46DDF824801591CD
:1008700004E00834103F102F40F33E820133103261
:10088000072BC4E90069CDE93132F2DD414650461B
:1008900030AA00F05FFD00287FF468A8DDE931325E
:1008A00033ACE7E7189B199A1E44C4E90023319B37
:1008B00032960133072B319300F3EE8004F10802E6
:1008C0000029C0F29983129901330E44072BCDE918
:1008D0003136156051603FF7E9AB02F10804FFF7CC
:1008E000B6B8DDF828B00137159B2644072FCDE9AF
:1008F0003176C9F80030C9F804407FF719AC07E534
:100900001BF400721CBF0246DBB2FFF7D3B91BF425
:1009100000721CBF0246DBB224E600BFCDCCCCCCBB
:10092000002302000A9B50460193022300932EAB42
:10093000049329AB039327AB0293DDE9222301F053
:10094000BFFF1BF0010F054640F03F832E9B1B1A93
:100950001293279B1193119BDA1C03DB0A9A9A428C
:1009600080F28E81119BA9F10209013B002127939E
:100970005FFA89F2002B8DF8A820B6BF2D222B221A
:10098000119B8DF8A920B8BFC3F10103092B40F3D7
:100990006D830DF1BF073A46DFF8D0C21E46104600
:1009A000ACFB0321C90801EB8102A3EB4202303208
:1009B000632E00F8012C0B4600F1FF32EEDC3033E1
:1009C00002F8013C831EBB4280F03A840DF1A9027B
:1009D00013F8011BBB4202F8011FF9D15CAB181AD6
:1009E000A0F1AD031C93129B1C9A012B1A440D928B
:1009F00040F374830D9B189A13440D932BF480637A
:100A000043F4807B00230D9A149322EAE27206924B
:100A100013931193159B002B40F021819DF8972093
:100A20000A93FFF771B80F9B0B9A1B681A80FFF7A8
:100A3000C8B943F3C01211465BB2FFF70FB9582390
:100A40008DF8993030238DF898300A9B4BF0020BCB
:100A5000632B00F30083002343AD0E9338E5284653
:100A6000FCF708FD119B20EAE0714FF07309CDE916
:100A700013339DF897200F970D900A9306910E93CC
:100A8000FFF742B85046099930AA00F063FC0028ED
:100A90003EF456AFFEF771BF5046099930AA00F0F8
:100AA00059FC00287EF462AFDDE93136279933AA7C
:100AB00006E7886DFCF788FBFEF716BF02230A9A4B
:100AC0000132069200932EAB069E049329AB03934A
:100AD00027AB019602935046DDE9222301F0F0FE98
:100AE00029F02007462F054618BF4527064405D1A3
:100AF0002B78302B00F02B82279B1E440022DDE94F
:100B0000220100230BF07EFD002840F05A822E9B2C
:100B1000B34206D230215A1C2E9219702E9B9E424F
:100B2000F9D8279A11925B1B472F12933FF413AF0A
:100B3000462F00F01A82119B013B17E727AADDE937
:100B4000220101F0E7FD00224FF07F530BF0F2FA93
:100B500002460B46CDE90623002200230BF052FD8E
:100B600008B1012327930A9B414A591E414B2E4647
:100B7000B9F1610F08BF1A460D94CDF84490CDF835
:100B800048B01395D346DDE90645894692460A9258
:100B900007E0002200230BF035FD002840F0EE8234
:100BA000B9460022344B204629460BF0C3FA0D46C5
:100BB00004460BF06FFD80460BF052FA02460B46DE
:100BC000204629460BF0FEF81AF80830B9F1FF3F2D
:100BD000324604460D4609F1FF3706F8013BD8D1ED
:100BE0001746264B0022CDE90645DA46DDE912B567
:100BF000DDF844900D9C0BF02DFD002800F02483BF
:100C00000A992E9716F8012CC97B33468A4209D1DE
:100C1000302003F8010C2E9B5A1E2E9213F8012C43
:100C20008A42F6D0392A0BBF0A9A0132927AD2B29E
:100C300003F8012C33465B1B1293279BB9F1610F1C
:100C4000119303F1FF33279300F0BA8250224FF043
:100C5000410901218EE60A9B0693032332E72D22E8
:100C600000238DF897200A93FEF751BFCDCCCCCC52
:100C7000781F0200641F0200000030400000E03FC7
:100C8000DDE91123934200F3A8811BF0010F119BB2
:100C900000F05482189A13440D931BF4806F00F0F7
:100CA0005982119B4FF06709002B00F372810D9B55
:100CB00023EAE37306930023C346CDE91333A9E681
:100CC000002350461946CDF8008029AA05F05AFCA9
:100CD000034601330D9000F0F581299586E5209BB0
:100CE0001D99ED1A1A46284600F0CCFE7B7803B118
:100CF00001374FF0000EE8E416460133159A3E44E2
:100D0000072BCDE931362260676000F3CF810834CC
:100D1000FFF7A1BA2D228DF89720FEF7E4BE129BB3
:100D20002246EB180A93139B4C46002B3146DDF804
:100D30005080CDF844B0DDF86C90209EDDF824B0F2
:100D400014952EDDB8F1000F7DDD08F1FF383198E4
:100D50001D9B013031440728C2E9003632913190A1
:100D600066DC08320A9B99F800001F1B8742A8BF67
:100D70000746002F0BDD3198394401300728C2E9BE
:100D800000473291319064DC99F800000832002F5E
:100D9000B4BF0546C51B002D15DC0444139B002B76
:100DA000D0DCB8F1000FD0DCCDF86C90A146149DDA
:100DB000129B1446EB1899450E4628BF9946DDF85C
:100DC00044B0FFF74FBA102D3198AF4B23DD0D948F
:100DD00010272C461D4604E0103C102C02F108029E
:100DE00016DD0130A84B10310728C2E90037CDE9E4
:100DF0003101F1DD5946504630AA00F0ABFA002827
:100E00007EF4B4ADDDE93101103C102C33AAE8DCEE
:100E10002B4625460D9C013029440728CDE9310198
:100E20001360556043DC99F8000008320444B5E7CC
:100E30005946504630AA00F08DFA00287EF496AD4F
:100E4000329933AA8EE7139B09F1FF39013B1393C3
:100E50007DE75946504630AA00F07CFA00287EF41F
:100E600085AD99F80000329933AA90E75046099968
:100E700030AA00F06FFA00287EF478AD2799329EF0
:100E800033ACFFF7C6BA22912D2103F1004315912F
:100E90002393FFF72BBB0D9B9DF89720CDE91333D0
:100EA0000F9706930A9311930E93FEF72DBE5946A2
:100EB000504630AA00F04EFA00287EF457AD99F85B
:100EC0000000329933AA044468E75046099930AAD1
:100ED00000F040FA00287EF449AD329E33ACFFF7B3
:100EE000B1B97823ACE55046099930AA00F032FA3E
:100EF00000287EF43BAD279B329E33ACFFF7BBB995
:100F000062491591FEF736BEDC0707D4099B9B8921
:100F1000980503D4099B986DFCF756F94FF0FF3301
:100F20000B93FEF735BD00230E460A93FEF746BC31
:100F30005046099930AA00F00DFA00287EF416AD4B
:100F4000279D129B329E33AC5D1BFFF7AAB900228E
:100F5000DDE9220100230BF055FB002800F032816F
:100F6000279B1E441193731B129311990A9A0BF03D
:100F70000103002943EA020340F34381002B40F0C0
:100F800017814FF06609119B0D931BF4806F3FF49E
:100F90008EAE1B990B78FF2B00F072810026119A00
:100FA000304604E001300131FF2B00F0D68093423F
:100FB00080F2D380D21A4B78002BF3D10B78013614
:100FC000F2E7279A33461192ADE50A9B4727C618E8
:100FD00094E52E4A1592FFF70AB9129B189A9A18AF
:100FE000119B0D92002B40F3AB804FF06709CCE7CB
:100FF000002343AD0E9309E44F4210311DDADFF8B0
:1010000088801024CDF8548003E00832103F102F60
:1010100015DD01331036072BC2E90084CDE93136E6
:10102000F3DD5046099930AA00F094F900287EF4C7
:101030009DACDDE9313633AAE8E713491591013358
:1010400015993E44072BCDE931361160576000F306
:10105000CB80083237E45046591CFCF73BFC054670
:10106000002800F0E5800E90FFF732BA00293FD14A
:1010700030228DF8AA200DF1AB02303302F8013B8B
:101080002AABD31A1C93AEE4002302001023020003
:101090000A9B002B7FF41BAA0A9B0E9301230A9341
:1010A000FFF716BA804A1592FEF7A8BF5046099975
:1010B00030AA00F04FF900287EF458AC329E33ACD1
:1010C000FFF7C9B80022D346099B0E92B3F90C3042
:1010D00043F04003099A9381FEF749BC1BF0010FCE
:1010E0003FF48CAC86E406230E900A93FFF7F0B928
:1010F0000DF1AA02C1E7179B0320002BB8BF2D22D8
:101100004FF00003A8BF9DF8972019460E93674D36
:10111000674BB8BF8DF897202BF0800B0690FEF739
:10112000EABC0A9B4FF07309CDE913009DF89720A4
:101130000F9706930D930A90FEF7E6BC0D93ACE56E
:10114000C3F101031A4422EAE2734FF067090D92DA
:101150000693B0E54FF06709A9E5CDE913061B91A9
:101160001192DDE91323209913440D9AC34601FB24
:1011700003230D9323EAE37306934BE449460029C6
:10118000DA46DDE912B50D9CDDF84490FFF652AD6C
:101190004B1C30223146334401F8012B8B42FBD1EA
:1011A00049E50A9BDDF83490069C0D93FFF71EBBC2
:1011B0001346189A4FF0660913440B440D93E4E666
:1011C000702246E5069BC3F10103279395E4099A33
:1011D000536EDF073FF5A2AE93899E053FF59EAEA5
:1011E000906DFBF7F1FF99E65046099930AA00F09F
:1011F000B1F800287EF4BAABDDE9313633AAFFF747
:1012000062BB2BB901234FF0660906930D9352E59B
:10121000189B4FF0660903F1010B0A9B5B440D9389
:1012200023EAE373069346E51F4B1593FFF75BBB79
:10123000099AB2F90C3043F040039381FEF7A0BB4A
:1012400002231C93FFF7CFBB0022DDE90601194BF7
:101250000BF0D8F900283FF4EDAC18F0010F3FF483
:10126000E9ACCDE40F9A73780E4652F8041B0F9246
:1012700041EAE1720A92FEF79FBA0B4A15923CE5E9
:101280000023CDE913336CE7099BD346B3F90C3047
:1012900043F040031EE7099BD346B3F90C300E9090
:1012A00043F0400316E700BF00230200601F020066
:1012B0005C1F02000000E03F8C4600B586461346E6
:1012C000034A714610685DF804EB6246FEF7F2B916
:1012D00094000020F0B54FF480640026ADF26C4D10
:1012E0001AADCDE905461F460646009504951546FC
:1012F0008B8916A823F00203ADF80C304B6E0294D4
:101300001993CB890C46ADF80E30CB6907934B6A25
:101310000993FBF749FF2A463B4669463046FEF7EC
:10132000C9F9051E07DB69463046FBF7D9F80028E6
:1013300018BF4FF0FF35BDF80C305B0603D5A3890D
:1013400043F04003A3811698FBF732FF28460DF2C5
:101350006C4DF0BD936810B514461BB918460023B8
:10136000636010BD00F06EF80023A360002363608B
:1013700010BD00BF70B500293FD006460C4610B125
:10138000436B002B3CD0636EB4F90C20DD0732D4E4
:10139000900538D521463046FBF70EF8E36A05463E
:1013A00033B13046E16998470028B8BF4FF0FF35A8
:1013B000A3891A0639D4216B41B104F14003994243
:1013C00002D03046FCF78AF900232363616C21B117
:1013D0003046FCF783F900236364FBF723FA00220D
:1013E000636EA281DB071CD5A06DFBF7E1FEFBF766
:1013F0001FFA284670BD002ACCD10025284670BDB2
:10140000FBF7F2F9BFE7A06DFBF7D6FEB4F90C309D
:10141000002BBFD1636ED907EFD4A06DFBF7D4FECC
:10142000EBE7A06DFBF7D0FEDEE730462169FCF765
:1014300055F9C0E7024B01461868FFF79BBF00BF94
:10144000940000209368002B00F0F0802DE9F04F0D
:10145000B1F90CC090461CF0080F81460C4683B0D1
:101460002BD00B694BB31CF00207D8F8006032D0C8
:101470004FF0000A5546D4F824B0E169AB4FC5B12E
:10148000BD422B46524628BF3B464846D847002817
:1014900040F3C280D8F8083082441B1A2D1AC8F8CD
:1014A0000830002B00F0AE80D4F824B0E169002DA4
:1014B000E6D1D6E900A50836E1E721464846FBF724
:1014C0000BFC002840F0AD80B4F90CC0D8F80060E7
:1014D0001CF00207CCD11CF0010A63D157462368E7
:1014E000A16818468B46002F58D01CF4007F00F0EE
:1014F000B180B9420A4600F2DD801CF4906F2FD013
:10150000216962695D1A02EB420202EBD2726B1C26
:1015100052103B44934292BF93469B461A461CF49A
:10152000806F00F0E68011464846FCF7D3F90028AA
:1015300000F0F5802A4621690190FBF725FFA2897A
:10154000019B22F4906242F08002A2815819C4F8F3
:1015500014B0ABEB05053A46BB462361A56020609D
:101560003D4600275146019200F00EFAA16823681B
:10157000019AA1EB0B011A44A1602260D8F808304F
:10158000AA445B1BC8F80830002B3BD02368A16835
:1015900018468B46B4F90CC0002FA6D1D6E900A797
:1015A00008369EE73846BB463D46002D40D0002811
:1015B00045D03A46D4E904C32068AA4228BF2A4647
:1015C0006045A16804D901EB030A524500F382800B
:1015D000934272DC5A464846E169D4F824C0E04799
:1015E000B0F1000A18DDB7EB0A070FD00120D8F8D8
:1015F0000830D344A3EB0A03A5EB0A05C8F808306A
:10160000002BD2D1002003B0BDE8F08F2146484620
:10161000FAF766FF0028EAD0B4F90C3043F0400333
:10162000A3814FF0FF3003B0BDE8F08F002070477A
:10163000756833460836002DFAD0D3F800B02A4634
:101640000A21584601F016F8002865D00130A0EBB9
:101650000B07AEE722699A4214D36569BD4211D8DF
:101660006FF00043BB4228BF3B4693FBF5F3524665
:1016700005FB03F34846656AE169A847051ECBDD13
:101680007F1B7BE7B94228BF39460D4618465146B5
:101690002A4600F079F9A1682368491B2B44A16010
:1016A00023600029ECD121464846FAF719FF0028AB
:1016B000E6D0B1E7BB463A4652E75946019200F000
:1016C00063F9019AA36892469B1AA36023681344A6
:1016D000236088E75946524600F056F923682146B0
:1016E000534448462360FAF7FBFE00283FF47BAFE3
:1016F00092E7484603F01EF8034600287FF426AF21
:1017000048462169FBF7EAFF0C22B4F90C30C9F80E
:10171000002023F0800381E76A1C17464AE70C2269
:10172000B4F90C30C9F8002078E700BF00FCFF7F57
:101730002DE9F041B1F90C300C46990796B008D567
:10174000012204F14303C4E90432236016B0BDE86A
:10175000F081B4F90E100646002926DB6A4600F037
:10176000E5FE00281FDB019D4FF4806805F47045FD
:10177000A5F50055B5FA85F54FF400676D094146AA
:101780003046FCF7A7F8E8B1B4F90C30C4F814807F
:1017900043F0800320602061A3813DBB3B43A381D4
:1017A00016B0BDE8F081B4F90C3013F0800519D003
:1017B0004FF040080025414630462F46FCF78AF896
:1017C0000028E1D1B4F90C309A05BFD4012123F0EF
:1017D000030304F1430243F00203C4E90421A3819B
:1017E0002260B3E74FF480682F46C8E73046B4F96B
:1017F0000E1000F0AFFE10B9B4F90C30CEE7A3899B
:1018000023F0030343F001031BB2C7E770B50C4696
:10181000B1F90E10154600291E4696B014DB6A4633
:1018200000F084FE00280FDB01994FF4806301F47F
:101830007041A1F50051B1FA81F14FF400604909FE
:1018400031602B6016B070BDA18911F0800106D007
:1018500000214023084631602B6016B070BD4FF464
:101860008063084631602B6016B070BD70B50D788E
:1018700004465E2D25D04FF0000EF446481C002291
:1018800023466EF307026EF30F226EF3174204F540
:1018900080716EF31F6243F8042B8B42FBD175B14C
:1018A0008CF00101615500F1010E1EF8013C2D2B59
:1018B0000FD05D2B0BD01BB11D467046F2E70138EF
:1018C00070BD4FF0010E4D78F446881CD7E7704686
:1018D00070BD90F801C0BCF15D0FEDD06545EBDC4B
:1018E0006E1C0230A21902F8011B131B013B9C4520
:1018F000F9DCACEB0503013B6545A8BF00230EF105
:10190000020EF518D1E700BF0CB470B50C460025E7
:101910006FF000469CB00A4A20AB059253F8042BA6
:1019200002A9CDE901341B9504960796069406F0AA
:10193000FDFA029B1D701CB0BDE8704002B07047FC
:101940000802FFFF0EB470B504466FF00046002594
:101950009DB00B4A21AB0B49106853F8042B05913D
:1019600002A9CDE90134049607961B95069406F06A
:10197000DDFA029B1D701DB0BDE8704003B07047DA
:10198000940000200802FFFF88420ED98B18834282
:101990000BD900EB020C002A6DD0624613F801CD82
:1019A000994202F801CDF9D170470F2A0FD80346AA
:1019B00002F1FF3C002A5ED00CF1010C013B8C448B
:1019C00011F8012B614503F8012FF9D1704740EA66
:1019D00001039B0750D1A2F1100370B501F1200C57
:1019E00023F00F0501F1100E00F11004AC441B09A7
:1019F0005EF8105C0EF1100E44F8105C5EF81C5C92
:101A0000103444F81C5C5EF8185C44F8185C5EF80E
:101A1000145CE64544F8145CEAD1013312F00C0F73
:101A200001EB031102F00F0400EB031328D08E46E4
:101A3000043C24F003064FEA940C1E441C1F5EF87D
:101A4000045B44F8045FB442F9D10CF1010402F0E4
:101A5000030203EB840301EB840102F1FF3C4AB172
:101A60000CF1010C013B8C4411F8012B614503F88A
:101A7000012FF9D170BD7047034602F1FF3C9BE78F
:101A80002246EAE740EA01039B0710B524D1032A66
:101A900022D98E468446DEF800407146A4F1013317
:101AA00023EA040313F0803F0EF1040E15D1043A2B
:101AB000032A4CF8044BEED8714601F1FF3E52B1B7
:101AC00063461EF8011F541E03F8011B41B1224654
:101AD0009C46002AF4D110BD844601F1FF3EEEE79A
:101AE0009444002CF7D003F8011B6345FBD110BDD3
:101AF00040EA01039B0710B4044602D1032A8C4636
:101B000015D801F1FF3C52B123461CF8011F501EAD
:101B100003F8011BC1B102461C46002AF4D120463D
:101B200010BC7047043A032A44F8040B16D9DCF8B9
:101B300000006146A0F1013323EA000313F0803F67
:101B40000CF1040CEED0DCE760B1A01803F8011B27
:101B50008342FBD1002CE2D110BC7047614601F1F9
:101B6000FF3CD0E71846002CD9D1F5E7F8B5114D68
:101B70001149124800F020FD2C4605F1A006A5F100
:101B8000200721463846FBF721FB203418B9B44220
:101B9000F7D10A48F8BD0A4F084C3946204608F0EC
:101BA0007FF829462046203508F07AF8B542F4D16E
:101BB0000248F8BD18070020F8060020F0050020B4
:101BC000981F02002DE9F04F00EB411705460E4625
:101BD0008FB0394610461446FBF7F8FA18B9384664
:101BE0000FB0BDE8F08F2046A749FBF7EFFA0028B9
:101BF00000F0B2802046A549FBF7E8FA70B32378DD
:101C0000432B00F0AE80613B192B16D86378613B03
:101C1000192B12D8A378A3F16102192A96BFE37891
:101C200004F1020904F103095F2B08D02E2B00F008
:101C3000BF8213F0BF0F00F0AD800027CFE799F807
:101C40000130413B192BF8D899F80230413B192B50
:101C5000F3D899F8033009F10309E7E70DF1180803
:101C600040468B4900F0A8FC4FF00009CA46CDF869
:101C700004909DF81830413B342BDED801A252F875
:101C800023F000BF7F2001003B1C01002120010048
:101C90003B1C0100E51F01003B1C0100B11F0100BE
:101CA0003B1C010097200100911F0100D51E01007F
:101CB0003B1C01003B1C01003B1C01003B1C0100C4
:101CC000711E01003B1C01003B1C0100271E01008E
:101CD000C71D0100471E01003B1C01003B1C010009
:101CE0003B1C01003B1C01003B1C01003B1C010094
:101CF0003B1C01003B1C01003B1C01003B1C010084
:101D00003B1C01007F2001003B1C01002120010041
:101D10003B1C0100E51F01003B1C0100B11F01003D
:101D20003B1C010097200100911F0100D51E0100FE
:101D30003B1C01003B1C01003B1C01003B1C010043
:101D4000711E01003B1C01003B1C0100271E01000D
:101D5000C71D0100471E010020464C4900F02CFC25
:101D600048E763782D3B012B3FF667AF04F102098A
:101D70000DF118084946404600F01EFC402140463F
:101D8000FBF75CF808B1002303704046FBF772FBD9
:101D9000814405E00DF1180840463E4900F00CFC76
:101DA00099F80030402B7FF45FAF09F1010B5846E2
:101DB0003949FBF70BFA8246002840F0FC810123E9
:101DC0008146019355E703224046344907F0ACFFB2
:101DD00000287FF432AF9DF81B3031492D2B14BF02
:101DE0000DF11B0007A8FBF7F1F900287FF425AFE0
:101DF00040462C4900F0E0FB4FF0010B2A4B2B4AE8
:101E0000022E00F0A881062E04D1414605F5A570EA
:101E100000F0D2FB2146384600F0CEFB074638469C
:101E20000FB0BDE8F08F4046214907F017FF0028AA
:101E30007FF403AF40461E4900F0BEFB4FF0020B9B
:101E40001C4B1D4ADCE740461C4907F007FF30B138
:101E500040461B4907F002FF00287FF4EEAE4046E3
:101E6000164900F0A9FB4FF0060B164B164AC7E7C0
:101E70004046164907F0F2FE00287FF4DEAE4046E9
:101E8000134900F099FBB7E79C1F0200A41F020052
:101E9000A81F0200B01F0200BC1F02006C2002003D
:101EA000702002007420020019380100AD5E0100AC
:101EB00000200200193A0100695F0100DC1F0200E6
:101EC000E41F020045380100C95E01005C200200E9
:101ED0006420020004224046C84907F025FF00287C
:101EE0007FF4ABAE9DF81C302D2B08BF9DF81D3044
:101EF000523B232B3FF6A1AE01A252F823F000BFC4
:101F00004D2101003B1C010043210100392101004A
:101F10003B1C01003B1C01003B1C01003B1C010061
:101F20003B1C01003B1C01003B1C01003B1C010051
:101F30003B1C01003B1C01003B1C01003B1C010041
:101F40003B1C01003B1C01003B1C01003B1C010031
:101F50003B1C01003B1C01003B1C01003B1C010021
:101F60003B1C01003B1C01003B1C01003B1C010011
:101F70003B1C01003B1C01003B1C01003B1C010001
:101F80004D2101003B1C01004321010039210100CA
:101F900040469B4907F062FE00287FF44EAE404663
:101FA000974900F009FB4FF0080B964B964A27E73C
:101FB00008224046954907F0B7FE00287FF43DAE61
:101FC0009DF8203092492D2B14BF08A80DF1210057
:101FD00007F044FE00287FF430AE40468D4900F003
:101FE000EBFA09E7032240468B4907F09DFE0028E3
:101FF0007FF423AE9DF81B3088492D2B14BF0DF1C3
:102000001B0007A807F02AFE00287FF416AE404602
:10201000834900F0D1FA4FF0030B824B824AEFE67E
:102020009DF8193003F0DF03502B7FF406AE022237
:102030007E494046FFF726FD0A2205A90DF11A0048
:1020400003F064FE059B1B78002B7FF4F6ADB0F522
:10205000697F3FF4F3AE00F3B88040F26A339842F0
:102060003FF7EBAD40F25133984240F3F780704BAD
:10207000A0F25230C340DB073FF5BEAEDDE540467F
:102080006C4907F0EBFD00287FF4D7AD4046694965
:1020900000F092FAB0E603224046674907F044FE9A
:1020A00000287FF4CAAD9DF81B3004222D2B14BFED
:1020B0000DF11B0B0DF11C0B5846604907F034FE67
:1020C00000287FF4BAAD9BF804300A222D2B14BFF0
:1020D0000BF104000BF1050005A903F017FE431EE8
:1020E0000F2B83463FF6A9AD0C283FF4A6AD059B08
:1020F0001B78002B7FF4A1AD5149404600F05CFAFB
:10210000BBF10A0FC4BF31238DF821304FF000031B
:102110004C49CCBF0DF122020DF12102537081FB1D
:102120000B314FEAEB73C3EBA10303EB8303ABEB80
:102130004303303313705FE64046434900F03CFAF6
:102140005AE64046414900F037FA55E640464049D4
:1021500000F032FA50E6414605F59570CDE90223CC
:1021600000F02AFA029A039B41462846C5F8E0206F
:10217000C5F8E43085F828B1FAF70EF9B9F1000F87
:102180000CD1BAF1000F09D1BBF1010F06D09DF8B7
:102190001890B9F1550918BF4FF00109019B13B907
:1021A000C5F8E89036E64FF0FF33C5F8E83031E681
:1021B00009F10109DCE558462649FBF707F8814695
:1021C00070B94FF0010A019053E540F2654398421F
:1021D0003FF412AEA0F2E24008287FF60DAE2CE5E7
:1021E00058461D49FAF7F2FF4FF0000AB0FA80F99D
:1021F000CDF804A04FEA59193BE500BF24200200A6
:10220000EC1F0200693B01002D6001004420020028
:102210005020020054200200F01F0200F41F0200B0
:10222000F81F0200A93A0100BD5F01002020020052
:10223000A5110101A81F0200082002000C200200C5
:102240001420020067666666342002003C2002000B
:102250002C200200C81F0200D41F020040F2E1231C
:1022600098423FF4C9AD09DC40F2B51398423FF4FF
:10227000C3ADB0F5347F7FF4E0ACBDE540F2073389
:1022800098427FF4DAACB7E538B50D460E490446FE
:1022900001F0A0FA08B1037893B90C4B204653F82B
:1022A000251001F097FA08B103784BB92046084988
:1022B00001F090FA28B10278064B002A08BF1846B0
:1022C00038BD044838BD00BF7C2002008C240200C9
:1022D000842002004408002006292DE9F84F80469A
:1022E00065D88B469246002A00F09C80DFF8EC917E
:1022F0007B4E4C46354609F1C0072946204620341E
:1023000000F05AF9BC4205F12005F6D19AF80030E8
:102310009BBBBBF1000F40F08B8001246F4F214627
:102320004046FFF7B1FF0546FBF7A4F81F283ED84B
:1023300038462946013400F03FF9072C07F1200701
:10234000EDD1DFF8A0B101245D46644FDFF898A11C
:102350003146284600F030F93A4621465046FFF70C
:1023600031FC203520362037002872D00134072C6C
:10237000EED1BDE8F84FFFF7F9BBBBF1000F1BD062
:102380005046FBF777F81F2811D8584C514604EBFC
:102390004B14204600F010F9224659465248FFF7E8
:1023A00011FC0446FFF7E2FB2046BDE8F88F162734
:1023B0000024C8F80070F7E72F215046FAF73EFDD9
:1023C000044600287BD042782F2A08BF431C04D142
:1023D0001C4613F8012F2F2AFAD0002AE7D0012536
:1023E000DFF8F8B0A4EB0A021F2AE0DC5146584699
:1023F000013207F075FC237801352F2B03D114F837
:10240000013F2F2BFBD0002B48D0224612F8013F72
:102410000BB12F2BFAD1072D0BF1200B91D0A24637
:102420001446DFE7002948D02F4C04EB4114BBE7EA
:1024300059464046FFF728FF0546FBF71BF81F28C3
:10244000B5D82A4C294604EB4B14204600F0B4F8CA
:10245000A2E7012CD8F80070AAD00125224EDFF89F
:1024600090A006E00135A54209F120090BF1200BEF
:102470009ED05946484600F09FF84A4629463046C5
:10248000FFF7A0FB0028EDD15146484600F094F834
:102490004A4629463046FFF795FBE3E7072D3FF410
:1024A00050AF124C04EB45142046A4F12001203417
:1024B00000F082F8BC42F7D143E70E4C74E7504677
:1024C000FAF7D8FF1F283FF672AF044C204651465A
:1024D000203400F071F8BC42F8D132E748640020A3
:1024E000F806002068630020D80600202864002039
:1024F000A41F0200F0050020014B93F8280170474B
:10250000D806002003460A46024908681946FFF724
:10251000E3BE00BF94000020F030704700487047D1
:10252000C807002000487047C807002070B5002683
:10253000074D0446084611462E60EEF784F9431C09
:1025400000D070BD2B68002BFBD0236070BD00BF96
:102550005C610020002238B5064D044608462A601A
:10256000EEF787F9431C00D038BD2B68002BFBD059
:10257000236038BD5C610020002238B5064D04465A
:1025800008462A60EEF7D2F9431C00D038BD2B680C
:10259000002BFBD0236038BD5C610020082802D1ED
:1025A0004FF48050704708B5FAF7BAFD162203467B
:1025B0004FF0FF301A6008BD80EA0102844612F035
:1025C000030F4FD111F0030F32D14DF8044D11F02C
:1025D000040F51F8043B0BD0A3F101329A4312F0DF
:1025E000803F04BF4CF8043B51F8043B16D100BFB8
:1025F00051F8044BA3F101329A4312F0803FA4F149
:1026000001320BD14CF8043BA24312F0803F04BFCF
:1026100051F8043B4CF8044BEAD023460CF8013B3C
:1026200013F0FF0F4FEA3323F8D15DF8044B7047E6
:1026300011F0010F06D011F8012B0CF8012B002A24
:1026400008BF704711F0020FBFD031F8022B12F013
:10265000FF0F16BF2CF8022B8CF8002012F47F4FCE
:10266000B3D1704711F8012B0CF8012B002AF9D1D6
:10267000704700BF5FFA81FC810744D00346511EBA
:1026800022B909E09A0709D0013905D31846027822
:1026900001336245F6D17047002070471846032980
:1026A0000CD80029F8D00346014401E08B42F3D056
:1026B000184613F8012B6245F8D1704710B50CEBA2
:1026C0000C24024604EB044402E00439032915D922
:1026D000104652F8043B6340A3F1013E2EEA030387
:1026E00013F0803FF1D00346014401E08B4208D053
:1026F000184613F8012B6245F8D110BD1046002989
:10270000F1D1002010BD1146C9E700BF0048704755
:102710000000C07FF8B50027DFF858C021F0004363
:10272000634504460D46176021D8844653EA0C0CD5
:102730001DD0DFF844C0164601EA0C0C0A46BCF175
:10274000000F09D100220D4B09F0F4FC6FF03507A2
:1027500004460A4621F000431B156FF31E52A3F2F4
:10276000FE333B4442F07F55336045F4001520466C
:102770002946F8BDFFFFEF7F0000F07F00005043C7
:102780002DE9F04F03690C6985B0A342C0F2918036
:102790008146013C01F1140509F1140855F8243073
:1027A00058F824C001339C45BCFBF3F64FEA840083
:1027B00005EB840708EB840243D34FF0000CAA46D4
:1027C000CDE90105C646634665469346CDF80C80C3
:1027D0005AF8040BDEF800201FFA80FC06FB0C55AB
:1027E0004FEA10484FEA154C06FB08CCADB290B248
:1027F000401B18441FFA8CF3C3EB204303EB124336
:1028000080B240EA034057454EF8040B4FEA1C459E
:102810004FEA2343DCD2DDE90105DDF80C8058F8EE
:10282000003073B9ABF10402904504D307E0904542
:1028300004F1FF3403D252F80439002BF7D0C9F861
:102840001040484601F00AFD00282EDB41460022D8
:1028500055F8040BD1F800C01FFA80FE1FFA8CF364
:10286000A3EB0E031344020CC2EB234202EB1C4207
:102870009BB243EA0243AF4241F8043B4FEA224293
:10288000E6D258F8242008EB84036AB9043B434598
:1028900004D807E0984504F1FF3403D253F8042923
:1028A000002AF7D0C9F810400136304605B0BDE81F
:1028B000F08F002005B0BDE8F08F00BF00000000E1
:1028C0002DE9F04F16461F46816B9DB0CDE9066796
:1028D000299D039049B10123C26B044693408B604C
:1028E0004A6001F007FA0023A363B7F10009B4BFFF
:1028F000012300232B60784BBCBF29F00049CDF8A1
:102900001C9033EA090300F0AD80DDE90634184677
:10291000214600220023CDE9040109F073FE804620
:1029200068B10123289A13602A9B13B16B4B2A9A32
:1029300013606B4B089308981DB0BDE8F08F1AAB7D
:1029400001931BAB00930398DDE9042301F0E4FD40
:102950005FEA1955824640F09B80DDE91A854544BF
:1029600005F23243202B40F38B83C3F1400309FA75
:1029700003F905F2124326FA03F349EA030009F0CA
:102980005FFB0123013D1193A1F1F8710022554B2A
:1029900009F018FA4AA3D3E9002309F0CBFB4AA3B4
:1029A000D3E9002309F010FA064628460F4609F03D
:1029B00057FB47A3D3E9002309F0BCFB02460B46B3
:1029C0003046394609F000FA06460F4609F062FE25
:1029D00000220446099000233046394609F01CFEC7
:1029E000002840F02383099CA8EB050808F1FF3379
:1029F000162C0A9300F28F81DDE904013A4B03EBB8
:102A0000C403D3E9002309F007FE002872D0631E37
:102A100009930023109308F1FF33002BC0F2828149
:102A200000230B93099B002B6ADA099B0B9A0E93E8
:102A3000D21A5B420F9300230993269B0B92092B1A
:102A400068D8052B40F321830025043B2693269B61
:102A5000023B032B00F23F86DFE813F070046D04A5
:102A60006404480442F20F73289AC9F3130959EA1F
:102A7000060913601CD12A9B002B00F04C861B4BCF
:102A8000089308332A9A089813601DB0BDE8F08FA8
:102A9000DDE90412C2F31303084643F07F51CDF879
:102AA0004480A5F2FF35DDF8688041F440116DE700
:102AB0002A9B002B40F0F5830D4B08933BE700BFAA
:102AC00061436F63A787D23FB3C8608B288AC63F34
:102AD000FB799F501344D33F0000F07F951F020005
:102AE000941F02000000F83F98250200D420020045
:102AF000E0200200B8F1000F40F3A88410900B9082
:102B0000DDE9092313440A9300230F93269B0E92B9
:102B1000092B96D9002301254FF0FF3B26932793DD
:102B20000C950021039BCDF860B0D963039801F0A8
:102B3000BBF80890002800F0D785039B089ABBF1EA
:102B40000E0F9A6300F21981002D00F016810E9984
:102B5000002940F34984B44B01F00F0203EBC20398
:102B6000C8054FEA2115D3E9006740F10A84DDE981
:102B70000401AE4B4FF00309D3E9082309F004FC2C
:102B8000CDE9120105F00F058DB1DFF8A082E9074C
:102B900009D5D8E900233046394609F0CBFA064674
:102BA0000F4609F101096D1008F10808EFD1DDE9C0
:102BB00012013B46324609F0E7FB07468846109B68
:102BC00043B1002238464146994B09F025FD0028C3
:102BD00040F01085484609F043FA3A46434609F06A
:102BE000A9FA0022934B09F0EFF80446A1F15075C1
:102BF000BBF1000F00F0AA800E9BCDF848B01993EE
:102C00004146384609F046FD1299874BCDE91445F7
:102C100003EBC10353E902340546CDE9163409F04C
:102C20001FFA0B4602464146384609F0CBF8089F8A
:102C30000C9B30357E1CECB2804689463546002B15
:102C400000F06E84DDE9162300207B4909F09CFB2F
:102C5000DDE9142309F0B6F83C7042464B460446C1
:102C60000D4609F0F7FC002840F0BB84CDF850A0D9
:102C7000CDF858B00027AB46A246129D2AE0013796
:102C8000AF4280F201855046594600226B4B09F055
:102C900051FA0022694B82468B464046494609F06C
:102CA00049FA8946804609F0F5FC044609F0D8F94E
:102CB00002460B464046494609F084F830345246F5
:102CC0005B4606F8014B8046894609F0A5FC0028C2
:102CD00040F0D78442464B460020554909F072F82F
:102CE00052465B4609F098FC0028C8D0199B37462D
:102CF000DDF850A0089A03F1010802E0974200F0C5
:102D00009F843E4617F8013D392BF7D00133DBB2E3
:102D100045463B7079E10123109308F1FF33002B06
:102D2000BFF67EAEC8F101030B9300230A9379E648
:102D3000484609F095F93A46434609F0FBF9002266
:102D40003C4B09F041F80446A1F150753846002289
:102D50003B4B414609F036F822462B4606460F46C5
:102D600009F078FC002840F07A8430463946224643
:102D700005F1004309F050FC28BB1B9B002BC0F25F
:102D800091800E9A0E2A00F38D80274B0E9A03EB4A
:102D9000C203D3E90034CDE90634279B002B19DAAE
:102DA000BBF1000F16DC0ED1DDE906010022244B39
:102DB00009F0C0F902460B46DDE9040109F036FCD2
:102DC000002800F04C8400231F46089E0493279B94
:102DD000DD432DE2089B5D1CDDE90678DDE9040199
:102DE0003A46434609F0D0FA09F054FC064609F089
:102DF00037F93A46434609F09DF902460B46DDE9AC
:102E0000040108F0DFFF089A06F13003BBF1010F5F
:102E10002F46137000F025830125CDF810A0A84699
:102E2000DDE9069A2CE000BF98250200702502001B
:102E30000000F03F00001C400000E03F0000244084
:102E4000000014404A4653462046294609F09CFAA1
:102E500009F020FC064609F003F94A46534609F0FA
:102E600069F908F101080B4602462946204608F098
:102E7000A9FF06F13003D84507F8013B00F0EF82C7
:102E80000022834B09F056F90022002304460D4628
:102E900009F0B8FB0028D5D00E9D3E46DDF810A005
:102EA0000135B2E00C9A002A40F0D68000231F467C
:102EB0000F9E0B9D0C9365B10A9900290B4608DD06
:102EC000A942A8BF2B460B9AED1AD21ACB1A0B9225
:102ED0000A930F9B53B10C9B13B1002E40F0FC8260
:102EE00051460F9A039801F0E9F8824601210398B0
:102EF00001F004F8099B0490002B40F0BD81269B53
:102F0000012B40F3D38101200A9A104410F01F00D6
:102F100000F09980C0F12003042B40F3E2810B9B69
:102F2000C0F11C00034402440B9305440A920B9B1E
:102F3000002B05DD51461A46039801F019F9824627
:102F40000A9B002B05DDDDE903011A4601F010F9AB
:102F50000490109B002B40F07481BBF1000F40F3F4
:102F60004B810C9B002B40F0A2800E9D0135012669
:102F7000DDE90394DDF8208007E0514600230A22B2
:102F8000484600F0C1FE8246013621465046FFF712
:102F9000F7FBB34500F1300008F8010BEDDCBBF1A5
:102FA000000FCCBF5E46012681460024089B03EB40
:102FB000060B51460122039801F0DAF80499824683
:102FC00001F04CF9002840F3F081089A02E09345A3
:102FD00000F005821BF8013C5E46392B0BF1FF3BEC
:102FE000F5D001338BF80030DDE90381404600F075
:102FF00081FE57B12CB1BC4203D02146404600F0BF
:1030000079FE3946039800F075FE5146039800F0AA
:1030100071FE00233370289B1D602A9B002B3FF418
:103020008AAC08981E601DB0BDE8F08F204609F0FC
:1030300017F832463B4609F0E5FA00287FF4D3AC96
:10304000631E0993CFE41C230B9A1D441A440B9270
:103050000A9A1A440A926AE7269A012A40F3B08132
:103060000F9B0BF1FF36B342C0F26B81BBF1000F37
:10307000A3EB060680F2F7820B9BA3EB0B056EE138
:10308000C3F1200306FA03F079E40125DFE400BF71
:1030900000002440394600230A22039800F034FE41
:1030A000189B0746002B40F307839B460E96002D86
:1030B00005DD39462A46039801F05AF80746099B70
:1030C000002B40F0ED81B846089B1E46013B03EB08
:1030D0000B04069B03F00103CDE90A43039C04990A
:1030E0005046FFF74DFB39468346504601F0B6F88F
:1030F000049905464246204601F0D0F8C3680146CF
:103100000BF13009ABBB0990504601F0A7F80999C3
:103110000990204600F0EEFD099A002A54D1269B22
:103120001BB90B9B002B00F0B582002D3FDBB34693
:103130000A9B0BF8019B9E4200F0C9815146002377
:103140000A22204600F0E0FD4745824639464FF00E
:1031500000034FF00A02204630D000F0D5FD414672
:1031600000230A220746204600F0CEFD5E46804638
:10317000B5E7039800F0BEFD002D06DB069B03F0CB
:103180000102269B1D432A4329D15146012203985F
:1031900000F0EEFF0499824601F060F8002840F349
:1031A000F880B9F1390F00F050820BF131090E9D12
:1031B0003C460135474606F8019B15E700F0A4FDA3
:1031C0005E46074680468AE7002DC0F29B82269B1A
:1031D0001D430B9B1D4300F09582002AA7DDB9F12A
:1031E000390F00F032820E9D09F101033C46013592
:1031F000474606F8013BF7E6269B022B7FF7B1AE68
:10320000BBF1000F40F029815B4605220499039829
:1032100000F07AFD01460490504601F01FF80028A6
:1032200040F31B8131230E9D089E013506F8013BBA
:10323000DDE9030100F05EFD0135002F7FF4E1AE12
:10324000E3E65046049901F009F80028BFF685AE80
:10325000514600230A2203980E9C00F055FD0C9B5A
:103260008246661E002B7FF415AF189B002B40F39F
:1032700018829B460E9D7AE601461A46039800F096
:103280001DFF269B0490012B6FDD00230993049AF8
:10329000136902EB8303186900F0E0FDC0F1200020
:1032A00032E69B4B08930333FFF7ECBB069B002BE6
:1032B0007FF429AEDDE90612C2F31303002B7FF47D
:1032C00022AE944B134033B10B9B01330B930A9BFB
:1032D00001330A930123099A0993002A3FF413AE9C
:1032E000D5E73FF424AEC0F13C03ADE601230C93D7
:1032F000279B0E9A134403F1010B5E46012EB8BFC3
:1033000001261893172E40F30182012204235B004B
:1033100003F11400B042114602F10102F7D9039BF8
:10332000D96303E401230C93279B002B38DD9B46D4
:103330001E461893E6E700230C93D9E700230C936D
:10334000F2E70F9B0F96F31A0026099A1A440A9B7C
:1033500009925B440A930B9B1D465B440B9301212E
:10336000039800F0CBFD0746A5E5069B002B8CD10A
:10337000DDE90601C1F313030A46002BA1D0099031
:1033800085E7DDE904344FF00209CDE91234FFF797
:10339000FBBB7FF40CAF19F0010F7FF402AF06E71F
:1033A00001239B462793FFF7BCBB03D119F0010F04
:1033B0007FF40BAE5E461BF8013D302BFAD013E6CE
:1033C000119A002A00F09F8003F233430A9A0F9E5D
:1033D0001A440A920B9A15461A440B92BFE73123FE
:1033E000089A01351370FFE500F0FE80DDE9040165
:1033F0000E9A494B554205F00F0203EBC203D3E985
:10340000002308F097FE2D11CDE9120100F05D8137
:1034100000234FF0020907468846404EEA070AD5C6
:10342000D6E900233846414608F084FE01230746CA
:10343000884609F101096D1006F10806EED1002B4E
:103440007FF4BDABDDE91278FFF7B9BBC8F101032A
:103450000A900B931090FFF753BB089EB7E4DDF87A
:1034600010A002460B4608F0AFFC03460C46DDE90F
:1034700006010E9D1A46CDE9043401352346A846BF
:1034800009F0CAF840B9DDE90423DDE9060109F0D5
:10349000B9F818B1F30701D5089A32E43E46B4E50D
:1034A0000398796800F000FC0546002800F02381AD
:1034B0003B6907F10C0102339A000C30F9F764FF05
:1034C00001222946039800F053FE8046FCE50E9D3C
:1034D0003C46013547466CE5039C3946324620465A
:1034E00000F0ECFD074652463946204600F034FD18
:1034F00051468246204600F0FDFB0F9B9B1B0F931D
:103500003FF4F4ACECE41A9BC3F136035EE700BF72
:10351000E02002000000F07F9825020070250200E4
:10352000DDE91623DDE9140108F004FE089BCDE96E
:103530000C011C70129B012B00F0C580129F089B90
:1035400011961F4400227C4B4046494608F0F2FD8C
:103550000D46044609F09EF8814608F081FD0246BA
:103560000B462046294608F02DFC09F1300906F8E3
:10357000019BBE4280468946E4D1119D0022DDE9CF
:103580000C016E4B08F020FC02460B4640464946B3
:1035900009F060F800286ED1DDE90C2300206749AE
:1035A00008F010FC02460B464046494609F034F844
:1035B00080B91B9B002BFFF679AC0E9B0E2B3FF7BF
:1035C00075AC5F4B0E9A03EBC203D3E90034CDE92F
:1035D000063401E417F8013C3E46302B07F1FF3773
:1035E000F8D0199D013510E54FF00209DDE90478A6
:1035F000FFF7E5BABBF1000F3FF49AAB189C002C23
:103600007FF7BBAB0E9B3846013B41460022199326
:10361000494B08F08FFD02468846174609F1010024
:1036200008F01EFD3A46434608F084FD0022454B53
:1036300008F0CAFB1294A1F150750446FFF7E0BAF6
:10364000312308F10108FFF763BBB34639230E9D10
:103650003C46089A474601350BF8013BBAE4002383
:103660001F460493DEE50A9B5B440A930B9B1D46B1
:103670005B440B9373E6199B089A03F10108FFF76B
:1036800040BBDDF850A0ACE7DDF850A0DDF858B045
:10369000FFF773BBB9F1390FD7D0002D3FF785ADD8
:1036A00085E5269B022B03DC0E9DDDF860B05EE411
:1036B000DDF860B00E96A3E5269B022BF8DCDDF862
:1036C00060B00E96F3E4374658E74FF00209DDE9A3
:1036D0001278FFF774BA0025039B29461846DD636C
:1036E00000F0E2FA0890D0B9002240F2AF11164B78
:1036F000164806F049FB024640F2EF21124B1348F0
:1037000006F042FB002A3FF740AD50E50021039B45
:10371000D963FFF70BBA0E4B0893FFF70CB9039B65
:10372000089A4FF0FF3B9A6301232795CDF860B0CC
:103730000C93FFF722BB00BF000024400000E03FD5
:103740009825020000001C40E4200200F82002003E
:10375000D42002002DE9F047DFF8749007460E46AA
:10376000904606F06DFBD9F800504DB133781C46F9
:103770006BB1344602E014F8013F3BB13D2BFAD166
:10378000384606F063FB0020BDE8F087A41B2868DC
:103790000028F5D022463146F9F7B8FB28B9286849
:1037A000035D00EB040A3D2B04D055F8040F0028FC
:1037B000F0D1E5E7D9F800303846EB1A9B10C8F88D
:1037C000003006F043FB0AF10100BDE8F08700BFBE
:1037D0002000002000B583B001AAFFF7BBFF03B0B3
:1037E0005DF804FB024B01461868FAF773B800BF96
:1037F00094000020024B01461868F9F76FBF00BF24
:103800009400002010B4034CD4F8E440A44610BC4B
:10381000604700BFD806002082B049B15AB16BB1F1
:1038200013780B601278101E18BF012002B0704789
:1038300001A9002AF3D1104602B070476FF00100D1
:10384000F4E700BFF0B583B08646089E002937D064
:103850009AB3002B00F0C48035683DBB14784FF05C
:10386000010C44B37F2C58DDA4F1C0001F2829D8D7
:10387000347125B901208342306000F0B18012F824
:103880000C300CF10100A3F180023F2A00F29E806F
:10389000C12C40F39B80A40103F03F0304F4F864BF
:1038A0001C43002333600C6003B0F0BD34794FF04B
:1038B000000C002CD6D10C603460002003B0F0BDA9
:1038C00001A9C5E7A4F1E0000F282CD83471002D20
:1038D00066D0581C18BF0133012D65D07779E02CD4
:1038E00072D0A7F180003F2870D8012D777173D076
:1038F00012F80C200CF10100A2F180033F2B65D8D7
:103900002303BF019BB207F47C6702F03F023B43F5
:103910001343002232600B60D0E7002301203360A4
:103920000C6003B0F0BDA4F1F00004284ED834714F
:10393000002D3FD05F1C18BF0133012D3ED0777999
:10394000F02C50D0F42C63D0A7F180003F283DD854
:10395000012D77714AD0581C306818BF01330228F6
:1039600048D0B579A5F180033F2B2FD812F80C2051
:103970000CF10100A2F180033F2B27D8A3043F03E1
:1039800003F4E01307F47C37AD013B4305F47C6599
:1039900002F03F022B43134300220B6032608DE79D
:1039A0000120834230601BD012F80C7001250CF10D
:1039B000010C94E701208342306011D012F80C70A2
:1039C00001250CF1010CBBE79F2F8ADC8A234FF005
:1039D000FF30CEF8003071E702208342306087D19B
:1039E0006FF001006AE78F2FAEDCEFE70220834221
:1039F0003060F5D012F80C500CF1010CA5F18000EC
:103A00003F28E3D803208342B5713060AED1E7E7A9
:103A10008F2F99DDDAE700BF30B482B08446049D71
:103A2000002930D0002A31D0002B39D028681478F2
:103A300048B1012816D00C601078003818BF01205A
:103A400002B030BC7047A4F181001E2803D9A4F154
:103A5000E0000F28EFD8012083422C7128601FD08E
:103A600002205478A4F140033E2B03D9A4F1800333
:103A70007C2B0FD82B7904EB032400230C602B60E4
:103A800002B030BC704701A9002ACDD1104602B067
:103A900030BC70478A234FF0FF30CCF80030CFE7BE
:103AA0006FF00100CCE700BF30B583B08646069DBD
:103AB000002940D0002A41D0002B4BD02868147830
:103AC00058B10128A44618D0022841D00C601078C3
:103AD000003818BF012003B030BDA4F18E000128CA
:103AE00003D9A4F1A1005D28F0D8012083422C71F4
:103AF00028602FD0022092F801C0ACF1A1045D2C07
:103B00002BD82C798F2C1CD10224984285F805C023
:103B10002C601FD212F800C00130ACF1A1035D2B64
:103B20001BD800226B790CF07F0C0CEB03230B608D
:103B30002A6003B030BD01A9002ABDD1104603B0F0
:103B400030BD00220CEB04240C602A6003B030BDB1
:103B50000120E2E76FF00100BDE78A234FF0FF305C
:103B6000CEF80030B7E700BF2DE9F04F83B08046B4
:103B7000DDF8309089B39AB3002B00F0878094462B
:103B8000E3461CF8015B4FF0010E99F80040DFF8A6
:103B900010A14448002D48D0A5F11B06F7B22F2FE5
:103BA00024D82F2E22D8DFE806F06D2121212121F3
:103BB0002121216B21212163212121212121212169
:103BC00021212121212121212121212121212165A1
:103BD0002167212121212121216901A9002ACBD19D
:103BE0000120C9F8002003B0BDE8F08FA5F121063F
:103BF0005D2E8CBF0827072704EBC4040619F65D69
:103C00005444E45D052E44D8DFE806F02103131187
:103C1000052A89F8045073450EF1010534D9AE46E2
:103C2000E3461CF8015B002DB6D10627E4E76246A7
:103C3000F1E701237046C9F8003099F804209BF899
:103C4000003003EB02230B6003B0BDE8F08F0023CC
:103C50007046C9F8003013780B6003B0BDE8F08FF0
:103C600000231846C9F800300B6003B0BDE8F08FA0
:103C70000227C1E70327BFE70427BDE70527BBE706
:103C80000127B9E70027B7E7C9F800406FF0010046
:103C9000DAE78A234FF0FF30C8F80030D4E700BFDE
:103CA000F0240200A824020038B5436C05460C46F7
:103CB0004BB153F8240080B1026843F8242000235C
:103CC000C0E9033338BD2122042106F083F80346FE
:103CD00068640028EDD1002038BD0121284601FA92
:103CE00004F56A1D920006F075F80028F3D0C0E9CB
:103CF0000145E4E731B1436C4A6853F8220008609B
:103D000043F82210704700BF2DE9F0414FF0000E3C
:103D10000E461C460D69074601F1140001680EF1BC
:103D2000010E8BB202FB0343090C4FEA134C02FB5A
:103D300001CC9BB203EB0C43754540F8043B4FEAC2
:103D40001C44EBDC3CB1B368AB4207DD06EB8503FA
:103D500001355C6135613046BDE8F08171683846F7
:103D60000131FFF7A1FF8046A8B1326906F10C01CD
:103D7000023292000C30F9F707FB7B6C726853F843
:103D80002210316043F82260464606EB8503013578
:103D90005C613561DFE70246BA21024B024805F05B
:103DA000F3FF00BFE42002007C2102002DE9F8436C
:103DB0001E460C4626490833174681FB032C092E64
:103DC0004FEAE3730546C3EB6C0339DD4FF0010C9A
:103DD00000214FEA4C0C634501F10101F9DC284652
:103DE000FFF762FF014668B3089B092F43614FF05C
:103DF0000103036112DC09270A34BE420BDDF61B06
:103E0000264414F8013B0A222846303BFFF77CFF8A
:103E1000B4420146F5D10846BDE8F88304F109092A
:103E2000C8463C4418F8013B0A222846303BFFF7BD
:103E30006BFFA0450146F5D1A7F108044C44DCE72F
:103E40000021CCE70246D321024B034805F09CFF3A
:103E5000398EE338E42002007C210200B0F5803F77
:103E600003463ABF102083400020B3F1807F3CBF5F
:103E70001B020830B3F1805F3CBF1B010430B3F17B
:103E8000804F03D3002B06DB013070479B0003D427
:103E90005B0003D420207047023070470330704726
:103EA0000368014613F0070209D0DA0721D4980706
:103EB0004BBF5B089B08012002200B60704798B243
:103EC000A0B11046DAB20AB908301B0A1A0704BFBB
:103ED0001B0904309A0704BF9B080230DA0703D499
:103EE0005B0800F1010006D00B6070471020C34052
:103EF000E8E7002070472020704700BF38B5436CCA
:103F000004460D464BB15868B0B102685A600022B1
:103F100001234561C0E9032338BD2122042105F0B6
:103F200059FF034660640028EDD1002240F245119C
:103F3000074B084805F028FF1C220121204605F008
:103F400049FF0028F1D001220223C0E90123DEE766
:103F5000E42002007C2102002DE9F04FD1F810800E
:103F600015690E46A845924685B005DB2A4653469C
:103F700045468A4690461E46DAF80830DAF80410BC
:103F800005EB0804A342B8BF0131FFF78DFE0028FE
:103F900000F0898000F1140707EB840E774505D205
:103FA0003B46002243F8042B9E45FBD8143606EB13
:103FB00088080AF11409464509EB850566D2A5EB88
:103FC0000A03153B23F003030AF1150A0433554590
:103FD0002CBF9B464FF0040BCDF808E08246AE465E
:103FE000039405E0090C2AD1B04507F104074AD92A
:103FF00056F8041B8DB2002DF4D0CC463C4600236D
:1040000001965CF8040B216886B28AB205FB062291
:10401000000C090C05FB00111A4401EB124192B28D
:1040200042EA0142E64544F8042B4FEA1143E8D83E
:10403000019E47F80B3056F8041C090CD4D000221E
:104040003B6848461D463C46944602889BB201FBAD
:1040500002C202EB154243EA024344F8043B50F823
:10406000043B25684FEA134CABB201FB0C3370459F
:1040700003EB12434FEA134CE7D3B04547F80B303C
:1040800007F10407B4D8DDE902E45046002C02DC55
:1040900005E0013C03D05EF8043D002BF9D004613B
:1040A00005B0BDE8F08F02464FF4B171014B0248F4
:1040B00005F06AFEE42002007C21020012F00303F6
:1040C0002DE9F041144607462CD10E46A4101CD011
:1040D0003D6C85B3E3074FF0000806D4641014D09C
:1040E0002868A8B10546E307F8D52A463146384680
:1040F000FFF732FF36B17B6C716853F821203260D4
:1041000043F8216064100646EAD13046BDE8F081EC
:104110002A4629463846FFF71FFF28600546C0F8A3
:104120000080E0E70F4A013B52F823200023FFF70D
:10413000EBFD0646CAE701213846FFF7B5FD054607
:1041400040B140F271230122C0E904230023386406
:104150000360BFE7024640F24511034B034805F0F8
:1041600013FE00BF38250200E42002007C2102007B
:104170002DE9F0470C462769A36807EB62177D1C01
:104180009D429046064649684FEA621904DD5B008D
:104190009D4201F10101FADC3046FFF785FD002860
:1041A00051D0B9F1000F00F114010FDD0B464FF0B3
:1041B000000C09F105024FEA820E00EB820243F87F
:1041C00004CB9342FBD1AEF114031944226904F1EC
:1041D000140318F01F0803EB820C2CD08E464FF00E
:1041E000000AC8F120091A6802FA08F242EA0A0233
:1041F0004EF8042B53F8042B9C4522FA09FAF2D806
:10420000ACEB0403153B23F00303043304F1150264
:10421000944538BF042341F803A0BAF1000F00D140
:104220003D46736C6268056153F82210216043F8C3
:104230002240BDE8F087043953F8042B9C4541F82F
:10424000042FF9D8ECE702464FF4EF71014B024816
:1042500005F09AFDE42002007C21020084460B69EF
:104260000069C01A15D10CF1140C14310CEB830247
:1042700010B401EB830301E0944508D252F8044DD9
:1042800053F8041D8C42F7D004D24FF0FF3010BC1D
:1042900070477047012010BC704700BF2DE9F04FF8
:1042A00014460A6923698846D21A002A83B040F06E
:1042B000888001F1140604F1140202EB830206EB7C
:1042C000830301E09E427FD253F8045D52F8041D3F
:1042D0008D42F7D076D32346002544469846616840
:1042E000FFF7E2FC002800F0898000F1140949463C
:1042F0004FF0000C2769D8F8106004F1140B08F196
:10430000140EC56004F110020EEB86060BEB870A53
:10431000CDF804B05EF8044B52F8045F1FFA84FB3A
:10432000ABB2A3EB0B03240C6344C4EB154404EBC6
:1043300023449BB243EA0443764541F8043B4FEAE9
:10434000244CE7D808F115018E4234BF0021012129
:10435000A6EB0806153EB608002906F101024FEA51
:10436000820208BF0422DDF804B00BEB0204A24570
:104370004A4434D915462146E04651F8046BB3B29D
:1043800063444FEA164E0EEB234E06EB08039BB236
:1043900043EA0E438A454FEA2E4C45F8043BEBD8DE
:1043A0000AF1FF3AAAEB040A2AF0030A524423B99D
:1043B00052F8043D013F002BFAD0076103B0BDE87D
:1043C000F08F88DA01258AE70021FFF76DFC70B1D4
:1043D00001220023C0E9042303B0BDE8F08F0029C7
:1043E0004FEA860608BF002609EB0602DFE7024611
:1043F00040F23721054B064805F0C6FC024640F264
:104400004521024B024805F0BFFC00BFE42002003A
:104410007C210200124B0A460B40A3F15073002B83
:1044200003DD00221946104670475B42B3F1A07FBE
:104430004FEA235106DA4FF4002300220B411946BC
:104440001046704714391E29D4BF4FF00042012294
:104450004FF00003D8BFCA4010461946704700BF4E
:104460000000F07FF8B5046900F1140202EB840447
:1044700054F8045C261F2846FFF7F0FC0346C0F101
:1044800020000A2B086030DDB242A3F10B071AD2DC
:1044900054F8083C1FB3C7F1200C23FA0CF1BD40BF
:1044A00045EA0106A4F1080546F07F51AA4203FA45
:1044B00007F341F4401116D254F80C2C22FA0CF2F6
:1044C00013431846F8BD0B2B08D0002305FA07F755
:1044D00047F07F51184641F44011F8BD002345F0E4
:1044E0007F5141F440111846F8BDB2422CBF002262
:1044F00054F8082CC3F10B0703F1150325FA07FC48
:1045000038BFFA4005FA03F34CF07F5113431846C5
:1045100041F44011F8BD00BFF0B5012183B016464B
:104520001F46FFF7C1FB0546002847D0C7F30A54D2
:10453000C7F313030CB143F48013002E019314D17D
:1045400001A8FFF7ADFC0122019B20306B612A61BD
:1045500014B3089BA4F2334404441C60099BC0F1CB
:1045600035001860284603B0F0BD68460096FFF796
:1045700097FC019B00B30099C0F1200203FA02F2FC
:10458000C34001930A43002B6A610CBF012202223F
:10459000AB612A61002CDCD105EB8201A0F2324331
:1045A000086908990B60FFF759FC099BC0EB4210A2
:1045B0001860284603B0F0BD009AE4E7024640F2D6
:1045C0000F31024B024805F0DFFB00BFE420020080
:1045D0007C2102002DE9F04383B08846694681467C
:1045E000FFF740FF04460D46404601A9FFF73AFF9A
:1045F000D9F81030D8F81020A3EB020CDDE9003216
:104600009B1A03EB4C13002B0BDD05EB03573D46C8
:1046100002460B462046294607F0B6FE03B0BDE829
:10462000F083C3EB033301EB03594946F0E700BFC6
:10463000172870B506460ADD002000240749084DFA
:1046400022462B4607F076FD013EF9D170BD054BA1
:1046500003EBC003D3E9000170BD00BF0000F03FD1
:10466000000024409825020001F1FF3C116902F18D
:1046700014034FEA6C1C03EB81010CF1010C8B421B
:1046800000EB8C0C16D210B5A0F1040E53F8044BBD
:1046900099424EF8044FF9D88B1A153B23F00303C7
:1046A00004331844844504D9002340F8043B84456E
:1046B000FBD810BD844505D9002340F8043B844550
:1046C000FBD87047704700BF03694A11934200F15D
:1046D000140009DA00EB830302E053F8042DA2B9B9
:1046E0008342FAD80020704700EB8203F8DD11F016
:1046F0001F01F5D010B450F8224024FA01F28A408C
:10470000944208D0012010BC70470120704753F834
:10471000042D002AF6D18342F9D8002010BC70473E
:1047200003460A4602490868194600F003B800BF6C
:10473000940000202DE9F84F1646002900F09680DD
:104740000C46804606F10B05F9F778FB54F8041C7B
:10475000162DA4F1080921F0030758D81025AE4200
:1047600058D8AF4260DABF4B09EB070C9A68DCF807
:104770000400624500F0908020F0010363445B6810
:10478000DB0768D420F003003B189D4247DDCB07D0
:1047900012D454F8083CA9EB030BDBF8043023F0E7
:1047A0000302104400EB070A554540F3F68007EB7F
:1047B000020A554540F3CC8031464046F9F78AF865
:1047C0000646002800F0218154F8043CA0F10802BC
:1047D00023F001034B44934200F0B4803A1F242A93
:1047E00000F2D780132A00F2A28003462246116805
:1047F00019605168596092689A6021464046F8F7FE
:104800006DFF4046F9F720FB3046BDE8F88F35F0E4
:104810000705A4D50C23C8F80030002618E01F4671
:10482000DCE90223D3609A60D9F804307A1B0F2A9E
:1048300003F0010309EB07001DD83B43C9F804301E
:10484000436843F0010343604046F9F7FDFA26460A
:104850003046BDE8F88FC907AED454F8083CA9EB40
:10486000030BDBF8043023F00302A0E71146BDE898
:10487000F84FF9F72FB82B4309EB050142F001027D
:10488000C9F804304A604368083143F001034360CB
:104890004046F8F723FFD7E720F00300C21905F1DF
:1048A000100C624580F29280CA0785D454F8082C17
:1048B000A9EB020BDBF8042022F00302104400EB0A
:1048C000070AD4453FF773AF5E46DBF80C1056F885
:1048D000080F3A1F242AC160886000F2B080132AB2
:1048E00040F2AB8021681B2ACBF808106168CBF836
:1048F0000C1000F2AA8008340BF11002216811603C
:1049000061685160A1689160AAEB05020BEB05019B
:1049100042F0010299604A60DBF80430404603F03F
:1049200001032B43CBF80430F9F78EFA90E72368A4
:104930001B2A0360636843603DD804F1080200F15C
:10494000080354E750F8043C23F003031F446BE7CB
:104950005E463A1FDBF80C3056F8081F242ACB605D
:10496000996023D8132A1FD923681B2ACBF8083053
:104970006368CBF80C303CD808340BF11003226884
:104980001A6062685A60A2689A6034465746D946EF
:104990004AE72146FCF7F8FF2FE7DCE902135E4601
:1049A000CB603A1F9960D5E73346E8E721463046A9
:1049B000FCF7EAFFE9E7A368242A8360E368C360A1
:1049C00027D004F1100200F1100310E7521B09EB8D
:1049D000050142F0010299604A6054F8043C4046E7
:1049E00003F001032B4344F8043CF9F72DFA264663
:1049F0002EE7A368242ACBF81030E368CBF81430F4
:104A000010D010340BF11803B9E74046F9F71CFA3F
:104A100003E7236904F1180203616369436100F14C
:104A20001803E4E623691834CBF8183054F8043C32
:104A3000CBF81C300BF12003A1E732465EE721469C
:104A40003046FCF7A1FF074B5EE7A168242ACBF8AC
:104A50001010E168CBF8141006D010340BF11802D6
:104A60004CE700BFE801002022691834CBF8182079
:104A700054F8042CCBF81C200BF120023EE700BFB9
:104A80002DE9F04F9FB088460792002100220024B4
:104A9000CDE90412834641461A9419910F4611F844
:104AA000012B2D2A5ED801A050F822F0834C010082
:104AB000654B0100654B0100654B0100654B010032
:104AC000654B0100654B0100654B0100654B010022
:104AD0009B4A01009B4A01009B4A01009B4A01003E
:104AE0009B4A0100654B0100654B0100654B0100CD
:104AF000654B0100654B0100654B0100654B0100F2
:104B0000654B0100654B0100654B0100654B0100E1
:104B1000654B0100654B0100654B0100654B0100D1
:104B2000654B0100654B0100654B01009B4A01008C
:104B3000654B0100654B0100654B0100654B0100B1
:104B4000654B0100654B0100654B0100654B0100A1
:104B5000654B0100654B010005520100654B0100EA
:104B60001952010000210891302A00F0958000239D
:104B700009932F2A144640F2EF844FF0000938467B
:104B80004E464D4613E00130082D1990C8BF09EB81
:104B900089090478C6BF02EB4902A2F13009A3F1EA
:104BA00030062F2C224605F1010540F3B48006EBB8
:104BB0008603392C02EB4303E5DD0122AB49F8F70C
:104BC000A5F9002879D1199A1346013219925C7817
:104BD000002D40F08D85302C40F03B851346184663
:104BE000013319931C78302CF9D0C2F10102104422
:104BF000A4F13103082B37D8199F012539464FF00E
:104C0000000A431CA4F1300E0C93002006EB86062C
:104C10000EEB46064B1C19934C78A4F13002092A7E
:104C200000F2E082964619990130002AF2D001285C
:104C3000D8BF05F1010C40F3878400EB050C0CF1A3
:104C4000FF340A9703E07E00AC4200F07C84082D1C
:104C500006EB860705F10105F5DD102DDCBF09EB3C
:104C600089094FEA4909EFE7652C40F0D8824FF0F7
:104C7000000A0123CDF830A00A93099B034340F0BA
:104C8000BF82079B002600270BB1C3F80080304687
:104C900039461FB0BDE8F08F7A7802F0DF02582A5B
:104CA00000F01284013719973A78302AFAD0002A96
:104CB00000F08182012309935BE70020AA460C9053
:104CC0000A90652C34D0452C32D000231093002D4F
:104CD0007AD1099B034340F06E820A9B002BD0D10E
:104CE000692C00F0898400F35F84492C00F08484EF
:104CF0004E2CC6D15E4919A805F0D4FB0028C0D0BF
:104D0000199B1B78282B00F0A5855A4805F036F82A
:104D100006460F4651E201225449F8F7F7F80028F9
:104D2000CBD1199BAA465A1C19925C780C9074E757
:104D3000002DA2D0DDF8648008F10103199398F8E2
:104D400001402B2C00F059822D2C00F04E824FF0A8
:104D5000000CA4F13001092900F23F82302C199B8C
:104D60000AD1013319931C78302CFAD0A4F1310206
:104D7000082AAAD8A4F130015A1C19925C782F2C69
:104D800040F3FE8396460B9308E0013219929EF899
:104D90000140A3F130012F2C06DD964601EB810383
:104DA000392C04EB4303F0DD0B9BD21A082A40F3A5
:104DB000E78344F61F631093BCF1000F87D0109B6C
:104DC0005B421093002D84D00C9A109BBAF1000F17
:104DD00008BFAA469B1A102D30460B932C46A8BF3D
:104DE000102407F02DF902460B46092DCDE90423C6
:104DF00016DD214B03EBC40353E9122307F09AF9A4
:104E0000024648469046894607F01AF902460B4684
:104E10004046494606F0D8FF0F2DCDE904012DDCB0
:104E20000B9B002B00F020830B9B40F35282162B30
:104E300040F3AD830B9AC5F1250393421EDBDDE9F8
:104E400004230D4CC5F10F0504EBC501D1E90001A8
:104E500007F070F90B9B5D1B04EBC504D4E900233C
:104E600007F068F906460F46A7E100BF8C20020054
:104E70000C2202001C220200982502000B9B2C1B16
:104E80001C44002C40F3D18114F00F000AD0DDE95E
:104E90000423354901EBC001D1E9000107F04AF9CB
:104EA000CDE9040134F00F0340D0B3F59A7F00F34D
:104EB000B883102B4FEA231440F31E85DDE904016B
:104EC00000232A4A0997904699461746E20704D5D7
:104ED000D8E9002307F02EF901236410012C09F111
:104EE000010908F10808F1D13A46099F0BB1CDE953
:104EF0000401059B02EBC901A3F154730593DDE99D
:104F00000423D1E9000107F015F9194B194A0B40A8
:104F10009342CDE9040100F28483174A934240F2A0
:104F200041844FF0FF33154CCDE9043400230A933C
:104F30002B465246394658460096FEF737FF1490E6
:104F4000002800F06E83109A0C9B4FF0000A9B1A09
:104F50000B9ACDF824A0002AA8BF0023109322EAC0
:104F6000E2731593E5E000BF98250200702502006A
:104F70000000F07F0000A07C0000907CFFFFEF7F2E
:104F8000D21A1F2AA4EB020400F3328201239340B9
:104F90001E4600250A9BA0444C44A14598444B461C
:104FA000A8BF23464345A8BF4346002B04DDE41AAF
:104FB000A8EB0308A9EB0309109B002B00F3BE81AB
:104FC000002C00F3D4810B9B002B00F30782B8F177
:104FD000000F00F3F781B9F1000F08DD51464A4692
:104FE0005846FFF7C5F88246002800F0F4813A469B
:104FF00058461A99FFF752F90990002800F0EB8102
:105000000023099AD168D36011915146FFF726F920
:105010000028C0F2EA83DDF8149000F07683514650
:105020000998FFF7D7FA00224FF0804304460D4657
:1050300007F0FCFA002800F07181119B002B40F072
:10504000E381049B002B40F06B82C9F31303002B18
:1050500040F00D82002220462946A94B07F0DCFAD9
:10506000002840F049832046A64B2946002207F03D
:1050700061F803460C46CDE9123401F100430E906D
:105080000F93DFF88482A14B09EA08089845DDE90F
:105090000E4500F0C0810A9B1BB3B8F1D46F20D835
:1050A00095A3D3E90023DDE9120107F0BFFAA0B10F
:1050B000DDE9120107F016FB012838BF012006F0D8
:1050C000BFFF119BCDE91201002B40F0BD8201F121
:1050D000004316901793DDE9164505F1D663A3EB5F
:1050E0000805DDE90C01FFF795F902460B4620465D
:1050F000294607F01FF8DDE90C2306F065FE0C4693
:10510000CDE904010A9B23B97F4B2340984500F069
:10511000B78158461A99FEF7EDFD39465846FEF715
:10512000E9FD51465846FEF7E5FD58460999FEF758
:10513000E1FD149C58466168FEF7B6FD074600285D
:1051400000F04981226904F10C01023292000C3016
:10515000F8F71AF91CAB01931BAB00935846DDE935
:1051600004341A46CDE90C342346FFF7D5F91A90DA
:10517000002800F0058101215846FEF7BFFE824657
:10518000002800F028811B9B002BC0F21581109A8B
:10519000DDF8548003EB02090A9A1C9C9B1A2344F5
:1051A0005B4A013B9342C4F13604FFF6E9AE0123AA
:1051B00000251E46EEE600260027079A0AB1199B35
:1051C0001360089B002B3FF462AD07F100431F46BC
:1051D000304639461FB0BDE8F08F0023CDF864801B
:1051E000109374E501230A936BE54FF0010C08F16D
:1051F0000203199398F80240ABE54FF0000CF6E774
:10520000002597E500220892791C19917A78002AE6
:105210003FF437AD0F46A7E401220892F4E7452C8E
:105220003FF425AD01230A9353E53FF47FAE64427A
:1052300014F00F020AD0DDE90401364B03EBC20380
:10524000D3E9002307F0A0F8CDE9040124113FF4CD
:105250006DAE1F2C37DCDDE9040114F0100318BF1C
:105260006A230A930023DFF8B080E20704D5D8E967
:10527000002306F05FFF0123641008F10808F4D151
:105280000BB1CDE904010A9BA3B1DDE90401C1F32F
:105290000A52C2F16B03002B0ADD1F2B40F3398346
:1052A0000020342B049040F37C834FF05C73059313
:1052B0006A230A930022DDE90401002307F0A2F922
:1052C00000283FF435AE222300260027CBF800301B
:1052D00073E71633FFF6D2ADDDE904010C9B109A9B
:1052E0009A1A0C4B03EBC203D3E9002307F04CF8E6
:1052F00006460F4661E700BF0000C0FFFFFFDF4129
:105300000000F03F0000E03F0000F07F0000E07F81
:1053100002FCFFFF9825020088260200AC4B2046C5
:105320002946002206F006FF119BCDE91201002B51
:1053300065D101F100430E900F93A2E651461A4643
:105340005846FEF7BBFE8246002844D001461A9A12
:105350005846FEF701FE00283DD011901A99584694
:10536000FEF7C8FC119B002C1A937FF72CAE224647
:1053700058461A99FEF7FCFE1A9000287FF423AED7
:10538000B946054622230026924FCBF80030294625
:105390005846FEF7AFFC49465846FEF7ABFC51466F
:1053A0005846FEF7A7FC58461499FEF7A3FC58464A
:1053B0000999FEF79FFC00E7159ADDF84090A2EBF3
:1053C0000308E9E6394642465846FEF7D1FE07464D
:1053D00000287FF400AEB9461A9DD3E739465846F7
:1053E000159AFEF76BFE074600287FF4F0ADF2E752
:1053F000012279491646CB1A02FA03F5CAE5DDE91E
:105400001234CDE90E343CE60023744CCDE90E3461
:10541000CDE9123435E6A9F154730593DDE904456D
:1054200020462946FEF7F6FFDDE90E2306F082FE50
:105430002B46224606F0C8FCDFF89891684B01EA3B
:1054400009099945CDE9040179D9DDE90C0103F198
:105450005473994202D106460136BCD04FF0FF3357
:10546000604CCDE9043454E6DDE90467A5E6002389
:105470005D4CCDE90E340023584CCDE9123400E6E2
:10548000DDE912562846314607F040FA06F024FEC0
:105490000B4602463146284606F094FC119D049BBB
:1054A000C4F313041D432C438046894626D142A3EE
:1054B000D3E9002307F0B0F800283FF42AAEB9463C
:1054C000DDE904671A9D62E70293089B5846019341
:1054D0001AAB0093454A1BAB19A904F00FFD10F05D
:1054E0000F0504463FF467AE062D40F0B58000225C
:1054F0007B1C00260027089219935EE630A3D3E9AF
:10550000002307F089F80028D9D12FA3D3E900237D
:105510004046494607F09EF800283FF4FAADCEE732
:10552000049B012BA3D1B9F1000FA0D1B9461A9C5D
:105530002223254600260027CBF8003027E701F17B
:1055400054740594DEE50A9F0C9B082D03440C93CC
:105550006DDC6546FFF759BB012238462449F7F751
:10556000D5FC002800F0BB804FF000094E464846AD
:105570004D46CA46CDF83090CDF82890FFF7A3BB32
:1055800044F61F639942A8BF1946109114E40B9882
:105590001849DDE9042301EBC001D1E9000106F05F
:1055A000C9FD06460F4608E66E2C3FF4A3ABFFF795
:1055B00068BB00BFAFF300809535A094FFFFCF3FDD
:1055C0009535A094FFFFDF3F35E5AF350000E03FA4
:1055D0000000E03F0000F07FE2FBFFFF0000F03F33
:1055E000FFFF9F7CFFFFEF7F0000F0BF74260200EB
:1055F0008C20020098250200A04919A804F052FF4F
:1056000000283FF43EAB199B9D49013B19A8199313
:1056100004F048FF10B9199B013319930026994FE4
:10562000CBE522230026974FCBF80030C5E5BCF12F
:10563000100FD8BF09EB890965464FF00000D8BFAD
:1056400002EB4909FFF7E6BADDE91234CDE9163479
:1056500041E50020FFF7CCBA1A9A3AB135211CA8CF
:10566000FFF702F858461A99FEF744FB013D1B9BD1
:10567000042D00F2C481DFE805F0032C291E03008D
:105680001C9A049203F233421D9B23F4801343EAD5
:1056900002530593E10502D543F000430593794A8F
:1056A000DDE904671A40002A7FF487ADF7F738FD7B
:1056B0002223036081E54FF0FF326FF00043CDE914
:1056C0000423E3057FF5D0AE059BE5E76D4B05931D
:1056D000F7E7DDE91C121D9BCDE90412DAE7199A00
:1056E000064613460132199281465C78FFF773BA79
:1056F000AA460C90FFF791BA0023634CCDE90E3413
:105700000023624CCDE91234BBE44B461198B446F9
:10571000B946DDE90C67AE465D49C3F313020028C4
:1057200045D08A4200F0FD80ADBB049A1CEA020F0E
:1057300034D0304639460493FEF76CFE0A9B002BAA
:1057400000F03781049BC3F30A53C3F16B03002BB2
:1057500040F352811C0504F17F53002203F54013EE
:1057600006F0E8FC02460B463046394606F02CFBB4
:1057700006460F4630463946464B002206F0DAFC14
:10578000404B06460B400F46002B7FF49BAE222376
:10579000CBF8003096E61EEA030FCAD10A9B002B15
:1057A000E8D18FE601F154730593FFF7BFBB002AE0
:1057B00074D1DDE904452246002C40F0A2800A9A0B
:1057C000002A40F0CB8025F00044240D2405A4F5E8
:1057D00080146FEA14536FEA035305934FF0FF33BD
:1057E00004931A9DDDE90467D1E5119BDDE904010D
:1057F0000343B946DDE90C67D0D1C1F31303002B95
:10580000CCD121F00044240D2405B4F1D66F2546F7
:10581000C4D9099A536913B91369012BBEDD01225A
:1058200009995846FEF7A4FC51460990FEF716FD6B
:105830000028B3DD0A9B002BC9D0A5F580136FEAC1
:1058400013536FEA035305934FF0FF330493DDE9DD
:1058500004678FE7104919A81CAA04F03DFE05282B
:105860007FF453AA1D9B43F0FF4343F4E0030593E9
:105870001C9B0493DDE904679FE400BF0022020043
:10588000042202000000F07F0000E0BF0000E03FC3
:10589000FFFF0F000000503960260200A5BB049AEC
:1058A0001CEA020F3FF47AAF304639460493FEF704
:1058B000B1FD0A9B002B62D0049BC3F30A53C3F1D2
:1058C0006B03002B40F38C801C0504F17F530022F6
:1058D00003F5401306F02EFC02460B4630463946CF
:1058E00006F070FA0022002306460F4606F08AFEF4
:1058F00000283FF43FAF1AE64FF00009414AFFF796
:10590000F8BABEF1000FCBD01EEA030F3FF446AF4A
:10591000CAE74FF0FF3202FA03F3049A1A400492E6
:10592000C6E40A9A0499B2B1374A1A40B2F1D46F68
:1059300011D84FF0FF30120DC2F16B0200FA02F2E3
:10594000914240D0BEF1000F7FF425AF11EA0C0F59
:105950003FF424AFEDE64FF0FF32F1E72A4D1D4052
:10596000B5F1D66F3FF669AFB5F15C7F3FF602AF98
:105970002223002600271A9DCBF8003007E50246B7
:105980000B463046394606F01DFA1A9C00220023C9
:1059900006460F46254606F035FE00283FF4F7ACD4
:1059A000C6E54FF0FF33C2F14B0293400B40059325
:1059B0007EE402460B463046394606F005FA1A9D4B
:1059C00006460F46E3E4114A93420CD00E4A1A40B1
:1059D00002F58013059300230493DDE90467DDE6F7
:1059E00002460B467AE70131F0D1222300261A9DA8
:1059F000054FCBF80030CAE402460B46B4E600235C
:105A000048E600BF702502000000F07FFFFFEF7F37
:105A1000014BFFF735B800BFD80600208C4600B513
:105A200086461346034A714610685DF804EB6246E9
:105A3000FFF726B89400002084460A460249034B2B
:105A400008686146FFF71CB894000020D8060020C3
:105A50002DE9F04705460C46DFF888A01346294695
:105A60002246DAF80000FFF70BF802460B46044620
:105A70000D4606F0F9FD48BB2946204606F052FEC9
:105A800020F0004706461849384606F011FFD0B905
:105A90003846154906F0EEFEA8B925F000494FF04A
:105AA000FF3220464946114B06F0DEFD38B920464C
:105AB00049464FF0FF320D4B06F0B8FD18B12222D7
:105AC000DAF800301A603046BDE8F087002D08484B
:105AD00004DAFCF71BFE00F10046F4E7BDE8F047EE
:105AE000FCF714BE94000020FFFF7F7FFFFFEF7FD5
:105AF0001C2202002DE9F0470446DFF8A0A00A4668
:105B0000274B2146DAF80000FEF7BAFF02460B46A3
:105B100004460D4606F0A8FD002833D1294620464C
:105B200006F000FE20F0004706461E49384606F003
:105B3000BFFEE8B938461B4906F09CFEC0B925F007
:105B400000494FF0FF3220464946174B06F08CFDC6
:105B500038B9204649464FF0FF32134B06F066FD38
:105B600030B12222DAF800301A603046BDE8F08702
:105B700016F0FF4FF9D10D4B2B40002BF1D13046E1
:105B8000BDE8F087002D0A4804DAFCF7BFFD00F1FC
:105B90000046EAE7BDE8F047FCF7B8BD94000020F6
:105BA000D8060020FFFF7F7FFFFFEF7F0000F07F20
:105BB0001C220200242B2DE9F84F42D8012B40D0A3
:105BC0001F468E468046484875461EF801BB10F8B1
:105BD0000B4014F00804F7D1BBF12D0F6FD06FF01C
:105BE0000049BBF12B0F04BF9EF800B005F1020E77
:105BF0007BBBBBF1300F4CD00A273B460025B9FBDD
:105C0000F7F6284607FB169A05E03BD0012507FB6F
:105C100000C01EF801BBABF1300CBCF1090F06D976
:105C2000ABF1410CBCF1190F1AD8ABF1370C63453D
:105C30001FDDB5F1FF3FECD08642E6D24FF0FF35D5
:105C4000E7E7F7F76DFA1622034600201A60BDE871
:105C5000F88F102BD2D1BBF1300F23D01F46CDE7E8
:105C6000ABF1610CBCF1190F03D8ABF1570C6345D4
:105C7000DFDC6B1C2BD054B9002AE8D085BB116047
:105C8000BDE8F88FE245C1DA4FF0FF35C1E7404289
:105C9000F2E79EF8003003F0DF03582B08D0082706
:105CA0003B46ABE79EF8000000F0DF005828D5D156
:105CB00010279EF801B03B460EF1020E9EE79EF8BB
:105CC00000B04FF00049012405F1020E90E72223B5
:105CD000C8F8003032B10EF1FF3148461160CFE70D
:105CE0008146F8E74846B2E7451E0200FFF762BF6B
:105CF0008C4600B586461346034A714610685DF827
:105D000004EB6246FFF756BF940000208C4600B5B6
:105D100086461346034A714610685DF804EB6246F6
:105D2000FFF748BF940000202DE9F04707460E46D4
:105D3000484C304616F801EB14F80EC01CF0080C65
:105D4000F7D1BEF12D0F5AD0BEF12B0F09BF64461B
:105D5000644696F800E0861C4BB9BEF1300F5CD06B
:105D60000A234FF0050A9946DFF8EC800AE0102B71
:105D70004AD04FF0FF38B8FBF3F803FB08FA994616
:105D80006FEA0A0A0025284605E02CD0012509FB08
:105D900000C016F801EBAEF1300CBCF1090F06D9CA
:105DA000AEF1410CBCF1190F0BD8AEF1370C6345C5
:105DB00010DDB5F1FF3FECD04045E6D94FF0FF359F
:105DC000E7E7AEF1610CBCF1190F03D8AEF1570C47
:105DD0006345EEDC6B1C0BD004B140420AB165B9DF
:105DE0001160BDE8F087D445D0DD4FF0FF35D0E736
:105DF000222328463B60002AF3D0711EF0E796F874
:105E000000E00124861CA7E7BEF1300F11D04FF04F
:105E10000F0A6FF070489946B4E7337803F0DF0358
:105E2000582B0BD008234FF0070A6FF060489946B3
:105E3000A8E7307800F0DF005828E8D14FF01009CB
:105E400096F801E04FF00F0A6FF070484B460236AB
:105E500098E700BF451E020099999919FFF764BFA2
:105E60008C4600B586461346034A714610685DF8B5
:105E700004EB6246FFF758BF940000208C4600B543
:105E800086461346034A714610685DF804EB624685
:105E9000FFF74ABF9400002010B4034CD4F8E04050
:105EA000A44610BC604700BFD8060020034649B195
:105EB000FF2A02D801200A7070478A224FF0FF3073
:105EC0001A60704708467047B9B37F2A27D903463E
:105ED000A2F18000B0F5F06F24D3A2F50060B0F518
:105EE000784F10B52BD3A2F58030B0F5801F36D295
:105EF0000023940CC2F3053E64F30703C2F3851C30
:105F00006EF30F2302F03F026CF3174362F31F633B
:105F100043F0803343F0700304200B6010BD012078
:105F20000A707047930902F03F0263F03F0362F08A
:105F30007F0202200B704A70704708467047140BAE
:105F4000C2F3851302F03F0264F01F0463F07F0385
:105F500062F07F0203200C704B708A7010BD8A22A1
:105F60004FF0FF301A6010BD5FFA82FC0346C2F3A7
:105F70000722D9B1B2B102F17F00C0B21E2804D904
:105F800002F12000C0B20F2812D8ACF140003E2828
:105F900003D98CF080007C280AD802200A7081F88E
:105FA00001C07047012081F800C070470846704763
:105FB0008A224FF0FF301A60704700BFD3B2844688
:105FC000C2F3072229B3EAB102F17200C0B201287C
:105FD00021D902F15F00C0B25D2821D803F15F0032
:105FE000C0B25D2811D943F0800303F15F00C0B255
:105FF0005D2815D84FF08F0C03204A708B7081F804
:1060000000C0704701200B70704702200A704B706F
:1060100070470846704703F15F00C0B25D28F4D9AD
:106020008A234FF0FF30CCF80030704770B55FFA2C
:1060300082FEC2F3072269B37AB18446A2F121003D
:106040005D2829D8AEF121005D2825D81868A8B1AF
:1060500002200A7081F801E070BD186860B18C46BA
:1060600042F61B001A6042232CF8030B8B700420AD
:10607000614681F800E070BD0120FAE78C460126F8
:1060800042F21B4542241E602CF8035B05208C70F5
:106090006146DEE7012070BD8A234FF0FF30CCF867
:1060A000003070BD2DE9F04F894692461E460D46E0
:1060B00085B05A4F03902A4615F8014B3B5D13F00B
:1060C0000803F8D12D2C7DD02B2C41D04FF0FF327E
:1060D00002936FF00043CDE90023002E43D1302C12
:1060E00079D00A27B0463E46DDE900013A464346EC
:1060F00006F0F4FB002383468E4618461946A44654
:1061000010E08E4508BF83454CD000FB08F307FB29
:106110000133A0FB07010B44201843EBE47101237A
:1061200015F801CBACF13004092C05D9ACF14104D0
:10613000192C1ED8ACF13704A64222DDB3F1FF3F83
:10614000EED083457EEB0103DBD24FF0FF33E7E770
:106150004FF0FF3102936FF000432C78CDE900132C
:10616000951C002EBBD0102E3ED037464FEAE67865
:10617000BAE7ACF16104192C03D8ACF15704A6427C
:10618000DCDC5A1C13D0029A12B1404261EB41018F
:10619000BAF1000F03D0002B3DD1CAF8009005B032
:1061A000BDE8F08FA242B0DA4FF0FF33B8E7222308
:1061B000039A1360BAF1000F28D0DDE9000105F160
:1061C000FF39EAE74FF00040009301232C78CDE936
:1061D0000103951C81E72B7803F0DF03582B0ED0C9
:1061E0000827B0463E467FE7302C03D037464FF0B5
:1061F000000879E72B7803F0DF03582BF6D110273E
:106200006C784FF000083E4602356DE7DDE900018D
:1062100005B0BDE8F08FCDE90001CEE7451E0200D4
:10622000FFF740BF8C4600B586461346034A7146C9
:1062300010685DF804EB6246FFF734BF940000205D
:106240008C4600B586461346034A714610685DF8D1
:1062500004EB6246FFF726BF940000202DE9F04FC3
:106260008B461E460D4685B05F4F039001922A462D
:1062700015F8014B3B5D13F00803F8D12D2C7ED0AF
:106280002B2C03BF2C780293951C02936EB9302CF3
:1062900000F086804FF00A09B2464FF0050C4FF02F
:1062A00099374E46DFF8448117E0102E6CD04FEA44
:1062B000E67A324653464FF0FF304FF0FF3106F09A
:1062C0000DFB32460746884653464FF0FF304FF0ED
:1062D000FF3106F003FBB1469446002210461146FA
:1062E00010E0414508BFB84239D000FB0AF209FB73
:1062F0000121A0FB090211440122181841EBE371AE
:1063000015F8014BA4F13003092B05D9A4F1410381
:10631000192B0CD8A4F137039E4210DD541CEFD08A
:10632000874278EB0102DCD24FF0FF32E8E7A4F1BC
:106330006103192B03D8A4F157039E42EEDC531CD2
:1063400012D0029B13B1404261EB4101019B1BB192
:1063500092B9019BC3F800B005B0BDE8F08F63456A
:10636000C3DD4FF0FF32CBE72223039910460B60C9
:10637000019B1146002BEFD005F1FF3BE9E701231C
:106380002C780293951C81E7302C19D04FF00F0C1C
:106390004FF0FF376FF07048B1464FF0000A9CE7AE
:1063A0002B7803F0DF03582B0FD04FF00809B246CB
:1063B0004FF0070C4FF0FF376FF060484E468CE708
:1063C0002B7803F0DF03582BE0D14FF010096C78E5
:1063D0004FF00F0C4FF0FF376FF070484FF0000A8E
:1063E0004E46023579E700BF451E0200999999197A
:1063F000FFF734BF8C4600B586461346034A714604
:1064000010685DF804EB6246FFF728BF9400002097
:106410008C4600B586461346034A714610685DF8FF
:1064200004EB6246FFF71ABF9400002070B582B0FB
:10643000069D044655B11048D0F8E4606AB1204684
:106440000095B047431C10D002B070BD00F1F405B8
:106450000948D0F8E460002AF1D101231146204612
:10646000064A0095B047431CEED100228A232A60D9
:10647000236002B070BD00BFD80600201C220200BD
:10648000F0B50D46134983B00E6801466BB11C464A
:10649000114BD3F8E4707DB1134630462A46009480
:1064A000B847431C10D003B0F0BD0B4B06F1F40409
:1064B000D3F8E470002DEFD1012329463046074A76
:1064C0000094B847431CEED100228A232260336037
:1064D00003B0F0BD94000020D80600201C2202006A
:1064E00070B5054684B05BB11C460F4BD3F8E06035
:1064F000234669B12846B047431C0FD004B070BD95
:10650000094B00F58274D3F8E06023460029F1D1ED
:106510000A46284601A9B047431CEFD100228A232E
:1065200022602B6004B070BDD806002070B5134BFC
:1065300084B01D686AB1124B1446D3F8E06078B19C
:106540000A46234601462846B047431C0FD004B0F4
:1065500070BD0B4B05F58274D3F8E0600028EFD1D5
:106560002346024601A92846B047431CEFD100222A
:106570008A2322602B6004B070BD00BF940000200D
:10658000D806002010B51C4682B0049B00940193ED
:106590004FF0FF3304F0FEF802B010BD30B58C466A
:1065A000864615461C46064B83B0186871464FF068
:1065B000FF336246CDE9005404F0ECF803B030BD7F
:1065C00094000020002100F001B800BF10B500F0D9
:1065D000A5F8044604F006F9A0F11A03DBB2022B79
:1065E00006D9A4F1090004288CBF0020012010BDA9
:1065F000012010BD0229C0F30722C3B224D0032911
:1066000003D082F0800283F0800302F15001C9B20E
:106610001F290BD902F13001C9B2242932D84FF217
:10662000A641884224D94FF0FF3070474CF6D37111
:106630008842F8D8B03A3149C2EBC212A13B03EB11
:10664000420331F8130070479E2B95BF7F218021B4
:106650007E3B23339F2A94BF703A503201EB4201B4
:10666000CAB202F15001C9B21F29DBB2D2D8DDE7AC
:10667000D03A2349C2EBC212A13B03EB420331F8EB
:1066800013007047A13A072ACDD8DFE802F031287D
:106690001E18130F0B04C02BC5D81A4AA13B32F8A1
:1066A00013007047F12BBED8174A19E0D82BBAD87F
:1066B000164A15E0F62BB6D803F540507047F32B79
:1066C000B1D803F53E5020307047114A1A4412F8F1
:1066D000A12C002AA7D003F57E40603070470D4AF8
:1066E000A13B32F81300002808BF4FF0FF3070477D
:1066F000094AA13B32F81300704700BF2C41020049
:10670000B026020058580200985802003C59020076
:10671000AC590200085A0200C45A020038B50546B6
:10672000B9B101F5957420461149F6F74FFD28B926
:106730002846BDE838400121FFF75CBF20460D49DF
:10674000F6F744FD38B92846BDE838400221FFF786
:1067500051BF094CE7E720460849F6F737FD28B94D
:106760002846BDE838400321FFF744BF284638BD1E
:10677000EC1F02000020020002080020F81F0200A7
:1067800010B5124904461248F6F720FD28B92046F4
:10679000BDE810400121FFF72DBF0E490C48F6F768
:1067A00015FD28B92046BDE810400221FFF722BFA1
:1067B00009490748F6F70AFD28B92046BDE8104008
:1067C0000321FFF717BF204610BD00BFEC1F0200DA
:1067D0000208002000200200F81F020038B505461C
:1067E000A1B101F5957420460949F6F7EFFC08B907
:1067F000284638BD20460749F6F7E8FC0028F7D0C0
:1068000020460549F6F7E2FC284638BD034CEAE786
:10681000EC1F020000200200F81F02000208002006
:106820004B1C70B51AD014469389526823F020038C
:10683000A381236BCDB2A3B1636B934209DD2368BF
:106840005A1E226003F8015C6368013363602846C6
:1068500070BD214603F02CF90028F0D04FF0FF3531
:10686000F5E7236921682BB18B4203D211F8013C73
:10687000AB420ED023460320C4E90E12012204F1DC
:1068800040066063266303F8425F2846C4E900328D
:1068900070BD01390132C4E90012D8E710B50C46C9
:1068A000096B69B104F14003994201D0F6F716FF74
:1068B0000020E36B2063636013B1A36B236010BD02
:1068C0000021A2894FF0FF3042F020022369A2810B
:1068D0006160F3E72DE9F04F85B0019302FB03F30C
:1068E0000E9C9BB38846D4E90015AB4244D983463D
:1068F0001E464FF00009CDE9023204F1400A40463D
:106900002A46F6F741FD2068216B28443746C4E942
:106910000009A844761BE9B1514502D05846F6F764
:10692000DDFEE16BC4F83090616099B10D46A16B5A
:10693000B5422160E3D332464046F6F725FDD4E95F
:106940000021891B3244C4E90021019B184605B08F
:10695000BDE8F08FDDE902322B44DB1BB3FBF2F321
:1069600000211846A28942F02002A2812269C4E9CE
:10697000002105B0BDE8F08F1E46DCE72DE9F04FA1
:10698000E5B002AFC7E90C02B1F90C20BB61940479
:1069900089464B6E05D442F4005223F400538A8199
:1069A0004B669804C3F3403400F1BA87A24608222C
:1069B000214607F14000F6F7F1F9C7E90A4409F169
:1069C0004003FB603C62FC613C617D4BD3F8E440DA
:1069D000FBF792FD07F14002009203467A6B386B99
:1069E00007F13C01A04700284ADB7B6B01460344CA
:1069F0007B63FB6B002B00F0C08001284FD0252B60
:106A000056D00028E1D07B6B01385E1AD9F80430EB
:106A100034181A46002A06F1FF3517DDD9F8003080
:106A200018786A780133904205F1010140F0A580A1
:106A3000D9F80420A14202F1FF32C9F80030C9F8A8
:106A4000042000F0AB80002A0D46E7DCD9F83010B6
:106A5000002900F04D87FB68994202D0386BF6F7A9
:106A60003DFE0022D9F83C30C9F83020C9F8043086
:106A7000002B00F03D87D9F83830C9F80030CFE757
:106A80004FF6FD730822002107F14000FB63F6F783
:106A900085F97B6B01337B63FB6B002B6DD0494A1F
:106AA000D25C110700F128840120252B0146AAD1D0
:106AB000002422467E6B3578A5F1250306F1010BF3
:106AC000552B5AD8DFE813F0A20659005900590097
:106AD00059000406590059005900590059005B0536
:106AE0005B055B055B055B055B055B055B055B05A6
:106AF0005B055900590059005900590059005900C7
:106B000059005900800025015900590059005900C9
:106B10005900590059006F00590059004F015900A0
:106B2000590059009101590059005900590099051F
:106B300059005900C0055900590059005900590021
:106B40005900590082002701590059005900E005F9
:106B500099066F005900B405EC05CD055101FA0501
:106B60005900590093017600FD0559005900990517
:106B7000590076004FF0FF33BB623B6A43B13B6A7A
:106B80001868BB6A013300F03B8108B1FCF732FEA4
:106B9000B86A07F5C677BD46BDE8F08F02355544A3
:106BA000A5EB060A11E72307E7D1757844F0020444
:106BB0005E4681E72507E0D175785E467CE700BF39
:106BC000D8060020451E020044F001040026C7F844
:106BD00034B044F04004D9F80430002B41F39C81D8
:106BE000600641F19D81022E00F0CA82032E00F062
:106BF000ED81012E00F01C81012A38BF012214F022
:106C00000103164604F010027A6200F0A983002AFC
:106C100040F0EB85BA69200652F8043BC7E905321B
:106C200040F1F787002BA8D08020FCF7DBFD8346DE
:106C300000289FD07B6918603B6ADC889D88AC4245
:106C400080F0EF8618687B693A6A40F82430631C4C
:106C5000D3802023C7F808B07B600024FB6A07F1CB
:106C60006008FB62FBF748FCA04200F04E86D9E9C1
:106C70000021FB6A12F8010B0139032B08F804000C
:106C8000C9F80410C9F8002004F1010407F15805FF
:106C900002D12B68042B04D0082200212846F6F7E5
:106CA0007DF80095234659464246386BFFF7BEFBF8
:106CB000411C034600F02986002840F0BF857A6A0F
:106CC000A244013E6AB9CBF800207A693AB1BA68A9
:106CD000ABEB02047A68B2EBA40F40F23A860BF1F8
:106CE000040BD9F804200024002A40F36584002E08
:106CF000B7D1FB627B693BB1BB68ABEB03017B683F
:106D0000B3EBA10F00F24D877B6A002B7FF45DAEE1
:106D1000C5E344F001040A230326FB61A74B3B6152
:106D2000D9F80430002B29DCD9F83010002900F004
:106D3000DF8509F14003994204D0386B7A63F6F796
:106D4000CDFC7A6B0023C9F83030D9F83C30C9F853
:106D50000430002B00F0CC85D9F83830C7F834B0B7
:106D6000C9F800303CE744F001040823FB61944B70
:106D700003263B61D9F80430002BD5DDD9F800009B
:106D8000904D0378EB5C190741F1148009F140083C
:106D90007C6300234446904607E00130C9F80000B8
:106DA0000178695C0A0740F1A282D9F804100AF15F
:106DB000010A01390029C9F80410EEDCD9F83010B5
:106DC000002900F09585A14203D0386BF6F786FCC8
:106DD0000023D9F83C10C9F83030C9F80410002954
:106DE00000F08685D9F83800D8E744F0010402267F
:106DF00096E7BB6A23B1B9F80C305B067FF5BFAEEE
:106E00003B6ADE8818687EB100248146A046051FD3
:106E100055F8043F01341868FCF7ECFC2B68A642D7
:106E2000C3F80080F4D148464FF0FF33BB62ACE6B4
:106E3000002A08BF4FF0FF3204F0100314F00105E0
:106E40007B6100F03183002B40F0ED84B9692006AE
:106E500051F8043BBB60B96140F1D4867A62002BE3
:106E60003FF48BAE8020FCF7BDFC7A6A0646002812
:106E70003FF480AEBB6818603B6ADC889D88AC42FA
:106E800080F0FB851868BB683E6040F824303B6AA0
:106E90000134DC8020237B604FF0000BFC6A07F19B
:106EA0006008C7F824A0FA62FBF726FB584500F0FB
:106EB0002C85D9E9003213F8011B013A032C08F89C
:106EC0000B10C9F80420C9F800300BF1010B07F1D1
:106ED000480A03D1DAF80030042B04D0082200213C
:106EE0005046F5F75BFFCDF800A031465B464246C1
:106EF000386BFFF79BFA411C044600F0068500281A
:106F000040F0AC84054630600822002107F15000B3
:106F1000F5F744FFDFF8B0C02A4607F158052946C7
:106F2000386BDCF8E0C007F15003E047012814BFDC
:106F3000002597F8585007F188035B5D002B00F09F
:106F40007D867B6A032C5B447B6200F08F84FB6A46
:106F5000013BFB627B694BB9BB68043633B13B68CC
:106F6000F51A7B68B3EBA50F40F2E384D9F804303F
:106F70004FF0000B002B40F38584FB6A002B93D16C
:106F8000D7F824A0FC627B69002B7FF41EAD336030
:106F9000BB68002B00F083823B687A68F11A8B1083
:106FA00001339A4240F27B82BC6804312068FDF7CD
:106FB000B7FB002800F07382206070E2ED5C0100F6
:106FC0005D5E0100451E0200D80600200026531E0B
:106FD000262B8ABFA2F127084FF00008272209F1CB
:106FE00040037B62334607F1600B5D46C7F81480AF
:106FF00090465A46D346D7F81CA044F45864D9F8B2
:10700000001091F800C0ACF12B004D283CD8DFE80F
:1070100000F0753B753B3B81636363636363637A35
:107020007A3B3B3B3B3B3B3B2727272727273B3BE9
:107030003B3B3B3B3B3B3B3B3B3B3B3B3B3B3B6972
:107040003B3B3B3B3B3B3B3B2727272727273B3B08
:107050003B3B3B3B3B3B3B3B3B3B3B3B3B3B3B6952
:10706000BAF10A0F10DD24F4386405F801CBD9F821
:10707000040001380028C9F8040067DD0131B8F1C7
:107080000108C9F80010BAD1C7F81CA0DA46934627
:10709000E00505D55D4500F2C3825D453FF46DAD69
:1070A00014F0100213D15946FB69386BD7F810C0A1
:1070B0002A70E047BB69A10603F1040840F1A982E8
:1070C0001B681860BB6AC7F818800133BB62A5EB68
:1070D0000B053544AA4478E49F4824F4386430F919
:1070E0001AA0C2E704F4C060B0F5007FCCD124F44C
:1070F00000744FF0100A44F4A064B6E72006C3D52C
:1071000024F08004B1E7944830F91AA0BAF1080FCE
:10711000A9DCB9E72005A8D5BAF1000F03D14FF0DB
:10712000080A44F40074600500F17082786924F460
:10713000607418B10138786108F10108D9F80400C9
:10714000013601380028C9F8040097DCD9F830105E
:10715000002900F04886786A814205D0386BFA61D0
:10716000F6F7BCFA0023FA69D9F83C10C9F83030B8
:10717000C9F80410002900F03686D9F838107EE7E7
:10718000002A08BF4FF0FF32E00704F0100340F17F
:107190002481002B40F03E83B96951F8040BB9619A
:1071A0002106786240F13D85BB607A6100283FF49A
:1071B000E4AC8020FCF716FB7A698046BB680028A7
:1071C0003FF4D8AC796A0860396ACC888D88AC42C3
:1071D00080F03D840868C6464FF0200C796A40F87C
:1071E0002410396A0134CC80D9F800105B4D09783D
:1071F0006E5C16F0080661D1C7E9015E93461D4634
:10720000C7F814C0FBF778F9B04200F07E83D9E9E3
:10721000003213F8011B013AC9E9003207F160039B
:1072200099553B60FB6A0136032B07F1580402D1E4
:107230002368042B04D0082200212046F5F7AEFD78
:1072400000943A6833464146386BFFF7EFF8421C2A
:10725000F86200F05A83002840F06284C8F8000009
:10726000FFF7B0F9002840F0A684B2440BF1FF3BD1
:10727000002D40F0C0847B6A08F10408002B00F068
:10728000BA84BB68A8EB03047B69B3EBA40F40F29C
:10729000FF852E46D9F80430002B40F3CC85D9F871
:1072A00000301B787A68D35C1C0702D4BBF1000F56
:1072B000A8D12B46D7F814C0D7F808E0002B7FF4EC
:1072C00084ABC8F800307B6A002B00F0E880A8EBA4
:1072D0000E018A100132944540F2E18018680431B1
:1072E0001C46FDF71DFA00287FF466AED7E07C6BE4
:1072F0004246C7F834B076E40025D9F8042009F1F5
:1073000040040FE0D9F800301A78144901338A5C40
:1073100012077FF55AABD9F804200AF1010A013AA5
:10732000C9E90032002AEDDCD9F83010002900F05C
:10733000D783A14202D0386BF6F7D0F9D9F83C30A8
:10734000C9F83050C9F80430002B00F0C983D9F8CF
:107350003830C9F80030D7E7805B0200451E0200D4
:107360007A6A002A40F00882BB69240653F8045B5D
:10737000BB6140F10783002D3FF4FFAB3046FCF7C3
:1073800031FA0446002800F0C7823B6A2860B3F84F
:107390000680B3F804B0D84580F0E98318683A6AEB
:1073A00008F10103D38040F82850CDF80090214621
:1073B00033460122386BFFF78DFA044600283FF46C
:1073C00018AD864240F2D58001462868FDF7A8F93D
:1073D000002800F0CE802860CBE0002B40F06D84C8
:1073E000BB6914F0800453F804BBBB6100F0238236
:1073F0007A62BBF1000F3FF4C0AB2020FCF7F2F93A
:107400000646002800F088823B6A7A6ADC889D88FC
:10741000CBF80000AC4280F0C28218683B6A40F8AA
:1074200024B00134DC802024D9F80000B94D037861
:10743000EB5C190700F1CA825346B046AA461546CE
:10744000D9F80420013AC9F80420421CC9F80020E8
:10745000027808F8012BBBF1000F04D0A8EB06025C
:10746000A24280F07283013D0BD0D9F80420002A9B
:1074700040F30584D9F8000002781AF802201207B8
:10748000DED59A464346991B46468A44013100237D
:107490003370BBF1000F02D08C4200F2E683BB6A6E
:1074A0000133BB62FFF791BA7B69002B40F0188172
:1074B000BB6914F0800453F8046BBB6100F09E8339
:1074C0007A62002E3FF459AB2020FCF78BF9054679
:1074D000002800F021823B6A7A6ADC889988306053
:1074E0008C4280F0858218684FF0200B3B6A40F890
:1074F00024600134DC80D9F8001007F188080B788B
:1075000018F80330002B3FF438ABC7F814A02C4612
:10751000C246904609F140037B622846D9F80450E0
:10752000013DC9F804504D1CC9F80050097800F815
:10753000011B16B1051B5D452CD20546B8F10108AB
:107540000BD0D9F80410002940F3B881D9F8001005
:1075500008781AF800000028DFD12C1BD7F814A0F7
:107560003FF40BAB00232B701EB1611C8B4500F266
:107570000384BB6AA2440133BB62FFF726BA14F04E
:107580008F0F7FF4FAAA02EB820205EB4202303A37
:10759000FFF712BB4FEA4B0B20465946FDF7C0F8E8
:1075A0000446002800F0B88105443060C6E7D9F8E9
:1075B0000420002A3FF755ABD9F83010002900F01D
:1075C000C98309F14002914204D0386BFB62F6F79F
:1075D00085F8FB6A0022C9F83020D9F83C20C9F8A8
:1075E0000420002A00F0B683D9F83820C9F800201A
:1075F000002E7FF436ABFFF77CBB44F400741023FD
:10760000FB61454B03263B61FFF78ABB24F4B06462
:107610002BE5220740F14982BB691B68187051E5D0
:1076200015F8011C4A46386B013DFFF7F9F834E5BF
:1076300023077FF4A2AA75786C2D00F066825E465F
:1076400044F00104FFF738BA594607F188007A621E
:10765000FAF70CF901267A6A44F040047863FFF7E0
:10766000BABAE10600F18A81BA6952F8043BBA61FC
:10767000220700F18181660740F1FA83A3F800A098
:10768000C7F834B0FFF7A1B925077FF476AA75785B
:10769000682D00F034825E4644F00404FFF70CBA13
:1076A00014F08F037FF469AA3D6A002D00F0C082B8
:1076B000757844F080045E46FFF7FEB944F4087420
:1076C0009DE70A23FB61144B03263B61FFF728BBB0
:1076D00022437FF452AA757810245E46FFF7ECB976
:1076E000D9F8003007F18808197818F80110002936
:1076F0003FF443AA0133C9F80030D9F80430012A15
:1077000003F1FF33C9F8043000F06F81934609F1AB
:10771000400417E0451E02005D5E0100D9F800300C
:107720001A78013318F80220002A00F05E81C9F8A7
:107730000030D9F804300136013B5E45C9F8043009
:1077400000F05381002BE9DCD9F83010002900F05B
:107750003F81A14202D0386BF5F7C0FFD9F83C3029
:10776000C9F83050C9F80430002B00F03181D9F845
:107770003830C9F80030D3E7D9E90002B24280F2CC
:1077800099831C4609F14003C7F824A025469A4670
:10779000D9F830101044A346B046C9F8000014448C
:1077A000B61A002900F03283514502D0386BF5F744
:1077B00095FFD9F83C20C9F83050C9F80420002AB8
:1077C00000F02483D9F8380096424FF00001C9F840
:1077D0000000DFDCD7F824A008EB0B04921B304438
:1077E000C9E90002A244FFF7F0B84FF0000BC7E967
:1077F00001BBC7F814B0FFF730BA0023FB61C64BDA
:107800000326C7F834B03B61FFF7E5B9C7F834B0D9
:10781000FFF7F7B84FF0000C07F13C018846E64649
:10782000C7F824C0E0E4002307F13C067B603B601E
:10783000BB60FFF731BB5E46A346F5E5821C3FF413
:10784000B6AE0328A24402D12A68042A00D0013E21
:107850007A6A002A3FF439AAFFF743BA821C0CD097
:1078600035686B1C7FF450ABFFF765BBDAF800306E
:10787000042B7FF46CABFFF76DBBD9F80430002B01
:107880003FF712ABD9F83010002900F07E8209F1E1
:107890004003994202D0386BF5F720FF0023C9F866
:1078A0003030D9F83C30C9F80430002B00F06D823C
:1078B000D9F83830C9F80030FFF75FBBD9F830107D
:1078C000002900F07B827B6A994202D0386BF5F781
:1078D00005FF0023D9F83C10C9F83030C9F804106E
:1078E000002900F06B82D9F83810C9F800102FE693
:1078F0000022B9F80C30D9F8101043F02003C9F871
:107900000010A9F80C30C9F80420BB6A23B1B9F8FB
:107910000C305A067FF531A93B6A002B7FF470AA20
:107920004FF0FF33BB62B86A07F5C677BD46BDE8C6
:10793000F08F3868D900FCF7F3FE386000283FF478
:1079400019A97B68BA685B00461910607B60FFF775
:107950000DBBB868D1001546FB62FCF7E1FEB860CC
:1079600000283FF407A97A696B007B6000EB040BE9
:10797000FB6A1060FFF7B3B983F800A0C7F834B012
:10798000FFF723B8CDF80090334629460122386B23
:10799000FEF7A0FF044600287FF4EBADB5E74FF6F5
:1079A000F6739D427A623FF62BAAD7F820800835FD
:1079B000D8F80000A900FCF7B3FE00283FF420AA85
:1079C0007A6AA8F80450C8F8000027E501215EE5AE
:1079D0000023C9F80430B9F80C3043F02003A9F8AB
:1079E0000C30D9F81030C9F80030B244FEF7EDBFC2
:1079F0004FF6F67399427A623FF602AAD7F820B0A2
:107A000001F10808DBF800004FEA8801FCF788FE66
:107A100000283FF4F5A97A6AABF80480CBF800009F
:107A200062E54FF6F6739D423FF6A4A8D7F8208092
:107A30000835D8F80000A900FCF772FE00283FF4D2
:107A400099A8A8F80450C8F80000FFF7FCB84FF652
:107A5000F6718D42BB607A613FF68CA83E6A0835AC
:107A60003068A900FCF75CFE00283FF483A8BB68DF
:107A70007A69B5803060FFF7AEBB4FF6F6739D4272
:107A80007A623FF677A8D7F820800835D8F800004A
:107A9000A900FCF745FE00283FF46CA87A6AA8F814
:107AA0000450C8F80000FFF7EEB9630774D414F06F
:107AB000010240F0DA81A10740F1D781174B396903
:107AC000386B99425946FB6900F0F681FEF7A8FB36
:107AD0000B46BA691168C1E90003FFF7F3BAA24483
:107AE0000023C9F80430B9F80C3043F02003A9F89A
:107AF0000C30D9F81030C9F80030FEF766BFB57801
:107B000044F008040236FEF7D7BFB57844F002040B
:107B10000236FEF7D1BF00BFED5C01005D5E0100E3
:107B2000FB6A02333FF4B6ABD8F80000FEF74AFD1B
:107B3000002840D1FB6AB244032B7FF497AB236843
:107B4000042B7FF493ABFFF793BB640030462146D0
:107B50007B617A62FCF7E4FD064600283FF4DCAE68
:107B60007A6A7B6900EB0208CBF800007BE44FF6F1
:107B7000F6739B453FF644A93B6A0BF1080B186866
:107B80004FEA8B01FCF7CCFD00283FF439A93B6A92
:107B9000A3F804B0186002E4BB691B681880FFF703
:107BA00091BA7C692068FCF7BBFD00283FF4ACA8C3
:107BB0002060FFF7A9B82B46D7F814C0D7F808E023
:107BC000D7F800B0002E3FF479ABB3445D46F346DE
:107BD0003C6BC7F814C0BB60013E4A46204615F80E
:107BE000011DFEF71DFE002EF6D1DE46D7F814C0AB
:107BF000BB68FFF763BB0026FFF74CBB3546A346C7
:107C0000264678E47B69BE68C7E90033BB60FFF7AE
:107C100043B97B6AD7F814B0C7E901337B61FFF73A
:107C20001CB8D7F824809C469E467B62FFF7DCBADE
:107C300082B0CDE9023302AB3B6239E5D7F824A02C
:107C4000FC62BBF1000F3FF49EA95D4608EB0B04FC
:107C5000D7F83080013D4A46404614F8011DFEF732
:107C6000DFFD002DF6D1FFF78EB9DBF80000FCF741
:107C700057FD00283FF413ACCBF800000FE4D9F80F
:107C80003010002900F01C8109F14002914204D01B
:107C9000386B7B62F5F722FD7B6A0022C9F8302041
:107CA000D9F83C20C9F80420002A00F00981D9F84D
:107CB0003800C9F80000FFF7DFBBD9F800309A4D53
:107CC0001978695C11F008087EF47FAE0133C9F8B9
:107CD0000030D9F80430012A03F1FF33C9F8043029
:107CE00008BF0AF1010A3EF470AE09F1400693465E
:107CF000324601244646904612E0D9F800301A7800
:107D00000133AA5C10073FF56DADC9F80030D9F812
:107D100004300134013BA345C9F8043000F0B280BF
:107D2000002BEADCD9F8301000293FF4D8AE4145E9
:107D300002D0386BF5F7D2FCD9F83C30C9F8306086
:107D4000C9F80430002B3FF4CAAED9F83830C9F86E
:107D50000030D4E7FB620023C9F80430B9F80C30D6
:107D600043F02003A9F80C30D9F81030C9F80030DE
:107D7000002C3EF4BFAFC8E53068FCF7D1FC00280A
:107D80003FF4F7AB3060FFF7F4BB0023C9F80430D1
:107D9000B9F80C30D7F824A043F02003A9F80C3030
:107DA000D9F81030FC62C9F80030BBF1000F3FF485
:107DB000EAA8AAE5C7F834B0FEF715BF0023C9F852
:107DC0000430B9F80C30A54243F02003A9F80C3078
:107DD000D9F81030D7F814A0C9F800303FF495ADA9
:107DE0002C1BFFF7BFBB0023C9F80430B9F80C30D7
:107DF000C7F81CA043F02003A9F80C30D9F81030C4
:107E0000DA46C9F800309346FFF742B90023C9F8B3
:107E10000430B9F80C30D7F824A043F02003A9F8B7
:107E20000C30D9F81030C9F80030002C3FF46DAD9B
:107E3000A244FEF7CABDD9F83010002955D009F187
:107E40004003994202D0386BF5F748FC0023C9F88B
:107E50003030D9F83C30C9F80430002B45D0D9F87F
:107E60003830C9F80030FFF71CBABB69FFF728B9F2
:107E7000E5070AD4A40708D54FEAEA72C3F800A0C0
:107E80005A607BE5DA44FEF7A0BDC3F800A075E5B3
:107E9000B868D9001E46FCF743FCB86000283EF4E1
:107EA00069AE7A6A730000EB04082E4610607B61AD
:107EB000FFF7F0B9344691E4FEF79AFA0B4608E66C
:107EC0009A464346991B0023C9F80430B9F80C3090
:107ED0008A4443F02003A9F80C30D9F81030464604
:107EE0000131C9F80030FFF7D2BA0022C9F80420E6
:107EF000B9F80C202B4642F02002A9F80C20D9F842
:107F00001020D7F814C0D7F808E0C9F80020002ED8
:107F10007FF4FBACFFF7D2B9D7F834B0FEF704BF5B
:107F2000D7F834B0FEF72ABF451E02002DE9F04F06
:107F3000DDB00C4691460D910F938346FAF7EEFAA9
:107F4000036818461A93F5F795FA0822189000214D
:107F50002CA8F4F723FFA389180603D52369002B67
:107F600000F01587002300249E46CDE9313300231D
:107F700033AACDE91634DA4614464D46CDE91BEE58
:107F80003092CDF864E0CDF880E0CDF874E0CDF823
:107F900028E0CDF848E02F466E4BD3F8E460FAF7BE
:107FA000ABFA0DF1B00C03463A46504628A9CDF87D
:107FB00000C0B047002800F09F80C0F29580289B49
:107FC000252B01D00744E7E7B7EB0508064640F04C
:107FD000978000224FF0FF33934609937B787E1CF5
:107FE0008DF897200B9299460136A9F120035A2B60
:107FF00000F2B280DFE813F0F302B000B000EF024D
:10800000B000B000B000FD02B000B0006A00350260
:10801000B0002702D202B000CE025B005B005B0022
:108020005B005B005B005B005B005B00B000B000CE
:10803000B000B000B000B000B0002801B000AA014C
:108040003E02280128012801B000B000B000B000B5
:108050003A02B000B000A802B000B000B000D001F9
:10806000B000BC02B000B0008A06B000B000B000A2
:10807000B000B000B000B000B0002801B000AA010C
:1080800001022801280128012B0201027400B0001E
:108090006402B0005502AF066E027400B000D00159
:1080A0007200AC06B000B000B206B0007200002250
:1080B000A9F1300316F8019B02EB820203EB4202A6
:1080C000A9F13003092BF5D90B928EE70F9B53F8DA
:1080D000042B002A0B920F93C0F2B281337882E70F
:1080E00033784BF0200B7EE7082200212CA8F4F710
:1080F00055FE012007444FE7B7EB0508064610D0B0
:10810000329BC4E9005843443293319B0133072B1F
:10811000319315DC08340A9B43440A93002E7FF404
:1081200058AF329B002B41F05E810D9B9B8903F081
:108130004003002B41F080830A985DB0BDE8F08FCA
:1081400050460D9930AA01F087FC0028EDD133ACE0
:10815000E1E700BFD80600201096B9F1000FE0D08B
:10816000012300228DF80C91069343AD8DF89720E2
:108170000C93CDE913220E92099211921BF0020387
:1081800002D00699023106911BF08408329E05D177
:108190000B9906980F1A002F00F39B806AB10122F9
:1081A0006260319A013601320DF19701072A329649
:1081B0003192216000F3D883083463B102236360F5
:1081C000319B0236013326AA072B32963193226067
:1081D00000F3BF830834B8F1800F00F0BF82099B21
:1081E0000C9A9F1A002F00F3F9821BF4807F40F055
:1081F0001E820C9B25601E446360319B32960133C6
:10820000072B319300F33F8308341BF0040F05D094
:108210000B9B069A9D1A002D00F3B383DDE90A3209
:1082200006998A42ACBF9B185B180A93002E40F057
:108230000883002331930E9B1BB150460E99F5F72E
:108240004DFA33AC109DA6E60F9B1096073323F032
:108250000703F3E802670F9327F000431F931E966E
:108260004FF0FF32DDE91E01B24BCDE9166704F095
:10827000FBF9002840F0F484DDE91E014FF0FF32E5
:10828000AC4B04F0D3F9002840F0EA84002200232C
:108290003046394604F0C0F9002840F0B2879DF816
:1082A000972000210320A44DA44B2BF0800B0E91AE
:1082B0000690B9F1470FD8BF1D46CDE913110991BA
:1082C0000C901191002A3FF459AF069B013306939D
:1082D00054E7102F319A41F30D82DFF864C2214632
:1082E00030460D9C2E46CDF854C06546219304E0DF
:1082F000103F102F01F1080116DD1023013210305C
:10830000072ACDE931200D604B60F1DD2146504652
:1083100030AA01F0A1FB002840F09B82DDE931206A
:10832000103F102F33A9E8DC35460C460646219B4A
:10833000013215993E44072ACDE931262160676054
:1083400000F381869DF89720083427E70F9BB9F149
:10835000430F109603F1040603D01BF0100F00F03A
:108360000185082200212EA8F4F718FD0F9A43ADCD
:108370002EAB294650461268FEF7B2F80346013389
:108380000C9001F054820C9B23EAE37306930022C5
:108390000F968DF89720ECE600230F9F109657F864
:1083A000045B8DF89730002D00F00085B9F1530F74
:1083B00000F094861BF01003119340F08F86099B08
:1083C000002BC1F21B801A4628461199FAF752F980
:1083D0000E90002801F081820E9B11995B1B0C937B
:1083E00023EAE3734FF07309CDE913119DF8972049
:1083F0000F97099106930E9164E71BF0200F1096DA
:108400003ED00F9B073323F007031846596850F8F6
:10841000083B0A460F900029C0F2CA830999002937
:10842000C0F2888253EA02012BF0800740F0838279
:10843000099A002A40F08482BB460C925CAD64E14C
:108440000B9B5B420B9333784BF0040BCBE53378FB
:10845000682B03BF73784BF4007B01364BF0400B65
:10846000C1E52B238DF897303378BCE533784BF09A
:10847000080BB8E54BF0100B1BF0200F1096C0D185
:108480000F9A1BF0100F52F8043B0F9240F0C2837A
:108490001BF0400F00F0BA8343F3C03211461BB209
:1084A000B9E71BF0200F109600F0C5830F9B0A9AC6
:1084B0001B681A60D2175A600F9B04330F93C1E6F2
:1084C00033786C2B03BF73784BF0200B01364BF0E5
:1084D000100B88E547F630030F9AADF8983052F844
:1084E000043B02210F924FF07809002215481096A4
:1084F0004BF0020719900020099D8DF89700002D80
:10850000C0F2EC8053EA020027F0800B40F0E580D7
:10851000002D40F0D285002940F0538317F001036D
:108520000C9300F0718330230DF26F158DF86F31CD
:10853000EBE000BFFFFFEF7F581F0200541F020057
:10854000B45B0200641F020010964BF0100B1BF08E
:10855000200200F012830F9B073323F00703194614
:108560005A6851F8083B0F9100212BF48067C2E74D
:1085700010964BF0100717F0200200F00B830F9BB2
:108580000121073323F0070318465A6850F8083BC7
:108590000F90B0E733784BF0800B24E5314611F8AB
:1085A000019BB9F12A0F01F02882A9F13003092BB0
:1085B00098BF002201F2A28011F8019B02EB820217
:1085C00003EB4202A9F13003092BF5D942EAE27329
:1085D0000E46099309E533784BF0010B03E59DF84E
:1085E00097203378002A7FF4FEAC20228DF8972064
:1085F000F9E45046F9F792FF436818461D93F4F7E3
:1086000039FF209007465046F9F788FF83681B938F
:10861000002F3FF463AD1B9A3378002A3FF4E3AC9C
:108620001278002A3FF4DFAC4BF4806BDBE4B9F145
:10863000650F40F33781DDE916010022002303F0C6
:10864000E1FF002800F0D88101236360319B934A49
:1086500001330136072B32963193226000F33285C5
:108660000834279B129A934280F2C982189B1A9A67
:108670001E44C4E90023319B32960133072B31930A
:1086800000F37A830834129B5D1E002D7FF7BDAD89
:10869000102D319B40F3EB80DFF804921027DDF8BA
:1086A0003480CDF8549004E00834103D102D40F390
:1086B000E08001331036072BC4E90097CDE931364D
:1086C000F2DD4146504630AA01F0C6F9002840F0DC
:1086D000C080DDE9313633ACE7E75F46012900F0C1
:1086E0002A8102295CAD1ED1199803F00F01415C6B
:1086F0001B0943EA0273120905F8011D53EA02013E
:10870000F3D1BB465CAB5B1B0C93099A0C9900231D
:108710008A42B8BF0A46CDE9133306920E939DF8FC
:1087200097201193CEE503F00701DB0843EA42737B
:10873000D208303153EA0206284605F8011DF2D16D
:10874000FB07DED53029DCD03023023805F8013CA8
:108750005CAB1B1ABB4605460C93D6E70B9B069AEF
:108760009F1A002F7FF73BAD102F319B41F35B80A9
:108770004B48224631464FF0100806460D9C159096
:1087800004E0103F102F02F1080214DD0133103114
:10879000072BC2E90068CDE93131F2DD21465046B0
:1087A00030AA01F059F9002853D1DDE93131103FE9
:1087B000102F33AAEADC14460E460133159A3E44C4
:1087C000072BCDE931362260676000F3C084099B36
:1087D0000C9A08349F1A002F7FF707AD304A102FEC
:1087E000319B159221DD32464FF010082E460D9D2B
:1087F00004E0103F102F04F1080414DD0133284970
:108800001032072BC4E90018CDE93132F1DD2946D9
:10881000504630AA01F020F9D8B9DDE93132103FD5
:10882000102F33ACEADC354616460133159A3E4428
:10883000072BCDE931362260676000F3928108345E
:10884000D3E450460D9930AA01F006F900283FF410
:10885000F0ACD3460E9B002B3FF467AC58460E9904
:10886000F4F73CFF0D9B9B8903F0400361E40C4A45
:108870001592159A01332E44072B22606560CDE9CD
:1088800031367FF7C1AC50460D9930AA01F0E4F8BB
:108890000028DED1329E33ACB7E400BF941F020043
:1088A000A45B0200129B319F012B06F1010607F128
:1088B000010704F1080940F310810123072FCDE9D6
:1088C00031762560636000F38081189B01371A9A26
:1088D0001E44072FC9E90023CDE9317600F38281D8
:1088E00009F10809129B0022DDE916015C1E002334
:1088F00003F088FE002840F0098101370135264445
:10890000072FCDE93176C9F80050C9F8044000F3CB
:10891000F08009F108091C9B01371E44C9F8043096
:10892000072F2AABCDE93176C9F80030ABDC09F16D
:1089300008046AE45F460A2B72F1000180F0258387
:1089400030338DF86F310123BB460C930DF26F1558
:10895000DBE650460D9930AA01F07EF800287FF43E
:1089600078AF329E33AC36E450460D9930AA159359
:1089700001F072F800287FF46CAF329E159B33AC87
:108980001BE4102D319B40F33187DFF8CC82102798
:10899000DDF83490CDF8548004E0103D102D04F142
:1089A000080415DD01331036072BC4E90087CDE933
:1089B0003136F2DD4946504630AA01F04DF8002824
:1089C0007FF447AFDDE93136103D102D33ACE9DCE3
:1089D0000133159A2E44072BC4E90025CDE9313621
:1089E0007FF71CAC50460D9930AA01F035F80028ED
:1089F0007FF42FAF329E11E42799002940F333838F
:108A0000DDE911839845A8BF9846B8F1000F0ADD4B
:108A1000319B46440133072BC4E900583296319309
:108A200000F33E860834119FB8F1000FA8BFA7EBF2
:108A30000807002F00F3CB81DDF844901BF4806F12
:108A4000A94440F0EA81279B129A9342C0F27182B6
:108A50001BF0010F40F06D82129AAF18A7EB0907C7
:108A6000D51AAF42A8BF2F46002F0BDD319B3E44E5
:108A70000133072BC4F8009067603296319300F3FE
:108A800085860834002FA8BFED1B002D7FF7BDABF6
:108A9000102D319B7FF7EBAEDFF8C0911027DDF88A
:108AA0003480CDF8549004E00834103D102D7FF749
:108AB000E0AE01331036072BC4E90097CDE931361B
:108AC000F2DD4146504630AA00F0C6FF00287FF490
:108AD000C0AEDDE9313633ACE7E71BF0010F7FF4C0
:108AE000ECAE0123072FCDE93176256063607FF777
:108AF00012AF50460D9930AA00F0AEFF00287FF467
:108B0000A8AEDDE931760DF1CC0904E7129B012B0B
:108B10007FF701AF112B40F37F87504BCDF824B086
:108B200010259B46DDF83480159305E009F108090E
:108B3000103C102C40F33C8301371036072FC9E955
:108B400000B5CDE93176F1DD4146504630AA00F05E
:108B500083FF00287FF47DAEDDE931760DF1CC098D
:108B6000E6E750460D9930AA00F076FF00287FF422
:108B700070AE329E33ACFFF738BB0F991BF010007C
:108B800051F8043B55D11BF040054ED002460F91E1
:108B90009BB2E9E40F9917F0100051F8043B41D162
:108BA00017F040053AD00F91024601219BB2A2E492
:108BB0005B425F464FF02D004FF0010162EB420235
:108BC0009AE4099B5CAD0C939FE550460D9930AA41
:108BD00000F042FF00287FF43CAEDDE931760DF174
:108BE000CC0972E650460D9930AA00F035FF0028F6
:108BF0007FF42FAEDDE931760DF1CC0972E61BF082
:108C0000010F3FF402AB31E55CAD7EE51BF4007F64
:108C100040F04F83DA171146FFF7FDBB17F40072DF
:108C200040F052830F91012165E41BF4007240F083
:108C300046830F9198E41BF0100F40F094821BF0D4
:108C4000400F40F0CA831BF4007F00F08C820F9B22
:108C50000A9A1B681A702FE4B45B0200A45B02003E
:108C6000DDE9160102460B4603F0FEFC002840F049
:108C70001C86B9F1610F00F01F85B9F1410F00F0BA
:108C80004A85099B013300F0EF8329F02003472B2D
:108C900000F0E1850E90DDE91612002A13464BF430
:108CA0008078C0F2E68400231593DDE91623CDE930
:108CB0002223A9F14103252B00F20E83DFE813F0F4
:108CC00018040C030C030C03D803A5040C030C03B9
:108CD0000C030C030C030C030C030C030C030C031C
:108CE0000C030C030C030C030C030C030C030C030C
:108CF0000C030C030C030C030C030C030C030C03FC
:108D000018040C030C030C03D803A504A64B1096FF
:108D100019931BF0200200F01A810F9B073323F0F8
:108D2000070319465A6851F8083B0F911BF0010FD1
:108D300009D053EA020106D030218DF899904BF00A
:108D4000020B8DF8981002212BF48067FFF7D3BB3C
:108D50005F4610960FE41096FFF7F9BB934B109601
:108D60001993D6E70F9B43AD1B688DF80C31012397
:108D700006930C93FFF70BBB50460D9930AA00F0F9
:108D80006BFE00287FF465AD329E33AC7BE440215E
:108D90005846F4F79FFD0D9B18601861002800F0FD
:108DA0003F8640230D9A5361FFF7DCB8099B2946A3
:108DB000062B28BF06232A4609950E95CDE91311E7
:108DC0007B4D06930F970C931191FFF77BBA102FF1
:108DD000319B40F31D86774932464FF010090E460D
:108DE000DDF83480159104E00834103F102F40F373
:108DF000EE8101331032072BC4E90069CDE931322D
:108E0000F2DD4146504630AA00F026FE00287FF4ED
:108E100020ADDDE9313233ACE7E7129B2246EB1897
:108E20000993139B4C46002B3146DDF85080CDF85A
:108E300044B0DDF86C90209EDDF834B0149531DD3F
:108E4000B8F1000F40F3338108F1FF3831981D9BD2
:108E5000013031440728C2E900363291319000F3E5
:108E600089800832099B99F800001F1B8742A8BF20
:108E70000746002F0CDD3198394401300728C2E93C
:108E800000473291319000F3558199F80000083283
:108E9000002FB4BF0546C51B002D14DC0444139BF2
:108EA000002BCDDCB8F1000FCEDCCDF86C90A146E4
:108EB000149D129B1446EB1899450E4628BF9946FF
:108EC000DDF844B0BFE5102D31983A4B23DD0C940A
:108ED00010272C461D4604E0103C102C02F108021D
:108EE00016DD0130334B10310728C2E90037CDE9D8
:108EF0003101F1DD5946504630AA00F0ADFD0028A1
:108F00007FF4A7ACDDE93101103C102C33AAE8DC7A
:108F10002B4625460C9C013029440728CDE9310118
:108F20001360556000F3AD8399F8000008320444E3
:108F3000B5E7189A1A991644C4E90012319A329684
:108F40000132072A319200F3C883083484E50F996F
:108F50001BF0100051F8043B0AD11BF0400503D070
:108F600002460F919BB2E1E61BF4007240F09D8136
:108F70000F91DBE65946504630AA00F06DFD0028FF
:108F80007FF467AC329933AA6CE707F480610C97E1
:108F90000E944FF0000E0F46DFF81CB01B9C0DF531
:108FA000B87CCDF8189010E0781F0200641F020012
:108FB0008C1F0200A45B0200CDCCCCCC0A2B72F13A
:108FC000000237D343463246AC46991841F10001BE
:108FD000ABFB010626F0030000EB96004FF0CC3609
:108FE000091A581A06FB00F662F10009A0FB0B8073
:108FF0000BFB09660644052008F00109A9FB0009DE
:1090000040184FEA5808303048EAC6780EF1010E91
:109010000CF1FF350CF8010C7608002FCED021782A
:109020008E45CBD1BEF1FF0FC8D00A2B72F10002E2
:1090300080F0DA801B94DDF818900C9F0E9CCDF820
:1090400048E0FFF75EBB50460D9930AA159300F03B
:1090500003FD00287FF4FDAB9DF89720329E159B01
:1090600033ACFFF79BB801236360319B994A01330E
:109070000136072B32963193226000F3FE800834CC
:10908000002976D1129A0BF0010313433FF4BDA8D7
:10909000189B1A9A1E44C4E90023319B329601336F
:1090A000072B319300F3D38104F1080272E0139B84
:1090B00009F1FF39013B1393C8E601295F467FF4AC
:1090C00010AB3DE450460D9930AA00F0C5FC0028D5
:1090D0007FF4BFAB329E33ACFFF7C3BA0DF1B808D3
:1090E0000822002140462995F3F758FE099B002BE2
:1090F000C0F28C8000260697CDF83090374699460E
:109100000FE04346504643A9FDF7EAF9421C06F139
:109110000406384400F0BD83484506DC00F0FE83B9
:109120000746299B9A59002AEBD1DDF830900C971D
:10913000069F79E05946504630AA00F08DFC002881
:109140007FF487AB99F80000329933AAA0E6504625
:109150000D9930AA00F080FC00287FF47AAB329E93
:1091600033ACFFF73CB80F9B0A9A1B681A60FFF7F5
:10917000A3B9189B1A9A1E44C4E90023319B329666
:109180000133072B319300F3628104F108020029B7
:10919000C0F20B83129901330E44072BCDE931360F
:1091A000156051603FF76FAB02F10804FFF72DB86F
:1091B000DDF824B00137159B2644072FCDE9317621
:1091C000C9F80030C9F804407FF7A3AB91E4164614
:1091D0000133159A3E44072BCDE931362260676092
:1091E00000F32981083427E4209B1D99ED1A1A46C3
:1091F0002846F8F747FC637803B101344FF0000EBE
:10920000E0E62D228DF89720FFF74BB8002350465B
:109210001946CDF8008029AAFDF7B4F903460133B9
:109220000C9000F0368329950C9B002B31D0632BDA
:1092300000F3F780002343AD0E930822002140463F
:10924000F3F7ACFD0C9E294633465046CDF800801E
:1092500029AAFDF797F9864240F0F28300230C9A81
:10926000CDE9133322EAE271AB549DF897200F97B2
:10927000069109931193FFF725B850460D9930AA2E
:1092800000F0EAFB00287FF4E4AA2799329E33AC71
:10929000F6E60C9B9DF89720CDE913330F970693C4
:1092A000099311930E93FFF70DB82A460F91DBB285
:1092B0003CE543F3C01211465BB2FFF7ACB82A4657
:1092C0000F91DBB2FFF750B90F912A460121DBB2B3
:1092D000FFF711B9941F0200099B50460193022326
:1092E00000932EAB049329AB039327AB0293DDE9E4
:1092F0002223F9F7E5FA1BF0010F054640F007823B
:109300002E9B1B1A1293279B1193119BD91C03DBD5
:10931000099A9A4280F28E81119BA9F10209013BC0
:10932000002127935FFA89F2002B8DF8A820B6BFA1
:109330002D222B22119B8DF8A920B8BFC3F1010368
:10934000092B40F392820DF1BF073A46DFF8D0C2F5
:109350001E461046ACFB0321C90801EB8102A3EBBA
:1093600042023032632E00F8012C0B4600F1FF322E
:10937000EEDC303302F8013C831EBB4280F03A83BE
:109380000DF1A90213F8011BBB4202F8011FF9D12C
:109390005CAB181AA0F1AD031C93129B1C9A012B15
:1093A0001A440C9240F370820C9B189A13440C934D
:1093B0002BF4806343F4807B00230C9A149322EAFD
:1093C000E272069213931193159B002B40F02181BA
:1093D0009DF897200993FEF775BF0F9B0A9A1B68AB
:1093E0001A80FFF769B80D9C5046214630AA00F05C
:1093F00033FBA38903F04003FEF79BBE2846F4F736
:1094000039F8119B20EAE0714FF07309CDE913336D
:109410009DF897200F970C90099306910E93FEF7F5
:1094200051BF5046591CF4F755FA0546002800F084
:10943000FF820E9001E750460D9930AA00F00CFB18
:1094400000287FF406AA329E33ACFFF7F5BA5046E7
:109450000D9930AA00F000FB00287FF4FAA9DDE99D
:109460003136279933AA92E606230E90099312E427
:109470000223099A0132069200932EAB069E0493B2
:1094800029AB039327AB019602935046DDE92223D3
:10949000F9F716FA29F02007462F054618BF452789
:1094A000064405D12B78302B00F03781279B1E44D2
:1094B0000022DDE92201002303F0A4F8002840F097
:1094C00022812E9BB34206D230215A1C2E92197053
:1094D0002E9B9E42F9D8279A11925B1B472F12931D
:1094E0003FF413AF462F00F02681119B013B17E795
:1094F00027AADDE92201F9F70DF900224FF07F5389
:1095000002F018FE02460B46CDE906230022002396
:1095100003F078F808B101232793099B414A591EAB
:10952000414BCDE911B4B9F1610F08BF1A462E467F
:10953000D346CDF8309013958946DDE9064592462D
:10954000099207E00022002303F05CF8002840F0B5
:10955000D181B9460022354B2046294602F0EAFD6A
:109560000D46044603F096F8804602F079FD024667
:109570000B462046294602F025FC1AF80830B9F1BE
:10958000FF3F324604460D4609F1FF3706F8013B1E
:10959000D8D11746264B0022CDE90645DA46DDF83C
:1095A0003090129CDDF844B0139D03F053F800286E
:1095B00000F0128209992E9716F8012CC97B3346C8
:1095C000914209D1302003F8010C2E9B5A1E2E9295
:1095D00013F8012C9142F6D0392A0BBF099A0132B7
:1095E000927AD2B203F8012C33465B1B1293279B6D
:1095F000B9F1610F119303F1FF33279300F0C2819A
:1096000050224FF0410901218EE6099B0693032366
:1096100032E72D2200238DF897200993FEF755BEDF
:10962000CDCCCCCC781F0200641F0200000030407B
:109630000000E03FDDE91123934200F3DB801BF0E3
:10964000010F119B00F04781189A13440C931BF4EF
:10965000806F00F07A81119B4FF06709002B7DDC51
:109660000C9B23EAE37306930023C346CDE913332F
:10967000AAE622912D2103F1004315912393FFF7D0
:1096800018BB5946504630AA00F0E6F900287FF48E
:10969000E0A899F80000329933AA0444FFF7FFBB11
:1096A00050460D9930AA00F0D7F900287FF4D1A8D0
:1096B000329E33ACFFF7B7B978238DF89930302359
:1096C0008DF89830099B4BF0020B632B00F3B980A7
:1096D000002343AD0E93FFF7DEBA50460D9930AA32
:1096E00000F0BAF900287FF4B4A8279B329E33AC6F
:1096F000FFF7B2B9AE491591FEF71ABE00230E4628
:109700000993FEF772BC279A33461192E5E6099B4E
:109710004727C618CCE65823CFE70022DDE922010F
:10972000002302F06FFF002800F02781279B1E44D2
:109730001193731B12931199099A0BF001030029DD
:1097400043EA020340F32D81002B40F001814FF0EA
:109750006609119B0C931BF4806F81D01B990B78C9
:10976000FF2B00F061810026119A304604E00130A1
:109770000131FF2B00F0D880934280F2D580D21ABD
:109780004B78002BF3D10B780136F2E750460D9958
:1097900030AA00F061F900287FF45BA8279D129B96
:1097A000329E33AC5D1BFFF76DB94F4210312CDA9E
:1097B000DFF800821024CDF8548003E00832103F17
:1097C000102F24DD01331036072BC2E90084CDE9C8
:1097D0003136F3DD50460D9930AA00F03DF90028EE
:1097E0007FF437A8DDE9313633AAE8E7704A1592ED
:1097F000FFF7EEB8129B189A9A18119B0C92002B47
:1098000040F3AE804FF06709A5E76A49159101332F
:1098100015993E44072BCDE931361160576000F3AE
:10982000B3800832B6E4634A1592FEF7C6BF0D9ABC
:10983000938943F0400393814FF0FF330A93FEF77F
:109840007BBC5046591CF4F745F805460028EED07D
:109850000E90FFF720BA099B002B7FF41BAA099BEF
:109860000E9301230993FFF716BA002940F0828076
:1098700030228DF8AA200DF1AB02303302F8013B03
:109880002AABD31A1C9388E51BF0010F3FF490AD6F
:109890008AE50022D3460D9B0E92B3F90C3043F0BB
:1098A00040030D9A9381FEF7D5BF179B0320002B31
:1098B000B8BF2D224FF00003A8BF9DF8972019468E
:1098C0000E933D4D3D4BB8BF8DF897202BF0800B8C
:1098D0000690FEF7EEBC0C93B9E6099B4FF07309B6
:1098E000CDE913009DF897200F9706930C930990EC
:1098F000FEF7E8BC49460029DA46DDF83090129CB4
:10990000DDF844B0139DFFF66FAE4B1C302231469C
:10991000334401F8012B9942FBD166E6099BDDF83F
:109920003090069F0C937FE4CDE913061B911192B2
:10993000DDE91332209913440C9AC34601FB03233B
:109940000C9323EAE37306933EE54FF0670987E63D
:109950001346189A4FF0660913440B440C93FAE629
:10996000C3F101031A4422EAE2734FF067090C9233
:10997000069379E60DF1AA027FE7069BC3F1010386
:10998000279394E570223EE650460D9930AA00F0E8
:1099900063F800287EF45DAFDDE9313633AAFFF7C6
:1099A000F9BB6BB901234FF0660906930C935BE694
:1099B000B45B0200A45B0200601F02005C1F020097
:1099C000189B4FF0660903F1010B099B5B440C9354
:1099D00023EAE373069347E60022DDE906011C4B08
:1099E00002F010FE00283FF4FFAD18F0010F3FF425
:1099F000FBADDFE502231C93CFE40F9A73780E468C
:109A000052F8041B0F9241EAE1720992FEF7EBBA99
:109A1000104A1592FFF7DCBB0E4B1593FFF7CABB3C
:109A20000C23CBF8003007E70023CDE913337FE7A1
:109A30000D9BD346B3F90C300E9043F0400330E752
:109A40000D9BD346B3F90C3043F0400329E700BF28
:109A50000000E03FA45B02002DE9F041154692684A
:109A60002C68FAB107468846083402E013460834E9
:109A7000C3B16B685E1E002B6E6013DD54F8046C7E
:109A8000002EF3D033464146384654F8082C01F0F6
:109A9000ABFE431C07D0AA680834921B1346AA6089
:109AA000002BE6D100200023C5E90133BDE8F08199
:109AB0002DE9F0410C46096B04F14003994214D0A2
:109AC000666B77003A46FAF735FE054630B300EB91
:109AD0000608014632464046F3F756FCC4E90C57E7
:109AE000C4F800800020BDE8F0814FF48061F3F7F6
:109AF000F1FE98B14FF4806194F8422020636163D5
:109B000080F8FF2394F8412000F2FD3380F8FE2313
:109B100094F8402080F8FD232360E3E74FF0FF3006
:109B2000E1E700BF70B54C1C39D00E46054614461F
:109B300010B1436B002B71D0626EB4F90C30D107B9
:109B400001D49A054DD523F020025807A28106D4EE
:109B5000D9066DD51B0754D442F00402A281226BB2
:109B60006368F6B2F2B1626B9A420FDD23685A1E47
:109B7000226003F8016C6368626E0133D207636090
:109B800002D4A3899B0537D5304670BD21462846AF
:109B9000FFF78EFF0028E9D0636ED80751D54FF04C
:109BA000FF36F1E7626E2069216802F0010228B1F8
:109BB000884203D211F8010CB04232D00320E36393
:109BC0002346C4E90D01012104F14005256303F892
:109BD000426FC4E90031002AD6D1A3899B05D3D4B2
:109BE0000AE0A06DF3F7E8FAB4F90C3023F0200294
:109BF0005807A281B3D4ABE7A06DF3F7E5FA30467E
:109C000070BD21462846F2F76BFC0028C4D1B4F998
:109C10000C20A06022F00802A0619DE7F2F7E4FDAD
:109C20008AE701390133C4E90013002AACD1A8E75F
:109C3000626ED207B3D49905B1D4A06DF3F7C4FA1C
:109C4000ADE7A389F7E700BF03460A460249086863
:109C50001946FFF767BF00BF94000020844610B488
:109C60000E4C1CF8013B11F8010BE25C02F0030200
:109C7000012A225C08BF203302F00302012A05D02A
:109C80001B1A08D10028ECD110BC70472030181ADC
:109C9000E7D010BC7047184610BC7047451E020044
:109CA000830710B5044610D10268A2F1013323EAFC
:109CB000020313F0803F08D150F8042FA2F10133C2
:109CC00023EA020313F0803FF6D003781BB110F8AB
:109CD000013F002BFBD1F8F76FFC204610BD00BF01
:109CE0000B4632B913F8012B002AFBD1581A013860
:109CF0007047013A16D010B401E0013A09D013F8C8
:109D0000014B00F8014B002CF7D1581A013810BC58
:109D10007047027013F8012B002AFBD1581A013842
:109D200010BC70470270DDE722B310B502448646CE
:109D3000114C04E01B1A1BD1B8B1964516D01EF881
:109D4000013B11F8010B14F803C00CF0030CBCF13B
:109D5000010F14F800C008BF20330CF0030CBCF155
:109D6000010FE7D12030181AE7D010BD002010BD38
:109D7000184610BD10467047451E020000200149DC
:109D8000704700BF0000F87F144600B51A460A4B22
:109D90000D461B6885B0DE6803464CB1074901914A
:109DA000304607490294009500F060FD01F07CFD0B
:109DB00004490C46F3E700BF940000201022020083
:109DC000202202001C22020008B513460022FFF7E1
:109DD000DBFF00BF38B5A1FB021454BBF3F77AFDDB
:109DE000054650B350F8042C22F00302043A242A0A
:109DF00010D8132A13D91B2AC0E9004416D9242AE3
:109E0000C0E902440ABFC0E9044400F1100200F1B5
:109E1000180205E02146F2F7C1FF284638BD024688
:109E200000232846C2E90033936038BD00F10802E0
:109E3000F6E7F3F775F90C2303600025284638BDD3
:109E40000148F3F7B9B900BF6C6100200148F3F78E
:109E5000BBB900BF6C6100202DE9F0410469B4EB8F
:109E6000611F05DC0023036100234361BDE8F0812D
:109E700000F114054E1111F01F0C05EB840E05EBDB
:109E8000860321D055F8261004339E4521FA0CF1A3
:109E9000CCF120082DD92F461A6802FA08F20A439D
:109EA00047F8042B53F8041B9E4521FA0CF1F3D814
:109EB000A31B9B00053B9B08013305EB830445F87E
:109EC000231079B104340DE09E4588BF00F11002E3
:109ED000C8D953F8041B9E4542F8041FF9D8A41BA7
:109EE00005EB8404631B9B10AC420361BCD0BDE84E
:109EF000F08141610029B5D02C46E3E72DE9F04F10
:109F00001C4685B000900868934682780B46302A3C
:109F1000029440F0F381C11C0A780C46302A01F10A
:109F20000101F9D0A4EB0009A9F10209DFF8C08210
:109F300018F80220002A00F0EF80002722783D4622
:109F400018F80220002A00F07781264616F8012F23
:109F500018F80220002AF9D101223046A5490193C0
:109F6000F2F7D4FF019B824600284DD03278002DB5
:109F700000F0A581A5EB060A4FEA8A0A02F0DF028B
:109F8000502A35464DD01E60002F74D12B1B013B4B
:109F9000072B394604DD5B10072B01F10101FADCC8
:109FA0000098F9F781FE0346002800F06A8200F16C
:109FB0001406A542019640F2CA8100270390B946D3
:109FC0000DE0202F1AD0394604372A7818F80220DD
:109FD00002F00F028A4049EA0209A54254D015F85E
:109FE000012D2E2AEDD1A542EBD30122284681492D
:109FF000F2F78CFF0028F0D0202FE4D1002146F8A2
:10A00000049B04278946E0E7002D00F06881327840
:10A01000A5EB060A02F0DF02502A35464FEA8A0A0B
:10A02000B1D16A782B2A00F048812D2A40F0D580E2
:10A030000120AA78AE1C18F802104A1E182A00F255
:10A04000D5807278103918F8022001365AB90CE020
:10A0500001EB810102EB4102A2F1100116F8012F80
:10A0600018F802200AB1192AF2DD00B149428A44E7
:10A070001E60002F8AD0B9F1000F0CBF0625002505
:10A08000284605B0BDE8F08F039B019A46F8049B73
:10A09000B61AB6101E6148460393F9F7DFFE760143
:10A0A000DBF80040361AA642039B76DCC0F2098139
:10A0B0000027DBF808205245C0F23E81DBF804207F
:10A0C00052454EDDA2EB0A0A544500F39580DBF8B9
:10A0D0000C10022900F0E180032900F053810129CE
:10A0E00040F0DF80544540F0DC80012C0AD0184657
:10A0F000611E0393FAF7E8FA039B002800F0D18071
:10A10000DBF804200121029862250260019A19619E
:10A1100011600E9A1360B3E701222046354901937E
:10A12000F2F7F4FE019B0746002840F08780627832
:10A13000651C18F80210002900F08280302A2C4695
:10A1400040F02B8114F8012F302AFBD018F80220A0
:10A150004FF00109B2FA82F77F09002A7FF4F5AEC9
:10A160006AE0012587B1DBF80C20022A6FD0032AB0
:10A1700071D0012A06D1B90704D5019A1268174394
:10A18000FA076BD445F0100528460E9A1360029B1F
:10A19000C3F800A005B0BDE8F08F361B1846314665
:10A1A000FAF792FA039B074678B10127711E0198CE
:10A1B0004A1150F8220001F01F0207FA02F202428F
:10A1C00003D0B94200F3CF800227184631460393EB
:10A1D000B244FFF741FE039B6BE718F80210002022
:10A1E0004A1E182A05F101067FF62BAF2E46CAE655
:10A1F000C45B02008C2002000AF1FF35002F40F002
:10A20000A480002D40F0A78001220198691150F828
:10A21000211005F01F05AA400A4218465146039333
:10A2200018BF47F00207A4EB0A04FFF715FE02254A
:10A23000DBF804A0039B95E726468DE625462278A9
:10A2400002F0DF02502A00F099801D6013E70F9A98
:10A25000C2F101020F920F9A002A93D001991E6950
:10A2600088460A4600274FEA860901EB860003E08C
:10A27000904242F8047C45D9944652F8041BB1F14F
:10A28000FF3FF5D00131022DCCF800107ED014F044
:10A290001F0440F0AE80212576E70F9900293FF496
:10A2A00031AF502519460098F9F724FD00232846C0
:10A2B0000E9A136005B0BDE8F08F0020B9E6AA46FB
:10A2C0005CE6A61B194632460098F9F751FF00F1EB
:10A2D000140203460027AAEB060A0192E9E6727807
:10A2E000751C18F802102E4600293FF447AE16F8E8
:10A2F000012F18F802100029F9D13BE64FF00009B0
:10A30000841C13E69A6896424ADA0121022D06EB74
:10A31000010003EB86061861DDF80480716135D019
:10A32000002874DC00221A6100225A61DBF8082040
:10A330000AF1010A5245AEDA19460098F9F7DAFC3B
:10A3400000230E9AA32513609AE601275CE74FF0DD
:10A350000009019E99E6184629460393FAF7B4F9D5
:10A36000039B074650E71846B11E0393FAF7ACF972
:10A37000039B00283FF428AF032726E74FF0000A8D
:10A3800001274EE60F9900298BD0BBE6DBF80020B1
:10A39000013AA24262D02225F6E64FF00109D4E547
:10A3A0005968009801310193F9F77EFC019B07463B
:10A3B00000286CD01A6903F10C01023292000C30B3
:10A3C0000193F2F7E1FF019B00981946F9F792FC1F
:10A3D00001213B69022D03EB010007EB8303386188
:10A3E00007F1140859613B46D0D08642BFF64FAF03
:10A3F00096E7C14459F8040C0193F9F72FFDC4F115
:10A400002004A042019BBFF646AF186988E75A694D
:10A4100008EB800003F11804A0424FEA520229D948
:10A420004546216842EAC17245F8042B54F8042BD2
:10A43000A0424FEA5202F4D8C11A193989080131F1
:10A4400048F8212008EB810102B10431A1EB080298
:10A45000921041451A617FF469AF65E701226111ED
:10A4600058F8211004F01F04A2400A4214BF21250D
:10A47000222589E6C8F800200AB14146E5E71A61BD
:10A4800052E70246E421054B0548FFF77DFC0246F2
:10A490008421024B0248FFF777FC00BFE420020052
:10A4A0005022020010B504688646013409E014F811
:10A4B000013BA3F1410CBCF1190F98BF203393422B
:10A4C00007D111F8012B002AF1D10120CEF800406C
:10A4D00010BD002010BD00BF0B682DE9F04F5911D1
:10A4E00002EB810113F01F0306464FF000050DBF7C
:10A4F0000846081D8E46A1F1040E316885B040F86B
:10A50000045C4C1C4978002900F0AF807746F44683
:10A510000093AA460B46A9467146AB469646DFF81D
:10A5200084810246019610E0202B00F296804D4572
:10A5300008DD674502D9BAF1070F67DDE6455CD350
:10A540004FF0080A14F8013FB3B118F80360002E69
:10A55000EAD00AF1010ABAF1080F05F1010542DC5F
:10A56000DCF800301B0106F00F061E43CCF800603B
:10A5700014F8013F002BE8D1104672468E46009B2E
:10A58000002D72D0BC4502D2BAF1070F74DD6245CE
:10A5900055D26346111F53F8044B734541F8044FDD
:10A5A000F9D9AEEB0C0323F003030EF101010433E0
:10A5B0000CF1010C8C4588BF04230021134443F89F
:10A5C000041B7345FBD950F8041C19B107E05EF871
:10A5D000043D23B97245FAD10123CEF8003005209D
:10A5E00005B0BDE8F08FE645ACD24CF804BC0023C2
:10A5F0004FF0010AACF1040CB5E7ACF104074CF8DC
:10A6000004BCA946BC464FF0000A9BE7CAF108000B
:10A6100080006646CDE902C2DCF800308446C0F115
:10A62000200A706800FA0AF21A4320FA0CF332602A
:10A6300046F8043FB742F4D8DDE902C27EE750F89D
:10A64000041C002BC1D04FF0FF34C3F1200324FAC7
:10A6500003F3194040F8041CB7E7104672468E46D3
:10A6600019462929019E009B03D0042005B0BDE8AE
:10A67000F08F0134346083E7DCF80040CAF1080150
:10A680008900664688462546C1F12009716801FAAD
:10A6900009F42C4321FA08F5346046F8045FB74208
:10A6A000F4D874E7C45B02002DE9F04F89B0864608
:10A6B000DDE9137A1E46002F53D01568002955D0C6
:10A6C000129B002B62D0741E2EB30026CDE900E150
:10A6D000DDF848B0043D029103920AE0019BF3B912
:10A6E0002868002831D0DC4552D2013C631C664604
:10A6F00011D0D7E9009855F8042F3B460098DAF8B6
:10A70000E0C005A9E047421C34D000EB060CDC4554
:10A71000E4D9C7E90098304609B0BDE8F08F0028B9
:10A720000CDD029B05A918445A1E00F1FF3E11F8EA
:10A73000013B02F8013F7245F9D10290039B286862
:10A740001A6804321A600028CDD10199039A01B128
:10A7500010600CF1FF36002230463A6009B0BDE8C7
:10A76000F08F156800F586770029A9D14FF0FF33E7
:10A770001293A8E706468A2100223046DDF800E061
:10A78000CEF800103A6009B0BDE8F08F129EC2E723
:10A790006646C0E710B584B00698054C009007984F
:10A7A0000190044800680294FFF77EFF04B010BDDA
:10A7B000D80600209400002010B5044684B0069806
:10A7C000019006480068009313460A462146044C4F
:10A7D0000294FFF769FF04B010BD00BF9400002091
:10A7E000D8060020184B98422AD870B54FF0000EBA
:10A7F00040F6F904154D03E003F1010E74451DDB2D
:10A8000004EB0E0303EBD37323F0010202EB6302AC
:10A8100005EB420C9CF80110BCF80260BCF804C0C7
:10A8200041EA06218C4460454FEA63034FEA420245
:10A83000E2D8884206D25C1E7445E1DAFF2070BD82
:10A84000FF207047A85C70BDEF010E00C45C0200E1
:10A850000CB400B583B004AB53F8042B019300F0A3
:10A8600019F803B05DF804EB02B070470EB400B500
:10A87000074A82B003AB0146106853F8042B0193DA
:10A8800000F008F802B05DF804EB03B0704700BFB9
:10A890009400002084462DE9F04F0E461546E1460F
:10A8A000C9B018AF0822002138461C460596079506
:10A8B0000D93F2F773FAB9F1000F04D0D9F83430E0
:10A8C000002B00F03786059B5A6EB3F90C30D00789
:10A8D00002D4990540F12C859E0406D4059943F4D1
:10A8E000005322F400528B814A66950400F1E486FD
:10A8F000059AB2F90C30190740F1BF801269002A9D
:10A9000000F0BB8003F01A020A2A00F0C580002381
:10A910001FAA9246CDE91D33CDE91133DFF83CB2D1
:10A920001C920E9309930F93CDF82090DDE9075404
:10A93000DBF8E460F7F7E0FD2A46034616A9204657
:10A940000097B047002800F0C680C0F2BC80169B7C
:10A95000252B01D00544EBE7079B0446EE1A40F097
:10A96000BE804FF0FF32002306926A786C1C8DF88F
:10A9700053300A9303930134A2F120035A2B00F2BF
:10A98000EF80DFE813F05402ED00ED004E02ED0021
:10A99000ED00ED005E02ED00ED006A00EB01ED0060
:10A9A000E501F601ED00F0015B005B005B005B0080
:10A9B0005B005B005B005B005B00ED00ED00ED0009
:10A9C000ED00ED00ED00ED00ED00ED0097017F02E0
:10A9D000ED00ED00ED00ED00ED00ED00ED00ED000F
:10A9E000ED00ED001202ED00ED00ED007001ED0054
:10A9F000A202ED00ED00FC04ED00ED00ED00ED0025
:10AA0000ED00ED00ED00ED00ED00ED009701BC0163
:10AA1000ED00ED00ED009902BC017400ED00200393
:10AA2000ED001103F904F0027400ED0070017200F2
:10AA3000F604ED00ED001F05ED0072000021A2F10B
:10AA4000300314F8012B01EB810103EB4101A2F16A
:10AA50003003092BF5D90A918EE70D9B53F8042B8F
:10AA6000002A0A920D93C0F27081227883E7039B3B
:10AA7000227843F0200303937DE7059D484629464D
:10AA8000F2F72AF9002840F03D86B5F90C3003F0C2
:10AA90001A020A2A7FF43BAF0599B1F90E20002A69
:10AAA000FFF635AF4A6ED60702D49D0540F1EB851F
:10AAB00023464846079A059900F056FE09900998E2
:10AAC00049B0BDE8F08F082200213846F2F766F958
:10AAD000012005442CE7079B0446EE1A12D0079B81
:10AAE000CAE900361E9B33441E931D9B0133072B7E
:10AAF0001D9313DC0AF1080A099B33440993002CC7
:10AB00007FF42FAF1E9BDDF82090002B40F0CA850C
:10AB10000022059B1D92B3F90C3012E005990898AC
:10AB20001CAAF6F717FC48B90DF17C0AE4E7B14618
:10AB30000C9B1BB148460C99F2F7D0FD059BB3F96D
:10AB40000C30059A526ED10740F183805B0600F10C
:10AB5000BD85099849B0BDE8F08F00BFD806002038
:10AB60000794002ACED000238DF8533001238DF8AE
:10AB7000BC2004932FAC0B934FF00009CDF830901C
:10AB8000CDF81890039BDDE91D2113F0840605D153
:10AB90000A9B04981D1A002D00F302839DF85300B0
:10ABA00078B10123013201310DF15300072ACDE9BB
:10ABB0001D21CAF80430CAF8000000F32B830AF103
:10ABC000080AB9F1000F0ED0022001320231CAF892
:10ABD0000400072A15A8CDE91D21CAF8000000F3DA
:10ABE00025830AF1080A802E00F02A82069B0B9822
:10ABF0001D1A002D00F36B820B9B01321944072AAA
:10AC0000CDE91D21CAF80040CAF8043000F39C8247
:10AC10000AF1080A039B580705D50A9B049A9C1A57
:10AC2000002C00F30F83DDE9093204988242ACBFA7
:10AC30009B181B180993002940F0908200231D9354
:10AC40000C9B1BB10C990898F2F748FD0DF17C0A9A
:10AC50006CE69A053FF57AAF059CA06DF2F7B4FA61
:10AC6000B4F90C3072E700230D9E079456F8044B9C
:10AC70008DF85330002C00F07584532A00F0BD830A
:10AC8000039B13F0100540F0B883069B002BC0F225
:10AC9000E8841A4629462046F7F7ECFC0C90002879
:10ACA00000F02C85031BCDE90B3523EAE3730493F5
:10ACB00000F0B8BC0D9B432A079403F1040503D0B0
:10ACC000039BD80640F18283082200211AA8F2F7DC
:10ACD00065F80D9A2FAC1AAB214612680898FBF75D
:10ACE000FFFB034601330B9000F0FB840B9B23EA30
:10ACF000E373049300230D958DF853303CE7039BD9
:10AD00000794990640F1C7800D9B073323F0070392
:10AD100018465A6850F8083B11460D90002AC0F2B8
:10AD20005B81069A002AC0F26481039A22F08002B5
:10AD3000039253EA010240F05C81069B002B40F035
:10AD4000A78404930B9348AC65E10A9B5B420A938A
:10AD5000039B227843F0040303930CE62B23227811
:10AD60008DF8533007E6039B227843F0800303936A
:10AD700001E6204610F8012B2A2A00F0CE84A2F129
:10AD80003003092B98BF002100F2848410F8012BB6
:10AD900001EB810103EB4101A2F13003092BF5D94D
:10ADA00041EAE17304460693E6E5039B079443F00A
:10ADB000100212F0200100F087820D9B073323F070
:10ADC00007031846596850F8083B0D90002022F4FC
:10ADD00080640394069C8DF853008442C0F2A080E6
:10ADE00053EA010422F4906240F0A083039C039292
:10ADF000069B002B40F08C80002840F0908214F0DD
:10AE000001020B9200F0908230238DF81F319DF8E3
:10AE1000533004920DF21F14002B40F001810C936B
:10AE200003E1039B227843F001030393A3E59DF81C
:10AE300053302278002B7FF49EAD20238DF85330C1
:10AE400099E5089E3046F7F769FB43681846119369
:10AE5000F2F710FB129005463046F7F75FFB836868
:10AE60000E93002D3FF401AE0E9B2278002B3FF491
:10AE700082AD1B78002B3FF47EAD039B43F48063CF
:10AE8000039378E5039B079443F010030393039B1C
:10AE900099063FF539AF0D9A52F8043B0D92039A8B
:10AEA000D20600F15282039A560640F14A8243F3D9
:10AEB000C0310A461BB231E72278039B682A00F0B2
:10AEC000958243F04003039355E5039B079443F0B9
:10AED000100414F0200100F006820D9B073323F0CC
:10AEE00007031A46596852F8083B0D9200228DF864
:10AEF0005320069A002AC0F21B8324F0800203929A
:10AF000053EA010275D1069B0120002B3FF474AF78
:10AF1000012800F0BD8300230228194600F0298192
:10AF200048AC03F00702DB0843EA4173C90830323A
:10AF300053EA0105204604F8012DF2D1039BDD07F9
:10AF400040F12581302A00F022813023069A023810
:10AF500004F8013C48AB1B1A9A42B8BF1A46044693
:10AF60000B93049257E0039B002143F002030393E9
:10AF700047F630030D9AADF8543052F8043B07946D
:10AF80000D92B64A0F9200228DF85320069A002A9D
:10AF9000C0F2EF80039C53EA010024F08002039288
:10AFA00040F0E780022023E7039B07949C0640F1D2
:10AFB000CF810D9B099A1B681A60D2175A600D9BAE
:10AFC00004330D93B2E42278039B6C2A00F00782CD
:10AFD00043F010030393CEE42D228DF85320069AFC
:10AFE0005B4261EB4101002A03DB039A22F08002FD
:10AFF00003920A2B71F1000280F03A823033DBB207
:10B000008DF81F31069B0DF21F14012BB8BF0123D1
:10B01000049301230B939DF85330002B3FF4FFAEB4
:10B0200000230C93049B01330493039B13F0020948
:10B030003FF4A8AD049B4FF0020902330493A1E54D
:10B040000A9B04981D1A002D7FF7D0AD102D40F3F8
:10B050004583DFF80C82534640461026A046DDF8B3
:10B0600020900446DDF814A004E0103D102D03F1FB
:10B07000080315DD01321031072AC3E90046CDE986
:10B080001D21F2DD514648461CAAF6F763F9002857
:10B090007FF44EADDDE91D21103D102D1FABE9DC25
:10B0A0009A4623464446984601322944072ACDE968
:10B0B0001D21CAF80080CAF8045000F34082069BA4
:10B0C0000B980AF1080A1D1A002D7FF795AD102D77
:10B0D000DFF88C812ADD53461026AA46DDF8209041
:10B0E0002546059C06E0AAF1100ABAF1100F03F1FB
:10B0F000080318DD01325A481031072AC3E9000657
:10B10000CDE91D21EFDD214648461CAAF6F722F9BC
:10B1100000287FF40DADDDE91D21AAF1100ABAF176
:10B12000100F1FABE6DC2C4655469A4601322944E7
:10B13000072ACDE91D21CAF80080CAF8045000F39F
:10B14000E1800AF1080A57E5059908981CAAF6F764
:10B1500001F958B91E990DF17C0A5BE5059908982B
:10B160001CAAF6F7F7F800283FF468ADDDF8209048
:10B17000DEE40F9848AC03F00F02825C1B0943EA3F
:10B180000173090904F8012D53EA0102F3D1069A6B
:10B1900048AB1B1B9A42B8BF1A460B9304923AE77E
:10B1A000102D40F37C822F4B50461396A2464FF051
:10B1B00010081C46089E109304E0103D102D00F16D
:10B1C000080015DD01321031072AC0E90048CDE939
:10B1D0001D21F2DD304605991CAAF6F7BBF80028C0
:10B1E0007FF4A5ACDDE91D21103D102D1FA8E9DC81
:10B1F00054468246139E0132109B2944072ACDE90A
:10B200001D21CAF80030CAF8045000F381810AF108
:10B21000080AC3E4059908981CAAF6F79BF80028C9
:10B22000A4D1DDE91D210DF17C0ACAE40599089835
:10B230001CAAF6F78FF8002898D1DDE91D210DF141
:10B240007C0AD0E4102C1D9B40F34582054E10254E
:10B25000DDF82090DDF8148010960AE0641F0200EB
:10B26000A0920200B0920200103C102C0AF1080AD1
:10B2700016DD01331031072BCAE90065CDE91D3118
:10B28000F2DD414648461CAAF6F764F800287FF430
:10B290004FACDDE91D31103C102C0DF17C0AE8DCCF
:10B2A0000133109A2144072BCAE90024CDE91D314E
:10B2B0007FF7B9AC059908981CAAF6F74BF8002857
:10B2C0007FF454AF1E99AEE40D9850F8043B0D90F6
:10B2D00012F010007FF47AAD12F0400400F04C81BF
:10B2E00001469BB272E50D9A52F8043B0D9214F0A0
:10B2F00010027FF4FBAD14F0400000F043811146D2
:10B300009BB2F3E5059908981CAAF6F723F80028E4
:10B310007FF42CAFDDE91D210DF17C0A6CE4069B66
:10B3200048AC04930B9376E6069B48AC049372E614
:10B33000059DA86DF1F740FFB5F90C306A6EFFF777
:10B34000CBBA039A950500F18681D9170A46E5E440
:10B35000039BD80600F10181039B590600F1768119
:10B36000039B9A0540F1F9800D9B099A1B681A709E
:10B3700025E60794039CACE5039A079419E5AF4BC7
:10B3800007940F93039B13F0200161D00D9B0733AB
:10B3900023F007031846596850F8083B0D90039CAA
:10B3A000E6070AD553EA010007D08DF8552044F08E
:10B3B0000202039230228DF85420039A22F4806214
:10B3C0000392E0E59E4B07940F93DBE70D9B2FACB8
:10B3D0001B688DF8BC30012304930B938AE443F07F
:10B3E0002003627803930134FFF7C5BA43F4007376
:10B3F000627803930134FFF7BEBA082200211AA82D
:10B400001794F1F7CBFC069B002BC0F2C9800025F6
:10B41000CDF810A0A8469A46DDF820900FE01AABB0
:10B4200048462FA9FBF75CF8431C05F1040540448E
:10B4300000F05781504506DC00F05B818046179B89
:10B440005A59002AEBD1DDF810A0CDF82C80B5E0D8
:10B450000D9850F8043B0D90039810F010009ED109
:10B46000039911F0400400F0948001469BB296E7E6
:10B47000039A984602F480624FF0000C1346714D17
:10B480000DF5907ECDF810A007E0B8F10A0F71F12C
:10B4900000013AD3C8463146A64618EB010242F1F4
:10B4A0000002A5FB020626F0030000EB96004FF019
:10B4B000CC36121AB8EB020006FB00F661F1000A66
:10B4C000A0FB059005FB0A660644052009F0010A69
:10B4D000AAFB000A80184FEA5909303049EAC679B8
:10B4E0000CF1010C0EF1FF340EF8010C7608002B64
:10B4F000CBD00E9A12786245C7D1BCF1FF0FC4D0F1
:10B50000B8F10A0F71F1000177D2DDF810A03EE624
:10B51000059908981CAAF5F71DFF00287FF426AEB0
:10B52000DDE91D210DF17C0AFFF738BB0392F7E43A
:10B5300003945EE54846F1F757F9FFF7C4B905995A
:10B5400008981CAAF5F706FF00287FF40FAEDDE986
:10B550001D210DF17C0AFFF749BB0D9B099A1B6861
:10B560001A602CE5069B384C062B28BF06230D9647
:10B570000B930493FFF700BB12F400711CBF21462C
:10B58000DBB223E414F400713FF4B0AC0146DBB24B
:10B59000ACE4039911F400711CBF2146DBB2FEE656
:10B5A0001AAB009300230898194617AAFAF7EAFF86
:10B5B000034601330B9000F0948017940B9B73B3F8
:10B5C000632B57DC00232FAC0C93082200211AA810
:10B5D000F1F7E4FB0B9D1AAB009321462B4608982C
:10B5E00017AAFAF7CFFF854240F0A28000230B9AFA
:10B5F000A35422EAE273049314E00B93129B119973
:10B60000E41A1A462046F6F73DFA0E990B9B4A7843
:10B6100012B10A4601320E924FF0000C3AE70B9B32
:10B6200004930C939DF853301BB100230D960693A1
:10B63000F8E4994606930D96FFF7A4BA781F020026
:10B64000641F0200CDCCCCCC8C1F02000D9B099A4C
:10B650001B681A80B3E443F3C0110A465BB2FFF7DC
:10B660005DBB2046F1F706FF20EAE0730C950B90D6
:10B670000493D7E70898591CF2F72CF904460028E0
:10B680002FD00C90A1E7886DF1F79EFDFFF710BA5F
:10B690003023B5E4002304460693FFF76DB9294B28
:10B6A0001093A8E5484605991CAAF5F753FE002813
:10B6B0003FF42EAAFFF742BAD40707D4059B9B8913
:10B6C000980503D4059B986DF1F77EFD4FF0FF338D
:10B6D0000993FFF73EBA1B4A1092E1E5DFF8688054
:10B6E000E2E4059AB2F90C3043F040039381FFF78E
:10B6F00028BA069BDDF810A00B935FE7069B049326
:10B700000B938FE7059A536EDB07DFD493899F0570
:10B71000DCD4906DF1F758FDD8E70D9B627853F8B3
:10B72000041B04460D9341EAE1730693FFF723B926
:10B73000059ADDF82090938943F040039381FFF749
:10B74000F7B900BFB0920200A09202008C4600B58B
:10B7500086461346034A714610685DF804EB62465C
:10B76000FFF798B894000020F0B54FF480640026ED
:10B77000ADF26C4D1AADCDE905461F460646009563
:10B78000049515468B8916A823F00203ADF80C30FA
:10B790004B6E02941993CB890C46ADF80E30CB69F1
:10B7A00007934B6A0993F1F7FFFC2A463B4669462B
:10B7B0003046FFF76FF8051E07DB69463046F0F7A5
:10B7C0008FFE002818BF4FF0FF35BDF80C305B0628
:10B7D00003D5A38943F04003A3811698F1F7E8FC51
:10B7E00028460DF26C4DF0BD2DE9F0471D468F68DF
:10B7F0000C46AF4216460B6836D8B1F90CC01CF4A3
:10B80000906F0ED13D46184631462A46F6F7BCF8F1
:10B810000020A368DF1B2368A7602B442360BDE8DA
:10B82000F0874A69096902EB42025F1A02EBD272A1
:10B830006B1C52103B44934292BF914699461A4664
:10B840001CF4806F804611D01146F2F743F882460F
:10B8500000B33A462169F1F797FDA38923F4906379
:10B8600043F08003A38105E02F46CCE7F8F762FFA1
:10B87000824658B10AEB0703A9EB0707A760C4F893
:10B8800010A02F46C4F814902360BCE740462169FD
:10B89000F1F724FF0C22A3894FF0FF3043F040035F
:10B8A000C8F80020A381BAE7062008B500F0A2F886
:10B8B0000120E4F7B7FF00BF38B5D0F838410CB12C
:10B8C000002038BD80210546F2F704F80246C5F88D
:10B8D000380130B1031F7C3243F8044F9342FBD14F
:10B8E000EEE74FF0FF3038BD30B51F29054683B075
:10B8F00009D8D0F838310C4653B153F8240043F836
:10B90000242003B030BD162303604FF0FF30F8E76A
:10B9100080210192F1F7DEFF019A0346C5F8380154
:10B920000028F2D0011F00F17C05002041F8040F2F
:10B93000A942FBD1E1E700BF1F2938B505461FD852
:10B94000D0F838210C466AB152F8213053B1012B9E
:10B9500006D0591C10D00021204642F824109847E8
:10B96000002038BD284600F0FDF822460146284652
:10B97000BDE8384000F0E2B8162301202B6038BD46
:10B9800016234FF0FF302B6038BD00BF1F292DD884
:10B9900038B5D0F838310C460546A3B153F8242009
:10B9A00003EB84034AB1511C0BD0012A07D00025B8
:10B9B00020461D609047284638BD012038BD032031
:10B9C00038BD022038BD8021F1F784FF0346C5F859
:10B9D000380140B100201A1F03F17C0142F8040F26
:10B9E0008A42FBD1DAE74FF0FF3038BD4FF0FF302D
:10B9F000704700BF38B5144B1F281D681ED8D5F8F6
:10BA00003821044662B152F820304BB1012B05D0E9
:10BA1000591C0FD0002142F820109847002038BD53
:10BA2000284600F09FF8224601462846BDE83840E7
:10BA300000F084B8162301202B6038BD16234FF088
:10BA4000FF302B6038BD00BF94000020124B1F2830
:10BA500070B51E6809D8D6F8383104460D464BB18A
:10BA600053F8240043F8245070BD162333604FF080
:10BA7000FF3070BD80213046F1F72CFF0346C6F839
:10BA800038010028F3D00021021F7C3042F8041F47
:10BA90008242FBD1E4E700BF9400002038B50C4B94
:10BAA0001D68D5F838410CB1002038BD80212846EA
:10BAB000F1F710FFC5F8380138B1031F00F17C021F
:10BAC00043F8044F9342FBD1EEE74FF0FF3038BD0F
:10BAD0009400002038B5184B1F281D6828D804464C
:10BAE000D5F83801A0B150F8242000EB84034AB106
:10BAF000511C0BD0012A07D0002520461D6090471D
:10BB0000284638BD012038BD032038BD022038BD8D
:10BB100080212846F1F7DEFEC5F8380140B100214A
:10BB2000031F00F17C0243F8041F9342FBD1DAE7C4
:10BB30004FF0FF3038BD00BF9400002070B50026E4
:10BB4000074D0446084611462E60E4F79CFE431C50
:10BB500000D070BD2B68002BFBD0236070BD00BFF0
:10BB60005C610020E4F77EBE70B54FF0FF0C4CF432
:10BB7000E06C1CEA11541DBF1CEA135594EA0C0F2B
:10BB800095EA0C0F00F0DEF82C4481EA030621EA66
:10BB90004C5123EA4C5350EA013518BF52EA0335A1
:10BBA00041F4801143F4801338D0A0FB02CE4FF053
:10BBB0000005E1FB02E506F00042E0FB03E54FF083
:10BBC0000006E1FB03569CF0000F18BF4EF0010E7B
:10BBD000A4F1FF04B6F5007F64F5407404D25FEA77
:10BBE0004E0E6D4146EB060642EAC62141EA55512A
:10BBF0004FEAC52040EA5E504FEACE2EB4F1FD0C6C
:10BC000088BFBCF5E06F1ED8BEF1004F08BF5FEAE9
:10BC1000500E50F1000041EB045170BD06F000469B
:10BC200046EA010140EA020081EA0301B4EB5C0448
:10BC3000C2BFD4EB0C0541EA045170BD41F4801140
:10BC40004FF0000E013C00F3AB8014F1360FDEBF65
:10BC5000002001F0004170BDC4F10004203C35DA41
:10BC60000C341BDC04F11404C4F1200500FA05F3C4
:10BC700020FA04F001FA05F240EA020001F0004265
:10BC800021F0004110EBD37021FA04F642EB0601DB
:10BC90005EEA430E08BF20EAD37070BDC4F10C0405
:10BCA000C4F1200500FA04F320FA05F001FA04F2C9
:10BCB00040EA020001F0004110EBD37041F10001B5
:10BCC0005EEA430E08BF20EAD37070BDC4F12005C0
:10BCD00000FA05F24EEA020E20FA04F301FA05F228
:10BCE00043EA020321FA04F001F0004121FA04F2D0
:10BCF00020EA020000EBD3705EEA430E08BF20EAA0
:10BD0000D37070BD94F0000F0FD101F000464000D9
:10BD100041EB010111F4801F08BF013CF7D041EA5B
:10BD2000060195F0000F18BF704703F0004652005F
:10BD300043EB030313F4801F08BF013DF7D043EA30
:10BD40000603704794EA0C0F0CEA135518BF95EAE6
:10BD50000C0F0CD050EA410618BF52EA4306D1D16D
:10BD600081EA030101F000414FF0000070BD50EA8C
:10BD7000410606BF1046194652EA430619D094EA16
:10BD80000C0F02D150EA013613D195EA0C0F05D100
:10BD900052EA03361CBF104619460AD181EA030154
:10BDA00001F0004141F0FE4141F470014FF000000C
:10BDB00070BD41F0FE4141F4780170BD81F0004159
:10BDC00002E000BF83F0004330B54FEA41044FEA80
:10BDD000430594EA050F08BF90EA020F1FBF54EA1B
:10BDE000000C55EA020C7FEA645C7FEA655C00F0B7
:10BDF000E2804FEA5454D4EB5555B8BF6D420CDD88
:10BE00002C4480EA020281EA030382EA000083EA0A
:10BE1000010180EA020281EA0303362D88BF30BDAA
:10BE200011F0004F4FEA01314FF4801C4CEA113100
:10BE300002D0404261EB410113F0004F4FEA03335F
:10BE40004CEA133302D0524263EB430394EA050FEA
:10BE500000F0A780A4F10104D5F1200E0DDB02FA59
:10BE60000EFC22FA05F2801841F1000103FA0EF2ED
:10BE7000801843FA05F359410EE0A5F120050EF1B3
:10BE8000200E012A03FA0EFC28BF4CF0020C43FAE4
:10BE900005F3C01851EBE37101F0004507D54FF0F1
:10BEA000000EDCF1000C7EEB00006EEB0101B1F541
:10BEB000801F1BD3B1F5001F0CD349085FEA300087
:10BEC0004FEA3C0C04F101044FEA445212F5800F92
:10BED00080F09A80BCF1004F08BF5FEA500C50F12F
:10BEE000000041EB045141EA050130BD5FEA4C0C12
:10BEF000404141EB0101013C28BFB1F5801FE9D26F
:10BF000091F0000F04BF01460020B1FA81F308BF91
:10BF10002033A3F10B03B3F120020CDA0C3208DD5D
:10BF200002F1140CC2F10C0201FA0CF021FA02F138
:10BF30000CE002F11402D8BFC2F1200C01FA02F1A8
:10BF400020FA0CFCDCBF41EA0C019040E41AA2BFCD
:10BF500001EB0451294330BD6FEA04041F3C1CDA95
:10BF60000C340EDC04F11404C4F1200220FA04F0B5
:10BF700001FA02F340EA030021FA04F345EA03015F
:10BF800030BDC4F10C04C4F1200220FA02F001FA21
:10BF900004F340EA0300294630BD21FA04F02946A3
:10BFA00030BD94F0000F83F4801306BF81F480113C
:10BFB0000134013D4EE77FEA645C18BF7FEA655CAF
:10BFC00029D094EA050F08BF90EA020F05D054EA81
:10BFD000000C04BF1946104630BD91EA030F1EBF86
:10BFE0000021002030BD5FEA545C05D1400049418A
:10BFF00028BF41F0004130BD14F580043CBF01F57D
:10C00000801130BD01F0004545F0FE4141F4700162
:10C010004FF0000030BD7FEA645C1ABF194610463D
:10C020007FEA655C1CBF0B46024650EA013406BF3E
:10C0300052EA033591EA030F41F4002130BD00BFFD
:10C0400090F0000F04BF0021704730B54FF48064BA
:10C0500004F132044FF000054FF0000150E700BF3B
:10C0600090F0000F04BF0021704730B54FF480649A
:10C0700004F1320410F0004548BF40424FF0000187
:10C080003EE700BF42004FEAE2014FEA31014FEACA
:10C0900002701FBF12F07F4393F07F4F81F0605119
:10C0A000704732F07F4208BF704793F07F4F04BF64
:10C0B00041F40021704730B54FF4607401F0004541
:10C0C00021F000411CE700BF50EA010208BF7047A1
:10C0D00030B54FF000050AE050EA010208BF704792
:10C0E00030B511F0004502D5404261EB41014FF4FB
:10C0F000806404F132045FEA915C3FF4D8AE4FF003
:10C1000003025FEADC0C18BF03325FEADC0C18BFE5
:10C11000033202EBDC02C2F1200300FA03FC20FA36
:10C1200002F001FA03FE40EA0E0021FA02F1144483
:10C13000BDE600BF70B54FF0FF0C4CF4E06C1CEA9C
:10C1400011541DBF1CEA135594EA0C0F95EA0C0F0D
:10C1500000F0DEF82C4481EA030621EA4C5123EA80
:10C160004C5350EA013518BF52EA033541F48011AF
:10C1700043F4801338D0A0FB02CE4FF00005E1FB62
:10C1800002E506F00042E0FB03E54FF00006E1FBAC
:10C1900003569CF0000F18BF4EF0010EA4F1FF04EF
:10C1A000B6F5007F64F5407404D25FEA4E0E6D412F
:10C1B00046EB060642EAC62141EA55514FEAC52040
:10C1C00040EA5E504FEACE2EB4F1FD0C88BFBCF5BC
:10C1D000E06F1ED8BEF1004F08BF5FEA500E50F16D
:10C1E000000041EB045170BD06F0004646EA010133
:10C1F00040EA020081EA0301B4EB5C04C2BFD4EB65
:10C200000C0541EA045170BD41F480114FF0000E5D
:10C21000013C00F3AB8014F1360FDEBF002001F0CB
:10C22000004170BDC4F10004203C35DA0C341BDC45
:10C2300004F11404C4F1200500FA05F320FA04F017
:10C2400001FA05F240EA020001F0004221F000414B
:10C2500010EBD37021FA04F642EB06015EEA430EBE
:10C2600008BF20EAD37070BDC4F10C04C4F12005EE
:10C2700000FA04F320FA05F001FA04F240EA0200A1
:10C2800001F0004110EBD37041F100015EEA430E72
:10C2900008BF20EAD37070BDC4F1200500FA05F292
:10C2A0004EEA020E20FA04F301FA05F243EA020311
:10C2B00021FA04F001F0004121FA04F220EA020020
:10C2C00000EBD3705EEA430E08BF20EAD37070BD66
:10C2D00094F0000F0FD101F00046400041EB010146
:10C2E00011F4801F08BF013CF7D041EA060195F028
:10C2F000000F18BF704703F00046520043EB0303E2
:10C3000013F4801F08BF013DF7D043EA06037047CE
:10C3100094EA0C0F0CEA135518BF95EA0C0F0CD0D9
:10C3200050EA410618BF52EA4306D1D181EA03011F
:10C3300001F000414FF0000070BD50EA410606BF19
:10C340001046194652EA430619D094EA0C0F02D15E
:10C3500050EA013613D195EA0C0F05D152EA0336A3
:10C360001CBF104619460AD181EA030101F00041C1
:10C3700041F0FE4141F470014FF0000070BD41F00A
:10C38000FE4141F4780170BD70B54FF0FF0C4CF4E4
:10C39000E06C1CEA11541DBF1CEA135594EA0C0F03
:10C3A00095EA0C0F00F0A7F8A4EB050481EA030E50
:10C3B00052EA03354FEA013100F088804FEA033337
:10C3C0004FF0805545EA131343EA12634FEA022205
:10C3D00045EA111545EA10654FEA00260EF00041C6
:10C3E0009D4208BF964244F1FD0404F5407402D218
:10C3F0005B084FEA3202B61A65EB03055B084FEAA9
:10C4000032024FF480104FF4002CB6EB020E75EBA5
:10C41000030E22BFB61A754640EA0C005B084FEACD
:10C420003202B6EB020E75EB030E22BFB61A75464A
:10C4300040EA5C005B084FEA3202B6EB020E75EB95
:10C44000030E22BFB61A754640EA9C005B084FEA0D
:10C450003202B6EB020E75EB030E22BFB61A75461A
:10C4600040EADC0055EA060E18D04FEA051545EA09
:10C4700016754FEA06164FEAC30343EA52734FEAB2
:10C48000C2025FEA1C1CC0D111F4801F0BD141EA2B
:10C4900000014FF000004FF0004CB6E711F4801F90
:10C4A00004BF01430020B4F1FD0C88BFBCF5E06F70
:10C4B0003FF6AFAEB5EB030C04BFB6EB020C5FEA80
:10C4C000500C50F1000041EB045170BD0EF0004ED5
:10C4D0004EEA113114EB5C04C2BFD4EB0C0541EA07
:10C4E000045170BD41F480114FF0000E013C90E604
:10C4F00045EA060E8DE60CEA135594EA0C0F08BFC8
:10C5000095EA0C0F3FF43BAF94EA0C0F0AD150EAC6
:10C5100001347FF434AF95EA0C0F7FF425AF104659
:10C5200019462CE795EA0C0F06D152EA03353FF481
:10C53000FDAE1046194622E750EA410618BF52EAFE
:10C5400043067FF4C5AE50EA41047FF40DAF52EAD2
:10C5500043057FF4EBAE12E74FF0FF3C06E000BF6F
:10C560004FF0010C02E000BF4FF0010C4DF804CD7C
:10C570004FEA410C7FEA6C5C4FEA430C18BF7FEA3C
:10C580006C5C1BD001B050EA410C0CBF52EA430C6A
:10C5900091EA030F02BF90EA020F0020704710F1EA
:10C5A000000F91EA030F58BF994208BF90422CBF79
:10C5B000D8176FEAE37040F0010070474FEA410C72
:10C5C0007FEA6C5C02D150EA013C07D14FEA430C90
:10C5D0007FEA6C5CD6D152EA033CD3D05DF8040B01
:10C5E000704700BF8446104662468C461946634633
:10C5F00000E000BF01B5FFF7B7FF002848BF10F10A
:10C60000000F01BD4DF808EDFFF7F4FF0CBF01204E
:10C6100000205DF808FB00BF4DF808EDFFF7EAFFCA
:10C6200034BF012000205DF808FB00BF4DF808ED85
:10C63000FFF7E0FF94BF012000205DF808FB00BF7A
:10C640004DF808EDFFF7CEFF94BF012000205DF804
:10C6500008FB00BF4DF808EDFFF7C4FF34BF012011
:10C6600000205DF808FB00BF4FEA410C7FEA6C5CDC
:10C6700002D150EA013C0AD14FEA430C7FEA6C5CDC
:10C6800002D152EA033C02D14FF0000070474FF054
:10C69000010070474FEA410212F5001215D211D580
:10C6A0006FF47873B3EB625212D94FEAC12343F0AF
:10C6B000004343EA505311F0004F23FA02F018BF31
:10C6C000404270474FF00000704750EA013005D1FA
:10C6D00011F0004008BF6FF0004070474FF00000BD
:10C6E000704700BF4A0011D212F5001211D20DD5C9
:10C6F0006FF47873B3EB62520ED44FEAC12343F068
:10C70000004343EA505323FA02F070474FF0000011
:10C71000704750EA013002D14FF0FF3070474FF0C0
:10C72000000070474FEA4102B2F1E04324BFB3F585
:10C73000001CDCF1FE5C0DD901F0004C4FEAC00298
:10C740004CEA5070B2F1004F40EB830008BF20F07C
:10C750000100704711F0804F21D113F13872BCBF36
:10C7600001F00040704741F480114FEA5252C2F18B
:10C770001802C2F1200C10FA0CF320FA02F018BFD4
:10C7800040F001004FEAC1234FEAD32303FA0CFC27
:10C7900040EA0C0023FA02F34FEA4303CCE77FEAB6
:10C7A000625307D150EA01331EBF4FF0FE4040F400
:10C7B0004000704701F0004040F0FE4040F40000AF
:10C7C000704700BF4FF0FF3C06E000BF4FF0010C88
:10C7D00002E000BF4FF0010C4DF804CD4FEA4002DB
:10C7E0004FEA41037FEA226C18BF7FEA236C11D025
:10C7F00001B052EA530C18BF90EA010F58BFB2EBD8
:10C80000030088BFC81738BF6FEAE17018BF40F057
:10C81000010070477FEA226C02D15FEA402C05D10B
:10C820007FEA236CE4D15FEA412CE1D05DF8040B90
:10C83000704700BF844608466146FFE70FB5FFF723
:10C84000C9FF002848BF10F1000F0FBD4DF808EDDB
:10C85000FFF7F4FF0CBF012000205DF808FB00BFCC
:10C860004DF808EDFFF7EAFF34BF012000205DF826
:10C8700008FB00BF4DF808EDFFF7E0FF94BF012073
:10C8800000205DF808FB00BF4DF808EDFFF7D2FF70
:10C8900094BF012000205DF808FB00BF4DF808EDB3
:10C8A000FFF7C8FF34BF012000205DF808FB00BF80
:10C8B0004FEA40024FEA41037FEA226C02D15FEA6D
:10C8C000402C08D17FEA236C02D15FEA412C02D1CF
:10C8D0004FF0000070474FF00100704753B94AB95C
:10C8E000002908BF00281CBF4FF0FF314FF0FF3078
:10C8F00000F09CB9ADF1080C6DE904CE00F03CF8F5
:10C90000DDF804E0DDE9022304B0704738B5002209
:10C91000002304460D46FFF77FFE28B9204629462E
:10C92000BDE8384000F00AB8204605F1004100F0AB
:10C9300005F8404261EB410138BD00BFD0B500228F
:10C940000B4B06460F46FFF7F5FBFFF7CBFE044601
:10C95000FFF776FB0022074BFFF7ECFB02460B4686
:10C9600030463946FFF72EFAFFF7BCFE2146D0BD10
:10C970000000F03D0000F0412DE9F047089D0E4613
:10C9800004468E46002B4CD18A429446B2FA82F37A
:10C9900062D953B102FA03FCC3F1200201FA03FE8B
:10C9A00020FA02F242EA0E0E9C404FEA1C47BEFB00
:10C9B000F7F11FFA8CF607FB11EE01FB06F0220CD3
:10C9C00042EA0E4290420AD91CEB020201F1FF3EFC
:10C9D00080F00E81904240F20B8102396244121ABB
:10C9E000B2FBF7F007FB102200FB06F6A4B244EA04
:10C9F0000244A6420AD91CEB040400F1FF3280F085
:10CA0000F980A64240F2F6806444023840EA0140D0
:10CA10000021A41B1DB1DC400023C5E90043BDE893
:10CA2000F0878B4205D90DB1C5E900010021084608
:10CA3000F5E7B3FA83F1002942D1B34202D382422F
:10CA400000F2EE80841A66EB030201209646002D68
:10CA5000E5D0C5E9004EE2E7002B40F08C80881A53
:10CA60000121170C96B2B0FBF7FE07FB1E00220C4B
:10CA700042EA004206FB0EF0904208D91CEB02028B
:10CA80000EF1FF3802D2904200F2CC80C646121A54
:10CA9000B2FBF7F007FB102200FB06F6A4B244EA53
:10CAA0000244A64208D91CEB040400F1FF3202D272
:10CAB000A64200F2B2801046A41B40EA0E40A9E74D
:10CAC000C1F120078B4022FA07FC4CEA030C26FA3E
:10CAD00007FA4FEA1C48BAFBF8FE06FA01F308FB16
:10CAE0001EAA1FFA8CF620FA07F400FA01F90EFBD1
:10CAF00006F023431C0C44EA0A44A04202FA01F265
:10CB00000BD91CEB04040EF1FF3A80F08480A042A4
:10CB100040F28180AEF1020E6444241A98B2B4FB54
:10CB2000F8F308FB134403FB06F640EA0444A6426C
:10CB300008D91CEB040403F1FF3068D2A64266D981
:10CB4000023B644443EA0E40A41BA0FB02E6B4424D
:10CB50007346B04652D34FD05DB1B9EB030264EBDC
:10CB6000080404FA07F722FA01F31F43CC40C5E991
:10CB70000074002153E702FA03FCC3F12000C14016
:10CB80004FEA1C47B1FBF7FE07FB1E1124FA00F029
:10CB90009E403043020C1FFA8CF642EA01420EFB23
:10CBA00006F1914204FA03F409D91CEB02020EF1DA
:10CBB000FF382ED291422CD9AEF1020E6244521AA5
:10CBC000B2FBF7F107FB112280B240EA024001FB01
:10CBD00006F2824208D91CEB000001F1FF3814D2A2
:10CBE000824212D902396044801A41EA0E413AE782
:10CBF0007146F4E6104609E7F145ADD2BEEB0203FB
:10CC000066EB0C060138B046A6E74146ECE7034662
:10CC100098E7C646D3E7D6467FE7644402384BE739
:10CC2000084614E7AEF1020E624430E7704700BFD9
:10CC300000F000B8F6F7DEBD30B5224A21F000431F
:10CC4000934287B01BD9204A934205D902460B462E
:10CC5000FFF7B8F807B030BD02AA00F019FA00F0EB
:10CC6000030001281FD0022811D018BBDDE90423DE
:10CC7000DDE902010124009400F052F9EAE7002402
:10CC800000220023009400F04BF907B030BD0124CE
:10CC9000DDE90423DDE90201009400F041F901F12E
:10CCA000004107B030BDDDE90423DDE9020100F0F9
:10CCB0000FF8CFE7DDE90423DDE9020100F008F811
:10CCC000EDE700BFFB21E93FFFFFEF7F0000000021
:10CCD0002DE9F04F21F00048B8F1795F06460F4684
:10CCE00092469B4685B06DD2FFF7D4FC002800F039
:10CCF000ED8032463B4630463946FFF71BFA76A3B5
:10CD0000D3E9002304460D46FFF714FA74A3D3E9D0
:10CD10000023FFF759F822462B46FFF70BFA72A3C0
:10CD2000D3E90023FFF74EF822462B46FFF702FA1D
:10CD30006FA3D3E90023FFF747F822462B46FFF7FE
:10CD4000F9F96DA3D3E90023FFF73CF822462B46FF
:10CD5000FFF7F0F96AA3D3E90023FFF735F822467D
:10CD60002B46FFF7E7F9CDE90001002220462946CE
:10CD7000654BFFF7DFF9DDE9002380468946204651
:10CD80002946FFF7D7F944464D4680468946524624
:10CD90005B4630463946FFF7CDF902460B46404622
:10CDA0004946FFF70FF802460B4620462946FFF793
:10CDB00009F802460B4600205449FFF703F805B076
:10CDC000BDE8F08F02460B46FFF7B4F942A3D3E962
:10CDD000002304460D46FFF7ADF941A3D3E9002334
:10CDE000FEF7F2FF22462B46FFF7A4F93EA3D3E954
:10CDF0000023FEF7E7FF22462B46FFF79BF93CA3F3
:10CE0000D3E90023FEF7E0FF22462B46FFF792F915
:10CE100039A3D3E90023FEF7D5FF22462B46FFF7BF
:10CE200089F937A3D3E90023FEF7CEFF2B4622462C
:10CE3000FFF780F9364BCDE90001984595D9354B80
:10CE4000002298453AD8A8F5001300202F499046B3
:10CE50009946FEF7B7FFCDE9020100222046294698
:10CE6000294BFFF767F942464B46FEF7ABFFDDE97A
:10CE700000238046894620462946FFF75BF9444651
:10CE80004D468046894652465B4630463946FFF756
:10CE900051F902460B4640464946FEF793FF0246CB
:10CEA0000B4620462946FEF78DFF02460B46DDE97C
:10CEB0000201FEF787FF05B0BDE8F08F164B4FF07B
:10CEC0000008CDE90223DFF85490C6E700200F499F
:10CED00005B0BDE8F08F00BFD43888BEE9FAA8BD20
:10CEE000C4B1B4BD9EEE213EAD529C804F7E923EB9
:10CEF0009015CB19A001FA3E7751C1166CC1563F6F
:10CF00004C5555555555A53F0000E03F0000F03FFA
:10CF10003233D33F0000E93F0000E73F0000D23F3B
:10CF20002DE9F04F83B0CDE9002321F00043B3F1A8
:10CF3000795F04460D4604D2FFF7ACFB002800F0F1
:10CF4000858022462B4620462946FFF7F3F8064601
:10CF50000F4632463B4620462946FFF7EBF83EA3F4
:10CF6000D3E9002382468B4630463946FFF7E2F884
:10CF70003BA3D3E90023FEF725FF32463B46FFF7EC
:10CF8000D9F839A3D3E90023FEF71EFF32463B460A
:10CF9000FFF7D0F836A3D3E90023FEF713FF32469C
:10CFA0003B46FFF7C7F834A3D3E90023FEF70CFF95
:10CFB0000C9B804689469BB3DDE900010022324B81
:10CFC000FFF7B8F842464B468046894650465946D8
:10CFD000FFF7B0F802460B4640464946FEF7F2FE20
:10CFE00032463B46FFF7A6F8DDE90023FEF7EAFEEE
:10CFF00023A3D3E9002306460F4650465946FFF7C0
:10D0000099F802460B4630463946FEF7DDFE0246E9
:10D010000B4620462946FEF7D5FE03B0BDE8F08F4B
:10D0200002460B4630463946FFF784F814A3D3E98D
:10D030000023FEF7C7FE52465B46FFF77BF8224609
:10D040002B46FEF7C1FE03B0BDE8F08F204629460F
:10D0500003B0BDE8F08F00BF7CD5CF5A3AD9E53D8B
:10D06000EB9C2B8AE6E55A3E7DFEB157E31DC73E99
:10D07000D561C119A0012A3FA6F810111111813FF5
:10D08000495555555555C53F0000E03F000000008B
:10D090002DE9F04F844B21F000459D4280468946A2
:10D0A00014468FB040F28A80804B0E469D4228D8AD
:10D0B00073A3D3E90023002940F39D81FEF782FE8C
:10D0C0007B4B06469D420F4600F089806EA3D3E954
:10D0D0000023FEF777FE02460B46304639461646D9
:10D0E0001F46FEF76FFE68A3D3E90023FEF76AFE32
:10D0F000C4E900670127C4E9020138460FB0BDE862
:10D10000F08F6C4B9D4240F284806B4B9D425DD80A
:10D110002F15A7F21647A5EB07518946FFF7BAFA74
:10D12000FEF79EFF02460B4640464946CDE90823DE
:10D13000FEF748FE0022614BFEF7FCFF8946804661
:10D14000FFF7A8FAFEF78CFF02460B464046494619
:10D15000CDE90A23FEF736FE0022584BFEF7EAFF20
:10D1600003254FF000084FF00009CDE90C010DF147
:10D17000380A42467AE902014B46AB46013DFFF7C9
:10D1800041FA0028F5D102254D493A4601915B4606
:10D19000214608A8009500F085F9002E0746ACDA74
:10D1A00060682268E16800F10043C4E90023A268D6
:10D1B00001F10043C4E902237F429EE700220023DD
:10D1C000C4E90089C4E90223002796E702460B461A
:10D1D000FEF7F8FDC4E90201C4E90001F4E72CA35D
:10D1E000D3E90023FEF7EEFD2BA3D3E9002380460D
:10D1F0008946FEF7E7FD06460F4632463B46404667
:10D200004946FEF7DFFD24A3D3E90023FEF7DAFD4C
:10D210006EE700F043F922A3D3E900238046894654
:10D22000FEF788FF0022274BFEF7CEFDFFF732FA0C
:10D230000746FEF715FF02460B46CDE9042310A36F
:10D24000D3E90023FEF776FF02460B4640464946E7
:10D25000FEF7B8FD0CA3D3E9002382468B46DDE937
:10D260000401FEF767FF1F2FCDE902012EDC164BEC
:10D270007A1E53F82230AB4228D002460B4699E082
:10D2800000004054FB21F93F3163621A61B4D03D84
:10D290000000601A61B4D03D7370032E8A19A33B5D
:10D2A00083C8C96D305FE43FFB21E93F7BD9024071
:10D2B000FB21F93FFB213941FFFFEF7F0000704167
:10D2C000409302000000E03FC0920200DDE902232B
:10D2D00050465946FEF776FD2B150793C1F30A53C6
:10D2E000C3EB1553102B8046894669DD60A3D3E953
:10D2F0000023DDE90401FEF71DFF80468946424612
:10D300004B4650465946FEF75DFD02460B465046D9
:10D31000594692469B46FEF755FD42464B46FEF760
:10D3200051FD55A3D3E9002380468946DDE9040178
:10D33000FEF700FF42464B46FEF744FD02460B4611
:10D3400050465946CDE90223FEF73CFD079AC1F34A
:10D350000A53D31A312B8046894631DD48A3D3E9DD
:10D360000023DDE90401FEF7E5FE804689464246DA
:10D370004B4650465946FEF725FD02460B465046A1
:10D38000594692469B46FEF71DFD42464B46FEF728
:10D3900019FD3DA3D3E9002380468946DDE9040158
:10D3A000FEF7C8FE42464B46FEF70CFD02460B4612
:10D3B000CDE9022350465946FEF704FD80468946D2
:10D3C00042464B4650465946C4E90089FEF7FAFCEE
:10D3D000DDE90223FEF7F6FC002EC4E90201BFF6E8
:10D3E0008CAE09F10042C4E9008201F10042C4E9B7
:10D3F00002027F4281E6FEF7E7FC274B06469D428C
:10D400000F4618D022A3D3E90023FEF7DDFC024625
:10D410000B463046394616461F46FEF7D3FC1CA382
:10D42000D3E90023FEF7D0FCC4E90067C4E9020198
:10D430004FF0FF3761E60EA3D3E90023FEF7C4FCEB
:10D440000DA3D3E9002380468946FEF7BDFC0646BE
:10D450000F4632463B4640464946FEF7B3FC06A31C
:10D46000D3E90023FEF7B0FCDEE700BFAFF3008096
:10D470000000601A61B4D03D7370032E8A19A33B7B
:10D480000000002E8A19A33BC14920259A837B39CD
:10D490003163621A61B4D03DFB21F93F21F00043B2
:10D4A000194670472DE9F04FADF51B7DBD4CA49D8D
:10D4B0009C4654F82540013B12F1140F8146059417
:10D4C0000C910393C0F2A882B749D31E81FB0301DC
:10D4D000DB17C3EBA10307930133A3EB8303DB004B
:10D4E000D318079A0D930CF1FF33D61A059A12EB55
:10D4F00003081CD408F1010800240025E346DDF8E8
:10D5000094A2B04422AF08E05AF82600FEF7A8FD26
:10D5100001364645E7E8020108D0002EF4DA20463D
:10D52000294601364645E7E80201F6D1DC46059B6F
:10D53000002BA9F108030493B8BF4FEACC0637DBF0
:10D54000DDF80C9003EBCC084B460DF5E47BD94697
:10D550009B4622AA02EBCC0A059A4FEACC0662440B
:10D560000192CDF808C00696039B002BC0F29A8169
:10D57000574600240025049E77E90223F6E90201BC
:10D58000FEF7D8FD02460B4620462946FEF71CFC56
:10D59000464504460D46EFD1019B0BF1010B9B451F
:10D5A000E9E802450AF1080ADED1DDF808C0069E66
:10D5B000059A049B934603EB060A0EAB03EB82032A
:10D5C000043B08930EAB03EB8206CDE909A60D9F41
:10D5D000CDF82CC09AAB4FEACB0203EBCB03BBF1E7
:10D5E000000F019253E928452BDD0DF5E47A0DF18A
:10D5F00038090AEB0208029700226C4B20462946A4
:10D60000FEF798FDFFF746F8FEF72AFD0022684B6B
:10D6100006460F46FEF78EFD02460B46204629467B
:10D62000FEF7D0FBFFF736F878E9022349F8040B40
:10D6300039463046FEF7C8FBD04504460D46DBD1DF
:10D64000029F204629463A4600F03EFB00224FF05A
:10D650007F5304460D46FEF76DFD00F0B5FB00223A
:10D66000544BFEF767FD02460B4620462946FEF75F
:10D67000A9FB0D460446FFF70DF80646FEF7F0FC41
:10D6800002460B4620462946FEF79CFB002F8046AB
:10D69000894640F391800BF1FF300EAB53F82030F8
:10D6A000C7F1180243FA02F101FA02F29B1A0EAA1C
:10D6B00042F82030C7F1170243FA02F5002D0E445C
:10D6C00000F3D8800022002340464946FEF79AFF27
:10D6D000002800F05282059B9B450DDD00220EAB19
:10D6E0000A9803EB8B0353F8041D834242EA0102BC
:10D6F000F9D1002A40F0D980059B0EAA013B52F8CF
:10D700002330002B40F0CA800123089A52F8041DF0
:10D7100001330029FAD05B440BF1010807990B9AF9
:10D7200008EB010A0AF1804AA5990AF1FF3A5A4426
:10D73000019E01EB8A0A22A901EBC209DDF824B09F
:10D7400072AA164402930697CDF804A0019B53F8E1
:10D75000040F0193FEF784FC039BE9E80201002B10
:10D760001DDBCA4600240025049F7AE90223F7E95D
:10D770000201FEF7DFFC02460B4620462946FEF773
:10D7800023FB5F4504460D46EFD1029B08F10108DB
:10D790004345E6E90245D9DA9B46069F1AE700248D
:10D7A0000025F2E788940200ABAAAA2A0000703E86
:10D7B000000070410000204053D10BF1FF330EAA4E
:10D7C00052F82350ED15002D7FF77CAFBBF1000F11
:10D7D00006F1010640F3418200220EAB53F8044BE0
:10D7E000002C3AD0C4F180746FF07F4043F8044CB1
:10D7F00003E01968411A43F8041B01329345F8DC31
:10D800000124002F0DDD012F3DD0022F09D10BF196
:10D81000FF320EAB53F822300EA9C3F3150341F8C3
:10D820002230022D7FF44EAF42464B4600208F49F6
:10D83000FEF7C8FA80468946002C3FF443AF3A46CB
:10D8400000208A4900F040FA02460B46404649460D
:10D85000FEF7B8FA8046894634E701329345BDDCCD
:10D86000CFE70022824BFEF7EBFE002840F0C2809B
:10D87000054627E7BBF1000FD8BF002406F10106DB
:10D88000AADC012FC1D10BF1FF320EAB53F82230CD
:10D890000EA9C3F3160341F82230C2E70BF10108C9
:10D8A00043463BE70024002576E60D9B0BF1FF3451
:10D8B000A3F118020EAB53F82430069604950D928E
:10D8C00063B90BF18043013B0EA901EB830353F8CD
:10D8D000041D013C183A0029F9D00D9200200D9A40
:10D8E000624900F0F1F9002C06460F46C0F2C181F2
:10D8F00004F1010A4FEACA024FF0000893460EAB4A
:10D9000003EB8A05DFF86C9172AB03EBCA0A55F89A
:10D91000040DFEF7A5FB32463B46FEF70BFC4B46DB
:10D920006AE90201424630463946FEF703FC0EAB77
:10D930009D4206460F46EAD15A464FF00009ABF128
:10D9400008034AA972A800EB030AA3460B46CDE9D7
:10D9500007425246CA46DDF814900391B9F1000F10
:10D96000C0F281809046002600240025CDE90132D6
:10D97000414F01E0564510DCF7E90223F8E80201C7
:10D98000FEF7D8FB02460B4620462946FEF71CFA56
:10D990000136B14504460D46ECDADDE901320BF102
:10D9A000FF3BBBF1FF3FE3E802450AF1010AA2F1A8
:10D9B0000802D3D1DDE90742A49B022B5EDC002BD9
:10D9C0002FDC10D100200021039DAC1874E9022344
:10D9D000FEF7FAF9AC42F9D1049B002B40F03981F3
:10D9E0000C9BC3E90001069B03F007000DF51B7DAE
:10D9F000BDE8F08FBBF1000FC8BF022506F101069C
:10DA00003FF7EAAE42464B4600201849FEF7DAF9E6
:10DA100002258046894655E600216FF017030791DD
:10DA20005EE5039B0026002798469D18304675E961
:10DA300002233946FEF7C8F9454506460F46F5D19B
:10DA40000B460246DDE94A01FEF7BCF9049B002BB8
:10DA500000F0E2800C9D07F10042C5E90062002C55
:10DA600040F0DE80E8E00024002598E70000F03F69
:10DA70000000E03F0000703E40940200A49B032B96
:10DA8000B1D1002C00F00581039B4FEAC40803EBE1
:10DA9000C405A946D5E9006701950294059559E9A1
:10DAA00002453046394622462B46FEF78DF9B246EE
:10DAB000BB4606460F4632463B4620462946FEF701
:10DAC00081F95B465246FEF77FF9C9E9000169E931
:10DAD0000267039B9945E2D1029C059D012C00F051
:10DAE000D880D5E90045039BDDF8049003F1080BCD
:10DAF000CDF80480D84659E90267204629463246C7
:10DB00003B46FEF761F9A246AB4604460D46224667
:10DB10002B4630463946FEF755F952465B46FEF72E
:10DB200053F9C9E9000169E90245C845E3D100207C
:10DB30000021DDF80480039B08F108041C4403F174
:10DB4000100574E90223FEF73FF9A542F9D1DDE99A
:10DB50004A56039BD3E90278049B002B46D10C9BC9
:10DB6000C3E90401C3E90056C3E90278069B03F048
:10DB700007000DF51B7DBDE8F08F06960D9E404613
:10DB800049467242049500F09FF800224B4B5F46D5
:10DB900080468946FEF754FDF8B10022484B4046C6
:10DBA0004946FEF7C7FAFEF775FD0546FEF758FA37
:10DBB0000022424BFEF7BEFA0B460246494640465B
:10DBC000FEF700F9FEF766FD7C1C0EAB183643F835
:10DBD0002B000D9643F8245080E640464946FEF758
:10DBE00059FD0EAB5C4643F82B0077E60C9B2C46A8
:10DBF00006F100455D601D461C6008F10043C5E963
:10DC00000273069B01F10042C5E9040203F007001C
:10DC10000DF51B7DBDE8F08F0C9BC3E9006774B167
:10DC20000125DDF80C800135F8E90223FEF7CCF878
:10DC3000AC42F8DA049B13B101F1004319460C9B86
:10DC4000C3E90201069B03F007000DF51B7DBDE84B
:10DC5000F08F01F100431946C2E6022D7FF432AD88
:10DC600002460B4600201749FEF7ACF8804689466D
:10DC700028E5A49B022B06DC002B0DDC7FF4B3AE61
:10DC800000200021A8E6A49B032B7FF4ACAE4AAB96
:10DC90000393002000215AE7049BDDE94A0133B1D8
:10DCA00000224FF000430C9CC4E90023C4E700228B
:10DCB00000230C9CC4E90023C1E700BF00007041B1
:10DCC0000000703E0000F03F2DE9F0411646C1F320
:10DCD0000A52074688460B466ABB21F000430343BD
:10DCE00027D0334B0022FEF725FA324B07469E42DF
:10DCF00088463CDB0B46C1F30A52363A4CF25031AF
:10DD00008E4221DC164440F2FE7296421CDC002E4C
:10DD100026DC16F1350F31DB23F0FF4121F4E00161
:10DD2000363641EA0655002238462946224BFEF790
:10DD300001FABDE8F08140F2FF7C6245DED1024687
:10DD4000FEF742F8BDE8F081454615A3D3E900236C
:10DD500063F31E0529461948FEF7ECF9BDE8F0818A
:10DD60006FF31E53384643EA0651BDE8F0810EA317
:10DD7000D3E90023FEF7DEF9BDE8F08108F00044A6
:10DD800044F0D27141F4B73107A3D3E900230C4822
:10DD900041F01F01FEF7CEF9CBE700BFAFF30080E3
:10DDA0009C7500883CE4377E59F3F8C21F6EA501CC
:10DDB00000005043B03CFFFF0000903C9C75008881
:10DDC00059F3F8C200000000C1F30A5C2DE9F041EC
:10DDD000ACF2FF35132D02460B460C46064632DCEC
:10DDE000002D20DBDFF8E0800F4648FA05F801EA55
:10DDF000080C5CEA000C2BD031A3D3E90023FDF71B
:10DE0000E3FF00220023FEF725FC40B1002C03DADB
:10DE10004FF480132B411F44002627EA08042146B3
:10DE20003046BDE8F08126A3D3E90023FDF7CCFFFF
:10DE300000220023FEF70EFC0028F0D0002C27DB88
:10DE400000263446EBE7332D06DDB5F5806F1CD098
:10DE500010461946BDE8F0814FF0FF37ACF2134C85
:10DE600027FA0CF70742F3D015A3D3E90023FDF7F7
:10DE7000ABFF00220023FEF7EDFB0028CFD0002CE3
:10DE800033460CDB23EA0706C9E7FDF79DFFE1E710
:10DE900024F0004426430DD14FF00044BFE7142D79
:10DEA00006D00122C5F13405AA401344B342E9D299
:10DEB0000134E7E70026054CB1E700BFAFF300806F
:10DEC0009C7500883CE4377EFFFF0F000000F0BF28
:10DED0003E410C4111412741364103410641154164
:10DEE0000F410E41264113412941024119410A4186
:10DEF0000B4100000001000102020303486561704C
:10DF000020616E6420737461636B20636F6C6C6955
:10DF100073696F6E0A0000004F7574206F66206889
:10DF2000656170206D656D6F72790A0000000000F8
:10DF3000B71DC1046E3B8209D926430DDC7604135C
:10DF40006B6BC517B24D861A0550471EB8ED0826F3
:10DF50000FF0C922D6D68A2F61CB4B2B649B0C3590
:10DF6000D386CD310AA08E3CBDBD4F3870DB114C3D
:10DF7000C7C6D0481EE09345A9FD5241ACAD155F20
:10DF80001BB0D45BC2969756758B5652C836196A29
:10DF90007F2BD86EA60D9B6311105A6714401D7914
:10DFA000A35DDC7D7A7B9F70CD665E74E0B62398BE
:10DFB00057ABE29C8E8DA191399060953CC0278B28
:10DFC0008BDDE68F52FBA582E5E66486585B2BBEAF
:10DFD000EF46EABA3660A9B7817D68B3842D2FADCC
:10DFE0003330EEA9EA16ADA45D0B6CA0906D32D46F
:10DFF0002770F3D0FE56B0DD494B71D94C1B36C7A4
:10E00000FB06F7C32220B4CE953D75CA28803AF2AC
:10E010009F9DFBF646BBB8FBF1A679FFF4F63EE107
:10E0200043EBFFE59ACDBCE82DD07DEC77708634CC
:10E03000C06D4730194B043DAE56C539AB0682273B
:10E040001C1B4323C53D002E7220C12ACF9D8E127A
:10E0500078804F16A1A60C1B16BBCD1F13EB8A01AF
:10E06000A4F64B057DD00808CACDC90C07AB97783C
:10E07000B0B6567C69901571DE8DD475DBDD936B7F
:10E080006CC0526FB5E6116202FBD066BF469F5E60
:10E09000085B5E5AD17D1D576660DC5363309B4D33
:10E0A000D42D5A490D0B1944BA16D84097C6A5ACC1
:10E0B00020DB64A8F9FD27A54EE0E6A14BB0A1BF87
:10E0C000FCAD60BB258B23B69296E2B22F2BAD8AB6
:10E0D00098366C8E41102F83F60DEE87F35DA9996B
:10E0E0004440689D9D662B902A7BEA94E71DB4E02E
:10E0F000500075E4892636E93E3BF7ED3B6BB0F303
:10E100008C7671F7555032FAE24DF3FE5FF0BCC6E3
:10E11000E8ED7DC231CB3ECF86D6FFCB8386B8D526
:10E12000349B79D1EDBD3ADC5AA0FBD8EEE00C6906
:10E1300059FDCD6D80DB8E6037C64F643296087A0C
:10E14000858BC97E5CAD8A73EBB04B77560D044F5F
:10E15000E110C54B383686468F2B47428A7B005CE0
:10E160003D66C158E4408255535D43519E3B1D2599
:10E170002926DC21F0009F2C471D5E28424D1936D0
:10E18000F550D8322C769B3F9B6B5A3B26D6150315
:10E1900091CBD40748ED970AFFF0560EFAA0111064
:10E1A0004DBDD014949B93192386521D0E562FF10A
:10E1B000B94BEEF5606DADF8D7706CFCD2202BE258
:10E1C000653DEAE6BC1BA9EB0B0668EFB6BB27D79B
:10E1D00001A6E6D3D880A5DE6F9D64DA6ACD23C49C
:10E1E000DDD0E2C004F6A1CDB3EB60C97E8D3EBDAB
:10E1F000C990FFB910B6BCB4A7AB7DB0A2FB3AAED4
:10E2000015E6FBAACCC0B8A77BDD79A3C660369B18
:10E21000717DF79FA85BB4921F4675961A163288D7
:10E22000AD0BF38C742DB081C330718599908A5DEC
:10E230002E8D4B59F7AB085440B6C95045E68E4E6B
:10E24000F2FB4F4A2BDD0C479CC0CD43217D827BE6
:10E250009660437F4F460072F85BC176FD0B86687F
:10E260004A16476C93300461242DC565E94B9B1118
:10E270005E565A1587701918306DD81C353D9F02AF
:10E2800082205E065B061D0BEC1BDC0F51A693374C
:10E29000E6BB52333F9D113E8880D03A8DD0972403
:10E2A0003ACD5620E3EB152D54F6D4297926A9C58D
:10E2B000CE3B68C1171D2BCCA000EAC8A550ADD637
:10E2C000124D6CD2CB6B2FDF7C76EEDBC1CBA1E3A2
:10E2D00076D660E7AFF023EA18EDE2EE1DBDA5F0BB
:10E2E000AAA064F4738627F9C49BE6FD09FDB889EA
:10E2F000BEE0798D67C63A80D0DBFB84D58BBC9AB3
:10E3000062967D9EBBB03E930CADFF97B110B0AF4F
:10E31000060D71ABDF2B32A66836F3A26D66B4BC76
:10E32000DA7B75B8035D36B5B440F7B10A4275695A
:10E330006C6420706172616D65746572733A200A55
:10E34000000000005F5F766563746F725F746162E6
:10E350006C655F73746172743A203078252E386C66
:10E36000580A00005F65766563746F725F7461625E
:10E370006C653A203078252E386C580A0000000071
:10E380005F5F746578745F73746172743A2030787B
:10E39000252E386C580A00005F65746578743A2041
:10E3A0003078252E386C580A000000005F5F6578D1
:10E3B0006964785F73746172743A203078252E38FE
:10E3C0006C580A005F5F65786964785F656E643ACF
:10E3D000203078252E386C580A0000005F5F646199
:10E3E00074615F73746172743A203078252E386CD2
:10E3F000580A00005F65646174613A203078252E08
:10E40000386C580A000000005F5F6273735F7374BA
:10E410006172745F5F3A203078252E386C580A009C
:10E420005F656273733A203078252E386C580A0085
:10E430005F5F686561705F73746172745F5F3A20DB
:10E440003078252E386C580A000000005F6568653A
:10E4500061703A203078252E386C580A0000000090
:10E460005F5F737461636B5F73746172745F5F3A53
:10E47000203078252E386C580A0000005F657374D0
:10E4800061636B3A203078252E386C580A00000002
:10E490005F656E643A203078252E386C580A00008B
:10E4A0000A0A0000202020202020202020202020D8
:10E4B000202020200000000030303030303030305C
:10E4C0003030303030303030000000006E616E008F
:10E4D0004E414E00696E6600494E46002D00000018
:10E4E0002B00000020000000000000002E000000B3
:10E4F000286E756C6C290000686C6A7A744C000098
:10E500003031323334353637383941424344454669
:10E510004748494A4B4C4D4E4F5051525354555613
:10E520005758595A00000000202B2D2330215E003F
:10E5300001000000020000000400000008000000CC
:10E54000100000002000000040000000000000005B
:10E55000FFFF7F000000780000001E0000000000A8
:10E56000FFFF87FF000080FF00000C000000780024
:10E570000001020304050607000102030405060763
:10E5800008098B000102030405060708090A0B0CA1
:10E590000D0E0F101112131415161718191A1B1C33
:10E5A0001D1E00005C000000640000006800000008
:10E5B0006C000000190000002256657273696F6ECE
:10E5C000223A2053686F77732068617264776172B2
:10E5D0006520616E64206669726D77617265207670
:10E5E000657273696F6E20696E666F2E00000000A1
:10E5F00056455253494F4E005265616446706761FB
:10E60000203C616464726573733E0000524541446E
:10E6100046504741000000005772697465467067B4
:10E6200061203C616464726573733E2C3C76616C5E
:10E6300075653E0057524954454650474100000019
:10E6400052286561644670676129203C6164647288
:10E650006573733E00000000520000005728726985
:10E6600074654670676129203C61646472657373E8
:10E670003E2C3C76616C75653E0000005700000042
:10E680002246534D44616373203C413E2C3C423E44
:10E690002C3C433E223A20536574732F717565728A
:10E6A000696573207468652046534D20442F4127C7
:10E6B00073202868657861646563696D616C206C9E
:10E6C000736220756E697473292E000046534D44A1
:10E6D0004143530022442846534D4461637329202B
:10E6E0003C413E2C3C423E2C3C433E223A2053656A
:10E6F00074732F717565726965732074686520463F
:10E70000534D20442F412773202868657861646544
:10E7100063696D616C206C736220756E6974732916
:10E720002E0000004400000022566F6C7461676583
:10E73000203C413E2C3C423E2C3C433E223A20535E
:10E740006574732F717565726965732074686520CF
:10E7500046534D20442F4127732028646563696D1B
:10E76000616C20766F6C7461676520756E69747377
:10E77000292E0000564F4C54414745002256286F21
:10E780006C7461676529203C413E2C3C423E2C3C28
:10E79000433E223A20536574732F71756572696523
:10E7A00073207468652046534D20442F4127732001
:10E7B00028646563696D616C20766F6C7461676550
:10E7C00020756E697473292E000000005600000049
:10E7D0002246534D41646373203C413E2C3C423EF3
:10E7E0002C3C433E223A20536574732F7175657239
:10E7F000696573207468652046534D20412F442776
:10E80000732E000046534D41444353002241284695
:10E81000534D4164637329203C413E2C3C423E2CC5
:10E820003C433E223A20536574732F7175657269BB
:10E830006573207468652046534D20412F4427732B
:10E840002E000000410000002242495354223A2089
:10E8500052756E7320612073656C662D74657374D8
:10E860002C206C6F67732076616C75657320746FF4
:10E87000207465726D696E616C2E000042495354BC
:10E880000000000022436972636C6573203C726172
:10E89000646975733A302E2E2E312E302C726174CD
:10E8A000656D733A302E2E2E31306B3E223A205257
:10E8B000756E7320612073656C662D746573742C9E
:10E8C000206D6F766573206163747561746F72205B
:10E8D000696E206120636972636C652E0000000020
:10E8E000434952434C45530022476F5859203C58E6
:10E8F0003A302E2E2E312E302C593A302E2E2E31EB
:10E900002E303E223A204D6F766573207468652064
:10E910006163747561746F7220746F207468652010
:10E92000676976656E20636F6F7264696E61746586
:10E93000732E0000474F58590000000022556172A5
:10E9400074223A2054776964646C65207468652089
:10E95000756172742E000000554152540000000091
:10E9600022552861727429223A2054776964646CB4
:10E97000652074686520756172742E005500000072
:10E9800022426175644469766964657273223A2033
:10E99000302C312C323A2053657420746865206421
:10E9A00069766964657220746F206368616E67655B
:10E9B0002074686520626175647261746520666F99
:10E9C00072206561636820706F72742E2E2E0000B5
:10E9D00042415544444956494445525300000000C1
:10E9E000225072696E7442756666657273223A20AF
:10E9F00044756D702063757272656E7420636F6EFE
:10EA000074656E7473206F662070617273657273C3
:10EA100020666F722064656275672E2E2E000000DE
:10EA20005052494E5442554646455253000000004C
:10EA3000224D6F6E69746F7253657269616C203C10
:10EA400030207C2031207C20323E203C59207C200C
:10EA50004E3E223A2053686F772F686964652069BB
:10EA60006E636F6D696E672073657269616C206299
:10EA7000797465732E0000004D4F4E49544F525328
:10EA8000455249414C00000022436F6E74726F6C16
:10EA90005265676973746572203C706172616D7351
:10EAA0003E223A205365742F517565727920636F49
:10EAB0006E74726F6C207369676E616C732E0000E8
:10EAC000434F4E54524F4C524547495354455200C0
:10EAD0002228435229436F6E74726F6C52656769C6
:10EAE00073746572203C706172616D733E223A20CE
:10EAF0005365742F517565727920636F6E74726FF0
:10EB00006C207369676E616C732E000043520000C5
:10EB10002253656C656374446163203C302F313E41
:10EB2000223A20576869636820442F4120746F207F
:10EB300075736520666F72206F75747075742E0022
:10EB400053454C454354444143000000BEBAAD1BFD
:10EB5000EDAD0F0A01000110434772617068566500
:10EB60007273696F6E5061796C6F61643A2053659E
:10EB70007269616C4E756D3A203078256C582C2086
:10EB800050726F636573736F724669726D776172ED
:10EB9000654275696C644E756D3A20256C752C2044
:10EBA000465047414669726D776172654275696C7E
:10EBB000644E756D3A20256C750000004347726104
:10EBC000706846534D4861726477617265436F6E39
:10EBD00074726F6C52656769737465723A20616C08
:10EBE0006C3A203078256C782C20094661756C745D
:10EBF0004E6567563A20256C752C20094661756C68
:10EC00007431563A20256C752C20094661756C7458
:10EC10003256413A20256C752C20094661756C747A
:10EC20003256443A20256C752C20094661756C7467
:10EC30003356413A20256C752C20094661756C7459
:10EC40003356443A20256C752C20094661756C7446
:10EC50003433563A20256C752C20094661756C7446
:10EC600035563A20256C752C20094661756C744820
:10EC7000563A20256C752C20096E48564661756CF5
:10EC800074413A20256C752C20096E4856466175F2
:10EC90006C74423A20256C752C20096E48564661EA
:10ECA000756C74433A20256C752C20096E485646C5
:10ECB00061756C74443A20256C752C2009506F776F
:10ECC000657243796364416E64436C723A20256CCB
:10ECD000752C2009506F7765726E456E3A20256C51
:10ECE000752C20097265736572766564313A20254A
:10ECF0006C752C200955617274304F453A20256C93
:10ED0000752C200955617274314F453A20256C7578
:10ED10002C200955617274324F453A20256C752CB0
:10ED2000200955617274334F453A20256C752C20AB
:10ED30000955783153656C4A6D703A20256C752CF5
:10ED400020097265736572766564323A20256C75A8
:10ED50002C20095050534465746563746564416E9A
:10ED6000645273743A20256C752C200972657365A2
:10ED700072766564333A20256C752C2009506F77C4
:10ED800065726E456E48563A20256C752C200948F0
:10ED900056456E313A20256C752C20094856456E33
:10EDA000323A20256C752C200944616353656C65EB
:10EDB00063744D617874693A20256C752C2009477D
:10EDC0006C6F62616C4661756C74496E68696269EA
:10EDD000743A20256C752C20096E4661756C74732D
:10EDE000436C723A20256C752C200972657365722C
:10EDF000766564343A20256C752C2009726573653C
:10EE000072766564353A20256C750000623164378E
:10EE10006131386236643435373735633166636360
:10EE2000306336396331333739336463623861377D
:10EE300037393662000000000A0A56657273696F3E
:10EE40006E3A2053657269616C204E756D62657211
:10EE50003A20252E386C582C20476C6F62616C204C
:10EE60005265766973696F6E3A2025733B2062752F
:10EE7000696C64206E756D6265723A202575206F2D
:10EE80006E3A2025733B2066706761206275696C5D
:10EE9000643A20256C752E0A000000000A0A5665A7
:10EEA0007273696F6E3A20476C6F62616C205265B5
:10EEB000766973696F6E3A2025733B206275696CC1
:10EEC00064206E756D6265723A202575206F6E3A0A
:10EED0002025732E0A000000257A58000A52656129
:10EEE0006446706761436F6D6D616E643A20000027
:10EEF0000A3078252E327A583A203078252E32582A
:10EF0000200000005B25755D000000000A0A00007B
:10EF1000202827256327290A0A000000257A58207F
:10EF2000256C75000A577269746546706761436F96
:10EF30006D6D616E643A206E6565642032206E7579
:10EF40006D6572696320706172616D65746572735D
:10EF500020286164647265737320616E6420766139
:10EF60006C7565292C20676F742022257322202858
:10EF7000256420706172616D73292E0A0000000003
:10EF80000A577269746546706761436F6D6D616E93
:10EF9000643A2057726F746520256C7520746F2059
:10EFA000000000003078252E347A582E0A00000028
:10EFB0000A0A46534D446163733A204670676120E4
:10EFC000696E74657266616365206973206E6F7423
:10EFD00020696E697469616C697A65642120506C7E
:10EFE000656173652063616C6C20496E697446705D
:10EFF0006761206669727374212E0000256C782C7D
:10F00000256C782C256C782C256C78000A0A4653E0
:10F010004D446163733A2073657420746F3A202500
:10F020006C782C20256C782C20256C782C20256C75
:10F03000782E0A000A0A46534D446163733A2063EE
:10F04000757272656E742076616C75653A20256CF8
:10F05000782C20256C782C20256C782C20256C7839
:10F060002E0A00000A46534D446163733A205365EB
:10F070006E736F7220412F4427733A203078253009
:10F0800031366C6C782C203078253031366C6C78C9
:10F090002C203078253031366C6C783B20252B6461
:10F0A000282575292C20252B64282575292C202519
:10F0B0002B64282575292C20252B312E336C662CAA
:10F0C00020252B312E336C662C20252B312E336CD2
:10F0D000660A00000A0A566F6C746167653A20463A
:10F0E00070676120696E746572666163652069731B
:10F0F000206E6F7420696E697469616C697A6564E9
:10F100002120506C656173652063616C6C20496ED1
:10F11000697446706761206669727374212E0000FD
:10F12000256C662C256C662C256C662C256C66007F
:10F130000A0A566F6C746167653A207365742074AF
:10F140006F3A2025332E316C662028256C78292CC7
:10F150002025332E316C662028256C78292C20251B
:10F16000332E316C662028256C78292C2025332EEF
:10F17000316C662028256C78292E0A000A0A566F01
:10F180006C746167653A2063757272656E7420767F
:10F19000616C7565733A2025332E316C6620282505
:10F1A0006C78292C2025332E316C662028256C782C
:10F1B000292C2025332E316C662028256C78292CAB
:10F1C0002025332E316C662028256C78292E0A00E4
:10F1D0000A0A46534D416463733A204670676120C2
:10F1E000696E74657266616365206973206E6F7401
:10F1F00020696E697469616C697A65642120506C5C
:10F20000656173652063616C6C20496E697446703A
:10F210006761206669727374212E00000A46534D9F
:10F22000416463733A2063757272656E742076610F
:10F230006C7565733A20252B39642C20252B396495
:10F240002C20252B39642C20252B39642C20252BB0
:10F25000312E366C662C20252B312E366C662C20F8
:10F26000252B312E366C662C20252B312E366C66E4
:10F270000A000000616473313235382825346C642B
:10F28000293A20307825346C580A00000A0A42498D
:10F2900053543A204B65797072657373282564293D
:10F2A0003B2065786974696E672E0A00256C662CB0
:10F2B000256C66000A0A436972636C65733A2052D2
:10F2C000756E436972636C6528256C662C20256C0D
:10F2D000666D73292E2E2E0A000000000A256C751B
:10F2E0002C20256C752C20256C752C20256C750028
:10F2F0000A0A436972636C65733A204B65797072D0
:10F30000657373282564293B2065786974696E6785
:10F310002E0A00000A0A476F58593A204670676162
:10F3200020696E74657266616365206973206E6F13
:10F330007420696E697469616C697A656421205012
:10F340006C656173652063616C6C20496E697446FD
:10F35000706761206669727374212E000A0A476F14
:10F3600058593A2073657420746F3A20256C782CB4
:10F3700020256C782C20256C782C20256C782E0A82
:10F38000000000000A0A476F58593A2063757272EC
:10F39000656E742076616C75653A20256C782C203A
:10F3A000256C782C20256C782C20256C782028253D
:10F3B0006C6656207820256C6656292E0A000000BF
:10F3C0000A46534D416463733A2063757272656EE9
:10F3D000742076616C7565733A203078253031364B
:10F3E0006C6C782C203078253031366C6C782C2081
:10F3F0003078253031366C6C782C203078253031DF
:10F40000366C6C783B20252B64282575292C20250B
:10F410002B64282575292C20252B64282575292C5B
:10F4200020252B64282575292C20252B312E336C83
:10F43000662C20252B312E336C662C20252B312E6B
:10F44000336C662C20252B312E336C660A000000AD
:10F450000A55617274436F6D6D616E643A20257553
:10F460002C2025752E2000006C6F6F7000000000AE
:10F470000A55617274436F6D6D616E643A20536515
:10F480006E64696E6720726573706F6E7365202895
:10F490002575206279746573293A20000A000000FE
:10F4A0000A55617274436F6D6D616E643A20636FCB
:10F4B0006D706C6574652E0A000000000A0A4261D6
:10F4C000756444697669646572733A204670676151
:10F4D00020696E74657266616365206973206E6F62
:10F4E0007420696E697469616C697A656421205061
:10F4F0006C656173652063616C6C20496E6974464C
:10F50000706761206669727374212E00256C752CFA
:10F51000256C752C256C752C256C75000A0A4261CA
:10F52000756444697669646572733A2073657474AE
:10F53000696E6720746F3A20256C752C20256C75D8
:10F540002C20256C752C20256C752E0A00000000DF
:10F550000A0A4261756444697669646572733A2087
:10F5600063757272656E742076616C7565733A208E
:10F57000256C752C20256C752C20256C752C202570
:10F580006C752E0A000000000A42617564446976B9
:10F5900069646572733A20506F7274302066696EC8
:10F5A000616C206469766973696F6E207261746939
:10F5B0006F3A20257520282F3136293B204163746E
:10F5C00075616C2062617564726174653A20252EE4
:10F5D000356C66000A4261756444697669646572D7
:10F5E000733A20506F7274312066696E616C2064CA
:10F5F00069766973696F6E20726174696F3A20254C
:10F600007520282F3136293B2041637475616C20A9
:10F6100062617564726174653A20252E356C6600EE
:10F620000A4261756444697669646572733A205070
:10F630006F7274322066696E616C206469766973DA
:10F64000696F6E20726174696F3A20257520282FCA
:10F650003136293B2041637475616C2062617564A9
:10F66000726174653A20252E356C660A0000000030
:10F670000A4261756444697669646572733A205020
:10F680006F7274332066696E616C20646976697389
:10F69000696F6E20726174696F3A20257520282F7A
:10F6A0003136293B2041637475616C206261756459
:10F6B000726174653A20252E356C660A00000000E0
:10F6C0000A53686F7742756666657273436F6D6D36
:10F6D000616E643A20467067615561727450617260
:10F6E0007365723A20000000256C7525325B2C0989
:10F6F000205D2025630000000A0A4D6F6E69746F5B
:10F700007253657269616C436F6D6D616E643A200E
:10F710004D6F6E69746F72696E6720706F727420BE
:10F72000256C753A2025632E0A0000000A0A4D6FE9
:10F730006E69746F7253657269616C436F6D6D6150
:10F740006E643A20496E76616C696420706F7274E1
:10F7500020256C753B206D61782069732023322E43
:10F760000A0000000A0A4D6F6E69746F7253657269
:10F7700069616C436F6D6D616E643A20496E73759B
:10F780006666696369656E7420706172616D657427
:10F79000657273202825753B2073686F756C642033
:10F7A00062652032293B207175657279696E672E1A
:10F7B0002E2E00000A4D6F6E69746F725365726968
:10F7C000616C436F6D6D616E643A204D6F6E69744C
:10F7D0006F72696E6720706F727420303A202563F3
:10F7E0002E0A00000A4D6F6E69746F72536572695C
:10F7F000616C436F6D6D616E643A204D6F6E69741C
:10F800006F72696E6720706F727420313A202563C1
:10F810002E0A00000A4D6F6E69746F72536572692B
:10F82000616C436F6D6D616E643A204D6F6E6974EB
:10F830006F72696E6720706F727420323A20256390
:10F840002E0A00000A4D6F6E69746F7253657269FB
:10F85000616C436F6D6D616E643A204D6F6E6974BB
:10F860006F72696E6720706F727420333A2025635F
:10F870002E0A00000A436F6E74726F6C52656769DE
:10F8800073746572436F6D6D616E643A2046706784
:10F890006120696E74657266616365206973206EAC
:10F8A0006F7420696E697469616C697A656421009E
:10F8B0002025632C2025632C2025632C2025632CF8
:10F8C0002025632C2025632C2025632C2025632CE8
:10F8D0002025632C2025632C2025632C2025632CD8
:10F8E0002025632C2025632C000000000A436F6E46
:10F8F00074726F6C5265676973746572436F6D6D76
:10F90000616E643A2043757272656E742076616C24
:10F910007565733A200000000A44616353656C65A5
:10F9200063743A204670676120696E74657266611F
:10F930006365206973206E6F7420696E69746961F4
:10F940006C697A6564210000202563000A0A44611D
:10F950006353656C6563743A20256320282725630B
:10F9600027292E0A000000000A44616353656C6574
:10F9700063743A2043757272656E742076616C759B
:10F98000653A20256C752E0A000002100310041041
:10F9900002200200032004200520062003000400AA
:10F9A00005000600060004002800C00301300230F4
:10F9B00003300430053006300E3001400240034071
:10F9C0000440054006400000FFFF7F000000780073
:10F9D00000001E0000000000FFFF87FF000080FF06
:10F9E00000000C0000007800000102030405060777
:10F9F000000102030405060708098B000102030445
:10FA000005060708090A0B0C0D0E0F10111213142E
:10FA100015161718191A1B1C1D1E00005C0000008B
:10FA200064000000680000006C0000009B00000003
:10FA3000F4B06A6900000000467269204A616E20D5
:10FA400031362032313A34333A31362032303236A0
:10FA500000000000BEBAAD1BEDAD0F0A01000110A1
:10FA600002100310041002200200032004200520CD
:10FA7000062003000400050006000600040028001C
:10FA8000C0030130023003300430053006300E3040
:10FA900001400240034004400540064007000000CA
:10FAA00042696E61727956657273696F6E436F6DEC
:10FAB0006D616E640000000042696E617279566586
:10FAC0007273696F6E436F6D6D616E6428646570EB
:10FAD00072656361746564206964290042696E61BE
:10FAE000727946534D44616373436F6D6D616E640B
:10FAF0000000000042696E61727946534D416463B3
:10FB000073436F6D6D616E640000000042696E6149
:10FB1000727946534D41646373466C6F6174696ECC
:10FB200067506F696E74436F6D6D616E64000000A5
:10FB300042696E61727946534D44616373466C6FDE
:10FB40006174696E67506F696E74436F6D6D616E3D
:10FB50006400000042696E61727946534D537461CE
:10FB6000747573436F6D6D616E640000BEBAAD1B3A
:10FB7000EDAD0F0A010001104347726170685665D0
:10FB80007273696F6E5061796C6F61643A2053656E
:10FB90007269616C4E756D3A203078256C582C2056
:10FBA00050726F636573736F724669726D776172BD
:10FBB000654275696C644E756D3A20256C752C2014
:10FBC000465047414669726D776172654275696C4E
:10FBD000644E756D3A20256C750000000A42696E0E
:10FBE00061727956657273696F6E436F6D6D616E88
:10FBF000643A2053656E64696E6720726573706F36
:10FC00006E736520282575206279746573293A2002
:10FC1000000000000A42696E61727946534D4461EA
:10FC20006373436F6D6D616E642053657474696EA8
:10FC30006720746F20283078256C582C2030782568
:10FC40006C582C203078256C58292E0A0A000000A8
:10FC50000A42696E61727946534D44616373436F22
:10FC60006D6D616E6420205265706C79696E6720DD
:10FC7000283078256C582C203078256C582C203072
:10FC800078256C58292E2E2E0A0A00000A42696E29
:10FC900061727946534D41646373436F6D6D616E5C
:10FCA0006420205265706C79696E67202825642C69
:10FCB0002025642C202564292E2E2E0A0A000000FF
:10FCC0000A42696E61727946534D41646373436FB2
:10FCD0006D6D616E642070726F63657373696E67BA
:10FCE000282575292E2E2E0A0A0000000A42696E68
:10FCF00061727946534D41646373466C6F617469F8
:10FD00006E67506F696E74436F6D6D616E64202015
:10FD10005265706C79696E672028256C662C2025E9
:10FD20006C662C20256C66292E2E2E0A0A000000F7
:10FD30000A0A42696E61727946534D4461637343A6
:10FD40006F6D6D616E643A2053657474696E6720DF
:10FD5000746F3A2025332E316C662028256C782963
:10FD60002C2025332E316C662028256C78292C20F8
:10FD700025332E316C662028256C78292E0A000048
:10FD80000A0A42696E61727946534D446163734356
:10FD90006F6D6D616E643A205265706C79696E6743
:10FDA0003A2025332E316C662028256C78292C20AA
:10FDB00025332E316C662028256C78292C2025339C
:10FDC0002E316C662028256C78292E0A0000000050
:10FDD0000A0A42696E61727946534D5374617475B3
:10FDE00073436F6D6D616E643A2043757272656E18
:10FDF0007456616C7565733A0A0000004948563ABA
:10FE00002025332E366C6620560A0000494E563A9D
:10FE10002025332E366C6620560A00004936563AA5
:10FE20002025332E366C6620560A0000493356448E
:10FE30003A2025332E366C6620560A004932564445
:10FE40003A2025332E366C6620560A004931563A40
:10FE50002025332E366C6620560A000053747261DA
:10FE6000696E42503A2025332E366C6620560A00C1
:10FE700053747261696E424D3A2025332E366C669A
:10FE800020560A0053747261696E423A2025332E5F
:10FE9000366C6620560A000053747261696E4450D5
:10FEA0003A2025332E366C6620560A005374726150
:10FEB000696E444D3A2025332E366C6620560A0072
:10FEC00053747261696E443A2025332E366C662075
:10FED000560A000053747261696E434D3A2025330F
:10FEE0002E366C6620560A0053747261696E435058
:10FEF0003A2025332E366C6620560A005374726100
:10FF0000696E433A2025332E366C6620560A00006F
:10FF100053747261696E414D3A2025332E366C66FA
:10FF200020560A0053747261696E41503A2025339D
:10FF30002E366C6620560A0053747261696E413A1F
:10FF40002025332E366C6620560A00005035564464
:10FF50003A2025332E366C6620560A004932564127
:10FF60003A2025332E366C6620560A0054656D7093
:10FF70003A2025332E366C6620560A00503356330D
:10FF8000443A2025332E366C6620560A00000000C5
:10FF9000503238563A2025332E366C6620560A00E9
:10FFA000503256323A2025332E366C6620560A00DF
:10FFB00050325635443A2025332E366C6620560A88
:10FFC00000000000503156323A2025332E366C6640
:10FFD00020560A0050325635413A2025332E366CD1
:10FFE0006620560A00000000503456333A2025336C
:10FFF0002E366C6620560A00493356413A20253386
:020000022000DC
:100000002E366C6620560A0050335633413A20256E
:10001000332E366C6620560A000000005036563AE1
:100020002025332E366C6620560A00005035564186
:100030003A2025332E366C6620560A004C757852CD
:100040006164733A2025332E366C6620560A000010
:100050004E3138563A2025332E366C6620560A002B
:100060004E3230563A2025332E366C6620560A0022
:1000700050313235563A2025332E366C6620560ADA
:10008000000000000A42696E61727946534D537454
:1000900061747573436F6D6D616E643A2052657063
:1000A0006C79696E672E2E2E00000210031004106A
:1000B0000220020003200420052006200300040083
:1000C00005000600060004002800C00301300230CD
:1000D00003300430053006300E300140024003404A
:1000E0000440054006400000FFFF7F00000078004C
:1000F00000001E0000000000FFFF87FF000080FFDF
:1001000000000C000000780000010203040506074F
:10011000000102030405060708098B00010203041D
:1001200005060708090A0B0C0D0E0F101112131407
:1001300015161718191A1B1C1D1E00005C00000064
:1001400064000000680000006C0000009B000000DC
:10015000F4B06A6900000000467269204A616E20AE
:1001600031362032313A34333A3136203230323679
:10017000000000000A0A42696E61727920556172BE
:10018000743A20496E697428506B74482025752C88
:1001900020506B7446202575292E0A0D00000000A2
:1001A0002E252E32780000000A0A42696E617279AB
:1001B000556172743A204275666665722825702909
:1001C000206F766572666C6F773B20746869732068
:1001D0007061636B65742077696C6C206E6F74203E
:1001E0006669742028257A7562292C20666C7573DF
:1001F00068696E67206275666665722E0A0D00007A
:100200000A0A42696E617279556172743A20556EBC
:100210006D61746368656420636F6D6D616E6420E9
:100220003078252E386C5821204E756D436D6473DF
:100230003A20256C750A00000A0A42696E617279DB
:10024000556172743A205061636B65742072656306
:1002500065697665642C20627574205365726961E6
:100260006C4E756D62657220636F6D70617269733B
:100270006F6E206661696C656420286578706563BF
:100280007465643A203078252E386C583B20676FAF
:10029000743A203078252E386C58292E0A0D00002B
:1002A0000A0A42696E617279556172743A2050612E
:1002B000636B65742072656365697665642C206282
:1002C000757420696E76616C69642E0A0D000000F9
:1002D0000A0A42696E61727920556172743A20533C
:1002E000656E64696E67207061636B65742825753F
:1002F0002C202575293A2000252E32583A0000007E
:100300000A0000004347726170685061636B657456
:100310004865616465723A205374617274546F6BFE
:10032000656E3A203078256C582C205061796C6FBE
:100330006164547970653A20256C752C2050617980
:100340006C6F61644C656E3A20256C75000000008E
:100350000A0A4347726170685061636B65743A3A88
:10036000497356616C696428293A205061636B6552
:10037000745374617274546F6B656E3A2042756683
:100380006665722E617355333228257529203D200C
:100390003078256C782E0A0D000000000A0A4347C9
:1003A000726170685061636B65743A3A4973566163
:1003B0006C696428293A207061796C6F6164747982
:1003C00070653A204275666665722E6173553136E6
:1003D00028257529203D20307825782E0A0D00002B
:1003E0000A0A4347726170685061636B65743A3AF8
:1003F000497356616C696428293A207061796C6F81
:1004000061646C656E3A204275666665722E617332
:1004100055313628257529203D20307825782E0A3B
:100420000D0000000A0A4347726170685061636BF7
:1004300065743A3A497356616C696428293A2070A8
:1004400061636B6574206F76657273697A65643A6F
:100450002042756666657244657074683A20257539
:100460002C205061636B65744C656E3A2025752EA7
:100470000A0D00000A0A4347726170685061636B9D
:1004800065743A3A497356616C696428293A207454
:100490006F6B656E206D69736D617463683A20459A
:1004A000787065637465643A2025752C2041637407
:1004B00075616C3A2025752E0A0D00000A0A434723
:1004C000726170685061636B65743A3A4973566142
:1004D0006C696428293A204352433A204275666683
:1004E00065722E617355333228257529203D2030E1
:1004F00078256C782E0A0D000A0A434772617068ED
:100500005061636B65743A3A497356616C6964284B
:10051000293A205061636B6574456E64546F6B6556
:100520006E3A204275666665722E617355333228C5
:10053000257529203D203078256C782E0A0D000085
:100540000A0A4347726170685061636B65743A3A96
:10055000497356616C696428293A204352433A2012
:10056000456E643A2025752053746172743A2025D3
:1005700075202E0A0D0000000A0A43477261706858
:100580005061636B65743A3A497356616C696428CB
:10059000293A2043616C632764204352433A203058
:1005A00078256C78202843726343757272656E7487
:1005B000416464723A203078256C78292C202874A4
:1005C000696D656F75743A202575292E0A0D000036
:1005D0000A0A4347726170685061636B65743A3A06
:1005E000497356616C696428293A204372635374D5
:1005F000617274416464723A203078256C782C20E2
:10060000437263456E64416464723A203078256CAD
:10061000780A0D000A465047415561727443616C77
:100620006C6261636B733A204E554C4C28257529DA
:1006300020496E76616C69645061636B6574210A50
:100640000A0000000A465047415561727443616CCC
:100650006C6261636B733A20496E76616C696450B9
:1006600061636B65742120636F6E74656E74733A99
:10067000203A00000A0A00000A4650474142696ECB
:100680006172795561727443616C6C6261636B7302
:100690003A204E554C4C2825752920556E48616EE0
:1006A000646C65645061636B6574210A0A00000024
:1006B0000A465047415561727443616C6C626163D4
:1006C0006B733A20556E68616E646C65642070616E
:1006D000636B6574282575293A2000087F1B090083
:1006E000BEBAAD1BEDAD0F0A0100011002100310E0
:1006F000041002200200032004200520062003002D
:10070000040005000600060004002800C0030130B4
:10071000023003300430053006300E300140024014
:100720000340044005400640001B0020402B0020F1
:10073000803B0020C04B002004000000001B002074
:10074000402B0020803B002003000000C04B002015
:1007500001000000000000000000000055860000BD
:1007600079860000118900000000000000000000F0
:10077000AD830000D1830000F1830000718400008C
:100780008D6B0000C9840000000000000000000024
:100790009D780000C1780000E1780000FD7800003D
:1007A00015790000617900009D790000E979000069
:1007B000357A0000497A00005D7A0000717A000005
:1007C000857A0000D77A0000957B00009B7A0000B4
:1007D000B57A00000B7B0000537B0000357C0000E5
:1007E000E57C0000597D0000B57D0000117E000011
:1007F000857E0000E57E0000417F0000917F0000C3
:10080000718200008B820000AD8200001383000023
:100810000000000000000000DD760000017700000D
:10082000C969000021770000557700009377000028
:10083000BF770000D1770000E377000000000000E0
:1008400000000000397600004D7600006D76000053
:1008500000000000000000009D860000C18600002E
:10086000ED6D000099740000000000000000000021
:10087000216B0000416B0000616B0000776B000092
:100880008D6B0000A36B0000000000000000000062
:100890000000000000000000000000000000000058
:1008A0000000000000000000000000000000000048
:1008B0000000000000000000000000000000000038
:1008C0000000000000000000000000000000000028
:1008D0000000000000000000000000000000000018
:1008E0000000000000000000000000000000000008
:1008F00000000000000000000000000000000000F8
:1009000000000000000000000000000000000000E7
:1009100000000000000000000000000000000000D7
:1009200000000000000000000000000000000000C7
:1009300000000000C9690000000000000000000085
:1009400000000000000000000000000000000000A7
:100950000000000000000000000000000000000097
:1009600000000000010101087F1B0900FFFF7F005C
:100970000000780000001E0000000000FFFF87FF5D
:10098000000080FF00000C0000007800000102035E
:1009900004050607000102030405060708098B0089
:1009A0000102030405060708090A0B0C0D0E0F10BF
:1009B0001112131415161718191A1B1C1D1E0000EE
:1009C0005C00000064000000680000006C00000093
:1009D0000A50696E6F75744D6F6E69746F72416401
:1009E000633A20542F4F2E000A4D6F6E69746F7258
:1009F0004164633A204572726F7220696E6974694E
:100A0000616C697A696E67204164633A20257520BC
:100A10005B3078252E32585D2E0A00000A4D6F6E2D
:100A200069746F724164633A205374617274696EC1
:100A30006720412F44206175746F2D7363616E3B95
:100A40002077726F7465203078252E325820746FAD
:100A5000206770696F27732C20726561646261631F
:100A60006B3A203078252E32580A00000A4D6F6EFE
:100A700069746F724164633A204E6F204164632051
:100A8000666F756E64210A000A4D6F6E69746F722D
:100A90004164633A20626164207374617475733ACF
:100AA00020416463303A2063682025753A2030780D
:100AB000252E32582C20416463313A20636820256A
:100AC000753A203078252E32580A00000A4D6F6E94
:100AD00069746F724164633A20416463303A206301
:100AE000682025752072656164733A20256C662044
:100AF000566F6C7473205B256C75206C7362277362
:100B00005D3B20416463313A206368202575207283
:100B1000656164733A20256C6620566F6C7473208F
:100B20005B256C75206C736227735D0A0000000002
:100B30000A4D6F6E69746F724164633A2063682076
:100B40002575206E6F206E65772073616D706C6502
:100B50002074686973207363616E2E0A00000000C0
:100B60000A0A5363616E4D6F6E69746F72416463FC
:100B700020436F6D6D616E643A2056616C756573CC
:100B8000207769746820636F72726563746564208E
:100B9000756E69747320666F6C6C6F773A0A00002B
:100BA0004948563A2025332E366C6620560A0000F6
:100BB000494E563A2025332E366C6620560A0000E0
:100BC0004936563A2025332E366C6620560A0000E8
:100BD000493356443A2025332E366C6620560A0097
:100BE000493256443A2025332E366C6620560A0088
:100BF0004931563A2025332E366C6620560A0000BD
:100C000053747261696E42503A2025332E366C66F9
:100C100020560A0053747261696E424D3A202533A2
:100C20002E366C6620560A0053747261696E423A21
:100C30002025332E366C6620560A000053747261EC
:100C4000696E44503A2025332E366C6620560A00D1
:100C500053747261696E444D3A2025332E366C66AA
:100C600020560A0053747261696E443A2025332E6F
:100C7000366C6620560A000053747261696E434DEB
:100C80003A2025332E366C6620560A005374726162
:100C9000696E43503A2025332E366C6620560A0082
:100CA00053747261696E433A2025332E366C662088
:100CB000560A000053747261696E414D3A20253323
:100CC0002E366C6620560A0053747261696E41506C
:100CD0003A2025332E366C6620560A005374726112
:100CE000696E413A2025332E366C6620560A000084
:100CF000503556443A2025332E366C6620560A006D
:100D0000493256413A2025332E366C6620560A0069
:100D100054656D703A2025332E366C6620560A00D5
:100D200050335633443A2025332E366C6620560A0B
:100D300000000000503238563A2025332E366C66BB
:100D400020560A00503256323A2025332E366C6631
:100D500020560A0050325635443A2025332E366C40
:100D60006620560A00000000503156323A202533E2
:100D70002E366C6620560A0050325635413A2025F0
:100D8000332E366C6620560A00000000503456336D
:100D90003A2025332E366C6620560A0049335641D8
:100DA0003A2025332E366C6620560A0050335633CF
:100DB000413A2025332E366C6620560A000000008A
:100DC0005036563A2025332E366C6620560A0000DF
:100DD000503556413A2025332E366C6620560A008F
:100DE0004C7578526164733A2025332E366C662038
:100DF000560A00004E3138563A2025332E366C669E
:100E000020560A004E3230563A2025332E366C6674
:100E100020560A0050313235563A2025332E366C92
:100E20006620560A000000000A5363616E4D6F6E23
:100E300069746F7241646320436F6D6D616E643AD3
:100E400020436F6D706C6574652E0A0A0000000007
:100E50000A0A546573744D6F6E69746F72416463EE
:100E600020436F6D6D616E643A2053657269616CE9
:100E70003A2052656164696E6720412F44277320D0
:100E8000287261772076616C756573293A0A0000D3
:100E90000A4948563A20252B6C642C203078252EA0
:100EA000386C58000A494E563A20252B6C642C2089
:100EB0003078252E386C58000A4936563A20252BB2
:100EC0006C642C203078252E386C58000A49335633
:100ED000443A20252B6C642C203078252E386C5811
:100EE000000000000A493256443A20252B6C642C3D
:100EF000203078252E386C58000000000A49315601
:100F00003A20252B6C642C203078252E386C580024
:100F10000A53747261696E42503A20252B6C642C1E
:100F2000203078252E386C58000000000A53747267
:100F300061696E424D3A20252B6C642C2030782557
:100F40002E386C58000000000A53747261696E42BA
:100F50003A20252B6C642C203078252E386C5800D4
:100F60000A53747261696E44503A20252B6C642CCC
:100F7000203078252E386C58000000000A53747217
:100F800061696E444D3A20252B6C642C2030782505
:100F90002E386C58000000000A53747261696E4468
:100FA0003A20252B6C642C203078252E386C580084
:100FB0000A53747261696E434D3A20252B6C642C80
:100FC000203078252E386C58000000000A537472C7
:100FD00061696E43503A20252B6C642C20307825B3
:100FE0002E386C58000000000A53747261696E4319
:100FF0003A20252B6C642C203078252E386C580034
:101000000A53747261696E414D3A20252B6C642C31
:10101000203078252E386C58000000000A53747276
:1010200061696E41503A20252B6C642C2030782564
:101030002E386C58000000000A53747261696E41CA
:101040003A20252B6C642C203078252E386C5800E3
:101050000A503556443A20252B6C642C20307825D4
:101060002E386C58000000000A493256413A2025BB
:101070002B6C642C203078252E386C580000000032
:101080000A54656D703A20252B6C642C203078252D
:101090002E386C58000000000A50335633443A2072
:1010A000252B6C642C203078252E386C58000000DD
:1010B0000A503238563A20252B6C642C2030782583
:1010C0002E386C58000000000A503256323A202563
:1010D0002B6C642C203078252E386C5800000000D2
:1010E0000A50325635443A20252B6C642C20307837
:1010F000252E386C580000000A503156323A20250F
:101100002B6C642C203078252E386C5800000000A1
:101110000A50325635413A20252B6C642C20307809
:10112000252E386C580000000A503456333A2025DA
:101130002B6C642C203078252E386C580000000071
:101140000A493356413A20252B6C642C20307825EF
:101150002E386C58000000000A50335633413A20B4
:10116000252B6C642C203078252E386C580000001C
:101170000A5036563A20252B6C642C203078252EC8
:10118000386C58000A503556413A20252B6C642C97
:10119000203078252E386C58000000000A4C7578F5
:1011A000526164733A20252B6C642C203078252EF4
:1011B000386C58000A4E3138563A20252B6C642C76
:1011C000203078252E386C58000000000A4E32304E
:1011D000563A20252B6C642C203078252E386C58FC
:1011E000000000000A50313235563A20252B6C643D
:1011F0002C203078252E386C580000000A54657376
:10120000744D6F6E69746F7241646320436F6D6DCE
:10121000616E643A20436F6D706C6574652E0A0AC6
:1012200000000000202C090D0A0000000A4D6F6E1E
:1012300069746F7241646343616C69627261746561
:101240003A20496E76616C696420706172616D65E7
:10125000746572733B206D757374206769766520C1
:101260006174206C65617374206E616D65206F66BA
:1012700020696E7075742063616C69627261746953
:101280006F6E20746F207175657279210A0A0000F3
:10129000256C650044454641554C54530000000000
:1012A0000A4D6F6E69746F7241646343616C696269
:1012B000726174653A20416C6C2063616C69627282
:1012C000617465732073657420746F206465666152
:1012D000756C7473210A0A00503156320000000008
:1012E0000A4D6F6E69746F7241646343616C696229
:1012F000726174653A20536574204761696E3A20C3
:10130000256C65202822257322292C205365742002
:101310004F66667365743A20256C65202822257314
:1013200022290A000A4D6F6E69746F72416463432B
:10133000616C6962726174653A204761696E3A2036
:10134000256C652C204F66667365743A20256C65A4
:101350000A0000000A4D6F6E69746F724164634346
:10136000616C6962726174653A20556E61626C6588
:1013700020746F206C6F6361746520696E70757482
:10138000206D61746368696E672022257322210ACB
:10139000000000000A4D6F6E69746F724164634310
:1013A000616C6962726174653A20436F6D706C653F
:1013B00074652E0A0A000000616473313235383AD0
:1013C0003A44756D7028293A20636F6E66696730FC
:1013D0002072656164733A3078252E34580A000013
:1013E000616473313235383A3A44756D7028293A60
:1013F00020636F6E666967312072656164733A308D
:1014000078252E34580A0000616473313235383A39
:101410003A44756D7028293A207379737265616456
:101420002072656164733A3078252E34580A0000C2
:10143000616473313235383A3A44756D7028293A0F
:10144000206770696F632072656164733A30782534
:101450002E34580A00000000616473313235383A86
:101460003A44756D7028293A2069646E756D207252
:10147000656164733A3078252E34580A0000000004
:10148000616473313235383A3A44756D7028293ABF
:10149000206D75786469662072656164733A30788E
:1014A000252E34580A000000616473313235383A11
:1014B0003A44756D7028293A206D7578736730202D
:1014C00072656164733A3078252E34580A00000042
:1014D000616473313235383A3A44756D7028293A6F
:1014E000206D75787367312072656164733A307866
:1014F000252E34580A000000616473313235383AC1
:101500003A696E697428293A20636F6E666967309C
:10151000206D69736D6174636820287265616473FE
:101520003A3078252E34582C2077616E7465643AF1
:101530003078252E3258290A00000000616473318A
:101540003235383A3A696E697428293A20636F6EE9
:1015500066696731206D69736D61746368202872F4
:10156000656164733A3078252E34582C2077616E8B
:101570007465643A3078252E3258290A000000003C
:10158000616473313235383A3A696E697428293AA0
:101590002073797372656164206D69736D61746322
:1015A00068202872656164733A3078252E34582C8F
:1015B0002077616E7465643A3078252E3258290A96
:1015C00000000000616473313235383A3A696E695F
:1015D0007428293A206770696F63206D69736D61A3
:1015E000746368202872656164733A3078252E34FC
:1015F000582C2077616E7465643A3078252E325805
:10160000290A0000616473313235383A3A696E69EB
:101610007428293A2069646E756D206D69736D6157
:10162000746368202872656164733A3078252E34BB
:10163000582C2077616E7465643A3078252E3258C4
:10164000290A0000616473313235383A3A536574BF
:101650005363616E4368616E6E656C7328293A202E
:101660006D7578646966206D69736D617463682057
:101670002872656164733A3078252E3458290A003F
:10168000616473313235383A3A5365745363616E2D
:101690004368616E6E656C7328293A206D757873A6
:1016A0006730206D69736D617463682028726561AD
:1016B00064733A3078252E3458290A0061647331F6
:1016C0003235383A3A5365745363616E4368616EDC
:1016D0006E656C7328293A206D7578736731206DBB
:1016E00069736D61746368202872656164733A3050
:1016F00078252E3458290A00616473313235383A1E
:101700003A5365745363616E4368616E6E656C73C2
:1017100028293A20737973726564206D69736D614D
:10172000746368202872656164733A3078252E34BA
:1017300058290A005343414E4D4F4E49544F524190
:1017400044430000225363616E4D6F6E69746F7283
:10175000416463223B2053686F7720637572726522
:101760006E7420696E70757420766F6C7461676535
:10177000732E2E2E00000000544553544D4F4E49F9
:10178000544F52414443000022546573744D6F6EB0
:1017900069746F72416463223B2053686F772072D3
:1017A000617720412F4420636F756E74732E2E2E47
:1017B0000000000043414C4942524154454D4F4EB8
:1017C00049544F52414443002243616C6962726143
:1017D00074654D6F6E69746F72416463203C72650D
:1017E00061646F75743E2C3C6761696E3E286F7052
:1017F00074696F6E616C292C3C6F66667365743E0C
:10180000286F7074696F6E616C29223B2043616C94
:1018100069627261746520286F72207175657279D2
:10182000292074686520676976656E207265616439
:101830006F75740000000000000000009DA900000A
:10184000C1A90000E5AA000000000000000000009F
:10185000C1910000E19100000101010020000000A1
:101860000A0A496E76616C696420636F6D6D616E02
:10187000642028222573223B205B0000252E32683D
:1018800068583A005D2029202D206C697374696EB8
:101890006720616C6C20617661696C61626C6520A7
:1018A000636F6D6D616E64733A0A000025733A20B0
:1018B00025730A000A0A547842696E617279506190
:1018C000636B65743A204E554C4C205061636B65D8
:1018D00074436F6E7465787421202853686F756C3B
:1018E000642062652042696E617279556172742A62
:1018F0002920506C65617365207265636F6D706936
:101900006C6520746869732062696E6172792E2E2D
:101910002E0A00000A21666F726D6174663A3A778A
:10192000727374725F66756E632825702C20257043
:101930002C20256C7529210A00087F1B0900000056
:10194000BEBAAD1BEDAD0F0A01000110021003106D
:1019500004100220020003200420052006200300BA
:10196000040005000600060004002800C003013042
:10197000023003300430053006300E3001400240A2
:101980000340044005400640557361676546617534
:101990006C7453746174757352656769737465729E
:1019A0003A20616C6C3D3078252E34583B20556EC2
:1019B000446566496E7374723D25632C20496E76CA
:1019C0005374617465455350523D25632C20496E14
:1019D0007650433D25632C204E6F43503D25632CAC
:1019E00020556E416C69676E65643D25632C20440B
:1019F000697642795A65726F3D2563004275734678
:101A000061756C745374617475735265676973742E
:101A100065723A20616C6C3D3078252E32583B203F
:101A2000494275734572723D25632C20507265637F
:101A300069734572723D25632C20496D7072656330
:101A400069734572723D25632C20556E53746B4546
:101A500072723D25632C2053746B4572723D256371
:101A60002C204C73704572723D25632C20424641F8
:101A70005256616C69643D256300000042757346EF
:101A800061756C74416464726573735265676973E0
:101A90007465723A206661756C74206174203078C8
:101AA000252E386C580000004D656D4D616E6167E4
:101AB000654661756C7453746174757352656769BA
:101AC000737465723A20616C6C3D3078252E325803
:101AD0003B204941636356696F6C3D25632C20446C
:101AE00041636356696F6C3D25632C204D656D55D0
:101AF0006E53746B4572723D25632C204D656D539A
:101B0000746B4572723D25632C204D656D4C73706E
:101B10004572723D25632C204D4D415256616C69D2
:101B2000643D2563000000004D656D4D616E616789
:101B3000654661756C744164647265737352656760
:101B400069737465723A206661756C7420617420E3
:101B50003078252E386C5800436F6E666967757251
:101B600061626C654661756C74537461747573520F
:101B70006567697374657273434653523A20616CAA
:101B80006C3D3078252E386C583B20003B200000FF
:101B9000486172644661756C7453746174757352F4
:101BA000656769737465723A20616C6C3D307825A5
:101BB0002E386C583B20566563745461626C653DE9
:101BC00025632C20466F726365643D25632C204499
:101BD000656275674576743D25630000436F6E74DA
:101BE00065787453746174654672616D653A2072EC
:101BF000303D3078252E386C582C2072313D3078AD
:101C0000252E386C582C2072323D3078252E386CB9
:101C1000582C2072333D3078252E386C582C207289
:101C200031323D3078252E386C582C206C723D3086
:101C300078252E386C582C2070635F72657475722D
:101C40006E5F616464723D3078252E386C582C20AC
:101C5000787073723D3078252E386C580000000083
:101C60000A0000000A0A0A214275734661756C7405
:101C7000210A00005043205B5231355D203D202574
:101C8000780A00004C52205B5231345D203D202503
:101C9000780A00000A0A0A21557361676546617572
:101CA0006C74210A000000000A0A0A214D656D4D7E
:101CB000616E674661756C74210A0000FA050000C8
:101CC00001010100BEBAAD1BEDAD0F0A010001100C
:101CD000021003100410022002000320042005203B
:101CE000062003000400050006000600040028008A
:101CF000C0030130023003300430053006300E30AE
:101D0000014002400340044005400640087F1B0993
:101D1000FFFF7F000000780000001E0000000000B0
:101D2000FFFF87FF000080FF00000C00000078002C
:101D3000000102030405060700010203040506076B
:101D400008098B000102030405060708090A0B0CA9
:101D50000D0E0F101112131415161718191A1B1C3B
:101D60001D1E00005C000000640000006800000010
:101D70006C00000031353400623164376131386203
:101D800036643435373735633166636330633639EB
:101D900063313337393364636238613737393662D8
:101DA000000000000A0A4553432D46534D3A207661
:101DB00025732E6225733B204F6666736574206F12
:101DC0006620436F6E74726F6C52656769737465D9
:101DD000723A203078252E326C582C206578706548
:101DE000637465643A203078252E326C582E0000DA
:101DF0000A4F6666736574206F662046534D2D3E0C
:101E00004D6F6E69746F724164635370695472618F
:101E10006E73616374696F6E52656769737465721E
:101E20003A203078252E326C582C20657870656306
:101E30007465643A203078252E326C582E000101EA
:101E40000100000000202020202020202020282821
:101E5000282828202020202020202020202020206A
:101E600020202020208810101010101010101010AA
:101E700010101010100404040404040404040410DA
:101E80001010101010104141414141410101010168
:101E90000101010101010101010101010101010132
:101EA000101010101010424242424242020202023E
:101EB0000202020202020202020202020202020202
:101EC00010101010200000000000000000000000B2
:101ED0000000000000000000000000000000000002
:101EE00000000000000000000000000000000000F2
:101EF00000000000000000000000000000000000E2
:101F000000000000000000000000000000000000D1
:101F100000000000000000000000000000000000C1
:101F200000000000000000000000000000000000B1
:101F300000000000000000000000000000000000A1
:101F400000000000000000000A00000065256C642D
:101F500000000000494E4600696E66004E414E008A
:101F60006E616E0030313233343536373839616264
:101F70006364656600000000303132333435363733
:101F8000383941424344454600000000286E756CD4
:101F90006C290000300000002F000000504F534912
:101FA000580000004300000041534349490000002D
:101FB00049534F2D383835392D310000636A6B7322
:101FC000696E676C65000000636A6B6E6172726FA8
:101FD00077000000636A6B77696465005554462D8D
:101FE0003800000055544638000000004A495300AC
:101FF000455543004A5000004555434A50000000F3
:10200000534A49530000000049534F0038383539CE
:102010000000000049534F2D383835392D0000009D
:10202000435000004B4F493800000000435032300D
:10203000383636004350323138363600435031306E
:102040003300000047454F524749414E0000000011
:1020500050530000435031303100000050543135AE
:102060003400000043503130320000005449530026
:102070003632300043503837340000004C435F4163
:102080004C4C00004C414E47000000002E00000068
:102090004C435F434F4C4C41544500004C435F431D
:1020A00054595045000000004C435F4D4F4E45547D
:1020B000415259004C435F4E554D45524943000033
:1020C0004C435F54494D45004C435F4D455353418C
:1020D00047455300496E66696E69747900000000D7
:1020E0004E614E0042616C6C6F6320737563636573
:1020F00065646564000000002F5F5F772F61726D7B
:102100002D6E6F6E652D656162692D6763632D7835
:102110007061636B2F61726D2D6E6F6E652D6561E1
:1021200062692D6763632D787061636B2F627569D7
:102130006C642D6173736574732F6275696C642FA1
:102140006C696E75782D7836342F736F7572636590
:10215000732F6E65776C69622D63796777696E2F6F
:102160006E65776C69622F6C6962632F7374646C3F
:1021700069622F64746F612E630000002F5F5F77C8
:102180002F61726D2D6E6F6E652D656162692D67B1
:1021900063632D787061636B2F61726D2D6E6F6E4E
:1021A000652D656162692D6763632D787061636B6E
:1021B0002F6275696C642D6173736574732F62751A
:1021C000696C642F6C696E75782D7836342F736F57
:1021D00075726365732F6E65776C69622D637967BD
:1021E00077696E2F6E65776C69622F6C6962632FF9
:1021F0007374646C69622F6D707265632E63000086
:102200006E660000696E697479000000616E0000FE
:102210002C2066756E6374696F6E3A2000000000B2
:10222000617373657274696F6E2022257322206654
:1022300061696C65643A2066696C652022257322A9
:102240002C206C696E65202564257325730A0000B7
:102250002F5F5F772F61726D2D6E6F6E652D6561DB
:1022600062692D6763632D787061636B2F61726D96
:102270002D6E6F6E652D656162692D6763632D78C4
:102280007061636B2F6275696C642D617373657423
:10229000732F6275696C642F6C696E75782D783652
:1022A000342F736F75726365732F6E65776C696217
:1022B0002D63796777696E2F6E65776C69622F6C15
:1022C0006962632F7374646C69622F6764746F61F1
:1022D0002D6765746865782E630000000A000100B0
:1022E00002000300040005000600070008000900C2
:1022F0000A000B000C000D000E000F001000000083
:1023000030303030303030303030303030303030CD
:1023100020202020202020202020202020202020BD
:10232000430000000000000000000000000000006A
:10233000000000000000000000000000000000009D
:10234000430000000000000000000000000000004A
:10235000000000000000000000000000000000007D
:10236000430000000000000000000000000000002A
:10237000000000000000000000000000000000005D
:10238000430000000000000000000000000000000A
:10239000000000000000000000000000000000003D
:1023A00043000000000000000000000000000000EA
:1023B000000000000000000000000000000000001D
:1023C00043000000000000000000000000000000CA
:1023D00000000000000000000000000000000000FD
:1023E00043000000000000000000000000000000AA
:1023F00000000000000000000000000000000000DD
:10240000AD5E01001938010000000000441E02000A
:102410008C2002001C2202001C2202001C2202004E
:102420001C2202001C2202001C2202001C220200AC
:102430001C2202001C220200FFFFFFFFFFFFFFFF24
:10244000FFFFFFFFFFFF0000010041534349490028
:10245000000000000000000000000000000000007C
:102460000000000000000000000041534349490003
:10247000000000000000000000000000000000005C
:102480000000000000000000000000007C200200AE
:10249000902002009C200200A8200200B42002002C
:1024A000C0200200C8200200040000000000050057
:1024B0000004010101010106010600040000000002
:1024C00000000000000004040000000006020202F8
:1024D00002020602060606040606060606060606AA
:1024E00006060303060606000000000000000000C8
:1024F00002000000000000000005040404040407BA
:1025000004070003000000000000000000000101BB
:10251000000000000701010101010701070707068C
:102520000707070707070707070700000707070050
:10253000000000000000000005000000190000007D
:102540007D00000000000000BC89D897B2D29C3CFE
:1025500033A7A8D523F649393DA7F444FD0FA5328A
:102560009D978CCF08BA5B25436FAC642806C80AD8
:102570000080E03779C34143176E05B5B5B893467F
:10258000F5F93FE9034F384D321D30F94877825A4B
:102590003CBF737FDD4F1575000000000000F03F69
:1025A000000000000000244000000000000059402E
:1025B0000000000000408F40000000000088C34081
:1025C00000000000006AF8400000000080842E41F6
:1025D00000000000D01263410000000084D7974142
:1025E0000000000065CDCD41000000205FA0024248
:1025F000000000E876483742000000A2941A6D42BD
:10260000000040E59C30A2420000901EC4BCD642AF
:1026100000003426F56B0C430080E03779C341435A
:1026200000A0D8855734764300C84E676DC1AB43D0
:10263000003D9160E458E143408CB5781DAF1544EE
:1026400050EFE2D6E41A4B4492D54D06CFF08044C9
:10265000F64AE1C7022DB544B49DD9794378EA44DE
:1026600034000000CEFBFFFFCB03000001000000A0
:102670000000000035000000CEFBFFFFCB03000090
:102680000100000000000000BC89D897B2D29C3C39
:1026900033A7A8D523F649393DA7F444FD0FA53249
:1026A0009D978CCF08BA5B25436FAC6428066811F0
:1026B0000C5F104E154E2A4E314E364E3C4E3F4E5C
:1026C000424E564E584E824E854E6B8C8A4E12822A
:1026D0000D5F8E4E9E4E9F4EA04EA24EB04EB34EFC
:1026E000B64ECE4ECD4EC44EC64EC24ED74EDE4E28
:1026F000ED4EDF4EF74E094F5A4F304F5B4F5D4F57
:10270000574F474F764F884F8F4F984F7B4F694FAA
:10271000704F914F6F4F864F964F1851D44FDF4FE8
:10272000CE4FD84FDB4FD14FDA4FD04FE44FE54F6C
:102730001A50285014502A50255005501C4FF64F5F
:10274000215029502C50FE4FEF4F1150065043504E
:10275000475003675550505048505A5056506C508F
:10276000785080509A508550B450B250C950CA50D9
:10277000B350C250D650DE50E550ED50E350EE500D
:10278000F950F5500951015102511651155114518A
:102790001A5121513A5137513C513B513F5140510F
:1027A00052514C5154516251F87A69516A516E51EB
:1027B00080518251D8568C5189518F5191519351EA
:1027C00095519651A451A651A251A951AA51AB516C
:1027D000B351B151B251B051B551BD51C551C951AB
:1027E000DB51E0515586E951ED51F051F551FE5163
:1027F00004520B5214520E5227522A522E52335266
:1028000039524F5244524B524C525E5254526A52B9
:102810007452695273527F527D528D529452925229
:10282000715288529152A88FA78FAC52AD52BC52B0
:10283000B552C152CD52D752DE52E352E652ED9814
:10284000E052F352F552F852F952065308533875D4
:102850000D5310530F5315531A5323532F53315302
:1028600033533853405346534553174E49534D53F2
:10287000D6515E5369536E5318597B537753825325
:102880009653A053A653A553AE53B053B653C35358
:10289000127CD996DF53FC66EE71EE53E853ED538C
:1028A000FA5301543D5440542C542D543C542E544E
:1028B000365429541D544E548F5475548E545F54BD
:1028C00071547754705492547B5480547654845489
:1028D00090548654C754A254B854A554AC54C4540C
:1028E000C854A854AB54C254A454BE54BC54D85475
:1028F000E554E6540F551455FD54EE54ED54FA5476
:10290000E2543955405563554C552E555C55455547
:1029100056555755385533555D5599558055AF54D3
:102920008A559F557B557E5598559E55AE557C557D
:102930008355A9558755A855DA55C555DF55C45552
:10294000DC55E455D4551456F7551656FE55FD552D
:102950001B56F9554E565056DF7134563656325680
:1029600038566B5664562F566C566A5686568056A5
:102970008A56A05694568F56A556AE56B656B4569D
:10298000C256BC56C156C356C056C856CE56D1566E
:10299000D356D756EE56F9560057FF5604570957E7
:1029A00008570B570D57135718571657C7551C572D
:1029B0002657375738574E573B5740574F57695749
:1029C000C057885761577F5789579357A057B357B8
:1029D000A457AA57B057C357C657D457D257D3573F
:1029E0000A58D657E3570B5819581D587258215892
:1029F00062584B587058C06B52583D58795885589A
:102A0000B9589F58AB58BA58DE58BB58B858AE584A
:102A1000C558D358D158D758D958D858E558DC5844
:102A2000E458DF58EF58FA58F958FB58FC58FD584D
:102A300002590A5910591B59A66825592C592D5964
:102A4000325938593E59D27A555950594E595A59D6
:102A500058596259605967596C596959785981595F
:102A60009D595E4FAB4FA359B259C659E859DC592D
:102A70008D59D959DA59255A1F5A115A1C5A095ACF
:102A80001A5A405A6C5A495A355A365A625A6A5A30
:102A90009A5ABC5ABE5ACB5AC25ABD5AE35AD75A4E
:102AA000E65AE95AD65AFA5AFB5A0C5B0B5B165B8C
:102AB000325BD05A2A5B365B3E5B435B455B405BD7
:102AC000515B555B5A5B5B5B655B695B705B735B22
:102AD000755B785B88657A5B805B835BA65BB85BC4
:102AE000C35BC75BC95BD45BD05BE45BE65BE25B6B
:102AF000DE5BE55BEB5BF05BF65BF35B055C075C69
:102B0000085C0D5C135C205C225C285C385C395CE2
:102B1000415C465C4E5C535C505C4F5C715B6C5C32
:102B20006E5C624E765C795C8C5C915C945C9B59CB
:102B3000AB5CBB5CB65CBC5CB75CC55CBE5CC75CDC
:102B4000D95CE95CFD5CFA5CED5C8C5DEA5C0B5D7C
:102B5000155D175D5C5D1F5D1B5D115D145D225D84
:102B60001A5D195D185D4C5D525D4E5D4B5D6C5D8F
:102B7000735D765D875D845D825DA25D9D5DAC5D0C
:102B8000AE5DBD5D905DB75DBC5DC95DCD5DD35D86
:102B9000D25DD65DDB5DEB5DF25DF55D0B5E1A5ED1
:102BA000195E115E1B5E365E375E445E435E405EBC
:102BB0004E5E575E545E5F5E625E645E475E755E4B
:102BC000765E7A5EBC9E7F5EA05EC15EC25EC85EBF
:102BD000D05ECF5ED65EE35EDD5EDA5EDB5EE25E39
:102BE000E15EE85EE95EEC5EF15EF35EF05EF45E8F
:102BF000F85EFE5E035F095F5D5F5C5F0B5F115F08
:102C0000165F295F2D5F385F415F485F4C5F4E5F05
:102C10002F5F515F565F575F595F615F6D5F735FF5
:102C2000775F835F825F7F5F8A5F885F915F875F87
:102C30009E5F995F985FA05FA85FAD5FBC5FD65F46
:102C4000FB5FE45FF85FF15FDD5FB360FF5F216012
:102C500060601960106029600E6031601B60156053
:102C60002B6026600F603A605A6041606A6077604E
:102C70005F604A6046604D606360436064604260CC
:102C80006C606B60596081608D60E76083609A6002
:102C900084609B60966097609260A7608B60E16043
:102CA000B860E060D360B460F05FBD60C660B560DE
:102CB000D8604D6115610661F660F7600061F460EF
:102CC000FA6003612161FB60F1600D610E61476193
:102CD0003E61286127614A613F613C612C6134613A
:102CE0003D614261446173617761586159615A6124
:102CF0006B6174616F61656171615F615D61536199
:102D00007561996196618761AC6194619A618A612C
:102D10009161AB61AE61CC61CA61C961F761C861A3
:102D2000C361C661BA61CB61797FCD61E661E36160
:102D3000F661FA61F461FF61FD61FC61FE610062B0
:102D4000086209620D620C6214621B621E622162DB
:102D50002A622E6230623262336241624E625E6289
:102D600063625B62606268627C62826289627E62C8
:102D7000926293629662D46283629462D762D162F5
:102D8000BB62CF62FF62C662D464C862DC62CC629E
:102D9000CA62C262C7629B62C9620C63EE62F16280
:102DA000276302630863EF62F56250633E634D631D
:102DB0001C644F6396638E638063AB637663A36327
:102DC0008F6389639F63B5636B636963BE63E96304
:102DD000C063C663E363C963D263F663C463166406
:102DE000346406641364266436641D6517642864BD
:102DF0000F6467646F6476644E642A6595649364B7
:102E0000A564A9648864BC64DA64D264C564C764D8
:102E1000BB64D864C264F164E7640982E064E1647D
:102E2000AC62E364EF642C65F664F464F264FA6403
:102E30000065FD6418651C650565246523652B65C3
:102E4000346535653765366538654B754865566553
:102E500055654D6558655E655D6572657865826529
:102E600083658A8B9B659F65AB65B765C365C665E2
:102E7000C165C465CC65D265DB65D965E065E16592
:102E8000F16572670A660366FB65736735663666C9
:102E900034661C664F664466496641665E665D66DA
:102EA0006466676668665F66626670668366886683
:102EB0008E668966846698669D66C166B966C966CF
:102EC000BE66BC66C466B866D666DA66E0663F660D
:102ED000E666E966F066F566F7660F6716671E67D1
:102EE0002667276738972E673F67366741673867D9
:102EF000376746675E6760675967636764678967B6
:102F00007067A9677C676A678C678B67A667A1672C
:102F10008567B767EF67B467EC67B367E967B8675A
:102F2000E467DE67DD67E267EE67B967CE67C667AD
:102F3000E7679C6A1E684668296840684D68326881
:102F40004E68B3682B685968636877687F689F68C4
:102F50008F68AD6894689D689B688368AE6AB9683D
:102F60007468B568A068BA680F698D687E68016981
:102F7000CA680869D86822692669E1680C69CD6861
:102F8000D468E768D568366912690469D768E36868
:102F90002569F968E068EF6828692A691A69236970
:102FA0002169C668796977695C6978696B69546970
:102FB0007E696E69396974693D6959693069616909
:102FC0005E695D6981696A69B269AE69D069BF6924
:102FD000C169D369BE69CE69E85BCA69DD69BB694D
:102FE000C369A7692E6A9169A0699C699569B469EA
:102FF000DE69E869026A1B6AFF690A6BF969F269AE
:10300000E769056AB1691E6AED69146AEB690A6AC3
:10301000126AC16A236A136A446A0C6A726A366A5F
:10302000786A476A626A596A666A486A386A226ACE
:10303000906A8D6AA06A846AA26AA36A976A1786F0
:10304000BB6AC36AC26AB86AB36AAC6ADE6AD16A2A
:10305000DF6AAA6ADA6AEA6AFB6A056B1686FA6AA6
:10306000126B166B319B1F6B386B376BDC76396BD1
:10307000EE98476B436B496B506B596B546B5B6BB2
:103080005F6B616B786B796B7F6B806B846B836B31
:103090008D6B986B956B9E6BA46BAA6BAB6BAF6BD8
:1030A000B26BB16BB36BB76BBC6BC66BCB6BD36BDB
:1030B000DF6BEC6BEB6BF36BEF6BBE9E086C136C12
:1030C000146C1B6C246C236C5E6C556C626C6A6CAB
:1030D000826C8D6C9A6C816C9B6C7E6C686C736C72
:1030E000926C906CC46CF16CD36CBD6CD76CC56C7D
:1030F000DD6CAE6CB16CBE6CBA6CDB6CEF6CD96C19
:10310000EA6C1F6D4D88366D2B6D3D6D386D196DF8
:10311000356D336D126D0C6D636D936D646D5A6D0D
:10312000796D596D8E6D956DE46F856DF96D156EC8
:103130000A6EB56DC76DE66DB86DC66DEC6DDE6D72
:10314000CC6DE86DD26DC56DFA6DD96DE46DD56D40
:10315000EA6DEE6D2D6E6E6E2E6E196E726E5F6E76
:103160003E6E236E6B6E2B6E766E4D6E1F6E436ED3
:103170003A6E4E6E246EFF6E1D6E386E826EAA6EB3
:10318000986EC96EB76ED36EBD6EAF6EC46EB26E02
:10319000D46ED56E8F6EA56EC26E9F6E416F116F2D
:1031A0004C70EC6EF86EFE6E3F6FF26E316FEF6E2C
:1031B000326FCC6E3E6F136FF76E866F7A6F786FDB
:1031C000816F806F6F6F5B6FF36F6D6F826F7C6F5E
:1031D000586F8E6F916FC26F666FB36FA36FA16FE1
:1031E000A46FB96FC66FAA6FDF6FD56FEC6FD46F26
:1031F000D86FF16FEE6FDB6F09700B70FA6F1170A3
:1032000001700F70FE6F1B701A70746F1D70187054
:103210001F7030703E703270517063709970927090
:10322000AF70F170AC70B870B370AE70DF70CB700F
:10323000DD70D9700971FD701C711971657155715E
:103240008871667162714C7156716C718F71FB710E
:1032500084719571A871AC71D771B971BE71D27159
:10326000C971D471CE71E071EC71E771F571FC71C7
:10327000F971FF710D7210721B7228722D722C720F
:10328000307232723B723C723F72407246724B72C5
:10329000587274727E7282728172877292729672A2
:1032A000A272A772B972B272C372C672C472CE72BF
:1032B000D272E272E072E172F972F7720F50177314
:1032C0000A731C7316731D7334732F73297325735C
:1032D0003E734E734F73D89E57736A7368737073DF
:1032E000787375737B737A73C873B373CE73BB7360
:1032F000C073E573EE73DE73A27405746F74257486
:10330000F87332743A7455743F745F74597441742D
:103310005C746974707463746A7476747E748B748C
:103320009E74A774CA74CF74D474F173E074E37498
:10333000E774E974EE74F274F074F174F874F7746D
:103340000475037505750C750E750D75157513757A
:103350001E7526752C753C7544754D754A754975F5
:103360005B7546755A756975647567756B756D75AE
:10337000787576758675877574758A7589758275A1
:1033800094759A759D75A575A375C275B375C3754A
:10339000B575BD75B875BC75B175CD75CA75D27585
:1033A000D975E375DE75FE75FF75FC750176F075F0
:1033B000FA75F275F3750B760D7609761F7627761A
:1033C0002076217622762476347630763B764776E0
:1033D000487646765C765876617662766876697667
:1033E0006A7667766C7670767276767678767C76A4
:1033F0008076837688768B768E76967693769976B7
:103400009A76B076B476B876B976BA76C276CD7654
:10341000D676D276DE76E176E576E776EA762F86A0
:10342000FB76087707770477297724771E77257747
:1034300026771B773777387747775A7768776B77B0
:103440005B7765777F777E7779778E778B779177E4
:10345000A0779E77B077B677B977BF77BC77BD771F
:10346000BB77C777CD77D777DA77DC77E377EE77F7
:10347000FC770C781278267920782A7945788E782E
:10348000747886787C789A788C78A378B578AA78DE
:10349000AF78D178C678CB78D478BE78BC78C57848
:1034A000CA78EC78E778DA78FD78F47807791279D9
:1034B000117919792C792B794079607957795F796D
:1034C0005A79557953797A797F798A799D79A7796B
:1034D0004B9FAA79AE79B379B979BA79C979D57997
:1034E000E779EC79E179E379087A0D7A187A197A33
:1034F000207A1F7A8079317A3B7A3E7A377A437A1A
:10350000577A497A617A627A697A9D9F707A797A74
:103510007D7A887A977A957A987A967AA97AC87A0B
:10352000B07AB67AC57AC47ABF7A8390C77ACA7AF3
:10353000CD7ACF7AD57AD37AD97ADA7ADD7AE17A06
:10354000E27AE67AED7AF07A027B0F7B0A7B067BE1
:10355000337B187B197B1E7B357B287B367B507B2E
:103560007A7B047B4D7B0B7B4C7B457B757B657B42
:10357000747B677B707B717B6C7B6E7B9D7B987BA8
:103580009F7B8D7B9C7B9A7B8B7B927B8F7B5D7BF8
:10359000997BCB7BC17BCC7BCF7BB47BC67BDD7B3C
:1035A000E97B117C147CE67BE57B607C007C077CFE
:1035B000137CF37BF77B177C0D7CF67B237C277CCD
:1035C0002A7C1F7C377C2B7C3D7C4C7C437C547C50
:1035D0004F7C407C507C587C5F7C647C567C657C56
:1035E0006C7C757C837C907CA47CAD7CA27CAB7C69
:1035F000A17CA87CB37CB27CB17CAE7CB97CBD7C68
:10360000C07CC57CC27CD87CD27CDC7CE27C3B9BD1
:10361000EF7CF27CF47CF67CFA7C067D027D1C7DDE
:10362000157D0A7D457D4B7D2E7D327D3F7D357D2F
:10363000467D737D567D4E7D727D687D6E7D4F7DAE
:10364000637D937D897D5B7D8F7D7D7D9B7DBA7D57
:10365000AE7DA37DB57DC77DBD7DAB7D3D7EA27D6D
:10366000AF7DDC7DB87D9F7DB07DD87DDD7DE47D47
:10367000DE7DFB7DF27DE17D057E0A7E237E217E5F
:10368000127E317E1F7E097E0B7E227E467E667E06
:103690003B7E357E397E437E377E327E3A7E677E44
:1036A0005D7E567E5E7E597E5A7E797E6A7E697E1A
:1036B0007C7E7B7E837ED57D7D7EAE8F7F7E887E89
:1036C000897E8C7E927E907E937E947E967E8E7E88
:1036D0009B7E9C7E387F3A7F457F4C7F4D7F4E7F1F
:1036E000507F517F557F547F587F5F7F607F687F19
:1036F000697F677F787F827F867F837F887F877FF0
:103700008C7F947F9E7F9D7F9A7FA37FAF7FB27FC8
:10371000B97FAE7FB67FB87F718BC57FC67FCA7F0A
:10372000D57FD47FE17FE67FE97FF37FF97FDC9867
:10373000068004800B801280188019801C802180F4
:1037400028803F803B804A804680528058805A8043
:103750005F806280688073807280708076807980FC
:103760007D807F808480868085809B8093809A8006
:10377000AD809051AC80DB80E580D980DD80C48055
:10378000DA80D6800981EF80F1801B812981238135
:103790002F814B818B9646813E8153815181FC80E4
:1037A00071816E81658166817481838188818A815E
:1037B00080818281A0819581A481A3815F81938191
:1037C000A981B081B581BE81B881BD81C081C2812E
:1037D000BA81C981CD81D181D981D881C881DA816D
:1037E000DF81E081E781FA81FB81FE810182028233
:1037F000058207820A820D821082168229822B821C
:10380000388233824082598258825D825A825F8236
:103810006482628268826A826B822E82718277827F
:1038200078827E828D829282AB829F82BB82AC82C2
:10383000E182E382DF82D282F482F382FA8293838E
:103840000383FB82F982DE820683DC820983D982CC
:1038500035833483168332833183408339835083A5
:1038600045832F832B831783188385839A83AA83A9
:103870009F83A283968323838E8387838A837C831B
:10388000B58373837583A0838983A883F4831384AA
:10389000EB83CE83FD830384D8830B84C183F783BA
:1038A0000784E083F2830D8422842084BD833884DE
:1038B0000685FB836D842A843C845A8584847784BE
:1038C0006B84AD846E848284698446842C846F8486
:1038D00079843584CA846284B984BF849F84D984FE
:1038E000CD84BB84DA84D084C184C684D684A18488
:1038F0002185FF84F484178518852C851F851585FF
:103900001485FC84408563855885488541850286F9
:103910004B8555858085A485888591858A85A88570
:103920006D8594859B85EA8587859C8577857E85D1
:103930009085C985BA85CF85B985D085D585DD8542
:10394000E585DC85F9850A8613860B86FE85FA8572
:10395000068622861A8630863F864D86554E5486C8
:103960005F86678671869386A386A986AA868B86DC
:103970008C86B686AF86C486C686B086C9862388FE
:10398000AB86D486DE86E986EC86DF86DB86EF862C
:1039900012870687088700870387FB8611870987B8
:1039A0000D87F9860A8734873F8737873B872587C6
:1039B00029871A8760875F8778874C874E87748747
:1039C000578768876E875987538763876A87058813
:1039D000A2879F878287AF87CB87BD87C087D08725
:1039E000D696AB87C487B387C787C687BB87EF8761
:1039F000F287E0870F880D88FE87F687F7870E88A5
:103A0000D2871188168815882288218831883688BF
:103A1000398827883B8844884288528859885E883C
:103A200062886B8881887E889E8875887D88B58845
:103A30007288828897889288AE889988A2888D88B3
:103A4000A488B088BF88B188C388C488D488D8883F
:103A5000D988DD88F9880289FC88F488E888F288AA
:103A600004890C890A89138943891E8925892A8931
:103A70002B89418944893B89368938894C891D893C
:103A800060895E89668964896D896A896F897489AC
:103A900077897E89838988898A8993899889A18988
:103AA000A989A689AC89AF89B289BA89BD89BF893C
:103AB000C089DA89DC89DD89E789F489F889038A94
:103AC000168A108A0C8A1B8A1D8A258A368A418AA0
:103AD0005B8A528A468A488A7C8A6D8A6C8A628AA4
:103AE000858A828A848AA88AA18A918AA58AA68AD6
:103AF0009A8AA38AC48ACD8AC28ADA8AEB8AF38A2E
:103B0000E78AE48AF18A148BE08AE28AF78ADE8AFD
:103B1000DB8A0C8B078B1A8BE18A168B108B178B29
:103B2000208B338BAB97268B2B8B3E8B288B418B3B
:103B30004C8B4F8B4E8B498B568B5B8B5A8B6B8B85
:103B40005F8B6C8B6F8B748B7D8B808B8C8B8E8B58
:103B5000928B938B968B998B9A8B3A8C418C3F8C62
:103B6000488C4C8C4E8C508C558C628C6C8C788C28
:103B70007A8C828C898C858C8A8C8D8C8E8C948CA2
:103B80007C8C988C1D62AD8CAA8CBD8CB28CB38C55
:103B9000AE8CB68CC88CC18CE48CE38CDA8CFD8C3A
:103BA000FA8CFB8C048D058D0A8D078D0F8D0D8D84
:103BB000108D4E9F138DCD8C148D168D678D6D8D50
:103BC000718D738D818D998DC28DBE8DBA8DCF8D86
:103BD000DA8DD68DCC8DDB8DCB8DEA8DEB8DDF8DA7
:103BE000E38DFC8D088E098EFF8D1D8E1E8E108E2E
:103BF0001F8E428E358E308E348E4A8E478E498E81
:103C00004C8E508E488E598E648E608E2A8E638EB6
:103C1000558E768E728E7C8E818E878E858E848E6A
:103C20008B8E8A8E938E918E948E998EAA8EA18E73
:103C3000AC8EB08EC68EB18EBE8EC58EC88ECB8E2B
:103C4000DB8EE38EFC8EFB8EEB8EFE8E0A8F058F55
:103C5000158F128F198F138F1C8F1F8F1B8F0C8F37
:103C6000268F338F3B8F398F458F428F3E8F4C8FFE
:103C7000498F468F4E8F578F5C8F628F638F648F13
:103C80009C8F9F8FA38FAD8FAF8FB78FDA8FE58F0C
:103C9000E28FEA8FEF8F8790F48F0590F98FFA8F7C
:103CA0001190159021900D901E9016900B902790DA
:103CB000369035903990F88F4F90509051905290A7
:103CC0000E9049903E90569058905E9068906F90FC
:103CD0007690A896729082907D90819080908A9044
:103CE00089908F90A890AF90B190B590E290E490B9
:103CF0004862DB90029112911991329130914A9170
:103D000056915891639165916991739172918B91DC
:103D100089918291A291AB91AF91AA91B591B49101
:103D2000BA91C091C191C991CB91D091D691DF91B7
:103D3000E191DB91FC91F591F6911E92FF91149225
:103D40002C92159211925E925792459249926492EA
:103D5000489295923F924B9250929C929692939257
:103D60009B925A92CF92B992B792E9920F93FA929C
:103D700044932E93199322931A9323933A93359352
:103D80003B935C9360937C936E935693B093AC9308
:103D9000AD939493B993D693D793E893E593D8933F
:103DA000C393DD93D093C893E4931A94149413941B
:103DB00003940794109436942B94359421943A9458
:103DC0004194529444945B94609462945E946A9497
:103DD00029927094759477947D945A947C947E94EF
:103DE00081947F94829587958A95949596959895D8
:103DF0009995A095A895A795AD95BC95BB95B995B6
:103E0000BE95CA95F66FC395CD95CC95D595D495AD
:103E1000D695DC95E195E595E295219628962E9626
:103E20002F9642964C964F964B9677965C965E965A
:103E30005D965F96669672966C968D969896959618
:103E40009796AA96A796B196B296B096B496B6965D
:103E5000B896B996CE96CB96C996CD964D89DC96F6
:103E60000D97D596F99604970697089713970E978E
:103E700011970F971697199724972A973097399784
:103E80003D973E97449746974897429749975C9746
:103E90006097649766976897D2526B9771977997F6
:103EA00085977C9781977A9786978B978F9790972E
:103EB0009C97A897A697A397B397B497C397C697CD
:103EC000C897CB97DC97ED974F9FF297DF7AF697DD
:103ED000F5970F980C9838982498219837983D9822
:103EE00046984F984B986B986F9870987198749803
:103EF0007398AA98AF98B198B698C498C398C69882
:103F0000E998EB98039909991299149918992199AC
:103F10001D991E99249920992C992E993D993E9985
:103F200042994999459950994B99519952994C996F
:103F3000559997999899A599AD99AE99BC99DF999A
:103F4000DB99DD99D899D199ED99EE99F199F2998A
:103F5000FB99F899019A0F9A059AE299199A2B9A66
:103F6000379A459A429A409A439A3E9A559A4D9A60
:103F70005B9A579A5F9A629A659A649A699A6B9A61
:103F80006A9AAD9AB09ABC9AC09ACF9AD19AD39AAB
:103F9000D49ADE9ADF9AE29AE39AE69AEF9AEB9A3B
:103FA000EE9AF49AF19AF79AFB9A069B189B1A9B41
:103FB0001F9B229B239B259B279B289B299B2A9BFE
:103FC0002E9B2F9B329B449B439B4F9B4D9B4E9B19
:103FD000519B589B749B939B839B919B969B979B18
:103FE0009F9BA09BA89BB49BC09BCA9BB99BC69B55
:103FF000CF9BD19BD29BE39BE29BE49BD49BE19B19
:104000003A9CF29BF19BF09B159C149C099C139C81
:104010000C9C069C089C129C0A9C049C2E9C1B9C3D
:10402000259C249C219C309C479C329C469C3E9C19
:104030005A9C609C679C769C789CE79CEC9CF09CCE
:10404000099D089DEB9C039D069D2A9D269DAF9D85
:10405000239D1F9D449D159D129D419D3F9D3E9D0D
:10406000469D489D5D9D5E9D649D519D509D599DC1
:10407000729D899D879DAB9D6F9D7A9D9A9DA49D04
:10408000A99DB29DC49DC19DBB9DB89DBA9DC69D75
:10409000CF9DC29DD99DD39DF89DE69DED9DEF9D41
:1040A000FD9D1A9E1B9E1E9E759E799E7D9E819EE5
:1040B000889E8B9E8C9E929E959E919E9D9EA59E77
:1040C000A99EB89EAA9EAD9E6197CC9ECE9ECF9E85
:1040D000D09ED49EDC9EDE9EDD9EE09EE59EE89E08
:1040E000EF9EF49EF69EF79EF99EFB9EFC9EFD9E23
:1040F000079F089FB776159F219F2C9F3E9F4A9F41
:10410000529F549F639F5F9F609F619F669F679FC1
:104110006C9F6A9F779F729F769F959F9C9FA09FA1
:104120002F58C76959906474DC5199719C4E16558B
:10413000035A3F96C0541B612863F6592290758438
:104140001C83507AAA60E163256EED656684A682C1
:10415000F59B93682757A16571629B5BD0597B865D
:10416000F498627DBE7D8E9B16629F7CB788895BCA
:10417000B55E096397664868C7958D974F67E54EAA
:104180000A4F4D4F9D4F4950F2563759D459015A55
:10419000095CDF600F61706113660569BA704F7565
:1041A0007075FB79AD7DEF7DC3800E846388028BD3
:1041B00055907A903B53954EA54EDF57B280C190F3
:1041C000EF78004EF158A26E3890327A28838B82B5
:1041D0002F9C41517053BD54E154E056FB59155F7B
:1041E000F298EB6DE4802D8562967096A096FB9711
:1041F0000B54F353875BCF70BD7FC28FE8966F532C
:104200005C9DBA7A114E9378FC81266E185604553F
:104210001D6B1A853B9CE559A953666DDC748F951F
:104220004256914E4B90F2964F830C99E153B655FE
:10423000305B715F2066F3660468386CF36C296D3F
:104240005B74C8764E7A3498F1825B88608AED920E
:10425000B26DAB75CA76C599A660018B8A8DB29591
:104260008E69AD538651125730584459B45BF65E8F
:104270002860A963F463BF6C146F8E701471597158
:10428000D5713F73017E7682D182978560905B9273
:104290001B9D6958BC655A6C2575F9512E59655995
:1042A000805FDC5FBC62FA652A6A276BB46B8B7334
:1042B000C17F56892C9D0E9DC49EA15C966C7B830C
:1042C00004514B5CB661C68176686172594EFA4FF3
:1042D00078536960296E4F7AF3970B4E1653EE4E62
:1042E000554F3D4FA14F734FA052EF5309560F59F1
:1042F000C15AB65BE15BD17987669C67B6674C6B48
:10430000B36C6B70C2738D79BE793C7A877BB18256
:10431000DB8204837783EF83D3836687B28A29564F
:10432000A88CE68F4E901E978A86C44FE85C116277
:1043300059723B75E581BD82FE86C08CC596139986
:10434000D599CB4E1A4FE389DE564A58CA58FB5EC0
:10435000EB5F2A6094606260D0611262D06239655E
:10436000419B6666B068776D70704C758676757D1A
:10437000A582F9878B958E969D8CF151BE52165968
:10438000B354B35B165D68618269AF6D8D78CB8481
:104390005788728AA793B89A6C6DA899D986A35743
:1043A000FF67CE860E92835287560454D35EE16235
:1043B000B9643C683868BB6B7273BA786B7A9A8957
:1043C000D2896B8D038FED90A39594966997665B68
:1043D000B35C7D694D984E989B63207B2B6A7F6A06
:1043E000B6680D9C5F6F72529D557060EC623B6DBC
:1043F000076ED16E5B841089448F144E399CF6533E
:104400001B693A6A84972A685C51C37AB284DC914A
:104410008C935B56289D226805833184A57C0852C5
:10442000C582E6747E4E834FA051D25B0A52D852A9
:10443000E752FB5D9A552A58E6598C5B985BDB5B2B
:10444000725E795EA3601F616361BE61DB6362655A
:10445000D1675368FA683E6B536B576C226F976F46
:10446000456FB0741875E3760B77FF7AA17B217CDA
:10447000E97D367FF07F9D8066829E83B389CC8AFA
:10448000AB8C8490519493959195A2956596D39712
:1044900028991882384E2B54B85CCC5DA9734C76A1
:1044A0003C77A95CEB7F0B8DC19611985498589876
:1044B000014F0E4F71539C556856FA574759095B87
:1044C000C45B905C0C5E7E5ECC5FEE633A67D76542
:1044D000E2651F67CB68C4685F6A305EC56B176CA6
:1044E0007D6C7F754879635B007A007DBD5F8F8945
:1044F000188AB48C778DCC8E1D8FE2980E9A3C9BD7
:10450000804E7D50005193599C5B2F628062EC6419
:104510003A6BA07291754779A97FFB87BC8A708B33
:10452000AC63CA83A09709540354AB555468586AC6
:10453000708A27787567CD9E7453A25B1A81508666
:104540000690184E454EC74E114FCA533854AE5BB5
:10455000135F256051653D67426C726CE36C787047
:104560000374767AAE7A087B1A7DFE7C667DE765F9
:104570005B72BB53455CE85DD262E0621963206EFA
:104580005A86318ADD8DF892016FA6795A9BA84E22
:10459000AB4EAC4E9B4FA04FD1504751F67A715164
:1045A000F651545321537F53EB53AC558358E15C80
:1045B000375F4A5F2F6050606D601F6359654B6ABB
:1045C000C16CC272ED72EF77F880058108824E856A
:1045D000F790E193FF9757995A9AF04EDD512D5C71
:1045E00081666D69405CF266756989735068817C8B
:1045F000C550E4524757FE5D2693A465236B3D6B7F
:1046000034748179BD794B7BCA7DB982CC837F8834
:104610005F89398BD18FD1911F5480925D4E365076
:10462000E5533A53D7729673E977E682AF8EC6990F
:10463000C899D29977511A615E86B0557A7A7650C8
:10464000D35B47908596324EDB6AE791515C485CBC
:1046500098639F7A936C7497618FAA7A8A7188960F
:10466000827C1768707E51686C93F2521B54AB8544
:10467000138AA47FCD8EE190665388884179C24F1A
:10468000BE501152445153552D57EA738B5751590F
:10469000625F845F756076616761A961B2633A6445
:1046A0006C656F664268136E66753D7AFB7C4C7D67
:1046B000997D4B7E6B7F0E834A83CD86088A638A01
:1046C000668BFD8E1A988F9DB882CE8FE89B87529D
:1046D0001F628364C06F999641689150206B7A6C19
:1046E000546F747A507D4088238A0867F64E39509B
:1046F000265065507C5138526352A7550F570558C4
:10470000CC5AFA5EB261F861F36272631C69296A7D
:104710007D72AC722E7314786F78797D0C77A980D6
:104720008B89198BE28CD28E639075937A9655980B
:10473000139A789E43519F53B3537B5E265F1B6E43
:10474000906E8473FE73437D3782008AFA8A509696
:104750004E4E0B50E4537C54FA56D159645BF15DD4
:10476000AB5E275F38624565AF67566ED072CA7C14
:10477000B488A180E180F0834E86878AE88D3792E5
:10478000C7966798139F944E924E0D4F48534954C5
:104790003E542F5A8C5FA15F9F60A7688E6A5A743F
:1047A00081789E8AA48A778B90915E4EC99BA44E95
:1047B0007C4FAF4F1950165049516C519F52B9520E
:1047C000FE529A53E35311540E5489555157A25730
:1047D0007D59545B5D5B8F5BE55DE75DF75D785E02
:1047E000835E9A5EB75E185F52604C619762D862D2
:1047F000A7633B6502664366F4666D672168976848
:10480000CB695F6C2A6D696D2F6E9D6E32758776F0
:104810006C783F7AE07C057D187D5E7DB17D1580EA
:104820000380AF80B18054818F812A8252834C886B
:1048300061881B8BA28CFC8CCA90759171923F7819
:10484000FC92A4954D9605989999D89A3B9D5B52F8
:10485000AB52F7530854D558F762E06F6A8C5F8FFC
:10486000B99E4B513B524A54FD56407A7791609D18
:10487000D29E4473096F70811175FD5FDA60A89A4A
:10488000DB72BC8F646B0398CA4EF0566457BE58F7
:104890005A5A6860C7610F6606663968B168F76D75
:1048A000D5753A7D6E82429B9B4E504FC95306553B
:1048B0006F5DE65DEE5DFB67996C73740278508AFC
:1048C0009693DF885057A75E2B63B550AC508D513F
:1048D0000067C9545E58BB59B05B695F4D62A16304
:1048E0003D68736B086E7D70C7918072157826786D
:1048F0006D798E65307DDC83C188098F9B9664520B
:10490000285750676A7FA18CB45142572A963A586B
:104910008A69B480B2540E5DFC579578FA9D5C4F5D
:104920004A528B543E6428661467F567847A567B36
:10493000227D2F935C68AD9B397B19538A51375286
:10494000DF5BF662AE64E6642D67BA6BA985D1962B
:104950009076D69B4C630693AB9BBF765266094E0E
:104960009850C253715CE860926463655F68E67159
:10497000CA732375977B827E9586838BDB8C7891B7
:104980001099AC65AB668B6BD54ED44E3A4F7F4FCA
:104990003A52F853F253E355DB56EB58CB59C95909
:1049A000FF59505B4D5C025E2B5ED75F1D60076355
:1049B0002F655C5BAF65BD65E8659D67626B7B6B72
:1049C0000F6C45734979C179F87C197D2B7DA280E4
:1049D0000281F38196895E8A698A668A8C8AEE8A68
:1049E000C78CDC8CCC96FC986F6B8B4E3C4F8D4FFC
:1049F0005051575BFA5B486101634266216BCB6E95
:104A0000BB6C3E72BD74D475C1783A790C8033802A
:104A1000EA8194849E8F506C7F9E0F5F588B2B9DF4
:104A2000FA7AF88E8D5BEB96034EF153F7573159B6
:104A3000C95AA45B89607F6E066FBE75EA8C9F5B66
:104A40000085E07B7250F4679D82615C4A851E7E22
:104A50000E829951045C6863668D9C656E713E7927
:104A6000177D05801D8BCA8E6E90C786AA901F5039
:104A7000FA523A5C53677C7035724C91C8912B9313
:104A8000E582C25B315FF9603B4ED653885B4B6277
:104A900031678A6BE972E0732E7A6B81A38D529134
:104AA00096991251D7536A54FF5B8863396AAC7D7B
:104AB0000097DA56CE536854975B315CDE5DEE4F5B
:104AC0000161FE62326DC079CB79427D4D7ED27F2D
:104AD000ED811F82908446887289908B748E2F8F0F
:104AE00031904B916C91C6969C91C04E4F4F455161
:104AF0004153935F0E62D467416C0B6E6373267EE5
:104B0000CD918392D4531959BF5BD16D5D792E7EBF
:104B10009B7C7E589F71FA515388F08FCA4FFB5C83
:104B20002566AC77E37A1C82FF99C651AA5FEC65D3
:104B30006F69896BF36D966E646FFE76147DE15D2F
:104B4000759087910698E6511D5240629166D9662C
:104B50001A6EB65ED27D727FF866AF85F785F88AE9
:104B6000A952D95373598F5E905F5560E492649651
:104B7000B7501F51DD5220534753EC53E85446556C
:104B8000315517566859BE593C5AB55B065C0F5CE7
:104B9000115C1A5C845E8A5EE05E705F7F62846294
:104BA000DB628C63776307660C662D6676667E67CC
:104BB000A2681F6A356ABC6C886D096E586E3C71BC
:104BC00026716771C77501775D7801796579F0792C
:104BD000E07A117BA77C397D9680D6838B844985CA
:104BE0005D88F3881F8A3C8A548A738A618CDE8CC4
:104BF000A49166927E9318949C9698970A4E084EBC
:104C00001E4E574E97517052CE573458CC58225B97
:104C1000385EC560FE6461675667446DB672737531
:104C2000637AB884728BB89120933156F457FE980A
:104C3000ED620D69966BED71547E77807282E68924
:104C4000DF985587B18F3B5C384FE14FB54F075523
:104C5000205ADD5BE95BC35F4E612F63B0654B6635
:104C6000EE689B69786DF16D3375B9751F775E7964
:104C7000E679337DE381AF82AA85AA893A8AAB8E31
:104C80009B8F3290DD910797BA4EC14E03527558F3
:104C9000EC580B5C1A753D5C4E810A8AC58F639691
:104CA0006D97257BCF8A08986291F356A853179089
:104CB00039548257255EA863346C8A7061778B7C87
:104CC000E07F708842905491109318938F965E7491
:104CD000C49A075D695D7065A267A88DDB966E63F7
:104CE00049671969C5831798C096FE88846F7A64EE
:104CF000F85B164E2C705D752F66C4513652E25229
:104D0000D359815F276010623F6574651F667466C2
:104D1000F2681668636B056E72721F75DB76BE7C77
:104D20005680F058FD887F89A08A938ACB8A1D908F
:104D300092915297599789650E7A0681BB962D5E9E
:104D4000DC601A62A56514669067F3774D7A4D7C36
:104D50003E7E0A81AC8C648DE18D5F8EA97807520E
:104D6000D962A563426498622D8A837AC07BAC8A3B
:104D7000EA96767D0C824987D94E48514353605359
:104D8000A35B025C165CDD5D26624762B06413685B
:104D90003468C96C456D176DD3675C6F4E717D715A
:104DA000CB657F7AAD7BDA7D4A7EA87F7A811B82D4
:104DB0003982A6856E8ACE8CF58D78907790AD92EB
:104DC00091928395AE9B4D528455386F36716851E0
:104DD0008579557EB381CE7C4C565158A85CAA6328
:104DE000FE66FD665A69D9728F758E750E79567991
:104DF000DF79977C207D447D0786348A3B966190DD
:104E0000209FE7507552CC53E2530950AA55EE58F3
:104E10004F593D728B5B645C1D53E360F3605C63D0
:104E200083633F63BB63CD64E965F966E35DCD6988
:104E3000FD69156FE571894EE975F876937ADF7C27
:104E4000CF7D9C7D6180498358836C84BC84FB85C5
:104E5000C588708D01906D9097931C97129ACF50D2
:104E600097588E61D3813585088D2090C34F74503B
:104E7000475273536F6049635F672C6EB38D1F9009
:104E8000D74F5E5CCA8CCF659A7D52539688765117
:104E9000C363585B6B5B0A5C0D6451675C90D64ED4
:104EA0001A592A59706C518A3E551558A559F06007
:104EB0005362C167358255694096C499289A534F09
:104EC0000658FE5B1080B15C2F5E855F20604B61F1
:104ED0003462FF66F06CDE6ECE807F81D4828B8878
:104EE000B88C00902E908A96DB9EDB9BE34EF053AD
:104EF00027592C7B8D914C98F99DDD6E277053536B
:104F00004455855B58629E62D362A26CEF6F227437
:104F1000178A3894C16FFE8A3883E751F886EA53BE
:104F2000E953464F5490B08F6A593181FD5DEA7A5A
:104F3000BF8FDA68378CF872489C3D6AB08A394E68
:104F4000585306566657C562A263E6654E6BE16D1F
:104F50005B6EAD70ED77EF7AAA7BBB7D3D80C6803E
:104F6000CB86958A5B93E356C7583E5FAD659666E0
:104F7000806AB56B3775C78A2450E57730571B5F59
:104F800065607A66606CF4751A7A6E7FF4811887B2
:104F90004590B399C97B5C75F97A517BC4841090B4
:104FA000E979927A3683E15A40772D4EF24E995B39
:104FB000E05FBD623C66F167E86C6B8677883B8A90
:104FC0004E91F392D099176A26702A73E78257841C
:104FD000AF8C014E4651CB518B55F55B165E335E5F
:104FE000815E145F355F6B5FB45FF2611163A2662F
:104FF0001D676E6F52723A753A7774803981788185
:105000007687BF8ADC8A858DF38D9A927795029890
:10501000E59CC5525763F4761567886CCD73C38CD5
:10502000AE937396256D9C580E69CC69FD8F9A934B
:10503000DB751A905A580268B463FB69434F2C6FB2
:10504000D867BB8F2685B47D54933F69706F6A57CC
:10505000F7582C5B2C7D2A720A54E391B49DAD4E17
:105060004E4F5C50755043529E8C485424589A5B66
:105070001D5E955EAD5EF75E1F5F8C60B5623A6344
:10508000D063AF68406C87788E790B7AE07D478279
:10509000028AE68A448E1390B8902D91D8910E9F83
:1050A000E56C5864E2647565F46E84761B7B6990E8
:1050B000D193BA6EF254B95FA4644D8FED8F4492D0
:1050C00078516B582959555C975EFB6D8F7E1C7526
:1050D000BC8CE28E5B98B9701D4FBF6BB16F3075A1
:1050E000FB964E51105435585758AC59605C925F3E
:1050F00097655C67216E7B76DF83ED8C1490FD9065
:105100004D9325783A78AA52A65E1F5774591260BB
:1051100012505A51AC51CD51005210555458585854
:105120005759955BF65C8B5DBC6095622D64716729
:105130004368BC68DF68D776D86D6F6E9B6D6F7003
:10514000C871535FD8757779497B547B527BD67C85
:10515000717D305263846985E4850E8A048B468CA8
:105160000F8E03900F90199476962D98309AD895BB
:10517000CD50D5520C5402580E5CA7619E641E6D32
:10518000B377E57AF480048453908592E05C079DC0
:105190003F53975FB35F9C6D79726377BF79E47B10
:1051A000D26BEC72AD8A0368616AF851817A346916
:1051B0004A5CF69CEB82C55B49911E7078566F5C29
:1051C000C76066658C6C5A8C419013985154C766C1
:1051D0000D924859A39085514D4EEA5199850E8BF9
:1051E00058707A634B936269B499047E777557530C
:1051F0006069DF8EE3965D6C8C4E3C5C105FE98FDE
:105200000253D18C89807986FF5EE565734E6551C6
:1052100082593F5CEE97FB4E8A59CD5F8D8AE16FD4
:10522000B0796279E75B71842B73B171745EF55F5D
:105230007B639A64C371987C434EFC5E4B4EDC5793
:10524000A256A960C36F0D7DFD803381BF81B28FEF
:105250009789A486F45D8A62AD6487897767E26C7A
:105260003E6D36743478465A757FAD82AC99F34FF3
:10527000C35EDD62926357656F67C3764C72CC8004
:10528000BA80298F4D910D50F957925A85687369EC
:105290006471FD72B78CF258E08C6A9619907F8722
:1052A000E479E77729842F4F65525A53CD62CF674F
:1052B000CA6C7D76947B957C36828485EB8FDD6627
:1052C000206F06721B7EAB83C199A69EFD51B17BF8
:1052D0007278B87B8780487BE86A615E8C80517504
:1052E00060756B5162928C6E7A769791EA9A104F44
:1052F000707F9C624F7BA595E99C7A565958E4864D
:10530000BC96344F24524A53CD53DB53065E2C6473
:1053100091657F673E6C4E6C4872AF72ED73547549
:10532000417E2C82E985A98CC47BC6916971129853
:10533000EF983D6369666A75E476D0784385EE86BA
:105340002A53515326548359875E7C5FB260496269
:105350007962AB629065D46BCC6CB275AE769178A5
:10536000D879CB7D777FA580AB88B98ABB8C7F90BD
:105370005E97DB980B6A387C99503E5CAE5F87671E
:10538000D86B357409778E7F3B9FCA67177A39537C
:105390008B75ED9A665F9D81F18398803C5FC55F58
:1053A0006275467B3C906768EB599B5A107D7E7610
:1053B0002C8BF54F6A5F196A376C026FE27468795B
:1053C0006888558A798CDF5ECF63C575D279D782BC
:1053D0002893F2929C84ED862D9CC1546C5F8C6561
:1053E0005C6D1570A78CD38C3B984F65F6740D4E91
:1053F000D84EE0572B59665ACC5BA851035E9C5E91
:10540000166076627765A7656E666E6D3672267B6E
:1054100050819A8199825C8BA08CE68C748D1C964D
:105420004496AE4FAB64666B1E8261846A85E890D9
:10543000015C5369A8987A8457850F4F6F52A95F12
:10544000455E0D678F79798107898689F56D175FCC
:105450005562B86CCF4E6972929B06523B5474569B
:10546000B358A4616E621A716E59897CDE7C1B7D13
:10547000F09687655E80194E754F75514058635E92
:10548000735E0A5FC467264E3D8589955B96737C83
:105490000198FB50C1585676A7782552A5771185FB
:1054A000867B4F5009594772C77BE87DBA8FD48FEE
:1054B0004D90BF4FC952295A015FAD97DD4F1782FA
:1054C000EA9203575563696B2B75DC88148F427A17
:1054D000DF52935855610A62AE66CD6B3F7CE9831B
:1054E0002350F84F05534654315849599D5BF05CA1
:1054F000EF5C295D965EB16267633E65B9650B67D7
:10550000D56CE16CF97032782B7EDE80B3820C842E
:10551000EC84028712892A8A4A8CA690D292FD983E
:10552000F39C6C9D4F4EA14E8D5056524A57A85930
:105530003D5ED85FD95F3F62B4661B67D067D268B3
:105540009251217DAA80A881008B8C8CBF8C7E9289
:10555000329620542C981753D5505C53A858B264F7
:10556000346767726677467AE691C352A16C866BA0
:1055700000584C5E54592C67FB7FE151C676696434
:10558000E878549BBB9ECB57B95927669A67CE6B78
:10559000E954D969555E9C819567AA9BFE67529C28
:1055A0005D68A64EE34FC853B9622B67AB6CC48FDE
:1055B000AD4F6D7EBF9E074E6261806E2B6F13856F
:1055C00073542A67459BF35D957BAC5CC65B1C8777
:1055D0004A6ED184147A088199598D7C116C207798
:1055E000D952225921715F72DB772797619D0B6930
:1055F0007F5A185AA5510D547D540E66DF76F78FE9
:105600009892F49CEA595D72C56E4D51C968BF7D90
:10561000EC7D6297BA9E7864216A028384595F5B4D
:10562000DB6B1B73F276B27D178099843251286749
:10563000D99EEE766267FF520599245C3B627E7CC0
:10564000B08C4F55B6600B7D809501535F4EB651BF
:105650001C593A723680CE91255FE2778453795F88
:10566000047DAC85338A8D8E5697F367AE8553944F
:1056700009610861B96C5276ED8A388F2F55514F08
:105680002A51C752CB53A55B7D5EA0608261D66371
:105690000967DA67676E8C6D3673377331755079C9
:1056A000D588988A4A909190F590C4968D8715591F
:1056B000884E594F0E4E898A3F8F1098AD507C5EB0
:1056C0009659B95BB85EDA63FA63C164DC664A690D
:1056D000D8690B6DB66E94712875AF7A8A7F008099
:1056E0004984C9848189218B0A8E65907D960A99A7
:1056F0007E619162326B836C746DCC7FFC7FC06D78
:10570000857FBA87F8886567B1833C98F7961B6DEB
:10571000617D3D846A91714E7553505D046BEB6FF2
:10572000CD852D86A78929520F54655C4E67A868E0
:1057300006748374E275CF88E188CC91E2967896FE
:105740008B5F8773CB7A4E84A06365758952416DF8
:105750009C6E097459756B78927C8696DC7A8D9F65
:10576000B64F6E61C5655C86864EAE4EDA50214EF0
:10577000CC51EE5B99658168BC6D1F734276AD7745
:105780001C7AE77C6F82D28A7C90CF9175961898AC
:105790009B52D17D2B5098539767CB6DD07133744A
:1057A000E8812A8FA396579C9F9E60744158996DFB
:1057B0002F7D5E98E44E364F8B4FB751B152BA5D94
:1057C0001C60B2733C79D3823492B796F6960A97EE
:1057D000979E629FA666746B1752A352C870C288C8
:1057E000C95E4B609061236F49713E7CF47D6F8090
:1057F000EE8423902C9342546F9BD36A8970C28CA1
:10580000EF8D3297B452415ACA5E045F17677C69C4
:1058100094696A6D0F6F6272FC72ED7B01807E800D
:105820004B87CE906D51939E84798B803293D68A2C
:105830002D508C54718A6A6BC48C0781D160A0672B
:10584000F29D994E984E109C6B8AC18568850069BF
:105850007E6E977855810000002502250C251025C5
:10586000182514251C252C25242534253C25012507
:1058700003250F2513251B251725232533252B2528
:105880003B254B2520252F25282537253F251D2560
:10589000302525253825422510041104120413044F
:1058A00014041504010416041704180419041A0436
:1058B0001B041C041D041E041F04200421042204D4
:1058C00023042404250426042704280429042A0484
:1058D0002B042C042D042E042F04000000000000D3
:1058E00000000000000000000000000000000000B8
:1058F00000000000000000003004310432043304D2
:1059000034043504510436043704380439043A04A5
:105910003B043C043D043E043F0440044104420473
:1059200043044404450446044704480449044A0423
:105930004B044C044D044E044F04000091039203A9
:1059400093039403950396039703980399039A038B
:105950009B039C039D039E039F03A003A103A3033A
:10596000A403A503A603A703A803A903000000003E
:10597000000000000000000000000000B103B203BE
:10598000B303B403B503B603B703B803B903BA034B
:10599000BB03BC03BD03BE03BF03C003C103C303FA
:1059A000C403C503C603C703C803C903000000003E
:1059B00000000000000000000000000101010101E2
:1059C00001010101010000000000000001010101CE
:1059D00001010101010101010101010101010101B7
:1059E00001010101010100000000000000010101AE
:1059F0000101010101010101010101010101010197
:105A00000101010101010100C625A125A025B32541
:105A1000B225BD25BC253B20123092219021912139
:105A2000932113300000000000000000000000007F
:105A30000000000000000000000008220B22862267
:105A40008722822283222A222922000000000000CD
:105A50000000000000000000000027222822AC0007
:105A6000D221D421002203222922000000000000BC
:105A700000000000000000000000000000002022E4
:105A8000A522122302220722612252226A226B22BD
:105A90001A223D221D2235222B222C22000000003A
:105AA000000000000000000000002B2130206F26C5
:105AB0006D266A2620202120B6002C22000000003E
:105AC0000000EF250030013002300CFF0EFFFB30EC
:105AD0001AFF1BFF1FFF01FF9B309C30B40040FFEB
:105AE000A8003EFF3E203FFFFD30FE309D309E303F
:105AF0000330DD4E053006300730FC301420102016
:105B00000FFF3CFF1C3016205CFF262025201820AC
:105B100019201C201D2008FF09FF143015303BFF01
:105B20003DFF5BFF5DFF083009300A300B300C3061
:105B30000D300E300F30103011300BFF1222B1003B
:105B4000D700F7001DFF60221CFF1EFF66226722A0
:105B50001E22342242264026B00032203320032168
:105B6000A50004FFA200A30005FF03FF06FF0AFF34
:105B700020FFA70006260526CB25CF25CE25C72545
:105B80000A000100020003000400050006000700EF
:105B9000080009000A000B000C000D000E000F00A9
:105BA00010000000303030303030303030303030A5
:105BB00030303030202020202020202020202020A5
:105BC0002020202000000000000000000000000055
:105BD00000000000000000000000000000000000C5
:105BE00000000000000000000000000000000000B5
:105BF00000000000101112131415161718190000D8
:105C000000000000001A1B1C1D1E1F0000000000E9
:105C10000000000000000000000000000000000084
:105C200000000000001A1B1C1D1E1F0000000000C9
:105C30000000000000000000000000000000000064
:105C40000000000000000000000000000000000054
:105C50000000000000000000000000000000000044
:105C60000000000000000000000000000000000034
:105C70000000000000000000000000000000000024
:105C80000000000000000000000000000000000014
:105C90000000000000000000000000000000000004
:105CA00000000000000000000000000000000000F4
:105CB00000000000000000000000000000000000E4
:105CC00000000000000000001F001C200000000079
:105CD000142100000200162400000000142500001A
:105CE0000200152800000000112900000000142AFD
:105CF00000000000182B00000000142C0000000021
:105D0000102D00000000142E000001000C300000D7
:105D10000900143A00000100183C00000200143F82
:105D200000000100034100001900155B00000000A5
:105D3000145C00000000115D00000000175E000010
:105D400000000F5F0000000017600000000003610A
:105D500000001900157B00000000187C0000000006
:105D6000117D00000000187E00000000007F000090
:105D700020001CA00000000014A10000000016A2DA
:105D80000000030019A60000000014A70000000096
:105D900017A80000000019A90000000006AA0000D2
:105DA000000013AB0000000018AC0000000001ADC3
:105DB0000000000019AE0000000017AF0000000056
:105DC00019B00000000018B1000000000EB2000081
:105DD000010017B40000000003B50000000014B675
:105DE0000000010017B8000000000EB9000000001C
:105DF00006BA0000000012BB000000000EBC00004C
:105E0000020014BF0000000003C00000160018D7F5
:105E10000000000003D80000060004DF00000000BE
:105E200003E00000160018F70000000003F800006F
:105E30003F00043801000000033901000F0004494D
:105E400001000000034A01004200048D010000002F
:105E5000038E01000C00049B01000000039C010064
:105E60000D0004AA0100010003AC01000D0004BAFA
:105E70000100000006BB0100000003BC010001009E
:105E800004BE0100000003BF0100000006C00100C5
:105E9000030003C40100000007C50100000003C6A1
:105EA0000100010007C80100000003C90100010052
:105EB00007CB0100000003CC0100230004F0010027
:105EC000000003F10100000007F20100000003F3ED
:105ED00001002D0004210200000003220200110035
:105EE000043402000500033A02001A0004550200BF
:105EF000000003560200010004580200000003598C
:105F000002000000045A02000000035B02000100CE
:105F1000045D02000200036002000100046202004E
:105F20000000036302000000046402000000036537
:105F30000200010004670200000003680200040080
:105F4000046D02000100036F0200000004700200F3
:105F500000000371020001000473020001000375D8
:105F600002000000047602000600037D020000002B
:105F7000047E020001000380020000000481020090
:105F80000000038202000100048402000200038773
:105F900002000500048D02000400039202000000CC
:105FA0000493020000000694020000000495020021
:105FB0000700039D02000100049F0200100005B0CD
:105FC0000200110017C20200030005C602000B0008
:105FD00017D202000D0005E00200040017E50200E0
:105FE000060005EC0200000017ED0200000005EEBF
:105FF0000200000017EF020010000B0003006F000A
:10600000037003000300057403000000177503000C
:106010000000037603000100057A03000000037B03
:1060200003000200147E03000000037F0300000051
:106030001784030001000386030000001487030097
:106040000000038803000200038C03000000038E9D
:1060500003000100049003000000039103001000FE
:1060600003A303000C0004B00300000003B103000D
:10607000200008D20300020003D50300200018F618
:106080000300000003F70300040004FC0300000009
:1060900003FD030084001982040000000B83040048
:1060A00004000A8804000100038A0400A5000331EB
:1060B00005002500055905000000145A05000500DB
:1060C0000460050000000361050025000487050049
:1060D0000100148905000000108A05000000198DD8
:1060E00005000100168F050000000B9105002C0033
:1060F00010BE050000000BBF0500000014C0050025
:1061000000000BC10500010014C3050000000BC412
:106110000500010014C6050000000BC705000000C3
:1061200006D005001A0006EF0500030014F3050071
:10613000010001000600050018060600020014090F
:1061400006000100160B06000000140C06000100FA
:10615000190E060001000B1006000A00141B0600B1
:106160000000011C06000000141D060002000620AD
:1061700006001F0005400600000006410600090059
:106180000B4B060014000C6006000900146A0600A0
:106190000300066E060001000B7006000000067189
:1061A0000600620014D40600000006D506000000B8
:1061B0000BD60600060001DD0600000019DE060011
:1061C00000000BDF0600050005E5060001000BE7F7
:1061D0000600010019E9060000000BEA06000300B2
:1061E00006EE060001000CF00600090006FA0600A3
:1061F000020019FD0600010006FF06000000140061
:1062000007000D00010F0700000006100700000046
:106210000B1107000000061207001D000B300700DD
:106220001A00064D070058000BA607000A0006B129
:10623000070000000CC00700090006CA0700200084
:106240000BEB0700080005F40700010019F6070032
:10625000000014F70700020005FA070000000BFD1C
:106260000700000016FE07000100060008001500E8
:106270000B1608000300051A080000000B1B08009D
:1062800008000524080000000B250800020005286E
:10629000080000000B2908000400143008000E005C
:1062A0000640080018000B5908000200145E0800A0
:1062B0000000066008000A00067008001700178832
:1062C0000800000006890800050001900800010090
:1062D0000B980800070006A00800280005C9080060
:1062E00000000BCA0800170001E2080000000BE3E1
:1062F00008001F000903090000000604090035001A
:106300000B3A09000000093B090000000B3C0900A2
:106310000000063D09000000093E090002000B4193
:10632000090007000949090003000B4D090000009E
:10633000094E090001000650090000000B51090038
:1063400006000658090009000B62090001001464E8
:10635000090001000C660900090014700900000022
:10636000057109000000067209000E000B8109008A
:106370000000098209000100068509000700068F58
:106380000900010006930900150006AA090006008D
:1063900006B20900000006B6090003000BBC0900A4
:1063A000000006BD0900000009BE090002000BC183
:1063B0000900030009C70900010009CB0900010019
:1063C0000BCD0900000006CE0900000009D7090026
:1063D000000006DC0900010006DF090002000BE2F4
:1063E000090001000CE60900090006F0090001009F
:1063F00016F2090001000EF40900050019FA09005F
:10640000000016FB0900000006FC0900000014FD56
:10641000090000000BFE090000000B010A0001004A
:1064200009030A00000006050A000500060F0A001D
:10643000010006130A001500062A0A0006000632AB
:106440000A00010006350A00010006380A000100B2
:106450000B3C0A000000093E0A0002000B410A0042
:1064600001000B470A0001000B4B0A0002000B5110
:106470000A00000006590A000300065E0A00000038
:106480000C660A0009000B700A00010006720A007F
:1064900002000B750A00000014760A0000000B8150
:1064A0000A00010009830A00000006850A000800AE
:1064B000068F0A00020006930A00150006AA0A00C9
:1064C000060006B20A00010006B50A0004000BBC73
:1064D0000A00000006BD0A00000009BE0A00020012
:1064E0000BC10A0004000BC70A00010009C90A0019
:1064F000000009CB0A0001000BCD0A00000006D005
:106500000A00000006E00A0001000BE20A00010098
:106510000CE60A00090014F00A00000016F10A0057
:10652000000006F90A0000000BFA0A0005000B0142
:106530000B00000009020B00010006050B0007001C
:10654000060F0B00010006130B001500062A0B00B6
:10655000060006320B00010006350B0004000B3C60
:106560000B000000063D0B000000093E0B00000080
:106570000B3F0B00000009400B0000000B410B001B
:10658000030009470B000100094B0B0001000B4DF4
:106590000B0000000B550B00010009570B00000019
:1065A000065C0B000100065F0B0002000B620B0093
:1065B00001000C660B00090019700B000000067149
:1065C0000B0000000E720B0005000B820B00000098
:1065D00006830B00000006850B000500068E0B00ED
:1065E000020006920B00030006990B000100069CB6
:1065F0000B000000069E0B00010006A30B0001002B
:1066000006A80B00020006AE0B000B0009BE0B0033
:1066100001000BC00B00000009C10B00010009C6FE
:106620000B00020009CA0B0002000BCD0B0000009A
:1066300006D00B00000009D70B0000000CE60B0091
:1066400009000EF00B00020019F30B00050016F90B
:106650000B00000019FA0B0000000B000C000000FA
:1066600009010C0002000B040C00000006050C00E0
:106670000700060E0C00020006120C001600062A87
:106680000C000F000B3C0C000000063D0C0000004D
:106690000B3E0C00020009410C0003000B460C00ED
:1066A00002000B4A0C0003000B550C0001000658B9
:1066B0000C000200065D0C00000006600C000100EA
:1066C0000B620C0001000C660C00090014770C0032
:1066D00000000E780C000600197F0C0000000680F8
:1066E0000C0000000B810C00000009820C0001006E
:1066F00014840C00000006850C000700068E0C00B8
:10670000020006920C00160006AA0C00090006B54D
:106710000C0004000BBC0C00000006BD0C000000C7
:1067200009BE0C0000000BBF0C00000009C00C00EB
:1067300004000BC60C00000009C70C00010009CAC8
:106740000C0001000BCC0C00010009D50C0001006D
:1067500006DD0C00010006E00C0001000BE20C005D
:1067600001000CE60C00090006F10C00010009F321
:106770000C0000000B000D00010009020D000100DB
:1067800006040D000800060E0D00020006120D00A2
:1067900028000B3B0D000100063D0D000000093EE6
:1067A0000D0002000B410D00030009460D00020020
:1067B000094A0D0002000B4D0D000000064E0D00B1
:1067C0000000194F0D00000006540D00020009578B
:1067D0000D0000000E580D000600065F0D000200BF
:1067E0000B620D0001000C660D0009000E700D001B
:1067F000080019790D000000067A0D0005000B81D4
:106800000D00000009820D00010006850D00110039
:10681000069A0D00170006B30D00080006BD0D0016
:10682000000006C00D0006000BCA0D00000009CFD5
:106830000D0002000BD20D0002000BD60D0000006F
:1068400009D80D0007000CE60D00090009F20D0043
:10685000010014F40D00000006010E002F000B31A2
:106860000E00000006320E0001000B340E00060080
:10687000163F0E00000006400E00050005460E0003
:1068800000000B470E000700144F0E0000000C50D4
:106890000E000900145A0E00010006810E000100CE
:1068A00006840E00000006860E000400068C0E0012
:1068B000170006A50E00000006A70E0009000BB188
:1068C0000E00000006B20E0001000BB40E0008001E
:1068D00006BD0E00000006C00E00040005C60E0036
:1068E00000000BC80E0006000CD00E00090006DCEC
:1068F0000E00030006000F00000019010F00020047
:1069000014040F000E0019130F00000014140F00E0
:10691000000019150F0002000B180F000100191AD2
:106920000F0005000C200F0009000E2A0F000900BF
:1069300019340F0000000B350F00000019360F004E
:1069400000000B370F00000019380F0000000B3952
:106950000F000000153A0F000000113B0F0000006F
:10696000153C0F000000113D0F000000093E0F0014
:10697000010006400F00070006490F0023000B71BD
:106980000F000D00097F0F0000000B800F000400B6
:1069900014850F0000000B860F00010006880F0011
:1069A00004000B8D0F000A000B990F00230019BE85
:1069B0000F0007000BC60F00000019C70F000500ED
:1069C00019CE0F00010014D00F00040019D50F00DC
:1069D000030014D90F000100060010002A00092B43
:1069E000100001000B2D1000030009311000000001
:1069F0000B32100005000938100000000B391000A0
:106A00000100093B100001000B3D10000100063F92
:106A1000100000000C4010000900144A100005008E
:106A20000650100005000956100001000B58100018
:106A30000100065A100003000B5E10000200066100
:106A4000100000000962100002000665100001003D
:106A5000096710000600066E100002000B7110009E
:106A60000300067510000C000B8210000000098363
:106A7000100001000B8510000100098710000500BF
:106A80000B8D10000000068E10000000098F100012
:106A900000000C9010000900099A100002000B9DE4
:106AA00010000000199E1000010003A01000250036
:106AB00003C71000000003CD1000000003D0100039
:106AC0002A0014FB1000000005FC1000000003FD6C
:106AD00010000200060011004801064A12000300DF
:106AE000065012000600065812000000065A120056
:106AF0000300066012002800068A120003000690B8
:106B00001200200006B21200030006B812000600B0
:106B100006C01200000006C21200030006C81200E0
:106B20000E0006D8120038000612130003000618E3
:106B3000130042000B5D13000200146013000800F4
:106B40000E6913001300068013000F001990130044
:106B5000090003A01300550003F8130005001000FE
:106B600014000000060114006B02196D16000000ED
:106B7000146E16000000066F160010001C80160030
:106B80000000068116001900159B16000000119CDC
:106B90001600000006A016004A0014EB16000200C2
:106BA0000DEE1600020006F11600070006001700A1
:106BB00011000B1217000200091517000000061F34
:106BC000170012000B3217000100093417000000F3
:106BD0001435170001000640170011000B52170072
:106BE0000100066017000C00066E170002000B7211
:106BF000170001000680170033000BB417000100D6
:106C000009B6170000000BB71700060009BE1700F1
:106C100007000BC61700000009C7170001000BC9C9
:106C200017000A0014D41700020005D7170000004F
:106C300014D81700020016DB1700000006DC17004E
:106C400000000BDD170000000CE0170009000EF03B
:106C500017000900140018000500100618000000B5
:106C60001407180003000B0B18000200010E180097
:106C700000000B0F180000000C101800090006207F
:106C800018002200054318000000064418003400D4
:106C90000680180004000B85180001000687180004
:106CA00021000BA91800000006AA1800000006B079
:106CB00018004500060019001E000B2019000200F4
:106CC0000923190003000B271900010009291900E5
:106CD00002000930190001000B32190000000933CD
:106CE000190005000B3919000200194019000000B5
:106CF0001444190001000C4619000900065019003F
:106D00001D00067019000400068019002B0006B053
:106D1000190019000CD0190009000EDA1900000042
:106D200019DE1900210006001A0016000B171A00C0
:106D3000010009191A0001000B1B1A000000141EA3
:106D40001A00010006201A00340009551A0000003C
:106D50000B561A00000009571A0000000B581A00C1
:106D600006000B601A00000009611A0000000B62A7
:106D70001A00000009631A0001000B651A000700E1
:106D8000096D1A0005000B731A0009000B7F1A0029
:106D900000000C801A0009000C901A00090014A0D1
:106DA0001A00060005A71A00000014A81A00050022
:106DB0000BB01A000D000ABE1A0000000BBF1A002B
:106DC0000F000B001B00030009041B000000060558
:106DD0001B002E000B341B00000009351B000000B7
:106DE0000B361B000400093B1B0000000B3C1B0082
:106DF0000000093D1B0004000B421B00000009437A
:106E00001B00010006451B0007000C501B00090079
:106E1000145A1B00060019611B0009000B6B1B00B4
:106E2000080019741B000800147D1B0001000B8072
:106E30001B00010009821B00000006831B001D00CF
:106E400009A11B0000000BA21B00030009A61B00E8
:106E500001000BA81B00010009AA1B0000000BABDE
:106E60001B00020006AE1B0001000CB01B00090055
:106E700006BA1B002B000BE61B00000009E71B00F5
:106E800000000BE81B00010009EA1B0002000BEDEB
:106E90001B00000009EE1B0000000BEF1B000200AE
:106EA00009F21B00010014FC1B00030006001C007B
:106EB000230009241C0007000B2C1C0007000934C8
:106EC0001C0001000B361C000100143B1C000400D8
:106ED0000C401C000900064D1C0002000C501C0058
:106EE0000900065A1C001D0005781C000500147ED0
:106EF0001C00010003801C00080003901C002A00F5
:106F000003BD1C00020014C01C0007000BD01C00B5
:106F1000020014D31C0000000BD41C000C0009E17B
:106F20001C0000000BE21C00060006E91C00030028
:106F30000BED1C00000006EE1C0005000BF41C000D
:106F4000000006F51C00010009F71C0000000BF80A
:106F50001C00010006FA1C00000004001D002B00AC
:106F6000052C1D003E00046B1D000C0005781D0063
:106F7000000003791D000000047A1D000200037D5B
:106F80001D000000047E1D000F00038E1D00000088
:106F9000048F1D000B00059B1D0024000BC01D006D
:106FA0003F0003001E00950004961E000400039B92
:106FB0001E000000049C1E000100039E1E00000035
:106FC000049F1E00000003A01E00750003181F0090
:106FD000050003201F00250003481F000500045082
:106FE0001F00000003511F00000004521F0000009A
:106FF00003531F00000004541F00000003551F002E
:10700000000004561F00000003571F000000035932
:107010001F000000035B1F000000035D1F00000055
:10702000035F1F001E0003801F00070007881F006A
:10703000070003901F00070007981F00070003A028
:107040001F00070007A81F00070003B01F00010072
:1070500004B21F00000003B31F00000004B41F00AF
:10706000000004B61F00010003B81F00030007BCA6
:107070001F00000017BD1F00000003BE1F0000001E
:1070800017BF1F00020004C21F00000003C31F003F
:10709000000004C41F00000004C61F00010003C854
:1070A0001F00030007CC1F00000017CD1F000200C7
:1070B00003D01F00010004D21F00010004D61F00EE
:1070C000010003D81F00030017DD1F00020003E0CA
:1070D0001F00010004E21F00020003E51F00000082
:1070E00004E61F00010003E81F00040017ED1F0065
:1070F000020004F21F00000003F31F00000004F46C
:107100001F00000004F61F00010003F81F00030029
:1071100007FC1F00000017FD1F0001001C002000DD
:107120000A00010B200004001010200005001416B6
:107130002000010013182000000012192000000098
:10714000151A20000000131B20000100121D200052
:107150000000151E20000000131F20000000142056
:10716000200007001A28200000001B292000000032
:10717000012A200004001C2F2000000014302000F1
:107180000800133920000000123A20000000143BD0
:10719000200003000F3F20000100144120000200E6
:1071A0001844200000001545200000001146200072
:1071B0000000144720000A00185220000000145359
:1071C000200000000F54200000001455200009008A
:1071D0001C5F200000000160200004000166200008
:1071E00009000E70200000000571200000000E74E0
:1071F00020000500187A20000200157D2000000004
:10720000117E20000000057F200000000E8020007D
:107210000900188A20000200158D20000000118E40
:1072200020000000059020000C0016A02000200087
:107230000BD020000C000ADD200003000BE1200031
:1072400000000AE2200002000BE520000B001900FC
:1072500021000100080221000000190321000300A1
:10726000080721000000190821000100040A21007C
:107270000000080B21000200040E2100010008108C
:107280002100020004132100000019142100000055
:10729000081521000000191621000100181821000E
:1072A0000000081921000400191E2100050008240F
:1072B0002100000019252100000003262100000004
:1072C00019272100000008282100000019292100A9
:1072D0000000032A21000100082C21000100192EC2
:1072E00021000000042F21000000083021000100CF
:1072F0000332210000000833210000000434210083
:107300000000063521000300043921000000193A6D
:1073100021000100043C21000100083E2100010081
:107320001840210004000845210000000446210007
:107330000300194A21000000184B21000000194CDD
:1073400021000100034E21000000194F2100000020
:107350000E5021000F000D60210022000383210048
:1073600001000D85210003000E8921000000198A0B
:10737000210001001890210004001995210004004B
:10738000189A21000100199C2100030018A0210077
:10739000000019A12100010018A32100000019A478
:1073A0002100010018A62100000019A721000600F5
:1073B00018AE2100000019AF21001E0018CE2100D8
:1073C000010019D02100010018D22100000019D3BA
:1073D0002100000018D42100000019D521001E0052
:1073E00018F421000B0119002300070015082300E1
:1073F0000000110923000000150A23000000110BF2
:1074000023000000190C23001300182023000100A2
:10741000192223000600152923000000112A230049
:107420000000192B23005000187C23000000197D58
:1074300023001D00189B2300180019B42300270007
:1074400018DC2300050019E2230044001940240041
:107450000A000E6024003B00199C24004D000EEA37
:107460002400150019002500B60018B725000000FB
:1074700019B82500080018C12500000019C2250010
:10748000350018F825000700190026006E00186F57
:107490002600000019702600F7001568270000007C
:1074A000116927000000156A27000000116B2700F2
:1074B0000000156C27000000116D27000000156EFC
:1074C00027000000116F2700000015702700000042
:1074D00011712700000015722700000011732700AA
:1074E00000001574270000001175270000000E76BB
:1074F00027001D00199427002B0018C02700040046
:1075000015C52700000011C62700000018C7270076
:107510001E0015E62700000011E72700000015E80F
:107520002700000011E92700000015EA27000000ED
:1075300011EB2700000015EC2700000011ED2700DB
:10754000000015EE2700000011EF2700000018F0E2
:1075500027000F0019002800FF00180029008200F2
:1075600015832900000011842900000015852900D9
:1075700000001186290000001587290000001188ED
:1075800029000000158929000000118A2900000047
:10759000158B29000000118C29000000158D290091
:1075A0000000118E29000000158F290000001190A5
:1075B0002900000015912900000011922900000007
:1075C0001593290000001194290000001595290049
:1075D000000011962900000015972900000011985D
:1075E00029000000189929003E0015D82900000044
:1075F00011D92900000015DA2900000011DB29004B
:10760000000018DC29001F0015FC2900000011FDF6
:107610002900000018FE2900010119002B002F008D
:1076200018302B00140019452B00010018472B00BF
:107630000500194D2B00260019762B001F00199705
:107640002B00680003002C00700004712C00000067
:1076500003722C00010004742C00000003752C0040
:10766000010004772C000400057C2C000100037E3F
:107670002C00650004E42C00000019E52C00050036
:1076800003EB2C0003000BEF2C00020003F22C0094
:10769000010014F92C0003000EFD2C00000014FE64
:1076A0002C00010003002D00250003272D00000001
:1076B000032D2D00000006302D003700056F2D0032
:1076C000000014702D0000000B7F2D0000000680CC
:1076D0002D00160006A02D00060006A82D000600AD
:1076E00006B02D00060006B82D00060006C02D00CD
:1076F000060006C82D00060006D02D00060006D89C
:107700002D0006000BE02D001F0014002E000100CC
:1077100013022E00000012032E00000013042E009E
:10772000000012052E00000014062E0002001309AE
:107730002E000000120A2E000000140B2E00000084
:10774000130C2E000000120D2E000000140E2E004F
:10775000080010172E00000014182E000100101A47
:107760002E000000141B2E000000131C2E00000031
:10777000121D2E000000141E2E00010013202E00EA
:10778000000012212E00000015222E0000001123FF
:107790002E00000015242E00000011252E000000F0
:1077A00015262E00000011272E00000015282E009F
:1077B000000011292E000000142A2E000400052FBD
:1077C0002E00000014302E000900103A2E00010097
:1077D000143C2E00030010402E00000014412E0027
:1077E000000015422E00000014432E000C0019501A
:1077F0002E00010014522E00020015552E0000002C
:1078000011562E00000015572E00000011582E00B2
:10781000000015592E000000115A2E000000155BC3
:107820002E000000115C2E000000105D2E000000F4
:1078300019802E001900199B2E00580019002F00E6
:10784000D50019F02F000B001C00300000001401BF
:10785000300002001904300000000505300000006F
:107860000606300000000D0730000000150830004B
:107870000000110930000000150A30000000110B53
:1078800030000000150C30000000110D3000000029
:10789000150E30000000110F3000000015103000F0
:1078A0000000111130000000191230000100151401
:1078B00030000000111530000000151630000000E7
:1078C00011173000000015183000000011193000A9
:1078D0000000151A30000000111B30000000101CC1
:1078E00030000000151D30000000111E30000100A6
:1078F0001920300000000D21300008000B2A300054
:107900000300092E30000100103030000000053166
:10791000300004001936300001000D38300002003C
:10792000053B30000000063C30000000143D3000F4
:107930000000193E300001000641300055000B994F
:1079400030000100179B30000100059D3000010050
:10795000069F3000000010A03000000006A130009B
:10796000590014FB3000000005FC3000020006FF47
:1079700030000000060531002A00063131005D00AC
:107980001990310001000E92310003001996310068
:10799000090006A031001F0019C03100230006F0C5
:1079A00031000F00190032001E000E2032000900C5
:1079B000192A32001D000E4832000700195032000B
:1079C00000000E5132000E00196032001F000E80C0
:1079D00032000900198A320026000EB132000E0072
:1079E00019C032003F0106003400BF1919C04D0014
:1079F0003F0006004E0014520515A00000000616B8
:107A0000A00076041990A400360006D0A400270038
:107A100005F8A400050014FEA40001000600A5005E
:107A20000B01050CA6000000140DA60002000610B4
:107A3000A6000F000C20A6000900062AA6000100DF
:107A40000340A6002D00066EA60000000B6FA600E6
:107A500000000A70A60002001473A60000000B7458
:107A6000A6000900147EA6000000057FA600000005
:107A70000380A6001B00059CA60001000B9EA6002B
:107A8000010006A0A60045000DE6A60009000BF0C7
:107A9000A600010014F2A60005001700A7001600BA
:107AA0000517A70008001720A70001000322A70060
:107AB0000D000430A70001000332A7003D0005704F
:107AC000A70000000471A70007000379A7000E00BB
:107AD0000588A70000001789A7000100038BA700F5
:107AE0000200048EA7000000068FA700000003908C
:107AF000A70004000495A70000000396A700180043
:107B000004AFA700000003B0A7001A0003D0A7002D
:107B1000010004D3A700000004D5A700000003D68D
:107B2000A700030005F2A700020003F5A70001006B
:107B300006F7A700000005F8A700010004FAA70057
:107B4000000006FBA70006000B02A80000000603C9
:107B5000A80002000B06A80000000607A80003000A
:107B60000B0BA8000000060CA80016000923A800B3
:107B700001000B25A80001000927A8000000192812
:107B8000A80003000B2CA80000000E30A800050080
:107B90001936A80001001638A80000001939A800FD
:107BA00000000640A80033001474A80003000980F8
:107BB000A80001000682A800310009B4A8000F0047
:107BC0000BC4A800010014CEA80001000CD0A8002E
:107BD00009000BE0A800110006F2A800050014F847
:107BE000A800020006FBA800000014FCA80000008A
:107BF00006FDA80001000BFFA80000000C00A90072
:107C00000900060AA9001B000B26A9000700142E74
:107C1000A90001000630A90016000B47A9000A00C0
:107C20000952A9000100145FA90000000660A90024
:107C30001C000B80A90002000983A9000000068433
:107C4000A9002E000BB3A900000009B4A90001008F
:107C50000BB6A900030009BAA90001000BBCA900DA
:107C6000010009BEA900020014C1A9000C0005CF43
:107C7000A90000000CD0A900090014DEA900010031
:107C800006E0A90004000BE5A900000005E6A90034
:107C9000000006E7A90008000CF0A900090006FA98
:107CA000A90004000600AA0028000B29AA0005006C
:107CB000092FAA0001000B31AA0001000933AA0014
:107CC00001000B35AA0001000640AA0002000B4388
:107CD000AA0000000644AA0007000B4CAA000000FE
:107CE000094DAA0000000C50AA000900145CAA006B
:107CF00003000660AA000F000570AA0000000671CC
:107D0000AA0005001977AA000200067AAA0000005E
:107D1000097BAA0000000B7CAA000000097DAA00D4
:107D20000000067EAA0031000BB0AA00000006B1D8
:107D3000AA0000000BB2AA00020006B5AA000100CA
:107D40000BB7AA00010006B9AA0004000BBEAA00E6
:107D5000010006C0AA0000000BC1AA00000006C274
:107D6000AA00000006DBAA00010005DDAA00000051
:107D700014DEAA00010006E0AA000A0009EBAA002E
:107D800000000BECAA00010009EEAA00010014F0AB
:107D9000AA00010006F2AA00000005F3AA000100F3
:107DA00009F5AA0000000BF6AA0000000601AB00CE
:107DB00005000609AB0005000611AB000500062012
:107DC000AB0006000628AB0006000430AB00220022
:107DD0000353AB0000000454AB000600175BAB007C
:107DE0000000055CAB0003000460AB0008000569FF
:107DF000AB000000176AAB0001000370AB004F003E
:107E000006C0AB00220009E3AB0001000BE5AB00AC
:107E1000000009E6AB0001000BE8AB00000009E937
:107E2000AB00010014EBAB00000009ECAB0000005C
:107E30000BEDAB0000000CF0AB0009000600AC003D
:107E4000A32B06B0D700160006CBD70030000200E7
:107E5000D800FF070600F9006D010670FA006900FE
:107E60000400FB0006000413FB000400061DFB00D9
:107E700000000B1EFB000000061FFB000900182974
:107E8000FB000000062AFB000C000638FB00040083
:107E9000063EFB0000000640FB0001000643FB001D
:107EA00001000646FB006B0017B2FB00100006D372
:107EB000FB006A01113EFD000000153FFD000000BF
:107EC0001940FD000F000650FD003F000692FD0026
:107ED000350019CFFD00000006F0FD000B0016FC78
:107EE000FD00000019FDFD0002000B00FE000F0068
:107EF0001410FE0006001517FE0000001118FE0009
:107F000000001419FE0000000B20FE000F001430CA
:107F1000FE0000001031FE0001000F33FE000100E2
:107F20001535FE0000001136FE0000001537FE007A
:107F300000001138FE0000001539FE000000113A63
:107F4000FE000000153BFE000000113CFE0000009A
:107F5000153DFE000000113EFE000000153FFE0032
:107F600000001140FE0000001541FE00000011421B
:107F7000FE0000001543FE0000001144FE0000005A
:107F80001445FE0001001547FE0000001148FE00E8
:107F900000001449FE0003000F4DFE0002001450C3
:107FA000FE0002001454FE0003001058FE00000002
:107FB0001559FE000000115AFE000000155BFE007E
:107FC0000000115CFE000000155DFE000000115E67
:107FD000FE000000145FFE0002001862FE000000B8
:107FE0001063FE0000001864FE0002001468FE002A
:107FF00000001669FE000000146AFE000100067011
:10800000FE0004000676FE00860001FFFE00000070
:108010001401FF0002001604FF0000001405FF0019
:1080200002001508FF0000001109FF000000140AFB
:10803000FF000000180BFF000000140CFF00000000
:10804000100DFF000000140EFF0001000C10FF00D7
:108050000900141AFF000100181CFF000200141F81
:10806000FF0001000321FF001900153BFF00000085
:10807000143CFF000000113DFF000000173EFF0010
:1080800000000F3FFF0000001740FF000000034109
:10809000FF001900155BFF000000185CFF000000E6
:1080A000115DFF000000185EFF000000155FFF007B
:1080B00000001160FF0000001461FF000000156265
:1080C000FF0000001163FF0000001464FF000100C6
:1080D0000666FF0009000570FF0000000671FF0042
:1080E0002C00059EFF00010006A0FF001E0006C236
:1080F000FF00050006CAFF00050006D2FF000500CC
:1081000006DAFF00020016E0FF00010018E2FF009F
:10811000000017E3FF00000019E4FF00000016E56F
:10812000FF00010019E8FF00000018E9FF0003004C
:1081300019EDFF00010001F9FF00020019FCFF002A
:108140000100060000010B00060D000119000628C1
:1081500000011200063C00010100063F00010E0074
:10816000065000010D00068000017A001400010194
:1081700002000E0701012C001937010108000D4013
:10818000010134000E75010103001979010110008D
:108190000E8A01010100198C0101020019900101F0
:1081A0000C0019A00101000019D001012C000BFDE9
:1081B00001010000068002011C0006A0020130003F
:1081C0000BE0020100000EE102011A0006000301AB
:1081D0001F000E2003010300062D030113000D41B3
:1081E000030100000642030107000D4A03010000DD
:1081F0000650030125000B760301040006800301ED
:108200001D00149F0301000006A00301230006C8FF
:108210000301070014D0030100000DD10301040085
:10822000030004014F00065004014D000CA004019E
:10823000090003B00401230003D804012300060051
:1082400005012700063005013300146F0501000009
:10825000037005010A00037C05010E00038C050173
:108260000600039405010100039705010A0003A31A
:1082700005010E0003B30501060003BB0501010063
:1082800006000601360106400701150006600701D9
:10829000070005800701050005870701290005B2D1
:1082A0000701080006000801050006080801000093
:1082B000060A08012B00063708010100063C0801E8
:1082C0000000063F080116001457080100000E5870
:1082D000080107000660080116001977080101006F
:1082E0000E7908010600068008011E000EA708018D
:1082F000080006E00801120006F4080101000EFB68
:10830000080104000600090115000E160901050008
:10831000141F09010000062009011900143F09017A
:1083200000000680090137000EBC0901010006BEED
:10833000090101000EC009010F000ED209012D0034
:1083400006000A0100000B010A0102000B050A01E8
:1083500001000B0C0A01030006100A0103000615B8
:108360000A01020006190A011C000B380A0102006A
:108370000B3F0A0100000E400A01080014500A01D8
:10838000080006600A011C000E7D0A010100147F2E
:108390000A01000006800A011C000E9D0A0102006D
:1083A00006C00A01070019C80A01000006C90A012F
:1083B0001B000BE50A0101000EEB0A01040014F09A
:1083C0000A01060006000B01350014390B010600F6
:1083D00006400B0115000E580B01070006600B014B
:1083E00012000E780B01070006800B011100149992
:1083F0000B0103000EA90B01060006000C0148004A
:1084000003800C01320003C00C0132000EFA0C0193
:10841000050006000D0123000B240D0103000C30A4
:108420000D0109000E600E011E0006800E012900DC
:108430000BAB0E01010010AD0E01000006B00E01E5
:1084400001000BFD0E01020006000F011C000E1DB5
:108450000F01090006270F01000006300F0115006B
:108460000B460F010A000E510F01030014550F01B6
:10847000040006700F0111000B820F010300148627
:108480000F01030006B00F0114000EC50F01060016
:1084900006E00F0116000900100100000B01100199
:1084A00000000902100100000603100134000B381F
:1084B00010010E001447100106000E5210011300A7
:1084C0000C66100109000B7010010000067110010C
:1084D00001000B73100101000675100100000B7FF5
:1084E00010010200098210010000068310012C0017
:1084F00009B0100102000BB31001030009B710010D
:1085000001000BB91001010014BB1001010001BDF5
:108510001001000014BE100103000BC21001000086
:1085200001CD1001000006D0100118000CF0100160
:1085300009000B00110102000603110123000B27A3
:1085400011010400092C110100000B2D110107007D
:108550000C361101090014401101030006441101F9
:1085600000000945110101000647110100000650F5
:10857000110122000B73110100001474110101009C
:108580000676110100000B80110101000982110122
:108590000000068311012F0009B3110102000BB680
:1085A0001101080009BF1101010006C111010300FA
:1085B00014C5110103000BC91101030014CD1101F1
:1085C000000009CE110100000BCF110100000CD0FA
:1085D0001101090006DA1101000014DB110100008D
:1085E00006DC1101000014DD110102000EE1110191
:1085F0001300060012011100061312011800092CC5
:10860000120102000B2F12010200093212010100B7
:108610000B34120100000935120100000B36120163
:1086200001001438120105000B3E12010000063F44
:10863000120101000B411201000006801201060028
:10864000068812010000068A12010300068F12013B
:108650000E00069F1201090014A91201000006B0C5
:1086600012012E000BDF1201000009E012010200CE
:108670000BE3120107000CF0120109000B001301BB
:108680000100090213010100060513010700060F8E
:1086900013010100061313011500062A1301060039
:1086A0000632130101000635130104000B3B1301D0
:1086B0000100063D13010000093E130101000B40BB
:1086C00013010000094113010300094713010100D0
:1086D000094B130102000650130100000957130152
:1086E0000000065D130104000962130101000B661E
:1086F000130106000B70130104000600140134007E
:108700000935140102000B38140107000940140157
:1087100001000B42140102000945140100000B4640
:1087200014010000064714010300144B1401040057
:108730000C5014010900145A14010100145D1401B5
:1087400000000B5E14010000065F140102000680A9
:1087500014012F0009B0140102000BB3140105002D
:1087600009B9140100000BBA1401000009BB14017F
:1087700003000BBF1401010009C1140100000BC26A
:108780001401010006C41401010014C61401000004
:1087900006C7140100000CD0140109000680150161
:1087A0002E0009AF150102000BB21501030009B834
:1087B000150103000BBC1501010009BE15010000E5
:1087C0000BBF1501010014C11501160006D81501D3
:1087D00003000BDC15010100060016012F00093013
:1087E000160102000B3316010700093B16010100B8
:1087F0000B3D16010000093E160100000B3F16015B
:1088000001001441160102000644160100000C503C
:1088100016010900146016010C00068016012A00DA
:108820000BAB1601000009AC160100000BAD1601E0
:10883000000009AE160101000BB01601050009B6D3
:10884000160100000BB71601000006B81601000063
:1088500014B9160100000CC016010900060017012A
:108860001A000B1D170102000920170101000B223D
:10887000170103000926170100000B271701040048
:108880000C30170109000E3A17010100143C1701C2
:108890000200193F170100000640170106000600FC
:1088A00018012B00092C180102000B2F18010800D9
:1088B0000938180100000B3918010100143B180198
:1088C000000003A018013F000CE0180109000EEAA7
:1088D0001801080006FF1801070006091901000029
:1088E000060C1901070006151901010006181901E7
:1088F00017000930190105000937190101000B3B68
:1089000019010100093D190100000B3E1901000089
:10891000063F190100000940190100000641190134
:1089200000000942190100000B4319010000144422
:10893000190102000C501901090006A019010700D5
:1089400006AA1901260009D1190102000BD4190148
:1089500003000BDA1901010009DC190103000BE027
:108960001901000006E11901000014E219010000DC
:1089700006E31901000009E41901000006001A01CC
:1089800000000B011A010900060B1A0127000B3326
:108990001A01050009391A010000063A1A010000FF
:1089A0000B3B1A010300143F1A0107000B471A0181
:1089B000000006501A0100000B511A01050009576A
:1089C0001A0101000B591A010200065C1A012D0060
:1089D0000B8A1A010C0009971A0100000B981A0162
:1089E0000100149A1A010200069D1A010000149E4B
:1089F0001A01040006B01A01480014001B01090006
:108A000006001C010800060A1C012400092F1C0195
:108A100000000B301C0106000B381C010500093E4C
:108A20001C0100000B3F1C01000006401C0100005F
:108A300014411C0104000C501C0109000E5A1C01B9
:108A4000120014701C01010006721C011D000B9223
:108A50001C01150009A91C0100000BAA1C0106003D
:108A600009B11C0100000BB21C01010009B41C017A
:108A700000000BB51C01010006001D0106000608E0
:108A80001D010100060B1D0125000B311D01050014
:108A90000B3A1D0100000B3C1D0101000B3F1D01A5
:108AA000060006461D0100000B471D0100000C508A
:108AB0001D01090006601D01050006671D0101007A
:108AC000066A1D011F00098A1D0104000B901D018B
:108AD000010009931D0101000B951D01000009967D
:108AE0001D0100000B971D01000006981D010000EC
:108AF0000CA01D01090006E01E0112000BF31E016F
:108B0000010009F51E01010014F71E0101000B0010
:108B10001F01010006021F01000009031F010000E0
:108B200006041F010C0006121F01210009341F0159
:108B300001000B361F010400093E1F0101000B401C
:108B40001F01000009411F0100000B421F0100002E
:108B500014431F010C000C501F01090006B01F0137
:108B600000000EC01F01140019D51F01070016DDFB
:108B70001F01030019E11F01100014FF1F01000075
:108B80000600200199030D0024016E0014702401D9
:108B9000040006802401C30006902F01600014F138
:108BA0002F010100060030012F04013034010F00B5
:108BB0000B40340100000641340105000B4734012D
:108BC0000E00060044014602060068013802064015
:108BD0006A011E000C606A010900146E6A0101003E
:108BE00006706A014E000CC06A01090006D06A01D5
:108BF0001D000BF06A01040014F56A010000060074
:108C00006B012F000B306B01060014376B01040061
:108C1000193C6B01030005406B01030014446B0118
:108C2000000019456B0100000C506B0109000E5B40
:108C30006B01060006636B011400067D6B011200D8
:108C400003406E013F000E806E01160014976E0106
:108C5000030006006F014A000B4F6F010000065031
:108C60006F01000009516F0136000B8F6F01030087
:108C700005936F010C0005E06F01010014E26F0124
:108C8000000005E36F0100000BE46F01000009F034
:108C90006F01010006007001F71706008801D50476
:108CA00006008D01080005F0AF01030005F5AF01D6
:108CB000060005FDAF0101000600B00122010632E9
:108CC000B10100000650B10102000655B1010000DB
:108CD0000664B10103000670B1018B010600BC01FE
:108CE0006A000670BC010C000680BC0108000690FA
:108CF000BC010900199CBC0100000B9DBC010100D6
:108D0000149FBC01000001A0BC0103000B00CF01B7
:108D10002D000B30CF0116001950CF017300190040
:108D2000D001F5001900D10126001929D1013B001D
:108D30000965D10101000B67D1010200196AD10157
:108D40000200096DD10105000173D10107000B7B01
:108D5000D10107001983D10101000B85D101060063
:108D6000198CD1011D000BAAD101030019AED1014C
:108D70003C001900D20141000B42D201020019450A
:108D8000D20100000EC0D20113000EE0D201130088
:108D90001900D30156000E60D30118000800D40159
:108DA0001900041AD40119000834D4011900044E22
:108DB000D40106000456D40111000868D40119003A
:108DC0000482D4011900089CD4010000089ED4013B
:108DD000010008A2D401000008A5D401010008A9DF
:108DE000D401030008AED401070004B6D401030087
:108DF00004BBD401000004BDD401060004C5D401A5
:108E00000A0008D0D401190004EAD40119000804AA
:108E1000D50101000807D5010300080DD5010700A1
:108E20000816D5010600041ED50119000838D50121
:108E30000100083BD50103000840D50104000846A5
:108E4000D5010000084AD50106000452D5011900D9
:108E5000086CD50119000486D501190008A0D501B8
:108E6000190004BAD501190008D4D501190004EE7F
:108E7000D50119000808D60119000422D6011900ED
:108E8000083CD60119000456D60119000870D60115
:108E90001900048AD6011B0008A8D601180018C1C1
:108EA000D601000004C2D601180018DBD60100006C
:108EB00004DCD601050008E2D601180018FBD60133
:108EC000000004FCD60118001815D7010000041694
:108ED000D7010500081CD70118001835D70100007C
:108EE0000436D7011800184FD70100000450D701ED
:108EF00005000856D7011800186FD701000004704C
:108F0000D70118001889D7010000048AD70105008D
:108F10000890D701180018A9D701000004AAD701AA
:108F2000180018C3D701000004C4D701050008CAFF
:108F3000D701000004CBD70100000CCED7013100CF
:108F40001900D801FF010B00DA0136001937DA01E8
:108F500003000B3BDA013100196DDA0107000B75D4
:108F6000DA0100001976DA010D000B84DA01000045
:108F70001985DA0101001487DA0104000B9BDA017C
:108F800004000BA1DA010E000400DF010900060A4B
:108F9000DF010000040BDF0113000425DF010500E1
:108FA0000B00E00106000B08E00110000B1BE001C4
:108FB00006000B23E00101000B26E0010400053050
:108FC000E0013D000B8FE00100000600E1012C00F4
:108FD0000B30E10106000537E10106000C40E1011C
:108FE0000900064EE1010000194FE1010000069062
:108FF000E2011D000BAEE201000006C0E2012B0001
:109000000BECE20103000CF0E201090016FFE201A3
:10901000000006D0E4011A0005EBE40100000BECAF
:10902000E40103000CF0E401090006E0E70106009A
:1090300006E8E701030006EDE701010006F0E7019D
:109040000E000600E801C4000EC7E80108000BD0BE
:10905000E80106000300E90143000B44E9010600B2
:10906000054BE90100000C50E9010900145EE9011B
:1090700001000E71EC013A0019ACEC0100000EADDC
:10908000EC01020016B0EC0100000EB1EC0103008F
:109090000E01ED012C00192EED0100000E2FED0147
:1090A0000E000600EE0103000605EE011A0006217F
:1090B000EE0101000624EE0100000627EE0100008B
:1090C0000629EE0109000634EE0103000639EE011F
:1090D0000000063BEE0100000642EE0100000647DC
:1090E000EE0100000649EE010000064BEE01000013
:1090F000064DEE0102000651EE0101000654EE019C
:1091000000000657EE0100000659EE010000065B64
:10911000EE010000065DEE010000065FEE010000BA
:109120000661EE0101000664EE0100000667EE0133
:109130000300066CEE0106000674EE0103000679DA
:10914000EE010300067EEE0100000680EE0109003C
:10915000068BEE01100006A1EE01020006A5EE014D
:10916000040006ABEE01100018F0EE01010019003A
:10917000F0012B001930F001630019A0F0010E007E
:1091800019B1F0010E0019C1F0010E0019D1F00162
:1091900024000E00F1010C00190DF101A00019E6E8
:1091A000F1011C001910F2012B001940F201080016
:1091B0001950F20101001960F20105001900F301D4
:1091C000FA0017FBF30104001900F401D70219DCBF
:1091D000F601100019F0F6010C001900F7017600F5
:1091E000197BF7015E0019E0F7010B0019F0F70198
:1091F00000001900F8010B001910F8013700195090
:10920000F80109001960F80127001990F8011D0004
:1092100019B0F80101001900F90153011960FA01B0
:109220000D001970FA010C001980FA01080019905C
:10923000FA012D0019BFFA01060019CEFA010D003E
:1092400019E0FA01080019F0FA0108001900FB0101
:1092500092001994FB0136000CF0FB010900060096
:109260000002DFA60600A70239100640B702DD00A3
:109270000620B802811606B0CE02301D0600F802A4
:109280001D02060000034A13065013035F1001017C
:10929000000E00000120000E5F000B00010EEF0029
:1092A00030303030303030303030303030303030BE
:1092B00020202020202020202020202020202020AE
:1092C000FB21F93FFB2109407CD91240FB211940C9
:1092D0007A6A1F407CD92240BBFD2540FB212940F2
:1092E0003A462C407A6A2F405C4731407CD9324064
:1092F0009C6B3440BBFD3540DB8F3740FB21394050
:109300001BB43A403A463C405AD83D407A6A3F4006
:109310004C7E40405C4741406C1042407CD942400A
:109320008CA243409C6B4440AC344540BBFD45405F
:10933000CBC64640DB8F4740EB584840FB214940B5
:1093400083F9A200444E6E00FC291500D157270076
:10935000DD34F50062DBC0003C999500419043008C
:109360006351FE00BBDEAB00B761C5003A6E24005E
:10937000D24D42004906E00009EA2E001C92D100BD
:10938000EB1DFE0029B11C00E83EA700F535820068
:1093900044BB2E009CE98400B4267000417E5F002F
:1093A000D6913900538339009CF439008B5F8400D7
:1093B00028F9BD00F81F3B00DEFF97000F9805005D
:1093C000112FEF000A5A8B006D1F6D00CF7E360003
:1093D00009CB2700464FB7009E663F002DEA5F008D
:1093E000BA277500E5EBC7003D7BF100F7390700B0
:1093F00092528A00FB6BEA001FB15F00085D8D008E
:10940000300356007BFC4600F0AB6B0020BCCF0065
:1094100036F49A00E3A91D005E619100081BE60086
:1094200085996500A0145F008D40680080D8FF001A
:1094300027734D0006063100CA561500C9A87300EF
:109440007BE260006B8CC00000000040FB21F93F14
:10945000000000002D44743E000000809846F83C57
:109460000000006051CC783B00000080831BF03985
:109470000000004020257A38000000802282E33678
:10948000000000001DF36935020000000300000029
:1094900004000000060000003E410C41114127413C
:1094A00036410341064115410F410E41264113410A
:1094B0002941024119410A410B41000010000000FE
:1094C00000000000017A5200027C0E011B0C0D000E
:1094D0001400000018000000B03EFEFFEC00000089
:1094E00000024D0A430B000000000000F8B500BF69
:1094F000F8BC08BC9E467047F8B500BFF8BC08BC75
:109500009E46704751D50000D50400008D34000000
:1095100025560000158F000089B70000B104000037
:109520001F8F000093B70000E9C0000065C3000072
:08953000C06FFD7F0100000087
:10954000000000008065140680651406806514061E
:10955000601985018065140680651406806514060F
:109560008C080020797A6166706E756D006B4D47CE
:109570005450455A59000000440802000A0A455355
:10958000432D46534D3E2000440802000000005089
:10959000440802002AED00E029ED00E038ED00E08B
:1095A00028ED00E034ED00E028ED00E02CED00E0D7
:1095B00008E000E00CED00E04408020000000000BC
:1095C0008065140600000000000000000300000099
:1095D0002060002098000020000000002060002093
:1095E00088600020F0600020000000000000000003
:1095F000000000000000000000000000000000006B
:10960000000000000000000000000000000000005A
:10961000000000000000000000000000000000004A
:10962000000000000000000000000000000000003A
:10963000000000000000000000000000000000002A
:10964000000000000000000000000000000000001A
:10965000000000000000000000000000000000000A
:1096600000000000000000000000000000000000FA
:1096700001000000000000000E33CDAB34126DE697
:10968000ECDE05000B000000000000000000000000
:1096900000000000000000000000000000000000CA
:1096A00000000000000000000000000000000000BA
:1096B00000000000000000000000000000000000AA
:1096C000000000000000000000000000000000009A
:1096D000000000000000000000000000000000008A
:1096E000000000000000000000000000000000007A
:1096F000000000000000000000000000000000006A
:109700000000000000000000000000000000000059
:10971000000000000000000078610020FFFFFFFF54
:109720000000020000000000000000000000000037
:10973000E8010020E8010020F0010020F0010020F5
:10974000F8010020F80100200002002000020020A3
:109750000802002008020020100200201002002051
:109760001802002018020020200200202002002001
:1097700028020020280200203002002030020020B1
:109780003802002038020020400200204002002061
:109790004802002048020020500200205002002011
:1097A00058020020580200206002002060020020C1
:1097B0006802002068020020700200207002002071
:1097C0007802002078020020800200208002002021
:1097D00088020020880200209002002090020020D1
:1097E0009802002098020020A0020020A002002081
:1097F000A8020020A8020020B0020020B002002031
:10980000B8020020B8020020C0020020C0020020E0
:10981000C8020020C8020020D0020020D002002090
:10982000D8020020D8020020E0020020E002002040
:10983000E8020020E8020020F0020020F0020020F0
:10984000F8020020F802002000030020000300209E
:10985000080300200803002010030020100300204C
:1098600018030020180300202003002020030020FC
:1098700028030020280300203003002030030020AC
:10988000380300203803002040030020400300205C
:10989000480300204803002050030020500300200C
:1098A00058030020580300206003002060030020BC
:1098B000680300206803002070030020700300206C
:1098C000780300207803002080030020800300201C
:1098D00088030020880300209003002090030020CC
:1098E0009803002098030020A0030020A00300207C
:1098F000A8030020A8030020B0030020B00300202C
:10990000B8030020B8030020C0030020C0030020DB
:10991000C8030020C8030020D0030020D00300208B
:10992000D8030020D8030020E0030020E00300203B
:10993000E8030020E8030020F0030020F0030020EB
:10994000F8030020F8030020000400200004002099
:109950000804002008040020100400201004002047
:1099600018040020180400202004002020040020F7
:1099700028040020280400203004002030040020A7
:109980003804002038040020400400204004002057
:109990004804002048040020500400205004002007
:1099A00058040020580400206004002060040020B7
:1099B0006804002068040020700400207004002067
:1099C0007804002078040020800400208004002017
:1099D00088040020880400209004002090040020C7
:1099E0009804002098040020A0040020A004002077
:1099F000A8040020A8040020B0040020B004002027
:109A0000B8040020B8040020C0040020C0040020D6
:109A1000C8040020C8040020D0040020D004002086
:109A2000D8040020D8040020E0040020E004002036
:109A3000E8040020E8040020F0040020F0040020E6
:109A4000F8040020F8040020000500200005002094
:109A50000805002008050020100500201005002042
:109A600018050020180500202005002020050020F2
:109A700028050020280500203005002030050020A2
:109A80003805002038050020400500204005002052
:109A90004805002048050020500500205005002002
:109AA00058050020580500206005002060050020B2
:109AB0006805002068050020700500207005002062
:109AC0007805002078050020800500208005002012
:109AD00088050020880500209005002090050020C2
:109AE0009805002098050020A0050020A005002072
:109AF000A8050020A8050020B0050020B005002022
:109B0000B8050020B8050020C0050020C0050020D1
:109B1000C8050020C8050020D0050020D005002081
:109B2000D8050020D8050020E0050020E005002031
:109B300043000000000000000000000000000000E2
:109B40000000000000000000000000000000000015
:109B50000000000000000000000000000000000005
:109B600000000000000000000000000000000000F5
:109B700000000000000000000000000000000000E5
:109B800000000000000000000000000000000000D5
:109B900000000000000000000000000000000000C5
:109BA00000000000000000000000000000000000B5
:109BB00000000000000000000000000000000000A5
:109BC0000000000000000000000000000000000095
:109BD0000000000000000000000000000000000085
:109BE0000000000000000000000000000000000075
:109BF0000000000000000000000000000000000065
:109C00000000000000000000000000000000000054
:109C10000000000000000000430000000000000001
:109C20000000000000000000000000000000000034
:109C300000000000000000004300000000000000E1
:109C40000000000000000000000000000000000014
:109C500000000000000000004300000000000000C1
:109C600000000000000000000000000000000000F4
:109C700000000000000000004300000000000000A1
:109C800000000000000000000000000000000000D4
:109C90000000000000000000430000000000000081
:109CA00000000000000000000000000000000000B4
:109CB0000000000000000000430000000000000061
:109CC0000000000000000000000000000000000094
:109CD0000000000000000000430000000000000041
:109CE0000000000000000000000000000000000074
:109CF0000000000000000000AD5E01001938010006
:109D000000000000441E02008C2002001C22020001
:109D10001C2202001C2202001C2202001C22020043
:109D20001C2202001C2202001C2202001C22020033
:109D3000FFFFFFFFFFFFFFFFFFFFFFFFFFFF000031
:109D400001004153434949000000000000000000A9
:109D50000000000000000000000000000000000003
:109D6000000041534349490000000000000000008A
:109D700000000000000000000000000000000000E3
:109D80000000000043000000000000000000000090
:109D900000000000000000000000000000000000C3
:109DA00000000000000000000000000000000000B3
:040000030000019167
:00000001FF
