:1000000000000120910100007F0300006105000055
:100010008303000073050000850500000000000058
:100020000000000000000000000000008903000044
:100030008B030000000000008D0300008F03000010
:100040009103000093030000950300009703000054
:10005000990300009B0300009D0300009F03000024
:10006000A1030000A3030000A5030000A7030000F4
:10007000A9030000AB030000AD030000AF030000C4
:10008000B1030000B3030000B5030000B703000094
:10009000B9030000BB030000BD030000BF03000064
:1000A000C1030000C3030000C5030000C703000034
:1000B000C9030000CB030000CD030000CF03000004
:1000C000D1030000D3030000D5030000D7030000D4
:1000D000D9030000DB030000DD030000DF030000A4
:1000E000E1030000E3030000E5030000E703000074
:1000F000E9030000EB030000ED030000EF03000044
:10010000F1030000F3030000F5030000F703000013
:10011000F9030000FB030000FD030000FF030000E3
:1001200001040000030400000504000007040000AF
:10013000090400000B0400000D0400000F0400007F
:10014000110400001304000015040000170400004F
:10015000190400001B0400001D0400001F0400001F
:1001600021040000230400002504000027040000EF
:10017000290400002B0400002D0400002F040000BF
:100180003104000033040000000000000000000003
:100190004FF0000BDFF8BE020068DFF8B612096806
:1001A00001F0030100F01C00142801D14BF0020BF8
:1001B000002901D04BF0010BBBF1000F05D0A7487F
:1001C000A749DFF8722200F09FF8A64880470BF09D
:1001D000020ABAF1000F0CD0DFF86E02DFF86E12DF
:1001E00002680B680FB44FF000024FF0FF0302608B
:1001F0000B609D484FF000024FF00103022808D128
:10020000DFF83A120A60DFF83E120A60DFF83212B5
:100210000B60012808D1DFF82A120A60DFF82612E5
:100220000A60DFF81A120B609048002809D1904844
:100230009049914A00F030F890489149914A00F075
:100240002BF891489149924A00F026F8914892493A
:10025000DFF8E22100F058F8BBF1000F10D08F4812
:100260008F49DFF8D62100F04FF80BF0020ABAF1FF
:10027000000F05D00FBC02600B6000BFAFF3008021
:10028000DFF820020FF2030E00474FF000004FF09E
:100290000001DFF814F2FEE72DE9F841884225D08D
:1002A000B2EB010200D5FEE740EA010313F00303BD
:1002B00002D000F01DF819E04FF000039046121133
:1002C000F7D09A421CBFF0C8F0C103F10103F8D186
:1002D00008F00F08B8F1000F08D004780C7000F196
:1002E000010001F10101B8F10108F6D1BDE8F88182
:1002F00008B54FF0000303780B7000F1010001F125
:100300000101013AF7D108BD884237D000F0030659
:10031000002E14D04FF00405A5EB06044FF008079B
:1003200007FB06F8914669FA08F9002C07D080F817
:10033000009069FA07F900F10100013CF5E74FF080
:1003400000060F46091A88460911914614461546BB
:10035000B14206D018BFA0E8340206F10106B1424E
:10036000F8D108F00F08B8F1000F07D002704FEA7B
:10037000322200F10100B8F10108F4E77047FEE70E
:10038000FEE7FEE7FEE7FEE7FEE7FEE7FEE7FEE745
:10039000FEE7FEE7FEE7FEE7FEE7FEE7FEE7FEE735
:1003A000FEE7FEE7FEE7FEE7FEE7FEE7FEE7FEE725
:1003B000FEE7FEE7FEE7FEE7FEE7FEE7FEE7FEE715
:1003C000FEE7FEE7FEE7FEE7FEE7FEE7FEE7FEE705
:1003D000FEE7FEE7FEE7FEE7FEE7FEE7FEE7FEE7F5
:1003E000FEE7FEE7FEE7FEE7FEE7FEE7FEE7FEE7E5
:1003F000FEE7FEE7FEE7FEE7FEE7FEE7FEE7FEE7D5
:10040000FEE7FEE7FEE7FEE7FEE7FEE7FEE7FEE7C4
:10041000FEE7FEE7FEE7FEE7FEE7FEE7FEE7FEE7B4
:10042000FEE7FEE7FEE7FEE7FEE7FEE7FEE7FEE7A4
:10043000FEE7FEE7704700000000A2A2A2A2008033
:100440000340088003401080034030800340348024
:1004500003403880034018080240000000F00020EC
:10046000000001209D0500000000000000000000C9
:10047000000000000000000090010000B004000037
:10048000B004000068950200709502000000002092
:100490007008002070080020106500201065002002
:1004A00000F0002055D10000D5C100000000000080
:1004B00010B5054C237833B9044B13B10448AFF39E
:1004C00000800123237010BD700800200000000090
:1004D000EC94020008B5034B1BB103490348AFF38A
:1004E000008008BD0000000074080020EC940200A9
:1004F000A3F5803A704700BF154B002B08BF114B86
:100500009D46FFF7F5FF00218B460F461148124A22
:10051000121A0CF057FC0C4B002B00D098470B4BD9
:10052000002B00D098470020002104000D000B484C
:100530000BF032FF0CF00EFE200029000BF04AFEFB
:100540000BF030FF00000800000000000000000079
:10055000000000007008002010650020A5D10000F8
:100560001EF0040F0CBFEFF30880EFF309800BF0CF
:10057000EBBC1EF0040F0CBFEFF30880EFF3098013
:100580000BF02CBD1EF0040F0CBFEFF30880EFF34F
:1005900009800BF053BD0138FDD1704780B500AF25
:1005A00000F0FAF8044B5B69034A43F400735361AB
:1005B000FFF740FF00BF80BD00ED00E080B588B0D0
:1005C00000AF314BD3F8983003F08063FB61FB69D7
:1005D000002B4ED12C4BD3F8983003F480537B6121
:1005E0007B69002B15D1294B294A1A60294B284ACF
:1005F0001A60294B264A1A60284B294A1A60294B4F
:10060000234A1A60284B224A1A60284B204A1A6053
:1006100036E0274A3B1D92E8030083E803001A4BAB
:10062000D3F89C309B0903F007033B613A1D3B69FB
:1006300013441B78FB73FB7B022B12D0022B14DCC0
:10064000002B02D0012B07D00FE000F035F8B86185
:10065000B86900F04FF813E04FF4004000F04AF89A
:100660000EE0144800F046F80AE0124800F042F8A4
:1006700006E000F021F8B861B86900F03BF8FFE748
:1006800000BF2037BD4680BD00800340040000202D
:1006900080651406080000200C00002010000020D7
:1006A0006019850114000020180000201C000020A3
:1006B0001CDF010040420F0080B483B000AF0A4B42
:1006C000D3F8503103F004033B603B68002B02D1A8
:1006D000064B7B6001E0064B7B607B6818460C375D
:1006E000BD4680BC704700BF0080034040787D015C
:1006F00080F0FA0280B483B000AF78600C4A7B6867
:1007000013600C4A7B6813600B4A7B6813600B4BC9
:100710000B4A1A600B4A7B6813600B4A7B681360B4
:100720000A4A7B68136000BF0C37BD4680BC704727
:1007300004000020080000200C0000201000002011
:100740006019850114000020180000201C00002002
:1007500080B483B000AF0E4BD3F84C313B603B68A4
:100760004FF60202934204D03B680A4A934203D0F8
:1007700005E001237B6005E002237B6002E00023AB
:100780007B6000BF7B6818460C37BD4680BC704755
:100790000080034002F8010080B582B000AFFFF78F
:1007A000D7FF78607B68012B02D100F007F800E0EA
:1007B00000BF00BF0837BD4680BD000080B400AF59
:1007C000094BD3F89830084A43F48073C2F8983044
:1007D000054BD3F89830044A23F08063C2F8983070
:1007E00000BFBD4680BC70470080034080B483B02A
:1007F00000AF78604FF0FF3318460C37BD4680BC21
:10080000704780B584B000AFF860B9607A600CF0D2
:100810009BFC03460C221A604FF0FF33184610373A
:10082000BD4680BD80B483B000AF786000BFFDE7F7
:1008300080B500AF0CF088FC03460B221A604FF025
:10084000FF33184680BD80B483B000AF7860396054
:100850003B684FF400525A60002318460C37BD46DF
:1008600080BC704780B400AF01231846BD4680BCF1
:10087000704780B483B000AF7860012318460C370E
:10088000BD4680BC704780B582B000AF78603960EB
:100890000CF05AFC034616221A604FF0FF3318463C
:1008A0000837BD4680BD80B582B000AF7860396042
:1008B0000CF04AFC03461F221A604FF0FF33184623
:1008C0000837BD4680BD80B485B000AFF860B96020
:1008D0007A60002318461437BD4680BC704780B448
:1008E00085B000AFF860B9607A604FF0FF3318460A
:1008F0001437BD4680BC704780B485B000AFF86047
:10090000B9607A60002318461437BD4680BC704732
:1009100080B485B000AFF860B9607A603B600023B6
:1009200018461437BD4680BC7047000080B586B0BD
:1009300000AF78601F4B1B68002B02D11D4B1E4A75
:100940001A601C4B1B687B61EFF308833B61194BFA
:100950001B683A699A420FD9164B1A687B68134490
:100960003A699A421AD21923144A01210020FFF74A
:10097000CFFF0120FFF756FF114BFB600D4B1A68AC
:100980007B681344FA689A4208D219230D4A012160
:100990000020FFF7BDFF0120FFF744FF054B1A6859
:1009A0007B681344034A13607B6918461837BD46B9
:1009B00080BD00BF900800201065002024DF0100EA
:1009C00000F0002040DF010080B483B000AF786009
:1009D00039603B684FF400525A60002318460C37C8
:1009E000BD4680BC704780B483B000AF78604FF0E4
:1009F000FF3318460C37BD4680BC704780B582B0C7
:100A000000AF78600CF0A0FB034602221A604FF0A2
:100A1000FF3318460837BD4680BD80B582B000AFB1
:100A200078600CF091FB03460A221A604FF0FF3306
:100A300018460837BD4680BD2DE9B04384B000AFED
:100A400078607B68002298469146104BD3E90023DA
:100A500002FB09F008FB03F10144A8FB02454B1916
:100A60001D460B4A4FF00003204629461BF04AFF63
:100A700002460B4613460133FB60F868FFF78BFD17
:100A800000BF1037BD46BDE8B08300BF8000002026
:100A900040420F0080B582B000AF78607B684FF4B1
:100AA0007A7202FB03F31846FFF7C6FF00BF083750
:100AB000BD4680BD80B582B000AF78607B684FF4E2
:100AC0007A7202FB03F31846FFF7E4FF00BF083712
:100AD000BD4680BD80B485B000AF786039604FF00E
:100AE000FF33FB603B68BB6012E07B681B781A46F3
:100AF000FB681B0E53400B4A52F82320FB681B0275
:100B00005340FB607B6801337B60BB68013BBB608B
:100B1000BB68002BE9D1FB68DB4318461437BD46A0
:100B200080BC704754DF010080B500AF30480AF048
:100B3000FBFF304B1B6819462F480AF0F5FF2F4B7F
:100B40001B6819462E480AF0EFFF2E4B1B6819460A
:100B50002D480AF0E9FF2D4B1B6819462C480AF076
:100B6000E3FF2C4B1B6819462B480AF0DDFF2B4B8B
:100B70001B6819462A480AF0D7FF2A4B1B681946FA
:100B800029480AF0D1FF294B1B68194628480AF06A
:100B9000CBFF284B1B68194627480AF0C5FF274B97
:100BA0001B68194626480AF0BFFF264B1B681946EA
:100BB00025480AF0B9FF254B1B68194624480AF05E
:100BC000B3FF244B1B68194623480AF0ADFF234BA3
:100BD0001B68194622480AF0A7FF224B1B681946DA
:100BE00021480AF0A1FF21480AF09EFF00BF80BD06
:100BF00054E30100000000006CE3010090010000DC
:100C00008CE30100B0040000A8E301006895020035
:100C1000C0E3010060950200D4E301006895020082
:100C2000ECE301000000002004E401007008002053
:100C30001CE401007008002030E401001065002071
:100C400048E401001065002058E4010000F0002095
:100C500074E4010000F0002088E40100000001209D
:100C6000A4E4010010650020B8E40100C8E401001C
:100C700080B584B000AFF860B9607A603B603B68D3
:100C800018687B68BA68F968984702463B681A603A
:100C90003B681B68002B02D14FF0FF3300E00023BC
:100CA00018461037BD4680BD80B586B000AFF860ED
:100CB000B9607A603B6014E0BB68102B28BF10233A
:100CC0007B613B687A687969F868FFF7D1FF034672
:100CD000002B02DA4FF0FF3307E0BA687B69D31AC2
:100CE000BB60BB68002BE7D1002318461837BD4610
:100CF00080BD000080B586B000AFF860B9607A6052
:100D00003B6000237B617B68002B0BD0BB68FA68DB
:100D100079683048FFF7C8FF0346002B02DA4FF02E
:100D2000FF3353E07A697B6813447B613B68002B97
:100D300012D03B6A002B0FD0BB68FA68396A38685A
:100D4000FFF796FF0346002B02DA4FF0FF333DE03A
:100D50007A693B6A13447B617B6A002B0BD0BB68CA
:100D6000FA68796A1C48FFF79FFF0346002B02DAF6
:100D70004FF0FF332AE07A697B6A13447B61FB6A98
:100D8000002B0BD0BB68FA68F96AB86AFFF770FFEE
:100D90000346002B02DA4FF0FF3317E07A69FB6A53
:100DA00013447B613B6B002B0BD0BB68FA68396B3B
:100DB0000848FFF779FF0346002B02DA4FF0FF33B4
:100DC00004E07A693B6B13447B617B6918461837F2
:100DD000BD4680BDCCE40100E0E4010080B489B0F0
:100DE00000AFF860B9607A603B600023FB610023CC
:100DF000BB6100237B61FB689B681A46BB6893421A
:100E000005D2FB689B681A46BB68D31A7B61FB68F6
:100E10005B6803F00403002B02D07B69BB6101E037
:100E20007B69FB61FB685B6803F04003002B15D016
:100E3000FA69BB6913443B61FB685B6803F0040318
:100E4000002B0CBF01230023DBB21A463B6913447D
:100E50005B08FB613A69FB69D31ABB617B68002BB5
:100E600002D07B68FA691A603B68002B02D03B68AD
:100E7000BA691A6000BF2437BD4680BC70470000C5
:100E80002DE9B04FA0B000AFC7E912017A643B640E
:100E9000D7E91223C7E91C23D7E91C231446C3F35F
:100EA0001305C7E91845D7E91C234FF000004FF0A0
:100EB0000001180D00210346C3F30A03BB66D7E9FE
:100EC0001C234FF000004FF00001D80F0021034613
:100ED000FB66BA6E40F2FF739A4209D16FF000438D
:100EE000BB65FB6EFB65D7E91823C7E91423FFE058
:100EF000D7E9182313430DD1BB6E002B0AD1002371
:100F0000BB654FF000024FF00003C7E91423FB6EEE
:100F1000FB65EDE0FB6EFB65BB6E002B21D1012371
:100F2000BB664FF000024FF00003C7E91423002313
:100F3000BB650CE0D7E918239118B9615B41FB61EF
:100F4000D7E90623C7E91823BB6E013BBB66D7E987
:100F500018234FF0000A03F4002B5AEA0B03E9D0E0
:100F600006E075A3D3E90023C7E914230023BB657A
:100F700073A3D3E90023C7E91E23D7E918234FF051
:100F800000004FF00001190341EA12511003C7E9B4
:100F9000180131E0D7E91823002B0CDAD7E9140146
:100FA000D7E91E238418BC6341EB0303FB63D7E935
:100FB0000E34C7E91434D7E91823911839615B411D
:100FC0007B61D7E90423C7E91823D7E91E23511C05
:100FD000396343F100037B634FF000024FF00003DD
:100FE000D7E90C4521464A08204629460C4642EAE4
:100FF000C4724B08C7E91E23D7E918231343C9D18C
:10100000BB6EA3F2FF33BB6629E0D7E91423911826
:10101000B9605B41FB60D7E90223C7E91423D7E934
:10102000142341498A4241498B4115D3D7E91423FE
:10103000511DB96243F10003FB624FF00A024FF009
:101040000003D7E90A011BF05DFC02460B46C7E925
:101050001423BB6D0133BB65BB6E013BBB66BB6E2E
:10106000002BD2DC41E0D7E9142331498A423149CF
:101070008B4120D2D7E9144522462B464FF0000081
:101080004FF00001990041EA9271900002460B4630
:1010900012EB040843EB050918EB08033B6049EB2E
:1010A00009037B60D7E9008942464B46C7E9142310
:1010B000BB6D013BBB65D7E91423511C396243F179
:1010C00000037B624FF000024FF00003D7E90845B0
:1010D00021464A08204629460C4642EAC4724B087B
:1010E000C7E91423BB6E0133BB66BB6E002BBADBB2
:1010F0007B6C002B02D0FA6D7B6C1A603B6C002B72
:1011000004D0D7E91423396CC1E90023D7F8A03003
:10111000002B03D0BA6DD7F8A0301A6000BF80371B
:10112000BD46BDE8B08F00BF0000C16FF28623004E
:1011300000008D49FD1A07000080C6A47E8D0300C3
:1011400000406352BFC6010080B586B000AFF860B2
:10115000C7E900233A6A7B6AD31A7B610EE0D7E9BC
:1011600000014FF00A024FF000031BF0CBFB0246D8
:101170000B46C7E900237B69013B7B617B69002B40
:10118000EDDC7B6A7B6122E0D7E900014FF00A02C7
:101190004FF000031BF0B6FB13463B613B69DBB22B
:1011A0003033D9B27B69013BFA6813444AB21A70F2
:1011B000D7E900014FF00A024FF000031BF0A2FB39
:1011C00002460B46C7E900237B69013B7B617B69D3
:1011D000002BD9D17B6A18461837BD4680BD000068
:1011E00080B590B006AFF8607A603B600B46FB724A
:1011F00000237B6100233B613B6C6FF00042934214
:1012000015D1D7E90E23134311D097F90B30662B74
:1012100007D097F90B30652B03D097F90B30672B6C
:1012200002D12F4B3B6213E02E4B3B6210E097F94B
:101230000B30662B07D097F90B30652B03D097F94D
:101240000B30672B02D1284B3B6201E0274B3B62FE
:10125000386A0CF023F9F8613B6B002B02D0244B69
:101260007B6219E03B6B002B08D1FB685B6803F0E5
:101270000203002B02D01F4B7B620DE03B6B002B67
:1012800008D1FB685B6803F00103002B02D01A4B06
:101290007B6201E0194B7B62786A0CF0FFF8B86161
:1012A000FA69BB69D11807F1100307F11402F86855
:1012B000FFF794FD7A693B690493FB6903933B6AEA
:1012C000029300230193BB6900937B6A39687868B5
:1012D000FFF710FD034618462837BD4680BD00BF06
:1012E000F4E40100F8E40100FCE4010000E5010081
:1012F00004E5010008E501000CE5010010E501002E
:101300002DE9B0438AB000AFF860B9607A603B6005
:1013100048A3D3E90023C7E908230023FB61BB6886
:101320001B68BB617B6C002B21D0BA693E4B83FBF1
:101330000231D317C91A0B465B000B44D31ABB61A9
:10134000BB69002B02DABB690333BB613B68002B2E
:101350000DD0BB681B68002BB8BF5B427B617B690B
:10136000182B04DD7B69183BBA691344BB613B68E9
:10137000002B0AD1BB69002B02DABB690133BB61C8
:10138000BB69002BB8BF5B42BB61BA697B68134481
:101390000133FB61FB6923EAE373FB610BE0D7E9EF
:1013A00008014FF00A024FF000031BF0ABFA0246AF
:1013B0000B46C7E90823FB695A1EFA61002BEED1E0
:1013C000FB68D3E90001D7E90823841841EB030542
:1013D000FB68C3E90045FB68D3E9002313498A424F
:1013E00013498B4118D3FB68D3E9002312F1050898
:1013F00043F100094FF00A024FF00003404649460E
:101400001BF080FA02460B46F968C1E90023BB686D
:101410001B685A1CBB681A6000BF2837BD46BDE870
:10142000B08300BFAFF30080565555550000C16F23
:10143000F28623000080E03779C3110080B5AAB09E
:1014400006AFF8607A603B600B46FB720023C7F87A
:101450008C300023C7F884300023C7F88030002385
:10146000BB6100237B610023FB670023BB67002374
:101470007B6700233B670023FB660023BB660023DA
:10148000BB6500237B6500233B650023FB7497F954
:101490000B30672B03D097F90B30472B23D1012357
:1014A0007B65FB685B6823F02002FB685A60D7F815
:1014B000A83013F1040F05DBFB68DA68D7F8A83011
:1014C0009A4208DC97F90B30672B01D1652300E0C5
:1014D0004523FB7207E097F90B30672B01D1662398
:1014E00000E04623FB7297F90B30662B03D097F987
:1014F0000B30462B01D101233B65FB68DB68002BD9
:1015000002DAFB680622DA607B6D002B06D0FB68EE
:10151000DB68002B02D1FB680122DA60D7F8983033
:10152000002B03D0AB4BC7F888301EE0D7F89830BB
:10153000002B09D1FB685B6803F00203002B03D08A
:10154000A54BC7F8883010E0D7F89830002B09D1A8
:10155000FB685B6803F00103002B03D09F4BC7F8C7
:10156000883002E09E4BC7F88830D7F888000BF02F
:1015700095FF7863FB68DA68FB685B6803F020031B
:1015800007F1A80107F1A00001937B6D00933B6D6B
:10159000FFF7B6FED7E92823134324D01023C7F85A
:1015A0008C301AE0D7E928014FF00A024FF000030F
:1015B0001BF0A8F9134315D1D7F88C30013BC7F8BD
:1015C0008C30D7E928014FF00A024FF000031BF0DE
:1015D00099F902460B46C7E92823D7F88C30002B2F
:1015E000E0D100E000BF3B6D002B37D0FB685B68AB
:1015F00003F02003002B2AD00823FB6419E0D7F85E
:10160000A830022B08DDFB6C0133FB64D7F8A8304F
:10161000033BC7F8A8300CE0D7F8A830002B0FDA4E
:10162000FB6C013BFB64D7F8A8300333C7F8A83044
:1016300000BFFB6C002B04DDFB6C0F2BDFD900E03F
:1016400000BF684AFB6C134493F90030FB74D7F871
:10165000A83043EAE37301337B6623E001237B6612
:10166000FB685B6803F02003002B1BD0D7F8A82091
:101670005D4B83FB0231D317C91A0B465B000B4449
:10168000D31ABB64BB6C002B02DABB6C0333BB64A4
:101690007A6EBB6C13447B66D7F8A820BB6CD31A58
:1016A000C7F8A830FB68DA68D7F88C107B6ECB1AC5
:1016B00023EAE3739342A8BF13463B663B6D002BBE
:1016C0003CD07B6D002B39D0D7E92823C7E9102304
:1016D000D7F88C30FB630EE0FB6B013BFB63D7E973
:1016E00010014FF00A024FF000031BF00BF9024605
:1016F0000B46C7E910237A6E3B6E1344FA6B9A428D
:10170000EADC0EE0D7E910014FF00A024FF00003C7
:101710001BF0F8F802460B46C7E910233B6E013B6D
:101720003B663B6E002B09DDD7E910014FF00A0242
:101730004FF000031BF0E6F81343E3D07A6E7B6BA7
:101740001A443B6E1344C7F880303B6D002B38D0F1
:101750007B6E002B06D10123FB67D7F88030013365
:10176000C7F880307A6ED7F88C309A4204DD7A6EF2
:10177000D7F88C30D31ABB67D7F8A830B3F1FF3F46
:1017800015DAFB68DB68002B11DDD7F8A830DB43E6
:101790007B67FB68DB681A467B6F934228BF134662
:1017A0007B67D7F880207B6F1344C7F8803097F9A8
:1017B0001330002B34D0D7F880300133C7F8803095
:1017C0002EE0D7F8A830002BB8BF5B42FB650023A2
:1017D000BB6516E004E5010008E501000CE5010029
:1017E00010E501002400002056555555BB6D01330E
:1017F000BB65FB6D9C4A82FB03129210DB17D31A68
:10180000FB65FB6D002BF1DCBB6D022B38BF0223A7
:10181000BB65BA6DD7F8803013440233C7F8803007
:101820003A6E7B6F1344FA68D268934217D27B6D8D
:10183000002B05D0FB685B6803F00803002B0ED07B
:10184000FB68DB681A467B6FD21A3B6ED31A3B6784
:10185000D7F880203B6F1344C7F880301AE03B6D07
:10186000002B17D03A6E7B6F1344FA68D26893420C
:1018700010D93A6E7B6F1344FA68D2689B1A3B63A7
:101880003B6BD7F88020D31AC7F880303A6E3B6B99
:10189000D31A3B667B6F002B0BD13B6F002B08D11B
:1018A0003B6E002B05DCFB685B6803F00803002B34
:1018B00006D00123BB66D7F880300133C7F88030EB
:1018C00007F1140307F11802D7F88010F868FFF742
:1018D00085FAFB685B6803F01003002B05D0BB6939
:1018E000FA6F1344FB670023BB617B6E002B0ED0A5
:1018F000D7E92823786EB96F411A07F11C000191CE
:10190000D7F88C100091FFF71FFC034600E000237E
:10191000C7F88430D7F88C20D7F88430D31AC7F8AA
:101920008C30BA6900230493D7F88430039307F10D
:101930001C030293FB6F01937B6B0093D7F88830F5
:1019400039687868FFF7D6F9F862FB6AB3F1FF3FB0
:1019500001D1FB6AF4E0FA6EFB6A1344FB660023D4
:1019600004930023039300230293BB6F019300238E
:1019700000930023002239687868FFF7BBF9F8620A
:10198000FB6AB3F1FF3F01D1FB6AD9E0FA6EFB6A53
:101990001344FB663B6E002B0CD0D7E9282307F1DC
:1019A0001C00396E0191D7F88C100091FFF7CCFB29
:1019B000034600E00023C7F88430BB6E002B14BF41
:1019C00001230023DBB21A4600230493D7F88430A6
:1019D000039307F11C0302937B6F01930092234B47
:1019E000002239687868FFF785F9F862FB6AB3F17D
:1019F000FF3F01D1FB6AA3E0FA6EFB6A1344FB666A
:101A00000023049300230393002302933B6F01936D
:101A1000002300930023002239687868FFF76AF9F1
:101A2000F862FB6AB3F1FF3F01D1FB6A88E0FA6E0E
:101A3000FB6A1344FB66BB6D002B5DD0D7F8A83062
:101A4000002BB8BF5B42BB63FB7A3B74D7F8A8306E
:101A5000002B01DA2D2300E02B237B74BB6DFB658B
:101A60000023C7F8843025E06766666614E5010048
:101A7000B96B354BA3FB0123DA0813469B001344D3
:101A80005B00CA1AD3B23033DAB2FB6D013B52B2FB
:101A900090333B4403F8742CFB6D013BFB65D7F896
:101AA00084300133C7F88430BB6B274AA2FB032381
:101AB000DB08BB63FB6D002BDADC07F110020023AF
:101AC0000493D7F88430039307F11C030293002397
:101AD0000193022300931346002239687868FFF7C8
:101AE00009F9F862FB6AB3F1FF3F01D1FB6A27E015
:101AF000FA6EFB6A1344FB6697F91330002B14BF90
:101B000001230023DBB21A467B690493039207F199
:101B10001303029300230193002300930023002268
:101B200039687868FFF7E6F8F862FB6AB3F1FF3FBF
:101B300001D1FB6A04E0FA6EFB6A1344FB66FB6E9C
:101B400018469037BD4680BDCDCCCCCC90B593B077
:101B500006AFF860B9603B601346FB71FB6893F910
:101B600014304C2B02D14FF0FF334DE0BB681B68A3
:101B7000073323F0070303F10801BA681160D3E9C2
:101B80000023C7E90A2307F1180107F1240207F12E
:101B9000140300930B46D7E90A01FFF771F97B693B
:101BA0006FF00042934203D1D7E90623134308D1D3
:101BB0007B696FF00042934215D1D7E906231343A6
:101BC00011D1796AD7E90623786997F9074004901B
:101BD000CDE9022300913B6C3A682146F868FFF793
:101BE000FFFA034610E0796AD7E90623786997F986
:101BF00007400490CDE9022300913B6C3A682146EE
:101C0000F868FFF71BFC034618463437BD4690BD05
:101C10002DE9B04FAAB006AFF865B9653B6513462C
:101C200087F85730FB6D1A6AFB6D5B6A1344C7F87F
:101C30008430D7F884300733DB08C7F880304FF0A2
:101C400000024FF00003C7E918234FF000024FF0E5
:101C50000003C7E91823D7F88030002B02D14FF0DA
:101C6000FF33EEE0D7F88030042B08D8BB6D19683D
:101C70000A1DBB6D1A600B68C7F88C3007E0BB6D9E
:101C800019680A1DBB6D1A600B68C7F88C30D7F84D
:101C90008C30002B0AD10023FB674FF000024FF07D
:101CA0000003C7E91C230023FB66BAE0D7F88430A1
:101CB0005A1E012303FA02F2D7F88C301340002B8E
:101CC00014BF01230023DBB2FB67FB6F002B04D0A2
:101CD000D7F88C305B42C7F88C30D7F884305A1E66
:101CE000012393405A1ED7F88C301340C7F88C302C
:101CF000D7F88C30DA17BB64FA64D7E91223C7E946
:101D00001C234FF0FF33C7F8883009E0D7F88C3038
:101D10005B10C7F88C30D7F888300133C7F88830AB
:101D2000D7F88C30002BF1D1D7F88820FB6D5B6A97
:101D3000D31AFB6609E0D7E91C23911839605B418F
:101D40007B60D7E90023C7E91C23D7E91C23B3F53F
:101D5000801FF0D3D7E9182300244FEA13554FEA28
:101D60000555D7E91C239246C3F3130B44EA0A0333
:101D70003B6445EA0B037B64D7E91034C7E91834A8
:101D8000D7E91823BA636FF31E53FB63FB6EDA17B0
:101D90003B637A633B6BC3F30A084FF0000940F2E0
:101DA000FF3318EB0303BB6249F10003FB624FF002
:101DB00000024FF00003B96A0B050022D7E90E01BB
:101DC000044614433C6219437962D7E90834C7E9F1
:101DD0001834D7E91823BA6123F00043FB61FB6F85
:101DE00000223B617A614FF000024FF00003396935
:101DF000CB070022D7E9060104461443BC6019430F
:101E0000F960D7E90234C7E91834D7E9180107F1B6
:101E1000700407F17C0207F16C0300932346FFF77F
:101E20002FF8F96FD7E91C23F86E0490CDE902234F
:101E30000091D7F8B0303A6D6621F86DFFF7FEFAE1
:101E4000034618469037BD46BDE8B08FB0B485B0A4
:101E500000AF786039603B681B68191D3A681160F3
:101E60001B68FB60FB68002B48D07B6893F914303B
:101E7000682B05D17B681B681AB2FB681A803DE0AD
:101E80007B6893F91430692B05D17B681B685AB2C3
:101E9000FB681A7032E07B6893F914306C2B05D123
:101EA0007B681B681A46FB681A6027E07B6893F919
:101EB00014306A2B08D17B681B6800221C4615462B
:101EC000FB68C3E9004519E07B6893F914307A2B6D
:101ED00004D17B681A68FB681A600FE07B6893F98D
:101EE0001430742B05D17B681B681A46FB681A6096
:101EF00004E07B681B681A46FB681A6000231846DA
:101F00001437BD46B0BC704780B58EB006AFF860E0
:101F1000B9603B601346FB710023FB6197F9073002
:101F2000632B08D1BB681B68191DBA6811601B6858
:101F30005BB2FB7403E0FB6893F91530FB74FB683C
:101F4000DB68002B02DAFB680122DA60FB68DB68E1
:101F5000012BB8BF0123BB611FE0002304930123C1
:101F6000039307F1130302930023019300230093CB
:101F700000230022B96A3868FEF7BCFE78617B69ED
:101F8000B3F1FF3F02D14FF0FF330AE0FA697B69FA
:101F90001344FB61BB69013BBB61BB69002BDCD116
:101FA000FB6918462037BD4680BD000080B58EB065
:101FB00006AFF860B9603B601346FB710023FB611C
:101FC00000237B6100233B61BB681B68191DBA6855
:101FD00011601B68BB61BB69002B01D1174BBB6152
:101FE000B8690BF05BFAF861FB68DB68002B07DB74
:101FF000FB68DB681A46FB69934228BF1346FB6106
:1020000007F1100307F11402F969F868FEF7E6FE1C
:102010007A693B690493FB690393BB6902930023CC
:102020000193002300930023B96A3868FEF762FE2B
:10203000034618462037BD4680BD00BF18E50100A5
:102040002DE9F043CBB006AF07F58876A6F582768A
:10205000306007F58870A0F584700160114607F5BF
:102060008872A2F58872136007F58873A3F20913CA
:102070000A461A700023C7F80C310023BB61002305
:102080007B610023C7F804310023C7F80031002327
:10209000C7F8FC300023C7F8F4300023C7F8F0304D
:1020A00007F58873A3F582731B685B6803F08003F0
:1020B000002B00F0EE8007F58873A3F582731B6890
:1020C00093F914306C2B10D107F58873A3F5847342
:1020D0001B681B68191D07F58872A2F584721268C7
:1020E00011601B68C7F8EC3063E007F58873A3F54F
:1020F00082731B6893F914306A2B16D107F5887325
:10210000A3F584731B681B68073323F0070303F1EF
:10211000080107F58872A2F5847212681160D3E98C
:1021200000231346C7F8EC3043E007F58873A3F5A6
:1021300082731B6893F914307A2B10D107F58873DA
:10214000A3F584731B681B68191D07F58872A2F537
:102150008472126811601B68C7F8EC3029E007F53B
:102160008873A3F582731B6893F91430742B10D114
:1021700007F58873A3F584731B681B68191D07F5A1
:102180008872A2F58472126811601B68C7F8EC307F
:102190000FE007F58873A3F584731B681B68191D8E
:1021A00007F58872A2F58472126811601B68C7F87F
:1021B000EC3007F58873A3F582731B6893F914302C
:1021C000682B04D1D7F8EC301BB2C7F8EC3007F518
:1021D0008873A3F582731B6893F91430692B04D1BB
:1021E000D7F8EC305BB2C7F8EC30D7F8EC30002B06
:1021F000B8BF5B42C7F8F83007F58873A3F5807362
:1022000000221A70D7F8EC30002B06DA07F5887335
:10221000A3F580732D221A7020E007F58873A3F5CB
:1022200082731B685B6803F00203002B06D007F57E
:102230008873A3F580732B221A700FE007F588735B
:10224000A3F582731B685B6803F00103002B05D0C4
:1022500007F58873A3F5807320221A7007F5887339
:10226000A3F5807393F90030002B00F0B2800123B6
:10227000C7F8F43007F58873A3F582731B685B68B1
:1022800043F0080207F58873A3F582731B685A6050
:102290009FE007F58873A3F582731B6893F91430E8
:1022A0006C2B10D107F58873A3F584731B681B682A
:1022B000191D07F58872A2F58472126811601B68F7
:1022C000C7F8F83063E007F58873A3F582731B68DD
:1022D00093F914306A2B16D107F58873A3F584732C
:1022E0001B681B68073323F0070303F1080107F598
:1022F0008872A2F5847212681160D3E90023134634
:10230000C7F8F83043E007F58873A3F582731B68BC
:1023100093F914307A2B10D107F58873A3F58473E1
:102320001B681B68191D07F58872A2F58472126874
:1023300011601B68C7F8F83029E007F58873A3F52A
:1023400082731B6893F91430742B10D107F58873CE
:10235000A3F584731B681B68191D07F58872A2F525
:102360008472126811601B68C7F8F8300FE007F537
:102370008873A3F584731B681B68191D07F58872A1
:10238000A2F58472126811601B68C7F8F83007F56F
:102390008873A3F582731B6893F91430682B04D1FA
:1023A000D7F8F8309BB2C7F8F83007F58873A3F573
:1023B00082731B6893F91430692B04D1D7F8F83075
:1023C000DBB2C7F8F83007F58873A3F580733022C5
:1023D0001A7007F58873A3F2091393F900306F2B75
:1023E00006D1D7F8F830002B02D00123C7F8F4301B
:1023F00007F58873A3F2091393F90030782B0FD0F7
:1024000007F58873A3F2091393F90030582B07D00E
:1024100007F58873A3F2091393F90030622B32D1C8
:1024200007F58873A3F582731B685B6803F02003CC
:10243000002B03D1D7F8F830002B0CD007F58873A8
:10244000A3F5807307F58872A2F2091212785A7008
:102450000223C7F8F43007F58873A3F582731B686D
:102460005B6803F02003002B0DD007F58873A3F5FC
:10247000807393F9013043F020035AB207F5887353
:10248000A3F580735A7007F58873A3F582731B68F0
:102490005B6803F00803002B0ED0D7F80C21D7F8A7
:1024A000F4301344C7F80C3107F11003C7F8FC30BF
:1024B000D7F8F430C7F80031D7F834310A2B50D1AF
:1024C0000023C7F8083147E0D7F8F83000229846D3
:1024D0009146AF4B03FB09F2002303FB08F31344BF
:1024E000AB4AA8FB02452B441D46C7E92C45C7E96A
:1024F0002C45D7E92C014FF000024FF00003CA0829
:1025000000231346C7F8AC30D7F8AC309B00D7F89F
:10251000AC201344C7F8A830D7F8A8305B00D7F830
:10252000F820D31AC7F8A430D7F808310133C7F818
:102530000831D7F8A430DBB23033DAB2D7F808313B
:10254000C3F1820352B203F588733B4403F8F42CC1
:10255000D7F8AC30C7F8F830D7F8F830002BB3D143
:10256000ACE0D7F83431022B07D0D7F83431082B40
:1025700003D0D7F83431102B5BD1D7F83431013B7D
:10258000C7F8C030D7F83431102B07D0D7F8343122
:10259000082B01D1032302E0012300E00423C7F844
:1025A000BC300023C7F808313EE0D7F8F820D7F850
:1025B000C0301340774AD35C87F8EB3007F5887357
:1025C000A3F2091393F90030782B0FD007F5887325
:1025D000A3F2091393F90030692B07D007F588732C
:1025E000A3F2091393F90030752B05D197F8EB305E
:1025F00043F0200387F8EB30D7F808310133C7F8F0
:102600000831D7F80831C3F1820303F588733B44DE
:1026100097F8EB2003F8F42CD7F8F820D7F8BC3063
:1026200022FA03F3C7F8F830D7F8F830002BBCD102
:1026300044E00023C7F808313CE0D7F8F830D7F879
:102640003421B3FBF2F2D7F8341101FB02F29B1AEA
:10265000504AD35C87F8EA3007F58873A3F2091370
:1026600093F90030692B07D007F58873A3F209139B
:1026700093F90030752B05D197F8EA3043F0200329
:1026800087F8EA30D7F808310133C7F80831D7F8AE
:102690000831C3F1820303F588733B4497F8EA20BD
:1026A00003F8F42CD7F8F820D7F83431B2FBF3F361
:1026B000C7F8F830D7F8F830002BBED107F588738B
:1026C000A3F582731B68DB69002B00F01C8107F502
:1026D0008873A3F582731B689B69C7F8E43007F51C
:1026E0008873A3F582731B68DB69C7F8E0300023A9
:1026F000C7F8D830D7F80831C7F8D030D7F8083144
:10270000C3F18203C7F8CC30D7F8E030013BD7F8EB
:10271000E4201344C7F8E430E6E0D7F8E030002BBB
:1027200000F08580D7F8E4301B7887F8DF3097F920
:10273000DF302D2B00F0DE8097F9DF302A2B1FD100
:1027400007F58873A3F584731B681B68191D07F5CB
:102750008872A2F58472126811601B68C7F8D830BD
:10276000D7F8D830002BC0F2C780D7F8E430013B4F
:10277000C7F8E430D7F8E030013BC7F8E03043E079
:102780000023C7F8D8300123C7F8D43023E000BFB6
:10279000CDCCCCCC28E5010097F9DF30303B1A4690
:1027A000D7F8D43003FB02F2D7F8D8301344C7F877
:1027B000D830D7F8D42013469B0013445B00C7F8E9
:1027C000D430D7F8E430013BC7F8E430D7F8E03034
:1027D000013BC7F8E030D7F8E030002B14D0D7F831
:1027E000E4301B7887F8DF3097F9DF30002B0BD00F
:1027F00097F9DF300133874A134493F90030DBB295
:1028000003F00403002BC7D1D7F8E030002B75D0BC
:10281000D7F8E4301B7887F8DF30D7F8E430013B95
:10282000C7F8E430D7F8E030013BC7F8E030D7F81C
:10283000D830002B54D0D7F8D830D7F8D0209A42CF
:102840005ED9D7F8CC30C7F8C830D7F8D830D7F829
:10285000D020D31AC7F8C43018E0D7F8C830013BED
:1028600007F11C01D7F8C8200A4492F9002003F5AB
:1028700088733B4403F8F42CD7F8C430013BC7F805
:10288000C430D7F8C8300133C7F8C830D7F8C430DF
:10289000002BE2D1D7F8CC30013BC7F8CC30D7F8C9
:1028A000CC20D7F8D0301A44D7F8D830D31A03F553
:1028B00088733B4497F8DF2003F8F42CD7F80831ED
:1028C0000133C7F80831D7F8F0300133C7F8F030DA
:1028D000D7F8D830D7F8D020D31AC7F8D03003E0D3
:1028E000D7F8E030002B0DD0D7F8D030002B7FF494
:1028F00014AF08E000BF06E000BF04E000BF02E044
:1029000000BF00E000BFD7F80831C7F8A03007F5D6
:102910008873A3F582731B68DB68002B07DA07F561
:102920008873A3F582731B680122DA600DE007F556
:102930008873A3F582731B685B6823F0100207F5A8
:102940008873A3F582731B685A6007F58873A3F533
:1029500082731B68DB681A46D7F8F0301344D7F847
:102960000821934238BF1346C7F80831D7F80C2125
:10297000D7F808311344C7F80C3107F1140307F1F5
:10298000180207F58871A1F58270D7F80C1100685C
:10299000FEF724FAD7F80821D7F8A030D31AC7F8E1
:1029A000043107F58873A3F582731B685B6803F035
:1029B0001003002B07D0BB69D7F804211344C7F8D4
:1029C00004310023BB61B969D7F8A030C3F1820399
:1029D00007F11C0213447A6907F58870A0F5887026
:1029E0000492D7F8A02003920293D7F80431019300
:1029F000D7F800310093D7F8FC300A46D7F83011E9
:102A00000068FEF777F90346184607F58A77BD4652
:102A1000BDE8F083741E020080B58CB006AFF8608C
:102A2000B9603B601346FB7100237B6197F9073067
:102A30006E2B05D1B968F868FFF708FA0346DDE0A8
:102A400097F90730252B11D1002304930123039319
:102A5000FB1D029300230193002300930023002217
:102A6000396A3868FEF746F90346C7E097F9073038
:102A7000632B03D097F90730432B0AD197F907202E
:102A80003B6A00933B68B968F868FFF73DFA034674
:102A9000B4E097F90730732B0AD197F907203B6A06
:102AA00000933B68B968F868FFF780FA0346A5E031
:102AB00097F90730652B13D097F90730452B0FD0C6
:102AC00097F90730662B0BD097F90730462B07D0C4
:102AD00097F90730672B03D097F90730472B0AD1B6
:102AE00097F907203B6A00933B68B968F868FFF7DD
:102AF0002DF8034682E097F907306B2B0AD197F93E
:102B000007203B6A00933B68B968F868FFF780F8D4
:102B1000034673E097F90730702B0DD15823FB71F2
:102B2000FB6800221A75FB6828225A60FB6808229D
:102B30009A60FB680822DA6097F90730642B07D0A7
:102B400097F90730692B03D097F90730492B1CD12F
:102B5000FB685B6843F08002FB685A600A237B6174
:102B6000FB685B6823F00802FB685A6097F907303E
:102B7000692B03D097F90730492B06D1FB681B69F5
:102B8000002B02D0FB681B697B6197F90730782B1B
:102B900003D097F90730582B01D110237B6197F9A7
:102BA0000730752B03D097F90730552B08D1FB68F8
:102BB0001B69002B02D0FB681B6900E00A237B61C4
:102BC00097F907306F2B01D108237B6197F9073004
:102BD000622B01D102237B617B69012B0CD997F910
:102BE00007207B6901933B6A00933B68B968F868EA
:102BF000FFF726FA034601E04FF0FF331846183777
:102C0000BD4680BD80B59CB002AFF860B9607A6007
:102C10003B607B683B663B683B617B68002B00F058
:102C20008C8200237B617DE23B6EFB6502E0FB6DE5
:102C30000133FB65FB6D93F90030002B04D0FB6D75
:102C400093F90030252BF2D1FA6D3B6ED31AFB6459
:102C5000FB6C002B0ED007F10803FA68F96C386E94
:102C6000FEF706F80346002BC0F269827A69FB6C16
:102C700013447B61FB6D3B663B6E93F90030002B88
:102C800000F050823B6E01333B660023BB610BE0DA
:102C9000BA69BB6CA6495B1AA64951F823301343A5
:102CA000BB613B6E01333B663B6E1B7887F8673038
:102CB00097F96730002B09D097F9673019469C487F
:102CC0000AF0D0F8B864BB6C002BE1D13B6E93F9ED
:102CD00000302A2B12D13B691A1D3A611B68FB6137
:102CE000FB69002B06DAFB695B42FB61BB6943F0C1
:102CF0000403BB613B6E01333B6628E00023FB61AC
:102D00000DE0FA6913469B0013445B001A4697F9DD
:102D100067301344303BFB613B6E01333B663B6ED7
:102D20001B7887F8673097F96730002B0FD097F939
:102D300067300133804A134493F90030DBB203F06B
:102D40000403002B03D0FB69B3F5FA7FD9DBFB69E1
:102D5000B3F5FA7F00F3F5813B6E93F900302E2B2B
:102D600003D04FF0FF333B6243E03B6E01333B66E1
:102D70003B6E93F900302A2B0DD13B691A1D3A6145
:102D80001B683B623B6AB3F5FA7F00F3DC813B6E64
:102D900001333B662DE000233B620DE03A6A1346A7
:102DA0009B0013445B001A4697F967301344303B8D
:102DB0003B623B6E01333B663B6E1B7887F86730A6
:102DC00097F96730002B0FD097F9673001335A4AD3
:102DD000134493F90030DBB203F00403002B03D05B
:102DE0003B6AB3F5FA7FD9DB3B6AB3F5FA7F00F3B0
:102DF000AC813B6E93F900303A2B02D000237B620A
:102E000048E03B6E01333B663B6E93F900302A2B62
:102E100014D13B691A1D3A611B687B647B6C002BE3
:102E200002DA00237B6205E07B6C242B00F38F81A8
:102E30007B6C7B623B6E01333B662BE000237B6245
:102E40000DE07A6A13469B0013445B001A4697F91B
:102E500067301344303B7B623B6E01333B663B6E15
:102E60001B7887F8673097F96730002B0ED097F9F9
:102E700067300133304A134493F90030DBB203F07A
:102E80000403002B02D07B6A232BDADD7B6A242B20
:102E900000F35F8110237B631023BB6300233B633C
:102EA0000023FB623B6E1B7887F8673097F9673029
:102EB0005B2B24D10023BB653B6E01333B663B6E2D
:102EC000FB6205E03B6E01333B66BB6D0133BB65C6
:102ED0003B6E1B7887F8673097F96730002B03D07B
:102EE00097F967305D2BEDD197F96730002B00F033
:102EF00032813B6E01333B66BB6D3B639CE097F9CF
:102F000067307B2B40F098803B6E01333B663B6E15
:102F100093F900302A2B08D13B691A1D3A611B68CE
:102F20007B653B6E01333B662DE000237B6513E040
:102F300050E5010058E50100741E02007A6D134649
:102F40009B0013445B001A4697F967301344303BEB
:102F50007B653B6E01333B663B6E1B7887F86730C1
:102F600097F96730002B0ED097F967300133844A08
:102F7000134493F90030DBB203F00403002B02D0BA
:102F80007B6D1F2BDAD97B6D202B00F2E6803B6E28
:102F900093F900302E2B40F0E2803B6E01333B660C
:102FA0003B6E93F900302A2B08D13B691A1D3A6118
:102FB0001B683B653B6E01333B6627E000233B65A6
:102FC0000DE03A6D13469B0013445B001A4697F9D7
:102FD00067301344303B3B653B6E01333B663B6ED1
:102FE0001B7887F8673097F96730002B0ED097F978
:102FF00067300133624A134493F90030DBB203F0C7
:103000000403002B02D03B6D1F2BDAD997F96730F0
:10301000002B00F0A6803B6E01333B663B6D202BFE
:1030200000F2A1807A6D3B6D13441F2B00F29D804E
:103030007B6D7B633B6DBB633B6E1B7887F86730B2
:1030400097F96730002B0ED097F9673019464D4835
:1030500009F008FF0346002B05D03B6E01333B66A9
:1030600097F9673000E0002387F8283097F9283077
:10307000002B17D03B6E1B7887F8673097F96730C5
:10308000002B0FD097F9283097F967209A4209D181
:1030900097F9283043F001035BB287F828303B6E84
:1030A00001333B663B6E1B7887F8673097F96730D2
:1030B000002B05D13B691A1D3A611B683B6631E064
:1030C00097F8673087F8433097F94330432B0FD197
:1030D0003B6E01333B663B6E1B7887F8673097F990
:1030E0006730002B43D097F8673087F8293002E02B
:1030F000002387F8293097F9432007F1100107F1E1
:10310000140007F108030093FB68FFF785FCF863E0
:10311000FB6B002B2DDB7A69FB6B13447B613B6EF1
:1031200001333B663B6E1B7887F8673097F9673051
:10313000002B7FF479AD7B691EE000BF1AE000BF71
:1031400018E000BF16E000BF14E000BF12E000BFAF
:1031500010E000BF0EE000BF0CE000BF0AE000BFBF
:1031600008E000BF06E000BF04E000BF02E000BFCF
:1031700000E000BF4FF0FF3318466837BD4680BD02
:10318000741E020020E5010080B584B000AFF86035
:10319000B9607A603B60FB68BA681A60FB687A685D
:1031A0005A60FB6800221A72FB683A68DA60FB68B2
:1031B0001B6818460AF072F90346DAB2FB681A7205
:1031C000FB6818461037BD4680BD000080B582B050
:1031D00000AF786039607B681B68184618F054FFB0
:1031E0003B68D3E9002318F0B9FF02460B461046AE
:1031F00019464FF00002054B19F0DAF802460B466B
:10320000104619460837BD4680BD00BF00005E412C
:1032100098B500AF584C594B594A5A492046FFF7C8
:10322000B3FF1034584B594A59492046FFF7ACFFB9
:103230001034584B584A59492046FFF7A5FF10341F
:10324000514B574A57492046FFF79EFF1034514BC8
:10325000554A56492046FFF797FF1034544B554ABC
:1032600055492046FFF790FF1034514B534A5449BB
:103270002046FFF789FF1034524B534A53492046EA
:10328000FFF782FF10344F4B514A52492046FFF757
:103290007BFF1034504B514A51492046FFF774FFD1
:1032A00010344D4B4F4A50492046FFF76DFF103404
:1032B0004E4B4F4A4F492046FFF766FF10344E4BA6
:1032C0004E4A4F492046FFF75FFF10344D4B4E4AA0
:1032D0004E492046FFF758FF10344D4B4D4A4E499A
:1032E0002046FFF751FF10344C4B4D4A4D492046C4
:1032F000FFF74AFF10344C4B4C4A4D492046FFF72C
:1033000043FF10344B4B4C4A4C492046FFF73CFFDF
:103310001034484B4A4A4B492046FFF735FF1034DA
:10332000494B4A4A4A492046FFF72EFF1034494B81
:10333000494A4A492046FFF727FF1034484B494A7B
:1033400049492046FFF720FF1034484B484A494975
:103350002046FFF719FF1034444B474A474920469F
:10336000FFF712FF04F11000454B464A4649FFF7AC
:103370000BFF00BF98BD00BF94080020A9370000D4
:10338000E0E5010018E601001938000020E6010020
:1033900034E60100E138000040E601005CE601008F
:1033A00068E6010080E6010084E60100A4E6010071
:1033B00071390000A8E60100F4E60100FCE6010016
:1033C0004CE70100213C000050E701009CE70100B0
:1033D000A4E70100F4E70100D13F0000F8E7010095
:1033E0002CE8010034E801006CE8010005A00000B1
:1033F00074170200641702000DA30000B817020042
:10340000A817020051A70000F8170200E4170200F5
:10341000C141000070E80100A4E801006942000019
:10342000ACE8010008E901003946000010E901009C
:103430005CE90100794A000064E9010080E90100CB
:1034400088E90100A4E90100794B0000A8E9010026
:10345000F8E90100E94D000008EA010048EA01002E
:10346000194E000058EA0100A0EA0100BD4F00001B
:10347000B0EA0100E8EA0100F8EA010034EB0100DB
:103480006D54000038EB010068EB010080B500AF1F
:10349000FFF7BEFE80BD80B483B000AF78607B686C
:1034A00000221A7000225A7000229A700022DA70EC
:1034B00000221A7100225A7100229A710022DA71D8
:1034C0007B6818460C37BD4680BC704780B483B01B
:1034D00000AF78600B46FB707B68FA781A7100BF0A
:1034E0000C37BD4680BC704780B483B000AF7860B5
:1034F0007B681B7918460C37BD4680BC70470000BE
:1035000080B582B000AF78607B681B6819467B6825
:103510005A687B689B68034809F0FAF900BF0837CE
:10352000BD4680BD80EB010080B483B000AF786001
:103530007B6800221A7000225A7000229A700022C2
:10354000DA707B6818460C37BD4680BC70470000B7
:103550002DE9F041B6B01EAFF865FB6DD3F800C0A1
:10356000FB6D1B78C3F30003DBB29E46FB6D1B783B
:10357000C3F34003DBB29846FB6D1B78C3F38003B3
:10358000DBB2BB65FB6D1B78C3F3C003DBB27B65AD
:10359000FB6D1B78C3F30013DBB23B65FB6D1B783F
:1035A000C3F34013DBB2FB64FB6D1B78C3F38013E2
:1035B000DBB2BB64FB6D1B78C3F3C013DBB27B646F
:1035C000FB6D5B78C3F30003DBB23B64FB6D5B78A0
:1035D000C3F34003DBB2FB63FB6D5B78C3F3800393
:1035E000DBB2BB63FB6D5B78C3F3C003DBB27B6311
:1035F000FB6D5B78C3F30013DBB23B63FB6D5B7861
:10360000C3F34013DBB2FB62FB6D5B78C3F3801343
:10361000DBB2BB62FB6D5B78C3F3C013DBB27B62D2
:10362000FB6D9B78C3F30003DBB23B62FB6D9B78C1
:10363000C3F34003DBB2FB61FB6D9B78C3F38003F4
:10364000DBB2BB61FB6D9B78C3F3C003DBB27B6174
:10365000FB6D9B78C3F30013DBB23B61FB6D9B7882
:10366000C3F34013DBB2FB60FB6D9B78C3F38013A5
:10367000DBB2BB60FB6D9B78C3F3C013DBB27B6036
:10368000FB6DDB78C3F30003DBB23B60FB6DDB78E3
:10369000C3F34003DBB21E46FB6DDB78C3F380034C
:1036A000DBB21D46FB6DDB78C3F3C003DBB21C4607
:1036B000FB6DDB78C3F30013DBB21846FB6DDB78E0
:1036C000C3F34013DBB21946FB6DDB78C3F3801301
:1036D000DBB21A46FB6DDB78C3F3C013DBB21D937C
:1036E0001C921B911A901994189517963A68169285
:1036F0007A681592BA681492FA6813923A6912922B
:103700007A691192BA691092FA690F923A6A0E9226
:103710007A6A0D92BA6A0C92FA6A0B923A6B0A9222
:103720007A6B0992BA6B0892FA6B07923A6C06921E
:103730007A6C0592BA6C0492FA6C03923A6D02921A
:103740007A6D0192BB6D0093434672466146044810
:1037500008F0EAF900BF6037BD46BDE8F08100BF60
:10376000E4EB010080B582B000AF786039607B681F
:103770001B68184618F088FC3B68D3E9002318F052
:10378000EDFC02460B46104619464FF00002054B71
:1037900018F00EFE02460B46104619460837BD4685
:1037A00080BD00BF00005E4180B586B002AFF8600A
:1037B000B9607A603B60134B1B68002B14BF012378
:1037C0000023DBB2002B0ED00E4B1B6819680D4B8B
:1037D0001B685B6801930C4B00939E230B4A0C48BB
:1037E00008F0A2F905E0084B9E220849094808F0B4
:1037F0009BF9B86809F052FE03465BB218461037D1
:10380000BD4680BD4C00002068FA010034EE010086
:1038100060EE0100C4EE010080B586B000AFF86034
:10382000B9607A603B6000233B6107F110031A46E0
:103830002449B86809F062F90346FB7597F9173017
:10384000002B20DC204808F06FF900233B6113E0D7
:103850001E4B1A683B6913441B78BB753B69BA7DE4
:1038600019461B4808F060F9BB7D1946194808F055
:103870005BF93B6901333B613B69802BE8D9164812
:1038800008F052F918E0114B1A683B6913441B7891
:10389000BB750D4808F048F93B69BA7D19460C48DC
:1038A00008F042F9BB7D19460A4808F03DF9BB7D96
:1038B00019460A4808F038F97B685BB21846183791
:1038C000BD4680BD00EF010004EF01004C00002068
:1038D00018EF01002CEF010034EF010038EF010078
:1038E00080B588B000AFF860B9607A603B600023B3
:1038F000BB6100237B6107F1140307F1180216492D
:10390000B86809F0FBF80346FB7797F91F30012BE5
:1039100009DC97F91F301A46B968104808F004F915
:103920004FF0FF3313E07B69D9B20D4B1A68BB69C6
:1039300013440A461A707B6919460A4808F0F4F8DD
:10394000BB691946084808F0EFF87B685BB2184677
:103950002037BD4680BD00BF44EF01004CEF0100A1
:103960004C000020A8EF0100CCEF01000000000097
:103970002DE9F043ADB010AF78623962FA61BB61F6
:103980000023FB640023BB6400237B6400233B64AF
:103990009B4B1B68002B0CBF01230023DBB2002BC9
:1039A00005D0984808F0C0F8FB695BB21FE107F149
:1039B000480107F14C0207F14003019307F144036A
:1039C00000930B469049386A09F098F8034687F847
:1039D0006F3097F96F30032B1BDDFA6C884B1B6837
:1039E000DA62BA6C864B1B681A637A6C844B1B686C
:1039F0005A633A6C824B1B689A63F96CBA6C786CA8
:103A00003B6C00930346814808F08EF8FB695BB27B
:103A1000EDE097F96F30002B1BDDFA6C784B1B68DB
:103A2000DA62FA6C764B1B681A63FA6C744B1B688B
:103A30005A63FA6C724B1B689A63F96CFA6CF86CF7
:103A4000FB6C00930346714808F06EF8FB695BB2AB
:103A5000CDE06B4B1B68DB6AFB64694B1B681B6B1F
:103A6000BB64674B1B685B6B7B64654B1B689B6B24
:103A70003B64F96CBA6C786C3B6C00930346644809
:103A800008F052F807F138031846FFF704FD07F174
:103A900030031846FFF7FFFC07F128031846FFF72D
:103AA000FAFC574B1A6807F138033C32106851682A
:103AB00003C3534B1A6807F130034432106851684E
:103AC00003C34F4B1A6807F128034C321068516842
:103AD00003C3BB6B43F317031A46FB8F92FBF3F34D
:103AE000184618F0D1FA44A3D3E9002318F036FBA6
:103AF00002460B46104619464FF00002454B18F09F
:103B000057FC02460B46C7E918233B6B43F31703E8
:103B10001A46FB8E92FBF3F3184618F0B5FA36A35B
:103B2000D3E9002318F01AFB02460B46104619464B
:103B30004FF00002374B18F03BFC02460B46C7E93A
:103B40001623BB6A43F317031A46FB8D92FBF3F36C
:103B5000184618F099FA28A3D3E9002318F0FEFAC2
:103B600002460B46104619464FF00002294B18F04A
:103B70001FFC02460B46C7E91423D7E90E89D7E993
:103B80000C01D7E90A45BB6B43F317031E46FB8FB5
:103B90007B613B6B43F317033B61FB8EFB60BB6AAE
:103BA00043F31703BB60FB8D7B60D7E91423CDE99A
:103BB0000E23D7E91623CDE90C23D7E91823CDE945
:103BC0000A237A680992BA680892FA6807923A69F1
:103BD00006927B6905930496CDE90245CDE9000183
:103BE00042464B460C4807F09FFFFB695BB2184604
:103BF0007437BD46BDE8F083FCA9F1D24D62104098
:103C00004C000020D8EF010024F0010034F0010046
:103C10005CF00100000060418CF001000000000039
:103C20002DE9F043A1B00EAFF860B9607A603B6057
:103C30004FF000024FF00003C7E90A234FF00002E3
:103C40004FF00003C7E908234FF000024FF00003D4
:103C5000C7E906234FF000024FF00003C7E9042331
:103C600000237B6400233B640023FB630023BB63CE
:103C7000874B1B68002B0CBF01230023DBB2002BFA
:103C800005D0844807F050FF7B685BB28DE107F1F7
:103C9000200107F1280207F11003019307F118032F
:103CA00000930B467C49B86808F028FF034687F864
:103CB0003730D7E90A014FF06042784B18F04EFADE
:103CC00002460B46104619464FF00002744B18F09E
:103CD00045FA02460B46104619466BA3D3E900236A
:103CE00018F066FB02460B461046194618F00EFD0A
:103CF00003467B64D7E908014FF06042674B18F038
:103D00002DFA02460B46104619464FF00002644B4E
:103D100018F024FA02460B46104619465AA3D3E976
:103D2000002318F045FB02460B461046194618F0D2
:103D3000EDFC03463B64D7E906014FF06042574B68
:103D400018F00CFA02460B46104619464FF00002D6
:103D5000534B18F003FA02460B46104619464AA385
:103D6000D3E9002318F024FB02460B4610461946FF
:103D700018F0CCFC0346FB63D7E904014FF0604226
:103D8000464B18F0EBF902460B46104619464FF029
:103D90000002434B18F0E2F902460B461046194662
:103DA00039A3D3E9002318F003FB02460B46104663
:103DB000194618F0ABFC0346BB6397F93730032B69
:103DC0002DDD7A6C324B1B68DA623A6C304B1B6823
:103DD0001A63FA6B2E4B1B685A63BA6B2C4B1B6829
:103DE0009A63D7E90A89D7E90823D7E90601D7E911
:103DF0000445BE6B0C96CDE90A45FC6B0894CDE9F1
:103E00000601396C0491CDE902237B6C0093424694
:103E10004B46244807F088FE7B685BB2C5E097F903
:103E20003730002B40DD7A6C194B1B68DA627A6CF4
:103E3000174B1B681A637A6C154B1B685A637A6CB4
:103E4000134B1B689A63D7E90A89D7E90823D7E996
:103E50000601D7E90445BE6B0C96CDE90A45FC6B1B
:103E60000894CDE90601396C0491CDE902237B6CFD
:103E7000009342464B460B4807F056FE7B685BB208
:103E800093E000BFAFF30080FCA9F1D24D62104077
:103E90004C000020FCF0010048F10100FFFF6F41E1
:103EA00000004E4058F10100454B1B68DB6A7B6403
:103EB000434B1B681B6B3B64414B1B685B6BFB6399
:103EC0003F4B1B689B6BBB63786C18F0CDF83AA333
:103ED000D3E9002318F042F902460B461046194672
:103EE0004FF06242374B18F063FA02460B46C7E9BF
:103EF0000A23386C18F0B8F82FA3D3E9002318F080
:103F00002DF902460B46104619464FF062422D4BE2
:103F100018F04EFA02460B46C7E90823F86B18F072
:103F2000A3F825A3D3E9002318F018F902460B469D
:103F3000104619464FF06242224B18F039FA0246F9
:103F40000B46C7E90623B86B18F08EF81AA3D3E91D
:103F5000002318F003F902460B46104619464FF0AD
:103F60006242184B18F024FA02460B46C7E90423B4
:103F7000D7E90A89D7E90823D7E90601D7E9044533
:103F8000BE6B0C96CDE90A45FC6B0894CDE90601A1
:103F9000396C0491CDE902237B6C009342464B4679
:103FA000094807F0C1FD7B685BB218464C37BD4637
:103FB000BDE8F083AFF30080FCA9F1D24D62104060
:103FC0004C000020FFFFCD41A4F1010000000000E3
:103FD000F0B59FB00AAFF860B9607A603B60744B8F
:103FE0001B68002B0CBF01230023DBB2002B05D084
:103FF000704807F099FD7B685BB2CFE007F12803BA
:104000001846FFF748FA07F120031846FFF743FA6E
:1040100007F118031846FFF73EFA07F11003184698
:10402000FFF739FA624B1A6807F128033C3210682F
:10403000516803C35E4B1A6807F1200344321068CD
:10404000516803C35A4B1A6807F118034C321068C1
:10405000516803C3564B1A6807F1100354321068B5
:10406000516803C3BB6A43F317031A46FB8D92FBE7
:10407000F3F3184618F008F84BA3D3E9002318F01F
:104080006DF802460B46104619464FF000024A4BA7
:1040900018F08EF902460B46C7E912233B6A43F338
:1040A00017031A46FB8C92FBF3F3184617F0ECFF4C
:1040B0003DA3D3E9002318F051F802460B46104601
:1040C00019464FF000023C4B18F072F902460B46BD
:1040D000C7E91023BB6943F317031A46FB8B92FB16
:1040E000F3F3184617F0D0FF2FA3D3E9002318F0FD
:1040F00035F802460B46104619464FF000022E4B8B
:1041000018F056F902460B46C7E90E233B6943F304
:1041100017031A46FB8A92FBF3F3184617F0B4FF15
:1041200021A3D3E9002318F019F802460B461046E4
:1041300019464FF00002204B18F03AF902460B46A0
:10414000C7E90C23FB8D1C46BB6A43F317031D46CE
:104150003B6A43F317031E46BB6943F31703194633
:104160003B6943F317031846D7E90C23CDE908232D
:10417000D7E90E23CDE90623D7E91023CDE904239F
:10418000D7E91223CDE902230190009133462A4654
:1041900021460A4807F0C8FC7B685BB218465437D2
:1041A000BD46F0BDAFF30080FCA9F1D24D621040D6
:1041B0004C000020F8F101000000604144F20100D1
:1041C00080B58AB000AFF860B9607A603B600023C8
:1041D0007B6200233B627B6A01337B627B6ADBB2DA
:1041E000402B21D90023FB610123BB61194B1B68C4
:1041F0006C3300221A707B6ADAB2164B1B689A661F
:10420000144B1B689B6E7B61124B1B686C33012245
:104210001A707B6ADBB27A6992B219460E4807F0CF
:1042200083FCC820FCF708FC7B6AB3F57A7FD2D9FF
:104230000A4B1B685B68184608F090F9396A084811
:1042400007F072FC00BF7B685BB218462837BD469A
:1042500080BD00BF4C000020A4F2010094000020AB
:10426000BCF201000000000080B5A2B002AFF8600F
:10427000B9607A603B600023FB670023BB670023C3
:104280007B6700233B670023FB660023BB664FF080
:104290000002BB4BC7E906234FF00002B84BC7E949
:1042A000042307F1100307F11802B649B86808F0B3
:1042B00025FCD7E906014FF000024FF0000318F08B
:1042C000BFF90346002B05D04FF000024FF000036A
:1042D000C7E90623D7E906014FF00002A84B18F002
:1042E000CDF90346002B04D04FF00002A44BC7E9E0
:1042F0000623D7E904019AA3D3E9002318F0A0F913
:104300000346002B04D096A3D3E90023C7E9042376
:10431000D7E9040194A3D3E9002318F0AFF90346C9
:10432000002B04D090A3D3E90023C7E90423D7E9E5
:104330000601D7E90423CDE9002302460B46924843
:1043400007F0F2FBFB6F0133FB67BA6F8F4B1B6803
:10435000DA627A6F8D4B1B681A633A6F8B4B1B685E
:104360005A63FA6E894B1B689A63884B1B68DB6A39
:104370007B66864B1B681B6B3B66844B1B685B6BC9
:10438000FB65824B1B689B6BBB65BB6D0093FB6D34
:104390003A6E796E7E4807F0C7FBF96F7D4BA3FB41
:1043A00001235A0913461B019B1A9B00CA1A104687
:1043B00017F05AFE4FF00002774B17F0CFFE02467F
:1043C0000B46C7E914234FF00002744BD7E91401E0
:1043D00017F0EEFF02460B461046194664A3D3E9D8
:1043E000002317F0BBFE02460B46C7E912234FF02D
:1043F00000026B4BD7E9140117F0FAFC02460B469A
:10440000104619464FF00002644B17F0D1FF0246E8
:104410000B461046194656A3D3E9002317F09EFE1B
:1044200002460B46C7E910234FF000025D4BD7E967
:10443000140117F0DDFC02460B46104619464FF0FA
:104440000002564B17F0B4FF02460B4610461946C1
:1044500047A3D3E9002317F081FE02460B46C7E9C4
:104460000E23D7E9120118F0FBFB4FF00002444B7A
:1044700017F0BEFC02460B46104619464FF00002EC
:104480004FF0804317F094FF02460B461046194642
:10449000D7E9062317F062FE02460B46C7E90C2354
:1044A000D7E9100118F0DCFB4FF00002344B17F095
:1044B0009FFC02460B46104619464FF000024FF093
:1044C000804317F075FF02460B4610461946D7E9A0
:1044D000062317F043FE02460B46C7E90A23D7E935
:1044E0000E0118F0BDFB4FF00002254B17F080FCC9
:1044F00002460B46104619464FF000024FF080432B
:1045000017F056FF02460B4610461946D7E9062318
:1045100017F024FE02460B46C7E9082316A3D3E989
:104520000023D7E90C0117F019FE02460B4610468E
:10453000194618F0EBF80346BB670FA3D3E9002335
:10454000D7E90A0117F00AFE02460B461046194643
:1045500018F0DCF803467B6726E000BFAFF300806D
:10456000FCA9F1D24D62503F000000000088C3401A
:104570001F85EB51B81E194000000000E0FFEF401E
:104580000000F03FDCF20100E4F201004C000020EA
:104590000CF301008988888800001840008076406C
:1045A00000005E4000006E401FA3D3E90023D7E95E
:1045B000080117F0D3FD02460B461046194618F0C5
:1045C000A5F803463B6718A3D3E90023D7E9080100
:1045D00017F0C4FD02460B461046194618F096F82F
:1045E0000346FB66FB6FB3F57A7F04D9B96E1048BA
:1045F00007F09AFA11E0D7E904014FF000020D4BE1
:1046000017F0ACFD02460B461046194618F07EF82E
:1046100003461846FCF710FA94E67B685BB218462E
:104620008037BD4680BD00BF00000000E0FFEF40C6
:1046300020F3010000408F402DE9F04FBBB016AFD2
:10464000F862B9627A623B620023C7F88C300023BB
:10465000C7F888300023C7F884300023C7F88030BB
:10466000074B1B68002B0CBF01230023DBB2002B80
:104670000AD0044807F058FA7B6A5BB2F4E100BF45
:104680004C00002044F301004FF000024FF0000303
:10469000C7E916234FF000024FF00003C7E91423C7
:1046A00007F1500307F15802C549B86A08F026FA25
:1046B000D7E916014FF000024FF0000317F0C0FFDA
:1046C0000346002B05D04FF000024FF00003C7E96E
:1046D0001623D7E916014FF00002BA4B17F0CEFFB0
:1046E0000346002B04D04FF00002B64BC7E9162357
:1046F000D7E914014FF000024FF0000317F0A0FFBC
:104700000346002B05D04FF000024FF00003C7E92D
:104710001423D7E914014FF00002AA4B17F0AEFFA3
:104720000346002B04D04FF00002A64BC7E9142328
:10473000D7E916014FF06042A34B17F00FFD024678
:104740000B461046194617F0E1FF0346C7F88C30B8
:10475000D7E914014FF060429B4B17F0FFFC024673
:104760000B461046194617F0D1FF0346C7F88430B0
:10477000D7F88C20954B1B68DA62944B1B684FF07E
:10478000FF3283F830204FF0FF3283F831200022CF
:1047900062F0300283F83220002283F83320D7F809
:1047A00084208A4B1B685A63884B1B684FF0FF328A
:1047B00083F838204FF0FF3283F83920002262F06E
:1047C000300283F83A20002283F83B20804B00938C
:1047D000D7F884307E4AD7F88C107E4807F0A4F9C9
:1047E0007A4B1B68DB6AC7F88C30784B1B681B6BF5
:1047F000C7F88830754B1B685B6BC7F88430734B08
:104800001B689B6BC7F88030D7E916014FF0000298
:10481000714B17F0A3FC02460B4614461D46D7E920
:1048200014014FF000026C4B17F098FC02460B4647
:10483000CDE90423CDE90245D7F880300093D7F8BD
:104840008430D7F88820D7F88C10644807F06CF9CA
:1048500007F148031846FEF71EFE07F1400318460D
:10486000FEF719FE07F138031846FEF714FE07F1AC
:1048700030031846FEF70FFE544B1A6807F1480341
:104880003C321068516803C3504B1A6807F140036B
:1048900044321068516803C34C4B1A6807F138035F
:1048A0004C321068516803C3484B1A6807F1300353
:1048B00054321068516803C3BB6C43F317031A46A4
:1048C000B7F84E3092FBF3F3184617F0DDFB3AA32E
:1048D000D3E9002317F042FC02460B461046194666
:1048E0004FF000023E4B17F063FD02460B46C7E94E
:1048F0001E233B6C43F317031A46B7F8463092FB6E
:10490000F3F3184617F0C0FB2BA3D3E9002317F0ED
:1049100025FC02460B46104619464FF00002304B6C
:1049200017F046FD02460B46C7E91C23BB6B43F359
:1049300017031A46FB8F92FBF3F3184617F0A4FBFC
:104940001DA3D3E9002317F009FC02460B461046CD
:1049500019464FF00002224B17F02AFD02460B4683
:10496000C7E91A233B6B43F317031A46FB8E92FBEE
:10497000F3F3184617F088FB0FA3D3E9002317F0D1
:10498000EDFB02460B46104619464FF00002144B51
:1049900017F00EFD02460B46C7E91823D7E912AB04
:1049A000D7E91001D7E90E45D7E90C89BB6C43F371
:1049B0001703FB6116E000BFFCA9F1D24D62104065
:1049C000DCF201000000F03FFFFF69414C000020D5
:1049D000FFFFCF008CF3010000005940B4F3010049
:1049E00000006041B7F84E30BB613B6C43F31703E6
:1049F0007B61B7F846303B61BB6B43F31703FB6049
:104A0000FB8FBB603B6B43F317037B60FB8E1E4643
:104A1000D7E91823CDE91423D7E91A23CDE91223C6
:104A2000D7E91C23CDE91023D7E91E23CDE90E23B6
:104A30000D967A680C92BA680B92FA680A923A69F3
:104A400009927A690892BA690792FB690693CDE9DF
:104A50000489CDE90245CDE9000152465B4605488F
:104A600007F062F87B6A5BB218469437BD46BDE832
:104A7000F08F00BFF0F3010080B58EB000AFF8609A
:104A8000B9607A603B6007F12003102200211846CC
:104A900008F098F92F4BBB624FF000024FF0000373
:104AA000C7E9082300237B6390228C212A4807F062
:104AB0003BF8BB68013304222849184608F03AFA4B
:104AC0000346002B1AD1264B1B68002242F05502E8
:104AD00083F88C20002283F88D20002283F88E201A
:104AE000002283F88F201F4B1B685B68184607F075
:104AF00035FD796B1C4807F017F800BF00237B6178
:104B00009E23BB610023FB61154B1B68002B14BF68
:104B100001230023DBB2002B07D0114B1B681B685D
:104B20007B610F4B1B685B68FB610C210F4806F033
:104B3000FBFF07F114031846FEF7E2FC0C4806F0F1
:104B4000F3FF0C4806F0F0FF7B685BB2184638377D
:104B5000BD4680BD40420F0080F4010098F4010082
:104B60004C0000209400002020F30100A0F401007C
:104B7000CCF40100D0F4010080B59AB002AFF86027
:104B8000B9607A603B600023FB610023BB610023B6
:104B90007B6100233B618A4B1B68002B0CBF012308
:104BA0000023DBB2002B05D0864806F0BDFF7B68F2
:104BB0005BB2FCE007F1180107F11C0207F11003DA
:104BC000019307F1140300930B467F49B86807F07F
:104BD00095FF034687F85F3097F95F30032B21DD9F
:104BE000FB69DAB2764B1B6883F87020BB69DAB2D6
:104BF000734B1B6883F871207B69DAB2704B1B68BA
:104C000083F872203B69DAB26D4B1B6883F873201E
:104C1000F969BA6978693B69009303466B4806F005
:104C200083FF24E097F95F30002B20DDFB69DAB2C7
:104C3000634B1B6883F87020FB69DAB2604B1B681A
:104C400083F87120FB69DAB25D4B1B6883F8722030
:104C5000FB69DAB25A4B1B6883F87320F969FA6969
:104C6000F869FB6900930346584806F05DFF544B12
:104C70001B6893F87030FB61514B1B6893F87130DF
:104C8000BB614F4B1B6893F872307B614C4B1B68C8
:104C900093F873303B61F969BA6978693B690093AD
:104CA00003464B4806F040FF43A3D3E90023C7E97E
:104CB0001423FB690133FB64BB690133BB647B696B
:104CC00001337B643B6901333B64F86C17F0CCF92A
:104CD00002460B46D7E9140117F06AFB02460B4661
:104CE000104619464FF000023A4B17F061FB02469E
:104CF0000B46C7E90E23B86C17F0B6F902460B460F
:104D0000D7E9140117F054FB02460B46104619462A
:104D10004FF000022F4B17F04BFB02460B46C7E942
:104D20000C23786C17F0A0F902460B46D7E9140162
:104D300017F03EFB02460B46104619464FF00002A4
:104D4000244B17F035FB02460B46C7E90A23386CA3
:104D500017F08AF902460B46D7E9140117F028FB31
:104D600002460B46104619464FF00002194B17F049
:104D70001FFB02460B46C7E90823D7E90E23F96C4F
:104D8000154806F0D1FED7E90C23B96C134806F09C
:104D9000CBFED7E90A23796C114806F0C5FED7E9A6
:104DA0000823396C0F4806F0BFFE7B685BB21846DB
:104DB0006037BD4680BD00BF00000000965198419D
:104DC0004C000020ECF401003CF501004CF5010022
:104DD00080F5010000003040B8F5010004F6010044
:104DE00050F60100A0F6010080B584B000AFF86075
:104DF000B9607A603B60064806F096FE054806F00A
:104E000093FE7B685BB218461037BD4680BD00BF7D
:104E1000F0F6010034EF010080B58CB002AFF8600D
:104E2000B9607A603B6000233B62002387F827303B
:104E300007F1180107F1200207F1170300930B4651
:104E40005249B86807F05AFE034687F8263097F9AA
:104E50002630032B57DD97F91730592B0FD097F9D0
:104E60001730792B0BD097F91730542B07D097F9BF
:104E70001730742B03D097F91730312B02D101234F
:104E800087F82730396A97F82730002B01D059234B
:104E900000E04E231A463E4806F046FE3B6A032BCE
:104EA00026D801A252F823F0B94E0000C74E0000E8
:104EB000D54E0000E34E000097F8273019463548DC
:104EC000FEF704FB19E097F8273019463248FEF741
:104ED000FDFA12E097F8273019463048FEF7F6FA47
:104EE0000BE097F8273019462D48FEF7EFFA04E05B
:104EF0003B6A19462B4806F017FEB86808F0CEFA50
:104F000003465BB23EE097F926301946264806F084
:104F10000BFE2048FEF7E8FA0346002B01D0592388
:104F200000E04E231946214806F0FEFD1A48FEF720
:104F3000DBFA0346002B01D0592300E04E2319462B
:104F40001B4806F0F1FD1548FEF7CEFA0346002B8C
:104F500001D0592300E04E231946164806F0E4FD1F
:104F60000F48FEF7C1FA0346002B01D0592300E099
:104F70004E231946104806F0D7FDB86808F08EFA9F
:104F800003465BB218462837BD4680BD18F70100BE
:104F900028F70100801A00209C1A0020B81A00206F
:104FA000D41A00205CF7010094F70100E4F7010037
:104FB00014F8010044F8010074F8010080B59AB0BB
:104FC0000CAFF860B9607A603B6007F124031846C3
:104FD000FEF7AAFA002387F83730002387F8363027
:104FE000002387F83530002387F83430002387F812
:104FF0003330002387F83230002387F83130002324
:1050000087F83030002387F82F30002387F82E30C0
:10501000002387F82D30002387F82C30002387F8F1
:105020002B30002387F82A30074B1B68002B0CBF5E
:1050300001230023DBB2002B0AD0044806F074FDE4
:105040007B685BB20AE200BF4C000020A4F80100BC
:1050500007F1220107F1230207F116030B9307F171
:1050600017030A9307F11803099307F1190308932B
:1050700007F11A03079307F11B03069307F11C03BB
:10508000059307F11D03049307F11E03039307F132
:105090001F03029307F12003019307F121030093FB
:1050A0000B46A649B86807F029FD034687F8293062
:1050B00097F92930002B40F3BD8197F92330592B04
:1050C0000FD097F92330792B0BD097F92330542B3D
:1050D00007D097F92330742B03D097F92330312B65
:1050E00002D1012387F8373097F92230592B0FD09E
:1050F00097F92230792B0BD097F92230542B07D017
:1051000097F92230742B03D097F92230312B02D13A
:10511000012387F8363097F92130592B0FD097F9B2
:105120002130792B0BD097F92130542B07D097F9E8
:105130002130742B03D097F92130312B02D1012378
:1051400087F8353097F92030592B0FD097F9203058
:10515000792B0BD097F92030542B07D097F92030BA
:10516000742B03D097F92030312B02D1012387F81B
:10517000343097F91F30592B0FD097F91F30792B06
:105180000BD097F91F30542B07D097F91F30742B91
:1051900003D097F91F30312B02D1012387F8333028
:1051A00097F91E30592B0FD097F91E30792B0BD061
:1051B00097F91E30542B07D097F91E30742B03D06B
:1051C00097F91E30312B02D1012387F8323097F93D
:1051D0001D30592B0FD097F91D30792B0BD097F933
:1051E0001D30542B07D097F91D30742B03D097F93D
:1051F0001D30312B02D1012387F8313097F91C3053
:10520000592B0FD097F91C30792B0BD097F91C3004
:10521000542B07D097F91C30742B03D097F91C300E
:10522000312B02D1012387F8303097F91B30592BED
:105230000FD097F91B30792B0BD097F91B30542BDB
:1052400007D097F91B30742B03D097F91B30312B03
:1052500002D1012387F82F3097F91A30592B0FD03C
:1052600097F91A30792B0BD097F91A30542B07D0B5
:1052700097F91A30742B03D097F91A30312B02D1D9
:10528000012387F82E3097F91930592B0FD097F951
:105290001930792B0BD097F91930542B07D097F987
:1052A0001930742B03D097F91930312B02D1012317
:1052B00087F82D3097F91830592B0FD097F91830FF
:1052C000792B0BD097F91830542B07D097F9183059
:1052D000742B03D097F91830312B02D1012387F8B2
:1052E0002C3097F91730592B0FD097F91730792BAD
:1052F0000BD097F91730542B07D097F91730742B30
:1053000003D097F91730312B02D1012387F82B30C6
:1053100097F91630592B13D097F91630792B0FD0F7
:1053200097F91630542B0BD097F91630742B07D001
:1053300097F91630312B06D102E000BFE0F80100EA
:10534000012387F82A3097F8253097F8372062F341
:10535000451387F8253097F8253097F8362062F303
:10536000861387F8253097F8263097F8352062F3B2
:10537000000387F8263097F8263097F8342062F338
:10538000410387F8263097F8263097F8332062F3E8
:10539000820387F8263097F8263097F8322062F398
:1053A000C30387F8263097F8263097F8312062F348
:1053B000041387F8263097F8263097F8302062F3E8
:1053C000861387F8263097F8273097F82F2062F356
:1053D000000387F8273097F8273097F82E2062F3DC
:1053E000410387F8273097F8273097F82D2062F38C
:1053F000820387F8273097F8273097F82C2062F33C
:10540000C30387F8273097F8273097F82B2062F3EB
:10541000041387F8273097F8273097F82A2062F38B
:10542000451387F827300F4B1B68203307F1240200
:10543000106818600B4B1A6807F1240320321068BB
:105440001860094806F070FB07F124031846FEF7C0
:105450007FF8B86808F022F803465BB21846383780
:10546000BD4680BD4C0000201CF9010080B588B00D
:1054700000AFF860B9607A603B6007F11803184626
:10548000FEF752F8354B1B68002B0CBF012300239D
:10549000DBB2002B05D0324806F046FB7B685BB2DE
:1054A00057E00023FB7707F117031A462D49B86828
:1054B00007F024FB0346BB7797F91E30002B34DD41
:1054C00097F91730592B0FD097F91730792B0BD04C
:1054D00097F91730542B07D097F91730742B03D056
:1054E00097F91730312B01D10123FB771B4B1A6839
:1054F00007F11803203210681860FB7EFA7F62F310
:10550000C303FB76154B1B68203307F118021068A4
:105510001860FB7F002B01D0312300E0302397F986
:1055200017201946104806F0FFFA0C4B1A6807F1CD
:105530001803203210681860FB7EC3F3C003DBB28F
:1055400019460A4806F0F0FAB86807F0A7FF0346C4
:105550005BB218462037BD4680BD00BF4C0000201E
:1055600048F9010078F901007CF9010098F901007F
:1055700080B485B000AFF860B9607A603B60FB68CA
:10558000BA681A60FB687A685A60FB683A689A6081
:10559000FB6818461437BD4680BC704798B500AF0D
:1055A0001C4C1D4B1D4A41F201012046FFF7E0FF54
:1055B0000C34194B1A4A01212046FFF7D9FF0C344D
:1055C000184B194A42F202012046FFF7D1FF0C3472
:1055D000164B174A42F203012046FFF7C9FF0C346D
:1055E000144B154A42F204012046FFF7C1FF0C3468
:1055F000124B134A42F205012046FFF7B9FF04F1AE
:105600000C00104B104A42F20601FFF7B1FF00BF39
:1056100098BD00BF241A0020995C0000D0FA010058
:10562000E8FA0100155D00000CFB0100B55D00000B
:1056300024FB0100515E00003CFB0100B95F00004B
:1056400060FB01007962000084FB010080B500AFBF
:10565000FFF7A4FF80BD000080B582B000AF786086
:1056600039607B681B68184616F00EFD3B68D3E96D
:10567000002316F073FD02460B46104619464FF004
:105680000002054B16F094FE02460B4610461946E2
:105690000837BD4680BD00BF00005E41000000002D
:1056A00080B584B000AF7860396011A3D3E90023DE
:1056B000C7E9022307F1080319463868FFF7CCFF52
:1056C0007B68D3E9002316F049FD02460B461046DD
:1056D00019467B68D3E9022316F08AFB02460B4683
:1056E000104619461037BD4680BD00BFAFF300809D
:1056F000FCA9F1D24D62104080B582B000AF786055
:105700007B68043319460548FFF7CAFF02460B467B
:10571000104619460837BD4680BD00BFB05D002069
:1057200080B582B000AF78607B68083319460548C1
:10573000FFF7B6FF02460B46104619460837BD462E
:1057400080BD00BFC05D002080B582B000AF786032
:105750007B680C3319460548FFF7A2FF02460B464B
:10576000104619460837BD4680BD00BFD05D0020F9
:1057700080B582B000AF78607B6810331946054869
:10578000FFF78EFF02460B46104619460837BD4606
:1057900080BD00BFE05D002080B582B000AF7860C2
:1057A0007B68143319460548FFF77AFF02460B461B
:1057B000104619460837BD4680BD00BFF05D002089
:1057C00080B582B000AF78607B6818331946054811
:1057D000FFF766FF02460B46104619460837BD46DE
:1057E00080BD00BF005E002080B582B000AF786051
:1057F0007B681C3319460548FFF752FF02460B46EB
:10580000104619460837BD4680BD00BF105E002017
:1058100080B582B000AF78607B68203319460548B8
:10582000FFF73EFF02460B46104619460837BD46B5
:1058300080BD00BF205E002080B582B000AF7860E0
:105840007B68243319460548FFF72AFF02460B46BA
:10585000104619460837BD4680BD00BF305E0020A7
:1058600080B582B000AF78607B6828331946054860
:10587000FFF716FF02460B46104619460837BD468D
:1058800080BD00BF405E002080B582B000AF786070
:105890007B682C3319460548FFF702FF02460B468A
:1058A000104619460837BD4680BD00BF505E002037
:1058B00080B582B000AF78607B6830331946054808
:1058C000FFF7EEFE02460B46104619460837BD4666
:1058D00080BD00BF605E002080B582B000AF786000
:1058E0007B68343319460548FFF7DAFE02460B465B
:1058F000104619460837BD4680BD00BF705E0020C7
:1059000080B582B000AF78607B68383319460548AF
:10591000FFF7C6FE02460B46104619460837BD463D
:1059200080BD00BF805E002080B582B000AF78608F
:105930007B683C3319460548FFF7B2FE02460B462A
:10594000104619460837BD4680BD00BF905E002056
:1059500080B582B000AF78607B6840331946054857
:10596000FFF79EFE02460B46104619460837BD4615
:1059700080BD00BFA05E002080B582B000AF78601F
:105980007B68443319460548FFF78AFE02460B46FA
:10599000104619460837BD4680BD00BFB05E0020E6
:1059A00080B582B000AF78607B68483319460548FF
:1059B000FFF776FE02460B46104619460837BD46ED
:1059C00080BD00BFC05E002080B582B000AF7860AF
:1059D0007B684C3319460548FFF762FE02460B46CA
:1059E000104619460837BD4680BD00BFD05E002076
:1059F00080B582B000AF78607B68503319460548A7
:105A0000FFF74EFE02460B46104619460837BD46C4
:105A100080BD00BFE05E002080B582B000AF78603E
:105A20007B68543319460548FFF73AFE02460B4699
:105A3000104619460837BD4680BD00BFF05E002005
:105A400080B582B000AF78607B685833194605484E
:105A5000FFF726FE02460B46104619460837BD469C
:105A600080BD00BF005F002080B582B000AF7860CD
:105A70007B685C3319460548FFF712FE02460B4669
:105A8000104619460837BD4680BD00BF105F002094
:105A900080B582B000AF78607B68603319460548F6
:105AA000FFF7FEFD02460B46104619460837BD4675
:105AB00080BD00BF205F002080B582B000AF78605D
:105AC0007B68643319460548FFF7EAFD02460B463A
:105AD000104619460837BD4680BD00BF305F002024
:105AE00080B582B000AF78607B686833194605489E
:105AF000FFF7D6FD02460B46104619460837BD464D
:105B000080BD00BF405F002080B582B000AF7860EC
:105B10007B686C3319460548FFF7C2FD02460B4609
:105B2000104619460837BD4680BD00BF505F0020B3
:105B300080B582B000AF78607B6870331946054845
:105B4000FFF7AEFD02460B46104619460837BD4624
:105B500080BD00BF605F002080B582B000AF78607C
:105B60007B68743319460548FFF79AFD02460B46D9
:105B7000104619460837BD4680BD00BF705F002043
:105B800080B582B000AF78607B68783319460548ED
:105B9000FFF786FD02460B46104619460837BD46FC
:105BA00080BD00BF805F002080B582B000AF78600C
:105BB0007B687C3319460548FFF772FD02460B46A9
:105BC000104619460837BD4680BD00BF905F0020D3
:105BD00080B582B000AF78607B6880331946054895
:105BE000FFF75EFD02460B46104619460837BD46D4
:105BF00080BD00BFA05F002080B582B000AF78609C
:105C00007B68843319460548FFF74AFD02460B4678
:105C1000104619460837BD4680BD00BFB05F002062
:105C200080B582B000AF78607B688833194605483C
:105C3000FFF736FD02460B46104619460837BD46AB
:105C400080BD00BFC05F002080B582B000AF78602B
:105C50007B688C3319460548FFF722FD02460B4648
:105C6000104619460837BD4680BD00BFD05F0020F2
:105C700080B582B000AF78607B68903319460548E4
:105C8000FFF70EFD02460B46104619460837BD4683
:105C900080BD00BFE05F002080B58AB002AFF86031
:105CA000B9607A603B6000237B619E23BB61002367
:105CB000FB61164B1B68002B14BF01230023DBB2D2
:105CC000002B07D0114B1B681B687B610F4B1B68B7
:105CD0005B68FB610C210E4806F01AFE07F1140305
:105CE0001846FDF70DFC0A2006F0A6FE07F1140386
:105CF0000C220092002241F20101386805F080FE7A
:105D00007B685BB218462037BD4680BD4C00002042
:105D10000CFC010080B58AB002AFF860B9607A600F
:105D20003B607B680B2B1DD9BB68FB61FB69196865
:105D3000FB6904331A68FB6908331B681A4806F0CC
:105D4000E7FDFB691A68194B1B68DA62FB690433CB
:105D50001A68164B1B681A63FB6908331A68134BE1
:105D60001B685A63114B1B68DB6A3B610F4B1B6856
:105D70001B6B7B610D4B1B685B6BBB6139697A697F
:105D8000BB690B4806F0C4FD07F110030C2200921A
:105D9000002242F20201386805F032FE7B685BB2F5
:105DA00018462037BD4680BD44FC01004C00002051
:105DB00080FC0100B0B58CB002AFF860B9607A60C9
:105DC0003B6007F1100302241D4604E02846FDF75E
:105DD00062FB013C0835002CF8DA1B4B1A6807F10E
:105DE00010033C321068516803C3174B1A6807F15F
:105DF000180344321068516803C3134B1A6807F143
:105E000020034C321068516803C33B6943F3170306
:105E10001946BB6943F317031A463B6A43F317035A
:105E20000A4806F075FD07F11003182200920022BF
:105E300042F20301386805F0E3FD7B685BB2184667
:105E40002837BD46B0BD00BF4C000020BCFC01009F
:105E5000B0B594B004AFF860B9607A603B6079681F
:105E6000514806F055FD07F120031846FDF713FBD6
:105E700007F118031846FDF70EFB07F1100318464B
:105E8000FDF709FB494B1A6807F120033C32106803
:105E9000516803C3454B1A6807F118034432106870
:105EA000516803C3414B1A6807F110034C32106864
:105EB000516803C33B6A43F317031A46FB8C92FBFA
:105EC000F3F3184616F0E0F835A3D3E9002316F0F3
:105ED00045F902460B46104619464FF00002344B76
:105EE00016F066FA02460B46C7E90A23BB6943F37C
:105EF00017031A46FB8B92FBF3F3184616F0C4F80F
:105F000027A3D3E9002316F029F902460B461046D1
:105F100019464FF00002264B16F04AFA02460B468D
:105F2000C7E90C233B6943F317031A46FB8A92FB2C
:105F3000F3F3184616F0A8F819A3D3E9002316F0D6
:105F40000DF902460B46104619464FF00002184B59
:105F500016F02EFA02460B46C7E90E23D7E90A458A
:105F6000D7E90C23D7E90E01CDE90201CDE90023E1
:105F700022462B460F4806F0CBFC07F128031822D7
:105F80000092002242F20401386805F039FD7B6876
:105F90005BB218464037BD46B0BD00BFAFF30080CE
:105FA000FCA9F1D24D622040F0FC01004C00002021
:105FB000000070411CFD010080B59CB00AAFF86084
:105FC000B9607A603B604FF000024FF00003C7E910
:105FD00010234FF000024FF00003C7E90E234FF0EB
:105FE00000024FF00003C7E90C230023FB620023EB
:105FF000BB6200237B627B68172B40F2AC80BB68DE
:106000003B623B6AD3E90023C7E910233B6A0833AC
:10601000D3E90023C7E90E233B6A1033D3E90023F9
:10602000C7E90C234FF060428D4BD7E9100116F001
:1060300095F802460B46104619464FF00002894B70
:1060400016F08CF802460B461046194682A3D3E997
:10605000002316F0ADF902460B461046194616F01D
:1060600055FB0346FB624FF060427D4BD7E90E01C2
:1060700016F074F802460B46104619464FF000021F
:10608000784B16F06BF802460B461046194672A381
:10609000D3E9002316F08CF902460B461046194648
:1060A00016F034FB0346BB624FF060426C4BD7E9FD
:1060B0000C0116F053F802460B46104619464FF0F5
:1060C0000002684B16F04AF802460B461046194685
:1060D00061A3D3E9002316F06BF902460B46104684
:1060E000194616F013FB03467B627B6A0893D7E9D7
:1060F0000C23CDE90623BB6A0493D7E90E23CDE92F
:106100000223FB6A0093D7E91023574806F000FCEE
:106110003B6AD3E900231046194616F0F7FA024607
:10612000524B1B68DA623B6A0833D3E900231046FE
:10613000194616F0EBFA02464C4B1B681A633B6A91
:106140001033D3E900231046194616F0DFFA024651
:10615000464B1B685A63454B1B68DB6AFB62434B2B
:106160001B681B6BBB62414B1B685B6B7B62F86AF5
:1061700015F07AFF38A3D3E9002315F0EFFF0246AC
:106180000B46104619464FF06242394B16F010F993
:1061900002460B46C7E91023B86A15F065FF2EA327
:1061A000D3E9002315F0DAFF02460B4610461946E4
:1061B0004FF062422E4B16F0FBF802460B46C7E941
:1061C0000E23786A15F050FF23A3D3E9002315F0BE
:1061D000C5FF02460B46104619464FF06242244B5B
:1061E00016F0E6F802460B46C7E90C23D7E9100182
:1061F00016F08CFA03467B61D7E90E0116F086FA99
:106200000346BB61D7E90C0116F080FA0346FB6137
:106210007B6A0893D7E90C23CDE90623BB6A049374
:10622000D7E90E23CDE90223FB6A0093D7E91023B7
:10623000104806F06DFB07F11403182200920022AB
:1062400042F20501386805F0DBFB7B685BB218465B
:106250004837BD4680BD00BFFCA9F1D24D62104059
:10626000FFFF6F4100004E4060FD01004C00002028
:10627000FFFFCD41B0FD010090B5CFB002AF07F5F3
:106280009874A4F59274206007F59870A0F5947046
:10629000016007F59871A1F596710A6007F598728B
:1062A000A2F598721360C848FFF726FA02460B461B
:1062B00007F59871A1F59071C1E90023C248FFF775
:1062C0002FFA02460B4607F59871A1F59071C1E9C6
:1062D0000223BD48FFF738FA02460B4607F59871CE
:1062E000A1F59071C1E90423B748FFF741FA0246CE
:1062F0000B4607F59871A1F59071C1E90623B248E4
:10630000FFF74AFA02460B4607F59871A1F590711E
:10631000C1E90823AC48FFF753FA02460B4607F5DC
:106320009871A1F59071C1E90A23A748FFF75CFABB
:1063300002460B4607F59871A1F59071C1E90C234F
:10634000A148FFF765FA02460B4607F59871A1F5DB
:106350009071C1E90E239C48FFF76EFA02460B4686
:1063600007F59871A1F59071C1E910239648FFF7E0
:1063700077FA02460B4607F59871A1F59071C1E9CD
:1063800012239148FFF780FA02460B4607F59871F1
:10639000A1F59071C1E914238B48FFF789FA0246F1
:1063A0000B4607F59871A1F59071C1E9162386484F
:1063B000FFF792FA02460B4607F59871A1F5907126
:1063C000C1E918238048FFF79BFA02460B4607F500
:1063D0009871A1F59071C1E91A237B48FFF7A4FADF
:1063E00002460B4607F59871A1F59071C1E91C238F
:1063F0007548FFF7ADFA02460B4607F59871A1F50F
:106400009071C1E91E237048FFF7B6FA02460B46A9
:1064100007F59871A1F59071C1E920236A48FFF74B
:10642000BFFA02460B4607F59871A1F59071C1E9D4
:1064300022236548FFF7C8FA02460B4607F5987114
:10644000A1F59071C1E924235F48FFF7D1FA024614
:106450000B4607F59871A1F59071C1E926235A48BA
:10646000FFF7DAFA02460B4607F59871A1F590712D
:10647000C1E928235448FFF7E3FA02460B4607F523
:106480009871A1F59071C1E92A234F48FFF7ECFA02
:1064900002460B4607F59871A1F59071C1E92C23CE
:1064A0004948FFF7F5FA02460B4607F59871A1F542
:1064B0009071C1E92E234448FFF7FEFA02460B46CD
:1064C00007F59871A1F59071C1E930233E48FFF7B7
:1064D00007FB02460B4607F59871A1F59071C1E9DB
:1064E00032233948FFF710FB02460B4607F5987137
:1064F000A1F59071C1E934233348FFF719FB024637
:106500000B4607F59871A1F59071C1E936232E4825
:10651000FFF722FB02460B4607F59871A1F5907133
:10652000C1E938232848FFF72BFB02460B4607F545
:106530009871A1F59071C1E93A232348FFF734FB24
:1065400002460B4607F59871A1F59071C1E93C230D
:106550001D48FFF73DFB02460B4607F59871A1F574
:106560009071C1E93E231848FFF746FB02460B46EF
:1065700007F59871A1F59071C1E940231248FFF722
:106580004FFB02460B4607F59871A1F59071C1E9E2
:1065900042230D48FFF758FB02460B4607F598715A
:1065A000A1F59071C1E944230748FFF761FB02465A
:1065B0000B4607F59871A1F59071C1E94623034890
:1065C00006F094FA04E000BF105C002000FE010019
:1065D00007F59873A3F59073D3E90023AD4805F050
:1065E000A3FA07F59873A3F59073D3E90223AA4899
:1065F00005F09AFA07F59873A3F59073D3E904238D
:10660000A64805F091FA07F59873A3F59073D3E9BE
:106610000623A34805F088FA07F59873A3F590734D
:10662000D3E908239F4805F07FFA07F59873A3F58F
:106630009073D3E90A239C4805F076FA07F598731E
:10664000A3F59073D3E90C23984805F06DFA07F58C
:106650009873A3F59073D3E90E23954805F064FA77
:1066600007F59873A3F59073D3E91023914805F0CB
:106670005BFA07F59873A3F59073D3E912238E485C
:1066800005F052FA07F59873A3F59073D3E9142334
:106690008A4805F049FA07F59873A3F59073D3E992
:1066A0001623874805F040FA07F59873A3F5907311
:1066B000D3E91823834805F037FA07F59873A3F553
:1066C0009073D3E91A23804805F02EFA07F59873E2
:1066D000A3F59073D3E91C237C4805F025FA07F550
:1066E0009873A3F59073D3E91E23794805F01CFA3B
:1066F00007F59873A3F59073D3E92023754805F047
:1067000013FA07F59873A3F59073D3E9222372481F
:1067100005F00AFA07F59873A3F59073D3E92423DB
:106720006E4805F001FA07F59873A3F59073D3E965
:1067300026236B4805F0F8F907F59873A3F59073D5
:10674000D3E92823674805F0EFF907F59873A3F517
:106750009073D3E92A23644805F0E6F907F59873A6
:10676000A3F59073D3E92C23604805F0DDF907F514
:106770009873A3F59073D3E92E235D4805F0D4F9FF
:1067800007F59873A3F59073D3E93023594805F0C2
:10679000CBF907F59873A3F59073D3E932235648E4
:1067A00005F0C2F907F59873A3F59073D3E9342384
:1067B000524805F0B9F907F59873A3F59073D3E93A
:1067C00036234F4805F0B0F907F59873A3F5907399
:1067D000D3E938234B4805F0A7F907F59873A3F5DB
:1067E0009073D3E93A23484805F09EF907F598736A
:1067F000A3F59073D3E93C23444805F095F907F5D8
:106800009873A3F59073D3E93E23414805F08CF9C2
:1068100007F59873A3F59073D3E940233D4805F03D
:1068200083F907F59873A3F59073D3E942233A48A7
:1068300005F07AF907F59873A3F59073D3E944232B
:10684000364805F071F907F59873A3F59073D3E90D
:106850004623334805F068F9324806F047F907F156
:10686000100307F59872A2F598704FF49072009299
:10687000002242F20601006805F0C2F807F598739D
:10688000A3F596731B685BB2184607F59A77BD4669
:1068900090BD00BF2CFE01003CFE01004CFE01003B
:1068A0005CFE01006CFE01007CFE01008CFE01001C
:1068B000A0FE0100B4FE0100C8FE0100DCFE0100E4
:1068C000F0FE010004FF010018FF01002CFF010091
:1068D00040FF010054FF010068FF01007CFF010040
:1068E0008CFF01009CFF0100ACFF0100C0FF010014
:1068F000D0FF0100E0FF0100F4FF010004000200EE
:106900001800020028000200380002004C000200BB
:106910005C0002006C000200800002009000020097
:10692000A0000200B400020080B483B000AF786021
:10693000044A7B681A607B6818460C37BD4680BCE9
:10694000704700BF8809020080B483B000AF786050
:10695000044A7B681A607B6818460C37BD4680BCC9
:10696000704700BF8809020080B582B000AF786030
:106970007868FFF7E9FF0421786816F06DF97B6805
:1069800018460837BD4680BD80B582B000AF78603C
:106990007B681846FFF7C8FF034A7B681A607B686C
:1069A00018460837BD4680BD5C09020080B582B03C
:1069B00000AF7860054A7B681A607B681846FFF76D
:1069C000C3FF7B6818460837BD4680BD5C090200DE
:1069D00080B582B000AF78607868FFF7E7FF0421E8
:1069E000786816F039F97B6818460837BD4680BDCF
:1069F00080B586B000AFF860B9607A6000237B6133
:106A000014E0BA687B6913441B78002B13D0FB6831
:106A10001B6814331B68B9687A690A44127852B249
:106A20001146F86898477B6901337B617A697B6816
:106A30009A42E6D300E000BF00BF1837BD4680BDD4
:106A400080B483B000AF78603960064A7B681A6012
:106A50007B683A685A607B6818460C37BD4680BC34
:106A6000704700BF4809020080B483B000AF78606F
:106A7000044A7B681A607B6818460C37BD4680BCA8
:106A8000704700BF4809020080B582B000AF78604F
:106A90007868FFF7E9FF0821786816F0DDF87B6871
:106AA00018460837BD4680BD80B483B000AF78601B
:106AB00039603B681A687B681A607B6818460C3737
:106AC000BD4680BC7047000080B483B000AF7860E2
:106AD000044A7B681A607B6818460C37BD4680BC48
:106AE000704700BFC008020080B483B000AF786078
:106AF000044A7B681A607B6818460C37BD4680BC28
:106B0000704700BFC008020080B582B000AF786057
:106B10007868FFF7E9FF0421786816F09DF87B6834
:106B200018460837BD4680BD80B483B000AF78609A
:106B3000044A7B681A607B6818460C37BD4680BCE7
:106B4000704700BFA008020080B483B000AF786037
:106B5000044A7B681A607B6818460C37BD4680BCC7
:106B6000704700BFA008020080B582B000AF786017
:106B70007868FFF7E9FF0421786816F06DF87B6804
:106B800018460837BD4680BD80B485B000AFF860B8
:106B9000B9607A6000BF1437BD4680BC704780B4CE
:106BA00085B000AFF860B9607A6000BF1437BD46A9
:106BB00080BC704780B485B000AFF860B9607A607F
:106BC00000BF1437BD4680BC704780B485B000AFAD
:106BD000F860B9607A6000BF1437BD4680BC70476A
:106BE00080B584B000AFF860B9607A603B60FB6844
:106BF000B9681846FFF724FF2F4AFB681A60FB6844
:106C000000229A60FB6803F5805300229A81FB689A
:106C100003F580531A467B681361FB6803F58053C4
:106C20001A463B685361FB6803F580531A46BB69FB
:106C30009361FB6803F580531A46FB69D361FB68D7
:106C400003F58053002283F82020FB6803F580536E
:106C5000002283F82120FB6803F580531A460023A5
:106C60005362FB6803F580531A4600239362FB6866
:106C700003F580531A460023D362FB6803F5805363
:106C80001A4600231363FB6803F580531A4600235A
:106C90005363FB6803F582531946D7E90A2341E998
:106CA0000223D7E90A23F86800F008F8FB681846C1
:106CB0001037BD4680BD00BF8808020090B585B082
:106CC00000AFF860C7E90023FB6803F5825319465B
:106CD000D7E9002341E90223FB6803F58053002232
:106CE0009A81FB6803F580531A4600235362FB68C0
:106CF00003F580531A4600239362FB6803F5805323
:106D00001A460023D362FB6803F580531A4600231A
:106D10001363FB6803F580531A4600235363FB6833
:106D200003F58053002283F82120FB680C334FF4D5
:106D300080520021184606F045F8FB6803F58053A1
:106D400093F82030002B20D0FB6803F580531B699B
:106D50001B6820331B68FA6802F5805212691046DE
:106D600098470446FB6803F580531B691B6824336E
:106D70001B68FA6802F5805212691046984703466C
:106D80001A462146034804F0CFFE00231846143764
:106D9000BD4690BDA401020080B485B000AFF8608C
:106DA000C7E90023FB6803F582531946D7E900239E
:106DB00041E90223FB6803F5805300229A81FB68B6
:106DC00003F580531A4600235362FB6803F5805392
:106DD0001A4600239362FB6803F580531A4600238A
:106DE000D362FB6803F580531A4600231363FB68E4
:106DF00003F580531A4600235363FB6803F5805361
:106E0000002283F82120002318461437BD4680BC99
:106E10007047000090B585B000AF78600023FB7329
:106E20007B685B681B680C331B687A685268104685
:106E30009847034683F00103DBB2002B01D0002307
:106E400089E07B685B681B6810331B687A6852684E
:106E5000104698470346BB737B6803F5805393F84D
:106E60002030002B04D0BB7B19463D4805F050FD77
:106E700097F90E301946786800F074F87B6803F5CE
:106E8000805393F8213083F00103DBB2002B49D00B
:106E9000786800F0BFF80346FB73FB7B002B59D0EA
:106EA0007B6803F580531B691B6834331C687B685F
:106EB00003F5805318697B6803F10C017B6803F5C7
:106EC00080539B891A467B6803F580535B6AA04711
:106ED00002467B6803F58053DA627B6803F58053D2
:106EE0001B691B6820331B687A6802F5805212699F
:106EF0001046984702467B6803F580531A637B6807
:106F000003F580531B691B6824331B687A6802F5FC
:106F1000805212691046984702467B6803F58053F9
:106F20005A6317E07B6803F580539B8919467B6899
:106F300003F580531A6B7B6803F580535B6B1A442F
:106F40007B6803F58053DB6A1344994202D3786867
:106F500000F0B2F8012318461437BD4690BD00BFBB
:106F6000D001020080B584B000AF78600B46FB70A2
:106F70007B6803F580539B89B3F5805F13D27B68F0
:106F800003F580539B891946FA787B680B441A7382
:106F90007B6803F580539B8901339AB27B6803F5C4
:106FA00080539A812FE07B6803F5805393F820305B
:106FB000002B0AD07B6803F10C017B6803F580533A
:106FC0009B891A46124804F0AFFD7B6803F5805395
:106FD000DB691B6814331B687A6802F58052D0693C
:106FE0007A6802F10C017A6802F580529289FA609F
:106FF00007F10C0298477B6803F5825353E902239B
:107000007868FFF75BFE00BF1037BD4680BD00BF4C
:10701000D801020090B583B000AF78607B6803F5BB
:10702000805393F8213083F00103DBB2002B16D09C
:107030007B6803F580539B891C467B6803F580536E
:107040001B691B6820331B687A6802F5805212693D
:107050001046984703469C4201D3012300E00023D9
:10706000002B24D07B6803F580531B691B68103309
:107070001C687B6803F5805318697B6803F10C0179
:107080007B6803F580539B891A467B6803F581531F
:107090000433A0470346002B07D07B6803F58053D9
:1070A000012283F82120012302E0002300E00023D5
:1070B00018460C37BD4690BDF0B58DB002AF786074
:1070C0007B6800229A60002387F827307B6803F5ED
:1070D00080531B691B6814331C687B6803F580535D
:1070E00018697B6803F10C017B6803F580539B8969
:1070F0001A467B680833A047034683F00103DBB2DE
:10710000002B01D00023D1E17B6803F580531B697C
:107110001B6838331C687B6803F5805318697B68EB
:1071200003F10C017B6803F580539B891D467B6846
:1071300003F580535A6A7B689B68009313462A467E
:10714000A0470346002B00F081817B6803F5825342
:1071500053E90223B3F1FF3F08BFB2F1FF3F37D03D
:107160007B6803F580531B691B683C331C687B6894
:1071700003F5805318697B6803F10C017B6803F504
:1071800080535A6A7B689B68A0470346002B1FD137
:107190007B6803F5825353E902457B6803F580530E
:1071A0001B691B6840331E687B6803F580531869B0
:1071B0007B6803F10C017B6803F580535A6A7B6896
:1071C0009B68B04702460B469D4208BF944201D1DE
:1071D000012300E00023002B00F0CF80002387F87C
:1071E00026307B6803F580531B691B6844331C6899
:1071F0007B6803F5805318697B6803F10C017B6899
:1072000003F580539B891A467B6803F580535B6ABC
:10721000A04702460B46134603F00F033B627B6810
:1072200003F580531B691B6848331C687B6803F5B2
:1072300080531D697B6803F10C067B6803F580535E
:107240009B899C467B6803F580535B6A3B607B6847
:1072500099687B6803F5805358693A6A13465B0066
:1072600013449B0003441B68019300913B686246F2
:1072700031462846A0470346002B30D07B6803F5F3
:1072800080535A6A7B6803F580531B6B13440833A1
:107290007A6813440433FB617B6803F580535969B2
:1072A0003A6A13465B0013449B000B449C687B685E
:1072B00003F5805359693A6A13465B0013449B00F7
:1072C0000B4418687B6803F58053DA6A7B68F969B8
:1072D000A047012387F82630012387F8273097F845
:1072E000263083F00103DBB2002B00F08F807B6837
:1072F00003F5805393F82030002B1ED07B6803F5F4
:1073000080531B691B6844331C687B6803F58053FA
:1073100018697B6803F10C017B6803F580535A6A96
:107320007B689B68A04702460B46796801F580514F
:10733000896900915F4804F0F7FB7B6803F580538F
:10734000DB691B680C331B687A6802F58052D069D0
:107350007A6802F58052526A083279680A44141D2C
:107360007A6891687A6802F58052526A8A1AFA60DD
:1073700007F10C022146984748E07B6803F58053EB
:1073800093F82030002B22D07B6803F5825353E919
:1073900002457B6803F580531B691B6840331E68F8
:1073A0007B6803F5805318697B6803F10C017B68E7
:1073B00003F580535A6A7B689B68B04702460B46C8
:1073C000CDE9002322462B463B4804F0ADFB7B6809
:1073D00003F58053DB691B680C331B687A6802F580
:1073E0008052D0697A6802F58052526A0832796810
:1073F0000A44141D7A6891687A6802F58052526ACC
:107400008A1A3A6107F11002214698477B6803F512
:107410008053DB691B6810331B687A6802F5805261
:10742000D0697A6802F58052526A083279680A4453
:10743000141D7A6891687A6802F58052526A8A1A35
:107440007A6107F11402214698471FE07B6803F533
:10745000805393F82030002B02D0184804F064FBCE
:107460007B6803F58053DB691B6808331B687A6807
:1074700002F58052D0697A6802F10C017A6802F54F
:1074800080529289BA6107F1180298477B6803F528
:107490008053002283F821207B6803F5825353E94F
:1074A00002237868FFF778FC97F8273018462C37C6
:1074B000BD46F0BD3002020068020200D0020200A8
:1074C00090B5ADF5815D83B002AF07F1200444F8BB
:1074D000140C084607F1200141F81C2C07F120028A
:1074E00042F8203C07F12003024623F8162C07F14E
:1074F000200353F8143C03F580531B691B684C337D
:107500001C6807F1200353F8143C03F580531869F5
:1075100007F120031A4607F120010C3907F58153C2
:1075200003F110031B68019307F1200333F8163CA5
:10753000009352F8203C4FF48052A04707F5805347
:1075400003F114031860002307F5805202F11C02B6
:10755000136025E007F1200353F8143C5B681B68B7
:1075600014331B6807F1200252F8142C506807F1FD
:107570002002114607F5805202F11C0212680A44EB
:107580000C3A127852B21146984707F5805303F12E
:107590001C031B68013307F5805202F11C021360C3
:1075A00007F5805303F11C031A6807F5805303F1B4
:1075B00014031B689A42CDD307F1200353F8143CFF
:1075C00003F5805393F82030002B3CD007F12003C3
:1075D00033F8163C07F5815202F110021268194681
:1075E0001C4804F0A1FA002307F5805202F11802AA
:1075F000136019E007F120031A4607F5805303F1E1
:1076000018031B6813440C3B1B781946124805F0FD
:107610007FF907F5805303F118031B68013307F561
:10762000805202F11802136007F5805303F118032A
:107630001A6807F5805303F114031B689A42D9D3E3
:10764000064805F053FA00BF07F581570437BD46D9
:1076500090BD00BF000302002803020030030200B7
:1076600080B483B000AF7860012318460C37BD4664
:1076700080BC704780B483B000AF7860044A7B68F8
:107680001A607B6818460C37BD4680BC704700BF47
:107690007408020080B582B000AF78607868FFF7A8
:1076A000E9FF0421786815F0D7FA7B681846083797
:1076B000BD4680BD80B584B000AFF860B9607A6027
:1076C0003B60FB681846FFF75FF90D4AFB681A60DC
:1076D000FB6800221A71FB68BA689A60FB687A68D6
:1076E000DA60FB683A681A61FB68BA695A61FB683C
:1076F0003A7F1A76FB6818461037BD4680BD00BF3A
:107700004808020080B582B000AF7860054A7B6807
:107710001A607B681846FFF749F97B6818460837F6
:10772000BD4680BD4808020080B582B000AF7860D9
:107730007868FFF7E7FF1C21786815F08DFA7B6801
:1077400018460837BD4680BD80B483B000AF78606E
:107750007B689B68002B01D100230AE07B689B6853
:107760001B7803F00103DBB2002B0CBF01230023C5
:10777000DBB218460C37BD4680BC704780B485B07C
:1077800000AF78607B68DB68002B03D07B681B69E7
:10779000002B01D100230BE00023FB607B68DB683A
:1077A0001B68FB607B681B691B68FB60FB685BB246
:1077B00018461437BD4680BC704780B483B000AF14
:1077C00078600B46FB707B685B69002B04D07B689C
:1077D0005B6997F903201A6097F9033018460C3754
:1077E000BD4680BC704780B483B000AF786000BFF6
:1077F0000C37BD4680BC704780B483B000AF786062
:1078000000BF0C37BD4680BC704780B483B000AF6A
:107810007860012318460C37BD4680BC704780B4A1
:1078200083B000AF78607B68002262F041021A707A
:10783000002262F045025A70002262F052029A70F1
:10784000002242F01B02DA707B6800221A710022CB
:107850005A717B6800229A710022DA717B6818469F
:107860000C37BD4680BC704780B582B000AF7860F1
:107870007B681B6819467B689B889BB21A467B68AD
:10788000DB889BB2034805F043F800BF0837BD46CC
:1078900080BD00BF3403020080B582B000AF7860C5
:1078A0007B681846FFF710F9054A7B681A607B6809
:1078B00001221A717B6818460837BD4680BD00BF9B
:1078C000C007020080B582B000AF7860054A7B68CF
:1078D0001A607B681846FFF707F97B681846083777
:1078E000BD4680BDC007020080B582B000AF7860A1
:1078F0007868FFF7E7FF0821786815F0ADF97B6835
:1079000018460837BD4680BD80B483B000AF7860AC
:107910000B46FB707B68FA781A7100BF0C37BD46C6
:1079200080BC704780B483B000AF78607B681B79FF
:1079300018460C37BD4680BC7047000080B487B045
:1079400000AFF860B9607A603B6000237B610EE0B5
:10795000BA687B6913441B680A4A934204D13B68A6
:107960007A691A60012308E07B6901337B617B68D7
:10797000043B7A699A42EBD3002318461C37BD4674
:1079800080BC7047BEBAAD1B80B487B000AFF86052
:10799000B9607A603B607B68043B7B61BA687B6955
:1079A00013441B68064A934204D13B687A691A6003
:1079B000012300E0002318461C37BD4680BC7047F9
:1079C000EDAD0F0A80B487B000AFF860B9607A609F
:1079D0003B603B687B610EE0BA687B6913441B68BF
:1079E0000A4A934204D13B6A7A691A60012308E08B
:1079F0007B6901337B617B68043B7A699A42EBD3F4
:107A0000002318461C37BD4680BC7047BEBAAD1B6C
:107A100080B487B000AFF860B9607A603B603B68C3
:107A20007B610EE0BA687B6913441B680A4A934283
:107A300004D13B6A7A691A60012308E07B6901334B
:107A40007B617B68043B7A699A42EBD90023184634
:107A50001C37BD4680BC7047EDAD0F0A80B483B0C3
:107A600000AF7860082318460C37BD4680BC7047CD
:107A700080B483B000AF7860082318460C37BD4649
:107A800080BC704780B483B000AF78600423184690
:107A90000C37BD4680BC704780B483B000AF7860BF
:107AA000082318460C37BD4680BC704780B483B0AD
:107AB00000AF78604FF6FF7318460C37BD4680BCA8
:107AC000704780B485B000AFF860B9607A603B6001
:107AD000002318461437BD4680BC704780B485B07B
:107AE00000AFF860B9607A603B604FF000024FF081
:107AF0000003104619461437BD4680BC704780B459
:107B000087B000AFF860B9607A603B603B680833CB
:107B10007A689A4201D2002306E0BA683B681344AF
:107B20007B617B69DB889BB218461C37BD4680BCF5
:107B30007047B0B487B000AFF860B9607A603B605E
:107B40003B6808337A689A4204D24FF000044FF041
:107B500000050AE0BA683B6813447B617B699B8837
:107B60009BB29BB200221C46154622462B4610466D
:107B700019461C37BD46B0BC704780B487B000AF13
:107B8000F860B9607A603B603B6808337A689A4273
:107B900001D200230DE0BA683B6813447B617B6926
:107BA0009B889BB21A467B6A934201D1012300E075
:107BB000002318461C37BD4680BC704780B588B08E
:107BC00000AFF860B9607A603B603B6810337A6858
:107BD0009A4201D2002338E0BA683B681344FB6143
:107BE000FB69DB889BB21A463B68134410337A6802
:107BF0009A4201D2002328E0FB691B68154A934290
:107C000001D0002321E0FB69DB889BB21A463B6868
:107C100013440833BA681344BB61BB695B680E4AFE
:107C2000934201D0002310E0FB69DB889BB208334C
:107C30001946F869F8F74EFF7861BB691B687A69E5
:107C40009A4201D0002300E0012318462037BD46A8
:107C500080BD00BFBEBAAD1BEDAD0F0A80B588B0C8
:107C600000AFF860B9607A603B60BB68002B0AD057
:107C70003B68002B02D1FB6A002B04D1FB6A103356
:107C80007A689A4201D200233CE007F110031846BB
:107C9000FFF7C5FD3B8DBB82FB6A9BB2FB82BB68D5
:107CA0001A4607F1100303CB106051603B68002BAC
:107CB00006D0BB680833FA6A3968184605F078FBC5
:107CC000FB6A0833BA681344FB61FB6A0833194640
:107CD000B868F8F7FFFEB861FB69BA691A60FB691A
:107CE000002262F012021A71002262F052025A71EE
:107CF000002242F00F029A71002242F00A02DA7169
:107D0000FB6A103318462037BD4680BD80B586B06B
:107D100000AFF860B9607A603B607B687B6117E018
:107D2000BB681B6814331B687969B86898470346B9
:107D3000124A93420CBF01230023DBB2002B04D074
:107D40003B687A691A60012313E07B6901337B6128
:107D5000BB681B6818331B68B86898470346043B28
:107D60007A699A4234BF01230023DBB2002BD7D1BA
:107D7000002318461837BD4680BD00BFBEBAAD1BF4
:107D800080B586B000AFF860B9607A603B607B6810
:107D9000083B7B6118E0BB681B6814331B687A6979
:107DA0001146B868984703460B4A93420CBF01231B
:107DB0000023DBB2002B04D07A693B681A600123F0
:107DC00006E07B69013B7B617B69002BE3DA0023E2
:107DD00018461837BD4680BDBEBAAD1B80B586B00B
:107DE00000AFF860B9607A603B607B687B6118E047
:107DF000BB681B6814331B687A691146B8689847DA
:107E000003460C4A93420CBF01230023DBB2002B34
:107E100004D07A693B6A1A60012307E07B69013B61
:107E20007B617A693B689A42E2DA00231846183788
:107E3000BD4680BDBEBAAD1B80B586B000AFF86050
:107E4000B9607A603B607B687B6117E0BB681B6848
:107E500014331B687969B86898470346124A9342FD
:107E60000CBF01230023DBB2002B04D03B687A69EE
:107E70001A60012313E07B6901337B61BB681B68D7
:107E800018331B68B86898470346043B7A699A42DE
:107E900094BF01230023DBB2002BD7D10023184667
:107EA0001837BD4680BD00BFEDAD0F0A80B586B066
:107EB00000AFF860B9607A603B607B687B6117E077
:107EC000BB681B6814331B687969B8689847034618
:107ED0000D4A93420CBF01230023DBB2002B04D0D8
:107EE0003B6A7A691A60012309E07B6901337B618F
:107EF0003A687B6813447A699A42E1D900231846AC
:107F00001837BD4680BD00BFEDAD0F0A80B586B005
:107F100000AFF860B9607A603B607B687B6118E015
:107F2000BB681B6814331B687A691146B8689847A8
:107F300003460C4A93420CBF01230023DBB2002B03
:107F400004D07A693B6A1A60012307E07B69013B30
:107F50007B617A693B689A42E2DA00231846183757
:107F6000BD4680BDEDAD0F0A90B585B000AFF8609D
:107F7000B9607A607B6803F10804BB681B6818333A
:107F80001B68B868984703469C428CBF01230023B6
:107F9000DBB2002B01D0002309E0BB681B68103363
:107FA0001B687A6806321146B86898470346184637
:107FB0001437BD4690BD000090B58FB000AFF8609B
:107FC000B9607A603B60012387F82F30BB681B687B
:107FD00014331B687968B8689847B862BB681B6837
:107FE00010331B687A6806321146B8689847034612
:107FF000FB8497F82F30002B0CD0BB681B68143320
:108000001B687968B868984703461A4679689648A5
:1080100003F08AFD97F82F30002B10D07B681C1DD1
:10802000BB681B6810331B687A6804321146B86855
:10803000984703461A4621468C4803F075FD97F889
:108040002F30002B10D07B689C1DBB681B68103341
:108050001B687A6806321146B868984703461A4684
:108060002146834803F060FD3A687B68D41ABB68F8
:108070001B6818331B68B868984703469C428CBF3E
:1080800001230023DBB2002B13D097F82F30002BF5
:108090000DD0BB681B6818331B68B8689847014649
:1080A0003A687B68D31A1A46724803F03DFD0023F4
:1080B000D5E0BB6A704A93420AD097F82F30002B64
:1080C00004D0BA6A6C496D4803F02EFD0023C6E067
:1080D000BB681B6814331B68F98C7A680A44083241
:1080E0001146B86898473862BB681B6814331B6830
:1080F000F98C7A680A440C321146B8689847F861DE
:1081000097F82F30002B15D0FA8C7B68134403F1BD
:108110000804BB681B6814331B68F98C7A680A442E
:1081200008321146B868984703461A462146544813
:1081300003F0FAFC97F82F30002B15D0FA8C7B68EF
:10814000134403F10C04BB681B6814331B68F98CDF
:108150007A680A440C321146B868984703461A46B2
:108160002146484803F0E0FCFB69474A934201D0AE
:10817000002374E03B68043B7B637B6B002B01DADC
:1081800000237B6397F82F30002B04D07A68796B3B
:108190003E4803F0C9FCBB6C1B687A681A60BB6C74
:1081A0005B687A6B1A6000233B6300233B631CE02F
:1081B000BB6C9A6807F1140311461846FEF774FC6D
:1081C0007B69C3F31E031A467B6B934205D07B6920
:1081D000C3F3C073DBB2012B01D1012300E0002304
:1081E000002B08D13B6B01333B63FB8C20333A6B94
:1081F0009A42DDD300E000BFBB6C9A6807F1180318
:1082000011461846FEF750FC97F82F30002B0AD085
:10821000BB6CDB681968BB69C3F31E031A463B6B72
:108220001B4803F081FC97F82F30002B09D0BB6C62
:108230001B681968BB6C5B681B681A46154803F01D
:1082400073FCBB6CDB681B683A6A9A4214BF01235B
:108250000023DBB2002B01D0002300E001231846ED
:108260003C37BD4690BD00BF80030200CC03020036
:108270001004020054040200BEBAAD1BA4040200A4
:10828000EC04020028050200EDAD0F0A70050200A3
:10829000A80502000006020080B485B000AFF860B7
:1082A000B9607A603B60002318461437BD4680BC35
:1082B000704780B485B000AFF860B9607A603B6009
:1082C0004FF000024FF00003104619461437BD4628
:1082D00080BC7047F0B587B000AFF860B9607A60D5
:1082E0003B607B6803F10806BB681B6818331B689A
:1082F000B868984703469E428CBF01230023DBB237
:10830000002B04D04FF000044FF000050EE0BB68D6
:108310001B6810331B687A6804321146B8689847A6
:108320000346FB82FB8A00221C46154622462B464A
:10833000104619461C37BD46F0BD90B587B000AF5A
:10834000F860B9607A603B607B6803F10804BB6841
:108350001B6818331B68B868984703469C428CBF5B
:1083600001230023DBB2002B01D0002311E0BB6806
:108370001B6810331B687A6804321146B868984746
:108380000346FB82FB8ABA6A9A4201D1012300E0CC
:10839000002318461C37BD4690BD000080B400AFD6
:1083A000024B1846BD4680BC704700BF3C00002011
:1083B00080B582B000AF78607B681846FEF7B4FBEA
:1083C000034A7B681A607B6818460837BD4680BD43
:1083D000A007020080B582B000AF7860054A7B68D4
:1083E0001A607B681846FEF7AFFB7B6818460837B3
:1083F000BD4680BDA007020080B582B000AF7860A6
:108400007868FFF7E7FF0421786814F025FC7B68A3
:1084100018460837BD4680BD80B586B000AFF8600D
:10842000B9607A60BB68002B03D07B681B68002BA7
:1084300006D17B681B681946134803F075FB1FE0E3
:108440007B681B687B617B69202B01D920237B61C2
:108450000E4803F069FB00233B610AE0BA683B6900
:1084600013441B7819460A4803F05EFB3B6901334D
:108470003B613A697B699A42F0D3064803F054FBAA
:108480001837BD4680BD00BF4406020074060200D6
:1084900028030200A406020080B586B000AFF86091
:1084A000B9607A60BB68002B03D07B681B68072B20
:1084B00006D87B681B6819460A4803F035FB0DE0B7
:1084C000BB687B617B681B681946074803F02CFB7F
:1084D0007869FFF7C9F9054803F026FB1837BD4650
:1084E00080BD00BFA8060200E0060200A40602004C
:1084F00080B485B000AFF860B9607A6000BF14370F
:10850000BD4680BC7047000080B582B000AF00233C
:108510007B6015E00E4A7B6852F82330002B0CD0AC
:108520000B4A7B6852F823301B6808331B680849E4
:108530007A6851F82220104698477B6801337B60A7
:108540007B68032BE6D900BF00BF0837BD4680BD5E
:108550005807020080B582B000AF78607B685BB2DC
:1085600019460448FFF729F97B6818460837BD46C5
:1085700080BD00BF801A002080B584B000AFF860D5
:10858000B9607A603B60FB68B9681846FEF758FA34
:10859000314AFB681A60FB6803F5805308331846BC
:1085A00000F05CF8FB6803F5805300221A84FB6836
:1085B00003F5805300225A84FB6803F5805301229F
:1085C00083F82420FB6803F58053002283F82520DC
:1085D000FB6803F58053002283F82620FB6803F52F
:1085E0008053002283F82720FB6803F58053012283
:1085F00083F82820FB6803F580531A467B68D36212
:10860000FB6803F580531A463B681363FB6803F568
:1086100080531A46BB695363FB6803F580531A46BF
:10862000FB699363FB6803F580531A463B6AD36387
:10863000FB6803F580531A46BB8CA2F84030FB68F8
:1086400003F580531A4697F8283082F84230FB68C9
:1086500018461037BD4680BD8C07020080B483B039
:1086600000AF78607B6800221A617B6800225A6143
:108670007B6818460C37BD4680BC704780B582B019
:1086800000AF7860054A7B681A607B681846FEF781
:10869000EBF97B6818460837BD4680BD8C070200A1
:1086A00080B582B000AF78607868FFF7E7FF41F2ED
:1086B0004401786814F0D0FA7B6818460837BD4644
:1086C00080BD000080B582B000AF7860054A7B684D
:1086D0001A607B681846FEF7C7F97B6818460837AA
:1086E000BD4680BD8808020080B582B000AF7860CA
:1086F0007868FFF7E7FF4FF48251786814F0ACFA1E
:108700007B6818460837BD4680BD000090B587B02D
:1087100006AF594B1B6803F17801574B1B6803F1F7
:108720007402554B1B6803F17C00534B1B68743378
:108730007E240194009303465048FEF7BBFF4E4B46
:108740001B6803F184014C4B1B6803F180024A4B08
:108750001B6803F18800484B1B6880332124019477
:10876000009303464648FEF7A5FF434B1B6803F101
:108770009001414B1B6803F18C023F4B1B6803F1D6
:1087800094003D4B1B688C334024019400930346B6
:108790003C48FEF78FFF384B1B6803F19C01364BBA
:1087A0001B6803F19802344B1B6803F1A000324BA5
:1087B0001B68983323240194009303463248FEF744
:1087C00079FF3248FFF7F4FD3148FFF765F8314B88
:1087D0001B7819464FF0FF324FF0FF33CDE90423E9
:1087E00000230293294B019300912B4B284A2449E3
:1087F0002A48FEF7F5F9274B1B7819464FF0FF3250
:108800004FF0FF33CDE90423002302931F4B019364
:108810000091214B1E4A1B492148FEF7E1F91D4BEF
:108820001B7819464FF0FF324FF0FF33CDE9042398
:1088300000230293154B01930091174B144A1249E0
:108840001848FEF7CDF9184B1B781946174B1B68D3
:1088500001220492002203920293154B0193154BBF
:1088600000930B46144A05491448FFF785FE00BFE4
:108870000437BD4690BD00BF4C000020801A002088
:108880009C1A0020B81A0020D41A0020F01A0020E8
:10889000F41A0020CCFA0100241A0020001B00204A
:1088A000402B0020803B0020DCE50100781A0020EE
:1088B000380000209D83000094080020C04B002059
:1088C00080B500AF1148FFF7D9FE1148FFF7FAFE57
:1088D0001048FFF7F7FE1048FFF7F4FE0F48FEF7C9
:1088E000F1FF0F48FFF776FD0E48FEF70BFF0E482D
:1088F000FEF708FF0D48FEF705FF0D48FEF702FFE3
:108900000C48FEF7B7FE00BF80BD00BFC04B002083
:10891000803B0020402B0020001B0020F41A002088
:10892000F01A0020D41A0020B81A00209C1A002047
:10893000801A00203800002080B582B000AF786037
:10894000786800F008F8786800F045F803461846A3
:108950000837BD4680BD80B584B000AF7860002385
:10896000FB737B6803F580539B6B1B681B687A68FD
:1089700002F58052926B104698470346002B25D093
:108980007B6803F580530833184600F0C2F80346AD
:1089900083F00103DBB2002B18D00023BB7301234B
:1089A000FB737B6803F58053083307F10E02114611
:1089B000184600F0C0F87B685B681B6814331B68BE
:1089C0007A68526897F90E1010469847FB7B184654
:1089D0001037BD4680BDF0B58BB006AF7860002380
:1089E000FB73786800F0C8F80346BB60BB68002BD7
:1089F00000F08A807B6803F580531B8CB3F5805FA1
:108A000005D37B6803F5805340F6FF721A847B68B8
:108A100003F580531B8C1A467B68134400221A729C
:108A20007B6803F5805393F84230002B29D07B6894
:108A300003F108007B6803F580531B8C1E467B689E
:108A400003F58053D96A7B6803F580531C6B7B6800
:108A500003F58053DB6B7A6802F58052B2F8402050
:108A600015467A680492002203920295019300232E
:108A7000009323460A46314602F0A4FE0346FB73E8
:108A800028E07B6803F108007B6803F580531B8CAA
:108A90001E467B6803F58053D96A7B6803F58053D3
:108AA0001C6B7B6803F58053DB6B7A6802F58052A0
:108AB000B2F8402015467A6804920022039202958B
:108AC00001930123009323460A46314602F07AFEC1
:108AD0000346FB737B6803F5805300221A84FB7BFB
:108AE000002B11D07B6803F580535B6B002B0BD000
:108AF0007B6803F580535B6B984703464FF0FF326A
:108B00001946786800F039F9FB7B18461437BD46E2
:108B1000F0BD80B483B000AF78607B681A697B6871
:108B20005B699A420CBF01230023DBB218460C3765
:108B3000BD4680BC704780B582B000AF78603960B8
:108B40007868FFF7E6FF0346002B01D000230FE013
:108B50007B681B697A68D2563B681A707B681B6910
:108B60001946786800F035F902467B681A610123DE
:108B700018460837BD4680BD80B584B000AF786028
:108B8000786800F036F90346FB7297F90B3013F161
:108B9000020F01D10023ECE07B6803F580531B8CAE
:108BA000B3F5805F05D37B6803F5805340F6FF7211
:108BB0001A8497F90B300A2B0DD17B6803F580538B
:108BC0001B8C1A467B68134400221A727B6803F5DB
:108BD00080531B8CCDE097F90B30082B03D097F90D
:108BE0000B307F2B20D17B6803F580531B8C013B1E
:108BF0009AB27B6803F580531A847B6803F580532F
:108C00001B8CB3F5805F04D37B6803F5805300228F
:108C10001A847B6803F580531B8C1A467B681344C7
:108C200000221A720023A4E097F90B301B2B0FD1FE
:108C30007B6803F5805300221A847B6803F5805318
:108C40001B8C1A467B68134400221A72002390E0A2
:108C500097F90B30092B6BD17B6808334FF48051A7
:108C6000184604F0ADF903469AB27B6803F58053C9
:108C70001A847B6803F580531B8C1A467B68134467
:108C800093F908300A2B09D17B6803F580531B8CBC
:108C9000013B9AB27B6803F580531A847B6803F525
:108CA00080531B8C1A467B68134493F908300D2BB4
:108CB00009D17B6803F580531B8C013B9AB27B681A
:108CC00003F580531A847B6803F580531B8CB3F53E
:108CD000805F05D37B6803F5805340F6FF721A84EA
:108CE0007B6803F580531B8C1A467B681344002273
:108CF0001A720023FB6011E07B685B681B68143309
:108D00001B687A6850687968FA680A44083292F9F0
:108D1000002011469847FB680133FB607B6803F530
:108D200080531B8C1A46FB689342E5D3002320E056
:108D30007B6803F580531B8C1A467B681344FA7AD0
:108D40001A727B6803F580531B8C01339AB27B68DF
:108D500003F580531A847B6803F580531B8CB3F5AD
:108D6000805F05D37B6803F5805340F6FF721A8459
:108D7000002318461037BD4680BD80B586B000AFD1
:108D8000F860B9607A6000237B6112E0BA687B69A1
:108D9000134493F90030002B16D0BA687B69134452
:108DA00093F900301946F86800F095F87B690133B3
:108DB0007B617A697B689A4207D2FB6803F580532E
:108DC0005B8C0F2BE2D900E000BF00BF1837BD4617
:108DD00080BD80B485B000AF786039603B680133F6
:108DE00003F00F03FB60FB6818461437BD4680BCD8
:108DF000704780B584B000AF78607B685B681B68A3
:108E00000C331B687A68526810469847034683F013
:108E10000103DBB2002B02D06FF0010357E07B6847
:108E20005B681B6810331B687A6852681046984765
:108E30000346FB7397F90F30072B02DC6FF0010339
:108E400045E07B6803F580531A46FB7B82F82630A9
:108E500097F90F300D2B05D17B6803F58053012264
:108E600083F8272097F90F300A2B0CD17B6803F584
:108E7000805393F926300D2B05D07B6803F5805382
:108E8000002283F827207B6803F5805393F8243071
:108E9000012B0ED197F90F30092B0AD07B685B6844
:108EA0001B6814331B687A68526897F90F101046D4
:108EB00098477B6803F5805393F82530012B04D144
:108EC00097F90F301846FFF745FB97F90F30184612
:108ED0001037BD4680BD80B582B000AF78600B46CC
:108EE000FB7097F903300D2B02D197F9033021E085
:108EF0007B6803F5805393F82730002B0DD097F94A
:108F000003300A2B09D17B685B681B6814331B682C
:108F10007A6852680D21104698477B685B681B6829
:108F200014331B687A68526897F903101046984703
:108F300097F9033018460837BD4680BD80B500AFAD
:108F4000FFF7E4FB80BD80B500AFFFF7B9FC80BD43
:108F500080B582B000AF786039607B681B681846C6
:108F600013F092F83B68D3E9002313F0F7F80246B8
:108F70000B46104619464FF00002054B13F018FA45
:108F800002460B46104619460837BD4680BD00BF55
:108F900000005E4180B483B000AF78607B6800223F
:108FA0001A7000225A7000229A700022DA707B68D0
:108FB00018460C37BD4680BC704780B483B000AF04
:108FC0007860084611461A460346FB700B46BB7094
:108FD00013467B70FB7803F00703D9B27A681378E5
:108FE00061F347131370BB7803F00103D9B27A68B9
:108FF000137861F3041313707B7803F00F03D9B275
:109000007A68137861F3030313707B6818460C3792
:10901000BD4680BC704780B483B000AF786008461E
:1090200011461A460346FB700B46BB7013467B7015
:109030007A68137823F080031370FB7803F0010340
:10904000D9B27A68137861F386131370BB7803F092
:109050000103D9B27A68137861F3451313707B78F2
:1090600003F00103D9B27A68137861F30413137023
:109070003B7C03F00103D9B27A68137861F3C30330
:1090800013703B7D03F00103D9B27A68137861F362
:10909000820313703B7E03F00103D9B27A68137820
:1090A00061F3410313707A68137823F0010313709E
:1090B0007B6818460C37BD4680BC704780B483B0CF
:1090C00000AF7860084611461A460346FB700B460F
:1090D000BB7013467B70FB7803F00103D9B27A684A
:1090E000137861F3C7131370BB7803F00703D9B289
:1090F0007A68137861F3061313707B7803F0030327
:10910000D9B27A68137861F3830313703B7C03F060
:109110000303D9B27A68137861F3010313707B6893
:1091200018460C37BD4680BC704780B483B000AF92
:109130007860084611461A460346FB700B46BB7022
:1091400013467B707A68137823F0800313707A6873
:10915000137823F040031370FB7803F00103D9B2B6
:109160007A68137861F345131370BB7803F0010339
:10917000D9B27A68137861F3041313707B7803F023
:109180000103D9B27A68137861F3C30313703B7C8F
:1091900003F00103D9B27A68137861F38203137084
:1091A0003B7D03F00103D9B27A68137861F30003C1
:1091B00013707A68137823F0020313707B681846E3
:1091C0000C37BD4680BC704780B483B000AF786078
:1091D000044A7B681A607B6818460C37BD4680BC21
:1091E000704700BF8018020080B483B000AF786081
:1091F000044A7B681A607B6818460C37BD4680BC01
:10920000704700BF8018020080B582B000AF786060
:109210007868FFF7E9FF0421786813F01DFD7B688B
:1092200018460837BD4680BD80B400AF074B1B68A9
:1092300093F86C3003F00203DBB2002B0CBF012368
:109240000023DBB21846BD4680BC70474C000020AE
:1092500080B582B000AF00237B6000237B600DE00F
:10926000FFF7E2FF034683F00103DBB2002B09D1D5
:109270000120F7F7E1FB7B6801337B607B68632BA0
:10928000EED900E000BF7B68612B02D9034802F0F1
:109290004BFC00BF0837BD4680BD00BF000A02007E
:1092A00080B483B000AF0346FB71F979064B1A68AE
:1092B00092F86C3061F3000382F86C3000BF0C3719
:1092C000BD4680BC704700BF4C00002080B582B016
:1092D00000AF7860FFF7BCFF7A68034B1B689A66A3
:1092E00000BF0837BD4680BD4C00002080B584B06B
:1092F00000AF78600023FB60FFF7AAFF7A68074B96
:109300001B689A66FFF7A4FF044B1B689B6EFB600B
:10931000FB6818461037BD4680BD00BF4C000020DA
:1093200080B483B000AF0346FB7100BF0C37BD466D
:1093300080BC704780B483B000AF0346FB7100BFB0
:109340000C37BD4680BC704780B485B000AFF86074
:10935000C7E90023F968D7E90023C1E90023F968C8
:10936000D7E90623C1E90223FB6818461437BD4636
:1093700080BC704780B485B000AFF860C7E90023B7
:10938000F968D7E90023C1E90023F968D7E9062382
:10939000C1E9022300BF1437BD4680BC704780B4CA
:1093A00083B000AF78607B68D3E90023104619468C
:1093B0000C37BD4680BC704780B483B000AF786086
:1093C0007B68D3E90223104619460C37BD4680BCA2
:1093D000704700000000000080B582B000AF7860E8
:1093E0007B6800221A707B6800225A707B6800221A
:1093F0005A607B6800229A607B680022DA607B6892
:1094000000221A617B6800225A617B6800229A61FF
:109410007B680022DA617B6800221A627B68002286
:109420005A627B6800229A627B680022DA627B685B
:1094300000221A637B6800225A637B6800229A63C9
:109440007B680022DA637B6800221A647B68002252
:109450005A647B6800229A647B680022DA647B6825
:1094600000221A657B6800225A657B6800229A6593
:109470007B680022DA657B6800221A667B6800221E
:109480005A667B6800229A667B680022DA667B68EF
:1094900000221A677B6800225A677B6800229A675D
:1094A0007B680022DA677B680022C3F880207B6833
:1094B0000022C3F884207B680022C3F888207B68E0
:1094C0000022C3F88C207B680022C3F890207B68C0
:1094D00003F1980106A3D3E90023084601F02AFA14
:1094E0007B6818460837BD4680BD00BFAFF30080DB
:1094F000FCA9F1D24D62104080B582B000AF786017
:109500007B689833184601F05DFA7B681846083787
:10951000BD4680BD80B582B000AF78607B6898336F
:10952000184601F073FA00BF0837BD4680BD80B40D
:1095300083B000AF786039607B685A683B681A6016
:1095400000BF0C37BD4680BC704780B483B000AF0D
:10955000786039607B689A683B681A6000BF0C3796
:10956000BD4680BC704780B483B000AF786039607E
:109570007B68DA683B681A6000BF0C37BD4680BC68
:10958000704780B483B000AF786039607B681A6937
:109590003B681A6000BF0C37BD4680BC704780B482
:1095A00083B000AF786039607B685A693B681A60A5
:1095B00000BF0C37BD4680BC704780B483B000AF9D
:1095C000786039607B689A693B681A6000BF0C3725
:1095D000BD4680BC704780B483B000AF786039600E
:1095E0007B68DA693B681A6000BF0C37BD4680BCF7
:1095F000704780B483B000AF786039607B681A6AC6
:109600003B681A6000BF0C37BD4680BC704780B411
:1096100083B000AF786039607B685A6A3B681A6033
:1096200000BF0C37BD4680BC704780B483B000AF2C
:10963000786039607B689A6A3B681A6000BF0C37B3
:10964000BD4680BC704780B483B000AF786039609D
:109650007B68DA6A3B681A6000BF0C37BD4680BC85
:10966000704780B483B000AF786039607B681A6B54
:109670003B681A6000BF0C37BD4680BC704780B4A1
:1096800083B000AF786039607B685A6B3B681A60C2
:1096900000BF0C37BD4680BC704780B483B000AFBC
:1096A000786039607B689A6B3B681A6000BF0C3742
:1096B000BD4680BC704780B483B000AF786039602D
:1096C0007B68DA6B3B681A6000BF0C37BD4680BC14
:1096D000704780B483B000AF786039607B681A6CE3
:1096E0003B681A6000BF0C37BD4680BC704780B431
:1096F00083B000AF786039607B685A6C3B681A6051
:1097000000BF0C37BD4680BC704780B483B000AF4B
:10971000786039607B689A6C3B681A6000BF0C37D0
:10972000BD4680BC704780B483B000AF78603960BC
:109730007B68DA6C3B681A6000BF0C37BD4680BCA2
:10974000704780B483B000AF786039607B681A6D71
:109750003B681A6000BF0C37BD4680BC704780B4C0
:1097600083B000AF786039607B685A6D3B681A60DF
:1097700000BF0C37BD4680BC704780B483B000AFDB
:10978000786039607B689A6D3B681A6000BF0C375F
:10979000BD4680BC704780B483B000AF786039604C
:1097A0007B68DA6D3B681A6000BF0C37BD4680BC31
:1097B000704780B483B000AF786039607B681A6E00
:1097C0003B681A6000BF0C37BD4680BC704780B450
:1097D00083B000AF786039607B685A6E3B681A606E
:1097E00000BF0C37BD4680BC704780B483B000AF6B
:1097F000786039607B689A6E3B681A6000BF0C37EE
:10980000BD4680BC704780B483B000AF78603960DB
:109810007B68DA6E3B681A6000BF0C37BD4680BCBF
:10982000704780B483B000AF786039607B681A6F8E
:109830003B681A6000BF0C37BD4680BC704780B4DF
:1098400083B000AF786039607B685A6F3B681A60FC
:1098500000BF0C37BD4680BC704780B483B000AFFA
:10986000786039607B689A6F3B681A6000BF0C377C
:10987000BD4680BC704780B483B000AF786039606B
:109880007B68DA6F3B681A6000BF0C37BD4680BC4E
:10989000704780B483B000AF786039607B68D3F8DC
:1098A00080203B681A6000BF0C37BD4680BC704703
:1098B00080B483B000AF786039607B68D3F88420CF
:1098C0003B681A6000BF0C37BD4680BC704780B44F
:1098D00083B000AF786039607B68D3F888203B683C
:1098E0001A6000BF0C37BD4680BC704780B483B09F
:1098F00000AF786039607B68D3F88C203B681A60D1
:1099000000BF0C37BD4680BC704780B483B000AF49
:10991000786039607B68D3F890203B681A6000BF9C
:109920000C37BD4680BC704780B584B000AF78600E
:109930000023FB7317E07B6898330021184601F081
:10994000E5F80346BB73BB7B002B03D17B68012288
:109950001A700BE0BB7BBA7B19468B4802F0E4F827
:10996000FB7B0133FB73FB7B092BE4D97B681B7802
:10997000002B00F001817B689833184601F0BAF99A
:109980007B6898330821184601F0CDF97B6898333D
:109990000921184601F0C7F97B6898330A21184657
:1099A00001F0C1F97B6898330B21184601F0BBF92F
:1099B0007B6898330C21184601F0B5F97B68983321
:1099C0000D21184601F0AFF97B6898330E21184637
:1099D00001F0A9F97B6898330F21184601F0A3F92B
:1099E0007B6898330321184601F09DF97B68983312
:1099F0001021184601F097F97B6898331121184619
:109A000001F091F97B6898330421184601F08BF935
:109A10007B6898331221184601F085F97B689833EA
:109A20001321184601F07FF97B6898330521184609
:109A300001F079F97B6898331421184601F073F925
:109A40007B6898331521184601F06DF97B689833CF
:109A50000621184601F067F97B68983316211846ED
:109A600001F061F97B6898331721184601F05BF922
:109A70007B6898330821184601F055F97B689833C4
:109A80000921184601F04FF97B6898330A211846DE
:109A900001F049F97B6898330B21184601F043F92E
:109AA0007B6898330C21184601F03DF97B689833A8
:109AB0000D21184601F037F97B6898330E211846BE
:109AC00001F031F97B6898330F21184601F02BF92A
:109AD0007B6898331021184601F025F97B6898338C
:109AE0001121184601F01FF97B689833122118469E
:109AF00001F019F97B6898331321184601F013F926
:109B00007B6898331421184601F00DF97B6898336F
:109B10001521184601F007F97B689833162118467D
:109B200001F001F97B6898331721184601F0FBF822
:109B30007B689833184601F013F97B689833184610
:109B400001F0B2F97B68983380220821184601F0B1
:109B5000E0F97B6898330821184601F0FCF90346C8
:109B60001A468021094801F0DFFF094B1B689B68FA
:109B7000184602F0F3FC02E0064801F0D5FF00BFF2
:109B80001037BD4680BD00BF180A02004C0A020013
:109B9000940000209C0A02002DE9F0418EB006AF2F
:109BA00078607B681B78002B00F0248207F110039B
:109BB0001846FFF7EFF907F10C031846FFF7EAF92B
:109BC0000023FB6112E2FEF79FFC7B689833184686
:109BD00001F0EAF97B689833F969184601F02DFA2B
:109BE0000346002B00F0FF81FEF78EFC7B6803F13B
:109BF0009800FB69D9B207F10C0307F1100201F0DC
:109C000039FAFEF781FCFB7C03F02003DBB2002B6A
:109C100011D1FB7C03F04003DBB2002B0BD1FB7BAB
:109C200003F02003DBB2002B05D1FB7B03F04003E4
:109C3000DBB2002B17D07B685B78002B00F0D38160
:109C4000FB7CC3F30403DBB21946FB7C1A46FB7BA7
:109C5000C3F30403DBB21846FB7B00930346B3480F
:109C600001F062FFBFE1FB7C23F07F03DBB2002B3E
:109C700006D1FB7B23F07F03DBB2002B00F0A78132
:109C80007B685B78002B3AD0FB7CC3F30403DBB228
:109C900098467B6803F198023B6943F317037B61A5
:109CA00007F114031946104601F018FA04460D4650
:109CB0003B6943F317031E46FB7BC3F30403DBB28C
:109CC0003B607B6803F19802FB6843F31703BB61B9
:109CD00007F118031946104601F000FA02460B4638
:109CE000F96841F317010491CDE902233B68019320
:109CF000009622462B4641468D4801F015FFFB7C1D
:109D0000C3F30403DBB2033B142B00F2B98001A2BE
:109D100052F823F0D99D0000039E00002D9E000004
:109D2000579E0000819E0000699D0000779D000005
:109D3000859D0000939D0000A19D0000AF9D000047
:109D4000BD9D0000CB9D0000E79D0000F59D00003B
:109D5000119E00001F9E00003B9E0000499E0000D7
:109D6000659E0000739E00003B6943F317031A468B
:109D70007B685A6085E03B6943F317031A467B68AA
:109D80009A607EE03B6943F317031A467B68DA600A
:109D900077E03B6943F317031A467B681A6170E06A
:109DA0003B6943F317031A467B685A6169E03B69D4
:109DB00043F317031A467B689A6162E03B6943F3F9
:109DC00017031A467B68DA615BE03B6943F31703CC
:109DD0001A467B681A6254E03B6943F317031A463C
:109DE0007B685A624DE03B6943F317031A467B6870
:109DF0009A6246E03B6943F317031A467B68DA62CE
:109E00003FE03B6943F317031A467B681A6338E067
:109E10003B6943F317031A467B685A6331E03B6999
:109E200043F317031A467B689A632AE03B6943F3BE
:109E300017031A467B68DA6323E03B6943F3170391
:109E40001A467B681A641CE03B6943F317031A4601
:109E50007B685A6415E03B6943F317031A467B6835
:109E60009A640EE03B6943F317031A467B68DA6491
:109E700007E03B6943F317031A467B681A6500E065
:109E800000BFFB7BC3F30403DBB2083B0F2B00F2E4
:109E90009C8001A252F823F0D99E0000E79E0000AA
:109EA000F59E0000039F0000119F00001F9F00000F
:109EB000359F0000439F0000519F00005F9F0000FE
:109EC0006D9F00007B9F00008B9F00009B9F000008
:109ED000AB9F0000BB9F0000FB6843F317031A46CB
:109EE0007B685A6572E0FB6843F317031A467B6888
:109EF0009A656BE0FB6843F317031A467B68DA65E3
:109F000064E0FB6843F317031A467B681A665DE05A
:109F1000FB6843F317031A467B685A6656E0FB68F2
:109F200043F317031A467B689A664FE0B80A0200AB
:109F3000FC0A0200FB6843F317031A467B68DA66E3
:109F400044E0FB6843F317031A467B681A673DE059
:109F5000FB6843F317031A467B685A6736E0FB68D1
:109F600043F317031A467B689A672FE0FB6843F3B5
:109F700017031A467B68DA6728E0FB6843F3170388
:109F80001A467B68C3F8802020E0FB6843F3170380
:109F90001A467B68C3F8842018E0FB6843F3170374
:109FA0001A467B68C3F8882010E0FB6843F3170368
:109FB0001A467B68C3F88C2008E0FB6843F317035C
:109FC0001A467B68C3F8902000E000BF0BE07B6876
:109FD0005B78002B07D0FB7CC3F30403DBB219468C
:109FE000074801F0A1FDFB690133FB61FB691D2BF3
:109FF0007FF6E9AD00BF2037BD46BDE8F08100BF68
:10A00000600B020080B584B000AFF860B9607A6080
:10A010003B60974801F088FD9648FBF76DFB0246D0
:10A020000B46954801F080FD9248FBF779FB02460C
:10A030000B46924801F078FD8E48FBF785FB0246FF
:10A040000B468F4801F070FD8A48FBF791FB0246F2
:10A050000B468C4801F068FD8648FBF79DFB0246E5
:10A060000B46894801F060FD8248FBF7A9FB0246D8
:10A070000B46864801F058FD7E48FBF7B5FB0246CB
:10A080000B46834801F050FD7A48FBF7C1FB0246BE
:10A090000B46804801F048FD7648FBF7CDFB0246B1
:10A0A0000B467D4801F040FD7248FBF7D9FB0246A4
:10A0B0000B467A4801F038FD6E48FBF7E5FB024697
:10A0C0000B46774801F030FD6A48FBF7F1FB02468A
:10A0D0000B46744801F028FD6648FBF7FDFB02467D
:10A0E0000B46714801F020FD6248FBF709FC02466F
:10A0F0000B466E4801F018FD5E48FBF715FC024662
:10A100000B466B4801F010FD5A48FBF721FC024654
:10A110000B46684801F008FD5648FBF72DFC024647
:10A120000B46654801F000FD5248FBF739FC02463A
:10A130000B46624801F0F8FC4E48FBF745FC02462E
:10A140000B465F4801F0F0FC4A48FBF751FC024621
:10A150000B465C4801F0E8FC4648FBF75DFC024614
:10A160000B46594801F0E0FC4248FBF769FC024607
:10A170000B46564801F0D8FC3E48FBF775FC0246FA
:10A180000B46534801F0D0FC3A48FBF781FC0246ED
:10A190000B46504801F0C8FC3648FBF78DFC0246E0
:10A1A0000B464D4801F0C0FC3248FBF799FC0246D3
:10A1B0000B464A4801F0B8FC2E48FBF7A5FC0246C6
:10A1C0000B46474801F0B0FC2A48FBF7B1FC0246B9
:10A1D0000B46444801F0A8FC2648FBF7BDFC0246AC
:10A1E0000B46414801F0A0FC2248FBF7C9FC02469F
:10A1F0000B463E4801F098FC1E48FBF7D5FC024692
:10A200000B463B4801F090FC1A48FBF7E1FC024684
:10A210000B46384801F088FC1648FBF7EDFC024677
:10A220000B46354801F080FC1248FBF7F9FC02466A
:10A230000B46324801F078FC0E48FBF705FD02465C
:10A240000B462F4801F070FC0A48FBF711FD02464F
:10A250000B462C4801F068FC2B4801F065FCB868FF
:10A2600003F01CF903465BB218461037BD4680BDAB
:10A27000900B0200105C0020D00B0200E00B0200EB
:10A28000F00B0200000C0200100C0200200C020077
:10A29000300C0200440C0200580C02006C0C02004E
:10A2A000800C0200940C0200A80C0200BC0C0200FE
:10A2B000D00C0200E40C0200F80C02000C0D0200AD
:10A2C000200D0200300D0200400D0200500D020072
:10A2D000640D0200740D0200840D0200980D02004E
:10A2E000A80D0200BC0D0200CC0D0200DC0D020026
:10A2F000F00D0200000E0200100E0200240E0200FB
:10A30000340E0200440E0200580E020080B586B0E2
:10A3100000AFF860B9607A603B6000237B617B69C5
:10A3200001337B61BE48FFF7FFFABD48FFF7F2F843
:10A33000BC4801F0F9FB07F110031946B848FFF7D4
:10A34000F6F83B693A691946B74801F0EDFB07F1A9
:10A3500010031946B248FFF7F8F83B693A69194605
:10A36000B24801F0E1FB07F110031946AC48FFF7D2
:10A37000FAF83B693A691946AD4801F0D5FB07F197
:10A3800010031946A648FFF7FCF83B693A691946DD
:10A39000A84801F0C9FB07F110031946A048FFF7D0
:10A3A000FEF83B693A691946A34801F0BDFB07F185
:10A3B000100319469A48FFF700F93B693A691946B4
:10A3C0009E4801F0B1FB07F1100319469448FFF7CE
:10A3D00002F93B693A691946994801F0A5FB07F172
:10A3E000100319468E48FFF704F93B693A6919468C
:10A3F000944801F099FB07F1100319468848FFF7CC
:10A4000006F93B693A6919468F4801F08DFB07F15F
:10A41000100319468248FFF708F93B693A69194663
:10A420008A4801F081FB07F1100319467C48FFF7C9
:10A430000AF93B693A691946854801F075FB07F14D
:10A44000100319467648FFF70CF93B693A6919463B
:10A45000804801F069FB07F1100319467048FFF7C7
:10A460000EF93B693A6919467B4801F05DFB07F13B
:10A47000100319466A48FFF710F93B693A69194613
:10A48000764801F051FB07F1100319466448FFF7C5
:10A4900012F93B693A691946714801F045FB07F129
:10A4A000100319465E48FFF714F93B693A691946EB
:10A4B0006C4801F039FB07F1100319465848FFF7C3
:10A4C00016F93B693A691946674801F02DFB07F117
:10A4D000100319465248FFF718F93B693A691946C3
:10A4E000624801F021FB07F1100319464C48FFF7C1
:10A4F0001AF93B693A6919465D4801F015FB07F105
:10A50000100319464648FFF71CF93B693A6919469A
:10A51000584801F009FB07F1100319464048FFF7BE
:10A520001EF93B693A691946534801F0FDFA07F1F3
:10A53000100319463A48FFF720F93B693A69194672
:10A540004E4801F0F1FA07F1100319463448FFF7BD
:10A5500022F93B693A691946494801F0E5FA07F1E1
:10A56000100319462E48FFF724F93B693A6919464A
:10A57000444801F0D9FA07F1100319462848FFF7BB
:10A5800026F93B693A6919463F4801F0CDFA07F1CF
:10A59000100319462248FFF728F93B693A69194622
:10A5A0003A4801F0C1FA07F1100319461C48FFF7B9
:10A5B0002AF93B693A691946354801F0B5FA07F1BD
:10A5C000100319461648FFF72CF93B693A691946FA
:10A5D000304801F0A9FA07F1100319461048FFF7B7
:10A5E0002EF93B693A6919462B4801F09DFA07F1AB
:10A5F000100319460A48FFF730F93B693A691946D2
:10A60000264801F091FA07F1100319460448FFF7B4
:10A6100032F93B693A691946214801F085FA41E06F
:10A62000105C0020800E0200C00E0200D40E02005A
:10A63000E80E0200FC0E0200140F02002C0F0200B4
:10A64000400F02005C0F0200780F0200900F020022
:10A65000AC0F0200C80F0200E00F0200FC0F020066
:10A6600018100200301002004C10020068100200A6
:10A670008010020098100200B0100200C810020002
:10A68000E0100200F8100200101102002811020070
:10A6900040110200581102007011020088110200DE
:10A6A000A011020007F1100319462248FFF7F1F844
:10A6B0003B693A691946204801F036FA07F1100360
:10A6C00019461C48FFF7F4F83B693A6919461B48DC
:10A6D00001F02AFA07F1100319461648FFF7F7F8B8
:10A6E0003B693A691946164801F01EFA07F1100352
:10A6F00019461048FFF7FAF83B693A6919461148BC
:10A7000001F012FA07F1100319460A48FFF7FDF8A5
:10A710003B693A6919460C4801F006FA0B4801F00A
:10A7200003FAB86802F0BAFE03465BB2184618375F
:10A73000BD4680BD105C0020B4110200CC110200A7
:10A74000E4110200FC110200141202002C1202009B
:10A75000B0B594B006AFF860B9607A603B60012391
:10A7600087F837306749B86802F03CFCB862654941
:10A77000002002F037FC78626249002002F032FCCF
:10A7800038624FF00002604BC7E906234FF0000229
:10A790004FF00003C7E90423BB6A002B08D15B48D4
:10A7A00001F0C2F9B86802F079FE03465BB2A4E09A
:10A7B00000233B6317E0BA6A3B6B134493F9003004
:10A7C000002B15D0BA6A3B6B134493F9003018463E
:10A7D00001F0FCFD0146BA6A3B6B13444AB21A70A1
:10A7E0003B6B01333B633A6B7B689A42E3D300E0F7
:10A7F00000BF7B6A002B09D0002387F8373007F1B0
:10A8000018031A464249786A02F078F93B6A002B2D
:10A8100009D0002387F8373007F110031A463C4966
:10A82000386A02F06BF908223A49B86A02F082FBF2
:10A830000346002B14D14FF000024FF00003CDE986
:10A8400000234FF00002304B3348FEF793FD3348AE
:10A8500001F06AF9B86802F021FE03465BB24CE0F1
:10A860000023FB622E49B86A02F0C4FC0346002BA9
:10A8700001D1294BFB62FB6A002B32D097F83730AD
:10A8800083F00103DBB2002B19D0D7E90601D7E929
:10A890000423CDE9002302460B46F86AFEF76AFD61
:10A8A000D7E90601D7E904233C6A0494CDE90223E1
:10A8B0007B6A009302460B461A4801F035F9F86AA4
:10A8C000FEF76DFD04460D46F86AFEF775FD02467B
:10A8D0000B46CDE9002322462B46134801F024F90C
:10A8E00003E0B96A114801F01FF9114801F01CF9A1
:10A8F000B86802F0D3FD03465BB218463837BD4650
:10A90000B0BD00BF541202000000F03F5C12020014
:10A91000C0120200C4120200405F0020D0120200E8
:10A9200008130200101302005413020084130200E3
:10A93000C4130200B0B584B000AFF860C7E90023CB
:10A94000FB681846FEF740FC1D4AFB681A60F96870
:10A95000D7E90023C1E90223FB6810331D241D46FB
:10A9600004E02846FEF716FB013C0435002CF8DA1B
:10A97000FB6888331D241D4604E02846FEF70AFBC9
:10A98000013C0435002CF8DAFB68002283F8002132
:10A99000FB68002283F80121FB68002283F8022172
:10A9A000FB68002283F803210120FEF7B9FC012097
:10A9B000FEF7C0FCFB6818461037BD46B0BD00BFAF
:10A9C0006C18020080B582B000AF7860054A7B68E1
:10A9D0001A607B681846FEF707FC7B681846083744
:10A9E000BD4680BD6C18020080B582B000AF7860B3
:10A9F0007868FFF7E7FF4FF48471786812F02CF95C
:10AA00007B6818460837BD4680BD000080B584B01D
:10AA100000AF78600020FEF743FC42F21070F6F7BA
:10AA20000BF807F10E031A460021786800F078FB56
:10AA3000FB8919462D4801F077F807F10E031A46F5
:10AA40000121786800F06CFBFB891946284801F069
:10AA50006BF807F10E031A460621786800F060FBD8
:10AA6000FB891946234801F05FF807F10E031A46E7
:10AA70000721786800F054FBFB8919461E4801F055
:10AA800053F807F10E031A460921786800F048FBD5
:10AA9000FB891946194801F047F807F10E031A46D9
:10AAA0000321786800F03CFBFB891946144801F04B
:10AAB0003BF807F10E031A460421786800F030FBDA
:10AAC000FB8919460F4801F02FF807F10E031A46CB
:10AAD0000521786800F024FBFB8919460A4801F03B
:10AAE00023F800BF1037BD4680BD00BFE813020049
:10AAF00010140200381402006014020088140200CE
:10AB0000B0140200D81402000015020080B58CB009
:10AB100004AF78600B46FB700020FEF7C1FB42F2E9
:10AB20001070F5F789FF07F11C00002300220621B1
:10AB3000FEF743FA397F786800F01CFB4FF47A7017
:10AB4000F5F77AFF07F1180001230293012301931F
:10AB500000230093012300220121FEF75CFA07F194
:10AB6000140000230093002301220021FEF7A6FA1F
:10AB700007F1100001230193012300930123012217
:10AB80000121FEF7D2FA3B7E1A460021786800F0D8
:10AB9000C0F93B7D1A460121786800F0BAF93B7C88
:10ABA0001A460621786800F0B4F9FB781A460721A6
:10ABB000786800F0AEF900220821786800F0A9F961
:10ABC00007F10E031A460021786800F0A9FA3B7ECF
:10ABD0001A46FB89DBB29A4206D13B7E1A46FB89B4
:10ABE0001B0A9BB29A4208D0FB8919463B7E1A4643
:10ABF0003B4800F099FF00236EE007F10E031A4670
:10AC00000121786800F08CFA3B7D1A46FB89DBB2A3
:10AC10009A4206D13B7D1A46FB891B0A9BB29A4297
:10AC200008D0FB8919463B7D1A462E4800F07CFF70
:10AC3000012351E007F10E031A460621786800F05F
:10AC40006FFA3B7C1A46FB89DBB29A4206D13B7C09
:10AC50001A46FB891B0A9BB29A4208D0FB89194607
:10AC60003B7C1A46204800F05FFF062334E007F1E2
:10AC70000E031A460721786800F052FAFA78FB8929
:10AC8000DBB29A4205D1FB78FA89120A92B293425A
:10AC900008D0FB891946FB781A46144800F044FF97
:10ACA000072319E007F10E031A460921786800F01E
:10ACB00037FAFB89DBB28B2B04D1FB891B0A9BB2D1
:10ACC0008B2B08D0FB8948F68B321946084800F0D8
:10ACD0002BFF092300E0002318462037BD4680BD26
:10ACE000281502006C150200B0150200F4150200D0
:10ACF0003416020080B483B000AF78607B68002215
:10AD000083F800217B68002283F801217B68002200
:10AD100083F802217B68002283F8032100BF0C37EF
:10AD2000BD4680BC704780B584B000AF78603960A4
:10AD30003B681D2B0FD8786800F033FAF8600122C9
:10AD40003B6802FA03F3FA681343FB60F96878681A
:10AD500000F04FFA00E000BF1037BD4680BD000094
:10AD600080B584B000AF78607B6893F800311A46F4
:10AD70000321786800F0CDF87B6893F801311A461A
:10AD80000421786800F0C5F87B6893F802311A4610
:10AD90000521786800F0BDF87B6893F803311A4606
:10ADA0000621786800F0B5F807F10E031A46032172
:10ADB000786800F0B5F97B6893F800311A46FB8992
:10ADC000DBB29A4208D17B6893F800311A46FB89BE
:10ADD0001B0A9BB29A4204D0FB8919462E4800F008
:10ADE000A3FE07F10E031A460421786800F098F9D3
:10ADF0007B6893F801311A46FB89DBB29A4208D18D
:10AE00007B6893F801311A46FB891B0A9BB29A4270
:10AE100004D0FB891946214800F086FE07F10E0395
:10AE20001A460521786800F07BF97B6893F80231B7
:10AE30001A46FB89DBB29A4208D17B6893F802314B
:10AE40001A46FB891B0A9BB29A4204D0FB89194619
:10AE5000134800F069FE07F10E031A4606217868D0
:10AE600000F05EF97B6893F803311A46FB89DBB288
:10AE70009A4208D17B6893F803311A46FB891B0A72
:10AE80009BB29A4204D0FB891946064800F04CFE5A
:10AE900000BF1037BD4680BD74160200B016020018
:10AEA000EC1602002817020080B588B004AF786065
:10AEB0000123FB7307F10800012302930023019390
:10AEC00000230093012300220121FEF7A4F83B7A1E
:10AED00023F020033B723B7A43F002033B723B7A40
:10AEE00023F010033B723B7A1A460021786800F089
:10AEF00010F807F10C00002300220421FEF75DF892
:10AF0000397B786800F036F9FB7B18461037BD4670
:10AF100080BD80B584B000AF78600B46FB701346EF
:10AF2000BB7007F10C03184600F084F9FB7843F07E
:10AF30006003DBB21946786800F0A3F9BB781946C4
:10AF4000786800F09EF907F10C03184600F084F9C8
:10AF50001037BD4680BD90B585B000AF78600B4618
:10AF6000FB7007F10C03184600F064F90023FB7333
:10AF7000FB7843F04003DBB21946786800F081F9B2
:10AF8000786800F08CF90346DAB2FB7B1343FB735D
:10AF9000FB7B9CB207F10C03184600F05DF92346D9
:10AFA00018461437BD4690BD80B586B000AF7860B6
:10AFB00007F110031846FDF7EDFF07F10C031846E3
:10AFC000FDF7E8FF07F10C0207F110031946786856
:10AFD00000F073F9FB7CC3F30403DBB21D2B0FD825
:10AFE000FB7C23F07F03DBB2002B09D0FB7CC3F397
:10AFF0000403DBB21A467B680432396943F8221035
:10B00000FB7BC3F30403DBB21D2B0FD8FB7B23F0C8
:10B010007F03DBB2002B09D0FB7BC3F30403DBB25D
:10B020001A467B682232F96843F822100123FB7527
:10B03000FB7D18461837BD4680BD80B584B000AF93
:10B04000786039603B681E2B01D900230EE07868D8
:10B0500000F0A7F8F860FA683B6822FA03F303F0FF
:10B060000103002B14BF01230023DBB21846103765
:10B07000BD4680BD80B485B000AFF8607A603B60AB
:10B080000B46FB72FB7A1D2B22D8FB7A7968FA6893
:10B0900004339B00134418680860FB7A3968FA6827
:10B0A00022339B00134418680860FB7AFA68043363
:10B0B0009B001344DA7822F08002DA70FB7AFA6897
:10B0C00022339B001344DA7822F08002DA7000E029
:10B0D00000BF1437BD4680BC7047000080B582B009
:10B0E00000AF786039603B681B68184610F0CCFFF1
:10B0F0007B68D3E9022311F031F802460B46104673
:10B1000019464FF00002054B11F052F902460B466A
:10B11000104619460837BD4680BD00BF00005E419D
:10B1200080B586B000AFF8600B467A60FB7207F11D
:10B130001403184600F07EF87B6800221A80FB7A20
:10B1400043F04003DBB21946F86800F09AF8F8685B
:10B1500000F0A5F803461A467B681B8813439AB291
:10B160007B681A8007F11403184600F075F8183749
:10B17000BD4680BD80B584B000AF7860397007F1FE
:10B180000C03184600F056F83B781946786800F032
:10B1900078F807F10C03184600F05EF81037BD464A
:10B1A00080BD80B485B000AF78600023FB607B6811
:10B1B00093F800311A46FB681343FB607B6893F8F1
:10B1C00001311B02FA681343FB607B6893F802317C
:10B1D0001B04FA681343FB607B6893F803311B067A
:10B1E000FA681343FB60FB6818461437BD4680BC01
:10B1F000704780B483B000AF786039603B68DAB2E2
:10B200007B6883F800213B681B0ADAB27B6883F80D
:10B2100001213B681B0CDAB27B6883F802213B6892
:10B220001B0EDAB27B6883F8032100BF0C37BD46E2
:10B2300080BC704780B582B000AF78604FF47A7000
:10B24000F5F7FAFBFEF704F80120FEF729F87B6812
:10B2500018460837BD4680BD80B582B000AF786023
:10B260000120F5F7E9FBFDF7F3FF0020FEF718F8E2
:10B270004FF47A70F5F7E0FB7B6818460837BD4657
:10B2800080BD80B582B000AF78600B46FB70FB7864
:10B290001846FEF71BF800BF0837BD4680BD80B5D5
:10B2A00084B000AF78600020FEF720F80346FB81F1
:10B2B000FB8918461037BD4680BD80B586B000AF0B
:10B2C000F860B9607A600023FB8207F11403184626
:10B2D000FFF7B0FF3021F868FFF7D3FFF868FFF7FA
:10B2E000DEFF0346FB82FB8ADAB2BB68DA70FB8AB8
:10B2F0001B0A9BB2DAB27B68DA70F868FFF7CFFFFF
:10B300000346FB82FB8ADAB2BB689A70FB8A1B0A8F
:10B310009BB2DAB27B689A70F868FFF7C0FF034609
:10B32000FB82FB8ADAB2BB685A70FB8A1B0A9BB2AB
:10B33000DAB27B685A70F868FFF7B1FF0346FB8208
:10B34000FB8ADAB2BB681A70FB8A1B0A9BB2DAB2BC
:10B350007B681A7007F114031846FFF77DFF183752
:10B36000BD4680BD0000000080B582B002AFC0487D
:10B37000FEF732F84FF000024FF00003CDE9002352
:10B380004FF00002BB4BBC48FDF7DEFF4FF0000260
:10B390004FF00003CDE900234FF00002B54BB74852
:10B3A000FDF7D2FF4FF000024FF00003CDE900237C
:10B3B0004FF00002AF4BB248FDF7C6FF4FF000025E
:10B3C0004FF00003CDE900234FF00002A94BAD4838
:10B3D000FDF7BAFF4FF000024FF00003CDE9002364
:10B3E0004FF00002A34BA848FDF7AEFF4FF000025C
:10B3F0004FF00003CDE900234FF000029D4BA3481E
:10B40000FDF7A2FF4FF000024FF00003CDE900234B
:10B410004FF00002974B9E48FDF796FF4FF0000259
:10B420004FF00003CDE900234FF00002914B994803
:10B43000FDF78AFF4FF000024FF00003CDE9002333
:10B440004FF000028B4B9448FDF77EFF4FF0000257
:10B450004FF00003CDE900234FF00002854B8F48E9
:10B46000FDF772FF4FF000024FF00003CDE900231B
:10B470004FF000027F4B8A48FDF766FF4FF0000255
:10B480004FF00003CDE900234FF00002794B8548CF
:10B49000FDF75AFF4FF000024FF00003CDE9002303
:10B4A0004FF00002734B8048FDF74EFF4FF0000253
:10B4B0004FF00003CDE900234FF000026D4B7B48B5
:10B4C000FDF742FF4FF000024FF00003CDE90023EB
:10B4D0004FF00002674B7648FDF736FF4FF0000251
:10B4E0004FF00003CDE900234FF00002614B71489B
:10B4F000FDF72AFF4FF000024FF00003CDE90023D3
:10B500004FF000025B4B6C48FDF71EFF4FF000024E
:10B510004FF00003CDE900234FF00002554B674880
:10B52000FDF712FF4FF000024FF00003CDE90023BA
:10B530004FF000024FF080436148FDF705FF4FF0E8
:10B5400000024FF00003CDE900234FF00002494B09
:10B550005C48FDF7F9FE4FF000024FF00003CDE923
:10B5600000234FF00002434B5748FDF7EDFE4FF02C
:10B5700000024FF00003CDE900234FF000023D4BE5
:10B580005248FDF7E1FE4FF000024FF00003CDE915
:10B59000002335A3D3E900234D48FDF7D5FE4FF036
:10B5A00000024FF00003CDE900234FF00002314BC1
:10B5B0004848FDF7C9FE4FF000024FF00003CDE907
:10B5C00000234FF000022B4B4348FDF7BDFE4FF028
:10B5D00000024FF00003CDE900234FF00002254B9D
:10B5E0003E48FDF7B1FE4FF000024FF00003CDE9F9
:10B5F00000234FF000021F4B3948FDF7A5FE4FF026
:10B6000000024FF00003CDE900234FF000024FF09D
:10B6100080433448FDF798FE4FF000024FF00003DE
:10B62000CDE900234FF00002124B2F48FDF78CFEAE
:10B630004FF000024FF00003CDE900234FF000026D
:10B640000C4B2A48FDF780FE4FF000024FF000033C
:10B65000CDE900234FF000024FF080432448FDF76E
:10B6600073FE4FF0000245E05EBA490C02AB1E408B
:10B67000105C00200000F03FB05D0020C05D0020A5
:10B68000D05D0020E05D0020F05D0020005E002025
:10B69000105E0020205E0020305E0020405E002012
:10B6A000505E0020605E0020705E0020805E002002
:10B6B000905E0020A05E0020B05E0020C05E0020F2
:10B6C000D05E0020E05E0020F05E0020005F0020E1
:10B6D000105F0020205F0020305F0020405F0020CE
:10B6E000505F0020605F0020705F0020805F0020BE
:10B6F000905F00204FF00003CDE900234FF00002DF
:10B700004FF080431C48FDF71FFE4FF000024FF042
:10B710000003CDE900234FF00002184B1848FDF755
:10B7200013FE4FF000024FF00003CDE9002310A3F9
:10B73000D3E900231348FDF707FE4FF000024FF056
:10B740000003CDE900230AA3D3E900230E48FDF747
:10B75000FBFD4FF000024FF00003CDE900234FF056
:10B7600000020A4B0A48FDF7EFFD00BFBD4680BD51
:10B770005EBA490C02AB1E40A05F00200000F03F03
:10B78000B05F0020C05F0020D05F00200040594023
:10B79000E05F002080B500AF0348FDF7ADFE034831
:10B7A000FBF768FF00BF80BD105C00204800002050
:10B7B00080B500AFFFF7D8FD80BD80B500AFFFF7C3
:10B7C000E9FF80BD90B589B000AFF860B9607A60DC
:10B7D0003B600023FB61FB68002B02D0BB68002BA1
:10B7E00001D10023DCE07B6B002B16D0BB6B002B60
:10B7F00013D0B96B786B01F0E3FB03461A46796B03
:10B80000F86801F097FB0346002B14BF01230023C7
:10B81000DBB2002B01D00023C2E0BB68BB61BB6977
:10B82000202B01D92023BB6197F83C3083F0010322
:10B83000DBB2002B39D00023FB6129E0FA68FB69F9
:10B84000134493F90030602B15DDFA68FB6913444B
:10B8500093F900307A2B0EDCFA68FB69134493F9F4
:10B860000030DBB2203BDBB259B24F4AFB691344D4
:10B870000A461A7009E0FA68FB69134493F900104C
:10B88000494AFB6913440A461A70FB690133FB619C
:10B89000B969F86801F094FB0246FB69934234BF32
:10B8A00001230023DBB2002BC8D13F4B0022DA7703
:10B8B00000233B610023FB6148E0FB691B017A68C0
:10B8C00013441B7A7B61BA687B699A4201D2BB68D8
:10B8D0007B61FB691B017A6813441B687A6919460E
:10B8E000314801F027FB0346002B0CD0FB691B01FC
:10B8F0007A6813441B687A691946F86801F01AFBE4
:10B900000346002B1FD1FB691B017A6813441B7A85
:10B910001A46FB6813443B61FB691B017A681344B8
:10B92000DC68FB691B017A6813441868FB691B011A
:10B930007A6813441B7A1A46BB689A1A3B6C3969B9
:10B94000A04701232CE0FB690133FB61FA693B68E6
:10B950009A42B2D397F83030002B18D112491348CD
:10B9600000F0E2F80023FB610BE00F4AFB6913448F
:10B9700093F9003019460E4800F0D6F8FB69013300
:10B98000FB61FB69092BF0D90A4800F0CDF897F864
:10B990003030002B03D13968786800F00DF80023AF
:10B9A00018462437BD4690BDF05F00209018020075
:10B9B000AC180200B418020080B584B000AF786003
:10B9C00039600023FB6010E0FB681B017A681344B8
:10B9D0001968FB681B017A6813445B681A460748BC
:10B9E00000F0A2F8FB680133FB60FA683B689A42FA
:10B9F000EAD300BF00BF1037BD4680BDDC1802008F
:10BA000090B587B002AFF8607A603B600B467B81EF
:10BA1000FB68002B0BD0FB681B680C331C68798912
:10BA20003B6A00933B687A68F868A04702E00348E5
:10BA300000F07AF800BF1437BD4690BDE41802004C
:10BA400080B586B000AFF860B9607A60BB68002B43
:10BA500001D1002312E000237B610AE0BA687B6910
:10BA6000134493F900301846FCF774FD7B690133E9
:10BA70007B617A697B689A42F0D37B6818461837F5
:10BA8000BD4680BD80B586B000AFF860B9607A6011
:10BA9000FB68B3F1804F03D3FB680D4A934209D989
:10BAA0007B68BA68F9680B4800F032FFFA687B6877
:10BAB000134409E0FB687B617A68B968786901F032
:10BAC00077FC02467B68134418461837BD4680BD94
:10BAD000008000404419020080B586B000AFF860D5
:10BAE000B9607A60BB68002B02D0FB68002B01D1E3
:10BAF000002315E0FB683B6100237B610BE0BA6823
:10BB00007B69134493F900303969184600F050FFFF
:10BB10007B6901337B617A697B689A42EFD37B68EA
:10BB200018461837BD4680BD0FB480B582B000AF4F
:10BB300007F114033B603B683A6900210548F7F7B9
:10BB400061F878607B6818460837BD46BDE88040DC
:10BB500004B0704741BA00000EB480B585B000AFA4
:10BB6000786007F12003BB60BB68FA6979680A480E
:10BB7000F7F748F8F860FB68002B04DBFB687A688D
:10BB8000134400221A70FB6818461437BD46BDE8FE
:10BB9000804003B0704700BF85BA00000CB480B588
:10BBA00084B000AF7860396007F11C03BB60BB68EC
:10BBB000BA6979680548F7F725F8F860FB68184610
:10BBC0001037BD46BDE8804002B0704785BA00001E
:10BBD0000EB480B585B000AF786007F12003BB607C
:10BBE000BB68FA6979680648F7F70CF8F860FB68F3
:10BBF00018461437BD46BDE8804003B0704700BF0B
:10BC0000D9BA0000F0B587B004AF78607B681B88B4
:10BC10009BB21E467B681B7803F00103DBB2002B4E
:10BC200001D0592400E04E247B681B7803F0020306
:10BC3000DBB2002B01D0592500E04E257B681B7834
:10BC400003F00403DBB2002B01D0592300E04E23A4
:10BC50007A68127802F00802D2B2002A01D0592282
:10BC600000E04E227968497801F00101C9B200294B
:10BC700001D0592100E04E217868407800F00200A0
:10BC8000C0B2002801D0592000E04E20039002915C
:10BC9000019200932B46224631460348FFF744FFAA
:10BCA00000BF0C37BD46F0BDB8190200F0B589B031
:10BCB00006AF78607B681B789C467B681B7803F036
:10BCC0000103DBB2002B01D0592500E04E257B6833
:10BCD0001B7803F00203DBB2002B01D0592600E0F1
:10BCE0004E267B681B7803F00403DBB2002B01D0E7
:10BCF000592300E04E237A68127802F00802D2B28B
:10BD0000002A01D0592200E04E227968097801F01A
:10BD10001001C9B2002901D0592100E04E217868F4
:10BD2000007800F02000C0B2002801D0592000E0C7
:10BD30004E207C68247804F04004E4B2002C01D04A
:10BD4000592400E04E240494039002910192009340
:10BD500033462A4661460348FFF7E6FE00BF0C372C
:10BD6000BD46F0BD2C1A020080B582B000AF7860ED
:10BD70007B681B6819460348FFF7D6FE00BF0837EB
:10BD8000BD4680BDAC1A0200F0B587B004AF786044
:10BD90007B681B781E467B681B7803F00103DBB2CF
:10BDA000002B01D0592400E04E247B681B7803F05F
:10BDB0000203DBB2002B01D0592500E04E257B6841
:10BDC0001B7803F00803DBB2002B01D0592300E0FD
:10BDD0004E237A68127802F01002D2B2002A01D003
:10BDE000592200E04E227968097801F02001C9B299
:10BDF000002901D0592100E04E217868007820F018
:10BE00007F00C0B2002801D0592000E04E200390EE
:10BE10000291019200932B46224631460348FFF7D8
:10BE200083FE00BF0C37BD46F0BD00BFD81A02002C
:10BE300080B582B000AF78607B681B681946034804
:10BE4000FFF772FE00BF0837BD4680BD581B0200D9
:10BE500080B582B000AF78607B681B6819460D48DA
:10BE6000FFF762FE7B681846FFF78EFF0A48FFF770
:10BE70005BFE7B6801331846FFF718FF0648FFF7A3
:10BE800053FE7B6802331846FFF7BCFE00BF08373D
:10BE9000BD4680BD881B0200BC1B020080B584B07B
:10BEA00002AF78607B6819687B681B7803F0020337
:10BEB000DBB2002B01D0592200E04E227B68DB78F8
:10BEC00003F04003DBB2002B01D0592000E04E20EC
:10BED0007B68DB7823F07F03DBB2002B01D0592392
:10BEE00000E04E23009303460348FFF71DFE00BF0A
:10BEF0000837BD4680BD00BFC01B0200F0B589B049
:10BF000006AF78607B681D687B685E687B68D3F8E5
:10BF100008C07B68DB687A68126979684969786863
:10BF200080697C68E4690494039002910192009313
:10BF30006346324629460348FFF7F6FD00BF0C373B
:10BF4000BD46F0BD0C1C020080B584B000AF786027
:10BF50001C4B1B6803F00103002B14BF01230023BB
:10BF6000DBB2002B00D001BE7868FFF7C7FF164890
:10BF7000FFF7DAFD154B1B681846FFF7F5FE124870
:10BF8000FFF7D2FD124B1B681846FFF751FF0E4812
:10BF9000FFF7CAFD0F4B1B681846FFF77FFF0A48E3
:10BFA000FFF7C2FD0C4B1B681846FFF751FF064810
:10BFB000FFF7BAFD0023FB60FB68984700BF10370E
:10BFC000BD4680BDF0ED00E0901C02005C0000204A
:10BFD000640000206C0000206800002080B586B05E
:10BFE00000AF78601248FFF79FFD7B689B693B615B
:10BFF0007B685B69FB6039690E48FFF795FDF9685E
:10C000000D48FFF791FD00237B6104E0FCF77CFA0B
:10C010007B6901337B617B69B3F5805FF6D30023D5
:10C02000BB60BB68984700BF1837BD4680BD00BFE6
:10C03000941C0200A41C0200B41C020080B586B04F
:10C0400000AF78601248FFF76FFD7B689B693B612A
:10C050007B685B69FB6039690E48FFF765FDF9682D
:10C060000D48FFF761FD00237B6104E0FCF74CFA0B
:10C070007B6901337B617B69B3F5805FF6D3002375
:10C08000BB60BB68984700BF1837BD4680BD00BF86
:10C09000C41C0200A41C0200B41C020080B586B0BF
:10C0A00000AF78601248FFF73FFD7B689B693B61FA
:10C0B0007B685B69FB6039690E48FFF735FDF968FD
:10C0C0000D48FFF731FD00237B6104E0FCF71CFA0B
:10C0D0007B6901337B617B69B3F5805FF6D3002315
:10C0E000BB60BB68984700BF1837BD4680BD00BF26
:10C0F000D81C0200A41C0200B41C020080B500AFD2
:10C100000248FBF7B7FA00BF80BD00BF5000002017
:10C1100080B500AFFFF7F2FF80BD000080B582B0B0
:10C1200000AF786039607B681B6818460FF0ACFF81
:10C130003B68D3E9002310F011F802460B46104685
:10C1400019464FF00002054B10F032F902460B463B
:10C15000104619460837BD4680BD00BF00005E414D
:10C1600080B483B000AF78600B46FB707B68FA78D0
:10C170005A7000BF0C37BD4680BC704780B400AF1A
:10C1800000BFBD4680BC704780B582B000AF78600C
:10C19000786800F051FC00BF0837BD4680BD000044
:10C1A00080B582B000AF0123FB710848FDF7F4FCB5
:10C1B0000748FCF7C1FB0346002B01D00023FB71AD
:10C1C000FB7918460837BD4680BD00BF105C0020D3
:10C1D000C04B002080B584B002AF786039600A217E
:10C1E0003C48FBF7EAFA0A213A48FBF7E6FA0A214B
:10C1F0003848FBF7E2FA0A213648FBF7DEFA0A2153
:10C200003448FBF7DAFA0A213248FBF7D6FA0A215A
:10C210003048FBF7D2FA0A212E48FBF7CEFA0A2162
:10C220002C48FBF7CAFA48212A48FBF7C6FA6521D1
:10C230002848FBF7C2FA6C212648FBF7BEFA6C21AE
:10C240002448FBF7BAFA6F212248FBF7B6FA2021FF
:10C250002048FBF7B2FA45211E48FBF7AEFA5321FE
:10C260001C48FBF7AAFA43211A48FBF7A6FA2D212E
:10C270001848FBF7A2FA46211648FBF79EFA53210D
:10C280001448FBF79AFA4D211248FBF796FA0A2157
:10C290001048FBF792FA2023009320230E4A0F49FF
:10C2A0000F48FFF741FC682268210E48FFF73CFC6D
:10C2B0000D4800F01DF800210B4800F03BF800216C
:10C2C0000A48FFF74DFF0948FDF72EFBFFF768FF0F
:10C2D000FCE700BF801A0020A41D0200A81D020078
:10C2E000D41D0200201E0200C04B0020105C002064
:10C2F00080B582B000AF78607B6803F58053002280
:10C300001A847B6803F5805300225A847B680833C3
:10C310004FF480520021184600F054FD7B6803F56D
:10C3200080530833184600F017F8002318460837E2
:10C33000BD4680BD80B483B000AF78600B46FB7013
:10C340007B6803F580531A46FB7882F8243000BFDF
:10C350000C37BD4680BC704780B483B000AF7860B6
:10C360007B6800221A617B6800225A6100BF0C378B
:10C37000BD4680BC7047000080B500AF0248FBF7A7
:10C3800079F900BF80BD00BF7800002080B500AF04
:10C39000FFF7F2FF80BD0000002301461A46184651
:10C3A00001F0AAB808B50021044601F0EFF8034BEC
:10C3B0001B6803B198472046F4F734FA586100200F
:10C3C000014BC0F8EC307047741E0200034B1B5C3D
:10C3D00003F00303022B08BF20387047751E0200CC
:10C3E000B1F90C20F8B516070C46074648D4496841
:10C3F00042F400630029A3815FDDA56A002D3DD0D2
:10C40000002112F480523E683960E16961D1012354
:10C410003846A847451C02466AD0B4F90C30A56AD4
:10C42000E169580705D56368D21A236B0BB1E36B3A
:10C43000D21A00233846A847411C4CD13968B4F9B8
:10C440000C301D293FD82F4ACA40D2073BD50022C5
:10C4500062602269DD04226023F40062A28101D5BA
:10C46000002943D0216B3E6041B104F14003994261
:10C4700002D0384601F046F9002323630020F8BDBE
:10C480000E69002EFAD0920718BF00230D6808BF6E
:10C490004B690E60AD1B8B600CE02B463246D4F826
:10C4A00024C03846E169E047B0F1000CA5EB0C056B
:10C4B000664406DD002DF0DCE0E7E16B00299CDC42
:10C4C000DCE7B4F90C3043F040034FF0FF30A381B8
:10C4D000F8BD226DA5E70022B4F90C306260226934
:10C4E000226023F40062DB04A281BBD52065B9E79A
:10C4F0003B68002B91D01D2B01D0162BE1D13E6063
:10C50000BCE700BF0100402038B505460C4608B125
:10C51000436B03B3B4F90C0088B1636EDB0701D43D
:10C5200081050FD528462146FFF75AFF636E054661
:10C53000DA0702D4A3899B0508D5284638BD0546ED
:10C54000284638BDA06D00F04BFEEBE7A06D00F073
:10C550004FFE284638BD00F05BF9DBE750B338B535
:10C56000174B04461D680DB16B6BBBB1B4F90C00E1
:10C5700088B1636EDB0701D4810513D528462146B7
:10C58000FFF72EFF636E0546DA0702D4A3899B05E9
:10C590000CD5284638BD0546284638BD284600F04B
:10C5A00037F9E3E7A06D00F01BFEE7E7A06D00F0B0
:10C5B0001FFEEEE7034A0449044800F077B900BFC4
:10C5C000940000208800002009C500009800002089
:10C5D000024A0349034800F069B900BF88000020FF
:10C5E0009D130100980000200C4B416810B5994242
:10C5F000044601D004F0D2FEA168094B994202D052
:10C60000204604F0CBFEE168064B994204D0204658
:10C61000BDE8104004F0C2BE10BD00BF2060002085
:10C6200088600020F060002008B54B6EDA0702D465
:10C630008B899B0501D5002008BD886D00F0D0FDD9
:10C64000002008BD08B54B6EDA0702D48B899B0524
:10C6500001D5002008BD886D00F0CAFD002008BD8E
:10C660002DE9F84300250423304C314A3149DFF8E5
:10C67000C890DFF8C880324F324E116004F15C0080
:10C6800029460822C4E90335C4E90055C4E9055523
:10C69000A560656600F096FB04F15800C4E90749FF
:10C6A000C4E90987E66200F093FD274B294608227A
:10C6B00004F1C4006367C4E91A55C4E91E5525672F
:10C6C000C4F8CC50C4F8805000F07CFB04F168033F
:10C6D00004F1C000C4F88430C4E92298C4E9247687
:10C6E00000F076FD194B294604F596700822C4F82F
:10C6F000DC30C4E93455C4E93855C4F8D850C4F81E
:10C700003451C4F8E85000F05DFB04F1D003C4E9F3
:10C710003D87C4F8F09004F59470C4F8FC60C4F848
:10C72000EC30BDE8F84300F053BD00BF20600020AE
:10C7300058610020D1C50000ADCB0000D5CB000072
:10C7400015CC000039CC00000900010012000200E5
:10C75000F8B506462A4800F043FD2A4B1B68002B1B
:10C7600043D0294FD7E90134013B04D524E05A1CBA
:10C7700004F1680420D0B4F90C50013B002DF6D12F
:10C78000224B04F15800E360656600F021FD1C486F
:10C7900000F02EFD08222946C4E90155C4E90455DC
:10C7A0002560A56104F15C0000F00CFBC4E90C55A8
:10C7B000C4E911552046F8BD3D680DB12F46D1E7BB
:10C7C0004FF4D671304601F099F8044680B1042345
:10C7D0000560294625460C304FF4D072A060636096
:10C7E00000F0F0FA3C602F46BCE7FFF739FFB8E7EE
:10C7F00003483C6000F0FCFC0C233360DAE700BF28
:10C800007C61002058610020880000200100FFFFAB
:10C8100010B504460A4800F0E3FC636B23B9094BEA
:10C82000094A1B68626323B1BDE81040044800F068
:10C83000DFBCFFF715FFBDE81040014800F0D8BC91
:10C840007C61002058610020E9C50000014800F02B
:10C85000C7BC00BF7C610020014800F0C9BC00BF1C
:10C860007C61002008B5054800F0BAFCBDE808402E
:10C870000020034A034900F019B800BF7C61002082
:10C880008800002029C6000008B50020044A054998
:10C8900000F00CF8BDE80840034800F0A9BC00BF58
:10C8A0008800002045C600007C6100202DE9F84387
:10C8B0004FF0000980460F461646D6E90154013D67
:10C8C00010D4A389012B08D9B4F90E30013304D058
:10C8D00021464046B84749EA0009013D6B1C04F176
:10C8E0006804EED13668002EE7D14846BDE8F883EB
:10C8F0000EB400B582B003AB53F8042B81680193EA
:10C9000002F0ECFE02B05DF804EB03B0704700BF2C
:10C910000FB400B5074A83B004AB106853F8042B7A
:10C920008168019302F0DAFE03B05DF804EB04B015
:10C93000704700BF9400002070B505460E461446AF
:10C9400010B1436B002B2FD0636ED80702D4A3899C
:10C95000990520D5A368013B002BA36019DAA269D1
:10C9600093420FDBF0B20A280CD0054623685A1C0C
:10C9700022601E70636EDA0702D4A3899B050ED570
:10C98000284670BD28462246314600F059F9054632
:10C99000F0E7F0B2E9E7A06D00F022FCDAE7A06D65
:10C9A00000F026FC284670BDFFF732FFCCE700BF41
:10C9B0001E4B70B51E6805460C4616B1736B002BF6
:10C9C0002FD0636ED80702D4A389990520D5A36818
:10C9D000013B002BA36019DAA26993420FDBE8B296
:10C9E0000A280CD0064623685A1C22601D70636E0C
:10C9F000DA0702D4A3899B050ED5304670BD3046B8
:10CA00002246294600F01CF90646F0E7E8B2E9E7BD
:10CA1000A06D00F0E5FBDAE7A06D00F0E9FB304621
:10CA200070BD3046FFF7F4FECBE700BF9400002056
:10CA30008268FFF781BF00BF024B01461868826819
:10CA4000FFF77ABF9400002030B5054689B008464C
:10CA50000C4600F023FD01230222234907936B6B50
:10CA60000691029204A9421C04940191AC680590BD
:10CA700003926BB3636EB4F90C20D80701D491050F
:10CA80001FD5900405D442F4005223F40053A28130
:10CA90006366990420D42146284601AA04F0E6FCE6
:10CAA000E8B90A25636EDA0702D4A3899B0502D58B
:10CAB000284609B030BDA06D00F09AFB284609B0A9
:10CAC00030BDA06D00F08CFBB4F90C20636ED8E78C
:10CAD0002846FFF79DFECDE74FF0FF35E3E74FF027
:10CAE000FF35636EDFE700BF781F0200024B01468F
:10CAF0001868FFF7A9BF00BF940000200EB44FF4E0
:10CB00000172F0B500269CB021AD55F8047BADF85C
:10CB100014201B960290069000F0C0FC4FF6FF72A6
:10CB200004460A4B0A49ADF816200A933A462B46AA
:10CB3000086802A90E96139601950394079401F0D4
:10CB40009DF91CB0BDE8F04003B07047D1CB0000A8
:10CB5000940000200CB44FF401732DE9F04100263D
:10CB60009CB022AD0746084655F8048BADF814304A
:10CB7000029106911B9600F091FC4FF6FF7304465C
:10CB80000949ADF816300A91424638462B4602A9AB
:10CB90000E96139601950394079401F06FF91CB05B
:10CBA000BDE8F04102B07047D1CB000010B50C4693
:10CBB000B1F90E1000F0B2FA002803DB236D034434
:10CBC000236510BDA38923F48053A38110BD00BF4A
:10CBD000002070472DE9F0410C46B1F90C101F46BA
:10CBE000CB05054616460BD421F48051A1813B4666
:10CBF00032462846B4F90E10BDE8F041F3F788BE7E
:10CC0000B4F90E100223002200F072FAB4F90C10ED
:10CC1000EAE700BF10B50C46B1F90E1000F068FA53
:10CC2000B4F90C30421C0EBF23F4805343F48053FC
:10CC30002065A38110BD00BFB1F90E1000F010BA3D
:10CC4000F8B506460D46144610B1436B002B4AD08A
:10CC5000B4F90C30A2691807A2601FD52269EAB1A5
:10CC6000EDB299042F46626E24D592042FD4226827
:10CC700023696169D31A99422CDD0133A168013916
:10CC8000A160511C2160157062699A4219D0A38974
:10CC9000DB0701D50A2D14D03846F8BD21463046B1
:10CCA00000F02EF898B9B4F90C30EDB299042F4683
:10CCB000626EDAD443F4005322F40052A381626618
:10CCC000D3E721463046FFF71FFC0028E4D04FF0A1
:10CCD000FF37E1E721463046FFF716FC0028F6D182
:10CCE00001232268CAE7FFF793FDB1E703460A462E
:10CCF000024908681946FFF7A3BF00BF940000204F
:10CD000038B52F4B05461B680C4613B15A6B002AE9
:10CD10004BD0B4F90C3018071CD5226922B313F09C
:10CD2000010107D000206169A0604942A1613AB1C8
:10CD3000002038BD980758BF6169A160002AF7D16B
:10CD4000190658BF1046F4D543F04003A3814FF0B5
:10CD5000FF3038BDD9062CD55A0712D4226943F0CA
:10CD60000803A381002ADAD103F42071B1F5007F12
:10CD7000D5D02146284604F0EFFCB4F90C302269E6
:10CD8000CDE7216B51B104F14002914204D0284615
:10CD900000F0B8FCB4F90C300022226300212269B3
:10CDA00023F02403C4E90021D9E71846FFF730FD3A
:10CDB000AFE7092243F040032A60A381C7E700BF21
:10CDC0009400002070B5860747D0541E002A3ED03C
:10CDD0000346CAB201E0013C39D303F8012B9D0799
:10CDE000F9D1032C2CD9CDB205EB05250F2C1A4611
:10CDF00005EB054534D9A4F1100C2CF00F0603F116
:10CE0000100EB6444FEA1C1CC2E90055C2E9025597
:10CE100010327245F8D10CF1010214F00C0F03EB43
:10CE2000021204F00F0C13D0ACF1040323F003033F
:10CE30000433134442F8045B9342FBD10CF0030427
:10CE40002CB1C9B21C4403F8011BA342FBD170BD35
:10CE500064461346002CF4D1F9E703461446C0E7B4
:10CE6000A446E1E711F0FF01034600F0030239D0C8
:10CE70008ABB026810B501EB012E0EEB0E4E8EEA56
:10CE80000204A2F1013323EA0203A4F1013222EAEF
:10CE90000402134313F0803F0FD150F8044F84EA8B
:10CEA0000E0CA4F10133ACF1013223EA040322EAAF
:10CEB0000C02134313F0803FEFD0037823B936E020
:10CEC00010F8013F002B32D09942F9D110BD8A42AF
:10CED00028D09A0729D01A7818460133002AF6D1AB
:10CEE00010467047CAB90268A2F1013323EA02036F
:10CEF00013F0803F08D150F8042FA2F1013323EA48
:10CF0000020313F0803FF6D003785BB110F8013FC5
:10CF1000002BFBD17047990705D0184613F8012B59
:10CF2000002AF8D170471846DDE71846A1E71846F1
:10CF300010BD00BF002A3ED0844630B504460843E9
:10CF400080070B462ED1032A07D82BE0043A25D0C0
:10CF50001EF0803F22D1032A22D919462068A44618
:10CF6000A0F1013323EA000E0B4653F8045B0434AE
:10CF7000A842EBD09CF800000C7884421DD1E64614
:10CF800068B11EF8010F11F8014FA2EB0E03A04289
:10CF900003F1FF3311D11CEB0303F1D1002030BDAD
:10CFA000A44619469CF800000C78A04205D1012A3D
:10CFB000F4D0E646E4E710467047001B30BD00BFE2
:10CFC00071B1034600EB010C01E0634506D01A463F
:10CFD000117801330029F8D1101A7047181A7047D8
:10CFE00008467047024A01231268503200F002B826
:10CFF0009400002018B3F0B407468C4617F8015B84
:10D0000001E0A54214D01CF8014B002CF9D1DDB190
:10D010003E460C4616F8015B00E063B114F8013B94
:10D020009D42FAD14DB100233B701660F0BC7047B1
:10D0300073B13846E0E73746EAE72E46F5E7106871
:10D040000028D8D10020704700201560F0BC704740
:10D0500017600370EAE700BF0123FFF7CBBF00BFF3
:10D06000002238B5064D044608462A60F3F7BEFB99
:10D07000431C00D038BD2B68002BFBD0236038BD8B
:10D080005C610020194B1B6883422ED0416C70B547
:10D09000054681B100268C593CB1214624682846BA
:10D0A00000F030FB002CF8D1696C0436802EF2D1F0
:10D0B000284600F027FBA96B11B1284600F022FB9F
:10D0C0002C6C34B121462468284600F01BFB002C50
:10D0D000F8D1E96C11B1284600F014FB6B6B1BB161
:10D0E0002846BDE87040184770BD70479400002086
:10D0F00038B50C46114600228446074D20462A606A
:10D100001A466446F3F7DFFB431C00D038BD2B689A
:10D11000002BFBD0236038BD5C61002038B50C4685
:10D12000114600228446074D20462A601A4664466E
:10D13000F3F7E2FB431C00D038BD2B68002BFBD07B
:10D14000236038BD5C610020014B1868704700BF48
:10D150009400002070B50F4B0F4DAB42A3EB0506BA
:10D1600007D00024B61055F8043B01349847A64276
:10D17000F9D81CF0D3F9094D094B5E1BAB424FEABD
:10D18000A60606D0002455F8043B01349847A64271
:10D19000F9D870BD34950200349502003495020030
:10D1A0004C95020038B5074D074C2C1BA41005D038
:10D1B000013C55F8043D9847002CF9D1BDE83840B2
:10D1C0001CF0B2B9609502004C950200704700BF98
:10D1D000704700BF704700BF704700BF704700BF77
:10D1E000704700BF0120704701207047704700BFA3
:10D1F000704700BF80EA010C1CF0030F37D110F01C
:10D20000030C20F0030021F0030150F8042B08BFA9
:10D2100051F8043B0ED08CF0030C6FF07F434FEAC3
:10D22000CC0C23FA0CFC51F8043B42EA0C0243EA12
:10D230000C0300BFA2F1013C9A4201BF2CEA020C90
:10D240001CF0803F50F8042B51F8043BF2D04FEA19
:10D2500002604FEA1222012828BFB0EB036F08BF1B
:10D260001B0AF4D003F0FF03000EC01A704710F041
:10D27000030F0AD010F8012B11F8013B012A28BF37
:10D280009A42F4D0A2EB030070474DF8045D50F8C9
:10D29000042B01F0030521F0030151F8043B022D9A
:10D2A00026D04DD822F07F45B5EB132FA2F1013CDB
:10D2B0002CEA020C0DD11CF0803C08BF51F8043B55
:10D2C0000AD185EA0205B5EB036F0CD150F8042BA7
:10D2D000E8E74FEA13235BE03CF07F4C54D10B7836
:10D2E0004FEA126554E04FEA126503F0FF034FE086
:10D2F0004FEA0245A2F1013C4FEA15452CEA020C27
:10D30000B5EB134F18D11CF0803C08BF51F8043B1B
:10D3100007D185EA0205B5EB034F09D150F8042B7C
:10D32000E6E75FEA0C4C2FD10B884FEA12452FE05D
:10D330004FEA03434FEA12454FEA134328E000BF88
:10D3400002F0FF05B5EB136FA2F1013C2CEA020CD1
:10D350000DD11CF0803C08BF51F8043B0AD185EA8E
:10D360000205B5EB032F0AD150F8042BE8E74FEA8A
:10D3700013630DE012F0FF0F06D051F8043B4FEAA3
:10D38000122523F07F4303E04FF0000020BC7047DC
:10D3900005F0FF0203F0FF00012828BF904204BF00
:10D3A0002D0A1B0AF4D0A2EB000020BC704700BF7E
:10D3B000844641EA000313F0030349D1403A23D3E2
:10D3C0000B6803604B6843608B688360CB68C36005
:10D3D0000B6903614B6943618B698361CB69C361ED
:10D3E0000B6A03624B6A43628B6A8362CB6AC362D5
:10D3F0000B6B03634B6B43638B6B8363CB6BC363BD
:10D4000040304031403ADBD230320BD30B680360FE
:10D410004B6843608B688360CB68C3601030103109
:10D42000103AF3D20C3205D351F8043B40F8043BD8
:10D43000043AF9D2043208D0D2071CBF11F8013BDC
:10D4400000F8013B01D30B8803806046704700BFA2
:10D45000082A13D38B07B1D010F00303AED0C3F169
:10D460000403D21ADB071CBF11F8013B00F8013B93
:10D47000A4D331F8023B20F8023B9FE7043AD9D30A
:10D48000013A11F8013B00F8013BF9D20B78037027
:10D490004B7843708B7883706046704720F00301AF
:10D4A00010F00300C0F1000051F8043B00F1040C3F
:10D4B0004FEACC0C6FF000021CBF22FA0CF21343AF
:10D4C0004FF0010C4CEA0C2C4CEA0C4CA3EB0C0278
:10D4D00022EA030212EACC1204BF51F8043B0430E2
:10D4E000F4D0C2F1000102EA0102B2FA82F2C2F102
:10D4F0001F0200EBD20070472DE9F8431B4D064692
:10D50000286898460F469146FFF76AFE184B1C683C
:10D510001CB3286865681F2D22DC4EB96B1C0235D0
:10D52000636044F82570FFF763FE0020BDE8F883D0
:10D53000012304EB8501C1F88890D4F88821AB4021
:10D540001A43022EC4F88821C1F80881E6D1D4F824
:10D550008C211A43C4F88C21E0E7064C1C60D8E704
:10D56000FFF746FE4FF0FF30E0E700BFD801002094
:10D570001063002080610020024B13B10248FEF7C7
:10D580000BBF704700000000A5D100002DE9F04F4F
:10D5900082462C4B2C4F83B018688B46CDF804A0E4
:10D5A000FFF71EFE3E684EB34FF000094FF0010832
:10D5B0007468651E22D4013406EB8404BBF1000FAD
:10D5C00023D173682268013BAB420CBF7560C4F87D
:10D5D000009072B1D6F8881108FA05F30B42D6F81C
:10D5E00004A01CD1904773683A68534523D1B242D6
:10D5F00021D1013D6B1CA4F10404DFD1114B18684B
:10D6000003B0BDE8F04FFFF7F3BDD4F800315B4540
:10D61000D7D0013D6A1CA4F10404F6D1EEE7D6F898
:10D620008C01D4F88010034209D1019890477368A7
:10D630003A685345DBD0002AE0D01646B8E70846E2
:10D640009047D0E7D8010020106300202DE9F8436F
:10D6500006460820894604F0B5FF0546DFF89880A5
:10D66000304600F0FFFBD8F808305F6827F003076A
:10D67000A7F11104A4EB09042C44B4FBF5F4013C1C
:10D6800005FB04F4A54208DC0021304604F088FFC5
:10D69000D8F808303B44984205D0304600F0E8FB0B
:10D6A0000020BDE8F8833046614204F079FF013084
:10D6B0000FD0124AD8F808303F1B47F001075F60CF
:10D6C000136830461B1B136000F0D2FB0120BDE83D
:10D6D000F8830021304604F063FFD8F80820831A4D
:10D6E0000F2BDADD43F001035360054B03491B6840
:10D6F000C01A0860D1E700BFE801002014630020D1
:10D70000DC01002000297CD0F8B50C46064600F06C
:10D71000A9FB54F8043C764FA4F1080523F001015D
:10D720006818D7F808C04268844522F0030200F068
:10D730008380DB07426000EB020C33D454F8084CC2
:10D74000DCF804302D1B2144AC6807F1080C64455B
:10D7500003F0010364D0D5F80CE0C4F80CE0CEF877
:10D760000840002B00F0818041F001036B600160F4
:10D77000B1F5007F22D20122CB0849098A4079689D
:10D7800001330A437A6057F8331007EBC302083AB3
:10D79000C5E9021247F83350CD603046BDE8F84085
:10D7A00000F066BBDCF80430DB072BD541F0010349
:10D7B000B1F5007F44F8043C0160DCD3B1F5206F83
:10D7C0004FEA512353D28B0903F1390003F1380298
:10D7D000C300F818FB580838984203D161E09B68F1
:10D7E000984204D05A6822F003028A42F7D8D868D7
:10D7F000C5E9023085603046DD60BDE8F84000F0E4
:10D8000037BB7047114407F1080C836863453FD06C
:10D81000C268DA60936041F001036B606950A7E76A
:10D82000002B5FD10A44D0E90213CB60996042F02B
:10D8300001036B60AA50B0E70A44D90707D454F833
:10D84000083CED1A1A44D5E90213CB60996042F006
:10D8500001036B60274BBD601B6893429DD8264B2C
:10D8600030461968FFF7F2FE97E71144CDE7142B15
:10D8700008D9542B1DD80B0B03F16F0003F16E0276
:10D88000C300A6E703F15C0003F15B02C300A0E75D
:10D8900041F00103C7E90455C5E902CC6B6069504A
:10D8A0007BE70121921001FA02F279680A437A605B
:10D8B0009EE7B3F5AA7F06D8CB0B03F1780003F1FE
:10D8C0007702C30085E740F25452934206D88B0C8E
:10D8D00003F17D0003F17C02C3007AE74FF47E730D
:10D8E0007E2276E741F001036B60016055E700BFDF
:10D8F000E8010020E0010020446300202DE9F04F02
:10D9000001F10B05162D064683B024D8102900F22C
:10D91000AD8000F0A7FA102518234FF0020CB84F85
:10D920003B445C68A3F10802944200F01D8130463C
:10D930006368E268A16823F00303CA60234491602E
:10D940005A68083442F001025A6000F091FA204609
:10D9500003B0BDE8F08F35F0070500F18780A942DC
:10D9600000F2848000F07EFAB5F5FC7FC0F06F8194
:10D970006B0A7FD0042B00F21E81AB0903F1390C36
:10D9800003F1380E4FEACC009D4F38444468083804
:10D99000A04207D10DE0002AE16880F2DF808842D2
:10D9A00007D00C46636823F003035A1B0F2AF2DDED
:10D9B000F446DFF850823C69444500F0BC8063685F
:10D9C00023F00309A9EB05030F2B00F34581002B7E
:10D9D000C7E9048880F22F81B9F5007FD7F804E009
:10D9E00080F0C98001234FEAD9014FEA591919443F
:10D9F00003FA09F357F831204EEA030E07EBC1038F
:10DA0000083BA260E360C7F804E047F83140D46007
:10DA100001204FEAAC039840704532D810EA0E0F4F
:10DA200007D12CF0030C400010EA0E0F0CF1040C8F
:10DA3000F9D007EBCC0AD646E146DEF80C300BE015
:10DA400059681C4621F003014A1B0F2ADB6800F3CA
:10DA5000BF80002A80F2E2809E45F1D109F10109E0
:10DA600019F0030F0EF1080EE7D11FE10C2333600C
:10DA700000246CE74FF400704FF0400C4FF03F0E65
:10DA800082E7BC68636823F00309A94503D3A9EBC7
:10DA900005030F2B52DC5C4B08201B6803F11008B8
:10DAA00004EB0903009304F08DFD584A8346136884
:10DAB000A844013305D008F1FF388044434203EA0B
:10DAC00008084146304604F06BFDB0F1FF3F824646
:10DAD0004E4A00F0DC8004EB0903834200F2D5805B
:10DAE0004B4B0BF1FF31186840448446186040F0FE
:10DAF000FB801AEA010F40F0F780D7F808A0C8446D
:10DB000048F00102CAF804205446424B1968814289
:10DB100038BF1860404B1968814238BF186022F046
:10DB20000308A845A8EB050301D30F2B06DC3046FC
:10DB300000F09EF99CE7D7F804E069E7621943F02A
:10DB4000010345F0010565603046BA600834536052
:10DB500000F08EF9204603B0BDE8F08FA268304691
:10DB6000D16023448A60EBE6DC68A3427FF4DFAE39
:10DB70000CF1020C1DE7B9F5206F4FEA59227DD355
:10DB8000142A00F2118102F15C03DB005B32F91808
:10DB9000FB580839994203D1ECE09B68994204D0C4
:10DBA0005A6822F003024A45F7D8D968C4E902311D
:10DBB0008C60DC602CE7142B6CD9542B00F2FD80B8
:10DBC0002B0B03F16F0C03F16E0E4FEACC00DBE67A
:10DBD000D4F808C03046661945F001056560CCF8F8
:10DBE0000C30C3F808C042F00103C7E90466C6E977
:10DBF00002887360625000F03BF90834A7E600BF6A
:10DC0000E8010020F001002044630020DC01002036
:10DC100014630020406300203C63002021444A68D4
:10DC2000304642F001024A6054F8082FD3609A60EF
:10DC300000F01EF98BE6A144D9F80430304643F0D9
:10DC40000103C9F8043000F013F908347FE64FEA05
:10DC5000D50C05F1080362E6621943F0010145F0B5
:10DC6000010565603046C7E90422C2E902885160B7
:10DC700044F8093000F0FCF8083468E64FEA9912DD
:10DC800002F13903DB00383281E7BC4224D0BC68A2
:10DC9000626844E703F15C0C03F15B0E4FEACC00D1
:10DCA00072E65AF80839534540F0D8801CF0030F4B
:10DCB0000CF1FF3CF5D17B6823EA00037B60400058
:10DCC00098423FF6DEAE18B9DBE6400009F10409E0
:10DCD0001842FAD0CC46ACE6614B0BF1FF31186824
:10DCE00008EB000CC3F800C01068013070D004EBE2
:10DCF0000902AAEB020262441A601AF00702CDE997
:10DD0000002340D0C2F108029244D04408EA010046
:10DD10005A44121A02EA010B5946304604F040FCFC
:10DD2000421C019B71D0A0EB0A0000EB0B081868A5
:10DD300048F001025844BC42C7F808A01860CAF86D
:10DD400004203FF4E1AEB9F10F0F44D94FF0050CB8
:10DD50006168A9F10C0222F0070201F001011143F0
:10DD600061600F2A04EB0201C1E901CC55D8DAF851
:10DD70000420C9E60120921000FA02F24EEA020ED7
:10DD8000C7F804E012E70AEB08020A40ABEB020214
:10DD900002EA010B5946304604F002FC431C019B89
:10DDA000C1D1DDF800B0C2E7542A18D84FEA1932C1
:10DDB00002F16F03DB006E32E9E6B3F5AA7F18D8F3
:10DDC000EB0B03F1780C03F1770E4FEACC00DBE5A7
:10DDD000C2F800A091E70123CAF80430A7E6B2F523
:10DDE000AA7F25D84FEAD93202F17803DB007732D7
:10DDF000CDE640F25452934225D8AB0C03F17D0C92
:10DE000003F17C0E4FEACC00BEE5009A4FF0000B08
:10DE1000083A9044A8EB0A0889E7304604F1080163
:10DE20000093FFF76FFC009BD7F808A018689EE7E7
:10DE300040F254539A420DD84FEA994202F17D03C1
:10DE4000DB007C32A3E64FF47E704FF07F0C4FF086
:10DE50007E0E99E54FF47E737E2298E67B682EE76E
:10DE6000146300200148FFF7BBB900BF70610020B8
:10DE70000148FFF7BDB900BF706100202DE9F04FE8
:10DE8000ADF53B7D02AFC7E91202B1F90C203B634F
:10DE900096048A464B6E05D442F4005223F4005394
:10DEA0008A814B669D04C3F3403401F1E180A146B1
:10DEB0000822214607F15800FEF784FFBC62BC63CC
:10DEC000FC617C633C64774BD3F8E44004F028FBAE
:10DED00007F1580200920346FA6CB86C07F154013E
:10DEE000A047002861DBFB6C06460344FB647B6DA6
:10DEF000002B00F04B81012867D0252B6ED0002825
:10DF0000E1D0FB6C01389E1BDAF8043034181A4655
:10DF1000002A06F1FF3517DDDAF800306A78187844
:10DF2000691C904203F1010340F03081DAF80420CB
:10DF30008C4202F1FF32CAF80030CAF8042000F027
:10DF40003081002A0D46E7DC5146B86C08F0BAFC77
:10DF50000028E1D03B6C23B1BAF80C305A0640F1EE
:10DF60001581BB6B002B01F08380BB6BDE881868CA
:10DF70007EB100248146A046051F55F8043F0134B8
:10DF8000186805F04BFC2B68B442C3F80080F4D14C
:10DF900048464FF0FF333B6408B105F03FFC386C56
:10DFA00007F53977BD46BDE8F08F4FF6FD730822BF
:10DFB000002107F158007B65FEF704FFFB6C01337D
:10DFC000FB647B6D002B00F0E180374AD25C1007C8
:10DFD00000F1C7850126252B304692D10024254625
:10DFE000F96C0A78A2F1250301F10108552B00F222
:10DFF000CD80DFE813F0AB07CB00CB00CB00CB002C
:10E000009A07CB00CB00CB00CB00CB00D206D206C8
:10E01000D206D206D206D206D206D206D206D20640
:10E02000CB00CB00CB00CB00CB00CB00CB00DD0680
:10E03000CB003505E700DD06DD06DD06CB00CB00B5
:10E04000CB00CB00E000CB00CB004605CB00CB00E3
:10E05000CB008005CB00CB00CB00CB002007CB0052
:10E06000CB008307CB00CB00CB00CB00CB00DD0681
:10E07000CB003705E900DD06DD06DD065707A20700
:10E08000E000CB008E076307710748055407CB00FB
:10E09000CB008205DB004C07CB00CB002007CB0078
:10E0A000DB0000BFD8060020751E020004F010033C
:10E0B000012D38BF01251A467B6414F0010301F0DD
:10E0C0000182002A41F049823B6B240653F804BBCD
:10E0D0003B6301F16D82D846D7F844B05B46DC461D
:10E0E000C7F83CB000269B46644604F019FAB042DB
:10E0F0003FF430AFDAE9003213F8011B013ACAF8F5
:10E10000042007F5BC729155FA69CAF80030032A59
:10E1100006F1010307F1700602D13268042A06D025
:10E12000082200213046FB62FEF74CFEFB6A009697
:10E1300007F5BC724146B86CFB6208F08BF90246E9
:10E14000F861501C3FF406AFFB6A002A41F06A8276
:10E1500099447B6C013D002B41F07282C8F800307D
:10E16000FB6B002B01F0AE82A8EB0406BBEBA60F05
:10E1700001F2A88220464FEACB0106F0E5FA0446F8
:10E18000002841F099824FF0FF333B64BB6B002BBA
:10E190003FF405AFBB6B18683B6C01337FF4FCAEFA
:10E1A000E3E602354D44A5EB06098CE62307EDD1E5
:10E1B0004A78414616E72207E8D14A7844F002043B
:10E1C00041460FE744F001040A234FF0030B7B6341
:10E1D000724BBB62DAF80430002B00F35F845146C7
:10E1E000B86C08F06FFB00287FF4B4AEC7F84C8021
:10E1F000600641F15C810BF1FF33032B3FF656AF14
:10E20000DFE813F0A602E7013D010400B86C04F05A
:10E2100099F944F4F0637B64036800263B626B1E4B
:10E22000B3F5B27F07F5BC7B34BF4FF0000CA5F50A
:10E23000B27C5C4628BF4FF4B275C7E90466FE6342
:10E24000FE62BE61C7F80CC0C7F824B0DAF800104F
:10E250000A78A2F12B034E2B50D8DFE813F0BB0352
:10E260004F00BB034F004F00A100A500A500A50073
:10E27000A500A500A500A500A500A5004F004F0022
:10E280004F004F004F004F004F00B0033F033F03CC
:10E290003F03DD03D4034F004F00C3034F004F0083
:10E2A0004F004F0096034F0075034F004F004F0083
:10E2B00070034F004F004F005903AB034F004F0056
:10E2C0004F004F004F004F004F00B0033F033F038C
:10E2D0003F03DD03D4034F004F00C3034F004F0043
:10E2E0004F004F0096034F0075034F004F004F0043
:10E2F00070034F004F004F005903AB037B6C9B052D
:10E3000070D5D7F820B09BF8003093426AD1C7E9A6
:10E3100001544FF000085546B24606E0296091F8D6
:10E3200000E09BF8000086451CD11BF8010F444615
:10E330004E46013108F1010809F10109002800F0F9
:10E340007E866868013800286860E7DC2946B86C7A
:10E3500008F0B8FA30B929689BF8000091F800E09D
:10E360008645E2D0224633465646BC68AA46D7E9DF
:10E37000085BA844C7E90864914644469846BE6CC9
:10E3800014F8011D5246304608F05EFAA542F7D156
:10E39000D7E90864A8EB090926E000BF155D010074
:10E3A0007B6CD90500F15185FB6B9B191AD11E4678
:10E3B0007B6CFE6323F4C0737B64013D04F8012B86
:10E3C000DAF8043009F10109013B002BCAF80430E6
:10E3D00040F3BC83DAF800300133CAF80030002D76
:10E3E0007FF434AFD7F824B0FB6A002B40F03383BE
:10E3F000FB6B013B012B41F22780731E062B40F281
:10E4000047867B6CD80540F1AA84590500F1468700
:10E4100014F8011C651E652909F1FF360AD045294B
:10E4200008D05246B86C08F00FFA14F8021CA9F193
:10E430000206A51E5246B86C08F006FA7B6C13F073
:10E44000100340F04A86B1462B707B69002B40F0E8
:10E45000558700225946B86C07F0EEFA7A6C3B6B90
:10E46000D20705460E4603F1040440F12B861B68D3
:10E47000C3E900563C633B6C01333B6423E507F57D
:10E48000BC7B4FF000085E466B1EB3F5B27F34BF15
:10E490000021A5F5B271CB4628BF4FF4B275D14625
:10E4A000C246B0467A6B44F45864F963D9F8000068
:10E4B00090F800C0ACF12B034D2B62D8DFE813F0CD
:10E4C000BC026100BC026100610021031C021C024D
:10E4D0001C021C021C021C021C02C202C2026100BD
:10E4E0006100610061006100610061004E004E004A
:10E4F0004E004E004E004E00610061006100610060
:10E500006100610061006100610061006100610003
:10E5100061006100610061006100B00261006100A2
:10E520006100610061006100610061004E004E0009
:10E530004E004E004E004E0061006100610061001F
:10E5400061006100610061006100610061006100C3
:10E5500061006100610061006100B0020A2A10DD03
:10E5600024F4386406F801CBD9F80430013B002BC1
:10E57000C9F8043040F3E0820130C9F80000013DE1
:10E5800094D14346E005D0467A63CA46D9469B46B5
:10E5900005D59E4200F272845E453FF4F7AD14F05B
:10E5A000100211D159467B6BBD6AB86C3270A84716
:10E5B0003B6BA10603F1040540F158841B68186009
:10E5C0003B6C3D6301333B64A6EB0B064644B14410
:10E5D00079E4002D08BF4FF0FF35E60704F0100383
:10E5E00040F1DD82002B40F0B5843A6B200652F8F2
:10E5F000041B79643A6340F18F86FB6300293FF482
:10E60000C5AD802005F002F9FB6B024600283FF4FF
:10E61000BAAD796C0860B96BCC888E88B44280F052
:10E620009085086896464FF0200C796C40F82410CD
:10E63000B96B0134CC80DAF80010B24E097816F8C4
:10E64000018018F008086BD13E622E461546C7F8C7
:10E6500024E0C7F82CC0FB6303F062FF40453FF4A1
:10E6600079ACDAE9003213F8011B013ACAE9003249
:10E67000FB6907F5BC7B032B0BF8081007F170044E
:10E6800008F1010802D12368042B04D008220021DC
:10E690002046FEF797FB00945A4643462946B86C3D
:10E6A00007F0D8FE421CF8613FF454AC002800F09B
:10E6B000AC85FB6902331FD0286807F097FF00285C
:10E6C00040F09F86FB69C144032B02D12368042BD1
:10E6D00000D0013EFB6B002B40F01A867B6C0435AA
:10E6E000002B00F015867B6AEC1AFB6AB3EBA40FD3
:10E6F00040F2B986D7F83C80DAF80430002B40F3BA
:10E700005586DAF800303A6A1B78D35C1B0701D4CF
:10E71000002EA1D12A46D7F824E0D7F82CC0FB6BF5
:10E72000002B7FF4D0AB13607B6C002B3FF4A3AEC7
:10E73000A2EB0E02931001339C457FF69CAE7C6CDD
:10E74000111D206806F000F8002840F0C58092E610
:10E75000002D08BF4FF0FF3504F01003E607FB6201
:10E7600040F19282002B40F032843A6B200652F83E
:10E77000043B7B623A6340F1D585002B3FF406AD44
:10E78000802005F043F8786400283FF4FCAC7B6AF5
:10E790007A6C1A60BB6BDC889E88B44280F0EB8494
:10E7A00018687B6A40F82430BB6B0134DC807B6CDA
:10E7B000BB6120233B620024A046FE6907F5BC7BB9
:10E7C000C7F83C9003F0ACFE40453FF4C3ABDAE938
:10E7D000003213F8011B013A032E0BF80810CAF897
:10E7E0000420CAF8003008F1010807F1600903D1DC
:10E7F000D9F80030042B04D0082200214846FEF747
:10E80000E1FACDF800907C6C434621465A46B86C3C
:10E8100007F020FE411C06463FF49CAB002840F068
:10E82000DF83206004460822002107F16800FEF71C
:10E83000C9FADFF8D4C0224607F170042146B86C4B
:10E84000DCF8E0C007F16803E047012814BF0024AA
:10E8500097F8704007F178031B5D002B00F06E8580
:10E86000FB6B032E4344FB6300F0C383013DFB6A53
:10E870005BB97B6C7A6A04337B6432B1BA699C1AE7
:10E880003B6AB3EBA40F40F2CA83DAF804304FF0CE
:10E890000008002B40F3BF82002D93D1D7F83C90A5
:10E8A000FE61FB6A002B7FF40EAB7A6C13607B6A0F
:10E8B000002B3FF4E0AD1346BA69991A8B103A6AFF
:10E8C00001339A427FF6D7AD7C6A0431206805F0A7
:10E8D0003BFF00283FF4CFAD2060CCE5796C080504
:10E8E0007FF580ADFB6B9B197FF47CAD1E4621F458
:10E8F000C0737B64FE6360E5044B24F4386433F931
:10E9000012202FE6751E0200D80600200C230200FC
:10E91000796C01F41863B3F5807F7FF463ADFB6A13
:10E92000012B7FF45FAD21F4807343F400637B64BB
:10E93000302304F8013B0023013DFB623DE5062E38
:10E940007FF450AD072638E57B6C19057FF54AAD9D
:10E95000796C01F4A063B3F5806F05D048057FF5AD
:10E9600041ADFB6A002B49D07B6C990504D4FB6A4E
:10E97000B9695B1AC7E904437B6C23F4786343F4F9
:10E98000C0737B640023FB6217E5FB6B002B40F038
:10E990001F82FB6A33B97B6C03F4E063B3F5E06F6D
:10E9A00000F02185012E02D0042E7FF41BAD01362C
:10E9B000F6B202E5072E7FF415AD0826FDE47B6C68
:10E9C0001B0500F1FF81FB6B012B7FF40BAD0223D4
:10E9D000FB63F2E47B6C19067FF504AD23F0800342
:10E9E0007B64EAE4002E40F0FB81FB6A8BBB7B6C0E
:10E9F00003F4E063B3F5E06F00F0EE840023D7F892
:10EA000024B0FB62F4E47B6C180500F1D581022E82
:10EA10007FF4E8AC0326D0E4796C0B0598D561E768
:10EA200004F4C063B3F5007F7FF4ABAD24F400744D
:10EA3000102244F4A06495E523067FF5A2AD24F0EE
:10EA400080048FE58D4B33F91220082A3FF788ADFB
:10EA500097E5D7F824B07B6C23F480737B64C7E41C
:10EA600044F001044FF0000BC7F84C8044F0400420
:10EA7000DAF80430002B3FF7BBABD7F84C80FFF738
:10EA8000AEBB44F0010408237B637D4B4FF0030BC6
:10EA9000BB62DAF80430002B7FF7A1ABDAF8002074
:10EAA000784E1378F35C190740F168843346564674
:10EAB0009A4605E0326013781AF803301B0715D523
:10EAC000736809F10109013B002B736002F1010237
:10EAD000F0DC3146B86C07F0F5FE002840F0C58246
:10EAE000326813781AF803301B07E9D4B246C7F826
:10EAF0004C80FFF780BB44F001044FF0020BFFF79E
:10EB000069BB23057FF52EAD12B9082244F40074C9
:10EB1000610500F1A781FB6B24F4607413B1013B24
:10EB2000FB630135D9F804300AF1010A013B002BDF
:10EB3000C9F804303FF720AD4946B86C7A6407F055
:10EB4000C1FE7A6C00283FF41AAD1AE55146B86C44
:10EB500007F0B8FE00287FF445AC002D7FF476ABBB
:10EB600040E4DAF80420BC6C0FE0DAF800304549E4
:10EB70001A7801338A5C11077FF5A5A9DAF8042019
:10EB800009F10109013ACAE90032002AEDDC5146D7
:10EB9000204607F097FE0028E7D0FFF794B9002B36
:10EBA00040F03F833B6B53F804BB3B6314F080039E
:10EBB00000F08A83BBF1000F3FF4E8AA202004F0A4
:10EBC00025FE044600283FF4CCA9BB6BCBF800001F
:10EBD000DE88B3F80480464580F082821868BB6BFB
:10EBE00040F826B00136DE802023DAF80000254EFA
:10EBF0000278B25C110700F18D823246A0461E46B3
:10EC00004B469146DAF80420013ACAF80420421C27
:10EC1000CAF80020027804F8012BA4EB0802BBF12B
:10EC2000000F02D0B24280F05883013D0BD0DAF8D9
:10EC30000420002A40F39883DAF80000027819F8DB
:10EC400002201207DED599463346A4EB0801894419
:10EC5000013100222270BBF1000F3FF40CAC8B425B
:10EC60007FF609ACDBF8000005F06EFD00283FF4EC
:10EC700002ACCBF80000FFF7FEBB00BF0C23020084
:10EC8000855E0100751E0200FB6A002B40F06B815F
:10EC90003B6B14F0800453F804BB3B6300F04A83E1
:10ECA000BBF1000F3FF472AA202004F0AFFD06462E
:10ECB00000283FF456A9BB6BCBF80000DC889A888B
:10ECC000944280F029821868BB6B40F824B001346C
:10ECD000DC802023DAF8001007F178080A7818F8A9
:10ECE0000220002A3FF452AAC7F844903446D9467D
:10ECF000C34698463046DAF804604B1C013ECAE928
:10ED00000036097800F8011B061BB9F1000F01D08D
:10ED100046456DD20646013D0BD0DAF804100029B5
:10ED200040F36D81DAF8001008781BF80000002825
:10ED3000E0D1341BCB464346D7F844903FF426AA93
:10ED400000223270BBF1000F03D0611C8B4200F235
:10ED500019833B6CA14401333B64FFF7B4B87A6C70
:10ED600012F010037FF4AFA8237002F4C063B3F570
:10ED7000806F7FF46AABBB69FA6A93423FF469AB78
:10ED80009A1A07F2D2239C4228BF07F2D1242046C8
:10ED9000BC4902F0EBFDFFF75CBB14F08F0F7FF472
:10EDA000F5A905EB850502EB4505303DFFF700BAF7
:10EDB0004FF0040BFFF70EBAFB6B9B197FF427AEE5
:10EDC000FFF7F5BAFB6B9B197FF4FDADFFF7EFBAC8
:10EDD000FB6B022B7FF4E6AD0323FB63FFF7EDBA79
:10EDE000032E3FF4E4AD052E3FF4E1ADFFF7FABA90
:10EDF0004FEA48082046414605F0A6FC0446002894
:10EE00003FF4AFA80644C9F8000084E7DAF80430FC
:10EE1000002B3FF7D7AC5146B86C07F053FD0028E4
:10EE20003FF43AAD4446D7F83C90FE61002C3FF4E5
:10EE300038ADFFF78FB844F4007410237B63924B16
:10EE40004FF0030BBB62FFF7C5B923F080037B646F
:10EE5000FB6A0133FB62FB68002B40F05681013DE9
:10EE6000FFF7AEBA24F4B064FFF77CBB220740F191
:10EE7000A4813B6B1B681870FFF7A2BB16F8011C3E
:10EE80005246B86C013E07F0DFFCFFF785BB0A2352
:10EE90007B637D4B4FF0030BBB62FFF79BB944F4E0
:10EEA0000874CAE723077FF471A94A78682A00F03A
:10EEB0007881414644F00404FFF794B814F08F03BE
:10EEC0007FF464A9BA6B002A00F001824A7844F00A
:10EED00080044146FFF786B8E1060BD43A6B52F83E
:10EEE000043B3A63220700F19981660740F154829E
:10EEF000A3F80090C7F84C80FEF7E5BF414607F144
:10EF0000780002F0C7FC4FF0010B44F04004F864B5
:10EF1000AEE522077FF43AA94A786C2A00F04781CF
:10EF2000414644F00104FFF75DB825437FF42EA964
:10EF30004A7810244146FFF755B800237B63534BB2
:10EF40004FF0030BC7F84C80BB6291E5C7F84C80CB
:10EF5000FEF7D5BF4FF0000C07F15402E646C7F8A4
:10EF600044C0FFF768BBDAF8003007F178081A7878
:10EF700018F80220002A3FF409A90133CAF800302A
:10EF8000DAF80430012D03F1FF33CAF804301BD046
:10EF9000BC6C11E0DAF800301A78013318F802205E
:10EFA00092B1CAF80030DAF804300BF1010B013BE2
:10EFB0005D45CAF8043007D0002BEBDC51462046F3
:10EFC00007F080FC0028E5D0D944FEF77CBF002282
:10EFD00007F154033A627B64BA617A62FFF7EBBBD4
:10EFE000821C3FF413AF7B6C1C68631C7FF41BAC6A
:10EFF00030E4D9F80030042B7FF438AC37E45146C4
:10F00000B86C07F05FFC00283FF48CAEA642CB46FC
:10F010004346D7F844903EF49DAF341B90E610462B
:10F02000D90005F091FBB86100283FF4ACA83B6A19
:10F0300002197A647A6A5B0010603B6225E4BC685E
:10F040007B6C204623F420734246396ABE617B64A0
:10F050005646AA467D6802F05FFDBB6904469946A4
:10F06000FB6A013DBB61FFF7ABB9B246FEF772BF69
:10F070004FF0FF333B64386C07F53977BD46BDE888
:10F08000F08F00BF7C1F0200855E0100155D01004E
:10F09000022E40F2FA81032E3FF4B3A9043EF6B2E9
:10F0A000F543D7F84880254414F8011D52464046E0
:10F0B00007F0CAFBAC42F7D109F1FF39A9EB060909
:10F0C000FFF79FB93B6BD3F800807B6C9B0740F147
:10F0D0008E80C8E90056FFF7CDB9B146FEF7F3BE02
:10F0E0004FF6F67398453EF640AFBB6B08F1080843
:10F0F00018684FEA880105F027FB00283EF435AF79
:10F10000BB6BA3F80480186069E5FB68013BFB60FA
:10F11000FFF756B901219CE54FF6F6739A423EF689
:10F1200024AFBB6B02F1080818684FEA880105F0AC
:10F130000BFB00283EF419AFBB6BA3F804801860EA
:10F14000C2E54FF6F6718E42FB62F8633FF61BA8EC
:10F15000D7F838800836D8F80000B10005F0F4FA86
:10F1600000283FF410A8FB6AFA6BA8F80460C8F8FE
:10F170000000FFF757BA4FF6F6739E423FF603A81A
:10F18000D7F838800836D8F80000B10005F0DCFA6E
:10F1900000283EF4F8AFA8F80460C8F80000FFF7B4
:10F1A00000BB8A7844F008040231FEF71BBF8A785E
:10F1B00044F002040231FEF715BF630769D414F06E
:10F1C000010240F00681A40740F10381BA4BB96AFD
:10F1D000B86C994259467B6B00F0658107F034F8B2
:10F1E0000B463A6B1168C1E90003FFF7E9B9024623
:10F1F0000B460DF04DFA00285FD1284631460DF040
:10F20000A5FAC8F80000FFF735B9286007F0EEF955
:10F21000002840F0F680C144FFF75BBA83F8009005
:10F2200068E6DAF80030A54E1A78B25C14073EF5AD
:10F230004AAE0133CAF80030DAF80430012D03F188
:10F24000FF33CAF8043008BF09F101093EF43BAEB0
:10F250000124D7F8488011E0DAF800301A78013339
:10F26000B25C100712D4CAF80030DAF80430013466
:10F27000013BA542CAF8043000F0C080002BEBDC53
:10F280005146404607F01EFB0028E5D0A144FEF79A
:10F290001ABE3B6B1B681880FFF792B95C455E464F
:10F2A0007EF674AFBD6C14F8011D5246284607F077
:10F2B000CBFAB442F7D1FEF769BF814803F03AFABE
:10F2C000C8F80000FFF7D6B85C469B468DE482B0D4
:10F2D000CDE9023302ABBB63F8E576004046314628
:10F2E000FB637A6405F030FA804600283EF439AEBC
:10F2F0007A6CFB6BCBF80000841896E43C690A2317
:10F300000022B86C611C06F005FD7B69C21A38E565
:10F310004FF00008FFF7F0B97A6C9C469E467B647C
:10F32000FFF789B97B6A7B64FB6A3B62BB617B62E6
:10F33000FFF741BA5E462346A346CBE4D7F83C909C
:10F34000FE61B8F1000F3FF4ACAA4546BE6C0BEB72
:10F350000804013D5246304614F8011D07F074FAC6
:10F36000002DF6D1FFF79DBA5146B86C7B6407F0CB
:10F37000A9FA7B6C00283FF45FAC64E4C7F84C80CA
:10F38000FEF739BFDBF8000005F0DEF900283FF496
:10F39000E0ACCBF80000DCE4E5072CD4A4072AD5C8
:10F3A0004FEAE972C3F800905A60A3E55146B86C81
:10F3B00007F088FA00283FF4A4A92A46D7F824E0E9
:10F3C000D7F82CC0FB6BB8F1000F7EF4C3ADFFF78C
:10F3D000A7B93B6BFFF7F2B87B6C012623F4F0630F
:10F3E0007B64FEF7EABF7B6C23F4F0637B6401234C
:10F3F000FB63FEF7E2BFC3F800907BE5A944FEF78C
:10F4000062BD2A46D7F824E0D7F82CC0FB6BB8F1D0
:10F41000000F3FF485A90BEB08044546F3469046E0
:10F42000BE6CC7F83CC0FB62013D5246304614F842
:10F43000011D07F009FA002DF6D14246DE46D7F845
:10F440003CC0FB6AFFF76CB95C455E467EF69EAE3B
:10F45000BD6C14F8011D5246284607F0F5F9B44278
:10F46000F7D1FEF793BE786AD90005F06DF978629E
:10F4700000283EF488AEFB6A7A6C5B00D7F83C80CB
:10F4800005191060FB62FFF737B95C457EF67EAE6A
:10F490005D4614F8011D5246B86C07F0D5F9AC4230
:10F4A000F7D1FEF773BE06F0B7FF0B4699E6D7F823
:10F4B0004C80FFF7F3BA00BF855E0100751E0200A5
:10F4C0004C2202007A6C002A4DD13B6B53F8046B3E
:10F4D0003B6323065ED5002E3EF458AE284604F06A
:10F4E00095F9804600283EF43CADBB6B3060B3F824
:10F4F00006B09C88A345C0F093804FF6F6739C42FB
:10F500003EF633ADBB6B08341868A10005F01CF95A
:10F5100000283EF42AADBB6B9C801860BA6B0BF1DF
:10F520000103D38040F82B60CDF800A041462B4664
:10F530000122B86C07F0E2F90446002800F09A8036
:10F54000A842BFF406AC0146306805F0FDF800287B
:10F550003FF4FFAB3060FFF7FCBB00239C469B46AB
:10F560009846FEF7BDBD1C46DAE900239D4202EB3A
:10F5700003014BDDCAF80010B86C51461C44ED1A6B
:10F5800007F0A0F90028EFD0002C3EF4E3ACA14432
:10F59000FEF799BCCDF800A02B4631460122B86C8D
:10F5A00007F0ACF9044600287FF4D3ABFEF7D2BCD9
:10F5B000BBF1000F3EF4EAAD802004F027F980464D
:10F5C00000283EF4E0ADBB6BCBF80000DE889C88E1
:10F5D000A64219D34FF6F6739C423EF6D4ADBB6BF0
:10F5E00008341868A10005F0AFF800283EF4CBAD50
:10F5F000BB6B9C801860BB6B40F826B00136DE8088
:10F60000C4462023FEF76CBD1868F4E75B1B2A4450
:10F610002C44CAF80430CAF80020A144FEF753BCB9
:10F6200018687BE7FA69911C2FD0032A994402D10C
:10F630003368042B00D0013D7B6C002B3EF490AD71
:10F64000DAF804300026002B25DD002D7EF44DADC8
:10F650005B46D7F83CB0A446BBF1000F04D0A8EB42
:10F660000C01B3EBA10F30D87B6C002B7EF42BACDC
:10F67000FEF701BF3B6C002B3EF477ACBAF80C30C0
:10F680005B067EF587ADFEF770BCDAF804201E46F7
:10F69000002A3EF72AAD5146B86C07F013F900284E
:10F6A000D3D05B46A446D7F83CB0002E7EF452ACD3
:10F6B000BBF1000FD3D1D7E7FB6B00EB0608186056
:10F6C0004FEA4B0B08F10408BAE7DBF8000005F03D
:10F6D0003BF80028C8D0CBF80000C5E72DE9F04F73
:10F6E000DDB0914609911C4683460F9302F02AFF34
:10F6F000036818461993FDF7D1FE082218900021DF
:10F700002CA8FDF75FFBBBF1000F04D0DBF8343011
:10F71000002B01F03E80099A536EB2F90C20D907F4
:10F7200002D4970540F16E86960406D4099942F4F6
:10F73000005223F400538A814B669D0401F1F88343
:10F74000099AB2F90C30190740F1C7801269002AF2
:10F7500000F0C38003F01A020A2A00F0CD800023D3
:10F7600000249E46CDE93133002333AACDE9163477
:10F77000DA4614464D46CDE91BEE3092CDF868E0EE
:10F78000CDF880E0CDF874E0CDF82CE0CDF848E07D
:10F790002F468B4BD3F8E46002F0C2FE0DF1B00CA3
:10F7A00003463A46504628A9CDF800C0B047002885
:10F7B00000F0C180C0F2B780289B252B01D0074400
:10F7C000E7E7B7EB0508064640F0B98000224FF0A6
:10F7D000FF3393460A937B787E1C8DF897200C921A
:10F7E00099460136A9F120035A2B00F2EB80DFE89D
:10F7F00013F02203E900E9001E03E900E900E90033
:10F800000003E900E9006A004D03E90061023003EA
:10F81000E9002C035B005B005B005B005B005B00AE
:10F820005B005B005B00E900E900E900E900E9003A
:10F83000E900E9006101E900F101B602610161013D
:10F840006101E900E900E900E900B202E900E9002C
:10F850006502E900E900E9000A02E9009602E90010
:10F86000E900BE06E900E900E900E900E900E90075
:10F87000E900E9006101E900F1013B026101610178
:10F880006101A8023B02ED01E900CD02E900F102AD
:10F89000DF06DF02ED01E9000A027200E206E9007C
:10F8A000E900E606E90072000022A9F1300316F82B
:10F8B000019B02EB820203EB4202A9F13003092B08
:10F8C000F5D90C928EE70F9B53F8042B002A0C926B
:10F8D0000F93C0F2EC81337882E7099D58462946A0
:10F8E000FDF70EFA002841F08684B5F90C3003F0DC
:10F8F0001A020A2A7FF433AF0999B1F90E20002ABF
:10F90000FFF62DAF4A6ED50702D4980541F1E58088
:10F9100023464A465846099901F0F0FC0B900B9893
:10F920005DB0BDE8F08F082200212CA8FDF74AFA4F
:10F93000012007442DE7B7EB0508064610D0329B9F
:10F94000C4E9005843443293319B0133072B319370
:10F9500010DC08340B9B43440B93002E7FF436AF2E
:10F96000329B002B41F0A2800022099B3192B3F917
:10F970000C3019E05046099930AA01F0FFFC80B91B
:10F9800033ACE7E75046099930AA01F0F7FC0028AC
:10F9900000F08580D3460E9B1BB158460E99FDF7AB
:10F9A000B1FE099BB3F90C30099A526ED10740F1B0
:10F9B00003815B0601F1C6820B985DB0BDE8F08F54
:10F9C000D80600201096B9F1000FC9D001230022FB
:10F9D0008DF80C91069343AD8DF897200D93CDE9EA
:10F9E00013220E920A9211921BF0020302D0069982
:10F9F000023106911BF08408329E05D10C990698BD
:10FA00000F1A002F00F39B806AB101226260319AC5
:10FA1000013601320DF19701072A329631922160A9
:10FA200000F3C583083463B102236360319B02365F
:10FA3000013326AA072B32963193226000F3AC8360
:10FA40000834B8F1800F00F0BD820A9B0D9A9F1A0E
:10FA5000002F00F3F8821BF4807F40F01C820D9B86
:10FA600025601E446360319B32960133072B31932E
:10FA700000F3308308341BF0040F05D00C9B069A6A
:10FA80009D1A002D00F3A083DDE90B3206998A420E
:10FA9000ACBF9B185B180B93002E7FF473AF002351
:10FAA00031930E9B1BB150460E99FDF72BFE33ACE4
:10FAB000109D6DE60F9B1096073323F00703F3E8C4
:10FAC00002670F9327F000431F931E964FF0FF32FB
:10FAD000DDE91E01B24BCDE916670CF0D9FD002817
:10FAE00040F0EF84DDE91E014FF0FF32AC4B0CF02B
:10FAF000B1FD002840F0E58400220023304639465D
:10FB00000CF09EFD002841F019819DF897200021FE
:10FB10000320A44DA44B2BF0800B0E910690B9F15D
:10FB2000470FD8BF1D46CDE913110A910D901191D1
:10FB3000002A3FF459AF069B0133069354E7102F78
:10FB4000319A41F3F181DFF864C221463046099CC5
:10FB50002E46CDF854C06546219304E0103F102F87
:10FB600001F1080116DD102301321030072ACDE91A
:10FB700031200D604B60F1DD2146504630AA01F086
:10FB8000FDFB00287FF406AFDDE93120103F102F88
:10FB900033A9E8DC35460C460646219B013215990F
:10FBA0003E44072ACDE931262160676000F3E185F4
:10FBB0009DF89720083427E79A053FF5FAAE099C8F
:10FBC000A06DFDF715FBB4F90C30F2E633784BF07D
:10FBD000200B05E60F9BB9F1430F109603F10406C5
:10FBE00000F024851BF0100F40F020850F9B43ADE3
:10FBF0001B688DF80C31012306930D9300220F969C
:10FC00008DF89720EBE600230F9F109657F8045BC2
:10FC10008DF89730002D00F0ED84B9F1530F00F00E
:10FC2000CE851BF01003119340F0C9850A9B002B71
:10FC3000C0F229871A462846119902F02FFD0E902E
:10FC4000002801F082820E9B11995B1B0D9323EA21
:10FC5000E3734FF07309CDE913119DF897200F97C7
:10FC60000A9106930E9163E71BF0200F10967CD04B
:10FC70000F9B073323F007031846596850F8083BD9
:10FC80000A460F900029C0F202840A990029C0F2A6
:10FC9000748253EA02012BF0800740F06F820A9AC7
:10FCA000002A40F07082BB460D925CAD61E10C9B76
:10FCB0005B420C9333784BF0040B91E510964BF0BC
:10FCC000100B1BF0200200F08E830F9B073323F0F4
:10FCD000070319465A6851F8083B0F9100212BF48D
:10FCE000806700200A9D8DF89700002DC0F22A81C0
:10FCF00053EA020027F0800B40F02381002D40F0F2
:10FD00004D85002940F0C68417F001030D9300F0E3
:10FD1000AC8330230DF26F158DF86F3129E1109609
:10FD20004BF0100717F0200200F04F830F9B0121CA
:10FD3000073323F0070318465A6850F8083B0F9022
:10FD4000CFE73378682B03BF73784BF4007B013621
:10FD50004BF0400B44E533784BF0080B40E54BF09B
:10FD6000100B1BF0200F109682D10F9A1BF0100F72
:10FD700052F8043B0F9240F085831BF0400F00F0D7
:10FD80007D8343F3C03211461BB27BE733786C2B83
:10FD900003BF73784BF0200B01364BF0100B1FE5BF
:10FDA000FFFFEF7F881F0200841F02004023020034
:10FDB00047F630030F9AA948ADF8983052F8043B43
:10FDC00002210F924FF07809002210964BF00207A3
:10FDD0001A9086E71BF0200F109600F061830F9BAE
:10FDE0000B9A1B681A60D2175A600F9B04330F934B
:10FDF0005EE6504602F0A6FB436818461D93FDF7E9
:10FE00004DFB20900746504602F09CFB83681B93F5
:10FE1000002F3FF460AD1B9A3378002A3FF4E0AC2A
:10FE20001278002A3FF4DCAC4BF4806BD8E43378D2
:10FE30004BF0010BD4E49DF897203378002A7FF42F
:10FE4000CFAC20228DF89720CAE433784BF0800B9A
:10FE5000C6E4314611F8019BB9F12A0F01F0168270
:10FE6000A9F13003092B98BF002201F2708011F82C
:10FE7000019B02EB820203EB4202A9F13003092B42
:10FE8000F5D942EAE2730E460A93ABE42B238DF8D0
:10FE900097303378A4E4B9F1650F40F32681DDE9AA
:10FEA0001601002200230CF0C1FB002800F0C781DE
:10FEB00001236360319B6A4A01330136072B329676
:10FEC0003193226000F36F840834279B129A934287
:10FED00080F2A182189B199A1E44C4E90023319B29
:10FEE00032960133072B319300F379830834129B48
:10FEF0005D1E002D7FF7BFAD102D319B40F3DE80DE
:10FF0000DFF860911027DDF82480CDF8549004E0EC
:10FF10000834103D102D40F3D38001331036072BE9
:10FF2000C4E90097CDE93136F2DD4146504630AAAA
:10FF300001F024FA00287FF42DADDDE9313633AC31
:10FF4000E7E75F46012900F0198102295CAD1ED167
:10FF50001A9803F00F01415C1B0943EA027312096E
:10FF600005F8011D53EA0201F3D1BB465CAB5B1BF4
:10FF70000D930A9A0D9900238A42B8BF0A46CDE92B
:10FF8000133306920E939DF897201193D0E503F05A
:10FF90000701DB0843EA4273D208303153EA020614
:10FFA000284605F8011DF2D1FE07DED53029DCD048
:10FFB0003023023805F8013C5CAB1B1ABB460546F2
:10FFC0000D93D6E70C9B069A9F1A002F7FF73DAD45
:10FFD000102F319B41F37A802248224631464FF060
:10FFE00010080646099C159004E0103F102F02F1FE
:10FFF000080215DD01331031072BC2E90068CDE995
:020000021000EC
:100000003131F2DD2146504630AA01F0B7F900281F
:100010007FF4C0ACDDE93131103F102F33AAE9DCA9
:1000200014460E460133159A3E44072BCDE931366E
:100030002260676000F3C7820A9B0D9A08349F1AFA
:10004000002F7FF708AD074A102F319B159229DD4D
:1000500032464FF010082E46099D0AE0941F020018
:10006000C41F020030230200103F102F04F10804C7
:1000700016DD0133B7491032072BC4E90018CDE96A
:100080003132F1DD2946504630AA01F077F90028D7
:100090007FF480ACDDE93132103F102F33ACE8DC67
:1000A000354616460133159A3E44072BCDE93136C5
:1000B0002260676000F37D810834CCE4A54A159284
:1000C000159A01332E44072B22606560CDE9313645
:1000D0007FF7D0AC5046099930AA01F04FF90028BB
:1000E0007FF458AC329E33ACC5E4129B319F012B98
:1000F00006F1010607F1010704F1080940F3108138
:100100000123072FCDE931762560636000F3C682B5
:10011000189B0137199A1E44072FC9E90023CDE91E
:10012000317600F3C88209F10809129B0022DDE94B
:1001300016015C1E00230CF079FA002840F00E81B5
:10014000013701352644072FCDE93176C9F8005033
:10015000C9F8044000F3F08009F108091C9B01373D
:100160001E44C9F80430072F2AABCDE93176C9F80F
:100170000030AFDC09F108047DE45F460A2B72F120
:10018000000180F0A58230338DF86F310123BB462A
:100190000D930DF26F15ECE65046099930AA01F067
:1001A000EDF800287FF4F6AB329E33AC49E45046BC
:1001B000099930AA159301F0E1F800287FF4EAAB21
:1001C000329E159B33AC2EE4102D319B40F31587E6
:1001D000DFF884811027DDF82490CDF8548004E006
:1001E000103D102D04F1080415DD01331036072BE6
:1001F000C4E90087CDE93136F2DD4946504630AAE0
:1002000001F0BCF800287FF4C5ABDDE93136103DC4
:10021000102D33ACE9DC0133159A2E44072BC4E9C9
:100220000025CDE931367FF72FAC5046099930AA29
:1002300001F0A4F800287FF4ADAB329E24E42799A6
:10024000002940F3ED80DDE911839845A8BF984669
:10025000B8F1000F0ADD319B46440133072BC4E996
:1002600000583296319300F344860834119FB8F158
:10027000000FA8BFA7EB0807002F00F30183DDF8EC
:1002800044901BF4806FA94440F05D85279B129A2F
:100290009342C0F2E3811BF0010F40F0DF81129A1C
:1002A000AF18A7EB0907D51AAF42A8BF2F46002FFA
:1002B0000BDD319B3E440133072BC4F8009067608F
:1002C0003296319300F348860834002FA8BFED1B07
:1002D000002D7FF7D0AB102D319B7FF7EFAEDFF80D
:1002E00074901027DDF82480CDF8549004E0083491
:1002F000103D102D7FF7E4AE01331036072BC4E913
:100300000097CDE93136F2DD4146504630AA01F082
:1003100035F800287FF43EABDDE9313633ACE7E752
:100320001BF0010F7FF4ECAE0123072FCDE93176EE
:10033000256063607FF712AF5046099930AA01F03B
:100340001DF800287FF426ABDDE931760DF1CC09EC
:1003500004E700BF3023020040230200129B012B60
:100360007FF7FCAE112B40F37387AB4BCDF828B071
:1003700010259B46DDF82480159305E009F1080956
:10038000103C102C40F3C18201371036072FC9E909
:1003900000B5CDE93176F1DD4146504630AA00F096
:1003A000EDFF00287FF4F6AADDE931760DF1CC09E6
:1003B000E6E75046099930AA00F0E0FF00287FF4F4
:1003C000E9AA329E33ACFFF746BB0F9951F8043BC4
:1003D0000F9117F010014FD117F0400047D00A4697
:1003E0009BB201217DE40F9951F8043B0F911BF062
:1003F00010017FF473AC1BF0400000F095820A46B8
:100400009BB26BE4099DA86DFCF7EAFEB5F90C20E0
:100410006B6EFFF789B91BF0010F3FF42CAB59E568
:1004200001236360319B7D4A01330136072B3296ED
:100430003193226000F32E850834002940F0468273
:10044000129A0BF0010313433FF415AB189B199A52
:100450001E44C4E90023319B32960133072B3193AC
:1004600000F32E8304F1080241E25CAD81E517F44C
:1004700000721CBF0246DBB2012132E41BF4007F94
:1004800040F0EB82DA1711460029BFF6FEAB5B4263
:100490005F464FF02D004FF0010162EB420221E474
:1004A0001BF0100F40F0E6811BF0400F40F0CF82B0
:1004B0001BF4007F00F0DE810F9B0B9A1B681A7003
:1004C00093E4DDE9160102460B460CF0E1F8002842
:1004D00040F02586B9F1610F00F01785B9F1410FA1
:1004E00000F0C1820A9B013300F0118629F020033D
:1004F000472B00F0E1850E90DDE91612002A134625
:100500004BF48078C0F2D38400231593DDE91623E1
:10051000CDE92223A9F14103252B00F21782DFE860
:1005200013F02103150215021502E102AE031502B4
:100530001502150215021502150215021502150203
:1005400015021502150215021502150215021502F3
:1005500015021502150215021502150215021502E3
:1005600015022103150215021502E102AE032C4B00
:1005700010961A931BF020027ED00F9B073323F0B6
:10058000070319465A6851F8083B0F911BF0010FF9
:1005900009D053EA020106D030218DF899904BF032
:1005A000020B8DF8981002212BF48067FFF799BB9E
:1005B0001096FFF786BB5F461096FFF7B3BB194B4B
:1005C00010961A93D6E75046099930AA00F0D6FE45
:1005D00000287FF4DFA9329E33ACFFF736BA5046CD
:1005E000099930AA00F0CAFE00287FF4D3A9329EF0
:1005F00033AC7CE40A9B2946062B28BF06232A46F7
:100600000A950E95CDE91311074D06930F970D939B
:100610001191FFF78DBA00BF30230200C41F020002
:10062000A81F0200941F0200BC1F02000822002124
:100630002EA8FCF7C7FB0F9A43AD2EAB29465046B8
:10064000126805F061FF034601330D9000F0048647
:100650000D9B23EAE3730693FFF7D0BA189A199912
:100660001644C4E90012319A32960132072A3192B7
:1006700000F34D84083412E60F9951F8043B0F91B2
:100680001BF0100182D11BF0400000F054810A469B
:100690009BB27BE70A9B5CAD0D936AE450460999D7
:1006A00030AA00F06BFE00287FF474A9DDE93176F2
:1006B0000DF1CC092CE55046099930AA00F05EFEF8
:1006C00000287FF467A9DDE931760DF1CC092CE52E
:1006D000CDE90D9707F480664FF0000EDFF864B2A5
:1006E0001B9F0DF5B87C069406E00A2B72F1000200
:1006F00037D343462246AC46991841F10001ABFB83
:10070000010424F0030000EB94004FF0CC34091AEC
:10071000581A04FB00F462F10009A0FB0B800BFBEC
:1007200009440444052008F00109A9FB0009401808
:100730004FEA5808303048EAC4780EF1010E0CF147
:10074000FF350CF8010C6408002ECED039788E45A8
:10075000CBD1BEF1FF0FC8D00A2B72F1000280F09E
:10076000D2821B97069CCDF848E0DDE90D97FFF794
:10077000FCBB5046099930AA159300F0FFFD0028F4
:100780007FF408A99DF89720329E159B33ACFFF7A4
:100790003BB95846FCF73CF8FEF7BDBF01295F4660
:1007A0007FF4D3ABEFE45046099930AA00F0E6FDA0
:1007B00000287FF4EFA8329E33ACFFF786BB0DF123
:1007C000B8080822002140462995FCF7FBFA0A9B4D
:1007D000002BC0F2898200260694CDF8349034466E
:1007E00099460FE04346504643A905F08DFE431C51
:1007F00006F10406204400F07984484506DC00F048
:10080000E4840446299B9A59002AEBD1DDF8349000
:100810000D94069C0D9B002B00F05183632B40F33D
:10082000FB835046591CFDF769F80546002800F087
:1008300046850E90082200214046FCF7C3FA0D9E23
:10084000294633465046CDF8008029AA05F0AEFE71
:10085000864240F02D8500230D9ACDE9133322EA1C
:10086000E271AB549DF897200F9706910A9311936C
:10087000FFF75EB90F9B0B9A1B681A60FFF7B5BABA
:10088000102F319B40F30D852F4932464FF0100950
:100890000E46DDF82480159104E00834103F102F37
:1008A00040F33E8201331032072BC4E90069CDE9E1
:1008B0003132F2DD4146504630AA00F05FFD00289B
:1008C0007FF468A8DDE9313233ACE7E7189B199A69
:1008D0001E44C4E90023319B32960133072B319328
:1008E00000F3EE8004F108020029C0F29983129906
:1008F00001330E44072BCDE93136156051603FF7C7
:10090000E9AB02F10804FFF7B6B8DDF828B001370B
:10091000159B2644072FCDE93176C9F80030C9F878
:1009200004407FF719AC07E51BF400721CBF0246B8
:10093000DBB2FFF7D3B91BF400721CBF0246DBB277
:1009400024E600BFCDCCCCCC302302000A9B50461D
:100950000193022300932EAB049329AB039327AB9F
:100960000293DDE9222301F0BFFF1BF0010F0546D2
:1009700040F03F832E9B1B1A1293279B1193119BD0
:10098000DA1C03DB0A9A9A4280F28E81119BA9F14C
:100990000209013B002127935FFA89F2002B8DF8B1
:1009A000A820B6BF2D222B22119B8DF8A920B8BFFD
:1009B000C3F10103092B40F36D830DF1BF073A46E4
:1009C000DFF8D0C21E461046ACFB0321C90801EB7C
:1009D0008102A3EB42023032632E00F8012C0B4659
:1009E00000F1FF32EEDC303302F8013C831EBB42E3
:1009F00080F03A840DF1A90213F8011BBB4202F802
:100A0000011FF9D15CAB181AA0F1AD031C93129B26
:100A10001C9A012B1A440D9240F374830D9B189A73
:100A200013440D932BF4806343F4807B00230D9AD1
:100A3000149322EAE272069213931193159B002BF2
:100A400040F021819DF897200A93FFF771B80F9B22
:100A50000B9A1B681A80FFF7C8B943F3C0121146FE
:100A60005BB2FFF70FB958238DF8993030238DF81A
:100A700098300A9B4BF0020B632B00F3008300239A
:100A800043AD0E9338E52846FCF708FD119B20EA9C
:100A9000E0714FF07309CDE913339DF897200F975C
:100AA0000D900A9306910E93FFF742B850460999AC
:100AB00030AA00F063FC00283EF456AFFEF771BF89
:100AC0005046099930AA00F059FC00287EF462AF24
:100AD000DDE93136279933AA06E7886DFCF788FBF4
:100AE000FEF716BF02230A9A0132069200932EAB3C
:100AF000069E049329AB039327AB019602935046BD
:100B0000DDE9222301F0F0FE29F02007462F0546FB
:100B100018BF4527064405D12B78302B00F02B82D7
:100B2000279B1E440022DDE9220100230BF07EFDFD
:100B3000002840F05A822E9BB34206D230215A1C24
:100B40002E9219702E9B9E42F9D8279A11925B1B08
:100B5000472F12933FF413AF462F00F01A82119BD8
:100B6000013B17E727AADDE9220101F0E7FD00229A
:100B70004FF07F530BF0F2FA02460B46CDE9062305
:100B8000002200230BF052FD08B1012327930A9B9A
:100B9000414A591E414B2E46B9F1610F08BF1A4612
:100BA0000D94CDF84490CDF848B01395D346DDE9C7
:100BB0000645894692460A9207E0002200230BF080
:100BC00035FD002840F0EE82B9460022344B204625
:100BD00029460BF0C3FA0D4604460BF06FFD804624
:100BE0000BF052FA02460B46204629460BF0FEF85F
:100BF0001AF80830B9F1FF3F324604460D4609F1B4
:100C0000FF3706F8013BD8D11746264B0022CDE925
:100C10000645DA46DDE912B5DDF844900D9C0BF08F
:100C20002DFD002800F024830A992E9716F8012C38
:100C3000C97B33468A4209D1302003F8010C2E9B30
:100C40005A1E2E9213F8012C8A42F6D0392A0BBF75
:100C50000A9A0132927AD2B203F8012C33465B1B16
:100C60001293279BB9F1610F119303F1FF3327937F
:100C700000F0BA8250224FF0410901218EE60A9B12
:100C80000693032332E72D2200238DF897200A9341
:100C9000FEF751BFCDCCCCCCA81F0200941F0200A0
:100CA000000030400000E03FDDE91123934200F3F3
:100CB000A8811BF0010F119B00F05482189A134475
:100CC0000D931BF4806F00F05982119B4FF0670960
:100CD000002B00F372810D9B23EAE373069300233C
:100CE000C346CDE91333A9E6002350461946CDF893
:100CF000008029AA05F05AFC034601330D9000F04C
:100D0000F581299586E5209B1D99ED1A1A462846FE
:100D100000F0CCFE7B7803B101374FF0000EE8E421
:100D200016460133159A3E44072BCDE93136226031
:100D3000676000F3CF810834FFF7A1BA2D228DF848
:100D40009720FEF7E4BE129B2246EB180A93139BF2
:100D50004C46002B3146DDF85080CDF844B0DDF82C
:100D60006C90209EDDF824B014952EDDB8F1000FB4
:100D70007DDD08F1FF3831981D9B01303144072893
:100D8000C2E900363291319066DC08320A9B99F84C
:100D900000001F1B8742A8BF0746002F0BDD3198BC
:100DA000394401300728C2E900473291319064DCB0
:100DB00099F800000832002FB4BF0546C51B002D6E
:100DC00015DC0444139B002BD0DCB8F1000FD0DC01
:100DD000CDF86C90A146149D129B1446EB189945D2
:100DE0000E4628BF9946DDF844B0FFF74FBA102DE4
:100DF0003198AF4B23DD0D9410272C461D4604E09F
:100E0000103C102C02F1080216DD0130A84B103105
:100E10000728C2E90037CDE93101F1DD59465046D6
:100E200030AA00F0ABFA00287EF4B4ADDDE9310160
:100E3000103C102C33AAE8DC2B4625460D9C0130D3
:100E400029440728CDE931011360556043DC99F846
:100E5000000008320444B5E75946504630AA00F075
:100E60008DFA00287EF496AD329933AA8EE7139B53
:100E700009F1FF39013B13937DE75946504630AAEB
:100E800000F07CFA00287EF485AD99F800003299D4
:100E900033AA90E75046099930AA00F06FFA00286B
:100EA0007EF478AD2799329E33ACFFF7C6BA229113
:100EB0002D2103F1004315912393FFF72BBB0D9BCD
:100EC0009DF89720CDE913330F9706930A9311935A
:100ED0000E93FEF72DBE5946504630AA00F04EFA4A
:100EE00000287EF457AD99F80000329933AA0444E3
:100EF00068E75046099930AA00F040FA00287EF4CD
:100F000049AD329E33ACFFF7B1B97823ACE550461A
:100F1000099930AA00F032FA00287EF43BAD279BF5
:100F2000329E33ACFFF7BBB962491591FEF736BE6E
:100F3000DC0707D4099B9B89980503D4099B986D0E
:100F4000FCF756F94FF0FF330B93FEF735BD002346
:100F50000E460A93FEF746BC5046099930AA00F0A7
:100F60000DFA00287EF416AD279D129B329E33ACFD
:100F70005D1BFFF7AAB90022DDE9220100230BF077
:100F800055FB002800F03281279B1E441193731BF0
:100F9000129311990A9A0BF00103002943EA020304
:100FA00040F34381002B40F017814FF06609119BFD
:100FB0000D931BF4806F3FF48EAE1B990B78FF2BC3
:100FC00000F072810026119A304604E001300131B0
:100FD000FF2B00F0D680934280F2D380D21A4B7858
:100FE000002BF3D10B780136F2E7279A33461192A2
:100FF000ADE50A9B4727C61894E52E4A1592FFF7E0
:101000000AB9129B189A9A18119B0D92002B40F363
:10101000AB804FF06709CCE7002343AD0E9309E4A2
:101020004F4210311DDADFF888801024CDF854804B
:1010300003E00832103F102F15DD01331036072B67
:10104000C2E90084CDE93136F3DD5046099930AA72
:1010500000F094F900287EF49DACDDE9313633AA26
:10106000E8E713491591013315993E44072BCDE963
:1010700031361160576000F3CB80083237E45046B8
:10108000591CFCF73BFC0546002800F0E5800E905B
:10109000FFF732BA00293FD130228DF8AA200DF196
:1010A000AB02303302F8013B2AABD31A1C93AEE4F7
:1010B00030230200402302000A9B002B7FF41BAA6E
:1010C0000A9B0E9301230A93FFF716BA804A1592E2
:1010D000FEF7A8BF5046099930AA00F04FF9002842
:1010E0007EF458AC329E33ACFFF7C9B80022D34629
:1010F000099B0E92B3F90C3043F04003099A938197
:10110000FEF749BC1BF0010F3FF48CAC86E40623CC
:101110000E900A93FFF7F0B90DF1AA02C1E7179BF1
:101120000320002BB8BF2D224FF00003A8BF9DF86D
:10113000972019460E93674D674BB8BF8DF89720DF
:101140002BF0800B0690FEF7EABC0A9B4FF0730968
:10115000CDE913009DF897200F9706930D930A9001
:10116000FEF7E6BC0D93ACE5C3F101031A4422EA95
:10117000E2734FF067090D920693B0E54FF06709EF
:10118000A9E5CDE913061B911192DDE913232099FE
:1011900013440D9AC34601FB03230D9323EAE37323
:1011A00006934BE449460029DA46DDE912B50D9C69
:1011B000DDF84490FFF652AD4B1C302231463344EB
:1011C00001F8012B8B42FBD149E50A9BDDF83490F5
:1011D000069C0D93FFF71EBB1346189A4FF0660945
:1011E00013440B440D93E4E6702246E5069BC3F1DD
:1011F0000103279395E4099A536EDF073FF5A2AEEA
:1012000093899E053FF59EAE906DFBF7F1FF99E641
:101210005046099930AA00F0B1F800287EF4BAAB24
:10122000DDE9313633AAFFF762BB2BB901234FF05A
:10123000660906930D9352E5189B4FF0660903F17A
:10124000010B0A9B5B440D9323EAE373069346E587
:101250001F4B1593FFF75BBB099AB2F90C3043F0B3
:1012600040039381FEF7A0BB02231C93FFF7CFBB83
:101270000022DDE90601194B0BF0D8F900283FF4F4
:10128000EDAC18F0010F3FF4E9ACCDE40F9A7378A0
:101290000E4652F8041B0F9241EAE1720A92FEF7E1
:1012A0009FBA0B4A15923CE50023CDE913336CE756
:1012B000099BD346B3F90C3043F040031EE7099B6A
:1012C000D346B3F90C300E9043F0400316E700BF4D
:1012D00030230200901F02008C1F02000000E03F3C
:1012E0008C4600B586461346034A714610685DF881
:1012F00004EB6246FEF7F2B994000020F0B54FF41B
:1013000080640026ADF26C4D1AADCDE905461F464E
:1013100006460095049515468B8916A823F002030E
:10132000ADF80C304B6E02941993CB890C46ADF896
:101330000E30CB6907934B6A0993FBF749FF2A46A6
:101340003B4669463046FEF7C9F9051E07DB69468C
:101350003046FBF7D9F8002818BF4FF0FF35BDF82D
:101360000C305B0603D5A38943F04003A381169894
:10137000FBF732FF28460DF26C4DF0BD936810B5B7
:1013800014461BB918460023636010BD00F06EF8C8
:101390000023A3600023636010BD00BF70B5002967
:1013A0003FD006460C4610B1436B002B3CD0636E19
:1013B000B4F90C20DD0732D4900538D521463046EB
:1013C000FBF70EF8E36A054633B13046E16998470A
:1013D0000028B8BF4FF0FF35A3891A0639D4216B16
:1013E00041B104F14003994202D03046FCF78AF93A
:1013F00000232363616C21B13046FCF783F900239D
:101400006364FBF723FA0022636EA281DB071CD51D
:10141000A06DFBF7E1FEFBF71FFA284670BD002A1E
:10142000CCD10025284670BDFBF7F2F9BFE7A06DCF
:10143000FBF7D6FEB4F90C30002BBFD1636ED90791
:10144000EFD4A06DFBF7D4FEEBE7A06DFBF7D0FE69
:10145000DEE730462169FCF755F9C0E7024B01464B
:101460001868FFF79BBF00BF940000209368002B13
:1014700000F0F0802DE9F04FB1F90CC090461CF05F
:10148000080F81460C4683B02BD00B694BB31CF080
:101490000207D8F8006032D04FF0000A5546D4F861
:1014A00024B0E169AB4FC5B1BD422B46524628BFBF
:1014B0003B464846D847002840F3C280D8F8083059
:1014C00082441B1A2D1AC8F80830002B00F0AE8099
:1014D000D4F824B0E169002DE6D1D6E900A508369C
:1014E000E1E721464846FBF70BFC002840F0AD80C1
:1014F000B4F90CC0D8F800601CF00207CCD11CF085
:10150000010A63D157462368A16818468B46002F0D
:1015100058D01CF4007F00F0B180B9420A4600F2B6
:10152000DD801CF4906F2FD0216962695D1A02EB97
:10153000420202EBD2726B1C52103B44934292BFA8
:1015400093469B461A461CF4806F00F0E6801146D5
:101550004846FCF7D3F9002800F0F5802A462169B7
:101560000190FBF725FFA289019B22F4906242F0D3
:101570008002A2815819C4F814B0ABEB05053A46B5
:10158000BB462361A56020603D460027514601927D
:1015900000F00EFAA1682368019AA1EB0B011A442E
:1015A000A1602260D8F80830AA445B1BC8F8083054
:1015B000002B3BD02368A16818468B46B4F90CC0B9
:1015C000002FA6D1D6E900A708369EE73846BB46CD
:1015D0003D46002D40D0002845D03A46D4E904C30A
:1015E0002068AA4228BF2A466045A16804D901EBB9
:1015F000030A524500F38280934272DC5A46484601
:10160000E169D4F824C0E047B0F1000A18DDB7EB77
:101610000A070FD00120D8F80830D344A3EB0A03FF
:10162000A5EB0A05C8F80830002BD2D1002003B082
:10163000BDE8F08F21464846FAF766FF0028EAD059
:10164000B4F90C3043F04003A3814FF0FF3003B0F6
:10165000BDE8F08F00207047756833460836002DCE
:10166000FAD0D3F800B02A460A21584601F016F8FD
:10167000002865D00130A0EB0B07AEE722699A4243
:1016800014D36569BD4211D86FF00043BB4228BF37
:101690003B4693FBF5F3524605FB03F34846656A68
:1016A000E169A847051ECBDD7F1B7BE7B94228BF58
:1016B00039460D46184651462A4600F079F9A16888
:1016C0002368491B2B44A16023600029ECD12146EB
:1016D0004846FAF719FF0028E6D0B1E7BB463A467C
:1016E00052E75946019200F063F9019AA3689246C5
:1016F0009B1AA36023681344236088E75946524627
:1017000000F056F923682146534448462360FAF70F
:10171000FBFE00283FF47BAF92E7484603F01EF83B
:10172000034600287FF426AF48462169FBF7EAFF0D
:101730000C22B4F90C30C9F8002023F0800381E7B3
:101740006A1C17464AE70C22B4F90C30C9F800208D
:1017500078E700BF00FCFF7F2DE9F041B1F90C30C4
:101760000C46990796B008D5012204F14303C4E959
:101770000432236016B0BDE8F081B4F90E100646BD
:10178000002926DB6A4600F0E5FE00281FDB019DEC
:101790004FF4806805F47045A5F50055B5FA85F558
:1017A0004FF400676D0941463046FCF7A7F8E8B1F1
:1017B000B4F90C30C4F8148043F080032060206139
:1017C000A3813DBB3B43A38116B0BDE8F081B4F9D2
:1017D0000C3013F0800519D04FF040080025414629
:1017E00030462F46FCF78AF80028E1D1B4F90C30D6
:1017F0009A05BFD4012123F0030304F1430243F00F
:101800000203C4E90421A3812260B3E74FF4806896
:101810002F46C8E73046B4F90E1000F0AFFE10B9FD
:10182000B4F90C30CEE7A38923F0030343F001039E
:101830001BB2C7E770B50C46B1F90E10154600296A
:101840001E4696B014DB6A4600F084FE00280FDBCB
:1018500001994FF4806301F47041A1F50051B1FA90
:1018600081F14FF40060490931602B6016B070BD02
:10187000A18911F0800106D0002140230846316083
:101880002B6016B070BD4FF48063084631602B604A
:1018900016B070BD70B50D7804465E2D25D04FF0A2
:1018A000000EF446481C002223466EF307026EF336
:1018B0000F226EF3174204F580716EF31F6243F836
:1018C000042B8B42FBD175B18CF00101615500F105
:1018D000010E1EF8013C2D2B0FD05D2B0BD01BB140
:1018E0001D467046F2E7013870BD4FF0010E4D788D
:1018F000F446881CD7E7704670BD90F801C0BCF173
:101900005D0FEDD06545EBDC6E1C0230A21902F8CC
:10191000011B131B013B9C45F9DCACEB0503013BB0
:101920006545A8BF00230EF1020EF518D1E700BFF0
:101930000CB470B50C4600256FF000469CB00A4A06
:1019400020AB059253F8042B02A9CDE901341B9575
:1019500004960796069406F0FDFA029B1D701CB0D3
:10196000BDE8704002B070470802FFFF0EB470B5CA
:1019700004466FF0004600259DB00B4A21AB0B4991
:10198000106853F8042B059102A9CDE9013404969F
:1019900007961B95069406F0DDFA029B1D701DB09C
:1019A000BDE8704003B07047940000200802FFFFBC
:1019B00088420ED98B1883420BD900EB020C002A07
:1019C0006DD0624613F801CD994202F801CDF9D1EC
:1019D00070470F2A0FD8034602F1FF3C002A5ED061
:1019E0000CF1010C013B8C4411F8012B614503F80B
:1019F000012FF9D1704740EA01039B0750D1A2F1B2
:101A0000100370B501F1200C23F00F0501F1100E49
:101A100000F11004AC441B095EF8105C0EF1100ECE
:101A200044F8105C5EF81C5C103444F81C5C5EF8F2
:101A3000185C44F8185C5EF8145CE64544F8145CE5
:101A4000EAD1013312F00C0F01EB031102F00F0485
:101A500000EB031328D08E46043C24F003064FEA23
:101A6000940C1E441C1F5EF8045B44F8045FB442EF
:101A7000F9D10CF1010402F0030203EB840301EB42
:101A8000840102F1FF3C4AB10CF1010C013B8C4492
:101A900011F8012B614503F8012FF9D170BD704792
:101AA000034602F1FF3C9BE72246EAE740EA0103D6
:101AB0009B0710B524D1032A22D98E468446DEF82E
:101AC00000407146A4F1013323EA040313F0803F80
:101AD0000EF1040E15D1043A032A4CF8044BEED84B
:101AE000714601F1FF3E52B163461EF8011F541EBC
:101AF00003F8011B41B122469C46002AF4D110BDD7
:101B0000844601F1FF3EEEE79444002CF7D003F841
:101B1000011B6345FBD110BD40EA01039B0710B4D4
:101B2000044602D1032A8C4615D801F1FF3C52B17C
:101B300023461CF8011F501E03F8011BC1B10246C9
:101B40001C46002AF4D1204610BC7047043A032AF0
:101B500044F8040B16D9DCF800006146A0F101330B
:101B600023EA000313F0803F0CF1040CEED0DCE715
:101B700060B1A01803F8011B8342FBD1002CE2D115
:101B800010BC7047614601F1FF3CD0E71846002CBD
:101B9000D9D1F5E7F8B5114D1149124800F020FDF3
:101BA0002C4605F1A006A5F1200721463846FBF793
:101BB00021FB203418B9B442F7D10A48F8BD0A4FC6
:101BC000084C3946204608F07FF829462046203543
:101BD00008F07AF8B542F4D10248F8BD18070020A1
:101BE000F8060020F0050020C81F02002DE9F04F84
:101BF00000EB411705460E468FB039461046144695
:101C0000FBF7F8FA18B938460FB0BDE8F08F204658
:101C1000A749FBF7EFFA002800F0B2802046A5495B
:101C2000FBF7E8FA70B32378432B00F0AE80613BFA
:101C3000192B16D86378613B192B12D8A378A3F11E
:101C40006102192A96BFE37804F1020904F103093D
:101C50005F2B08D02E2B00F0BF8213F0BF0F00F0D7
:101C6000AD800027CFE799F80130413B192BF8D818
:101C700099F80230413B192BF3D899F8033009F158
:101C80000309E7E70DF1180840468B4900F0A8FC6E
:101C90004FF00009CA46CDF804909DF81830413B3A
:101CA000342BDED801A252F823F000BFA720010098
:101CB000631C010049200100631C01000D2001008C
:101CC000631C0100D91F0100631C0100BF2001003B
:101CD000B91F0100FD1E0100631C0100631C01000F
:101CE000631C0100631C0100991E0100631C0100BC
:101CF000631C01004F1E0100EF1D01006F1E01005B
:101D0000631C0100631C0100631C0100631C0100D3
:101D1000631C0100631C0100631C0100631C0100C3
:101D2000631C0100631C0100631C0100A72001006B
:101D3000631C010049200100631C01000D2001000B
:101D4000631C0100D91F0100631C0100BF200100BA
:101D5000B91F0100FD1E0100631C0100631C01008E
:101D6000631C0100631C0100991E0100631C01003B
:101D7000631C01004F1E0100EF1D01006F1E0100DA
:101D800020464C4900F02CFC48E763782D3B012BA2
:101D90003FF667AF04F102090DF1180849464046C5
:101DA00000F01EFC40214046FBF75CF808B1002320
:101DB00003704046FBF772FB814405E00DF1180803
:101DC00040463E4900F00CFC99F80030402B7FF46F
:101DD0005FAF09F1010B58463949FBF70BFA824610
:101DE000002840F0FC8101238146019355E703223E
:101DF0004046344907F0ACFF00287FF432AF9DF82D
:101E00001B3031492D2B14BF0DF11B0007A8FBF728
:101E1000F1F900287FF425AF40462C4900F0E0FBA3
:101E20004FF0010B2A4B2B4A022E00F0A881062E00
:101E300004D1414605F5A57000F0D2FB2146384695
:101E400000F0CEFB074638460FB0BDE8F08F4046A5
:101E5000214907F017FF00287FF403AF40461E49D1
:101E600000F0BEFB4FF0020B1C4B1D4ADCE7404666
:101E70001C4907F007FF30B140461B4907F002FF3D
:101E800000287FF4EEAE4046164900F0A9FB4FF063
:101E9000060B164B164AC7E74046164907F0F2FEF6
:101EA00000287FF4DEAE4046134900F099FBB7E707
:101EB000CC1F0200D41F0200D81F0200E01F020046
:101EC000EC1F02009C200200A0200200A4200200BF
:101ED00041380100D55E010030200200413A010086
:101EE000915F01000C200200142002006D380100F7
:101EF000F15E01008C200200942002000422404682
:101F0000C84907F025FF00287FF4ABAE9DF81C30D0
:101F10002D2B08BF9DF81D30523B232B3FF6A1AE61
:101F200001A252F823F000BF75210100631C0100DB
:101F30006B21010061210100631C0100631C010091
:101F4000631C0100631C0100631C0100631C010091
:101F5000631C0100631C0100631C0100631C010081
:101F6000631C0100631C0100631C0100631C010071
:101F7000631C0100631C0100631C0100631C010061
:101F8000631C0100631C0100631C0100631C010051
:101F9000631C0100631C0100631C0100631C010041
:101FA000631C0100631C010075210100631C01001A
:101FB0006B2101006121010040469B4907F062FE50
:101FC00000287FF44EAE4046974900F009FB4FF0E1
:101FD000080B964B964A27E708224046954907F09A
:101FE000B7FE00287FF43DAE9DF8203092492D2B9E
:101FF00014BF08A80DF1210007F044FE00287FF46B
:1020000030AE40468D4900F0EBFA09E70322404626
:102010008B4907F09DFE00287FF423AE9DF81B300E
:1020200088492D2B14BF0DF11B0007A807F02AFECD
:1020300000287FF416AE4046834900F0D1FA4FF0F5
:10204000030B824B824AEFE69DF8193003F0DF0361
:10205000502B7FF406AE02227E494046FFF726FD54
:102060000A2205A90DF11A0003F064FE059B1B78F6
:10207000002B7FF4F6ADB0F5697F3FF4F3AE00F3CB
:10208000B88040F26A3398423FF7EBAD40F25133EB
:10209000984240F3F780704BA0F25230C340DB0708
:1020A0003FF5BEAEDDE540466C4907F0EBFD00288C
:1020B0007FF4D7AD4046694900F092FAB0E60322BA
:1020C0004046674907F044FE00287FF4CAAD9DF8FA
:1020D0001B3004222D2B14BF0DF11B0B0DF11C0B1B
:1020E0005846604907F034FE00287FF4BAAD9BF8EB
:1020F00004300A222D2B14BF0BF104000BF1050054
:1021000005A903F017FE431E0F2B83463FF6A9AD2A
:102110000C283FF4A6AD059B1B78002B7FF4A1ADE6
:102120005149404600F05CFABBF10A0FC4BF3123AD
:102130008DF821304FF000034C49CCBF0DF1220245
:102140000DF12102537081FB0B314FEAEB73C3EBAE
:10215000A10303EB8303ABEB4303303313705FE660
:102160004046434900F03CFA5AE64046414900F0F7
:1021700037FA55E64046404900F032FA50E641460B
:1021800005F59570CDE9022300F02AFA029A039B27
:1021900041462846C5F8E020C5F8E43085F828B166
:1021A000FAF70EF9B9F1000F0CD1BAF1000F09D10D
:1021B000BBF1010F06D09DF81890B9F1550918BF71
:1021C0004FF00109019B13B9C5F8E89036E64FF0CE
:1021D000FF33C5F8E83031E609F10109DCE558467E
:1021E0002649FBF707F8814670B94FF0010A0190C4
:1021F00053E540F2654398423FF412AEA0F2E2404C
:1022000008287FF60DAE2CE558461D49FAF7F2FF77
:102210004FF0000AB0FA80F9CDF804A04FEA59193E
:102220003BE500BF542002001C200200913B01004E
:10223000556001007420020080200200842002000A
:10224000202002002420020028200200D13A0100B0
:10225000E55F010050200200A5110101D81F020016
:10226000382002003C2002004420020067666666B7
:10227000642002006C2002005C200200F81F0200B3
:102280000420020040F2E12398423FF4C9AD09DC8A
:1022900040F2B51398423FF4C3ADB0F5347F7FF4FC
:1022A000E0ACBDE540F2073398427FF4DAACB7E525
:1022B00038B50D460E49044601F0A0FA08B103787E
:1022C00093B90C4B204653F8251001F097FA08B14A
:1022D00003784BB92046084901F090FA28B10278FA
:1022E000064B002A08BF184638BD044838BD00BF59
:1022F000AC200200BC240200B420020044080020EC
:1023000006292DE9F84F804665D88B469246002A6B
:1023100000F09C80DFF8EC917B4E4C46354609F18D
:10232000C00729462046203400F05AF9BC4205F186
:102330002005F6D19AF800309BBBBBF1000F40F0AE
:102340008B8001246F4F21464046FFF7B1FF0546C1
:10235000FBF7A4F81F283ED838462946013400F080
:102360003FF9072C07F12007EDD1DFF8A0B10124D8
:102370005D46644FDFF898A13146284600F030F9F9
:102380003A4621465046FFF731FC203520362037AB
:10239000002872D00134072CEED1BDE8F84FFFF7CA
:1023A000F9BBBBF1000F1BD05046FBF777F81F2895
:1023B00011D8584C514604EB4B14204600F010F94C
:1023C000224659465248FFF711FC0446FFF7E2FB4C
:1023D0002046BDE8F88F16270024C8F80070F7E7FC
:1023E0002F215046FAF73EFD044600287BD0427864
:1023F0002F2A08BF431C04D11C4613F8012F2F2A93
:10240000FAD0002AE7D00125DFF8F8B0A4EB0A02E1
:102410001F2AE0DC51465846013207F075FC23784C
:1024200001352F2B03D114F8013F2F2BFBD0002BAC
:1024300048D0224612F8013F0BB12F2BFAD1072DBD
:102440000BF1200B91D0A2461446DFE7002948D0BB
:102450002F4C04EB4114BBE759464046FFF728FFD9
:102460000546FBF71BF81F28B5D82A4C294604EB74
:102470004B14204600F0B4F8A2E7012CD8F8007005
:10248000AAD00125224EDFF890A006E00135A54232
:1024900009F120090BF1200B9ED05946484600F067
:1024A0009FF84A4629463046FFF7A0FB0028EDD1A9
:1024B0005146484600F094F84A4629463046FFF710
:1024C00095FBE3E7072D3FF450AF124C04EB4514A6
:1024D0002046A4F12001203400F082F8BC42F7D15C
:1024E00043E70E4C74E75046FAF7D8FF1F283FF633
:1024F00072AF044C20465146203400F071F8BC42C3
:10250000F8D132E748640020F80600206863002014
:10251000D806002028640020D41F0200F005002007
:10252000014B93F828017047D806002003460A465D
:10253000024908681946FFF7E3BE00BF9400002077
:10254000F030704700487047C807002000487047C7
:10255000C807002070B50026074D044608461146FE
:102560002E60EEF770F9431C00D070BD2B68002B75
:10257000FBD0236070BD00BF5C610020002238B535
:10258000064D044608462A60EEF773F9431C00D056
:1025900038BD2B68002BFBD0236038BD5C61002068
:1025A000002238B5064D044608462A60EEF7BEF90B
:1025B000431C00D038BD2B68002BFBD0236038BDF6
:1025C0005C610020082802D14FF48050704708B5A4
:1025D000FAF7BAFD162203464FF0FF301A6008BD25
:1025E00080EA0102844612F0030F4FD111F0030F6D
:1025F00032D14DF8044D11F0040F51F8043B0BD0CB
:10260000A3F101329A4312F0803F04BF4CF8043B1F
:1026100051F8043B16D100BF51F8044BA3F101322D
:102620009A4312F0803FA4F101320BD14CF8043BE5
:10263000A24312F0803F04BF51F8043B4CF8044B16
:10264000EAD023460CF8013B13F0FF0F4FEA332387
:10265000F8D15DF8044B704711F0010F06D011F866
:10266000012B0CF8012B002A08BF704711F0020F54
:10267000BFD031F8022B12F0FF0F16BF2CF8022B3F
:102680008CF8002012F47F4FB3D1704711F8012B62
:102690000CF8012B002AF9D1704700BF5FFA81FCCA
:1026A000810744D00346511E22B909E09A0709D098
:1026B000013905D31846027801336245F6D17047D7
:1026C00000207047184603290CD80029F8D003468B
:1026D000014401E08B42F3D0184613F8012B624508
:1026E000F8D1704710B50CEB0C24024604EB0444FF
:1026F00002E00439032915D9104652F8043B63401F
:10270000A3F1013E2EEA030313F0803FF1D003460C
:10271000014401E08B4208D0184613F8012B6245B2
:10272000F8D110BD10460029F1D1002010BD11468E
:10273000C9E700BF004870470000C07FF8B5002718
:10274000DFF858C021F00043634504460D4617608A
:1027500021D8844653EA0C0C1DD0DFF844C016463D
:1027600001EA0C0C0A46BCF1000F09D100220D4B06
:1027700009F0F4FC6FF0350704460A4621F00043E7
:102780001B156FF31E52A3F2FE333B4442F07F55FC
:10279000336045F4001520462946F8BDFFFFEF7F62
:1027A0000000F07F000050432DE9F04F03690C69F1
:1027B00085B0A342C0F291808146013C01F114052D
:1027C00009F1140855F8243058F824C001339C4509
:1027D000BCFBF3F64FEA840005EB840708EB8402A8
:1027E00043D34FF0000CAA46CDE90105C646634627
:1027F00065469346CDF80C805AF8040BDEF80020AD
:102800001FFA80FC06FB0C554FEA10484FEA154CA6
:1028100006FB08CCADB290B2401B18441FFA8CF3F3
:10282000C3EB204303EB124380B240EA0340574519
:102830004EF8040B4FEA1C454FEA2343DCD2DDE996
:102840000105DDF80C8058F8003073B9ABF10402D3
:10285000904504D307E0904504F1FF3403D252F8C9
:102860000439002BF7D0C9F81040484601F00AFDA2
:1028700000282EDB4146002255F8040BD1F800C099
:102880001FFA80FE1FFA8CF3A3EB0E031344020C15
:10289000C2EB234202EB1C429BB243EA0243AF422B
:1028A00041F8043B4FEA2242E6D258F8242008EBD4
:1028B00084036AB9043B434504D807E0984504F112
:1028C000FF3403D253F80429002AF7D0C9F8104086
:1028D0000136304605B0BDE8F08F002005B0BDE8F8
:1028E000F08F00BF000000002DE9F04F16461F4694
:1028F000816B9DB0CDE90667299D039049B1012305
:10290000C26B044693408B604A6001F007FA0023D3
:10291000A363B7F10009B4BF012300232B60784BF8
:10292000BCBF29F00049CDF81C9033EA090300F040
:10293000AD80DDE906341846214600220023CDE9AA
:10294000040109F073FE804668B10123289A1360E0
:102950002A9B13B16B4B2A9A13606B4B0893089810
:102960001DB0BDE8F08F1AAB01931BAB0093039829
:10297000DDE9042301F0E4FD5FEA1955824640F0E9
:102980009B80DDE91A85454405F23243202B40F354
:102990008B83C3F1400309FA03F905F2124326FAC7
:1029A00003F349EA030009F05FFB0123013D1193A2
:1029B000A1F1F8710022554B09F018FA4AA3D3E9A6
:1029C000002309F0CBFB4AA3D3E9002309F010FA56
:1029D000064628460F4609F057FB47A3D3E90023D4
:1029E00009F0BCFB02460B463046394609F000FAB6
:1029F00006460F4609F062FE0022044609900023B5
:102A00003046394609F01CFE002840F02383099C1B
:102A1000A8EB050808F1FF33162C0A9300F28F810A
:102A2000DDE904013A4B03EBC403D3E9002309F0C9
:102A300007FE002872D0631E09930023109308F14B
:102A4000FF33002BC0F2828100230B93099B002BE4
:102A50006ADA099B0B9A0E93D21A5B420F930023FA
:102A60000993269B0B92092B68D8052B40F32183F1
:102A70000025043B2693269B023B032B00F23F8656
:102A8000DFE813F070046D046404480442F20F732D
:102A9000289AC9F3130959EA060913601CD12A9B25
:102AA000002B00F04C861B4B089308332A9A089899
:102AB00013601DB0BDE8F08FDDE90412C2F313030B
:102AC000084643F07F51CDF84480A5F2FF35DDF88C
:102AD000688041F440116DE72A9B002B40F0F5839C
:102AE0000D4B08933BE700BF61436F63A787D23F5D
:102AF000B3C8608B288AC63FFB799F501344D33FED
:102B00000000F07FC51F0200C41F02000000F83F54
:102B1000C82502000421020010210200B8F1000FB4
:102B200040F3A88410900B90DDE9092313440A9325
:102B300000230F93269B0E92092B96D90023012583
:102B40004FF0FF3B269327930C950021039BCDF874
:102B500060B0D963039801F0BBF80890002800F03A
:102B6000D785039B089ABBF10E0F9A6300F2198177
:102B7000002D00F016810E99002940F34984B44BD2
:102B800001F00F0203EBC203C8054FEA2115D3E998
:102B9000006740F10A84DDE90401AE4B4FF0030900
:102BA000D3E9082309F004FCCDE9120105F00F0573
:102BB0008DB1DFF8A082E90709D5D8E900233046B6
:102BC000394609F0CBFA06460F4609F101096D10A6
:102BD00008F10808EFD1DDE912013B46324609F061
:102BE000E7FB07468846109B43B100223846414622
:102BF000994B09F025FD002840F01085484609F062
:102C000043FA3A46434609F0A9FA0022934B09F0E9
:102C1000EFF80446A1F15075BBF1000F00F0AA8057
:102C20000E9BCDF848B019934146384609F046FD51
:102C30001299874BCDE9144503EBC10353E90234E4
:102C40000546CDE9163409F01FFA0B460246414607
:102C5000384609F0CBF8089F0C9B30357E1CECB24F
:102C6000804689463546002B00F06E84DDE9162348
:102C700000207B4909F09CFBDDE9142309F0B6F83C
:102C80003C7042464B4604460D4609F0F7FC0028CE
:102C900040F0BB84CDF850A0CDF858B00027AB462B
:102CA000A246129D2AE00137AF4280F201855046CC
:102CB000594600226B4B09F051FA0022694B8246BB
:102CC0008B464046494609F049FA8946804609F054
:102CD000F5FC044609F0D8F902460B464046494641
:102CE00009F084F8303452465B4606F8014B8046C2
:102CF000894609F0A5FC002840F0D78442464B469F
:102D00000020554909F072F852465B4609F098FCDC
:102D10000028C8D0199B3746DDF850A0089A03F167
:102D2000010802E0974200F09F843E4617F8013DFB
:102D3000392BF7D00133DBB245463B7079E10123F3
:102D4000109308F1FF33002BBFF67EAEC8F10103EC
:102D50000B9300230A9379E6484609F095F93A4621
:102D6000434609F0FBF900223C4B09F041F80446C8
:102D7000A1F15075384600223B4B414609F036F828
:102D800022462B4606460F4609F078FC002840F004
:102D90007A8430463946224605F1004309F050FC5A
:102DA00028BB1B9B002BC0F291800E9A0E2A00F3C9
:102DB0008D80274B0E9A03EBC203D3E90034CDE993
:102DC0000634279B002B19DABBF1000F16DC0ED15D
:102DD000DDE906010022244B09F0C0F902460B464A
:102DE000DDE9040109F036FC002800F04C840023E2
:102DF0001F46089E0493279BDD432DE2089B5D1C24
:102E0000DDE90678DDE904013A46434609F0D0FAE7
:102E100009F054FC064609F037F93A46434609F0F2
:102E20009DF902460B46DDE9040108F0DFFF089A30
:102E300006F13003BBF1010F2F46137000F025831C
:102E40000125CDF810A0A846DDE9069A2CE000BFC8
:102E5000C8250200A02502000000F03F00001C4031
:102E60000000E03F00002440000014404A46534662
:102E70002046294609F09CFA09F020FC064609F094
:102E800003F94A46534609F069F908F101080B466F
:102E900002462946204608F0A9FF06F13003D8452E
:102EA00007F8013B00F0EF820022834B09F056F94E
:102EB0000022002304460D4609F0B8FB0028D5D0B7
:102EC0000E9D3E46DDF810A00135B2E00C9A002AB6
:102ED00040F0D68000231F460F9E0B9D0C9365B1DA
:102EE0000A9900290B4608DDA942A8BF2B460B9A78
:102EF000ED1AD21ACB1A0B920A930F9B53B10C9B6B
:102F000013B1002E40F0FC8251460F9A039801F055
:102F1000E9F882460121039801F004F8099B049026
:102F2000002B40F0BD81269B012B40F3D381012073
:102F30000A9A104410F01F0000F09980C0F120039D
:102F4000042B40F3E2810B9BC0F11C0003440244BC
:102F50000B9305440A920B9B002B05DD51461A4644
:102F6000039801F019F982460A9B002B05DDDDE983
:102F700003011A4601F010F90490109B002B40F059
:102F80007481BBF1000F40F34B810C9B002B40F090
:102F9000A2800E9D01350126DDE90394DDF8208035
:102FA00007E0514600230A22484600F0C1FE82464F
:102FB000013621465046FFF7F7FBB34500F13000DC
:102FC00008F8010BEDDCBBF1000FCCBF5E4601261B
:102FD00081460024089B03EB060B5146012203980F
:102FE00001F0DAF80499824601F04CF9002840F328
:102FF000F081089A02E0934500F005821BF8013C3D
:103000005E46392B0BF1FF3BF5D001338BF80030D6
:10301000DDE90381404600F081FE57B12CB1BC428E
:1030200003D02146404600F079FE3946039800F06F
:1030300075FE5146039800F071FE00233370289B03
:103040001D602A9B002B3FF48AAC08981E601DB0BF
:10305000BDE8F08F204609F017F832463B4609F0EC
:10306000E5FA00287FF4D3AC631E0993CFE41C2358
:103070000B9A1D441A440B920A9A1A440A926AE760
:10308000269A012A40F3B0810F9B0BF1FF36B34221
:10309000C0F26B81BBF1000FA3EB060680F2F78252
:1030A0000B9BA3EB0B056EE1C3F1200306FA03F0C3
:1030B00079E40125DFE400BF000024403946002305
:1030C0000A22039800F034FE189B0746002B40F3B9
:1030D00007839B460E96002D05DD39462A46039848
:1030E00001F05AF80746099B002B40F0ED81B846E5
:1030F000089B1E46013B03EB0B04069B03F00103F8
:10310000CDE90A43039C04995046FFF74DFB39462D
:103110008346504601F0B6F80499054642462046DB
:1031200001F0D0F8C36801460BF13009ABBB099040
:10313000504601F0A7F809990990204600F0EEFDED
:10314000099A002A54D1269B1BB90B9B002B00F037
:10315000B582002D3FDBB3460A9B0BF8019B9E42D4
:1031600000F0C981514600230A22204600F0E0FD0C
:103170004745824639464FF000034FF00A02204689
:1031800030D000F0D5FD414600230A2207462046F4
:1031900000F0CEFD5E468046B5E7039800F0BEFD28
:1031A000002D06DB069B03F00102269B1D432A43EC
:1031B00029D151460122039800F0EEFF049982467E
:1031C00001F060F8002840F3F880B9F1390F00F001
:1031D00050820BF131090E9D3C460135474606F8F9
:1031E000019B15E700F0A4FD5E46074680468AE78E
:1031F000002DC0F29B82269B1D430B9B1D4300F0BC
:103200009582002AA7DDB9F1390F00F032820E9DB8
:1032100009F101033C460135474606F8013BF7E654
:10322000269B022B7FF7B1AEBBF1000F40F0298146
:103230005B4605220499039800F07AFD014604904C
:10324000504601F01FF8002840F31B8131230E9DEA
:10325000089E013506F8013BDDE9030100F05EFD43
:103260000135002F7FF4E1AEE3E65046049901F00A
:1032700009F80028BFF685AE514600230A220398BC
:103280000E9C00F055FD0C9B8246661E002B7FF4C1
:1032900015AF189B002B40F318829B460E9D7AE6D3
:1032A00001461A46039800F01DFF269B0490012B4F
:1032B0006FDD00230993049A136902EB83031869F5
:1032C00000F0E0FDC0F1200032E69B4B0893033391
:1032D000FFF7ECBB069B002B7FF429AEDDE906125D
:1032E000C2F31303002B7FF422AE944B134033B18F
:1032F0000B9B01330B930A9B01330A930123099A19
:103300000993002A3FF413AED5E73FF424AEC0F191
:103310003C03ADE601230C93279B0E9A134403F163
:10332000010B5E46012EB8BF01261893172E40F3FD
:103330000182012204235B0003F11400B042114614
:1033400002F10102F7D9039BD96303E401230C9333
:10335000279B002B38DD9B461E461893E6E700238B
:103360000C93D9E700230C93F2E70F9B0F96F31A07
:103370000026099A1A440A9B09925B440A930B9B04
:103380001D465B440B930121039800F0CBFD0746DB
:10339000A5E5069B002B8CD1DDE90601C1F31303E3
:1033A0000A46002BA1D0099085E7DDE904344FF0EF
:1033B0000209CDE91234FFF7FBBB7FF40CAF19F023
:1033C000010F7FF402AF06E701239B462793FFF727
:1033D000BCBB03D119F0010F7FF40BAE5E461BF8A6
:1033E000013D302BFAD013E6119A002A00F09F809D
:1033F00003F233430A9A0F9E1A440A920B9A154617
:103400001A440B92BFE73123089A01351370FFE588
:1034100000F0FE80DDE904010E9A494B554205F0AB
:103420000F0203EBC203D3E9002308F097FE2D112E
:10343000CDE9120100F05D8100234FF0020907463B
:103440008846404EEA070AD5D6E900233846414669
:1034500008F084FE01230746884609F101096D1032
:1034600006F10806EED1002B7FF4BDABDDE9127842
:10347000FFF7B9BBC8F101030A900B931090FFF757
:1034800053BB089EB7E4DDF810A002460B4608F0D7
:10349000AFFC03460C46DDE906010E9D1A46CDE958
:1034A000043401352346A84609F0CAF840B9DDE9DD
:1034B0000423DDE9060109F0B9F818B1F30701D5D5
:1034C000089A32E43E46B4E50398796800F000FCBF
:1034D0000546002800F023813B6907F10C01023307
:1034E0009A000C30F9F764FF01222946039800F096
:1034F00053FE8046FCE50E9D3C46013547466CE593
:10350000039C39463246204600F0ECFD0746524601
:103510003946204600F034FD51468246204600F0F0
:10352000FDFB0F9B9B1B0F933FF4F4ACECE41A9B49
:10353000C3F136035EE700BF102102000000F07FF8
:10354000C8250200A0250200DDE91623DDE91401EB
:1035500008F004FE089BCDE90C011C70129B012BA6
:1035600000F0C580129F089B11961F4400227C4BDF
:103570004046494608F0F2FD0D46044609F09EF823
:10358000814608F081FD02460B462046294608F098
:103590002DFC09F1300906F8019BBE4280468946A0
:1035A000E4D1119D0022DDE90C016E4B08F020FCF6
:1035B00002460B464046494609F060F800286ED1A5
:1035C000DDE90C230020674908F010FC02460B4699
:1035D0004046494609F034F880B91B9B002BFFF6A2
:1035E00079AC0E9B0E2B3FF775AC5F4B0E9A03EB3D
:1035F000C203D3E90034CDE9063401E417F8013CF5
:103600003E46302B07F1FF37F8D0199D013510E504
:103610004FF00209DDE90478FFF7E5BABBF1000FCE
:103620003FF49AAB189C002C7FF7BBAB0E9B38463F
:10363000013B414600221993494B08F08FFD024699
:103640008846174609F1010008F01EFD3A46434638
:1036500008F084FD0022454B08F0CAFB1294A1F14A
:1036600050750446FFF7E0BA312308F10108FFF76F
:1036700063BBB34639230E9D3C46089A4746013545
:103680000BF8013BBAE400231F460493DEE50A9BD6
:103690005B440A930B9B1D465B440B9373E6199B9B
:1036A000089A03F10108FFF740BBDDF850A0ACE732
:1036B000DDF850A0DDF858B0FFF773BBB9F1390F52
:1036C000D7D0002D3FF785AD85E5269B022B03DC87
:1036D0000E9DDDF860B05EE4DDF860B00E96A3E507
:1036E000269B022BF8DCDDF860B00E96F3E437463B
:1036F00058E74FF00209DDE91278FFF774BA0025A8
:10370000039B29461846DD6300F0E2FA0890D0B921
:10371000002240F2AF11164B164806F049FB024654
:1037200040F2EF21124B134806F042FB002A3FF70C
:1037300040AD50E50021039BD963FFF70BBA0E4B58
:103740000893FFF70CB9039B089A4FF0FF3B9A636D
:1037500001232795CDF860B00C93FFF722BB00BF83
:10376000000024400000E03FC825020000001C408B
:103770001421020028210200042102002DE9F04753
:10378000DFF8749007460E46904606F06DFBD9F8B8
:1037900000504DB133781C466BB1344602E014F84A
:1037A000013F3BB13D2BFAD1384606F063FB0020C8
:1037B000BDE8F087A41B28680028F5D022463146D2
:1037C000F9F7B8FB28B92868035D00EB040A3D2B24
:1037D00004D055F8040F0028F0D1E5E7D9F80030FF
:1037E0003846EB1A9B10C8F8003006F043FB0AF18C
:1037F0000100BDE8F08700BF2000002000B583B0C5
:1038000001AAFFF7BBFF03B05DF804FB024B0146C2
:103810001868FAF773B800BF94000020024B014605
:103820001868F9F76FBF00BF9400002010B4034C74
:10383000D4F8E440A44610BC604700BFD80600207E
:1038400082B049B15AB16BB113780B601278101E77
:1038500018BF012002B0704701A9002AF3D1104619
:1038600002B070476FF00100F4E700BFF0B583B01D
:103870008646089E002937D09AB3002B00F0C480FA
:1038800035683DBB14784FF0010C44B37F2C58DDF4
:10389000A4F1C0001F2829D8347125B90120834222
:1038A000306000F0B18012F80C300CF10100A3F18F
:1038B00080023F2A00F29E80C12C40F39B80A4012D
:1038C00003F03F0304F4F8641C43002333600C60EE
:1038D00003B0F0BD34794FF0000C002CD6D10C6051
:1038E0003460002003B0F0BD01A9C5E7A4F1E000F9
:1038F0000F282CD83471002D66D0581C18BF013306
:10390000012D65D07779E02C72D0A7F180003F2897
:1039100070D8012D777173D012F80C200CF10100D2
:10392000A2F180033F2B65D82303BF019BB207F4AC
:103930007C6702F03F023B431343002232600B607E
:10394000D0E70023012033600C6003B0F0BDA4F188
:10395000F00004284ED83471002D3FD05F1C18BFF2
:103960000133012D3ED07779F02C50D0F42C63D068
:10397000A7F180003F283DD8012D77714AD0581C0F
:10398000306818BF0133022848D0B579A5F180030B
:103990003F2B2FD812F80C200CF10100A2F180036C
:1039A0003F2B27D8A3043F0303F4E01307F47C372D
:1039B000AD013B4305F47C6502F03F022B4313430A
:1039C00000220B6032608DE70120834230601BD003
:1039D00012F80C7001250CF1010C94E701208342D0
:1039E000306011D012F80C7001250CF1010CBBE70E
:1039F0009F2F8ADC8A234FF0FF30CEF8003071E72A
:103A000002208342306087D16FF001006AE78F2F78
:103A1000AEDCEFE7022083423060F5D012F80C50A4
:103A20000CF1010CA5F180003F28E3D8032083426C
:103A3000B5713060AED1E7E78F2F99DDDAE700BFCF
:103A400030B482B08446049D002930D0002A31D0A1
:103A5000002B39D02868147848B1012816D00C60A2
:103A60001078003818BF012002B030BC7047A4F1B4
:103A700081001E2803D9A4F1E0000F28EFD801200F
:103A800083422C7128601FD002205478A4F1400397
:103A90003E2B03D9A4F180037C2B0FD82B7904EBA8
:103AA000032400230C602B6002B030BC704701A9D6
:103AB000002ACDD1104602B030BC70478A234FF0A7
:103AC000FF30CCF80030CFE76FF00100CCE700BF4B
:103AD00030B583B08646069D002940D0002A41D0EB
:103AE000002B4BD02868147858B10128A44618D070
:103AF000022841D00C601078003818BF012003B0B4
:103B000030BDA4F18E00012803D9A4F1A1005D28E5
:103B1000F0D8012083422C7128602FD0022092F827
:103B200001C0ACF1A1045D2C2BD82C798F2C1CD1B9
:103B30000224984285F805C02C601FD212F800C0FC
:103B40000130ACF1A1035D2B1BD800226B790CF086
:103B50007F0C0CEB03230B602A6003B030BD01A97E
:103B6000002ABDD1104603B030BD00220CEB042466
:103B70000C602A6003B030BD0120E2E76FF0010065
:103B8000BDE78A234FF0FF30CEF80030B7E700BF23
:103B90002DE9F04F83B08046DDF8309089B39AB3B9
:103BA000002B00F087809446E3461CF8015B4FF041
:103BB000010E99F80040DFF810A14448002D48D0CC
:103BC000A5F11B06F7B22F2F24D82F2E22D8DFE81D
:103BD00006F06D21212121212121216B2121216349
:103BE00021212121212121212121212121212121C5
:103BF000212121212121216521672121212121212B
:103C0000216901A9002ACBD10120C9F8002003B005
:103C1000BDE8F08FA5F121065D2E8CBF0827072790
:103C200004EBC4040619F65D5444E45D052E44D843
:103C3000DFE806F021031311052A89F804507345C3
:103C40000EF1010534D9AE46E3461CF8015B002DA8
:103C5000B6D10627E4E76246F1E701237046C9F8CA
:103C6000003099F804209BF8003003EB02230B602E
:103C700003B0BDE8F08F00237046C9F80030137818
:103C80000B6003B0BDE8F08F00231846C9F8003080
:103C90000B6003B0BDE8F08F0227C1E70327BFE741
:103CA0000427BDE70527BBE70127B9E70027B7E7EA
:103CB000C9F800406FF00100DAE78A234FF0FF30C7
:103CC000C8F80030D4E700BF20250200D824020045
:103CD00038B5436C05460C464BB153F8240080B10F
:103CE000026843F824200023C0E9033338BD2122B1
:103CF000042106F083F8034668640028EDD1002013
:103D000038BD0121284601FA04F56A1D920006F02B
:103D100075F80028F3D0C0E90145E4E731B1436C00
:103D20004A6853F82200086043F82210704700BF29
:103D30002DE9F0414FF0000E0E461C460D69074676
:103D400001F1140001680EF1010E8BB202FB034376
:103D5000090C4FEA134C02FB01CC9BB203EB0C4362
:103D6000754540F8043B4FEA1C44EBDC3CB1B368BA
:103D7000AB4207DD06EB850301355C6135613046FA
:103D8000BDE8F081716838460131FFF7A1FF804638
:103D9000A8B1326906F10C01023292000C30F9F739
:103DA00007FB7B6C726853F82210316043F8226085
:103DB000464606EB850301355C613561DFE7024667
:103DC000BA21024B024805F0F3FF00BF14210200A4
:103DD000AC2102002DE9F8431E460C462649083363
:103DE000174681FB032C092E4FEAE3730546C3EB0C
:103DF0006C0339DD4FF0010C00214FEA4C0C634598
:103E000001F10101F9DC2846FFF762FF014668B3C2
:103E1000089B092F43614FF00103036112DC09275E
:103E20000A34BE420BDDF61B264414F8013B0A227D
:103E30002846303BFFF77CFFB4420146F5D10846E7
:103E4000BDE8F88304F10909C8463C4418F8013B71
:103E50000A222846303BFFF76BFFA0450146F5D10B
:103E6000A7F108044C44DCE70021CCE70246D3214B
:103E7000024B034805F09CFF398EE3381421020001
:103E8000AC210200B0F5803F03463ABF10208340CA
:103E90000020B3F1807F3CBF1B020830B3F1805F8C
:103EA0003CBF1B010430B3F1804F03D3002B06DB72
:103EB000013070479B0003D45B0003D4202070477F
:103EC00002307047033070470368014613F0070261
:103ED00009D0DA0721D498074BBF5B089B08012063
:103EE00002200B60704798B2A0B11046DAB20AB94E
:103EF00008301B0A1A0704BF1B0904309A0704BFC5
:103F00009B080230DA0703D45B0800F1010006D0F9
:103F10000B6070471020C340E8E700207047202066
:103F2000704700BF38B5436C04460D464BB1586826
:103F3000B0B102685A60002201234561C0E9032341
:103F400038BD2122042105F059FF03466064002892
:103F5000EDD1002240F24511074B084805F028FF3B
:103F60001C220121204605F049FF0028F1D0012242
:103F70000223C0E90123DEE714210200AC21020084
:103F80002DE9F04FD1F8108015690E46A8459246EC
:103F900085B005DB2A46534645468A4690461E466E
:103FA000DAF80830DAF8041005EB0804A342B8BFC9
:103FB0000131FFF78DFE002800F0898000F1140721
:103FC00007EB840E774505D23B46002243F8042BCD
:103FD0009E45FBD8143606EB88080AF114094645BD
:103FE00009EB850566D2A5EB0A03153B23F0030315
:103FF0000AF1150A043355452CBF9B464FF0040BBC
:10400000CDF808E08246AE46039405E0090C2AD1BB
:10401000B04507F104074AD956F8041B8DB2002DAC
:10402000F4D0CC463C46002301965CF8040B216892
:1040300086B28AB205FB0622000C090C05FB0011B2
:104040001A4401EB124192B242EA0142E64544F8B9
:10405000042B4FEA1143E8D8019E47F80B3056F87D
:10406000041C090CD4D000223B6848461D463C463F
:10407000944602889BB201FB02C202EB154243EA5E
:10408000024344F8043B50F8043B25684FEA134CC4
:10409000ABB201FB0C33704503EB12434FEA134CF8
:1040A000E7D3B04547F80B3007F10407B4D8DDE992
:1040B00002E45046002C02DC05E0013C03D05EF82F
:1040C000043D002BF9D0046105B0BDE8F08F024635
:1040D0004FF4B171014B024805F06AFE1421020051
:1040E000AC21020012F003032DE9F041144607460B
:1040F0002CD10E46A4101CD03D6C85B3E3074FF0C5
:10410000000806D4641014D02868A8B10546E30757
:10411000F8D52A4631463846FFF732FF36B17B6C78
:10412000716853F82120326043F82160641006461C
:10413000EAD13046BDE8F0812A4629463846FFF7E5
:104140001FFF28600546C0F80080E0E70F4A013BEA
:1041500052F823200023FFF7EBFD0646CAE70121B2
:104160003846FFF7B5FD054640B140F27123012204
:10417000C0E90423002338640360BFE7024640F22D
:104180004511034B034805F013FE00BF68250200EC
:1041900014210200AC2102002DE9F0470C462769EA
:1041A000A36807EB62177D1C9D429046064649684E
:1041B0004FEA621904DD5B009D4201F10101FADC66
:1041C0003046FFF785FD002851D0B9F1000F00F10E
:1041D00014010FDD0B464FF0000C09F105024FEA08
:1041E000820E00EB820243F804CB9342FBD1AEF186
:1041F00014031944226904F1140318F01F0803EB97
:10420000820C2CD08E464FF0000AC8F120091A68A3
:1042100002FA08F242EA0A024EF8042B53F8042B81
:104220009C4522FA09FAF2D8ACEB0403153B23F0C3
:104230000303043304F11502944538BF042341F805
:1042400003A0BAF1000F00D13D46736C62680561AE
:1042500053F82210216043F82240BDE8F08704396A
:1042600053F8042B9C4541F8042FF9D8ECE702469B
:104270004FF4EF71014B024805F09AFD1421020042
:10428000AC21020084460B690069C01A15D10CF1FB
:10429000140C14310CEB830210B401EB830301E026
:1042A000944508D252F8044D53F8041D8C42F7D0BF
:1042B00004D24FF0FF3010BC70477047012010BC93
:1042C000704700BF2DE9F04F14460A6923698846FC
:1042D000D21A002A83B040F0888001F1140604F15C
:1042E000140202EB830206EB830301E09E427FD2BD
:1042F00053F8045D52F8041D8D42F7D076D323465F
:104300000025444698466168FFF7E2FC002800F06B
:10431000898000F1140949464FF0000C2769D8F84C
:10432000106004F1140B08F1140EC56004F11002C2
:104330000EEB86060BEB870ACDF804B05EF8044B53
:1043400052F8045F1FFA84FBABB2A3EB0B03240CFF
:104350006344C4EB154404EB23449BB243EA044397
:10436000764541F8043B4FEA244CE7D808F11501A3
:104370008E4234BF00210121A6EB0806153EB60887
:10438000002906F101024FEA820208BF0422DDF88B
:1043900004B00BEB0204A2454A4434D91546214629
:1043A000E04651F8046BB3B263444FEA164E0EEB8D
:1043B000234E06EB08039BB243EA0E438A454FEABD
:1043C0002E4C45F8043BEBD80AF1FF3AAAEB040A5D
:1043D0002AF0030A524423B952F8043D013F002B4E
:1043E000FAD0076103B0BDE8F08F88DA01258AE7CB
:1043F0000021FFF76DFC70B101220023C0E9042306
:1044000003B0BDE8F08F00294FEA860608BF0026FA
:1044100009EB0602DFE7024640F23721054B06486A
:1044200005F0C6FC024640F24521024B024805F069
:10443000BFFC00BF14210200AC210200124B0A464F
:104440000B40A3F15073002B03DD002219461046E8
:1044500070475B42B3F1A07F4FEA235106DA4FF475
:10446000002300220B4119461046704714391E29BB
:10447000D4BF4FF0004201224FF00003D8BFCA4022
:1044800010461946704700BF0000F07FF8B5046978
:1044900000F1140202EB840454F8045C261F284641
:1044A000FFF7F0FC0346C0F120000A2B086030DD66
:1044B000B242A3F10B071AD254F8083C1FB3C7F15C
:1044C000200C23FA0CF1BD4045EA0106A4F10805D1
:1044D00046F07F51AA4203FA07F341F4401116D285
:1044E00054F80C2C22FA0CF213431846F8BD0B2B8F
:1044F00008D0002305FA07F747F07F51184641F42A
:104500004011F8BD002345F07F5141F44011184699
:10451000F8BDB2422CBF002254F8082CC3F10B079F
:1045200003F1150325FA07FC38BFFA4005FA03F337
:104530004CF07F511343184641F44011F8BD00BFC1
:10454000F0B5012183B016461F46FFF7C1FB0546B3
:10455000002847D0C7F30A54C7F313030CB143F440
:104560008013002E019314D101A8FFF7ADFC0122A6
:10457000019B20306B612A6114B3089BA4F2334481
:1045800004441C60099BC0F135001860284603B044
:10459000F0BD68460096FFF797FC019B00B30099B9
:1045A000C0F1200203FA02F2C34001930A43002B38
:1045B0006A610CBF01220222AB612A61002CDCD1AE
:1045C00005EB8201A0F23243086908990B60FFF7FE
:1045D00059FC099BC0EB42101860284603B0F0BD9F
:1045E000009AE4E7024640F20F31024B024805F020
:1045F000DFFB00BF14210200AC2102002DE9F043D3
:1046000083B0884669468146FFF740FF04460D4661
:10461000404601A9FFF73AFFD9F81030D8F810202A
:10462000A3EB020CDDE900329B1A03EB4C13002BC9
:104630000BDD05EB03573D4602460B462046294657
:1046400007F0B6FE03B0BDE8F083C3EB033301EB24
:1046500003594946F0E700BF172870B506460ADD42
:10466000002000240749084D22462B4607F076FD1E
:10467000013EF9D170BD054B03EBC003D3E9000146
:1046800070BD00BF0000F03F00002440C8250200BC
:1046900001F1FF3C116902F114034FEA6C1C03EBBA
:1046A00081010CF1010C8B4200EB8C0C16D210B581
:1046B000A0F1040E53F8044B99424EF8044FF9D878
:1046C0008B1A153B23F0030304331844844504D9A3
:1046D000002340F8043B8445FBD810BD844505D930
:1046E000002340F8043B8445FBD87047704700BF67
:1046F00003694A11934200F1140009DA00EB8303C5
:1047000002E053F8042DA2B98342FAD80020704782
:1047100000EB8203F8DD11F01F01F5D010B450F862
:10472000224024FA01F28A40944208D0012010BCB1
:1047300070470120704753F8042D002AF6D18342B8
:10474000F9D8002010BC704703460A4602490868A1
:10475000194600F003B800BF940000202DE9F84F7F
:104760001646002900F096800C46804606F10B059F
:10477000F9F778FB54F8041C162DA4F1080921F070
:10478000030758D81025AE4258D8AF4260DABF4B65
:1047900009EB070C9A68DCF80400624500F0908091
:1047A00020F0010363445B68DB0768D420F003005A
:1047B0003B189D4247DDCB0712D454F8083CA9EBC7
:1047C000030BDBF8043023F00302104400EB070A6C
:1047D000554540F3F68007EB020A554540F3CC807F
:1047E00031464046F9F78AF80646002800F0218154
:1047F00054F8043CA0F1080223F001034B44934217
:1048000000F0B4803A1F242A00F2D780132A00F265
:10481000A280034622461168196051685960926867
:104820009A6021464046F8F76DFF4046F9F720FBB5
:104830003046BDE8F88F35F00705A4D50C23C8F83D
:104840000030002618E01F46DCE90223D3609A609E
:10485000D9F804307A1B0F2A03F0010309EB070093
:104860001DD83B43C9F80430436843F0010343605B
:104870004046F9F7FDFA26463046BDE8F88FC907ED
:10488000AED454F8083CA9EB030BDBF8043023F05A
:104890000302A0E71146BDE8F84FF9F72FB82B4304
:1048A00009EB050142F00102C9F804304A6043688F
:1048B000083143F0010343604046F8F723FFD7E790
:1048C00020F00300C21905F1100C624580F29280BD
:1048D000CA0785D454F8082CA9EB020BDBF8042096
:1048E00022F00302104400EB070AD4453FF773AFF0
:1048F0005E46DBF80C1056F8080F3A1F242AC160F8
:10490000886000F2B080132A40F2AB8021681B2A35
:10491000CBF808106168CBF80C1000F2AA800834BC
:104920000BF110022168116061685160A16891600B
:10493000AAEB05020BEB050142F0010299604A6007
:10494000DBF80430404603F001032B43CBF804307E
:10495000F9F78EFA90E723681B2A036063684360C7
:104960003DD804F1080200F1080354E750F8043C74
:1049700023F003031F446BE75E463A1FDBF80C305D
:1049800056F8081F242ACB60996023D8132A1FD910
:1049900023681B2ACBF808306368CBF80C303CD86E
:1049A00008340BF1100322681A6062685A60A2682A
:1049B0009A6034465746D9464AE72146FCF7F8FF45
:1049C0002FE7DCE902135E46CB603A1F9960D5E71A
:1049D0003346E8E721463046FCF7EAFFE9E7A368FB
:1049E000242A8360E368C36027D004F1100200F139
:1049F000100310E7521B09EB050142F00102996018
:104A00004A6054F8043C404603F001032B4344F849
:104A1000043CF9F72DFA26462EE7A368242ACBF8A2
:104A20001030E368CBF8143010D010340BF11803B9
:104A3000B9E74046F9F71CFA03E7236904F11802C5
:104A400003616369436100F11803E4E623691834E4
:104A5000CBF8183054F8043CCBF81C300BF1200391
:104A6000A1E732465EE721463046FCF7A1FF074B3F
:104A70005EE7A168242ACBF81010E168CBF8141087
:104A800006D010340BF118024CE700BFE8010020FB
:104A900022691834CBF8182054F8042CCBF81C20C9
:104AA0000BF120023EE700BF2DE9F04F9FB0884692
:104AB0000792002100220024CDE9041283464146DA
:104AC0001A9419910F4611F8012B2D2A5ED801A0D6
:104AD00050F822F0AB4C01008D4B01008D4B0100D2
:104AE0008D4B01008D4B01008D4B01008D4B010062
:104AF0008D4B01008D4B0100C34A0100C34A0100E8
:104B0000C34A0100C34A0100C34A01008D4B0100A2
:104B10008D4B01008D4B01008D4B01008D4B010031
:104B20008D4B01008D4B01008D4B01008D4B010021
:104B30008D4B01008D4B01008D4B01008D4B010011
:104B40008D4B01008D4B01008D4B01008D4B010001
:104B50008D4B0100C34A01008D4B01008D4B0100BC
:104B60008D4B01008D4B01008D4B01008D4B0100E1
:104B70008D4B01008D4B01008D4B01008D4B0100D1
:104B80002D5201008D4B010041520100002108917E
:104B9000302A00F09580002309932F2A144640F212
:104BA000EF844FF0000938464E464D4613E0013081
:104BB000082D1990C8BF09EB89090478C6BF02EB1C
:104BC0004902A2F13009A3F130062F2C224605F14B
:104BD000010540F3B48006EB8603392C02EB430356
:104BE000E5DD0122AB49F8F7A5F9002879D1199A3A
:104BF0001346013219925C78002D40F08D85302CDF
:104C000040F03B8513461846013319931C78302C2D
:104C1000F9D0C2F101021044A4F13103082B37D8B6
:104C2000199F012539464FF0000A431CA4F1300EAC
:104C30000C93002006EB86060EEB46064B1C1993E0
:104C40004C78A4F13002092A00F2E08296461999C4
:104C50000130002AF2D00128D8BF05F1010C40F341
:104C6000878400EB050C0CF1FF340A9703E07E000B
:104C7000AC4200F07C84082D06EB860705F10105A7
:104C8000F5DD102DDCBF09EB89094FEA4909EFE793
:104C9000652C40F0D8824FF0000A0123CDF830A0F7
:104CA0000A93099B034340F0BF82079B002600271D
:104CB0000BB1C3F80080304639461FB0BDE8F08F15
:104CC0007A7802F0DF02582A00F01284013719972F
:104CD0003A78302AFAD0002A00F081820123099321
:104CE0005BE70020AA460C900A90652C34D0452C36
:104CF00032D000231093002D7AD1099B034340F05A
:104D00006E820A9B002BD0D1692C00F0898400F3BD
:104D10005F84492C00F084844E2CC6D15E4919A8CA
:104D200005F0D4FB0028C0D0199B1B78282B00F07D
:104D3000A5855A4805F036F806460F4651E201228D
:104D40005449F8F7F7F80028CBD1199BAA465A1C0A
:104D500019925C780C9074E7002DA2D0DDF8648085
:104D600008F10103199398F801402B2C00F05982A7
:104D70002D2C00F04E824FF0000CA4F130010929D7
:104D800000F23F82302C199B0AD1013319931C7811
:104D9000302CFAD0A4F13102082AAAD8A4F13001AB
:104DA0005A1C19925C782F2C40F3FE8396460B9385
:104DB00008E0013219929EF80140A3F130012F2C36
:104DC00006DD964601EB8103392C04EB4303F0DD4D
:104DD0000B9BD21A082A40F3E78344F61F63109313
:104DE000BCF1000F87D0109B5B421093002D84D044
:104DF0000C9A109BBAF1000F08BFAA469B1A102DFF
:104E000030460B932C46A8BF102407F02DF902461C
:104E10000B46092DCDE9042316DD214B03EBC4031A
:104E200053E9122307F09AF902464846904689460C
:104E300007F01AF902460B464046494606F0D8FFED
:104E40000F2DCDE904012DDC0B9B002B00F02083FE
:104E50000B9B40F35282162B40F3AD830B9AC5F1A6
:104E6000250393421EDBDDE904230D4CC5F10F053C
:104E700004EBC501D1E9000107F070F90B9B5D1B44
:104E800004EBC504D4E9002307F068F906460F4691
:104E9000A7E100BFBC2002003C2202004C2202001D
:104EA000C82502000B9B2C1B1C44002C40F3D18115
:104EB00014F00F000AD0DDE90423354901EBC001ED
:104EC000D1E9000107F04AF9CDE9040134F00F03FC
:104ED00040D0B3F59A7F00F3B883102B4FEA231428
:104EE00040F31E85DDE9040100232A4A0997904614
:104EF00099461746E20704D5D8E9002307F02EF9B2
:104F000001236410012C09F1010908F10808F1D10D
:104F10003A46099F0BB1CDE90401059B02EBC9019B
:104F2000A3F154730593DDE90423D1E9000107F0EF
:104F300015F9194B194A0B409342CDE9040100F2CF
:104F40008483174A934240F241844FF0FF33154C5B
:104F5000CDE9043400230A932B465246394658467D
:104F60000096FEF737FF1490002800F06E83109A29
:104F70000C9B4FF0000A9B1A0B9ACDF824A0002A34
:104F8000A8BF0023109322EAE2731593E5E000BF67
:104F9000C8250200A02502000000F07F0000A07CD0
:104FA0000000907CFFFFEF7FD21A1F2AA4EB0204BF
:104FB00000F33282012393401E4600250A9BA04441
:104FC0004C44A14598444B46A8BF23464345A8BF3F
:104FD0004346002B04DDE41AA8EB0308A9EB030900
:104FE000109B002B00F3BE81002C00F3D4810B9B9F
:104FF000002B00F30782B8F1000F00F3F781B9F13D
:10500000000F08DD51464A465846FFF7C5F882466C
:10501000002800F0F4813A4658461A99FFF752F9F1
:105020000990002800F0EB810023099AD168D36031
:1050300011915146FFF726F90028C0F2EA83DDF806
:10504000149000F0768351460998FFF7D7FA0022B2
:105050004FF0804304460D4607F0FCFA002800F0AC
:105060007181119B002B40F0E381049B002B40F0E9
:105070006B82C9F31303002B40F00D8200222046FF
:105080002946A94B07F0DCFA002840F04983204666
:10509000A64B2946002207F061F803460C46CDE9ED
:1050A000123401F100430E900F93DFF88482A14B7C
:1050B00009EA08089845DDE90E4500F0C0810A9B21
:1050C0001BB3B8F1D46F20D895A3D3E90023DDE951
:1050D000120107F0BFFAA0B1DDE9120107F016FBDB
:1050E000012838BF012006F0BFFF119BCDE9120156
:1050F000002B40F0BD8201F1004316901793DDE9CB
:10510000164505F1D663A3EB0805DDE90C01FFF7B1
:1051100095F902460B462046294607F01FF8DDE9BF
:105120000C2306F065FE0C46CDE904010A9B23B969
:105130007F4B2340984500F0B78158461A99FEF7F7
:10514000EDFD39465846FEF7E9FD51465846FEF753
:10515000E5FD58460999FEF7E1FD149C5846616843
:10516000FEF7B6FD0746002800F04981226904F1E8
:105170000C01023292000C30F8F71AF91CAB0193C3
:105180001BAB00935846DDE904341A46CDE90C34D4
:105190002346FFF7D5F91A90002800F00581012178
:1051A0005846FEF7BFFE8246002800F028811B9B70
:1051B000002BC0F21581109ADDF8548003EB020930
:1051C0000A9A1C9C9B1A23445B4A013B9342C4F1FC
:1051D0003604FFF6E9AE012300251E46EEE6002662
:1051E0000027079A0AB1199B1360089B002B3FF414
:1051F00062AD07F100431F46304639461FB0BDE897
:10520000F08F0023CDF86480109374E501230A9396
:105210006BE54FF0010C08F10203199398F8024076
:10522000ABE54FF0000CF6E7002597E50022089269
:10523000791C19917A78002A3FF437AD0F46A7E41C
:1052400001220892F4E7452C3FF425AD01230A938F
:1052500053E53FF47FAE644214F00F020AD0DDE95B
:105260000401364B03EBC203D3E9002307F0A0F897
:10527000CDE9040124113FF46DAE1F2C37DCDDE9CC
:10528000040114F0100318BF6A230A930023DFF807
:10529000B080E20704D5D8E9002306F05FFF0123C0
:1052A000641008F10808F4D10BB1CDE904010A9BA0
:1052B000A3B1DDE90401C1F30A52C2F16B03002B73
:1052C0000ADD1F2B40F339830020342B049040F378
:1052D0007C834FF05C7305936A230A930022DDE917
:1052E0000401002307F0A2F900283FF435AE222381
:1052F00000260027CBF8003073E71633FFF6D2AD57
:10530000DDE904010C9B109A9A1A0C4B03EBC203C3
:10531000D3E9002307F04CF806460F4661E700BFCB
:105320000000C0FFFFFFDF410000F03F0000E03F52
:105330000000F07F0000E07F02FCFFFFC8250200B4
:10534000B8260200AC4B20462946002206F006FF94
:10535000119BCDE91201002B65D101F100430E90A4
:105360000F93A2E651461A465846FEF7BBFE824608
:10537000002844D001461A9A5846FEF701FE00283C
:105380003DD011901A995846FEF7C8FC119B002C8D
:105390001A937FF72CAE224658461A99FEF7FCFE68
:1053A0001A9000287FF423AEB94605462223002632
:1053B000924FCBF8003029465846FEF7AFFC4946DD
:1053C0005846FEF7ABFC51465846FEF7A7FC584638
:1053D0001499FEF7A3FC58460999FEF79FFC00E7D5
:1053E000159ADDF84090A2EB0308E9E639464246FB
:1053F0005846FEF7D1FE074600287FF400AEB946B6
:105400001A9DD3E739465846159AFEF76BFE0746B4
:1054100000287FF4F0ADF2E7012279491646CB1A55
:1054200002FA03F5CAE5DDE91234CDE90E343CE6B3
:105430000023744CCDE90E34CDE9123435E6A9F1E0
:1054400054730593DDE9044520462946FEF7F6FF2F
:10545000DDE90E2306F082FE2B46224606F0C8FC4C
:10546000DFF89891684B01EA09099945CDE90401F3
:1054700079D9DDE90C0103F15473994202D1064652
:105480000136BCD04FF0FF33604CCDE9043454E614
:10549000DDE90467A5E600235D4CCDE90E34002369
:1054A000584CCDE9123400E6DDE912562846314663
:1054B00007F040FA06F024FE0B4602463146284625
:1054C00006F094FC119D049BC4F313041D432C436C
:1054D0008046894626D142A3D3E9002307F0B0F8DD
:1054E00000283FF42AAEB946DDE904671A9D62E759
:1054F0000293089B584601931AAB0093454A1BAB95
:1055000019A904F00FFD10F00F0504463FF467AE33
:10551000062D40F0B58000227B1C00260027089253
:1055200019935EE630A3D3E9002307F089F8002839
:10553000D9D12FA3D3E900234046494607F09EF86E
:1055400000283FF4FAADCEE7049B012BA3D1B9F1BB
:10555000000FA0D1B9461A9C222325460026002719
:10556000CBF8003027E701F154740594DEE50A9F7B
:105570000C9B082D03440C936DDC6546FFF759BB6B
:10558000012238462449F7F7D5FC002800F0BB80FB
:105590004FF000094E4648464D46CA46CDF8309079
:1055A000CDF82890FFF7A3BB44F61F639942A8BF2C
:1055B0001946109114E40B981849DDE9042301EB16
:1055C000C001D1E9000106F0C9FD06460F4608E614
:1055D0006E2C3FF4A3ABFFF768BB00BFAFF30080B6
:1055E0009535A094FFFFCF3F9535A094FFFFDF3F97
:1055F00035E5AF350000E03F0000E03F0000F07F00
:10560000E2FBFFFF0000F03FFFFF9F7CFFFFEF7F0B
:105610000000F0BFA4260200BC200200C825020042
:10562000A04919A804F052FF00283FF43EAB199B93
:105630009D49013B19A8199304F048FF10B9199B23
:10564000013319930026994FCBE522230026974F6B
:10565000CBF80030C5E5BCF1100FD8BF09EB8909C4
:1056600065464FF00000D8BF02EB4909FFF7E6BAE4
:10567000DDE91234CDE9163441E50020FFF7CCBA5C
:105680001A9A3AB135211CA8FFF702F858461A9920
:10569000FEF744FB013D1B9B042D00F2C481DFE8B3
:1056A00005F0032C291E03001C9A049203F23342D6
:1056B0001D9B23F4801343EA02530593E10502D5B1
:1056C00043F000430593794ADDE904671A40002A54
:1056D0007FF487ADF7F738FD2223036081E54FF0B3
:1056E000FF326FF00043CDE90423E3057FF5D0AE30
:1056F000059BE5E76D4B0593F7E7DDE91C121D9B64
:10570000CDE90412DAE7199A0646134601321992D6
:1057100081465C78FFF773BAAA460C90FFF791BAFE
:105720000023634CCDE90E340023624CCDE91234E2
:10573000BBE44B461198B446B946DDE90C67AE466A
:105740005D49C3F31302002845D08A4200F0FD8072
:10575000ADBB049A1CEA020F34D03046394604939C
:10576000FEF76CFE0A9B002B00F03781049BC3F30D
:105770000A53C3F16B03002B40F352811C0504F163
:105780007F53002203F5401306F0E8FC02460B4667
:105790003046394606F02CFB06460F463046394661
:1057A000464B002206F0DAFC404B06460B400F4603
:1057B000002B7FF49BAE2223CBF8003096E61EEA46
:1057C000030FCAD10A9B002BE8D18FE601F1547375
:1057D0000593FFF7BFBB002A74D1DDE904452246DB
:1057E000002C40F0A2800A9A002A40F0CB8025F0DD
:1057F0000044240D2405A4F580146FEA14536FEAC5
:10580000035305934FF0FF3304931A9DDDE90467BA
:10581000D1E5119BDDE904010343B946DDE90C67DD
:10582000D0D1C1F31303002BCCD121F00044240DBF
:105830002405B4F1D66F2546C4D9099A536913B922
:105840001369012BBEDD012209995846FEF7A4FC1D
:1058500051460990FEF716FD0028B3DD0A9B002B88
:10586000C9D0A5F580136FEA13536FEA035305936C
:105870004FF0FF330493DDE904678FE7104919A85F
:105880001CAA04F03DFE05287FF453AA1D9B43F09B
:10589000FF4343F4E00305931C9B0493DDE9046795
:1058A0009FE400BF30220200342202000000F07F9B
:1058B0000000E0BF0000E03FFFFF0F000000503994
:1058C00090260200A5BB049A1CEA020F3FF47AAFAF
:1058D000304639460493FEF7B1FD0A9B002B62D097
:1058E000049BC3F30A53C3F16B03002B40F38C807A
:1058F0001C0504F17F53002203F5401306F02EFC33
:1059000002460B463046394606F070FA0022002364
:1059100006460F4606F08AFE00283FF43FAF1AE61F
:105920004FF00009414AFFF7F8BABEF1000FCBD0A3
:105930001EEA030F3FF446AFCAE74FF0FF3202FA08
:1059400003F3049A1A400492C6E40A9A0499B2B185
:10595000374A1A40B2F1D46F11D84FF0FF30120D10
:10596000C2F16B0200FA02F2914240D0BEF1000F88
:105970007FF425AF11EA0C0F3FF424AFEDE64FF0B2
:10598000FF32F1E72A4D1D40B5F1D66F3FF669AF02
:10599000B5F15C7F3FF602AF2223002600271A9D57
:1059A000CBF8003007E502460B463046394606F094
:1059B0001DFA1A9C0022002306460F46254606F0D3
:1059C00035FE00283FF4F7ACC6E54FF0FF33C2F1D7
:1059D0004B0293400B4005937EE402460B46304653
:1059E000394606F005FA1A9D06460F46E3E4114AC9
:1059F00093420CD00E4A1A4002F5801305930023FF
:105A00000493DDE90467DDE602460B467AE70131DF
:105A1000F0D1222300261A9D054FCBF80030CAE4AE
:105A200002460B46B4E6002348E600BFA02502006C
:105A30000000F07FFFFFEF7F014BFFF735B800BF9D
:105A4000D80600208C4600B586461346034A7146A8
:105A500010685DF804EB6246FFF726B8940000205A
:105A600084460A460249034B08686146FFF71CB8A2
:105A700094000020D80600202DE9F04705460C468A
:105A8000DFF888A0134629462246DAF80000FFF71F
:105A90000BF802460B4604460D4606F0F9FD48BBDE
:105AA0002946204606F052FE20F0004706461849D7
:105AB000384606F011FFD0B93846154906F0EEFE1B
:105AC000A8B925F000494FF0FF3220464946114B56
:105AD00006F0DEFD38B9204649464FF0FF320D4B47
:105AE00006F0B8FD18B12222DAF800301A6030460C
:105AF000BDE8F087002D084804DAFCF71BFE00F132
:105B00000046F4E7BDE8F047FCF714BE940000201F
:105B1000FFFF7F7FFFFFEF7F4C2202002DE9F04760
:105B20000446DFF8A0A00A46274B2146DAF8000019
:105B3000FEF7BAFF02460B4604460D4606F0A8FDE6
:105B4000002833D12946204606F000FE20F0004709
:105B500006461E49384606F0BFFEE8B938461B49DE
:105B600006F09CFEC0B925F000494FF0FF322046F8
:105B70004946174B06F08CFD38B9204649464FF090
:105B8000FF32134B06F066FD30B12222DAF8003006
:105B90001A603046BDE8F08716F0FF4FF9D10D4B83
:105BA0002B40002BF1D13046BDE8F087002D0A488C
:105BB00004DAFCF7BFFD00F10046EAE7BDE8F04774
:105BC000FCF7B8BD94000020D8060020FFFF7F7FBF
:105BD000FFFFEF7F0000F07F4C220200242B2DE915
:105BE000F84F42D8012B40D01F468E468046484889
:105BF00075461EF801BB10F80B4014F00804F7D1ED
:105C0000BBF12D0F6FD06FF00049BBF12B0F04BF1C
:105C10009EF800B005F1020E7BBBBBF1300F4CD0FB
:105C20000A273B460025B9FBF7F6284607FB169ADC
:105C300005E03BD0012507FB00C01EF801BBABF11E
:105C4000300CBCF1090F06D9ABF1410CBCF1190FB6
:105C50001AD8ABF1370C63451FDDB5F1FF3FECD02F
:105C60008642E6D24FF0FF35E7E7F7F76DFA1622E6
:105C7000034600201A60BDE8F88F102BD2D1BBF18B
:105C8000300F23D01F46CDE7ABF1610CBCF1190FEB
:105C900003D8ABF1570C6345DFDC6B1C2BD054B938
:105CA000002AE8D085BB1160BDE8F88FE245C1DA73
:105CB0004FF0FF35C1E74042F2E79EF8003003F0B5
:105CC000DF03582B08D008273B46ABE79EF80000BF
:105CD00000F0DF005828D5D110279EF801B03B46D0
:105CE0000EF1020E9EE79EF800B04FF0004901242D
:105CF00005F1020E90E72223C8F8003032B10EF110
:105D0000FF3148461160CFE78146F8E74846B2E7E1
:105D1000751E0200FFF762BF8C4600B5864613462B
:105D2000034A714610685DF804EB6246FFF756BF00
:105D3000940000208C4600B586461346034A7146FF
:105D400010685DF804EB6246FFF748BF940000203E
:105D50002DE9F04707460E46484C304616F801EB51
:105D600014F80EC01CF0080CF7D1BEF12D0F5AD05C
:105D7000BEF12B0F09BF6446644696F800E0861C0E
:105D80004BB9BEF1300F5CD00A234FF0050A99469B
:105D9000DFF8EC800AE0102B4AD04FF0FF38B8FB58
:105DA000F3F803FB08FA99466FEA0A0A0025284629
:105DB00005E02CD0012509FB00C016F801EBAEF17F
:105DC000300CBCF1090F06D9AEF1410CBCF1190F32
:105DD0000BD8AEF1370C634510DDB5F1FF3FECD0C9
:105DE0004045E6D94FF0FF35E7E7AEF1610CBCF175
:105DF000190F03D8AEF1570C6345EEDC6B1C0BD0CA
:105E000004B140420AB165B91160BDE8F087D445DC
:105E1000D0DD4FF0FF35D0E7222328463B60002A33
:105E2000F3D0711EF0E796F800E00124861CA7E786
:105E3000BEF1300F11D04FF00F0A6FF07048994645
:105E4000B4E7337803F0DF03582B0BD008234FF06F
:105E5000070A6FF060489946A8E7307800F0DF0045
:105E60005828E8D14FF0100996F801E04FF00F0ADA
:105E70006FF070484B46023698E700BF751E02006F
:105E800099999919FFF764BF8C4600B58646134669
:105E9000034A714610685DF804EB6246FFF758BF8D
:105EA000940000208C4600B586461346034A71468E
:105EB00010685DF804EB6246FFF74ABF94000020CB
:105EC00010B4034CD4F8E040A44610BC604700BFB7
:105ED000D8060020034649B1FF2A02D801200A70E3
:105EE00070478A224FF0FF301A60704708467047AB
:105EF000B9B37F2A27D90346A2F18000B0F5F06F2D
:105F000024D3A2F50060B0F5784F10B52BD3A2F5DD
:105F10008030B0F5801F36D20023940CC2F3053ECA
:105F200064F30703C2F3851C6EF30F2302F03F02F4
:105F30006CF3174362F31F6343F0803343F0700345
:105F400004200B6010BD01200A707047930902F015
:105F50003F0263F03F0362F07F0202200B704A7041
:105F6000704708467047140BC2F3851302F03F02D6
:105F700064F01F0463F07F0362F07F0203200C7063
:105F80004B708A7010BD8A224FF0FF301A6010BD2E
:105F90005FFA82FC0346C2F30722D9B1B2B102F123
:105FA0007F00C0B21E2804D902F12000C0B20F2821
:105FB00012D8ACF140003E2803D98CF080007C2838
:105FC0000AD802200A7081F801C07047012081F8C8
:105FD00000C07047084670478A224FF0FF301A60B1
:105FE000704700BFD3B28446C2F3072229B3EAB197
:105FF00002F17200C0B2012821D902F15F00C0B2E3
:106000005D2821D803F15F00C0B25D2811D943F0AB
:10601000800303F15F00C0B25D2815D84FF08F0CEC
:1060200003204A708B7081F800C0704701200B700C
:10603000704702200A704B7070470846704703F1A2
:106040005F00C0B25D28F4D98A234FF0FF30CCF84E
:106050000030704770B55FFA82FEC2F3072269B361
:106060007AB18446A2F121005D2829D8AEF1210041
:106070005D2825D81868A8B102200A7081F801E0CF
:1060800070BD186860B18C4642F61B001A6042234E
:106090002CF8030B8B700420614681F800E070BD82
:1060A0000120FAE78C46012642F21B4542241E607D
:1060B0002CF8035B05208C706146DEE7012070BD83
:1060C0008A234FF0FF30CCF8003070BD2DE9F04F3F
:1060D000894692461E460D4685B05A4F03902A4681
:1060E00015F8014B3B5D13F00803F8D12D2C7DD042
:1060F0002B2C41D04FF0FF3202936FF00043CDE9DB
:106100000023002E43D1302C79D00A27B0463E46DA
:10611000DDE900013A46434606F0F4FB00238346DE
:106120008E4618461946A44610E08E4508BF8345A2
:106130004CD000FB08F307FB0133A0FB07010B4425
:10614000201843EBE471012315F801CBACF13004C6
:10615000092C05D9ACF14104192C1ED8ACF1370437
:10616000A64222DDB3F1FF3FEED083457EEB010373
:10617000DBD24FF0FF33E7E74FF0FF3102936FF0D0
:1061800000432C78CDE90013951C002EBBD0102EB7
:106190003ED037464FEAE678BAE7ACF16104192CF5
:1061A00003D8ACF15704A642DCDC5A1C13D0029A87
:1061B00012B1404261EB4101BAF1000F03D0002B54
:1061C0003DD1CAF8009005B0BDE8F08FA242B0DA28
:1061D0004FF0FF33B8E72223039A1360BAF1000FA0
:1061E00028D0DDE9000105F1FF39EAE74FF0004072
:1061F000009301232C78CDE90103951C81E72B78CE
:1062000003F0DF03582B0ED00827B0463E467FE749
:10621000302C03D037464FF0000879E72B7803F095
:10622000DF03582BF6D110276C784FF000083E465C
:1062300002356DE7DDE9000105B0BDE8F08FCDE97D
:106240000001CEE7751E0200FFF740BF8C4600B587
:1062500086461346034A714610685DF804EB6246B1
:10626000FFF734BF940000208C4600B586461346E5
:10627000034A714610685DF804EB6246FFF726BFDB
:10628000940000202DE9F04F8B461E460D4685B048
:106290005F4F039001922A4615F8014B3B5D13F0C6
:1062A0000803F8D12D2C7ED02B2C03BF2C78029321
:1062B000951C02936EB9302C00F086804FF00A09CD
:1062C000B2464FF0050C4FF099374E46DFF8448147
:1062D00017E0102E6CD04FEAE67A324653464FF064
:1062E000FF304FF0FF3106F00DFB3246074688467F
:1062F00053464FF0FF304FF0FF3106F003FBB1463D
:10630000944600221046114610E0414508BFB842AD
:1063100039D000FB0AF209FB0121A0FB090211445C
:106320000122181841EBE37115F8014BA4F1300379
:10633000092B05D9A4F14103192B0CD8A4F137037B
:106340009E4210DD541CEFD0874278EB0102DCD274
:106350004FF0FF32E8E7A4F16103192B03D8A4F151
:1063600057039E42EEDC531C12D0029B13B14042F5
:1063700061EB4101019B1BB192B9019BC3F800B0D5
:1063800005B0BDE8F08F6345C3DD4FF0FF32CBE7CA
:106390002223039910460B60019B1146002BEFD07E
:1063A00005F1FF3BE9E701232C780293951C81E777
:1063B000302C19D04FF00F0C4FF0FF376FF07048B2
:1063C000B1464FF0000A9CE72B7803F0DF03582B0F
:1063D0000FD04FF00809B2464FF0070C4FF0FF37CF
:1063E0006FF060484E468CE72B7803F0DF03582BA4
:1063F000E0D14FF010096C784FF00F0C4FF0FF37E1
:106400006FF070484FF0000A4E46023579E700BF42
:10641000751E020099999919FFF734BF8C4600B593
:1064200086461346034A714610685DF804EB6246DF
:10643000FFF728BF940000208C4600B5864613461F
:10644000034A714610685DF804EB6246FFF71ABF15
:106450009400002070B582B0069D044655B11048E6
:10646000D0F8E4606AB120460095B047431C10D0D4
:1064700002B070BD00F1F4050948D0F8E460002ACC
:10648000F1D1012311462046064A0095B047431C2E
:10649000EED100228A232A60236002B070BD00BFC3
:1064A000D80600204C220200F0B50D46134983B0F7
:1064B0000E6801466BB11C46114BD3F8E4707DB1F8
:1064C000134630462A460094B847431C10D003B008
:1064D000F0BD0B4B06F1F404D3F8E470002DEFD1BE
:1064E000012329463046074A0094B847431CEED1A1
:1064F00000228A232260336003B0F0BD94000020A4
:10650000D80600204C22020070B5054684B05BB16D
:106510001C460F4BD3F8E060234669B12846B047CC
:10652000431C0FD004B070BD094B00F58274D3F842
:10653000E06023460029F1D10A46284601A9B04768
:10654000431CEFD100228A2322602B6004B070BD6F
:10655000D806002070B5134B84B01D686AB1124B89
:106560001446D3F8E06078B10A462346014628462F
:10657000B047431C0FD004B070BD0B4B05F58274BF
:10658000D3F8E0600028EFD12346024601A928464F
:10659000B047431CEFD100228A2322602B6004B055
:1065A00070BD00BF94000020D806002010B51C4626
:1065B00082B0049B009401934FF0FF3304F0FEF887
:1065C00002B010BD30B58C46864615461C46064BBB
:1065D00083B0186871464FF0FF336246CDE900542E
:1065E00004F0ECF803B030BD94000020002100F06E
:1065F00001B800BF10B500F0A5F8044604F006F994
:10660000A0F11A03DBB2022B06D9A4F10900042879
:106610008CBF0020012010BD012010BD0229C0F355
:106620000722C3B224D0032903D082F0800283F072
:10663000800302F15001C9B21F290BD902F13001C8
:10664000C9B2242932D84FF2A641884224D94FF04A
:10665000FF3070474CF6D3718842F8D8B03A3149D0
:10666000C2EBC212A13B03EB420331F813007047A7
:106670009E2B95BF7F2180217E3B23339F2A94BF91
:10668000703A503201EB4201CAB202F15001C9B274
:106690001F29DBB2D2D8DDE7D03A2349C2EBC212C0
:1066A000A13B03EB420331F813007047A13A072ADC
:1066B000CDD8DFE802F031281E18130F0B04C02BD1
:1066C000C5D81A4AA13B32F813007047F12BBED847
:1066D000174A19E0D82BBAD8164A15E0F62BB6D8C7
:1066E00003F540507047F32BB1D803F53E502030EE
:1066F0007047114A1A4412F8A12C002AA7D003F5BA
:106700007E40603070470D4AA13B32F813000028EC
:1067100008BF4FF0FF307047094AA13B32F8130021
:10672000704700BF5C410200E0260200885802006A
:10673000C85802006C590200DC590200385A0200A5
:10674000F45A020038B50546B9B101F595742046F2
:106750001149F6F74FFD28B92846BDE83840012118
:10676000FFF75CBF20460D49F6F744FD38B92846CF
:10677000BDE838400221FFF751BF094CE7E720464A
:106780000849F6F737FD28B92846BDE83840032107
:10679000FFF744BF284638BD1C200200302002000D
:1067A000020800202820020010B5124904461248B1
:1067B000F6F720FD28B92046BDE810400121FFF77B
:1067C0002DBF0E490C48F6F715FD28B92046BDE847
:1067D00010400221FFF722BF09490748F6F70AFDDA
:1067E00028B92046BDE810400321FFF717BF204617
:1067F00010BD00BF1C200200020800203020020053
:106800002820020038B50546A1B101F5957420464F
:106810000949F6F7EFFC08B9284638BD2046074974
:10682000F6F7E8FC0028F7D020460549F6F7E2FC29
:10683000284638BD034CEAE71C2002003020020045
:1068400028200200020800204B1C70B51AD0144604
:106850009389526823F02003A381236BCDB2A3B1A7
:10686000636B934209DD23685A1E226003F8015CC2
:10687000636801336360284670BD214603F02CF93C
:106880000028F0D04FF0FF35F5E7236921682BB1E0
:106890008B4203D211F8013CAB420ED023460320B9
:1068A000C4E90E12012204F140066063266303F876
:1068B000425F2846C4E9003270BD01390132C4E9A3
:1068C0000012D8E710B50C46096B69B104F140031A
:1068D000994201D0F6F716FF0020E36B2063636056
:1068E00013B1A36B236010BD0021A2894FF0FF30CC
:1068F00042F020022369A2816160F3E72DE9F04FA5
:1069000085B0019302FB03F30E9C9BB38846D4E948
:106910000015AB4244D983461E464FF00009CDE92D
:10692000023204F1400A40462A46F6F741FD20684B
:10693000216B28443746C4E90009A844761BE9B115
:10694000514502D05846F6F7DDFEE16BC4F83090B1
:10695000616099B10D46A16BB5422160E3D3324627
:106960004046F6F725FDD4E90021891B3244C4E9ED
:106970000021019B184605B0BDE8F08FDDE9023229
:106980002B44DB1BB3FBF2F300211846A28942F033
:106990002002A2812269C4E9002105B0BDE8F08F80
:1069A0001E46DCE72DE9F04FE5B002AFC7E90C0267
:1069B000B1F90C20BB61940489464B6E05D442F4B6
:1069C000005223F400538A814B669804C3F3403489
:1069D00000F1BA87A2460822214607F14000F6F7E7
:1069E000F1F9C7E90A4409F14003FB603C62FC612C
:1069F0003C617D4BD3F8E440FBF792FD07F1400288
:106A0000009203467A6B386B07F13C01A0470028DF
:106A10004ADB7B6B014603447B63FB6B002B00F07E
:106A2000C08001284FD0252B56D00028E1D07B6BA9
:106A300001385E1AD9F8043034181A46002A06F1D3
:106A4000FF3517DDD9F8003018786A7801339042A5
:106A500005F1010140F0A580D9F80420A14202F11E
:106A6000FF32C9F80030C9F8042000F0AB80002ADA
:106A70000D46E7DCD9F83010002900F04D87FB689F
:106A8000994202D0386BF6F73DFE0022D9F83C302F
:106A9000C9F83020C9F80430002B00F03D87D9F840
:106AA0003830C9F80030CFE74FF6FD7308220021D7
:106AB00007F14000FB63F6F785F97B6B01337B63DD
:106AC000FB6B002B6DD0494AD25C110700F1288482
:106AD0000120252B0146AAD1002422467E6B357861
:106AE000A5F1250306F1010B552B5AD8DFE813F069
:106AF000A2065900590059005900040659005900CE
:106B00005900590059005B055B055B055B055B059A
:106B10005B055B055B055B055B055900590059008A
:106B200059005900590059005900590080002501A9
:106B300059005900590059005900590059006F0077
:106B4000590059004F01590059005900910159004D
:106B5000590059005900990559005900C0055900BC
:106B60005900590059005900590059008200270165
:106B7000590059005900E00599066F005900B40505
:106B8000EC05CD055101FA05590059009301760035
:106B9000FD05590059009905590076004FF0FF3363
:106BA000BB623B6A43B13B6A1868BB6A013300F0C1
:106BB0003B8108B1FCF732FEB86A07F5C677BD46DF
:106BC000BDE8F08F02355544A5EB060A11E723070F
:106BD000E7D1757844F002045E4681E72507E0D1ED
:106BE00075785E467CE700BFD8060020751E02005F
:106BF00044F001040026C7F834B044F04004D9F84A
:106C00000430002B41F39C81600641F19D81022EEE
:106C100000F0CA82032E00F0ED81012E00F01C81ED
:106C2000012A38BF012214F00103164604F01002B5
:106C30007A6200F0A983002A40F0EB85BA69200649
:106C400052F8043BC7E9053240F1F787002BA8D082
:106C50008020FCF7DBFD834600289FD07B6918600D
:106C60003B6ADC889D88AC4280F0EF8618687B69BF
:106C70003A6A40F82430631CD3802023C7F808B058
:106C80007B600024FB6A07F16008FB62FBF748FCAD
:106C9000A04200F04E86D9E90021FB6A12F8010BF0
:106CA0000139032B08F80400C9F80410C9F80020C2
:106CB00004F1010407F1580502D12B68042B04D01C
:106CC000082200212846F6F77DF80095234659460C
:106CD0004246386BFFF7BEFB411C034600F0298695
:106CE000002840F0BF857A6AA244013E6AB9CBF819
:106CF00000207A693AB1BA68ABEB02047A68B2EB69
:106D0000A40F40F23A860BF1040BD9F804200024BA
:106D1000002A40F36584002EB7D1FB627B693BB14A
:106D2000BB68ABEB03017B68B3EBA10F00F24D87AF
:106D30007B6A002B7FF45DAEC5E344F001040A23B7
:106D40000326FB61A74B3B61D9F80430002B29DCFB
:106D5000D9F83010002900F0DF8509F1400399428D
:106D600004D0386B7A63F6F7CDFC7A6B0023C9F850
:106D70003030D9F83C30C9F80430002B00F0CC8515
:106D8000D9F83830C7F834B0C9F800303CE744F0DF
:106D900001040823FB61944B03263B61D9F80430BE
:106DA000002BD5DDD9F80000904D0378EB5C190776
:106DB00041F1148009F140087C6300234446904669
:106DC00007E00130C9F800000178695C0A0740F16A
:106DD000A282D9F804100AF1010A01390029C9F880
:106DE0000410EEDCD9F83010002900F09585A1429E
:106DF00003D0386BF6F786FC0023D9F83C10C9F8AD
:106E00003030C9F80410002900F08685D9F8380020
:106E1000D8E744F00104022696E7BB6A23B1B9F82B
:106E20000C305B067FF5BFAE3B6ADE8818687EB12A
:106E300000248146A046051F55F8043F0134186818
:106E4000FCF7ECFC2B68A642C3F80080F4D148465E
:106E50004FF0FF33BB62ACE6002A08BF4FF0FF32B1
:106E600004F0100314F001057B6100F03183002B66
:106E700040F0ED84B969200651F8043BBB60B9616C
:106E800040F1D4867A62002B3FF48BAE8020FCF771
:106E9000BDFC7A6A064600283FF480AEBB681860E5
:106EA0003B6ADC889D88AC4280F0FB851868BB6833
:106EB0003E6040F824303B6A0134DC8020237B6054
:106EC0004FF0000BFC6A07F16008C7F824A0FA62D3
:106ED000FBF726FB584500F02C85D9E9003213F862
:106EE000011B013A032C08F80B10C9F80420C9F85B
:106EF00000300BF1010B07F1480A03D1DAF800303A
:106F0000042B04D0082200215046F5F75BFFCDF892
:106F100000A031465B464246386BFFF79BFA411CA6
:106F2000044600F00685002840F0AC840546306039
:106F30000822002107F15000F5F744FFDFF8B0C048
:106F40002A4607F158052946386BDCF8E0C007F1FE
:106F50005003E047012814BF002597F8585007F167
:106F600088035B5D002B00F07D867B6A032C5B440D
:106F70007B6200F08F84FB6A013BFB627B694BB94B
:106F8000BB68043633B13B68F51A7B68B3EBA50FD9
:106F900040F2E384D9F804304FF0000B002B40F3AB
:106FA0008584FB6A002B93D1D7F824A0FC627B690F
:106FB000002B7FF41EAD3360BB68002B00F0838292
:106FC0003B687A68F11A8B1001339A4240F27B8257
:106FD000BC6804312068FDF7B7FB002800F073821D
:106FE000206070E2155D0100855E0100751E0200E3
:106FF000D80600200026531E262B8ABFA2F12708A0
:107000004FF00008272209F140037B62334607F165
:10701000600B5D46C7F8148090465A46D346D7F8B1
:107020001CA044F45864D9F8001091F800C0ACF1E9
:107030002B004D283CD8DFE800F0753B753B3B81C9
:10704000636363636363637A7A3B3B3B3B3B3B3BFA
:107050002727272727273B3B3B3B3B3B3B3B3B3BF8
:107060003B3B3B3B3B3B3B693B3B3B3B3B3B3B3B42
:107070002727272727273B3B3B3B3B3B3B3B3B3BD8
:107080003B3B3B3B3B3B3B69BAF10A0F10DD24F431
:10709000386405F801CBD9F8040001380028C9F894
:1070A000040067DD0131B8F10108C9F80010BAD158
:1070B000C7F81CA0DA469346E00505D55D4500F209
:1070C000C3825D453FF46DAD14F0100213D15946F3
:1070D000FB69386BD7F810C02A70E047BB69A1067E
:1070E00003F1040840F1A9821B681860BB6AC7F865
:1070F00018800133BB62A5EB0B053544AA4478E444
:107100009F4824F4386430F91AA0C2E704F4C06040
:10711000B0F5007FCCD124F400744FF0100A44F491
:10712000A064B6E72006C3D524F08004B1E79448F4
:1071300030F91AA0BAF1080FA9DCB9E72005A8D5E3
:10714000BAF1000F03D14FF0080A44F4007460054F
:1071500000F17082786924F4607418B101387861A4
:1071600008F10108D9F80400013601380028C9F8EF
:10717000040097DCD9F83010002900F04886786ABE
:10718000814205D0386BFA61F6F7BCFA0023FA6940
:10719000D9F83C10C9F83030C9F80410002900F0C3
:1071A0003686D9F838107EE7002A08BF4FF0FF3244
:1071B000E00704F0100340F12481002B40F03E83EF
:1071C000B96951F8040BB9612106786240F13D8537
:1071D000BB607A6100283FF4E4AC8020FCF716FB2A
:1071E0007A698046BB6800283FF4D8AC796A0860A9
:1071F000396ACC888D88AC4280F03D840868C646E8
:107200004FF0200C796A40F82410396A0134CC80A0
:10721000D9F800105B4D09786E5C16F0080661D154
:10722000C7E9015E93461D46C7F814C0FBF778F91D
:10723000B04200F07E83D9E9003213F8011B013A15
:10724000C9E9003207F1600399553B60FB6A0136DA
:10725000032B07F1580402D12368042B04D0082221
:1072600000212046F5F7AEFD00943A6833464146CA
:10727000386BFFF7EFF8421CF86200F05A830028E1
:1072800040F06284C8F80000FFF7B0F9002840F031
:10729000A684B2440BF1FF3B002D40F0C0847B6A12
:1072A00008F10408002B00F0BA84BB68A8EB0304C3
:1072B0007B69B3EBA40F40F2FF852E46D9F804306A
:1072C000002B40F3CC85D9F800301B787A68D35C6A
:1072D0001C0702D4BBF1000FA8D12B46D7F814C06D
:1072E000D7F808E0002B7FF484ABC8F800307B6A45
:1072F000002B00F0E880A8EB0E018A1001329445C3
:1073000040F2E180186804311C46FDF71DFA0028A0
:107310007FF466AED7E07C6B4246C7F834B076E4C3
:107320000025D9F8042009F140040FE0D9F8003015
:107330001A78144901338A5C12077FF55AABD9F8E1
:1073400004200AF1010A013AC9E90032002AEDDC01
:10735000D9F83010002900F0D783A14202D0386B51
:10736000F6F7D0F9D9F83C30C9F83050C9F80430F4
:10737000002B00F0C983D9F83830C9F80030D7E7BE
:10738000B05B0200751E02007A6A002A40F0088293
:10739000BB69240653F8045BBB6140F10783002DF1
:1073A0003FF4FFAB3046FCF731FA0446002800F00A
:1073B000C7823B6A2860B3F80680B3F804B0D845AA
:1073C00080F0E98318683A6A08F10103D38040F835
:1073D0002850CDF80090214633460122386BFFF744
:1073E0008DFA044600283FF418AD864240F2D5805D
:1073F00001462868FDF7A8F9002800F0CE80286033
:10740000CBE0002B40F06D84BB6914F0800453F88E
:1074100004BBBB6100F023827A62BBF1000F3FF432
:10742000C0AB2020FCF7F2F90646002800F0888265
:107430003B6A7A6ADC889D88CBF80000AC4280F019
:10744000C28218683B6A40F824B00134DC802024F2
:10745000D9F80000B94D0378EB5C190700F1CA8236
:107460005346B046AA461546D9F80420013AC9F851
:107470000420421CC9F80020027808F8012BBBF157
:10748000000F04D0A8EB0602A24280F07283013DF7
:107490000BD0D9F80420002A40F30584D9F8000065
:1074A00002781AF802201207DED59A464346991B45
:1074B00046468A44013100233370BBF1000F02D0ED
:1074C0008C4200F2E683BB6A0133BB62FFF791BADC
:1074D0007B69002B40F01881BB6914F0800453F8DD
:1074E000046BBB6100F09E837A62002E3FF459ABBF
:1074F0002020FCF78BF90546002800F021823B6A2A
:107500007A6ADC88998830608C4280F085821868BD
:107510004FF0200B3B6A40F824600134DC80D9F83E
:10752000001007F188080B7818F80330002B3FF49F
:1075300038ABC7F814A02C46C246904609F1400368
:107540007B622846D9F80450013DC9F804504D1C0F
:10755000C9F80050097800F8011B16B1051B5D45FC
:107560002CD20546B8F101080BD0D9F80410002937
:1075700040F3B881D9F8001008781AF80000002804
:10758000DFD12C1BD7F814A03FF40BAB00232B70DA
:107590001EB1611C8B4500F20384BB6AA244013317
:1075A000BB62FFF726BA14F08F0F7FF4FAAA02EB42
:1075B000820205EB4202303AFFF712BB4FEA4B0B57
:1075C00020465946FDF7C0F80446002800F0B8816F
:1075D00005443060C6E7D9F80420002A3FF755ABD0
:1075E000D9F83010002900F0C98309F14002914216
:1075F00004D0386BFB62F6F785F8FB6A0022C9F805
:107600003020D9F83C20C9F80420002A00F0B683C5
:10761000D9F83820C9F80020002E7FF436ABFFF7E8
:107620007CBB44F400741023FB61454B03263B6193
:10763000FFF78ABB24F4B0642BE5220740F14982AE
:10764000BB691B68187051E515F8011C4A46386B78
:10765000013DFFF7F9F834E523077FF4A2AA757816
:107660006C2D00F066825E4644F00104FFF738BAE4
:10767000594607F188007A62FAF70CF901267A6A0E
:1076800044F040047863FFF7BABAE10600F18A815A
:10769000BA6952F8043BBA61220700F1818166079A
:1076A00040F1FA83A3F800A0C7F834B0FFF7A1B9FE
:1076B00025077FF476AA7578682D00F034825E463F
:1076C00044F00404FFF70CBA14F08F037FF469AAA6
:1076D0003D6A002D00F0C082757844F080045E465B
:1076E000FFF7FEB944F408749DE70A23FB61144BCD
:1076F00003263B61FFF728BB22437FF452AA75782B
:1077000010245E46FFF7ECB9D9F8003007F188087D
:10771000197818F8011000293FF443AA0133C9F879
:107720000030D9F80430012A03F1FF33C9F80430DE
:1077300000F06F81934609F1400417E0751E0200C6
:10774000855E0100D9F800301A78013318F802205C
:10775000002A00F05E81C9F80030D9F80430013603
:10776000013B5E45C9F8043000F05381002BE9DC91
:10777000D9F83010002900F03F81A14202D0386BC7
:10778000F5F7C0FFD9F83C30C9F83050C9F80430DB
:10779000002B00F03181D9F83830C9F80030D3E738
:1077A000D9E90002B24280F299831C4609F14003F4
:1077B000C7F824A025469A46D9F830101044A346AD
:1077C000B046C9F800001444B61A002900F032830C
:1077D000514502D0386BF5F795FFD9F83C20C9F830
:1077E0003050C9F80420002A00F02483D9F838006A
:1077F00096424FF00001C9F80000DFDCD7F824A062
:1078000008EB0B04921B3044C9E90002A244FFF7C5
:10781000F0B84FF0000BC7E901BBC7F814B0FFF791
:1078200030BA0023FB61C64B0326C7F834B03B6176
:10783000FFF7E5B9C7F834B0FFF7F7B84FF0000C21
:1078400007F13C018846E646C7F824C0E0E400237F
:1078500007F13C067B603B60BB60FFF731BB5E46D7
:10786000A346F5E5821C3FF4B6AE0328A24402D13C
:107870002A68042A00D0013E7A6A002A3FF439AA15
:10788000FFF743BA821C0CD035686B1C7FF450ABF9
:10789000FFF765BBDAF80030042B7FF46CABFFF721
:1078A0006DBBD9F80430002B3FF712ABD9F830107C
:1078B000002900F07E8209F14003994202D0386B22
:1078C000F5F720FF0023C9F83030D9F83C30C9F86B
:1078D0000430002B00F06D82D9F83830C9F8003040
:1078E000FFF75FBBD9F83010002900F07B827B6A7C
:1078F000994202D0386BF5F705FF0023D9F83C1008
:10790000C9F83030C9F80410002900F06B82D9F8AA
:107910003810C9F800102FE60022B9F80C30D9F859
:10792000101043F02003C9F80010A9F80C30C9F872
:107930000420BB6A23B1B9F80C305A067FF531A98F
:107940003B6A002B7FF470AA4FF0FF33BB62B86A2A
:1079500007F5C677BD46BDE8F08F3868D900FCF75B
:10796000F3FE386000283FF419A97B68BA685B0011
:10797000461910607B60FFF70DBBB868D100154653
:10798000FB62FCF7E1FEB86000283FF407A97A69C2
:107990006B007B6000EB040BFB6A1060FFF7B3B970
:1079A00083F800A0C7F834B0FFF723B8CDF80090F3
:1079B000334629460122386BFEF7A0FF0446002813
:1079C0007FF4EBADB5E74FF6F6739D427A623FF672
:1079D0002BAAD7F820800835D8F80000A900FCF7BA
:1079E000B3FE00283FF420AA7A6AA8F80450C8F829
:1079F000000027E501215EE50023C9F80430B9F84D
:107A00000C3043F02003A9F80C30D9F81030C9F835
:107A10000030B244FEF7EDBF4FF6F67399427A623A
:107A20003FF602AAD7F820B001F10808DBF8000001
:107A30004FEA8801FCF788FE00283FF4F5A97A6A2E
:107A4000ABF80480CBF8000062E54FF6F6739D4278
:107A50003FF6A4A8D7F820800835D8F80000A90080
:107A6000FCF772FE00283FF499A8A8F80450C8F863
:107A70000000FFF7FCB84FF6F6718D42BB607A61EB
:107A80003FF68CA83E6A08353068A900FCF75CFE1A
:107A900000283FF483A8BB687A69B5803060FFF79F
:107AA000AEBB4FF6F6739D427A623FF677A8D7F8E1
:107AB00020800835D8F80000A900FCF745FE002812
:107AC0003FF46CA87A6AA8F80450C8F80000FFF7E1
:107AD000EEB9630774D414F0010240F0DA81A10713
:107AE00040F1D781174B3969386B99425946FB6988
:107AF00000F0F681FEF7A8FB0B46BA691168C1E9F0
:107B00000003FFF7F3BAA2440023C9F80430B9F820
:107B10000C3043F02003A9F80C30D9F81030C9F824
:107B20000030FEF766BFB57844F008040236FEF771
:107B3000D7BFB57844F002040236FEF7D1BF00BFCC
:107B4000155D0100855E0100FB6A02333FF4B6ABB0
:107B5000D8F80000FEF74AFD002840D1FB6AB24485
:107B6000032B7FF497AB2368042B7FF493ABFFF7D1
:107B700093BB6400304621467B617A62FCF7E4FDEA
:107B8000064600283FF4DCAE7A6A7B6900EB020807
:107B9000CBF800007BE44FF6F6739B453FF644A913
:107BA0003B6A0BF1080B18684FEA8B01FCF7CCFD20
:107BB00000283FF439A93B6AA3F804B0186002E436
:107BC000BB691B681880FFF791BA7C692068FCF7D5
:107BD000BBFD00283FF4ACA82060FFF7A9B82B46F6
:107BE000D7F814C0D7F808E0D7F800B0002E3FF45B
:107BF00079ABB3445D46F3463C6BC7F814C0BB6039
:107C0000013E4A46204615F8011DFEF71DFE002ED6
:107C1000F6D1DE46D7F814C0BB68FFF763BB002679
:107C2000FFF74CBB3546A346264678E47B69BE6821
:107C3000C7E90033BB60FFF743B97B6AD7F814B0DC
:107C4000C7E901337B61FFF71CB8D7F824809C4655
:107C50009E467B62FFF7DCBA82B0CDE9023302AB0D
:107C60003B6239E5D7F824A0FC62BBF1000F3FF47A
:107C70009EA95D4608EB0B04D7F83080013D4A46CB
:107C8000404614F8011DFEF7DFFD002DF6D1FFF789
:107C90008EB9DBF80000FCF757FD00283FF413AC69
:107CA000CBF800000FE4D9F83010002900F01C8157
:107CB00009F14002914204D0386B7B62F5F722FD56
:107CC0007B6A0022C9F83020D9F83C20C9F804208A
:107CD000002A00F00981D9F83800C9F80000FFF740
:107CE000DFBBD9F800309A4D1978695C11F00808AB
:107CF0007EF47FAE0133C9F80030D9F80430012A90
:107D000003F1FF33C9F8043008BF0AF1010A3EF459
:107D100070AE09F14006934632460124464690462D
:107D200012E0D9F800301A780133AA5C10073FF549
:107D30006DADC9F80030D9F804300134013BA345DA
:107D4000C9F8043000F0B280002BEADCD9F830101A
:107D500000293FF4D8AE414502D0386BF5F7D2FC8C
:107D6000D9F83C30C9F83060C9F80430002B3FF432
:107D7000CAAED9F83830C9F80030D4E7FB62002326
:107D8000C9F80430B9F80C3043F02003A9F80C30DE
:107D9000D9F81030C9F80030002C3EF4BFAFC8E568
:107DA0003068FCF7D1FC00283FF4F7AB3060FFF7F8
:107DB000F4BB0023C9F80430B9F80C30D7F824A07C
:107DC00043F02003A9F80C30D9F81030FC62C9F850
:107DD0000030BBF1000F3FF4EAA8AAE5C7F834B0C1
:107DE000FEF715BF0023C9F80430B9F80C30A542DE
:107DF00043F02003A9F80C30D9F81030D7F814A0BC
:107E0000C9F800303FF495AD2C1BFFF7BFBB002332
:107E1000C9F80430B9F80C30C7F81CA043F02003AF
:107E2000A9F80C30D9F81030DA46C9F8003093467A
:107E3000FFF742B90023C9F80430B9F80C30D7F87D
:107E400024A043F02003A9F80C30D9F81030C9F869
:107E50000030002C3FF46DADA244FEF7CABDD9F846
:107E60003010002955D009F14003994202D0386BF7
:107E7000F5F748FC0023C9F83030D9F83C30C9F890
:107E80000430002B45D0D9F83830C9F80030FFF75E
:107E90001CBABB69FFF728B9E5070AD4A40708D5BF
:107EA0004FEAEA72C3F800A05A607BE5DA44FEF7B5
:107EB000A0BDC3F800A075E5B868D9001E46FCF760
:107EC00043FCB86000283EF469AE7A6A730000EBA8
:107ED00004082E4610607B61FFF7F0B9344691E448
:107EE000FEF79AFA0B4608E69A464346991B00238A
:107EF000C9F80430B9F80C308A4443F02003A9F8DB
:107F00000C30D9F8103046460131C9F80030FFF77F
:107F1000D2BA0022C9F80420B9F80C202B4642F04E
:107F20002002A9F80C20D9F81020D7F814C0D7F8EF
:107F300008E0C9F80020002E7FF4FBACFFF7D2B9AF
:107F4000D7F834B0FEF704BFD7F834B0FEF72ABF35
:107F5000751E02002DE9F04FDDB00C4691460D91E3
:107F60000F938346FAF7EEFA036818461A93F5F76B
:107F700095FA0822189000212CA8F4F723FFA38972
:107F8000180603D52369002B00F015870023002471
:107F90009E46CDE93133002333AACDE91634DA46C3
:107FA00014464D46CDE91BEE3092CDF864E0CDF895
:107FB00080E0CDF874E0CDF828E0CDF848E02F4619
:107FC0006E4BD3F8E460FAF7ABFA0DF1B00C034650
:107FD0003A46504628A9CDF800C0B047002800F026
:107FE0009F80C0F29580289B252B01D00744E7E7AE
:107FF000B7EB0508064640F0978000224FF0FF33AC
:10800000934609937B787E1C8DF897200B929946B6
:108010000136A9F120035A2B00F2B280DFE813F0F9
:10802000F302B000B000EF02B000B000B000FD02FB
:10803000B000B0006A003502B0002702D202B000E2
:10804000CE025B005B005B005B005B005B005B00E3
:108050005B005B00B000B000B000B000B000B0004A
:10806000B0002801B000AA013E0228012801280121
:10807000B000B000B000B0003A02B000B000A802FA
:10808000B000B000B000D001B000BC02B000B00041
:108090008A06B000B000B000B000B000B000B00080
:1080A000B0002801B000AA0101022801280128011E
:1080B0002B0201027400B0006402B0005502AF064A
:1080C0006E027400B000D0017200AC06B000B000C7
:1080D000B206B00072000022A9F1300316F8019B2D
:1080E00002EB820203EB4202A9F13003092BF5D91E
:1080F0000B928EE70F9B53F8042B002A0B920F93E1
:10810000C0F2B281337882E733784BF0200B7EE700
:10811000082200212CA8F4F755FE012007444FE760
:10812000B7EB0508064610D0329BC4E9005843441B
:108130003293319B0133072B319315DC08340A9BB2
:1081400043440A93002E7FF458AF329B002B41F03A
:108150005E810D9B9B8903F04003002B41F08083DF
:108160000A985DB0BDE8F08F50460D9930AA01F035
:1081700087FC0028EDD133ACE1E700BFD806002032
:108180001096B9F1000FE0D0012300228DF80C9178
:10819000069343AD8DF897200C93CDE913220E92F0
:1081A000099211921BF0020302D006990231069146
:1081B0001BF08408329E05D10B9906980F1A002FE8
:1081C00000F39B806AB101226260319A013601326C
:1081D0000DF19701072A32963192216000F3D8837E
:1081E000083463B102236360319B0236013326AA4F
:1081F000072B32963193226000F3BF830834B8F125
:10820000800F00F0BF82099B0C9A9F1A002F00F389
:10821000F9821BF4807F40F01E820C9B25601E4477
:108220006360319B32960133072B319300F33F8318
:1082300008341BF0040F05D00B9B069A9D1A002DE5
:1082400000F3B383DDE90A3206998A42ACBF9B187A
:108250005B180A93002E40F00883002331930E9B95
:108260001BB150460E99F5F74DFA33AC109DA6E6BA
:108270000F9B1096073323F00703F3E802670F9371
:1082800027F000431F931E964FF0FF32DDE91E01D9
:10829000B24BCDE9166704F0FBF9002840F0F484F6
:1082A000DDE91E014FF0FF32AC4B04F0D3F900289A
:1082B00040F0EA84002200233046394604F0C0F939
:1082C000002840F0B2879DF8972000210320A44D9C
:1082D000A44B2BF0800B0E910690B9F1470FD8BF3D
:1082E0001D46CDE9131109910C901191002A3FF41C
:1082F00059AF069B0133069354E7102F319A41F38F
:108300000D82DFF864C2214630460D9C2E46CDF822
:1083100054C06546219304E0103F102F01F108017D
:1083200016DD102301321030072ACDE931200D600F
:108330004B60F1DD2146504630AA01F0A1FB002838
:1083400040F09B82DDE93120103F102F33A9E8DC9B
:1083500035460C460646219B013215993E44072AB4
:10836000CDE931262160676000F381869DF8972072
:10837000083427E70F9BB9F1430F109603F1040669
:1083800003D01BF0100F00F00185082200212EA859
:10839000F4F718FD0F9A43AD2EAB294650461268EC
:1083A000FEF7B2F8034601330C9001F054820C9BA7
:1083B00023EAE373069300220F968DF89720ECE6EC
:1083C00000230F9F109657F8045B8DF89730002D0F
:1083D00000F00085B9F1530F00F094861BF01003F4
:1083E000119340F08F86099B002BC1F21B801A4627
:1083F00028461199FAF752F90E90002801F081826F
:108400000E9B11995B1B0C9323EAE3734FF07309E6
:10841000CDE913119DF897200F97099106930E91BE
:1084200064E71BF0200F10963ED00F9B073323F01C
:1084300007031846596850F8083B0A460F90002970
:10844000C0F2CA8309990029C0F2888253EA020166
:108450002BF0800740F08382099A002A40F0848242
:10846000BB460C925CAD64E10B9B5B420B93337893
:108470004BF0040BCBE53378682B03BF73784BF4D8
:10848000007B01364BF0400BC1E52B238DF8973074
:108490003378BCE533784BF0080BB8E54BF0100BA4
:1084A0001BF0200F1096C0D10F9A1BF0100F52F83E
:1084B000043B0F9240F0C2831BF0400F00F0BA83E0
:1084C00043F3C03211461BB2B9E71BF0200F1096E0
:1084D00000F0C5830F9B0A9A1B681A60D2175A6076
:1084E0000F9B04330F93C1E633786C2B03BF737873
:1084F0004BF0200B01364BF0100B88E547F63003AC
:108500000F9AADF8983052F8043B02210F924FF0C9
:1085100078090022154810964BF0020719900020A8
:10852000099D8DF89700002DC0F2EC8053EA0200FF
:1085300027F0800B40F0E580002D40F0D285002927
:1085400040F0538317F001030C9300F07183302344
:108550000DF26F158DF86F31EBE000BFFFFFEF7F7D
:10856000881F0200841F0200E45B0200941F0200C7
:1085700010964BF0100B1BF0200200F012830F9BA3
:10858000073323F0070319465A6851F8083B0F9147
:1085900000212BF48067C2E710964BF0100717F00C
:1085A000200200F00B830F9B0121073323F0070308
:1085B00018465A6850F8083B0F90B0E733784BF0F4
:1085C000800B24E5314611F8019BB9F12A0F01F027
:1085D0002882A9F13003092B98BF002201F2A28062
:1085E00011F8019B02EB820203EB4202A9F1300376
:1085F000092BF5D942EAE2730E46099309E533786F
:108600004BF0010B03E59DF897203378002A7FF4A7
:10861000FEAC20228DF89720F9E45046F9F792FF3E
:10862000436818461D93F4F739FF209007465046DB
:10863000F9F788FF83681B93002F3FF463AD1B9A03
:108640003378002A3FF4E3AC1278002A3FF4DFAC21
:108650004BF4806BDBE4B9F1650F40F33781DDE962
:1086600016010022002303F0E1FF002800F0D8816A
:1086700001236360319B934A01330136072B329605
:108680003193226000F332850834279B129A93427B
:1086900080F2C982189B1A9A1E44C4E90023319BB8
:1086A00032960133072B319300F37A830834129BFF
:1086B0005D1E002D7FF7BDAD102D319B40F3EB808B
:1086C000DFF804921027DDF83480CDF8549004E0F0
:1086D0000834103D102D40F3E08001331036072B95
:1086E000C4E90097CDE93136F2DD4146504630AA63
:1086F00001F0C6F9002840F0C080DDE9313633AC26
:10870000E7E75F46012900F02A8102295CAD1ED10E
:10871000199803F00F01415C1B0943EA0273120927
:1087200005F8011D53EA0201F3D1BB465CAB5B1BAC
:108730000C93099A0C9900238A42B8BF0A46CDE9E6
:10874000133306920E939DF897201193CEE503F014
:108750000701DB0843EA4273D208303153EA0206CC
:10876000284605F8011DF2D1FB07DED53029DCD003
:108770003023023805F8013C5CAB1B1ABB460546AA
:108780000C93D6E70B9B069A9F1A002F7FF73BAD01
:10879000102F319B41F35B804B48224631464FF00E
:1087A000100806460D9C159004E0103F102F02F1B2
:1087B000080214DD01331031072BC2E90068CDE94E
:1087C0003131F2DD2146504630AA01F059F9002836
:1087D00053D1DDE93131103F102F33AAEADC1446C2
:1087E0000E460133159A3E44072BCDE931362260FF
:1087F000676000F3C084099B0C9A08349F1A002F0D
:108800007FF707AD304A102F319B159221DD32469C
:108810004FF010082E460D9D04E0103F102F04F17C
:10882000080414DD013328491032072BC4E900186D
:10883000CDE93132F1DD2946504630AA01F020F968
:10884000D8B9DDE93132103F102F33ACEADC3546C0
:1088500016460133159A3E44072BCDE93136226086
:10886000676000F392810834D3E450460D9930AA32
:1088700001F006F900283FF4F0ACD3460E9B002B24
:108880003FF467AC58460E99F4F73CFF0D9B9B896B
:1088900003F0400361E40C4A1592159A01332E440B
:1088A000072B22606560CDE931367FF7C1AC5046B9
:1088B0000D9930AA01F0E4F80028DED1329E33ACE5
:1088C000B7E400BFC41F0200D45B0200129B319FBB
:1088D000012B06F1010607F1010704F1080940F335
:1088E00010810123072FCDE931762560636000F305
:1088F0008081189B01371A9A1E44072FC9E900236B
:10890000CDE9317600F3828109F10809129B00223A
:10891000DDE916015C1E002303F088FE002840F00C
:108920000981013701352644072FCDE93176C9F891
:108930000050C9F8044000F3F08009F108091C9BBD
:1089400001371E44C9F80430072F2AABCDE9317630
:10895000C9F80030ABDC09F108046AE45F460A2B71
:1089600072F1000180F0258330338DF86F310123DF
:10897000BB460C930DF26F15DBE650460D9930AAFD
:1089800001F07EF800287FF478AF329E33AC36E4F5
:1089900050460D9930AA159301F072F800287FF423
:1089A0006CAF329E159B33AC1BE4102D319B40F312
:1089B0003187DFF8CC821027DDF83490CDF8548071
:1089C00004E0103D102D04F1080415DD01331036CC
:1089D000072BC4E90087CDE93136F2DD4946504620
:1089E00030AA01F04DF800287FF447AFDDE93136B9
:1089F000103D102D33ACE9DC0133159A2E44072BC2
:108A0000C4E90025CDE931367FF71CAC50460D99FD
:108A100030AA01F035F800287FF42FAF329E11E420
:108A20002799002940F33383DDE911839845A8BFD6
:108A30009846B8F1000F0ADD319B46440133072BFD
:108A4000C4E900583296319300F33E860834119FF2
:108A5000B8F1000FA8BFA7EB0807002F00F3CB81E8
:108A6000DDF844901BF4806FA94440F0EA81279B15
:108A7000129A9342C0F271821BF0010F40F06D8296
:108A8000129AAF18A7EB0907D51AAF42A8BF2F4615
:108A9000002F0BDD319B3E440133072BC4F80090BF
:108AA00067603296319300F385860834002FA8BFA3
:108AB000ED1B002D7FF7BDAB102D319B7FF7EBAE8B
:108AC000DFF8C0911027DDF83480CDF8549004E031
:108AD0000834103D102D7FF7E0AE01331036072B20
:108AE000C4E90097CDE93136F2DD4146504630AA5F
:108AF00000F0C6FF00287FF4C0AEDDE9313633ACAC
:108B0000E7E71BF0010F7FF4ECAE0123072FCDE95F
:108B10003176256063607FF712AF50460D9930AA19
:108B200000F0AEFF00287FF4A8AEDDE931760DF14C
:108B3000CC0904E7129B012B7FF701AF112B40F307
:108B40007F87504BCDF824B010259B46DDF834804C
:108B5000159305E009F10809103C102C40F33C8303
:108B600001371036072FC9E900B5CDE93176F1DDBF
:108B70004146504630AA00F083FF00287FF47DAEC6
:108B8000DDE931760DF1CC09E6E750460D9930AAC2
:108B900000F076FF00287FF470AE329E33ACFFF712
:108BA00038BB0F991BF0100051F8043B55D11BF056
:108BB00040054ED002460F919BB2E9E40F9917F0A1
:108BC000100051F8043B41D117F040053AD00F9105
:108BD000024601219BB2A2E45B425F464FF02D00AA
:108BE0004FF0010162EB42029AE4099B5CAD0C93E9
:108BF0009FE550460D9930AA00F042FF00287FF40F
:108C00003CAEDDE931760DF1CC0972E650460D99A6
:108C100030AA00F035FF00287FF42FAEDDE9317671
:108C20000DF1CC0972E61BF0010F3FF402AB31E508
:108C30005CAD7EE51BF4007F40F04F83DA171146F0
:108C4000FFF7FDBB17F4007240F052830F91012132
:108C500065E41BF4007240F046830F9198E41BF02A
:108C6000100F40F094821BF0400F40F0CA831BF4B9
:108C7000007F00F08C820F9B0A9A1B681A702FE409
:108C8000E45B0200D45B0200DDE9160102460B46FC
:108C900003F0FEFC002840F01C86B9F1610F00F0E3
:108CA0001F85B9F1410F00F04A85099B013300F09F
:108CB000EF8329F02003472B00F0E1850E90DDE9DA
:108CC0001612002A13464BF48078C0F2E684002383
:108CD0001593DDE91623CDE92223A9F14103252BC4
:108CE00000F20E83DFE813F018040C030C030C03EE
:108CF000D803A5040C030C030C030C030C030C0396
:108D00000C030C030C030C030C030C030C030C03EB
:108D10000C030C030C030C030C030C030C030C03DB
:108D20000C030C030C030C0318040C030C030C03BE
:108D3000D803A504A64B109619931BF0200200F04F
:108D40001A810F9B073323F0070319465A6851F81D
:108D5000083B0F911BF0010F09D053EA020106D026
:108D600030218DF899904BF0020B8DF8981002216C
:108D70002BF48067FFF7D3BB5F4610960FE4109685
:108D8000FFF7F9BB934B10961993D6E70F9B43ADB2
:108D90001B688DF80C31012306930C93FFF70BBB76
:108DA00050460D9930AA00F06BFE00287FF465ADA7
:108DB000329E33AC7BE440215846F4F79FFD0D9B77
:108DC00018601861002800F03F8640230D9A536117
:108DD000FFF7DCB8099B2946062B28BF06232A4645
:108DE00009950E95CDE913117B4D06930F970C93C2
:108DF0001191FFF77BBA102F319B40F31D86774905
:108E000032464FF010090E46DDF83480159104E02B
:108E10000834103F102F40F3EE8101331032072B3E
:108E2000C4E90069CDE93132F2DD4146504630AA4D
:108E300000F026FE00287FF420ADDDE9313233ACAE
:108E4000E7E7129B2246EB180993139B4C46002B35
:108E50003146DDF85080CDF844B0DDF86C90209EAE
:108E6000DDF834B0149531DDB8F1000F40F33381F3
:108E700008F1FF3831981D9B013031440728C2E9C1
:108E800000363291319000F389800832099B99F8BD
:108E900000001F1B8742A8BF0746002F0CDD31983A
:108EA000394401300728C2E900473291319000F37C
:108EB000558199F800000832002FB4BF0546C51B44
:108EC000002D14DC0444139B002BCDDCB8F1000F03
:108ED000CEDCCDF86C90A146149D129B1446EB1885
:108EE00099450E4628BF9946DDF844B0BFE5102DE0
:108EF00031983A4B23DD0C9410272C461D4604E094
:108F0000103C102C02F1080216DD0130334B1031F9
:108F10000728C2E90037CDE93101F1DD5946504655
:108F200030AA00F0ADFD00287FF4A7ACDDE93101E7
:108F3000103C102C33AAE8DC2B4625460C9C013053
:108F400029440728CDE931011360556000F3AD8352
:108F500099F8000008320444B5E7189A1A991644A3
:108F6000C4E90012319A32960132072A319200F395
:108F7000C883083484E50F991BF0100051F8043BB6
:108F80000AD11BF0400503D002460F919BB2E1E6E7
:108F90001BF4007240F09D810F91DBE6594650466C
:108FA00030AA00F06DFD00287FF467AC329933AA37
:108FB0006CE707F480610C970E944FF0000E0F469B
:108FC000DFF81CB01B9C0DF5B87CCDF8189010E0B4
:108FD000A81F0200941F0200BC1F0200D45B020005
:108FE000CDCCCCCC0A2B72F1000237D343463246AB
:108FF000AC46991841F10001ABFB010626F00300D5
:1090000000EB96004FF0CC36091A581A06FB00F612
:1090100062F10009A0FB0B800BFB096606440520EA
:1090200008F00109A9FB000940184FEA5808303040
:1090300048EAC6780EF1010E0CF1FF350CF8010C70
:109040007608002FCED021788E45CBD1BEF1FF0F10
:10905000C8D00A2B72F1000280F0DA801B94DDF890
:1090600018900C9F0E9CCDF848E0FFF75EBB504671
:109070000D9930AA159300F003FD00287FF4FDAB95
:109080009DF89720329E159B33ACFFF79BB80123C8
:109090006360319B994A01330136072B3296319335
:1090A000226000F3FE800834002976D1129A0BF07A
:1090B000010313433FF4BDA8189B1A9A1E44C4E948
:1090C0000023319B32960133072B319300F3D38178
:1090D00004F1080272E0139B09F1FF39013B13937D
:1090E000C8E601295F467FF410AB3DE450460D9978
:1090F00030AA00F0C5FC00287FF4BFAB329E33AC31
:10910000FFF7C3BA0DF1B80808220021404629959F
:10911000F3F758FE099B002BC0F28C8000260697BF
:10912000CDF83090374699460FE04346504643A964
:10913000FDF7EAF9421C06F10406384400F0BD834D
:10914000484506DC00F0FE830746299B9A59002A11
:10915000EBD1DDF830900C97069F79E059465046E8
:1091600030AA00F08DFC00287FF487AB99F800004E
:10917000329933AAA0E650460D9930AA00F080FC3F
:1091800000287FF47AAB329E33ACFFF73CB80F9BDC
:109190000A9A1B681A60FFF7A3B9189B1A9A1E4413
:1091A000C4E90023319B32960133072B319300F33E
:1091B000628104F108020029C0F20B831299013385
:1091C0000E44072BCDE93136156051603FF76FAB88
:1091D00002F10804FFF72DB8DDF824B00137159B24
:1091E0002644072FCDE93176C9F80030C9F804408C
:1091F0007FF7A3AB91E416460133159A3E44072B43
:10920000CDE931362260676000F32981083427E414
:10921000209B1D99ED1A1A462846F8F747FC6378FB
:1092200003B101344FF0000EE0E62D228DF89720B7
:10923000FFF74BB8002350461946CDF8008029AA05
:10924000FDF7B4F9034601330C9000F036832995FD
:109250000C9B002B31D0632B00F3F780002343AD30
:109260000E93082200214046F3F7ACFD0C9E2946E0
:1092700033465046CDF8008029AAFDF797F986427B
:1092800040F0F28300230C9ACDE9133322EAE27115
:10929000AB549DF897200F97069109931193FFF710
:1092A00025B850460D9930AA00F0EAFB00287FF45B
:1092B000E4AA2799329E33ACF6E60C9B9DF89720E2
:1092C000CDE913330F970693099311930E93FFF78C
:1092D0000DB82A460F91DBB23CE543F3C0121146AC
:1092E0005BB2FFF7ACB82A460F91DBB2FFF750B97B
:1092F0000F912A460121DBB2FFF711B9C41F02000A
:10930000099B50460193022300932EAB049329AB93
:10931000039327AB0293DDE92223F9F7E5FA1BF06B
:10932000010F054640F007822E9B1B1A1293279BC4
:109330001193119BD91C03DB099A9A4280F28E810A
:10934000119BA9F10209013B002127935FFA89F2E1
:10935000002B8DF8A820B6BF2D222B22119B8DF853
:10936000A920B8BFC3F10103092B40F392820DF18C
:10937000BF073A46DFF8D0C21E461046ACFB0321B9
:10938000C90801EB8102A3EB42023032632E00F8E0
:10939000012C0B4600F1FF32EEDC303302F8013CC9
:1093A000831EBB4280F03A830DF1A90213F8011B22
:1093B000BB4202F8011FF9D15CAB181AA0F1AD0352
:1093C0001C93129B1C9A012B1A440C9240F370823E
:1093D0000C9B189A13440C932BF4806343F4807B0A
:1093E00000230C9A149322EAE272069213931193CB
:1093F000159B002B40F021819DF897200993FEF7E3
:1094000075BF0F9B0A9A1B681A80FFF769B80D9CFD
:109410005046214630AA00F033FBA38903F04003F5
:10942000FEF79BBE2846F4F739F8119B20EAE0715D
:109430004FF07309CDE913339DF897200F970C90E7
:10944000099306910E93FEF751BF5046591CF4F74D
:1094500055FA0546002800F0FF820E9001E75046BD
:109460000D9930AA00F00CFB00287FF406AA329E6A
:1094700033ACFFF7F5BA50460D9930AA00F000FB67
:1094800000287FF4FAA9DDE93136279933AA92E65C
:1094900006230E90099312E40223099A01320692E0
:1094A00000932EAB069E049329AB039327AB019642
:1094B00002935046DDE92223F9F716FA29F0200736
:1094C000462F054618BF4527064405D12B78302B7B
:1094D00000F03781279B1E440022DDE92201002392
:1094E00003F0A4F8002840F022812E9BB34206D25C
:1094F00030215A1C2E9219702E9B9E42F9D8279A21
:1095000011925B1B472F12933FF413AF462F00F0CD
:109510002681119B013B17E727AADDE92201F9F714
:109520000DF900224FF07F5302F018FE02460B4661
:10953000CDE906230022002303F078F808B10123C7
:109540002793099B414A591E414BCDE911B4B9F10A
:10955000610F08BF1A462E46D346CDF830901395BA
:109560008946DDE906459246099207E0002200237C
:1095700003F05CF8002840F0D181B9460022354B59
:109580002046294602F0EAFD0D46044603F096F80F
:10959000804602F079FD02460B462046294602F03D
:1095A00025FC1AF80830B9F1FF3F324604460D4653
:1095B00009F1FF3706F8013BD8D11746264B0022A8
:1095C000CDE90645DA46DDF83090129CDDF844B06E
:1095D000139D03F053F8002800F0128209992E978A
:1095E00016F8012CC97B3346914209D1302003F88B
:1095F000010C2E9B5A1E2E9213F8012C9142F6D08C
:10960000392A0BBF099A0132927AD2B203F8012C9F
:1096100033465B1B1293279BB9F1610F119303F142
:10962000FF33279300F0C28150224FF041090121FE
:109630008EE6099B0693032332E72D2200238DF843
:1096400097200993FEF755BECDCCCCCCA81F0200C5
:10965000941F0200000030400000E03FDDE91123CC
:10966000934200F3DB801BF0010F119B00F0478158
:10967000189A13440C931BF4806F00F07A81119BAD
:109680004FF06709002B7DDC0C9B23EAE373069304
:109690000023C346CDE91333AAE622912D2103F11D
:1096A000004315912393FFF718BB5946504630AA43
:1096B00000F0E6F900287FF4E0A899F8000032995C
:1096C00033AA0444FFF7FFBB50460D9930AA00F0BF
:1096D000D7F900287FF4D1A8329E33ACFFF7B7B991
:1096E00078238DF8993030238DF89830099B4BF012
:1096F000020B632B00F3B980002343AD0E93FFF7F9
:10970000DEBA50460D9930AA00F0BAF900287FF46D
:10971000B4A8279B329E33ACFFF7B2B9AE4915917E
:10972000FEF71ABE00230E460993FEF772BC279A75
:1097300033461192E5E6099B4727C618CCE6582325
:10974000CFE70022DDE92201002302F06FFF0028AD
:1097500000F02781279B1E441193731B12931199CC
:10976000099A0BF00103002943EA020340F32D811B
:10977000002B40F001814FF06609119B0C931BF404
:10978000806F81D01B990B78FF2B00F06181002640
:10979000119A304604E001300131FF2B00F0D880EF
:1097A000934280F2D580D21A4B78002BF3D10B78FC
:1097B0000136F2E750460D9930AA00F061F9002811
:1097C0007FF45BA8279D129B329E33AC5D1BFFF795
:1097D0006DB94F4210312CDADFF800821024CDF839
:1097E000548003E00832103F102F24DD013310367F
:1097F000072BC2E90084CDE93136F3DD50460D99DF
:1098000030AA00F03DF900287FF437A8DDE93136B1
:1098100033AAE8E7704A1592FFF7EEB8129B189A40
:109820009A18119B0C92002B40F3AE804FF0670901
:10983000A5E76A491591013315993E44072BCDE9F7
:1098400031361160576000F3B3800832B6E4634AE2
:109850001592FEF7C6BF0D9A938943F0400393819A
:109860004FF0FF330A93FEF77BBC5046591CF4F7C8
:1098700045F805460028EED00E90FFF720BA099B68
:10988000002B7FF41BAA099B0E9301230993FFF77A
:1098900016BA002940F0828030228DF8AA200DF1FE
:1098A000AB02303302F8013B2AABD31A1C9388E594
:1098B0001BF0010F3FF490AD8AE50022D3460D9BCB
:1098C0000E92B3F90C3043F040030D9A9381FEF7EA
:1098D000D5BF179B0320002BB8BF2D224FF00003EC
:1098E000A8BF9DF8972019460E933D4D3D4BB8BF3C
:1098F0008DF897202BF0800B0690FEF7EEBC0C93B2
:10990000B9E6099B4FF07309CDE913009DF8972044
:109910000F9706930C930990FEF7E8BC494600297F
:10992000DA46DDF83090129CDDF844B0139DFFF666
:109930006FAE4B1C30223146334401F8012B994263
:10994000FBD166E6099BDDF83090069F0C937FE41F
:10995000CDE913061B911192DDE9133220991344CE
:109960000C9AC34601FB03230C9323EAE37306938B
:109970003EE54FF0670987E61346189A4FF06609EF
:1099800013440B440C93FAE6C3F101031A4422EA90
:10999000E2734FF067090C92069379E60DF1AA0283
:1099A0007FE7069BC3F10103279394E570223EE60F
:1099B00050460D9930AA00F063F800287EF45DAFA0
:1099C000DDE9313633AAFFF7F9BB6BB901234FF05C
:1099D000660906930C935BE6E45B0200D45B02002D
:1099E000901F02008C1F0200189B4FF0660903F1C4
:1099F000010B099B5B440C9323EAE373069347E650
:109A00000022DDE906011C4B02F010FE00283FF4A5
:109A1000FFAD18F0010F3FF4FBADDFE502231C930F
:109A2000CFE40F9A73780E4652F8041B0F9241EA66
:109A3000E1720992FEF7EBBA104A1592FFF7DCBB10
:109A40000E4B1593FFF7CABB0C23CBF8003007E78A
:109A50000023CDE913337FE70D9BD346B3F90C30D8
:109A60000E9043F0400330E70D9BD346B3F90C3022
:109A700043F0400329E700BF0000E03FD45B020051
:109A80002DE9F041154692682C68FAB107468846E0
:109A9000083402E013460834C3B16B685E1E002B25
:109AA0006E6013DD54F8046C002EF3D0334641464B
:109AB000384654F8082C01F0ABFE431C07D0AA68C6
:109AC0000834921B1346AA60002BE6D10020002325
:109AD000C5E90133BDE8F0812DE9F0410C46096B81
:109AE00004F14003994214D0666B77003A46FAF7C6
:109AF00035FE054630B300EB0608014632464046C7
:109B0000F3F756FCC4E90C57C4F800800020BDE808
:109B1000F0814FF48061F3F7F1FE98B14FF480616A
:109B200094F842202063616380F8FF2394F8412079
:109B300000F2FD3380F8FE2394F8402080F8FD23E6
:109B40002360E3E74FF0FF30E1E700BF70B54C1C46
:109B500039D00E460546144610B1436B002B71D028
:109B6000626EB4F90C30D10701D49A054DD523F0BB
:109B700020025807A28106D4D9066DD51B0754D4FC
:109B800042F00402A281226B6368F6B2F2B1626B0A
:109B90009A420FDD23685A1E226003F8016C636845
:109BA000626E0133D207636002D4A3899B0537D567
:109BB000304670BD21462846FFF78EFF0028E9D0C9
:109BC000636ED80751D54FF0FF36F1E7626E20691A
:109BD000216802F0010228B1884203D211F8010C79
:109BE000B04232D00320E3632346C4E90D010121D2
:109BF00004F14005256303F8426FC4E90031002AEF
:109C0000D6D1A3899B05D3D40AE0A06DF3F7E8FA77
:109C1000B4F90C3023F020025807A281B3D4ABE78B
:109C2000A06DF3F7E5FA304670BD21462846F2F7FD
:109C30006BFC0028C4D1B4F90C20A06022F008020B
:109C4000A0619DE7F2F7E4FD8AE701390133C4E939
:109C50000013002AACD1A8E7626ED207B3D49905ED
:109C6000B1D4A06DF3F7C4FAADE7A389F7E700BF5D
:109C700003460A46024908681946FFF767BF00BF56
:109C800094000020844610B40E4C1CF8013B11F8DF
:109C9000010BE25C02F00302012A225C08BF2033C0
:109CA00002F00302012A05D01B1A08D10028ECD1CA
:109CB00010BC70472030181AE7D010BC7047184607
:109CC00010BC7047751E0200830710B5044610D102
:109CD0000268A2F1013323EA020313F0803F08D1A6
:109CE00050F8042FA2F1013323EA020313F0803F5E
:109CF000F6D003781BB110F8013F002BFBD1F8F729
:109D00006FFC204610BD00BF0B4632B913F8012B83
:109D1000002AFBD1581A01387047013A16D010B406
:109D200001E0013A09D013F8014B00F8014B002C77
:109D3000F7D1581A013810BC7047027013F8012B84
:109D4000002AFBD1581A013810BC70470270DDE7B9
:109D500022B310B502448646114C04E01B1A1BD1F5
:109D6000B8B1964516D01EF8013B11F8010B14F856
:109D700003C00CF0030CBCF1010F14F800C008BFC5
:109D800020330CF0030CBCF1010FE7D12030181A7E
:109D9000E7D010BD002010BD184610BD104670471A
:109DA000751E020000200149704700BF0000F87FC7
:109DB000144600B51A460A4B0D461B6885B0DE688E
:109DC00003464CB10749019130460749029400957A
:109DD00000F060FD01F07CFD04490C46F3E700BF94
:109DE0009400002040220200502202004C22020077
:109DF00008B513460022FFF7DBFF00BF38B5A1FB13
:109E0000021454BBF3F77AFD054650B350F8042C06
:109E100022F00302043A242A10D8132A13D91B2A49
:109E2000C0E9004416D9242AC0E902440ABFC0E9A7
:109E3000044400F1100200F1180205E02146F2F797
:109E4000C1FF284638BD024600232846C2E9003338
:109E5000936038BD00F10802F6E7F3F775F90C23BB
:109E600003600025284638BD0148F3F7B9B900BFA3
:109E70006C6100200148F3F7BBB900BF6C610020A2
:109E80002DE9F0410469B4EB611F05DC0023036197
:109E900000234361BDE8F08100F114054E1111F07B
:109EA0001F0C05EB840E05EB860321D055F8261018
:109EB00004339E4521FA0CF1CCF120082DD92F4610
:109EC0001A6802FA08F20A4347F8042B53F8041BF5
:109ED0009E4521FA0CF1F3D8A31B9B00053B9B0880
:109EE000013305EB830445F8231079B104340DE008
:109EF0009E4588BF00F11002C8D953F8041B9E4547
:109F000042F8041FF9D8A41B05EB8404631B9B10C3
:109F1000AC420361BCD0BDE8F08141610029B5D0FD
:109F20002C46E3E72DE9F04F1C4685B00090086809
:109F3000934682780B46302A029440F0F381C11C8C
:109F40000A780C46302A01F10101F9D0A4EB00098E
:109F5000A9F10209DFF8C08218F80220002A00F0F7
:109F6000EF80002722783D4618F80220002A00F0F2
:109F70007781264616F8012F18F80220002AF9D119
:109F800001223046A5490193F2F7D4FF019B824696
:109F900000284DD03278002D00F0A581A5EB060AEF
:109FA0004FEA8A0A02F0DF02502A35464DD01E6081
:109FB000002F74D12B1B013B072B394604DD5B10AE
:109FC000072B01F10101FADC0098F9F781FE034645
:109FD000002800F06A8200F11406A542019640F2C2
:109FE000CA8100270390B9460DE0202F1AD03946C8
:109FF00004372A7818F8022002F00F028A4049EA52
:10A000000209A54254D015F8012D2E2AEDD1A54202
:10A01000EBD3012228468149F2F78CFF0028F0D0CB
:10A02000202FE4D1002146F8049B04278946E0E76D
:10A03000002D00F068813278A5EB060A02F0DF02FD
:10A04000502A35464FEA8A0AB1D16A782B2A00F0A5
:10A0500048812D2A40F0D5800120AA78AE1C18F83E
:10A0600002104A1E182A00F2D5807278103918F8AA
:10A07000022001365AB90CE001EB810102EB4102EA
:10A08000A2F1100116F8012F18F802200AB1192ABE
:10A09000F2DD00B149428A441E60002F8AD0B9F136
:10A0A000000F0CBF06250025284605B0BDE8F08F3F
:10A0B000039B019A46F8049BB61AB6101E614846E7
:10A0C0000393F9F7DFFE7601DBF80040361AA6426B
:10A0D000039B76DCC0F209810027DBF8082052459B
:10A0E000C0F23E81DBF8042052454EDDA2EB0A0AA5
:10A0F000544500F39580DBF80C10022900F0E18054
:10A10000032900F05381012940F0DF80544540F0DD
:10A11000DC80012C0AD01846611E0393FAF7E8FA96
:10A12000039B002800F0D180DBF804200121029875
:10A1300062250260019A196111600E9A1360B3E7FB
:10A140000122204635490193F2F7F4FE019B0746B0
:10A15000002840F087806278651C18F802100029FA
:10A1600000F08280302A2C4640F02B8114F8012F19
:10A17000302AFBD018F802204FF00109B2FA82F71A
:10A180007F09002A7FF4F5AE6AE0012587B1DBF88C
:10A190000C20022A6FD0032A71D0012A06D1B907F8
:10A1A00004D5019A12681743FA076BD445F01005DD
:10A1B00028460E9A1360029BC3F800A005B0BDE8C4
:10A1C000F08F361B18463146FAF792FA039B074682
:10A1D00078B10127711E01984A1150F8220001F050
:10A1E0001F0207FA02F2024203D0B94200F3CF8005
:10A1F0000227184631460393B244FFF741FE039B02
:10A200006BE718F8021000204A1E182A05F1010613
:10A210007FF62BAF2E46CAE6F45B0200BC2002009C
:10A220000AF1FF35002F40F0A480002D40F0A780F8
:10A2300001220198691150F8211005F01F05AA406C
:10A240000A4218465146039318BF47F00207A4EB91
:10A250000A04FFF715FE0225DBF804A0039B95E72F
:10A2600026468DE62546227802F0DF02502A00F0CD
:10A2700099801D6013E70F9AC2F101020F920F9AA5
:10A28000002A93D001991E6988460A4600274FEAA2
:10A29000860901EB860003E0904242F8047C45D930
:10A2A000944652F8041BB1F1FF3FF5D00131022D65
:10A2B000CCF800107ED014F01F0440F0AE802125B1
:10A2C00076E70F9900293FF431AF502519460098E1
:10A2D000F9F724FD002328460E9A136005B0BDE867
:10A2E000F08F0020B9E6AA465CE6A61B1946324666
:10A2F0000098F9F751FF00F1140203460027AAEB7A
:10A30000060A0192E9E67278751C18F802102E46CA
:10A3100000293FF447AE16F8012F18F80210002963
:10A32000F9D13BE64FF00009841C13E69A68964287
:10A330004ADA0121022D06EB010003EB86061861C3
:10A34000DDF80480716135D0002874DC00221A61C8
:10A3500000225A61DBF808200AF1010A5245AEDA00
:10A3600019460098F9F7DAFC00230E9AA32513602A
:10A370009AE601275CE74FF00009019E99E618462E
:10A3800029460393FAF7B4F9039B074650E71846AA
:10A39000B11E0393FAF7ACF9039B00283FF428AFF2
:10A3A000032726E74FF0000A01274EE60F99002900
:10A3B0008BD0BBE6DBF80020013AA24262D0222516
:10A3C000F6E64FF00109D4E5596800980131019390
:10A3D000F9F77EFC019B074600286CD01A6903F14F
:10A3E0000C01023292000C300193F2F7E1FF019B65
:10A3F00000981946F9F792FC01213B69022D03EB05
:10A40000010007EB8303386107F1140859613B46EB
:10A41000D0D08642BFF64FAF96E7C14459F8040C3E
:10A420000193F9F72FFDC4F12004A042019BBFF670
:10A4300046AF186988E75A6908EB800003F11804F1
:10A44000A0424FEA520229D94546216842EAC17228
:10A4500045F8042B54F8042BA0424FEA5202F4D8DA
:10A46000C11A19398908013148F8212008EB810106
:10A4700002B10431A1EB0802921041451A617FF448
:10A4800069AF65E70122611158F8211004F01F043B
:10A49000A2400A4214BF2125222589E6C8F80020DF
:10A4A0000AB14146E5E71A6152E70246E421054B4D
:10A4B0000548FFF77DFC02468421024B0248FFF766
:10A4C00077FC00BF142102008022020010B504684E
:10A4D0008646013409E014F8013BA3F1410CBCF1BC
:10A4E000190F98BF2033934207D111F8012B002A8E
:10A4F000F1D10120CEF8004010BD002010BD00BFFA
:10A500000B682DE9F04F591102EB810113F01F0385
:10A5100006464FF000050DBF0846081D8E46A1F106
:10A52000040E316885B040F8045C4C1C4978002961
:10A5300000F0AF807746F4460093AA460B46A94642
:10A540007146AB469646DFF884810246019610E0DC
:10A55000202B00F296804D4508DD674502D9BAF1FF
:10A56000070F67DDE6455CD34FF0080A14F8013F9A
:10A57000B3B118F80360002EEAD00AF1010ABAF16B
:10A58000080F05F1010542DCDCF800301B0106F084
:10A590000F061E43CCF8006014F8013F002BE8D1F1
:10A5A000104672468E46009B002D72D0BC4502D2EA
:10A5B000BAF1070F74DD624555D26346111F53F897
:10A5C000044B734541F8044FF9D9AEEB0C0323F06B
:10A5D00003030EF1010104330CF1010C8C4588BF1B
:10A5E00004230021134443F8041B7345FBD950F89E
:10A5F000041C19B107E05EF8043D23B97245FAD195
:10A600000123CEF80030052005B0BDE8F08FE64507
:10A61000ACD24CF804BC00234FF0010AACF1040C9E
:10A62000B5E7ACF104074CF804BCA946BC464FF0B2
:10A63000000A9BE7CAF1080080006646CDE902C225
:10A64000DCF800308446C0F1200A706800FA0AF293
:10A650001A4320FA0CF3326046F8043FB742F4D8AC
:10A66000DDE902C27EE750F8041C002BC1D04FF098
:10A67000FF34C3F1200324FA03F3194040F8041C0B
:10A68000B7E7104672468E4619462929019E009B5F
:10A6900003D0042005B0BDE8F08F0134346083E7B7
:10A6A000DCF80040CAF10801890066468846254664
:10A6B000C1F12009716801FA09F42C4321FA08F567
:10A6C000346046F8045FB742F4D874E7F45B0200E4
:10A6D0002DE9F04F89B08646DDE9137A1E46002F3A
:10A6E00053D01568002955D0129B002B62D0741EE0
:10A6F0002EB30026CDE900E1DDF848B0043D02911B
:10A7000003920AE0019BF3B92868002831D0DC45A8
:10A7100052D2013C631C664611D0D7E9009855F827
:10A72000042F3B460098DAF8E0C005A9E047421C38
:10A7300034D000EB060CDC45E4D9C7E9009830467C
:10A7400009B0BDE8F08F00280CDD029B05A9184474
:10A750005A1E00F1FF3E11F8013B02F8013F72451D
:10A76000F9D10290039B28681A6804321A60002805
:10A77000CDD10199039A01B110600CF1FF3600228E
:10A7800030463A6009B0BDE8F08F156800F586776D
:10A790000029A9D14FF0FF331293A8E706468A217A
:10A7A00000223046DDF800E0CEF800103A6009B033
:10A7B000BDE8F08F129EC2E76646C0E710B584B0D0
:10A7C0000698054C00900798019004480068029490
:10A7D000FFF77EFF04B010BDD806002094000020D3
:10A7E00010B5044684B006980190064800680093AE
:10A7F00013460A462146044C0294FFF769FF04B051
:10A8000010BD00BF94000020D8060020184B9842CD
:10A810002AD870B54FF0000E40F6F904154D03E04C
:10A8200003F1010E74451DDB04EB0E0303EBD37340
:10A8300023F0010202EB630205EB420C9CF80110CD
:10A84000BCF80260BCF804C041EA06218C446045B3
:10A850004FEA63034FEA4202E2D8884206D25C1E06
:10A860007445E1DAFF2070BDFF207047A85C70BD21
:10A87000EF010E00F45C02000CB400B583B004AB31
:10A8800053F8042B019300F019F803B05DF804EBC2
:10A8900002B070470EB400B5074A82B003AB014660
:10A8A000106853F8042B019300F008F802B05DF82B
:10A8B00004EB03B0704700BF9400002084462DE9EC
:10A8C000F04F0E461546E146C9B018AF08220021E8
:10A8D00038461C46059607950D93F2F773FAB9F1C1
:10A8E000000F04D0D9F83430002B00F03786059BD8
:10A8F0005A6EB3F90C30D00702D4990540F12C857B
:10A900009E0406D4059943F4005322F400528B812F
:10A910004A66950400F1E486059AB2F90C301907ED
:10A9200040F1BF801269002A00F0BB8003F01A02D8
:10A930000A2A00F0C58000231FAA9246CDE91D33E4
:10A94000CDE91133DFF83CB21C920E9309930F93BB
:10A95000CDF82090DDE90754DBF8E460F7F7E0FD7F
:10A960002A46034616A920460097B047002800F063
:10A97000C680C0F2BC80169B252B01D00544EBE7B6
:10A98000079B0446EE1A40F0BE804FF0FF320023D2
:10A9900006926A786C1C8DF853300A930393013445
:10A9A000A2F120035A2B00F2EF80DFE813F05402EB
:10A9B000ED00ED004E02ED00ED00ED005E02ED0059
:10A9C000ED006A00EB01ED00E501F601ED00F0019C
:10A9D0005B005B005B005B005B005B005B005B009F
:10A9E0005B00ED00ED00ED00ED00ED00ED00ED0091
:10A9F000ED00ED0097017F02ED00ED00ED00ED00B0
:10AA0000ED00ED00ED00ED00ED00ED001202ED00B7
:10AA1000ED00ED007001ED00A202ED00ED00FC0480
:10AA2000ED00ED00ED00ED00ED00ED00ED00ED00BE
:10AA3000ED00ED009701BC01ED00ED00ED00990285
:10AA4000BC017400ED002003ED001103F904F002D5
:10AA50007400ED0070017200F604ED00ED001F05BA
:10AA6000ED0072000021A2F1300314F8012B01EB7C
:10AA7000810103EB4101A2F13003092BF5D90A91C1
:10AA80008EE70D9B53F8042B002A0A920D93C0F217
:10AA90007081227883E7039B227843F0200303939D
:10AAA0007DE7059D48462946F2F72AF9002840F03F
:10AAB0003D86B5F90C3003F01A020A2A7FF43BAF49
:10AAC0000599B1F90E20002AFFF635AF4A6ED60778
:10AAD00002D49D0540F1EB8523464846079A059927
:10AAE00000F056FE0990099849B0BDE8F08F0822A1
:10AAF00000213846F2F766F9012005442CE7079B50
:10AB00000446EE1A12D0079BCAE900361E9B334456
:10AB10001E931D9B0133072B1D9313DC0AF1080ABA
:10AB2000099B33440993002C7FF42FAF1E9BDDF863
:10AB30002090002B40F0CA850022059B1D92B3F99E
:10AB40000C3012E0059908981CAAF6F717FC48B9D2
:10AB50000DF17C0AE4E7B1460C9B1BB148460C9909
:10AB6000F2F7D0FD059BB3F90C30059A526ED10770
:10AB700040F183805B0600F1BD85099849B0BDE8CE
:10AB8000F08F00BFD80600200794002ACED0002303
:10AB90008DF8533001238DF8BC2004932FAC0B9318
:10ABA0004FF00009CDF83090CDF81890039BDDE907
:10ABB0001D2113F0840605D10A9B04981D1A002D4F
:10ABC00000F302839DF8530078B101230132013173
:10ABD0000DF15300072ACDE91D21CAF80430CAF847
:10ABE000000000F32B830AF1080AB9F1000F0ED020
:10ABF000022001320231CAF80400072A15A8CDE963
:10AC00001D21CAF8000000F325830AF1080A802EEE
:10AC100000F02A82069B0B981D1A002D00F36B8210
:10AC20000B9B01321944072ACDE91D21CAF80040C7
:10AC3000CAF8043000F39C820AF1080A039B580703
:10AC400005D50A9B049A9C1A002C00F30F83DDE9BA
:10AC5000093204988242ACBF9B181B180993002943
:10AC600040F0908200231D930C9B1BB10C99089817
:10AC7000F2F748FD0DF17C0A6CE69A053FF57AAFD4
:10AC8000059CA06DF2F7B4FAB4F90C3072E700231A
:10AC90000D9E079456F8044B8DF85330002C00F0AD
:10ACA0007584532A00F0BD83039B13F0100540F018
:10ACB000B883069B002BC0F2E8841A46294620463A
:10ACC000F7F7ECFC0C90002800F02C85031BCDE975
:10ACD0000B3523EAE373049300F0B8BC0D9B432AC1
:10ACE000079403F1040503D0039BD80640F1828347
:10ACF000082200211AA8F2F765F80D9A2FAC1AABBA
:10AD0000214612680898FBF7FFFB034601330B90BE
:10AD100000F0FB840B9B23EAE373049300230D955F
:10AD20008DF853303CE7039B0794990640F1C780A8
:10AD30000D9B073323F0070318465A6850F8083B69
:10AD400011460D90002AC0F25B81069A002AC0F2DB
:10AD50006481039A22F08002039253EA010240F0D8
:10AD60005C81069B002B40F0A78404930B9348ACB6
:10AD700065E10A9B5B420A93039B227843F004033C
:10AD800003930CE62B2322788DF8533007E6039BC0
:10AD9000227843F08003039301E6204610F8012B4C
:10ADA0002A2A00F0CE84A2F13003092B98BF00219B
:10ADB00000F2848410F8012B01EB810103EB4101C7
:10ADC000A2F13003092BF5D941EAE1730446069359
:10ADD000E6E5039B079443F0100212F0200100F017
:10ADE00087820D9B073323F007031846596850F8F4
:10ADF000083B0D90002022F480640394069C8DF89B
:10AE000053008442C0F2A08053EA010422F490620D
:10AE100040F0A083039C0392069B002B40F08C80A3
:10AE2000002840F0908214F001020B9200F0908212
:10AE300030238DF81F319DF8533004920DF21F140A
:10AE4000002B40F001810C9303E1039B227843F037
:10AE500001030393A3E59DF853302278002B7FF480
:10AE60009EAD20238DF8533099E5089E3046F7F7C4
:10AE700069FB436818461193F2F710FB12900546E0
:10AE80003046F7F75FFB83680E93002D3FF401AE69
:10AE90000E9B2278002B3FF482AD1B78002B3FF4F1
:10AEA0007EAD039B43F48063039378E5039B079493
:10AEB00043F010030393039B99063FF539AF0D9AB6
:10AEC00052F8043B0D92039AD20600F15282039A83
:10AED000560640F14A8243F3C0310A461BB231E7BD
:10AEE0002278039B682A00F0958243F04003039385
:10AEF00055E5039B079443F0100414F0200100F083
:10AF000006820D9B073323F007031A46596852F84F
:10AF1000083B0D9200228DF85320069A002AC0F2B9
:10AF20001B8324F08002039253EA010275D1069B31
:10AF30000120002B3FF474AF012800F0BD830023F3
:10AF40000228194600F0298148AC03F00702DB080B
:10AF500043EA4173C908303253EA0105204604F838
:10AF6000012DF2D1039BDD0740F12581302A00F04D
:10AF700022813023069A023804F8013C48AB1B1AA0
:10AF80009A42B8BF1A4604460B93049257E0039BBB
:10AF9000002143F00203039347F630030D9AADF806
:10AFA000543052F8043B07940D92B64A0F92002297
:10AFB0008DF85320069A002AC0F2EF80039C53EAD2
:10AFC000010024F08002039240F0E780022023E792
:10AFD000039B07949C0640F1CF810D9B099A1B6847
:10AFE0001A60D2175A600D9B04330D93B2E4227895
:10AFF000039B6C2A00F0078243F010030393CEE416
:10B000002D228DF85320069A5B4261EB4101002A04
:10B0100003DB039A22F0800203920A2B71F10002F3
:10B0200080F03A823033DBB28DF81F31069B0DF28F
:10B030001F14012BB8BF0123049301230B939DF828
:10B040005330002B3FF4FFAE00230C93049B0133DD
:10B050000493039B13F002093FF4A8AD049B4FF047
:10B06000020902330493A1E50A9B04981D1A002DDE
:10B070007FF7D0AD102D40F34583DFF80C825346A7
:10B0800040461026A046DDF820900446DDF814A0C6
:10B0900004E0103D102D03F1080315DD01321031DD
:10B0A000072AC3E90046CDE91D21F2DD5146484695
:10B0B0001CAAF6F763F900287FF44EADDDE91D21E7
:10B0C000103D102D1FABE9DC9A46234644469846B6
:10B0D00001322944072ACDE91D21CAF80080CAF8A7
:10B0E000045000F34082069B0B980AF1080A1D1ACF
:10B0F000002D7FF795AD102DDFF88C812ADD5346AA
:10B100001026AA46DDF820902546059C06E0AAF107
:10B11000100ABAF1100F03F1080318DD01325A4882
:10B120001031072AC3E90006CDE91D21EFDD2146D4
:10B1300048461CAAF6F722F900287FF40DADDDE998
:10B140001D21AAF1100ABAF1100F1FABE6DC2C4644
:10B1500055469A4601322944072ACDE91D21CAF8ED
:10B160000080CAF8045000F3E1800AF1080A57E5AC
:10B17000059908981CAAF6F701F958B91E990DF11E
:10B180007C0A5BE5059908981CAAF6F7F7F80028F1
:10B190003FF468ADDDF82090DEE40F9848AC03F092
:10B1A0000F02825C1B0943EA0173090904F8012DAF
:10B1B00053EA0102F3D1069A48AB1B1B9A42B8BF6F
:10B1C0001A460B9304923AE7102D40F37C822F4BE2
:10B1D00050461396A2464FF010081C46089E109346
:10B1E00004E0103D102D00F1080015DD0132103192
:10B1F000072AC0E90048CDE91D21F2DD3046059956
:10B200001CAAF6F7BBF800287FF4A5ACDDE91D21E8
:10B21000103D102D1FA8E9DC54468246139E0132D2
:10B22000109B2944072ACDE91D21CAF80030CAF82D
:10B23000045000F381810AF1080AC3E405990898D3
:10B240001CAAF6F79BF80028A4D1DDE91D210DF119
:10B250007C0ACAE4059908981CAAF6F78FF800281A
:10B2600098D1DDE91D210DF17C0AD0E4102C1D9B45
:10B2700040F34582054E1025DDF82090DDF814805E
:10B2800010960AE0941F0200D0920200E0920200A1
:10B29000103C102C0AF1080A16DD01331031072B7F
:10B2A000CAE90065CDE91D31F2DD414648461CAAD8
:10B2B000F6F764F800287FF44FACDDE91D31103C4F
:10B2C000102C0DF17C0AE8DC0133109A2144072B85
:10B2D000CAE90024CDE91D317FF7B9AC059908987A
:10B2E0001CAAF6F74BF800287FF454AF1E99AEE481
:10B2F0000D9850F8043B0D9012F010007FF47AADD9
:10B3000012F0400400F04C8101469BB272E50D9AA8
:10B3100052F8043B0D9214F010027FF4FBAD14F0D0
:10B32000400000F0438111469BB2F3E5059908986F
:10B330001CAAF6F723F800287FF42CAFDDE91D21C5
:10B340000DF17C0A6CE4069B48AC04930B9376E603
:10B35000069B48AC049372E6059DA86DF1F740FF8B
:10B36000B5F90C306A6EFFF7CBBA039A950500F178
:10B370008681D9170A46E5E4039BD80600F10181CE
:10B38000039B590600F17681039B9A0540F1F980F1
:10B390000D9B099A1B681A7025E60794039CACE57F
:10B3A000039A079419E5AF4B07940F93039B13F08F
:10B3B000200161D00D9B073323F00703184659681D
:10B3C00050F8083B0D90039CE6070AD553EA0100AC
:10B3D00007D08DF8552044F00202039230228DF8F8
:10B3E0005420039A22F480620392E0E59E4B079476
:10B3F0000F93DBE70D9B2FAC1B688DF8BC3001234E
:10B4000004930B938AE443F020036278039301349E
:10B41000FFF7C5BA43F40073627803930134FFF772
:10B42000BEBA082200211AA81794F1F7CBFC069B9C
:10B43000002BC0F2C9800025CDF810A0A8469A467E
:10B44000DDF820900FE01AAB48462FA9FBF75CF817
:10B45000431C05F10405404400F05781504506DCCB
:10B4600000F05B818046179B5A59002AEBD1DDF82A
:10B4700010A0CDF82C80B5E00D9850F8043B0D904D
:10B48000039810F010009ED1039911F0400400F0D1
:10B49000948001469BB296E7039A984602F4806234
:10B4A0004FF0000C1346714D0DF5907ECDF810A0B5
:10B4B00007E0B8F10A0F71F100013AD3C8463146EE
:10B4C000A64618EB010242F10002A5FB020626F097
:10B4D000030000EB96004FF0CC36121AB8EB0200D6
:10B4E00006FB00F661F1000AA0FB059005FB0A6669
:10B4F0000644052009F0010AAAFB000A80184FEA59
:10B500005909303049EAC6790CF1010C0EF1FF34CB
:10B510000EF8010C7608002BCBD00E9A12786245FB
:10B52000C7D1BCF1FF0FC4D0B8F10A0F71F100010F
:10B5300077D2DDF810A03EE6059908981CAAF5F729
:10B540001DFF00287FF426AEDDE91D210DF17C0AE8
:10B55000FFF738BB0392F7E403945EE54846F1F742
:10B5600057F9FFF7C4B9059908981CAAF5F706FF23
:10B5700000287FF40FAEDDE91D210DF17C0AFFF7F5
:10B5800049BB0D9B099A1B681A602CE5069B384C39
:10B59000062B28BF06230D960B930493FFF700BBE1
:10B5A00012F400711CBF2146DBB223E414F40071D5
:10B5B0003FF4B0AC0146DBB2ACE4039911F4007186
:10B5C0001CBF2146DBB2FEE61AAB009300230898AD
:10B5D000194617AAFAF7EAFF034601330B9000F069
:10B5E000948017940B9B73B3632B57DC00232FAC11
:10B5F0000C93082200211AA8F1F7E4FB0B9D1AAB6B
:10B60000009321462B46089817AAFAF7CFFF8542E8
:10B6100040F0A28000230B9AA35422EAE273049321
:10B6200014E00B93129B1199E41A1A462046F6F780
:10B630003DFA0E990B9B4A7812B10A4601320E92DE
:10B640004FF0000C3AE70B9B04930C939DF853309A
:10B650001BB100230D960693F8E4994606930D96C8
:10B66000FFF7A4BAA81F0200941F0200CDCCCCCCD7
:10B67000BC1F02000D9B099A1B681A80B3E443F3B8
:10B68000C0110A465BB2FFF75DBB2046F1F706FF2B
:10B6900020EAE0730C950B900493D7E70898591CA7
:10B6A000F2F72CF9044600282FD00C90A1E7886D02
:10B6B000F1F79EFDFFF710BA3023B5E400230446EE
:10B6C0000693FFF76DB9294B1093A8E548460599F5
:10B6D0001CAAF5F753FE00283FF42EAAFFF742BA42
:10B6E000D40707D4059B9B89980503D4059B986DC7
:10B6F000F1F77EFD4FF0FF330993FFF73EBA1B4A87
:10B700001092E1E5DFF86880E2E4059AB2F90C30C6
:10B7100043F040039381FFF728BA069BDDF810A0A1
:10B720000B935FE7069B04930B938FE7059A536E89
:10B73000DB07DFD493899F05DCD4906DF1F758FDCA
:10B74000D8E70D9B627853F8041B04460D9341EA39
:10B75000E1730693FFF723B9059ADDF820909389EA
:10B7600043F040039381FFF7F7B900BFE092020076
:10B77000D09202008C4600B586461346034A7146B5
:10B7800010685DF804EB6246FFF798B8940000205B
:10B79000F0B54FF480640026ADF26C4D1AADCDE9E2
:10B7A00005461F4606460095049515468B8916A842
:10B7B00023F00203ADF80C304B6E02941993CB8941
:10B7C0000C46ADF80E30CB6907934B6A0993F1F73D
:10B7D000FFFC2A463B4669463046FFF76FF8051ED8
:10B7E00007DB69463046F0F78FFE002818BF4FF0A0
:10B7F000FF35BDF80C305B0603D5A38943F0400349
:10B80000A3811698F1F7E8FC28460DF26C4DF0BDC7
:10B810002DE9F0471D468F680C46AF4216460B686F
:10B8200036D8B1F90CC01CF4906F0ED13D461846C5
:10B8300031462A46F6F7BCF80020A368DF1B2368D0
:10B84000A7602B442360BDE8F0874A69096902EBD1
:10B8500042025F1A02EBD2726B1C52103B449342BD
:10B8600092BF914699461A461CF4806F804611D0CB
:10B870001146F2F743F8824600B33A462169F1F7E0
:10B8800097FDA38923F4906343F08003A38105E02F
:10B890002F46CCE7F8F762FF824658B10AEB070360
:10B8A000A9EB0707A760C4F810A02F46C4F81490AE
:10B8B0002360BCE740462169F1F724FF0C22A389ED
:10B8C0004FF0FF3043F04003C8F80020A381BAE7EF
:10B8D000062008B500F0A2F80120E4F7A3FF00BF9E
:10B8E00038B5D0F838410CB1002038BD802105466C
:10B8F000F2F704F80246C5F8380130B1031F7C3274
:10B9000043F8044F9342FBD1EEE74FF0FF3038BDD0
:10B9100030B51F29054683B009D8D0F838310C4618
:10B9200053B153F8240043F8242003B030BD16234C
:10B9300003604FF0FF30F8E780210192F1F7DEFF5E
:10B94000019A0346C5F838010028F2D0011F00F122
:10B950007C05002041F8040FA942FBD1E1E700BFBC
:10B960001F2938B505461FD8D0F838210C466AB1D2
:10B9700052F8213053B1012B06D0591C10D00021B0
:10B98000204642F824109847002038BD284600F091
:10B99000FDF8224601462846BDE8384000F0E2B8EE
:10B9A000162301202B6038BD16234FF0FF302B608B
:10B9B00038BD00BF1F292DD838B5D0F838310C4616
:10B9C0000546A3B153F8242003EB84034AB1511C6C
:10B9D0000BD0012A07D0002520461D60904728463D
:10B9E00038BD012038BD032038BD022038BD80217C
:10B9F000F1F784FF0346C5F8380140B100201A1F53
:10BA000003F17C0142F8040F8A42FBD1DAE74FF0E0
:10BA1000FF3038BD4FF0FF30704700BF38B5144BD2
:10BA20001F281D681ED8D5F83821044662B152F887
:10BA300020304BB1012B05D0591C0FD0002142F80A
:10BA400020109847002038BD284600F09FF8224675
:10BA500001462846BDE8384000F084B8162301208E
:10BA60002B6038BD16234FF0FF302B6038BD00BF70
:10BA700094000020124B1F2870B51E6809D8D6F814
:10BA8000383104460D464BB153F8240043F8245096
:10BA900070BD162333604FF0FF3070BD80213046FB
:10BAA000F1F72CFF0346C6F838010028F3D0002137
:10BAB000021F7C3042F8041F8242FBD1E4E700BF42
:10BAC0009400002038B50C4B1D68D5F838410CB1F6
:10BAD000002038BD80212846F1F710FFC5F8380155
:10BAE00038B1031F00F17C0243F8044F9342FBD1AD
:10BAF000EEE74FF0FF3038BD9400002038B5184B0A
:10BB00001F281D6828D80446D5F83801A0B150F880
:10BB1000242000EB84034AB1511C0BD0012A07D02A
:10BB2000002520461D609047284638BD012038BDBD
:10BB3000032038BD022038BD80212846F1F7DEFE03
:10BB4000C5F8380140B10021031F00F17C0243F821
:10BB5000041F9342FBD1DAE74FF0FF3038BD00BF3E
:10BB60009400002070B50026074D04460846114693
:10BB70002E60E4F788FE431C00D070BD2B68002BBC
:10BB8000FBD0236070BD00BF5C610020E4F76ABE9B
:10BB900070B54FF0FF0C4CF4E06C1CEA11541DBF63
:10BBA0001CEA135594EA0C0F95EA0C0F00F0DEF82E
:10BBB0002C4481EA030621EA4C5123EA4C5350EA13
:10BBC000013518BF52EA033541F4801143F4801364
:10BBD00038D0A0FB02CE4FF00005E1FB02E506F0F5
:10BBE0000042E0FB03E54FF00006E1FB03569CF04A
:10BBF000000F18BF4EF0010EA4F1FF04B6F5007F50
:10BC000064F5407404D25FEA4E0E6D4146EB0606C1
:10BC100042EAC62141EA55514FEAC52040EA5E504A
:10BC20004FEACE2EB4F1FD0C88BFBCF5E06F1ED8F4
:10BC3000BEF1004F08BF5FEA500E50F1000041EB2B
:10BC4000045170BD06F0004646EA010140EA0200D8
:10BC500081EA0301B4EB5C04C2BFD4EB0C0541EAFA
:10BC6000045170BD41F480114FF0000E013C00F30F
:10BC7000AB8014F1360FDEBF002001F0004170BD33
:10BC8000C4F10004203C35DA0C341BDC04F114044C
:10BC9000C4F1200500FA05F320FA04F001FA05F2D8
:10BCA00040EA020001F0004221F0004110EBD370A5
:10BCB00021FA04F642EB06015EEA430E08BF20EAD1
:10BCC000D37070BDC4F10C04C4F1200500FA04F374
:10BCD00020FA05F001FA04F240EA020001F0004106
:10BCE00010EBD37041F100015EEA430E08BF20EA79
:10BCF000D37070BDC4F1200500FA05F24EEA020EC1
:10BD000020FA04F301FA05F243EA020321FA04F0EF
:10BD100001F0004121FA04F220EA020000EBD370A6
:10BD20005EEA430E08BF20EAD37070BD94F0000FA6
:10BD30000FD101F00046400041EB010111F4801FDA
:10BD400008BF013CF7D041EA060195F0000F18BF8B
:10BD5000704703F00046520043EB030313F4801FC7
:10BD600008BF013DF7D043EA0603704794EA0C0F81
:10BD70000CEA135518BF95EA0C0F0CD050EA410697
:10BD800018BF52EA4306D1D181EA030101F0004114
:10BD90004FF0000070BD50EA410606BF104619463C
:10BDA00052EA430619D094EA0C0F02D150EA013648
:10BDB00013D195EA0C0F05D152EA03361CBF104689
:10BDC00019460AD181EA030101F0004141F0FE4128
:10BDD00041F470014FF0000070BD41F0FE4141F4AC
:10BDE000780170BD81F0004102E000BF83F00043A4
:10BDF00030B54FEA41044FEA430594EA050F08BF06
:10BE000090EA020F1FBF54EA000C55EA020C7FEAC9
:10BE1000645C7FEA655C00F0E2804FEA5454D4EB46
:10BE20005555B8BF6D420CDD2C4480EA020281EA10
:10BE3000030382EA000083EA010180EA020281EA48
:10BE40000303362D88BF30BD11F0004F4FEA01319A
:10BE50004FF4801C4CEA113102D0404261EB4101A9
:10BE600013F0004F4FEA03334CEA133302D052422F
:10BE700063EB430394EA050F00F0A780A4F10104EB
:10BE8000D5F1200E0DDB02FA0EFC22FA05F2801825
:10BE900041F1000103FA0EF2801843FA05F359410B
:10BEA0000EE0A5F120050EF1200E012A03FA0EFC8A
:10BEB00028BF4CF0020C43FA05F3C01851EBE371B4
:10BEC00001F0004507D54FF0000EDCF1000C7EEBD1
:10BED00000006EEB0101B1F5801F1BD3B1F5001F0F
:10BEE0000CD349085FEA30004FEA3C0C04F101042E
:10BEF0004FEA445212F5800F80F09A80BCF1004F57
:10BF000008BF5FEA500C50F1000041EB045141EAD8
:10BF1000050130BD5FEA4C0C404141EB0101013CA1
:10BF200028BFB1F5801FE9D291F0000F04BF014690
:10BF30000020B1FA81F308BF2033A3F10B03B3F162
:10BF400020020CDA0C3208DD02F1140CC2F10C02F2
:10BF500001FA0CF021FA02F10CE002F11402D8BF50
:10BF6000C2F1200C01FA02F120FA0CFCDCBF41EA1C
:10BF70000C019040E41AA2BF01EB0451294330BDEB
:10BF80006FEA04041F3C1CDA0C340EDC04F11404C8
:10BF9000C4F1200220FA04F001FA02F340EA03009F
:10BFA00021FA04F345EA030130BDC4F10C04C4F1E5
:10BFB000200220FA02F001FA04F340EA03002946C5
:10BFC00030BD21FA04F0294630BD94F0000F83F40F
:10BFD000801306BF81F480110134013D4EE77FEAF2
:10BFE000645C18BF7FEA655C29D094EA050F08BF3E
:10BFF00090EA020F05D054EA000C04BF194610461F
:10C0000030BD91EA030F1EBF0021002030BD5FEA62
:10C01000545C05D14000494128BF41F0004130BD8A
:10C0200014F580043CBF01F5801130BD01F00045DE
:10C0300045F0FE4141F470014FF0000030BD7FEA51
:10C04000645C1ABF194610467FEA655C1CBF0B464C
:10C05000024650EA013406BF52EA033591EA030F63
:10C0600041F4002130BD00BF90F0000F04BF00215B
:10C07000704730B54FF4806404F132044FF000058E
:10C080004FF0000150E700BF90F0000F04BF002107
:10C09000704730B54FF4806404F1320410F000456D
:10C0A00048BF40424FF000013EE700BF42004FEA68
:10C0B000E2014FEA31014FEA02701FBF12F07F43E5
:10C0C00093F07F4F81F06051704732F07F4208BF9C
:10C0D000704793F07F4F04BF41F40021704730B5A3
:10C0E0004FF4607401F0004521F000411CE700BFEF
:10C0F00050EA010208BF704730B54FF000050AE072
:10C1000050EA010208BF704730B511F0004502D572
:10C11000404261EB41014FF4806404F132045FEA74
:10C12000915C3FF4D8AE4FF003025FEADC0C18BF1D
:10C1300003325FEADC0C18BF033202EBDC02C2F10F
:10C14000200300FA03FC20FA02F001FA03FE40EAA1
:10C150000E0021FA02F11444BDE600BF70B54FF0A5
:10C16000FF0C4CF4E06C1CEA11541DBF1CEA135583
:10C1700094EA0C0F95EA0C0F00F0DEF82C4481EAEB
:10C18000030621EA4C5123EA4C5350EA013518BF0B
:10C1900052EA033541F4801143F4801338D0A0FBF8
:10C1A00002CE4FF00005E1FB02E506F00042E0FBA5
:10C1B00003E54FF00006E1FB03569CF0000F18BFAB
:10C1C0004EF0010EA4F1FF04B6F5007F64F5407453
:10C1D00004D25FEA4E0E6D4146EB060642EAC621E6
:10C1E00041EA55514FEAC52040EA5E504FEACE2E53
:10C1F000B4F1FD0C88BFBCF5E06F1ED8BEF1004F56
:10C2000008BF5FEA500E50F1000041EB045170BDD1
:10C2100006F0004646EA010140EA020081EA030115
:10C22000B4EB5C04C2BFD4EB0C0541EA045170BD11
:10C2300041F480114FF0000E013C00F3AB8014F18B
:10C24000360FDEBF002001F0004170BDC4F10004D4
:10C25000203C35DA0C341BDC04F11404C4F1200555
:10C2600000FA05F320FA04F001FA05F240EA0200B0
:10C2700001F0004221F0004110EBD37021FA04F6E6
:10C2800042EB06015EEA430E08BF20EAD37070BDA0
:10C29000C4F10C04C4F1200500FA04F320FA05F0FF
:10C2A00001FA04F240EA020001F0004110EBD37001
:10C2B00041F100015EEA430E08BF20EAD37070BD71
:10C2C000C4F1200500FA05F24EEA020E20FA04F34A
:10C2D00001FA05F243EA020321FA04F001F00041F9
:10C2E00021FA04F220EA020000EBD3705EEA430E6A
:10C2F00008BF20EAD37070BD94F0000F0FD101F099
:10C300000046400041EB010111F4801F08BF013CD1
:10C31000F7D041EA060195F0000F18BF704703F00F
:10C320000046520043EB030313F4801F08BF013D96
:10C33000F7D043EA0603704794EA0C0F0CEA135552
:10C3400018BF95EA0C0F0CD050EA410618BF52EA0C
:10C350004306D1D181EA030101F000414FF0000012
:10C3600070BD50EA410606BF1046194652EA430620
:10C3700019D094EA0C0F02D150EA013613D195EA94
:10C380000C0F05D152EA03361CBF104619460AD1DC
:10C3900081EA030101F0004141F0FE4141F47001E6
:10C3A0004FF0000070BD41F0FE4141F4780170BDD6
:10C3B00070B54FF0FF0C4CF4E06C1CEA11541DBF3B
:10C3C0001CEA135594EA0C0F95EA0C0F00F0A7F83D
:10C3D000A4EB050481EA030E52EA03354FEA01316A
:10C3E00000F088804FEA03334FF0805545EA13137D
:10C3F00043EA12634FEA022245EA111545EA106545
:10C400004FEA00260EF000419D4208BF964244F1DB
:10C41000FD0404F5407402D25B084FEA3202B61AFA
:10C4200065EB03055B084FEA32024FF480104FF4CE
:10C43000002CB6EB020E75EB030E22BFB61A754642
:10C4400040EA0C005B084FEA3202B6EB020E75EBD5
:10C45000030E22BFB61A754640EA5C005B084FEA3D
:10C460003202B6EB020E75EB030E22BFB61A75460A
:10C4700040EA9C005B084FEA3202B6EB020E75EB15
:10C48000030E22BFB61A754640EADC0055EA060ED6
:10C4900018D04FEA051545EA16754FEA06164FEA19
:10C4A000C30343EA52734FEAC2025FEA1C1CC0D1C5
:10C4B00011F4801F0BD141EA00014FF000004FF052
:10C4C000004CB6E711F4801F04BF01430020B4F113
:10C4D000FD0C88BFBCF5E06F3FF6AFAEB5EB030CCB
:10C4E00004BFB6EB020C5FEA500C50F1000041EBC8
:10C4F000045170BD0EF0004E4EEA113114EB5C0495
:10C50000C2BFD4EB0C0541EA045170BD41F4801167
:10C510004FF0000E013C90E645EA060E8DE60CEA6F
:10C52000135594EA0C0F08BF95EA0C0F3FF43BAF8C
:10C5300094EA0C0F0AD150EA01347FF434AF95EA43
:10C540000C0F7FF425AF104619462CE795EA0C0F27
:10C5500006D152EA03353FF4FDAE1046194622E7F4
:10C5600050EA410618BF52EA43067FF4C5AE50EACE
:10C5700041047FF40DAF52EA43057FF4EBAE12E7BE
:10C580004FF0FF3C06E000BF4FF0010C02E000BF9F
:10C590004FF0010C4DF804CD4FEA410C7FEA6C5C82
:10C5A0004FEA430C18BF7FEA6C5C1BD001B050EA25
:10C5B000410C0CBF52EA430C91EA030F02BF90EA10
:10C5C000020F0020704710F1000F91EA030F58BFCF
:10C5D000994208BF90422CBFD8176FEAE37040F031
:10C5E000010070474FEA410C7FEA6C5C02D150EACF
:10C5F000013C07D14FEA430C7FEA6C5CD6D152EA8A
:10C60000033CD3D05DF8040B704700BF844610464E
:10C6100062468C461946634600E000BF01B5FFF74D
:10C62000B7FF002848BF10F1000F01BD4DF808ED1D
:10C63000FFF7F4FF0CBF012000205DF808FB00BFEE
:10C640004DF808EDFFF7EAFF34BF012000205DF848
:10C6500008FB00BF4DF808EDFFF7E0FF94BF012095
:10C6600000205DF808FB00BF4DF808EDFFF7CEFF96
:10C6700094BF012000205DF808FB00BF4DF808EDD5
:10C68000FFF7C4FF34BF012000205DF808FB00BFA6
:10C690004FEA410C7FEA6C5C02D150EA013C0AD1BE
:10C6A0004FEA430C7FEA6C5C02D152EA033C02D1B0
:10C6B0004FF0000070474FF0010070474FEA410211
:10C6C00012F5001215D211D56FF47873B3EB6252E4
:10C6D00012D94FEAC12343F0004343EA505311F00B
:10C6E000004F23FA02F018BF404270474FF000009D
:10C6F000704750EA013005D111F0004008BF6FF0DB
:10C70000004070474FF00000704700BF4A0011D250
:10C7100012F5001211D20DD56FF47873B3EB62529B
:10C720000ED44FEAC12343F0004343EA505323FAA7
:10C7300002F070474FF00000704750EA013002D11C
:10C740004FF0FF3070474FF0000070474FEA410252
:10C75000B2F1E04324BFB3F5001CDCF1FE5C0DD95F
:10C7600001F0004C4FEAC0024CEA5070B2F1004FA9
:10C7700040EB830008BF20F00100704711F0804FAC
:10C7800021D113F13872BCBF01F00040704741F471
:10C7900080114FEA5252C2F11802C2F1200C10FA75
:10C7A0000CF320FA02F018BF40F001004FEAC12359
:10C7B0004FEAD32303FA0CFC40EA0C0023FA02F3FD
:10C7C0004FEA4303CCE77FEA625307D150EA0133D3
:10C7D0001EBF4FF0FE4040F44000704701F00040A3
:10C7E00040F0FE4040F40000704700BF4FF0FF3CB7
:10C7F00006E000BF4FF0010C02E000BF4FF0010C5B
:10C800004DF804CD4FEA40024FEA41037FEA226C23
:10C8100018BF7FEA236C11D001B052EA530C18BF45
:10C8200090EA010F58BFB2EB030088BFC81738BFAA
:10C830006FEAE17018BF40F0010070477FEA226C98
:10C8400002D15FEA402C05D17FEA236CE4D15FEA94
:10C85000412CE1D05DF8040B704700BF84460846C8
:10C860006146FFE70FB5FFF7C9FF002848BF10F189
:10C87000000F0FBD4DF808EDFFF7F4FF0CBF0120CE
:10C8800000205DF808FB00BF4DF808EDFFF7EAFF58
:10C8900034BF012000205DF808FB00BF4DF808ED13
:10C8A000FFF7E0FF94BF012000205DF808FB00BF08
:10C8B0004DF808EDFFF7D2FF94BF012000205DF88E
:10C8C00008FB00BF4DF808EDFFF7C8FF34BF01209B
:10C8D00000205DF808FB00BF4FEA40024FEA410329
:10C8E0007FEA226C02D15FEA402C08D17FEA236CF8
:10C8F00002D15FEA412C02D14FF0000070474FF0A7
:10C900000100704753B94AB9002908BF00281CBF6D
:10C910004FF0FF314FF0FF3000F09CB9ADF1080C43
:10C920006DE904CE00F03CF8DDF804E0DDE9022317
:10C9300004B0704738B50022002304460D46FFF7C7
:10C940007FFE28B920462946BDE8384000F00AB8E5
:10C95000204605F1004100F005F8404261EB41013D
:10C9600038BD00BFD0B500220B4B06460F46FFF77F
:10C97000F5FBFFF7CBFE0446FFF776FB0022074BE3
:10C98000FFF7ECFB02460B4630463946FFF72EFA1E
:10C99000FFF7BCFE2146D0BD0000F03D0000F04195
:10C9A0002DE9F047089D0E4604468E46002B4CD1DB
:10C9B0008A429446B2FA82F362D953B102FA03FC76
:10C9C000C3F1200201FA03FE20FA02F242EA0E0E3F
:10C9D0009C404FEA1C47BEFBF7F11FFA8CF607FBA1
:10C9E00011EE01FB06F0220C42EA0E4290420AD9F7
:10C9F0001CEB020201F1FF3E80F00E81904240F2FA
:10CA00000B8102396244121AB2FBF7F007FB1022C5
:10CA100000FB06F6A4B244EA0244A6420AD91CEB83
:10CA2000040400F1FF3280F0F980A64240F2F68063
:10CA30006444023840EA01400021A41B1DB1DC40DF
:10CA40000023C5E90043BDE8F0878B4205D90DB14D
:10CA5000C5E9000100210846F5E7B3FA83F1002992
:10CA600042D1B34202D3824200F2EE80841A66EBD6
:10CA7000030201209646002DE5D0C5E9004EE2E70D
:10CA8000002B40F08C80881A0121170C96B2B0FB65
:10CA9000F7FE07FB1E00220C42EA004206FB0EF0E6
:10CAA000904208D91CEB02020EF1FF3802D29042EC
:10CAB00000F2CC80C646121AB2FBF7F007FB102238
:10CAC00000FB06F6A4B244EA0244A64208D91CEBD5
:10CAD000040400F1FF3202D2A64200F2B2801046F6
:10CAE000A41B40EA0E40A9E7C1F120078B4022FABF
:10CAF00007FC4CEA030C26FA07FA4FEA1C48BAFB7B
:10CB0000F8FE06FA01F308FB1EAA1FFA8CF620FABB
:10CB100007F400FA01F90EFB06F023431C0C44EA6B
:10CB20000A44A04202FA01F20BD91CEB04040EF1F4
:10CB3000FF3A80F08480A04240F28180AEF1020E84
:10CB40006444241A98B2B4FBF8F308FB134403FBC3
:10CB500006F640EA0444A64208D91CEB040403F19B
:10CB6000FF3068D2A64266D9023B644443EA0E40D5
:10CB7000A41BA0FB02E6B4427346B04652D34FD08A
:10CB80005DB1B9EB030264EB080404FA07F722FA7B
:10CB900001F31F43CC40C5E90074002153E702FABA
:10CBA00003FCC3F12000C1404FEA1C47B1FBF7FE74
:10CBB00007FB1E1124FA00F09E403043020C1FFABE
:10CBC0008CF642EA01420EFB06F1914204FA03F4AC
:10CBD00009D91CEB02020EF1FF382ED291422CD95A
:10CBE000AEF1020E6244521AB2FBF7F107FB1122BA
:10CBF00080B240EA024001FB06F2824208D91CEBF7
:10CC0000000001F1FF3814D2824212D90239604487
:10CC1000801A41EA0E413AE77146F4E6104609E708
:10CC2000F145ADD2BEEB020366EB0C060138B0460F
:10CC3000A6E74146ECE7034698E7C646D3E7D64663
:10CC40007FE7644402384BE7084614E7AEF1020E72
:10CC5000624430E7704700BF00F000B8F6F7DEBD71
:10CC600030B5224A21F00043934287B01BD9204AB5
:10CC7000934205D902460B46FFF7B8F807B030BD1E
:10CC800002AA00F019FA00F0030001281FD00228C0
:10CC900011D018BBDDE90423DDE902010124009471
:10CCA00000F052F9EAE7002400220023009400F08B
:10CCB0004BF907B030BD0124DDE90423DDE90201B1
:10CCC000009400F041F901F1004107B030BDDDE909
:10CCD0000423DDE9020100F00FF8CFE7DDE90423CA
:10CCE000DDE9020100F008F8EDE700BFFB21E93FB4
:10CCF000FFFFEF7F000000002DE9F04F21F000481A
:10CD0000B8F1795F06460F4692469B4685B06DD2D4
:10CD1000FFF7D4FC002800F0ED8032463B46304659
:10CD20003946FFF71BFA76A3D3E9002304460D46E4
:10CD3000FFF714FA74A3D3E90023FFF759F822464A
:10CD40002B46FFF70BFA72A3D3E90023FFF74EF847
:10CD500022462B46FFF702FA6FA3D3E90023FFF721
:10CD600047F822462B46FFF7F9F96DA3D3E90023D4
:10CD7000FFF73CF822462B46FFF7F0F96AA3D3E908
:10CD80000023FFF735F822462B46FFF7E7F9CDE9F8
:10CD90000001002220462946654BFFF7DFF9DDE957
:10CDA00000238046894620462946FFF7D7F94446A6
:10CDB0004D468046894652465B4630463946FFF727
:10CDC000CDF902460B4640464946FFF70FF80246AA
:10CDD0000B4620462946FFF709F802460B4600207D
:10CDE0005449FFF703F805B0BDE8F08F02460B4643
:10CDF000FFF7B4F942A3D3E9002304460D46FFF739
:10CE0000ADF941A3D3E90023FEF7F2FF22462B46FA
:10CE1000FFF7A4F93EA3D3E90023FEF7E7FF22467C
:10CE20002B46FFF79BF93CA3D3E90023FEF7E0FF75
:10CE300022462B46FFF792F939A3D3E90023FEF7E8
:10CE4000D5FF22462B46FFF789F937A3D3E9002304
:10CE5000FEF7CEFF2B462246FFF780F9364BCDE991
:10CE60000001984595D9354B002298453AD8A8F548
:10CE7000001300202F4990469946FEF7B7FFCDE9F1
:10CE80000201002220462946294BFFF767F9424656
:10CE90004B46FEF7ABFFDDE900238046894620467E
:10CEA0002946FFF75BF944464D468046894652467F
:10CEB0005B4630463946FFF751F902460B4640467D
:10CEC0004946FEF793FF02460B4620462946FEF7E9
:10CED0008DFF02460B46DDE90201FEF787FF05B034
:10CEE000BDE8F08F164B4FF00008CDE90223DFF8C4
:10CEF0005490C6E700200F4905B0BDE8F08F00BF91
:10CF0000D43888BEE9FAA8BDC4B1B4BD9EEE213EB6
:10CF1000AD529C804F7E923E9015CB19A001FA3EF7
:10CF20007751C1166CC1563F4C5555555555A53FC7
:10CF30000000E03F0000F03F3233D33F0000E93F04
:10CF40000000E73F0000D23F2DE9F04F83B0CDE96C
:10CF5000002321F00043B3F1795F04460D4604D26B
:10CF6000FFF7ACFB002800F0858022462B462046C8
:10CF70002946FFF7F3F806460F4632463B46204661
:10CF80002946FFF7EBF83EA3D3E9002382468B4600
:10CF900030463946FFF7E2F83BA3D3E90023FEF71A
:10CFA00025FF32463B46FFF7D9F839A3D3E90023E2
:10CFB000FEF71EFF32463B46FFF7D0F836A3D3E913
:10CFC0000023FEF713FF32463B46FFF7C7F834A3B2
:10CFD000D3E90023FEF70CFF0C9B804689469BB3E8
:10CFE000DDE900010022324BFFF7B8F842464B461C
:10CFF0008046894650465946FFF7B0F802460B4630
:10D0000040464946FEF7F2FE32463B46FFF7A6F899
:10D01000DDE90023FEF7EAFE23A3D3E90023064659
:10D020000F4650465946FFF799F802460B463046E0
:10D030003946FEF7DDFE02460B4620462946FEF73E
:10D04000D5FE03B0BDE8F08F02460B4630463946A8
:10D05000FFF784F814A3D3E90023FEF7C7FE524676
:10D060005B46FFF77BF822462B46FEF7C1FE03B076
:10D07000BDE8F08F2046294603B0BDE8F08F00BF21
:10D080007CD5CF5A3AD9E53DEB9C2B8AE6E55A3E52
:10D090007DFEB157E31DC73ED561C119A0012A3FEE
:10D0A000A6F810111111813F495555555555C53FE9
:10D0B0000000E03F000000002DE9F04F844B21F01C
:10D0C00000459D428046894614468FB040F28A80D2
:10D0D000804B0E469D4228D873A3D3E90023002934
:10D0E00040F39D81FEF782FE7B4B06469D420F4634
:10D0F00000F089806EA3D3E90023FEF777FE024695
:10D100000B463046394616461F46FEF76FFE68A3AB
:10D11000D3E90023FEF76AFEC4E900670127C4E9EA
:10D12000020138460FB0BDE8F08F6C4B9D4240F2D3
:10D1300084806B4B9D425DD82F15A7F21647A5EB57
:10D1400007518946FFF7BAFAFEF79EFF02460B46E3
:10D1500040464946CDE90823FEF748FE0022614BD0
:10D16000FEF7FCFF89468046FFF7A8FAFEF78CFF22
:10D1700002460B4640464946CDE90A23FEF736FEF5
:10D180000022584BFEF7EAFF03254FF000084FF04E
:10D190000009CDE90C010DF1380A42467AE9020195
:10D1A0004B46AB46013DFFF741FA0028F5D1022579
:10D1B0004D493A4601915B46214608A8009500F08A
:10D1C00085F9002E0746ACDA60682268E16800F154
:10D1D0000043C4E90023A26801F10043C4E902232B
:10D1E0007F429EE700220023C4E90089C4E90223AC
:10D1F000002796E702460B46FEF7F8FDC4E9020158
:10D20000C4E90001F4E72CA3D3E90023FEF7EEFD07
:10D210002BA3D3E9002380468946FEF7E7FD0646A7
:10D220000F4632463B4640464946FEF7DFFD24A303
:10D23000D3E90023FEF7DAFD6EE700F043F922A3FD
:10D24000D3E9002380468946FEF788FF0022274B5A
:10D25000FEF7CEFDFFF732FA0746FEF715FF02464E
:10D260000B46CDE9042310A3D3E90023FEF776FF94
:10D2700002460B4640464946FEF7B8FD0CA3D3E9EB
:10D28000002382468B46DDE90401FEF767FF1F2F6E
:10D29000CDE902012EDC164B7A1E53F82230AB4248
:10D2A00028D002460B4699E000004054FB21F93F8C
:10D2B0003163621A61B4D03D0000601A61B4D03DA0
:10D2C0007370032E8A19A33B83C8C96D305FE43F96
:10D2D000FB21E93F7BD90240FB21F93FFB2139418A
:10D2E000FFFFEF7F00007041709302000000E03FFD
:10D2F000F0920200DDE9022350465946FEF776FD22
:10D300002B150793C1F30A53C3EB1553102B80461B
:10D31000894669DD60A3D3E90023DDE90401FEF756
:10D320001DFF8046894642464B4650465946FEF709
:10D330005DFD02460B465046594692469B46FEF717
:10D3400055FD42464B46FEF751FD55A3D3E9002358
:10D3500080468946DDE90401FEF700FF42464B4660
:10D36000FEF744FD02460B4650465946CDE90223DE
:10D37000FEF73CFD079AC1F30A53D31A312B8046BE
:10D38000894631DD48A3D3E90023DDE90401FEF736
:10D39000E5FE8046894642464B4650465946FEF7D2
:10D3A00025FD02460B465046594692469B46FEF7DF
:10D3B0001DFD42464B46FEF719FD3DA3D3E9002370
:10D3C00080468946DDE90401FEF7C8FE42464B4629
:10D3D000FEF70CFD02460B46CDE9022350465946A6
:10D3E000FEF704FD8046894642464B465046594664
:10D3F000C4E90089FEF7FAFCDDE90223FEF7F6FC3A
:10D40000002EC4E90201BFF68CAE09F10042C4E966
:10D41000008201F10042C4E902027F4281E6FEF788
:10D42000E7FC274B06469D420F4618D022A3D3E9BE
:10D430000023FEF7DDFC02460B4630463946164611
:10D440001F46FEF7D3FC1CA3D3E90023FEF7D0FC54
:10D45000C4E90067C4E902014FF0FF3761E60EA39B
:10D46000D3E90023FEF7C4FC0DA3D3E900238046D3
:10D470008946FEF7BDFC06460F4632463B4640460F
:10D480004946FEF7B3FC06A3D3E90023FEF7B0FC40
:10D49000DEE700BFAFF300800000601A61B4D03D4A
:10D4A0007370032E8A19A33B0000002E8A19A33B38
:10D4B000C14920259A837B393163621A61B4D03D1A
:10D4C000FB21F93F21F00043194670472DE9F04F49
:10D4D000ADF51B7DBD4CA49D9C4654F82540013BF9
:10D4E00012F1140F814605940C910393C0F2A882A7
:10D4F000B749D31E81FB0301DB17C3EBA1030793DD
:10D500000133A3EB8303DB00D318079A0D930CF1CF
:10D51000FF33D61A059A12EB03081CD408F1010850
:10D5200000240025E346DDF894A2B04422AF08E0D1
:10D530005AF82600FEF7A8FD01364645E7E8020145
:10D5400008D0002EF4DA2046294601364645E7E8A1
:10D550000201F6D1DC46059B002BA9F108030493D8
:10D56000B8BF4FEACC0637DBDDF80C9003EBCC08F4
:10D570004B460DF5E47BD9469B4622AA02EBCC0A2A
:10D58000059A4FEACC0662440192CDF808C006968F
:10D59000039B002BC0F29A81574600240025049E6D
:10D5A00077E90223F6E90201FEF7D8FD02460B46B1
:10D5B00020462946FEF71CFC464504460D46EFD1A1
:10D5C000019B0BF1010B9B45E9E802450AF1080AB2
:10D5D000DED1DDF808C0069E059A049B934603EB56
:10D5E000060A0EAB03EB8203043B08930EAB03EB7E
:10D5F0008206CDE909A60D9FCDF82CC09AAB4FEA63
:10D60000CB0203EBCB03BBF1000F019253E928459A
:10D610002BDD0DF5E47A0DF138090AEB02080297CB
:10D6200000226C4B20462946FEF798FDFFF746F88E
:10D63000FEF72AFD0022684B06460F46FEF78EFDD8
:10D6400002460B4620462946FEF7D0FBFFF736F888
:10D6500078E9022349F8040B39463046FEF7C8FB47
:10D66000D04504460D46DBD1029F204629463A4666
:10D6700000F03EFB00224FF07F5304460D46FEF7BC
:10D680006DFD00F0B5FB0022544BFEF767FD02462E
:10D690000B4620462946FEF7A9FB0D460446FFF738
:10D6A0000DF80646FEF7F0FC02460B4620462946DA
:10D6B000FEF79CFB002F8046894640F391800BF1DA
:10D6C000FF300EAB53F82030C7F1180243FA02F1D5
:10D6D00001FA02F29B1A0EAA42F82030C7F1170293
:10D6E00043FA02F5002D0E4400F3D88000220023F7
:10D6F00040464946FEF79AFF002800F05282059BFB
:10D700009B450DDD00220EAB0A9803EB8B0353F80B
:10D71000041D834242EA0102F9D1002A40F0D98077
:10D72000059B0EAA013B52F82330002B40F0CA8023
:10D730000123089A52F8041D01330029FAD05B44F2
:10D740000BF1010807990B9A08EB010A0AF1804ACC
:10D75000A5990AF1FF3A5A44019E01EB8A0A22A9CF
:10D7600001EBC209DDF824B072AA164402930697B1
:10D77000CDF804A0019B53F8040F0193FEF784FC3D
:10D78000039BE9E80201002B1DDBCA4600240025AB
:10D79000049F7AE90223F7E90201FEF7DFFC024663
:10D7A0000B4620462946FEF723FB5F4504460D46FF
:10D7B000EFD1029B08F101084345E6E90245D9DAB9
:10D7C0009B46069F1AE700240025F2E7B894020062
:10D7D000ABAAAA2A0000703E000070410000204061
:10D7E00053D10BF1FF330EAA52F82350ED15002D43
:10D7F0007FF77CAFBBF1000F06F1010640F34182D9
:10D8000000220EAB53F8044B002C3AD0C4F18074C4
:10D810006FF07F4043F8044C03E01968411A43F865
:10D82000041B01329345F8DC0124002F0DDD012F8C
:10D830003DD0022F09D10BF1FF320EAB53F822304D
:10D840000EA9C3F3150341F82230022D7FF44EAF29
:10D8500042464B4600208F49FEF7C8FA804689466B
:10D86000002C3FF443AF3A4600208A4900F040FACA
:10D8700002460B4640464946FEF7B8FA80468946BE
:10D8800034E701329345BDDCCFE70022824BFEF73F
:10D89000EBFE002840F0C280054627E7BBF1000FF1
:10D8A000D8BF002406F10106AADC012FC1D10BF17B
:10D8B000FF320EAB53F822300EA9C3F3160341F822
:10D8C0002230C2E70BF1010843463BE70024002564
:10D8D00076E60D9B0BF1FF34A3F118020EAB53F863
:10D8E0002430069604950D9263B90BF18043013BF9
:10D8F0000EA901EB830353F8041D013C183A0029DB
:10D90000F9D00D9200200D9A624900F0F1F9002C37
:10D9100006460F46C0F2C18104F1010A4FEACA026D
:10D920004FF0000893460EAB03EB8A05DFF86C91CD
:10D9300072AB03EBCA0A55F8040DFEF7A5FB32469D
:10D940003B46FEF70BFC4B466AE902014246304675
:10D950003946FEF703FC0EAB9D4206460F46EAD160
:10D960005A464FF00009ABF108034AA972A800EB30
:10D97000030AA3460B46CDE907425246CA46DDF8E4
:10D9800014900391B9F1000FC0F2818090460026F7
:10D9900000240025CDE90132414F01E0564510DC5D
:10D9A000F7E90223F8E80201FEF7D8FB02460B462E
:10D9B00020462946FEF71CFA0136B14504460D46BD
:10D9C000ECDADDE901320BF1FF3BBBF1FF3FE3E8AD
:10D9D00002450AF1010AA2F10802D3D1DDE90742AA
:10D9E000A49B022B5EDC002B2FDC10D10020002139
:10D9F000039DAC1874E90223FEF7FAF9AC42F9D1A1
:10DA0000049B002B40F039810C9BC3E90001069B6D
:10DA100003F007000DF51B7DBDE8F08FBBF1000F93
:10DA2000C8BF022506F101063FF7EAAE42464B4663
:10DA300000201849FEF7DAF902258046894655E6A6
:10DA400000216FF0170307915EE5039B0026002776
:10DA500098469D18304675E902233946FEF7C8F905
:10DA6000454506460F46F5D10B460246DDE94A011B
:10DA7000FEF7BCF9049B002B00F0E2800C9D07F13F
:10DA80000042C5E90062002C40F0DE80E8E000249E
:10DA9000002598E70000F03F0000E03F0000703EE6
:10DAA00070940200A49B032BB1D1002C00F00581DF
:10DAB000039B4FEAC40803EBC405A946D5E90067F8
:10DAC00001950294059559E90245304639462246AA
:10DAD0002B46FEF78DF9B246BB4606460F46324648
:10DAE0003B4620462946FEF781F95B465246FEF743
:10DAF0007FF9C9E9000169E90267039B9945E2D111
:10DB0000029C059D012C00F0D880D5E90045039BBF
:10DB1000DDF8049003F1080BCDF80480D84659E9EC
:10DB200002672046294632463B46FEF761F9A24687
:10DB3000AB4604460D4622462B4630463946FEF794
:10DB400055F952465B46FEF753F9C9E9000169E908
:10DB50000245C845E3D100200021DDF80480039B85
:10DB600008F108041C4403F1100574E90223FEF7D0
:10DB70003FF9A542F9D1DDE94A56039BD3E9027882
:10DB8000049B002B46D10C9BC3E90401C3E900565A
:10DB9000C3E90278069B03F007000DF51B7DBDE885
:10DBA000F08F06960D9E404649467242049500F05D
:10DBB0009FF800224B4B5F4680468946FEF754FD96
:10DBC000F8B10022484B40464946FEF7C7FAFEF737
:10DBD00075FD0546FEF758FA0022424BFEF7BEFAE5
:10DBE0000B46024649464046FEF700F9FEF766FD41
:10DBF0007C1C0EAB183643F82B000D9643F82450CE
:10DC000080E640464946FEF759FD0EAB5C4643F8B8
:10DC10002B0077E60C9B2C4606F100455D601D4607
:10DC20001C6008F10043C5E90273069B01F1004244
:10DC3000C5E9040203F007000DF51B7DBDE8F08F78
:10DC40000C9BC3E9006774B10125DDF80C80013538
:10DC5000F8E90223FEF7CCF8AC42F8DA049B13B1E2
:10DC600001F1004319460C9BC3E90201069B03F036
:10DC700007000DF51B7DBDE8F08F01F1004319464B
:10DC8000C2E6022D7FF432AD02460B460020174952
:10DC9000FEF7ACF88046894628E5A49B022B06DCFB
:10DCA000002B0DDC7FF4B3AE00200021A8E6A49B7E
:10DCB000032B7FF4ACAE4AAB0393002000215AE75C
:10DCC000049BDDE94A0133B100224FF000430C9C74
:10DCD000C4E90023C4E7002200230C9CC4E900230C
:10DCE000C1E700BF000070410000703E0000F03F3F
:10DCF0002DE9F0411646C1F30A52074688460B4605
:10DD00006ABB21F00043034327D0334B0022FEF7C8
:10DD100025FA324B07469E4288463CDB0B46C1F350
:10DD20000A52363A4CF250318E4221DC164440F20F
:10DD3000FE7296421CDC002E26DC16F1350F31DB1C
:10DD400023F0FF4121F4E001363641EA0655002276
:10DD500038462946224BFEF701FABDE8F08140F231
:10DD6000FF7C6245DED10246FEF742F8BDE8F08155
:10DD7000454615A3D3E9002363F31E052946194838
:10DD8000FEF7ECF9BDE8F0816FF31E53384643EA25
:10DD90000651BDE8F0810EA3D3E90023FEF7DEF9BA
:10DDA000BDE8F08108F0004444F0D27141F4B7318D
:10DDB00007A3D3E900230C4841F01F01FEF7CEF979
:10DDC000CBE700BFAFF300809C7500883CE4377E52
:10DDD00059F3F8C21F6EA50100005043B03CFFFF8D
:10DDE0000000903C9C75008859F3F8C200000000C8
:10DDF000C1F30A5C2DE9F041ACF2FF35132D024668
:10DE00000B460C46064632DC002D20DBDFF8E080B6
:10DE10000F4648FA05F801EA080C5CEA000C2BD022
:10DE200031A3D3E90023FDF7E3FF00220023FEF72F
:10DE300025FC40B1002C03DA4FF480132B411F4422
:10DE4000002627EA080421463046BDE8F08126A3D3
:10DE5000D3E90023FDF7CCFF00220023FEF70EFCE0
:10DE60000028F0D0002C27DB00263446EBE7332DCA
:10DE700006DDB5F5806F1CD010461946BDE8F0816F
:10DE80004FF0FF37ACF2134C27FA0CF70742F3D0F0
:10DE900015A3D3E90023FDF7ABFF00220023FEF713
:10DEA000EDFB0028CFD0002C33460CDB23EA07061D
:10DEB000C9E7FDF79DFFE1E724F0004426430DD1BB
:10DEC0004FF00044BFE7142D06D00122C5F1340500
:10DED000AA401344B342E9D20134E7E70026054CD7
:10DEE000B1E700BFAFF300809C7500883CE4377E4B
:10DEF000FFFF0F000000F0BF3E410C4111412741E0
:10DF000036410341064115410F410E41264113415F
:10DF10002941024119410A410B4100000001000161
:10DF2000020203034865617020616E6420737461AE
:10DF3000636B20636F6C6C6973696F6E0A0000001D
:10DF40004F7574206F662068656170206D656D6F18
:10DF500072790A0000000000B71DC1046E3B8209FF
:10DF6000D926430DDC7604136B6BC517B24D861AA8
:10DF70000550471EB8ED08260FF0C922D6D68A2FC5
:10DF800061CB4B2B649B0C35D386CD310AA08E3CE4
:10DF9000BDBD4F3870DB114CC7C6D0481EE093455D
:10DFA000A9FD5241ACAD155F1BB0D45BC29697562C
:10DFB000758B5652C836196A7F2BD86EA60D9B6397
:10DFC00011105A6714401D79A35DDC7D7A7B9F7028
:10DFD000CD665E74E0B6239857ABE29C8E8DA1911E
:10DFE000399060953CC0278B8BDDE68F52FBA58274
:10DFF000E5E66486585B2BBEEF46EABA3660A9B701
:10E00000817D68B3842D2FAD3330EEA9EA16ADA41F
:10E010005D0B6CA0906D32D42770F3D0FE56B0DD4E
:10E02000494B71D94C1B36C7FB06F7C32220B4CE2F
:10E03000953D75CA28803AF29F9DFBF646BBB8FB1A
:10E04000F1A679FFF4F63EE143EBFFE59ACDBCE89B
:10E050002DD07DEC77708634C06D4730194B043D70
:10E06000AE56C539AB0682271C1B4323C53D002E87
:10E070007220C12ACF9D8E1278804F16A1A60C1B4C
:10E0800016BBCD1F13EB8A01A4F64B057DD0080803
:10E09000CACDC90C07AB9778B0B6567C699015719C
:10E0A000DE8DD475DBDD936B6CC0526FB5E611620B
:10E0B00002FBD066BF469F5E085B5E5AD17D1D574E
:10E0C0006660DC5363309B4DD42D5A490D0B1944C7
:10E0D000BA16D84097C6A5AC20DB64A8F9FD27A5E1
:10E0E0004EE0E6A14BB0A1BFFCAD60BB258B23B6D3
:10E0F0009296E2B22F2BAD8A98366C8E41102F8308
:10E10000F60DEE87F35DA9994440689D9D662B90BE
:10E110002A7BEA94E71DB4E0500075E4892636E9CD
:10E120003E3BF7ED3B6BB0F38C7671F7555032FA0E
:10E13000E24DF3FE5FF0BCC6E8ED7DC231CB3ECFD1
:10E1400086D6FFCB8386B8D5349B79D1EDBD3ADC3A
:10E150005AA0FBD8EEE00C6959FDCD6D80DB8E60D6
:10E1600037C64F643296087A858BC97E5CAD8A7358
:10E17000EBB04B77560D044FE110C54B3836864651
:10E180008F2B47428A7B005C3D66C158E440825534
:10E19000535D43519E3B1D252926DC21F0009F2C19
:10E1A000471D5E28424D1936F550D8322C769B3FDC
:10E1B0009B6B5A3B26D6150391CBD40748ED970AA3
:10E1C000FFF0560EFAA011104DBDD014949B931978
:10E1D0002386521D0E562FF1B94BEEF5606DADF84A
:10E1E000D7706CFCD2202BE2653DEAE6BC1BA9EBA4
:10E1F0000B0668EFB6BB27D701A6E6D3D880A5DE0D
:10E200006F9D64DA6ACD23C4DDD0E2C004F6A1CDEF
:10E21000B3EB60C97E8D3EBDC990FFB910B6BCB4EA
:10E22000A7AB7DB0A2FB3AAE15E6FBAACCC0B8A75F
:10E230007BDD79A3C660369B717DF79FA85BB492A6
:10E240001F4675961A163288AD0BF38C742DB0816B
:10E25000C330718599908A5D2E8D4B59F7AB085468
:10E2600040B6C95045E68E4EF2FB4F4A2BDD0C47B7
:10E270009CC0CD43217D827B9660437F4F460072D8
:10E28000F85BC176FD0B86684A16476C93300461D3
:10E29000242DC565E94B9B115E565A1587701918D8
:10E2A000306DD81C353D9F0282205E065B061D0B3B
:10E2B000EC1BDC0F51A69337E6BB52333F9D113E5A
:10E2C0008880D03A8DD097243ACD5620E3EB152D97
:10E2D00054F6D4297926A9C5CE3B68C1171D2BCC8D
:10E2E000A000EAC8A550ADD6124D6CD2CB6B2FDF83
:10E2F0007C76EEDBC1CBA1E376D660E7AFF023EA14
:10E3000018EDE2EE1DBDA5F0AAA064F4738627F90E
:10E31000C49BE6FD09FDB889BEE0798D67C63A80E9
:10E32000D0DBFB84D58BBC9A62967D9EBBB03E93BE
:10E330000CADFF97B110B0AF060D71ABDF2B32A65D
:10E340006836F3A26D66B4BCDA7B75B8035D36B58A
:10E35000B440F7B10A4275696C6420706172616DF6
:10E3600065746572733A200A000000005F5F76658D
:10E3700063746F725F7461626C655F7374617274F1
:10E380003A203078252E386C580A00005F65766593
:10E3900063746F725F7461626C653A203078252E09
:10E3A000386C580A000000005F5F746578745F7312
:10E3B000746172743A203078252E386C580A000047
:10E3C0005F65746578743A203078252E386C580A69
:10E3D000000000005F5F65786964785F7374617244
:10E3E000743A203078252E386C580A005F5F6578C3
:10E3F0006964785F656E643A203078252E386C58F1
:10E400000A0000005F5F646174615F73746172741D
:10E410003A203078252E386C580A00005F65646118
:10E4200074613A203078252E386C580A00000000BC
:10E430005F5F6273735F73746172745F5F3A203001
:10E4400078252E386C580A005F656273733A203065
:10E4500078252E386C580A005F5F686561705F73BD
:10E46000746172745F5F3A203078252E386C580AD8
:10E47000000000005F65686561703A203078252EE5
:10E48000386C580A000000005F5F737461636B5F53
:10E4900073746172745F5F3A203078252E386C583F
:10E4A0000A0000005F65737461636B3A2030782561
:10E4B0002E386C580A0000005F656E643A20307890
:10E4C000252E386C580A00000A0A0000202020205F
:10E4D00020202020202020202020202000000000BC
:10E4E000303030303030303030303030303030302C
:10E4F000000000006E616E004E414E00696E6600C5
:10E50000494E46002D0000002B00000020000000B6
:10E51000000000002E000000286E756C6C290000C1
:10E52000686C6A7A744C00003031323334353637D7
:10E5300038394142434445464748494A4B4C4D4E81
:10E540004F505152535455565758595A00000000D5
:10E55000202B2D2330215E0001000000020000006E
:10E56000040000000800000010000000200000006F
:10E570004000000000000000FFFF7F000000780066
:10E5800000001E0000000000FFFF87FF000080FF6A
:10E5900000000C00000078000001020304050607DB
:10E5A000000102030405060708098B0001020304A9
:10E5B00005060708090A0B0C0D0E0F101112131493
:10E5C00015161718191A1B1C1D1E00005C000000F0
:10E5D00064000000680000006C00000019000000EA
:10E5E0002256657273696F6E223A2053686F777393
:10E5F00020686172647761726520616E642066696B
:10E60000726D776172652076657273696F6E2069CD
:10E610006E666F2E0000000056455253494F4E0063
:10E620005265616446706761203C61646472657321
:10E63000733E0000524541444650474100000000EF
:10E64000577269746546706761203C6164647265E5
:10E6500073733E2C3C76616C75653E00575249548D
:10E660004546504741000000522865616446706786
:10E670006129203C616464726573733E0000000090
:10E68000520000005728726974654670676129203E
:10E690003C616464726573733E2C3C76616C756595
:10E6A0003E000000570000002246534D4461637352
:10E6B000203C413E2C3C423E2C3C433E223A2053DF
:10E6C0006574732F71756572696573207468652050
:10E6D00046534D20442F4127732028686578616494
:10E6E0006563696D616C206C736220756E6974730B
:10E6F000292E000046534D444143530022442846EE
:10E70000534D4461637329203C413E2C3C423E2CD6
:10E710003C433E223A20536574732F7175657269CC
:10E720006573207468652046534D20442F4127733C
:10E73000202868657861646563696D616C206C731D
:10E740006220756E697473292E0000004400000079
:10E7500022566F6C74616765203C413E2C3C423E02
:10E760002C3C433E223A20536574732F71756572B9
:10E77000696573207468652046534D20442F4127F6
:10E78000732028646563696D616C20766F6C7461B9
:10E79000676520756E697473292E0000564F4C54BE
:10E7A000414745002256286F6C7461676529203CFB
:10E7B000413E2C3C423E2C3C433E223A2053657461
:10E7C000732F71756572696573207468652046538F
:10E7D0004D20442F4127732028646563696D616C67
:10E7E00020766F6C7461676520756E697473292E6D
:10E7F00000000000560000002246534D4164637340
:10E80000203C413E2C3C423E2C3C433E223A20538D
:10E810006574732F717565726965732074686520FE
:10E8200046534D20412F4427732E000046534D413F
:10E830004443530022412846534D416463732920C9
:10E840003C413E2C3C423E2C3C433E223A20536508
:10E8500074732F71756572696573207468652046DD
:10E86000534D20412F4427732E000000410000002B
:10E870002242495354223A2052756E73206120730C
:10E88000656C662D746573742C206C6F67732076CD
:10E89000616C75657320746F207465726D696E614B
:10E8A0006C2E00004249535400000000224369725C
:10E8B000636C6573203C7261646975733A302E2E07
:10E8C0002E312E302C726174656D733A302E2E2EDF
:10E8D00031306B3E223A2052756E73206120736591
:10E8E0006C662D746573742C206D6F766573206172
:10E8F00063747561746F7220696E20612063697240
:10E90000636C652E00000000434952434C455300A0
:10E9100022476F5859203C583A302E2E2E312E3037
:10E920002C593A302E2E2E312E303E223A204D6F69
:10E9300076657320746865206163747561746F72A5
:10E9400020746F2074686520676976656E20636F38
:10E950006F7264696E617465732E0000474F585979
:10E96000000000002255617274223A2054776964D5
:10E97000646C652074686520756172742E000000F7
:10E98000554152540000000022552861727429221A
:10E990003A2054776964646C6520746865207561F9
:10E9A00072742E005500000022426175644469763D
:10E9B0006964657273223A20302C312C323A20532C
:10E9C0006574207468652064697669646572207472
:10E9D0006F206368616E6765207468652062617589
:10E9E000647261746520666F72206561636820706F
:10E9F0006F72742E2E2E00004241554444495649F0
:10EA00004445525300000000225072696E744275F2
:10EA10006666657273223A2044756D702063757264
:10EA200072656E7420636F6E74656E7473206F66AA
:10EA3000207061727365727320666F722064656204
:10EA400075672E2E2E0000005052494E54425546F6
:10EA50004645525300000000224D6F6E69746F727C
:10EA600053657269616C203C30207C2031207C2011
:10EA7000323E203C59207C204E3E223A2053686F83
:10EA8000772F6869646520696E636F6D696E6720B2
:10EA900073657269616C2062797465732E00000081
:10EAA0004D4F4E49544F5253455249414C0000007E
:10EAB00022436F6E74726F6C52656769737465720E
:10EAC000203C706172616D733E223A205365742F51
:10EAD000517565727920636F6E74726F6C20736903
:10EAE000676E616C732E0000434F4E54524F4C5270
:10EAF00045474953544552002228435229436F6EDB
:10EB000074726F6C5265676973746572203C7061D2
:10EB100072616D733E223A205365742F5175657290
:10EB20007920636F6E74726F6C207369676E616CAD
:10EB3000732E0000435200002253656C65637444D9
:10EB40006163203C302F313E223A20576869636868
:10EB500020442F4120746F2075736520666F7220EA
:10EB60006F75747075742E0053454C454354444181
:10EB700043000000BEBAAD1BEDAD0F0A010001104D
:10EB800043477261706856657273696F6E50617940
:10EB90006C6F61643A2053657269616C4E756D3AB1
:10EBA000203078256C582C2050726F636573736F1A
:10EBB000724669726D776172654275696C644E75F3
:10EBC0006D3A20256C752C20465047414669726D80
:10EBD000776172654275696C644E756D3A20256C7B
:10EBE0007500000043477261706846534D4861727A
:10EBF0006477617265436F6E74726F6C526567699A
:10EC0000737465723A20616C6C3A203078256C78A8
:10EC10002C20094661756C744E6567563A20256C48
:10EC2000752C20094661756C7431563A20256C7537
:10EC30002C20094661756C743256413A20256C755A
:10EC40002C20094661756C743256443A20256C7547
:10EC50002C20094661756C743356413A20256C7539
:10EC60002C20094661756C743356443A20256C7526
:10EC70002C20094661756C743433563A20256C7526
:10EC80002C20094661756C7435563A20256C752C1C
:10EC900020094661756C7448563A20256C752C2005
:10ECA000096E48564661756C74413A20256C752C86
:10ECB00020096E48564661756C74423A20256C7581
:10ECC0002C20096E48564661756C74433A20256CB9
:10ECD000752C20096E48564661756C74443A20259F
:10ECE0006C752C2009506F77657243796364416EAF
:10ECF00064436C723A20256C752C2009506F77653F
:10ED0000726E456E3A20256C752C2009726573650C
:10ED100072766564313A20256C752C200955617234
:10ED200074304F453A20256C752C2009556172745A
:10ED3000314F453A20256C752C200955617274328B
:10ED40004F453A20256C752C200955617274334F5C
:10ED5000453A20256C752C200955783153656C4A4D
:10ED60006D703A20256C752C20097265736572767A
:10ED70006564323A20256C752C2009505053446547
:10ED8000746563746564416E645273743A20256CD3
:10ED9000752C20097265736572766564333A202597
:10EDA0006C752C2009506F7765726E456E48563A27
:10EDB00020256C752C20094856456E313A20256C6B
:10EDC000752C20094856456E323A20256C752C204A
:10EDD0000944616353656C6563744D617874693A85
:10EDE00020256C752C2009476C6F62616C4661753B
:10EDF0006C74496E68696269743A20256C752C20C0
:10EE0000096E4661756C7473436C723A20256C759B
:10EE10002C20097265736572766564343A20256C1E
:10EE2000752C20097265736572766564353A202504
:10EE30006C750000333134643035646665353939BA
:10EE40003966333538396135643335666335366252
:10EE5000623334393839353837616638000000009C
:10EE60000A0A56657273696F6E3A2053657269615A
:10EE70006C204E756D6265723A20252E386C582CC8
:10EE800020476C6F62616C205265766973696F6EA2
:10EE90003A2025733B206275696C64206E756D6243
:10EEA00065723A202575206F6E3A2025733B2066E7
:10EEB000706761206275696C643A20256C752E0A52
:10EEC000000000000A0A56657273696F6E3A2047A7
:10EED0006C6F62616C205265766973696F6E3A205F
:10EEE00025733B206275696C64206E756D62657276
:10EEF0003A202575206F6E3A2025732E0A000000F7
:10EF0000257A58000A5265616446706761436F6DE7
:10EF10006D616E643A2000000A3078252E327A58EE
:10EF20003A203078252E3258200000005B25755D90
:10EF3000000000000A0A0000202827256327290A6C
:10EF40000A000000257A5820256C75000A5772695E
:10EF5000746546706761436F6D6D616E643A206ED3
:10EF60006565642032206E756D657269632070611D
:10EF700072616D6574657273202861646472657373
:10EF80007320616E642076616C7565292C20676F33
:10EF90007420222573222028256420706172616DFF
:10EFA00073292E0A000000000A57726974654670C2
:10EFB0006761436F6D6D616E643A2057726F74655F
:10EFC00020256C7520746F20000000003078252EFD
:10EFD000347A582E0A0000000A0A46534D446163F1
:10EFE000733A204670676120696E7465726661636A
:10EFF00065206973206E6F7420696E697469616C35
:10F00000697A65642120506C656173652063616C69
:10F010006C20496E6974467067612066697273740A
:10F02000212E0000256C782C256C782C256C782CF2
:10F03000256C78000A0A46534D446163733A207385
:10F04000657420746F3A20256C782C20256C782C00
:10F0500020256C782C20256C782E0A000A0A46534D
:10F060004D446163733A2063757272656E742076E5
:10F07000616C75653A20256C782C20256C782C20E5
:10F08000256C782C20256C782E0A00000A46534DFA
:10F09000446163733A2053656E736F7220412F444D
:10F0A00027733A203078253031366C6C782C20303C
:10F0B00078253031366C6C782C203078253031361C
:10F0C0006C6C783B20252B64282575292C20252B5A
:10F0D00064282575292C20252B64282575292C20AA
:10F0E000252B312E336C662C20252B312E336C666C
:10F0F0002C20252B312E336C660A00000A0A566F2D
:10F100006C746167653A204670676120696E74654A
:10F110007266616365206973206E6F7420696E6921
:10F120007469616C697A65642120506C65617365EE
:10F130002063616C6C20496E69744670676120665B
:10F1400069727374212E0000256C662C256C662C68
:10F15000256C662C256C66000A0A566F6C74616714
:10F16000653A2073657420746F3A2025332E316C14
:10F17000662028256C78292C2025332E316C6620BA
:10F1800028256C78292C2025332E316C66202825E3
:10F190006C78292C2025332E316C662028256C783C
:10F1A000292E0A000A0A566F6C746167653A20635B
:10F1B000757272656E742076616C7565733A202580
:10F1C000332E316C662028256C78292C2025332E8F
:10F1D000316C662028256C78292C2025332E316C43
:10F1E000662028256C78292C2025332E316C66204A
:10F1F00028256C78292E0A000A0A46534D4164637B
:10F20000733A204670676120696E74657266616347
:10F2100065206973206E6F7420696E697469616C12
:10F22000697A65642120506C656173652063616C47
:10F230006C20496E697446706761206669727374E8
:10F24000212E00000A46534D416463733A206375D2
:10F250007272656E742076616C7565733A204E75B6
:10F260006D3A202535642C20252B39642C20252B44
:10F2700039642C20252B39642C20252B39642C2033
:10F28000252B312E366C662C20252B312E366C66C4
:10F290002C20252B312E366C662C20252B312E363A
:10F2A0006C660A00616473313235382825346C6429
:10F2B000293A20307825346C580A00000A0A42495D
:10F2C00053543A204B65797072657373282564290D
:10F2D0003B2065786974696E672E0A00256C662C80
:10F2E000256C66000A0A436972636C65733A2052A2
:10F2F000756E436972636C6528256C662C20256CDD
:10F30000666D73292E2E2E0A000000000A256C75EA
:10F310002C20256C752C20256C752C20256C7500F7
:10F320000A0A436972636C65733A204B657970729F
:10F33000657373282564293B2065786974696E6755
:10F340002E0A00000A0A476F58593A204670676132
:10F3500020696E74657266616365206973206E6FE3
:10F360007420696E697469616C697A6564212050E2
:10F370006C656173652063616C6C20496E697446CD
:10F38000706761206669727374212E000A0A476FE4
:10F3900058593A2073657420746F3A20256C782C84
:10F3A00020256C782C20256C782C20256C782E0A52
:10F3B000000000000A0A476F58593A2063757272BC
:10F3C000656E742076616C75653A20256C782C200A
:10F3D000256C782C20256C782C20256C782028250D
:10F3E0006C6656207820256C6656292E0A0000008F
:10F3F0000A46534D416463733A2063757272656EB9
:10F40000742076616C7565733A203078253031361A
:10F410006C6C782C203078253031366C6C782C2050
:10F420003078253031366C6C782C203078253031AE
:10F43000366C6C783B20252B64282575292C2025DB
:10F440002B64282575292C20252B64282575292C2B
:10F4500020252B64282575292C20252B312E336C53
:10F46000662C20252B312E336C662C20252B312E3B
:10F47000336C662C20252B312E336C660A0000007D
:10F480000A55617274436F6D6D616E643A20257523
:10F490002C2025752E2000006C6F6F70000000007E
:10F4A0000A55617274436F6D6D616E643A205365E5
:10F4B0006E64696E6720726573706F6E7365202865
:10F4C0002575206279746573293A20000A000000CE
:10F4D0000A55617274436F6D6D616E643A20636F9B
:10F4E0006D706C6574652E0A000000000A0A4261A6
:10F4F000756444697669646572733A204670676121
:10F5000020696E74657266616365206973206E6F31
:10F510007420696E697469616C697A656421205030
:10F520006C656173652063616C6C20496E6974461B
:10F53000706761206669727374212E00256C752CCA
:10F54000256C752C256C752C256C75000A0A42619A
:10F55000756444697669646572733A20736574747E
:10F56000696E6720746F3A20256C752C20256C75A8
:10F570002C20256C752C20256C752E0A00000000AF
:10F580000A0A4261756444697669646572733A2057
:10F5900063757272656E742076616C7565733A205E
:10F5A000256C752C20256C752C20256C752C202540
:10F5B0006C752E0A000000000A4261756444697689
:10F5C00069646572733A20506F7274302066696E98
:10F5D000616C206469766973696F6E207261746909
:10F5E0006F3A20257520282F3136293B204163743E
:10F5F00075616C2062617564726174653A20252EB4
:10F60000356C66000A4261756444697669646572A6
:10F61000733A20506F7274312066696E616C206499
:10F6200069766973696F6E20726174696F3A20251B
:10F630007520282F3136293B2041637475616C2079
:10F6400062617564726174653A20252E356C6600BE
:10F650000A4261756444697669646572733A205040
:10F660006F7274322066696E616C206469766973AA
:10F67000696F6E20726174696F3A20257520282F9A
:10F680003136293B2041637475616C206261756479
:10F69000726174653A20252E356C660A0000000000
:10F6A0000A4261756444697669646572733A2050F0
:10F6B0006F7274332066696E616C20646976697359
:10F6C000696F6E20726174696F3A20257520282F4A
:10F6D0003136293B2041637475616C206261756429
:10F6E000726174653A20252E356C660A00000000B0
:10F6F0000A53686F7742756666657273436F6D6D06
:10F70000616E643A2046706761556172745061722F
:10F710007365723A20000000256C7525325B2C0958
:10F72000205D2025630000000A0A4D6F6E69746F2A
:10F730007253657269616C436F6D6D616E643A20DE
:10F740004D6F6E69746F72696E6720706F7274208E
:10F75000256C753A2025632E0A0000000A0A4D6FB9
:10F760006E69746F7253657269616C436F6D6D6120
:10F770006E643A20496E76616C696420706F7274B1
:10F7800020256C753B206D61782069732023322E13
:10F790000A0000000A0A4D6F6E69746F7253657239
:10F7A00069616C436F6D6D616E643A20496E73756B
:10F7B0006666696369656E7420706172616D6574F7
:10F7C000657273202825753B2073686F756C642003
:10F7D00062652032293B207175657279696E672EEA
:10F7E0002E2E00000A4D6F6E69746F725365726938
:10F7F000616C436F6D6D616E643A204D6F6E69741C
:10F800006F72696E6720706F727420303A202563C2
:10F810002E0A00000A4D6F6E69746F72536572692B
:10F82000616C436F6D6D616E643A204D6F6E6974EB
:10F830006F72696E6720706F727420313A20256391
:10F840002E0A00000A4D6F6E69746F7253657269FB
:10F85000616C436F6D6D616E643A204D6F6E6974BB
:10F860006F72696E6720706F727420323A20256360
:10F870002E0A00000A4D6F6E69746F7253657269CB
:10F88000616C436F6D6D616E643A204D6F6E69748B
:10F890006F72696E6720706F727420333A2025632F
:10F8A0002E0A00000A436F6E74726F6C52656769AE
:10F8B00073746572436F6D6D616E643A2046706754
:10F8C0006120696E74657266616365206973206E7C
:10F8D0006F7420696E697469616C697A656421006E
:10F8E0002025632C2025632C2025632C2025632CC8
:10F8F0002025632C2025632C2025632C2025632CB8
:10F900002025632C2025632C2025632C2025632CA7
:10F910002025632C2025632C000000000A436F6E15
:10F9200074726F6C5265676973746572436F6D6D45
:10F93000616E643A2043757272656E742076616CF4
:10F940007565733A200000000A44616353656C6575
:10F9500063743A204670676120696E7465726661EF
:10F960006365206973206E6F7420696E69746961C4
:10F970006C697A6564210000202563000A0A4461ED
:10F980006353656C6563743A2025632028272563DB
:10F9900027292E0A000000000A44616353656C6544
:10F9A00063743A2043757272656E742076616C756B
:10F9B000653A20256C752E0A000002100310041011
:10F9C000022002000320042005200620030004007A
:10F9D00005000600060004002800C00301300230C4
:10F9E00003300430053006300E3001400240034041
:10F9F0000440054006400000FFFF7F000000780043
:10FA000000001E0000000000FFFF87FF000080FFD5
:10FA100000000C0000007800000102030405060746
:10FA2000000102030405060708098B000102030414
:10FA300005060708090A0B0C0D0E0F1011121314FE
:10FA400015161718191A1B1C1D1E00005C0000005B
:10FA500064000000680000006C0000009E000000D0
:10FA6000DCFB6F6900000000547565204A616E2060
:10FA700032302032323A30343A313220323032367B
:10FA800000000000BEBAAD1BEDAD0F0A0100011071
:10FA9000021003100410022002000320042005209D
:10FAA00006200300040005000600060004002800EC
:10FAB000C0030130023003300430053006300E3010
:10FAC000014002400340044005400640070000009A
:10FAD00042696E61727956657273696F6E436F6DBC
:10FAE0006D616E640000000042696E617279566556
:10FAF0007273696F6E436F6D6D616E6428646570BB
:10FB000072656361746564206964290042696E618D
:10FB1000727946534D44616373436F6D6D616E64DA
:10FB20000000000042696E61727946534D41646382
:10FB300073436F6D6D616E640000000042696E6119
:10FB4000727946534D41646373466C6F6174696E9C
:10FB500067506F696E74436F6D6D616E6400000075
:10FB600042696E61727946534D44616373466C6FAE
:10FB70006174696E67506F696E74436F6D6D616E0D
:10FB80006400000042696E61727946534D5374619E
:10FB9000747573436F6D6D616E640000BEBAAD1B0A
:10FBA000EDAD0F0A010001104347726170685665A0
:10FBB0007273696F6E5061796C6F61643A2053653E
:10FBC0007269616C4E756D3A203078256C582C2026
:10FBD00050726F636573736F724669726D7761728D
:10FBE000654275696C644E756D3A20256C752C20E4
:10FBF000465047414669726D776172654275696C1E
:10FC0000644E756D3A20256C750000000A42696EDD
:10FC100061727956657273696F6E436F6D6D616E57
:10FC2000643A2053656E64696E6720726573706F05
:10FC30006E736520282575206279746573293A20D2
:10FC4000000000000A42696E61727946534D4461BA
:10FC50006373436F6D6D616E642053657474696E78
:10FC60006720746F20283078256C582C2030782538
:10FC70006C582C203078256C58292E0A0A00000078
:10FC80000A42696E61727946534D44616373436FF2
:10FC90006D6D616E6420205265706C79696E6720AD
:10FCA000283078256C582C203078256C582C203042
:10FCB00078256C58292E2E2E0A0A00000A42696EF9
:10FCC00061727946534D41646373436F6D6D616E2C
:10FCD0006420205265706C79696E67202825642C39
:10FCE0002025642C202564292E2E2E0A0A000000CF
:10FCF0000A42696E61727946534D41646373436F82
:10FD00006D6D616E642070726F63657373696E6789
:10FD1000282575292E2E2E0A0A0000000A42696E37
:10FD200061727946534D41646373466C6F617469C7
:10FD30006E67506F696E74436F6D6D616E642020E5
:10FD40005265706C79696E672028256C662C2025B9
:10FD50006C662C20256C66292E2E2E0A0A000000C7
:10FD60000A0A42696E61727946534D446163734376
:10FD70006F6D6D616E643A2053657474696E6720AF
:10FD8000746F3A2025332E316C662028256C782933
:10FD90002C2025332E316C662028256C78292C20C8
:10FDA00025332E316C662028256C78292E0A000018
:10FDB0000A0A42696E61727946534D446163734326
:10FDC0006F6D6D616E643A205265706C79696E6713
:10FDD0003A2025332E316C662028256C78292C207A
:10FDE00025332E316C662028256C78292C2025336C
:10FDF0002E316C662028256C78292E0A0000000020
:10FE00000A0A42696E61727946534D537461747582
:10FE100073436F6D6D616E643A2043757272656EE7
:10FE20007456616C7565733A0A0000004948563A89
:10FE30002025332E366C6620560A0000494E563A6D
:10FE40002025332E366C6620560A00004936563A75
:10FE50002025332E366C6620560A0000493356445E
:10FE60003A2025332E366C6620560A004932564415
:10FE70003A2025332E366C6620560A004931563A10
:10FE80002025332E366C6620560A000053747261AA
:10FE9000696E42503A2025332E366C6620560A0091
:10FEA00053747261696E424D3A2025332E366C666A
:10FEB00020560A0053747261696E423A2025332E2F
:10FEC000366C6620560A000053747261696E4450A5
:10FED0003A2025332E366C6620560A005374726120
:10FEE000696E444D3A2025332E366C6620560A0042
:10FEF00053747261696E443A2025332E366C662045
:10FF0000560A000053747261696E434D3A202533DE
:10FF10002E366C6620560A0053747261696E435027
:10FF20003A2025332E366C6620560A0053747261CF
:10FF3000696E433A2025332E366C6620560A00003F
:10FF400053747261696E414D3A2025332E366C66CA
:10FF500020560A0053747261696E41503A2025336D
:10FF60002E366C6620560A0053747261696E413AEF
:10FF70002025332E366C6620560A00005035564434
:10FF80003A2025332E366C6620560A0049325641F7
:10FF90003A2025332E366C6620560A0054656D7063
:10FFA0003A2025332E366C6620560A0050335633DD
:10FFB000443A2025332E366C6620560A0000000095
:10FFC000503238563A2025332E366C6620560A00B9
:10FFD000503256323A2025332E366C6620560A00AF
:10FFE00050325635443A2025332E366C6620560A58
:10FFF00000000000503156323A2025332E366C6610
:020000022000DC
:1000000020560A0050325635413A2025332E366CA0
:100010006620560A00000000503456333A2025333B
:100020002E366C6620560A00493356413A20253355
:100030002E366C6620560A0050335633413A20253E
:10004000332E366C6620560A000000005036563AB1
:100050002025332E366C6620560A00005035564156
:100060003A2025332E366C6620560A004C7578529D
:100070006164733A2025332E366C6620560A0000E0
:100080004E3138563A2025332E366C6620560A00FB
:100090004E3230563A2025332E366C6620560A00F2
:1000A00050313235563A2025332E366C6620560AAA
:1000B000000000000A42696E61727946534D537424
:1000C00061747573436F6D6D616E643A2052657033
:1000D0006C79696E672E2E2E00000210031004103A
:1000E0000220020003200420052006200300040053
:1000F00005000600060004002800C003013002309D
:1001000003300430053006300E3001400240034019
:100110000440054006400000FFFF7F00000078001B
:1001200000001E0000000000FFFF87FF000080FFAE
:1001300000000C000000780000010203040506071F
:10014000000102030405060708098B0001020304ED
:1001500005060708090A0B0C0D0E0F1011121314D7
:1001600015161718191A1B1C1D1E00005C00000034
:1001700064000000680000006C0000009E000000A9
:10018000DCFB6F6900000000547565204A616E2039
:1001900032302032323A30343A3132203230323654
:1001A000000000000A0A42696E617279205561728E
:1001B000743A20496E697428506B74482025752C58
:1001C00020506B7446202575292E0A0D0000000072
:1001D0002E252E32780000000A0A42696E6172797B
:1001E000556172743A2042756666657228257029D9
:1001F000206F766572666C6F773B20746869732038
:100200007061636B65742077696C6C206E6F74200D
:100210006669742028257A7562292C20666C7573AE
:1002200068696E67206275666665722E0A0D000049
:100230000A0A42696E617279556172743A20556E8C
:100240006D61746368656420636F6D6D616E6420B9
:100250003078252E386C5821204E756D436D6473AF
:100260003A20256C750A00000A0A42696E617279AB
:10027000556172743A205061636B657420726563D6
:1002800065697665642C20627574205365726961B6
:100290006C4E756D62657220636F6D70617269730B
:1002A0006F6E206661696C6564202865787065638F
:1002B0007465643A203078252E386C583B20676F7F
:1002C000743A203078252E386C58292E0A0D0000FB
:1002D0000A0A42696E617279556172743A205061FE
:1002E000636B65742072656365697665642C206252
:1002F000757420696E76616C69642E0A0D000000C9
:100300000A0A42696E61727920556172743A20530B
:10031000656E64696E67207061636B65742825750E
:100320002C202575293A2000252E32583A0000004D
:100330000A0000004347726170685061636B657426
:100340004865616465723A205374617274546F6BCE
:10035000656E3A203078256C582C205061796C6F8E
:100360006164547970653A20256C752C2050617950
:100370006C6F61644C656E3A20256C75000000005E
:100380000A0A4347726170685061636B65743A3A58
:10039000497356616C696428293A205061636B6522
:1003A000745374617274546F6B656E3A2042756653
:1003B0006665722E617355333228257529203D20DC
:1003C0003078256C782E0A0D000000000A0A434799
:1003D000726170685061636B65743A3A4973566133
:1003E0006C696428293A207061796C6F6164747952
:1003F00070653A204275666665722E6173553136B6
:1004000028257529203D20307825782E0A0D0000FA
:100410000A0A4347726170685061636B65743A3AC7
:10042000497356616C696428293A207061796C6F50
:1004300061646C656E3A204275666665722E617302
:1004400055313628257529203D20307825782E0A0B
:100450000D0000000A0A4347726170685061636BC7
:1004600065743A3A497356616C696428293A207078
:1004700061636B6574206F76657273697A65643A3F
:100480002042756666657244657074683A20257509
:100490002C205061636B65744C656E3A2025752E77
:1004A0000A0D00000A0A4347726170685061636B6D
:1004B00065743A3A497356616C696428293A207424
:1004C0006F6B656E206D69736D617463683A20456A
:1004D000787065637465643A2025752C20416374D7
:1004E00075616C3A2025752E0A0D00000A0A4347F3
:1004F000726170685061636B65743A3A4973566112
:100500006C696428293A204352433A204275666652
:1005100065722E617355333228257529203D2030B0
:1005200078256C782E0A0D000A0A434772617068BC
:100530005061636B65743A3A497356616C6964281B
:10054000293A205061636B6574456E64546F6B6526
:100550006E3A204275666665722E61735533322895
:10056000257529203D203078256C782E0A0D000055
:100570000A0A4347726170685061636B65743A3A66
:10058000497356616C696428293A204352433A20E2
:10059000456E643A2025752053746172743A2025A3
:1005A00075202E0A0D0000000A0A43477261706828
:1005B0005061636B65743A3A497356616C6964289B
:1005C000293A2043616C632764204352433A203028
:1005D00078256C78202843726343757272656E7457
:1005E000416464723A203078256C78292C20287474
:1005F000696D656F75743A202575292E0A0D000006
:100600000A0A4347726170685061636B65743A3AD5
:10061000497356616C696428293A204372635374A4
:10062000617274416464723A203078256C782C20B1
:10063000437263456E64416464723A203078256C7D
:10064000780A0D000A465047415561727443616C47
:100650006C6261636B733A204E554C4C28257529AA
:1006600020496E76616C69645061636B6574210A20
:100670000A0000000A465047415561727443616C9C
:100680006C6261636B733A20496E76616C69645089
:1006900061636B65742120636F6E74656E74733A69
:1006A000203A00000A0A00000A4650474142696E9B
:1006B0006172795561727443616C6C6261636B73D2
:1006C0003A204E554C4C2825752920556E48616EB0
:1006D000646C65645061636B6574210A0A000000F4
:1006E0000A465047415561727443616C6C626163A4
:1006F0006B733A20556E68616E646C65642070613E
:10070000636B6574282575293A2000087F1B090052
:10071000BEBAAD1BEDAD0F0A0100011002100310AF
:1007200004100220020003200420052006200300FC
:10073000040005000600060004002800C003013084
:10074000023003300430053006300E3001400240E4
:100750000340044005400640001B0020402B0020C1
:10076000803B0020C04B002004000000001B002044
:10077000402B0020803B002003000000C04B0020E5
:100780000100000000000000000000007D86000065
:10079000A186000039890000000000000000000070
:1007A000D5830000F98300001984000099840000BB
:1007B000B56B0000F18400000000000000000000A4
:1007C000C5780000E978000009790000257900006B
:1007D0003D79000089790000C5790000117A000098
:1007E0005D7A0000717A0000857A0000997A000035
:1007F000AD7A0000FF7A0000BD7B0000C37A0000E4
:10080000DD7A0000337B00007B7B00005D7C000014
:100810000D7D0000817D0000DD7D0000397E00003F
:10082000AD7E00000D7F0000697F0000B97F0000F1
:1008300099820000B3820000D58200003B83000053
:10084000000000000000000005770000297700008C
:10085000F1690000497700007D770000BB77000058
:10086000E7770000F97700000B7800000000000037
:1008700000000000617600007576000095760000AB
:100880000000000000000000C5860000E9860000AE
:10089000156E0000C17400000000000000000000A0
:1008A000496B0000696B0000896B00009F6B0000C2
:1008B000B56B0000CB6B00000000000000000000E2
:1008C0000000000000000000000000000000000028
:1008D0000000000000000000000000000000000018
:1008E0000000000000000000000000000000000008
:1008F00000000000000000000000000000000000F8
:1009000000000000000000000000000000000000E7
:1009100000000000000000000000000000000000D7
:1009200000000000000000000000000000000000C7
:1009300000000000000000000000000000000000B7
:1009400000000000000000000000000000000000A7
:100950000000000000000000000000000000000097
:1009600000000000F169000000000000000000002D
:100970000000000000000000000000000000000077
:100980000000000000000000000000000000000067
:1009900000000000010101087F1B0900FFFF7F002C
:1009A0000000780000001E0000000000FFFF87FF2D
:1009B000000080FF00000C0000007800000102032E
:1009C00004050607000102030405060708098B0059
:1009D0000102030405060708090A0B0C0D0E0F108F
:1009E0001112131415161718191A1B1C1D1E0000BE
:1009F0005C00000064000000680000006C00000063
:100A00000A50696E6F75744D6F6E69746F724164D0
:100A1000633A20542F4F2E000A4D6F6E69746F7227
:100A20004164633A204572726F7220696E6974691D
:100A3000616C697A696E67204164633A202575208C
:100A40005B3078252E32585D2E0A00000A4D6F6EFD
:100A500069746F724164633A205374617274696E91
:100A60006720412F44206175746F2D7363616E3B65
:100A70002077726F7465203078252E325820746F7D
:100A8000206770696F27732C2072656164626163EF
:100A90006B3A203078252E32580A00000A4D6F6ECE
:100AA00069746F724164633A204E6F204164632021
:100AB000666F756E64210A000A4D6F6E69746F72FD
:100AC0004164633A20626164207374617475733A9F
:100AD00020416463303A2063682025753A203078DD
:100AE000252E32582C20416463313A20636820253A
:100AF000753A203078252E32580A00000A4D6F6E64
:100B000069746F724164633A20416463303A2063D0
:100B1000682025752072656164733A20256C662013
:100B2000566F6C7473205B256C75206C7362277331
:100B30005D3B20416463313A206368202575207253
:100B4000656164733A20256C6620566F6C7473205F
:100B50005B256C75206C736227735D0A00000000D2
:100B60000A4D6F6E69746F724164633A2063682046
:100B70002575206E6F206E65772073616D706C65D2
:100B80002074686973207363616E2E0A0000000090
:100B90000A0A5363616E4D6F6E69746F72416463CC
:100BA00020436F6D6D616E643A2056616C7565739C
:100BB000207769746820636F72726563746564205E
:100BC000756E69747320666F6C6C6F773A0A0000FB
:100BD0004948563A2025332E366C6620560A0000C6
:100BE000494E563A2025332E366C6620560A0000B0
:100BF0004936563A2025332E366C6620560A0000B8
:100C0000493356443A2025332E366C6620560A0066
:100C1000493256443A2025332E366C6620560A0057
:100C20004931563A2025332E366C6620560A00008C
:100C300053747261696E42503A2025332E366C66C9
:100C400020560A0053747261696E424D3A20253372
:100C50002E366C6620560A0053747261696E423AF1
:100C60002025332E366C6620560A000053747261BC
:100C7000696E44503A2025332E366C6620560A00A1
:100C800053747261696E444D3A2025332E366C667A
:100C900020560A0053747261696E443A2025332E3F
:100CA000366C6620560A000053747261696E434DBB
:100CB0003A2025332E366C6620560A005374726132
:100CC000696E43503A2025332E366C6620560A0052
:100CD00053747261696E433A2025332E366C662058
:100CE000560A000053747261696E414D3A202533F3
:100CF0002E366C6620560A0053747261696E41503C
:100D00003A2025332E366C6620560A0053747261E1
:100D1000696E413A2025332E366C6620560A000053
:100D2000503556443A2025332E366C6620560A003C
:100D3000493256413A2025332E366C6620560A0039
:100D400054656D703A2025332E366C6620560A00A5
:100D500050335633443A2025332E366C6620560ADB
:100D600000000000503238563A2025332E366C668B
:100D700020560A00503256323A2025332E366C6601
:100D800020560A0050325635443A2025332E366C10
:100D90006620560A00000000503156323A202533B2
:100DA0002E366C6620560A0050325635413A2025C0
:100DB000332E366C6620560A00000000503456333D
:100DC0003A2025332E366C6620560A0049335641A8
:100DD0003A2025332E366C6620560A00503356339F
:100DE000413A2025332E366C6620560A000000005A
:100DF0005036563A2025332E366C6620560A0000AF
:100E0000503556413A2025332E366C6620560A005E
:100E10004C7578526164733A2025332E366C662007
:100E2000560A00004E3138563A2025332E366C666D
:100E300020560A004E3230563A2025332E366C6644
:100E400020560A0050313235563A2025332E366C62
:100E50006620560A000000000A5363616E4D6F6EF3
:100E600069746F7241646320436F6D6D616E643AA3
:100E700020436F6D706C6574652E0A0A00000000D7
:100E80000A0A546573744D6F6E69746F72416463BE
:100E900020436F6D6D616E643A2053657269616CB9
:100EA0003A2052656164696E6720412F44277320A0
:100EB000287261772076616C756573293A0A0000A3
:100EC0000A4948563A20252B6C642C203078252E70
:100ED000386C58000A494E563A20252B6C642C2059
:100EE0003078252E386C58000A4936563A20252B82
:100EF0006C642C203078252E386C58000A49335603
:100F0000443A20252B6C642C203078252E386C58E0
:100F1000000000000A493256443A20252B6C642C0C
:100F2000203078252E386C58000000000A493156D0
:100F30003A20252B6C642C203078252E386C5800F4
:100F40000A53747261696E42503A20252B6C642CEE
:100F5000203078252E386C58000000000A53747237
:100F600061696E424D3A20252B6C642C2030782527
:100F70002E386C58000000000A53747261696E428A
:100F80003A20252B6C642C203078252E386C5800A4
:100F90000A53747261696E44503A20252B6C642C9C
:100FA000203078252E386C58000000000A537472E7
:100FB00061696E444D3A20252B6C642C20307825D5
:100FC0002E386C58000000000A53747261696E4438
:100FD0003A20252B6C642C203078252E386C580054
:100FE0000A53747261696E434D3A20252B6C642C50
:100FF000203078252E386C58000000000A53747297
:1010000061696E43503A20252B6C642C2030782582
:101010002E386C58000000000A53747261696E43E8
:101020003A20252B6C642C203078252E386C580003
:101030000A53747261696E414D3A20252B6C642C01
:10104000203078252E386C58000000000A53747246
:1010500061696E41503A20252B6C642C2030782534
:101060002E386C58000000000A53747261696E419A
:101070003A20252B6C642C203078252E386C5800B3
:101080000A503556443A20252B6C642C20307825A4
:101090002E386C58000000000A493256413A20258B
:1010A0002B6C642C203078252E386C580000000002
:1010B0000A54656D703A20252B6C642C20307825FD
:1010C0002E386C58000000000A50335633443A2042
:1010D000252B6C642C203078252E386C58000000AD
:1010E0000A503238563A20252B6C642C2030782553
:1010F0002E386C58000000000A503256323A202533
:101100002B6C642C203078252E386C5800000000A1
:101110000A50325635443A20252B6C642C20307806
:10112000252E386C580000000A503156323A2025DE
:101130002B6C642C203078252E386C580000000071
:101140000A50325635413A20252B6C642C203078D9
:10115000252E386C580000000A503456333A2025AA
:101160002B6C642C203078252E386C580000000041
:101170000A493356413A20252B6C642C20307825BF
:101180002E386C58000000000A50335633413A2084
:10119000252B6C642C203078252E386C58000000EC
:1011A0000A5036563A20252B6C642C203078252E98
:1011B000386C58000A503556413A20252B6C642C67
:1011C000203078252E386C58000000000A4C7578C5
:1011D000526164733A20252B6C642C203078252EC4
:1011E000386C58000A4E3138563A20252B6C642C46
:1011F000203078252E386C58000000000A4E32301E
:10120000563A20252B6C642C203078252E386C58CB
:10121000000000000A50313235563A20252B6C640C
:101220002C203078252E386C580000000A54657345
:10123000744D6F6E69746F7241646320436F6D6D9E
:10124000616E643A20436F6D706C6574652E0A0A96
:1012500000000000202C090D0A0000000A4D6F6EEE
:1012600069746F7241646343616C69627261746531
:101270003A20496E76616C696420706172616D65B7
:10128000746572733B206D75737420676976652091
:101290006174206C65617374206E616D65206F668A
:1012A00020696E7075742063616C69627261746923
:1012B0006F6E20746F207175657279210A0A0000C3
:1012C000256C650044454641554C545300000000D0
:1012D0000A4D6F6E69746F7241646343616C696239
:1012E000726174653A20416C6C2063616C69627252
:1012F000617465732073657420746F206465666122
:10130000756C7473210A0A005031563200000000D7
:101310000A4D6F6E69746F7241646343616C6962F8
:10132000726174653A20536574204761696E3A2092
:10133000256C65202822257322292C2053657420D2
:101340004F66667365743A20256C652028222573E4
:1013500022290A000A4D6F6E69746F7241646343FB
:10136000616C6962726174653A204761696E3A2006
:10137000256C652C204F66667365743A20256C6574
:101380000A0000000A4D6F6E69746F724164634316
:10139000616C6962726174653A20556E61626C6558
:1013A00020746F206C6F6361746520696E70757452
:1013B000206D61746368696E672022257322210A9B
:1013C000000000000A4D6F6E69746F7241646343E0
:1013D000616C6962726174653A20436F6D706C650F
:1013E00074652E0A0A000000616473313235383AA0
:1013F0003A44756D7028293A20636F6E66696730CC
:101400002072656164733A3078252E34580A0000E2
:10141000616473313235383A3A44756D7028293A2F
:1014200020636F6E666967312072656164733A305C
:1014300078252E34580A0000616473313235383A09
:101440003A44756D7028293A207379737265616426
:101450002072656164733A3078252E34580A000092
:10146000616473313235383A3A44756D7028293ADF
:10147000206770696F632072656164733A30782504
:101480002E34580A00000000616473313235383A56
:101490003A44756D7028293A2069646E756D207222
:1014A000656164733A3078252E34580A00000000D4
:1014B000616473313235383A3A44756D7028293A8F
:1014C000206D75786469662072656164733A30785E
:1014D000252E34580A000000616473313235383AE1
:1014E0003A44756D7028293A206D757873673020FD
:1014F00072656164733A3078252E34580A00000012
:10150000616473313235383A3A44756D7028293A3E
:10151000206D75787367312072656164733A307835
:10152000252E34580A000000616473313235383A90
:101530003A696E697428293A20636F6E666967306C
:10154000206D69736D6174636820287265616473CE
:101550003A3078252E34582C2077616E7465643AC1
:101560003078252E3258290A00000000616473315A
:101570003235383A3A696E697428293A20636F6EB9
:1015800066696731206D69736D61746368202872C4
:10159000656164733A3078252E34582C2077616E5B
:1015A0007465643A3078252E3258290A000000000C
:1015B000616473313235383A3A696E697428293A70
:1015C0002073797372656164206D69736D617463F2
:1015D00068202872656164733A3078252E34582C5F
:1015E0002077616E7465643A3078252E3258290A66
:1015F00000000000616473313235383A3A696E692F
:101600007428293A206770696F63206D69736D6172
:10161000746368202872656164733A3078252E34CB
:10162000582C2077616E7465643A3078252E3258D4
:10163000290A0000616473313235383A3A696E69BB
:101640007428293A2069646E756D206D69736D6127
:10165000746368202872656164733A3078252E348B
:10166000582C2077616E7465643A3078252E325894
:10167000290A0000616473313235383A3A5365748F
:101680005363616E4368616E6E656C7328293A20FE
:101690006D7578646966206D69736D617463682027
:1016A0002872656164733A3078252E3458290A000F
:1016B000616473313235383A3A5365745363616EFD
:1016C0004368616E6E656C7328293A206D75787376
:1016D0006730206D69736D6174636820287265617D
:1016E00064733A3078252E3458290A0061647331C6
:1016F0003235383A3A5365745363616E4368616EAC
:101700006E656C7328293A206D7578736731206D8A
:1017100069736D61746368202872656164733A301F
:1017200078252E3458290A00616473313235383AED
:101730003A5365745363616E4368616E6E656C7392
:1017400028293A20737973726564206D69736D611D
:10175000746368202872656164733A3078252E348A
:1017600058290A005343414E4D4F4E49544F524160
:1017700044430000225363616E4D6F6E69746F7253
:10178000416463223B2053686F77206375727265F2
:101790006E7420696E70757420766F6C7461676505
:1017A000732E2E2E00000000544553544D4F4E49C9
:1017B000544F52414443000022546573744D6F6E80
:1017C00069746F72416463223B2053686F772072A3
:1017D000617720412F4420636F756E74732E2E2E17
:1017E0000000000043414C4942524154454D4F4E88
:1017F00049544F52414443002243616C6962726113
:1018000074654D6F6E69746F72416463203C7265DC
:1018100061646F75743E2C3C6761696E3E286F7021
:1018200074696F6E616C292C3C6F66667365743EDB
:10183000286F7074696F6E616C29223B2043616C64
:1018400069627261746520286F72207175657279A2
:10185000292074686520676976656E207265616409
:101860006F7574000000000000000000C5A90000B2
:10187000E9A900000DAB000000000000000000001E
:10188000E991000009920000010101002000000020
:101890000A0A496E76616C696420636F6D6D616ED2
:1018A000642028222573223B205B0000252E32680D
:1018B00068583A005D2029202D206C697374696E88
:1018C0006720616C6C20617661696C61626C652077
:1018D000636F6D6D616E64733A0A000025733A2080
:1018E00025730A000A0A547842696E617279506160
:1018F000636B65743A204E554C4C205061636B65A8
:1019000074436F6E7465787421202853686F756C0A
:10191000642062652042696E617279556172742A31
:101920002920506C65617365207265636F6D706905
:101930006C6520746869732062696E6172792E2EFD
:101940002E0A00000A21666F726D6174663A3A775A
:10195000727374725F66756E632825702C20257013
:101960002C20256C7529210A00087F1B0900000026
:10197000BEBAAD1BEDAD0F0A01000110021003103D
:10198000041002200200032004200520062003008A
:10199000040005000600060004002800C003013012
:1019A000023003300430053006300E300140024072
:1019B0000340044005400640557361676546617504
:1019C0006C7453746174757352656769737465726E
:1019D0003A20616C6C3D3078252E34583B20556E92
:1019E000446566496E7374723D25632C20496E769A
:1019F0005374617465455350523D25632C20496EE4
:101A00007650433D25632C204E6F43503D25632C7B
:101A100020556E416C69676E65643D25632C2044DA
:101A2000697642795A65726F3D2563004275734647
:101A300061756C74537461747573526567697374FE
:101A400065723A20616C6C3D3078252E32583B200F
:101A5000494275734572723D25632C20507265634F
:101A600069734572723D25632C20496D7072656300
:101A700069734572723D25632C20556E53746B4516
:101A800072723D25632C2053746B4572723D256341
:101A90002C204C73704572723D25632C20424641C8
:101AA0005256616C69643D256300000042757346BF
:101AB00061756C74416464726573735265676973B0
:101AC0007465723A206661756C7420617420307898
:101AD000252E386C580000004D656D4D616E6167B4
:101AE000654661756C74537461747573526567698A
:101AF000737465723A20616C6C3D3078252E3258D3
:101B00003B204941636356696F6C3D25632C20443B
:101B100041636356696F6C3D25632C204D656D559F
:101B20006E53746B4572723D25632C204D656D5369
:101B3000746B4572723D25632C204D656D4C73703E
:101B40004572723D25632C204D4D415256616C69A2
:101B5000643D2563000000004D656D4D616E616759
:101B6000654661756C744164647265737352656730
:101B700069737465723A206661756C7420617420B3
:101B80003078252E386C5800436F6E666967757221
:101B900061626C654661756C7453746174757352DF
:101BA0006567697374657273434653523A20616C7A
:101BB0006C3D3078252E386C583B20003B200000CF
:101BC000486172644661756C7453746174757352C4
:101BD000656769737465723A20616C6C3D30782575
:101BE0002E386C583B20566563745461626C653DB9
:101BF00025632C20466F726365643D25632C204469
:101C0000656275674576743D25630000436F6E74A9
:101C100065787453746174654672616D653A2072BB
:101C2000303D3078252E386C582C2072313D30787C
:101C3000252E386C582C2072323D3078252E386C89
:101C4000582C2072333D3078252E386C582C207259
:101C500031323D3078252E386C582C206C723D3056
:101C600078252E386C582C2070635F7265747572FD
:101C70006E5F616464723D3078252E386C582C207C
:101C8000787073723D3078252E386C580000000053
:101C90000A0000000A0A0A214275734661756C74D5
:101CA000210A00005043205B5231355D203D202544
:101CB000780A00004C52205B5231345D203D2025D3
:101CC000780A00000A0A0A21557361676546617542
:101CD0006C74210A000000000A0A0A214D656D4D4E
:101CE000616E674661756C74210A0000FA05000098
:101CF00001010100BEBAAD1BEDAD0F0A01000110DC
:101D0000021003100410022002000320042005200A
:101D10000620030004000500060006000400280059
:101D2000C0030130023003300430053006300E307D
:101D3000014002400340044005400640087F1B0963
:101D4000FFFF7F000000780000001E000000000080
:101D5000FFFF87FF000080FF00000C0000007800FC
:101D6000000102030405060700010203040506073B
:101D700008098B000102030405060708090A0B0C79
:101D80000D0E0F101112131415161718191A1B1C0B
:101D90001D1E00005C0000006400000068000000E0
:101DA0006C000000313537003331346430356466FF
:101DB00065353939396633353839613564333566D7
:101DC00063353662623334393839353837616638CD
:101DD000000000000A0A4553432D46534D3A207631
:101DE00025732E6225733B204F6666736574206FE2
:101DF0006620436F6E74726F6C52656769737465A9
:101E0000723A203078252E326C582C206578706517
:101E1000637465643A203078252E326C582E0000A9
:101E20000A4F6666736574206F662046534D2D3EDB
:101E30004D6F6E69746F724164635370695472615F
:101E40006E73616374696F6E5265676973746572EE
:101E50003A203078252E326C582C206578706563D6
:101E60007465643A203078252E326C582E000101BA
:101E700001000000002020202020202020202828F1
:101E8000282828202020202020202020202020203A
:101E9000202020202088101010101010101010107A
:101EA00010101010100404040404040404040410AA
:101EB0001010101010104141414141410101010138
:101EC0000101010101010101010101010101010102
:101ED000101010101010424242424242020202020E
:101EE00002020202020202020202020202020202D2
:101EF0001010101020000000000000000000000082
:101F000000000000000000000000000000000000D1
:101F100000000000000000000000000000000000C1
:101F200000000000000000000000000000000000B1
:101F300000000000000000000000000000000000A1
:101F40000000000000000000000000000000000091
:101F50000000000000000000000000000000000081
:101F60000000000000000000000000000000000071
:101F700000000000000000000A00000065256C64FD
:101F800000000000494E4600696E66004E414E005A
:101F90006E616E0030313233343536373839616234
:101FA0006364656600000000303132333435363703
:101FB000383941424344454600000000286E756CA4
:101FC0006C290000300000002F000000504F5349E2
:101FD00058000000430000004153434949000000FD
:101FE00049534F2D383835392D310000636A6B73F2
:101FF000696E676C65000000636A6B6E6172726F78
:1020000077000000636A6B77696465005554462D5C
:102010003800000055544638000000004A4953007B
:10202000455543004A5000004555434A50000000C2
:10203000534A49530000000049534F00383835399E
:102040000000000049534F2D383835392D0000006D
:10205000435000004B4F49380000000043503230DD
:10206000383636004350323138363600435031303E
:102070003300000047454F524749414E00000000E1
:10208000505300004350313031000000505431357E
:1020900034000000435031303200000054495300F6
:1020A0003632300043503837340000004C435F4133
:1020B0004C4C00004C414E47000000002E00000038
:1020C0004C435F434F4C4C41544500004C435F43ED
:1020D00054595045000000004C435F4D4F4E45544D
:1020E000415259004C435F4E554D45524943000003
:1020F0004C435F54494D45004C435F4D455353415C
:1021000047455300496E66696E69747900000000A6
:102110004E614E0042616C6C6F6320737563636542
:1021200065646564000000002F5F5F772F61726D4A
:102130002D6E6F6E652D656162692D6763632D7805
:102140007061636B2F61726D2D6E6F6E652D6561B1
:1021500062692D6763632D787061636B2F627569A7
:102160006C642D6173736574732F6275696C642F71
:102170006C696E75782D7836342F736F7572636560
:10218000732F6E65776C69622D63796777696E2F3F
:102190006E65776C69622F6C6962632F7374646C0F
:1021A00069622F64746F612E630000002F5F5F7798
:1021B0002F61726D2D6E6F6E652D656162692D6781
:1021C00063632D787061636B2F61726D2D6E6F6E1E
:1021D000652D656162692D6763632D787061636B3E
:1021E0002F6275696C642D6173736574732F6275EA
:1021F000696C642F6C696E75782D7836342F736F27
:1022000075726365732F6E65776C69622D6379678C
:1022100077696E2F6E65776C69622F6C6962632FC8
:102220007374646C69622F6D707265632E63000055
:102230006E660000696E697479000000616E0000CE
:102240002C2066756E6374696F6E3A200000000082
:10225000617373657274696F6E2022257322206624
:1022600061696C65643A2066696C65202225732279
:102270002C206C696E65202564257325730A000087
:102280002F5F5F772F61726D2D6E6F6E652D6561AB
:1022900062692D6763632D787061636B2F61726D66
:1022A0002D6E6F6E652D656162692D6763632D7894
:1022B0007061636B2F6275696C642D6173736574F3
:1022C000732F6275696C642F6C696E75782D783622
:1022D000342F736F75726365732F6E65776C6962E7
:1022E0002D63796777696E2F6E65776C69622F6CE5
:1022F0006962632F7374646C69622F6764746F61C1
:102300002D6765746865782E630000000A0001007F
:102310000200030004000500060007000800090091
:102320000A000B000C000D000E000F001000000052
:10233000303030303030303030303030303030309D
:10234000202020202020202020202020202020208D
:10235000430000000000000000000000000000003A
:10236000000000000000000000000000000000006D
:10237000430000000000000000000000000000001A
:10238000000000000000000000000000000000004D
:1023900043000000000000000000000000000000FA
:1023A000000000000000000000000000000000002D
:1023B00043000000000000000000000000000000DA
:1023C000000000000000000000000000000000000D
:1023D00043000000000000000000000000000000BA
:1023E00000000000000000000000000000000000ED
:1023F000430000000000000000000000000000009A
:1024000000000000000000000000000000000000CC
:102410004300000000000000000000000000000079
:1024200000000000000000000000000000000000AC
:10243000D55E01004138010000000000741E02005A
:10244000BC2002004C2202004C2202004C2202005E
:102450004C2202004C2202004C2202004C220200BC
:102460004C2202004C220200FFFFFFFFFFFFFFFF94
:10247000FFFFFFFFFFFF00000100415343494900F8
:10248000000000000000000000000000000000004C
:1024900000000000000000000000415343494900D3
:1024A000000000000000000000000000000000002C
:1024B000000000000000000000000000AC2002004E
:1024C000C0200200CC200200D8200200E42002003C
:1024D000F0200200F82002000400000000000500C7
:1024E00000040101010101060106000400000000D2
:1024F00000000000000004040000000006020202C8
:102500000202060206060604060606060606060679
:102510000606030306060600000000000000000097
:102520000200000000000000000504040404040789
:10253000040700030000000000000000000001018B
:10254000000000000701010101010701070707065C
:102550000707070707070707070700000707070020
:10256000000000000000000005000000190000004D
:102570007D00000000000000BC89D897B2D29C3CCE
:1025800033A7A8D523F649393DA7F444FD0FA5325A
:102590009D978CCF08BA5B25436FAC642806C80AA8
:1025A0000080E03779C34143176E05B5B5B893464F
:1025B000F5F93FE9034F384D321D30F94877825A1B
:1025C0003CBF737FDD4F1575000000000000F03F39
:1025D00000000000000024400000000000005940FE
:1025E0000000000000408F40000000000088C34051
:1025F00000000000006AF8400000000080842E41C6
:1026000000000000D01263410000000084D7974111
:102610000000000065CDCD41000000205FA0024217
:10262000000000E876483742000000A2941A6D428C
:10263000000040E59C30A2420000901EC4BCD6427F
:1026400000003426F56B0C430080E03779C341432A
:1026500000A0D8855734764300C84E676DC1AB43A0
:10266000003D9160E458E143408CB5781DAF1544BE
:1026700050EFE2D6E41A4B4492D54D06CFF0804499
:10268000F64AE1C7022DB544B49DD9794378EA44AE
:1026900034000000CEFBFFFFCB0300000100000070
:1026A0000000000035000000CEFBFFFFCB03000060
:1026B0000100000000000000BC89D897B2D29C3C09
:1026C00033A7A8D523F649393DA7F444FD0FA53219
:1026D0009D978CCF08BA5B25436FAC6428066811C0
:1026E0000C5F104E154E2A4E314E364E3C4E3F4E2C
:1026F000424E564E584E824E854E6B8C8A4E1282FA
:102700000D5F8E4E9E4E9F4EA04EA24EB04EB34ECB
:10271000B64ECE4ECD4EC44EC64EC24ED74EDE4EF7
:10272000ED4EDF4EF74E094F5A4F304F5B4F5D4F26
:10273000574F474F764F884F8F4F984F7B4F694F7A
:10274000704F914F6F4F864F964F1851D44FDF4FB8
:10275000CE4FD84FDB4FD14FDA4FD04FE44FE54F3C
:102760001A50285014502A50255005501C4FF64F2F
:10277000215029502C50FE4FEF4F1150065043501E
:10278000475003675550505048505A5056506C505F
:10279000785080509A508550B450B250C950CA50A9
:1027A000B350C250D650DE50E550ED50E350EE50DD
:1027B000F950F5500951015102511651155114515A
:1027C0001A5121513A5137513C513B513F514051DF
:1027D00052514C5154516251F87A69516A516E51BB
:1027E00080518251D8568C5189518F5191519351BA
:1027F00095519651A451A651A251A951AA51AB513C
:10280000B351B151B251B051B551BD51C551C9517A
:10281000DB51E0515586E951ED51F051F551FE5132
:1028200004520B5214520E5227522A522E52335235
:1028300039524F5244524B524C525E5254526A5289
:102840007452695273527F527D528D5294529252F9
:10285000715288529152A88FA78FAC52AD52BC5280
:10286000B552C152CD52D752DE52E352E652ED98E4
:10287000E052F352F552F852F952065308533875A4
:102880000D5310530F5315531A5323532F533153D2
:1028900033533853405346534553174E49534D53C2
:1028A000D6515E5369536E5318597B5377538253F5
:1028B0009653A053A653A553AE53B053B653C35328
:1028C000127CD996DF53FC66EE71EE53E853ED535C
:1028D000FA5301543D5440542C542D543C542E541E
:1028E000365429541D544E548F5475548E545F548D
:1028F00071547754705492547B5480547654845459
:1029000090548654C754A254B854A554AC54C454DB
:10291000C854A854AB54C254A454BE54BC54D85444
:10292000E554E6540F551455FD54EE54ED54FA5445
:10293000E2543955405563554C552E555C55455517
:1029400056555755385533555D5599558055AF54A3
:102950008A559F557B557E5598559E55AE557C554D
:102960008355A9558755A855DA55C555DF55C45522
:10297000DC55E455D4551456F7551656FE55FD55FD
:102980001B56F9554E565056DF7134563656325650
:1029900038566B5664562F566C566A568656805675
:1029A0008A56A05694568F56A556AE56B656B4566D
:1029B000C256BC56C156C356C056C856CE56D1563E
:1029C000D356D756EE56F9560057FF5604570957B7
:1029D00008570B570D57135718571657C7551C57FD
:1029E0002657375738574E573B5740574F57695719
:1029F000C057885761577F5789579357A057B35788
:102A0000A457AA57B057C357C657D457D257D3570E
:102A10000A58D657E3570B5819581D587258215861
:102A200062584B587058C06B52583D587958855869
:102A3000B9589F58AB58BA58DE58BB58B858AE581A
:102A4000C558D358D158D758D958D858E558DC5814
:102A5000E458DF58EF58FA58F958FB58FC58FD581D
:102A600002590A5910591B59A66825592C592D5934
:102A7000325938593E59D27A555950594E595A59A6
:102A800058596259605967596C596959785981592F
:102A90009D595E4FAB4FA359B259C659E859DC59FD
:102AA0008D59D959DA59255A1F5A115A1C5A095A9F
:102AB0001A5A405A6C5A495A355A365A625A6A5A00
:102AC0009A5ABC5ABE5ACB5AC25ABD5AE35AD75A1E
:102AD000E65AE95AD65AFA5AFB5A0C5B0B5B165B5C
:102AE000325BD05A2A5B365B3E5B435B455B405BA7
:102AF000515B555B5A5B5B5B655B695B705B735BF2
:102B0000755B785B88657A5B805B835BA65BB85B93
:102B1000C35BC75BC95BD45BD05BE45BE65BE25B3A
:102B2000DE5BE55BEB5BF05BF65BF35B055C075C38
:102B3000085C0D5C135C205C225C285C385C395CB2
:102B4000415C465C4E5C535C505C4F5C715B6C5C02
:102B50006E5C624E765C795C8C5C915C945C9B599B
:102B6000AB5CBB5CB65CBC5CB75CC55CBE5CC75CAC
:102B7000D95CE95CFD5CFA5CED5C8C5DEA5C0B5D4C
:102B8000155D175D5C5D1F5D1B5D115D145D225D54
:102B90001A5D195D185D4C5D525D4E5D4B5D6C5D5F
:102BA000735D765D875D845D825DA25D9D5DAC5DDC
:102BB000AE5DBD5D905DB75DBC5DC95DCD5DD35D56
:102BC000D25DD65DDB5DEB5DF25DF55D0B5E1A5EA1
:102BD000195E115E1B5E365E375E445E435E405E8C
:102BE0004E5E575E545E5F5E625E645E475E755E1B
:102BF000765E7A5EBC9E7F5EA05EC15EC25EC85E8F
:102C0000D05ECF5ED65EE35EDD5EDA5EDB5EE25E08
:102C1000E15EE85EE95EEC5EF15EF35EF05EF45E5E
:102C2000F85EFE5E035F095F5D5F5C5F0B5F115FD7
:102C3000165F295F2D5F385F415F485F4C5F4E5FD5
:102C40002F5F515F565F575F595F615F6D5F735FC5
:102C5000775F835F825F7F5F8A5F885F915F875F57
:102C60009E5F995F985FA05FA85FAD5FBC5FD65F16
:102C7000FB5FE45FF85FF15FDD5FB360FF5F2160E2
:102C800060601960106029600E6031601B60156023
:102C90002B6026600F603A605A6041606A6077601E
:102CA0005F604A6046604D6063604360646042609C
:102CB0006C606B60596081608D60E76083609A60D2
:102CC00084609B60966097609260A7608B60E16013
:102CD000B860E060D360B460F05FBD60C660B560AE
:102CE000D8604D6115610661F660F7600061F460BF
:102CF000FA6003612161FB60F1600D610E61476163
:102D00003E61286127614A613F613C612C61346109
:102D10003D614261446173617761586159615A61F3
:102D20006B6174616F61656171615F615D61536168
:102D30007561996196618761AC6194619A618A61FC
:102D40009161AB61AE61CC61CA61C961F761C86173
:102D5000C361C661BA61CB61797FCD61E661E36130
:102D6000F661FA61F461FF61FD61FC61FE61006280
:102D7000086209620D620C6214621B621E622162AB
:102D80002A622E6230623262336241624E625E6259
:102D900063625B62606268627C62826289627E6298
:102DA000926293629662D46283629462D762D162C5
:102DB000BB62CF62FF62C662D464C862DC62CC626E
:102DC000CA62C262C7629B62C9620C63EE62F16250
:102DD000276302630863EF62F56250633E634D63ED
:102DE0001C644F6396638E638063AB637663A363F7
:102DF0008F6389639F63B5636B636963BE63E963D4
:102E0000C063C663E363C963D263F663C4631664D5
:102E1000346406641364266436641D65176428648C
:102E20000F6467646F6476644E642A659564936486
:102E3000A564A9648864BC64DA64D264C564C764A8
:102E4000BB64D864C264F164E7640982E064E1644D
:102E5000AC62E364EF642C65F664F464F264FA64D3
:102E60000065FD6418651C650565246523652B6593
:102E7000346535653765366538654B754865566523
:102E800055654D6558655E655D65726578658265F9
:102E900083658A8B9B659F65AB65B765C365C665B2
:102EA000C165C465CC65D265DB65D965E065E16562
:102EB000F16572670A660366FB6573673566366699
:102EC00034661C664F664466496641665E665D66AA
:102ED0006466676668665F66626670668366886653
:102EE0008E668966846698669D66C166B966C9669F
:102EF000BE66BC66C466B866D666DA66E0663F66DD
:102F0000E666E966F066F566F7660F6716671E67A0
:102F10002667276738972E673F67366741673867A8
:102F2000376746675E676067596763676467896785
:102F30007067A9677C676A678C678B67A667A167FC
:102F40008567B767EF67B467EC67B367E967B8672A
:102F5000E467DE67DD67E267EE67B967CE67C6677D
:102F6000E7679C6A1E684668296840684D68326851
:102F70004E68B3682B685968636877687F689F6894
:102F80008F68AD6894689D689B688368AE6AB9680D
:102F90007468B568A068BA680F698D687E68016951
:102FA000CA680869D86822692669E1680C69CD6831
:102FB000D468E768D568366912690469D768E36838
:102FC0002569F968E068EF6828692A691A69236940
:102FD0002169C668796977695C6978696B69546940
:102FE0007E696E69396974693D69596930696169D9
:102FF0005E695D6981696A69B269AE69D069BF69F4
:10300000C169D369BE69CE69E85BCA69DD69BB691C
:10301000C369A7692E6A9169A0699C699569B469B9
:10302000DE69E869026A1B6AFF690A6BF969F2697D
:10303000E769056AB1691E6AED69146AEB690A6A93
:10304000126AC16A236A136A446A0C6A726A366A2F
:10305000786A476A626A596A666A486A386A226A9E
:10306000906A8D6AA06A846AA26AA36A976A1786C0
:10307000BB6AC36AC26AB86AB36AAC6ADE6AD16AFA
:10308000DF6AAA6ADA6AEA6AFB6A056B1686FA6A76
:10309000126B166B319B1F6B386B376BDC76396BA1
:1030A000EE98476B436B496B506B596B546B5B6B82
:1030B0005F6B616B786B796B7F6B806B846B836B01
:1030C0008D6B986B956B9E6BA46BAA6BAB6BAF6BA8
:1030D000B26BB16BB36BB76BBC6BC66BCB6BD36BAB
:1030E000DF6BEC6BEB6BF36BEF6BBE9E086C136CE2
:1030F000146C1B6C246C236C5E6C556C626C6A6C7B
:10310000826C8D6C9A6C816C9B6C7E6C686C736C41
:10311000926C906CC46CF16CD36CBD6CD76CC56C4C
:10312000DD6CAE6CB16CBE6CBA6CDB6CEF6CD96CE8
:10313000EA6C1F6D4D88366D2B6D3D6D386D196DC8
:10314000356D336D126D0C6D636D936D646D5A6DDD
:10315000796D596D8E6D956DE46F856DF96D156E98
:103160000A6EB56DC76DE66DB86DC66DEC6DDE6D42
:10317000CC6DE86DD26DC56DFA6DD96DE46DD56D10
:10318000EA6DEE6D2D6E6E6E2E6E196E726E5F6E46
:103190003E6E236E6B6E2B6E766E4D6E1F6E436EA3
:1031A0003A6E4E6E246EFF6E1D6E386E826EAA6E83
:1031B000986EC96EB76ED36EBD6EAF6EC46EB26ED2
:1031C000D46ED56E8F6EA56EC26E9F6E416F116FFD
:1031D0004C70EC6EF86EFE6E3F6FF26E316FEF6EFC
:1031E000326FCC6E3E6F136FF76E866F7A6F786FAB
:1031F000816F806F6F6F5B6FF36F6D6F826F7C6F2E
:10320000586F8E6F916FC26F666FB36FA36FA16FB0
:10321000A46FB96FC66FAA6FDF6FD56FEC6FD46FF5
:10322000D86FF16FEE6FDB6F09700B70FA6F117072
:1032300001700F70FE6F1B701A70746F1D70187024
:103240001F7030703E703270517063709970927060
:10325000AF70F170AC70B870B370AE70DF70CB70DF
:10326000DD70D9700971FD701C711971657155712E
:103270008871667162714C7156716C718F71FB71DE
:1032800084719571A871AC71D771B971BE71D27129
:10329000C971D471CE71E071EC71E771F571FC7197
:1032A000F971FF710D7210721B7228722D722C72DF
:1032B000307232723B723C723F72407246724B7295
:1032C000587274727E728272817287729272967272
:1032D000A272A772B972B272C372C672C472CE728F
:1032E000D272E272E072E172F972F7720F501773E4
:1032F0000A731C7316731D7334732F73297325732C
:103300003E734E734F73D89E57736A7368737073AE
:10331000787375737B737A73C873B373CE73BB732F
:10332000C073E573EE73DE73A27405746F74257455
:10333000F87332743A7455743F745F7459744174FD
:103340005C746974707463746A7476747E748B745C
:103350009E74A774CA74CF74D474F173E074E37468
:10336000E774E974EE74F274F074F174F874F7743D
:103370000475037505750C750E750D75157513754A
:103380001E7526752C753C7544754D754A754975C5
:103390005B7546755A756975647567756B756D757E
:1033A000787576758675877574758A758975827571
:1033B00094759A759D75A575A375C275B375C3751A
:1033C000B575BD75B875BC75B175CD75CA75D27555
:1033D000D975E375DE75FE75FF75FC750176F075C0
:1033E000FA75F275F3750B760D7609761F762776EA
:1033F0002076217622762476347630763B764776B0
:10340000487646765C765876617662766876697636
:103410006A7667766C7670767276767678767C7673
:103420008076837688768B768E7696769376997686
:103430009A76B076B476B876B976BA76C276CD7624
:10344000D676D276DE76E176E576E776EA762F8670
:10345000FB76087707770477297724771E77257717
:1034600026771B773777387747775A7768776B7780
:103470005B7765777F777E7779778E778B779177B4
:10348000A0779E77B077B677B977BF77BC77BD77EF
:10349000BB77C777CD77D777DA77DC77E377EE77C7
:1034A000FC770C781278267920782A7945788E78FE
:1034B000747886787C789A788C78A378B578AA78AE
:1034C000AF78D178C678CB78D478BE78BC78C57818
:1034D000CA78EC78E778DA78FD78F47807791279A9
:1034E000117919792C792B794079607957795F793D
:1034F0005A79557953797A797F798A799D79A7793B
:103500004B9FAA79AE79B379B979BA79C979D57966
:10351000E779EC79E179E379087A0D7A187A197A02
:10352000207A1F7A8079317A3B7A3E7A377A437AE9
:10353000577A497A617A627A697A9D9F707A797A44
:103540007D7A887A977A957A987A967AA97AC87ADB
:10355000B07AB67AC57AC47ABF7A8390C77ACA7AC3
:10356000CD7ACF7AD57AD37AD97ADA7ADD7AE17AD6
:10357000E27AE67AED7AF07A027B0F7B0A7B067BB1
:10358000337B187B197B1E7B357B287B367B507BFE
:103590007A7B047B4D7B0B7B4C7B457B757B657B12
:1035A000747B677B707B717B6C7B6E7B9D7B987B78
:1035B0009F7B8D7B9C7B9A7B8B7B927B8F7B5D7BC8
:1035C000997BCB7BC17BCC7BCF7BB47BC67BDD7B0C
:1035D000E97B117C147CE67BE57B607C007C077CCE
:1035E000137CF37BF77B177C0D7CF67B237C277C9D
:1035F0002A7C1F7C377C2B7C3D7C4C7C437C547C20
:103600004F7C407C507C587C5F7C647C567C657C25
:103610006C7C757C837C907CA47CAD7CA27CAB7C38
:10362000A17CA87CB37CB27CB17CAE7CB97CBD7C37
:10363000C07CC57CC27CD87CD27CDC7CE27C3B9BA1
:10364000EF7CF27CF47CF67CFA7C067D027D1C7DAE
:10365000157D0A7D457D4B7D2E7D327D3F7D357DFF
:10366000467D737D567D4E7D727D687D6E7D4F7D7E
:10367000637D937D897D5B7D8F7D7D7D9B7DBA7D27
:10368000AE7DA37DB57DC77DBD7DAB7D3D7EA27D3D
:10369000AF7DDC7DB87D9F7DB07DD87DDD7DE47D17
:1036A000DE7DFB7DF27DE17D057E0A7E237E217E2F
:1036B000127E317E1F7E097E0B7E227E467E667ED6
:1036C0003B7E357E397E437E377E327E3A7E677E14
:1036D0005D7E567E5E7E597E5A7E797E6A7E697EEA
:1036E0007C7E7B7E837ED57D7D7EAE8F7F7E887E59
:1036F000897E8C7E927E907E937E947E967E8E7E58
:103700009B7E9C7E387F3A7F457F4C7F4D7F4E7FEE
:10371000507F517F557F547F587F5F7F607F687FE8
:10372000697F677F787F827F867F837F887F877FBF
:103730008C7F947F9E7F9D7F9A7FA37FAF7FB27F98
:10374000B97FAE7FB67FB87F718BC57FC67FCA7FDA
:10375000D57FD47FE17FE67FE97FF37FF97FDC9837
:10376000068004800B801280188019801C802180C4
:1037700028803F803B804A804680528058805A8013
:103780005F806280688073807280708076807980CC
:103790007D807F808480868085809B8093809A80D6
:1037A000AD809051AC80DB80E580D980DD80C48025
:1037B000DA80D6800981EF80F1801B812981238105
:1037C0002F814B818B9646813E8153815181FC80B4
:1037D00071816E81658166817481838188818A812E
:1037E00080818281A0819581A481A3815F81938161
:1037F000A981B081B581BE81B881BD81C081C281FE
:10380000BA81C981CD81D181D981D881C881DA813C
:10381000DF81E081E781FA81FB81FE810182028202
:10382000058207820A820D821082168229822B82EB
:10383000388233824082598258825D825A825F8206
:103840006482628268826A826B822E82718277824F
:1038500078827E828D829282AB829F82BB82AC8292
:10386000E182E382DF82D282F482F382FA8293835E
:103870000383FB82F982DE820683DC820983D9829C
:103880003583348316833283318340833983508375
:1038900045832F832B831783188385839A83AA8379
:1038A0009F83A283968323838E8387838A837C83EB
:1038B000B58373837583A0838983A883F48313847A
:1038C000EB83CE83FD830384D8830B84C183F7838A
:1038D0000784E083F2830D8422842084BD833884AE
:1038E0000685FB836D842A843C845A85848477848E
:1038F0006B84AD846E848284698446842C846F8456
:1039000079843584CA846284B984BF849F84D984CD
:10391000CD84BB84DA84D084C184C684D684A18457
:103920002185FF84F484178518852C851F851585CE
:103930001485FC84408563855885488541850286C9
:103940004B8555858085A485888591858A85A88540
:103950006D8594859B85EA8587859C8577857E85A1
:103960009085C985BA85CF85B985D085D585DD8512
:10397000E585DC85F9850A8613860B86FE85FA8542
:10398000068622861A8630863F864D86554E548698
:103990005F86678671869386A386A986AA868B86AC
:1039A0008C86B686AF86C486C686B086C9862388CE
:1039B000AB86D486DE86E986EC86DF86DB86EF86FC
:1039C00012870687088700870387FB861187098788
:1039D0000D87F9860A8734873F8737873B87258796
:1039E00029871A8760875F8778874C874E87748717
:1039F000578768876E875987538763876A870588E3
:103A0000A2879F878287AF87CB87BD87C087D087F4
:103A1000D696AB87C487B387C787C687BB87EF8730
:103A2000F287E0870F880D88FE87F687F7870E8874
:103A3000D28711881688158822882188318836888F
:103A4000398827883B8844884288528859885E880C
:103A500062886B8881887E889E8875887D88B58815
:103A60007288828897889288AE889988A2888D8883
:103A7000A488B088BF88B188C388C488D488D8880F
:103A8000D988DD88F9880289FC88F488E888F2887A
:103A900004890C890A89138943891E8925892A8901
:103AA0002B89418944893B89368938894C891D890C
:103AB00060895E89668964896D896A896F8974897C
:103AC00077897E89838988898A8993899889A18958
:103AD000A989A689AC89AF89B289BA89BD89BF890C
:103AE000C089DA89DC89DD89E789F489F889038A64
:103AF000168A108A0C8A1B8A1D8A258A368A418A70
:103B00005B8A528A468A488A7C8A6D8A6C8A628A73
:103B1000858A828A848AA88AA18A918AA58AA68AA5
:103B20009A8AA38AC48ACD8AC28ADA8AEB8AF38AFD
:103B3000E78AE48AF18A148BE08AE28AF78ADE8ACD
:103B4000DB8A0C8B078B1A8BE18A168B108B178BF9
:103B5000208B338BAB97268B2B8B3E8B288B418B0B
:103B60004C8B4F8B4E8B498B568B5B8B5A8B6B8B55
:103B70005F8B6C8B6F8B748B7D8B808B8C8B8E8B28
:103B8000928B938B968B998B9A8B3A8C418C3F8C32
:103B9000488C4C8C4E8C508C558C628C6C8C788CF8
:103BA0007A8C828C898C858C8A8C8D8C8E8C948C72
:103BB0007C8C988C1D62AD8CAA8CBD8CB28CB38C25
:103BC000AE8CB68CC88CC18CE48CE38CDA8CFD8C0A
:103BD000FA8CFB8C048D058D0A8D078D0F8D0D8D54
:103BE000108D4E9F138DCD8C148D168D678D6D8D20
:103BF000718D738D818D998DC28DBE8DBA8DCF8D56
:103C0000DA8DD68DCC8DDB8DCB8DEA8DEB8DDF8D76
:103C1000E38DFC8D088E098EFF8D1D8E1E8E108EFD
:103C20001F8E428E358E308E348E4A8E478E498E50
:103C30004C8E508E488E598E648E608E2A8E638E86
:103C4000558E768E728E7C8E818E878E858E848E3A
:103C50008B8E8A8E938E918E948E998EAA8EA18E43
:103C6000AC8EB08EC68EB18EBE8EC58EC88ECB8EFB
:103C7000DB8EE38EFC8EFB8EEB8EFE8E0A8F058F25
:103C8000158F128F198F138F1C8F1F8F1B8F0C8F07
:103C9000268F338F3B8F398F458F428F3E8F4C8FCE
:103CA000498F468F4E8F578F5C8F628F638F648FE3
:103CB0009C8F9F8FA38FAD8FAF8FB78FDA8FE58FDC
:103CC000E28FEA8FEF8F8790F48F0590F98FFA8F4C
:103CD0001190159021900D901E9016900B902790AA
:103CE000369035903990F88F4F9050905190529077
:103CF0000E9049903E90569058905E9068906F90CC
:103D00007690A896729082907D90819080908A9013
:103D100089908F90A890AF90B190B590E290E49088
:103D20004862DB90029112911991329130914A913F
:103D300056915891639165916991739172918B91AC
:103D400089918291A291AB91AF91AA91B591B491D1
:103D5000BA91C091C191C991CB91D091D691DF9187
:103D6000E191DB91FC91F591F6911E92FF911492F5
:103D70002C92159211925E925792459249926492BA
:103D8000489295923F924B9250929C929692939227
:103D90009B925A92CF92B992B792E9920F93FA926C
:103DA00044932E93199322931A9323933A93359322
:103DB0003B935C9360937C936E935693B093AC93D8
:103DC000AD939493B993D693D793E893E593D8930F
:103DD000C393DD93D093C893E4931A9414941394EB
:103DE00003940794109436942B94359421943A9428
:103DF0004194529444945B94609462945E946A9467
:103E000029927094759477947D945A947C947E94BE
:103E100081947F94829587958A95949596959895A7
:103E20009995A095A895A795AD95BC95BB95B99585
:103E3000BE95CA95F66FC395CD95CC95D595D4957D
:103E4000D695DC95E195E595E295219628962E96F6
:103E50002F9642964C964F964B9677965C965E962A
:103E60005D965F96669672966C968D9698969596E8
:103E70009796AA96A796B196B296B096B496B6962D
:103E8000B896B996CE96CB96C996CD964D89DC96C6
:103E90000D97D596F99604970697089713970E975E
:103EA00011970F971697199724972A973097399754
:103EB0003D973E97449746974897429749975C9716
:103EC0006097649766976897D2526B9771977997C6
:103ED00085977C9781977A9786978B978F979097FE
:103EE0009C97A897A697A397B397B497C397C6979D
:103EF000C897CB97DC97ED974F9FF297DF7AF697AD
:103F0000F5970F980C9838982498219837983D98F1
:103F100046984F984B986B986F98709871987498D2
:103F20007398AA98AF98B198B698C498C398C69851
:103F3000E998EB980399099912991499189921997C
:103F40001D991E99249920992C992E993D993E9955
:103F500042994999459950994B99519952994C993F
:103F6000559997999899A599AD99AE99BC99DF996A
:103F7000DB99DD99D899D199ED99EE99F199F2995A
:103F8000FB99F899019A0F9A059AE299199A2B9A36
:103F9000379A459A429A409A439A3E9A559A4D9A30
:103FA0005B9A579A5F9A629A659A649A699A6B9A31
:103FB0006A9AAD9AB09ABC9AC09ACF9AD19AD39A7B
:103FC000D49ADE9ADF9AE29AE39AE69AEF9AEB9A0B
:103FD000EE9AF49AF19AF79AFB9A069B189B1A9B11
:103FE0001F9B229B239B259B279B289B299B2A9BCE
:103FF0002E9B2F9B329B449B439B4F9B4D9B4E9BE9
:10400000519B589B749B939B839B919B969B979BE7
:104010009F9BA09BA89BB49BC09BCA9BB99BC69B24
:10402000CF9BD19BD29BE39BE29BE49BD49BE19BE8
:104030003A9CF29BF19BF09B159C149C099C139C51
:104040000C9C069C089C129C0A9C049C2E9C1B9C0D
:10405000259C249C219C309C479C329C469C3E9CE9
:104060005A9C609C679C769C789CE79CEC9CF09C9E
:10407000099D089DEB9C039D069D2A9D269DAF9D55
:10408000239D1F9D449D159D129D419D3F9D3E9DDD
:10409000469D489D5D9D5E9D649D519D509D599D91
:1040A000729D899D879DAB9D6F9D7A9D9A9DA49DD4
:1040B000A99DB29DC49DC19DBB9DB89DBA9DC69D45
:1040C000CF9DC29DD99DD39DF89DE69DED9DEF9D11
:1040D000FD9D1A9E1B9E1E9E759E799E7D9E819EB5
:1040E000889E8B9E8C9E929E959E919E9D9EA59E47
:1040F000A99EB89EAA9EAD9E6197CC9ECE9ECF9E55
:10410000D09ED49EDC9EDE9EDD9EE09EE59EE89ED7
:10411000EF9EF49EF69EF79EF99EFB9EFC9EFD9EF2
:10412000079F089FB776159F219F2C9F3E9F4A9F10
:10413000529F549F639F5F9F609F619F669F679F91
:104140006C9F6A9F779F729F769F959F9C9FA09F71
:104150002F58C76959906474DC5199719C4E16555B
:10416000035A3F96C0541B612863F6592290758408
:104170001C83507AAA60E163256EED656684A68291
:10418000F59B93682757A16571629B5BD0597B862D
:10419000F498627DBE7D8E9B16629F7CB788895B9A
:1041A000B55E096397664868C7958D974F67E54E7A
:1041B0000A4F4D4F9D4F4950F2563759D459015A25
:1041C000095CDF600F61706113660569BA704F7535
:1041D0007075FB79AD7DEF7DC3800E846388028BA3
:1041E00055907A903B53954EA54EDF57B280C190C3
:1041F000EF78004EF158A26E3890327A28838B8285
:104200002F9C41517053BD54E154E056FB59155F4A
:10421000F298EB6DE4802D8562967096A096FB97E0
:104220000B54F353875BCF70BD7FC28FE8966F53FB
:104230005C9DBA7A114E9378FC81266E185604550F
:104240001D6B1A853B9CE559A953666DDC748F95EF
:104250004256914E4B90F2964F830C99E153B655CE
:10426000305B715F2066F3660468386CF36C296D0F
:104270005B74C8764E7A3498F1825B88608AED92DE
:10428000B26DAB75CA76C599A660018B8A8DB29561
:104290008E69AD538651125730584459B45BF65E5F
:1042A0002860A963F463BF6C146F8E701471597128
:1042B000D5713F73017E7682D182978560905B9243
:1042C0001B9D6958BC655A6C2575F9512E59655965
:1042D000805FDC5FBC62FA652A6A276BB46B8B7304
:1042E000C17F56892C9D0E9DC49EA15C966C7B83DC
:1042F00004514B5CB661C68176686172594EFA4FC3
:1043000078536960296E4F7AF3970B4E1653EE4E31
:10431000554F3D4FA14F734FA052EF5309560F59C0
:10432000C15AB65BE15BD17987669C67B6674C6B17
:10433000B36C6B70C2738D79BE793C7A877BB18226
:10434000DB8204837783EF83D3836687B28A29561F
:10435000A88CE68F4E901E978A86C44FE85C116247
:1043600059723B75E581BD82FE86C08CC596139956
:10437000D599CB4E1A4FE389DE564A58CA58FB5E90
:10438000EB5F2A6094606260D0611262D06239652E
:10439000419B6666B068776D70704C758676757DEA
:1043A000A582F9878B958E969D8CF151BE52165938
:1043B000B354B35B165D68618269AF6D8D78CB8451
:1043C0005788728AA793B89A6C6DA899D986A35713
:1043D000FF67CE860E92835287560454D35EE16205
:1043E000B9643C683868BB6B7273BA786B7A9A8927
:1043F000D2896B8D038FED90A39594966997665B38
:10440000B35C7D694D984E989B63207B2B6A7F6AD5
:10441000B6680D9C5F6F72529D557060EC623B6D8B
:10442000076ED16E5B841089448F144E399CF6530D
:104430001B693A6A84972A685C51C37AB284DC911A
:104440008C935B56289D226805833184A57C085295
:10445000C582E6747E4E834FA051D25B0A52D85279
:10446000E752FB5D9A552A58E6598C5B985BDB5BFB
:10447000725E795EA3601F616361BE61DB6362652A
:10448000D1675368FA683E6B536B576C226F976F16
:10449000456FB0741875E3760B77FF7AA17B217CAA
:1044A000E97D367FF07F9D8066829E83B389CC8ACA
:1044B000AB8C8490519493959195A2956596D397E2
:1044C00028991882384E2B54B85CCC5DA9734C7671
:1044D0003C77A95CEB7F0B8DC19611985498589846
:1044E000014F0E4F71539C556856FA574759095B57
:1044F000C45B905C0C5E7E5ECC5FEE633A67D76512
:10450000E2651F67CB68C4685F6A305EC56B176C75
:104510007D6C7F754879635B007A007DBD5F8F8914
:10452000188AB48C778DCC8E1D8FE2980E9A3C9BA6
:10453000804E7D50005193599C5B2F628062EC64E9
:104540003A6BA07291754779A97FFB87BC8A708B03
:10455000AC63CA83A09709540354AB555468586A96
:10456000708A27787567CD9E7453A25B1A81508636
:104570000690184E454EC74E114FCA533854AE5B85
:10458000135F256051653D67426C726CE36C787017
:104590000374767AAE7A087B1A7DFE7C667DE765C9
:1045A0005B72BB53455CE85DD262E0621963206ECA
:1045B0005A86318ADD8DF892016FA6795A9BA84EF2
:1045C000AB4EAC4E9B4FA04FD1504751F67A715134
:1045D000F651545321537F53EB53AC558358E15C50
:1045E000375F4A5F2F6050606D601F6359654B6A8B
:1045F000C16CC272ED72EF77F880058108824E853A
:10460000F790E193FF9757995A9AF04EDD512D5C40
:1046100081666D69405CF266756989735068817C5A
:10462000C550E4524757FE5D2693A465236B3D6B4E
:1046300034748179BD794B7BCA7DB982CC837F8804
:104640005F89398BD18FD1911F5480925D4E365046
:10465000E5533A53D7729673E977E682AF8EC699DF
:10466000C899D29977511A615E86B0557A7A765098
:10467000D35B47908596324EDB6AE791515C485C8C
:1046800098639F7A936C7497618FAA7A8A718896DF
:10469000827C1768707E51686C93F2521B54AB8514
:1046A000138AA47FCD8EE190665388884179C24FEA
:1046B000BE501152445153552D57EA738B575159DF
:1046C000625F845F756076616761A961B2633A6415
:1046D0006C656F664268136E66753D7AFB7C4C7D37
:1046E000997D4B7E6B7F0E834A83CD86088A638AD1
:1046F000668BFD8E1A988F9DB882CE8FE89B87526D
:104700001F628364C06F999641689150206B7A6CE8
:10471000546F747A507D4088238A0867F64E39506A
:10472000265065507C5138526352A7550F57055893
:10473000CC5AFA5EB261F861F36272631C69296A4D
:104740007D72AC722E7314786F78797D0C77A980A6
:104750008B89198BE28CD28E639075937A965598DB
:10476000139A789E43519F53B3537B5E265F1B6E13
:10477000906E8473FE73437D3782008AFA8A509666
:104780004E4E0B50E4537C54FA56D159645BF15DA4
:10479000AB5E275F38624565AF67566ED072CA7CE4
:1047A000B488A180E180F0834E86878AE88D3792B5
:1047B000C7966798139F944E924E0D4F4853495495
:1047C0003E542F5A8C5FA15F9F60A7688E6A5A740F
:1047D00081789E8AA48A778B90915E4EC99BA44E65
:1047E0007C4FAF4F1950165049516C519F52B952DE
:1047F000FE529A53E35311540E5489555157A25700
:104800007D59545B5D5B8F5BE55DE75DF75D785ED1
:10481000835E9A5EB75E185F52604C619762D862A1
:10482000A7633B6502664366F4666D672168976817
:10483000CB695F6C2A6D696D2F6E9D6E32758776C0
:104840006C783F7AE07C057D187D5E7DB17D1580BA
:104850000380AF80B18054818F812A8252834C883B
:1048600061881B8BA28CFC8CCA90759171923F78E9
:10487000FC92A4954D9605989999D89A3B9D5B52C8
:10488000AB52F7530854D558F762E06F6A8C5F8FCC
:10489000B99E4B513B524A54FD56407A7791609DE8
:1048A000D29E4473096F70811175FD5FDA60A89A1A
:1048B000DB72BC8F646B0398CA4EF0566457BE58C7
:1048C0005A5A6860C7610F6606663968B168F76D45
:1048D000D5753A7D6E82429B9B4E504FC95306550B
:1048E0006F5DE65DEE5DFB67996C73740278508ACC
:1048F0009693DF885057A75E2B63B550AC508D510F
:104900000067C9545E58BB59B05B695F4D62A163D3
:104910003D68736B086E7D70C7918072157826783C
:104920006D798E65307DDC83C188098F9B966452DA
:10493000285750676A7FA18CB45142572A963A583B
:104940008A69B480B2540E5DFC579578FA9D5C4F2D
:104950004A528B543E6428661467F567847A567B06
:10496000227D2F935C68AD9B397B19538A51375256
:10497000DF5BF662AE64E6642D67BA6BA985D196FB
:104980009076D69B4C630693AB9BBF765266094EDE
:104990009850C253715CE860926463655F68E67129
:1049A000CA732375977B827E9586838BDB8C789187
:1049B0001099AC65AB668B6BD54ED44E3A4F7F4F9A
:1049C0003A52F853F253E355DB56EB58CB59C959D9
:1049D000FF59505B4D5C025E2B5ED75F1D60076325
:1049E0002F655C5BAF65BD65E8659D67626B7B6B42
:1049F0000F6C45734979C179F87C197D2B7DA280B4
:104A00000281F38196895E8A698A668A8C8AEE8A37
:104A1000C78CDC8CCC96FC986F6B8B4E3C4F8D4FCB
:104A20005051575BFA5B486101634266216BCB6E64
:104A3000BB6C3E72BD74D475C1783A790C803380FA
:104A4000EA8194849E8F506C7F9E0F5F588B2B9DC4
:104A5000FA7AF88E8D5BEB96034EF153F757315986
:104A6000C95AA45B89607F6E066FBE75EA8C9F5B36
:104A70000085E07B7250F4679D82615C4A851E7EF2
:104A80000E829951045C6863668D9C656E713E79F7
:104A9000177D05801D8BCA8E6E90C786AA901F5009
:104AA000FA523A5C53677C7035724C91C8912B93E3
:104AB000E582C25B315FF9603B4ED653885B4B6247
:104AC00031678A6BE972E0732E7A6B81A38D529104
:104AD00096991251D7536A54FF5B8863396AAC7D4B
:104AE0000097DA56CE536854975B315CDE5DEE4F2B
:104AF0000161FE62326DC079CB79427D4D7ED27FFD
:104B0000ED811F82908446887289908B748E2F8FDE
:104B100031904B916C91C6969C91C04E4F4F455130
:104B20004153935F0E62D467416C0B6E6373267EB4
:104B3000CD918392D4531959BF5BD16D5D792E7E8F
:104B40009B7C7E589F71FA515388F08FCA4FFB5C53
:104B50002566AC77E37A1C82FF99C651AA5FEC65A3
:104B60006F69896BF36D966E646FFE76147DE15DFF
:104B7000759087910698E6511D5240629166D966FC
:104B80001A6EB65ED27D727FF866AF85F785F88AB9
:104B9000A952D95373598F5E905F5560E492649621
:104BA000B7501F51DD5220534753EC53E85446553C
:104BB000315517566859BE593C5AB55B065C0F5CB7
:104BC000115C1A5C845E8A5EE05E705F7F62846264
:104BD000DB628C63776307660C662D6676667E679C
:104BE000A2681F6A356ABC6C886D096E586E3C718C
:104BF00026716771C77501775D7801796579F079FC
:104C0000E07A117BA77C397D9680D6838B84498599
:104C10005D88F3881F8A3C8A548A738A618CDE8C93
:104C2000A49166927E9318949C9698970A4E084E8B
:104C30001E4E574E97517052CE573458CC58225B67
:104C4000385EC560FE6461675667446DB672737501
:104C5000637AB884728BB89120933156F457FE98DA
:104C6000ED620D69966BED71547E77807282E689F4
:104C7000DF985587B18F3B5C384FE14FB54F0755F3
:104C8000205ADD5BE95BC35F4E612F63B0654B6605
:104C9000EE689B69786DF16D3375B9751F775E7934
:104CA000E679337DE381AF82AA85AA893A8AAB8E01
:104CB0009B8F3290DD910797BA4EC14E03527558C3
:104CC000EC580B5C1A753D5C4E810A8AC58F639661
:104CD0006D97257BCF8A08986291F356A853179059
:104CE00039548257255EA863346C8A7061778B7C57
:104CF000E07F708842905491109318938F965E7461
:104D0000C49A075D695D7065A267A88DDB966E63C6
:104D100049671969C5831798C096FE88846F7A64BD
:104D2000F85B164E2C705D752F66C4513652E252F8
:104D3000D359815F276010623F6574651F66746692
:104D4000F2681668636B056E72721F75DB76BE7C47
:104D50005680F058FD887F89A08A938ACB8A1D905F
:104D600092915297599789650E7A0681BB962D5E6E
:104D7000DC601A62A56514669067F3774D7A4D7C06
:104D80003E7E0A81AC8C648DE18D5F8EA9780752DE
:104D9000D962A563426498622D8A837AC07BAC8A0B
:104DA000EA96767D0C824987D94E48514353605329
:104DB000A35B025C165CDD5D26624762B06413682B
:104DC0003468C96C456D176DD3675C6F4E717D712A
:104DD000CB657F7AAD7BDA7D4A7EA87F7A811B82A4
:104DE0003982A6856E8ACE8CF58D78907790AD92BB
:104DF00091928395AE9B4D528455386F36716851B0
:104E00008579557EB381CE7C4C565158A85CAA63F7
:104E1000FE66FD665A69D9728F758E750E79567960
:104E2000DF79977C207D447D0786348A3B966190AC
:104E3000209FE7507552CC53E2530950AA55EE58C3
:104E40004F593D728B5B645C1D53E360F3605C63A0
:104E500083633F63BB63CD64E965F966E35DCD6958
:104E6000FD69156FE571894EE975F876937ADF7CF7
:104E7000CF7D9C7D6180498358836C84BC84FB8595
:104E8000C588708D01906D9097931C97129ACF50A2
:104E900097588E61D3813585088D2090C34F74500B
:104EA000475273536F6049635F672C6EB38D1F90D9
:104EB000D74F5E5CCA8CCF659A7D525396887651E7
:104EC000C363585B6B5B0A5C0D6451675C90D64EA4
:104ED0001A592A59706C518A3E551558A559F060D7
:104EE0005362C167358255694096C499289A534FD9
:104EF0000658FE5B1080B15C2F5E855F20604B61C1
:104F00003462FF66F06CDE6ECE807F81D4828B8847
:104F1000B88C00902E908A96DB9EDB9BE34EF0537C
:104F200027592C7B8D914C98F99DDD6E277053533A
:104F30004455855B58629E62D362A26CEF6F227407
:104F4000178A3894C16FFE8A3883E751F886EA538E
:104F5000E953464F5490B08F6A593181FD5DEA7A2A
:104F6000BF8FDA68378CF872489C3D6AB08A394E38
:104F7000585306566657C562A263E6654E6BE16DEF
:104F80005B6EAD70ED77EF7AAA7BBB7D3D80C6800E
:104F9000CB86958A5B93E356C7583E5FAD659666B0
:104FA000806AB56B3775C78A2450E57730571B5F29
:104FB00065607A66606CF4751A7A6E7FF481188782
:104FC0004590B399C97B5C75F97A517BC484109084
:104FD000E979927A3683E15A40772D4EF24E995B09
:104FE000E05FBD623C66F167E86C6B8677883B8A60
:104FF0004E91F392D099176A26702A73E7825784EC
:10500000AF8C014E4651CB518B55F55B165E335E2E
:10501000815E145F355F6B5FB45FF2611163A266FE
:105020001D676E6F52723A753A7774803981788154
:105030007687BF8ADC8A858DF38D9A927795029860
:10504000E59CC5525763F4761567886CCD73C38CA5
:10505000AE937396256D9C580E69CC69FD8F9A931B
:10506000DB751A905A580268B463FB69434F2C6F82
:10507000D867BB8F2685B47D54933F69706F6A579C
:10508000F7582C5B2C7D2A720A54E391B49DAD4EE7
:105090004E4F5C50755043529E8C485424589A5B36
:1050A0001D5E955EAD5EF75E1F5F8C60B5623A6314
:1050B000D063AF68406C87788E790B7AE07D478249
:1050C000028AE68A448E1390B8902D91D8910E9F53
:1050D000E56C5864E2647565F46E84761B7B6990B8
:1050E000D193BA6EF254B95FA4644D8FED8F4492A0
:1050F00078516B582959555C975EFB6D8F7E1C75F6
:10510000BC8CE28E5B98B9701D4FBF6BB16F307570
:10511000FB964E51105435585758AC59605C925F0D
:1051200097655C67216E7B76DF83ED8C1490FD9034
:105130004D9325783A78AA52A65E1F57745912608B
:1051400012505A51AC51CD51005210555458585824
:105150005759955BF65C8B5DBC6095622D647167F9
:105160004368BC68DF68D776D86D6F6E9B6D6F70D3
:10517000C871535FD8757779497B547B527BD67C55
:10518000717D305263846985E4850E8A048B468C78
:105190000F8E03900F90199476962D98309AD8958B
:1051A000CD50D5520C5402580E5CA7619E641E6D02
:1051B000B377E57AF480048453908592E05C079D90
:1051C0003F53975FB35F9C6D79726377BF79E47BE0
:1051D000D26BEC72AD8A0368616AF851817A3469E6
:1051E0004A5CF69CEB82C55B49911E7078566F5CF9
:1051F000C76066658C6C5A8C419013985154C76691
:105200000D924859A39085514D4EEA5199850E8BC8
:1052100058707A634B936269B499047E77755753DB
:105220006069DF8EE3965D6C8C4E3C5C105FE98FAD
:105230000253D18C89807986FF5EE565734E655196
:1052400082593F5CEE97FB4E8A59CD5F8D8AE16FA4
:10525000B0796279E75B71842B73B171745EF55F2D
:105260007B639A64C371987C434EFC5E4B4EDC5763
:10527000A256A960C36F0D7DFD803381BF81B28FBF
:105280009789A486F45D8A62AD6487897767E26C4A
:105290003E6D36743478465A757FAD82AC99F34FC3
:1052A000C35EDD62926357656F67C3764C72CC80D4
:1052B000BA80298F4D910D50F957925A85687369BC
:1052C0006471FD72B78CF258E08C6A9619907F87F2
:1052D000E479E77729842F4F65525A53CD62CF671F
:1052E000CA6C7D76947B957C36828485EB8FDD66F7
:1052F000206F06721B7EAB83C199A69EFD51B17BC8
:105300007278B87B8780487BE86A615E8C805175D3
:1053100060756B5162928C6E7A769791EA9A104F13
:10532000707F9C624F7BA595E99C7A565958E4861C
:10533000BC96344F24524A53CD53DB53065E2C6443
:1053400091657F673E6C4E6C4872AF72ED73547519
:10535000417E2C82E985A98CC47BC6916971129823
:10536000EF983D6369666A75E476D0784385EE868A
:105370002A53515326548359875E7C5FB260496239
:105380007962AB629065D46BCC6CB275AE76917875
:10539000D879CB7D777FA580AB88B98ABB8C7F908D
:1053A0005E97DB980B6A387C99503E5CAE5F8767EE
:1053B000D86B357409778E7F3B9FCA67177A39534C
:1053C0008B75ED9A665F9D81F18398803C5FC55F28
:1053D0006275467B3C906768EB599B5A107D7E76E0
:1053E0002C8BF54F6A5F196A376C026FE27468792B
:1053F0006888558A798CDF5ECF63C575D279D7828C
:105400002893F2929C84ED862D9CC1546C5F8C6530
:105410005C6D1570A78CD38C3B984F65F6740D4E60
:10542000D84EE0572B59665ACC5BA851035E9C5E60
:10543000166076627765A7656E666E6D3672267B3E
:1054400050819A8199825C8BA08CE68C748D1C961D
:105450004496AE4FAB64666B1E8261846A85E890A9
:10546000015C5369A8987A8457850F4F6F52A95FE2
:10547000455E0D678F79798107898689F56D175F9C
:105480005562B86CCF4E6972929B06523B5474566B
:10549000B358A4616E621A716E59897CDE7C1B7DE3
:1054A000F09687655E80194E754F75514058635E62
:1054B000735E0A5FC467264E3D8589955B96737C53
:1054C0000198FB50C1585676A7782552A5771185CB
:1054D000867B4F5009594772C77BE87DBA8FD48FBE
:1054E0004D90BF4FC952295A015FAD97DD4F1782CA
:1054F000EA9203575563696B2B75DC88148F427AE7
:10550000DF52935855610A62AE66CD6B3F7CE983EA
:105510002350F84F05534654315849599D5BF05C70
:10552000EF5C295D965EB16267633E65B9650B67A6
:10553000D56CE16CF97032782B7EDE80B3820C84FE
:10554000EC84028712892A8A4A8CA690D292FD980E
:10555000F39C6C9D4F4EA14E8D5056524A57A85900
:105560003D5ED85FD95F3F62B4661B67D067D26883
:105570009251217DAA80A881008B8C8CBF8C7E9259
:10558000329620542C981753D5505C53A858B264C7
:10559000346767726677467AE691C352A16C866B70
:1055A00000584C5E54592C67FB7FE151C676696404
:1055B000E878549BBB9ECB57B95927669A67CE6B48
:1055C000E954D969555E9C819567AA9BFE67529CF8
:1055D0005D68A64EE34FC853B9622B67AB6CC48FAE
:1055E000AD4F6D7EBF9E074E6261806E2B6F13853F
:1055F00073542A67459BF35D957BAC5CC65B1C8747
:105600004A6ED184147A088199598D7C116C207767
:10561000D952225921715F72DB772797619D0B69FF
:105620007F5A185AA5510D547D540E66DF76F78FB8
:105630009892F49CEA595D72C56E4D51C968BF7D60
:10564000EC7D6297BA9E7864216A028384595F5B1D
:10565000DB6B1B73F276B27D178099843251286719
:10566000D99EEE766267FF520599245C3B627E7C90
:10567000B08C4F55B6600B7D809501535F4EB6518F
:105680001C593A723680CE91255FE2778453795F58
:10569000047DAC85338A8D8E5697F367AE8553941F
:1056A00009610861B96C5276ED8A388F2F55514FD8
:1056B0002A51C752CB53A55B7D5EA0608261D66341
:1056C0000967DA67676E8C6D367337733175507999
:1056D000D588988A4A909190F590C4968D871559EF
:1056E000884E594F0E4E898A3F8F1098AD507C5E80
:1056F0009659B95BB85EDA63FA63C164DC664A69DD
:10570000D8690B6DB66E94712875AF7A8A7F008068
:105710004984C9848189218B0A8E65907D960A9976
:105720007E619162326B836C746DCC7FFC7FC06D47
:10573000857FBA87F8886567B1833C98F7961B6DBB
:10574000617D3D846A91714E7553505D046BEB6FC2
:10575000CD852D86A78929520F54655C4E67A868B0
:1057600006748374E275CF88E188CC91E2967896CE
:105770008B5F8773CB7A4E84A06365758952416DC8
:105780009C6E097459756B78927C8696DC7A8D9F35
:10579000B64F6E61C5655C86864EAE4EDA50214EC0
:1057A000CC51EE5B99658168BC6D1F734276AD7715
:1057B0001C7AE77C6F82D28A7C90CF91759618987C
:1057C0009B52D17D2B5098539767CB6DD07133741A
:1057D000E8812A8FA396579C9F9E60744158996DCB
:1057E0002F7D5E98E44E364F8B4FB751B152BA5D64
:1057F0001C60B2733C79D3823492B796F6960A97BE
:10580000979E629FA666746B1752A352C870C28897
:10581000C95E4B609061236F49713E7CF47D6F805F
:10582000EE8423902C9342546F9BD36A8970C28C70
:10583000EF8D3297B452415ACA5E045F17677C6994
:1058400094696A6D0F6F6272FC72ED7B01807E80DD
:105850004B87CE906D51939E84798B803293D68AFC
:105860002D508C54718A6A6BC48C0781D160A067FB
:10587000F29D994E984E109C6B8AC185688500698F
:105880007E6E977855810000002502250C25102595
:10589000182514251C252C25242534253C250125D7
:1058A00003250F2513251B251725232533252B25F8
:1058B0003B254B2520252F25282537253F251D2530
:1058C000302525253825422510041104120413041F
:1058D00014041504010416041704180419041A0406
:1058E0001B041C041D041E041F04200421042204A4
:1058F00023042404250426042704280429042A0454
:105900002B042C042D042E042F04000000000000A2
:105910000000000000000000000000000000000087
:1059200000000000000000003004310432043304A1
:1059300034043504510436043704380439043A0475
:105940003B043C043D043E043F0440044104420443
:1059500043044404450446044704480449044A04F3
:105960004B044C044D044E044F0400009103920379
:1059700093039403950396039703980399039A035B
:105980009B039C039D039E039F03A003A103A3030A
:10599000A403A503A603A703A803A903000000000E
:1059A000000000000000000000000000B103B2038E
:1059B000B303B403B503B603B703B803B903BA031B
:1059C000BB03BC03BD03BE03BF03C003C103C303CA
:1059D000C403C503C603C703C803C903000000000E
:1059E00000000000000000000000000101010101B2
:1059F000010101010100000000000000010101019E
:105A00000101010101010101010101010101010186
:105A1000010101010101000000000000000101017D
:105A20000101010101010101010101010101010166
:105A30000101010101010100C625A125A025B32511
:105A4000B225BD25BC253B20123092219021912109
:105A5000932113300000000000000000000000004F
:105A60000000000000000000000008220B22862237
:105A70008722822283222A2229220000000000009D
:105A80000000000000000000000027222822AC00D7
:105A9000D221D4210022032229220000000000008C
:105AA00000000000000000000000000000002022B4
:105AB000A522122302220722612252226A226B228D
:105AC0001A223D221D2235222B222C22000000000A
:105AD000000000000000000000002B2130206F2695
:105AE0006D266A2620202120B6002C22000000000E
:105AF0000000EF250030013002300CFF0EFFFB30BC
:105B00001AFF1BFF1FFF01FF9B309C30B40040FFBA
:105B1000A8003EFF3E203FFFFD30FE309D309E300E
:105B20000330DD4E053006300730FC3014201020E5
:105B30000FFF3CFF1C3016205CFF2620252018207C
:105B400019201C201D2008FF09FF143015303BFFD1
:105B50003DFF5BFF5DFF083009300A300B300C3031
:105B60000D300E300F30103011300BFF1222B1000B
:105B7000D700F7001DFF60221CFF1EFF6622672270
:105B80001E22342242264026B00032203320032138
:105B9000A50004FFA200A30005FF03FF06FF0AFF04
:105BA00020FFA70006260526CB25CF25CE25C72515
:105BB0000A000100020003000400050006000700BF
:105BC000080009000A000B000C000D000E000F0079
:105BD0001000000030303030303030303030303075
:105BE0003030303020202020202020202020202075
:105BF0002020202000000000000000000000000025
:105C00000000000000000000000000000000000094
:105C10000000000000000000000000000000000084
:105C200000000000101112131415161718190000A7
:105C300000000000001A1B1C1D1E1F0000000000B9
:105C40000000000000000000000000000000000054
:105C500000000000001A1B1C1D1E1F000000000099
:105C60000000000000000000000000000000000034
:105C70000000000000000000000000000000000024
:105C80000000000000000000000000000000000014
:105C90000000000000000000000000000000000004
:105CA00000000000000000000000000000000000F4
:105CB00000000000000000000000000000000000E4
:105CC00000000000000000000000000000000000D4
:105CD00000000000000000000000000000000000C4
:105CE00000000000000000000000000000000000B4
:105CF00000000000000000001F001C200000000049
:105D000014210000020016240000000014250000E9
:105D10000200152800000000112900000000142ACC
:105D200000000000182B00000000142C00000000F0
:105D3000102D00000000142E000001000C300000A7
:105D40000900143A00000100183C00000200143F52
:105D500000000100034100001900155B0000000075
:105D6000145C00000000115D00000000175E0000E0
:105D700000000F5F000000001760000000000361DA
:105D800000001900157B00000000187C00000000D6
:105D9000117D00000000187E00000000007F000060
:105DA00020001CA00000000014A10000000016A2AA
:105DB0000000030019A60000000014A70000000066
:105DC00017A80000000019A90000000006AA0000A2
:105DD000000013AB0000000018AC0000000001AD93
:105DE0000000000019AE0000000017AF0000000026
:105DF00019B00000000018B1000000000EB2000051
:105E0000010017B40000000003B50000000014B644
:105E10000000010017B8000000000EB900000000EB
:105E200006BA0000000012BB000000000EBC00001B
:105E3000020014BF0000000003C00000160018D7C5
:105E40000000000003D80000060004DF000000008E
:105E500003E00000160018F70000000003F800003F
:105E60003F00043801000000033901000F0004491D
:105E700001000000034A01004200048D01000000FF
:105E8000038E01000C00049B01000000039C010034
:105E90000D0004AA0100010003AC01000D0004BACA
:105EA0000100000006BB0100000003BC010001006E
:105EB00004BE0100000003BF0100000006C0010095
:105EC000030003C40100000007C50100000003C671
:105ED0000100010007C80100000003C90100010022
:105EE00007CB0100000003CC0100230004F00100F7
:105EF000000003F10100000007F20100000003F3BD
:105F000001002D0004210200000003220200110004
:105F1000043402000500033A02001A00045502008E
:105F2000000003560200010004580200000003595B
:105F300002000000045A02000000035B020001009E
:105F4000045D02000200036002000100046202001E
:105F50000000036302000000046402000000036507
:105F60000200010004670200000003680200040050
:105F7000046D02000100036F0200000004700200C3
:105F800000000371020001000473020001000375A8
:105F900002000000047602000600037D02000000FB
:105FA000047E020001000380020000000481020060
:105FB0000000038202000100048402000200038743
:105FC00002000500048D020004000392020000009C
:105FD00004930200000006940200000004950200F1
:105FE0000700039D02000100049F0200100005B09D
:105FF0000200110017C20200030005C602000B00D8
:1060000017D202000D0005E00200040017E50200AF
:10601000060005EC0200000017ED0200000005EE8E
:106020000200000017EF020010000B0003006F00D9
:1060300003700300030005740300000017750300DC
:106040000000037603000100057A03000000037BD3
:1060500003000200147E03000000037F0300000021
:106060001784030001000386030000001487030067
:106070000000038803000200038C03000000038E6D
:1060800003000100049003000000039103001000CE
:1060900003A303000C0004B00300000003B10300DD
:1060A000200008D20300020003D50300200018F6E8
:1060B0000300000003F70300040004FC03000000D9
:1060C00003FD030084001982040000000B83040018
:1060D00004000A8804000100038A0400A5000331BB
:1060E00005002500055905000000145A05000500AB
:1060F0000460050000000361050025000487050019
:106100000100148905000000108A05000000198DA7
:1061100005000100168F050000000B9105002C0002
:1061200010BE050000000BBF0500000014C00500F4
:1061300000000BC10500010014C3050000000BC4E2
:106140000500010014C6050000000BC70500000093
:1061500006D005001A0006EF0500030014F3050041
:1061600001000100060005001806060002001409DF
:1061700006000100160B06000000140C06000100CA
:10618000190E060001000B1006000A00141B060081
:106190000000011C06000000141D0600020006207D
:1061A00006001F0005400600000006410600090029
:1061B0000B4B060014000C6006000900146A060070
:1061C0000300066E060001000B7006000000067159
:1061D0000600620014D40600000006D50600000088
:1061E0000BD60600060001DD0600000019DE0600E1
:1061F00000000BDF0600050005E5060001000BE7C7
:106200000600010019E9060000000BEA0600030081
:1062100006EE060001000CF00600090006FA060072
:10622000020019FD0600010006FF06000000140030
:1062300007000D00010F0700000006100700000016
:106240000B1107000000061207001D000B300700AD
:106250001A00064D070058000BA607000A0006B1F9
:10626000070000000CC00700090006CA0700200054
:106270000BEB0700080005F40700010019F6070002
:10628000000014F70700020005FA070000000BFDEC
:106290000700000016FE07000100060008001500B8
:1062A0000B1608000300051A080000000B1B08006D
:1062B00008000524080000000B250800020005283E
:1062C000080000000B2908000400143008000E002C
:1062D0000640080018000B5908000200145E080070
:1062E0000000066008000A00067008001700178802
:1062F0000800000006890800050001900800010060
:106300000B980800070006A00800280005C908002F
:1063100000000BCA0800170001E2080000000BE3B0
:1063200008001F00090309000000060409003500E9
:106330000B3A09000000093B090000000B3C090072
:106340000000063D09000000093E090002000B4163
:10635000090007000949090003000B4D090000006E
:10636000094E090001000650090000000B51090008
:1063700006000658090009000B62090001001464B8
:10638000090001000C6609000900147009000000F2
:10639000057109000000067209000E000B8109005A
:1063A0000000098209000100068509000700068F28
:1063B0000900010006930900150006AA090006005D
:1063C00006B20900000006B6090003000BBC090074
:1063D000000006BD0900000009BE090002000BC153
:1063E0000900030009C70900010009CB09000100E9
:1063F0000BCD0900000006CE0900000009D70900F6
:10640000000006DC0900010006DF090002000BE2C3
:10641000090001000CE60900090006F0090001006E
:1064200016F2090001000EF40900050019FA09002E
:10643000000016FB0900000006FC0900000014FD26
:10644000090000000BFE090000000B010A0001001A
:1064500009030A00000006050A000500060F0A00ED
:10646000010006130A001500062A0A00060006327B
:106470000A00010006350A00010006380A00010082
:106480000B3C0A000000093E0A0002000B410A0012
:1064900001000B470A0001000B4B0A0002000B51E0
:1064A0000A00000006590A000300065E0A00000008
:1064B0000C660A0009000B700A00010006720A004F
:1064C00002000B750A00000014760A0000000B8120
:1064D0000A00010009830A00000006850A0008007E
:1064E000068F0A00020006930A00150006AA0A0099
:1064F000060006B20A00010006B50A0004000BBC43
:106500000A00000006BD0A00000009BE0A000200E1
:106510000BC10A0004000BC70A00010009C90A00E8
:10652000000009CB0A0001000BCD0A00000006D0D4
:106530000A00000006E00A0001000BE20A00010068
:106540000CE60A00090014F00A00000016F10A0027
:10655000000006F90A0000000BFA0A0005000B0112
:106560000B00000009020B00010006050B000700EC
:10657000060F0B00010006130B001500062A0B0086
:10658000060006320B00010006350B0004000B3C30
:106590000B000000063D0B000000093E0B00000050
:1065A0000B3F0B00000009400B0000000B410B00EB
:1065B000030009470B000100094B0B0001000B4DC4
:1065C0000B0000000B550B00010009570B000000E9
:1065D000065C0B000100065F0B0002000B620B0063
:1065E00001000C660B00090019700B000000067119
:1065F0000B0000000E720B0005000B820B00000068
:1066000006830B00000006850B000500068E0B00BC
:10661000020006920B00030006990B000100069C85
:106620000B000000069E0B00010006A30B000100FA
:1066300006A80B00020006AE0B000B0009BE0B0003
:1066400001000BC00B00000009C10B00010009C6CE
:106650000B00020009CA0B0002000BCD0B0000006A
:1066600006D00B00000009D70B0000000CE60B0061
:1066700009000EF00B00020019F30B00050016F9DB
:106680000B00000019FA0B0000000B000C000000CA
:1066900009010C0002000B040C00000006050C00B0
:1066A0000700060E0C00020006120C001600062A57
:1066B0000C000F000B3C0C000000063D0C0000001D
:1066C0000B3E0C00020009410C0003000B460C00BD
:1066D00002000B4A0C0003000B550C000100065889
:1066E0000C000200065D0C00000006600C000100BA
:1066F0000B620C0001000C660C00090014770C0002
:1067000000000E780C000600197F0C0000000680C7
:106710000C0000000B810C00000009820C0001003D
:1067200014840C00000006850C000700068E0C0087
:10673000020006920C00160006AA0C00090006B51D
:106740000C0004000BBC0C00000006BD0C00000097
:1067500009BE0C0000000BBF0C00000009C00C00BB
:1067600004000BC60C00000009C70C00010009CA98
:106770000C0001000BCC0C00010009D50C0001003D
:1067800006DD0C00010006E00C0001000BE20C002D
:1067900001000CE60C00090006F10C00010009F3F1
:1067A0000C0000000B000D00010009020D000100AB
:1067B00006040D000800060E0D00020006120D0072
:1067C00028000B3B0D000100063D0D000000093EB6
:1067D0000D0002000B410D00030009460D000200F0
:1067E000094A0D0002000B4D0D000000064E0D0081
:1067F0000000194F0D00000006540D00020009575B
:106800000D0000000E580D000600065F0D0002008E
:106810000B620D0001000C660D0009000E700D00EA
:10682000080019790D000000067A0D0005000B81A3
:106830000D00000009820D00010006850D00110009
:10684000069A0D00170006B30D00080006BD0D00E6
:10685000000006C00D0006000BCA0D00000009CFA5
:106860000D0002000BD20D0002000BD60D0000003F
:1068700009D80D0007000CE60D00090009F20D0013
:10688000010014F40D00000006010E002F000B3172
:106890000E00000006320E0001000B340E00060050
:1068A000163F0E00000006400E00050005460E00D3
:1068B00000000B470E000700144F0E0000000C50A4
:1068C0000E000900145A0E00010006810E0001009E
:1068D00006840E00000006860E000400068C0E00E2
:1068E000170006A50E00000006A70E0009000BB158
:1068F0000E00000006B20E0001000BB40E000800EE
:1069000006BD0E00000006C00E00040005C60E0005
:1069100000000BC80E0006000CD00E00090006DCBB
:106920000E00030006000F00000019010F00020016
:1069300014040F000E0019130F00000014140F00B0
:10694000000019150F0002000B180F000100191AA2
:106950000F0005000C200F0009000E2A0F0009008F
:1069600019340F0000000B350F00000019360F001E
:1069700000000B370F00000019380F0000000B3922
:106980000F000000153A0F000000113B0F0000003F
:10699000153C0F000000113D0F000000093E0F00E4
:1069A000010006400F00070006490F0023000B718D
:1069B0000F000D00097F0F0000000B800F00040086
:1069C00014850F0000000B860F00010006880F00E1
:1069D00004000B8D0F000A000B990F00230019BE55
:1069E0000F0007000BC60F00000019C70F000500BD
:1069F00019CE0F00010014D00F00040019D50F00AC
:106A0000030014D90F000100060010002A00092B12
:106A1000100001000B2D10000300093110000000D0
:106A20000B32100005000938100000000B3910006F
:106A30000100093B100001000B3D10000100063F62
:106A4000100000000C4010000900144A100005005E
:106A50000650100005000956100001000B581000E8
:106A60000100065A100003000B5E100002000661D0
:106A7000100000000962100002000665100001000D
:106A8000096710000600066E100002000B7110006E
:106A90000300067510000C000B8210000000098333
:106AA000100001000B85100001000987100005008F
:106AB0000B8D10000000068E10000000098F1000E2
:106AC00000000C9010000900099A100002000B9DB4
:106AD00010000000199E1000010003A01000250006
:106AE00003C71000000003CD1000000003D0100009
:106AF0002A0014FB1000000005FC1000000003FD3C
:106B000010000200060011004801064A12000300AE
:106B1000065012000600065812000000065A120025
:106B20000300066012002800068A12000300069087
:106B30001200200006B21200030006B81200060080
:106B400006C01200000006C21200030006C81200B0
:106B50000E0006D8120038000612130003000618B3
:106B6000130042000B5D13000200146013000800C4
:106B70000E6913001300068013000F001990130014
:106B8000090003A01300550003F8130005001000CE
:106B900014000000060114006B02196D16000000BD
:106BA000146E16000000066F160010001C80160000
:106BB0000000068116001900159B16000000119CAC
:106BC0001600000006A016004A0014EB1600020092
:106BD0000DEE1600020006F1160007000600170071
:106BE00011000B1217000200091517000000061F04
:106BF000170012000B3217000100093417000000C3
:106C00001435170001000640170011000B52170041
:106C10000100066017000C00066E170002000B72E0
:106C2000170001000680170033000BB417000100A5
:106C300009B6170000000BB71700060009BE1700C1
:106C400007000BC61700000009C7170001000BC999
:106C500017000A0014D41700020005D7170000001F
:106C600014D81700020016DB1700000006DC17001E
:106C700000000BDD170000000CE0170009000EF00B
:106C80001700090014001800050010061800000085
:106C90001407180003000B0B18000200010E180067
:106CA00000000B0F180000000C101800090006204F
:106CB00018002200054318000000064418003400A4
:106CC0000680180004000B851800010006871800D4
:106CD00021000BA91800000006AA1800000006B049
:106CE00018004500060019001E000B2019000200C4
:106CF0000923190003000B271900010009291900B5
:106D000002000930190001000B321900000009339C
:106D1000190005000B391900020019401900000084
:106D20001444190001000C4619000900065019000E
:106D30001D00067019000400068019002B0006B023
:106D4000190019000CD0190009000EDA1900000012
:106D500019DE1900210006001A0016000B171A0090
:106D6000010009191A0001000B1B1A000000141E73
:106D70001A00010006201A00340009551A0000000C
:106D80000B561A00000009571A0000000B581A0091
:106D900006000B601A00000009611A0000000B6277
:106DA0001A00000009631A0001000B651A000700B1
:106DB000096D1A0005000B731A0009000B7F1A00F9
:106DC00000000C801A0009000C901A00090014A0A1
:106DD0001A00060005A71A00000014A81A000500F2
:106DE0000BB01A000D000ABE1A0000000BBF1A00FB
:106DF0000F000B001B00030009041B000000060528
:106E00001B002E000B341B00000009351B00000086
:106E10000B361B000400093B1B0000000B3C1B0051
:106E20000000093D1B0004000B421B000000094349
:106E30001B00010006451B0007000C501B00090049
:106E4000145A1B00060019611B0009000B6B1B0084
:106E5000080019741B000800147D1B0001000B8042
:106E60001B00010009821B00000006831B001D009F
:106E700009A11B0000000BA21B00030009A61B00B8
:106E800001000BA81B00010009AA1B0000000BABAE
:106E90001B00020006AE1B0001000CB01B00090025
:106EA00006BA1B002B000BE61B00000009E71B00C5
:106EB00000000BE81B00010009EA1B0002000BEDBB
:106EC0001B00000009EE1B0000000BEF1B0002007E
:106ED00009F21B00010014FC1B00030006001C004B
:106EE000230009241C0007000B2C1C000700093498
:106EF0001C0001000B361C000100143B1C000400A8
:106F00000C401C000900064D1C0002000C501C0027
:106F10000900065A1C001D0005781C000500147E9F
:106F20001C00010003801C00080003901C002A00C4
:106F300003BD1C00020014C01C0007000BD01C0085
:106F4000020014D31C0000000BD41C000C0009E14B
:106F50001C0000000BE21C00060006E91C000300F8
:106F60000BED1C00000006EE1C0005000BF41C00DD
:106F7000000006F51C00010009F71C0000000BF8DA
:106F80001C00010006FA1C00000004001D002B007C
:106F9000052C1D003E00046B1D000C0005781D0033
:106FA000000003791D000000047A1D000200037D2B
:106FB0001D000000047E1D000F00038E1D00000058
:106FC000048F1D000B00059B1D0024000BC01D003D
:106FD0003F0003001E00950004961E000400039B62
:106FE0001E000000049C1E000100039E1E00000005
:106FF000049F1E00000003A01E00750003181F0060
:10700000050003201F00250003481F000500045051
:107010001F00000003511F00000004521F00000069
:1070200003531F00000004541F00000003551F00FD
:10703000000004561F00000003571F000000035902
:107040001F000000035B1F000000035D1F00000025
:10705000035F1F001E0003801F00070007881F003A
:10706000070003901F00070007981F00070003A0F8
:107070001F00070007A81F00070003B01F00010042
:1070800004B21F00000003B31F00000004B41F007F
:10709000000004B61F00010003B81F00030007BC76
:1070A0001F00000017BD1F00000003BE1F000000EE
:1070B00017BF1F00020004C21F00000003C31F000F
:1070C000000004C41F00000004C61F00010003C824
:1070D0001F00030007CC1F00000017CD1F00020097
:1070E00003D01F00010004D21F00010004D61F00BE
:1070F000010003D81F00030017DD1F00020003E09A
:107100001F00010004E21F00020003E51F00000051
:1071100004E61F00010003E81F00040017ED1F0034
:10712000020004F21F00000003F31F00000004F43B
:107130001F00000004F61F00010003F81F000300F9
:1071400007FC1F00000017FD1F0001001C002000AD
:107150000A00010B20000400101020000500141686
:107160002000010013182000000012192000000068
:10717000151A20000000131B20000100121D200022
:107180000000151E20000000131F20000000142026
:10719000200007001A28200000001B292000000002
:1071A000012A200004001C2F2000000014302000C1
:1071B0000800133920000000123A20000000143BA0
:1071C000200003000F3F20000100144120000200B6
:1071D0001844200000001545200000001146200042
:1071E0000000144720000A00185220000000145329
:1071F000200000000F54200000001455200009005A
:107200001C5F2000000001602000040001662000D7
:1072100009000E70200000000571200000000E74AF
:1072200020000500187A20000200157D20000000D3
:10723000117E20000000057F200000000E8020004D
:107240000900188A20000200158D20000000118E10
:1072500020000000059020000C0016A02000200057
:107260000BD020000C000ADD200003000BE1200001
:1072700000000AE2200002000BE520000B001900CC
:107280002100010008022100000019032100030071
:10729000080721000000190821000100040A21004C
:1072A0000000080B21000200040E2100010008105C
:1072B0002100020004132100000019142100000025
:1072C00008152100000019162100010018182100DE
:1072D0000000081921000400191E210005000824DF
:1072E00021000000192521000000032621000000D4
:1072F0001927210000000828210000001929210079
:107300000000032A21000100082C21000100192E91
:1073100021000000042F210000000830210001009E
:107320000332210000000833210000000434210052
:107330000000063521000300043921000000193A3D
:1073400021000100043C21000100083E2100010051
:1073500018402100040008452100000004462100D7
:107360000300194A21000000184B21000000194CAD
:1073700021000100034E21000000194F21000000F0
:107380000E5021000F000D60210022000383210018
:1073900001000D85210003000E8921000000198ADB
:1073A000210001001890210004001995210004001B
:1073B000189A21000100199C2100030018A0210047
:1073C000000019A12100010018A32100000019A448
:1073D0002100010018A62100000019A721000600C5
:1073E00018AE2100000019AF21001E0018CE2100A8
:1073F000010019D02100010018D22100000019D38A
:107400002100000018D42100000019D521001E0021
:1074100018F421000B0119002300070015082300B0
:107420000000110923000000150A23000000110BC1
:1074300023000000190C2300130018202300010072
:10744000192223000600152923000000112A230019
:107450000000192B23005000187C23000000197D28
:1074600023001D00189B2300180019B423002700D7
:1074700018DC2300050019E2230044001940240011
:107480000A000E6024003B00199C24004D000EEA07
:107490002400150019002500B60018B725000000CB
:1074A00019B82500080018C12500000019C22500E0
:1074B000350018F825000700190026006E00186F27
:1074C0002600000019702600F7001568270000004C
:1074D000116927000000156A27000000116B2700C2
:1074E0000000156C27000000116D27000000156ECC
:1074F00027000000116F2700000015702700000012
:107500001171270000001572270000001173270079
:1075100000001574270000001175270000000E768A
:1075200027001D00199427002B0018C02700040015
:1075300015C52700000011C62700000018C7270046
:107540001E0015E62700000011E72700000015E8DF
:107550002700000011E92700000015EA27000000BD
:1075600011EB2700000015EC2700000011ED2700AB
:10757000000015EE2700000011EF2700000018F0B2
:1075800027000F0019002800FF00180029008200C2
:1075900015832900000011842900000015852900A9
:1075A00000001186290000001587290000001188BD
:1075B00029000000158929000000118A2900000017
:1075C000158B29000000118C29000000158D290061
:1075D0000000118E29000000158F29000000119075
:1075E00029000000159129000000119229000000D7
:1075F0001593290000001194290000001595290019
:10760000000011962900000015972900000011982C
:1076100029000000189929003E0015D82900000013
:1076200011D92900000015DA2900000011DB29001A
:10763000000018DC29001F0015FC2900000011FDC6
:107640002900000018FE2900010119002B002F005D
:1076500018302B00140019452B00010018472B008F
:107660000500194D2B00260019762B001F001997D5
:107670002B00680003002C00700004712C00000037
:1076800003722C00010004742C00000003752C0010
:10769000010004772C000400057C2C000100037E0F
:1076A0002C00650004E42C00000019E52C00050006
:1076B00003EB2C0003000BEF2C00020003F22C0064
:1076C000010014F92C0003000EFD2C00000014FE34
:1076D0002C00010003002D00250003272D000000D1
:1076E000032D2D00000006302D003700056F2D0002
:1076F000000014702D0000000B7F2D00000006809C
:107700002D00160006A02D00060006A82D0006007C
:1077100006B02D00060006B82D00060006C02D009C
:10772000060006C82D00060006D02D00060006D86B
:107730002D0006000BE02D001F0014002E0001009C
:1077400013022E00000012032E00000013042E006E
:10775000000012052E00000014062E00020013097E
:107760002E000000120A2E000000140B2E00000054
:10777000130C2E000000120D2E000000140E2E001F
:10778000080010172E00000014182E000100101A17
:107790002E000000141B2E000000131C2E00000001
:1077A000121D2E000000141E2E00010013202E00BA
:1077B000000012212E00000015222E0000001123CF
:1077C0002E00000015242E00000011252E000000C0
:1077D00015262E00000011272E00000015282E006F
:1077E000000011292E000000142A2E000400052F8D
:1077F0002E00000014302E000900103A2E00010067
:10780000143C2E00030010402E00000014412E00F6
:10781000000015422E00000014432E000C001950E9
:107820002E00010014522E00020015552E000000FB
:1078300011562E00000015572E00000011582E0082
:10784000000015592E000000115A2E000000155B93
:107850002E000000115C2E000000105D2E000000C4
:1078600019802E001900199B2E00580019002F00B6
:10787000D50019F02F000B001C003000000014018F
:10788000300002001904300000000505300000003F
:107890000606300000000D0730000000150830001B
:1078A0000000110930000000150A30000000110B23
:1078B00030000000150C30000000110D30000000F9
:1078C000150E30000000110F3000000015103000C0
:1078D00000001111300000001912300001001514D1
:1078E00030000000111530000000151630000000B7
:1078F0001117300000001518300000001119300079
:107900000000151A30000000111B30000000101C90
:1079100030000000151D30000000111E3000010075
:107920001920300000000D21300008000B2A300023
:107930000300092E30000100103030000000053136
:10794000300004001936300001000D38300002000C
:10795000053B30000000063C30000000143D3000C4
:107960000000193E300001000641300055000B991F
:1079700030000100179B30000100059D3000010020
:10798000069F3000000010A03000000006A130006B
:10799000590014FB3000000005FC3000020006FF17
:1079A00030000000060531002A00063131005D007C
:1079B0001990310001000E92310003001996310038
:1079C000090006A031001F0019C03100230006F095
:1079D00031000F00190032001E000E203200090095
:1079E000192A32001D000E483200070019503200DB
:1079F00000000E5132000E00196032001F000E8090
:107A000032000900198A320026000EB132000E0041
:107A100019C032003F0106003400BF1919C04D00E3
:107A20003F0006004E0014520515A0000000061687
:107A3000A00076041990A400360006D0A400270008
:107A400005F8A400050014FEA40001000600A5002E
:107A50000B01050CA6000000140DA6000200061084
:107A6000A6000F000C20A6000900062AA6000100AF
:107A70000340A6002D00066EA60000000B6FA600B6
:107A800000000A70A60002001473A60000000B7428
:107A9000A6000900147EA6000000057FA6000000D5
:107AA0000380A6001B00059CA60001000B9EA600FB
:107AB000010006A0A60045000DE6A60009000BF097
:107AC000A600010014F2A60005001700A70016008A
:107AD0000517A70008001720A70001000322A70030
:107AE0000D000430A70001000332A7003D0005701F
:107AF000A70000000471A70007000379A7000E008B
:107B00000588A70000001789A7000100038BA700C4
:107B10000200048EA7000000068FA700000003905B
:107B2000A70004000495A70000000396A700180012
:107B300004AFA700000003B0A7001A0003D0A700FD
:107B4000010004D3A700000004D5A700000003D65D
:107B5000A700030005F2A700020003F5A70001003B
:107B600006F7A700000005F8A700010004FAA70027
:107B7000000006FBA70006000B02A8000000060399
:107B8000A80002000B06A80000000607A8000300DA
:107B90000B0BA8000000060CA80016000923A80083
:107BA00001000B25A80001000927A80000001928E2
:107BB000A80003000B2CA80000000E30A800050050
:107BC0001936A80001001638A80000001939A800CD
:107BD00000000640A80033001474A80003000980C8
:107BE000A80001000682A800310009B4A8000F0017
:107BF0000BC4A800010014CEA80001000CD0A800FE
:107C000009000BE0A800110006F2A800050014F816
:107C1000A800020006FBA800000014FCA800000059
:107C200006FDA80001000BFFA80000000C00A90041
:107C30000900060AA9001B000B26A9000700142E44
:107C4000A90001000630A90016000B47A9000A0090
:107C50000952A9000100145FA90000000660A900F4
:107C60001C000B80A90002000983A9000000068403
:107C7000A9002E000BB3A900000009B4A90001005F
:107C80000BB6A900030009BAA90001000BBCA900AA
:107C9000010009BEA900020014C1A9000C0005CF13
:107CA000A90000000CD0A900090014DEA900010001
:107CB00006E0A90004000BE5A900000005E6A90004
:107CC000000006E7A90008000CF0A900090006FA68
:107CD000A90004000600AA0028000B29AA0005003C
:107CE000092FAA0001000B31AA0001000933AA00E4
:107CF00001000B35AA0001000640AA0002000B4358
:107D0000AA0000000644AA0007000B4CAA000000CD
:107D1000094DAA0000000C50AA000900145CAA003A
:107D200003000660AA000F000570AA00000006719B
:107D3000AA0005001977AA000200067AAA0000002E
:107D4000097BAA0000000B7CAA000000097DAA00A4
:107D50000000067EAA0031000BB0AA00000006B1A8
:107D6000AA0000000BB2AA00020006B5AA0001009A
:107D70000BB7AA00010006B9AA0004000BBEAA00B6
:107D8000010006C0AA0000000BC1AA00000006C244
:107D9000AA00000006DBAA00010005DDAA00000021
:107DA00014DEAA00010006E0AA000A0009EBAA00FE
:107DB00000000BECAA00010009EEAA00010014F07B
:107DC000AA00010006F2AA00000005F3AA000100C3
:107DD00009F5AA0000000BF6AA0000000601AB009E
:107DE00005000609AB0005000611AB0005000620E2
:107DF000AB0006000628AB0006000430AB002200F2
:107E00000353AB0000000454AB000600175BAB004B
:107E10000000055CAB0003000460AB0008000569CE
:107E2000AB000000176AAB0001000370AB004F000D
:107E300006C0AB00220009E3AB0001000BE5AB007C
:107E4000000009E6AB0001000BE8AB00000009E907
:107E5000AB00010014EBAB00000009ECAB0000002C
:107E60000BEDAB0000000CF0AB0009000600AC000D
:107E7000A32B06B0D700160006CBD70030000200B7
:107E8000D800FF070600F9006D010670FA006900CE
:107E90000400FB0006000413FB000400061DFB00A9
:107EA00000000B1EFB000000061FFB000900182944
:107EB000FB000000062AFB000C000638FB00040053
:107EC000063EFB0000000640FB0001000643FB00ED
:107ED00001000646FB006B0017B2FB00100006D342
:107EE000FB006A01113EFD000000153FFD0000008F
:107EF0001940FD000F000650FD003F000692FD00F6
:107F0000350019CFFD00000006F0FD000B0016FC47
:107F1000FD00000019FDFD0002000B00FE000F0037
:107F20001410FE0006001517FE0000001118FE00D8
:107F300000001419FE0000000B20FE000F0014309A
:107F4000FE0000001031FE0001000F33FE000100B2
:107F50001535FE0000001136FE0000001537FE004A
:107F600000001138FE0000001539FE000000113A33
:107F7000FE000000153BFE000000113CFE0000006A
:107F8000153DFE000000113EFE000000153FFE0002
:107F900000001140FE0000001541FE0000001142EB
:107FA000FE0000001543FE0000001144FE0000002A
:107FB0001445FE0001001547FE0000001148FE00B8
:107FC00000001449FE0003000F4DFE000200145093
:107FD000FE0002001454FE0003001058FE000000D2
:107FE0001559FE000000115AFE000000155BFE004E
:107FF0000000115CFE000000155DFE000000115E37
:10800000FE000000145FFE0002001862FE00000087
:108010001063FE0000001864FE0002001468FE00F9
:1080200000001669FE000000146AFE0001000670E0
:10803000FE0004000676FE00860001FFFE00000040
:108040001401FF0002001604FF0000001405FF00E9
:1080500002001508FF0000001109FF000000140ACB
:10806000FF000000180BFF000000140CFF000000D0
:10807000100DFF000000140EFF0001000C10FF00A7
:108080000900141AFF000100181CFF000200141F51
:10809000FF0001000321FF001900153BFF00000055
:1080A000143CFF000000113DFF000000173EFF00E0
:1080B00000000F3FFF0000001740FF0000000341D9
:1080C000FF001900155BFF000000185CFF000000B6
:1080D000115DFF000000185EFF000000155FFF004B
:1080E00000001160FF0000001461FF000000156235
:1080F000FF0000001163FF0000001464FF00010096
:108100000666FF0009000570FF0000000671FF0011
:108110002C00059EFF00010006A0FF001E0006C205
:10812000FF00050006CAFF00050006D2FF0005009B
:1081300006DAFF00020016E0FF00010018E2FF006F
:10814000000017E3FF00000019E4FF00000016E53F
:10815000FF00010019E8FF00000018E9FF0003001C
:1081600019EDFF00010001F9FF00020019FCFF00FA
:108170000100060000010B00060D00011900062891
:1081800000011200063C00010100063F00010E0044
:10819000065000010D00068000017A001400010164
:1081A00002000E0701012C001937010108000D40E3
:1081B000010134000E75010103001979010110005D
:1081C0000E8A01010100198C0101020019900101C0
:1081D0000C0019A00101000019D001012C000BFDB9
:1081E00001010000068002011C0006A0020130000F
:1081F0000BE0020100000EE102011A00060003017B
:108200001F000E2003010300062D030113000D4182
:10821000030100000642030107000D4A03010000AC
:108220000650030125000B760301040006800301BC
:108230001D00149F0301000006A00301230006C8CF
:108240000301070014D0030100000DD10301040055
:10825000030004014F00065004014D000CA004016E
:10826000090003B00401230003D804012300060021
:1082700005012700063005013300146F05010000D9
:10828000037005010A00037C05010E00038C050143
:108290000600039405010100039705010A0003A3EA
:1082A00005010E0003B30501060003BB0501010033
:1082B00006000601360106400701150006600701A9
:1082C000070005800701050005870701290005B2A1
:1082D0000701080006000801050006080801000063
:1082E000060A08012B00063708010100063C0801B8
:1082F0000000063F080116001457080100000E5840
:10830000080107000660080116001977080101003E
:108310000E7908010600068008011E000EA708015C
:10832000080006E00801120006F4080101000EFB37
:10833000080104000600090115000E1609010500D8
:10834000141F09010000062009011900143F09014A
:1083500000000680090137000EBC0901010006BEBD
:10836000090101000EC009010F000ED209012D0004
:1083700006000A0100000B010A0102000B050A01B8
:1083800001000B0C0A01030006100A010300061588
:108390000A01020006190A011C000B380A0102003A
:1083A0000B3F0A0100000E400A01080014500A01A8
:1083B000080006600A011C000E7D0A010100147FFE
:1083C0000A01000006800A011C000E9D0A0102003D
:1083D00006C00A01070019C80A01000006C90A01FF
:1083E0001B000BE50A0101000EEB0A01040014F06A
:1083F0000A01060006000B01350014390B010600C6
:1084000006400B0115000E580B01070006600B011A
:1084100012000E780B01070006800B011100149961
:108420000B0103000EA90B01060006000C01480019
:1084300003800C01320003C00C0132000EFA0C0163
:10844000050006000D0123000B240D0103000C3074
:108450000D0109000E600E011E0006800E012900AC
:108460000BAB0E01010010AD0E01000006B00E01B5
:1084700001000BFD0E01020006000F011C000E1D85
:108480000F01090006270F01000006300F0115003B
:108490000B460F010A000E510F01030014550F0186
:1084A000040006700F0111000B820F0103001486F7
:1084B0000F01030006B00F0114000EC50F010600E6
:1084C00006E00F0116000900100100000B01100169
:1084D00000000902100100000603100134000B38EF
:1084E00010010E001447100106000E521001130077
:1084F0000C66100109000B701001000006711001DC
:1085000001000B73100101000675100100000B7FC4
:1085100010010200098210010000068310012C00E6
:1085200009B0100102000BB31001030009B71001DC
:1085300001000BB91001010014BB1001010001BDC5
:108540001001000014BE100103000BC21001000056
:1085500001CD1001000006D0100118000CF0100130
:1085600009000B00110102000603110123000B2773
:1085700011010400092C110100000B2D110107004D
:108580000C361101090014401101030006441101C9
:1085900000000945110101000647110100000650C5
:1085A000110122000B73110100001474110101006C
:1085B0000676110100000B801101010009821101F2
:1085C0000000068311012F0009B3110102000BB650
:1085D0001101080009BF1101010006C111010300CA
:1085E00014C5110103000BC91101030014CD1101C1
:1085F000000009CE110100000BCF110100000CD0CA
:108600001101090006DA1101000014DB110100005C
:1086100006DC1101000014DD110102000EE1110160
:108620001300060012011100061312011800092C94
:10863000120102000B2F1201020009321201010087
:108640000B34120100000935120100000B36120133
:1086500001001438120105000B3E12010000063F14
:10866000120101000B4112010000068012010600F8
:10867000068812010000068A12010300068F12010B
:108680000E00069F1201090014A91201000006B095
:1086900012012E000BDF1201000009E0120102009E
:1086A0000BE3120107000CF0120109000B0013018B
:1086B0000100090213010100060513010700060F5E
:1086C00013010100061313011500062A1301060009
:1086D0000632130101000635130104000B3B1301A0
:1086E0000100063D13010000093E130101000B408B
:1086F00013010000094113010300094713010100A0
:10870000094B130102000650130100000957130121
:108710000000065D130104000962130101000B66ED
:10872000130106000B70130104000600140134004D
:108730000935140102000B38140107000940140127
:1087400001000B42140102000945140100000B4610
:1087500014010000064714010300144B1401040027
:108760000C5014010900145A14010100145D140185
:1087700000000B5E14010000065F14010200068079
:1087800014012F0009B0140102000BB314010500FD
:1087900009B9140100000BBA1401000009BB14014F
:1087A00003000BBF1401010009C1140100000BC23A
:1087B0001401010006C41401010014C614010000D4
:1087C00006C7140100000CD0140109000680150131
:1087D0002E0009AF150102000BB21501030009B804
:1087E000150103000BBC1501010009BE15010000B5
:1087F0000BBF1501010014C11501160006D81501A3
:1088000003000BDC15010100060016012F000930E2
:10881000160102000B3316010700093B1601010087
:108820000B3D16010000093E160100000B3F16012A
:1088300001001441160102000644160100000C500C
:1088400016010900146016010C00068016012A00AA
:108850000BAB1601000009AC160100000BAD1601B0
:10886000000009AE160101000BB01601050009B6A3
:10887000160100000BB71601000006B81601000033
:1088800014B9160100000CC01601090006001701FA
:108890001A000B1D170102000920170101000B220D
:1088A000170103000926170100000B271701040018
:1088B0000C30170109000E3A17010100143C170192
:1088C0000200193F170100000640170106000600CC
:1088D00018012B00092C180102000B2F18010800A9
:1088E0000938180100000B3918010100143B180168
:1088F000000003A018013F000CE0180109000EEA77
:108900001801080006FF18010700060919010000F8
:10891000060C1901070006151901010006181901B6
:1089200017000930190105000937190101000B3B37
:1089300019010100093D190100000B3E1901000059
:10894000063F190100000940190100000641190104
:1089500000000942190100000B43190100001444F2
:10896000190102000C501901090006A019010700A5
:1089700006AA1901260009D1190102000BD4190118
:1089800003000BDA1901010009DC190103000BE0F7
:108990001901000006E11901000014E219010000AC
:1089A00006E31901000009E41901000006001A019C
:1089B00000000B011A010900060B1A0127000B33F6
:1089C0001A01050009391A010000063A1A010000CF
:1089D0000B3B1A010300143F1A0107000B471A0151
:1089E000000006501A0100000B511A01050009573A
:1089F0001A0101000B591A010200065C1A012D0030
:108A00000B8A1A010C0009971A0100000B981A0131
:108A10000100149A1A010200069D1A010000149E1A
:108A20001A01040006B01A01480014001B010900D5
:108A300006001C010800060A1C012400092F1C0165
:108A400000000B301C0106000B381C010500093E1C
:108A50001C0100000B3F1C01000006401C0100002F
:108A600014411C0104000C501C0109000E5A1C0189
:108A7000120014701C01010006721C011D000B92F3
:108A80001C01150009A91C0100000BAA1C0106000D
:108A900009B11C0100000BB21C01010009B41C014A
:108AA00000000BB51C01010006001D0106000608B0
:108AB0001D010100060B1D0125000B311D010500E4
:108AC0000B3A1D0100000B3C1D0101000B3F1D0175
:108AD000060006461D0100000B471D0100000C505A
:108AE0001D01090006601D01050006671D0101004A
:108AF000066A1D011F00098A1D0104000B901D015B
:108B0000010009931D0101000B951D01000009964C
:108B10001D0100000B971D01000006981D010000BB
:108B20000CA01D01090006E01E0112000BF31E013E
:108B3000010009F51E01010014F71E0101000B00E0
:108B40001F01010006021F01000009031F010000B0
:108B500006041F010C0006121F01210009341F0129
:108B600001000B361F010400093E1F0101000B40EC
:108B70001F01000009411F0100000B421F010000FE
:108B800014431F010C000C501F01090006B01F0107
:108B900000000EC01F01140019D51F01070016DDCB
:108BA0001F01030019E11F01100014FF1F01000045
:108BB0000600200199030D0024016E0014702401A9
:108BC000040006802401C30006902F01600014F108
:108BD0002F010100060030012F04013034010F0085
:108BE0000B40340100000641340105000B473401FD
:108BF0000E000600440146020600680138020640E5
:108C00006A011E000C606A010900146E6A0101000D
:108C100006706A014E000CC06A01090006D06A01A4
:108C20001D000BF06A01040014F56A010000060043
:108C30006B012F000B306B01060014376B01040031
:108C4000193C6B01030005406B01030014446B01E8
:108C5000000019456B0100000C506B0109000E5B10
:108C60006B01060006636B011400067D6B011200A8
:108C700003406E013F000E806E01160014976E01D6
:108C8000030006006F014A000B4F6F010000065001
:108C90006F01000009516F0136000B8F6F01030057
:108CA00005936F010C0005E06F01010014E26F01F4
:108CB000000005E36F0100000BE46F01000009F004
:108CC0006F01010006007001F71706008801D50446
:108CD00006008D01080005F0AF01030005F5AF01A6
:108CE000060005FDAF0101000600B00122010632B9
:108CF000B10100000650B10102000655B1010000AB
:108D00000664B10103000670B1018B010600BC01CD
:108D10006A000670BC010C000680BC0108000690C9
:108D2000BC010900199CBC0100000B9DBC010100A5
:108D3000149FBC01000001A0BC0103000B00CF0187
:108D40002D000B30CF0116001950CF017300190010
:108D5000D001F5001900D10126001929D1013B00ED
:108D60000965D10101000B67D1010200196AD10127
:108D70000200096DD10105000173D10107000B7BD1
:108D8000D10107001983D10101000B85D101060033
:108D9000198CD1011D000BAAD101030019AED1011C
:108DA0003C001900D20141000B42D20102001945DA
:108DB000D20100000EC0D20113000EE0D201130058
:108DC0001900D30156000E60D30118000800D40129
:108DD0001900041AD40119000834D4011900044EF2
:108DE000D40106000456D40111000868D40119000A
:108DF0000482D4011900089CD4010000089ED4010B
:108E0000010008A2D401000008A5D401010008A9AE
:108E1000D401030008AED401070004B6D401030056
:108E200004BBD401000004BDD401060004C5D40174
:108E30000A0008D0D401190004EAD401190008047A
:108E4000D50101000807D5010300080DD501070071
:108E50000816D5010600041ED50119000838D501F1
:108E60000100083BD50103000840D5010400084675
:108E7000D5010000084AD50106000452D5011900A9
:108E8000086CD50119000486D501190008A0D50188
:108E9000190004BAD501190008D4D501190004EE4F
:108EA000D50119000808D60119000422D6011900BD
:108EB000083CD60119000456D60119000870D601E5
:108EC0001900048AD6011B0008A8D601180018C191
:108ED000D601000004C2D601180018DBD60100003C
:108EE00004DCD601050008E2D601180018FBD60103
:108EF000000004FCD60118001815D7010000041664
:108F0000D7010500081CD70118001835D70100004B
:108F10000436D7011800184FD70100000450D701BC
:108F200005000856D7011800186FD701000004701B
:108F3000D70118001889D7010000048AD70105005D
:108F40000890D701180018A9D701000004AAD7017A
:108F5000180018C3D701000004C4D701050008CACF
:108F6000D701000004CBD70100000CCED70131009F
:108F70001900D801FF010B00DA0136001937DA01B8
:108F800003000B3BDA013100196DDA0107000B75A4
:108F9000DA0100001976DA010D000B84DA01000015
:108FA0001985DA0101001487DA0104000B9BDA014C
:108FB00004000BA1DA010E000400DF010900060A1B
:108FC000DF010000040BDF0113000425DF010500B1
:108FD0000B00E00106000B08E00110000B1BE00194
:108FE00006000B23E00101000B26E0010400053020
:108FF000E0013D000B8FE00100000600E1012C00C4
:109000000B30E10106000537E10106000C40E101EB
:109010000900064EE1010000194FE1010000069031
:10902000E2011D000BAEE201000006C0E2012B00D0
:109030000BECE20103000CF0E201090016FFE20173
:10904000000006D0E4011A0005EBE40100000BEC7F
:10905000E40103000CF0E401090006E0E70106006A
:1090600006E8E701030006EDE701010006F0E7016D
:109070000E000600E801C4000EC7E80108000BD08E
:10908000E80106000300E90143000B44E901060082
:10909000054BE90100000C50E9010900145EE901EB
:1090A00001000E71EC013A0019ACEC0100000EADAC
:1090B000EC01020016B0EC0100000EB1EC0103005F
:1090C0000E01ED012C00192EED0100000E2FED0117
:1090D0000E000600EE0103000605EE011A0006214F
:1090E000EE0101000624EE0100000627EE0100005B
:1090F0000629EE0109000634EE0103000639EE01EF
:109100000000063BEE0100000642EE0100000647AB
:10911000EE0100000649EE010000064BEE010000E2
:10912000064DEE0102000651EE0101000654EE016B
:1091300000000657EE0100000659EE010000065B34
:10914000EE010000065DEE010000065FEE0100008A
:109150000661EE0101000664EE0100000667EE0103
:109160000300066CEE0106000674EE0103000679AA
:10917000EE010300067EEE0100000680EE0109000C
:10918000068BEE01100006A1EE01020006A5EE011D
:10919000040006ABEE01100018F0EE01010019000A
:1091A000F0012B001930F001630019A0F0010E004E
:1091B00019B1F0010E0019C1F0010E0019D1F00132
:1091C00024000E00F1010C00190DF101A00019E6B8
:1091D000F1011C001910F2012B001940F2010800E6
:1091E0001950F20101001960F20105001900F301A4
:1091F000FA0017FBF30104001900F401D70219DC8F
:10920000F601100019F0F6010C001900F7017600C4
:10921000197BF7015E0019E0F7010B0019F0F70167
:1092200000001900F8010B001910F801370019505F
:10923000F80109001960F80127001990F8011D00D4
:1092400019B0F80101001900F90153011960FA0180
:109250000D001970FA010C001980FA01080019902C
:10926000FA012D0019BFFA01060019CEFA010D000E
:1092700019E0FA01080019F0FA0108001900FB01D1
:1092800092001994FB0136000CF0FB010900060066
:109290000002DFA60600A70239100640B702DD0073
:1092A0000620B802811606B0CE02301D0600F80274
:1092B0001D02060000034A13065013035F1001014C
:1092C000000E00000120000E5F000B00010EEF00F9
:1092D000303030303030303030303030303030308E
:1092E000202020202020202020202020202020207E
:1092F000FB21F93FFB2109407CD91240FB21194099
:109300007A6A1F407CD92240BBFD2540FB212940C1
:109310003A462C407A6A2F405C4731407CD9324033
:109320009C6B3440BBFD3540DB8F3740FB2139401F
:109330001BB43A403A463C405AD83D407A6A3F40D6
:109340004C7E40405C4741406C1042407CD94240DA
:109350008CA243409C6B4440AC344540BBFD45402F
:10936000CBC64640DB8F4740EB584840FB21494085
:1093700083F9A200444E6E00FC291500D157270046
:10938000DD34F50062DBC0003C999500419043005C
:109390006351FE00BBDEAB00B761C5003A6E24002E
:1093A000D24D42004906E00009EA2E001C92D1008D
:1093B000EB1DFE0029B11C00E83EA700F535820038
:1093C00044BB2E009CE98400B4267000417E5F00FF
:1093D000D6913900538339009CF439008B5F8400A7
:1093E00028F9BD00F81F3B00DEFF97000F9805002D
:1093F000112FEF000A5A8B006D1F6D00CF7E3600D3
:1094000009CB2700464FB7009E663F002DEA5F005C
:10941000BA277500E5EBC7003D7BF100F73907007F
:1094200092528A00FB6BEA001FB15F00085D8D005D
:10943000300356007BFC4600F0AB6B0020BCCF0035
:1094400036F49A00E3A91D005E619100081BE60056
:1094500085996500A0145F008D40680080D8FF00EA
:1094600027734D0006063100CA561500C9A87300BF
:109470007BE260006B8CC00000000040FB21F93FE4
:10948000000000002D44743E000000809846F83C27
:109490000000006051CC783B00000080831BF03955
:1094A0000000004020257A38000000802282E33648
:1094B000000000001DF369350200000003000000F9
:1094C00004000000060000003E410C41114127410C
:1094D00036410341064115410F410E4126411341DA
:1094E0002941024119410A410B41000010000000CE
:1094F00000000000017A5200027C0E011B0C0D00DE
:109500001400000018000000A83EFEFFEC00000060
:1095100000024D0A430B000000000000F8B500BF38
:10952000F8BC08BC9E467047F8B500BFF8BC08BC44
:109530009E46704779D50000D50400008D340000A8
:109540004D5600003D8F0000B1B70000B10400008F
:10955000478F0000BBB7000011C100008DC30000A1
:08956000906FFD7F0100000087
:1095700000000000806514068065140680651406EE
:1095800060198501806514068065140680651406DF
:109590008C080020797A6166706E756D006B4D479E
:1095A0005450455A59000000740802000A0A4553F5
:1095B000432D46534D3E2000740802000000005029
:1095C000740802002AED00E029ED00E038ED00E02B
:1095D00028ED00E034ED00E028ED00E02CED00E0A7
:1095E00008E000E00CED00E074080200000000005C
:1095F0008065140600000000000000000300000069
:109600002060002098000020000000002060002062
:1096100088600020F06000200000000000000000D2
:10962000000000000000000000000000000000003A
:10963000000000000000000000000000000000002A
:10964000000000000000000000000000000000001A
:10965000000000000000000000000000000000000A
:1096600000000000000000000000000000000000FA
:1096700000000000000000000000000000000000EA
:1096800000000000000000000000000000000000DA
:1096900000000000000000000000000000000000CA
:1096A00001000000000000000E33CDAB34126DE667
:1096B000ECDE05000B0000000000000000000000D0
:1096C000000000000000000000000000000000009A
:1096D000000000000000000000000000000000008A
:1096E000000000000000000000000000000000007A
:1096F000000000000000000000000000000000006A
:109700000000000000000000000000000000000059
:109710000000000000000000000000000000000049
:109720000000000000000000000000000000000039
:109730000000000000000000000000000000000029
:10974000000000000000000078610020FFFFFFFF24
:109750000000020000000000000000000000000007
:10976000E8010020E8010020F0010020F0010020C5
:10977000F8010020F8010020000200200002002073
:109780000802002008020020100200201002002021
:1097900018020020180200202002002020020020D1
:1097A0002802002028020020300200203002002081
:1097B0003802002038020020400200204002002031
:1097C00048020020480200205002002050020020E1
:1097D0005802002058020020600200206002002091
:1097E0006802002068020020700200207002002041
:1097F00078020020780200208002002080020020F1
:1098000088020020880200209002002090020020A0
:109810009802002098020020A0020020A002002050
:10982000A8020020A8020020B0020020B002002000
:10983000B8020020B8020020C0020020C0020020B0
:10984000C8020020C8020020D0020020D002002060
:10985000D8020020D8020020E0020020E002002010
:10986000E8020020E8020020F0020020F0020020C0
:10987000F8020020F802002000030020000300206E
:10988000080300200803002010030020100300201C
:1098900018030020180300202003002020030020CC
:1098A000280300202803002030030020300300207C
:1098B000380300203803002040030020400300202C
:1098C00048030020480300205003002050030020DC
:1098D000580300205803002060030020600300208C
:1098E000680300206803002070030020700300203C
:1098F00078030020780300208003002080030020EC
:10990000880300208803002090030020900300209B
:109910009803002098030020A0030020A00300204B
:10992000A8030020A8030020B0030020B0030020FB
:10993000B8030020B8030020C0030020C0030020AB
:10994000C8030020C8030020D0030020D00300205B
:10995000D8030020D8030020E0030020E00300200B
:10996000E8030020E8030020F0030020F0030020BB
:10997000F8030020F8030020000400200004002069
:109980000804002008040020100400201004002017
:1099900018040020180400202004002020040020C7
:1099A0002804002028040020300400203004002077
:1099B0003804002038040020400400204004002027
:1099C00048040020480400205004002050040020D7
:1099D0005804002058040020600400206004002087
:1099E0006804002068040020700400207004002037
:1099F00078040020780400208004002080040020E7
:109A00008804002088040020900400209004002096
:109A10009804002098040020A0040020A004002046
:109A2000A8040020A8040020B0040020B0040020F6
:109A3000B8040020B8040020C0040020C0040020A6
:109A4000C8040020C8040020D0040020D004002056
:109A5000D8040020D8040020E0040020E004002006
:109A6000E8040020E8040020F0040020F0040020B6
:109A7000F8040020F8040020000500200005002064
:109A80000805002008050020100500201005002012
:109A900018050020180500202005002020050020C2
:109AA0002805002028050020300500203005002072
:109AB0003805002038050020400500204005002022
:109AC00048050020480500205005002050050020D2
:109AD0005805002058050020600500206005002082
:109AE0006805002068050020700500207005002032
:109AF00078050020780500208005002080050020E2
:109B00008805002088050020900500209005002091
:109B10009805002098050020A0050020A005002041
:109B2000A8050020A8050020B0050020B0050020F1
:109B3000B8050020B8050020C0050020C0050020A1
:109B4000C8050020C8050020D0050020D005002051
:109B5000D8050020D8050020E0050020E005002001
:109B600043000000000000000000000000000000B2
:109B700000000000000000000000000000000000E5
:109B800000000000000000000000000000000000D5
:109B900000000000000000000000000000000000C5
:109BA00000000000000000000000000000000000B5
:109BB00000000000000000000000000000000000A5
:109BC0000000000000000000000000000000000095
:109BD0000000000000000000000000000000000085
:109BE0000000000000000000000000000000000075
:109BF0000000000000000000000000000000000065
:109C00000000000000000000000000000000000054
:109C10000000000000000000000000000000000044
:109C20000000000000000000000000000000000034
:109C30000000000000000000000000000000000024
:109C400000000000000000004300000000000000D1
:109C50000000000000000000000000000000000004
:109C600000000000000000004300000000000000B1
:109C700000000000000000000000000000000000E4
:109C80000000000000000000430000000000000091
:109C900000000000000000000000000000000000C4
:109CA0000000000000000000430000000000000071
:109CB00000000000000000000000000000000000A4
:109CC0000000000000000000430000000000000051
:109CD0000000000000000000000000000000000084
:109CE0000000000000000000430000000000000031
:109CF0000000000000000000000000000000000064
:109D00000000000000000000430000000000000010
:109D10000000000000000000000000000000000043
:109D20000000000000000000D55E01004138010085
:109D300000000000741E0200BC2002004C22020041
:109D40004C2202004C2202004C2202004C22020053
:109D50004C2202004C2202004C2202004C22020043
:109D6000FFFFFFFFFFFFFFFFFFFFFFFFFFFF000001
:109D70000100415343494900000000000000000079
:109D800000000000000000000000000000000000D3
:109D9000000041534349490000000000000000005A
:109DA00000000000000000000000000000000000B3
:109DB0000000000043000000000000000000000060
:109DC0000000000000000000000000000000000093
:109DD0000000000000000000000000000000000083
:040000030000019167
:00000001FF
