:1000000000000120910100007F0300006105000055
:100010008303000073050000850500000000000058
:100020000000000000000000000000008903000044
:100030008B030000000000008D0300008F03000010
:100040009103000093030000950300009703000054
:10005000990300009B0300009D0300009F03000024
:10006000A1030000A3030000A5030000A7030000F4
:10007000A9030000AB030000AD030000AF030000C4
:10008000B1030000B3030000B5030000B703000094
:10009000B9030000BB030000BD030000BF03000064
:1000A000C1030000C3030000C5030000C703000034
:1000B000C9030000CB030000CD030000CF03000004
:1000C000D1030000D3030000D5030000D7030000D4
:1000D000D9030000DB030000DD030000DF030000A4
:1000E000E1030000E3030000E5030000E703000074
:1000F000E9030000EB030000ED030000EF03000044
:10010000F1030000F3030000F5030000F703000013
:10011000F9030000FB030000FD030000FF030000E3
:1001200001040000030400000504000007040000AF
:10013000090400000B0400000D0400000F0400007F
:10014000110400001304000015040000170400004F
:10015000190400001B0400001D0400001F0400001F
:1001600021040000230400002504000027040000EF
:10017000290400002B0400002D0400002F040000BF
:100180003104000033040000000000000000000003
:100190004FF0000BDFF8BE020068DFF8B612096806
:1001A00001F0030100F01C00142801D14BF0020BF8
:1001B000002901D04BF0010BBBF1000F05D0A7487F
:1001C000A749DFF8722200F09FF8A64880470BF09D
:1001D000020ABAF1000F0CD0DFF86E02DFF86E12DF
:1001E00002680B680FB44FF000024FF0FF0302608B
:1001F0000B609D484FF000024FF00103022808D128
:10020000DFF83A120A60DFF83E120A60DFF83212B5
:100210000B60012808D1DFF82A120A60DFF82612E5
:100220000A60DFF81A120B609048002809D1904844
:100230009049914A00F030F890489149914A00F075
:100240002BF891489149924A00F026F8914892493A
:10025000DFF8E22100F058F8BBF1000F10D08F4812
:100260008F49DFF8D62100F04FF80BF0020ABAF1FF
:10027000000F05D00FBC02600B6000BFAFF3008021
:10028000DFF820020FF2030E00474FF000004FF09E
:100290000001DFF814F2FEE72DE9F841884225D08D
:1002A000B2EB010200D5FEE740EA010313F00303BD
:1002B00002D000F01DF819E04FF000039046121133
:1002C000F7D09A421CBFF0C8F0C103F10103F8D186
:1002D00008F00F08B8F1000F08D004780C7000F196
:1002E000010001F10101B8F10108F6D1BDE8F88182
:1002F00008B54FF0000303780B7000F1010001F125
:100300000101013AF7D108BD884237D000F0030659
:10031000002E14D04FF00405A5EB06044FF008079B
:1003200007FB06F8914669FA08F9002C07D080F817
:10033000009069FA07F900F10100013CF5E74FF080
:1003400000060F46091A88460911914614461546BB
:10035000B14206D018BFA0E8340206F10106B1424E
:10036000F8D108F00F08B8F1000F07D002704FEA7B
:10037000322200F10100B8F10108F4E77047FEE70E
:10038000FEE7FEE7FEE7FEE7FEE7FEE7FEE7FEE745
:10039000FEE7FEE7FEE7FEE7FEE7FEE7FEE7FEE735
:1003A000FEE7FEE7FEE7FEE7FEE7FEE7FEE7FEE725
:1003B000FEE7FEE7FEE7FEE7FEE7FEE7FEE7FEE715
:1003C000FEE7FEE7FEE7FEE7FEE7FEE7FEE7FEE705
:1003D000FEE7FEE7FEE7FEE7FEE7FEE7FEE7FEE7F5
:1003E000FEE7FEE7FEE7FEE7FEE7FEE7FEE7FEE7E5
:1003F000FEE7FEE7FEE7FEE7FEE7FEE7FEE7FEE7D5
:10040000FEE7FEE7FEE7FEE7FEE7FEE7FEE7FEE7C4
:10041000FEE7FEE7FEE7FEE7FEE7FEE7FEE7FEE7B4
:10042000FEE7FEE7FEE7FEE7FEE7FEE7FEE7FEE7A4
:10043000FEE7FEE7704700000000A2A2A2A2008033
:100440000340088003401080034030800340348024
:1004500003403880034018080240000000F00020EC
:10046000000001209D0500000000000000000000C9
:10047000000000000000000090010000B004000037
:10048000B004000098950200A09502000000002032
:100490007008002070080020106500201065002002
:1004A00000F0002085D1000005C20000000000001F
:1004B00010B5054C237833B9044B13B10448AFF39E
:1004C00000800123237010BD700800200000000090
:1004D0001C95020008B5034B1BB103490348AFF359
:1004E000008008BD00000000740800201C95020078
:1004F000A3F5803A704700BF154B002B08BF114B86
:100500009D46FFF7F5FF00218B460F461148124A22
:10051000121A0CF06FFC0C4B002B00D098470B4BC1
:10052000002B00D098470020002104000D000B484C
:100530000BF04AFF0CF026FE200029000BF062FEB3
:100540000BF048FF00000800000000000000000061
:10055000000000007008002010650020D5D10000C8
:100560001EF0040F0CBFEFF30880EFF309800BF0CF
:1005700003BD1EF0040F0CBFEFF30880EFF30980FA
:100580000BF044BD1EF0040F0CBFEFF30880EFF337
:1005900009800BF06BBD0138FDD1704780B500AF0D
:1005A00000F0FAF8044B5B69034A43F400735361AB
:1005B000FFF740FF00BF80BD00ED00E080B588B0D0
:1005C00000AF314BD3F8983003F08063FB61FB69D7
:1005D000002B4ED12C4BD3F8983003F480537B6121
:1005E0007B69002B15D1294B294A1A60294B284ACF
:1005F0001A60294B264A1A60284B294A1A60294B4F
:10060000234A1A60284B224A1A60284B204A1A6053
:1006100036E0274A3B1D92E8030083E803001A4BAB
:10062000D3F89C309B0903F007033B613A1D3B69FB
:1006300013441B78FB73FB7B022B12D0022B14DCC0
:10064000002B02D0012B07D00FE000F035F8B86185
:10065000B86900F04FF813E04FF4004000F04AF89A
:100660000EE0144800F046F80AE0124800F042F8A4
:1006700006E000F021F8B861B86900F03BF8FFE748
:1006800000BF2037BD4680BD00800340040000202D
:1006900080651406080000200C00002010000020D7
:1006A0006019850114000020180000201C000020A3
:1006B0004CDF010040420F0080B483B000AF0A4B12
:1006C000D3F8503103F004033B603B68002B02D1A8
:1006D000064B7B6001E0064B7B607B6818460C375D
:1006E000BD4680BC704700BF0080034040787D015C
:1006F00080F0FA0280B483B000AF78600C4A7B6867
:1007000013600C4A7B6813600B4A7B6813600B4BC9
:100710000B4A1A600B4A7B6813600B4A7B681360B4
:100720000A4A7B68136000BF0C37BD4680BC704727
:1007300004000020080000200C0000201000002011
:100740006019850114000020180000201C00002002
:1007500080B483B000AF0E4BD3F84C313B603B68A4
:100760004FF60202934204D03B680A4A934203D0F8
:1007700005E001237B6005E002237B6002E00023AB
:100780007B6000BF7B6818460C37BD4680BC704755
:100790000080034002F8010080B582B000AFFFF78F
:1007A000D7FF78607B68012B02D100F007F800E0EA
:1007B00000BF00BF0837BD4680BD000080B400AF59
:1007C000094BD3F89830084A43F48073C2F8983044
:1007D000054BD3F89830044A23F08063C2F8983070
:1007E00000BFBD4680BC70470080034080B483B02A
:1007F00000AF78604FF0FF3318460C37BD4680BC21
:10080000704780B584B000AFF860B9607A600CF0D2
:10081000B3FC03460C221A604FF0FF331846103722
:10082000BD4680BD80B483B000AF786000BFFDE7F7
:1008300080B500AF0CF0A0FC03460B221A604FF00D
:10084000FF33184680BD80B483B000AF7860396054
:100850003B684FF400525A60002318460C37BD46DF
:1008600080BC704780B400AF01231846BD4680BCF1
:10087000704780B483B000AF7860012318460C370E
:10088000BD4680BC704780B582B000AF78603960EB
:100890000CF072FC034616221A604FF0FF33184624
:1008A0000837BD4680BD80B582B000AF7860396042
:1008B0000CF062FC03461F221A604FF0FF3318460B
:1008C0000837BD4680BD80B485B000AFF860B96020
:1008D0007A60002318461437BD4680BC704780B448
:1008E00085B000AFF860B9607A604FF0FF3318460A
:1008F0001437BD4680BC704780B485B000AFF86047
:10090000B9607A60002318461437BD4680BC704732
:1009100080B485B000AFF860B9607A603B600023B6
:1009200018461437BD4680BC7047000080B586B0BD
:1009300000AF78601F4B1B68002B02D11D4B1E4A75
:100940001A601C4B1B687B61EFF308833B61194BFA
:100950001B683A699A420FD9164B1A687B68134490
:100960003A699A421AD21923144A01210020FFF74A
:10097000CFFF0120FFF756FF114BFB600D4B1A68AC
:100980007B681344FA689A4208D219230D4A012160
:100990000020FFF7BDFF0120FFF744FF054B1A6859
:1009A0007B681344034A13607B6918461837BD46B9
:1009B00080BD00BF900800201065002054DF0100BA
:1009C00000F0002070DF010080B483B000AF7860D9
:1009D00039603B684FF400525A60002318460C37C8
:1009E000BD4680BC704780B483B000AF78604FF0E4
:1009F000FF3318460C37BD4680BC704780B582B0C7
:100A000000AF78600CF0B8FB034602221A604FF08A
:100A1000FF3318460837BD4680BD80B582B000AFB1
:100A200078600CF0A9FB03460A221A604FF0FF33EE
:100A300018460837BD4680BD2DE9B04384B000AFED
:100A400078607B68002298469146104BD3E90023DA
:100A500002FB09F008FB03F10144A8FB02454B1916
:100A60001D460B4A4FF00003204629461BF062FF4B
:100A700002460B4613460133FB60F868FFF78BFD17
:100A800000BF1037BD46BDE8B08300BF8000002026
:100A900040420F0080B582B000AF78607B684FF4B1
:100AA0007A7202FB03F31846FFF7C6FF00BF083750
:100AB000BD4680BD80B582B000AF78607B684FF4E2
:100AC0007A7202FB03F31846FFF7E4FF00BF083712
:100AD000BD4680BD80B485B000AF786039604FF00E
:100AE000FF33FB603B68BB6012E07B681B781A46F3
:100AF000FB681B0E53400B4A52F82320FB681B0275
:100B00005340FB607B6801337B60BB68013BBB608B
:100B1000BB68002BE9D1FB68DB4318461437BD46A0
:100B200080BC704784DF010080B500AF30480BF017
:100B300013F8304B1B6819462F480BF00DF82F4B5C
:100B40001B6819462E480BF007F82E4B1B681946F8
:100B50002D480BF001F82D4B1B6819462C480AF064
:100B6000FBFF2C4B1B6819462B480AF0F5FF2B4B5B
:100B70001B6819462A480AF0EFFF2A4B1B681946E2
:100B800029480AF0E9FF294B1B68194628480AF052
:100B9000E3FF284B1B68194627480AF0DDFF274B67
:100BA0001B68194626480AF0D7FF264B1B681946D2
:100BB00025480AF0D1FF254B1B68194624480AF046
:100BC000CBFF244B1B68194623480AF0C5FF234B73
:100BD0001B68194622480AF0BFFF224B1B681946C2
:100BE00021480AF0B9FF21480AF0B6FF00BF80BDD6
:100BF00084E30100000000009CE30100900100007C
:100C0000BCE30100B0040000D8E3010098950200A5
:100C1000F0E301009095020004E4010098950200C1
:100C20001CE401000000002034E4010070080020F2
:100C30004CE401007008002060E401001065002011
:100C400078E401001065002088E4010000F0002035
:100C5000A4E4010000F00020B8E40100000001203D
:100C6000D4E4010010650020E8E40100F8E401008C
:100C700080B584B000AFF860B9607A603B603B68D3
:100C800018687B68BA68F968984702463B681A603A
:100C90003B681B68002B02D14FF0FF3300E00023BC
:100CA00018461037BD4680BD80B586B000AFF860ED
:100CB000B9607A603B6014E0BB68102B28BF10233A
:100CC0007B613B687A687969F868FFF7D1FF034672
:100CD000002B02DA4FF0FF3307E0BA687B69D31AC2
:100CE000BB60BB68002BE7D1002318461837BD4610
:100CF00080BD000080B586B000AFF860B9607A6052
:100D00003B6000237B617B68002B0BD0BB68FA68DB
:100D100079683048FFF7C8FF0346002B02DA4FF02E
:100D2000FF3353E07A697B6813447B613B68002B97
:100D300012D03B6A002B0FD0BB68FA68396A38685A
:100D4000FFF796FF0346002B02DA4FF0FF333DE03A
:100D50007A693B6A13447B617B6A002B0BD0BB68CA
:100D6000FA68796A1C48FFF79FFF0346002B02DAF6
:100D70004FF0FF332AE07A697B6A13447B61FB6A98
:100D8000002B0BD0BB68FA68F96AB86AFFF770FFEE
:100D90000346002B02DA4FF0FF3317E07A69FB6A53
:100DA00013447B613B6B002B0BD0BB68FA68396B3B
:100DB0000848FFF779FF0346002B02DA4FF0FF33B4
:100DC00004E07A693B6B13447B617B6918461837F2
:100DD000BD4680BDFCE4010010E5010080B489B08F
:100DE00000AFF860B9607A603B600023FB610023CC
:100DF000BB6100237B61FB689B681A46BB6893421A
:100E000005D2FB689B681A46BB68D31A7B61FB68F6
:100E10005B6803F00403002B02D07B69BB6101E037
:100E20007B69FB61FB685B6803F04003002B15D016
:100E3000FA69BB6913443B61FB685B6803F0040318
:100E4000002B0CBF01230023DBB21A463B6913447D
:100E50005B08FB613A69FB69D31ABB617B68002BB5
:100E600002D07B68FA691A603B68002B02D03B68AD
:100E7000BA691A6000BF2437BD4680BC70470000C5
:100E80002DE9B04FA0B000AFC7E912017A643B640E
:100E9000D7E91223C7E91C23D7E91C231446C3F35F
:100EA0001305C7E91845D7E91C234FF000004FF0A0
:100EB0000001180D00210346C3F30A03BB66D7E9FE
:100EC0001C234FF000004FF00001D80F0021034613
:100ED000FB66BA6E40F2FF739A4209D16FF000438D
:100EE000BB65FB6EFB65D7E91823C7E91423FFE058
:100EF000D7E9182313430DD1BB6E002B0AD1002371
:100F0000BB654FF000024FF00003C7E91423FB6EEE
:100F1000FB65EDE0FB6EFB65BB6E002B21D1012371
:100F2000BB664FF000024FF00003C7E91423002313
:100F3000BB650CE0D7E918239118B9615B41FB61EF
:100F4000D7E90623C7E91823BB6E013BBB66D7E987
:100F500018234FF0000A03F4002B5AEA0B03E9D0E0
:100F600006E075A3D3E90023C7E914230023BB657A
:100F700073A3D3E90023C7E91E23D7E918234FF051
:100F800000004FF00001190341EA12511003C7E9B4
:100F9000180131E0D7E91823002B0CDAD7E9140146
:100FA000D7E91E238418BC6341EB0303FB63D7E935
:100FB0000E34C7E91434D7E91823911839615B411D
:100FC0007B61D7E90423C7E91823D7E91E23511C05
:100FD000396343F100037B634FF000024FF00003DD
:100FE000D7E90C4521464A08204629460C4642EAE4
:100FF000C4724B08C7E91E23D7E918231343C9D18C
:10100000BB6EA3F2FF33BB6629E0D7E91423911826
:10101000B9605B41FB60D7E90223C7E91423D7E934
:10102000142341498A4241498B4115D3D7E91423FE
:10103000511DB96243F10003FB624FF00A024FF009
:101040000003D7E90A011BF075FC02460B46C7E90D
:101050001423BB6D0133BB65BB6E013BBB66BB6E2E
:10106000002BD2DC41E0D7E9142331498A423149CF
:101070008B4120D2D7E9144522462B464FF0000081
:101080004FF00001990041EA9271900002460B4630
:1010900012EB040843EB050918EB08033B6049EB2E
:1010A00009037B60D7E9008942464B46C7E9142310
:1010B000BB6D013BBB65D7E91423511C396243F179
:1010C00000037B624FF000024FF00003D7E90845B0
:1010D00021464A08204629460C4642EAC4724B087B
:1010E000C7E91423BB6E0133BB66BB6E002BBADBB2
:1010F0007B6C002B02D0FA6D7B6C1A603B6C002B72
:1011000004D0D7E91423396CC1E90023D7F8A03003
:10111000002B03D0BA6DD7F8A0301A6000BF80371B
:10112000BD46BDE8B08F00BF0000C16FF28623004E
:1011300000008D49FD1A07000080C6A47E8D0300C3
:1011400000406352BFC6010080B586B000AFF860B2
:10115000C7E900233A6A7B6AD31A7B610EE0D7E9BC
:1011600000014FF00A024FF000031BF0E3FB0246C0
:101170000B46C7E900237B69013B7B617B69002B40
:10118000EDDC7B6A7B6122E0D7E900014FF00A02C7
:101190004FF000031BF0CEFB13463B613B69DBB213
:1011A0003033D9B27B69013BFA6813444AB21A70F2
:1011B000D7E900014FF00A024FF000031BF0BAFB21
:1011C00002460B46C7E900237B69013B7B617B69D3
:1011D000002BD9D17B6A18461837BD4680BD000068
:1011E00080B590B006AFF8607A603B600B46FB724A
:1011F00000237B6100233B613B6C6FF00042934214
:1012000015D1D7E90E23134311D097F90B30662B74
:1012100007D097F90B30652B03D097F90B30672B6C
:1012200002D12F4B3B6213E02E4B3B6210E097F94B
:101230000B30662B07D097F90B30652B03D097F94D
:101240000B30672B02D1284B3B6201E0274B3B62FE
:10125000386A0CF03BF9F8613B6B002B02D0244B51
:101260007B6219E03B6B002B08D1FB685B6803F0E5
:101270000203002B02D01F4B7B620DE03B6B002B67
:1012800008D1FB685B6803F00103002B02D01A4B06
:101290007B6201E0194B7B62786A0CF017F9B86148
:1012A000FA69BB69D11807F1100307F11402F86855
:1012B000FFF794FD7A693B690493FB6903933B6AEA
:1012C000029300230193BB6900937B6A39687868B5
:1012D000FFF710FD034618462837BD4680BD00BF06
:1012E00024E5010028E501002CE5010030E50100BE
:1012F00034E5010038E501003CE5010040E501006E
:101300002DE9B0438AB000AFF860B9607A603B6005
:1013100048A3D3E90023C7E908230023FB61BB6886
:101320001B68BB617B6C002B21D0BA693E4B83FBF1
:101330000231D317C91A0B465B000B44D31ABB61A9
:10134000BB69002B02DABB690333BB613B68002B2E
:101350000DD0BB681B68002BB8BF5B427B617B690B
:10136000182B04DD7B69183BBA691344BB613B68E9
:10137000002B0AD1BB69002B02DABB690133BB61C8
:10138000BB69002BB8BF5B42BB61BA697B68134481
:101390000133FB61FB6923EAE373FB610BE0D7E9EF
:1013A00008014FF00A024FF000031BF0C3FA024697
:1013B0000B46C7E90823FB695A1EFA61002BEED1E0
:1013C000FB68D3E90001D7E90823841841EB030542
:1013D000FB68C3E90045FB68D3E9002313498A424F
:1013E00013498B4118D3FB68D3E9002312F1050898
:1013F00043F100094FF00A024FF00003404649460E
:101400001BF098FA02460B46F968C1E90023BB6855
:101410001B685A1CBB681A6000BF2837BD46BDE870
:10142000B08300BFAFF30080565555550000C16F23
:10143000F28623000080E03779C3110080B5AAB09E
:1014400006AFF8607A603B600B46FB720023C7F87A
:101450008C300023C7F884300023C7F88030002385
:10146000BB6100237B610023FB670023BB67002374
:101470007B6700233B670023FB660023BB660023DA
:10148000BB6500237B6500233B650023FB7497F954
:101490000B30672B03D097F90B30472B23D1012357
:1014A0007B65FB685B6823F02002FB685A60D7F815
:1014B000A83013F1040F05DBFB68DA68D7F8A83011
:1014C0009A4208DC97F90B30672B01D1652300E0C5
:1014D0004523FB7207E097F90B30672B01D1662398
:1014E00000E04623FB7297F90B30662B03D097F987
:1014F0000B30462B01D101233B65FB68DB68002BD9
:1015000002DAFB680622DA607B6D002B06D0FB68EE
:10151000DB68002B02D1FB680122DA60D7F8983033
:10152000002B03D0AB4BC7F888301EE0D7F89830BB
:10153000002B09D1FB685B6803F00203002B03D08A
:10154000A54BC7F8883010E0D7F89830002B09D1A8
:10155000FB685B6803F00103002B03D09F4BC7F8C7
:10156000883002E09E4BC7F88830D7F888000BF02F
:10157000ADFF7863FB68DA68FB685B6803F0200303
:1015800007F1A80107F1A00001937B6D00933B6D6B
:10159000FFF7B6FED7E92823134324D01023C7F85A
:1015A0008C301AE0D7E928014FF00A024FF000030F
:1015B0001BF0C0F9134315D1D7F88C30013BC7F8A5
:1015C0008C30D7E928014FF00A024FF000031BF0DE
:1015D000B1F902460B46C7E92823D7F88C30002B17
:1015E000E0D100E000BF3B6D002B37D0FB685B68AB
:1015F00003F02003002B2AD00823FB6419E0D7F85E
:10160000A830022B08DDFB6C0133FB64D7F8A8304F
:10161000033BC7F8A8300CE0D7F8A830002B0FDA4E
:10162000FB6C013BFB64D7F8A8300333C7F8A83044
:1016300000BFFB6C002B04DDFB6C0F2BDFD900E03F
:1016400000BF684AFB6C134493F90030FB74D7F871
:10165000A83043EAE37301337B6623E001237B6612
:10166000FB685B6803F02003002B1BD0D7F8A82091
:101670005D4B83FB0231D317C91A0B465B000B4449
:10168000D31ABB64BB6C002B02DABB6C0333BB64A4
:101690007A6EBB6C13447B66D7F8A820BB6CD31A58
:1016A000C7F8A830FB68DA68D7F88C107B6ECB1AC5
:1016B00023EAE3739342A8BF13463B663B6D002BBE
:1016C0003CD07B6D002B39D0D7E92823C7E9102304
:1016D000D7F88C30FB630EE0FB6B013BFB63D7E973
:1016E00010014FF00A024FF000031BF023F90246ED
:1016F0000B46C7E910237A6E3B6E1344FA6B9A428D
:10170000EADC0EE0D7E910014FF00A024FF00003C7
:101710001BF010F902460B46C7E910233B6E013B54
:101720003B663B6E002B09DDD7E910014FF00A0242
:101730004FF000031BF0FEF81343E3D07A6E7B6B8F
:101740001A443B6E1344C7F880303B6D002B38D0F1
:101750007B6E002B06D10123FB67D7F88030013365
:10176000C7F880307A6ED7F88C309A4204DD7A6EF2
:10177000D7F88C30D31ABB67D7F8A830B3F1FF3F46
:1017800015DAFB68DB68002B11DDD7F8A830DB43E6
:101790007B67FB68DB681A467B6F934228BF134662
:1017A0007B67D7F880207B6F1344C7F8803097F9A8
:1017B0001330002B34D0D7F880300133C7F8803095
:1017C0002EE0D7F8A830002BB8BF5B42FB650023A2
:1017D000BB6516E034E5010038E501003CE5010099
:1017E00040E501002400002056555555BB6D0133DE
:1017F000BB65FB6D9C4A82FB03129210DB17D31A68
:10180000FB65FB6D002BF1DCBB6D022B38BF0223A7
:10181000BB65BA6DD7F8803013440233C7F8803007
:101820003A6E7B6F1344FA68D268934217D27B6D8D
:10183000002B05D0FB685B6803F00803002B0ED07B
:10184000FB68DB681A467B6FD21A3B6ED31A3B6784
:10185000D7F880203B6F1344C7F880301AE03B6D07
:10186000002B17D03A6E7B6F1344FA68D26893420C
:1018700010D93A6E7B6F1344FA68D2689B1A3B63A7
:101880003B6BD7F88020D31AC7F880303A6E3B6B99
:10189000D31A3B667B6F002B0BD13B6F002B08D11B
:1018A0003B6E002B05DCFB685B6803F00803002B34
:1018B00006D00123BB66D7F880300133C7F88030EB
:1018C00007F1140307F11802D7F88010F868FFF742
:1018D00085FAFB685B6803F01003002B05D0BB6939
:1018E000FA6F1344FB670023BB617B6E002B0ED0A5
:1018F000D7E92823786EB96F411A07F11C000191CE
:10190000D7F88C100091FFF71FFC034600E000237E
:10191000C7F88430D7F88C20D7F88430D31AC7F8AA
:101920008C30BA6900230493D7F88430039307F10D
:101930001C030293FB6F01937B6B0093D7F88830F5
:1019400039687868FFF7D6F9F862FB6AB3F1FF3FB0
:1019500001D1FB6AF4E0FA6EFB6A1344FB660023D4
:1019600004930023039300230293BB6F019300238E
:1019700000930023002239687868FFF7BBF9F8620A
:10198000FB6AB3F1FF3F01D1FB6AD9E0FA6EFB6A53
:101990001344FB663B6E002B0CD0D7E9282307F1DC
:1019A0001C00396E0191D7F88C100091FFF7CCFB29
:1019B000034600E00023C7F88430BB6E002B14BF41
:1019C00001230023DBB21A4600230493D7F88430A6
:1019D000039307F11C0302937B6F01930092234B47
:1019E000002239687868FFF785F9F862FB6AB3F17D
:1019F000FF3F01D1FB6AA3E0FA6EFB6A1344FB666A
:101A00000023049300230393002302933B6F01936D
:101A1000002300930023002239687868FFF76AF9F1
:101A2000F862FB6AB3F1FF3F01D1FB6A88E0FA6E0E
:101A3000FB6A1344FB66BB6D002B5DD0D7F8A83062
:101A4000002BB8BF5B42BB63FB7A3B74D7F8A8306E
:101A5000002B01DA2D2300E02B237B74BB6DFB658B
:101A60000023C7F8843025E06766666644E5010018
:101A7000B96B354BA3FB0123DA0813469B001344D3
:101A80005B00CA1AD3B23033DAB2FB6D013B52B2FB
:101A900090333B4403F8742CFB6D013BFB65D7F896
:101AA00084300133C7F88430BB6B274AA2FB032381
:101AB000DB08BB63FB6D002BDADC07F110020023AF
:101AC0000493D7F88430039307F11C030293002397
:101AD0000193022300931346002239687868FFF7C8
:101AE00009F9F862FB6AB3F1FF3F01D1FB6A27E015
:101AF000FA6EFB6A1344FB6697F91330002B14BF90
:101B000001230023DBB21A467B690493039207F199
:101B10001303029300230193002300930023002268
:101B200039687868FFF7E6F8F862FB6AB3F1FF3FBF
:101B300001D1FB6A04E0FA6EFB6A1344FB66FB6E9C
:101B400018469037BD4680BDCDCCCCCC90B593B077
:101B500006AFF860B9603B601346FB71FB6893F910
:101B600014304C2B02D14FF0FF334DE0BB681B68A3
:101B7000073323F0070303F10801BA681160D3E9C2
:101B80000023C7E90A2307F1180107F1240207F12E
:101B9000140300930B46D7E90A01FFF771F97B693B
:101BA0006FF00042934203D1D7E90623134308D1D3
:101BB0007B696FF00042934215D1D7E906231343A6
:101BC00011D1796AD7E90623786997F9074004901B
:101BD000CDE9022300913B6C3A682146F868FFF793
:101BE000FFFA034610E0796AD7E90623786997F986
:101BF00007400490CDE9022300913B6C3A682146EE
:101C0000F868FFF71BFC034618463437BD4690BD05
:101C10002DE9B04FAAB006AFF865B9653B6513462C
:101C200087F85730FB6D1A6AFB6D5B6A1344C7F87F
:101C30008430D7F884300733DB08C7F880304FF0A2
:101C400000024FF00003C7E918234FF000024FF0E5
:101C50000003C7E91823D7F88030002B02D14FF0DA
:101C6000FF33EEE0D7F88030042B08D8BB6D19683D
:101C70000A1DBB6D1A600B68C7F88C3007E0BB6D9E
:101C800019680A1DBB6D1A600B68C7F88C30D7F84D
:101C90008C30002B0AD10023FB674FF000024FF07D
:101CA0000003C7E91C230023FB66BAE0D7F88430A1
:101CB0005A1E012303FA02F2D7F88C301340002B8E
:101CC00014BF01230023DBB2FB67FB6F002B04D0A2
:101CD000D7F88C305B42C7F88C30D7F884305A1E66
:101CE000012393405A1ED7F88C301340C7F88C302C
:101CF000D7F88C30DA17BB64FA64D7E91223C7E946
:101D00001C234FF0FF33C7F8883009E0D7F88C3038
:101D10005B10C7F88C30D7F888300133C7F88830AB
:101D2000D7F88C30002BF1D1D7F88820FB6D5B6A97
:101D3000D31AFB6609E0D7E91C23911839605B418F
:101D40007B60D7E90023C7E91C23D7E91C23B3F53F
:101D5000801FF0D3D7E9182300244FEA13554FEA28
:101D60000555D7E91C239246C3F3130B44EA0A0333
:101D70003B6445EA0B037B64D7E91034C7E91834A8
:101D8000D7E91823BA636FF31E53FB63FB6EDA17B0
:101D90003B637A633B6BC3F30A084FF0000940F2E0
:101DA000FF3318EB0303BB6249F10003FB624FF002
:101DB00000024FF00003B96A0B050022D7E90E01BB
:101DC000044614433C6219437962D7E90834C7E9F1
:101DD0001834D7E91823BA6123F00043FB61FB6F85
:101DE00000223B617A614FF000024FF00003396935
:101DF000CB070022D7E9060104461443BC6019430F
:101E0000F960D7E90234C7E91834D7E9180107F1B6
:101E1000700407F17C0207F16C0300932346FFF77F
:101E20002FF8F96FD7E91C23F86E0490CDE902234F
:101E30000091D7F8B0303A6D6621F86DFFF7FEFAE1
:101E4000034618469037BD46BDE8B08FB0B485B0A4
:101E500000AF786039603B681B68191D3A681160F3
:101E60001B68FB60FB68002B48D07B6893F914303B
:101E7000682B05D17B681B681AB2FB681A803DE0AD
:101E80007B6893F91430692B05D17B681B685AB2C3
:101E9000FB681A7032E07B6893F914306C2B05D123
:101EA0007B681B681A46FB681A6027E07B6893F919
:101EB00014306A2B08D17B681B6800221C4615462B
:101EC000FB68C3E9004519E07B6893F914307A2B6D
:101ED00004D17B681A68FB681A600FE07B6893F98D
:101EE0001430742B05D17B681B681A46FB681A6096
:101EF00004E07B681B681A46FB681A6000231846DA
:101F00001437BD46B0BC704780B58EB006AFF860E0
:101F1000B9603B601346FB710023FB6197F9073002
:101F2000632B08D1BB681B68191DBA6811601B6858
:101F30005BB2FB7403E0FB6893F91530FB74FB683C
:101F4000DB68002B02DAFB680122DA60FB68DB68E1
:101F5000012BB8BF0123BB611FE0002304930123C1
:101F6000039307F1130302930023019300230093CB
:101F700000230022B96A3868FEF7BCFE78617B69ED
:101F8000B3F1FF3F02D14FF0FF330AE0FA697B69FA
:101F90001344FB61BB69013BBB61BB69002BDCD116
:101FA000FB6918462037BD4680BD000080B58EB065
:101FB00006AFF860B9603B601346FB710023FB611C
:101FC00000237B6100233B61BB681B68191DBA6855
:101FD00011601B68BB61BB69002B01D1174BBB6152
:101FE000B8690BF073FAF861FB68DB68002B07DB5C
:101FF000FB68DB681A46FB69934228BF1346FB6106
:1020000007F1100307F11402F969F868FEF7E6FE1C
:102010007A693B690493FB690393BB6902930023CC
:102020000193002300930023B96A3868FEF762FE2B
:10203000034618462037BD4680BD00BF48E5010075
:102040002DE9F043CBB006AF07F58876A6F582768A
:10205000306007F58870A0F584700160114607F5BF
:102060008872A2F58872136007F58873A3F20913CA
:102070000A461A700023C7F80C310023BB61002305
:102080007B610023C7F804310023C7F80031002327
:10209000C7F8FC300023C7F8F4300023C7F8F0304D
:1020A00007F58873A3F582731B685B6803F08003F0
:1020B000002B00F0EE8007F58873A3F582731B6890
:1020C00093F914306C2B10D107F58873A3F5847342
:1020D0001B681B68191D07F58872A2F584721268C7
:1020E00011601B68C7F8EC3063E007F58873A3F54F
:1020F00082731B6893F914306A2B16D107F5887325
:10210000A3F584731B681B68073323F0070303F1EF
:10211000080107F58872A2F5847212681160D3E98C
:1021200000231346C7F8EC3043E007F58873A3F5A6
:1021300082731B6893F914307A2B10D107F58873DA
:10214000A3F584731B681B68191D07F58872A2F537
:102150008472126811601B68C7F8EC3029E007F53B
:102160008873A3F582731B6893F91430742B10D114
:1021700007F58873A3F584731B681B68191D07F5A1
:102180008872A2F58472126811601B68C7F8EC307F
:102190000FE007F58873A3F584731B681B68191D8E
:1021A00007F58872A2F58472126811601B68C7F87F
:1021B000EC3007F58873A3F582731B6893F914302C
:1021C000682B04D1D7F8EC301BB2C7F8EC3007F518
:1021D0008873A3F582731B6893F91430692B04D1BB
:1021E000D7F8EC305BB2C7F8EC30D7F8EC30002B06
:1021F000B8BF5B42C7F8F83007F58873A3F5807362
:1022000000221A70D7F8EC30002B06DA07F5887335
:10221000A3F580732D221A7020E007F58873A3F5CB
:1022200082731B685B6803F00203002B06D007F57E
:102230008873A3F580732B221A700FE007F588735B
:10224000A3F582731B685B6803F00103002B05D0C4
:1022500007F58873A3F5807320221A7007F5887339
:10226000A3F5807393F90030002B00F0B2800123B6
:10227000C7F8F43007F58873A3F582731B685B68B1
:1022800043F0080207F58873A3F582731B685A6050
:102290009FE007F58873A3F582731B6893F91430E8
:1022A0006C2B10D107F58873A3F584731B681B682A
:1022B000191D07F58872A2F58472126811601B68F7
:1022C000C7F8F83063E007F58873A3F582731B68DD
:1022D00093F914306A2B16D107F58873A3F584732C
:1022E0001B681B68073323F0070303F1080107F598
:1022F0008872A2F5847212681160D3E90023134634
:10230000C7F8F83043E007F58873A3F582731B68BC
:1023100093F914307A2B10D107F58873A3F58473E1
:102320001B681B68191D07F58872A2F58472126874
:1023300011601B68C7F8F83029E007F58873A3F52A
:1023400082731B6893F91430742B10D107F58873CE
:10235000A3F584731B681B68191D07F58872A2F525
:102360008472126811601B68C7F8F8300FE007F537
:102370008873A3F584731B681B68191D07F58872A1
:10238000A2F58472126811601B68C7F8F83007F56F
:102390008873A3F582731B6893F91430682B04D1FA
:1023A000D7F8F8309BB2C7F8F83007F58873A3F573
:1023B00082731B6893F91430692B04D1D7F8F83075
:1023C000DBB2C7F8F83007F58873A3F580733022C5
:1023D0001A7007F58873A3F2091393F900306F2B75
:1023E00006D1D7F8F830002B02D00123C7F8F4301B
:1023F00007F58873A3F2091393F90030782B0FD0F7
:1024000007F58873A3F2091393F90030582B07D00E
:1024100007F58873A3F2091393F90030622B32D1C8
:1024200007F58873A3F582731B685B6803F02003CC
:10243000002B03D1D7F8F830002B0CD007F58873A8
:10244000A3F5807307F58872A2F2091212785A7008
:102450000223C7F8F43007F58873A3F582731B686D
:102460005B6803F02003002B0DD007F58873A3F5FC
:10247000807393F9013043F020035AB207F5887353
:10248000A3F580735A7007F58873A3F582731B68F0
:102490005B6803F00803002B0ED0D7F80C21D7F8A7
:1024A000F4301344C7F80C3107F11003C7F8FC30BF
:1024B000D7F8F430C7F80031D7F834310A2B50D1AF
:1024C0000023C7F8083147E0D7F8F83000229846D3
:1024D0009146AF4B03FB09F2002303FB08F31344BF
:1024E000AB4AA8FB02452B441D46C7E92C45C7E96A
:1024F0002C45D7E92C014FF000024FF00003CA0829
:1025000000231346C7F8AC30D7F8AC309B00D7F89F
:10251000AC201344C7F8A830D7F8A8305B00D7F830
:10252000F820D31AC7F8A430D7F808310133C7F818
:102530000831D7F8A430DBB23033DAB2D7F808313B
:10254000C3F1820352B203F588733B4403F8F42CC1
:10255000D7F8AC30C7F8F830D7F8F830002BB3D143
:10256000ACE0D7F83431022B07D0D7F83431082B40
:1025700003D0D7F83431102B5BD1D7F83431013B7D
:10258000C7F8C030D7F83431102B07D0D7F8343122
:10259000082B01D1032302E0012300E00423C7F844
:1025A000BC300023C7F808313EE0D7F8F820D7F850
:1025B000C0301340774AD35C87F8EB3007F5887357
:1025C000A3F2091393F90030782B0FD007F5887325
:1025D000A3F2091393F90030692B07D007F588732C
:1025E000A3F2091393F90030752B05D197F8EB305E
:1025F00043F0200387F8EB30D7F808310133C7F8F0
:102600000831D7F80831C3F1820303F588733B44DE
:1026100097F8EB2003F8F42CD7F8F820D7F8BC3063
:1026200022FA03F3C7F8F830D7F8F830002BBCD102
:1026300044E00023C7F808313CE0D7F8F830D7F879
:102640003421B3FBF2F2D7F8341101FB02F29B1AEA
:10265000504AD35C87F8EA3007F58873A3F2091370
:1026600093F90030692B07D007F58873A3F209139B
:1026700093F90030752B05D197F8EA3043F0200329
:1026800087F8EA30D7F808310133C7F80831D7F8AE
:102690000831C3F1820303F588733B4497F8EA20BD
:1026A00003F8F42CD7F8F820D7F83431B2FBF3F361
:1026B000C7F8F830D7F8F830002BBED107F588738B
:1026C000A3F582731B68DB69002B00F01C8107F502
:1026D0008873A3F582731B689B69C7F8E43007F51C
:1026E0008873A3F582731B68DB69C7F8E0300023A9
:1026F000C7F8D830D7F80831C7F8D030D7F8083144
:10270000C3F18203C7F8CC30D7F8E030013BD7F8EB
:10271000E4201344C7F8E430E6E0D7F8E030002BBB
:1027200000F08580D7F8E4301B7887F8DF3097F920
:10273000DF302D2B00F0DE8097F9DF302A2B1FD100
:1027400007F58873A3F584731B681B68191D07F5CB
:102750008872A2F58472126811601B68C7F8D830BD
:10276000D7F8D830002BC0F2C780D7F8E430013B4F
:10277000C7F8E430D7F8E030013BC7F8E03043E079
:102780000023C7F8D8300123C7F8D43023E000BFB6
:10279000CDCCCCCC58E5010097F9DF30303B1A4660
:1027A000D7F8D43003FB02F2D7F8D8301344C7F877
:1027B000D830D7F8D42013469B0013445B00C7F8E9
:1027C000D430D7F8E430013BC7F8E430D7F8E03034
:1027D000013BC7F8E030D7F8E030002B14D0D7F831
:1027E000E4301B7887F8DF3097F9DF30002B0BD00F
:1027F00097F9DF300133874A134493F90030DBB295
:1028000003F00403002BC7D1D7F8E030002B75D0BC
:10281000D7F8E4301B7887F8DF30D7F8E430013B95
:10282000C7F8E430D7F8E030013BC7F8E030D7F81C
:10283000D830002B54D0D7F8D830D7F8D0209A42CF
:102840005ED9D7F8CC30C7F8C830D7F8D830D7F829
:10285000D020D31AC7F8C43018E0D7F8C830013BED
:1028600007F11C01D7F8C8200A4492F9002003F5AB
:1028700088733B4403F8F42CD7F8C430013BC7F805
:10288000C430D7F8C8300133C7F8C830D7F8C430DF
:10289000002BE2D1D7F8CC30013BC7F8CC30D7F8C9
:1028A000CC20D7F8D0301A44D7F8D830D31A03F553
:1028B00088733B4497F8DF2003F8F42CD7F80831ED
:1028C0000133C7F80831D7F8F0300133C7F8F030DA
:1028D000D7F8D830D7F8D020D31AC7F8D03003E0D3
:1028E000D7F8E030002B0DD0D7F8D030002B7FF494
:1028F00014AF08E000BF06E000BF04E000BF02E044
:1029000000BF00E000BFD7F80831C7F8A03007F5D6
:102910008873A3F582731B68DB68002B07DA07F561
:102920008873A3F582731B680122DA600DE007F556
:102930008873A3F582731B685B6823F0100207F5A8
:102940008873A3F582731B685A6007F58873A3F533
:1029500082731B68DB681A46D7F8F0301344D7F847
:102960000821934238BF1346C7F80831D7F80C2125
:10297000D7F808311344C7F80C3107F1140307F1F5
:10298000180207F58871A1F58270D7F80C1100685C
:10299000FEF724FAD7F80821D7F8A030D31AC7F8E1
:1029A000043107F58873A3F582731B685B6803F035
:1029B0001003002B07D0BB69D7F804211344C7F8D4
:1029C00004310023BB61B969D7F8A030C3F1820399
:1029D00007F11C0213447A6907F58870A0F5887026
:1029E0000492D7F8A02003920293D7F80431019300
:1029F000D7F800310093D7F8FC300A46D7F83011E9
:102A00000068FEF777F90346184607F58A77BD4652
:102A1000BDE8F083A41E020080B58CB006AFF8605C
:102A2000B9603B601346FB7100237B6197F9073067
:102A30006E2B05D1B968F868FFF708FA0346DDE0A8
:102A400097F90730252B11D1002304930123039319
:102A5000FB1D029300230193002300930023002217
:102A6000396A3868FEF746F90346C7E097F9073038
:102A7000632B03D097F90730432B0AD197F907202E
:102A80003B6A00933B68B968F868FFF73DFA034674
:102A9000B4E097F90730732B0AD197F907203B6A06
:102AA00000933B68B968F868FFF780FA0346A5E031
:102AB00097F90730652B13D097F90730452B0FD0C6
:102AC00097F90730662B0BD097F90730462B07D0C4
:102AD00097F90730672B03D097F90730472B0AD1B6
:102AE00097F907203B6A00933B68B968F868FFF7DD
:102AF0002DF8034682E097F907306B2B0AD197F93E
:102B000007203B6A00933B68B968F868FFF780F8D4
:102B1000034673E097F90730702B0DD15823FB71F2
:102B2000FB6800221A75FB6828225A60FB6808229D
:102B30009A60FB680822DA6097F90730642B07D0A7
:102B400097F90730692B03D097F90730492B1CD12F
:102B5000FB685B6843F08002FB685A600A237B6174
:102B6000FB685B6823F00802FB685A6097F907303E
:102B7000692B03D097F90730492B06D1FB681B69F5
:102B8000002B02D0FB681B697B6197F90730782B1B
:102B900003D097F90730582B01D110237B6197F9A7
:102BA0000730752B03D097F90730552B08D1FB68F8
:102BB0001B69002B02D0FB681B6900E00A237B61C4
:102BC00097F907306F2B01D108237B6197F9073004
:102BD000622B01D102237B617B69012B0CD997F910
:102BE00007207B6901933B6A00933B68B968F868EA
:102BF000FFF726FA034601E04FF0FF331846183777
:102C0000BD4680BD80B59CB002AFF860B9607A6007
:102C10003B607B683B663B683B617B68002B00F058
:102C20008C8200237B617DE23B6EFB6502E0FB6DE5
:102C30000133FB65FB6D93F90030002B04D0FB6D75
:102C400093F90030252BF2D1FA6D3B6ED31AFB6459
:102C5000FB6C002B0ED007F10803FA68F96C386E94
:102C6000FEF706F80346002BC0F269827A69FB6C16
:102C700013447B61FB6D3B663B6E93F90030002B88
:102C800000F050823B6E01333B660023BB610BE0DA
:102C9000BA69BB6CA6495B1AA64951F823301343A5
:102CA000BB613B6E01333B663B6E1B7887F8673038
:102CB00097F96730002B09D097F9673019469C487F
:102CC0000AF0E8F8B864BB6C002BE1D13B6E93F9D5
:102CD00000302A2B12D13B691A1D3A611B68FB6137
:102CE000FB69002B06DAFB695B42FB61BB6943F0C1
:102CF0000403BB613B6E01333B6628E00023FB61AC
:102D00000DE0FA6913469B0013445B001A4697F9DD
:102D100067301344303BFB613B6E01333B663B6ED7
:102D20001B7887F8673097F96730002B0FD097F939
:102D300067300133804A134493F90030DBB203F06B
:102D40000403002B03D0FB69B3F5FA7FD9DBFB69E1
:102D5000B3F5FA7F00F3F5813B6E93F900302E2B2B
:102D600003D04FF0FF333B6243E03B6E01333B66E1
:102D70003B6E93F900302A2B0DD13B691A1D3A6145
:102D80001B683B623B6AB3F5FA7F00F3DC813B6E64
:102D900001333B662DE000233B620DE03A6A1346A7
:102DA0009B0013445B001A4697F967301344303B8D
:102DB0003B623B6E01333B663B6E1B7887F86730A6
:102DC00097F96730002B0FD097F9673001335A4AD3
:102DD000134493F90030DBB203F00403002B03D05B
:102DE0003B6AB3F5FA7FD9DB3B6AB3F5FA7F00F3B0
:102DF000AC813B6E93F900303A2B02D000237B620A
:102E000048E03B6E01333B663B6E93F900302A2B62
:102E100014D13B691A1D3A611B687B647B6C002BE3
:102E200002DA00237B6205E07B6C242B00F38F81A8
:102E30007B6C7B623B6E01333B662BE000237B6245
:102E40000DE07A6A13469B0013445B001A4697F91B
:102E500067301344303B7B623B6E01333B663B6E15
:102E60001B7887F8673097F96730002B0ED097F9F9
:102E700067300133304A134493F90030DBB203F07A
:102E80000403002B02D07B6A232BDADD7B6A242B20
:102E900000F35F8110237B631023BB6300233B633C
:102EA0000023FB623B6E1B7887F8673097F9673029
:102EB0005B2B24D10023BB653B6E01333B663B6E2D
:102EC000FB6205E03B6E01333B66BB6D0133BB65C6
:102ED0003B6E1B7887F8673097F96730002B03D07B
:102EE00097F967305D2BEDD197F96730002B00F033
:102EF00032813B6E01333B66BB6D3B639CE097F9CF
:102F000067307B2B40F098803B6E01333B663B6E15
:102F100093F900302A2B08D13B691A1D3A611B68CE
:102F20007B653B6E01333B662DE000237B6513E040
:102F300080E5010088E50100A41E02007A6D1346B9
:102F40009B0013445B001A4697F967301344303BEB
:102F50007B653B6E01333B663B6E1B7887F86730C1
:102F600097F96730002B0ED097F967300133844A08
:102F7000134493F90030DBB203F00403002B02D0BA
:102F80007B6D1F2BDAD97B6D202B00F2E6803B6E28
:102F900093F900302E2B40F0E2803B6E01333B660C
:102FA0003B6E93F900302A2B08D13B691A1D3A6118
:102FB0001B683B653B6E01333B6627E000233B65A6
:102FC0000DE03A6D13469B0013445B001A4697F9D7
:102FD00067301344303B3B653B6E01333B663B6ED1
:102FE0001B7887F8673097F96730002B0ED097F978
:102FF00067300133624A134493F90030DBB203F0C7
:103000000403002B02D03B6D1F2BDAD997F96730F0
:10301000002B00F0A6803B6E01333B663B6D202BFE
:1030200000F2A1807A6D3B6D13441F2B00F29D804E
:103030007B6D7B633B6DBB633B6E1B7887F86730B2
:1030400097F96730002B0ED097F9673019464D4835
:1030500009F020FF0346002B05D03B6E01333B6691
:1030600097F9673000E0002387F8283097F9283077
:10307000002B17D03B6E1B7887F8673097F96730C5
:10308000002B0FD097F9283097F967209A4209D181
:1030900097F9283043F001035BB287F828303B6E84
:1030A00001333B663B6E1B7887F8673097F96730D2
:1030B000002B05D13B691A1D3A611B683B6631E064
:1030C00097F8673087F8433097F94330432B0FD197
:1030D0003B6E01333B663B6E1B7887F8673097F990
:1030E0006730002B43D097F8673087F8293002E02B
:1030F000002387F8293097F9432007F1100107F1E1
:10310000140007F108030093FB68FFF785FCF863E0
:10311000FB6B002B2DDB7A69FB6B13447B613B6EF1
:1031200001333B663B6E1B7887F8673097F9673051
:10313000002B7FF479AD7B691EE000BF1AE000BF71
:1031400018E000BF16E000BF14E000BF12E000BFAF
:1031500010E000BF0EE000BF0CE000BF0AE000BFBF
:1031600008E000BF06E000BF04E000BF02E000BFCF
:1031700000E000BF4FF0FF3318466837BD4680BD02
:10318000A41E020050E5010080B584B000AFF860D5
:10319000B9607A603B60FB68BA681A60FB687A685D
:1031A0005A60FB6800221A72FB683A68DA60FB68B2
:1031B0001B6818460AF08AF90346DAB2FB681A72ED
:1031C000FB6818461037BD4680BD000080B582B050
:1031D00000AF786039607B681B68184618F06CFF98
:1031E0003B68D3E9002318F0D1FF02460B46104696
:1031F00019464FF00002054B19F0F2F802460B4653
:10320000104619460837BD4680BD00BF00005E412C
:1032100098B500AF584C594B594A5A492046FFF7C8
:10322000B3FF1034584B594A59492046FFF7ACFFB9
:103230001034584B584A59492046FFF7A5FF10341F
:10324000514B574A57492046FFF79EFF1034514BC8
:10325000554A56492046FFF797FF1034544B554ABC
:1032600055492046FFF790FF1034514B534A5449BB
:103270002046FFF789FF1034524B534A53492046EA
:10328000FFF782FF10344F4B514A52492046FFF757
:103290007BFF1034504B514A51492046FFF774FFD1
:1032A00010344D4B4F4A50492046FFF76DFF103404
:1032B0004E4B4F4A4F492046FFF766FF10344E4BA6
:1032C0004E4A4F492046FFF75FFF10344D4B4E4AA0
:1032D0004E492046FFF758FF10344D4B4D4A4E499A
:1032E0002046FFF751FF10344C4B4D4A4D492046C4
:1032F000FFF74AFF10344C4B4C4A4D492046FFF72C
:1033000043FF10344B4B4C4A4C492046FFF73CFFDF
:103310001034484B4A4A4B492046FFF735FF1034DA
:10332000494B4A4A4A492046FFF72EFF1034494B81
:10333000494A4A492046FFF727FF1034484B494A7B
:1033400049492046FFF720FF1034484B484A494975
:103350002046FFF719FF1034444B474A474920469F
:10336000FFF712FF04F11000454B464A4649FFF7AC
:103370000BFF00BF98BD00BF94080020A9370000D4
:1033800010E6010048E601001938000050E601008F
:1033900064E60100E138000070E601008CE60100FF
:1033A00098E60100B0E60100B4E60100D4E60100B1
:1033B00071390000D8E6010024E701002CE7010084
:1033C0007CE70100213C000080E70100CCE7010020
:1033D000D4E7010024E80100D13F000028E8010003
:1033E0005CE8010064E801009CE8010035A00000F1
:1033F000A4170200941702003DA30000E817020082
:10340000D817020081A70000281802001418020033
:10341000F1410000A0E80100D4E801009942000059
:10342000DCE8010038E901006946000040E90100DC
:103430008CE90100A94A000094E90100B0E901000B
:10344000B8E90100D4E90100A94B0000D8E9010066
:1034500028EA0100194E000038EA010078EA01006C
:10346000494E000088EA0100D0EA0100ED4F00005B
:10347000E0EA010018EB010028EB010064EB010019
:103480009D54000068EB010098EB010080B500AF8F
:10349000FFF7BEFE80BD80B483B000AF78607B686C
:1034A00000221A7000225A7000229A700022DA70EC
:1034B00000221A7100225A7100229A710022DA71D8
:1034C0007B6818460C37BD4680BC704780B483B01B
:1034D00000AF78600B46FB707B68FA781A7100BF0A
:1034E0000C37BD4680BC704780B483B000AF7860B5
:1034F0007B681B7918460C37BD4680BC70470000BE
:1035000080B582B000AF78607B681B6819467B6825
:103510005A687B689B68034809F012FA00BF0837B5
:10352000BD4680BDB0EB010080B483B000AF7860D1
:103530007B6800221A7000225A7000229A700022C2
:10354000DA707B6818460C37BD4680BC70470000B7
:103550002DE9F041B6B01EAFF865FB6DD3F800C0A1
:10356000FB6D1B78C3F30003DBB29E46FB6D1B783B
:10357000C3F34003DBB29846FB6D1B78C3F38003B3
:10358000DBB2BB65FB6D1B78C3F3C003DBB27B65AD
:10359000FB6D1B78C3F30013DBB23B65FB6D1B783F
:1035A000C3F34013DBB2FB64FB6D1B78C3F38013E2
:1035B000DBB2BB64FB6D1B78C3F3C013DBB27B646F
:1035C000FB6D5B78C3F30003DBB23B64FB6D5B78A0
:1035D000C3F34003DBB2FB63FB6D5B78C3F3800393
:1035E000DBB2BB63FB6D5B78C3F3C003DBB27B6311
:1035F000FB6D5B78C3F30013DBB23B63FB6D5B7861
:10360000C3F34013DBB2FB62FB6D5B78C3F3801343
:10361000DBB2BB62FB6D5B78C3F3C013DBB27B62D2
:10362000FB6D9B78C3F30003DBB23B62FB6D9B78C1
:10363000C3F34003DBB2FB61FB6D9B78C3F38003F4
:10364000DBB2BB61FB6D9B78C3F3C003DBB27B6174
:10365000FB6D9B78C3F30013DBB23B61FB6D9B7882
:10366000C3F34013DBB2FB60FB6D9B78C3F38013A5
:10367000DBB2BB60FB6D9B78C3F3C013DBB27B6036
:10368000FB6DDB78C3F30003DBB23B60FB6DDB78E3
:10369000C3F34003DBB21E46FB6DDB78C3F380034C
:1036A000DBB21D46FB6DDB78C3F3C003DBB21C4607
:1036B000FB6DDB78C3F30013DBB21846FB6DDB78E0
:1036C000C3F34013DBB21946FB6DDB78C3F3801301
:1036D000DBB21A46FB6DDB78C3F3C013DBB21D937C
:1036E0001C921B911A901994189517963A68169285
:1036F0007A681592BA681492FA6813923A6912922B
:103700007A691192BA691092FA690F923A6A0E9226
:103710007A6A0D92BA6A0C92FA6A0B923A6B0A9222
:103720007A6B0992BA6B0892FA6B07923A6C06921E
:103730007A6C0592BA6C0492FA6C03923A6D02921A
:103740007A6D0192BB6D0093434672466146044810
:1037500008F002FA00BF6037BD46BDE8F08100BF47
:1037600014EC010080B582B000AF786039607B68EE
:103770001B68184618F0A0FC3B68D3E9002318F03A
:1037800005FD02460B46104619464FF00002054B58
:1037900018F026FE02460B46104619460837BD466D
:1037A00080BD00BF00005E4180B586B002AFF8600A
:1037B000B9607A603B60134B1B68002B14BF012378
:1037C0000023DBB2002B0ED00E4B1B6819680D4B8B
:1037D0001B685B6801930C4B00939F230B4A0C48BA
:1037E00008F0BAF905E0084B9F220849094808F09B
:1037F000B3F9B86809F06AFE03465BB218461037A1
:10380000BD4680BD4C00002098FA010064EE010026
:1038100090EE0100F4EE010080B586B000AFF860D4
:10382000B9607A603B6000233B6107F110031A46E0
:103830002449B86809F07AF90346FB7597F91730FF
:10384000002B20DC204808F087F900233B6113E0BF
:103850001E4B1A683B6913441B78BB753B69BA7DE4
:1038600019461B4808F078F9BB7D1946194808F03D
:1038700073F93B6901333B613B69802BE8D91648FA
:1038800008F06AF918E0114B1A683B6913441B7879
:10389000BB750D4808F060F93B69BA7D19460C48C4
:1038A00008F05AF9BB7D19460A4808F055F9BB7D66
:1038B00019460A4808F050F97B685BB21846183779
:1038C000BD4680BD30EF010034EF01004C00002008
:1038D00048EF01005CEF010064EF010068EF0100B8
:1038E00080B588B000AFF860B9607A603B600023B3
:1038F000BB6100237B6107F1140307F1180216492D
:10390000B86809F013F90346FB7797F91F30012BCC
:1039100009DC97F91F301A46B968104808F01CF9FD
:103920004FF0FF3313E07B69D9B20D4B1A68BB69C6
:1039300013440A461A707B6919460A4808F00CF9C4
:10394000BB691946084808F007F97B685BB218465E
:103950002037BD4680BD00BF74EF01007CEF010041
:103960004C000020D8EF0100FCEF01000000000037
:103970002DE9F043ADB010AF78623962FA61BB61F6
:103980000023FB640023BB6400237B6400233B64AF
:103990009B4B1B68002B0CBF01230023DBB2002BC9
:1039A00005D0984808F0D8F8FB695BB21FE107F131
:1039B000480107F14C0207F14003019307F144036A
:1039C00000930B469049386A09F0B0F8034687F82F
:1039D0006F3097F96F30032B1BDDFA6C884B1B6837
:1039E000DA62BA6C864B1B681A637A6C844B1B686C
:1039F0005A633A6C824B1B689A63F96CBA6C786CA8
:103A00003B6C00930346814808F0A6F8FB695BB263
:103A1000EDE097F96F30002B1BDDFA6C784B1B68DB
:103A2000DA62FA6C764B1B681A63FA6C744B1B688B
:103A30005A63FA6C724B1B689A63F96CFA6CF86CF7
:103A4000FB6C00930346714808F086F8FB695BB293
:103A5000CDE06B4B1B68DB6AFB64694B1B681B6B1F
:103A6000BB64674B1B685B6B7B64654B1B689B6B24
:103A70003B64F96CBA6C786C3B6C00930346644809
:103A800008F06AF807F138031846FFF704FD07F15C
:103A900030031846FFF7FFFC07F128031846FFF72D
:103AA000FAFC574B1A6807F138033C32106851682A
:103AB00003C3534B1A6807F130034432106851684E
:103AC00003C34F4B1A6807F128034C321068516842
:103AD00003C3BB6B43F317031A46FB8F92FBF3F34D
:103AE000184618F0E9FA44A3D3E9002318F04EFB76
:103AF00002460B46104619464FF00002454B18F09F
:103B00006FFC02460B46C7E918233B6B43F31703D0
:103B10001A46FB8E92FBF3F3184618F0CDFA36A343
:103B2000D3E9002318F032FB02460B461046194633
:103B30004FF00002374B18F053FC02460B46C7E922
:103B40001623BB6A43F317031A46FB8D92FBF3F36C
:103B5000184618F0B1FA28A3D3E9002318F016FB91
:103B600002460B46104619464FF00002294B18F04A
:103B700037FC02460B46C7E91423D7E90E89D7E97B
:103B80000C01D7E90A45BB6B43F317031E46FB8FB5
:103B90007B613B6B43F317033B61FB8EFB60BB6AAE
:103BA00043F31703BB60FB8D7B60D7E91423CDE99A
:103BB0000E23D7E91623CDE90C23D7E91823CDE945
:103BC0000A237A680992BA680892FA6807923A69F1
:103BD00006927B6905930496CDE90245CDE9000183
:103BE00042464B460C4807F0B7FFFB695BB21846EC
:103BF0007437BD46BDE8F083FCA9F1D24D62104098
:103C00004C00002008F0010054F0010064F00100B5
:103C10008CF0010000006041BCF0010000000000D9
:103C20002DE9F043A1B00EAFF860B9607A603B6057
:103C30004FF000024FF00003C7E90A234FF00002E3
:103C40004FF00003C7E908234FF000024FF00003D4
:103C5000C7E906234FF000024FF00003C7E9042331
:103C600000237B6400233B640023FB630023BB63CE
:103C7000874B1B68002B0CBF01230023DBB2002BFA
:103C800005D0844807F068FF7B685BB28DE107F1DF
:103C9000200107F1280207F11003019307F118032F
:103CA00000930B467C49B86808F040FF034687F84C
:103CB0003730D7E90A014FF06042784B18F066FAC6
:103CC00002460B46104619464FF00002744B18F09E
:103CD0005DFA02460B46104619466BA3D3E9002352
:103CE00018F07EFB02460B461046194618F026FDDA
:103CF00003467B64D7E908014FF06042674B18F038
:103D000045FA02460B46104619464FF00002644B36
:103D100018F03CFA02460B46104619465AA3D3E95E
:103D2000002318F05DFB02460B461046194618F0BA
:103D300005FD03463B64D7E906014FF06042574B4F
:103D400018F024FA02460B46104619464FF00002BE
:103D5000534B18F01BFA02460B46104619464AA36D
:103D6000D3E9002318F03CFB02460B4610461946E7
:103D700018F0E4FC0346FB63D7E904014FF060420E
:103D8000464B18F003FA02460B46104619464FF010
:103D90000002434B18F0FAF902460B46104619464A
:103DA00039A3D3E9002318F01BFB02460B4610464B
:103DB000194618F0C3FC0346BB6397F93730032B51
:103DC0002DDD7A6C324B1B68DA623A6C304B1B6823
:103DD0001A63FA6B2E4B1B685A63BA6B2C4B1B6829
:103DE0009A63D7E90A89D7E90823D7E90601D7E911
:103DF0000445BE6B0C96CDE90A45FC6B0894CDE9F1
:103E00000601396C0491CDE902237B6C0093424694
:103E10004B46244807F0A0FE7B685BB2C5E097F9EB
:103E20003730002B40DD7A6C194B1B68DA627A6CF4
:103E3000174B1B681A637A6C154B1B685A637A6CB4
:103E4000134B1B689A63D7E90A89D7E90823D7E996
:103E50000601D7E90445BE6B0C96CDE90A45FC6B1B
:103E60000894CDE90601396C0491CDE902237B6CFD
:103E7000009342464B460B4807F06EFE7B685BB2F0
:103E800093E000BFAFF30080FCA9F1D24D62104077
:103E90004C0000202CF1010078F10100FFFF6F4180
:103EA00000004E4088F10100454B1B68DB6A7B64D3
:103EB000434B1B681B6B3B64414B1B685B6BFB6399
:103EC0003F4B1B689B6BBB63786C18F0E5F83AA31B
:103ED000D3E9002318F05AF902460B46104619465A
:103EE0004FF06242374B18F07BFA02460B46C7E9A7
:103EF0000A23386C18F0D0F82FA3D3E9002318F068
:103F000045F902460B46104619464FF062422D4BCA
:103F100018F066FA02460B46C7E90823F86B18F05A
:103F2000BBF825A3D3E9002318F030F902460B466D
:103F3000104619464FF06242224B18F051FA0246E1
:103F40000B46C7E90623B86B18F0A6F81AA3D3E905
:103F5000002318F01BF902460B46104619464FF095
:103F60006242184B18F03CFA02460B46C7E904239C
:103F7000D7E90A89D7E90823D7E90601D7E9044533
:103F8000BE6B0C96CDE90A45FC6B0894CDE90601A1
:103F9000396C0491CDE902237B6C009342464B4679
:103FA000094807F0D9FD7B685BB218464C37BD461F
:103FB000BDE8F083AFF30080FCA9F1D24D62104060
:103FC0004C000020FFFFCD41D4F1010000000000B3
:103FD000F0B59FB00AAFF860B9607A603B60804B83
:103FE0001B68002B0CBF01230023DBB2002B05D084
:103FF0007C4807F0B1FD7B685BB2E7E007F128037E
:104000001846FFF748FA07F120031846FFF743FA6E
:1040100007F118031846FFF73EFA07F11003184698
:10402000FFF739FA6E4B1A6807F128033C32106823
:10403000516803C36A4B1A6807F1200344321068C1
:10404000516803C3664B1A6807F118034C321068B5
:10405000516803C3624B1A6807F1100354321068A9
:10406000516803C3BB6A43F31703184618F024F8DA
:1040700059A3D3E9002318F089F802460B461446E9
:104080001D46FB8D184618F007F84FF00002564BFE
:1040900018F07CF802460B462046294618F0A0F995
:1040A00002460B46C7E912233B6A43F3170318463F
:1040B00018F002F848A3D3E9002318F067F8024685
:1040C0000B4614461D46FB8C184617F0E5FF4FF0D3
:1040D0000002454B18F05AF802460B462046294686
:1040E00018F07EF902460B46C7E91023BB6943F37B
:1040F0001703184617F0E0FF37A3D3E9002318F0A1
:1041000045F802460B4614461D46FB8B184617F031
:10411000C3FF4FF00002344B18F038F802460B464C
:104120002046294618F05CF902460B46C7E90E23E3
:104130003B6943F31703184617F0BEFF26A3D3E9E4
:10414000002318F023F802460B4614461D46FB8A4E
:10415000184617F0A1FF4FF00002234B18F016F895
:1041600002460B462046294618F03AF902460B460D
:10417000C7E90C23FB8D1C46BB6A43F317031D469E
:104180003B6A43F317031E46BB6943F31703194603
:104190003B6943F317031846D7E90C23CDE90823FD
:1041A000D7E90E23CDE90623D7E91023CDE904236F
:1041B000D7E91223CDE902230190009133462A4624
:1041C00021460A4807F0C8FC7B685BB218465437A2
:1041D000BD46F0BDAFF30080FCA9F1D24D621040A6
:1041E0004C00002028F201000000604174F2010040
:1041F00080B58AB000AFF860B9607A603B60002398
:104200007B6200233B627B6A01337B627B6ADBB2A9
:10421000402B21D90023FB610123BB61194B1B6893
:104220006C3300221A707B6ADAB2164B1B689A66EE
:10423000144B1B689B6E7B61124B1B686C33012215
:104240001A707B6ADBB27A6992B219460E4807F09F
:1042500083FCC820FCF7F0FB7B6AB3F57A7FD2D9E8
:104260000A4B1B685B68184608F090F9396A0848E1
:1042700007F072FC00BF7B685BB218462837BD466A
:1042800080BD00BF4C000020D4F20100940000204B
:10429000ECF201000000000080B5A2B002AFF860AF
:1042A000B9607A603B600023FB670023BB67002393
:1042B0007B6700233B670023FB660023BB664FF050
:1042C0000002BB4BC7E906234FF00002B84BC7E919
:1042D000042307F1100307F11802B649B86808F083
:1042E00025FCD7E906014FF000024FF0000318F05B
:1042F000BFF90346002B05D04FF000024FF000033A
:10430000C7E90623D7E906014FF00002A84B18F0D1
:10431000CDF90346002B04D04FF00002A44BC7E9AF
:104320000623D7E904019AA3D3E9002318F0A0F9E2
:104330000346002B04D096A3D3E90023C7E9042346
:10434000D7E9040194A3D3E9002318F0AFF9034699
:10435000002B04D090A3D3E90023C7E90423D7E9B5
:104360000601D7E90423CDE9002302460B46924813
:1043700007F0F2FBFB6F0133FB67BA6F8F4B1B68D3
:10438000DA627A6F8D4B1B681A633A6F8B4B1B682E
:104390005A63FA6E894B1B689A63884B1B68DB6A09
:1043A0007B66864B1B681B6B3B66844B1B685B6B99
:1043B000FB65824B1B689B6BBB65BB6D0093FB6D04
:1043C0003A6E796E7E4807F0C7FBF96F7D4BA3FB11
:1043D00001235A0913461B019B1A9B00CA1A104657
:1043E00017F05AFE4FF00002774B17F0CFFE02464F
:1043F0000B46C7E914234FF00002744BD7E91401B0
:1044000017F0EEFF02460B461046194664A3D3E9A7
:10441000002317F0BBFE02460B46C7E912234FF0FC
:1044200000026B4BD7E9140117F0FAFC02460B4669
:10443000104619464FF00002644B17F0D1FF0246B8
:104440000B461046194656A3D3E9002317F09EFEEB
:1044500002460B46C7E910234FF000025D4BD7E937
:10446000140117F0DDFC02460B46104619464FF0CA
:104470000002564B17F0B4FF02460B461046194691
:1044800047A3D3E9002317F081FE02460B46C7E994
:104490000E23D7E9120118F0FBFB4FF00002444B4A
:1044A00017F0BEFC02460B46104619464FF00002BC
:1044B0004FF0804317F094FF02460B461046194612
:1044C000D7E9062317F062FE02460B46C7E90C2324
:1044D000D7E9100118F0DCFB4FF00002344B17F065
:1044E0009FFC02460B46104619464FF000024FF063
:1044F000804317F075FF02460B4610461946D7E970
:10450000062317F043FE02460B46C7E90A23D7E904
:104510000E0118F0BDFB4FF00002254B17F080FC98
:1045200002460B46104619464FF000024FF08043FA
:1045300017F056FF02460B4610461946D7E90623E8
:1045400017F024FE02460B46C7E9082316A3D3E959
:104550000023D7E90C0117F019FE02460B4610465E
:10456000194618F0EBF80346BB670FA3D3E9002305
:10457000D7E90A0117F00AFE02460B461046194613
:1045800018F0DCF803467B6726E000BFAFF300803D
:10459000FCA9F1D24D62503F000000000088C340EA
:1045A0001F85EB51B81E194000000000E0FFEF40EE
:1045B0000000F03F0CF3010014F301004C00002058
:1045C0003CF301008988888800001840008076400C
:1045D00000005E4000006E401FA3D3E90023D7E92E
:1045E000080117F0D3FD02460B461046194618F095
:1045F000A5F803463B6718A3D3E90023D7E90801D0
:1046000017F0C4FD02460B461046194618F096F8FE
:104610000346FB66FB6FB3F57A7F04D9B96E104889
:1046200007F09AFA11E0D7E904014FF000020D4BB0
:1046300017F0ACFD02460B461046194618F07EF8FE
:1046400003461846FCF7F8F994E67B685BB2184617
:104650008037BD4680BD00BF00000000E0FFEF4096
:1046600050F3010000408F402DE9F04FBBB016AF72
:10467000F862B9627A623B620023C7F88C3000238B
:10468000C7F888300023C7F884300023C7F880308B
:10469000074B1B68002B0CBF01230023DBB2002B50
:1046A0000AD0044807F058FA7B6A5BB2F4E100BF15
:1046B0004C00002074F301004FF000024FF00003A3
:1046C000C7E916234FF000024FF00003C7E9142397
:1046D00007F1500307F15802C549B86A08F026FAF5
:1046E000D7E916014FF000024FF0000317F0C0FFAA
:1046F0000346002B05D04FF000024FF00003C7E93E
:104700001623D7E916014FF00002BA4B17F0CEFF7F
:104710000346002B04D04FF00002B64BC7E9162326
:10472000D7E914014FF000024FF0000317F0A0FF8B
:104730000346002B05D04FF000024FF00003C7E9FD
:104740001423D7E914014FF00002AA4B17F0AEFF73
:104750000346002B04D04FF00002A64BC7E91423F8
:10476000D7E916014FF06042A34B17F00FFD024648
:104770000B461046194617F0E1FF0346C7F88C3088
:10478000D7E914014FF060429B4B17F0FFFC024643
:104790000B461046194617F0D1FF0346C7F8843080
:1047A000D7F88C20954B1B68DA62944B1B684FF04E
:1047B000FF3283F830204FF0FF3283F8312000229F
:1047C00062F0300283F83220002283F83320D7F8D9
:1047D00084208A4B1B685A63884B1B684FF0FF325A
:1047E00083F838204FF0FF3283F83920002262F03E
:1047F000300283F83A20002283F83B20804B00935C
:10480000D7F884307E4AD7F88C107E4807F0A4F998
:104810007A4B1B68DB6AC7F88C30784B1B681B6BC4
:10482000C7F88830754B1B685B6BC7F88430734BD7
:104830001B689B6BC7F88030D7E916014FF0000268
:10484000714B17F0A3FC02460B4614461D46D7E9F0
:1048500014014FF000026C4B17F098FC02460B4617
:10486000CDE90423CDE90245D7F880300093D7F88D
:104870008430D7F88820D7F88C10644807F06CF99A
:1048800007F148031846FEF706FE07F140031846F5
:10489000FEF701FE07F138031846FEF7FCFD07F1AD
:1048A00030031846FEF7F7FD544B1A6807F148032A
:1048B0003C321068516803C3504B1A6807F140033B
:1048C00044321068516803C34C4B1A6807F138032F
:1048D0004C321068516803C3484B1A6807F1300323
:1048E00054321068516803C3BB6C43F317031A4674
:1048F000B7F84E3092FBF3F3184617F0DDFB3AA3FE
:10490000D3E9002317F042FC02460B461046194635
:104910004FF000023E4B17F063FD02460B46C7E91D
:104920001E233B6C43F317031A46B7F8463092FB3D
:10493000F3F3184617F0C0FB2BA3D3E9002317F0BD
:1049400025FC02460B46104619464FF00002304B3C
:1049500017F046FD02460B46C7E91C23BB6B43F329
:1049600017031A46FB8F92FBF3F3184617F0A4FBCC
:104970001DA3D3E9002317F009FC02460B4610469D
:1049800019464FF00002224B17F02AFD02460B4653
:10499000C7E91A233B6B43F317031A46FB8E92FBBE
:1049A000F3F3184617F088FB0FA3D3E9002317F0A1
:1049B000EDFB02460B46104619464FF00002144B21
:1049C00017F00EFD02460B46C7E91823D7E912ABD4
:1049D000D7E91001D7E90E45D7E90C89BB6C43F341
:1049E0001703FB6116E000BFFCA9F1D24D62104035
:1049F0000CF301000000F03FFFFF69414C00002074
:104A0000FFFFCF00BCF3010000005940E4F30100B8
:104A100000006041B7F84E30BB613B6C43F31703B5
:104A20007B61B7F846303B61BB6B43F31703FB6018
:104A3000FB8FBB603B6B43F317037B60FB8E1E4613
:104A4000D7E91823CDE91423D7E91A23CDE9122396
:104A5000D7E91C23CDE91023D7E91E23CDE90E2386
:104A60000D967A680C92BA680B92FA680A923A69C3
:104A700009927A690892BA690792FB690693CDE9AF
:104A80000489CDE90245CDE9000152465B4605485F
:104A900007F062F87B6A5BB218469437BD46BDE802
:104AA000F08F00BF20F4010080B58EB000AFF86039
:104AB000B9607A603B6007F120031022002118469C
:104AC00008F098F92F4BBB624FF000024FF0000343
:104AD000C7E9082300237B6390228C212A4807F032
:104AE0003BF8BB68013304222849184608F03AFA1B
:104AF0000346002B1AD1264B1B68002242F05502B8
:104B000083F88C20002283F88D20002283F88E20E9
:104B1000002283F88F201F4B1B685B68184607F044
:104B200035FD796B1C4807F017F800BF00237B6147
:104B30009F23BB610023FB61154B1B68002B14BF37
:104B400001230023DBB2002B07D0114B1B681B682D
:104B50007B610F4B1B685B68FB610C210F4806F003
:104B6000FBFF07F114031846FEF7CAFC0C4806F0D9
:104B7000F3FF0C4806F0F0FF7B685BB2184638374D
:104B8000BD4680BD40420F00B0F40100C8F40100F2
:104B90004C0000209400002050F30100D0F40100EC
:104BA000FCF4010000F5010080B59AB002AFF86096
:104BB000B9607A603B600023FB610023BB61002386
:104BC0007B6100233B618A4B1B68002B0CBF0123D8
:104BD0000023DBB2002B05D0864806F0BDFF7B68C2
:104BE0005BB2FCE007F1180107F11C0207F11003AA
:104BF000019307F1140300930B467F49B86807F04F
:104C000095FF034687F85F3097F95F30032B21DD6E
:104C1000FB69DAB2764B1B6883F87020BB69DAB2A5
:104C2000734B1B6883F871207B69DAB2704B1B6889
:104C300083F872203B69DAB26D4B1B6883F87320EE
:104C4000F969BA6978693B69009303466B4806F0D5
:104C500083FF24E097F95F30002B20DDFB69DAB297
:104C6000634B1B6883F87020FB69DAB2604B1B68EA
:104C700083F87120FB69DAB25D4B1B6883F8722000
:104C8000FB69DAB25A4B1B6883F87320F969FA6939
:104C9000F869FB6900930346584806F05DFF544BE2
:104CA0001B6893F87030FB61514B1B6893F87130AF
:104CB000BB614F4B1B6893F872307B614C4B1B6898
:104CC00093F873303B61F969BA6978693B6900937D
:104CD00003464B4806F040FF43A3D3E90023C7E94E
:104CE0001423FB690133FB64BB690133BB647B693B
:104CF00001337B643B6901333B64F86C17F0CCF9FA
:104D000002460B46D7E9140117F06AFB02460B4630
:104D1000104619464FF000023A4B17F061FB02466D
:104D20000B46C7E90E23B86C17F0B6F902460B46DE
:104D3000D7E9140117F054FB02460B4610461946FA
:104D40004FF000022F4B17F04BFB02460B46C7E912
:104D50000C23786C17F0A0F902460B46D7E9140132
:104D600017F03EFB02460B46104619464FF0000274
:104D7000244B17F035FB02460B46C7E90A23386C73
:104D800017F08AF902460B46D7E9140117F028FB01
:104D900002460B46104619464FF00002194B17F019
:104DA0001FFB02460B46C7E90823D7E90E23F96C1F
:104DB000154806F0D1FED7E90C23B96C134806F06C
:104DC000CBFED7E90A23796C114806F0C5FED7E976
:104DD0000823396C0F4806F0BFFE7B685BB21846AB
:104DE0006037BD4680BD00BF00000000965198416D
:104DF0004C0000201CF501006CF501007CF5010061
:104E0000B0F5010000003040E8F5010034F6010083
:104E100080F60100D0F6010080B584B000AFF860E4
:104E2000B9607A603B60064806F096FE054806F0D9
:104E300093FE7B685BB218461037BD4680BD00BF4D
:104E400020F7010064EF010080B58CB002AFF8607C
:104E5000B9607A603B6000233B62002387F827300B
:104E600007F1180107F1200207F1170300930B4621
:104E70005249B86807F05AFE034687F8263097F97A
:104E80002630032B57DD97F91730592B0FD097F9A0
:104E90001730792B0BD097F91730542B07D097F98F
:104EA0001730742B03D097F91730312B02D101231F
:104EB00087F82730396A97F82730002B01D059231B
:104EC00000E04E231A463E4806F046FE3B6A032B9E
:104ED00026D801A252F823F0E94E0000F74E000058
:104EE000054F0000134F000097F82730194635484A
:104EF000FEF7ECFA19E097F8273019463248FEF72A
:104F0000E5FA12E097F8273019463048FEF7DEFA46
:104F10000BE097F8273019462D48FEF7D7FA04E042
:104F20003B6A19462B4806F017FEB86808F0CEFA1F
:104F300003465BB23EE097F926301946264806F054
:104F40000BFE2048FEF7D0FA0346002B01D0592370
:104F500000E04E231946214806F0FEFD1A48FEF7F0
:104F6000C3FA0346002B01D0592300E04E23194613
:104F70001B4806F0F1FD1548FEF7B6FA0346002B74
:104F800001D0592300E04E231946164806F0E4FDEF
:104F90000F48FEF7A9FA0346002B01D0592300E081
:104FA0004E231946104806F0D7FDB86808F08EFA6F
:104FB00003465BB218462837BD4680BD48F701005E
:104FC00058F70100801A00209C1A0020B81A00200F
:104FD000D41A00208CF70100C4F7010014F8010076
:104FE00044F8010074F80100A4F8010080B59AB0FB
:104FF0000CAFF860B9607A603B6007F12403184693
:10500000FEF792FA002387F83730002387F836300E
:10501000002387F83530002387F83430002387F8E1
:105020003330002387F83230002387F831300023F3
:1050300087F83030002387F82F30002387F82E3090
:10504000002387F82D30002387F82C30002387F8C1
:105050002B30002387F82A30074B1B68002B0CBF2E
:1050600001230023DBB2002B0AD0044806F074FDB4
:105070007B685BB20AE200BF4C000020D4F801005C
:1050800007F1220107F1230207F116030B9307F141
:1050900017030A9307F11803099307F119030893FB
:1050A00007F11A03079307F11B03069307F11C038B
:1050B000059307F11D03049307F11E03039307F102
:1050C0001F03029307F12003019307F121030093CB
:1050D0000B46A649B86807F029FD034687F8293032
:1050E00097F92930002B40F3BD8197F92330592BD4
:1050F0000FD097F92330792B0BD097F92330542B0D
:1051000007D097F92330742B03D097F92330312B34
:1051100002D1012387F8373097F92230592B0FD06D
:1051200097F92230792B0BD097F92230542B07D0E6
:1051300097F92230742B03D097F92230312B02D10A
:10514000012387F8363097F92130592B0FD097F982
:105150002130792B0BD097F92130542B07D097F9B8
:105160002130742B03D097F92130312B02D1012348
:1051700087F8353097F92030592B0FD097F9203028
:10518000792B0BD097F92030542B07D097F920308A
:10519000742B03D097F92030312B02D1012387F8EB
:1051A000343097F91F30592B0FD097F91F30792BD6
:1051B0000BD097F91F30542B07D097F91F30742B61
:1051C00003D097F91F30312B02D1012387F83330F8
:1051D00097F91E30592B0FD097F91E30792B0BD031
:1051E00097F91E30542B07D097F91E30742B03D03B
:1051F00097F91E30312B02D1012387F8323097F90D
:105200001D30592B0FD097F91D30792B0BD097F902
:105210001D30542B07D097F91D30742B03D097F90C
:105220001D30312B02D1012387F8313097F91C3022
:10523000592B0FD097F91C30792B0BD097F91C30D4
:10524000542B07D097F91C30742B03D097F91C30DE
:10525000312B02D1012387F8303097F91B30592BBD
:105260000FD097F91B30792B0BD097F91B30542BAB
:1052700007D097F91B30742B03D097F91B30312BD3
:1052800002D1012387F82F3097F91A30592B0FD00C
:1052900097F91A30792B0BD097F91A30542B07D085
:1052A00097F91A30742B03D097F91A30312B02D1A9
:1052B000012387F82E3097F91930592B0FD097F921
:1052C0001930792B0BD097F91930542B07D097F957
:1052D0001930742B03D097F91930312B02D10123E7
:1052E00087F82D3097F91830592B0FD097F91830CF
:1052F000792B0BD097F91830542B07D097F9183029
:10530000742B03D097F91830312B02D1012387F881
:105310002C3097F91730592B0FD097F91730792B7C
:105320000BD097F91730542B07D097F91730742BFF
:1053300003D097F91730312B02D1012387F82B3096
:1053400097F91630592B13D097F91630792B0FD0C7
:1053500097F91630542B0BD097F91630742B07D0D1
:1053600097F91630312B06D102E000BF10F9010089
:10537000012387F82A3097F8253097F8372062F311
:10538000451387F8253097F8253097F8362062F3D3
:10539000861387F8253097F8263097F8352062F382
:1053A000000387F8263097F8263097F8342062F308
:1053B000410387F8263097F8263097F8332062F3B8
:1053C000820387F8263097F8263097F8322062F368
:1053D000C30387F8263097F8263097F8312062F318
:1053E000041387F8263097F8263097F8302062F3B8
:1053F000861387F8263097F8273097F82F2062F326
:10540000000387F8273097F8273097F82E2062F3AB
:10541000410387F8273097F8273097F82D2062F35B
:10542000820387F8273097F8273097F82C2062F30B
:10543000C30387F8273097F8273097F82B2062F3BB
:10544000041387F8273097F8273097F82A2062F35B
:10545000451387F827300F4B1B68203307F12402D0
:10546000106818600B4B1A6807F12403203210688B
:105470001860094806F070FB07F124031846FEF790
:1054800067F8B86808F022F803465BB21846383768
:10549000BD4680BD4C0000204CF9010080B588B0AD
:1054A00000AFF860B9607A603B6007F118031846F6
:1054B000FEF73AF8354B1B68002B0CBF0123002385
:1054C000DBB2002B05D0324806F046FB7B685BB2AE
:1054D00057E00023FB7707F117031A462D49B868F8
:1054E00007F024FB0346BB7797F91E30002B34DD11
:1054F00097F91730592B0FD097F91730792B0BD01C
:1055000097F91730542B07D097F91730742B03D025
:1055100097F91730312B01D10123FB771B4B1A6808
:1055200007F11803203210681860FB7EFA7F62F3DF
:10553000C303FB76154B1B68203307F11802106874
:105540001860FB7F002B01D0312300E0302397F956
:1055500017201946104806F0FFFA0C4B1A6807F19D
:105560001803203210681860FB7EC3F3C003DBB25F
:1055700019460A4806F0F0FAB86807F0A7FF034694
:105580005BB218462037BD4680BD00BF4C000020EE
:1055900078F90100A8F90100ACF90100C8F901008F
:1055A00080B485B000AFF860B9607A603B60FB689A
:1055B000BA681A60FB687A685A60FB683A689A6051
:1055C000FB6818461437BD4680BC704798B500AFDD
:1055D0001C4C1D4B1D4A41F201012046FFF7E0FF24
:1055E0000C34194B1A4A01212046FFF7D9FF0C341D
:1055F000184B194A42F202012046FFF7D1FF0C3442
:10560000164B174A42F203012046FFF7C9FF0C343C
:10561000144B154A42F204012046FFF7C1FF0C3437
:10562000124B134A42F205012046FFF7B9FF04F17D
:105630000C00104B104A42F20601FFF7B1FF00BF09
:1056400098BD00BF241A0020C95C000000FB0100C7
:1056500018FB0100455D00003CFB0100E55D00001A
:1056600054FB0100815E00006CFB0100E95F00005B
:1056700090FB0100A9620000B4FB010080B500AFFF
:10568000FFF7A4FF80BD000080B582B000AF786056
:1056900039607B681B68184616F00EFD3B68D3E93D
:1056A000002316F073FD02460B46104619464FF0D4
:1056B0000002054B16F094FE02460B4610461946B2
:1056C0000837BD4680BD00BF00005E4100000000FD
:1056D00080B584B000AF7860396011A3D3E90023AE
:1056E000C7E9022307F1080319463868FFF7CCFF22
:1056F0007B68D3E9002316F049FD02460B461046AD
:1057000019467B68D3E9022316F08AFB02460B4652
:10571000104619461037BD4680BD00BFAFF300806C
:10572000FCA9F1D24D62104080B582B000AF786024
:105730007B68043319460548FFF7CAFF02460B464B
:10574000104619460837BD4680BD00BFB05D002039
:1057500080B582B000AF78607B6808331946054891
:10576000FFF7B6FF02460B46104619460837BD46FE
:1057700080BD00BFC05D002080B582B000AF786002
:105780007B680C3319460548FFF7A2FF02460B461B
:10579000104619460837BD4680BD00BFD05D0020C9
:1057A00080B582B000AF78607B6810331946054839
:1057B000FFF78EFF02460B46104619460837BD46D6
:1057C00080BD00BFE05D002080B582B000AF786092
:1057D0007B68143319460548FFF77AFF02460B46EB
:1057E000104619460837BD4680BD00BFF05D002059
:1057F00080B582B000AF78607B68183319460548E1
:10580000FFF766FF02460B46104619460837BD46AD
:1058100080BD00BF005E002080B582B000AF786020
:105820007B681C3319460548FFF752FF02460B46BA
:10583000104619460837BD4680BD00BF105E0020E7
:1058400080B582B000AF78607B6820331946054888
:10585000FFF73EFF02460B46104619460837BD4685
:1058600080BD00BF205E002080B582B000AF7860B0
:105870007B68243319460548FFF72AFF02460B468A
:10588000104619460837BD4680BD00BF305E002077
:1058900080B582B000AF78607B6828331946054830
:1058A000FFF716FF02460B46104619460837BD465D
:1058B00080BD00BF405E002080B582B000AF786040
:1058C0007B682C3319460548FFF702FF02460B465A
:1058D000104619460837BD4680BD00BF505E002007
:1058E00080B582B000AF78607B68303319460548D8
:1058F000FFF7EEFE02460B46104619460837BD4636
:1059000080BD00BF605E002080B582B000AF7860CF
:105910007B68343319460548FFF7DAFE02460B462A
:10592000104619460837BD4680BD00BF705E002096
:1059300080B582B000AF78607B683833194605487F
:10594000FFF7C6FE02460B46104619460837BD460D
:1059500080BD00BF805E002080B582B000AF78605F
:105960007B683C3319460548FFF7B2FE02460B46FA
:10597000104619460837BD4680BD00BF905E002026
:1059800080B582B000AF78607B6840331946054827
:10599000FFF79EFE02460B46104619460837BD46E5
:1059A00080BD00BFA05E002080B582B000AF7860EF
:1059B0007B68443319460548FFF78AFE02460B46CA
:1059C000104619460837BD4680BD00BFB05E0020B6
:1059D00080B582B000AF78607B68483319460548CF
:1059E000FFF776FE02460B46104619460837BD46BD
:1059F00080BD00BFC05E002080B582B000AF78607F
:105A00007B684C3319460548FFF762FE02460B4699
:105A1000104619460837BD4680BD00BFD05E002045
:105A200080B582B000AF78607B6850331946054876
:105A3000FFF74EFE02460B46104619460837BD4694
:105A400080BD00BFE05E002080B582B000AF78600E
:105A50007B68543319460548FFF73AFE02460B4669
:105A6000104619460837BD4680BD00BFF05E0020D5
:105A700080B582B000AF78607B685833194605481E
:105A8000FFF726FE02460B46104619460837BD466C
:105A900080BD00BF005F002080B582B000AF78609D
:105AA0007B685C3319460548FFF712FE02460B4639
:105AB000104619460837BD4680BD00BF105F002064
:105AC00080B582B000AF78607B68603319460548C6
:105AD000FFF7FEFD02460B46104619460837BD4645
:105AE00080BD00BF205F002080B582B000AF78602D
:105AF0007B68643319460548FFF7EAFD02460B460A
:105B0000104619460837BD4680BD00BF305F0020F3
:105B100080B582B000AF78607B686833194605486D
:105B2000FFF7D6FD02460B46104619460837BD461C
:105B300080BD00BF405F002080B582B000AF7860BC
:105B40007B686C3319460548FFF7C2FD02460B46D9
:105B5000104619460837BD4680BD00BF505F002083
:105B600080B582B000AF78607B6870331946054815
:105B7000FFF7AEFD02460B46104619460837BD46F4
:105B800080BD00BF605F002080B582B000AF78604C
:105B90007B68743319460548FFF79AFD02460B46A9
:105BA000104619460837BD4680BD00BF705F002013
:105BB00080B582B000AF78607B68783319460548BD
:105BC000FFF786FD02460B46104619460837BD46CC
:105BD00080BD00BF805F002080B582B000AF7860DC
:105BE0007B687C3319460548FFF772FD02460B4679
:105BF000104619460837BD4680BD00BF905F0020A3
:105C000080B582B000AF78607B6880331946054864
:105C1000FFF75EFD02460B46104619460837BD46A3
:105C200080BD00BFA05F002080B582B000AF78606B
:105C30007B68843319460548FFF74AFD02460B4648
:105C4000104619460837BD4680BD00BFB05F002032
:105C500080B582B000AF78607B688833194605480C
:105C6000FFF736FD02460B46104619460837BD467B
:105C700080BD00BFC05F002080B582B000AF7860FB
:105C80007B688C3319460548FFF722FD02460B4618
:105C9000104619460837BD4680BD00BFD05F0020C2
:105CA00080B582B000AF78607B68903319460548B4
:105CB000FFF70EFD02460B46104619460837BD4653
:105CC00080BD00BFE05F002080B58AB002AFF86001
:105CD000B9607A603B6000237B619F23BB61002336
:105CE000FB61164B1B68002B14BF01230023DBB2A2
:105CF000002B07D0114B1B681B687B610F4B1B6887
:105D00005B68FB610C210E4806F01AFE07F11403D4
:105D10001846FDF7F5FB0A2006F0A6FE07F114036E
:105D20000C220092002241F20101386805F080FE49
:105D30007B685BB218462037BD4680BD4C00002012
:105D40003CFC010080B58AB002AFF860B9607A60AF
:105D50003B607B680B2B1DD9BB68FB61FB69196835
:105D6000FB6904331A68FB6908331B681A4806F09C
:105D7000E7FDFB691A68194B1B68DA62FB6904339B
:105D80001A68164B1B681A63FB6908331A68134BB1
:105D90001B685A63114B1B68DB6A3B610F4B1B6826
:105DA0001B6B7B610D4B1B685B6BBB6139697A694F
:105DB000BB690B4806F0C4FD07F110030C220092EA
:105DC000002242F20201386805F032FE7B685BB2C5
:105DD00018462037BD4680BD74FC01004C000020F1
:105DE000B0FC0100B0B58CB002AFF860B9607A6069
:105DF0003B6007F1100302241D4604E02846FDF72E
:105E00004AFB013C0835002CF8DA1B4B1A6807F1F5
:105E100010033C321068516803C3174B1A6807F12E
:105E2000180344321068516803C3134B1A6807F112
:105E300020034C321068516803C33B6943F31703D6
:105E40001946BB6943F317031A463B6A43F317032A
:105E50000A4806F075FD07F110031822009200228F
:105E600042F20301386805F0E3FD7B685BB2184637
:105E70002837BD46B0BD00BF4C000020ECFC01003F
:105E8000B0B594B004AFF860B9607A603B607968EF
:105E9000514806F055FD07F120031846FDF7FBFABF
:105EA00007F118031846FDF7F6FA07F11003184634
:105EB000FDF7F1FA494B1A6807F120033C321068EC
:105EC000516803C3454B1A6807F118034432106840
:105ED000516803C3414B1A6807F110034C32106834
:105EE000516803C33B6A43F317031A46FB8C92FBCA
:105EF000F3F3184616F0E0F835A3D3E9002316F0C3
:105F000045F902460B46104619464FF00002344B45
:105F100016F066FA02460B46C7E90A23BB6943F34B
:105F200017031A46FB8B92FBF3F3184616F0C4F8DE
:105F300027A3D3E9002316F029F902460B461046A1
:105F400019464FF00002264B16F04AFA02460B465D
:105F5000C7E90C233B6943F317031A46FB8A92FBFC
:105F6000F3F3184616F0A8F819A3D3E9002316F0A6
:105F70000DF902460B46104619464FF00002184B29
:105F800016F02EFA02460B46C7E90E23D7E90A455A
:105F9000D7E90C23D7E90E01CDE90201CDE90023B1
:105FA00022462B460F4806F0CBFC07F128031822A7
:105FB0000092002242F20401386805F039FD7B6846
:105FC0005BB218464037BD46B0BD00BFAFF300809E
:105FD000FCA9F1D24D62204020FD01004C000020C0
:105FE000000070414CFD010080B59CB00AAFF86024
:105FF000B9607A603B604FF000024FF00003C7E9E0
:1060000010234FF000024FF00003C7E90E234FF0BA
:1060100000024FF00003C7E90C230023FB620023BA
:10602000BB6200237B627B68172B40F2AC80BB68AD
:106030003B623B6AD3E90023C7E910233B6A08337C
:10604000D3E90023C7E90E233B6A1033D3E90023C9
:10605000C7E90C234FF060428D4BD7E9100116F0D1
:1060600095F802460B46104619464FF00002894B40
:1060700016F08CF802460B461046194682A3D3E967
:10608000002316F0ADF902460B461046194616F0ED
:1060900055FB0346FB624FF060427D4BD7E90E0192
:1060A00016F074F802460B46104619464FF00002EF
:1060B000784B16F06BF802460B461046194672A351
:1060C000D3E9002316F08CF902460B461046194618
:1060D00016F034FB0346BB624FF060426C4BD7E9CD
:1060E0000C0116F053F802460B46104619464FF0C5
:1060F0000002684B16F04AF802460B461046194655
:1061000061A3D3E9002316F06BF902460B46104653
:10611000194616F013FB03467B627B6A0893D7E9A6
:106120000C23CDE90623BB6A0493D7E90E23CDE9FE
:106130000223FB6A0093D7E91023574806F000FCBE
:106140003B6AD3E900231046194616F0F7FA0246D7
:10615000524B1B68DA623B6A0833D3E900231046CE
:10616000194616F0EBFA02464C4B1B681A633B6A61
:106170001033D3E900231046194616F0DFFA024621
:10618000464B1B685A63454B1B68DB6AFB62434BFB
:106190001B681B6BBB62414B1B685B6B7B62F86AC5
:1061A00015F07AFF38A3D3E9002315F0EFFF02467C
:1061B0000B46104619464FF06242394B16F010F963
:1061C00002460B46C7E91023B86A15F065FF2EA3F7
:1061D000D3E9002315F0DAFF02460B4610461946B4
:1061E0004FF062422E4B16F0FBF802460B46C7E911
:1061F0000E23786A15F050FF23A3D3E9002315F08E
:10620000C5FF02460B46104619464FF06242244B2A
:1062100016F0E6F802460B46C7E90C23D7E9100151
:1062200016F08CFA03467B61D7E90E0116F086FA68
:106230000346BB61D7E90C0116F080FA0346FB6107
:106240007B6A0893D7E90C23CDE90623BB6A049344
:10625000D7E90E23CDE90223FB6A0093D7E9102387
:10626000104806F06DFB07F114031822009200227B
:1062700042F20501386805F0DBFB7B685BB218462B
:106280004837BD4680BD00BFFCA9F1D24D62104029
:10629000FFFF6F4100004E4090FD01004C000020C8
:1062A000FFFFCD41E0FD010090B5CFB002AF07F593
:1062B0009874A4F59274206007F59870A0F5947016
:1062C000016007F59871A1F596710A6007F598725B
:1062D000A2F598721360C848FFF726FA02460B46EB
:1062E00007F59871A1F59071C1E90023C248FFF745
:1062F0002FFA02460B4607F59871A1F59071C1E996
:106300000223BD48FFF738FA02460B4607F598719D
:10631000A1F59071C1E90423B748FFF741FA02469D
:106320000B4607F59871A1F59071C1E90623B248B3
:10633000FFF74AFA02460B4607F59871A1F59071EE
:10634000C1E90823AC48FFF753FA02460B4607F5AC
:106350009871A1F59071C1E90A23A748FFF75CFA8B
:1063600002460B4607F59871A1F59071C1E90C231F
:10637000A148FFF765FA02460B4607F59871A1F5AB
:106380009071C1E90E239C48FFF76EFA02460B4656
:1063900007F59871A1F59071C1E910239648FFF7B0
:1063A00077FA02460B4607F59871A1F59071C1E99D
:1063B00012239148FFF780FA02460B4607F59871C1
:1063C000A1F59071C1E914238B48FFF789FA0246C1
:1063D0000B4607F59871A1F59071C1E9162386481F
:1063E000FFF792FA02460B4607F59871A1F59071F6
:1063F000C1E918238048FFF79BFA02460B4607F5D0
:106400009871A1F59071C1E91A237B48FFF7A4FAAE
:1064100002460B4607F59871A1F59071C1E91C235E
:106420007548FFF7ADFA02460B4607F59871A1F5DE
:106430009071C1E91E237048FFF7B6FA02460B4679
:1064400007F59871A1F59071C1E920236A48FFF71B
:10645000BFFA02460B4607F59871A1F59071C1E9A4
:1064600022236548FFF7C8FA02460B4607F59871E4
:10647000A1F59071C1E924235F48FFF7D1FA0246E4
:106480000B4607F59871A1F59071C1E926235A488A
:10649000FFF7DAFA02460B4607F59871A1F59071FD
:1064A000C1E928235448FFF7E3FA02460B4607F5F3
:1064B0009871A1F59071C1E92A234F48FFF7ECFAD2
:1064C00002460B4607F59871A1F59071C1E92C239E
:1064D0004948FFF7F5FA02460B4607F59871A1F512
:1064E0009071C1E92E234448FFF7FEFA02460B469D
:1064F00007F59871A1F59071C1E930233E48FFF787
:1065000007FB02460B4607F59871A1F59071C1E9AA
:1065100032233948FFF710FB02460B4607F5987106
:10652000A1F59071C1E934233348FFF719FB024606
:106530000B4607F59871A1F59071C1E936232E48F5
:10654000FFF722FB02460B4607F59871A1F5907103
:10655000C1E938232848FFF72BFB02460B4607F515
:106560009871A1F59071C1E93A232348FFF734FBF4
:1065700002460B4607F59871A1F59071C1E93C23DD
:106580001D48FFF73DFB02460B4607F59871A1F544
:106590009071C1E93E231848FFF746FB02460B46BF
:1065A00007F59871A1F59071C1E940231248FFF7F2
:1065B0004FFB02460B4607F59871A1F59071C1E9B2
:1065C00042230D48FFF758FB02460B4607F598712A
:1065D000A1F59071C1E944230748FFF761FB02462A
:1065E0000B4607F59871A1F59071C1E94623034860
:1065F00006F094FA04E000BF105C002030FE0100B9
:1066000007F59873A3F59073D3E90023AD4805F01F
:10661000A3FA07F59873A3F59073D3E90223AA4868
:1066200005F09AFA07F59873A3F59073D3E904235C
:10663000A64805F091FA07F59873A3F59073D3E98E
:106640000623A34805F088FA07F59873A3F590731D
:10665000D3E908239F4805F07FFA07F59873A3F55F
:106660009073D3E90A239C4805F076FA07F59873EE
:10667000A3F59073D3E90C23984805F06DFA07F55C
:106680009873A3F59073D3E90E23954805F064FA47
:1066900007F59873A3F59073D3E91023914805F09B
:1066A0005BFA07F59873A3F59073D3E912238E482C
:1066B00005F052FA07F59873A3F59073D3E9142304
:1066C0008A4805F049FA07F59873A3F59073D3E962
:1066D0001623874805F040FA07F59873A3F59073E1
:1066E000D3E91823834805F037FA07F59873A3F523
:1066F0009073D3E91A23804805F02EFA07F59873B2
:10670000A3F59073D3E91C237C4805F025FA07F51F
:106710009873A3F59073D3E91E23794805F01CFA0A
:1067200007F59873A3F59073D3E92023754805F016
:1067300013FA07F59873A3F59073D3E922237248EF
:1067400005F00AFA07F59873A3F59073D3E92423AB
:106750006E4805F001FA07F59873A3F59073D3E935
:1067600026236B4805F0F8F907F59873A3F59073A5
:10677000D3E92823674805F0EFF907F59873A3F5E7
:106780009073D3E92A23644805F0E6F907F5987376
:10679000A3F59073D3E92C23604805F0DDF907F5E4
:1067A0009873A3F59073D3E92E235D4805F0D4F9CF
:1067B00007F59873A3F59073D3E93023594805F092
:1067C000CBF907F59873A3F59073D3E932235648B4
:1067D00005F0C2F907F59873A3F59073D3E9342354
:1067E000524805F0B9F907F59873A3F59073D3E90A
:1067F00036234F4805F0B0F907F59873A3F5907369
:10680000D3E938234B4805F0A7F907F59873A3F5AA
:106810009073D3E93A23484805F09EF907F5987339
:10682000A3F59073D3E93C23444805F095F907F5A7
:106830009873A3F59073D3E93E23414805F08CF992
:1068400007F59873A3F59073D3E940233D4805F00D
:1068500083F907F59873A3F59073D3E942233A4877
:1068600005F07AF907F59873A3F59073D3E94423FB
:10687000364805F071F907F59873A3F59073D3E9DD
:106880004623334805F068F9324806F047F907F126
:10689000100307F59872A2F598704FF49072009269
:1068A000002242F20601006805F0C2F807F598736D
:1068B000A3F596731B685BB2184607F59A77BD4639
:1068C00090BD00BF5CFE01006CFE01007CFE01007B
:1068D0008CFE01009CFE0100ACFE0100BCFE01002C
:1068E000D0FE0100E4FE0100F8FE01000CFF0100F3
:1068F00020FF010034FF010048FF01005CFF0100A0
:1069000070FF010084FF010098FF0100ACFF01004F
:10691000BCFF0100CCFF0100DCFF0100F0FF010023
:1069200000000200100002002400020034000200F7
:106930004800020058000200680002007C000200CB
:106940008C0002009C000200B0000200C0000200A7
:10695000D0000200E400020080B483B000AF786091
:10696000044A7B681A607B6818460C37BD4680BCB9
:10697000704700BFB809020080B483B000AF7860F0
:10698000044A7B681A607B6818460C37BD4680BC99
:10699000704700BFB809020080B582B000AF7860D0
:1069A0007868FFF7E9FF0421786816F06DF97B68D5
:1069B00018460837BD4680BD80B582B000AF78600C
:1069C0007B681846FFF7C8FF034A7B681A607B683C
:1069D00018460837BD4680BD8C09020080B582B0DC
:1069E00000AF7860054A7B681A607B681846FFF73D
:1069F000C3FF7B6818460837BD4680BD8C0902007E
:106A000080B582B000AF78607868FFF7E7FF0421B7
:106A1000786816F039F97B6818460837BD4680BD9E
:106A200080B586B000AFF860B9607A6000237B6102
:106A300014E0BA687B6913441B78002B13D0FB6801
:106A40001B6814331B68B9687A690A44127852B219
:106A50001146F86898477B6901337B617A697B68E6
:106A60009A42E6D300E000BF00BF1837BD4680BDA4
:106A700080B483B000AF78603960064A7B681A60E2
:106A80007B683A685A607B6818460C37BD4680BC04
:106A9000704700BF7809020080B483B000AF78600F
:106AA000044A7B681A607B6818460C37BD4680BC78
:106AB000704700BF7809020080B582B000AF7860EF
:106AC0007868FFF7E9FF0821786816F0DDF87B6841
:106AD00018460837BD4680BD80B483B000AF7860EB
:106AE00039603B681A687B681A607B6818460C3707
:106AF000BD4680BC7047000080B483B000AF7860B2
:106B0000044A7B681A607B6818460C37BD4680BC17
:106B1000704700BFF008020080B483B000AF786017
:106B2000044A7B681A607B6818460C37BD4680BCF7
:106B3000704700BFF008020080B582B000AF7860F7
:106B40007868FFF7E9FF0421786816F09DF87B6804
:106B500018460837BD4680BD80B483B000AF78606A
:106B6000044A7B681A607B6818460C37BD4680BCB7
:106B7000704700BFD008020080B483B000AF7860D7
:106B8000044A7B681A607B6818460C37BD4680BC97
:106B9000704700BFD008020080B582B000AF7860B7
:106BA0007868FFF7E9FF0421786816F06DF87B68D4
:106BB00018460837BD4680BD80B485B000AFF86088
:106BC000B9607A6000BF1437BD4680BC704780B49E
:106BD00085B000AFF860B9607A6000BF1437BD4679
:106BE00080BC704780B485B000AFF860B9607A604F
:106BF00000BF1437BD4680BC704780B485B000AF7D
:106C0000F860B9607A6000BF1437BD4680BC704739
:106C100080B584B000AFF860B9607A603B60FB6813
:106C2000B9681846FFF724FF2F4AFB681A60FB6813
:106C300000229A60FB6803F5805300229A81FB686A
:106C400003F580531A467B681361FB6803F5805394
:106C50001A463B685361FB6803F580531A46BB69CB
:106C60009361FB6803F580531A46FB69D361FB68A7
:106C700003F58053002283F82020FB6803F580533E
:106C8000002283F82120FB6803F580531A46002375
:106C90005362FB6803F580531A4600239362FB6836
:106CA00003F580531A460023D362FB6803F5805333
:106CB0001A4600231363FB6803F580531A4600232A
:106CC0005363FB6803F582531946D7E90A2341E968
:106CD0000223D7E90A23F86800F008F8FB68184691
:106CE0001037BD4680BD00BFB808020090B585B022
:106CF00000AFF860C7E90023FB6803F5825319462B
:106D0000D7E9002341E90223FB6803F58053002201
:106D10009A81FB6803F580531A4600235362FB688F
:106D200003F580531A4600239362FB6803F58053F2
:106D30001A460023D362FB6803F580531A460023EA
:106D40001363FB6803F580531A4600235363FB6803
:106D500003F58053002283F82120FB680C334FF4A5
:106D600080520021184606F045F8FB6803F5805371
:106D700093F82030002B20D0FB6803F580531B696B
:106D80001B6820331B68FA6802F5805212691046AE
:106D900098470446FB6803F580531B691B6824333E
:106DA0001B68FA6802F5805212691046984703463C
:106DB0001A462146034804F0CFFE00231846143734
:106DC000BD4690BDD401020080B485B000AFF8602C
:106DD000C7E90023FB6803F582531946D7E900236E
:106DE00041E90223FB6803F5805300229A81FB6886
:106DF00003F580531A4600235362FB6803F5805362
:106E00001A4600239362FB6803F580531A46002359
:106E1000D362FB6803F580531A4600231363FB68B3
:106E200003F580531A4600235363FB6803F5805330
:106E3000002283F82120002318461437BD4680BC69
:106E40007047000090B585B000AF78600023FB73F9
:106E50007B685B681B680C331B687A685268104655
:106E60009847034683F00103DBB2002B01D00023D7
:106E700089E07B685B681B6810331B687A6852681E
:106E8000104698470346BB737B6803F5805393F81D
:106E90002030002B04D0BB7B19463D4805F050FD47
:106EA00097F90E301946786800F074F87B6803F59E
:106EB000805393F8213083F00103DBB2002B49D0DB
:106EC000786800F0BFF80346FB73FB7B002B59D0BA
:106ED0007B6803F580531B691B6834331C687B682F
:106EE00003F5805318697B6803F10C017B6803F597
:106EF00080539B891A467B6803F580535B6AA047E1
:106F000002467B6803F58053DA627B6803F58053A1
:106F10001B691B6820331B687A6802F5805212696E
:106F20001046984702467B6803F580531A637B68D6
:106F300003F580531B691B6824331B687A6802F5CC
:106F4000805212691046984702467B6803F58053C9
:106F50005A6317E07B6803F580539B8919467B6869
:106F600003F580531A6B7B6803F580535B6B1A44FF
:106F70007B6803F58053DB6A1344994202D3786837
:106F800000F0B2F8012318461437BD4690BD00BF8B
:106F90000002020080B584B000AF78600B46FB7041
:106FA0007B6803F580539B89B3F5805F13D27B68C0
:106FB00003F580539B891946FA787B680B441A7352
:106FC0007B6803F580539B8901339AB27B6803F594
:106FD00080539A812FE07B6803F5805393F820302B
:106FE000002B0AD07B6803F10C017B6803F580530A
:106FF0009B891A46124804F0AFFD7B6803F5805365
:10700000DB691B6814331B687A6802F58052D0690B
:107010007A6802F10C017A6802F580529289FA606E
:1070200007F10C0298477B6803F5825353E902236A
:107030007868FFF75BFE00BF1037BD4680BD00BF1C
:107040000802020090B583B000AF78607B6803F55A
:10705000805393F8213083F00103DBB2002B16D06C
:107060007B6803F580539B891C467B6803F580533E
:107070001B691B6820331B687A6802F5805212690D
:107080001046984703469C4201D3012300E00023A9
:10709000002B24D07B6803F580531B691B681033D9
:1070A0001C687B6803F5805318697B6803F10C0149
:1070B0007B6803F580539B891A467B6803F58153EF
:1070C0000433A0470346002B07D07B6803F58053A9
:1070D000012283F82120012302E0002300E00023A5
:1070E00018460C37BD4690BDF0B58DB002AF786044
:1070F0007B6800229A60002387F827307B6803F5BD
:1071000080531B691B6814331C687B6803F580532C
:1071100018697B6803F10C017B6803F580539B8938
:107120001A467B680833A047034683F00103DBB2AD
:10713000002B01D00023D1E17B6803F580531B694C
:107140001B6838331C687B6803F5805318697B68BB
:1071500003F10C017B6803F580539B891D467B6816
:1071600003F580535A6A7B689B68009313462A464E
:10717000A0470346002B00F081817B6803F5825312
:1071800053E90223B3F1FF3F08BFB2F1FF3F37D00D
:107190007B6803F580531B691B683C331C687B6864
:1071A00003F5805318697B6803F10C017B6803F5D4
:1071B00080535A6A7B689B68A0470346002B1FD107
:1071C0007B6803F5825353E902457B6803F58053DE
:1071D0001B691B6840331E687B6803F58053186980
:1071E0007B6803F10C017B6803F580535A6A7B6866
:1071F0009B68B04702460B469D4208BF944201D1AE
:10720000012300E00023002B00F0CF80002387F84B
:1072100026307B6803F580531B691B6844331C6868
:107220007B6803F5805318697B6803F10C017B6868
:1072300003F580539B891A467B6803F580535B6A8C
:10724000A04702460B46134603F00F033B627B68E0
:1072500003F580531B691B6848331C687B6803F582
:1072600080531D697B6803F10C067B6803F580532E
:107270009B899C467B6803F580535B6A3B607B6817
:1072800099687B6803F5805358693A6A13465B0036
:1072900013449B0003441B68019300913B686246C2
:1072A00031462846A0470346002B30D07B6803F5C3
:1072B00080535A6A7B6803F580531B6B1344083371
:1072C0007A6813440433FB617B6803F58053596982
:1072D0003A6A13465B0013449B000B449C687B682E
:1072E00003F5805359693A6A13465B0013449B00C7
:1072F0000B4418687B6803F58053DA6A7B68F96988
:10730000A047012387F82630012387F8273097F814
:10731000263083F00103DBB2002B00F08F807B6806
:1073200003F5805393F82030002B1ED07B6803F5C3
:1073300080531B691B6844331C687B6803F58053CA
:1073400018697B6803F10C017B6803F580535A6A66
:107350007B689B68A04702460B46796801F580511F
:10736000896900915F4804F0F7FB7B6803F580535F
:10737000DB691B680C331B687A6802F58052D069A0
:107380007A6802F58052526A083279680A44141DFC
:107390007A6891687A6802F58052526A8A1AFA60AD
:1073A00007F10C022146984748E07B6803F58053BB
:1073B00093F82030002B22D07B6803F5825353E9E9
:1073C00002457B6803F580531B691B6840331E68C8
:1073D0007B6803F5805318697B6803F10C017B68B7
:1073E00003F580535A6A7B689B68B04702460B4698
:1073F000CDE9002322462B463B4804F0ADFB7B68D9
:1074000003F58053DB691B680C331B687A6802F54F
:107410008052D0697A6802F58052526A08327968DF
:107420000A44141D7A6891687A6802F58052526A9B
:107430008A1A3A6107F11002214698477B6803F5E2
:107440008053DB691B6810331B687A6802F5805231
:10745000D0697A6802F58052526A083279680A4423
:10746000141D7A6891687A6802F58052526A8A1A05
:107470007A6107F11402214698471FE07B6803F503
:10748000805393F82030002B02D0184804F064FB9E
:107490007B6803F58053DB691B6808331B687A68D7
:1074A00002F58052D0697A6802F10C017A6802F51F
:1074B00080529289BA6107F1180298477B6803F5F8
:1074C0008053002283F821207B6803F5825353E91F
:1074D00002237868FFF778FC97F8273018462C3796
:1074E000BD46F0BD600202009802020000030200E7
:1074F00090B5ADF5815D83B002AF07F1200444F88B
:10750000140C084607F1200141F81C2C07F1200259
:1075100042F8203C07F12003024623F8162C07F11D
:10752000200353F8143C03F580531B691B684C334C
:107530001C6807F1200353F8143C03F580531869C5
:1075400007F120031A4607F120010C3907F5815392
:1075500003F110031B68019307F1200333F8163C75
:10756000009352F8203C4FF48052A04707F5805317
:1075700003F114031860002307F5805202F11C0286
:10758000136025E007F1200353F8143C5B681B6887
:1075900014331B6807F1200252F8142C506807F1CD
:1075A0002002114607F5805202F11C0212680A44BB
:1075B0000C3A127852B21146984707F5805303F1FE
:1075C0001C031B68013307F5805202F11C02136093
:1075D00007F5805303F11C031A6807F5805303F184
:1075E00014031B689A42CDD307F1200353F8143CCF
:1075F00003F5805393F82030002B3CD007F1200393
:1076000033F8163C07F5815202F110021268194650
:107610001C4804F0A1FA002307F5805202F1180279
:10762000136019E007F120031A4607F5805303F1B0
:1076300018031B6813440C3B1B781946124805F0CD
:107640007FF907F5805303F118031B68013307F531
:10765000805202F11802136007F5805303F11803FA
:107660001A6807F5805303F114031B689A42D9D3B3
:10767000064805F053FA00BF07F581570437BD46A9
:1076800090BD00BF300302005803020060030200F7
:1076900080B483B000AF7860012318460C37BD4634
:1076A00080BC704780B483B000AF7860044A7B68C8
:1076B0001A607B6818460C37BD4680BC704700BF17
:1076C000A408020080B582B000AF78607868FFF748
:1076D000E9FF0421786815F0D7FA7B681846083767
:1076E000BD4680BD80B584B000AFF860B9607A60F7
:1076F0003B60FB681846FFF75FF90D4AFB681A60AC
:10770000FB6800221A71FB68BA689A60FB687A68A5
:10771000DA60FB683A681A61FB68BA695A61FB680B
:107720003A7F1A76FB6818461037BD4680BD00BF09
:107730007808020080B582B000AF7860054A7B68A7
:107740001A607B681846FFF749F97B6818460837C6
:10775000BD4680BD7808020080B582B000AF786079
:107760007868FFF7E7FF1C21786815F08DFA7B68D1
:1077700018460837BD4680BD80B483B000AF78603E
:107780007B689B68002B01D100230AE07B689B6823
:107790001B7803F00103DBB2002B0CBF0123002395
:1077A000DBB218460C37BD4680BC704780B485B04C
:1077B00000AF78607B68DB68002B03D07B681B69B7
:1077C000002B01D100230BE00023FB607B68DB680A
:1077D0001B68FB607B681B691B68FB60FB685BB216
:1077E00018461437BD4680BC704780B483B000AFE4
:1077F00078600B46FB707B685B69002B04D07B686C
:107800005B6997F903201A6097F9033018460C3723
:10781000BD4680BC704780B483B000AF786000BFC5
:107820000C37BD4680BC704780B483B000AF786031
:1078300000BF0C37BD4680BC704780B483B000AF3A
:107840007860012318460C37BD4680BC704780B471
:1078500083B000AF78607B68002262F041021A704A
:10786000002262F045025A70002262F052029A70C1
:10787000002242F01B02DA707B6800221A7100229B
:107880005A717B6800229A710022DA717B6818466F
:107890000C37BD4680BC704780B582B000AF7860C1
:1078A0007B681B6819467B689B889BB21A467B687D
:1078B000DB889BB2034805F043F800BF0837BD469C
:1078C00080BD00BF6403020080B582B000AF786065
:1078D0007B681846FFF710F9054A7B681A607B68D9
:1078E00001221A717B6818460837BD4680BD00BF6B
:1078F000F007020080B582B000AF7860054A7B686F
:107900001A607B681846FFF707F97B681846083746
:10791000BD4680BDF007020080B582B000AF786040
:107920007868FFF7E7FF0821786815F0ADF97B6804
:1079300018460837BD4680BD80B483B000AF78607C
:107940000B46FB707B68FA781A7100BF0C37BD4696
:1079500080BC704780B483B000AF78607B681B79CF
:1079600018460C37BD4680BC7047000080B487B015
:1079700000AFF860B9607A603B6000237B610EE085
:10798000BA687B6913441B680A4A934204D13B6876
:107990007A691A60012308E07B6901337B617B68A7
:1079A000043B7A699A42EBD3002318461C37BD4644
:1079B00080BC7047BEBAAD1B80B487B000AFF86022
:1079C000B9607A603B607B68043B7B61BA687B6925
:1079D00013441B68064A934204D13B687A691A60D3
:1079E000012300E0002318461C37BD4680BC7047C9
:1079F000EDAD0F0A80B487B000AFF860B9607A606F
:107A00003B603B687B610EE0BA687B6913441B688E
:107A10000A4A934204D13B6A7A691A60012308E05A
:107A20007B6901337B617B68043B7A699A42EBD3C3
:107A3000002318461C37BD4680BC7047BEBAAD1B3C
:107A400080B487B000AFF860B9607A603B603B6893
:107A50007B610EE0BA687B6913441B680A4A934253
:107A600004D13B6A7A691A60012308E07B6901331B
:107A70007B617B68043B7A699A42EBD90023184604
:107A80001C37BD4680BC7047EDAD0F0A80B483B093
:107A900000AF7860082318460C37BD4680BC70479D
:107AA00080B483B000AF7860082318460C37BD4619
:107AB00080BC704780B483B000AF78600423184660
:107AC0000C37BD4680BC704780B483B000AF78608F
:107AD000082318460C37BD4680BC704780B483B07D
:107AE00000AF78604FF6FF7318460C37BD4680BC78
:107AF000704780B485B000AFF860B9607A603B60D1
:107B0000002318461437BD4680BC704780B485B04A
:107B100000AFF860B9607A603B604FF000024FF050
:107B20000003104619461437BD4680BC704780B428
:107B300087B000AFF860B9607A603B603B6808339B
:107B40007A689A4201D2002306E0BA683B6813447F
:107B50007B617B69DB889BB218461C37BD4680BCC5
:107B60007047B0B487B000AFF860B9607A603B602E
:107B70003B6808337A689A4204D24FF000044FF011
:107B800000050AE0BA683B6813447B617B699B8807
:107B90009BB29BB200221C46154622462B4610463D
:107BA00019461C37BD46B0BC704780B487B000AFE3
:107BB000F860B9607A603B603B6808337A689A4243
:107BC00001D200230DE0BA683B6813447B617B69F6
:107BD0009B889BB21A467B6A934201D1012300E045
:107BE000002318461C37BD4680BC704780B588B05E
:107BF00000AFF860B9607A603B603B6810337A6828
:107C00009A4201D2002338E0BA683B681344FB6112
:107C1000FB69DB889BB21A463B68134410337A68D1
:107C20009A4201D2002328E0FB691B68154A93425F
:107C300001D0002321E0FB69DB889BB21A463B6838
:107C400013440833BA681344BB61BB695B680E4ACE
:107C5000934201D0002310E0FB69DB889BB208331C
:107C60001946F869F8F736FF7861BB691B687A69CD
:107C70009A4201D0002300E0012318462037BD4678
:107C800080BD00BFBEBAAD1BEDAD0F0A80B588B098
:107C900000AFF860B9607A603B60BB68002B0AD027
:107CA0003B68002B02D1FB6A002B04D1FB6A103326
:107CB0007A689A4201D200233CE007F1100318468B
:107CC000FFF7C5FD3B8DBB82FB6A9BB2FB82BB68A5
:107CD0001A4607F1100303CB106051603B68002B7C
:107CE00006D0BB680833FA6A3968184605F078FB95
:107CF000FB6A0833BA681344FB61FB6A0833194610
:107D0000B868F8F7E7FEB861FB69BA691A60FB6901
:107D1000002262F012021A71002262F052025A71BD
:107D2000002242F00F029A71002242F00A02DA7138
:107D3000FB6A103318462037BD4680BD80B586B03B
:107D400000AFF860B9607A603B607B687B6117E0E8
:107D5000BB681B6814331B687969B8689847034689
:107D6000124A93420CBF01230023DBB2002B04D044
:107D70003B687A691A60012313E07B6901337B61F8
:107D8000BB681B6818331B68B86898470346043BF8
:107D90007A699A4234BF01230023DBB2002BD7D18A
:107DA000002318461837BD4680BD00BFBEBAAD1BC4
:107DB00080B586B000AFF860B9607A603B607B68E0
:107DC000083B7B6118E0BB681B6814331B687A6949
:107DD0001146B868984703460B4A93420CBF0123EB
:107DE0000023DBB2002B04D07A693B681A600123C0
:107DF00006E07B69013B7B617B69002BE3DA0023B2
:107E000018461837BD4680BDBEBAAD1B80B586B0DA
:107E100000AFF860B9607A603B607B687B6118E016
:107E2000BB681B6814331B687A691146B8689847A9
:107E300003460C4A93420CBF01230023DBB2002B04
:107E400004D07A693B6A1A60012307E07B69013B31
:107E50007B617A693B689A42E2DA00231846183758
:107E6000BD4680BDBEBAAD1B80B586B000AFF86020
:107E7000B9607A603B607B687B6117E0BB681B6818
:107E800014331B687969B86898470346124A9342CD
:107E90000CBF01230023DBB2002B04D03B687A69BE
:107EA0001A60012313E07B6901337B61BB681B68A7
:107EB00018331B68B86898470346043B7A699A42AE
:107EC00094BF01230023DBB2002BD7D10023184637
:107ED0001837BD4680BD00BFEDAD0F0A80B586B036
:107EE00000AFF860B9607A603B607B687B6117E047
:107EF000BB681B6814331B687969B86898470346E8
:107F00000D4A93420CBF01230023DBB2002B04D0A7
:107F10003B6A7A691A60012309E07B6901337B615E
:107F20003A687B6813447A699A42E1D9002318467B
:107F30001837BD4680BD00BFEDAD0F0A80B586B0D5
:107F400000AFF860B9607A603B607B687B6118E0E5
:107F5000BB681B6814331B687A691146B868984778
:107F600003460C4A93420CBF01230023DBB2002BD3
:107F700004D07A693B6A1A60012307E07B69013B00
:107F80007B617A693B689A42E2DA00231846183727
:107F9000BD4680BDEDAD0F0A90B585B000AFF8606D
:107FA000B9607A607B6803F10804BB681B6818330A
:107FB0001B68B868984703469C428CBF0123002386
:107FC000DBB2002B01D0002309E0BB681B68103333
:107FD0001B687A6806321146B86898470346184607
:107FE0001437BD4690BD000090B58FB000AFF8606B
:107FF000B9607A603B60012387F82F30BB681B684B
:1080000014331B687968B8689847B862BB681B6806
:1080100010331B687A6806321146B86898470346E1
:10802000FB8497F82F30002B0CD0BB681B681433EF
:108030001B687968B868984703461A467968964875
:1080400003F08AFD97F82F30002B10D07B681C1DA1
:10805000BB681B6810331B687A6804321146B86825
:10806000984703461A4621468C4803F075FD97F859
:108070002F30002B10D07B689C1DBB681B68103311
:108080001B687A6806321146B868984703461A4654
:108090002146834803F060FD3A687B68D41ABB68C8
:1080A0001B6818331B68B868984703469C428CBF0E
:1080B00001230023DBB2002B13D097F82F30002BC5
:1080C0000DD0BB681B6818331B68B8689847014619
:1080D0003A687B68D31A1A46724803F03DFD0023C4
:1080E000D5E0BB6A704A93420AD097F82F30002B34
:1080F00004D0BA6A6C496D4803F02EFD0023C6E037
:10810000BB681B6814331B68F98C7A680A44083210
:108110001146B86898473862BB681B6814331B68FF
:10812000F98C7A680A440C321146B8689847F861AD
:1081300097F82F30002B15D0FA8C7B68134403F18D
:108140000804BB681B6814331B68F98C7A680A44FE
:1081500008321146B868984703461A4621465448E3
:1081600003F0FAFC97F82F30002B15D0FA8C7B68BF
:10817000134403F10C04BB681B6814331B68F98CAF
:108180007A680A440C321146B868984703461A4682
:108190002146484803F0E0FCFB69474A934201D07E
:1081A000002374E03B68043B7B637B6B002B01DAAC
:1081B00000237B6397F82F30002B04D07A68796B0B
:1081C0003E4803F0C9FCBB6C1B687A681A60BB6C44
:1081D0005B687A6B1A6000233B6300233B631CE0FF
:1081E000BB6C9A6807F1140311461846FEF774FC3D
:1081F0007B69C3F31E031A467B6B934205D07B69F0
:10820000C3F3C073DBB2012B01D1012300E00023D3
:10821000002B08D13B6B01333B63FB8C20333A6B63
:108220009A42DDD300E000BFBB6C9A6807F11803E7
:1082300011461846FEF750FC97F82F30002B0AD055
:10824000BB6CDB681968BB69C3F31E031A463B6B42
:108250001B4803F081FC97F82F30002B09D0BB6C32
:108260001B681968BB6C5B681B681A46154803F0ED
:1082700073FCBB6CDB681B683A6A9A4214BF01232B
:108280000023DBB2002B01D0002300E001231846BD
:108290003C37BD4690BD00BFB0030200FC030200A6
:1082A0004004020084040200BEBAAD1BD4040200E4
:1082B0001C05020058050200EDAD0F0AA0050200E2
:1082C000D80502003006020080B485B000AFF86027
:1082D000B9607A603B60002318461437BD4680BC05
:1082E000704780B485B000AFF860B9607A603B60D9
:1082F0004FF000024FF00003104619461437BD46F8
:1083000080BC7047F0B587B000AFF860B9607A60A4
:108310003B607B6803F10806BB681B6818331B6869
:10832000B868984703469E428CBF01230023DBB206
:10833000002B04D04FF000044FF000050EE0BB68A6
:108340001B6810331B687A6804321146B868984776
:108350000346FB82FB8A00221C46154622462B461A
:10836000104619461C37BD46F0BD90B587B000AF2A
:10837000F860B9607A603B607B6803F10804BB6811
:108380001B6818331B68B868984703469C428CBF2B
:1083900001230023DBB2002B01D0002311E0BB68D6
:1083A0001B6810331B687A6804321146B868984716
:1083B0000346FB82FB8ABA6A9A4201D1012300E09C
:1083C000002318461C37BD4690BD000080B400AFA6
:1083D000024B1846BD4680BC704700BF3C000020E1
:1083E00080B582B000AF78607B681846FEF7B4FBBA
:1083F000034A7B681A607B6818460837BD4680BD13
:10840000D007020080B582B000AF7860054A7B6873
:108410001A607B681846FEF7AFFB7B681846083782
:10842000BD4680BDD007020080B582B000AF786045
:108430007868FFF7E7FF0421786814F025FC7B6873
:1084400018460837BD4680BD80B586B000AFF860DD
:10845000B9607A60BB68002B03D07B681B68002B77
:1084600006D17B681B681946134803F075FB1FE0B3
:108470007B681B687B617B69202B01D920237B6192
:108480000E4803F069FB00233B610AE0BA683B69D0
:1084900013441B7819460A4803F05EFB3B6901331D
:1084A0003B613A697B699A42F0D3064803F054FB7A
:1084B0001837BD4680BD00BF74060200A406020046
:1084C00058030200D406020080B586B000AFF86001
:1084D000B9607A60BB68002B03D07B681B68072BF0
:1084E00006D87B681B6819460A4803F035FB0DE087
:1084F000BB687B617B681B681946074803F02CFB4F
:108500007869FFF7C9F9054803F026FB1837BD461F
:1085100080BD00BFD806020010070200D40602008A
:1085200080B485B000AFF860B9607A6000BF1437DE
:10853000BD4680BC7047000080B582B000AF00230C
:108540007B6015E00E4A7B6852F82330002B0CD07C
:108550000B4A7B6852F823301B6808331B680849B4
:108560007A6851F82220104698477B6801337B6077
:108570007B68032BE6D900BF00BF0837BD4680BD2E
:108580008807020080B582B000AF78607B685BB27C
:1085900019460448FFF729F97B6818460837BD4695
:1085A00080BD00BF801A002080B584B000AFF860A5
:1085B000B9607A603B60FB68B9681846FEF758FA04
:1085C000314AFB681A60FB6803F58053083318468C
:1085D00000F05CF8FB6803F5805300221A84FB6806
:1085E00003F5805300225A84FB6803F5805301226F
:1085F00083F82420FB6803F58053002283F82520AC
:10860000FB6803F58053002283F82620FB6803F5FE
:108610008053002283F82720FB6803F58053012252
:1086200083F82820FB6803F580531A467B68D362E1
:10863000FB6803F580531A463B681363FB6803F538
:1086400080531A46BB695363FB6803F580531A468F
:10865000FB699363FB6803F580531A463B6AD36357
:10866000FB6803F580531A46BB8CA2F84030FB68C8
:1086700003F580531A4697F8283082F84230FB6899
:1086800018461037BD4680BDBC07020080B483B0D9
:1086900000AF78607B6800221A617B6800225A6113
:1086A0007B6818460C37BD4680BC704780B582B0E9
:1086B00000AF7860054A7B681A607B681846FEF751
:1086C000EBF97B6818460837BD4680BDBC07020041
:1086D00080B582B000AF78607868FFF7E7FF41F2BD
:1086E0004401786814F0D0FA7B6818460837BD4614
:1086F00080BD000080B582B000AF7860054A7B681D
:108700001A607B681846FEF7C7F97B681846083779
:10871000BD4680BDB808020080B582B000AF786069
:108720007868FFF7E7FF4FF48251786814F0ACFAED
:108730007B6818460837BD4680BD000090B587B0FD
:1087400006AF594B1B6803F17801574B1B6803F1C7
:108750007402554B1B6803F17C00534B1B68743348
:108760007E240194009303465048FEF7BBFF4E4B16
:108770001B6803F184014C4B1B6803F180024A4BD8
:108780001B6803F18800484B1B6880332124019447
:10879000009303464648FEF7A5FF434B1B6803F1D1
:1087A0009001414B1B6803F18C023F4B1B6803F1A6
:1087B00094003D4B1B688C33402401940093034686
:1087C0003C48FEF78FFF384B1B6803F19C01364B8A
:1087D0001B6803F19802344B1B6803F1A000324B75
:1087E0001B68983323240194009303463248FEF714
:1087F00079FF3248FFF7F4FD3148FFF765F8314B58
:108800001B7819464FF0FF324FF0FF33CDE90423B8
:1088100000230293294B019300912B4B284A2449B2
:108820002A48FEF7F5F9274B1B7819464FF0FF321F
:108830004FF0FF33CDE90423002302931F4B019334
:108840000091214B1E4A1B492148FEF7E1F91D4BBF
:108850001B7819464FF0FF324FF0FF33CDE9042368
:1088600000230293154B01930091174B144A1249B0
:108870001848FEF7CDF9184B1B781946174B1B68A3
:1088800001220492002203920293154B0193154B8F
:1088900000930B46144A05491448FFF785FE00BFB4
:1088A0000437BD4690BD00BF4C000020801A002058
:1088B0009C1A0020B81A0020D41A0020F01A0020B8
:1088C000F41A0020FCFA0100241A0020001B0020EA
:1088D000402B0020803B00200CE60100781A00208D
:1088E00038000020CD83000094080020C04B0020F9
:1088F00080B500AF1148FFF7D9FE1148FFF7FAFE27
:108900001048FFF7F7FE1048FFF7F4FE0F48FEF798
:10891000F1FF0F48FFF776FD0E48FEF70BFF0E48FC
:10892000FEF708FF0D48FEF705FF0D48FEF702FFB2
:108930000C48FEF7B7FE00BF80BD00BFC04B002053
:10894000803B0020402B0020001B0020F41A002058
:10895000F01A0020D41A0020B81A00209C1A002017
:10896000801A00203800002080B582B000AF786007
:10897000786800F008F8786800F045F80346184673
:108980000837BD4680BD80B584B000AF7860002355
:10899000FB737B6803F580539B6B1B681B687A68CD
:1089A00002F58052926B104698470346002B25D063
:1089B0007B6803F580530833184600F0C2F803467D
:1089C00083F00103DBB2002B18D00023BB7301231B
:1089D000FB737B6803F58053083307F10E021146E1
:1089E000184600F0C0F87B685B681B6814331B688E
:1089F0007A68526897F90E1010469847FB7B184624
:108A00001037BD4680BDF0B58BB006AF786000234F
:108A1000FB73786800F0C8F80346BB60BB68002BA6
:108A200000F08A807B6803F580531B8CB3F5805F70
:108A300005D37B6803F5805340F6FF721A847B6888
:108A400003F580531B8C1A467B68134400221A726C
:108A50007B6803F5805393F84230002B29D07B6864
:108A600003F108007B6803F580531B8C1E467B686E
:108A700003F58053D96A7B6803F580531C6B7B68D0
:108A800003F58053DB6B7A6802F58052B2F8402020
:108A900015467A68049200220392029501930023FE
:108AA000009323460A46314602F0A4FE0346FB73B8
:108AB00028E07B6803F108007B6803F580531B8C7A
:108AC0001E467B6803F58053D96A7B6803F58053A3
:108AD0001C6B7B6803F58053DB6B7A6802F5805270
:108AE000B2F8402015467A6804920022039202955B
:108AF00001930123009323460A46314602F07AFE91
:108B00000346FB737B6803F5805300221A84FB7BCA
:108B1000002B11D07B6803F580535B6B002B0BD0CF
:108B20007B6803F580535B6B984703464FF0FF3239
:108B30001946786800F039F9FB7B18461437BD46B2
:108B4000F0BD80B483B000AF78607B681A697B6841
:108B50005B699A420CBF01230023DBB218460C3735
:108B6000BD4680BC704780B582B000AF7860396088
:108B70007868FFF7E6FF0346002B01D000230FE0E3
:108B80007B681B697A68D2563B681A707B681B69E0
:108B90001946786800F035F902467B681A610123AE
:108BA00018460837BD4680BD80B584B000AF7860F8
:108BB000786800F036F90346FB7297F90B3013F131
:108BC000020F01D10023ECE07B6803F580531B8C7E
:108BD000B3F5805F05D37B6803F5805340F6FF72E1
:108BE0001A8497F90B300A2B0DD17B6803F580535B
:108BF0001B8C1A467B68134400221A727B6803F5AB
:108C000080531B8CCDE097F90B30082B03D097F9DC
:108C10000B307F2B20D17B6803F580531B8C013BED
:108C20009AB27B6803F580531A847B6803F58053FE
:108C30001B8CB3F5805F04D37B6803F5805300225F
:108C40001A847B6803F580531B8C1A467B68134497
:108C500000221A720023A4E097F90B301B2B0FD1CE
:108C60007B6803F5805300221A847B6803F58053E8
:108C70001B8C1A467B68134400221A72002390E072
:108C800097F90B30092B6BD17B6808334FF4805177
:108C9000184604F0ADF903469AB27B6803F5805399
:108CA0001A847B6803F580531B8C1A467B68134437
:108CB00093F908300A2B09D17B6803F580531B8C8C
:108CC000013B9AB27B6803F580531A847B6803F5F5
:108CD00080531B8C1A467B68134493F908300D2B84
:108CE00009D17B6803F580531B8C013B9AB27B68EA
:108CF00003F580531A847B6803F580531B8CB3F50E
:108D0000805F05D37B6803F5805340F6FF721A84B9
:108D10007B6803F580531B8C1A467B681344002242
:108D20001A720023FB6011E07B685B681B681433D8
:108D30001B687A6850687968FA680A44083292F9C0
:108D4000002011469847FB680133FB607B6803F500
:108D500080531B8C1A46FB689342E5D3002320E026
:108D60007B6803F580531B8C1A467B681344FA7AA0
:108D70001A727B6803F580531B8C01339AB27B68AF
:108D800003F580531A847B6803F580531B8CB3F57D
:108D9000805F05D37B6803F5805340F6FF721A8429
:108DA000002318461037BD4680BD80B586B000AFA1
:108DB000F860B9607A6000237B6112E0BA687B6971
:108DC000134493F90030002B16D0BA687B69134422
:108DD00093F900301946F86800F095F87B69013383
:108DE0007B617A697B689A4207D2FB6803F58053FE
:108DF0005B8C0F2BE2D900E000BF00BF1837BD46E7
:108E000080BD80B485B000AF786039603B680133C5
:108E100003F00F03FB60FB6818461437BD4680BCA7
:108E2000704780B584B000AF78607B685B681B6872
:108E30000C331B687A68526810469847034683F0E3
:108E40000103DBB2002B02D06FF0010357E07B6817
:108E50005B681B6810331B687A6852681046984735
:108E60000346FB7397F90F30072B02DC6FF0010309
:108E700045E07B6803F580531A46FB7B82F8263079
:108E800097F90F300D2B05D17B6803F58053012234
:108E900083F8272097F90F300A2B0CD17B6803F554
:108EA000805393F926300D2B05D07B6803F5805352
:108EB000002283F827207B6803F5805393F8243041
:108EC000012B0ED197F90F30092B0AD07B685B6814
:108ED0001B6814331B687A68526897F90F101046A4
:108EE00098477B6803F5805393F82530012B04D114
:108EF00097F90F301846FFF745FB97F90F301846E2
:108F00001037BD4680BD80B582B000AF78600B469B
:108F1000FB7097F903300D2B02D197F9033021E054
:108F20007B6803F5805393F82730002B0DD097F919
:108F300003300A2B09D17B685B681B6814331B68FC
:108F40007A6852680D21104698477B685B681B68F9
:108F500014331B687A68526897F9031010469847D3
:108F600097F9033018460837BD4680BD80B500AF7D
:108F7000FFF7E4FB80BD80B500AFFFF7B9FC80BD13
:108F800080B582B000AF786039607B681B68184696
:108F900013F092F83B68D3E9002313F0F7F8024688
:108FA0000B46104619464FF00002054B13F018FA15
:108FB00002460B46104619460837BD4680BD00BF25
:108FC00000005E4180B483B000AF78607B6800220F
:108FD0001A7000225A7000229A700022DA707B68A0
:108FE00018460C37BD4680BC704780B483B000AFD4
:108FF0007860084611461A460346FB700B46BB7064
:1090000013467B70FB7803F00703D9B27A681378B4
:1090100061F347131370BB7803F00103D9B27A6888
:10902000137861F3041313707B7803F00F03D9B244
:109030007A68137861F3030313707B6818460C3762
:10904000BD4680BC704780B483B000AF78600846EE
:1090500011461A460346FB700B46BB7013467B70E5
:109060007A68137823F080031370FB7803F0010310
:10907000D9B27A68137861F386131370BB7803F062
:109080000103D9B27A68137861F3451313707B78C2
:1090900003F00103D9B27A68137861F304131370F3
:1090A0003B7C03F00103D9B27A68137861F3C30300
:1090B00013703B7D03F00103D9B27A68137861F332
:1090C000820313703B7E03F00103D9B27A681378F0
:1090D00061F3410313707A68137823F0010313706E
:1090E0007B6818460C37BD4680BC704780B483B09F
:1090F00000AF7860084611461A460346FB700B46DF
:10910000BB7013467B70FB7803F00103D9B27A6819
:10911000137861F3C7131370BB7803F00703D9B258
:109120007A68137861F3061313707B7803F00303F6
:10913000D9B27A68137861F3830313703B7C03F030
:109140000303D9B27A68137861F3010313707B6863
:1091500018460C37BD4680BC704780B483B000AF62
:109160007860084611461A460346FB700B46BB70F2
:1091700013467B707A68137823F0800313707A6843
:10918000137823F040031370FB7803F00103D9B286
:109190007A68137861F345131370BB7803F0010309
:1091A000D9B27A68137861F3041313707B7803F0F3
:1091B0000103D9B27A68137861F3C30313703B7C5F
:1091C00003F00103D9B27A68137861F38203137054
:1091D0003B7D03F00103D9B27A68137861F3000391
:1091E00013707A68137823F0020313707B681846B3
:1091F0000C37BD4680BC704780B483B000AF786048
:10920000044A7B681A607B6818460C37BD4680BCF0
:10921000704700BFB018020080B483B000AF786020
:10922000044A7B681A607B6818460C37BD4680BCD0
:10923000704700BFB018020080B582B000AF786000
:109240007868FFF7E9FF0421786813F01DFD7B685B
:1092500018460837BD4680BD80B400AF074B1B6879
:1092600093F86C3003F00203DBB2002B0CBF012338
:109270000023DBB21846BD4680BC70474C0000207E
:1092800080B582B000AF00237B6000237B600DE0DF
:10929000FFF7E2FF034683F00103DBB2002B09D1A5
:1092A0000120F7F7C9FB7B6801337B607B68632B88
:1092B000EED900E000BF7B68612B02D9034802F0C1
:1092C0004BFC00BF0837BD4680BD00BF300A02001E
:1092D00080B483B000AF0346FB71F979064B1A687E
:1092E00092F86C3061F3000382F86C3000BF0C37E9
:1092F000BD4680BC704700BF4C00002080B582B0E6
:1093000000AF7860FFF7BCFF7A68034B1B689A6672
:1093100000BF0837BD4680BD4C00002080B584B03A
:1093200000AF78600023FB60FFF7AAFF7A68074B65
:109330001B689A66FFF7A4FF044B1B689B6EFB60DB
:10934000FB6818461037BD4680BD00BF4C000020AA
:1093500080B483B000AF0346FB7100BF0C37BD463D
:1093600080BC704780B483B000AF0346FB7100BF80
:109370000C37BD4680BC704780B485B000AFF86044
:10938000C7E90023F968D7E90023C1E90023F96898
:10939000D7E90623C1E90223FB6818461437BD4606
:1093A00080BC704780B485B000AFF860C7E9002387
:1093B000F968D7E90023C1E90023F968D7E9062352
:1093C000C1E9022300BF1437BD4680BC704780B49A
:1093D00083B000AF78607B68D3E90023104619465C
:1093E0000C37BD4680BC704780B483B000AF786056
:1093F0007B68D3E90223104619460C37BD4680BC72
:10940000704700000000000080B582B000AF7860B7
:109410007B6800221A707B6800225A707B680022E9
:109420005A607B6800229A607B680022DA607B6861
:1094300000221A617B6800225A617B6800229A61CF
:109440007B680022DA617B6800221A627B68002256
:109450005A627B6800229A627B680022DA627B682B
:1094600000221A637B6800225A637B6800229A6399
:109470007B680022DA637B6800221A647B68002222
:109480005A647B6800229A647B680022DA647B68F5
:1094900000221A657B6800225A657B6800229A6563
:1094A0007B680022DA657B6800221A667B680022EE
:1094B0005A667B6800229A667B680022DA667B68BF
:1094C00000221A677B6800225A677B6800229A672D
:1094D0007B680022DA677B680022C3F880207B6803
:1094E0000022C3F884207B680022C3F888207B68B0
:1094F0000022C3F88C207B680022C3F890207B6890
:1095000003F1980106A3D3E90023084601F02AFAE3
:109510007B6818460837BD4680BD00BFAFF30080AA
:10952000FCA9F1D24D62104080B582B000AF7860E6
:109530007B689833184601F05DFA7B681846083757
:10954000BD4680BD80B582B000AF78607B6898333F
:10955000184601F073FA00BF0837BD4680BD80B4DD
:1095600083B000AF786039607B685A683B681A60E6
:1095700000BF0C37BD4680BC704780B483B000AFDD
:10958000786039607B689A683B681A6000BF0C3766
:10959000BD4680BC704780B483B000AF786039604E
:1095A0007B68DA683B681A6000BF0C37BD4680BC38
:1095B000704780B483B000AF786039607B681A6907
:1095C0003B681A6000BF0C37BD4680BC704780B452
:1095D00083B000AF786039607B685A693B681A6075
:1095E00000BF0C37BD4680BC704780B483B000AF6D
:1095F000786039607B689A693B681A6000BF0C37F5
:10960000BD4680BC704780B483B000AF78603960DD
:109610007B68DA693B681A6000BF0C37BD4680BCC6
:10962000704780B483B000AF786039607B681A6A95
:109630003B681A6000BF0C37BD4680BC704780B4E1
:1096400083B000AF786039607B685A6A3B681A6003
:1096500000BF0C37BD4680BC704780B483B000AFFC
:10966000786039607B689A6A3B681A6000BF0C3783
:10967000BD4680BC704780B483B000AF786039606D
:109680007B68DA6A3B681A6000BF0C37BD4680BC55
:10969000704780B483B000AF786039607B681A6B24
:1096A0003B681A6000BF0C37BD4680BC704780B471
:1096B00083B000AF786039607B685A6B3B681A6092
:1096C00000BF0C37BD4680BC704780B483B000AF8C
:1096D000786039607B689A6B3B681A6000BF0C3712
:1096E000BD4680BC704780B483B000AF78603960FD
:1096F0007B68DA6B3B681A6000BF0C37BD4680BCE4
:10970000704780B483B000AF786039607B681A6CB2
:109710003B681A6000BF0C37BD4680BC704780B400
:1097200083B000AF786039607B685A6C3B681A6020
:1097300000BF0C37BD4680BC704780B483B000AF1B
:10974000786039607B689A6C3B681A6000BF0C37A0
:10975000BD4680BC704780B483B000AF786039608C
:109760007B68DA6C3B681A6000BF0C37BD4680BC72
:10977000704780B483B000AF786039607B681A6D41
:109780003B681A6000BF0C37BD4680BC704780B490
:1097900083B000AF786039607B685A6D3B681A60AF
:1097A00000BF0C37BD4680BC704780B483B000AFAB
:1097B000786039607B689A6D3B681A6000BF0C372F
:1097C000BD4680BC704780B483B000AF786039601C
:1097D0007B68DA6D3B681A6000BF0C37BD4680BC01
:1097E000704780B483B000AF786039607B681A6ED0
:1097F0003B681A6000BF0C37BD4680BC704780B420
:1098000083B000AF786039607B685A6E3B681A603D
:1098100000BF0C37BD4680BC704780B483B000AF3A
:10982000786039607B689A6E3B681A6000BF0C37BD
:10983000BD4680BC704780B483B000AF78603960AB
:109840007B68DA6E3B681A6000BF0C37BD4680BC8F
:10985000704780B483B000AF786039607B681A6F5E
:109860003B681A6000BF0C37BD4680BC704780B4AF
:1098700083B000AF786039607B685A6F3B681A60CC
:1098800000BF0C37BD4680BC704780B483B000AFCA
:10989000786039607B689A6F3B681A6000BF0C374C
:1098A000BD4680BC704780B483B000AF786039603B
:1098B0007B68DA6F3B681A6000BF0C37BD4680BC1E
:1098C000704780B483B000AF786039607B68D3F8AC
:1098D00080203B681A6000BF0C37BD4680BC7047D3
:1098E00080B483B000AF786039607B68D3F884209F
:1098F0003B681A6000BF0C37BD4680BC704780B41F
:1099000083B000AF786039607B68D3F888203B680B
:109910001A6000BF0C37BD4680BC704780B483B06E
:1099200000AF786039607B68D3F88C203B681A60A0
:1099300000BF0C37BD4680BC704780B483B000AF19
:10994000786039607B68D3F890203B681A6000BF6C
:109950000C37BD4680BC704780B584B000AF7860DE
:109960000023FB7317E07B6898330021184601F051
:10997000E5F80346BB73BB7B002B03D17B68012258
:109980001A700BE0BB7BBA7B19468B4802F0E4F8F7
:10999000FB7B0133FB73FB7B092BE4D97B681B78D2
:1099A000002B00F001817B689833184601F0BAF96A
:1099B0007B6898330821184601F0CDF97B6898330D
:1099C0000921184601F0C7F97B6898330A21184627
:1099D00001F0C1F97B6898330B21184601F0BBF9FF
:1099E0007B6898330C21184601F0B5F97B689833F1
:1099F0000D21184601F0AFF97B6898330E21184607
:109A000001F0A9F97B6898330F21184601F0A3F9FA
:109A10007B6898330321184601F09DF97B689833E1
:109A20001021184601F097F97B68983311211846E8
:109A300001F091F97B6898330421184601F08BF905
:109A40007B6898331221184601F085F97B689833BA
:109A50001321184601F07FF97B68983305211846D9
:109A600001F079F97B6898331421184601F073F9F5
:109A70007B6898331521184601F06DF97B6898339F
:109A80000621184601F067F97B68983316211846BD
:109A900001F061F97B6898331721184601F05BF9F2
:109AA0007B6898330821184601F055F97B68983394
:109AB0000921184601F04FF97B6898330A211846AE
:109AC00001F049F97B6898330B21184601F043F9FE
:109AD0007B6898330C21184601F03DF97B68983378
:109AE0000D21184601F037F97B6898330E2118468E
:109AF00001F031F97B6898330F21184601F02BF9FA
:109B00007B6898331021184601F025F97B6898335B
:109B10001121184601F01FF97B689833122118466D
:109B200001F019F97B6898331321184601F013F9F5
:109B30007B6898331421184601F00DF97B6898333F
:109B40001521184601F007F97B689833162118464D
:109B500001F001F97B6898331721184601F0FBF8F2
:109B60007B689833184601F013F97B6898331846E0
:109B700001F0B2F97B68983380220821184601F081
:109B8000E0F97B6898330821184601F0FCF9034698
:109B90001A468021094801F0DFFF094B1B689B68CA
:109BA000184602F0F3FC02E0064801F0D5FF00BFC2
:109BB0001037BD4680BD00BF480A02007C0A020083
:109BC00094000020CC0A02002DE9F0418EB006AFCF
:109BD00078607B681B78002B00F0248207F110036B
:109BE0001846FFF7EFF907F10C031846FFF7EAF9FB
:109BF0000023FB6112E2FEF79FFC7B689833184656
:109C000001F0EAF97B689833F969184601F02DFAFA
:109C10000346002B00F0FF81FEF78EFC7B6803F10A
:109C20009800FB69D9B207F10C0307F1100201F0AB
:109C300039FAFEF781FCFB7C03F02003DBB2002B3A
:109C400011D1FB7C03F04003DBB2002B0BD1FB7B7B
:109C500003F02003DBB2002B05D1FB7B03F04003B4
:109C6000DBB2002B17D07B685B78002B00F0D38130
:109C7000FB7CC3F30403DBB21946FB7C1A46FB7B77
:109C8000C3F30403DBB21846FB7B00930346B348DF
:109C900001F062FFBFE1FB7C23F07F03DBB2002B0E
:109CA00006D1FB7B23F07F03DBB2002B00F0A78102
:109CB0007B685B78002B3AD0FB7CC3F30403DBB2F8
:109CC00098467B6803F198023B6943F317037B6175
:109CD00007F114031946104601F018FA04460D4620
:109CE0003B6943F317031E46FB7BC3F30403DBB25C
:109CF0003B607B6803F19802FB6843F31703BB6189
:109D000007F118031946104601F000FA02460B4607
:109D1000F96841F317010491CDE902233B680193EF
:109D2000009622462B4641468D4801F015FFFB7CEC
:109D3000C3F30403DBB2033B142B00F2B98001A28E
:109D400052F823F0099E0000339E00005D9E000043
:109D5000879E0000B19E0000999D0000A79D000015
:109D6000B59D0000C39D0000D19D0000DF9D000057
:109D7000ED9D0000FB9D0000179E0000259E000049
:109D8000419E00004F9E00006B9E0000799E0000E7
:109D9000959E0000A39E00003B6943F317031A46FB
:109DA0007B685A6085E03B6943F317031A467B687A
:109DB0009A607EE03B6943F317031A467B68DA60DA
:109DC00077E03B6943F317031A467B681A6170E03A
:109DD0003B6943F317031A467B685A6169E03B69A4
:109DE00043F317031A467B689A6162E03B6943F3C9
:109DF00017031A467B68DA615BE03B6943F317039C
:109E00001A467B681A6254E03B6943F317031A460B
:109E10007B685A624DE03B6943F317031A467B683F
:109E20009A6246E03B6943F317031A467B68DA629D
:109E30003FE03B6943F317031A467B681A6338E037
:109E40003B6943F317031A467B685A6331E03B6969
:109E500043F317031A467B689A632AE03B6943F38E
:109E600017031A467B68DA6323E03B6943F3170361
:109E70001A467B681A641CE03B6943F317031A46D1
:109E80007B685A6415E03B6943F317031A467B6805
:109E90009A640EE03B6943F317031A467B68DA6461
:109EA00007E03B6943F317031A467B681A6500E035
:109EB00000BFFB7BC3F30403DBB2083B0F2B00F2B4
:109EC0009C8001A252F823F0099F0000179F000018
:109ED000259F0000339F0000419F00004F9F00001E
:109EE000659F0000739F0000819F00008F9F00000E
:109EF0009D9F0000AB9F0000BB9F0000CB9F000018
:109F0000DB9F0000EB9F0000FB6843F317031A463A
:109F10007B685A6572E0FB6843F317031A467B6857
:109F20009A656BE0FB6843F317031A467B68DA65B2
:109F300064E0FB6843F317031A467B681A665DE02A
:109F4000FB6843F317031A467B685A6656E0FB68C2
:109F500043F317031A467B689A664FE0E80A02004B
:109F60002C0B0200FB6843F317031A467B68DA6682
:109F700044E0FB6843F317031A467B681A673DE029
:109F8000FB6843F317031A467B685A6736E0FB68A1
:109F900043F317031A467B689A672FE0FB6843F385
:109FA00017031A467B68DA6728E0FB6843F3170358
:109FB0001A467B68C3F8802020E0FB6843F3170350
:109FC0001A467B68C3F8842018E0FB6843F3170344
:109FD0001A467B68C3F8882010E0FB6843F3170338
:109FE0001A467B68C3F88C2008E0FB6843F317032C
:109FF0001A467B68C3F8902000E000BF0BE07B6846
:10A000005B78002B07D0FB7CC3F30403DBB219465B
:10A01000074801F0A1FDFB690133FB61FB691D2BC2
:10A020007FF6E9AD00BF2037BD46BDE8F08100BF37
:10A03000900B020080B584B000AFF860B9607A6020
:10A040003B60974801F088FD9648FBF76DFB0246A0
:10A050000B46954801F080FD9248FBF779FB0246DC
:10A060000B46924801F078FD8E48FBF785FB0246CF
:10A070000B468F4801F070FD8A48FBF791FB0246C2
:10A080000B468C4801F068FD8648FBF79DFB0246B5
:10A090000B46894801F060FD8248FBF7A9FB0246A8
:10A0A0000B46864801F058FD7E48FBF7B5FB02469B
:10A0B0000B46834801F050FD7A48FBF7C1FB02468E
:10A0C0000B46804801F048FD7648FBF7CDFB024681
:10A0D0000B467D4801F040FD7248FBF7D9FB024674
:10A0E0000B467A4801F038FD6E48FBF7E5FB024667
:10A0F0000B46774801F030FD6A48FBF7F1FB02465A
:10A100000B46744801F028FD6648FBF7FDFB02464C
:10A110000B46714801F020FD6248FBF709FC02463E
:10A120000B466E4801F018FD5E48FBF715FC024631
:10A130000B466B4801F010FD5A48FBF721FC024624
:10A140000B46684801F008FD5648FBF72DFC024617
:10A150000B46654801F000FD5248FBF739FC02460A
:10A160000B46624801F0F8FC4E48FBF745FC0246FE
:10A170000B465F4801F0F0FC4A48FBF751FC0246F1
:10A180000B465C4801F0E8FC4648FBF75DFC0246E4
:10A190000B46594801F0E0FC4248FBF769FC0246D7
:10A1A0000B46564801F0D8FC3E48FBF775FC0246CA
:10A1B0000B46534801F0D0FC3A48FBF781FC0246BD
:10A1C0000B46504801F0C8FC3648FBF78DFC0246B0
:10A1D0000B464D4801F0C0FC3248FBF799FC0246A3
:10A1E0000B464A4801F0B8FC2E48FBF7A5FC024696
:10A1F0000B46474801F0B0FC2A48FBF7B1FC024689
:10A200000B46444801F0A8FC2648FBF7BDFC02467B
:10A210000B46414801F0A0FC2248FBF7C9FC02466E
:10A220000B463E4801F098FC1E48FBF7D5FC024661
:10A230000B463B4801F090FC1A48FBF7E1FC024654
:10A240000B46384801F088FC1648FBF7EDFC024647
:10A250000B46354801F080FC1248FBF7F9FC02463A
:10A260000B46324801F078FC0E48FBF705FD02462C
:10A270000B462F4801F070FC0A48FBF711FD02461F
:10A280000B462C4801F068FC2B4801F065FCB868CF
:10A2900003F01CF903465BB218461037BD4680BD7B
:10A2A000C00B0200105C0020000C0200100C020029
:10A2B000200C0200300C0200400C0200500C020086
:10A2C000600C0200740C0200880C02009C0C02005E
:10A2D000B00C0200C40C0200D80C0200EC0C02000E
:10A2E000000D0200140D0200280D02003C0D0200BA
:10A2F000500D0200600D0200700D0200800D020082
:10A30000940D0200A40D0200B40D0200C80D02005D
:10A31000D80D0200EC0D0200FC0D02000C0E020034
:10A32000200E0200300E0200400E0200540E020009
:10A33000640E0200740E0200880E020080B586B022
:10A3400000AFF860B9607A603B6000237B617B6995
:10A3500001337B61BE48FFF7FFFABD48FFF7F2F813
:10A36000BC4801F0F9FB07F110031946B848FFF7A4
:10A37000F6F83B693A691946B74801F0EDFB07F179
:10A3800010031946B248FFF7F8F83B693A691946D5
:10A39000B24801F0E1FB07F110031946AC48FFF7A2
:10A3A000FAF83B693A691946AD4801F0D5FB07F167
:10A3B00010031946A648FFF7FCF83B693A691946AD
:10A3C000A84801F0C9FB07F110031946A048FFF7A0
:10A3D000FEF83B693A691946A34801F0BDFB07F155
:10A3E000100319469A48FFF700F93B693A69194684
:10A3F0009E4801F0B1FB07F1100319469448FFF79E
:10A4000002F93B693A691946994801F0A5FB07F141
:10A41000100319468E48FFF704F93B693A6919465B
:10A42000944801F099FB07F1100319468848FFF79B
:10A4300006F93B693A6919468F4801F08DFB07F12F
:10A44000100319468248FFF708F93B693A69194633
:10A450008A4801F081FB07F1100319467C48FFF799
:10A460000AF93B693A691946854801F075FB07F11D
:10A47000100319467648FFF70CF93B693A6919460B
:10A48000804801F069FB07F1100319467048FFF797
:10A490000EF93B693A6919467B4801F05DFB07F10B
:10A4A000100319466A48FFF710F93B693A691946E3
:10A4B000764801F051FB07F1100319466448FFF795
:10A4C00012F93B693A691946714801F045FB07F1F9
:10A4D000100319465E48FFF714F93B693A691946BB
:10A4E0006C4801F039FB07F1100319465848FFF793
:10A4F00016F93B693A691946674801F02DFB07F1E7
:10A50000100319465248FFF718F93B693A69194692
:10A51000624801F021FB07F1100319464C48FFF790
:10A520001AF93B693A6919465D4801F015FB07F1D4
:10A53000100319464648FFF71CF93B693A6919466A
:10A54000584801F009FB07F1100319464048FFF78E
:10A550001EF93B693A691946534801F0FDFA07F1C3
:10A56000100319463A48FFF720F93B693A69194642
:10A570004E4801F0F1FA07F1100319463448FFF78D
:10A5800022F93B693A691946494801F0E5FA07F1B1
:10A59000100319462E48FFF724F93B693A6919461A
:10A5A000444801F0D9FA07F1100319462848FFF78B
:10A5B00026F93B693A6919463F4801F0CDFA07F19F
:10A5C000100319462248FFF728F93B693A691946F2
:10A5D0003A4801F0C1FA07F1100319461C48FFF789
:10A5E0002AF93B693A691946354801F0B5FA07F18D
:10A5F000100319461648FFF72CF93B693A691946CA
:10A60000304801F0A9FA07F1100319461048FFF786
:10A610002EF93B693A6919462B4801F09DFA07F17A
:10A62000100319460A48FFF730F93B693A691946A1
:10A63000264801F091FA07F1100319460448FFF784
:10A6400032F93B693A691946214801F085FA41E03F
:10A65000105C0020B00E0200F00E0200040F020099
:10A66000180F02002C0F0200440F02005C0F0200C2
:10A67000700F02008C0F0200A80F0200C00F020032
:10A68000DC0F0200F80F0200101002002C10020074
:10A6900048100200601002007C10020098100200B6
:10A6A000B0100200C8100200E0100200F810020012
:10A6B000101102002811020040110200581102007E
:10A6C0007011020088110200A0110200B8110200EE
:10A6D000D011020007F1100319462248FFF7F1F8E4
:10A6E0003B693A691946204801F036FA07F1100330
:10A6F00019461C48FFF7F4F83B693A6919461B48AC
:10A7000001F02AFA07F1100319461648FFF7F7F887
:10A710003B693A691946164801F01EFA07F1100321
:10A7200019461048FFF7FAF83B693A69194611488B
:10A7300001F012FA07F1100319460A48FFF7FDF875
:10A740003B693A6919460C4801F006FA0B4801F0DA
:10A7500003FAB86802F0BAFE03465BB2184618372F
:10A76000BD4680BD105C0020E4110200FC11020017
:10A77000141202002C120200441202005C120200A9
:10A78000B0B594B006AFF860B9607A603B60012361
:10A7900087F837306749B86802F03CFCB862654911
:10A7A000002002F037FC78626249002002F032FC9F
:10A7B00038624FF00002604BC7E906234FF00002F9
:10A7C0004FF00003C7E90423BB6A002B08D15B48A4
:10A7D00001F0C2F9B86802F079FE03465BB2A4E06A
:10A7E00000233B6317E0BA6A3B6B134493F90030D4
:10A7F000002B15D0BA6A3B6B134493F9003018460E
:10A8000001F0FCFD0146BA6A3B6B13444AB21A7070
:10A810003B6B01333B633A6B7B689A42E3D300E0C6
:10A8200000BF7B6A002B09D0002387F8373007F17F
:10A8300018031A464249786A02F078F93B6A002BFD
:10A8400009D0002387F8373007F110031A463C4936
:10A85000386A02F06BF908223A49B86A02F082FBC2
:10A860000346002B14D14FF000024FF00003CDE956
:10A8700000234FF00002304B3348FEF793FD33487E
:10A8800001F06AF9B86802F021FE03465BB24CE0C1
:10A890000023FB622E49B86A02F0C4FC0346002B79
:10A8A00001D1294BFB62FB6A002B32D097F837307D
:10A8B00083F00103DBB2002B19D0D7E90601D7E9F9
:10A8C0000423CDE9002302460B46F86AFEF76AFD31
:10A8D000D7E90601D7E904233C6A0494CDE90223B1
:10A8E0007B6A009302460B461A4801F035F9F86A74
:10A8F000FEF76DFD04460D46F86AFEF775FD02464B
:10A900000B46CDE9002322462B46134801F024F9DB
:10A9100003E0B96A114801F01FF9114801F01CF970
:10A92000B86802F0D3FD03465BB218463837BD461F
:10A93000B0BD00BF841202000000F03F8C12020084
:10A94000F0120200F4120200405F00200013020027
:10A95000381302004013020084130200B4130200F3
:10A96000F4130200B0B584B000AFF860C7E900236B
:10A97000FB681846FEF740FC1D4AFB681A60F96840
:10A98000D7E90023C1E90223FB6810331D241D46CB
:10A9900004E02846FEF716FB013C0435002CF8DAEB
:10A9A000FB6888331D241D4604E02846FEF70AFB99
:10A9B000013C0435002CF8DAFB68002283F8002102
:10A9C000FB68002283F80121FB68002283F8022142
:10A9D000FB68002283F803210120FEF7B9FC012067
:10A9E000FEF7C0FCFB6818461037BD46B0BD00BF7F
:10A9F0009C18020080B582B000AF7860054A7B6881
:10AA00001A607B681846FEF707FC7B681846083713
:10AA1000BD4680BD9C18020080B582B000AF786052
:10AA20007868FFF7E7FF4FF48471786812F02CF92B
:10AA30007B6818460837BD4680BD000080B584B0ED
:10AA400000AF78600020FEF743FC42F21070F5F78B
:10AA5000F3FF07F10E031A460021786800F078FB37
:10AA6000FB8919462D4801F077F807F10E031A46C5
:10AA70000121786800F06CFBFB891946284801F039
:10AA80006BF807F10E031A460621786800F060FBA8
:10AA9000FB891946234801F05FF807F10E031A46B7
:10AAA0000721786800F054FBFB8919461E4801F025
:10AAB00053F807F10E031A460921786800F048FBA5
:10AAC000FB891946194801F047F807F10E031A46A9
:10AAD0000321786800F03CFBFB891946144801F01B
:10AAE0003BF807F10E031A460421786800F030FBAA
:10AAF000FB8919460F4801F02FF807F10E031A469B
:10AB00000521786800F024FBFB8919460A4801F00A
:10AB100023F800BF1037BD4680BD00BF18140200E7
:10AB2000401402006814020090140200B8140200DD
:10AB3000E0140200081502003015020080B58CB048
:10AB400004AF78600B46FB700020FEF7C1FB42F2B9
:10AB50001070F5F771FF07F11C0000230022062199
:10AB6000FEF743FA397F786800F01CFB4FF47A70E7
:10AB7000F5F762FF07F11800012302930123019307
:10AB800000230093012300220121FEF75CFA07F164
:10AB9000140000230093002301220021FEF7A6FAEF
:10ABA00007F11000012301930123009301230122E7
:10ABB0000121FEF7D2FA3B7E1A460021786800F0A8
:10ABC000C0F93B7D1A460121786800F0BAF93B7C58
:10ABD0001A460621786800F0B4F9FB781A46072176
:10ABE000786800F0AEF900220821786800F0A9F931
:10ABF00007F10E031A460021786800F0A9FA3B7E9F
:10AC00001A46FB89DBB29A4206D13B7E1A46FB8983
:10AC10001B0A9BB29A4208D0FB8919463B7E1A4612
:10AC20003B4800F099FF00236EE007F10E031A463F
:10AC30000121786800F08CFA3B7D1A46FB89DBB273
:10AC40009A4206D13B7D1A46FB891B0A9BB29A4267
:10AC500008D0FB8919463B7D1A462E4800F07CFF40
:10AC6000012351E007F10E031A460621786800F02F
:10AC70006FFA3B7C1A46FB89DBB29A4206D13B7CD9
:10AC80001A46FB891B0A9BB29A4208D0FB891946D7
:10AC90003B7C1A46204800F05FFF062334E007F1B2
:10ACA0000E031A460721786800F052FAFA78FB89F9
:10ACB000DBB29A4205D1FB78FA89120A92B293422A
:10ACC00008D0FB891946FB781A46144800F044FF67
:10ACD000072319E007F10E031A460921786800F0EE
:10ACE00037FAFB89DBB28B2B04D1FB891B0A9BB2A1
:10ACF0008B2B08D0FB8948F68B321946084800F0A8
:10AD00002BFF092300E0002318462037BD4680BDF5
:10AD1000581502009C150200E015020024160200DE
:10AD20006416020080B483B000AF78607B680022B4
:10AD300083F800217B68002283F801217B680022D0
:10AD400083F802217B68002283F8032100BF0C37BF
:10AD5000BD4680BC704780B584B000AF7860396074
:10AD60003B681D2B0FD8786800F033FAF860012299
:10AD70003B6802FA03F3FA681343FB60F9687868EA
:10AD800000F04FFA00E000BF1037BD4680BD000064
:10AD900080B584B000AF78607B6893F800311A46C4
:10ADA0000321786800F0CDF87B6893F801311A46EA
:10ADB0000421786800F0C5F87B6893F802311A46E0
:10ADC0000521786800F0BDF87B6893F803311A46D6
:10ADD0000621786800F0B5F807F10E031A46032142
:10ADE000786800F0B5F97B6893F800311A46FB8962
:10ADF000DBB29A4208D17B6893F800311A46FB898E
:10AE00001B0A9BB29A4204D0FB8919462E4800F0D7
:10AE1000A3FE07F10E031A460421786800F098F9A2
:10AE20007B6893F801311A46FB89DBB29A4208D15C
:10AE30007B6893F801311A46FB891B0A9BB29A4240
:10AE400004D0FB891946214800F086FE07F10E0365
:10AE50001A460521786800F07BF97B6893F8023187
:10AE60001A46FB89DBB29A4208D17B6893F802311B
:10AE70001A46FB891B0A9BB29A4204D0FB891946E9
:10AE8000134800F069FE07F10E031A4606217868A0
:10AE900000F05EF97B6893F803311A46FB89DBB258
:10AEA0009A4208D17B6893F803311A46FB891B0A42
:10AEB0009BB29A4204D0FB891946064800F04CFE2A
:10AEC00000BF1037BD4680BDA4160200E016020088
:10AED0001C1702005817020080B588B004AF7860D4
:10AEE0000123FB7307F10800012302930023019360
:10AEF00000230093012300220121FEF7A4F83B7AEE
:10AF000023F020033B723B7A43F002033B723B7A0F
:10AF100023F010033B723B7A1A460021786800F058
:10AF200010F807F10C00002300220421FEF75DF861
:10AF3000397B786800F036F9FB7B18461037BD4640
:10AF400080BD80B584B000AF78600B46FB701346BF
:10AF5000BB7007F10C03184600F084F9FB7843F04E
:10AF60006003DBB21946786800F0A3F9BB78194694
:10AF7000786800F09EF907F10C03184600F084F998
:10AF80001037BD4680BD90B585B000AF78600B46E8
:10AF9000FB7007F10C03184600F064F90023FB7303
:10AFA000FB7843F04003DBB21946786800F081F982
:10AFB000786800F08CF90346DAB2FB7B1343FB732D
:10AFC000FB7B9CB207F10C03184600F05DF92346A9
:10AFD00018461437BD4690BD80B586B000AF786086
:10AFE00007F110031846FDF7EDFF07F10C031846B3
:10AFF000FDF7E8FF07F10C0207F110031946786826
:10B0000000F073F9FB7CC3F30403DBB21D2B0FD8F4
:10B01000FB7C23F07F03DBB2002B09D0FB7CC3F366
:10B020000403DBB21A467B680432396943F8221004
:10B03000FB7BC3F30403DBB21D2B0FD8FB7B23F098
:10B040007F03DBB2002B09D0FB7BC3F30403DBB22D
:10B050001A467B682232F96843F822100123FB75F7
:10B06000FB7D18461837BD4680BD80B584B000AF63
:10B07000786039603B681E2B01D900230EE07868A8
:10B0800000F0A7F8F860FA683B6822FA03F303F0CF
:10B090000103002B14BF01230023DBB21846103735
:10B0A000BD4680BD80B485B000AFF8607A603B607B
:10B0B0000B46FB72FB7A1D2B22D8FB7A7968FA6863
:10B0C00004339B00134418680860FB7A3968FA68F7
:10B0D00022339B00134418680860FB7AFA68043333
:10B0E0009B001344DA7822F08002DA70FB7AFA6867
:10B0F00022339B001344DA7822F08002DA7000E0F9
:10B1000000BF1437BD4680BC7047000080B582B0D8
:10B1100000AF786039603B681B68184610F0CCFFC0
:10B120007B68D3E9022311F031F802460B46104642
:10B1300019464FF00002054B11F052F902460B463A
:10B14000104619460837BD4680BD00BF00005E416D
:10B1500080B586B000AFF8600B467A60FB7207F1ED
:10B160001403184600F07EF87B6800221A80FB7AF0
:10B1700043F04003DBB21946F86800F09AF8F8682B
:10B1800000F0A5F803461A467B681B8813439AB261
:10B190007B681A8007F11403184600F075F8183719
:10B1A000BD4680BD80B584B000AF7860397007F1CE
:10B1B0000C03184600F056F83B781946786800F002
:10B1C00078F807F10C03184600F05EF81037BD461A
:10B1D00080BD80B485B000AF78600023FB607B68E1
:10B1E00093F800311A46FB681343FB607B6893F8C1
:10B1F00001311B02FA681343FB607B6893F802314C
:10B200001B04FA681343FB607B6893F803311B0649
:10B21000FA681343FB60FB6818461437BD4680BCD0
:10B22000704780B483B000AF786039603B68DAB2B1
:10B230007B6883F800213B681B0ADAB27B6883F8DD
:10B2400001213B681B0CDAB27B6883F802213B6862
:10B250001B0EDAB27B6883F8032100BF0C37BD46B2
:10B2600080BC704780B582B000AF78604FF47A70D0
:10B27000F5F7E2FBFEF704F80120FEF729F87B68FA
:10B2800018460837BD4680BD80B582B000AF7860F3
:10B290000120F5F7D1FBFDF7F3FF0020FEF718F8CA
:10B2A0004FF47A70F5F7C8FB7B6818460837BD463F
:10B2B00080BD80B582B000AF78600B46FB70FB7834
:10B2C0001846FEF71BF800BF0837BD4680BD80B5A5
:10B2D00084B000AF78600020FEF720F80346FB81C1
:10B2E000FB8918461037BD4680BD80B586B000AFDB
:10B2F000F860B9607A600023FB8207F114031846F6
:10B30000FFF7B0FF3021F868FFF7D3FFF868FFF7C9
:10B31000DEFF0346FB82FB8ADAB2BB68DA70FB8A87
:10B320001B0A9BB2DAB27B68DA70F868FFF7CFFFCE
:10B330000346FB82FB8ADAB2BB689A70FB8A1B0A5F
:10B340009BB2DAB27B689A70F868FFF7C0FF0346D9
:10B35000FB82FB8ADAB2BB685A70FB8A1B0A9BB27B
:10B36000DAB27B685A70F868FFF7B1FF0346FB82D8
:10B37000FB8ADAB2BB681A70FB8A1B0A9BB2DAB28C
:10B380007B681A7007F114031846FFF77DFF183722
:10B39000BD4680BD0000000080B582B002AFC0484D
:10B3A000FEF732F84FF000024FF00003CDE9002322
:10B3B0004FF00002BB4BBC48FDF7DEFF4FF0000230
:10B3C0004FF00003CDE900234FF00002B54BB74822
:10B3D000FDF7D2FF4FF000024FF00003CDE900234C
:10B3E0004FF00002AF4BB248FDF7C6FF4FF000022E
:10B3F0004FF00003CDE900234FF00002A94BAD4808
:10B40000FDF7BAFF4FF000024FF00003CDE9002333
:10B410004FF00002A34BA848FDF7AEFF4FF000022B
:10B420004FF00003CDE900234FF000029D4BA348ED
:10B43000FDF7A2FF4FF000024FF00003CDE900231B
:10B440004FF00002974B9E48FDF796FF4FF0000229
:10B450004FF00003CDE900234FF00002914B9948D3
:10B46000FDF78AFF4FF000024FF00003CDE9002303
:10B470004FF000028B4B9448FDF77EFF4FF0000227
:10B480004FF00003CDE900234FF00002854B8F48B9
:10B49000FDF772FF4FF000024FF00003CDE90023EB
:10B4A0004FF000027F4B8A48FDF766FF4FF0000225
:10B4B0004FF00003CDE900234FF00002794B85489F
:10B4C000FDF75AFF4FF000024FF00003CDE90023D3
:10B4D0004FF00002734B8048FDF74EFF4FF0000223
:10B4E0004FF00003CDE900234FF000026D4B7B4885
:10B4F000FDF742FF4FF000024FF00003CDE90023BB
:10B500004FF00002674B7648FDF736FF4FF0000220
:10B510004FF00003CDE900234FF00002614B71486A
:10B52000FDF72AFF4FF000024FF00003CDE90023A2
:10B530004FF000025B4B6C48FDF71EFF4FF000021E
:10B540004FF00003CDE900234FF00002554B674850
:10B55000FDF712FF4FF000024FF00003CDE900238A
:10B560004FF000024FF080436148FDF705FF4FF0B8
:10B5700000024FF00003CDE900234FF00002494BD9
:10B580005C48FDF7F9FE4FF000024FF00003CDE9F3
:10B5900000234FF00002434B5748FDF7EDFE4FF0FC
:10B5A00000024FF00003CDE900234FF000023D4BB5
:10B5B0005248FDF7E1FE4FF000024FF00003CDE9E5
:10B5C000002335A3D3E900234D48FDF7D5FE4FF006
:10B5D00000024FF00003CDE900234FF00002314B91
:10B5E0004848FDF7C9FE4FF000024FF00003CDE9D7
:10B5F00000234FF000022B4B4348FDF7BDFE4FF0F8
:10B6000000024FF00003CDE900234FF00002254B6C
:10B610003E48FDF7B1FE4FF000024FF00003CDE9C8
:10B6200000234FF000021F4B3948FDF7A5FE4FF0F5
:10B6300000024FF00003CDE900234FF000024FF06D
:10B6400080433448FDF798FE4FF000024FF00003AE
:10B65000CDE900234FF00002124B2F48FDF78CFE7E
:10B660004FF000024FF00003CDE900234FF000023D
:10B670000C4B2A48FDF780FE4FF000024FF000030C
:10B68000CDE900234FF000024FF080432448FDF73E
:10B6900073FE4FF0000245E05EBA490C02AB1E405B
:10B6A000105C00200000F03FB05D0020C05D002075
:10B6B000D05D0020E05D0020F05D0020005E0020F5
:10B6C000105E0020205E0020305E0020405E0020E2
:10B6D000505E0020605E0020705E0020805E0020D2
:10B6E000905E0020A05E0020B05E0020C05E0020C2
:10B6F000D05E0020E05E0020F05E0020005F0020B1
:10B70000105F0020205F0020305F0020405F00209D
:10B71000505F0020605F0020705F0020805F00208D
:10B72000905F00204FF00003CDE900234FF00002AE
:10B730004FF080431C48FDF71FFE4FF000024FF012
:10B740000003CDE900234FF00002184B1848FDF725
:10B7500013FE4FF000024FF00003CDE9002310A3C9
:10B76000D3E900231348FDF707FE4FF000024FF026
:10B770000003CDE900230AA3D3E900230E48FDF717
:10B78000FBFD4FF000024FF00003CDE900234FF026
:10B7900000020A4B0A48FDF7EFFD00BFBD4680BD21
:10B7A0005EBA490C02AB1E40A05F00200000F03FD3
:10B7B000B05F0020C05F0020D05F002000405940F3
:10B7C000E05F002080B500AF0348FDF7ADFE034801
:10B7D000FBF768FF00BF80BD105C00204800002020
:10B7E00080B500AFFFF7D8FD80BD80B500AFFFF793
:10B7F000E9FF80BD90B589B000AFF860B9607A60AC
:10B800003B600023FB61FB68002B02D0BB68002B70
:10B8100001D10023DCE07B6B002B16D0BB6B002B2F
:10B8200013D0B96B786B01F0E3FB03461A46796BD2
:10B83000F86801F097FB0346002B14BF0123002397
:10B84000DBB2002B01D00023C2E0BB68BB61BB6947
:10B85000202B01D92023BB6197F83C3083F00103F2
:10B86000DBB2002B39D00023FB6129E0FA68FB69C9
:10B87000134493F90030602B15DDFA68FB6913441B
:10B8800093F900307A2B0EDCFA68FB69134493F9C4
:10B890000030DBB2203BDBB259B24F4AFB691344A4
:10B8A0000A461A7009E0FA68FB69134493F900101C
:10B8B000494AFB6913440A461A70FB690133FB616C
:10B8C000B969F86801F094FB0246FB69934234BF02
:10B8D00001230023DBB2002BC8D13F4B0022DA77D3
:10B8E00000233B610023FB6148E0FB691B017A6890
:10B8F00013441B7A7B61BA687B699A4201D2BB68A8
:10B900007B61FB691B017A6813441B687A691946DD
:10B91000314801F027FB0346002B0CD0FB691B01CB
:10B920007A6813441B687A691946F86801F01AFBB3
:10B930000346002B1FD1FB691B017A6813441B7A55
:10B940001A46FB6813443B61FB691B017A68134488
:10B95000DC68FB691B017A6813441868FB691B01EA
:10B960007A6813441B7A1A46BB689A1A3B6C396989
:10B97000A04701232CE0FB690133FB61FA693B68B6
:10B980009A42B2D397F83030002B18D1124913489D
:10B9900000F0E2F80023FB610BE00F4AFB6913445F
:10B9A00093F9003019460E4800F0D6F8FB690133D0
:10B9B000FB61FB69092BF0D90A4800F0CDF897F834
:10B9C0003030002B03D13968786800F00DF800237F
:10B9D00018462437BD4690BDF05F0020C018020015
:10B9E000DC180200E418020080B584B000AF786073
:10B9F00039600023FB6010E0FB681B017A68134488
:10BA00001968FB681B017A6813445B681A4607488B
:10BA100000F0A2F8FB680133FB60FA683B689A42C9
:10BA2000EAD300BF00BF1037BD4680BD0C1902002D
:10BA300090B587B002AFF8607A603B600B467B81BF
:10BA4000FB68002B0BD0FB681B680C331C687989E2
:10BA50003B6A00933B687A68F868A04702E00348B5
:10BA600000F07AF800BF1437BD4690BD14190200EB
:10BA700080B586B000AFF860B9607A60BB68002B13
:10BA800001D1002312E000237B610AE0BA687B69E0
:10BA9000134493F900301846FCF774FD7B690133B9
:10BAA0007B617A697B689A42F0D37B6818461837C5
:10BAB000BD4680BD80B586B000AFF860B9607A60E1
:10BAC000FB68B3F1804F03D3FB680D4A934209D959
:10BAD0007B68BA68F9680B4800F032FFFA687B6847
:10BAE000134409E0FB687B617A68B968786901F002
:10BAF00077FC02467B68134418461837BD4680BD64
:10BB0000008000407419020080B586B000AFF86074
:10BB1000B9607A60BB68002B02D0FB68002B01D1B2
:10BB2000002315E0FB683B6100237B610BE0BA68F2
:10BB30007B69134493F900303969184600F050FFCF
:10BB40007B6901337B617A697B689A42EFD37B68BA
:10BB500018461837BD4680BD0FB480B582B000AF1F
:10BB600007F114033B603B683A6900210548F7F789
:10BB700049F878607B6818460837BD46BDE88040C4
:10BB800004B0704771BA00000EB480B585B000AF44
:10BB9000786007F12003BB60BB68FA6979680A48DE
:10BBA000F7F730F8F860FB68002B04DBFB687A6875
:10BBB000134400221A70FB6818461437BD46BDE8CE
:10BBC000804003B0704700BFB5BA00000CB480B528
:10BBD00084B000AF7860396007F11C03BB60BB68BC
:10BBE000BA6979680548F7F70DF8F860FB681846F8
:10BBF0001037BD46BDE8804002B07047B5BA0000BE
:10BC00000EB480B585B000AF786007F12003BB604B
:10BC1000BB68FA6979680648F6F7F4FFF860FB68D4
:10BC200018461437BD46BDE8804003B0704700BFDA
:10BC300009BB0000F0B587B004AF78607B681B8853
:10BC40009BB21E467B681B7803F00103DBB2002B1E
:10BC500001D0592400E04E247B681B7803F00203D6
:10BC6000DBB2002B01D0592500E04E257B681B7804
:10BC700003F00403DBB2002B01D0592300E04E2374
:10BC80007A68127802F00802D2B2002A01D0592252
:10BC900000E04E227968497801F00101C9B200291B
:10BCA00001D0592100E04E217868407800F0020070
:10BCB000C0B2002801D0592000E04E20039002912C
:10BCC000019200932B46224631460348FFF744FF7A
:10BCD00000BF0C37BD46F0BDE8190200F0B589B0D1
:10BCE00006AF78607B681B789C467B681B7803F006
:10BCF0000103DBB2002B01D0592500E04E257B6803
:10BD00001B7803F00203DBB2002B01D0592600E0C0
:10BD10004E267B681B7803F00403DBB2002B01D0B6
:10BD2000592300E04E237A68127802F00802D2B25A
:10BD3000002A01D0592200E04E227968097801F0EA
:10BD40001001C9B2002901D0592100E04E217868C4
:10BD5000007800F02000C0B2002801D0592000E097
:10BD60004E207C68247804F04004E4B2002C01D01A
:10BD7000592400E04E240494039002910192009310
:10BD800033462A4661460348FFF7E6FE00BF0C37FC
:10BD9000BD46F0BD5C1A020080B582B000AF78608D
:10BDA0007B681B6819460348FFF7D6FE00BF0837BB
:10BDB000BD4680BDDC1A0200F0B587B004AF7860E4
:10BDC0007B681B781E467B681B7803F00103DBB29F
:10BDD000002B01D0592400E04E247B681B7803F02F
:10BDE0000203DBB2002B01D0592500E04E257B6811
:10BDF0001B7803F00803DBB2002B01D0592300E0CD
:10BE00004E237A68127802F01002D2B2002A01D0D2
:10BE1000592200E04E227968097801F02001C9B268
:10BE2000002901D0592100E04E217868007820F0E7
:10BE30007F00C0B2002801D0592000E04E200390BE
:10BE40000291019200932B46224631460348FFF7A8
:10BE500083FE00BF0C37BD46F0BD00BF081B0200CB
:10BE600080B582B000AF78607B681B6819460348D4
:10BE7000FFF772FE00BF0837BD4680BD881B020079
:10BE800080B582B000AF78607B681B6819460D48AA
:10BE9000FFF762FE7B681846FFF78EFF0A48FFF740
:10BEA0005BFE7B6801331846FFF718FF0648FFF773
:10BEB00053FE7B6802331846FFF7BCFE00BF08370D
:10BEC000BD4680BDB81B0200EC1B020080B584B0EB
:10BED00002AF78607B6819687B681B7803F0020307
:10BEE000DBB2002B01D0592200E04E227B68DB78C8
:10BEF00003F04003DBB2002B01D0592000E04E20BC
:10BF00007B68DB7823F07F03DBB2002B01D0592361
:10BF100000E04E23009303460348FFF71DFE00BFD9
:10BF20000837BD4680BD00BFF01B0200F0B589B0E8
:10BF300006AF78607B681D687B685E687B68D3F8B5
:10BF400008C07B68DB687A68126979684969786833
:10BF500080697C68E46904940390029101920093E3
:10BF60006346324629460348FFF7F6FD00BF0C370B
:10BF7000BD46F0BD3C1C020080B584B000AF7860C7
:10BF80001C4B1B6803F00103002B14BF012300238B
:10BF9000DBB2002B00D001BE7868FFF7C7FF164860
:10BFA000FFF7DAFD154B1B681846FFF7F5FE124840
:10BFB000FFF7D2FD124B1B681846FFF751FF0E48E2
:10BFC000FFF7CAFD0F4B1B681846FFF77FFF0A48B3
:10BFD000FFF7C2FD0C4B1B681846FFF751FF0648E0
:10BFE000FFF7BAFD0023FB60FB68984700BF1037DE
:10BFF000BD4680BDF0ED00E0C01C02005C000020EA
:10C00000640000206C0000206800002080B586B02D
:10C0100000AF78601248FFF79FFD7B689B693B612A
:10C020007B685B69FB6039690E48FFF795FDF9682D
:10C030000D48FFF791FD00237B6104E0FCF77CFADB
:10C040007B6901337B617B69B3F5805FF6D30023A5
:10C05000BB60BB68984700BF1837BD4680BD00BFB6
:10C06000C41C0200D41C0200E41C020080B586B08F
:10C0700000AF78601248FFF76FFD7B689B693B61FA
:10C080007B685B69FB6039690E48FFF765FDF968FD
:10C090000D48FFF761FD00237B6104E0FCF74CFADB
:10C0A0007B6901337B617B69B3F5805FF6D3002345
:10C0B000BB60BB68984700BF1837BD4680BD00BF56
:10C0C000F41C0200D41C0200E41C020080B586B0FF
:10C0D00000AF78601248FFF73FFD7B689B693B61CA
:10C0E0007B685B69FB6039690E48FFF735FDF968CD
:10C0F0000D48FFF731FD00237B6104E0FCF71CFADB
:10C100007B6901337B617B69B3F5805FF6D30023E4
:10C11000BB60BB68984700BF1837BD4680BD00BFF5
:10C12000081D0200D41C0200E41C020080B500AF10
:10C130000248FBF7B7FA00BF80BD00BF50000020E7
:10C1400080B500AFFFF7F2FF80BD000080B582B080
:10C1500000AF786039607B681B6818460FF0ACFF51
:10C160003B68D3E9002310F011F802460B46104655
:10C1700019464FF00002054B10F032F902460B460B
:10C18000104619460837BD4680BD00BF00005E411D
:10C1900080B483B000AF78600B46FB707B68FA78A0
:10C1A0005A7000BF0C37BD4680BC704780B400AFEA
:10C1B00000BFBD4680BC704780B582B000AF7860DC
:10C1C000786800F051FC00BF0837BD4680BD000014
:10C1D00080B582B000AF0123FB710848FDF7F4FC85
:10C1E0000748FCF7C1FB0346002B01D00023FB717D
:10C1F000FB7918460837BD4680BD00BF105C0020A3
:10C20000C04B002080B584B002AF786039600A214D
:10C210003C48FBF7EAFA0A213A48FBF7E6FA0A211A
:10C220003848FBF7E2FA0A213648FBF7DEFA0A2122
:10C230003448FBF7DAFA0A213248FBF7D6FA0A212A
:10C240003048FBF7D2FA0A212E48FBF7CEFA0A2132
:10C250002C48FBF7CAFA48212A48FBF7C6FA6521A1
:10C260002848FBF7C2FA6C212648FBF7BEFA6C217E
:10C270002448FBF7BAFA6F212248FBF7B6FA2021CF
:10C280002048FBF7B2FA45211E48FBF7AEFA5321CE
:10C290001C48FBF7AAFA43211A48FBF7A6FA2D21FE
:10C2A0001848FBF7A2FA46211648FBF79EFA5321DD
:10C2B0001448FBF79AFA4D211248FBF796FA0A2127
:10C2C0001048FBF792FA2023009320230E4A0F49CF
:10C2D0000F48FFF741FC682268210E48FFF73CFC3D
:10C2E0000D4800F01DF800210B4800F03BF800213C
:10C2F0000A48FFF74DFF0948FDF72EFBFFF768FFDF
:10C30000FCE700BF801A0020D41D0200D81D0200E7
:10C31000041E0200501E0200C04B0020105C0020D2
:10C3200080B582B000AF78607B6803F5805300224F
:10C330001A847B6803F5805300225A847B68083393
:10C340004FF480520021184600F054FD7B6803F53D
:10C3500080530833184600F017F8002318460837B2
:10C36000BD4680BD80B483B000AF78600B46FB70E3
:10C370007B6803F580531A46FB7882F8243000BFAF
:10C380000C37BD4680BC704780B483B000AF786086
:10C390007B6800221A617B6800225A6100BF0C375B
:10C3A000BD4680BC7047000080B500AF0248FBF777
:10C3B00079F900BF80BD00BF7800002080B500AFD4
:10C3C000FFF7F2FF80BD0000002301461A46184621
:10C3D00001F0AAB808B50021044601F0EFF8034BBC
:10C3E0001B6803B198472046F4F71CFA58610020F7
:10C3F000014BC0F8EC307047A41E0200034B1B5CDD
:10C4000003F00303022B08BF20387047A51E02006B
:10C41000B1F90C20F8B516070C46074648D4496810
:10C4200042F400630029A3815FDDA56A002D3DD0A1
:10C43000002112F480523E683960E16961D1012324
:10C440003846A847451C02466AD0B4F90C30A56AA4
:10C45000E169580705D56368D21A236B0BB1E36B0A
:10C46000D21A00233846A847411C4CD13968B4F988
:10C470000C301D293FD82F4ACA40D2073BD5002295
:10C4800062602269DD04226023F40062A28101D58A
:10C49000002943D0216B3E6041B104F14003994231
:10C4A00002D0384601F046F9002323630020F8BD8E
:10C4B0000E69002EFAD0920718BF00230D6808BF3E
:10C4C0004B690E60AD1B8B600CE02B463246D4F8F6
:10C4D00024C03846E169E047B0F1000CA5EB0C053B
:10C4E000664406DD002DF0DCE0E7E16B00299CDC12
:10C4F000DCE7B4F90C3043F040034FF0FF30A38188
:10C50000F8BD226DA5E70022B4F90C306260226903
:10C51000226023F40062DB04A281BBD52065B9E769
:10C520003B68002B91D01D2B01D0162BE1D13E6032
:10C53000BCE700BF0100402038B505460C4608B1F5
:10C54000436B03B3B4F90C0088B1636EDB0701D40D
:10C5500081050FD528462146FFF75AFF636E054631
:10C56000DA0702D4A3899B0508D5284638BD0546BD
:10C57000284638BDA06D00F04BFEEBE7A06D00F043
:10C580004FFE284638BD00F05BF9DBE750B338B505
:10C59000174B04461D680DB16B6BBBB1B4F90C00B1
:10C5A00088B1636EDB0701D4810513D52846214687
:10C5B000FFF72EFF636E0546DA0702D4A3899B05B9
:10C5C0000CD5284638BD0546284638BD284600F01B
:10C5D00037F9E3E7A06D00F01BFEE7E7A06D00F080
:10C5E0001FFEEEE7034A0449044800F077B900BF94
:10C5F000940000208800002039C500009800002029
:10C60000024A0349034800F069B900BF88000020CE
:10C61000CD130100980000200C4B416810B59942E1
:10C62000044601D004F0D2FEA168094B994202D021
:10C63000204604F0CBFEE168064B994204D0204628
:10C64000BDE8104004F0C2BE10BD00BF2060002055
:10C6500088600020F060002008B54B6EDA0702D435
:10C660008B899B0501D5002008BD886D00F0D0FDA9
:10C67000002008BD08B54B6EDA0702D48B899B05F4
:10C6800001D5002008BD886D00F0CAFD002008BD5E
:10C690002DE9F84300250423304C314A3149DFF8B5
:10C6A000C890DFF8C880324F324E116004F15C0050
:10C6B00029460822C4E90335C4E90055C4E90555F3
:10C6C000A560656600F096FB04F15800C4E90749CF
:10C6D000C4E90987E66200F093FD274B294608224A
:10C6E00004F1C4006367C4E91A55C4E91E552567FF
:10C6F000C4F8CC50C4F8805000F07CFB04F168030F
:10C7000004F1C000C4F88430C4E92298C4E9247656
:10C7100000F076FD194B294604F596700822C4F8FE
:10C72000DC30C4E93455C4E93855C4F8D850C4F8ED
:10C730003451C4F8E85000F05DFB04F1D003C4E9C3
:10C740003D87C4F8F09004F59470C4F8FC60C4F818
:10C75000EC30BDE8F84300F053BD00BF206000207E
:10C760005861002001C60000DDCB000005CC0000B0
:10C7700045CC000069CC0000090001001200020055
:10C78000F8B506462A4800F043FD2A4B1B68002BEB
:10C7900043D0294FD7E90134013B04D524E05A1C8A
:10C7A00004F1680420D0B4F90C50013B002DF6D1FF
:10C7B000224B04F15800E360656600F021FD1C483F
:10C7C00000F02EFD08222946C4E90155C4E90455AC
:10C7D0002560A56104F15C0000F00CFBC4E90C5578
:10C7E000C4E911552046F8BD3D680DB12F46D1E78B
:10C7F0004FF4D671304601F099F8044680B1042315
:10C800000560294625460C304FF4D072A060636065
:10C8100000F0F0FA3C602F46BCE7FFF739FFB8E7BD
:10C8200003483C6000F0FCFC0C233360DAE700BFF7
:10C830007C61002058610020880000200100FFFF7B
:10C8400010B504460A4800F0E3FC636B23B9094BBA
:10C85000094A1B68626323B1BDE81040044800F038
:10C86000DFBCFFF715FFBDE81040014800F0D8BC61
:10C870007C6100205861002019C60000014800F0CA
:10C88000C7BC00BF7C610020014800F0C9BC00BFEC
:10C890007C61002008B5054800F0BAFCBDE80840FE
:10C8A0000020034A034900F019B800BF7C61002052
:10C8B0008800002059C6000008B50020044A054938
:10C8C00000F00CF8BDE80840034800F0A9BC00BF28
:10C8D0008800002075C600007C6100202DE9F84327
:10C8E0004FF0000980460F461646D6E90154013D37
:10C8F00010D4A389012B08D9B4F90E30013304D028
:10C9000021464046B84749EA0009013D6B1C04F145
:10C910006804EED13668002EE7D14846BDE8F883BA
:10C920000EB400B582B003AB53F8042B81680193B9
:10C9300002F0ECFE02B05DF804EB03B0704700BFFC
:10C940000FB400B5074A83B004AB106853F8042B4A
:10C950008168019302F0DAFE03B05DF804EB04B0E5
:10C96000704700BF9400002070B505460E4614467F
:10C9700010B1436B002B2FD0636ED80702D4A3896C
:10C98000990520D5A368013B002BA36019DAA269A1
:10C9900093420FDBF0B20A280CD0054623685A1CDC
:10C9A00022601E70636EDA0702D4A3899B050ED540
:10C9B000284670BD28462246314600F059F9054602
:10C9C000F0E7F0B2E9E7A06D00F022FCDAE7A06D35
:10C9D00000F026FC284670BDFFF732FFCCE700BF11
:10C9E0001E4B70B51E6805460C4616B1736B002BC6
:10C9F0002FD0636ED80702D4A389990520D5A368E8
:10CA0000013B002BA36019DAA26993420FDBE8B265
:10CA10000A280CD0064623685A1C22601D70636EDB
:10CA2000DA0702D4A3899B050ED5304670BD304687
:10CA30002246294600F01CF90646F0E7E8B2E9E78D
:10CA4000A06D00F0E5FBDAE7A06D00F0E9FB3046F1
:10CA500070BD3046FFF7F4FECBE700BF9400002026
:10CA60008268FFF781BF00BF024B014618688268E9
:10CA7000FFF77ABF9400002030B5054689B008461C
:10CA80000C4600F023FD01230222234907936B6B20
:10CA90000691029204A9421C04940191AC6805908D
:10CAA00003926BB3636EB4F90C20D80701D49105DF
:10CAB0001FD5900405D442F4005223F40053A28100
:10CAC0006366990420D42146284601AA04F0E6FCB6
:10CAD000E8B90A25636EDA0702D4A3899B0502D55B
:10CAE000284609B030BDA06D00F09AFB284609B079
:10CAF00030BDA06D00F08CFBB4F90C20636ED8E75C
:10CB00002846FFF79DFECDE74FF0FF35E3E74FF0F6
:10CB1000FF35636EDFE700BFA81F0200024B01462E
:10CB20001868FFF7A9BF00BF940000200EB44FF4AF
:10CB30000172F0B500269CB021AD55F8047BADF82C
:10CB400014201B960290069000F0C0FC4FF6FF7276
:10CB500004460A4B0A49ADF816200A933A462B467A
:10CB6000086802A90E96139601950394079401F0A4
:10CB70009DF91CB0BDE8F04003B0704701CC000047
:10CB8000940000200CB44FF401732DE9F04100260D
:10CB90009CB022AD0746084655F8048BADF814301A
:10CBA000029106911B9600F091FC4FF6FF7304462C
:10CBB0000949ADF816300A91424638462B4602A97B
:10CBC0000E96139601950394079401F06FF91CB02B
:10CBD000BDE8F04102B0704701CC000010B50C4632
:10CBE000B1F90E1000F0B2FA002803DB236D034404
:10CBF000236510BDA38923F48053A38110BD00BF1A
:10CC0000002070472DE9F0410C46B1F90C101F4689
:10CC1000CB05054616460BD421F48051A1813B4635
:10CC200032462846B4F90E10BDE8F041F3F770BE65
:10CC3000B4F90E100223002200F072FAB4F90C10BD
:10CC4000EAE700BF10B50C46B1F90E1000F068FA23
:10CC5000B4F90C30421C0EBF23F4805343F48053CC
:10CC60002065A38110BD00BFB1F90E1000F010BA0D
:10CC7000F8B506460D46144610B1436B002B4AD05A
:10CC8000B4F90C30A2691807A2601FD52269EAB175
:10CC9000EDB299042F46626E24D592042FD42268F7
:10CCA00023696169D31A99422CDD0133A1680139E6
:10CCB000A160511C2160157062699A4219D0A38944
:10CCC000DB0701D50A2D14D03846F8BD2146304681
:10CCD00000F02EF898B9B4F90C30EDB299042F4653
:10CCE000626EDAD443F4005322F40052A3816266E8
:10CCF000D3E721463046FFF71FFC0028E4D04FF071
:10CD0000FF37E1E721463046FFF716FC0028F6D151
:10CD100001232268CAE7FFF793FDB1E703460A46FD
:10CD2000024908681946FFF7A3BF00BF940000201E
:10CD300038B52F4B05461B680C4613B15A6B002AB9
:10CD40004BD0B4F90C3018071CD5226922B313F06C
:10CD5000010107D000206169A0604942A1613AB198
:10CD6000002038BD980758BF6169A160002AF7D13B
:10CD7000190658BF1046F4D543F04003A3814FF085
:10CD8000FF3038BDD9062CD55A0712D4226943F09A
:10CD90000803A381002ADAD103F42071B1F5007FE2
:10CDA000D5D02146284604F0EFFCB4F90C302269B6
:10CDB000CDE7216B51B104F14002914204D02846E5
:10CDC00000F0B8FCB4F90C30002222630021226983
:10CDD00023F02403C4E90021D9E71846FFF730FD0A
:10CDE000AFE7092243F040032A60A381C7E700BFF1
:10CDF0009400002070B5860747D0541E002A3ED00C
:10CE00000346CAB201E0013C39D303F8012B9D0768
:10CE1000F9D1032C2CD9CDB205EB05250F2C1A46E0
:10CE200005EB054534D9A4F1100C2CF00F0603F1E5
:10CE3000100EB6444FEA1C1CC2E90055C2E9025567
:10CE400010327245F8D10CF1010214F00C0F03EB13
:10CE5000021204F00F0C13D0ACF1040323F003030F
:10CE60000433134442F8045B9342FBD10CF00304F7
:10CE70002CB1C9B21C4403F8011BA342FBD170BD05
:10CE800064461346002CF4D1F9E703461446C0E784
:10CE9000A446E1E711F0FF01034600F0030239D098
:10CEA0008ABB026810B501EB012E0EEB0E4E8EEA26
:10CEB0000204A2F1013323EA0203A4F1013222EABF
:10CEC0000402134313F0803F0FD150F8044F84EA5B
:10CED0000E0CA4F10133ACF1013223EA040322EA7F
:10CEE0000C02134313F0803FEFD0037823B936E0F0
:10CEF00010F8013F002B32D09942F9D110BD8A427F
:10CF000028D09A0729D01A7818460133002AF6D17A
:10CF100010467047CAB90268A2F1013323EA02033E
:10CF200013F0803F08D150F8042FA2F1013323EA17
:10CF3000020313F0803FF6D003785BB110F8013F95
:10CF4000002BFBD17047990705D0184613F8012B29
:10CF5000002AF8D170471846DDE71846A1E71846C1
:10CF600010BD00BF002A3ED0844630B504460843B9
:10CF700080070B462ED1032A07D82BE0043A25D090
:10CF80001EF0803F22D1032A22D919462068A446E8
:10CF9000A0F1013323EA000E0B4653F8045B04347E
:10CFA000A842EBD09CF800000C7884421DD1E646E4
:10CFB00068B11EF8010F11F8014FA2EB0E03A04259
:10CFC00003F1FF3311D11CEB0303F1D1002030BD7D
:10CFD000A44619469CF800000C78A04205D1012A0D
:10CFE000F4D0E646E4E710467047001B30BD00BFB2
:10CFF00071B1034600EB010C01E0634506D01A460F
:10D00000117801330029F8D1101A7047181A7047A7
:10D0100008467047024A01231268503200F002B8F5
:10D020009400002018B3F0B407468C4617F8015B53
:10D0300001E0A54214D01CF8014B002CF9D1DDB160
:10D040003E460C4616F8015B00E063B114F8013B64
:10D050009D42FAD14DB100233B701660F0BC704781
:10D0600073B13846E0E73746EAE72E46F5E7106841
:10D070000028D8D10020704700201560F0BC704710
:10D0800017600370EAE700BF0123FFF7CBBF00BFC3
:10D09000002238B5064D044608462A60F3F7A6FB81
:10D0A000431C00D038BD2B68002BFBD0236038BD5B
:10D0B0005C610020194B1B6883422ED0416C70B517
:10D0C000054681B100268C593CB12146246828468A
:10D0D00000F030FB002CF8D1696C0436802EF2D1C0
:10D0E000284600F027FBA96B11B1284600F022FB6F
:10D0F0002C6C34B121462468284600F01BFB002C20
:10D10000F8D1E96C11B1284600F014FB6B6B1BB130
:10D110002846BDE87040184770BD70479400002055
:10D1200038B50C46114600228446074D20462A6039
:10D130001A466446F3F7C7FB431C00D038BD2B6882
:10D14000002BFBD0236038BD5C61002038B50C4655
:10D15000114600228446074D20462A601A4664463E
:10D16000F3F7CAFB431C00D038BD2B68002BFBD063
:10D17000236038BD5C610020014B1868704700BF18
:10D180009400002070B50F4B0F4DAB42A3EB05068A
:10D1900007D00024B61055F8043B01349847A64246
:10D1A000F9D81CF0D3F9094D094B5E1BAB424FEA8D
:10D1B000A60606D0002455F8043B01349847A64241
:10D1C000F9D870BD64950200649502006495020070
:10D1D0007C95020038B5074D074C2C1BA41005D0D8
:10D1E000013C55F8043D9847002CF9D1BDE8384082
:10D1F0001CF0B2B9909502007C950200704700BF08
:10D20000704700BF704700BF704700BF704700BF46
:10D21000704700BF0120704701207047704700BF72
:10D22000704700BF80EA010C1CF0030F37D110F0EB
:10D23000030C20F0030021F0030150F8042B08BF79
:10D2400051F8043B0ED08CF0030C6FF07F434FEA93
:10D25000CC0C23FA0CFC51F8043B42EA0C0243EAE2
:10D260000C0300BFA2F1013C9A4201BF2CEA020C60
:10D270001CF0803F50F8042B51F8043BF2D04FEAE9
:10D2800002604FEA1222012828BFB0EB036F08BFEB
:10D290001B0AF4D003F0FF03000EC01A704710F011
:10D2A000030F0AD010F8012B11F8013B012A28BF07
:10D2B0009A42F4D0A2EB030070474DF8045D50F899
:10D2C000042B01F0030521F0030151F8043B022D6A
:10D2D00026D04DD822F07F45B5EB132FA2F1013CAB
:10D2E0002CEA020C0DD11CF0803C08BF51F8043B25
:10D2F0000AD185EA0205B5EB036F0CD150F8042B77
:10D30000E8E74FEA13235BE03CF07F4C54D10B7805
:10D310004FEA126554E04FEA126503F0FF034FE055
:10D320004FEA0245A2F1013C4FEA15452CEA020CF6
:10D33000B5EB134F18D11CF0803C08BF51F8043BEB
:10D3400007D185EA0205B5EB034F09D150F8042B4C
:10D35000E6E75FEA0C4C2FD10B884FEA12452FE02D
:10D360004FEA03434FEA12454FEA134328E000BF58
:10D3700002F0FF05B5EB136FA2F1013C2CEA020CA1
:10D380000DD11CF0803C08BF51F8043B0AD185EA5E
:10D390000205B5EB032F0AD150F8042BE8E74FEA5A
:10D3A00013630DE012F0FF0F06D051F8043B4FEA73
:10D3B000122523F07F4303E04FF0000020BC7047AC
:10D3C00005F0FF0203F0FF00012828BF904204BFD0
:10D3D0002D0A1B0AF4D0A2EB000020BC704700BF4E
:10D3E000844641EA000313F0030349D1403A23D3B2
:10D3F0000B6803604B6843608B688360CB68C360D5
:10D400000B6903614B6943618B698361CB69C361BC
:10D410000B6A03624B6A43628B6A8362CB6AC362A4
:10D420000B6B03634B6B43638B6B8363CB6BC3638C
:10D4300040304031403ADBD230320BD30B680360CE
:10D440004B6843608B688360CB68C36010301031D9
:10D45000103AF3D20C3205D351F8043B40F8043BA8
:10D46000043AF9D2043208D0D2071CBF11F8013BAC
:10D4700000F8013B01D30B8803806046704700BF72
:10D48000082A13D38B07B1D010F00303AED0C3F139
:10D490000403D21ADB071CBF11F8013B00F8013B63
:10D4A000A4D331F8023B20F8023B9FE7043AD9D3DA
:10D4B000013A11F8013B00F8013BF9D20B780370F7
:10D4C0004B7843708B7883706046704720F003017F
:10D4D00010F00300C0F1000051F8043B00F1040C0F
:10D4E0004FEACC0C6FF000021CBF22FA0CF213437F
:10D4F0004FF0010C4CEA0C2C4CEA0C4CA3EB0C0248
:10D5000022EA030212EACC1204BF51F8043B0430B1
:10D51000F4D0C2F1000102EA0102B2FA82F2C2F1D1
:10D520001F0200EBD20070472DE9F8431B4D064661
:10D53000286898460F469146FFF76AFE184B1C680C
:10D540001CB3286865681F2D22DC4EB96B1C0235A0
:10D55000636044F82570FFF763FE0020BDE8F883A0
:10D56000012304EB8501C1F88890D4F88821AB40F1
:10D570001A43022EC4F88821C1F80881E6D1D4F8F4
:10D580008C211A43C4F88C21E0E7064C1C60D8E7D4
:10D59000FFF746FE4FF0FF30E0E700BFD801002064
:10D5A0001063002080610020024B13B10248FEF797
:10D5B0000BBF704700000000D5D100002DE9F04FEF
:10D5C00082462C4B2C4F83B018688B46CDF804A0B4
:10D5D000FFF71EFE3E684EB34FF000094FF0010802
:10D5E0007468651E22D4013406EB8404BBF1000F7D
:10D5F00023D173682268013BAB420CBF7560C4F84D
:10D60000009072B1D6F8881108FA05F30B42D6F8EB
:10D6100004A01CD1904773683A68534523D1B242A5
:10D6200021D1013D6B1CA4F10404DFD1114B18681A
:10D6300003B0BDE8F04FFFF7F3BDD4F800315B4510
:10D64000D7D0013D6A1CA4F10404F6D1EEE7D6F868
:10D650008C01D4F88010034209D101989047736877
:10D660003A685345DBD0002AE0D01646B8E70846B2
:10D670009047D0E7D8010020106300202DE9F8433F
:10D6800006460820894604F0B5FF0546DFF8988075
:10D69000304600F0FFFBD8F808305F6827F003073A
:10D6A000A7F11104A4EB09042C44B4FBF5F4013CEC
:10D6B00005FB04F4A54208DC0021304604F088FF95
:10D6C000D8F808303B44984205D0304600F0E8FBDB
:10D6D0000020BDE8F8833046614204F079FF013054
:10D6E0000FD0124AD8F808303F1B47F001075F609F
:10D6F000136830461B1B136000F0D2FB0120BDE80D
:10D70000F8830021304604F063FFD8F80820831A1C
:10D710000F2BDADD43F001035360054B03491B680F
:10D72000C01A0860D1E700BFE801002014630020A0
:10D73000DC01002000297CD0F8B50C46064600F03C
:10D74000A9FB54F8043C764FA4F1080523F001012D
:10D750006818D7F808C04268844522F0030200F038
:10D760008380DB07426000EB020C33D454F8084C92
:10D77000DCF804302D1B2144AC6807F1080C64452B
:10D7800003F0010364D0D5F80CE0C4F80CE0CEF847
:10D790000840002B00F0818041F001036B600160C4
:10D7A000B1F5007F22D20122CB0849098A4079686D
:10D7B00001330A437A6057F8331007EBC302083A83
:10D7C000C5E9021247F83350CD603046BDE8F84055
:10D7D00000F066BBDCF80430DB072BD541F0010319
:10D7E000B1F5007F44F8043C0160DCD3B1F5206F53
:10D7F0004FEA512353D28B0903F1390003F1380268
:10D80000C300F818FB580838984203D161E09B68C0
:10D81000984204D05A6822F003028A42F7D8D868A6
:10D82000C5E9023085603046DD60BDE8F84000F0B3
:10D8300037BB7047114407F1080C836863453FD03C
:10D84000C268DA60936041F001036B606950A7E73A
:10D85000002B5FD10A44D0E90213CB60996042F0FB
:10D8600001036B60AA50B0E70A44D90707D454F803
:10D87000083CED1A1A44D5E90213CB60996042F0D6
:10D8800001036B60274BBD601B6893429DD8264BFC
:10D8900030461968FFF7F2FE97E71144CDE7142BE5
:10D8A00008D9542B1DD80B0B03F16F0003F16E0246
:10D8B000C300A6E703F15C0003F15B02C300A0E72D
:10D8C00041F00103C7E90455C5E902CC6B6069501A
:10D8D0007BE70121921001FA02F279680A437A602B
:10D8E0009EE7B3F5AA7F06D8CB0B03F1780003F1CE
:10D8F0007702C30085E740F25452934206D88B0C5E
:10D9000003F17D0003F17C02C3007AE74FF47E73DC
:10D910007E2276E741F001036B60016055E700BFAE
:10D92000E8010020E0010020446300202DE9F04FD1
:10D9300001F10B05162D064683B024D8102900F2FC
:10D94000AD8000F0A7FA102518234FF0020CB84F55
:10D950003B445C68A3F10802944200F01D8130460C
:10D960006368E268A16823F00303CA6023449160FE
:10D970005A68083442F001025A6000F091FA2046D9
:10D9800003B0BDE8F08F35F0070500F18780A942AC
:10D9900000F2848000F07EFAB5F5FC7FC0F06F8164
:10D9A0006B0A7FD0042B00F21E81AB0903F1390C06
:10D9B00003F1380E4FEACC009D4F384444680838D4
:10D9C000A04207D10DE0002AE16880F2DF808842A2
:10D9D00007D00C46636823F003035A1B0F2AF2DDBD
:10D9E000F446DFF850823C69444500F0BC8063682F
:10D9F00023F00309A9EB05030F2B00F34581002B4E
:10DA0000C7E9048880F22F81B9F5007FD7F804E0D8
:10DA100080F0C98001234FEAD9014FEA591919440E
:10DA200003FA09F357F831204EEA030E07EBC1035E
:10DA3000083BA260E360C7F804E047F83140D460D7
:10DA400001204FEAAC039840704532D810EA0E0F1F
:10DA500007D12CF0030C400010EA0E0F0CF1040C5F
:10DA6000F9D007EBCC0AD646E146DEF80C300BE0E5
:10DA700059681C4621F003014A1B0F2ADB6800F39A
:10DA8000BF80002A80F2E2809E45F1D109F10109B0
:10DA900019F0030F0EF1080EE7D11FE10C233360DC
:10DAA00000246CE74FF400704FF0400C4FF03F0E35
:10DAB00082E7BC68636823F00309A94503D3A9EB97
:10DAC00005030F2B52DC5C4B08201B6803F1100888
:10DAD00004EB0903009304F08DFD584A8346136854
:10DAE000A844013305D008F1FF388044434203EADB
:10DAF00008084146304604F06BFDB0F1FF3F824616
:10DB00004E4A00F0DC8004EB0903834200F2D5802A
:10DB10004B4B0BF1FF31186840448446186040F0CD
:10DB2000FB801AEA010F40F0F780D7F808A0C8443C
:10DB300048F00102CAF804205446424B1968814259
:10DB400038BF1860404B1968814238BF186022F016
:10DB50000308A845A8EB050301D30F2B06DC3046CC
:10DB600000F09EF99CE7D7F804E069E7621943F0FA
:10DB7000010345F0010565603046BA600834536022
:10DB800000F08EF9204603B0BDE8F08FA268304661
:10DB9000D16023448A60EBE6DC68A3427FF4DFAE09
:10DBA0000CF1020C1DE7B9F5206F4FEA59227DD325
:10DBB000142A00F2118102F15C03DB005B32F918D8
:10DBC000FB580839994203D1ECE09B68994204D094
:10DBD0005A6822F003024A45F7D8D968C4E90231ED
:10DBE0008C60DC602CE7142B6CD9542B00F2FD8088
:10DBF0002B0B03F16F0C03F16E0E4FEACC00DBE64A
:10DC0000D4F808C03046661945F001056560CCF8C7
:10DC10000C30C3F808C042F00103C7E90466C6E946
:10DC200002887360625000F03BF90834A7E600BF39
:10DC3000E8010020F001002044630020DC01002006
:10DC400014630020406300203C63002021444A68A4
:10DC5000304642F001024A6054F8082FD3609A60BF
:10DC600000F01EF98BE6A144D9F80430304643F0A9
:10DC70000103C9F8043000F013F908347FE64FEAD5
:10DC8000D50C05F1080362E6621943F0010145F085
:10DC9000010565603046C7E90422C2E90288516087
:10DCA00044F8093000F0FCF8083468E64FEA9912AD
:10DCB00002F13903DB00383281E7BC4224D0BC6872
:10DCC000626844E703F15C0C03F15B0E4FEACC00A1
:10DCD00072E65AF80839534540F0D8801CF0030F1B
:10DCE0000CF1FF3CF5D17B6823EA00037B60400028
:10DCF00098423FF6DEAE18B9DBE6400009F10409B0
:10DD00001842FAD0CC46ACE6614B0BF1FF311868F3
:10DD100008EB000CC3F800C01068013070D004EBB1
:10DD20000902AAEB020262441A601AF00702CDE966
:10DD3000002340D0C2F108029244D04408EA010016
:10DD40005A44121A02EA010B5946304604F040FCCC
:10DD5000421C019B71D0A0EB0A0000EB0B08186875
:10DD600048F001025844BC42C7F808A01860CAF83D
:10DD700004203FF4E1AEB9F10F0F44D94FF0050C88
:10DD80006168A9F10C0222F0070201F001011143C0
:10DD900061600F2A04EB0201C1E901CC55D8DAF821
:10DDA0000420C9E60120921000FA02F24EEA020EA7
:10DDB000C7F804E012E70AEB08020A40ABEB0202E4
:10DDC00002EA010B5946304604F002FC431C019B59
:10DDD000C1D1DDF800B0C2E7542A18D84FEA193291
:10DDE00002F16F03DB006E32E9E6B3F5AA7F18D8C3
:10DDF000EB0B03F1780C03F1770E4FEACC00DBE577
:10DE0000C2F800A091E70123CAF80430A7E6B2F5F2
:10DE1000AA7F25D84FEAD93202F17803DB007732A6
:10DE2000CDE640F25452934225D8AB0C03F17D0C61
:10DE300003F17C0E4FEACC00BEE5009A4FF0000BD8
:10DE4000083A9044A8EB0A0889E7304604F1080133
:10DE50000093FFF76FFC009BD7F808A018689EE7B7
:10DE600040F254539A420DD84FEA994202F17D0391
:10DE7000DB007C32A3E64FF47E704FF07F0C4FF056
:10DE80007E0E99E54FF47E737E2298E67B682EE73E
:10DE9000146300200148FFF7BBB900BF7061002088
:10DEA0000148FFF7BDB900BF706100202DE9F04FB8
:10DEB000ADF53B7D02AFC7E91202B1F90C203B631F
:10DEC00096048A464B6E05D442F4005223F4005364
:10DED0008A814B669D04C3F3403401F1E180A14681
:10DEE0000822214607F15800FEF784FFBC62BC639C
:10DEF000FC617C633C64774BD3F8E44004F028FB7E
:10DF000007F1580200920346FA6CB86C07F154010D
:10DF1000A047002861DBFB6C06460344FB647B6D75
:10DF2000002B00F04B81012867D0252B6ED00028F4
:10DF3000E1D0FB6C01389E1BDAF8043034181A4625
:10DF4000002A06F1FF3517DDDAF800306A78187814
:10DF5000691C904203F1010340F03081DAF804209B
:10DF60008C4202F1FF32CAF80030CAF8042000F0F7
:10DF70003081002A0D46E7DC5146B86C08F0BAFC47
:10DF80000028E1D03B6C23B1BAF80C305A0640F1BE
:10DF90001581BB6B002B01F08380BB6BDE8818689A
:10DFA0007EB100248146A046051F55F8043F013488
:10DFB000186805F04BFC2B68B442C3F80080F4D11C
:10DFC00048464FF0FF333B6408B105F03FFC386C26
:10DFD00007F53977BD46BDE8F08F4FF6FD7308228F
:10DFE000002107F158007B65FEF704FFFB6C01334D
:10DFF000FB647B6D002B00F0E180374AD25C100798
:10E0000000F1C7850126252B304692D100242546F4
:10E01000F96C0A78A2F1250301F10108552B00F2F1
:10E02000CD80DFE813F0AB07CB00CB00CB00CB00FB
:10E030009A07CB00CB00CB00CB00CB00D206D20698
:10E04000D206D206D206D206D206D206D206D20610
:10E05000CB00CB00CB00CB00CB00CB00CB00DD0650
:10E06000CB003505E700DD06DD06DD06CB00CB0085
:10E07000CB00CB00E000CB00CB004605CB00CB00B3
:10E08000CB008005CB00CB00CB00CB002007CB0022
:10E09000CB008307CB00CB00CB00CB00CB00DD0651
:10E0A000CB003705E900DD06DD06DD065707A207D0
:10E0B000E000CB008E076307710748055407CB00CB
:10E0C000CB008205DB004C07CB00CB002007CB0048
:10E0D000DB0000BFD8060020A51E020004F01003DC
:10E0E000012D38BF01251A467B6414F0010301F0AD
:10E0F0000182002A41F049823B6B240653F804BB9D
:10E100003B6301F16D82D846D7F844B05B46DC46EC
:10E11000C7F83CB000269B46644604F019FAB042AA
:10E120003FF430AFDAE9003213F8011B013ACAF8C4
:10E13000042007F5BC729155FA69CAF80030032A29
:10E1400006F1010307F1700602D13268042A06D0F5
:10E15000082200213046FB62FEF74CFEFB6A009667
:10E1600007F5BC724146B86CFB6208F08BF90246B9
:10E17000F861501C3FF406AFFB6A002A41F06A8246
:10E1800099447B6C013D002B41F07282C8F800304D
:10E19000FB6B002B01F0AE82A8EB0406BBEBA60FD5
:10E1A00001F2A88220464FEACB0106F0E5FA0446C8
:10E1B000002841F099824FF0FF333B64BB6B002B8A
:10E1C0003FF405AFBB6B18683B6C01337FF4FCAECA
:10E1D000E3E602354D44A5EB06098CE62307EDD1B5
:10E1E0004A78414616E72207E8D14A7844F002040B
:10E1F00041460FE744F001040A234FF0030B7B6311
:10E20000724BBB62DAF80430002B00F35F84514696
:10E21000B86C08F06FFB00287FF4B4AEC7F84C80F0
:10E22000600641F15C810BF1FF33032B3FF656AFE3
:10E23000DFE813F0A602E7013D010400B86C04F02A
:10E2400099F944F4F0637B64036800263B626B1E1B
:10E25000B3F5B27F07F5BC7B34BF4FF0000CA5F5DA
:10E26000B27C5C4628BF4FF4B275C7E90466FE6312
:10E27000FE62BE61C7F80CC0C7F824B0DAF800101F
:10E280000A78A2F12B034E2B50D8DFE813F0BB0322
:10E290004F00BB034F004F00A100A500A500A50043
:10E2A000A500A500A500A500A500A5004F004F00F2
:10E2B0004F004F004F004F004F00B0033F033F039C
:10E2C0003F03DD03D4034F004F00C3034F004F0053
:10E2D0004F004F0096034F0075034F004F004F0053
:10E2E00070034F004F004F005903AB034F004F0026
:10E2F0004F004F004F004F004F00B0033F033F035C
:10E300003F03DD03D4034F004F00C3034F004F0012
:10E310004F004F0096034F0075034F004F004F0012
:10E3200070034F004F004F005903AB037B6C9B05FC
:10E3300070D5D7F820B09BF8003093426AD1C7E976
:10E3400001544FF000085546B24606E0296091F8A6
:10E3500000E09BF8000086451CD11BF8010F4446E5
:10E360004E46013108F1010809F10109002800F0C9
:10E370007E866868013800286860E7DC2946B86C4A
:10E3800008F0B8FA30B929689BF8000091F800E06D
:10E390008645E2D0224633465646BC68AA46D7E9AF
:10E3A000085BA844C7E90864914644469846BE6C99
:10E3B00014F8011D5246304608F05EFAA542F7D126
:10E3C000D7E90864A8EB090926E000BF455D010014
:10E3D0007B6CD90500F15185FB6B9B191AD11E4648
:10E3E0007B6CFE6323F4C0737B64013D04F8012B56
:10E3F000DAF8043009F10109013B002BCAF80430B6
:10E4000040F3BC83DAF800300133CAF80030002D45
:10E410007FF434AFD7F824B0FB6A002B40F033838D
:10E42000FB6B013B012B41F22780731E062B40F250
:10E4300047867B6CD80540F1AA84590500F14687D0
:10E4400014F8011C651E652909F1FF360AD045291B
:10E4500008D05246B86C08F00FFA14F8021CA9F163
:10E460000206A51E5246B86C08F006FA7B6C13F043
:10E47000100340F04A86B1462B707B69002B40F0B8
:10E48000558700225946B86C07F0EEFA7A6C3B6B60
:10E49000D20705460E4603F1040440F12B861B68A3
:10E4A000C3E900563C633B6C01333B6423E507F54D
:10E4B000BC7B4FF000085E466B1EB3F5B27F34BFE5
:10E4C0000021A5F5B271CB4628BF4FF4B275D146F5
:10E4D000C246B0467A6B44F45864F963D9F8000038
:10E4E00090F800C0ACF12B034D2B62D8DFE813F09D
:10E4F000BC026100BC026100610021031C021C021D
:10E500001C021C021C021C021C02C202C20261008C
:10E510006100610061006100610061004E004E0019
:10E520004E004E004E004E0061006100610061002F
:10E5300061006100610061006100610061006100D3
:10E5400061006100610061006100B0026100610072
:10E550006100610061006100610061004E004E00D9
:10E560004E004E004E004E006100610061006100EF
:10E570006100610061006100610061006100610093
:10E5800061006100610061006100B0020A2A10DDD3
:10E5900024F4386406F801CBD9F80430013B002B91
:10E5A000C9F8043040F3E0820130C9F80000013DB1
:10E5B00094D14346E005D0467A63CA46D9469B4685
:10E5C00005D59E4200F272845E453FF4F7AD14F02B
:10E5D000100211D159467B6BBD6AB86C3270A847E6
:10E5E0003B6BA10603F1040540F158841B681860D9
:10E5F0003B6C3D6301333B64A6EB0B064644B144E0
:10E6000079E4002D08BF4FF0FF35E60704F0100352
:10E6100040F1DD82002B40F0B5843A6B200652F8C1
:10E62000041B79643A6340F18F86FB6300293FF451
:10E63000C5AD802005F002F9FB6B024600283FF4CF
:10E64000BAAD796C0860B96BCC888E88B44280F022
:10E650009085086896464FF0200C796C40F824109D
:10E66000B96B0134CC80DAF80010B24E097816F894
:10E67000018018F008086BD13E622E461546C7F897
:10E6800024E0C7F82CC0FB6303F062FF40453FF471
:10E6900079ACDAE9003213F8011B013ACAE9003219
:10E6A000FB6907F5BC7B032B0BF8081007F170041E
:10E6B00008F1010802D12368042B04D008220021AC
:10E6C0002046FEF797FB00945A4643462946B86C0D
:10E6D00007F0D8FE421CF8613FF454AC002800F06B
:10E6E000AC85FB6902331FD0286807F097FF00282C
:10E6F00040F09F86FB69C144032B02D12368042BA1
:10E7000000D0013EFB6B002B40F01A867B6C043579
:10E71000002B00F015867B6AEC1AFB6AB3EBA40FA2
:10E7200040F2B986D7F83C80DAF80430002B40F389
:10E730005586DAF800303A6A1B78D35C1B0701D49F
:10E74000002EA1D12A46D7F824E0D7F82CC0FB6BC5
:10E75000002B7FF4D0AB13607B6C002B3FF4A3AE97
:10E76000A2EB0E02931001339C457FF69CAE7C6CAD
:10E77000111D206806F000F8002840F0C58092E6E0
:10E78000002D08BF4FF0FF3504F01003E607FB62D1
:10E7900040F19282002B40F032843A6B200652F80E
:10E7A000043B7B623A6340F1D585002B3FF406AD14
:10E7B000802005F043F8786400283FF4FCAC7B6AC5
:10E7C0007A6C1A60BB6BDC889E88B44280F0EB8464
:10E7D00018687B6A40F82430BB6B0134DC807B6CAA
:10E7E000BB6120233B620024A046FE6907F5BC7B89
:10E7F000C7F83C9003F0ACFE40453FF4C3ABDAE908
:10E80000003213F8011B013A032E0BF80810CAF866
:10E810000420CAF8003008F1010807F1600903D1AB
:10E82000D9F80030042B04D0082200214846FEF716
:10E83000E1FACDF800907C6C434621465A46B86C0C
:10E8400007F020FE411C06463FF49CAB002840F038
:10E85000DF83206004460822002107F16800FEF7EC
:10E86000C9FADFF8D4C0224607F170042146B86C1B
:10E87000DCF8E0C007F16803E047012814BF00247A
:10E8800097F8704007F178031B5D002B00F06E8550
:10E89000FB6B032E4344FB6300F0C383013DFB6A23
:10E8A0005BB97B6C7A6A04337B6432B1BA699C1AB7
:10E8B0003B6AB3EBA40F40F2CA83DAF804304FF09E
:10E8C0000008002B40F3BF82002D93D1D7F83C9075
:10E8D000FE61FB6A002B7FF40EAB7A6C13607B6ADF
:10E8E000002B3FF4E0AD1346BA69991A8B103A6ACF
:10E8F00001339A427FF6D7AD7C6A0431206805F077
:10E900003BFF00283FF4CFAD2060CCE5796C0805D3
:10E910007FF580ADFB6B9B197FF47CAD1E4621F427
:10E92000C0737B64FE6360E5044B24F4386433F900
:10E9300012202FE6A51E0200D80600203C2302006C
:10E94000796C01F41863B3F5807F7FF463ADFB6AE3
:10E95000012B7FF45FAD21F4807343F400637B648B
:10E96000302304F8013B0023013DFB623DE5062E08
:10E970007FF450AD072638E57B6C19057FF54AAD6D
:10E98000796C01F4A063B3F5806F05D048057FF57D
:10E9900041ADFB6A002B49D07B6C990504D4FB6A1E
:10E9A000B9695B1AC7E904437B6C23F4786343F4C9
:10E9B000C0737B640023FB6217E5FB6B002B40F008
:10E9C0001F82FB6A33B97B6C03F4E063B3F5E06F3D
:10E9D00000F02185012E02D0042E7FF41BAD0136FC
:10E9E000F6B202E5072E7FF415AD0826FDE47B6C38
:10E9F0001B0500F1FF81FB6B012B7FF40BAD0223A4
:10EA0000FB63F2E47B6C19067FF504AD23F0800311
:10EA10007B64EAE4002E40F0FB81FB6A8BBB7B6CDD
:10EA200003F4E063B3F5E06F00F0EE840023D7F861
:10EA300024B0FB62F4E47B6C180500F1D581022E52
:10EA40007FF4E8AC0326D0E4796C0B0598D561E738
:10EA500004F4C063B3F5007F7FF4ABAD24F400741D
:10EA6000102244F4A06495E523067FF5A2AD24F0BE
:10EA700080048FE58D4B33F91220082A3FF788ADCB
:10EA800097E5D7F824B07B6C23F480737B64C7E4EC
:10EA900044F001044FF0000BC7F84C8044F04004F0
:10EAA000DAF80430002B3FF7BBABD7F84C80FFF708
:10EAB000AEBB44F0010408237B637D4B4FF0030B96
:10EAC000BB62DAF80430002B7FF7A1ABDAF8002044
:10EAD000784E1378F35C190740F168843346564644
:10EAE0009A4605E0326013781AF803301B0715D5F3
:10EAF000736809F10109013B002B736002F1010207
:10EB0000F0DC3146B86C07F0F5FE002840F0C58215
:10EB1000326813781AF803301B07E9D4B246C7F8F5
:10EB20004C80FFF780BB44F001044FF0020BFFF76D
:10EB300069BB23057FF52EAD12B9082244F4007499
:10EB4000610500F1A781FB6B24F4607413B1013BF4
:10EB5000FB630135D9F804300AF1010A013B002BAF
:10EB6000C9F804303FF720AD4946B86C7A6407F025
:10EB7000C1FE7A6C00283FF41AAD1AE55146B86C14
:10EB800007F0B8FE00287FF445AC002D7FF476AB8B
:10EB900040E4DAF80420BC6C0FE0DAF800304549B4
:10EBA0001A7801338A5C11077FF5A5A9DAF80420E9
:10EBB00009F10109013ACAE90032002AEDDC5146A7
:10EBC000204607F097FE0028E7D0FFF794B9002B06
:10EBD00040F03F833B6B53F804BB3B6314F080036E
:10EBE00000F08A83BBF1000F3FF4E8AA202004F074
:10EBF00025FE044600283FF4CCA9BB6BCBF80000EF
:10EC0000DE88B3F80480464580F082821868BB6BCA
:10EC100040F826B00136DE802023DAF80000254EC9
:10EC20000278B25C110700F18D823246A0461E4682
:10EC30004B469146DAF80420013ACAF80420421CF7
:10EC4000CAF80020027804F8012BA4EB0802BBF1FB
:10EC5000000F02D0B24280F05883013D0BD0DAF8A9
:10EC60000420002A40F39883DAF80000027819F8AB
:10EC700002201207DED599463346A4EB08018944E9
:10EC8000013100222270BBF1000F3FF40CAC8B422B
:10EC90007FF609ACDBF8000005F06EFD00283FF4BC
:10ECA00002ACCBF80000FFF7FEBB00BF3C23020024
:10ECB000B55E0100A51E0200FB6A002B40F06B81CF
:10ECC0003B6B14F0800453F804BB3B6300F04A83B1
:10ECD000BBF1000F3FF472AA202004F0AFFD0646FE
:10ECE00000283FF456A9BB6BCBF80000DC889A885B
:10ECF000944280F029821868BB6B40F824B001343C
:10ED0000DC802023DAF8001007F178080A7818F878
:10ED10000220002A3FF452AAC7F844903446D9464C
:10ED2000C34698463046DAF804604B1C013ECAE9F7
:10ED30000036097800F8011B061BB9F1000F01D05D
:10ED400046456DD20646013D0BD0DAF80410002985
:10ED500040F36D81DAF8001008781BF800000028F5
:10ED6000E0D1341BCB464346D7F844903FF426AA63
:10ED700000223270BBF1000F03D0611C8B4200F205
:10ED800019833B6CA14401333B64FFF7B4B87A6C40
:10ED900012F010037FF4AFA8237002F4C063B3F540
:10EDA000806F7FF46AABBB69FA6A93423FF469AB48
:10EDB0009A1A07F2D2239C4228BF07F2D124204698
:10EDC000BC4902F0EBFDFFF75CBB14F08F0F7FF442
:10EDD000F5A905EB850502EB4505303DFFF700BAC7
:10EDE0004FF0040BFFF70EBAFB6B9B197FF427AEB5
:10EDF000FFF7F5BAFB6B9B197FF4FDADFFF7EFBA98
:10EE0000FB6B022B7FF4E6AD0323FB63FFF7EDBA48
:10EE1000032E3FF4E4AD052E3FF4E1ADFFF7FABA5F
:10EE20004FEA48082046414605F0A6FC0446002863
:10EE30003FF4AFA80644C9F8000084E7DAF80430CC
:10EE4000002B3FF7D7AC5146B86C07F053FD0028B4
:10EE50003FF43AAD4446D7F83C90FE61002C3FF4B5
:10EE600038ADFFF78FB844F4007410237B63924BE6
:10EE70004FF0030BBB62FFF7C5B923F080037B643F
:10EE8000FB6A0133FB62FB68002B40F05681013DB9
:10EE9000FFF7AEBA24F4B064FFF77CBB220740F161
:10EEA000A4813B6B1B681870FFF7A2BB16F8011C0E
:10EEB0005246B86C013E07F0DFFCFFF785BB0A2322
:10EEC0007B637D4B4FF0030BBB62FFF79BB944F4B0
:10EED0000874CAE723077FF471A94A78682A00F00A
:10EEE0007881414644F00404FFF794B814F08F038E
:10EEF0007FF464A9BA6B002A00F001824A7844F0DA
:10EF000080044146FFF786B8E1060BD43A6B52F80D
:10EF1000043B3A63220700F19981660740F154826D
:10EF2000A3F80090C7F84C80FEF7E5BF414607F113
:10EF3000780002F0C7FC4FF0010B44F04004F86485
:10EF4000AEE522077FF43AA94A786C2A00F047819F
:10EF5000414644F00104FFF75DB825437FF42EA934
:10EF60004A7810244146FFF755B800237B63534B82
:10EF70004FF0030BC7F84C80BB6291E5C7F84C809B
:10EF8000FEF7D5BF4FF0000C07F15402E646C7F874
:10EF900044C0FFF768BBDAF8003007F178081A7848
:10EFA00018F80220002A3FF409A90133CAF80030FA
:10EFB000DAF80430012D03F1FF33CAF804301BD016
:10EFC000BC6C11E0DAF800301A78013318F802202E
:10EFD00092B1CAF80030DAF804300BF1010B013BB2
:10EFE0005D45CAF8043007D0002BEBDC51462046C3
:10EFF00007F080FC0028E5D0D944FEF77CBF002252
:10F0000007F154033A627B64BA617A62FFF7EBBBA3
:10F01000821C3FF413AF7B6C1C68631C7FF41BAC39
:10F0200030E4D9F80030042B7FF438AC37E4514693
:10F03000B86C07F05FFC00283FF48CAEA642CB46CC
:10F040004346D7F844903EF49DAF341B90E61046FB
:10F05000D90005F091FBB86100283FF4ACA83B6AE9
:10F0600002197A647A6A5B0010603B6225E4BC682E
:10F070007B6C204623F420734246396ABE617B6470
:10F080005646AA467D6802F05FFDBB690446994674
:10F09000FB6A013DBB61FFF7ABB9B246FEF772BF39
:10F0A0004FF0FF333B64386C07F53977BD46BDE858
:10F0B000F08F00BFAC1F0200B55E0100455D01008E
:10F0C000022E40F2FA81032E3FF4B3A9043EF6B2B9
:10F0D000F543D7F84880254414F8011D52464046B0
:10F0E00007F0CAFBAC42F7D109F1FF39A9EB0609D9
:10F0F000FFF79FB93B6BD3F800807B6C9B0740F117
:10F100008E80C8E90056FFF7CDB9B146FEF7F3BED1
:10F110004FF6F67398453EF640AFBB6B08F1080812
:10F1200018684FEA880105F027FB00283EF435AF48
:10F13000BB6BA3F80480186069E5FB68013BFB60CA
:10F14000FFF756B901219CE54FF6F6739A423EF659
:10F1500024AFBB6B02F1080818684FEA880105F07C
:10F160000BFB00283EF419AFBB6BA3F804801860BA
:10F17000C2E54FF6F6718E42FB62F8633FF61BA8BC
:10F18000D7F838800836D8F80000B10005F0F4FA56
:10F1900000283FF410A8FB6AFA6BA8F80460C8F8CE
:10F1A0000000FFF757BA4FF6F6739E423FF603A8EA
:10F1B000D7F838800836D8F80000B10005F0DCFA3E
:10F1C00000283EF4F8AFA8F80460C8F80000FFF784
:10F1D00000BB8A7844F008040231FEF71BBF8A782E
:10F1E00044F002040231FEF715BF630769D414F03E
:10F1F000010240F00681A40740F10381BA4BB96ACD
:10F20000B86C994259467B6B00F0658107F034F881
:10F210000B463A6B1168C1E90003FFF7E9B90246F2
:10F220000B460DF04DFA00285FD1284631460DF00F
:10F23000A5FAC8F80000FFF735B9286007F0EEF925
:10F24000002840F0F680C144FFF75BBA83F80090D5
:10F2500068E6DAF80030A54E1A78B25C14073EF57D
:10F260004AAE0133CAF80030DAF80430012D03F158
:10F27000FF33CAF8043008BF09F101093EF43BAE80
:10F280000124D7F8488011E0DAF800301A78013309
:10F29000B25C100712D4CAF80030DAF80430013436
:10F2A000013BA542CAF8043000F0C080002BEBDC23
:10F2B0005146404607F01EFB0028E5D0A144FEF76A
:10F2C0001ABE3B6B1B681880FFF792B95C455E461F
:10F2D0007EF674AFBD6C14F8011D5246284607F047
:10F2E000CBFAB442F7D1FEF769BF814803F03AFA8E
:10F2F000C8F80000FFF7D6B85C469B468DE482B0A4
:10F30000CDE9023302ABBB63F8E5760040463146F7
:10F31000FB637A6405F030FA804600283EF439AE8B
:10F320007A6CFB6BCBF80000841896E43C690A23E6
:10F330000022B86C611C06F005FD7B69C21A38E535
:10F340004FF00008FFF7F0B97A6C9C469E467B644C
:10F35000FFF789B97B6A7B64FB6A3B62BB617B62B6
:10F36000FFF741BA5E462346A346CBE4D7F83C906C
:10F37000FE61B8F1000F3FF4ACAA4546BE6C0BEB42
:10F380000804013D5246304614F8011D07F074FA96
:10F39000002DF6D1FFF79DBA5146B86C7B6407F09B
:10F3A000A9FA7B6C00283FF45FAC64E4C7F84C809A
:10F3B000FEF739BFDBF8000005F0DEF900283FF466
:10F3C000E0ACCBF80000DCE4E5072CD4A4072AD598
:10F3D0004FEAE972C3F800905A60A3E55146B86C51
:10F3E00007F088FA00283FF4A4A92A46D7F824E0B9
:10F3F000D7F82CC0FB6BB8F1000F7EF4C3ADFFF75C
:10F40000A7B93B6BFFF7F2B87B6C012623F4F063DE
:10F410007B64FEF7EABF7B6C23F4F0637B6401231B
:10F42000FB63FEF7E2BFC3F800907BE5A944FEF75B
:10F4300062BD2A46D7F824E0D7F82CC0FB6BB8F1A0
:10F44000000F3FF485A90BEB08044546F3469046B0
:10F45000BE6CC7F83CC0FB62013D5246304614F812
:10F46000011D07F009FA002DF6D14246DE46D7F815
:10F470003CC0FB6AFFF76CB95C455E467EF69EAE0B
:10F48000BD6C14F8011D5246284607F0F5F9B44248
:10F49000F7D1FEF793BE786AD90005F06DF978626E
:10F4A00000283EF488AEFB6A7A6C5B00D7F83C809B
:10F4B00005191060FB62FFF737B95C457EF67EAE3A
:10F4C0005D4614F8011D5246B86C07F0D5F9AC4200
:10F4D000F7D1FEF773BE06F0B7FF0B4699E6D7F8F3
:10F4E0004C80FFF7F3BA00BFB55E0100A51E020015
:10F4F0007C2202007A6C002A4DD13B6B53F8046BDE
:10F500003B6323065ED5002E3EF458AE284604F039
:10F5100095F9804600283EF43CADBB6B3060B3F8F3
:10F5200006B09C88A345C0F093804FF6F6739C42CA
:10F530003EF633ADBB6B08341868A10005F01CF92A
:10F5400000283EF42AADBB6B9C801860BA6B0BF1AF
:10F550000103D38040F82B60CDF800A041462B4634
:10F560000122B86C07F0E2F90446002800F09A8006
:10F57000A842BFF406AC0146306805F0FDF800284B
:10F580003FF4FFAB3060FFF7FCBB00239C469B467B
:10F590009846FEF7BDBD1C46DAE900239D4202EB0A
:10F5A00003014BDDCAF80010B86C51461C44ED1A3B
:10F5B00007F0A0F90028EFD0002C3EF4E3ACA14402
:10F5C000FEF799BCCDF800A02B4631460122B86C5D
:10F5D00007F0ACF9044600287FF4D3ABFEF7D2BCA9
:10F5E000BBF1000F3EF4EAAD802004F027F980461D
:10F5F00000283EF4E0ADBB6BCBF80000DE889C88B1
:10F60000A64219D34FF6F6739C423EF6D4ADBB6BBF
:10F6100008341868A10005F0AFF800283EF4CBAD1F
:10F62000BB6B9C801860BB6B40F826B00136DE8057
:10F63000C4462023FEF76CBD1868F4E75B1B2A4420
:10F640002C44CAF80430CAF80020A144FEF753BC89
:10F6500018687BE7FA69911C2FD0032A994402D1DC
:10F660003368042B00D0013D7B6C002B3EF490AD41
:10F67000DAF804300026002B25DD002D7EF44DAD98
:10F680005B46D7F83CB0A446BBF1000F04D0A8EB12
:10F690000C01B3EBA10F30D87B6C002B7EF42BACAC
:10F6A000FEF701BF3B6C002B3EF477ACBAF80C3090
:10F6B0005B067EF587ADFEF770BCDAF804201E46C7
:10F6C000002A3EF72AAD5146B86C07F013F900281E
:10F6D000D3D05B46A446D7F83CB0002E7EF452ACA3
:10F6E000BBF1000FD3D1D7E7FB6B00EB0608186026
:10F6F0004FEA4B0B08F10408BAE7DBF8000005F00D
:10F700003BF80028C8D0CBF80000C5E72DE9F04F42
:10F71000DDB0914609911C4683460F9302F02AFF03
:10F72000036818461993FDF7D1FE082218900021AE
:10F730002CA8FDF75FFBBBF1000F04D0DBF83430E1
:10F74000002B01F03E80099A536EB2F90C20D907C4
:10F7500002D4970540F16E86960406D4099942F4C6
:10F76000005223F400538A814B669D0401F1F88313
:10F77000099AB2F90C30190740F1C7801269002AC2
:10F7800000F0C38003F01A020A2A00F0CD800023A3
:10F7900000249E46CDE93133002333AACDE9163447
:10F7A000DA4614464D46CDE91BEE3092CDF868E0BE
:10F7B000CDF880E0CDF874E0CDF82CE0CDF848E04D
:10F7C0002F468B4BD3F8E46002F0C2FE0DF1B00C73
:10F7D00003463A46504628A9CDF800C0B047002855
:10F7E00000F0C180C0F2B780289B252B01D00744D0
:10F7F000E7E7B7EB0508064640F0B98000224FF076
:10F80000FF3393460A937B787E1C8DF897200C92E9
:10F8100099460136A9F120035A2B00F2EB80DFE86C
:10F8200013F02203E900E9001E03E900E900E90002
:10F830000003E900E9006A004D03E90061023003BA
:10F84000E9002C035B005B005B005B005B005B007E
:10F850005B005B005B00E900E900E900E900E9000A
:10F86000E900E9006101E900F101B602610161010D
:10F870006101E900E900E900E900B202E900E900FC
:10F880006502E900E900E9000A02E9009602E900E0
:10F89000E900BE06E900E900E900E900E900E90045
:10F8A000E900E9006101E900F1013B026101610148
:10F8B0006101A8023B02ED01E900CD02E900F1027D
:10F8C000DF06DF02ED01E9000A027200E206E9004C
:10F8D000E900E606E90072000022A9F1300316F8FB
:10F8E000019B02EB820203EB4202A9F13003092BD8
:10F8F000F5D90C928EE70F9B53F8042B002A0C923B
:10F900000F93C0F2EC81337882E7099D584629466F
:10F91000FDF70EFA002841F08684B5F90C3003F0AB
:10F920001A020A2A7FF433AF0999B1F90E20002A8E
:10F93000FFF62DAF4A6ED50702D4980541F1E58058
:10F9400023464A465846099901F0F0FC0B900B9863
:10F950005DB0BDE8F08F082200212CA8FDF74AFA1F
:10F96000012007442DE7B7EB0508064610D0329B6F
:10F97000C4E9005843443293319B0133072B319340
:10F9800010DC08340B9B43440B93002E7FF436AFFE
:10F99000329B002B41F0A2800022099B3192B3F9E7
:10F9A0000C3019E05046099930AA01F0FFFC80B9EB
:10F9B00033ACE7E75046099930AA01F0F7FC00287C
:10F9C00000F08580D3460E9B1BB158460E99FDF77B
:10F9D000B1FE099BB3F90C30099A526ED10740F180
:10F9E00003815B0601F1C6820B985DB0BDE8F08F24
:10F9F000D80600201096B9F1000FC9D001230022CB
:10FA00008DF80C91069343AD8DF897200D93CDE9B9
:10FA100013220E920A9211921BF0020302D0069951
:10FA2000023106911BF08408329E05D10C9906988C
:10FA30000F1A002F00F39B806AB101226260319A95
:10FA4000013601320DF19701072A32963192216079
:10FA500000F3C583083463B102236360319B02362F
:10FA6000013326AA072B32963193226000F3AC8330
:10FA70000834B8F1800F00F0BD820A9B0D9A9F1ADE
:10FA8000002F00F3F8821BF4807F40F01C820D9B56
:10FA900025601E446360319B32960133072B3193FE
:10FAA00000F3308308341BF0040F05D00C9B069A3A
:10FAB0009D1A002D00F3A083DDE90B3206998A42DE
:10FAC000ACBF9B185B180B93002E7FF473AF002321
:10FAD00031930E9B1BB150460E99FDF72BFE33ACB4
:10FAE000109D6DE60F9B1096073323F00703F3E894
:10FAF00002670F9327F000431F931E964FF0FF32CB
:10FB0000DDE91E01B24BCDE916670CF0D9FD0028E6
:10FB100040F0EF84DDE91E014FF0FF32AC4B0CF0FA
:10FB2000B1FD002840F0E58400220023304639462C
:10FB30000CF09EFD002841F019819DF897200021CE
:10FB40000320A44DA44B2BF0800B0E910690B9F12D
:10FB5000470FD8BF1D46CDE913110A910D901191A1
:10FB6000002A3FF459AF069B0133069354E7102F48
:10FB7000319A41F3F181DFF864C221463046099C95
:10FB80002E46CDF854C06546219304E0103F102F57
:10FB900001F1080116DD102301321030072ACDE9EA
:10FBA00031200D604B60F1DD2146504630AA01F056
:10FBB000FDFB00287FF406AFDDE93120103F102F58
:10FBC00033A9E8DC35460C460646219B01321599DF
:10FBD0003E44072ACDE931262160676000F3E185C4
:10FBE0009DF89720083427E79A053FF5FAAE099C5F
:10FBF000A06DFDF715FBB4F90C30F2E633784BF04D
:10FC0000200B05E60F9BB9F1430F109603F1040694
:10FC100000F024851BF0100F40F020850F9B43ADB2
:10FC20001B688DF80C31012306930D9300220F966B
:10FC30008DF89720EBE600230F9F109657F8045B92
:10FC40008DF89730002D00F0ED84B9F1530F00F0DE
:10FC5000CE851BF01003119340F0C9850A9B002B41
:10FC6000C0F229871A462846119902F02FFD0E90FE
:10FC7000002801F082820E9B11995B1B0D9323EAF1
:10FC8000E3734FF07309CDE913119DF897200F9797
:10FC90000A9106930E9163E71BF0200F10967CD01B
:10FCA0000F9B073323F007031846596850F8083BA9
:10FCB0000A460F900029C0F202840A990029C0F276
:10FCC000748253EA02012BF0800740F06F820A9A97
:10FCD000002A40F07082BB460D925CAD61E10C9B46
:10FCE0005B420C9333784BF0040B91E510964BF08C
:10FCF000100B1BF0200200F08E830F9B073323F0C4
:10FD0000070319465A6851F8083B0F9100212BF45C
:10FD1000806700200A9D8DF89700002DC0F22A818F
:10FD200053EA020027F0800B40F02381002D40F0C1
:10FD30004D85002940F0C68417F001030D9300F0B3
:10FD4000AC8330230DF26F158DF86F3129E11096D9
:10FD50004BF0100717F0200200F04F830F9B01219A
:10FD6000073323F0070318465A6850F8083B0F90F2
:10FD7000CFE73378682B03BF73784BF4007B0136F1
:10FD80004BF0400B44E533784BF0080B40E54BF06B
:10FD9000100B1BF0200F109682D10F9A1BF0100F42
:10FDA00052F8043B0F9240F085831BF0400F00F0A7
:10FDB0007D8343F3C03211461BB27BE733786C2B53
:10FDC00003BF73784BF0200B01364BF0100B1FE58F
:10FDD000FFFFEF7FB81F0200B41F02007023020074
:10FDE00047F630030F9AA948ADF8983052F8043B13
:10FDF00002210F924FF07809002210964BF0020773
:10FE00001A9086E71BF0200F109600F061830F9B7D
:10FE10000B9A1B681A60D2175A600F9B04330F931A
:10FE20005EE6504602F0A6FB436818461D93FDF7B8
:10FE30004DFB20900746504602F09CFB83681B93C5
:10FE4000002F3FF460AD1B9A3378002A3FF4E0ACFA
:10FE50001278002A3FF4DCAC4BF4806BD8E43378A2
:10FE60004BF0010BD4E49DF897203378002A7FF4FF
:10FE7000CFAC20228DF89720CAE433784BF0800B6A
:10FE8000C6E4314611F8019BB9F12A0F01F0168240
:10FE9000A9F13003092B98BF002201F2708011F8FC
:10FEA000019B02EB820203EB4202A9F13003092B12
:10FEB000F5D942EAE2730E460A93ABE42B238DF8A0
:10FEC00097303378A4E4B9F1650F40F32681DDE97A
:10FED0001601002200230CF0C1FB002800F0C781AE
:10FEE00001236360319B6A4A01330136072B329646
:10FEF0003193226000F36F840834279B129A934257
:10FF000080F2A182189B199A1E44C4E90023319BF8
:10FF100032960133072B319300F379830834129B17
:10FF20005D1E002D7FF7BFAD102D319B40F3DE80AD
:10FF3000DFF860911027DDF82480CDF8549004E0BC
:10FF40000834103D102D40F3D38001331036072BB9
:10FF5000C4E90097CDE93136F2DD4146504630AA7A
:10FF600001F024FA00287FF42DADDDE9313633AC01
:10FF7000E7E75F46012900F0198102295CAD1ED137
:10FF80001A9803F00F01415C1B0943EA027312093E
:10FF900005F8011D53EA0201F3D1BB465CAB5B1BC4
:10FFA0000D930A9A0D9900238A42B8BF0A46CDE9FB
:10FFB000133306920E939DF897201193D0E503F02A
:10FFC0000701DB0843EA4273D208303153EA0206E4
:10FFD000284605F8011DF2D1FE07DED53029DCD018
:10FFE0003023023805F8013C5CAB1B1ABB460546C2
:10FFF0000D93D6E70C9B069A9F1A002F7FF73DAD15
:020000021000EC
:10000000102F319B41F37A802248224631464FF02F
:1000100010080646099C159004E0103F102F02F1CD
:10002000080215DD01331031072BC2E90068CDE964
:100030003131F2DD2146504630AA01F0B7F90028EF
:100040007FF4C0ACDDE93131103F102F33AAE9DC79
:1000500014460E460133159A3E44072BCDE931363E
:100060002260676000F3C7820A9B0D9A08349F1ACA
:10007000002F7FF708AD074A102F319B159229DD1D
:1000800032464FF010082E46099D0AE0C41F0200B8
:10009000F41F020060230200103F102F04F1080437
:1000A00016DD0133B7491032072BC4E90018CDE93A
:1000B0003132F1DD2946504630AA01F077F90028A7
:1000C0007FF480ACDDE93132103F102F33ACE8DC37
:1000D000354616460133159A3E44072BCDE9313695
:1000E0002260676000F37D810834CCE4A54A159254
:1000F000159A01332E44072B22606560CDE9313615
:100100007FF7D0AC5046099930AA01F04FF900288A
:100110007FF458AC329E33ACC5E4129B319F012B67
:1001200006F1010607F1010704F1080940F3108107
:100130000123072FCDE931762560636000F3C68285
:10014000189B0137199A1E44072FC9E90023CDE9EE
:10015000317600F3C88209F10809129B0022DDE91B
:1001600016015C1E00230CF079FA002840F00E8185
:10017000013701352644072FCDE93176C9F8005003
:10018000C9F8044000F3F08009F108091C9B01370D
:100190001E44C9F80430072F2AABCDE93176C9F8DF
:1001A0000030AFDC09F108047DE45F460A2B72F1F0
:1001B000000180F0A58230338DF86F310123BB46FA
:1001C0000D930DF26F15ECE65046099930AA01F037
:1001D000EDF800287FF4F6AB329E33AC49E450468C
:1001E000099930AA159301F0E1F800287FF4EAABF1
:1001F000329E159B33AC2EE4102D319B40F31587B6
:10020000DFF884811027DDF82490CDF8548004E0D5
:10021000103D102D04F1080415DD01331036072BB5
:10022000C4E90087CDE93136F2DD4946504630AAAF
:1002300001F0BCF800287FF4C5ABDDE93136103D94
:10024000102D33ACE9DC0133159A2E44072BC4E999
:100250000025CDE931367FF72FAC5046099930AAF9
:1002600001F0A4F800287FF4ADAB329E24E4279976
:10027000002940F3ED80DDE911839845A8BF984639
:10028000B8F1000F0ADD319B46440133072BC4E966
:1002900000583296319300F344860834119FB8F128
:1002A000000FA8BFA7EB0807002F00F30183DDF8BC
:1002B00044901BF4806FA94440F05D85279B129AFF
:1002C0009342C0F2E3811BF0010F40F0DF81129AEC
:1002D000AF18A7EB0907D51AAF42A8BF2F46002FCA
:1002E0000BDD319B3E440133072BC4F8009067605F
:1002F0003296319300F348860834002FA8BFED1BD7
:10030000002D7FF7D0AB102D319B7FF7EFAEDFF8DC
:1003100074901027DDF82480CDF8549004E0083460
:10032000103D102D7FF7E4AE01331036072BC4E9E2
:100330000097CDE93136F2DD4146504630AA01F052
:1003400035F800287FF43EABDDE9313633ACE7E722
:100350001BF0010F7FF4ECAE0123072FCDE93176BE
:10036000256063607FF712AF5046099930AA01F00B
:100370001DF800287FF426ABDDE931760DF1CC09BC
:1003800004E700BF6023020070230200129B012BD0
:100390007FF7FCAE112B40F37387AB4BCDF828B041
:1003A00010259B46DDF82480159305E009F1080926
:1003B000103C102C40F3C18201371036072FC9E9D9
:1003C00000B5CDE93176F1DD4146504630AA00F066
:1003D000EDFF00287FF4F6AADDE931760DF1CC09B6
:1003E000E6E75046099930AA00F0E0FF00287FF4C4
:1003F000E9AA329E33ACFFF746BB0F9951F8043B94
:100400000F9117F010014FD117F0400047D00A4666
:100410009BB201217DE40F9951F8043B0F911BF031
:1004200010017FF473AC1BF0400000F095820A4687
:100430009BB26BE4099DA86DFCF7EAFEB5F90C20B0
:100440006B6EFFF789B91BF0010F3FF42CAB59E538
:1004500001236360319B7D4A01330136072B3296BD
:100460003193226000F32E850834002940F0468243
:10047000129A0BF0010313433FF415AB189B199A22
:100480001E44C4E90023319B32960133072B31937C
:1004900000F32E8304F1080241E25CAD81E517F41C
:1004A00000721CBF0246DBB2012132E41BF4007F64
:1004B00040F0EB82DA1711460029BFF6FEAB5B4233
:1004C0005F464FF02D004FF0010162EB420221E444
:1004D0001BF0100F40F0E6811BF0400F40F0CF8280
:1004E0001BF4007F00F0DE810F9B0B9A1B681A70D3
:1004F00093E4DDE9160102460B460CF0E1F8002812
:1005000040F02586B9F1610F00F01785B9F1410F70
:1005100000F0C1820A9B013300F0118629F020030C
:10052000472B00F0E1850E90DDE91612002A1346F4
:100530004BF48078C0F2D38400231593DDE91623B1
:10054000CDE92223A9F14103252B00F21782DFE830
:1005500013F02103150215021502E102AE03150284
:1005600015021502150215021502150215021502D3
:1005700015021502150215021502150215021502C3
:1005800015021502150215021502150215021502B3
:1005900015022103150215021502E102AE032C4BD0
:1005A00010961A931BF020027ED00F9B073323F086
:1005B000070319465A6851F8083B0F911BF0010FC9
:1005C00009D053EA020106D030218DF899904BF002
:1005D000020B8DF8981002212BF48067FFF799BB6E
:1005E0001096FFF786BB5F461096FFF7B3BB194B1B
:1005F00010961A93D6E75046099930AA00F0D6FE15
:1006000000287FF4DFA9329E33ACFFF736BA50469C
:10061000099930AA00F0CAFE00287FF4D3A9329EBF
:1006200033AC7CE40A9B2946062B28BF06232A46C6
:100630000A950E95CDE91311074D06930F970D936B
:100640001191FFF78DBA00BF60230200F41F020072
:10065000D81F0200C41F0200EC1F02000822002164
:100660002EA8FCF7C7FB0F9A43AD2EAB2946504688
:10067000126805F061FF034601330D9000F0048617
:100680000D9B23EAE3730693FFF7D0BA189A1999E2
:100690001644C4E90012319A32960132072A319287
:1006A00000F34D84083412E60F9951F8043B0F9182
:1006B0001BF0100182D11BF0400000F054810A466B
:1006C0009BB27BE70A9B5CAD0D936AE450460999A7
:1006D00030AA00F06BFE00287FF474A9DDE93176C2
:1006E0000DF1CC092CE55046099930AA00F05EFEC8
:1006F00000287FF467A9DDE931760DF1CC092CE5FE
:10070000CDE90D9707F480664FF0000EDFF864B274
:100710001B9F0DF5B87C069406E00A2B72F10002CF
:1007200037D343462246AC46991841F10001ABFB52
:10073000010424F0030000EB94004FF0CC34091ABC
:10074000581A04FB00F462F10009A0FB0B800BFBBC
:1007500009440444052008F00109A9FB00094018D8
:100760004FEA5808303048EAC4780EF1010E0CF117
:10077000FF350CF8010C6408002ECED039788E4578
:10078000CBD1BEF1FF0FC8D00A2B72F1000280F06E
:10079000D2821B97069CCDF848E0DDE90D97FFF764
:1007A000FCBB5046099930AA159300F0FFFD0028C4
:1007B0007FF408A99DF89720329E159B33ACFFF774
:1007C0003BB95846FCF73CF8FEF7BDBF01295F4630
:1007D0007FF4D3ABEFE45046099930AA00F0E6FD70
:1007E00000287FF4EFA8329E33ACFFF786BB0DF1F3
:1007F000B8080822002140462995FCF7FBFA0A9B1D
:10080000002BC0F2898200260694CDF8349034463D
:1008100099460FE04346504643A905F08DFE431C20
:1008200006F10406204400F07984484506DC00F017
:10083000E4840446299B9A59002AEBD1DDF83490D0
:100840000D94069C0D9B002B00F05183632B40F30D
:10085000FB835046591CFDF769F80546002800F057
:1008600046850E90082200214046FCF7C3FA0D9EF3
:10087000294633465046CDF8008029AA05F0AEFE41
:10088000864240F02D8500230D9ACDE9133322EAEC
:10089000E271AB549DF897200F9706910A9311933C
:1008A000FFF75EB90F9B0B9A1B681A60FFF7B5BA8A
:1008B000102F319B40F30D852F4932464FF0100920
:1008C0000E46DDF82480159104E00834103F102F07
:1008D00040F33E8201331032072BC4E90069CDE9B1
:1008E0003132F2DD4146504630AA00F05FFD00286B
:1008F0007FF468A8DDE9313233ACE7E7189B199A39
:100900001E44C4E90023319B32960133072B3193F7
:1009100000F3EE8004F108020029C0F299831299D5
:1009200001330E44072BCDE93136156051603FF796
:10093000E9AB02F10804FFF7B6B8DDF828B00137DB
:10094000159B2644072FCDE93176C9F80030C9F848
:1009500004407FF719AC07E51BF400721CBF024688
:10096000DBB2FFF7D3B91BF400721CBF0246DBB247
:1009700024E600BFCDCCCCCC602302000A9B5046BD
:100980000193022300932EAB049329AB039327AB6F
:100990000293DDE9222301F0BFFF1BF0010F0546A2
:1009A00040F03F832E9B1B1A1293279B1193119BA0
:1009B000DA1C03DB0A9A9A4280F28E81119BA9F11C
:1009C0000209013B002127935FFA89F2002B8DF881
:1009D000A820B6BF2D222B22119B8DF8A920B8BFCD
:1009E000C3F10103092B40F36D830DF1BF073A46B4
:1009F000DFF8D0C21E461046ACFB0321C90801EB4C
:100A00008102A3EB42023032632E00F8012C0B4628
:100A100000F1FF32EEDC303302F8013C831EBB42B2
:100A200080F03A840DF1A90213F8011BBB4202F8D1
:100A3000011FF9D15CAB181AA0F1AD031C93129BF6
:100A40001C9A012B1A440D9240F374830D9B189A43
:100A500013440D932BF4806343F4807B00230D9AA1
:100A6000149322EAE272069213931193159B002BC2
:100A700040F021819DF897200A93FFF771B80F9BF2
:100A80000B9A1B681A80FFF7C8B943F3C0121146CE
:100A90005BB2FFF70FB958238DF8993030238DF8EA
:100AA00098300A9B4BF0020B632B00F3008300236A
:100AB00043AD0E9338E52846FCF708FD119B20EA6C
:100AC000E0714FF07309CDE913339DF897200F972C
:100AD0000D900A9306910E93FFF742B8504609997C
:100AE00030AA00F063FC00283EF456AFFEF771BF59
:100AF0005046099930AA00F059FC00287EF462AFF4
:100B0000DDE93136279933AA06E7886DFCF788FBC3
:100B1000FEF716BF02230A9A0132069200932EAB0B
:100B2000069E049329AB039327AB0196029350468C
:100B3000DDE9222301F0F0FE29F02007462F0546CB
:100B400018BF4527064405D12B78302B00F02B82A7
:100B5000279B1E440022DDE9220100230BF07EFDCD
:100B6000002840F05A822E9BB34206D230215A1CF4
:100B70002E9219702E9B9E42F9D8279A11925B1BD8
:100B8000472F12933FF413AF462F00F01A82119BA8
:100B9000013B17E727AADDE9220101F0E7FD00226A
:100BA0004FF07F530BF0F2FA02460B46CDE90623D5
:100BB000002200230BF052FD08B1012327930A9B6A
:100BC000414A591E414B2E46B9F1610F08BF1A46E2
:100BD0000D94CDF84490CDF848B01395D346DDE997
:100BE0000645894692460A9207E0002200230BF050
:100BF00035FD002840F0EE82B9460022344B2046F5
:100C000029460BF0C3FA0D4604460BF06FFD8046F3
:100C10000BF052FA02460B46204629460BF0FEF82E
:100C20001AF80830B9F1FF3F324604460D4609F183
:100C3000FF3706F8013BD8D11746264B0022CDE9F5
:100C40000645DA46DDE912B5DDF844900D9C0BF05F
:100C50002DFD002800F024830A992E9716F8012C08
:100C6000C97B33468A4209D1302003F8010C2E9B00
:100C70005A1E2E9213F8012C8A42F6D0392A0BBF45
:100C80000A9A0132927AD2B203F8012C33465B1BE6
:100C90001293279BB9F1610F119303F1FF3327934F
:100CA00000F0BA8250224FF0410901218EE60A9BE2
:100CB0000693032332E72D2200238DF897200A9311
:100CC000FEF751BFCDCCCCCCD81F0200C41F020010
:100CD000000030400000E03FDDE91123934200F3C3
:100CE000A8811BF0010F119B00F05482189A134445
:100CF0000D931BF4806F00F05982119B4FF0670930
:100D0000002B00F372810D9B23EAE373069300230B
:100D1000C346CDE91333A9E6002350461946CDF862
:100D2000008029AA05F05AFC034601330D9000F01B
:100D3000F581299586E5209B1D99ED1A1A462846CE
:100D400000F0CCFE7B7803B101374FF0000EE8E4F1
:100D500016460133159A3E44072BCDE93136226001
:100D6000676000F3CF810834FFF7A1BA2D228DF818
:100D70009720FEF7E4BE129B2246EB180A93139BC2
:100D80004C46002B3146DDF85080CDF844B0DDF8FC
:100D90006C90209EDDF824B014952EDDB8F1000F84
:100DA0007DDD08F1FF3831981D9B01303144072863
:100DB000C2E900363291319066DC08320A9B99F81C
:100DC00000001F1B8742A8BF0746002F0BDD31988C
:100DD000394401300728C2E900473291319064DC80
:100DE00099F800000832002FB4BF0546C51B002D3E
:100DF00015DC0444139B002BD0DCB8F1000FD0DCD1
:100E0000CDF86C90A146149D129B1446EB189945A1
:100E10000E4628BF9946DDF844B0FFF74FBA102DB3
:100E20003198AF4B23DD0D9410272C461D4604E06E
:100E3000103C102C02F1080216DD0130A84B1031D5
:100E40000728C2E90037CDE93101F1DD59465046A6
:100E500030AA00F0ABFA00287EF4B4ADDDE9310130
:100E6000103C102C33AAE8DC2B4625460D9C0130A3
:100E700029440728CDE931011360556043DC99F816
:100E8000000008320444B5E75946504630AA00F045
:100E90008DFA00287EF496AD329933AA8EE7139B23
:100EA00009F1FF39013B13937DE75946504630AABB
:100EB00000F07CFA00287EF485AD99F800003299A4
:100EC00033AA90E75046099930AA00F06FFA00283B
:100ED0007EF478AD2799329E33ACFFF7C6BA2291E3
:100EE0002D2103F1004315912393FFF72BBB0D9B9D
:100EF0009DF89720CDE913330F9706930A9311932A
:100F00000E93FEF72DBE5946504630AA00F04EFA19
:100F100000287EF457AD99F80000329933AA0444B2
:100F200068E75046099930AA00F040FA00287EF49C
:100F300049AD329E33ACFFF7B1B97823ACE55046EA
:100F4000099930AA00F032FA00287EF43BAD279BC5
:100F5000329E33ACFFF7BBB962491591FEF736BE3E
:100F6000DC0707D4099B9B89980503D4099B986DDE
:100F7000FCF756F94FF0FF330B93FEF735BD002316
:100F80000E460A93FEF746BC5046099930AA00F077
:100F90000DFA00287EF416AD279D129B329E33ACCD
:100FA0005D1BFFF7AAB90022DDE9220100230BF047
:100FB00055FB002800F03281279B1E441193731BC0
:100FC000129311990A9A0BF00103002943EA0203D4
:100FD00040F34381002B40F017814FF06609119BCD
:100FE0000D931BF4806F3FF48EAE1B990B78FF2B93
:100FF00000F072810026119A304604E00130013180
:10100000FF2B00F0D680934280F2D380D21A4B7827
:10101000002BF3D10B780136F2E7279A3346119271
:10102000ADE50A9B4727C61894E52E4A1592FFF7AF
:101030000AB9129B189A9A18119B0D92002B40F333
:10104000AB804FF06709CCE7002343AD0E9309E472
:101050004F4210311DDADFF888801024CDF854801B
:1010600003E00832103F102F15DD01331036072B37
:10107000C2E90084CDE93136F3DD5046099930AA42
:1010800000F094F900287EF49DACDDE9313633AAF6
:10109000E8E713491591013315993E44072BCDE933
:1010A00031361160576000F3CB80083237E4504688
:1010B000591CFCF73BFC0546002800F0E5800E902B
:1010C000FFF732BA00293FD130228DF8AA200DF166
:1010D000AB02303302F8013B2AABD31A1C93AEE4C7
:1010E00060230200702302000A9B002B7FF41BAADE
:1010F0000A9B0E9301230A93FFF716BA804A1592B2
:10110000FEF7A8BF5046099930AA00F04FF9002811
:101110007EF458AC329E33ACFFF7C9B80022D346F8
:10112000099B0E92B3F90C3043F04003099A938166
:10113000FEF749BC1BF0010F3FF48CAC86E406239C
:101140000E900A93FFF7F0B90DF1AA02C1E7179BC1
:101150000320002BB8BF2D224FF00003A8BF9DF83D
:10116000972019460E93674D674BB8BF8DF89720AF
:101170002BF0800B0690FEF7EABC0A9B4FF0730938
:10118000CDE913009DF897200F9706930D930A90D1
:10119000FEF7E6BC0D93ACE5C3F101031A4422EA65
:1011A000E2734FF067090D920693B0E54FF06709BF
:1011B000A9E5CDE913061B911192DDE913232099CE
:1011C00013440D9AC34601FB03230D9323EAE373F3
:1011D00006934BE449460029DA46DDE912B50D9C39
:1011E000DDF84490FFF652AD4B1C302231463344BB
:1011F00001F8012B8B42FBD149E50A9BDDF83490C5
:10120000069C0D93FFF71EBB1346189A4FF0660914
:1012100013440B440D93E4E6702246E5069BC3F1AC
:101220000103279395E4099A536EDF073FF5A2AEB9
:1012300093899E053FF59EAE906DFBF7F1FF99E611
:101240005046099930AA00F0B1F800287EF4BAABF4
:10125000DDE9313633AAFFF762BB2BB901234FF02A
:10126000660906930D9352E5189B4FF0660903F14A
:10127000010B0A9B5B440D9323EAE373069346E557
:101280001F4B1593FFF75BBB099AB2F90C3043F083
:1012900040039381FEF7A0BB02231C93FFF7CFBB53
:1012A0000022DDE90601194B0BF0D8F900283FF4C4
:1012B000EDAC18F0010F3FF4E9ACCDE40F9A737870
:1012C0000E4652F8041B0F9241EAE1720A92FEF7B1
:1012D0009FBA0B4A15923CE50023CDE913336CE726
:1012E000099BD346B3F90C3043F040031EE7099B3A
:1012F000D346B3F90C300E9043F0400316E700BF1D
:1013000060230200C01F0200BC1F02000000E03F7B
:101310008C4600B586461346034A714610685DF850
:1013200004EB6246FEF7F2B994000020F0B54FF4EA
:1013300080640026ADF26C4D1AADCDE905461F461E
:1013400006460095049515468B8916A823F00203DE
:10135000ADF80C304B6E02941993CB890C46ADF866
:101360000E30CB6907934B6A0993FBF749FF2A4676
:101370003B4669463046FEF7C9F9051E07DB69465C
:101380003046FBF7D9F8002818BF4FF0FF35BDF8FD
:101390000C305B0603D5A38943F04003A381169864
:1013A000FBF732FF28460DF26C4DF0BD936810B587
:1013B00014461BB918460023636010BD00F06EF898
:1013C0000023A3600023636010BD00BF70B5002937
:1013D0003FD006460C4610B1436B002B3CD0636EE9
:1013E000B4F90C20DD0732D4900538D521463046BB
:1013F000FBF70EF8E36A054633B13046E1699847DA
:101400000028B8BF4FF0FF35A3891A0639D4216BE5
:1014100041B104F14003994202D03046FCF78AF909
:1014200000232363616C21B13046FCF783F900236C
:101430006364FBF723FA0022636EA281DB071CD5ED
:10144000A06DFBF7E1FEFBF71FFA284670BD002AEE
:10145000CCD10025284670BDFBF7F2F9BFE7A06D9F
:10146000FBF7D6FEB4F90C30002BBFD1636ED90761
:10147000EFD4A06DFBF7D4FEEBE7A06DFBF7D0FE39
:10148000DEE730462169FCF755F9C0E7024B01461B
:101490001868FFF79BBF00BF940000209368002BE3
:1014A00000F0F0802DE9F04FB1F90CC090461CF02F
:1014B000080F81460C4683B02BD00B694BB31CF050
:1014C0000207D8F8006032D04FF0000A5546D4F831
:1014D00024B0E169AB4FC5B1BD422B46524628BF8F
:1014E0003B464846D847002840F3C280D8F8083029
:1014F00082441B1A2D1AC8F80830002B00F0AE8069
:10150000D4F824B0E169002DE6D1D6E900A508366B
:10151000E1E721464846FBF70BFC002840F0AD8090
:10152000B4F90CC0D8F800601CF00207CCD11CF054
:10153000010A63D157462368A16818468B46002FDD
:1015400058D01CF4007F00F0B180B9420A4600F286
:10155000DD801CF4906F2FD0216962695D1A02EB67
:10156000420202EBD2726B1C52103B44934292BF78
:1015700093469B461A461CF4806F00F0E6801146A5
:101580004846FCF7D3F9002800F0F5802A46216987
:101590000190FBF725FFA289019B22F4906242F0A3
:1015A0008002A2815819C4F814B0ABEB05053A4685
:1015B000BB462361A56020603D460027514601924D
:1015C00000F00EFAA1682368019AA1EB0B011A44FE
:1015D000A1602260D8F80830AA445B1BC8F8083024
:1015E000002B3BD02368A16818468B46B4F90CC089
:1015F000002FA6D1D6E900A708369EE73846BB469D
:101600003D46002D40D0002845D03A46D4E904C3D9
:101610002068AA4228BF2A466045A16804D901EB88
:10162000030A524500F38280934272DC5A464846D0
:10163000E169D4F824C0E047B0F1000A18DDB7EB47
:101640000A070FD00120D8F80830D344A3EB0A03CF
:10165000A5EB0A05C8F80830002BD2D1002003B052
:10166000BDE8F08F21464846FAF766FF0028EAD029
:10167000B4F90C3043F04003A3814FF0FF3003B0C6
:10168000BDE8F08F00207047756833460836002D9E
:10169000FAD0D3F800B02A460A21584601F016F8CD
:1016A000002865D00130A0EB0B07AEE722699A4213
:1016B00014D36569BD4211D86FF00043BB4228BF07
:1016C0003B4693FBF5F3524605FB03F34846656A38
:1016D000E169A847051ECBDD7F1B7BE7B94228BF28
:1016E00039460D46184651462A4600F079F9A16858
:1016F0002368491B2B44A16023600029ECD12146BB
:101700004846FAF719FF0028E6D0B1E7BB463A464B
:1017100052E75946019200F063F9019AA368924694
:101720009B1AA36023681344236088E759465246F6
:1017300000F056F923682146534448462360FAF7DF
:10174000FBFE00283FF47BAF92E7484603F01EF80B
:10175000034600287FF426AF48462169FBF7EAFFDD
:101760000C22B4F90C30C9F8002023F0800381E783
:101770006A1C17464AE70C22B4F90C30C9F800205D
:1017800078E700BF00FCFF7F2DE9F041B1F90C3094
:101790000C46990796B008D5012204F14303C4E929
:1017A0000432236016B0BDE8F081B4F90E1006468D
:1017B000002926DB6A4600F0E5FE00281FDB019DBC
:1017C0004FF4806805F47045A5F50055B5FA85F528
:1017D0004FF400676D0941463046FCF7A7F8E8B1C1
:1017E000B4F90C30C4F8148043F080032060206109
:1017F000A3813DBB3B43A38116B0BDE8F081B4F9A2
:101800000C3013F0800519D04FF0400800254146F8
:1018100030462F46FCF78AF80028E1D1B4F90C30A5
:101820009A05BFD4012123F0030304F1430243F0DE
:101830000203C4E90421A3812260B3E74FF4806866
:101840002F46C8E73046B4F90E1000F0AFFE10B9CD
:10185000B4F90C30CEE7A38923F0030343F001036E
:101860001BB2C7E770B50C46B1F90E10154600293A
:101870001E4696B014DB6A4600F084FE00280FDB9B
:1018800001994FF4806301F47041A1F50051B1FA60
:1018900081F14FF40060490931602B6016B070BDD2
:1018A000A18911F0800106D0002140230846316053
:1018B0002B6016B070BD4FF48063084631602B601A
:1018C00016B070BD70B50D7804465E2D25D04FF072
:1018D000000EF446481C002223466EF307026EF306
:1018E0000F226EF3174204F580716EF31F6243F806
:1018F000042B8B42FBD175B18CF00101615500F1D5
:10190000010E1EF8013C2D2B0FD05D2B0BD01BB10F
:101910001D467046F2E7013870BD4FF0010E4D785C
:10192000F446881CD7E7704670BD90F801C0BCF142
:101930005D0FEDD06545EBDC6E1C0230A21902F89C
:10194000011B131B013B9C45F9DCACEB0503013B80
:101950006545A8BF00230EF1020EF518D1E700BFC0
:101960000CB470B50C4600256FF000469CB00A4AD6
:1019700020AB059253F8042B02A9CDE901341B9545
:1019800004960796069406F0FDFA029B1D701CB0A3
:10199000BDE8704002B070470802FFFF0EB470B59A
:1019A00004466FF0004600259DB00B4A21AB0B4961
:1019B000106853F8042B059102A9CDE9013404966F
:1019C00007961B95069406F0DDFA029B1D701DB06C
:1019D000BDE8704003B07047940000200802FFFF8C
:1019E00088420ED98B1883420BD900EB020C002AD7
:1019F0006DD0624613F801CD994202F801CDF9D1BC
:101A000070470F2A0FD8034602F1FF3C002A5ED030
:101A10000CF1010C013B8C4411F8012B614503F8DA
:101A2000012FF9D1704740EA01039B0750D1A2F181
:101A3000100370B501F1200C23F00F0501F1100E19
:101A400000F11004AC441B095EF8105C0EF1100E9E
:101A500044F8105C5EF81C5C103444F81C5C5EF8C2
:101A6000185C44F8185C5EF8145CE64544F8145CB5
:101A7000EAD1013312F00C0F01EB031102F00F0455
:101A800000EB031328D08E46043C24F003064FEAF3
:101A9000940C1E441C1F5EF8045B44F8045FB442BF
:101AA000F9D10CF1010402F0030203EB840301EB12
:101AB000840102F1FF3C4AB10CF1010C013B8C4462
:101AC00011F8012B614503F8012FF9D170BD704762
:101AD000034602F1FF3C9BE72246EAE740EA0103A6
:101AE0009B0710B524D1032A22D98E468446DEF8FE
:101AF00000407146A4F1013323EA040313F0803F50
:101B00000EF1040E15D1043A032A4CF8044BEED81A
:101B1000714601F1FF3E52B163461EF8011F541E8B
:101B200003F8011B41B122469C46002AF4D110BDA6
:101B3000844601F1FF3EEEE79444002CF7D003F811
:101B4000011B6345FBD110BD40EA01039B0710B4A4
:101B5000044602D1032A8C4615D801F1FF3C52B14C
:101B600023461CF8011F501E03F8011BC1B1024699
:101B70001C46002AF4D1204610BC7047043A032AC0
:101B800044F8040B16D9DCF800006146A0F10133DB
:101B900023EA000313F0803F0CF1040CEED0DCE7E5
:101BA00060B1A01803F8011B8342FBD1002CE2D1E5
:101BB00010BC7047614601F1FF3CD0E71846002C8D
:101BC000D9D1F5E7F8B5114D1149124800F020FDC3
:101BD0002C4605F1A006A5F1200721463846FBF763
:101BE00021FB203418B9B442F7D10A48F8BD0A4F96
:101BF000084C3946204608F07FF829462046203513
:101C000008F07AF8B542F4D10248F8BD1807002070
:101C1000F8060020F0050020F81F02002DE9F04F23
:101C200000EB411705460E468FB039461046144664
:101C3000FBF7F8FA18B938460FB0BDE8F08F204628
:101C4000A749FBF7EFFA002800F0B2802046A5492B
:101C5000FBF7E8FA70B32378432B00F0AE80613BCA
:101C6000192B16D86378613B192B12D8A378A3F1EE
:101C70006102192A96BFE37804F1020904F103090D
:101C80005F2B08D02E2B00F0BF8213F0BF0F00F0A7
:101C9000AD800027CFE799F80130413B192BF8D8E8
:101CA00099F80230413B192BF3D899F8033009F128
:101CB0000309E7E70DF1180840468B4900F0A8FC3E
:101CC0004FF00009CA46CDF804909DF81830413B0A
:101CD000342BDED801A252F823F000BFD720010038
:101CE000931C010079200100931C01003D2001009C
:101CF000931C010009200100931C0100EF2001004A
:101D0000E91F01002D1F0100931C0100931C01001D
:101D1000931C0100931C0100C91E0100931C0100CB
:101D2000931C01007F1E01001F1E01009F1E010069
:101D3000931C0100931C0100931C0100931C0100E3
:101D4000931C0100931C0100931C0100931C0100D3
:101D5000931C0100931C0100931C0100D72001007B
:101D6000931C010079200100931C01003D2001001B
:101D7000931C010009200100931C0100EF200100C9
:101D8000E91F01002D1F0100931C0100931C01009D
:101D9000931C0100931C0100C91E0100931C01004B
:101DA000931C01007F1E01001F1E01009F1E0100E9
:101DB00020464C4900F02CFC48E763782D3B012B72
:101DC0003FF667AF04F102090DF118084946404695
:101DD00000F01EFC40214046FBF75CF808B10023F0
:101DE00003704046FBF772FB814405E00DF11808D3
:101DF00040463E4900F00CFC99F80030402B7FF43F
:101E00005FAF09F1010B58463949FBF70BFA8246DF
:101E1000002840F0FC8101238146019355E703220D
:101E20004046344907F0ACFF00287FF432AF9DF8FC
:101E30001B3031492D2B14BF0DF11B0007A8FBF7F8
:101E4000F1F900287FF425AF40462C4900F0E0FB73
:101E50004FF0010B2A4B2B4A022E00F0A881062ED0
:101E600004D1414605F5A57000F0D2FB2146384665
:101E700000F0CEFB074638460FB0BDE8F08F404675
:101E8000214907F017FF00287FF403AF40461E49A1
:101E900000F0BEFB4FF0020B1C4B1D4ADCE7404636
:101EA0001C4907F007FF30B140461B4907F002FF0D
:101EB00000287FF4EEAE4046164900F0A9FB4FF033
:101EC000060B164B164AC7E74046164907F0F2FEC6
:101ED00000287FF4DEAE4046134900F099FBB7E7D7
:101EE000FC1F020004200200082002001020020053
:101EF0001C200200CC200200D0200200D4200200CE
:101F000071380100055F010060200200713A010094
:101F1000C15F01003C200200442002009D38010006
:101F2000215F0100BC200200C420020004224046C0
:101F3000C84907F025FF00287FF4ABAE9DF81C30A0
:101F40002D2B08BF9DF81D30523B232B3FF6A1AE31
:101F500001A252F823F000BFA5210100931C01004B
:101F60009B21010091210100931C0100931C0100A1
:101F7000931C0100931C0100931C0100931C0100A1
:101F8000931C0100931C0100931C0100931C010091
:101F9000931C0100931C0100931C0100931C010081
:101FA000931C0100931C0100931C0100931C010071
:101FB000931C0100931C0100931C0100931C010061
:101FC000931C0100931C0100931C0100931C010051
:101FD000931C0100931C0100A5210100931C01002A
:101FE0009B2101009121010040469B4907F062FEC0
:101FF00000287FF44EAE4046974900F009FB4FF0B1
:10200000080B964B964A27E708224046954907F069
:10201000B7FE00287FF43DAE9DF8203092492D2B6D
:1020200014BF08A80DF1210007F044FE00287FF43A
:1020300030AE40468D4900F0EBFA09E703224046F6
:102040008B4907F09DFE00287FF423AE9DF81B30DE
:1020500088492D2B14BF0DF11B0007A807F02AFE9D
:1020600000287FF416AE4046834900F0D1FA4FF0C5
:10207000030B824B824AEFE69DF8193003F0DF0331
:10208000502B7FF406AE02227E494046FFF726FD24
:102090000A2205A90DF11A0003F064FE059B1B78C6
:1020A000002B7FF4F6ADB0F5697F3FF4F3AE00F39B
:1020B000B88040F26A3398423FF7EBAD40F25133BB
:1020C000984240F3F780704BA0F25230C340DB07D8
:1020D0003FF5BEAEDDE540466C4907F0EBFD00285C
:1020E0007FF4D7AD4046694900F092FAB0E603228A
:1020F0004046674907F044FE00287FF4CAAD9DF8CA
:102100001B3004222D2B14BF0DF11B0B0DF11C0BEA
:102110005846604907F034FE00287FF4BAAD9BF8BA
:1021200004300A222D2B14BF0BF104000BF1050023
:1021300005A903F017FE431E0F2B83463FF6A9ADFA
:102140000C283FF4A6AD059B1B78002B7FF4A1ADB6
:102150005149404600F05CFABBF10A0FC4BF31237D
:102160008DF821304FF000034C49CCBF0DF1220215
:102170000DF12102537081FB0B314FEAEB73C3EB7E
:10218000A10303EB8303ABEB4303303313705FE630
:102190004046434900F03CFA5AE64046414900F0C7
:1021A00037FA55E64046404900F032FA50E64146DB
:1021B00005F59570CDE9022300F02AFA029A039BF7
:1021C00041462846C5F8E020C5F8E43085F828B136
:1021D000FAF70EF9B9F1000F0CD1BAF1000F09D1DD
:1021E000BBF1010F06D09DF81890B9F1550918BF41
:1021F0004FF00109019B13B9C5F8E89036E64FF09E
:10220000FF33C5F8E83031E609F10109DCE558464D
:102210002649FBF707F8814670B94FF0010A019093
:1022200053E540F2654398423FF412AEA0F2E2401B
:1022300008287FF60DAE2CE558461D49FAF7F2FF47
:102240004FF0000AB0FA80F9CDF804A04FEA59190E
:102250003BE500BF842002004C200200C13B01008E
:1022600085600100A4200200B0200200B42002001A
:10227000502002005420020058200200013B0100BF
:102280001560010080200200A51101010820020054
:10229000682002006C2002007420020067666666F7
:1022A000942002009C2002008C20020028200200C2
:1022B0003420020040F2E12398423FF4C9AD09DC2A
:1022C00040F2B51398423FF4C3ADB0F5347F7FF4CC
:1022D000E0ACBDE540F2073398427FF4DAACB7E5F5
:1022E00038B50D460E49044601F0A0FA08B103784E
:1022F00093B90C4B204653F8251001F097FA08B11A
:1023000003784BB92046084901F090FA28B10278C9
:10231000064B002A08BF184638BD044838BD00BF28
:10232000DC200200EC240200E4200200440800202B
:1023300006292DE9F84F804665D88B469246002A3B
:1023400000F09C80DFF8EC917B4E4C46354609F15D
:10235000C00729462046203400F05AF9BC4205F156
:102360002005F6D19AF800309BBBBBF1000F40F07E
:102370008B8001246F4F21464046FFF7B1FF054691
:10238000FBF7A4F81F283ED838462946013400F050
:102390003FF9072C07F12007EDD1DFF8A0B10124A8
:1023A0005D46644FDFF898A13146284600F030F9C9
:1023B0003A4621465046FFF731FC2035203620377B
:1023C000002872D00134072CEED1BDE8F84FFFF79A
:1023D000F9BBBBF1000F1BD05046FBF777F81F2865
:1023E00011D8584C514604EB4B14204600F010F91C
:1023F000224659465248FFF711FC0446FFF7E2FB1C
:102400002046BDE8F88F16270024C8F80070F7E7CB
:102410002F215046FAF73EFD044600287BD0427833
:102420002F2A08BF431C04D11C4613F8012F2F2A62
:10243000FAD0002AE7D00125DFF8F8B0A4EB0A02B1
:102440001F2AE0DC51465846013207F075FC23781C
:1024500001352F2B03D114F8013F2F2BFBD0002B7C
:1024600048D0224612F8013F0BB12F2BFAD1072D8D
:102470000BF1200B91D0A2461446DFE7002948D08B
:102480002F4C04EB4114BBE759464046FFF728FFA9
:102490000546FBF71BF81F28B5D82A4C294604EB44
:1024A0004B14204600F0B4F8A2E7012CD8F80070D5
:1024B000AAD00125224EDFF890A006E00135A54202
:1024C00009F120090BF1200B9ED05946484600F037
:1024D0009FF84A4629463046FFF7A0FB0028EDD179
:1024E0005146484600F094F84A4629463046FFF7E0
:1024F00095FBE3E7072D3FF450AF124C04EB451476
:102500002046A4F12001203400F082F8BC42F7D12B
:1025100043E70E4C74E75046FAF7D8FF1F283FF602
:1025200072AF044C20465146203400F071F8BC4292
:10253000F8D132E748640020F806002068630020E4
:10254000D80600202864002004200200F0050020A6
:10255000014B93F828017047D806002003460A462D
:10256000024908681946FFF7E3BE00BF9400002047
:10257000F030704700487047C80700200048704797
:10258000C807002070B50026074D044608461146CE
:102590002E60EEF758F9431C00D070BD2B68002B5D
:1025A000FBD0236070BD00BF5C610020002238B505
:1025B000064D044608462A60EEF75BF9431C00D03E
:1025C00038BD2B68002BFBD0236038BD5C61002038
:1025D000002238B5064D044608462A60EEF7A6F9F3
:1025E000431C00D038BD2B68002BFBD0236038BDC6
:1025F0005C610020082802D14FF48050704708B574
:10260000FAF7BAFD162203464FF0FF301A6008BDF4
:1026100080EA0102844612F0030F4FD111F0030F3C
:1026200032D14DF8044D11F0040F51F8043B0BD09A
:10263000A3F101329A4312F0803F04BF4CF8043BEF
:1026400051F8043B16D100BF51F8044BA3F10132FD
:102650009A4312F0803FA4F101320BD14CF8043BB5
:10266000A24312F0803F04BF51F8043B4CF8044BE6
:10267000EAD023460CF8013B13F0FF0F4FEA332357
:10268000F8D15DF8044B704711F0010F06D011F836
:10269000012B0CF8012B002A08BF704711F0020F24
:1026A000BFD031F8022B12F0FF0F16BF2CF8022B0F
:1026B0008CF8002012F47F4FB3D1704711F8012B32
:1026C0000CF8012B002AF9D1704700BF5FFA81FC9A
:1026D000810744D00346511E22B909E09A0709D068
:1026E000013905D31846027801336245F6D17047A7
:1026F00000207047184603290CD80029F8D003465B
:10270000014401E08B42F3D0184613F8012B6245D7
:10271000F8D1704710B50CEB0C24024604EB0444CE
:1027200002E00439032915D9104652F8043B6340EE
:10273000A3F1013E2EEA030313F0803FF1D00346DC
:10274000014401E08B4208D0184613F8012B624582
:10275000F8D110BD10460029F1D1002010BD11465E
:10276000C9E700BF004870470000C07FF8B50027E8
:10277000DFF858C021F00043634504460D4617605A
:1027800021D8844653EA0C0C1DD0DFF844C016460D
:1027900001EA0C0C0A46BCF1000F09D100220D4BD6
:1027A00009F0F4FC6FF0350704460A4621F00043B7
:1027B0001B156FF31E52A3F2FE333B4442F07F55CC
:1027C000336045F4001520462946F8BDFFFFEF7F32
:1027D0000000F07F000050432DE9F04F03690C69C1
:1027E00085B0A342C0F291808146013C01F11405FD
:1027F00009F1140855F8243058F824C001339C45D9
:10280000BCFBF3F64FEA840005EB840708EB840277
:1028100043D34FF0000CAA46CDE90105C6466346F6
:1028200065469346CDF80C805AF8040BDEF800207C
:102830001FFA80FC06FB0C554FEA10484FEA154C76
:1028400006FB08CCADB290B2401B18441FFA8CF3C3
:10285000C3EB204303EB124380B240EA03405745E9
:102860004EF8040B4FEA1C454FEA2343DCD2DDE966
:102870000105DDF80C8058F8003073B9ABF10402A3
:10288000904504D307E0904504F1FF3403D252F899
:102890000439002BF7D0C9F81040484601F00AFD72
:1028A00000282EDB4146002255F8040BD1F800C069
:1028B0001FFA80FE1FFA8CF3A3EB0E031344020CE5
:1028C000C2EB234202EB1C429BB243EA0243AF42FB
:1028D00041F8043B4FEA2242E6D258F8242008EBA4
:1028E00084036AB9043B434504D807E0984504F1E2
:1028F000FF3403D253F80429002AF7D0C9F8104056
:102900000136304605B0BDE8F08F002005B0BDE8C7
:10291000F08F00BF000000002DE9F04F16461F4663
:10292000816B9DB0CDE90667299D039049B10123D4
:10293000C26B044693408B604A6001F007FA0023A3
:10294000A363B7F10009B4BF012300232B60784BC8
:10295000BCBF29F00049CDF81C9033EA090300F010
:10296000AD80DDE906341846214600220023CDE97A
:10297000040109F073FE804668B10123289A1360B0
:102980002A9B13B16B4B2A9A13606B4B08930898E0
:102990001DB0BDE8F08F1AAB01931BAB00930398F9
:1029A000DDE9042301F0E4FD5FEA1955824640F0B9
:1029B0009B80DDE91A85454405F23243202B40F324
:1029C0008B83C3F1400309FA03F905F2124326FA97
:1029D00003F349EA030009F05FFB0123013D119372
:1029E000A1F1F8710022554B09F018FA4AA3D3E976
:1029F000002309F0CBFB4AA3D3E9002309F010FA26
:102A0000064628460F4609F057FB47A3D3E90023A3
:102A100009F0BCFB02460B463046394609F000FA85
:102A200006460F4609F062FE002204460990002384
:102A30003046394609F01CFE002840F02383099CEB
:102A4000A8EB050808F1FF33162C0A9300F28F81DA
:102A5000DDE904013A4B03EBC403D3E9002309F099
:102A600007FE002872D0631E09930023109308F11B
:102A7000FF33002BC0F2828100230B93099B002BB4
:102A80006ADA099B0B9A0E93D21A5B420F930023CA
:102A90000993269B0B92092B68D8052B40F32183C1
:102AA0000025043B2693269B023B032B00F23F8626
:102AB000DFE813F070046D046404480442F20F73FD
:102AC000289AC9F3130959EA060913601CD12A9BF5
:102AD000002B00F04C861B4B089308332A9A089869
:102AE00013601DB0BDE8F08FDDE90412C2F31303DB
:102AF000084643F07F51CDF84480A5F2FF35DDF85C
:102B0000688041F440116DE72A9B002B40F0F5836B
:102B10000D4B08933BE700BF61436F63A787D23F2C
:102B2000B3C8608B288AC63FFB799F501344D33FBC
:102B30000000F07FF51F0200F41F02000000F83FC4
:102B4000F82502003421020040210200B8F1000FF4
:102B500040F3A88410900B90DDE9092313440A93F5
:102B600000230F93269B0E92092B96D90023012553
:102B70004FF0FF3B269327930C950021039BCDF844
:102B800060B0D963039801F0BBF80890002800F00A
:102B9000D785039B089ABBF10E0F9A6300F2198147
:102BA000002D00F016810E99002940F34984B44BA2
:102BB00001F00F0203EBC203C8054FEA2115D3E968
:102BC000006740F10A84DDE90401AE4B4FF00309D0
:102BD000D3E9082309F004FCCDE9120105F00F0543
:102BE0008DB1DFF8A082E90709D5D8E90023304686
:102BF000394609F0CBFA06460F4609F101096D1076
:102C000008F10808EFD1DDE912013B46324609F030
:102C1000E7FB07468846109B43B1002238464146F1
:102C2000994B09F025FD002840F01085484609F031
:102C300043FA3A46434609F0A9FA0022934B09F0B9
:102C4000EFF80446A1F15075BBF1000F00F0AA8027
:102C50000E9BCDF848B019934146384609F046FD21
:102C60001299874BCDE9144503EBC10353E90234B4
:102C70000546CDE9163409F01FFA0B4602464146D7
:102C8000384609F0CBF8089F0C9B30357E1CECB21F
:102C9000804689463546002B00F06E84DDE9162318
:102CA00000207B4909F09CFBDDE9142309F0B6F80C
:102CB0003C7042464B4604460D4609F0F7FC00289E
:102CC00040F0BB84CDF850A0CDF858B00027AB46FB
:102CD000A246129D2AE00137AF4280F2018550469C
:102CE000594600226B4B09F051FA0022694B82468B
:102CF0008B464046494609F049FA8946804609F024
:102D0000F5FC044609F0D8F902460B464046494610
:102D100009F084F8303452465B4606F8014B804691
:102D2000894609F0A5FC002840F0D78442464B466E
:102D30000020554909F072F852465B4609F098FCAC
:102D40000028C8D0199B3746DDF850A0089A03F137
:102D5000010802E0974200F09F843E4617F8013DCB
:102D6000392BF7D00133DBB245463B7079E10123C3
:102D7000109308F1FF33002BBFF67EAEC8F10103BC
:102D80000B9300230A9379E6484609F095F93A46F1
:102D9000434609F0FBF900223C4B09F041F8044698
:102DA000A1F15075384600223B4B414609F036F8F8
:102DB00022462B4606460F4609F078FC002840F0D4
:102DC0007A8430463946224605F1004309F050FC2A
:102DD00028BB1B9B002BC0F291800E9A0E2A00F399
:102DE0008D80274B0E9A03EBC203D3E90034CDE963
:102DF0000634279B002B19DABBF1000F16DC0ED12D
:102E0000DDE906010022244B09F0C0F902460B4619
:102E1000DDE9040109F036FC002800F04C840023B1
:102E20001F46089E0493279BDD432DE2089B5D1CF3
:102E3000DDE90678DDE904013A46434609F0D0FAB7
:102E400009F054FC064609F037F93A46434609F0C2
:102E50009DF902460B46DDE9040108F0DFFF089A00
:102E600006F13003BBF1010F2F46137000F02583EC
:102E70000125CDF810A0A846DDE9069A2CE000BF98
:102E8000F8250200D02502000000F03F00001C40A1
:102E90000000E03F00002440000014404A46534632
:102EA0002046294609F09CFA09F020FC064609F064
:102EB00003F94A46534609F069F908F101080B463F
:102EC00002462946204608F0A9FF06F13003D845FE
:102ED00007F8013B00F0EF820022834B09F056F91E
:102EE0000022002304460D4609F0B8FB0028D5D087
:102EF0000E9D3E46DDF810A00135B2E00C9A002A86
:102F000040F0D68000231F460F9E0B9D0C9365B1A9
:102F10000A9900290B4608DDA942A8BF2B460B9A47
:102F2000ED1AD21ACB1A0B920A930F9B53B10C9B3A
:102F300013B1002E40F0FC8251460F9A039801F025
:102F4000E9F882460121039801F004F8099B0490F6
:102F5000002B40F0BD81269B012B40F3D381012043
:102F60000A9A104410F01F0000F09980C0F120036D
:102F7000042B40F3E2810B9BC0F11C00034402448C
:102F80000B9305440A920B9B002B05DD51461A4614
:102F9000039801F019F982460A9B002B05DDDDE953
:102FA00003011A4601F010F90490109B002B40F029
:102FB0007481BBF1000F40F34B810C9B002B40F060
:102FC000A2800E9D01350126DDE90394DDF8208005
:102FD00007E0514600230A22484600F0C1FE82461F
:102FE000013621465046FFF7F7FBB34500F13000AC
:102FF00008F8010BEDDCBBF1000FCCBF5E460126EB
:1030000081460024089B03EB060B514601220398DE
:1030100001F0DAF80499824601F04CF9002840F3F7
:10302000F081089A02E0934500F005821BF8013C0C
:103030005E46392B0BF1FF3BF5D001338BF80030A6
:10304000DDE90381404600F081FE57B12CB1BC425E
:1030500003D02146404600F079FE3946039800F03F
:1030600075FE5146039800F071FE00233370289BD3
:103070001D602A9B002B3FF48AAC08981E601DB08F
:10308000BDE8F08F204609F017F832463B4609F0BC
:10309000E5FA00287FF4D3AC631E0993CFE41C2328
:1030A0000B9A1D441A440B920A9A1A440A926AE730
:1030B000269A012A40F3B0810F9B0BF1FF36B342F1
:1030C000C0F26B81BBF1000FA3EB060680F2F78222
:1030D0000B9BA3EB0B056EE1C3F1200306FA03F093
:1030E00079E40125DFE400BF0000244039460023D5
:1030F0000A22039800F034FE189B0746002B40F389
:1031000007839B460E96002D05DD39462A46039817
:1031100001F05AF80746099B002B40F0ED81B846B4
:10312000089B1E46013B03EB0B04069B03F00103C7
:10313000CDE90A43039C04995046FFF74DFB3946FD
:103140008346504601F0B6F80499054642462046AB
:1031500001F0D0F8C36801460BF13009ABBB099010
:10316000504601F0A7F809990990204600F0EEFDBD
:10317000099A002A54D1269B1BB90B9B002B00F007
:10318000B582002D3FDBB3460A9B0BF8019B9E42A4
:1031900000F0C981514600230A22204600F0E0FDDC
:1031A0004745824639464FF000034FF00A02204659
:1031B00030D000F0D5FD414600230A2207462046C4
:1031C00000F0CEFD5E468046B5E7039800F0BEFDF8
:1031D000002D06DB069B03F00102269B1D432A43BC
:1031E00029D151460122039800F0EEFF049982464E
:1031F00001F060F8002840F3F880B9F1390F00F0D1
:1032000050820BF131090E9D3C460135474606F8C8
:10321000019B15E700F0A4FD5E46074680468AE75D
:10322000002DC0F29B82269B1D430B9B1D4300F08B
:103230009582002AA7DDB9F1390F00F032820E9D88
:1032400009F101033C460135474606F8013BF7E624
:10325000269B022B7FF7B1AEBBF1000F40F0298116
:103260005B4605220499039800F07AFD014604901C
:10327000504601F01FF8002840F31B8131230E9DBA
:10328000089E013506F8013BDDE9030100F05EFD13
:103290000135002F7FF4E1AEE3E65046049901F0DA
:1032A00009F80028BFF685AE514600230A2203988C
:1032B0000E9C00F055FD0C9B8246661E002B7FF491
:1032C00015AF189B002B40F318829B460E9D7AE6A3
:1032D00001461A46039800F01DFF269B0490012B1F
:1032E0006FDD00230993049A136902EB83031869C5
:1032F00000F0E0FDC0F1200032E69B4B0893033361
:10330000FFF7ECBB069B002B7FF429AEDDE906122C
:10331000C2F31303002B7FF422AE944B134033B15E
:103320000B9B01330B930A9B01330A930123099AE8
:103330000993002A3FF413AED5E73FF424AEC0F161
:103340003C03ADE601230C93279B0E9A134403F133
:10335000010B5E46012EB8BF01261893172E40F3CD
:103360000182012204235B0003F11400B0421146E4
:1033700002F10102F7D9039BD96303E401230C9303
:10338000279B002B38DD9B461E461893E6E700235B
:103390000C93D9E700230C93F2E70F9B0F96F31AD7
:1033A0000026099A1A440A9B09925B440A930B9BD4
:1033B0001D465B440B930121039800F0CBFD0746AB
:1033C000A5E5069B002B8CD1DDE90601C1F31303B3
:1033D0000A46002BA1D0099085E7DDE904344FF0BF
:1033E0000209CDE91234FFF7FBBB7FF40CAF19F0F3
:1033F000010F7FF402AF06E701239B462793FFF7F7
:10340000BCBB03D119F0010F7FF40BAE5E461BF875
:10341000013D302BFAD013E6119A002A00F09F806C
:1034200003F233430A9A0F9E1A440A920B9A1546E6
:103430001A440B92BFE73123089A01351370FFE558
:1034400000F0FE80DDE904010E9A494B554205F07B
:103450000F0203EBC203D3E9002308F097FE2D11FE
:10346000CDE9120100F05D8100234FF0020907460B
:103470008846404EEA070AD5D6E900233846414639
:1034800008F084FE01230746884609F101096D1002
:1034900006F10806EED1002B7FF4BDABDDE9127812
:1034A000FFF7B9BBC8F101030A900B931090FFF727
:1034B00053BB089EB7E4DDF810A002460B4608F0A7
:1034C000AFFC03460C46DDE906010E9D1A46CDE928
:1034D000043401352346A84609F0CAF840B9DDE9AD
:1034E0000423DDE9060109F0B9F818B1F30701D5A5
:1034F000089A32E43E46B4E50398796800F000FC8F
:103500000546002800F023813B6907F10C010233D6
:103510009A000C30F9F764FF01222946039800F065
:1035200053FE8046FCE50E9D3C46013547466CE562
:10353000039C39463246204600F0ECFD07465246D1
:103540003946204600F034FD51468246204600F0C0
:10355000FDFB0F9B9B1B0F933FF4F4ACECE41A9B19
:10356000C3F136035EE700BF402102000000F07F98
:10357000F8250200D0250200DDE91623DDE914015B
:1035800008F004FE089BCDE90C011C70129B012B76
:1035900000F0C580129F089B11961F4400227C4BAF
:1035A0004046494608F0F2FD0D46044609F09EF8F3
:1035B000814608F081FD02460B462046294608F068
:1035C0002DFC09F1300906F8019BBE428046894670
:1035D000E4D1119D0022DDE90C016E4B08F020FCC6
:1035E00002460B464046494609F060F800286ED175
:1035F000DDE90C230020674908F010FC02460B4669
:103600004046494609F034F880B91B9B002BFFF671
:1036100079AC0E9B0E2B3FF775AC5F4B0E9A03EB0C
:10362000C203D3E90034CDE9063401E417F8013CC4
:103630003E46302B07F1FF37F8D0199D013510E5D4
:103640004FF00209DDE90478FFF7E5BABBF1000F9E
:103650003FF49AAB189C002C7FF7BBAB0E9B38460F
:10366000013B414600221993494B08F08FFD024669
:103670008846174609F1010008F01EFD3A46434608
:1036800008F084FD0022454B08F0CAFB1294A1F11A
:1036900050750446FFF7E0BA312308F10108FFF73F
:1036A00063BBB34639230E9D3C46089A4746013515
:1036B0000BF8013BBAE400231F460493DEE50A9BA6
:1036C0005B440A930B9B1D465B440B9373E6199B6B
:1036D000089A03F10108FFF740BBDDF850A0ACE702
:1036E000DDF850A0DDF858B0FFF773BBB9F1390F22
:1036F000D7D0002D3FF785AD85E5269B022B03DC57
:103700000E9DDDF860B05EE4DDF860B00E96A3E5D6
:10371000269B022BF8DCDDF860B00E96F3E437460A
:1037200058E74FF00209DDE91278FFF774BA002577
:10373000039B29461846DD6300F0E2FA0890D0B9F1
:10374000002240F2AF11164B164806F049FB024624
:1037500040F2EF21124B134806F042FB002A3FF7DC
:1037600040AD50E50021039BD963FFF70BBA0E4B28
:103770000893FFF70CB9039B089A4FF0FF3B9A633D
:1037800001232795CDF860B00C93FFF722BB00BF53
:10379000000024400000E03FF825020000001C402B
:1037A0004421020058210200342102002DE9F04793
:1037B000DFF8749007460E46904606F06DFBD9F888
:1037C00000504DB133781C466BB1344602E014F81A
:1037D000013F3BB13D2BFAD1384606F063FB002098
:1037E000BDE8F087A41B28680028F5D022463146A2
:1037F000F9F7B8FB28B92868035D00EB040A3D2BF4
:1038000004D055F8040F0028F0D1E5E7D9F80030CE
:103810003846EB1A9B10C8F8003006F043FB0AF15B
:103820000100BDE8F08700BF2000002000B583B094
:1038300001AAFFF7BBFF03B05DF804FB024B014692
:103840001868FAF773B800BF94000020024B0146D5
:103850001868F9F76FBF00BF9400002010B4034C44
:10386000D4F8E440A44610BC604700BFD80600204E
:1038700082B049B15AB16BB113780B601278101E47
:1038800018BF012002B0704701A9002AF3D11046E9
:1038900002B070476FF00100F4E700BFF0B583B0ED
:1038A0008646089E002937D09AB3002B00F0C480CA
:1038B00035683DBB14784FF0010C44B37F2C58DDC4
:1038C000A4F1C0001F2829D8347125B901208342F2
:1038D000306000F0B18012F80C300CF10100A3F15F
:1038E00080023F2A00F29E80C12C40F39B80A401FD
:1038F00003F03F0304F4F8641C43002333600C60BE
:1039000003B0F0BD34794FF0000C002CD6D10C6020
:103910003460002003B0F0BD01A9C5E7A4F1E000C8
:103920000F282CD83471002D66D0581C18BF0133D5
:10393000012D65D07779E02C72D0A7F180003F2867
:1039400070D8012D777173D012F80C200CF10100A2
:10395000A2F180033F2B65D82303BF019BB207F47C
:103960007C6702F03F023B431343002232600B604E
:10397000D0E70023012033600C6003B0F0BDA4F158
:10398000F00004284ED83471002D3FD05F1C18BFC2
:103990000133012D3ED07779F02C50D0F42C63D038
:1039A000A7F180003F283DD8012D77714AD0581CDF
:1039B000306818BF0133022848D0B579A5F18003DB
:1039C0003F2B2FD812F80C200CF10100A2F180033C
:1039D0003F2B27D8A3043F0303F4E01307F47C37FD
:1039E000AD013B4305F47C6502F03F022B431343DA
:1039F00000220B6032608DE70120834230601BD0D3
:103A000012F80C7001250CF1010C94E7012083429F
:103A1000306011D012F80C7001250CF1010CBBE7DD
:103A20009F2F8ADC8A234FF0FF30CEF8003071E7F9
:103A300002208342306087D16FF001006AE78F2F48
:103A4000AEDCEFE7022083423060F5D012F80C5074
:103A50000CF1010CA5F180003F28E3D8032083423C
:103A6000B5713060AED1E7E78F2F99DDDAE700BF9F
:103A700030B482B08446049D002930D0002A31D071
:103A8000002B39D02868147848B1012816D00C6072
:103A90001078003818BF012002B030BC7047A4F184
:103AA00081001E2803D9A4F1E0000F28EFD80120DF
:103AB00083422C7128601FD002205478A4F1400367
:103AC0003E2B03D9A4F180037C2B0FD82B7904EB78
:103AD000032400230C602B6002B030BC704701A9A6
:103AE000002ACDD1104602B030BC70478A234FF077
:103AF000FF30CCF80030CFE76FF00100CCE700BF1B
:103B000030B583B08646069D002940D0002A41D0BA
:103B1000002B4BD02868147858B10128A44618D03F
:103B2000022841D00C601078003818BF012003B083
:103B300030BDA4F18E00012803D9A4F1A1005D28B5
:103B4000F0D8012083422C7128602FD0022092F8F7
:103B500001C0ACF1A1045D2C2BD82C798F2C1CD189
:103B60000224984285F805C02C601FD212F800C0CC
:103B70000130ACF1A1035D2B1BD800226B790CF056
:103B80007F0C0CEB03230B602A6003B030BD01A94E
:103B9000002ABDD1104603B030BD00220CEB042436
:103BA0000C602A6003B030BD0120E2E76FF0010035
:103BB000BDE78A234FF0FF30CEF80030B7E700BFF3
:103BC0002DE9F04F83B08046DDF8309089B39AB389
:103BD000002B00F087809446E3461CF8015B4FF011
:103BE000010E99F80040DFF810A14448002D48D09C
:103BF000A5F11B06F7B22F2F24D82F2E22D8DFE8ED
:103C000006F06D21212121212121216B2121216318
:103C10002121212121212121212121212121212194
:103C200021212121212121652167212121212121FA
:103C3000216901A9002ACBD10120C9F8002003B0D5
:103C4000BDE8F08FA5F121065D2E8CBF0827072760
:103C500004EBC4040619F65D5444E45D052E44D813
:103C6000DFE806F021031311052A89F80450734593
:103C70000EF1010534D9AE46E3461CF8015B002D78
:103C8000B6D10627E4E76246F1E701237046C9F89A
:103C9000003099F804209BF8003003EB02230B60FE
:103CA00003B0BDE8F08F00237046C9F800301378E8
:103CB0000B6003B0BDE8F08F00231846C9F8003050
:103CC0000B6003B0BDE8F08F0227C1E70327BFE711
:103CD0000427BDE70527BBE70127B9E70027B7E7BA
:103CE000C9F800406FF00100DAE78A234FF0FF3097
:103CF000C8F80030D4E700BF5025020008250200B4
:103D000038B5436C05460C464BB153F8240080B1DE
:103D1000026843F824200023C0E9033338BD212280
:103D2000042106F083F8034668640028EDD10020E2
:103D300038BD0121284601FA04F56A1D920006F0FB
:103D400075F80028F3D0C0E90145E4E731B1436CD0
:103D50004A6853F82200086043F82210704700BFF9
:103D60002DE9F0414FF0000E0E461C460D69074646
:103D700001F1140001680EF1010E8BB202FB034346
:103D8000090C4FEA134C02FB01CC9BB203EB0C4332
:103D9000754540F8043B4FEA1C44EBDC3CB1B3688A
:103DA000AB4207DD06EB850301355C6135613046CA
:103DB000BDE8F081716838460131FFF7A1FF804608
:103DC000A8B1326906F10C01023292000C30F9F709
:103DD00007FB7B6C726853F82210316043F8226055
:103DE000464606EB850301355C613561DFE7024637
:103DF000BA21024B024805F0F3FF00BF4421020044
:103E0000DC2102002DE9F8431E460C462649083302
:103E1000174681FB032C092E4FEAE3730546C3EBDB
:103E20006C0339DD4FF0010C00214FEA4C0C634567
:103E300001F10101F9DC2846FFF762FF014668B392
:103E4000089B092F43614FF00103036112DC09272E
:103E50000A34BE420BDDF61B264414F8013B0A224D
:103E60002846303BFFF77CFFB4420146F5D10846B7
:103E7000BDE8F88304F10909C8463C4418F8013B41
:103E80000A222846303BFFF76BFFA0450146F5D1DB
:103E9000A7F108044C44DCE70021CCE70246D3211B
:103EA000024B034805F09CFF398EE33844210200A1
:103EB000DC210200B0F5803F03463ABF102083406A
:103EC0000020B3F1807F3CBF1B020830B3F1805F5C
:103ED0003CBF1B010430B3F1804F03D3002B06DB42
:103EE000013070479B0003D45B0003D4202070474F
:103EF00002307047033070470368014613F0070231
:103F000009D0DA0721D498074BBF5B089B08012032
:103F100002200B60704798B2A0B11046DAB20AB91D
:103F200008301B0A1A0704BF1B0904309A0704BF94
:103F30009B080230DA0703D45B0800F1010006D0C9
:103F40000B6070471020C340E8E700207047202036
:103F5000704700BF38B5436C04460D464BB15868F6
:103F6000B0B102685A60002201234561C0E9032311
:103F700038BD2122042105F059FF03466064002862
:103F8000EDD1002240F24511074B084805F028FF0B
:103F90001C220121204605F049FF0028F1D0012212
:103FA0000223C0E90123DEE744210200DC210200F4
:103FB0002DE9F04FD1F8108015690E46A8459246BC
:103FC00085B005DB2A46534645468A4690461E463E
:103FD000DAF80830DAF8041005EB0804A342B8BF99
:103FE0000131FFF78DFE002800F0898000F11407F1
:103FF00007EB840E774505D23B46002243F8042B9D
:104000009E45FBD8143606EB88080AF1140946458C
:1040100009EB850566D2A5EB0A03153B23F00303E4
:104020000AF1150A043355452CBF9B464FF0040B8B
:10403000CDF808E08246AE46039405E0090C2AD18B
:10404000B04507F104074AD956F8041B8DB2002D7C
:10405000F4D0CC463C46002301965CF8040B216862
:1040600086B28AB205FB0622000C090C05FB001182
:104070001A4401EB124192B242EA0142E64544F889
:10408000042B4FEA1143E8D8019E47F80B3056F84D
:10409000041C090CD4D000223B6848461D463C460F
:1040A000944602889BB201FB02C202EB154243EA2E
:1040B000024344F8043B50F8043B25684FEA134C94
:1040C000ABB201FB0C33704503EB12434FEA134CC8
:1040D000E7D3B04547F80B3007F10407B4D8DDE962
:1040E00002E45046002C02DC05E0013C03D05EF8FF
:1040F000043D002BF9D0046105B0BDE8F08F024605
:104100004FF4B171014B024805F06AFE44210200F0
:10411000DC21020012F003032DE9F04114460746AA
:104120002CD10E46A4101CD03D6C85B3E3074FF094
:10413000000806D4641014D02868A8B10546E30727
:10414000F8D52A4631463846FFF732FF36B17B6C48
:10415000716853F82120326043F8216064100646EC
:10416000EAD13046BDE8F0812A4629463846FFF7B5
:104170001FFF28600546C0F80080E0E70F4A013BBA
:1041800052F823200023FFF7EBFD0646CAE7012182
:104190003846FFF7B5FD054640B140F271230122D4
:1041A000C0E90423002338640360BFE7024640F2FD
:1041B0004511034B034805F013FE00BF982502008C
:1041C00044210200DC2102002DE9F0470C4627695A
:1041D000A36807EB62177D1C9D429046064649681E
:1041E0004FEA621904DD5B009D4201F10101FADC36
:1041F0003046FFF785FD002851D0B9F1000F00F1DE
:1042000014010FDD0B464FF0000C09F105024FEAD7
:10421000820E00EB820243F804CB9342FBD1AEF155
:1042200014031944226904F1140318F01F0803EB66
:10423000820C2CD08E464FF0000AC8F120091A6873
:1042400002FA08F242EA0A024EF8042B53F8042B51
:104250009C4522FA09FAF2D8ACEB0403153B23F093
:104260000303043304F11502944538BF042341F8D5
:1042700003A0BAF1000F00D13D46736C626805617E
:1042800053F82210216043F82240BDE8F08704393A
:1042900053F8042B9C4541F8042FF9D8ECE702466B
:1042A0004FF4EF71014B024805F09AFD44210200E2
:1042B000DC21020084460B690069C01A15D10CF19B
:1042C000140C14310CEB830210B401EB830301E0F6
:1042D000944508D252F8044D53F8041D8C42F7D08F
:1042E00004D24FF0FF3010BC70477047012010BC63
:1042F000704700BF2DE9F04F14460A6923698846CC
:10430000D21A002A83B040F0888001F1140604F12B
:10431000140202EB830206EB830301E09E427FD28C
:1043200053F8045D52F8041D8D42F7D076D323462E
:104330000025444698466168FFF7E2FC002800F03B
:10434000898000F1140949464FF0000C2769D8F81C
:10435000106004F1140B08F1140EC56004F1100292
:104360000EEB86060BEB870ACDF804B05EF8044B23
:1043700052F8045F1FFA84FBABB2A3EB0B03240CCF
:104380006344C4EB154404EB23449BB243EA044367
:10439000764541F8043B4FEA244CE7D808F1150173
:1043A0008E4234BF00210121A6EB0806153EB60857
:1043B000002906F101024FEA820208BF0422DDF85B
:1043C00004B00BEB0204A2454A4434D915462146F9
:1043D000E04651F8046BB3B263444FEA164E0EEB5D
:1043E000234E06EB08039BB243EA0E438A454FEA8D
:1043F0002E4C45F8043BEBD80AF1FF3AAAEB040A2D
:104400002AF0030A524423B952F8043D013F002B1D
:10441000FAD0076103B0BDE8F08F88DA01258AE79A
:104420000021FFF76DFC70B101220023C0E90423D5
:1044300003B0BDE8F08F00294FEA860608BF0026CA
:1044400009EB0602DFE7024640F23721054B06483A
:1044500005F0C6FC024640F24521024B024805F039
:10446000BFFC00BF44210200DC210200124B0A46BF
:104470000B40A3F15073002B03DD002219461046B8
:1044800070475B42B3F1A07F4FEA235106DA4FF445
:10449000002300220B4119461046704714391E298B
:1044A000D4BF4FF0004201224FF00003D8BFCA40F2
:1044B00010461946704700BF0000F07FF8B5046948
:1044C00000F1140202EB840454F8045C261F284611
:1044D000FFF7F0FC0346C0F120000A2B086030DD36
:1044E000B242A3F10B071AD254F8083C1FB3C7F12C
:1044F000200C23FA0CF1BD4045EA0106A4F10805A1
:1045000046F07F51AA4203FA07F341F4401116D254
:1045100054F80C2C22FA0CF213431846F8BD0B2B5E
:1045200008D0002305FA07F747F07F51184641F4F9
:104530004011F8BD002345F07F5141F44011184669
:10454000F8BDB2422CBF002254F8082CC3F10B076F
:1045500003F1150325FA07FC38BFFA4005FA03F307
:104560004CF07F511343184641F44011F8BD00BF91
:10457000F0B5012183B016461F46FFF7C1FB054683
:10458000002847D0C7F30A54C7F313030CB143F410
:104590008013002E019314D101A8FFF7ADFC012276
:1045A000019B20306B612A6114B3089BA4F2334451
:1045B00004441C60099BC0F135001860284603B014
:1045C000F0BD68460096FFF797FC019B00B3009989
:1045D000C0F1200203FA02F2C34001930A43002B08
:1045E0006A610CBF01220222AB612A61002CDCD17E
:1045F00005EB8201A0F23243086908990B60FFF7CE
:1046000059FC099BC0EB42101860284603B0F0BD6E
:10461000009AE4E7024640F20F31024B024805F0EF
:10462000DFFB00BF44210200DC2102002DE9F04342
:1046300083B0884669468146FFF740FF04460D4631
:10464000404601A9FFF73AFFD9F81030D8F81020FA
:10465000A3EB020CDDE900329B1A03EB4C13002B99
:104660000BDD05EB03573D4602460B462046294627
:1046700007F0B6FE03B0BDE8F083C3EB033301EBF4
:1046800003594946F0E700BF172870B506460ADD12
:10469000002000240749084D22462B4607F076FDEE
:1046A000013EF9D170BD054B03EBC003D3E9000116
:1046B00070BD00BF0000F03F00002440F82502005C
:1046C00001F1FF3C116902F114034FEA6C1C03EB8A
:1046D00081010CF1010C8B4200EB8C0C16D210B551
:1046E000A0F1040E53F8044B99424EF8044FF9D848
:1046F0008B1A153B23F0030304331844844504D973
:10470000002340F8043B8445FBD810BD844505D9FF
:10471000002340F8043B8445FBD87047704700BF36
:1047200003694A11934200F1140009DA00EB830394
:1047300002E053F8042DA2B98342FAD80020704752
:1047400000EB8203F8DD11F01F01F5D010B450F832
:10475000224024FA01F28A40944208D0012010BC81
:1047600070470120704753F8042D002AF6D1834288
:10477000F9D8002010BC704703460A460249086871
:10478000194600F003B800BF940000202DE9F84F4F
:104790001646002900F096800C46804606F10B056F
:1047A000F9F778FB54F8041C162DA4F1080921F040
:1047B000030758D81025AE4258D8AF4260DABF4B35
:1047C00009EB070C9A68DCF80400624500F0908061
:1047D00020F0010363445B68DB0768D420F003002A
:1047E0003B189D4247DDCB0712D454F8083CA9EB97
:1047F000030BDBF8043023F00302104400EB070A3C
:10480000554540F3F68007EB020A554540F3CC804E
:1048100031464046F9F78AF80646002800F0218123
:1048200054F8043CA0F1080223F001034B449342E6
:1048300000F0B4803A1F242A00F2D780132A00F235
:10484000A280034622461168196051685960926837
:104850009A6021464046F8F76DFF4046F9F720FB85
:104860003046BDE8F88F35F00705A4D50C23C8F80D
:104870000030002618E01F46DCE90223D3609A606E
:10488000D9F804307A1B0F2A03F0010309EB070063
:104890001DD83B43C9F80430436843F0010343602B
:1048A0004046F9F7FDFA26463046BDE8F88FC907BD
:1048B000AED454F8083CA9EB030BDBF8043023F02A
:1048C0000302A0E71146BDE8F84FF9F72FB82B43D4
:1048D00009EB050142F00102C9F804304A6043685F
:1048E000083143F0010343604046F8F723FFD7E760
:1048F00020F00300C21905F1100C624580F292808D
:10490000CA0785D454F8082CA9EB020BDBF8042065
:1049100022F00302104400EB070AD4453FF773AFBF
:104920005E46DBF80C1056F8080F3A1F242AC160C7
:10493000886000F2B080132A40F2AB8021681B2A05
:10494000CBF808106168CBF80C1000F2AA8008348C
:104950000BF110022168116061685160A1689160DB
:10496000AAEB05020BEB050142F0010299604A60D7
:10497000DBF80430404603F001032B43CBF804304E
:10498000F9F78EFA90E723681B2A03606368436097
:104990003DD804F1080200F1080354E750F8043C44
:1049A00023F003031F446BE75E463A1FDBF80C302D
:1049B00056F8081F242ACB60996023D8132A1FD9E0
:1049C00023681B2ACBF808306368CBF80C303CD83E
:1049D00008340BF1100322681A6062685A60A268FA
:1049E0009A6034465746D9464AE72146FCF7F8FF15
:1049F0002FE7DCE902135E46CB603A1F9960D5E7EA
:104A00003346E8E721463046FCF7EAFFE9E7A368CA
:104A1000242A8360E368C36027D004F1100200F108
:104A2000100310E7521B09EB050142F001029960E7
:104A30004A6054F8043C404603F001032B4344F819
:104A4000043CF9F72DFA26462EE7A368242ACBF872
:104A50001030E368CBF8143010D010340BF1180389
:104A6000B9E74046F9F71CFA03E7236904F1180295
:104A700003616369436100F11803E4E623691834B4
:104A8000CBF8183054F8043CCBF81C300BF1200361
:104A9000A1E732465EE721463046FCF7A1FF074B0F
:104AA0005EE7A168242ACBF81010E168CBF8141057
:104AB00006D010340BF118024CE700BFE8010020CB
:104AC00022691834CBF8182054F8042CCBF81C2099
:104AD0000BF120023EE700BF2DE9F04F9FB0884662
:104AE0000792002100220024CDE9041283464146AA
:104AF0001A9419910F4611F8012B2D2A5ED801A0A6
:104B000050F822F0DB4C0100BD4B0100BD4B010011
:104B1000BD4B0100BD4B0100BD4B0100BD4B010071
:104B2000BD4B0100BD4B0100F34A0100F34A0100F7
:104B3000F34A0100F34A0100F34A0100BD4B0100B2
:104B4000BD4B0100BD4B0100BD4B0100BD4B010041
:104B5000BD4B0100BD4B0100BD4B0100BD4B010031
:104B6000BD4B0100BD4B0100BD4B0100BD4B010021
:104B7000BD4B0100BD4B0100BD4B0100BD4B010011
:104B8000BD4B0100F34A0100BD4B0100BD4B0100CC
:104B9000BD4B0100BD4B0100BD4B0100BD4B0100F1
:104BA000BD4B0100BD4B0100BD4B0100BD4B0100E1
:104BB0005D520100BD4B01007152010000210891BE
:104BC000302A00F09580002309932F2A144640F2E2
:104BD000EF844FF0000938464E464D4613E0013051
:104BE000082D1990C8BF09EB89090478C6BF02EBEC
:104BF0004902A2F13009A3F130062F2C224605F11B
:104C0000010540F3B48006EB8603392C02EB430325
:104C1000E5DD0122AB49F8F7A5F9002879D1199A09
:104C20001346013219925C78002D40F08D85302CAE
:104C300040F03B8513461846013319931C78302CFD
:104C4000F9D0C2F101021044A4F13103082B37D886
:104C5000199F012539464FF0000A431CA4F1300E7C
:104C60000C93002006EB86060EEB46064B1C1993B0
:104C70004C78A4F13002092A00F2E0829646199994
:104C80000130002AF2D00128D8BF05F1010C40F311
:104C9000878400EB050C0CF1FF340A9703E07E00DB
:104CA000AC4200F07C84082D06EB860705F1010577
:104CB000F5DD102DDCBF09EB89094FEA4909EFE763
:104CC000652C40F0D8824FF0000A0123CDF830A0C7
:104CD0000A93099B034340F0BF82079B00260027ED
:104CE0000BB1C3F80080304639461FB0BDE8F08FE5
:104CF0007A7802F0DF02582A00F0128401371997FF
:104D00003A78302AFAD0002A00F0818201230993F0
:104D10005BE70020AA460C900A90652C34D0452C05
:104D200032D000231093002D7AD1099B034340F029
:104D30006E820A9B002BD0D1692C00F0898400F38D
:104D40005F84492C00F084844E2CC6D15E4919A89A
:104D500005F0D4FB0028C0D0199B1B78282B00F04D
:104D6000A5855A4805F036F806460F4651E201225D
:104D70005449F8F7F7F80028CBD1199BAA465A1CDA
:104D800019925C780C9074E7002DA2D0DDF8648055
:104D900008F10103199398F801402B2C00F0598277
:104DA0002D2C00F04E824FF0000CA4F130010929A7
:104DB00000F23F82302C199B0AD1013319931C78E1
:104DC000302CFAD0A4F13102082AAAD8A4F130017B
:104DD0005A1C19925C782F2C40F3FE8396460B9355
:104DE00008E0013219929EF80140A3F130012F2C06
:104DF00006DD964601EB8103392C04EB4303F0DD1D
:104E00000B9BD21A082A40F3E78344F61F631093E2
:104E1000BCF1000F87D0109B5B421093002D84D013
:104E20000C9A109BBAF1000F08BFAA469B1A102DCE
:104E300030460B932C46A8BF102407F02DF90246EC
:104E40000B46092DCDE9042316DD214B03EBC403EA
:104E500053E9122307F09AF90246484690468946DC
:104E600007F01AF902460B464046494606F0D8FFBD
:104E70000F2DCDE904012DDC0B9B002B00F02083CE
:104E80000B9B40F35282162B40F3AD830B9AC5F176
:104E9000250393421EDBDDE904230D4CC5F10F050C
:104EA00004EBC501D1E9000107F070F90B9B5D1B14
:104EB00004EBC504D4E9002307F068F906460F4661
:104EC000A7E100BFEC2002006C2202007C2202005D
:104ED000F82502000B9B2C1B1C44002C40F3D181B5
:104EE00014F00F000AD0DDE90423354901EBC001BD
:104EF000D1E9000107F04AF9CDE9040134F00F03CC
:104F000040D0B3F59A7F00F3B883102B4FEA2314F7
:104F100040F31E85DDE9040100232A4A09979046E3
:104F200099461746E20704D5D8E9002307F02EF981
:104F300001236410012C09F1010908F10808F1D1DD
:104F40003A46099F0BB1CDE90401059B02EBC9016B
:104F5000A3F154730593DDE90423D1E9000107F0BF
:104F600015F9194B194A0B409342CDE9040100F29F
:104F70008483174A934240F241844FF0FF33154C2B
:104F8000CDE9043400230A932B465246394658464D
:104F90000096FEF737FF1490002800F06E83109AF9
:104FA0000C9B4FF0000A9B1A0B9ACDF824A0002A04
:104FB000A8BF0023109322EAE2731593E5E000BF37
:104FC000F8250200D02502000000F07F0000A07C40
:104FD0000000907CFFFFEF7FD21A1F2AA4EB02048F
:104FE00000F33282012393401E4600250A9BA04411
:104FF0004C44A14598444B46A8BF23464345A8BF0F
:105000004346002B04DDE41AA8EB0308A9EB0309CF
:10501000109B002B00F3BE81002C00F3D4810B9B6E
:10502000002B00F30782B8F1000F00F3F781B9F10C
:10503000000F08DD51464A465846FFF7C5F882463C
:10504000002800F0F4813A4658461A99FFF752F9C1
:105050000990002800F0EB810023099AD168D36001
:1050600011915146FFF726F90028C0F2EA83DDF8D6
:10507000149000F0768351460998FFF7D7FA002282
:105080004FF0804304460D4607F0FCFA002800F07C
:105090007181119B002B40F0E381049B002B40F0B9
:1050A0006B82C9F31303002B40F00D8200222046CF
:1050B0002946A94B07F0DCFA002840F04983204636
:1050C000A64B2946002207F061F803460C46CDE9BD
:1050D000123401F100430E900F93DFF88482A14B4C
:1050E00009EA08089845DDE90E4500F0C0810A9BF1
:1050F0001BB3B8F1D46F20D895A3D3E90023DDE921
:10510000120107F0BFFAA0B1DDE9120107F016FBAA
:10511000012838BF012006F0BFFF119BCDE9120125
:10512000002B40F0BD8201F1004316901793DDE99A
:10513000164505F1D663A3EB0805DDE90C01FFF781
:1051400095F902460B462046294607F01FF8DDE98F
:105150000C2306F065FE0C46CDE904010A9B23B939
:105160007F4B2340984500F0B78158461A99FEF7C7
:10517000EDFD39465846FEF7E9FD51465846FEF723
:10518000E5FD58460999FEF7E1FD149C5846616813
:10519000FEF7B6FD0746002800F04981226904F1B8
:1051A0000C01023292000C30F8F71AF91CAB019393
:1051B0001BAB00935846DDE904341A46CDE90C34A4
:1051C0002346FFF7D5F91A90002800F00581012148
:1051D0005846FEF7BFFE8246002800F028811B9B40
:1051E000002BC0F21581109ADDF8548003EB020900
:1051F0000A9A1C9C9B1A23445B4A013B9342C4F1CC
:105200003604FFF6E9AE012300251E46EEE6002631
:105210000027079A0AB1199B1360089B002B3FF4E3
:1052200062AD07F100431F46304639461FB0BDE866
:10523000F08F0023CDF86480109374E501230A9366
:105240006BE54FF0010C08F10203199398F8024046
:10525000ABE54FF0000CF6E7002597E50022089239
:10526000791C19917A78002A3FF437AD0F46A7E4EC
:1052700001220892F4E7452C3FF425AD01230A935F
:1052800053E53FF47FAE644214F00F020AD0DDE92B
:105290000401364B03EBC203D3E9002307F0A0F867
:1052A000CDE9040124113FF46DAE1F2C37DCDDE99C
:1052B000040114F0100318BF6A230A930023DFF8D7
:1052C000B080E20704D5D8E9002306F05FFF012390
:1052D000641008F10808F4D10BB1CDE904010A9B70
:1052E000A3B1DDE90401C1F30A52C2F16B03002B43
:1052F0000ADD1F2B40F339830020342B049040F348
:105300007C834FF05C7305936A230A930022DDE9E6
:105310000401002307F0A2F900283FF435AE222350
:1053200000260027CBF8003073E71633FFF6D2AD26
:10533000DDE904010C9B109A9A1A0C4B03EBC20393
:10534000D3E9002307F04CF806460F4661E700BF9B
:105350000000C0FFFFFFDF410000F03F0000E03F22
:105360000000F07F0000E07F02FCFFFFF825020054
:10537000E8260200AC4B20462946002206F006FF34
:10538000119BCDE91201002B65D101F100430E9074
:105390000F93A2E651461A465846FEF7BBFE8246D8
:1053A000002844D001461A9A5846FEF701FE00280C
:1053B0003DD011901A995846FEF7C8FC119B002C5D
:1053C0001A937FF72CAE224658461A99FEF7FCFE38
:1053D0001A9000287FF423AEB94605462223002602
:1053E000924FCBF8003029465846FEF7AFFC4946AD
:1053F0005846FEF7ABFC51465846FEF7A7FC584608
:105400001499FEF7A3FC58460999FEF79FFC00E7A4
:10541000159ADDF84090A2EB0308E9E639464246CA
:105420005846FEF7D1FE074600287FF400AEB94685
:105430001A9DD3E739465846159AFEF76BFE074684
:1054400000287FF4F0ADF2E7012279491646CB1A25
:1054500002FA03F5CAE5DDE91234CDE90E343CE683
:105460000023744CCDE90E34CDE9123435E6A9F1B0
:1054700054730593DDE9044520462946FEF7F6FFFF
:10548000DDE90E2306F082FE2B46224606F0C8FC1C
:10549000DFF89891684B01EA09099945CDE90401C3
:1054A00079D9DDE90C0103F15473994202D1064622
:1054B0000136BCD04FF0FF33604CCDE9043454E6E4
:1054C000DDE90467A5E600235D4CCDE90E34002339
:1054D000584CCDE9123400E6DDE912562846314633
:1054E00007F040FA06F024FE0B46024631462846F5
:1054F00006F094FC119D049BC4F313041D432C433C
:105500008046894626D142A3D3E9002307F0B0F8AC
:1055100000283FF42AAEB946DDE904671A9D62E728
:105520000293089B584601931AAB0093454A1BAB64
:1055300019A904F00FFD10F00F0504463FF467AE03
:10554000062D40F0B58000227B1C00260027089223
:1055500019935EE630A3D3E9002307F089F8002809
:10556000D9D12FA3D3E900234046494607F09EF83E
:1055700000283FF4FAADCEE7049B012BA3D1B9F18B
:10558000000FA0D1B9461A9C2223254600260027E9
:10559000CBF8003027E701F154740594DEE50A9F4B
:1055A0000C9B082D03440C936DDC6546FFF759BB3B
:1055B000012238462449F7F7D5FC002800F0BB80CB
:1055C0004FF000094E4648464D46CA46CDF8309049
:1055D000CDF82890FFF7A3BB44F61F639942A8BFFC
:1055E0001946109114E40B981849DDE9042301EBE6
:1055F000C001D1E9000106F0C9FD06460F4608E6E4
:105600006E2C3FF4A3ABFFF768BB00BFAFF3008085
:105610009535A094FFFFCF3F9535A094FFFFDF3F66
:1056200035E5AF350000E03F0000E03F0000F07FCF
:10563000E2FBFFFF0000F03FFFFF9F7CFFFFEF7FDB
:105640000000F0BFD4260200EC200200F825020082
:10565000A04919A804F052FF00283FF43EAB199B63
:105660009D49013B19A8199304F048FF10B9199BF3
:10567000013319930026994FCBE522230026974F3B
:10568000CBF80030C5E5BCF1100FD8BF09EB890994
:1056900065464FF00000D8BF02EB4909FFF7E6BAB4
:1056A000DDE91234CDE9163441E50020FFF7CCBA2C
:1056B0001A9A3AB135211CA8FFF702F858461A99F0
:1056C000FEF744FB013D1B9B042D00F2C481DFE883
:1056D00005F0032C291E03001C9A049203F23342A6
:1056E0001D9B23F4801343EA02530593E10502D581
:1056F00043F000430593794ADDE904671A40002A24
:105700007FF487ADF7F738FD2223036081E54FF082
:10571000FF326FF00043CDE90423E3057FF5D0AEFF
:10572000059BE5E76D4B0593F7E7DDE91C121D9B33
:10573000CDE90412DAE7199A0646134601321992A6
:1057400081465C78FFF773BAAA460C90FFF791BACE
:105750000023634CCDE90E340023624CCDE91234B2
:10576000BBE44B461198B446B946DDE90C67AE463A
:105770005D49C3F31302002845D08A4200F0FD8042
:10578000ADBB049A1CEA020F34D03046394604936C
:10579000FEF76CFE0A9B002B00F03781049BC3F3DD
:1057A0000A53C3F16B03002B40F352811C0504F133
:1057B0007F53002203F5401306F0E8FC02460B4637
:1057C0003046394606F02CFB06460F463046394631
:1057D000464B002206F0DAFC404B06460B400F46D3
:1057E000002B7FF49BAE2223CBF8003096E61EEA16
:1057F000030FCAD10A9B002BE8D18FE601F1547345
:105800000593FFF7BFBB002A74D1DDE904452246AA
:10581000002C40F0A2800A9A002A40F0CB8025F0AC
:105820000044240D2405A4F580146FEA14536FEA94
:10583000035305934FF0FF3304931A9DDDE904678A
:10584000D1E5119BDDE904010343B946DDE90C67AD
:10585000D0D1C1F31303002BCCD121F00044240D8F
:105860002405B4F1D66F2546C4D9099A536913B9F2
:105870001369012BBEDD012209995846FEF7A4FCED
:1058800051460990FEF716FD0028B3DD0A9B002B58
:10589000C9D0A5F580136FEA13536FEA035305933C
:1058A0004FF0FF330493DDE904678FE7104919A82F
:1058B0001CAA04F03DFE05287FF453AA1D9B43F06B
:1058C000FF4343F4E00305931C9B0493DDE9046765
:1058D0009FE400BF60220200642202000000F07F0B
:1058E0000000E0BF0000E03FFFFF0F000000503964
:1058F000C0260200A5BB049A1CEA020F3FF47AAF4F
:10590000304639460493FEF7B1FD0A9B002B62D066
:10591000049BC3F30A53C3F16B03002B40F38C8049
:105920001C0504F17F53002203F5401306F02EFC02
:1059300002460B463046394606F070FA0022002334
:1059400006460F4606F08AFE00283FF43FAF1AE6EF
:105950004FF00009414AFFF7F8BABEF1000FCBD073
:105960001EEA030F3FF446AFCAE74FF0FF3202FAD8
:1059700003F3049A1A400492C6E40A9A0499B2B155
:10598000374A1A40B2F1D46F11D84FF0FF30120DE0
:10599000C2F16B0200FA02F2914240D0BEF1000F58
:1059A0007FF425AF11EA0C0F3FF424AFEDE64FF082
:1059B000FF32F1E72A4D1D40B5F1D66F3FF669AFD2
:1059C000B5F15C7F3FF602AF2223002600271A9D27
:1059D000CBF8003007E502460B463046394606F064
:1059E0001DFA1A9C0022002306460F46254606F0A3
:1059F00035FE00283FF4F7ACC6E54FF0FF33C2F1A7
:105A00004B0293400B4005937EE402460B46304622
:105A1000394606F005FA1A9D06460F46E3E4114A98
:105A200093420CD00E4A1A4002F5801305930023CE
:105A30000493DDE90467DDE602460B467AE70131AF
:105A4000F0D1222300261A9D054FCBF80030CAE47E
:105A500002460B46B4E6002348E600BFD02502000C
:105A60000000F07FFFFFEF7F014BFFF735B800BF6D
:105A7000D80600208C4600B586461346034A714678
:105A800010685DF804EB6246FFF726B8940000202A
:105A900084460A460249034B08686146FFF71CB872
:105AA00094000020D80600202DE9F04705460C465A
:105AB000DFF888A0134629462246DAF80000FFF7EF
:105AC0000BF802460B4604460D4606F0F9FD48BBAE
:105AD0002946204606F052FE20F0004706461849A7
:105AE000384606F011FFD0B93846154906F0EEFEEB
:105AF000A8B925F000494FF0FF3220464946114B26
:105B000006F0DEFD38B9204649464FF0FF320D4B16
:105B100006F0B8FD18B12222DAF800301A603046DB
:105B2000BDE8F087002D084804DAFCF71BFE00F101
:105B30000046F4E7BDE8F047FCF714BE94000020EF
:105B4000FFFF7F7FFFFFEF7F7C2202002DE9F04700
:105B50000446DFF8A0A00A46274B2146DAF80000E9
:105B6000FEF7BAFF02460B4604460D4606F0A8FDB6
:105B7000002833D12946204606F000FE20F00047D9
:105B800006461E49384606F0BFFEE8B938461B49AE
:105B900006F09CFEC0B925F000494FF0FF322046C8
:105BA0004946174B06F08CFD38B9204649464FF060
:105BB000FF32134B06F066FD30B12222DAF80030D6
:105BC0001A603046BDE8F08716F0FF4FF9D10D4B53
:105BD0002B40002BF1D13046BDE8F087002D0A485C
:105BE00004DAFCF7BFFD00F10046EAE7BDE8F04744
:105BF000FCF7B8BD94000020D8060020FFFF7F7F8F
:105C0000FFFFEF7F0000F07F7C220200242B2DE9B4
:105C1000F84F42D8012B40D01F468E468046484858
:105C200075461EF801BB10F80B4014F00804F7D1BC
:105C3000BBF12D0F6FD06FF00049BBF12B0F04BFEC
:105C40009EF800B005F1020E7BBBBBF1300F4CD0CB
:105C50000A273B460025B9FBF7F6284607FB169AAC
:105C600005E03BD0012507FB00C01EF801BBABF1EE
:105C7000300CBCF1090F06D9ABF1410CBCF1190F86
:105C80001AD8ABF1370C63451FDDB5F1FF3FECD0FF
:105C90008642E6D24FF0FF35E7E7F7F76DFA1622B6
:105CA000034600201A60BDE8F88F102BD2D1BBF15B
:105CB000300F23D01F46CDE7ABF1610CBCF1190FBB
:105CC00003D8ABF1570C6345DFDC6B1C2BD054B908
:105CD000002AE8D085BB1160BDE8F88FE245C1DA43
:105CE0004FF0FF35C1E74042F2E79EF8003003F085
:105CF000DF03582B08D008273B46ABE79EF800008F
:105D000000F0DF005828D5D110279EF801B03B469F
:105D10000EF1020E9EE79EF800B04FF000490124FC
:105D200005F1020E90E72223C8F8003032B10EF1DF
:105D3000FF3148461160CFE78146F8E74846B2E7B1
:105D4000A51E0200FFF762BF8C4600B586461346CB
:105D5000034A714610685DF804EB6246FFF756BFD0
:105D6000940000208C4600B586461346034A7146CF
:105D700010685DF804EB6246FFF748BF940000200E
:105D80002DE9F04707460E46484C304616F801EB21
:105D900014F80EC01CF0080CF7D1BEF12D0F5AD02C
:105DA000BEF12B0F09BF6446644696F800E0861CDE
:105DB0004BB9BEF1300F5CD00A234FF0050A99466B
:105DC000DFF8EC800AE0102B4AD04FF0FF38B8FB28
:105DD000F3F803FB08FA99466FEA0A0A00252846F9
:105DE00005E02CD0012509FB00C016F801EBAEF14F
:105DF000300CBCF1090F06D9AEF1410CBCF1190F02
:105E00000BD8AEF1370C634510DDB5F1FF3FECD098
:105E10004045E6D94FF0FF35E7E7AEF1610CBCF144
:105E2000190F03D8AEF1570C6345EEDC6B1C0BD099
:105E300004B140420AB165B91160BDE8F087D445AC
:105E4000D0DD4FF0FF35D0E7222328463B60002A03
:105E5000F3D0711EF0E796F800E00124861CA7E756
:105E6000BEF1300F11D04FF00F0A6FF07048994615
:105E7000B4E7337803F0DF03582B0BD008234FF03F
:105E8000070A6FF060489946A8E7307800F0DF0015
:105E90005828E8D14FF0100996F801E04FF00F0AAA
:105EA0006FF070484B46023698E700BFA51E02000F
:105EB00099999919FFF764BF8C4600B58646134639
:105EC000034A714610685DF804EB6246FFF758BF5D
:105ED000940000208C4600B586461346034A71465E
:105EE00010685DF804EB6246FFF74ABF940000209B
:105EF00010B4034CD4F8E040A44610BC604700BF87
:105F0000D8060020034649B1FF2A02D801200A70B2
:105F100070478A224FF0FF301A607047084670477A
:105F2000B9B37F2A27D90346A2F18000B0F5F06FFC
:105F300024D3A2F50060B0F5784F10B52BD3A2F5AD
:105F40008030B0F5801F36D20023940CC2F3053E9A
:105F500064F30703C2F3851C6EF30F2302F03F02C4
:105F60006CF3174362F31F6343F0803343F0700315
:105F700004200B6010BD01200A707047930902F0E5
:105F80003F0263F03F0362F07F0202200B704A7011
:105F9000704708467047140BC2F3851302F03F02A6
:105FA00064F01F0463F07F0362F07F0203200C7033
:105FB0004B708A7010BD8A224FF0FF301A6010BDFE
:105FC0005FFA82FC0346C2F30722D9B1B2B102F1F3
:105FD0007F00C0B21E2804D902F12000C0B20F28F1
:105FE00012D8ACF140003E2803D98CF080007C2808
:105FF0000AD802200A7081F801C07047012081F898
:1060000000C07047084670478A224FF0FF301A6080
:10601000704700BFD3B28446C2F3072229B3EAB166
:1060200002F17200C0B2012821D902F15F00C0B2B2
:106030005D2821D803F15F00C0B25D2811D943F07B
:10604000800303F15F00C0B25D2815D84FF08F0CBC
:1060500003204A708B7081F800C0704701200B70DC
:10606000704702200A704B7070470846704703F172
:106070005F00C0B25D28F4D98A234FF0FF30CCF81E
:106080000030704770B55FFA82FEC2F3072269B331
:106090007AB18446A2F121005D2829D8AEF1210011
:1060A0005D2825D81868A8B102200A7081F801E09F
:1060B00070BD186860B18C4642F61B001A6042231E
:1060C0002CF8030B8B700420614681F800E070BD52
:1060D0000120FAE78C46012642F21B4542241E604D
:1060E0002CF8035B05208C706146DEE7012070BD53
:1060F0008A234FF0FF30CCF8003070BD2DE9F04F0F
:10610000894692461E460D4685B05A4F03902A4650
:1061100015F8014B3B5D13F00803F8D12D2C7DD011
:106120002B2C41D04FF0FF3202936FF00043CDE9AA
:106130000023002E43D1302C79D00A27B0463E46AA
:10614000DDE900013A46434606F0F4FB00238346AE
:106150008E4618461946A44610E08E4508BF834572
:106160004CD000FB08F307FB0133A0FB07010B44F5
:10617000201843EBE471012315F801CBACF1300496
:10618000092C05D9ACF14104192C1ED8ACF1370407
:10619000A64222DDB3F1FF3FEED083457EEB010343
:1061A000DBD24FF0FF33E7E74FF0FF3102936FF0A0
:1061B00000432C78CDE90013951C002EBBD0102E87
:1061C0003ED037464FEAE678BAE7ACF16104192CC5
:1061D00003D8ACF15704A642DCDC5A1C13D0029A57
:1061E00012B1404261EB4101BAF1000F03D0002B24
:1061F0003DD1CAF8009005B0BDE8F08FA242B0DAF8
:106200004FF0FF33B8E72223039A1360BAF1000F6F
:1062100028D0DDE9000105F1FF39EAE74FF0004041
:10622000009301232C78CDE90103951C81E72B789D
:1062300003F0DF03582B0ED00827B0463E467FE719
:10624000302C03D037464FF0000879E72B7803F065
:10625000DF03582BF6D110276C784FF000083E462C
:1062600002356DE7DDE9000105B0BDE8F08FCDE94D
:106270000001CEE7A51E0200FFF740BF8C4600B527
:1062800086461346034A714610685DF804EB624681
:10629000FFF734BF940000208C4600B586461346B5
:1062A000034A714610685DF804EB6246FFF726BFAB
:1062B000940000202DE9F04F8B461E460D4685B018
:1062C0005F4F039001922A4615F8014B3B5D13F096
:1062D0000803F8D12D2C7ED02B2C03BF2C780293F1
:1062E000951C02936EB9302C00F086804FF00A099D
:1062F000B2464FF0050C4FF099374E46DFF8448117
:1063000017E0102E6CD04FEAE67A324653464FF033
:10631000FF304FF0FF3106F00DFB3246074688464E
:1063200053464FF0FF304FF0FF3106F003FBB1460C
:10633000944600221046114610E0414508BFB8427D
:1063400039D000FB0AF209FB0121A0FB090211442C
:106350000122181841EBE37115F8014BA4F1300349
:10636000092B05D9A4F14103192B0CD8A4F137034B
:106370009E4210DD541CEFD0874278EB0102DCD244
:106380004FF0FF32E8E7A4F16103192B03D8A4F121
:1063900057039E42EEDC531C12D0029B13B14042C5
:1063A00061EB4101019B1BB192B9019BC3F800B0A5
:1063B00005B0BDE8F08F6345C3DD4FF0FF32CBE79A
:1063C0002223039910460B60019B1146002BEFD04E
:1063D00005F1FF3BE9E701232C780293951C81E747
:1063E000302C19D04FF00F0C4FF0FF376FF0704882
:1063F000B1464FF0000A9CE72B7803F0DF03582BDF
:106400000FD04FF00809B2464FF0070C4FF0FF379E
:106410006FF060484E468CE72B7803F0DF03582B73
:10642000E0D14FF010096C784FF00F0C4FF0FF37B0
:106430006FF070484FF0000A4E46023579E700BF12
:10644000A51E020099999919FFF734BF8C4600B533
:1064500086461346034A714610685DF804EB6246AF
:10646000FFF728BF940000208C4600B586461346EF
:10647000034A714610685DF804EB6246FFF71ABFE5
:106480009400002070B582B0069D044655B11048B6
:10649000D0F8E4606AB120460095B047431C10D0A4
:1064A00002B070BD00F1F4050948D0F8E460002A9C
:1064B000F1D1012311462046064A0095B047431CFE
:1064C000EED100228A232A60236002B070BD00BF93
:1064D000D80600207C220200F0B50D46134983B097
:1064E0000E6801466BB11C46114BD3F8E4707DB1C8
:1064F000134630462A460094B847431C10D003B0D8
:10650000F0BD0B4B06F1F404D3F8E470002DEFD18D
:10651000012329463046074A0094B847431CEED170
:1065200000228A232260336003B0F0BD9400002073
:10653000D80600207C22020070B5054684B05BB10D
:106540001C460F4BD3F8E060234669B12846B0479C
:10655000431C0FD004B070BD094B00F58274D3F812
:10656000E06023460029F1D10A46284601A9B04738
:10657000431CEFD100228A2322602B6004B070BD3F
:10658000D806002070B5134B84B01D686AB1124B59
:106590001446D3F8E06078B10A46234601462846FF
:1065A000B047431C0FD004B070BD0B4B05F582748F
:1065B000D3F8E0600028EFD12346024601A928461F
:1065C000B047431CEFD100228A2322602B6004B025
:1065D00070BD00BF94000020D806002010B51C46F6
:1065E00082B0049B009401934FF0FF3304F0FEF857
:1065F00002B010BD30B58C46864615461C46064B8B
:1066000083B0186871464FF0FF336246CDE90054FD
:1066100004F0ECF803B030BD94000020002100F03D
:1066200001B800BF10B500F0A5F8044604F006F963
:10663000A0F11A03DBB2022B06D9A4F10900042849
:106640008CBF0020012010BD012010BD0229C0F325
:106650000722C3B224D0032903D082F0800283F042
:10666000800302F15001C9B21F290BD902F1300198
:10667000C9B2242932D84FF2A641884224D94FF01A
:10668000FF3070474CF6D3718842F8D8B03A3149A0
:10669000C2EBC212A13B03EB420331F81300704777
:1066A0009E2B95BF7F2180217E3B23339F2A94BF61
:1066B000703A503201EB4201CAB202F15001C9B244
:1066C0001F29DBB2D2D8DDE7D03A2349C2EBC21290
:1066D000A13B03EB420331F813007047A13A072AAC
:1066E000CDD8DFE802F031281E18130F0B04C02BA1
:1066F000C5D81A4AA13B32F813007047F12BBED817
:10670000174A19E0D82BBAD8164A15E0F62BB6D896
:1067100003F540507047F32BB1D803F53E502030BD
:106720007047114A1A4412F8A12C002AA7D003F589
:106730007E40603070470D4AA13B32F813000028BC
:1067400008BF4FF0FF307047094AA13B32F81300F1
:10675000704700BF8C41020010270200B8580200A9
:10676000F85802009C5902000C5A0200685A0200B4
:10677000245B020038B50546B9B101F59574204691
:106780001149F6F74FFD28B92846BDE838400121E8
:10679000FFF75CBF20460D49F6F744FD38B928469F
:1067A000BDE838400221FFF751BF094CE7E720461A
:1067B0000849F6F737FD28B92846BDE838400321D7
:1067C000FFF744BF284638BD4C200200602002007D
:1067D000020800205820020010B512490446124851
:1067E000F6F720FD28B92046BDE810400121FFF74B
:1067F0002DBF0E490C48F6F715FD28B92046BDE817
:1068000010400221FFF722BF09490748F6F70AFDA9
:1068100028B92046BDE810400321FFF717BF2046E6
:1068200010BD00BF4C2002000208002060200200C2
:106830005820020038B50546A1B101F595742046EF
:106840000949F6F7EFFC08B9284638BD2046074944
:10685000F6F7E8FC0028F7D020460549F6F7E2FCF9
:10686000284638BD034CEAE74C20020060200200B5
:1068700058200200020800204B1C70B51AD01446A4
:106880009389526823F02003A381236BCDB2A3B177
:10689000636B934209DD23685A1E226003F8015C92
:1068A000636801336360284670BD214603F02CF90C
:1068B0000028F0D04FF0FF35F5E7236921682BB1B0
:1068C0008B4203D211F8013CAB420ED02346032089
:1068D000C4E90E12012204F140066063266303F846
:1068E000425F2846C4E9003270BD01390132C4E973
:1068F0000012D8E710B50C46096B69B104F14003EA
:10690000994201D0F6F716FF0020E36B2063636025
:1069100013B1A36B236010BD0021A2894FF0FF309B
:1069200042F020022369A2816160F3E72DE9F04F74
:1069300085B0019302FB03F30E9C9BB38846D4E918
:106940000015AB4244D983461E464FF00009CDE9FD
:10695000023204F1400A40462A46F6F741FD20681B
:10696000216B28443746C4E90009A844761BE9B1E5
:10697000514502D05846F6F7DDFEE16BC4F8309081
:10698000616099B10D46A16BB5422160E3D33246F7
:106990004046F6F725FDD4E90021891B3244C4E9BD
:1069A0000021019B184605B0BDE8F08FDDE90232F9
:1069B0002B44DB1BB3FBF2F300211846A28942F003
:1069C0002002A2812269C4E9002105B0BDE8F08F50
:1069D0001E46DCE72DE9F04FE5B002AFC7E90C0237
:1069E000B1F90C20BB61940489464B6E05D442F486
:1069F000005223F400538A814B669804C3F3403459
:106A000000F1BA87A2460822214607F14000F6F7B6
:106A1000F1F9C7E90A4409F14003FB603C62FC61FB
:106A20003C617D4BD3F8E440FBF792FD07F1400257
:106A3000009203467A6B386B07F13C01A0470028AF
:106A40004ADB7B6B014603447B63FB6B002B00F04E
:106A5000C08001284FD0252B56D00028E1D07B6B79
:106A600001385E1AD9F8043034181A46002A06F1A3
:106A7000FF3517DDD9F8003018786A780133904275
:106A800005F1010140F0A580D9F80420A14202F1EE
:106A9000FF32C9F80030C9F8042000F0AB80002AAA
:106AA0000D46E7DCD9F83010002900F04D87FB686F
:106AB000994202D0386BF6F73DFE0022D9F83C30FF
:106AC000C9F83020C9F80430002B00F03D87D9F810
:106AD0003830C9F80030CFE74FF6FD7308220021A7
:106AE00007F14000FB63F6F785F97B6B01337B63AD
:106AF000FB6B002B6DD0494AD25C110700F1288452
:106B00000120252B0146AAD1002422467E6B357830
:106B1000A5F1250306F1010B552B5AD8DFE813F038
:106B2000A20659005900590059000406590059009D
:106B30005900590059005B055B055B055B055B056A
:106B40005B055B055B055B055B055900590059005A
:106B50005900590059005900590059008000250179
:106B600059005900590059005900590059006F0047
:106B7000590059004F01590059005900910159001D
:106B8000590059005900990559005900C00559008C
:106B90005900590059005900590059008200270135
:106BA000590059005900E00599066F005900B405D5
:106BB000EC05CD055101FA05590059009301760005
:106BC000FD05590059009905590076004FF0FF3333
:106BD000BB623B6A43B13B6A1868BB6A013300F091
:106BE0003B8108B1FCF732FEB86A07F5C677BD46AF
:106BF000BDE8F08F02355544A5EB060A11E72307DF
:106C0000E7D1757844F002045E4681E72507E0D1BC
:106C100075785E467CE700BFD8060020A51E0200FE
:106C200044F001040026C7F834B044F04004D9F819
:106C30000430002B41F39C81600641F19D81022EBE
:106C400000F0CA82032E00F0ED81012E00F01C81BD
:106C5000012A38BF012214F00103164604F0100285
:106C60007A6200F0A983002A40F0EB85BA69200619
:106C700052F8043BC7E9053240F1F787002BA8D052
:106C80008020FCF7DBFD834600289FD07B691860DD
:106C90003B6ADC889D88AC4280F0EF8618687B698F
:106CA0003A6A40F82430631CD3802023C7F808B028
:106CB0007B600024FB6A07F16008FB62FBF748FC7D
:106CC000A04200F04E86D9E90021FB6A12F8010BC0
:106CD0000139032B08F80400C9F80410C9F8002092
:106CE00004F1010407F1580502D12B68042B04D0EC
:106CF000082200212846F6F77DF8009523465946DC
:106D00004246386BFFF7BEFB411C034600F0298664
:106D1000002840F0BF857A6AA244013E6AB9CBF8E8
:106D200000207A693AB1BA68ABEB02047A68B2EB38
:106D3000A40F40F23A860BF1040BD9F8042000248A
:106D4000002A40F36584002EB7D1FB627B693BB11A
:106D5000BB68ABEB03017B68B3EBA10F00F24D877F
:106D60007B6A002B7FF45DAEC5E344F001040A2387
:106D70000326FB61A74B3B61D9F80430002B29DCCB
:106D8000D9F83010002900F0DF8509F1400399425D
:106D900004D0386B7A63F6F7CDFC7A6B0023C9F820
:106DA0003030D9F83C30C9F80430002B00F0CC85E5
:106DB000D9F83830C7F834B0C9F800303CE744F0AF
:106DC00001040823FB61944B03263B61D9F804308E
:106DD000002BD5DDD9F80000904D0378EB5C190746
:106DE00041F1148009F140087C6300234446904639
:106DF00007E00130C9F800000178695C0A0740F13A
:106E0000A282D9F804100AF1010A01390029C9F84F
:106E10000410EEDCD9F83010002900F09585A1426D
:106E200003D0386BF6F786FC0023D9F83C10C9F87C
:106E30003030C9F80410002900F08685D9F83800F0
:106E4000D8E744F00104022696E7BB6A23B1B9F8FB
:106E50000C305B067FF5BFAE3B6ADE8818687EB1FA
:106E600000248146A046051F55F8043F01341868E8
:106E7000FCF7ECFC2B68A642C3F80080F4D148462E
:106E80004FF0FF33BB62ACE6002A08BF4FF0FF3281
:106E900004F0100314F001057B6100F03183002B36
:106EA00040F0ED84B969200651F8043BBB60B9613C
:106EB00040F1D4867A62002B3FF48BAE8020FCF741
:106EC000BDFC7A6A064600283FF480AEBB681860B5
:106ED0003B6ADC889D88AC4280F0FB851868BB6803
:106EE0003E6040F824303B6A0134DC8020237B6024
:106EF0004FF0000BFC6A07F16008C7F824A0FA62A3
:106F0000FBF726FB584500F02C85D9E9003213F831
:106F1000011B013A032C08F80B10C9F80420C9F82A
:106F200000300BF1010B07F1480A03D1DAF8003009
:106F3000042B04D0082200215046F5F75BFFCDF862
:106F400000A031465B464246386BFFF79BFA411C76
:106F5000044600F00685002840F0AC840546306009
:106F60000822002107F15000F5F744FFDFF8B0C018
:106F70002A4607F158052946386BDCF8E0C007F1CE
:106F80005003E047012814BF002597F8585007F137
:106F900088035B5D002B00F07D867B6A032C5B44DD
:106FA0007B6200F08F84FB6A013BFB627B694BB91B
:106FB000BB68043633B13B68F51A7B68B3EBA50FA9
:106FC00040F2E384D9F804304FF0000B002B40F37B
:106FD0008584FB6A002B93D1D7F824A0FC627B69DF
:106FE000002B7FF41EAD3360BB68002B00F0838262
:106FF0003B687A68F11A8B1001339A4240F27B8227
:10700000BC6804312068FDF7B7FB002800F07382EC
:10701000206070E2455D0100B55E0100A51E020022
:10702000D80600200026531E262B8ABFA2F127086F
:107030004FF00008272209F140037B62334607F135
:10704000600B5D46C7F8148090465A46D346D7F881
:107050001CA044F45864D9F8001091F800C0ACF1B9
:107060002B004D283CD8DFE800F0753B753B3B8199
:10707000636363636363637A7A3B3B3B3B3B3B3BCA
:107080002727272727273B3B3B3B3B3B3B3B3B3BC8
:107090003B3B3B3B3B3B3B693B3B3B3B3B3B3B3B12
:1070A0002727272727273B3B3B3B3B3B3B3B3B3BA8
:1070B0003B3B3B3B3B3B3B69BAF10A0F10DD24F401
:1070C000386405F801CBD9F8040001380028C9F864
:1070D000040067DD0131B8F10108C9F80010BAD128
:1070E000C7F81CA0DA469346E00505D55D4500F2D9
:1070F000C3825D453FF46DAD14F0100213D15946C3
:10710000FB69386BD7F810C02A70E047BB69A1064D
:1071100003F1040840F1A9821B681860BB6AC7F834
:1071200018800133BB62A5EB0B053544AA4478E413
:107130009F4824F4386430F91AA0C2E704F4C06010
:10714000B0F5007FCCD124F400744FF0100A44F461
:10715000A064B6E72006C3D524F08004B1E79448C4
:1071600030F91AA0BAF1080FA9DCB9E72005A8D5B3
:10717000BAF1000F03D14FF0080A44F4007460051F
:1071800000F17082786924F4607418B10138786174
:1071900008F10108D9F80400013601380028C9F8BF
:1071A000040097DCD9F83010002900F04886786A8E
:1071B000814205D0386BFA61F6F7BCFA0023FA6910
:1071C000D9F83C10C9F83030C9F80410002900F093
:1071D0003686D9F838107EE7002A08BF4FF0FF3214
:1071E000E00704F0100340F12481002B40F03E83BF
:1071F000B96951F8040BB9612106786240F13D8507
:10720000BB607A6100283FF4E4AC8020FCF716FBF9
:107210007A698046BB6800283FF4D8AC796A086078
:10722000396ACC888D88AC4280F03D840868C646B7
:107230004FF0200C796A40F82410396A0134CC8070
:10724000D9F800105B4D09786E5C16F0080661D124
:10725000C7E9015E93461D46C7F814C0FBF778F9ED
:10726000B04200F07E83D9E9003213F8011B013AE5
:10727000C9E9003207F1600399553B60FB6A0136AA
:10728000032B07F1580402D12368042B04D00822F1
:1072900000212046F5F7AEFD00943A68334641469A
:1072A000386BFFF7EFF8421CF86200F05A830028B1
:1072B00040F06284C8F80000FFF7B0F9002840F001
:1072C000A684B2440BF1FF3B002D40F0C0847B6AE2
:1072D00008F10408002B00F0BA84BB68A8EB030493
:1072E0007B69B3EBA40F40F2FF852E46D9F804303A
:1072F000002B40F3CC85D9F800301B787A68D35C3A
:107300001C0702D4BBF1000FA8D12B46D7F814C03C
:10731000D7F808E0002B7FF484ABC8F800307B6A14
:10732000002B00F0E880A8EB0E018A100132944592
:1073300040F2E180186804311C46FDF71DFA002870
:107340007FF466AED7E07C6B4246C7F834B076E493
:107350000025D9F8042009F140040FE0D9F80030E5
:107360001A78144901338A5C12077FF55AABD9F8B1
:1073700004200AF1010A013AC9E90032002AEDDCD1
:10738000D9F83010002900F0D783A14202D0386B21
:10739000F6F7D0F9D9F83C30C9F83050C9F80430C4
:1073A000002B00F0C983D9F83830C9F80030D7E78E
:1073B000E05B0200A51E02007A6A002A40F0088203
:1073C000BB69240653F8045BBB6140F10783002DC1
:1073D0003FF4FFAB3046FCF731FA0446002800F0DA
:1073E000C7823B6A2860B3F80680B3F804B0D8457A
:1073F00080F0E98318683A6A08F10103D38040F805
:107400002850CDF80090214633460122386BFFF713
:107410008DFA044600283FF418AD864240F2D5802C
:1074200001462868FDF7A8F9002800F0CE80286002
:10743000CBE0002B40F06D84BB6914F0800453F85E
:1074400004BBBB6100F023827A62BBF1000F3FF402
:10745000C0AB2020FCF7F2F90646002800F0888235
:107460003B6A7A6ADC889D88CBF80000AC4280F0E9
:10747000C28218683B6A40F824B00134DC802024C2
:10748000D9F80000B94D0378EB5C190700F1CA8206
:107490005346B046AA461546D9F80420013AC9F821
:1074A0000420421CC9F80020027808F8012BBBF127
:1074B000000F04D0A8EB0602A24280F07283013DC7
:1074C0000BD0D9F80420002A40F30584D9F8000035
:1074D00002781AF802201207DED59A464346991B15
:1074E00046468A44013100233370BBF1000F02D0BD
:1074F0008C4200F2E683BB6A0133BB62FFF791BAAC
:107500007B69002B40F01881BB6914F0800453F8AC
:10751000046BBB6100F09E837A62002E3FF459AB8E
:107520002020FCF78BF90546002800F021823B6AF9
:107530007A6ADC88998830608C4280F0858218688D
:107540004FF0200B3B6A40F824600134DC80D9F80E
:10755000001007F188080B7818F80330002B3FF46F
:1075600038ABC7F814A02C46C246904609F1400338
:107570007B622846D9F80450013DC9F804504D1CDF
:10758000C9F80050097800F8011B16B1051B5D45CC
:107590002CD20546B8F101080BD0D9F80410002907
:1075A00040F3B881D9F8001008781AF800000028D4
:1075B000DFD12C1BD7F814A03FF40BAB00232B70AA
:1075C0001EB1611C8B4500F20384BB6AA2440133E7
:1075D000BB62FFF726BA14F08F0F7FF4FAAA02EB12
:1075E000820205EB4202303AFFF712BB4FEA4B0B27
:1075F00020465946FDF7C0F80446002800F0B8813F
:1076000005443060C6E7D9F80420002A3FF755AB9F
:10761000D9F83010002900F0C98309F140029142E5
:1076200004D0386BFB62F6F785F8FB6A0022C9F8D4
:107630003020D9F83C20C9F80420002A00F0B68395
:10764000D9F83820C9F80020002E7FF436ABFFF7B8
:107650007CBB44F400741023FB61454B03263B6163
:10766000FFF78ABB24F4B0642BE5220740F149827E
:10767000BB691B68187051E515F8011C4A46386B48
:10768000013DFFF7F9F834E523077FF4A2AA7578E6
:107690006C2D00F066825E4644F00104FFF738BAB4
:1076A000594607F188007A62FAF70CF901267A6ADE
:1076B00044F040047863FFF7BABAE10600F18A812A
:1076C000BA6952F8043BBA61220700F1818166076A
:1076D00040F1FA83A3F800A0C7F834B0FFF7A1B9CE
:1076E00025077FF476AA7578682D00F034825E460F
:1076F00044F00404FFF70CBA14F08F037FF469AA76
:107700003D6A002D00F0C082757844F080045E462A
:10771000FFF7FEB944F408749DE70A23FB61144B9C
:1077200003263B61FFF728BB22437FF452AA7578FA
:1077300010245E46FFF7ECB9D9F8003007F188084D
:10774000197818F8011000293FF443AA0133C9F849
:107750000030D9F80430012A03F1FF33C9F80430AE
:1077600000F06F81934609F1400417E0A51E020066
:10777000B55E0100D9F800301A78013318F80220FC
:10778000002A00F05E81C9F80030D9F804300136D3
:10779000013B5E45C9F8043000F05381002BE9DC61
:1077A000D9F83010002900F03F81A14202D0386B97
:1077B000F5F7C0FFD9F83C30C9F83050C9F80430AB
:1077C000002B00F03181D9F83830C9F80030D3E708
:1077D000D9E90002B24280F299831C4609F14003C4
:1077E000C7F824A025469A46D9F830101044A3467D
:1077F000B046C9F800001444B61A002900F03283DC
:10780000514502D0386BF5F795FFD9F83C20C9F8FF
:107810003050C9F80420002A00F02483D9F8380039
:1078200096424FF00001C9F80000DFDCD7F824A031
:1078300008EB0B04921B3044C9E90002A244FFF795
:10784000F0B84FF0000BC7E901BBC7F814B0FFF761
:1078500030BA0023FB61C64B0326C7F834B03B6146
:10786000FFF7E5B9C7F834B0FFF7F7B84FF0000CF1
:1078700007F13C018846E646C7F824C0E0E400234F
:1078800007F13C067B603B60BB60FFF731BB5E46A7
:10789000A346F5E5821C3FF4B6AE0328A24402D10C
:1078A0002A68042A00D0013E7A6A002A3FF439AAE5
:1078B000FFF743BA821C0CD035686B1C7FF450ABC9
:1078C000FFF765BBDAF80030042B7FF46CABFFF7F1
:1078D0006DBBD9F80430002B3FF712ABD9F830104C
:1078E000002900F07E8209F14003994202D0386BF2
:1078F000F5F720FF0023C9F83030D9F83C30C9F83B
:107900000430002B00F06D82D9F83830C9F800300F
:10791000FFF75FBBD9F83010002900F07B827B6A4B
:10792000994202D0386BF5F705FF0023D9F83C10D7
:10793000C9F83030C9F80410002900F06B82D9F87A
:107940003810C9F800102FE60022B9F80C30D9F829
:10795000101043F02003C9F80010A9F80C30C9F842
:107960000420BB6A23B1B9F80C305A067FF531A95F
:107970003B6A002B7FF470AA4FF0FF33BB62B86AFA
:1079800007F5C677BD46BDE8F08F3868D900FCF72B
:10799000F3FE386000283FF419A97B68BA685B00E1
:1079A000461910607B60FFF70DBBB868D100154623
:1079B000FB62FCF7E1FEB86000283FF407A97A6992
:1079C0006B007B6000EB040BFB6A1060FFF7B3B940
:1079D00083F800A0C7F834B0FFF723B8CDF80090C3
:1079E000334629460122386BFEF7A0FF04460028E3
:1079F0007FF4EBADB5E74FF6F6739D427A623FF642
:107A00002BAAD7F820800835D8F80000A900FCF789
:107A1000B3FE00283FF420AA7A6AA8F80450C8F8F8
:107A2000000027E501215EE50023C9F80430B9F81C
:107A30000C3043F02003A9F80C30D9F81030C9F805
:107A40000030B244FEF7EDBF4FF6F67399427A620A
:107A50003FF602AAD7F820B001F10808DBF80000D1
:107A60004FEA8801FCF788FE00283FF4F5A97A6AFE
:107A7000ABF80480CBF8000062E54FF6F6739D4248
:107A80003FF6A4A8D7F820800835D8F80000A90050
:107A9000FCF772FE00283FF499A8A8F80450C8F833
:107AA0000000FFF7FCB84FF6F6718D42BB607A61BB
:107AB0003FF68CA83E6A08353068A900FCF75CFEEA
:107AC00000283FF483A8BB687A69B5803060FFF76F
:107AD000AEBB4FF6F6739D427A623FF677A8D7F8B1
:107AE00020800835D8F80000A900FCF745FE0028E2
:107AF0003FF46CA87A6AA8F80450C8F80000FFF7B1
:107B0000EEB9630774D414F0010240F0DA81A107E2
:107B100040F1D781174B3969386B99425946FB6957
:107B200000F0F681FEF7A8FB0B46BA691168C1E9BF
:107B30000003FFF7F3BAA2440023C9F80430B9F8F0
:107B40000C3043F02003A9F80C30D9F81030C9F8F4
:107B50000030FEF766BFB57844F008040236FEF741
:107B6000D7BFB57844F002040236FEF7D1BF00BF9C
:107B7000455D0100B55E0100FB6A02333FF4B6AB20
:107B8000D8F80000FEF74AFD002840D1FB6AB24455
:107B9000032B7FF497AB2368042B7FF493ABFFF7A1
:107BA00093BB6400304621467B617A62FCF7E4FDBA
:107BB000064600283FF4DCAE7A6A7B6900EB0208D7
:107BC000CBF800007BE44FF6F6739B453FF644A9E3
:107BD0003B6A0BF1080B18684FEA8B01FCF7CCFDF0
:107BE00000283FF439A93B6AA3F804B0186002E406
:107BF000BB691B681880FFF791BA7C692068FCF7A5
:107C0000BBFD00283FF4ACA82060FFF7A9B82B46C5
:107C1000D7F814C0D7F808E0D7F800B0002E3FF42A
:107C200079ABB3445D46F3463C6BC7F814C0BB6008
:107C3000013E4A46204615F8011DFEF71DFE002EA6
:107C4000F6D1DE46D7F814C0BB68FFF763BB002649
:107C5000FFF74CBB3546A346264678E47B69BE68F1
:107C6000C7E90033BB60FFF743B97B6AD7F814B0AC
:107C7000C7E901337B61FFF71CB8D7F824809C4625
:107C80009E467B62FFF7DCBA82B0CDE9023302ABDD
:107C90003B6239E5D7F824A0FC62BBF1000F3FF44A
:107CA0009EA95D4608EB0B04D7F83080013D4A469B
:107CB000404614F8011DFEF7DFFD002DF6D1FFF759
:107CC0008EB9DBF80000FCF757FD00283FF413AC39
:107CD000CBF800000FE4D9F83010002900F01C8127
:107CE00009F14002914204D0386B7B62F5F722FD26
:107CF0007B6A0022C9F83020D9F83C20C9F804205A
:107D0000002A00F00981D9F83800C9F80000FFF70F
:107D1000DFBBD9F800309A4D1978695C11F008087A
:107D20007EF47FAE0133C9F80030D9F80430012A5F
:107D300003F1FF33C9F8043008BF0AF1010A3EF429
:107D400070AE09F1400693463246012446469046FD
:107D500012E0D9F800301A780133AA5C10073FF519
:107D60006DADC9F80030D9F804300134013BA345AA
:107D7000C9F8043000F0B280002BEADCD9F83010EA
:107D800000293FF4D8AE414502D0386BF5F7D2FC5C
:107D9000D9F83C30C9F83060C9F80430002B3FF402
:107DA000CAAED9F83830C9F80030D4E7FB620023F6
:107DB000C9F80430B9F80C3043F02003A9F80C30AE
:107DC000D9F81030C9F80030002C3EF4BFAFC8E538
:107DD0003068FCF7D1FC00283FF4F7AB3060FFF7C8
:107DE000F4BB0023C9F80430B9F80C30D7F824A04C
:107DF00043F02003A9F80C30D9F81030FC62C9F820
:107E00000030BBF1000F3FF4EAA8AAE5C7F834B090
:107E1000FEF715BF0023C9F80430B9F80C30A542AD
:107E200043F02003A9F80C30D9F81030D7F814A08B
:107E3000C9F800303FF495AD2C1BFFF7BFBB002302
:107E4000C9F80430B9F80C30C7F81CA043F020037F
:107E5000A9F80C30D9F81030DA46C9F8003093464A
:107E6000FFF742B90023C9F80430B9F80C30D7F84D
:107E700024A043F02003A9F80C30D9F81030C9F839
:107E80000030002C3FF46DADA244FEF7CABDD9F816
:107E90003010002955D009F14003994202D0386BC7
:107EA000F5F748FC0023C9F83030D9F83C30C9F860
:107EB0000430002B45D0D9F83830C9F80030FFF72E
:107EC0001CBABB69FFF728B9E5070AD4A40708D58F
:107ED0004FEAEA72C3F800A05A607BE5DA44FEF785
:107EE000A0BDC3F800A075E5B868D9001E46FCF730
:107EF00043FCB86000283EF469AE7A6A730000EB78
:107F000004082E4610607B61FFF7F0B9344691E417
:107F1000FEF79AFA0B4608E69A464346991B002359
:107F2000C9F80430B9F80C308A4443F02003A9F8AA
:107F30000C30D9F8103046460131C9F80030FFF74F
:107F4000D2BA0022C9F80420B9F80C202B4642F01E
:107F50002002A9F80C20D9F81020D7F814C0D7F8BF
:107F600008E0C9F80020002E7FF4FBACFFF7D2B97F
:107F7000D7F834B0FEF704BFD7F834B0FEF72ABF05
:107F8000A51E02002DE9F04FDDB00C4691460D9183
:107F90000F938346FAF7EEFA036818461A93F5F73B
:107FA00095FA0822189000212CA8F4F723FFA38942
:107FB000180603D52369002B00F015870023002441
:107FC0009E46CDE93133002333AACDE91634DA4693
:107FD00014464D46CDE91BEE3092CDF864E0CDF865
:107FE00080E0CDF874E0CDF828E0CDF848E02F46E9
:107FF0006E4BD3F8E460FAF7ABFA0DF1B00C034620
:108000003A46504628A9CDF800C0B047002800F0F5
:108010009F80C0F29580289B252B01D00744E7E77D
:10802000B7EB0508064640F0978000224FF0FF337B
:10803000934609937B787E1C8DF897200B92994686
:108040000136A9F120035A2B00F2B280DFE813F0C9
:10805000F302B000B000EF02B000B000B000FD02CB
:10806000B000B0006A003502B0002702D202B000B2
:10807000CE025B005B005B005B005B005B005B00B3
:108080005B005B00B000B000B000B000B000B0001A
:10809000B0002801B000AA013E02280128012801F1
:1080A000B000B000B000B0003A02B000B000A802CA
:1080B000B000B000B000D001B000BC02B000B00011
:1080C0008A06B000B000B000B000B000B000B00050
:1080D000B0002801B000AA010102280128012801EE
:1080E0002B0201027400B0006402B0005502AF061A
:1080F0006E027400B000D0017200AC06B000B00097
:10810000B206B00072000022A9F1300316F8019BFC
:1081100002EB820203EB4202A9F13003092BF5D9ED
:108120000B928EE70F9B53F8042B002A0B920F93B0
:10813000C0F2B281337882E733784BF0200B7EE7D0
:10814000082200212CA8F4F755FE012007444FE730
:10815000B7EB0508064610D0329BC4E900584344EB
:108160003293319B0133072B319315DC08340A9B82
:1081700043440A93002E7FF458AF329B002B41F00A
:108180005E810D9B9B8903F04003002B41F08083AF
:108190000A985DB0BDE8F08F50460D9930AA01F005
:1081A00087FC0028EDD133ACE1E700BFD806002002
:1081B0001096B9F1000FE0D0012300228DF80C9148
:1081C000069343AD8DF897200C93CDE913220E92C0
:1081D000099211921BF0020302D006990231069116
:1081E0001BF08408329E05D10B9906980F1A002FB8
:1081F00000F39B806AB101226260319A013601323C
:108200000DF19701072A32963192216000F3D8834D
:10821000083463B102236360319B0236013326AA1E
:10822000072B32963193226000F3BF830834B8F1F4
:10823000800F00F0BF82099B0C9A9F1A002F00F359
:10824000F9821BF4807F40F01E820C9B25601E4447
:108250006360319B32960133072B319300F33F83E8
:1082600008341BF0040F05D00B9B069A9D1A002DB5
:1082700000F3B383DDE90A3206998A42ACBF9B184A
:108280005B180A93002E40F00883002331930E9B65
:108290001BB150460E99F5F74DFA33AC109DA6E68A
:1082A0000F9B1096073323F00703F3E802670F9341
:1082B00027F000431F931E964FF0FF32DDE91E01A9
:1082C000B24BCDE9166704F0FBF9002840F0F484C6
:1082D000DDE91E014FF0FF32AC4B04F0D3F900286A
:1082E00040F0EA84002200233046394604F0C0F909
:1082F000002840F0B2879DF8972000210320A44D6C
:10830000A44B2BF0800B0E910690B9F1470FD8BF0C
:108310001D46CDE9131109910C901191002A3FF4EB
:1083200059AF069B0133069354E7102F319A41F35E
:108330000D82DFF864C2214630460D9C2E46CDF8F2
:1083400054C06546219304E0103F102F01F108014D
:1083500016DD102301321030072ACDE931200D60DF
:108360004B60F1DD2146504630AA01F0A1FB002808
:1083700040F09B82DDE93120103F102F33A9E8DC6B
:1083800035460C460646219B013215993E44072A84
:10839000CDE931262160676000F381869DF8972042
:1083A000083427E70F9BB9F1430F109603F1040639
:1083B00003D01BF0100F00F00185082200212EA829
:1083C000F4F718FD0F9A43AD2EAB294650461268BC
:1083D000FEF7B2F8034601330C9001F054820C9B77
:1083E00023EAE373069300220F968DF89720ECE6BC
:1083F00000230F9F109657F8045B8DF89730002DDF
:1084000000F00085B9F1530F00F094861BF01003C3
:10841000119340F08F86099B002BC1F21B801A46F6
:1084200028461199FAF752F90E90002801F081823E
:108430000E9B11995B1B0C9323EAE3734FF07309B6
:10844000CDE913119DF897200F97099106930E918E
:1084500064E71BF0200F10963ED00F9B073323F0EC
:1084600007031846596850F8083B0A460F90002940
:10847000C0F2CA8309990029C0F2888253EA020136
:108480002BF0800740F08382099A002A40F0848212
:10849000BB460C925CAD64E10B9B5B420B93337863
:1084A0004BF0040BCBE53378682B03BF73784BF4A8
:1084B000007B01364BF0400BC1E52B238DF8973044
:1084C0003378BCE533784BF0080BB8E54BF0100B74
:1084D0001BF0200F1096C0D10F9A1BF0100F52F80E
:1084E000043B0F9240F0C2831BF0400F00F0BA83B0
:1084F00043F3C03211461BB2B9E71BF0200F1096B0
:1085000000F0C5830F9B0A9A1B681A60D2175A6045
:108510000F9B04330F93C1E633786C2B03BF737842
:108520004BF0200B01364BF0100B88E547F630037B
:108530000F9AADF8983052F8043B02210F924FF099
:1085400078090022154810964BF002071990002078
:10855000099D8DF89700002DC0F2EC8053EA0200CF
:1085600027F0800B40F0E580002D40F0D2850029F7
:1085700040F0538317F001030C9300F07183302314
:108580000DF26F158DF86F31EBE000BFFFFFEF7F4D
:10859000B81F0200B41F0200145C0200C41F0200D6
:1085A00010964BF0100B1BF0200200F012830F9B73
:1085B000073323F0070319465A6851F8083B0F9117
:1085C00000212BF48067C2E710964BF0100717F0DC
:1085D000200200F00B830F9B0121073323F00703D8
:1085E00018465A6850F8083B0F90B0E733784BF0C4
:1085F000800B24E5314611F8019BB9F12A0F01F0F7
:108600002882A9F13003092B98BF002201F2A28031
:1086100011F8019B02EB820203EB4202A9F1300345
:10862000092BF5D942EAE2730E46099309E533783E
:108630004BF0010B03E59DF897203378002A7FF477
:10864000FEAC20228DF89720F9E45046F9F792FF0E
:10865000436818461D93F4F739FF209007465046AB
:10866000F9F788FF83681B93002F3FF463AD1B9AD3
:108670003378002A3FF4E3AC1278002A3FF4DFACF1
:108680004BF4806BDBE4B9F1650F40F33781DDE932
:1086900016010022002303F0E1FF002800F0D8813A
:1086A00001236360319B934A01330136072B3296D5
:1086B0003193226000F332850834279B129A93424B
:1086C00080F2C982189B1A9A1E44C4E90023319B88
:1086D00032960133072B319300F37A830834129BCF
:1086E0005D1E002D7FF7BDAD102D319B40F3EB805B
:1086F000DFF804921027DDF83480CDF8549004E0C0
:108700000834103D102D40F3E08001331036072B64
:10871000C4E90097CDE93136F2DD4146504630AA32
:1087200001F0C6F9002840F0C080DDE9313633ACF5
:10873000E7E75F46012900F02A8102295CAD1ED1DE
:10874000199803F00F01415C1B0943EA02731209F7
:1087500005F8011D53EA0201F3D1BB465CAB5B1B7C
:108760000C93099A0C9900238A42B8BF0A46CDE9B6
:10877000133306920E939DF897201193CEE503F0E4
:108780000701DB0843EA4273D208303153EA02069C
:10879000284605F8011DF2D1FB07DED53029DCD0D3
:1087A0003023023805F8013C5CAB1B1ABB4605467A
:1087B0000C93D6E70B9B069A9F1A002F7FF73BADD1
:1087C000102F319B41F35B804B48224631464FF0DE
:1087D000100806460D9C159004E0103F102F02F182
:1087E000080214DD01331031072BC2E90068CDE91E
:1087F0003131F2DD2146504630AA01F059F9002806
:1088000053D1DDE93131103F102F33AAEADC144691
:108810000E460133159A3E44072BCDE931362260CE
:10882000676000F3C084099B0C9A08349F1A002FDC
:108830007FF707AD304A102F319B159221DD32466C
:108840004FF010082E460D9D04E0103F102F04F14C
:10885000080414DD013328491032072BC4E900183D
:10886000CDE93132F1DD2946504630AA01F020F938
:10887000D8B9DDE93132103F102F33ACEADC354690
:1088800016460133159A3E44072BCDE93136226056
:10889000676000F392810834D3E450460D9930AA02
:1088A00001F006F900283FF4F0ACD3460E9B002BF4
:1088B0003FF467AC58460E99F4F73CFF0D9B9B893B
:1088C00003F0400361E40C4A1592159A01332E44DB
:1088D000072B22606560CDE931367FF7C1AC504689
:1088E0000D9930AA01F0E4F80028DED1329E33ACB5
:1088F000B7E400BFF41F0200045C0200129B319F2A
:10890000012B06F1010607F1010704F1080940F304
:1089100010810123072FCDE931762560636000F3D4
:108920008081189B01371A9A1E44072FC9E900233A
:10893000CDE9317600F3828109F10809129B00220A
:10894000DDE916015C1E002303F088FE002840F0DC
:108950000981013701352644072FCDE93176C9F861
:108960000050C9F8044000F3F08009F108091C9B8D
:1089700001371E44C9F80430072F2AABCDE9317600
:10898000C9F80030ABDC09F108046AE45F460A2B41
:1089900072F1000180F0258330338DF86F310123AF
:1089A000BB460C930DF26F15DBE650460D9930AACD
:1089B00001F07EF800287FF478AF329E33AC36E4C5
:1089C00050460D9930AA159301F072F800287FF4F3
:1089D0006CAF329E159B33AC1BE4102D319B40F3E2
:1089E0003187DFF8CC821027DDF83490CDF8548041
:1089F00004E0103D102D04F1080415DD013310369C
:108A0000072BC4E90087CDE93136F2DD49465046EF
:108A100030AA01F04DF800287FF447AFDDE9313688
:108A2000103D102D33ACE9DC0133159A2E44072B91
:108A3000C4E90025CDE931367FF71CAC50460D99CD
:108A400030AA01F035F800287FF42FAF329E11E4F0
:108A50002799002940F33383DDE911839845A8BFA6
:108A60009846B8F1000F0ADD319B46440133072BCD
:108A7000C4E900583296319300F33E860834119FC2
:108A8000B8F1000FA8BFA7EB0807002F00F3CB81B8
:108A9000DDF844901BF4806FA94440F0EA81279BE5
:108AA000129A9342C0F271821BF0010F40F06D8266
:108AB000129AAF18A7EB0907D51AAF42A8BF2F46E5
:108AC000002F0BDD319B3E440133072BC4F800908F
:108AD00067603296319300F385860834002FA8BF73
:108AE000ED1B002D7FF7BDAB102D319B7FF7EBAE5B
:108AF000DFF8C0911027DDF83480CDF8549004E001
:108B00000834103D102D7FF7E0AE01331036072BEF
:108B1000C4E90097CDE93136F2DD4146504630AA2E
:108B200000F0C6FF00287FF4C0AEDDE9313633AC7B
:108B3000E7E71BF0010F7FF4ECAE0123072FCDE92F
:108B40003176256063607FF712AF50460D9930AAE9
:108B500000F0AEFF00287FF4A8AEDDE931760DF11C
:108B6000CC0904E7129B012B7FF701AF112B40F3D7
:108B70007F87504BCDF824B010259B46DDF834801C
:108B8000159305E009F10809103C102C40F33C83D3
:108B900001371036072FC9E900B5CDE93176F1DD8F
:108BA0004146504630AA00F083FF00287FF47DAE96
:108BB000DDE931760DF1CC09E6E750460D9930AA92
:108BC00000F076FF00287FF470AE329E33ACFFF7E2
:108BD00038BB0F991BF0100051F8043B55D11BF026
:108BE00040054ED002460F919BB2E9E40F9917F071
:108BF000100051F8043B41D117F040053AD00F91D5
:108C0000024601219BB2A2E45B425F464FF02D0079
:108C10004FF0010162EB42029AE4099B5CAD0C93B8
:108C20009FE550460D9930AA00F042FF00287FF4DE
:108C30003CAEDDE931760DF1CC0972E650460D9976
:108C400030AA00F035FF00287FF42FAEDDE9317641
:108C50000DF1CC0972E61BF0010F3FF402AB31E5D8
:108C60005CAD7EE51BF4007F40F04F83DA171146C0
:108C7000FFF7FDBB17F4007240F052830F91012102
:108C800065E41BF4007240F046830F9198E41BF0FA
:108C9000100F40F094821BF0400F40F0CA831BF489
:108CA000007F00F08C820F9B0A9A1B681A702FE4D9
:108CB000145C0200045C0200DDE9160102460B466A
:108CC00003F0FEFC002840F01C86B9F1610F00F0B3
:108CD0001F85B9F1410F00F04A85099B013300F06F
:108CE000EF8329F02003472B00F0E1850E90DDE9AA
:108CF0001612002A13464BF48078C0F2E684002353
:108D00001593DDE91623CDE92223A9F14103252B93
:108D100000F20E83DFE813F018040C030C030C03BD
:108D2000D803A5040C030C030C030C030C030C0365
:108D30000C030C030C030C030C030C030C030C03BB
:108D40000C030C030C030C030C030C030C030C03AB
:108D50000C030C030C030C0318040C030C030C038E
:108D6000D803A504A64B109619931BF0200200F01F
:108D70001A810F9B073323F0070319465A6851F8ED
:108D8000083B0F911BF0010F09D053EA020106D0F6
:108D900030218DF899904BF0020B8DF8981002213C
:108DA0002BF48067FFF7D3BB5F4610960FE4109655
:108DB000FFF7F9BB934B10961993D6E70F9B43AD82
:108DC0001B688DF80C31012306930C93FFF70BBB46
:108DD00050460D9930AA00F06BFE00287FF465AD77
:108DE000329E33AC7BE440215846F4F79FFD0D9B47
:108DF00018601861002800F03F8640230D9A5361E7
:108E0000FFF7DCB8099B2946062B28BF06232A4614
:108E100009950E95CDE913117B4D06930F970C9391
:108E20001191FFF77BBA102F319B40F31D867749D4
:108E300032464FF010090E46DDF83480159104E0FB
:108E40000834103F102F40F3EE8101331032072B0E
:108E5000C4E90069CDE93132F2DD4146504630AA1D
:108E600000F026FE00287FF420ADDDE9313233AC7E
:108E7000E7E7129B2246EB180993139B4C46002B05
:108E80003146DDF85080CDF844B0DDF86C90209E7E
:108E9000DDF834B0149531DDB8F1000F40F33381C3
:108EA00008F1FF3831981D9B013031440728C2E991
:108EB00000363291319000F389800832099B99F88D
:108EC00000001F1B8742A8BF0746002F0CDD31980A
:108ED000394401300728C2E900473291319000F34C
:108EE000558199F800000832002FB4BF0546C51B14
:108EF000002D14DC0444139B002BCDDCB8F1000FD3
:108F0000CEDCCDF86C90A146149D129B1446EB1854
:108F100099450E4628BF9946DDF844B0BFE5102DAF
:108F200031983A4B23DD0C9410272C461D4604E063
:108F3000103C102C02F1080216DD0130334B1031C9
:108F40000728C2E90037CDE93101F1DD5946504625
:108F500030AA00F0ADFD00287FF4A7ACDDE93101B7
:108F6000103C102C33AAE8DC2B4625460C9C013023
:108F700029440728CDE931011360556000F3AD8322
:108F800099F8000008320444B5E7189A1A99164473
:108F9000C4E90012319A32960132072A319200F365
:108FA000C883083484E50F991BF0100051F8043B86
:108FB0000AD11BF0400503D002460F919BB2E1E6B7
:108FC0001BF4007240F09D810F91DBE6594650463C
:108FD00030AA00F06DFD00287FF467AC329933AA07
:108FE0006CE707F480610C970E944FF0000E0F466B
:108FF000DFF81CB01B9C0DF5B87CCDF8189010E084
:10900000D81F0200C41F0200EC1F0200045C020013
:10901000CDCCCCCC0A2B72F1000237D3434632467A
:10902000AC46991841F10001ABFB010626F00300A4
:1090300000EB96004FF0CC36091A581A06FB00F6E2
:1090400062F10009A0FB0B800BFB096606440520BA
:1090500008F00109A9FB000940184FEA5808303010
:1090600048EAC6780EF1010E0CF1FF350CF8010C40
:109070007608002FCED021788E45CBD1BEF1FF0FE0
:10908000C8D00A2B72F1000280F0DA801B94DDF860
:1090900018900C9F0E9CCDF848E0FFF75EBB504641
:1090A0000D9930AA159300F003FD00287FF4FDAB65
:1090B0009DF89720329E159B33ACFFF79BB8012398
:1090C0006360319B994A01330136072B3296319305
:1090D000226000F3FE800834002976D1129A0BF04A
:1090E000010313433FF4BDA8189B1A9A1E44C4E918
:1090F0000023319B32960133072B319300F3D38148
:1091000004F1080272E0139B09F1FF39013B13934C
:10911000C8E601295F467FF410AB3DE450460D9947
:1091200030AA00F0C5FC00287FF4BFAB329E33AC00
:10913000FFF7C3BA0DF1B80808220021404629956F
:10914000F3F758FE099B002BC0F28C80002606978F
:10915000CDF83090374699460FE04346504643A934
:10916000FDF7EAF9421C06F10406384400F0BD831D
:10917000484506DC00F0FE830746299B9A59002AE1
:10918000EBD1DDF830900C97069F79E059465046B8
:1091900030AA00F08DFC00287FF487AB99F800001E
:1091A000329933AAA0E650460D9930AA00F080FC0F
:1091B00000287FF47AAB329E33ACFFF73CB80F9BAC
:1091C0000A9A1B681A60FFF7A3B9189B1A9A1E44E3
:1091D000C4E90023319B32960133072B319300F30E
:1091E000628104F108020029C0F20B831299013355
:1091F0000E44072BCDE93136156051603FF76FAB58
:1092000002F10804FFF72DB8DDF824B00137159BF3
:109210002644072FCDE93176C9F80030C9F804405B
:109220007FF7A3AB91E416460133159A3E44072B12
:10923000CDE931362260676000F32981083427E4E4
:10924000209B1D99ED1A1A462846F8F747FC6378CB
:1092500003B101344FF0000EE0E62D228DF8972087
:10926000FFF74BB8002350461946CDF8008029AAD5
:10927000FDF7B4F9034601330C9000F036832995CD
:109280000C9B002B31D0632B00F3F780002343AD00
:109290000E93082200214046F3F7ACFD0C9E2946B0
:1092A00033465046CDF8008029AAFDF797F986424B
:1092B00040F0F28300230C9ACDE9133322EAE271E5
:1092C000AB549DF897200F97069109931193FFF7E0
:1092D00025B850460D9930AA00F0EAFB00287FF42B
:1092E000E4AA2799329E33ACF6E60C9B9DF89720B2
:1092F000CDE913330F970693099311930E93FFF75C
:109300000DB82A460F91DBB23CE543F3C01211467B
:109310005BB2FFF7ACB82A460F91DBB2FFF750B94A
:109320000F912A460121DBB2FFF711B9F41F0200A9
:10933000099B50460193022300932EAB049329AB63
:10934000039327AB0293DDE92223F9F7E5FA1BF03B
:10935000010F054640F007822E9B1B1A1293279B94
:109360001193119BD91C03DB099A9A4280F28E81DA
:10937000119BA9F10209013B002127935FFA89F2B1
:10938000002B8DF8A820B6BF2D222B22119B8DF823
:10939000A920B8BFC3F10103092B40F392820DF15C
:1093A000BF073A46DFF8D0C21E461046ACFB032189
:1093B000C90801EB8102A3EB42023032632E00F8B0
:1093C000012C0B4600F1FF32EEDC303302F8013C99
:1093D000831EBB4280F03A830DF1A90213F8011BF2
:1093E000BB4202F8011FF9D15CAB181AA0F1AD0322
:1093F0001C93129B1C9A012B1A440C9240F370820E
:109400000C9B189A13440C932BF4806343F4807BD9
:1094100000230C9A149322EAE2720692139311939A
:10942000159B002B40F021819DF897200993FEF7B2
:1094300075BF0F9B0A9A1B681A80FFF769B80D9CCD
:109440005046214630AA00F033FBA38903F04003C5
:10945000FEF79BBE2846F4F739F8119B20EAE0712D
:109460004FF07309CDE913339DF897200F970C90B7
:10947000099306910E93FEF751BF5046591CF4F71D
:1094800055FA0546002800F0FF820E9001E750468D
:109490000D9930AA00F00CFB00287FF406AA329E3A
:1094A00033ACFFF7F5BA50460D9930AA00F000FB37
:1094B00000287FF4FAA9DDE93136279933AA92E62C
:1094C00006230E90099312E40223099A01320692B0
:1094D00000932EAB069E049329AB039327AB019612
:1094E00002935046DDE92223F9F716FA29F0200706
:1094F000462F054618BF4527064405D12B78302B4B
:1095000000F03781279B1E440022DDE92201002361
:1095100003F0A4F8002840F022812E9BB34206D22B
:1095200030215A1C2E9219702E9B9E42F9D8279AF0
:1095300011925B1B472F12933FF413AF462F00F09D
:109540002681119B013B17E727AADDE92201F9F7E4
:109550000DF900224FF07F5302F018FE02460B4631
:10956000CDE906230022002303F078F808B1012397
:109570002793099B414A591E414BCDE911B4B9F1DA
:10958000610F08BF1A462E46D346CDF8309013958A
:109590008946DDE906459246099207E0002200234C
:1095A00003F05CF8002840F0D181B9460022354B29
:1095B0002046294602F0EAFD0D46044603F096F8DF
:1095C000804602F079FD02460B462046294602F00D
:1095D00025FC1AF80830B9F1FF3F324604460D4623
:1095E00009F1FF3706F8013BD8D11746264B002278
:1095F000CDE90645DA46DDF83090129CDDF844B03E
:10960000139D03F053F8002800F0128209992E9759
:1096100016F8012CC97B3346914209D1302003F85A
:10962000010C2E9B5A1E2E9213F8012C9142F6D05B
:10963000392A0BBF099A0132927AD2B203F8012C6F
:1096400033465B1B1293279BB9F1610F119303F112
:10965000FF33279300F0C28150224FF041090121CE
:109660008EE6099B0693032332E72D2200238DF813
:1096700097200993FEF755BECDCCCCCCD81F020065
:10968000C41F0200000030400000E03FDDE911236C
:10969000934200F3DB801BF0010F119B00F0478128
:1096A000189A13440C931BF4806F00F07A81119B7D
:1096B0004FF06709002B7DDC0C9B23EAE3730693D4
:1096C0000023C346CDE91333AAE622912D2103F1ED
:1096D000004315912393FFF718BB5946504630AA13
:1096E00000F0E6F900287FF4E0A899F8000032992C
:1096F00033AA0444FFF7FFBB50460D9930AA00F08F
:10970000D7F900287FF4D1A8329E33ACFFF7B7B960
:1097100078238DF8993030238DF89830099B4BF0E1
:10972000020B632B00F3B980002343AD0E93FFF7C8
:10973000DEBA50460D9930AA00F0BAF900287FF43D
:10974000B4A8279B329E33ACFFF7B2B9AE4915914E
:10975000FEF71ABE00230E460993FEF772BC279A45
:1097600033461192E5E6099B4727C618CCE65823F5
:10977000CFE70022DDE92201002302F06FFF00287D
:1097800000F02781279B1E441193731B129311999C
:10979000099A0BF00103002943EA020340F32D81EB
:1097A000002B40F001814FF06609119B0C931BF4D4
:1097B000806F81D01B990B78FF2B00F06181002610
:1097C000119A304604E001300131FF2B00F0D880BF
:1097D000934280F2D580D21A4B78002BF3D10B78CC
:1097E0000136F2E750460D9930AA00F061F90028E1
:1097F0007FF45BA8279D129B329E33AC5D1BFFF765
:109800006DB94F4210312CDADFF800821024CDF808
:10981000548003E00832103F102F24DD013310364E
:10982000072BC2E90084CDE93136F3DD50460D99AE
:1098300030AA00F03DF900287FF437A8DDE9313681
:1098400033AAE8E7704A1592FFF7EEB8129B189A10
:109850009A18119B0C92002B40F3AE804FF06709D1
:10986000A5E76A491591013315993E44072BCDE9C7
:1098700031361160576000F3B3800832B6E4634AB2
:109880001592FEF7C6BF0D9A938943F0400393816A
:109890004FF0FF330A93FEF77BBC5046591CF4F798
:1098A00045F805460028EED00E90FFF720BA099B38
:1098B000002B7FF41BAA099B0E9301230993FFF74A
:1098C00016BA002940F0828030228DF8AA200DF1CE
:1098D000AB02303302F8013B2AABD31A1C9388E564
:1098E0001BF0010F3FF490AD8AE50022D3460D9B9B
:1098F0000E92B3F90C3043F040030D9A9381FEF7BA
:10990000D5BF179B0320002BB8BF2D224FF00003BB
:10991000A8BF9DF8972019460E933D4D3D4BB8BF0B
:109920008DF897202BF0800B0690FEF7EEBC0C9381
:10993000B9E6099B4FF07309CDE913009DF8972014
:109940000F9706930C930990FEF7E8BC494600294F
:10995000DA46DDF83090129CDDF844B0139DFFF636
:109960006FAE4B1C30223146334401F8012B994233
:10997000FBD166E6099BDDF83090069F0C937FE4EF
:10998000CDE913061B911192DDE91332209913449E
:109990000C9AC34601FB03230C9323EAE37306935B
:1099A0003EE54FF0670987E61346189A4FF06609BF
:1099B00013440B440C93FAE6C3F101031A4422EA60
:1099C000E2734FF067090C92069379E60DF1AA0253
:1099D0007FE7069BC3F10103279394E570223EE6DF
:1099E00050460D9930AA00F063F800287EF45DAF70
:1099F000DDE9313633AAFFF7F9BB6BB901234FF02C
:109A0000660906930C935BE6145C0200045C02009A
:109A1000C01F0200BC1F0200189B4FF0660903F133
:109A2000010B099B5B440C9323EAE373069347E61F
:109A30000022DDE906011C4B02F010FE00283FF475
:109A4000FFAD18F0010F3FF4FBADDFE502231C93DF
:109A5000CFE40F9A73780E4652F8041B0F9241EA36
:109A6000E1720992FEF7EBBA104A1592FFF7DCBBE0
:109A70000E4B1593FFF7CABB0C23CBF8003007E75A
:109A80000023CDE913337FE70D9BD346B3F90C30A8
:109A90000E9043F0400330E70D9BD346B3F90C30F2
:109AA00043F0400329E700BF0000E03F045C0200F0
:109AB0002DE9F041154692682C68FAB107468846B0
:109AC000083402E013460834C3B16B685E1E002BF5
:109AD0006E6013DD54F8046C002EF3D0334641461B
:109AE000384654F8082C01F0ABFE431C07D0AA6896
:109AF0000834921B1346AA60002BE6D100200023F5
:109B0000C5E90133BDE8F0812DE9F0410C46096B50
:109B100004F14003994214D0666B77003A46FAF795
:109B200035FE054630B300EB060801463246404696
:109B3000F3F756FCC4E90C57C4F800800020BDE8D8
:109B4000F0814FF48061F3F7F1FE98B14FF480613A
:109B500094F842202063616380F8FF2394F8412049
:109B600000F2FD3380F8FE2394F8402080F8FD23B6
:109B70002360E3E74FF0FF30E1E700BF70B54C1C16
:109B800039D00E460546144610B1436B002B71D0F8
:109B9000626EB4F90C30D10701D49A054DD523F08B
:109BA00020025807A28106D4D9066DD51B0754D4CC
:109BB00042F00402A281226B6368F6B2F2B1626BDA
:109BC0009A420FDD23685A1E226003F8016C636815
:109BD000626E0133D207636002D4A3899B0537D537
:109BE000304670BD21462846FFF78EFF0028E9D099
:109BF000636ED80751D54FF0FF36F1E7626E2069EA
:109C0000216802F0010228B1884203D211F8010C48
:109C1000B04232D00320E3632346C4E90D010121A1
:109C200004F14005256303F8426FC4E90031002ABE
:109C3000D6D1A3899B05D3D40AE0A06DF3F7E8FA47
:109C4000B4F90C3023F020025807A281B3D4ABE75B
:109C5000A06DF3F7E5FA304670BD21462846F2F7CD
:109C60006BFC0028C4D1B4F90C20A06022F00802DB
:109C7000A0619DE7F2F7E4FD8AE701390133C4E909
:109C80000013002AACD1A8E7626ED207B3D49905BD
:109C9000B1D4A06DF3F7C4FAADE7A389F7E700BF2D
:109CA00003460A46024908681946FFF767BF00BF26
:109CB00094000020844610B40E4C1CF8013B11F8AF
:109CC000010BE25C02F00302012A225C08BF203390
:109CD00002F00302012A05D01B1A08D10028ECD19A
:109CE00010BC70472030181AE7D010BC70471846D7
:109CF00010BC7047A51E0200830710B5044610D1A2
:109D00000268A2F1013323EA020313F0803F08D175
:109D100050F8042FA2F1013323EA020313F0803F2D
:109D2000F6D003781BB110F8013F002BFBD1F8F7F8
:109D30006FFC204610BD00BF0B4632B913F8012B53
:109D4000002AFBD1581A01387047013A16D010B4D6
:109D500001E0013A09D013F8014B00F8014B002C47
:109D6000F7D1581A013810BC7047027013F8012B54
:109D7000002AFBD1581A013810BC70470270DDE789
:109D800022B310B502448646114C04E01B1A1BD1C5
:109D9000B8B1964516D01EF8013B11F8010B14F826
:109DA00003C00CF0030CBCF1010F14F800C008BF95
:109DB00020330CF0030CBCF1010FE7D12030181A4E
:109DC000E7D010BD002010BD184610BD10467047EA
:109DD000A51E020000200149704700BF0000F87F67
:109DE000144600B51A460A4B0D461B6885B0DE685E
:109DF00003464CB10749019130460749029400954A
:109E000000F060FD01F07CFD04490C46F3E700BF63
:109E10009400002070220200802202007C220200B6
:109E200008B513460022FFF7DBFF00BF38B5A1FBE2
:109E3000021454BBF3F77AFD054650B350F8042CD6
:109E400022F00302043A242A10D8132A13D91B2A19
:109E5000C0E9004416D9242AC0E902440ABFC0E977
:109E6000044400F1100200F1180205E02146F2F767
:109E7000C1FF284638BD024600232846C2E9003308
:109E8000936038BD00F10802F6E7F3F775F90C238B
:109E900003600025284638BD0148F3F7B9B900BF73
:109EA0006C6100200148F3F7BBB900BF6C61002072
:109EB0002DE9F0410469B4EB611F05DC0023036167
:109EC00000234361BDE8F08100F114054E1111F04B
:109ED0001F0C05EB840E05EB860321D055F82610E8
:109EE00004339E4521FA0CF1CCF120082DD92F46E0
:109EF0001A6802FA08F20A4347F8042B53F8041BC5
:109F00009E4521FA0CF1F3D8A31B9B00053B9B084F
:109F1000013305EB830445F8231079B104340DE0D7
:109F20009E4588BF00F11002C8D953F8041B9E4516
:109F300042F8041FF9D8A41B05EB8404631B9B1093
:109F4000AC420361BCD0BDE8F08141610029B5D0CD
:109F50002C46E3E72DE9F04F1C4685B000900868D9
:109F6000934682780B46302A029440F0F381C11C5C
:109F70000A780C46302A01F10101F9D0A4EB00095E
:109F8000A9F10209DFF8C08218F80220002A00F0C7
:109F9000EF80002722783D4618F80220002A00F0C2
:109FA0007781264616F8012F18F80220002AF9D1E9
:109FB00001223046A5490193F2F7D4FF019B824666
:109FC00000284DD03278002D00F0A581A5EB060ABF
:109FD0004FEA8A0A02F0DF02502A35464DD01E6051
:109FE000002F74D12B1B013B072B394604DD5B107E
:109FF000072B01F10101FADC0098F9F781FE034615
:10A00000002800F06A8200F11406A542019640F291
:10A01000CA8100270390B9460DE0202F1AD0394697
:10A0200004372A7818F8022002F00F028A4049EA21
:10A030000209A54254D015F8012D2E2AEDD1A542D2
:10A04000EBD3012228468149F2F78CFF0028F0D09B
:10A05000202FE4D1002146F8049B04278946E0E73D
:10A06000002D00F068813278A5EB060A02F0DF02CD
:10A07000502A35464FEA8A0AB1D16A782B2A00F075
:10A0800048812D2A40F0D5800120AA78AE1C18F80E
:10A0900002104A1E182A00F2D5807278103918F87A
:10A0A000022001365AB90CE001EB810102EB4102BA
:10A0B000A2F1100116F8012F18F802200AB1192A8E
:10A0C000F2DD00B149428A441E60002F8AD0B9F106
:10A0D000000F0CBF06250025284605B0BDE8F08F0F
:10A0E000039B019A46F8049BB61AB6101E614846B7
:10A0F0000393F9F7DFFE7601DBF80040361AA6423B
:10A10000039B76DCC0F209810027DBF8082052456A
:10A11000C0F23E81DBF8042052454EDDA2EB0A0A74
:10A12000544500F39580DBF80C10022900F0E18023
:10A13000032900F05381012940F0DF80544540F0AD
:10A14000DC80012C0AD01846611E0393FAF7E8FA66
:10A15000039B002800F0D180DBF804200121029845
:10A1600062250260019A196111600E9A1360B3E7CB
:10A170000122204635490193F2F7F4FE019B074680
:10A18000002840F087806278651C18F802100029CA
:10A1900000F08280302A2C4640F02B8114F8012FE9
:10A1A000302AFBD018F802204FF00109B2FA82F7EA
:10A1B0007F09002A7FF4F5AE6AE0012587B1DBF85C
:10A1C0000C20022A6FD0032A71D0012A06D1B907C8
:10A1D00004D5019A12681743FA076BD445F01005AD
:10A1E00028460E9A1360029BC3F800A005B0BDE894
:10A1F000F08F361B18463146FAF792FA039B074652
:10A2000078B10127711E01984A1150F8220001F01F
:10A210001F0207FA02F2024203D0B94200F3CF80D4
:10A220000227184631460393B244FFF741FE039BD1
:10A230006BE718F8021000204A1E182A05F10106E3
:10A240007FF62BAF2E46CAE6245C0200EC2002000B
:10A250000AF1FF35002F40F0A480002D40F0A780C8
:10A2600001220198691150F8211005F01F05AA403C
:10A270000A4218465146039318BF47F00207A4EB61
:10A280000A04FFF715FE0225DBF804A0039B95E7FF
:10A2900026468DE62546227802F0DF02502A00F09D
:10A2A00099801D6013E70F9AC2F101020F920F9A75
:10A2B000002A93D001991E6988460A4600274FEA72
:10A2C000860901EB860003E0904242F8047C45D900
:10A2D000944652F8041BB1F1FF3FF5D00131022D35
:10A2E000CCF800107ED014F01F0440F0AE80212581
:10A2F00076E70F9900293FF431AF502519460098B1
:10A30000F9F724FD002328460E9A136005B0BDE836
:10A31000F08F0020B9E6AA465CE6A61B1946324635
:10A320000098F9F751FF00F1140203460027AAEB49
:10A33000060A0192E9E67278751C18F802102E469A
:10A3400000293FF447AE16F8012F18F80210002933
:10A35000F9D13BE64FF00009841C13E69A68964257
:10A360004ADA0121022D06EB010003EB8606186193
:10A37000DDF80480716135D0002874DC00221A6198
:10A3800000225A61DBF808200AF1010A5245AEDAD0
:10A3900019460098F9F7DAFC00230E9AA3251360FA
:10A3A0009AE601275CE74FF00009019E99E61846FE
:10A3B00029460393FAF7B4F9039B074650E718467A
:10A3C000B11E0393FAF7ACF9039B00283FF428AFC2
:10A3D000032726E74FF0000A01274EE60F990029D0
:10A3E0008BD0BBE6DBF80020013AA24262D02225E6
:10A3F000F6E64FF00109D4E5596800980131019360
:10A40000F9F77EFC019B074600286CD01A6903F11E
:10A410000C01023292000C300193F2F7E1FF019B34
:10A4200000981946F9F792FC01213B69022D03EBD4
:10A43000010007EB8303386107F1140859613B46BB
:10A44000D0D08642BFF64FAF96E7C14459F8040C0E
:10A450000193F9F72FFDC4F12004A042019BBFF640
:10A4600046AF186988E75A6908EB800003F11804C1
:10A47000A0424FEA520229D94546216842EAC172F8
:10A4800045F8042B54F8042BA0424FEA5202F4D8AA
:10A49000C11A19398908013148F8212008EB8101D6
:10A4A00002B10431A1EB0802921041451A617FF418
:10A4B00069AF65E70122611158F8211004F01F040B
:10A4C000A2400A4214BF2125222589E6C8F80020AF
:10A4D0000AB14146E5E71A6152E70246E421054B1D
:10A4E0000548FFF77DFC02468421024B0248FFF736
:10A4F00077FC00BF44210200B022020010B50468BE
:10A500008646013409E014F8013BA3F1410CBCF18B
:10A51000190F98BF2033934207D111F8012B002A5D
:10A52000F1D10120CEF8004010BD002010BD00BFC9
:10A530000B682DE9F04F591102EB810113F01F0355
:10A5400006464FF000050DBF0846081D8E46A1F1D6
:10A55000040E316885B040F8045C4C1C4978002931
:10A5600000F0AF807746F4460093AA460B46A94612
:10A570007146AB469646DFF884810246019610E0AC
:10A58000202B00F296804D4508DD674502D9BAF1CF
:10A59000070F67DDE6455CD34FF0080A14F8013F6A
:10A5A000B3B118F80360002EEAD00AF1010ABAF13B
:10A5B000080F05F1010542DCDCF800301B0106F054
:10A5C0000F061E43CCF8006014F8013F002BE8D1C1
:10A5D000104672468E46009B002D72D0BC4502D2BA
:10A5E000BAF1070F74DD624555D26346111F53F867
:10A5F000044B734541F8044FF9D9AEEB0C0323F03B
:10A6000003030EF1010104330CF1010C8C4588BFEA
:10A6100004230021134443F8041B7345FBD950F86D
:10A62000041C19B107E05EF8043D23B97245FAD164
:10A630000123CEF80030052005B0BDE8F08FE645D7
:10A64000ACD24CF804BC00234FF0010AACF1040C6E
:10A65000B5E7ACF104074CF804BCA946BC464FF082
:10A66000000A9BE7CAF1080080006646CDE902C2F5
:10A67000DCF800308446C0F1200A706800FA0AF263
:10A680001A4320FA0CF3326046F8043FB742F4D87C
:10A69000DDE902C27EE750F8041C002BC1D04FF068
:10A6A000FF34C3F1200324FA03F3194040F8041CDB
:10A6B000B7E7104672468E4619462929019E009B2F
:10A6C00003D0042005B0BDE8F08F0134346083E787
:10A6D000DCF80040CAF10801890066468846254634
:10A6E000C1F12009716801FA09F42C4321FA08F537
:10A6F000346046F8045FB742F4D874E7245C020083
:10A700002DE9F04F89B08646DDE9137A1E46002F09
:10A7100053D01568002955D0129B002B62D0741EAF
:10A720002EB30026CDE900E1DDF848B0043D0291EA
:10A7300003920AE0019BF3B92868002831D0DC4578
:10A7400052D2013C631C664611D0D7E9009855F8F7
:10A75000042F3B460098DAF8E0C005A9E047421C08
:10A7600034D000EB060CDC45E4D9C7E9009830464C
:10A7700009B0BDE8F08F00280CDD029B05A9184444
:10A780005A1E00F1FF3E11F8013B02F8013F7245ED
:10A79000F9D10290039B28681A6804321A600028D5
:10A7A000CDD10199039A01B110600CF1FF3600225E
:10A7B00030463A6009B0BDE8F08F156800F586773D
:10A7C0000029A9D14FF0FF331293A8E706468A214A
:10A7D00000223046DDF800E0CEF800103A6009B003
:10A7E000BDE8F08F129EC2E76646C0E710B584B0A0
:10A7F0000698054C00900798019004480068029460
:10A80000FFF77EFF04B010BDD806002094000020A2
:10A8100010B5044684B0069801900648006800937D
:10A8200013460A462146044C0294FFF769FF04B020
:10A8300010BD00BF94000020D8060020184B98429D
:10A840002AD870B54FF0000E40F6F904154D03E01C
:10A8500003F1010E74451DDB04EB0E0303EBD37310
:10A8600023F0010202EB630205EB420C9CF801109D
:10A87000BCF80260BCF804C041EA06218C44604583
:10A880004FEA63034FEA4202E2D8884206D25C1ED6
:10A890007445E1DAFF2070BDFF207047A85C70BDF1
:10A8A000EF010E00245D02000CB400B583B004ABD0
:10A8B00053F8042B019300F019F803B05DF804EB92
:10A8C00002B070470EB400B5074A82B003AB014630
:10A8D000106853F8042B019300F008F802B05DF8FB
:10A8E00004EB03B0704700BF9400002084462DE9BC
:10A8F000F04F0E461546E146C9B018AF08220021B8
:10A9000038461C46059607950D93F2F773FAB9F190
:10A91000000F04D0D9F83430002B00F03786059BA7
:10A920005A6EB3F90C30D00702D4990540F12C854A
:10A930009E0406D4059943F4005322F400528B81FF
:10A940004A66950400F1E486059AB2F90C301907BD
:10A9500040F1BF801269002A00F0BB8003F01A02A8
:10A960000A2A00F0C58000231FAA9246CDE91D33B4
:10A97000CDE91133DFF83CB21C920E9309930F938B
:10A98000CDF82090DDE90754DBF8E460F7F7E0FD4F
:10A990002A46034616A920460097B047002800F033
:10A9A000C680C0F2BC80169B252B01D00544EBE786
:10A9B000079B0446EE1A40F0BE804FF0FF320023A2
:10A9C00006926A786C1C8DF853300A930393013415
:10A9D000A2F120035A2B00F2EF80DFE813F05402BB
:10A9E000ED00ED004E02ED00ED00ED005E02ED0029
:10A9F000ED006A00EB01ED00E501F601ED00F0016C
:10AA00005B005B005B005B005B005B005B005B006E
:10AA10005B00ED00ED00ED00ED00ED00ED00ED0060
:10AA2000ED00ED0097017F02ED00ED00ED00ED007F
:10AA3000ED00ED00ED00ED00ED00ED001202ED0087
:10AA4000ED00ED007001ED00A202ED00ED00FC0450
:10AA5000ED00ED00ED00ED00ED00ED00ED00ED008E
:10AA6000ED00ED009701BC01ED00ED00ED00990255
:10AA7000BC017400ED002003ED001103F904F002A5
:10AA80007400ED0070017200F604ED00ED001F058A
:10AA9000ED0072000021A2F1300314F8012B01EB4C
:10AAA000810103EB4101A2F13003092BF5D90A9191
:10AAB0008EE70D9B53F8042B002A0A920D93C0F2E7
:10AAC0007081227883E7039B227843F0200303936D
:10AAD0007DE7059D48462946F2F72AF9002840F00F
:10AAE0003D86B5F90C3003F01A020A2A7FF43BAF19
:10AAF0000599B1F90E20002AFFF635AF4A6ED60748
:10AB000002D49D0540F1EB8523464846079A0599F6
:10AB100000F056FE0990099849B0BDE8F08F082270
:10AB200000213846F2F766F9012005442CE7079B1F
:10AB30000446EE1A12D0079BCAE900361E9B334426
:10AB40001E931D9B0133072B1D9313DC0AF1080A8A
:10AB5000099B33440993002C7FF42FAF1E9BDDF833
:10AB60002090002B40F0CA850022059B1D92B3F96E
:10AB70000C3012E0059908981CAAF6F717FC48B9A2
:10AB80000DF17C0AE4E7B1460C9B1BB148460C99D9
:10AB9000F2F7D0FD059BB3F90C30059A526ED10740
:10ABA00040F183805B0600F1BD85099849B0BDE89E
:10ABB000F08F00BFD80600200794002ACED00023D3
:10ABC0008DF8533001238DF8BC2004932FAC0B93E8
:10ABD0004FF00009CDF83090CDF81890039BDDE9D7
:10ABE0001D2113F0840605D10A9B04981D1A002D1F
:10ABF00000F302839DF8530078B101230132013143
:10AC00000DF15300072ACDE91D21CAF80430CAF816
:10AC1000000000F32B830AF1080AB9F1000F0ED0EF
:10AC2000022001320231CAF80400072A15A8CDE932
:10AC30001D21CAF8000000F325830AF1080A802EBE
:10AC400000F02A82069B0B981D1A002D00F36B82E0
:10AC50000B9B01321944072ACDE91D21CAF8004097
:10AC6000CAF8043000F39C820AF1080A039B5807D3
:10AC700005D50A9B049A9C1A002C00F30F83DDE98A
:10AC8000093204988242ACBF9B181B180993002913
:10AC900040F0908200231D930C9B1BB10C990898E7
:10ACA000F2F748FD0DF17C0A6CE69A053FF57AAFA4
:10ACB000059CA06DF2F7B4FAB4F90C3072E70023EA
:10ACC0000D9E079456F8044B8DF85330002C00F07D
:10ACD0007584532A00F0BD83039B13F0100540F0E8
:10ACE000B883069B002BC0F2E8841A46294620460A
:10ACF000F7F7ECFC0C90002800F02C85031BCDE945
:10AD00000B3523EAE373049300F0B8BC0D9B432A90
:10AD1000079403F1040503D0039BD80640F1828316
:10AD2000082200211AA8F2F765F80D9A2FAC1AAB89
:10AD3000214612680898FBF7FFFB034601330B908E
:10AD400000F0FB840B9B23EAE373049300230D952F
:10AD50008DF853303CE7039B0794990640F1C78078
:10AD60000D9B073323F0070318465A6850F8083B39
:10AD700011460D90002AC0F25B81069A002AC0F2AB
:10AD80006481039A22F08002039253EA010240F0A8
:10AD90005C81069B002B40F0A78404930B9348AC86
:10ADA00065E10A9B5B420A93039B227843F004030C
:10ADB00003930CE62B2322788DF8533007E6039B90
:10ADC000227843F08003039301E6204610F8012B1C
:10ADD0002A2A00F0CE84A2F13003092B98BF00216B
:10ADE00000F2848410F8012B01EB810103EB410197
:10ADF000A2F13003092BF5D941EAE1730446069329
:10AE0000E6E5039B079443F0100212F0200100F0E6
:10AE100087820D9B073323F007031846596850F8C3
:10AE2000083B0D90002022F480640394069C8DF86A
:10AE300053008442C0F2A08053EA010422F49062DD
:10AE400040F0A083039C0392069B002B40F08C8073
:10AE5000002840F0908214F001020B9200F09082E2
:10AE600030238DF81F319DF8533004920DF21F14DA
:10AE7000002B40F001810C9303E1039B227843F007
:10AE800001030393A3E59DF853302278002B7FF450
:10AE90009EAD20238DF8533099E5089E3046F7F794
:10AEA00069FB436818461193F2F710FB12900546B0
:10AEB0003046F7F75FFB83680E93002D3FF401AE39
:10AEC0000E9B2278002B3FF482AD1B78002B3FF4C1
:10AED0007EAD039B43F48063039378E5039B079463
:10AEE00043F010030393039B99063FF539AF0D9A86
:10AEF00052F8043B0D92039AD20600F15282039A53
:10AF0000560640F14A8243F3C0310A461BB231E78C
:10AF10002278039B682A00F0958243F04003039354
:10AF200055E5039B079443F0100414F0200100F052
:10AF300006820D9B073323F007031A46596852F81F
:10AF4000083B0D9200228DF85320069A002AC0F289
:10AF50001B8324F08002039253EA010275D1069B01
:10AF60000120002B3FF474AF012800F0BD830023C3
:10AF70000228194600F0298148AC03F00702DB08DB
:10AF800043EA4173C908303253EA0105204604F808
:10AF9000012DF2D1039BDD0740F12581302A00F01D
:10AFA00022813023069A023804F8013C48AB1B1A70
:10AFB0009A42B8BF1A4604460B93049257E0039B8B
:10AFC000002143F00203039347F630030D9AADF8D6
:10AFD000543052F8043B07940D92B64A0F92002267
:10AFE0008DF85320069A002AC0F2EF80039C53EAA2
:10AFF000010024F08002039240F0E780022023E762
:10B00000039B07949C0640F1CF810D9B099A1B6816
:10B010001A60D2175A600D9B04330D93B2E4227864
:10B02000039B6C2A00F0078243F010030393CEE4E5
:10B030002D228DF85320069A5B4261EB4101002AD4
:10B0400003DB039A22F0800203920A2B71F10002C3
:10B0500080F03A823033DBB28DF81F31069B0DF25F
:10B060001F14012BB8BF0123049301230B939DF8F8
:10B070005330002B3FF4FFAE00230C93049B0133AD
:10B080000493039B13F002093FF4A8AD049B4FF017
:10B09000020902330493A1E50A9B04981D1A002DAE
:10B0A0007FF7D0AD102D40F34583DFF80C82534677
:10B0B00040461026A046DDF820900446DDF814A096
:10B0C00004E0103D102D03F1080315DD01321031AD
:10B0D000072AC3E90046CDE91D21F2DD5146484665
:10B0E0001CAAF6F763F900287FF44EADDDE91D21B7
:10B0F000103D102D1FABE9DC9A4623464446984686
:10B1000001322944072ACDE91D21CAF80080CAF876
:10B11000045000F34082069B0B980AF1080A1D1A9E
:10B12000002D7FF795AD102DDFF88C812ADD534679
:10B130001026AA46DDF820902546059C06E0AAF1D7
:10B14000100ABAF1100F03F1080318DD01325A4852
:10B150001031072AC3E90006CDE91D21EFDD2146A4
:10B1600048461CAAF6F722F900287FF40DADDDE968
:10B170001D21AAF1100ABAF1100F1FABE6DC2C4614
:10B1800055469A4601322944072ACDE91D21CAF8BD
:10B190000080CAF8045000F3E1800AF1080A57E57C
:10B1A000059908981CAAF6F701F958B91E990DF1EE
:10B1B0007C0A5BE5059908981CAAF6F7F7F80028C1
:10B1C0003FF468ADDDF82090DEE40F9848AC03F062
:10B1D0000F02825C1B0943EA0173090904F8012D7F
:10B1E00053EA0102F3D1069A48AB1B1B9A42B8BF3F
:10B1F0001A460B9304923AE7102D40F37C822F4BB2
:10B2000050461396A2464FF010081C46089E109315
:10B2100004E0103D102D00F1080015DD0132103161
:10B22000072AC0E90048CDE91D21F2DD3046059925
:10B230001CAAF6F7BBF800287FF4A5ACDDE91D21B8
:10B24000103D102D1FA8E9DC54468246139E0132A2
:10B25000109B2944072ACDE91D21CAF80030CAF8FD
:10B26000045000F381810AF1080AC3E405990898A3
:10B270001CAAF6F79BF80028A4D1DDE91D210DF1E9
:10B280007C0ACAE4059908981CAAF6F78FF80028EA
:10B2900098D1DDE91D210DF17C0AD0E4102C1D9B15
:10B2A00040F34582054E1025DDF82090DDF814802E
:10B2B00010960AE0C41F02000093020010930200DF
:10B2C000103C102C0AF1080A16DD01331031072B4F
:10B2D000CAE90065CDE91D31F2DD414648461CAAA8
:10B2E000F6F764F800287FF44FACDDE91D31103C1F
:10B2F000102C0DF17C0AE8DC0133109A2144072B55
:10B30000CAE90024CDE91D317FF7B9AC0599089849
:10B310001CAAF6F74BF800287FF454AF1E99AEE450
:10B320000D9850F8043B0D9012F010007FF47AADA8
:10B3300012F0400400F04C8101469BB272E50D9A78
:10B3400052F8043B0D9214F010027FF4FBAD14F0A0
:10B35000400000F0438111469BB2F3E5059908983F
:10B360001CAAF6F723F800287FF42CAFDDE91D2195
:10B370000DF17C0A6CE4069B48AC04930B9376E6D3
:10B38000069B48AC049372E6059DA86DF1F740FF5B
:10B39000B5F90C306A6EFFF7CBBA039A950500F148
:10B3A0008681D9170A46E5E4039BD80600F101819E
:10B3B000039B590600F17681039B9A0540F1F980C1
:10B3C0000D9B099A1B681A7025E60794039CACE54F
:10B3D000039A079419E5AF4B07940F93039B13F05F
:10B3E000200161D00D9B073323F0070318465968ED
:10B3F00050F8083B0D90039CE6070AD553EA01007C
:10B4000007D08DF8552044F00202039230228DF8C7
:10B410005420039A22F480620392E0E59E4B079445
:10B420000F93DBE70D9B2FAC1B688DF8BC3001231D
:10B4300004930B938AE443F020036278039301346E
:10B44000FFF7C5BA43F40073627803930134FFF742
:10B45000BEBA082200211AA81794F1F7CBFC069B6C
:10B46000002BC0F2C9800025CDF810A0A8469A464E
:10B47000DDF820900FE01AAB48462FA9FBF75CF8E7
:10B48000431C05F10405404400F05781504506DC9B
:10B4900000F05B818046179B5A59002AEBD1DDF8FA
:10B4A00010A0CDF82C80B5E00D9850F8043B0D901D
:10B4B000039810F010009ED1039911F0400400F0A1
:10B4C000948001469BB296E7039A984602F4806204
:10B4D0004FF0000C1346714D0DF5907ECDF810A085
:10B4E00007E0B8F10A0F71F100013AD3C8463146BE
:10B4F000A64618EB010242F10002A5FB020626F067
:10B50000030000EB96004FF0CC36121AB8EB0200A5
:10B5100006FB00F661F1000AA0FB059005FB0A6638
:10B520000644052009F0010AAAFB000A80184FEA28
:10B530005909303049EAC6790CF1010C0EF1FF349B
:10B540000EF8010C7608002BCBD00E9A12786245CB
:10B55000C7D1BCF1FF0FC4D0B8F10A0F71F10001DF
:10B5600077D2DDF810A03EE6059908981CAAF5F7F9
:10B570001DFF00287FF426AEDDE91D210DF17C0AB8
:10B58000FFF738BB0392F7E403945EE54846F1F712
:10B5900057F9FFF7C4B9059908981CAAF5F706FFF3
:10B5A00000287FF40FAEDDE91D210DF17C0AFFF7C5
:10B5B00049BB0D9B099A1B681A602CE5069B384C09
:10B5C000062B28BF06230D960B930493FFF700BBB1
:10B5D00012F400711CBF2146DBB223E414F40071A5
:10B5E0003FF4B0AC0146DBB2ACE4039911F4007156
:10B5F0001CBF2146DBB2FEE61AAB0093002308987D
:10B60000194617AAFAF7EAFF034601330B9000F038
:10B61000948017940B9B73B3632B57DC00232FACE0
:10B620000C93082200211AA8F1F7E4FB0B9D1AAB3A
:10B63000009321462B46089817AAFAF7CFFF8542B8
:10B6400040F0A28000230B9AA35422EAE2730493F1
:10B6500014E00B93129B1199E41A1A462046F6F750
:10B660003DFA0E990B9B4A7812B10A4601320E92AE
:10B670004FF0000C3AE70B9B04930C939DF853306A
:10B680001BB100230D960693F8E4994606930D9698
:10B69000FFF7A4BAD81F0200C41F0200CDCCCCCC47
:10B6A000EC1F02000D9B099A1B681A80B3E443F358
:10B6B000C0110A465BB2FFF75DBB2046F1F706FFFB
:10B6C00020EAE0730C950B900493D7E70898591C77
:10B6D000F2F72CF9044600282FD00C90A1E7886DD2
:10B6E000F1F79EFDFFF710BA3023B5E400230446BE
:10B6F0000693FFF76DB9294B1093A8E548460599C5
:10B700001CAAF5F753FE00283FF42EAAFFF742BA11
:10B71000D40707D4059B9B89980503D4059B986D96
:10B72000F1F77EFD4FF0FF330993FFF73EBA1B4A56
:10B730001092E1E5DFF86880E2E4059AB2F90C3096
:10B7400043F040039381FFF728BA069BDDF810A071
:10B750000B935FE7069B04930B938FE7059A536E59
:10B76000DB07DFD493899F05DCD4906DF1F758FD9A
:10B77000D8E70D9B627853F8041B04460D9341EA09
:10B78000E1730693FFF723B9059ADDF820909389BA
:10B7900043F040039381FFF7F7B900BF1093020015
:10B7A000009302008C4600B586461346034A714654
:10B7B00010685DF804EB6246FFF798B8940000202B
:10B7C000F0B54FF480640026ADF26C4D1AADCDE9B2
:10B7D00005461F4606460095049515468B8916A812
:10B7E00023F00203ADF80C304B6E02941993CB8911
:10B7F0000C46ADF80E30CB6907934B6A0993F1F70D
:10B80000FFFC2A463B4669463046FFF76FF8051EA7
:10B8100007DB69463046F0F78FFE002818BF4FF06F
:10B82000FF35BDF80C305B0603D5A38943F0400318
:10B83000A3811698F1F7E8FC28460DF26C4DF0BD97
:10B840002DE9F0471D468F680C46AF4216460B683F
:10B8500036D8B1F90CC01CF4906F0ED13D46184695
:10B8600031462A46F6F7BCF80020A368DF1B2368A0
:10B87000A7602B442360BDE8F0874A69096902EBA1
:10B8800042025F1A02EBD2726B1C52103B4493428D
:10B8900092BF914699461A461CF4806F804611D09B
:10B8A0001146F2F743F8824600B33A462169F1F7B0
:10B8B00097FDA38923F4906343F08003A38105E0FF
:10B8C0002F46CCE7F8F762FF824658B10AEB070330
:10B8D000A9EB0707A760C4F810A02F46C4F814907E
:10B8E0002360BCE740462169F1F724FF0C22A389BD
:10B8F0004FF0FF3043F04003C8F80020A381BAE7BF
:10B90000062008B500F0A2F80120E4F78BFF00BF85
:10B9100038B5D0F838410CB1002038BD802105463B
:10B92000F2F704F80246C5F8380130B1031F7C3243
:10B9300043F8044F9342FBD1EEE74FF0FF3038BDA0
:10B9400030B51F29054683B009D8D0F838310C46E8
:10B9500053B153F8240043F8242003B030BD16231C
:10B9600003604FF0FF30F8E780210192F1F7DEFF2E
:10B97000019A0346C5F838010028F2D0011F00F1F2
:10B980007C05002041F8040FA942FBD1E1E700BF8C
:10B990001F2938B505461FD8D0F838210C466AB1A2
:10B9A00052F8213053B1012B06D0591C10D0002180
:10B9B000204642F824109847002038BD284600F061
:10B9C000FDF8224601462846BDE8384000F0E2B8BE
:10B9D000162301202B6038BD16234FF0FF302B605B
:10B9E00038BD00BF1F292DD838B5D0F838310C46E6
:10B9F0000546A3B153F8242003EB84034AB1511C3C
:10BA00000BD0012A07D0002520461D60904728460C
:10BA100038BD012038BD032038BD022038BD80214B
:10BA2000F1F784FF0346C5F8380140B100201A1F22
:10BA300003F17C0142F8040F8A42FBD1DAE74FF0B0
:10BA4000FF3038BD4FF0FF30704700BF38B5144BA2
:10BA50001F281D681ED8D5F83821044662B152F857
:10BA600020304BB1012B05D0591C0FD0002142F8DA
:10BA700020109847002038BD284600F09FF8224645
:10BA800001462846BDE8384000F084B8162301205E
:10BA90002B6038BD16234FF0FF302B6038BD00BF40
:10BAA00094000020124B1F2870B51E6809D8D6F8E4
:10BAB000383104460D464BB153F8240043F8245066
:10BAC00070BD162333604FF0FF3070BD80213046CB
:10BAD000F1F72CFF0346C6F838010028F3D0002107
:10BAE000021F7C3042F8041F8242FBD1E4E700BF12
:10BAF0009400002038B50C4B1D68D5F838410CB1C6
:10BB0000002038BD80212846F1F710FFC5F8380124
:10BB100038B1031F00F17C0243F8044F9342FBD17C
:10BB2000EEE74FF0FF3038BD9400002038B5184BD9
:10BB30001F281D6828D80446D5F83801A0B150F850
:10BB4000242000EB84034AB1511C0BD0012A07D0FA
:10BB5000002520461D609047284638BD012038BD8D
:10BB6000032038BD022038BD80212846F1F7DEFED3
:10BB7000C5F8380140B10021031F00F17C0243F8F1
:10BB8000041F9342FBD1DAE74FF0FF3038BD00BF0E
:10BB90009400002070B50026074D04460846114663
:10BBA0002E60E4F770FE431C00D070BD2B68002BA4
:10BBB000FBD0236070BD00BF5C610020E4F752BE83
:10BBC00070B54FF0FF0C4CF4E06C1CEA11541DBF33
:10BBD0001CEA135594EA0C0F95EA0C0F00F0DEF8FE
:10BBE0002C4481EA030621EA4C5123EA4C5350EAE3
:10BBF000013518BF52EA033541F4801143F4801334
:10BC000038D0A0FB02CE4FF00005E1FB02E506F0C4
:10BC10000042E0FB03E54FF00006E1FB03569CF019
:10BC2000000F18BF4EF0010EA4F1FF04B6F5007F1F
:10BC300064F5407404D25FEA4E0E6D4146EB060691
:10BC400042EAC62141EA55514FEAC52040EA5E501A
:10BC50004FEACE2EB4F1FD0C88BFBCF5E06F1ED8C4
:10BC6000BEF1004F08BF5FEA500E50F1000041EBFB
:10BC7000045170BD06F0004646EA010140EA0200A8
:10BC800081EA0301B4EB5C04C2BFD4EB0C0541EACA
:10BC9000045170BD41F480114FF0000E013C00F3DF
:10BCA000AB8014F1360FDEBF002001F0004170BD03
:10BCB000C4F10004203C35DA0C341BDC04F114041C
:10BCC000C4F1200500FA05F320FA04F001FA05F2A8
:10BCD00040EA020001F0004221F0004110EBD37075
:10BCE00021FA04F642EB06015EEA430E08BF20EAA1
:10BCF000D37070BDC4F10C04C4F1200500FA04F344
:10BD000020FA05F001FA04F240EA020001F00041D5
:10BD100010EBD37041F100015EEA430E08BF20EA48
:10BD2000D37070BDC4F1200500FA05F24EEA020E90
:10BD300020FA04F301FA05F243EA020321FA04F0BF
:10BD400001F0004121FA04F220EA020000EBD37076
:10BD50005EEA430E08BF20EAD37070BD94F0000F76
:10BD60000FD101F00046400041EB010111F4801FAA
:10BD700008BF013CF7D041EA060195F0000F18BF5B
:10BD8000704703F00046520043EB030313F4801F97
:10BD900008BF013DF7D043EA0603704794EA0C0F51
:10BDA0000CEA135518BF95EA0C0F0CD050EA410667
:10BDB00018BF52EA4306D1D181EA030101F00041E4
:10BDC0004FF0000070BD50EA410606BF104619460C
:10BDD00052EA430619D094EA0C0F02D150EA013618
:10BDE00013D195EA0C0F05D152EA03361CBF104659
:10BDF00019460AD181EA030101F0004141F0FE41F8
:10BE000041F470014FF0000070BD41F0FE4141F47B
:10BE1000780170BD81F0004102E000BF83F0004373
:10BE200030B54FEA41044FEA430594EA050F08BFD5
:10BE300090EA020F1FBF54EA000C55EA020C7FEA99
:10BE4000645C7FEA655C00F0E2804FEA5454D4EB16
:10BE50005555B8BF6D420CDD2C4480EA020281EAE0
:10BE6000030382EA000083EA010180EA020281EA18
:10BE70000303362D88BF30BD11F0004F4FEA01316A
:10BE80004FF4801C4CEA113102D0404261EB410179
:10BE900013F0004F4FEA03334CEA133302D05242FF
:10BEA00063EB430394EA050F00F0A780A4F10104BB
:10BEB000D5F1200E0DDB02FA0EFC22FA05F28018F5
:10BEC00041F1000103FA0EF2801843FA05F35941DB
:10BED0000EE0A5F120050EF1200E012A03FA0EFC5A
:10BEE00028BF4CF0020C43FA05F3C01851EBE37184
:10BEF00001F0004507D54FF0000EDCF1000C7EEBA1
:10BF000000006EEB0101B1F5801F1BD3B1F5001FDE
:10BF10000CD349085FEA30004FEA3C0C04F10104FD
:10BF20004FEA445212F5800F80F09A80BCF1004F26
:10BF300008BF5FEA500C50F1000041EB045141EAA8
:10BF4000050130BD5FEA4C0C404141EB0101013C71
:10BF500028BFB1F5801FE9D291F0000F04BF014660
:10BF60000020B1FA81F308BF2033A3F10B03B3F132
:10BF700020020CDA0C3208DD02F1140CC2F10C02C2
:10BF800001FA0CF021FA02F10CE002F11402D8BF20
:10BF9000C2F1200C01FA02F120FA0CFCDCBF41EAEC
:10BFA0000C019040E41AA2BF01EB0451294330BDBB
:10BFB0006FEA04041F3C1CDA0C340EDC04F1140498
:10BFC000C4F1200220FA04F001FA02F340EA03006F
:10BFD00021FA04F345EA030130BDC4F10C04C4F1B5
:10BFE000200220FA02F001FA04F340EA0300294695
:10BFF00030BD21FA04F0294630BD94F0000F83F4DF
:10C00000801306BF81F480110134013D4EE77FEAC1
:10C01000645C18BF7FEA655C29D094EA050F08BF0D
:10C0200090EA020F05D054EA000C04BF19461046EE
:10C0300030BD91EA030F1EBF0021002030BD5FEA32
:10C04000545C05D14000494128BF41F0004130BD5A
:10C0500014F580043CBF01F5801130BD01F00045AE
:10C0600045F0FE4141F470014FF0000030BD7FEA21
:10C07000645C1ABF194610467FEA655C1CBF0B461C
:10C08000024650EA013406BF52EA033591EA030F33
:10C0900041F4002130BD00BF90F0000F04BF00212B
:10C0A000704730B54FF4806404F132044FF000055E
:10C0B0004FF0000150E700BF90F0000F04BF0021D7
:10C0C000704730B54FF4806404F1320410F000453D
:10C0D00048BF40424FF000013EE700BF42004FEA38
:10C0E000E2014FEA31014FEA02701FBF12F07F43B5
:10C0F00093F07F4F81F06051704732F07F4208BF6C
:10C10000704793F07F4F04BF41F40021704730B572
:10C110004FF4607401F0004521F000411CE700BFBE
:10C1200050EA010208BF704730B54FF000050AE041
:10C1300050EA010208BF704730B511F0004502D542
:10C14000404261EB41014FF4806404F132045FEA44
:10C15000915C3FF4D8AE4FF003025FEADC0C18BFED
:10C1600003325FEADC0C18BF033202EBDC02C2F1DF
:10C17000200300FA03FC20FA02F001FA03FE40EA71
:10C180000E0021FA02F11444BDE600BF70B54FF075
:10C19000FF0C4CF4E06C1CEA11541DBF1CEA135553
:10C1A00094EA0C0F95EA0C0F00F0DEF82C4481EABB
:10C1B000030621EA4C5123EA4C5350EA013518BFDB
:10C1C00052EA033541F4801143F4801338D0A0FBC8
:10C1D00002CE4FF00005E1FB02E506F00042E0FB75
:10C1E00003E54FF00006E1FB03569CF0000F18BF7B
:10C1F0004EF0010EA4F1FF04B6F5007F64F5407423
:10C2000004D25FEA4E0E6D4146EB060642EAC621B5
:10C2100041EA55514FEAC52040EA5E504FEACE2E22
:10C22000B4F1FD0C88BFBCF5E06F1ED8BEF1004F25
:10C2300008BF5FEA500E50F1000041EB045170BDA1
:10C2400006F0004646EA010140EA020081EA0301E5
:10C25000B4EB5C04C2BFD4EB0C0541EA045170BDE1
:10C2600041F480114FF0000E013C00F3AB8014F15B
:10C27000360FDEBF002001F0004170BDC4F10004A4
:10C28000203C35DA0C341BDC04F11404C4F1200525
:10C2900000FA05F320FA04F001FA05F240EA020080
:10C2A00001F0004221F0004110EBD37021FA04F6B6
:10C2B00042EB06015EEA430E08BF20EAD37070BD70
:10C2C000C4F10C04C4F1200500FA04F320FA05F0CF
:10C2D00001FA04F240EA020001F0004110EBD370D1
:10C2E00041F100015EEA430E08BF20EAD37070BD41
:10C2F000C4F1200500FA05F24EEA020E20FA04F31A
:10C3000001FA05F243EA020321FA04F001F00041C8
:10C3100021FA04F220EA020000EBD3705EEA430E39
:10C3200008BF20EAD37070BD94F0000F0FD101F068
:10C330000046400041EB010111F4801F08BF013CA1
:10C34000F7D041EA060195F0000F18BF704703F0DF
:10C350000046520043EB030313F4801F08BF013D66
:10C36000F7D043EA0603704794EA0C0F0CEA135522
:10C3700018BF95EA0C0F0CD050EA410618BF52EADC
:10C380004306D1D181EA030101F000414FF00000E2
:10C3900070BD50EA410606BF1046194652EA4306F0
:10C3A00019D094EA0C0F02D150EA013613D195EA64
:10C3B0000C0F05D152EA03361CBF104619460AD1AC
:10C3C00081EA030101F0004141F0FE4141F47001B6
:10C3D0004FF0000070BD41F0FE4141F4780170BDA6
:10C3E00070B54FF0FF0C4CF4E06C1CEA11541DBF0B
:10C3F0001CEA135594EA0C0F95EA0C0F00F0A7F80D
:10C40000A4EB050481EA030E52EA03354FEA013139
:10C4100000F088804FEA03334FF0805545EA13134C
:10C4200043EA12634FEA022245EA111545EA106514
:10C430004FEA00260EF000419D4208BF964244F1AB
:10C44000FD0404F5407402D25B084FEA3202B61ACA
:10C4500065EB03055B084FEA32024FF480104FF49E
:10C46000002CB6EB020E75EB030E22BFB61A754612
:10C4700040EA0C005B084FEA3202B6EB020E75EBA5
:10C48000030E22BFB61A754640EA5C005B084FEA0D
:10C490003202B6EB020E75EB030E22BFB61A7546DA
:10C4A00040EA9C005B084FEA3202B6EB020E75EBE5
:10C4B000030E22BFB61A754640EADC0055EA060EA6
:10C4C00018D04FEA051545EA16754FEA06164FEAE9
:10C4D000C30343EA52734FEAC2025FEA1C1CC0D195
:10C4E00011F4801F0BD141EA00014FF000004FF022
:10C4F000004CB6E711F4801F04BF01430020B4F1E3
:10C50000FD0C88BFBCF5E06F3FF6AFAEB5EB030C9A
:10C5100004BFB6EB020C5FEA500C50F1000041EB97
:10C52000045170BD0EF0004E4EEA113114EB5C0464
:10C53000C2BFD4EB0C0541EA045170BD41F4801137
:10C540004FF0000E013C90E645EA060E8DE60CEA3F
:10C55000135594EA0C0F08BF95EA0C0F3FF43BAF5C
:10C5600094EA0C0F0AD150EA01347FF434AF95EA13
:10C570000C0F7FF425AF104619462CE795EA0C0FF7
:10C5800006D152EA03353FF4FDAE1046194622E7C4
:10C5900050EA410618BF52EA43067FF4C5AE50EA9E
:10C5A00041047FF40DAF52EA43057FF4EBAE12E78E
:10C5B0004FF0FF3C06E000BF4FF0010C02E000BF6F
:10C5C0004FF0010C4DF804CD4FEA410C7FEA6C5C52
:10C5D0004FEA430C18BF7FEA6C5C1BD001B050EAF5
:10C5E000410C0CBF52EA430C91EA030F02BF90EAE0
:10C5F000020F0020704710F1000F91EA030F58BF9F
:10C60000994208BF90422CBFD8176FEAE37040F000
:10C61000010070474FEA410C7FEA6C5C02D150EA9E
:10C62000013C07D14FEA430C7FEA6C5CD6D152EA59
:10C63000033CD3D05DF8040B704700BF844610461E
:10C6400062468C461946634600E000BF01B5FFF71D
:10C65000B7FF002848BF10F1000F01BD4DF808EDED
:10C66000FFF7F4FF0CBF012000205DF808FB00BFBE
:10C670004DF808EDFFF7EAFF34BF012000205DF818
:10C6800008FB00BF4DF808EDFFF7E0FF94BF012065
:10C6900000205DF808FB00BF4DF808EDFFF7CEFF66
:10C6A00094BF012000205DF808FB00BF4DF808EDA5
:10C6B000FFF7C4FF34BF012000205DF808FB00BF76
:10C6C0004FEA410C7FEA6C5C02D150EA013C0AD18E
:10C6D0004FEA430C7FEA6C5C02D152EA033C02D180
:10C6E0004FF0000070474FF0010070474FEA4102E1
:10C6F00012F5001215D211D56FF47873B3EB6252B4
:10C7000012D94FEAC12343F0004343EA505311F0DA
:10C71000004F23FA02F018BF404270474FF000006C
:10C72000704750EA013005D111F0004008BF6FF0AA
:10C73000004070474FF00000704700BF4A0011D220
:10C7400012F5001211D20DD56FF47873B3EB62526B
:10C750000ED44FEAC12343F0004343EA505323FA77
:10C7600002F070474FF00000704750EA013002D1EC
:10C770004FF0FF3070474FF0000070474FEA410222
:10C78000B2F1E04324BFB3F5001CDCF1FE5C0DD92F
:10C7900001F0004C4FEAC0024CEA5070B2F1004F79
:10C7A00040EB830008BF20F00100704711F0804F7C
:10C7B00021D113F13872BCBF01F00040704741F441
:10C7C00080114FEA5252C2F11802C2F1200C10FA45
:10C7D0000CF320FA02F018BF40F001004FEAC12329
:10C7E0004FEAD32303FA0CFC40EA0C0023FA02F3CD
:10C7F0004FEA4303CCE77FEA625307D150EA0133A3
:10C800001EBF4FF0FE4040F44000704701F0004072
:10C8100040F0FE4040F40000704700BF4FF0FF3C86
:10C8200006E000BF4FF0010C02E000BF4FF0010C2A
:10C830004DF804CD4FEA40024FEA41037FEA226CF3
:10C8400018BF7FEA236C11D001B052EA530C18BF15
:10C8500090EA010F58BFB2EB030088BFC81738BF7A
:10C860006FEAE17018BF40F0010070477FEA226C68
:10C8700002D15FEA402C05D17FEA236CE4D15FEA64
:10C88000412CE1D05DF8040B704700BF8446084698
:10C890006146FFE70FB5FFF7C9FF002848BF10F159
:10C8A000000F0FBD4DF808EDFFF7F4FF0CBF01209E
:10C8B00000205DF808FB00BF4DF808EDFFF7EAFF28
:10C8C00034BF012000205DF808FB00BF4DF808EDE3
:10C8D000FFF7E0FF94BF012000205DF808FB00BFD8
:10C8E0004DF808EDFFF7D2FF94BF012000205DF85E
:10C8F00008FB00BF4DF808EDFFF7C8FF34BF01206B
:10C9000000205DF808FB00BF4FEA40024FEA4103F8
:10C910007FEA226C02D15FEA402C08D17FEA236CC7
:10C9200002D15FEA412C02D14FF0000070474FF076
:10C930000100704753B94AB9002908BF00281CBF3D
:10C940004FF0FF314FF0FF3000F09CB9ADF1080C13
:10C950006DE904CE00F03CF8DDF804E0DDE90223E7
:10C9600004B0704738B50022002304460D46FFF797
:10C970007FFE28B920462946BDE8384000F00AB8B5
:10C98000204605F1004100F005F8404261EB41010D
:10C9900038BD00BFD0B500220B4B06460F46FFF74F
:10C9A000F5FBFFF7CBFE0446FFF776FB0022074BB3
:10C9B000FFF7ECFB02460B4630463946FFF72EFAEE
:10C9C000FFF7BCFE2146D0BD0000F03D0000F04165
:10C9D0002DE9F047089D0E4604468E46002B4CD1AB
:10C9E0008A429446B2FA82F362D953B102FA03FC46
:10C9F000C3F1200201FA03FE20FA02F242EA0E0E0F
:10CA00009C404FEA1C47BEFBF7F11FFA8CF607FB70
:10CA100011EE01FB06F0220C42EA0E4290420AD9C6
:10CA20001CEB020201F1FF3E80F00E81904240F2C9
:10CA30000B8102396244121AB2FBF7F007FB102295
:10CA400000FB06F6A4B244EA0244A6420AD91CEB53
:10CA5000040400F1FF3280F0F980A64240F2F68033
:10CA60006444023840EA01400021A41B1DB1DC40AF
:10CA70000023C5E90043BDE8F0878B4205D90DB11D
:10CA8000C5E9000100210846F5E7B3FA83F1002962
:10CA900042D1B34202D3824200F2EE80841A66EBA6
:10CAA000030201209646002DE5D0C5E9004EE2E7DD
:10CAB000002B40F08C80881A0121170C96B2B0FB35
:10CAC000F7FE07FB1E00220C42EA004206FB0EF0B6
:10CAD000904208D91CEB02020EF1FF3802D29042BC
:10CAE00000F2CC80C646121AB2FBF7F007FB102208
:10CAF00000FB06F6A4B244EA0244A64208D91CEBA5
:10CB0000040400F1FF3202D2A64200F2B2801046C5
:10CB1000A41B40EA0E40A9E7C1F120078B4022FA8E
:10CB200007FC4CEA030C26FA07FA4FEA1C48BAFB4A
:10CB3000F8FE06FA01F308FB1EAA1FFA8CF620FA8B
:10CB400007F400FA01F90EFB06F023431C0C44EA3B
:10CB50000A44A04202FA01F20BD91CEB04040EF1C4
:10CB6000FF3A80F08480A04240F28180AEF1020E54
:10CB70006444241A98B2B4FBF8F308FB134403FB93
:10CB800006F640EA0444A64208D91CEB040403F16B
:10CB9000FF3068D2A64266D9023B644443EA0E40A5
:10CBA000A41BA0FB02E6B4427346B04652D34FD05A
:10CBB0005DB1B9EB030264EB080404FA07F722FA4B
:10CBC00001F31F43CC40C5E90074002153E702FA8A
:10CBD00003FCC3F12000C1404FEA1C47B1FBF7FE44
:10CBE00007FB1E1124FA00F09E403043020C1FFA8E
:10CBF0008CF642EA01420EFB06F1914204FA03F47C
:10CC000009D91CEB02020EF1FF382ED291422CD929
:10CC1000AEF1020E6244521AB2FBF7F107FB112289
:10CC200080B240EA024001FB06F2824208D91CEBC6
:10CC3000000001F1FF3814D2824212D90239604457
:10CC4000801A41EA0E413AE77146F4E6104609E7D8
:10CC5000F145ADD2BEEB020366EB0C060138B046DF
:10CC6000A6E74146ECE7034698E7C646D3E7D64633
:10CC70007FE7644402384BE7084614E7AEF1020E42
:10CC8000624430E7704700BF00F000B8F6F7DEBD41
:10CC900030B5224A21F00043934287B01BD9204A85
:10CCA000934205D902460B46FFF7B8F807B030BDEE
:10CCB00002AA00F019FA00F0030001281FD0022890
:10CCC00011D018BBDDE90423DDE902010124009441
:10CCD00000F052F9EAE7002400220023009400F05B
:10CCE0004BF907B030BD0124DDE90423DDE9020181
:10CCF000009400F041F901F1004107B030BDDDE9D9
:10CD00000423DDE9020100F00FF8CFE7DDE9042399
:10CD1000DDE9020100F008F8EDE700BFFB21E93F83
:10CD2000FFFFEF7F000000002DE9F04F21F00048E9
:10CD3000B8F1795F06460F4692469B4685B06DD2A4
:10CD4000FFF7D4FC002800F0ED8032463B46304629
:10CD50003946FFF71BFA76A3D3E9002304460D46B4
:10CD6000FFF714FA74A3D3E90023FFF759F822461A
:10CD70002B46FFF70BFA72A3D3E90023FFF74EF817
:10CD800022462B46FFF702FA6FA3D3E90023FFF7F1
:10CD900047F822462B46FFF7F9F96DA3D3E90023A4
:10CDA000FFF73CF822462B46FFF7F0F96AA3D3E9D8
:10CDB0000023FFF735F822462B46FFF7E7F9CDE9C8
:10CDC0000001002220462946654BFFF7DFF9DDE927
:10CDD00000238046894620462946FFF7D7F9444676
:10CDE0004D468046894652465B4630463946FFF7F7
:10CDF000CDF902460B4640464946FFF70FF802467A
:10CE00000B4620462946FFF709F802460B4600204C
:10CE10005449FFF703F805B0BDE8F08F02460B4612
:10CE2000FFF7B4F942A3D3E9002304460D46FFF708
:10CE3000ADF941A3D3E90023FEF7F2FF22462B46CA
:10CE4000FFF7A4F93EA3D3E90023FEF7E7FF22464C
:10CE50002B46FFF79BF93CA3D3E90023FEF7E0FF45
:10CE600022462B46FFF792F939A3D3E90023FEF7B8
:10CE7000D5FF22462B46FFF789F937A3D3E90023D4
:10CE8000FEF7CEFF2B462246FFF780F9364BCDE961
:10CE90000001984595D9354B002298453AD8A8F518
:10CEA000001300202F4990469946FEF7B7FFCDE9C1
:10CEB0000201002220462946294BFFF767F9424626
:10CEC0004B46FEF7ABFFDDE900238046894620464E
:10CED0002946FFF75BF944464D468046894652464F
:10CEE0005B4630463946FFF751F902460B4640464D
:10CEF0004946FEF793FF02460B4620462946FEF7B9
:10CF00008DFF02460B46DDE90201FEF787FF05B003
:10CF1000BDE8F08F164B4FF00008CDE90223DFF893
:10CF20005490C6E700200F4905B0BDE8F08F00BF60
:10CF3000D43888BEE9FAA8BDC4B1B4BD9EEE213E86
:10CF4000AD529C804F7E923E9015CB19A001FA3EC7
:10CF50007751C1166CC1563F4C5555555555A53F97
:10CF60000000E03F0000F03F3233D33F0000E93FD4
:10CF70000000E73F0000D23F2DE9F04F83B0CDE93C
:10CF8000002321F00043B3F1795F04460D4604D23B
:10CF9000FFF7ACFB002800F0858022462B46204698
:10CFA0002946FFF7F3F806460F4632463B46204631
:10CFB0002946FFF7EBF83EA3D3E9002382468B46D0
:10CFC00030463946FFF7E2F83BA3D3E90023FEF7EA
:10CFD00025FF32463B46FFF7D9F839A3D3E90023B2
:10CFE000FEF71EFF32463B46FFF7D0F836A3D3E9E3
:10CFF0000023FEF713FF32463B46FFF7C7F834A382
:10D00000D3E90023FEF70CFF0C9B804689469BB3B7
:10D01000DDE900010022324BFFF7B8F842464B46EB
:10D020008046894650465946FFF7B0F802460B46FF
:10D0300040464946FEF7F2FE32463B46FFF7A6F869
:10D04000DDE90023FEF7EAFE23A3D3E90023064629
:10D050000F4650465946FFF799F802460B463046B0
:10D060003946FEF7DDFE02460B4620462946FEF70E
:10D07000D5FE03B0BDE8F08F02460B463046394678
:10D08000FFF784F814A3D3E90023FEF7C7FE524646
:10D090005B46FFF77BF822462B46FEF7C1FE03B046
:10D0A000BDE8F08F2046294603B0BDE8F08F00BFF1
:10D0B0007CD5CF5A3AD9E53DEB9C2B8AE6E55A3E22
:10D0C0007DFEB157E31DC73ED561C119A0012A3FBE
:10D0D000A6F810111111813F495555555555C53FB9
:10D0E0000000E03F000000002DE9F04F844B21F0EC
:10D0F00000459D428046894614468FB040F28A80A2
:10D10000804B0E469D4228D873A3D3E90023002903
:10D1100040F39D81FEF782FE7B4B06469D420F4603
:10D1200000F089806EA3D3E90023FEF777FE024664
:10D130000B463046394616461F46FEF76FFE68A37B
:10D14000D3E90023FEF76AFEC4E900670127C4E9BA
:10D15000020138460FB0BDE8F08F6C4B9D4240F2A3
:10D1600084806B4B9D425DD82F15A7F21647A5EB27
:10D1700007518946FFF7BAFAFEF79EFF02460B46B3
:10D1800040464946CDE90823FEF748FE0022614BA0
:10D19000FEF7FCFF89468046FFF7A8FAFEF78CFFF2
:10D1A00002460B4640464946CDE90A23FEF736FEC5
:10D1B0000022584BFEF7EAFF03254FF000084FF01E
:10D1C0000009CDE90C010DF1380A42467AE9020165
:10D1D0004B46AB46013DFFF741FA0028F5D1022549
:10D1E0004D493A4601915B46214608A8009500F05A
:10D1F00085F9002E0746ACDA60682268E16800F124
:10D200000043C4E90023A26801F10043C4E90223FA
:10D210007F429EE700220023C4E90089C4E902237B
:10D22000002796E702460B46FEF7F8FDC4E9020127
:10D23000C4E90001F4E72CA3D3E90023FEF7EEFDD7
:10D240002BA3D3E9002380468946FEF7E7FD064677
:10D250000F4632463B4640464946FEF7DFFD24A3D3
:10D26000D3E90023FEF7DAFD6EE700F043F922A3CD
:10D27000D3E9002380468946FEF788FF0022274B2A
:10D28000FEF7CEFDFFF732FA0746FEF715FF02461E
:10D290000B46CDE9042310A3D3E90023FEF776FF64
:10D2A00002460B4640464946FEF7B8FD0CA3D3E9BB
:10D2B000002382468B46DDE90401FEF767FF1F2F3E
:10D2C000CDE902012EDC164B7A1E53F82230AB4218
:10D2D00028D002460B4699E000004054FB21F93F5C
:10D2E0003163621A61B4D03D0000601A61B4D03D70
:10D2F0007370032E8A19A33B83C8C96D305FE43F66
:10D30000FB21E93F7BD90240FB21F93FFB21394159
:10D31000FFFFEF7F00007041A09302000000E03F9C
:10D3200020930200DDE9022350465946FEF776FDC0
:10D330002B150793C1F30A53C3EB1553102B8046EB
:10D34000894669DD60A3D3E90023DDE90401FEF726
:10D350001DFF8046894642464B4650465946FEF7D9
:10D360005DFD02460B465046594692469B46FEF7E7
:10D3700055FD42464B46FEF751FD55A3D3E9002328
:10D3800080468946DDE90401FEF700FF42464B4630
:10D39000FEF744FD02460B4650465946CDE90223AE
:10D3A000FEF73CFD079AC1F30A53D31A312B80468E
:10D3B000894631DD48A3D3E90023DDE90401FEF706
:10D3C000E5FE8046894642464B4650465946FEF7A2
:10D3D00025FD02460B465046594692469B46FEF7AF
:10D3E0001DFD42464B46FEF719FD3DA3D3E9002340
:10D3F00080468946DDE90401FEF7C8FE42464B46F9
:10D40000FEF70CFD02460B46CDE902235046594675
:10D41000FEF704FD8046894642464B465046594633
:10D42000C4E90089FEF7FAFCDDE90223FEF7F6FC09
:10D43000002EC4E90201BFF68CAE09F10042C4E936
:10D44000008201F10042C4E902027F4281E6FEF758
:10D45000E7FC274B06469D420F4618D022A3D3E98E
:10D460000023FEF7DDFC02460B46304639461646E1
:10D470001F46FEF7D3FC1CA3D3E90023FEF7D0FC24
:10D48000C4E90067C4E902014FF0FF3761E60EA36B
:10D49000D3E90023FEF7C4FC0DA3D3E900238046A3
:10D4A0008946FEF7BDFC06460F4632463B464046DF
:10D4B0004946FEF7B3FC06A3D3E90023FEF7B0FC10
:10D4C000DEE700BFAFF300800000601A61B4D03D1A
:10D4D0007370032E8A19A33B0000002E8A19A33B08
:10D4E000C14920259A837B393163621A61B4D03DEA
:10D4F000FB21F93F21F00043194670472DE9F04F19
:10D50000ADF51B7DBD4CA49D9C4654F82540013BC8
:10D5100012F1140F814605940C910393C0F2A88276
:10D52000B749D31E81FB0301DB17C3EBA1030793AC
:10D530000133A3EB8303DB00D318079A0D930CF19F
:10D54000FF33D61A059A12EB03081CD408F1010820
:10D5500000240025E346DDF894A2B04422AF08E0A1
:10D560005AF82600FEF7A8FD01364645E7E8020115
:10D5700008D0002EF4DA2046294601364645E7E871
:10D580000201F6D1DC46059B002BA9F108030493A8
:10D59000B8BF4FEACC0637DBDDF80C9003EBCC08C4
:10D5A0004B460DF5E47BD9469B4622AA02EBCC0AFA
:10D5B000059A4FEACC0662440192CDF808C006965F
:10D5C000039B002BC0F29A81574600240025049E3D
:10D5D00077E90223F6E90201FEF7D8FD02460B4681
:10D5E00020462946FEF71CFC464504460D46EFD171
:10D5F000019B0BF1010B9B45E9E802450AF1080A82
:10D60000DED1DDF808C0069E059A049B934603EB25
:10D61000060A0EAB03EB8203043B08930EAB03EB4D
:10D620008206CDE909A60D9FCDF82CC09AAB4FEA32
:10D63000CB0203EBCB03BBF1000F019253E928456A
:10D640002BDD0DF5E47A0DF138090AEB020802979B
:10D6500000226C4B20462946FEF798FDFFF746F85E
:10D66000FEF72AFD0022684B06460F46FEF78EFDA8
:10D6700002460B4620462946FEF7D0FBFFF736F858
:10D6800078E9022349F8040B39463046FEF7C8FB17
:10D69000D04504460D46DBD1029F204629463A4636
:10D6A00000F03EFB00224FF07F5304460D46FEF78C
:10D6B0006DFD00F0B5FB0022544BFEF767FD0246FE
:10D6C0000B4620462946FEF7A9FB0D460446FFF708
:10D6D0000DF80646FEF7F0FC02460B4620462946AA
:10D6E000FEF79CFB002F8046894640F391800BF1AA
:10D6F000FF300EAB53F82030C7F1180243FA02F1A5
:10D7000001FA02F29B1A0EAA42F82030C7F1170262
:10D7100043FA02F5002D0E4400F3D88000220023C6
:10D7200040464946FEF79AFF002800F05282059BCA
:10D730009B450DDD00220EAB0A9803EB8B0353F8DB
:10D74000041D834242EA0102F9D1002A40F0D98047
:10D75000059B0EAA013B52F82330002B40F0CA80F3
:10D760000123089A52F8041D01330029FAD05B44C2
:10D770000BF1010807990B9A08EB010A0AF1804A9C
:10D78000A5990AF1FF3A5A44019E01EB8A0A22A99F
:10D7900001EBC209DDF824B072AA16440293069781
:10D7A000CDF804A0019B53F8040F0193FEF784FC0D
:10D7B000039BE9E80201002B1DDBCA46002400257B
:10D7C000049F7AE90223F7E90201FEF7DFFC024633
:10D7D0000B4620462946FEF723FB5F4504460D46CF
:10D7E000EFD1029B08F101084345E6E90245D9DA89
:10D7F0009B46069F1AE700240025F2E7E894020002
:10D80000ABAAAA2A0000703E000070410000204030
:10D8100053D10BF1FF330EAA52F82350ED15002D12
:10D820007FF77CAFBBF1000F06F1010640F34182A8
:10D8300000220EAB53F8044B002C3AD0C4F1807494
:10D840006FF07F4043F8044C03E01968411A43F835
:10D85000041B01329345F8DC0124002F0DDD012F5C
:10D860003DD0022F09D10BF1FF320EAB53F822301D
:10D870000EA9C3F3150341F82230022D7FF44EAFF9
:10D8800042464B4600208F49FEF7C8FA804689463B
:10D89000002C3FF443AF3A4600208A4900F040FA9A
:10D8A00002460B4640464946FEF7B8FA804689468E
:10D8B00034E701329345BDDCCFE70022824BFEF70F
:10D8C000EBFE002840F0C280054627E7BBF1000FC1
:10D8D000D8BF002406F10106AADC012FC1D10BF14B
:10D8E000FF320EAB53F822300EA9C3F3160341F8F2
:10D8F0002230C2E70BF1010843463BE70024002534
:10D9000076E60D9B0BF1FF34A3F118020EAB53F832
:10D910002430069604950D9263B90BF18043013BC8
:10D920000EA901EB830353F8041D013C183A0029AA
:10D93000F9D00D9200200D9A624900F0F1F9002C07
:10D9400006460F46C0F2C18104F1010A4FEACA023D
:10D950004FF0000893460EAB03EB8A05DFF86C919D
:10D9600072AB03EBCA0A55F8040DFEF7A5FB32466D
:10D970003B46FEF70BFC4B466AE902014246304645
:10D980003946FEF703FC0EAB9D4206460F46EAD130
:10D990005A464FF00009ABF108034AA972A800EB00
:10D9A000030AA3460B46CDE907425246CA46DDF8B4
:10D9B00014900391B9F1000FC0F2818090460026C7
:10D9C00000240025CDE90132414F01E0564510DC2D
:10D9D000F7E90223F8E80201FEF7D8FB02460B46FE
:10D9E00020462946FEF71CFA0136B14504460D468D
:10D9F000ECDADDE901320BF1FF3BBBF1FF3FE3E87D
:10DA000002450AF1010AA2F10802D3D1DDE9074279
:10DA1000A49B022B5EDC002B2FDC10D10020002108
:10DA2000039DAC1874E90223FEF7FAF9AC42F9D170
:10DA3000049B002B40F039810C9BC3E90001069B3D
:10DA400003F007000DF51B7DBDE8F08FBBF1000F63
:10DA5000C8BF022506F101063FF7EAAE42464B4633
:10DA600000201849FEF7DAF902258046894655E676
:10DA700000216FF0170307915EE5039B0026002746
:10DA800098469D18304675E902233946FEF7C8F9D5
:10DA9000454506460F46F5D10B460246DDE94A01EB
:10DAA000FEF7BCF9049B002B00F0E2800C9D07F10F
:10DAB0000042C5E90062002C40F0DE80E8E000246E
:10DAC000002598E70000F03F0000E03F0000703EB6
:10DAD000A0940200A49B032BB1D1002C00F005817F
:10DAE000039B4FEAC40803EBC405A946D5E90067C8
:10DAF00001950294059559E902453046394622467A
:10DB00002B46FEF78DF9B246BB4606460F46324617
:10DB10003B4620462946FEF781F95B465246FEF712
:10DB20007FF9C9E9000169E90267039B9945E2D1E0
:10DB3000029C059D012C00F0D880D5E90045039B8F
:10DB4000DDF8049003F1080BCDF80480D84659E9BC
:10DB500002672046294632463B46FEF761F9A24657
:10DB6000AB4604460D4622462B4630463946FEF764
:10DB700055F952465B46FEF753F9C9E9000169E9D8
:10DB80000245C845E3D100200021DDF80480039B55
:10DB900008F108041C4403F1100574E90223FEF7A0
:10DBA0003FF9A542F9D1DDE94A56039BD3E9027852
:10DBB000049B002B46D10C9BC3E90401C3E900562A
:10DBC000C3E90278069B03F007000DF51B7DBDE855
:10DBD000F08F06960D9E404649467242049500F02D
:10DBE0009FF800224B4B5F4680468946FEF754FD66
:10DBF000F8B10022484B40464946FEF7C7FAFEF707
:10DC000075FD0546FEF758FA0022424BFEF7BEFAB4
:10DC10000B46024649464046FEF700F9FEF766FD10
:10DC20007C1C0EAB183643F82B000D9643F824509D
:10DC300080E640464946FEF759FD0EAB5C4643F888
:10DC40002B0077E60C9B2C4606F100455D601D46D7
:10DC50001C6008F10043C5E90273069B01F1004214
:10DC6000C5E9040203F007000DF51B7DBDE8F08F48
:10DC70000C9BC3E9006774B10125DDF80C80013508
:10DC8000F8E90223FEF7CCF8AC42F8DA049B13B1B2
:10DC900001F1004319460C9BC3E90201069B03F006
:10DCA00007000DF51B7DBDE8F08F01F1004319461B
:10DCB000C2E6022D7FF432AD02460B460020174922
:10DCC000FEF7ACF88046894628E5A49B022B06DCCB
:10DCD000002B0DDC7FF4B3AE00200021A8E6A49B4E
:10DCE000032B7FF4ACAE4AAB0393002000215AE72C
:10DCF000049BDDE94A0133B100224FF000430C9C44
:10DD0000C4E90023C4E7002200230C9CC4E90023DB
:10DD1000C1E700BF000070410000703E0000F03F0E
:10DD20002DE9F0411646C1F30A52074688460B46D4
:10DD30006ABB21F00043034327D0334B0022FEF798
:10DD400025FA324B07469E4288463CDB0B46C1F320
:10DD50000A52363A4CF250318E4221DC164440F2DF
:10DD6000FE7296421CDC002E26DC16F1350F31DBEC
:10DD700023F0FF4121F4E001363641EA0655002246
:10DD800038462946224BFEF701FABDE8F08140F201
:10DD9000FF7C6245DED10246FEF742F8BDE8F08125
:10DDA000454615A3D3E9002363F31E052946194808
:10DDB000FEF7ECF9BDE8F0816FF31E53384643EAF5
:10DDC0000651BDE8F0810EA3D3E90023FEF7DEF98A
:10DDD000BDE8F08108F0004444F0D27141F4B7315D
:10DDE00007A3D3E900230C4841F01F01FEF7CEF949
:10DDF000CBE700BFAFF300809C7500883CE4377E22
:10DE000059F3F8C21F6EA50100005043B03CFFFF5C
:10DE10000000903C9C75008859F3F8C20000000097
:10DE2000C1F30A5C2DE9F041ACF2FF35132D024637
:10DE30000B460C46064632DC002D20DBDFF8E08086
:10DE40000F4648FA05F801EA080C5CEA000C2BD0F2
:10DE500031A3D3E90023FDF7E3FF00220023FEF7FF
:10DE600025FC40B1002C03DA4FF480132B411F44F2
:10DE7000002627EA080421463046BDE8F08126A3A3
:10DE8000D3E90023FDF7CCFF00220023FEF70EFCB0
:10DE90000028F0D0002C27DB00263446EBE7332D9A
:10DEA00006DDB5F5806F1CD010461946BDE8F0813F
:10DEB0004FF0FF37ACF2134C27FA0CF70742F3D0C0
:10DEC00015A3D3E90023FDF7ABFF00220023FEF7E3
:10DED000EDFB0028CFD0002C33460CDB23EA0706ED
:10DEE000C9E7FDF79DFFE1E724F0004426430DD18B
:10DEF0004FF00044BFE7142D06D00122C5F13405D0
:10DF0000AA401344B342E9D20134E7E70026054CA6
:10DF1000B1E700BFAFF300809C7500883CE4377E1A
:10DF2000FFFF0F000000F0BF3E410C4111412741AF
:10DF300036410341064115410F410E41264113412F
:10DF40002941024119410A410B4100000001000131
:10DF5000020203034865617020616E64207374617E
:10DF6000636B20636F6C6C6973696F6E0A000000ED
:10DF70004F7574206F662068656170206D656D6FE8
:10DF800072790A0000000000B71DC1046E3B8209CF
:10DF9000D926430DDC7604136B6BC517B24D861A78
:10DFA0000550471EB8ED08260FF0C922D6D68A2F95
:10DFB00061CB4B2B649B0C35D386CD310AA08E3CB4
:10DFC000BDBD4F3870DB114CC7C6D0481EE093452D
:10DFD000A9FD5241ACAD155F1BB0D45BC2969756FC
:10DFE000758B5652C836196A7F2BD86EA60D9B6367
:10DFF00011105A6714401D79A35DDC7D7A7B9F70F8
:10E00000CD665E74E0B6239857ABE29C8E8DA191ED
:10E01000399060953CC0278B8BDDE68F52FBA58243
:10E02000E5E66486585B2BBEEF46EABA3660A9B7D0
:10E03000817D68B3842D2FAD3330EEA9EA16ADA4EF
:10E040005D0B6CA0906D32D42770F3D0FE56B0DD1E
:10E05000494B71D94C1B36C7FB06F7C32220B4CEFF
:10E06000953D75CA28803AF29F9DFBF646BBB8FBEA
:10E07000F1A679FFF4F63EE143EBFFE59ACDBCE86B
:10E080002DD07DEC77708634C06D4730194B043D40
:10E09000AE56C539AB0682271C1B4323C53D002E57
:10E0A0007220C12ACF9D8E1278804F16A1A60C1B1C
:10E0B00016BBCD1F13EB8A01A4F64B057DD00808D3
:10E0C000CACDC90C07AB9778B0B6567C699015716C
:10E0D000DE8DD475DBDD936B6CC0526FB5E61162DB
:10E0E00002FBD066BF469F5E085B5E5AD17D1D571E
:10E0F0006660DC5363309B4DD42D5A490D0B194497
:10E10000BA16D84097C6A5AC20DB64A8F9FD27A5B0
:10E110004EE0E6A14BB0A1BFFCAD60BB258B23B6A2
:10E120009296E2B22F2BAD8A98366C8E41102F83D7
:10E13000F60DEE87F35DA9994440689D9D662B908E
:10E140002A7BEA94E71DB4E0500075E4892636E99D
:10E150003E3BF7ED3B6BB0F38C7671F7555032FADE
:10E16000E24DF3FE5FF0BCC6E8ED7DC231CB3ECFA1
:10E1700086D6FFCB8386B8D5349B79D1EDBD3ADC0A
:10E180005AA0FBD8EEE00C6959FDCD6D80DB8E60A6
:10E1900037C64F643296087A858BC97E5CAD8A7328
:10E1A000EBB04B77560D044FE110C54B3836864621
:10E1B0008F2B47428A7B005C3D66C158E440825504
:10E1C000535D43519E3B1D252926DC21F0009F2CE9
:10E1D000471D5E28424D1936F550D8322C769B3FAC
:10E1E0009B6B5A3B26D6150391CBD40748ED970A73
:10E1F000FFF0560EFAA011104DBDD014949B931948
:10E200002386521D0E562FF1B94BEEF5606DADF819
:10E21000D7706CFCD2202BE2653DEAE6BC1BA9EB73
:10E220000B0668EFB6BB27D701A6E6D3D880A5DEDC
:10E230006F9D64DA6ACD23C4DDD0E2C004F6A1CDBF
:10E24000B3EB60C97E8D3EBDC990FFB910B6BCB4BA
:10E25000A7AB7DB0A2FB3AAE15E6FBAACCC0B8A72F
:10E260007BDD79A3C660369B717DF79FA85BB49276
:10E270001F4675961A163288AD0BF38C742DB0813B
:10E28000C330718599908A5D2E8D4B59F7AB085438
:10E2900040B6C95045E68E4EF2FB4F4A2BDD0C4787
:10E2A0009CC0CD43217D827B9660437F4F460072A8
:10E2B000F85BC176FD0B86684A16476C93300461A3
:10E2C000242DC565E94B9B115E565A1587701918A8
:10E2D000306DD81C353D9F0282205E065B061D0B0B
:10E2E000EC1BDC0F51A69337E6BB52333F9D113E2A
:10E2F0008880D03A8DD097243ACD5620E3EB152D67
:10E3000054F6D4297926A9C5CE3B68C1171D2BCC5C
:10E31000A000EAC8A550ADD6124D6CD2CB6B2FDF52
:10E320007C76EEDBC1CBA1E376D660E7AFF023EAE3
:10E3300018EDE2EE1DBDA5F0AAA064F4738627F9DE
:10E34000C49BE6FD09FDB889BEE0798D67C63A80B9
:10E35000D0DBFB84D58BBC9A62967D9EBBB03E938E
:10E360000CADFF97B110B0AF060D71ABDF2B32A62D
:10E370006836F3A26D66B4BCDA7B75B8035D36B55A
:10E38000B440F7B10A4275696C6420706172616DC6
:10E3900065746572733A200A000000005F5F76655D
:10E3A00063746F725F7461626C655F7374617274C1
:10E3B0003A203078252E386C580A00005F65766563
:10E3C00063746F725F7461626C653A203078252ED9
:10E3D000386C580A000000005F5F746578745F73E2
:10E3E000746172743A203078252E386C580A000017
:10E3F0005F65746578743A203078252E386C580A39
:10E40000000000005F5F65786964785F7374617213
:10E41000743A203078252E386C580A005F5F657892
:10E420006964785F656E643A203078252E386C58C0
:10E430000A0000005F5F646174615F7374617274ED
:10E440003A203078252E386C580A00005F656461E8
:10E4500074613A203078252E386C580A000000008C
:10E460005F5F6273735F73746172745F5F3A2030D1
:10E4700078252E386C580A005F656273733A203035
:10E4800078252E386C580A005F5F686561705F738D
:10E49000746172745F5F3A203078252E386C580AA8
:10E4A000000000005F65686561703A203078252EB5
:10E4B000386C580A000000005F5F737461636B5F23
:10E4C00073746172745F5F3A203078252E386C580F
:10E4D0000A0000005F65737461636B3A2030782531
:10E4E0002E386C580A0000005F656E643A20307860
:10E4F000252E386C580A00000A0A0000202020202F
:10E50000202020202020202020202020000000008B
:10E5100030303030303030303030303030303030FB
:10E52000000000006E616E004E414E00696E660094
:10E53000494E46002D0000002B0000002000000086
:10E54000000000002E000000286E756C6C29000091
:10E55000686C6A7A744C00003031323334353637A7
:10E5600038394142434445464748494A4B4C4D4E51
:10E570004F505152535455565758595A00000000A5
:10E58000202B2D2330215E0001000000020000003E
:10E59000040000000800000010000000200000003F
:10E5A0004000000000000000FFFF7F000000780036
:10E5B00000001E0000000000FFFF87FF000080FF3A
:10E5C00000000C00000078000001020304050607AB
:10E5D000000102030405060708098B000102030479
:10E5E00005060708090A0B0C0D0E0F101112131463
:10E5F00015161718191A1B1C1D1E00005C000000C0
:10E6000064000000680000006C00000019000000B9
:10E610002256657273696F6E223A2053686F777362
:10E6200020686172647761726520616E642066693A
:10E63000726D776172652076657273696F6E20699D
:10E640006E666F2E0000000056455253494F4E0033
:10E650005265616446706761203C616464726573F1
:10E66000733E0000524541444650474100000000BF
:10E67000577269746546706761203C6164647265B5
:10E6800073733E2C3C76616C75653E00575249545D
:10E690004546504741000000522865616446706756
:10E6A0006129203C616464726573733E0000000060
:10E6B000520000005728726974654670676129200E
:10E6C0003C616464726573733E2C3C76616C756565
:10E6D0003E000000570000002246534D4461637322
:10E6E000203C413E2C3C423E2C3C433E223A2053AF
:10E6F0006574732F71756572696573207468652020
:10E7000046534D20442F4127732028686578616463
:10E710006563696D616C206C736220756E697473DA
:10E72000292E000046534D444143530022442846BD
:10E73000534D4461637329203C413E2C3C423E2CA6
:10E740003C433E223A20536574732F71756572699C
:10E750006573207468652046534D20442F4127730C
:10E76000202868657861646563696D616C206C73ED
:10E770006220756E697473292E0000004400000049
:10E7800022566F6C74616765203C413E2C3C423ED2
:10E790002C3C433E223A20536574732F7175657289
:10E7A000696573207468652046534D20442F4127C6
:10E7B000732028646563696D616C20766F6C746189
:10E7C000676520756E697473292E0000564F4C548E
:10E7D000414745002256286F6C7461676529203CCB
:10E7E000413E2C3C423E2C3C433E223A2053657431
:10E7F000732F71756572696573207468652046535F
:10E800004D20442F4127732028646563696D616C36
:10E8100020766F6C7461676520756E697473292E3C
:10E8200000000000560000002246534D416463730F
:10E83000203C413E2C3C423E2C3C433E223A20535D
:10E840006574732F717565726965732074686520CE
:10E8500046534D20412F4427732E000046534D410F
:10E860004443530022412846534D41646373292099
:10E870003C413E2C3C423E2C3C433E223A205365D8
:10E8800074732F71756572696573207468652046AD
:10E89000534D20412F4427732E00000041000000FB
:10E8A0002242495354223A2052756E7320612073DC
:10E8B000656C662D746573742C206C6F677320769D
:10E8C000616C75657320746F207465726D696E611B
:10E8D0006C2E00004249535400000000224369722C
:10E8E000636C6573203C7261646975733A302E2ED7
:10E8F0002E312E302C726174656D733A302E2E2EAF
:10E9000031306B3E223A2052756E73206120736560
:10E910006C662D746573742C206D6F766573206141
:10E9200063747561746F7220696E2061206369720F
:10E93000636C652E00000000434952434C45530070
:10E9400022476F5859203C583A302E2E2E312E3007
:10E950002C593A302E2E2E312E303E223A204D6F39
:10E9600076657320746865206163747561746F7275
:10E9700020746F2074686520676976656E20636F08
:10E980006F7264696E617465732E0000474F585949
:10E99000000000002255617274223A2054776964A5
:10E9A000646C652074686520756172742E000000C7
:10E9B00055415254000000002255286172742922EA
:10E9C0003A2054776964646C6520746865207561C9
:10E9D00072742E005500000022426175644469760D
:10E9E0006964657273223A20302C312C323A2053FC
:10E9F0006574207468652064697669646572207442
:10EA00006F206368616E6765207468652062617558
:10EA1000647261746520666F72206561636820703E
:10EA20006F72742E2E2E00004241554444495649BF
:10EA30004445525300000000225072696E744275C2
:10EA40006666657273223A2044756D702063757234
:10EA500072656E7420636F6E74656E7473206F667A
:10EA6000207061727365727320666F7220646562D4
:10EA700075672E2E2E0000005052494E54425546C6
:10EA80004645525300000000224D6F6E69746F724C
:10EA900053657269616C203C30207C2031207C20E1
:10EAA000323E203C59207C204E3E223A2053686F53
:10EAB000772F6869646520696E636F6D696E672082
:10EAC00073657269616C2062797465732E00000051
:10EAD0004D4F4E49544F5253455249414C0000004E
:10EAE00022436F6E74726F6C5265676973746572DE
:10EAF000203C706172616D733E223A205365742F21
:10EB0000517565727920636F6E74726F6C207369D2
:10EB1000676E616C732E0000434F4E54524F4C523F
:10EB200045474953544552002228435229436F6EAA
:10EB300074726F6C5265676973746572203C7061A2
:10EB400072616D733E223A205365742F5175657260
:10EB50007920636F6E74726F6C207369676E616C7D
:10EB6000732E0000435200002253656C65637444A9
:10EB70006163203C302F313E223A20576869636838
:10EB800020442F4120746F2075736520666F7220BA
:10EB90006F75747075742E0053454C454354444151
:10EBA00043000000BEBAAD1BEDAD0F0A010001101D
:10EBB00043477261706856657273696F6E50617910
:10EBC0006C6F61643A2053657269616C4E756D3A81
:10EBD000203078256C582C2050726F636573736FEA
:10EBE000724669726D776172654275696C644E75C3
:10EBF0006D3A20256C752C20465047414669726D50
:10EC0000776172654275696C644E756D3A20256C4A
:10EC10007500000043477261706846534D48617249
:10EC20006477617265436F6E74726F6C5265676969
:10EC3000737465723A20616C6C3A203078256C7878
:10EC40002C20094661756C744E6567563A20256C18
:10EC5000752C20094661756C7431563A20256C7507
:10EC60002C20094661756C743256413A20256C752A
:10EC70002C20094661756C743256443A20256C7517
:10EC80002C20094661756C743356413A20256C7509
:10EC90002C20094661756C743356443A20256C75F6
:10ECA0002C20094661756C743433563A20256C75F6
:10ECB0002C20094661756C7435563A20256C752CEC
:10ECC00020094661756C7448563A20256C752C20D5
:10ECD000096E48564661756C74413A20256C752C56
:10ECE00020096E48564661756C74423A20256C7551
:10ECF0002C20096E48564661756C74433A20256C89
:10ED0000752C20096E48564661756C74443A20256E
:10ED10006C752C2009506F77657243796364416E7E
:10ED200064436C723A20256C752C2009506F77650E
:10ED3000726E456E3A20256C752C200972657365DC
:10ED400072766564313A20256C752C200955617204
:10ED500074304F453A20256C752C2009556172742A
:10ED6000314F453A20256C752C200955617274325B
:10ED70004F453A20256C752C200955617274334F2C
:10ED8000453A20256C752C200955783153656C4A1D
:10ED90006D703A20256C752C20097265736572764A
:10EDA0006564323A20256C752C2009505053446517
:10EDB000746563746564416E645273743A20256CA3
:10EDC000752C20097265736572766564333A202567
:10EDD0006C752C2009506F7765726E456E48563AF7
:10EDE00020256C752C20094856456E313A20256C3B
:10EDF000752C20094856456E323A20256C752C201A
:10EE00000944616353656C6563744D617874693A54
:10EE100020256C752C2009476C6F62616C4661750A
:10EE20006C74496E68696269743A20256C752C208F
:10EE3000096E4661756C7473436C723A20256C756B
:10EE40002C20097265736572766564343A20256CEE
:10EE5000752C20097265736572766564353A2025D4
:10EE60006C7500003331346430356466653539398A
:10EE70003966333538396135643335666335366222
:10EE8000623334393839353837616638000000006C
:10EE90000A0A56657273696F6E3A2053657269612A
:10EEA0006C204E756D6265723A20252E386C582C98
:10EEB00020476C6F62616C205265766973696F6E72
:10EEC0003A2025733B206275696C64206E756D6213
:10EED00065723A202575206F6E3A2025733B2066B7
:10EEE000706761206275696C643A20256C752E0A22
:10EEF000000000000A0A56657273696F6E3A204777
:10EF00006C6F62616C205265766973696F6E3A202E
:10EF100025733B206275696C64206E756D62657245
:10EF20003A202575206F6E3A2025732E0A000000C6
:10EF3000257A58000A5265616446706761436F6DB7
:10EF40006D616E643A2000000A3078252E327A58BE
:10EF50003A203078252E3258200000005B25755D60
:10EF6000000000000A0A0000202827256327290A3C
:10EF70000A000000257A5820256C75000A5772692E
:10EF8000746546706761436F6D6D616E643A206EA3
:10EF90006565642032206E756D65726963207061ED
:10EFA00072616D6574657273202861646472657343
:10EFB0007320616E642076616C7565292C20676F03
:10EFC0007420222573222028256420706172616DCF
:10EFD00073292E0A000000000A5772697465467092
:10EFE0006761436F6D6D616E643A2057726F74652F
:10EFF00020256C7520746F20000000003078252ECD
:10F00000347A582E0A0000000A0A46534D446163C0
:10F01000733A204670676120696E74657266616339
:10F0200065206973206E6F7420696E697469616C04
:10F03000697A65642120506C656173652063616C39
:10F040006C20496E697446706761206669727374DA
:10F05000212E0000256C782C256C782C256C782CC2
:10F06000256C78000A0A46534D446163733A207355
:10F07000657420746F3A20256C782C20256C782CD0
:10F0800020256C782C20256C782E0A000A0A46531D
:10F090004D446163733A2063757272656E742076B5
:10F0A000616C75653A20256C782C20256C782C20B5
:10F0B000256C782C20256C782E0A00000A46534DCA
:10F0C000446163733A2053656E736F7220412F441D
:10F0D00027733A203078253031366C6C782C20300C
:10F0E00078253031366C6C782C20307825303136EC
:10F0F0006C6C783B20252B64282575292C20252B2A
:10F1000064282575292C20252B64282575292C2079
:10F11000252B312E336C662C20252B312E336C663B
:10F120002C20252B312E336C660A00000A0A566FFC
:10F130006C746167653A204670676120696E74651A
:10F140007266616365206973206E6F7420696E69F1
:10F150007469616C697A65642120506C65617365BE
:10F160002063616C6C20496E69744670676120662B
:10F1700069727374212E0000256C662C256C662C38
:10F18000256C662C256C66000A0A566F6C746167E4
:10F19000653A2073657420746F3A2025332E316CE4
:10F1A000662028256C78292C2025332E316C66208A
:10F1B00028256C78292C2025332E316C66202825B3
:10F1C0006C78292C2025332E316C662028256C780C
:10F1D000292E0A000A0A566F6C746167653A20632B
:10F1E000757272656E742076616C7565733A202550
:10F1F000332E316C662028256C78292C2025332E5F
:10F20000316C662028256C78292C2025332E316C12
:10F21000662028256C78292C2025332E316C662019
:10F2200028256C78292E0A000A0A46534D4164634A
:10F23000733A204670676120696E74657266616317
:10F2400065206973206E6F7420696E697469616CE2
:10F25000697A65642120506C656173652063616C17
:10F260006C20496E697446706761206669727374B8
:10F27000212E00000A46534D416463733A206375A2
:10F280007272656E742076616C7565733A204E7586
:10F290006D3A202535642C20252B39642C20252B14
:10F2A00039642C20252B39642C20252B39642C2003
:10F2B000252B312E366C662C20252B312E366C6694
:10F2C0002C20252B312E366C662C20252B312E360A
:10F2D0006C660A00616473313235382825346C64F9
:10F2E000293A20307825346C580A00000A0A42492D
:10F2F00053543A204B6579707265737328256429DD
:10F300003B2065786974696E672E0A00256C662C4F
:10F31000256C66000A0A436972636C65733A205271
:10F32000756E436972636C6528256C662C20256CAC
:10F33000666D73292E2E2E0A000000000A256C75BA
:10F340002C20256C752C20256C752C20256C7500C7
:10F350000A0A436972636C65733A204B657970726F
:10F36000657373282564293B2065786974696E6725
:10F370002E0A00000A0A476F58593A204670676102
:10F3800020696E74657266616365206973206E6FB3
:10F390007420696E697469616C697A6564212050B2
:10F3A0006C656173652063616C6C20496E6974469D
:10F3B000706761206669727374212E000A0A476FB4
:10F3C00058593A2073657420746F3A20256C782C54
:10F3D00020256C782C20256C782C20256C782E0A22
:10F3E000000000000A0A476F58593A20637572728C
:10F3F000656E742076616C75653A20256C782C20DA
:10F40000256C782C20256C782C20256C78202825DC
:10F410006C6656207820256C6656292E0A0000005E
:10F420000A46534D416463733A2063757272656E88
:10F43000742076616C7565733A20307825303136EA
:10F440006C6C782C203078253031366C6C782C2020
:10F450003078253031366C6C782C2030782530317E
:10F46000366C6C783B20252B64282575292C2025AB
:10F470002B64282575292C20252B64282575292CFB
:10F4800020252B64282575292C20252B312E336C23
:10F49000662C20252B312E336C662C20252B312E0B
:10F4A000336C662C20252B312E336C660A0000004D
:10F4B0000A55617274436F6D6D616E643A202575F3
:10F4C0002C2025752E2000006C6F6F70000000004E
:10F4D0000A55617274436F6D6D616E643A205365B5
:10F4E0006E64696E6720726573706F6E7365202835
:10F4F0002575206279746573293A20000A0000009E
:10F500000A55617274436F6D6D616E643A20636F6A
:10F510006D706C6574652E0A000000000A0A426175
:10F52000756444697669646572733A2046706761F0
:10F5300020696E74657266616365206973206E6F01
:10F540007420696E697469616C697A656421205000
:10F550006C656173652063616C6C20496E697446EB
:10F56000706761206669727374212E00256C752C9A
:10F57000256C752C256C752C256C75000A0A42616A
:10F58000756444697669646572733A20736574744E
:10F59000696E6720746F3A20256C752C20256C7578
:10F5A0002C20256C752C20256C752E0A000000007F
:10F5B0000A0A4261756444697669646572733A2027
:10F5C00063757272656E742076616C7565733A202E
:10F5D000256C752C20256C752C20256C752C202510
:10F5E0006C752E0A000000000A4261756444697659
:10F5F00069646572733A20506F7274302066696E68
:10F60000616C206469766973696F6E2072617469D8
:10F610006F3A20257520282F3136293B204163740D
:10F6200075616C2062617564726174653A20252E83
:10F63000356C66000A426175644469766964657276
:10F64000733A20506F7274312066696E616C206469
:10F6500069766973696F6E20726174696F3A2025EB
:10F660007520282F3136293B2041637475616C2049
:10F6700062617564726174653A20252E356C66008E
:10F680000A4261756444697669646572733A205010
:10F690006F7274322066696E616C2064697669737A
:10F6A000696F6E20726174696F3A20257520282F6A
:10F6B0003136293B2041637475616C206261756449
:10F6C000726174653A20252E356C660A00000000D0
:10F6D0000A4261756444697669646572733A2050C0
:10F6E0006F7274332066696E616C20646976697329
:10F6F000696F6E20726174696F3A20257520282F1A
:10F700003136293B2041637475616C2062617564F8
:10F71000726174653A20252E356C660A000000007F
:10F720000A53686F7742756666657273436F6D6DD5
:10F73000616E643A204670676155617274506172FF
:10F740007365723A20000000256C7525325B2C0928
:10F75000205D2025630000000A0A4D6F6E69746FFA
:10F760007253657269616C436F6D6D616E643A20AE
:10F770004D6F6E69746F72696E6720706F7274205E
:10F78000256C753A2025632E0A0000000A0A4D6F89
:10F790006E69746F7253657269616C436F6D6D61F0
:10F7A0006E643A20496E76616C696420706F727481
:10F7B00020256C753B206D61782069732023322EE3
:10F7C0000A0000000A0A4D6F6E69746F7253657209
:10F7D00069616C436F6D6D616E643A20496E73753B
:10F7E0006666696369656E7420706172616D6574C7
:10F7F000657273202825753B2073686F756C6420D3
:10F8000062652032293B207175657279696E672EB9
:10F810002E2E00000A4D6F6E69746F725365726907
:10F82000616C436F6D6D616E643A204D6F6E6974EB
:10F830006F72696E6720706F727420303A20256392
:10F840002E0A00000A4D6F6E69746F7253657269FB
:10F85000616C436F6D6D616E643A204D6F6E6974BB
:10F860006F72696E6720706F727420313A20256361
:10F870002E0A00000A4D6F6E69746F7253657269CB
:10F88000616C436F6D6D616E643A204D6F6E69748B
:10F890006F72696E6720706F727420323A20256330
:10F8A0002E0A00000A4D6F6E69746F72536572699B
:10F8B000616C436F6D6D616E643A204D6F6E69745B
:10F8C0006F72696E6720706F727420333A202563FF
:10F8D0002E0A00000A436F6E74726F6C526567697E
:10F8E00073746572436F6D6D616E643A2046706724
:10F8F0006120696E74657266616365206973206E4C
:10F900006F7420696E697469616C697A656421003D
:10F910002025632C2025632C2025632C2025632C97
:10F920002025632C2025632C2025632C2025632C87
:10F930002025632C2025632C2025632C2025632C77
:10F940002025632C2025632C000000000A436F6EE5
:10F9500074726F6C5265676973746572436F6D6D15
:10F96000616E643A2043757272656E742076616CC4
:10F970007565733A200000000A44616353656C6545
:10F9800063743A204670676120696E7465726661BF
:10F990006365206973206E6F7420696E6974696194
:10F9A0006C697A6564210000202563000A0A4461BD
:10F9B0006353656C6563743A2025632028272563AB
:10F9C00027292E0A000000000A44616353656C6514
:10F9D00063743A2043757272656E742076616C753B
:10F9E000653A20256C752E0A0000021003100410E1
:10F9F000022002000320042005200620030004004A
:10FA000005000600060004002800C0030130023093
:10FA100003300430053006300E3001400240034010
:10FA20000440054006400000FFFF7F000000780012
:10FA300000001E0000000000FFFF87FF000080FFA5
:10FA400000000C0000007800000102030405060716
:10FA5000000102030405060708098B0001020304E4
:10FA600005060708090A0B0C0D0E0F1011121314CE
:10FA700015161718191A1B1C1D1E00005C0000002B
:10FA800064000000680000006C0000009F0000009F
:10FA90008509706900000000547565204A616E2078
:10FAA00032302032333A30323A3239203230323644
:10FAB00000000000BEBAAD1BEDAD0F0A0100011041
:10FAC000021003100410022002000320042005206D
:10FAD00006200300040005000600060004002800BC
:10FAE000C0030130023003300430053006300E30E0
:10FAF000014002400340044005400640070000006A
:10FB000042696E61727956657273696F6E436F6D8B
:10FB10006D616E640000000042696E617279566525
:10FB20007273696F6E436F6D6D616E64286465708A
:10FB300072656361746564206964290042696E615D
:10FB4000727946534D44616373436F6D6D616E64AA
:10FB50000000000042696E61727946534D41646352
:10FB600073436F6D6D616E640000000042696E61E9
:10FB7000727946534D41646373466C6F6174696E6C
:10FB800067506F696E74436F6D6D616E6400000045
:10FB900042696E61727946534D44616373466C6F7E
:10FBA0006174696E67506F696E74436F6D6D616EDD
:10FBB0006400000042696E61727946534D5374616E
:10FBC000747573436F6D6D616E640000BEBAAD1BDA
:10FBD000EDAD0F0A01000110434772617068566570
:10FBE0007273696F6E5061796C6F61643A2053650E
:10FBF0007269616C4E756D3A203078256C582C20F6
:10FC000050726F636573736F724669726D7761725C
:10FC1000654275696C644E756D3A20256C752C20B3
:10FC2000465047414669726D776172654275696CED
:10FC3000644E756D3A20256C750000000A42696EAD
:10FC400061727956657273696F6E436F6D6D616E27
:10FC5000643A2053656E64696E6720726573706FD5
:10FC60006E736520282575206279746573293A20A2
:10FC7000000000000A42696E61727946534D44618A
:10FC80006373436F6D6D616E642053657474696E48
:10FC90006720746F20283078256C582C2030782508
:10FCA0006C582C203078256C58292E0A0A00000048
:10FCB0000A42696E61727946534D44616373436FC2
:10FCC0006D6D616E6420205265706C79696E67207D
:10FCD000283078256C582C203078256C582C203012
:10FCE00078256C58292E2E2E0A0A00000A42696EC9
:10FCF00061727946534D41646373436F6D6D616EFC
:10FD00006420205265706C79696E67202825642C08
:10FD10002025642C202564292E2E2E0A0A0000009E
:10FD20000A42696E61727946534D41646373436F51
:10FD30006D6D616E642070726F63657373696E6759
:10FD4000282575292E2E2E0A0A0000000A42696E07
:10FD500061727946534D41646373466C6F61746997
:10FD60006E67506F696E74436F6D6D616E642020B5
:10FD70005265706C79696E672028256C662C202589
:10FD80006C662C20256C66292E2E2E0A0A00000097
:10FD90000A0A42696E61727946534D446163734346
:10FDA0006F6D6D616E643A2053657474696E67207F
:10FDB000746F3A2025332E316C662028256C782903
:10FDC0002C2025332E316C662028256C78292C2098
:10FDD00025332E316C662028256C78292E0A0000E8
:10FDE0000A0A42696E61727946534D4461637343F6
:10FDF0006F6D6D616E643A205265706C79696E67E3
:10FE00003A2025332E316C662028256C78292C2049
:10FE100025332E316C662028256C78292C2025333B
:10FE20002E316C662028256C78292E0A00000000EF
:10FE30000A0A42696E61727946534D537461747552
:10FE400073436F6D6D616E643A2043757272656EB7
:10FE50007456616C7565733A0A0000004948563A59
:10FE60002025332E366C6620560A0000494E563A3D
:10FE70002025332E366C6620560A00004936563A45
:10FE80002025332E366C6620560A0000493356442E
:10FE90003A2025332E366C6620560A0049325644E5
:10FEA0003A2025332E366C6620560A004931563AE0
:10FEB0002025332E366C6620560A0000537472617A
:10FEC000696E42503A2025332E366C6620560A0061
:10FED00053747261696E424D3A2025332E366C663A
:10FEE00020560A0053747261696E423A2025332EFF
:10FEF000366C6620560A000053747261696E445075
:10FF00003A2025332E366C6620560A0053747261EF
:10FF1000696E444D3A2025332E366C6620560A0011
:10FF200053747261696E443A2025332E366C662014
:10FF3000560A000053747261696E434D3A202533AE
:10FF40002E366C6620560A0053747261696E4350F7
:10FF50003A2025332E366C6620560A00537472619F
:10FF6000696E433A2025332E366C6620560A00000F
:10FF700053747261696E414D3A2025332E366C669A
:10FF800020560A0053747261696E41503A2025333D
:10FF90002E366C6620560A0053747261696E413ABF
:10FFA0002025332E366C6620560A00005035564404
:10FFB0003A2025332E366C6620560A0049325641C7
:10FFC0003A2025332E366C6620560A0054656D7033
:10FFD0003A2025332E366C6620560A0050335633AD
:10FFE000443A2025332E366C6620560A0000000065
:10FFF000503238563A2025332E366C6620560A0089
:020000022000DC
:10000000503256323A2025332E366C6620560A007E
:1000100050325635443A2025332E366C6620560A27
:1000200000000000503156323A2025332E366C66DF
:1000300020560A0050325635413A2025332E366C70
:100040006620560A00000000503456333A2025330B
:100050002E366C6620560A00493356413A20253325
:100060002E366C6620560A0050335633413A20250E
:10007000332E366C6620560A000000005036563A81
:100080002025332E366C6620560A00005035564126
:100090003A2025332E366C6620560A004C7578526D
:1000A0006164733A2025332E366C6620560A0000B0
:1000B0004E3138563A2025332E366C6620560A00CB
:1000C0004E3230563A2025332E366C6620560A00C2
:1000D00050313235563A2025332E366C6620560A7A
:1000E000000000000A42696E61727946534D5374F4
:1000F00061747573436F6D6D616E643A2052657003
:100100006C79696E672E2E2E000002100310041009
:100110000220020003200420052006200300040022
:1001200005000600060004002800C003013002306C
:1001300003300430053006300E30014002400340E9
:100140000440054006400000FFFF7F0000007800EB
:1001500000001E0000000000FFFF87FF000080FF7E
:1001600000000C00000078000001020304050607EF
:10017000000102030405060708098B0001020304BD
:1001800005060708090A0B0C0D0E0F1011121314A7
:1001900015161718191A1B1C1D1E00005C00000004
:1001A00064000000680000006C0000009F00000078
:1001B0008509706900000000547565204A616E2051
:1001C00032302032333A30323A323920323032361D
:1001D000000000000A0A42696E617279205561725E
:1001E000743A20496E697428506B74482025752C28
:1001F00020506B7446202575292E0A0D0000000042
:100200002E252E32780000000A0A42696E6172794A
:10021000556172743A2042756666657228257029A8
:10022000206F766572666C6F773B20746869732007
:100230007061636B65742077696C6C206E6F7420DD
:100240006669742028257A7562292C20666C75737E
:1002500068696E67206275666665722E0A0D000019
:100260000A0A42696E617279556172743A20556E5C
:100270006D61746368656420636F6D6D616E642089
:100280003078252E386C5821204E756D436D64737F
:100290003A20256C750A00000A0A42696E6172797B
:1002A000556172743A205061636B657420726563A6
:1002B00065697665642C2062757420536572696186
:1002C0006C4E756D62657220636F6D7061726973DB
:1002D0006F6E206661696C6564202865787065635F
:1002E0007465643A203078252E386C583B20676F4F
:1002F000743A203078252E386C58292E0A0D0000CB
:100300000A0A42696E617279556172743A205061CD
:10031000636B65742072656365697665642C206221
:10032000757420696E76616C69642E0A0D00000098
:100330000A0A42696E61727920556172743A2053DB
:10034000656E64696E67207061636B6574282575DE
:100350002C202575293A2000252E32583A0000001D
:100360000A0000004347726170685061636B6574F6
:100370004865616465723A205374617274546F6B9E
:10038000656E3A203078256C582C205061796C6F5E
:100390006164547970653A20256C752C2050617920
:1003A0006C6F61644C656E3A20256C75000000002E
:1003B0000A0A4347726170685061636B65743A3A28
:1003C000497356616C696428293A205061636B65F2
:1003D000745374617274546F6B656E3A2042756623
:1003E0006665722E617355333228257529203D20AC
:1003F0003078256C782E0A0D000000000A0A434769
:10040000726170685061636B65743A3A4973566102
:100410006C696428293A207061796C6F6164747921
:1004200070653A204275666665722E617355313685
:1004300028257529203D20307825782E0A0D0000CA
:100440000A0A4347726170685061636B65743A3A97
:10045000497356616C696428293A207061796C6F20
:1004600061646C656E3A204275666665722E6173D2
:1004700055313628257529203D20307825782E0ADB
:100480000D0000000A0A4347726170685061636B97
:1004900065743A3A497356616C696428293A207048
:1004A00061636B6574206F76657273697A65643A0F
:1004B0002042756666657244657074683A202575D9
:1004C0002C205061636B65744C656E3A2025752E47
:1004D0000A0D00000A0A4347726170685061636B3D
:1004E00065743A3A497356616C696428293A2074F4
:1004F0006F6B656E206D69736D617463683A20453A
:10050000787065637465643A2025752C20416374A6
:1005100075616C3A2025752E0A0D00000A0A4347C2
:10052000726170685061636B65743A3A49735661E1
:100530006C696428293A204352433A204275666622
:1005400065722E617355333228257529203D203080
:1005500078256C782E0A0D000A0A4347726170688C
:100560005061636B65743A3A497356616C696428EB
:10057000293A205061636B6574456E64546F6B65F6
:100580006E3A204275666665722E61735533322865
:10059000257529203D203078256C782E0A0D000025
:1005A0000A0A4347726170685061636B65743A3A36
:1005B000497356616C696428293A204352433A20B2
:1005C000456E643A2025752053746172743A202573
:1005D00075202E0A0D0000000A0A434772617068F8
:1005E0005061636B65743A3A497356616C6964286B
:1005F000293A2043616C632764204352433A2030F8
:1006000078256C78202843726343757272656E7426
:10061000416464723A203078256C78292C20287443
:10062000696D656F75743A202575292E0A0D0000D5
:100630000A0A4347726170685061636B65743A3AA5
:10064000497356616C696428293A20437263537474
:10065000617274416464723A203078256C782C2081
:10066000437263456E64416464723A203078256C4D
:10067000780A0D000A465047415561727443616C17
:100680006C6261636B733A204E554C4C282575297A
:1006900020496E76616C69645061636B6574210AF0
:1006A0000A0000000A465047415561727443616C6C
:1006B0006C6261636B733A20496E76616C69645059
:1006C00061636B65742120636F6E74656E74733A39
:1006D000203A00000A0A00000A4650474142696E6B
:1006E0006172795561727443616C6C6261636B73A2
:1006F0003A204E554C4C2825752920556E48616E80
:10070000646C65645061636B6574210A0A000000C3
:100710000A465047415561727443616C6C62616373
:100720006B733A20556E68616E646C65642070610D
:10073000636B6574282575293A2000087F1B090022
:10074000BEBAAD1BEDAD0F0A01000110021003107F
:1007500004100220020003200420052006200300CC
:10076000040005000600060004002800C003013054
:10077000023003300430053006300E3001400240B4
:100780000340044005400640001B0020402B002091
:10079000803B0020C04B002004000000001B002014
:1007A000402B0020803B002003000000C04B0020B5
:1007B000010000000000000000000000AD86000005
:1007C000D1860000698900000000000000000000E0
:1007D000058400002984000049840000C9840000C9
:1007E000E56B000021850000000000000000000013
:1007F000F57800001979000039790000557900007A
:100800006D790000B9790000F5790000417A0000A7
:100810008D7A0000A17A0000B57A0000C97A000044
:10082000DD7A00002F7B0000ED7B0000F37A0000F2
:100830000D7B0000637B0000AB7B00008D7C000023
:100840003D7D0000B17D00000D7E0000697E00004E
:10085000DD7E00003D7F0000997F0000E97F000001
:10086000C9820000E3820000058300006B83000062
:1008700000000000000000003577000059770000FC
:10088000216A000079770000AD770000EB77000067
:1008900017780000297800003B7800000000000075
:1008A0000000000091760000A5760000C5760000EB
:1008B0000000000000000000F5860000198700001D
:1008C000456E0000F1740000000000000000000010
:1008D000796B0000996B0000B96B0000CF6B0000D2
:1008E000E56B0000FB6B0000000000000000000052
:1008F00000000000000000000000000000000000F8
:1009000000000000000000000000000000000000E7
:1009100000000000000000000000000000000000D7
:1009200000000000000000000000000000000000C7
:1009300000000000000000000000000000000000B7
:1009400000000000000000000000000000000000A7
:100950000000000000000000000000000000000097
:100960000000000000000000000000000000000087
:100970000000000000000000000000000000000077
:100980000000000000000000000000000000000067
:1009900000000000216A00000000000000000000CC
:1009A0000000000000000000000000000000000047
:1009B0000000000000000000000000000000000037
:1009C00000000000010101087F1B0900FFFF7F00FC
:1009D0000000780000001E0000000000FFFF87FFFD
:1009E000000080FF00000C000000780000010203FE
:1009F00004050607000102030405060708098B0029
:100A00000102030405060708090A0B0C0D0E0F105E
:100A10001112131415161718191A1B1C1D1E00008D
:100A20005C00000064000000680000006C00000032
:100A30000A50696E6F75744D6F6E69746F724164A0
:100A4000633A20542F4F2E000A4D6F6E69746F72F7
:100A50004164633A204572726F7220696E697469ED
:100A6000616C697A696E67204164633A202575205C
:100A70005B3078252E32585D2E0A00000A4D6F6ECD
:100A800069746F724164633A205374617274696E61
:100A90006720412F44206175746F2D7363616E3B35
:100AA0002077726F7465203078252E325820746F4D
:100AB000206770696F27732C2072656164626163BF
:100AC0006B3A203078252E32580A00000A4D6F6E9E
:100AD00069746F724164633A204E6F2041646320F1
:100AE000666F756E64210A000A4D6F6E69746F72CD
:100AF0004164633A20626164207374617475733A6F
:100B000020416463303A2063682025753A203078AC
:100B1000252E32582C20416463313A206368202509
:100B2000753A203078252E32580A00000A4D6F6E33
:100B300069746F724164633A20416463303A2063A0
:100B4000682025752072656164733A20256C6620E3
:100B5000566F6C7473205B256C75206C7362277301
:100B60005D3B20416463313A206368202575207223
:100B7000656164733A20256C6620566F6C7473202F
:100B80005B256C75206C736227735D0A00000000A2
:100B90000A4D6F6E69746F724164633A2063682016
:100BA0002575206E6F206E65772073616D706C65A2
:100BB0002074686973207363616E2E0A0000000060
:100BC0000A0A5363616E4D6F6E69746F724164639C
:100BD00020436F6D6D616E643A2056616C7565736C
:100BE000207769746820636F72726563746564202E
:100BF000756E69747320666F6C6C6F773A0A0000CB
:100C00004948563A2025332E366C6620560A000095
:100C1000494E563A2025332E366C6620560A00007F
:100C20004936563A2025332E366C6620560A000087
:100C3000493356443A2025332E366C6620560A0036
:100C4000493256443A2025332E366C6620560A0027
:100C50004931563A2025332E366C6620560A00005C
:100C600053747261696E42503A2025332E366C6699
:100C700020560A0053747261696E424D3A20253342
:100C80002E366C6620560A0053747261696E423AC1
:100C90002025332E366C6620560A0000537472618C
:100CA000696E44503A2025332E366C6620560A0071
:100CB00053747261696E444D3A2025332E366C664A
:100CC00020560A0053747261696E443A2025332E0F
:100CD000366C6620560A000053747261696E434D8B
:100CE0003A2025332E366C6620560A005374726102
:100CF000696E43503A2025332E366C6620560A0022
:100D000053747261696E433A2025332E366C662027
:100D1000560A000053747261696E414D3A202533C2
:100D20002E366C6620560A0053747261696E41500B
:100D30003A2025332E366C6620560A0053747261B1
:100D4000696E413A2025332E366C6620560A000023
:100D5000503556443A2025332E366C6620560A000C
:100D6000493256413A2025332E366C6620560A0009
:100D700054656D703A2025332E366C6620560A0075
:100D800050335633443A2025332E366C6620560AAB
:100D900000000000503238563A2025332E366C665B
:100DA00020560A00503256323A2025332E366C66D1
:100DB00020560A0050325635443A2025332E366CE0
:100DC0006620560A00000000503156323A20253382
:100DD0002E366C6620560A0050325635413A202590
:100DE000332E366C6620560A00000000503456330D
:100DF0003A2025332E366C6620560A004933564178
:100E00003A2025332E366C6620560A00503356336E
:100E1000413A2025332E366C6620560A0000000029
:100E20005036563A2025332E366C6620560A00007E
:100E3000503556413A2025332E366C6620560A002E
:100E40004C7578526164733A2025332E366C6620D7
:100E5000560A00004E3138563A2025332E366C663D
:100E600020560A004E3230563A2025332E366C6614
:100E700020560A0050313235563A2025332E366C32
:100E80006620560A000000000A5363616E4D6F6EC3
:100E900069746F7241646320436F6D6D616E643A73
:100EA00020436F6D706C6574652E0A0A00000000A7
:100EB0000A0A546573744D6F6E69746F724164638E
:100EC00020436F6D6D616E643A2053657269616C89
:100ED0003A2052656164696E6720412F4427732070
:100EE000287261772076616C756573293A0A000073
:100EF0000A4948563A20252B6C642C203078252E40
:100F0000386C58000A494E563A20252B6C642C2028
:100F10003078252E386C58000A4936563A20252B51
:100F20006C642C203078252E386C58000A493356D2
:100F3000443A20252B6C642C203078252E386C58B0
:100F4000000000000A493256443A20252B6C642CDC
:100F5000203078252E386C58000000000A493156A0
:100F60003A20252B6C642C203078252E386C5800C4
:100F70000A53747261696E42503A20252B6C642CBE
:100F8000203078252E386C58000000000A53747207
:100F900061696E424D3A20252B6C642C20307825F7
:100FA0002E386C58000000000A53747261696E425A
:100FB0003A20252B6C642C203078252E386C580074
:100FC0000A53747261696E44503A20252B6C642C6C
:100FD000203078252E386C58000000000A537472B7
:100FE00061696E444D3A20252B6C642C20307825A5
:100FF0002E386C58000000000A53747261696E4408
:101000003A20252B6C642C203078252E386C580023
:101010000A53747261696E434D3A20252B6C642C1F
:10102000203078252E386C58000000000A53747266
:1010300061696E43503A20252B6C642C2030782552
:101040002E386C58000000000A53747261696E43B8
:101050003A20252B6C642C203078252E386C5800D3
:101060000A53747261696E414D3A20252B6C642CD1
:10107000203078252E386C58000000000A53747216
:1010800061696E41503A20252B6C642C2030782504
:101090002E386C58000000000A53747261696E416A
:1010A0003A20252B6C642C203078252E386C580083
:1010B0000A503556443A20252B6C642C2030782574
:1010C0002E386C58000000000A493256413A20255B
:1010D0002B6C642C203078252E386C5800000000D2
:1010E0000A54656D703A20252B6C642C20307825CD
:1010F0002E386C58000000000A50335633443A2012
:10110000252B6C642C203078252E386C580000007C
:101110000A503238563A20252B6C642C2030782522
:101120002E386C58000000000A503256323A202502
:101130002B6C642C203078252E386C580000000071
:101140000A50325635443A20252B6C642C203078D6
:10115000252E386C580000000A503156323A2025AE
:101160002B6C642C203078252E386C580000000041
:101170000A50325635413A20252B6C642C203078A9
:10118000252E386C580000000A503456333A20257A
:101190002B6C642C203078252E386C580000000011
:1011A0000A493356413A20252B6C642C203078258F
:1011B0002E386C58000000000A50335633413A2054
:1011C000252B6C642C203078252E386C58000000BC
:1011D0000A5036563A20252B6C642C203078252E68
:1011E000386C58000A503556413A20252B6C642C37
:1011F000203078252E386C58000000000A4C757895
:10120000526164733A20252B6C642C203078252E93
:10121000386C58000A4E3138563A20252B6C642C15
:10122000203078252E386C58000000000A4E3230ED
:10123000563A20252B6C642C203078252E386C589B
:10124000000000000A50313235563A20252B6C64DC
:101250002C203078252E386C580000000A54657315
:10126000744D6F6E69746F7241646320436F6D6D6E
:10127000616E643A20436F6D706C6574652E0A0A66
:1012800000000000202C090D0A0000000A4D6F6EBE
:1012900069746F7241646343616C69627261746501
:1012A0003A20496E76616C696420706172616D6587
:1012B000746572733B206D75737420676976652061
:1012C0006174206C65617374206E616D65206F665A
:1012D00020696E7075742063616C696272617469F3
:1012E0006F6E20746F207175657279210A0A000093
:1012F000256C650044454641554C545300000000A0
:101300000A4D6F6E69746F7241646343616C696208
:10131000726174653A20416C6C2063616C69627221
:10132000617465732073657420746F2064656661F1
:10133000756C7473210A0A005031563200000000A7
:101340000A4D6F6E69746F7241646343616C6962C8
:10135000726174653A20536574204761696E3A2062
:10136000256C65202822257322292C2053657420A2
:101370004F66667365743A20256C652028222573B4
:1013800022290A000A4D6F6E69746F7241646343CB
:10139000616C6962726174653A204761696E3A20D6
:1013A000256C652C204F66667365743A20256C6544
:1013B0000A0000000A4D6F6E69746F7241646343E6
:1013C000616C6962726174653A20556E61626C6528
:1013D00020746F206C6F6361746520696E70757422
:1013E000206D61746368696E672022257322210A6B
:1013F000000000000A4D6F6E69746F7241646343B0
:10140000616C6962726174653A20436F6D706C65DE
:1014100074652E0A0A000000616473313235383A6F
:101420003A44756D7028293A20636F6E666967309B
:101430002072656164733A3078252E34580A0000B2
:10144000616473313235383A3A44756D7028293AFF
:1014500020636F6E666967312072656164733A302C
:1014600078252E34580A0000616473313235383AD9
:101470003A44756D7028293A2073797372656164F6
:101480002072656164733A3078252E34580A000062
:10149000616473313235383A3A44756D7028293AAF
:1014A000206770696F632072656164733A307825D4
:1014B0002E34580A00000000616473313235383A26
:1014C0003A44756D7028293A2069646E756D2072F2
:1014D000656164733A3078252E34580A00000000A4
:1014E000616473313235383A3A44756D7028293A5F
:1014F000206D75786469662072656164733A30782E
:10150000252E34580A000000616473313235383AB0
:101510003A44756D7028293A206D757873673020CC
:1015200072656164733A3078252E34580A000000E1
:10153000616473313235383A3A44756D7028293A0E
:10154000206D75787367312072656164733A307805
:10155000252E34580A000000616473313235383A60
:101560003A696E697428293A20636F6E666967303C
:10157000206D69736D61746368202872656164739E
:101580003A3078252E34582C2077616E7465643A91
:101590003078252E3258290A00000000616473312A
:1015A0003235383A3A696E697428293A20636F6E89
:1015B00066696731206D69736D6174636820287294
:1015C000656164733A3078252E34582C2077616E2B
:1015D0007465643A3078252E3258290A00000000DC
:1015E000616473313235383A3A696E697428293A40
:1015F0002073797372656164206D69736D617463C2
:1016000068202872656164733A3078252E34582C2E
:101610002077616E7465643A3078252E3258290A35
:1016200000000000616473313235383A3A696E69FE
:101630007428293A206770696F63206D69736D6142
:10164000746368202872656164733A3078252E349B
:10165000582C2077616E7465643A3078252E3258A4
:10166000290A0000616473313235383A3A696E698B
:101670007428293A2069646E756D206D69736D61F7
:10168000746368202872656164733A3078252E345B
:10169000582C2077616E7465643A3078252E325864
:1016A000290A0000616473313235383A3A5365745F
:1016B0005363616E4368616E6E656C7328293A20CE
:1016C0006D7578646966206D69736D6174636820F7
:1016D0002872656164733A3078252E3458290A00DF
:1016E000616473313235383A3A5365745363616ECD
:1016F0004368616E6E656C7328293A206D75787346
:101700006730206D69736D6174636820287265614C
:1017100064733A3078252E3458290A006164733195
:101720003235383A3A5365745363616E4368616E7B
:101730006E656C7328293A206D7578736731206D5A
:1017400069736D61746368202872656164733A30EF
:1017500078252E3458290A00616473313235383ABD
:101760003A5365745363616E4368616E6E656C7362
:1017700028293A20737973726564206D69736D61ED
:10178000746368202872656164733A3078252E345A
:1017900058290A005343414E4D4F4E49544F524130
:1017A00044430000225363616E4D6F6E69746F7223
:1017B000416463223B2053686F77206375727265C2
:1017C0006E7420696E70757420766F6C74616765D5
:1017D000732E2E2E00000000544553544D4F4E4999
:1017E000544F52414443000022546573744D6F6E50
:1017F00069746F72416463223B2053686F77207273
:10180000617720412F4420636F756E74732E2E2EE6
:101810000000000043414C4942524154454D4F4E57
:1018200049544F52414443002243616C69627261E2
:1018300074654D6F6E69746F72416463203C7265AC
:1018400061646F75743E2C3C6761696E3E286F70F1
:1018500074696F6E616C292C3C6F66667365743EAB
:10186000286F7074696F6E616C29223B2043616C34
:1018700069627261746520286F7220717565727972
:10188000292074686520676976656E2072656164D9
:101890006F7574000000000000000000F5A9000052
:1018A00019AA00003DAB000000000000000000008D
:1018B000199200003992000001010100200000008F
:1018C0000A0A496E76616C696420636F6D6D616EA2
:1018D000642028222573223B205B0000252E3268DD
:1018E00068583A005D2029202D206C697374696E58
:1018F0006720616C6C20617661696C61626C652047
:10190000636F6D6D616E64733A0A000025733A204F
:1019100025730A000A0A547842696E61727950612F
:10192000636B65743A204E554C4C205061636B6577
:1019300074436F6E7465787421202853686F756CDA
:10194000642062652042696E617279556172742A01
:101950002920506C65617365207265636F6D7069D5
:101960006C6520746869732062696E6172792E2ECD
:101970002E0A00000A21666F726D6174663A3A772A
:10198000727374725F66756E632825702C202570E3
:101990002C20256C7529210A00087F1B09000000F6
:1019A000BEBAAD1BEDAD0F0A01000110021003100D
:1019B000041002200200032004200520062003005A
:1019C000040005000600060004002800C0030130E2
:1019D000023003300430053006300E300140024042
:1019E00003400440054006405573616765466175D4
:1019F0006C7453746174757352656769737465723E
:101A00003A20616C6C3D3078252E34583B20556E61
:101A1000446566496E7374723D25632C20496E7669
:101A20005374617465455350523D25632C20496EB3
:101A30007650433D25632C204E6F43503D25632C4B
:101A400020556E416C69676E65643D25632C2044AA
:101A5000697642795A65726F3D2563004275734617
:101A600061756C74537461747573526567697374CE
:101A700065723A20616C6C3D3078252E32583B20DF
:101A8000494275734572723D25632C20507265631F
:101A900069734572723D25632C20496D70726563D0
:101AA00069734572723D25632C20556E53746B45E6
:101AB00072723D25632C2053746B4572723D256311
:101AC0002C204C73704572723D25632C2042464198
:101AD0005256616C69643D2563000000427573468F
:101AE00061756C7441646472657373526567697380
:101AF0007465723A206661756C7420617420307868
:101B0000252E386C580000004D656D4D616E616783
:101B1000654661756C745374617475735265676959
:101B2000737465723A20616C6C3D3078252E3258A2
:101B30003B204941636356696F6C3D25632C20440B
:101B400041636356696F6C3D25632C204D656D556F
:101B50006E53746B4572723D25632C204D656D5339
:101B6000746B4572723D25632C204D656D4C73700E
:101B70004572723D25632C204D4D415256616C6972
:101B8000643D2563000000004D656D4D616E616729
:101B9000654661756C744164647265737352656700
:101BA00069737465723A206661756C742061742083
:101BB0003078252E386C5800436F6E6669677572F1
:101BC00061626C654661756C7453746174757352AF
:101BD0006567697374657273434653523A20616C4A
:101BE0006C3D3078252E386C583B20003B2000009F
:101BF000486172644661756C745374617475735294
:101C0000656769737465723A20616C6C3D30782544
:101C10002E386C583B20566563745461626C653D88
:101C200025632C20466F726365643D25632C204438
:101C3000656275674576743D25630000436F6E7479
:101C400065787453746174654672616D653A20728B
:101C5000303D3078252E386C582C2072313D30784C
:101C6000252E386C582C2072323D3078252E386C59
:101C7000582C2072333D3078252E386C582C207229
:101C800031323D3078252E386C582C206C723D3026
:101C900078252E386C582C2070635F7265747572CD
:101CA0006E5F616464723D3078252E386C582C204C
:101CB000787073723D3078252E386C580000000023
:101CC0000A0000000A0A0A214275734661756C74A5
:101CD000210A00005043205B5231355D203D202514
:101CE000780A00004C52205B5231345D203D2025A3
:101CF000780A00000A0A0A21557361676546617512
:101D00006C74210A000000000A0A0A214D656D4D1D
:101D1000616E674661756C74210A0000FA05000067
:101D200001010100BEBAAD1BEDAD0F0A01000110AB
:101D300002100310041002200200032004200520DA
:101D40000620030004000500060006000400280029
:101D5000C0030130023003300430053006300E304D
:101D6000014002400340044005400640087F1B0933
:101D7000FFFF7F000000780000001E000000000050
:101D8000FFFF87FF000080FF00000C0000007800CC
:101D9000000102030405060700010203040506070B
:101DA00008098B000102030405060708090A0B0C49
:101DB0000D0E0F101112131415161718191A1B1CDB
:101DC0001D1E00005C0000006400000068000000B0
:101DD0006C000000313538003331346430356466CE
:101DE00065353939396633353839613564333566A7
:101DF000633536626233343938393538376166389D
:101E0000000000000A0A4553432D46534D3A207600
:101E100025732E6225733B204F6666736574206FB1
:101E20006620436F6E74726F6C5265676973746578
:101E3000723A203078252E326C582C2065787065E7
:101E4000637465643A203078252E326C582E000079
:101E50000A4F6666736574206F662046534D2D3EAB
:101E60004D6F6E69746F724164635370695472612F
:101E70006E73616374696F6E5265676973746572BE
:101E80003A203078252E326C582C206578706563A6
:101E90007465643A203078252E326C582E0001018A
:101EA00001000000002020202020202020202828C1
:101EB000282828202020202020202020202020200A
:101EC000202020202088101010101010101010104A
:101ED000101010101004040404040404040404107A
:101EE0001010101010104141414141410101010108
:101EF00001010101010101010101010101010101D2
:101F000010101010101042424242424202020202DD
:101F100002020202020202020202020202020202A1
:101F20001010101020000000000000000000000051
:101F300000000000000000000000000000000000A1
:101F40000000000000000000000000000000000091
:101F50000000000000000000000000000000000081
:101F60000000000000000000000000000000000071
:101F70000000000000000000000000000000000061
:101F80000000000000000000000000000000000051
:101F90000000000000000000000000000000000041
:101FA00000000000000000000A00000065256C64CD
:101FB00000000000494E4600696E66004E414E002A
:101FC0006E616E0030313233343536373839616204
:101FD00063646566000000003031323334353637D3
:101FE000383941424344454600000000286E756C74
:101FF0006C290000300000002F000000504F5349B2
:1020000058000000430000004153434949000000CC
:1020100049534F2D383835392D310000636A6B73C1
:10202000696E676C65000000636A6B6E6172726F47
:1020300077000000636A6B77696465005554462D2C
:102040003800000055544638000000004A4953004B
:10205000455543004A5000004555434A5000000092
:10206000534A49530000000049534F00383835396E
:102070000000000049534F2D383835392D0000003D
:10208000435000004B4F49380000000043503230AD
:10209000383636004350323138363600435031300E
:1020A0003300000047454F524749414E00000000B1
:1020B000505300004350313031000000505431354E
:1020C00034000000435031303200000054495300C6
:1020D0003632300043503837340000004C435F4103
:1020E0004C4C00004C414E47000000002E00000008
:1020F0004C435F434F4C4C41544500004C435F43BD
:1021000054595045000000004C435F4D4F4E45541C
:10211000415259004C435F4E554D455249430000D2
:102120004C435F54494D45004C435F4D455353412B
:1021300047455300496E66696E6974790000000076
:102140004E614E0042616C6C6F6320737563636512
:1021500065646564000000002F5F5F772F61726D1A
:102160002D6E6F6E652D656162692D6763632D78D5
:102170007061636B2F61726D2D6E6F6E652D656181
:1021800062692D6763632D787061636B2F62756977
:102190006C642D6173736574732F6275696C642F41
:1021A0006C696E75782D7836342F736F7572636530
:1021B000732F6E65776C69622D63796777696E2F0F
:1021C0006E65776C69622F6C6962632F7374646CDF
:1021D00069622F64746F612E630000002F5F5F7768
:1021E0002F61726D2D6E6F6E652D656162692D6751
:1021F00063632D787061636B2F61726D2D6E6F6EEE
:10220000652D656162692D6763632D787061636B0D
:102210002F6275696C642D6173736574732F6275B9
:10222000696C642F6C696E75782D7836342F736FF6
:1022300075726365732F6E65776C69622D6379675C
:1022400077696E2F6E65776C69622F6C6962632F98
:102250007374646C69622F6D707265632E63000025
:102260006E660000696E697479000000616E00009E
:102270002C2066756E6374696F6E3A200000000052
:10228000617373657274696F6E20222573222066F4
:1022900061696C65643A2066696C65202225732249
:1022A0002C206C696E65202564257325730A000057
:1022B0002F5F5F772F61726D2D6E6F6E652D65617B
:1022C00062692D6763632D787061636B2F61726D36
:1022D0002D6E6F6E652D656162692D6763632D7864
:1022E0007061636B2F6275696C642D6173736574C3
:1022F000732F6275696C642F6C696E75782D7836F2
:10230000342F736F75726365732F6E65776C6962B6
:102310002D63796777696E2F6E65776C69622F6CB4
:102320006962632F7374646C69622F6764746F6190
:102330002D6765746865782E630000000A0001004F
:102340000200030004000500060007000800090061
:102350000A000B000C000D000E000F001000000022
:10236000303030303030303030303030303030306D
:10237000202020202020202020202020202020205D
:10238000430000000000000000000000000000000A
:10239000000000000000000000000000000000003D
:1023A00043000000000000000000000000000000EA
:1023B000000000000000000000000000000000001D
:1023C00043000000000000000000000000000000CA
:1023D00000000000000000000000000000000000FD
:1023E00043000000000000000000000000000000AA
:1023F00000000000000000000000000000000000DD
:102400004300000000000000000000000000000089
:1024100000000000000000000000000000000000BC
:102420004300000000000000000000000000000069
:10243000000000000000000000000000000000009C
:102440004300000000000000000000000000000049
:10245000000000000000000000000000000000007C
:10246000055F01007138010000000000A41E020099
:10247000EC2002007C2202007C2202007C2202006E
:102480007C2202007C2202007C2202007C220200CC
:102490007C2202007C220200FFFFFFFFFFFFFFFF04
:1024A000FFFFFFFFFFFF00000100415343494900C8
:1024B000000000000000000000000000000000001C
:1024C00000000000000000000000415343494900A3
:1024D00000000000000000000000000000000000FC
:1024E000000000000000000000000000DC200200EE
:1024F000F0200200FC20020008210200142102004A
:102500002021020028210200040000000000050034
:1025100000040101010101060106000400000000A1
:102520000000000000000404000000000602020297
:102530000202060206060604060606060606060649
:102540000606030306060600000000000000000067
:102550000200000000000000000504040404040759
:10256000040700030000000000000000000001015B
:10257000000000000701010101010701070707062C
:1025800007070707070707070707000007070700F0
:10259000000000000000000005000000190000001D
:1025A0007D00000000000000BC89D897B2D29C3C9E
:1025B00033A7A8D523F649393DA7F444FD0FA5322A
:1025C0009D978CCF08BA5B25436FAC642806C80A78
:1025D0000080E03779C34143176E05B5B5B893461F
:1025E000F5F93FE9034F384D321D30F94877825AEB
:1025F0003CBF737FDD4F1575000000000000F03F09
:1026000000000000000024400000000000005940CD
:102610000000000000408F40000000000088C34020
:1026200000000000006AF8400000000080842E4195
:1026300000000000D01263410000000084D79741E1
:102640000000000065CDCD41000000205FA00242E7
:10265000000000E876483742000000A2941A6D425C
:10266000000040E59C30A2420000901EC4BCD6424F
:1026700000003426F56B0C430080E03779C34143FA
:1026800000A0D8855734764300C84E676DC1AB4370
:10269000003D9160E458E143408CB5781DAF15448E
:1026A00050EFE2D6E41A4B4492D54D06CFF0804469
:1026B000F64AE1C7022DB544B49DD9794378EA447E
:1026C00034000000CEFBFFFFCB0300000100000040
:1026D0000000000035000000CEFBFFFFCB03000030
:1026E0000100000000000000BC89D897B2D29C3CD9
:1026F00033A7A8D523F649393DA7F444FD0FA532E9
:102700009D978CCF08BA5B25436FAC64280668118F
:102710000C5F104E154E2A4E314E364E3C4E3F4EFB
:10272000424E564E584E824E854E6B8C8A4E1282C9
:102730000D5F8E4E9E4E9F4EA04EA24EB04EB34E9B
:10274000B64ECE4ECD4EC44EC64EC24ED74EDE4EC7
:10275000ED4EDF4EF74E094F5A4F304F5B4F5D4FF6
:10276000574F474F764F884F8F4F984F7B4F694F4A
:10277000704F914F6F4F864F964F1851D44FDF4F88
:10278000CE4FD84FDB4FD14FDA4FD04FE44FE54F0C
:102790001A50285014502A50255005501C4FF64FFF
:1027A000215029502C50FE4FEF4F115006504350EE
:1027B000475003675550505048505A5056506C502F
:1027C000785080509A508550B450B250C950CA5079
:1027D000B350C250D650DE50E550ED50E350EE50AD
:1027E000F950F5500951015102511651155114512A
:1027F0001A5121513A5137513C513B513F514051AF
:1028000052514C5154516251F87A69516A516E518A
:1028100080518251D8568C5189518F519151935189
:1028200095519651A451A651A251A951AA51AB510B
:10283000B351B151B251B051B551BD51C551C9514A
:10284000DB51E0515586E951ED51F051F551FE5102
:1028500004520B5214520E5227522A522E52335205
:1028600039524F5244524B524C525E5254526A5259
:102870007452695273527F527D528D5294529252C9
:10288000715288529152A88FA78FAC52AD52BC5250
:10289000B552C152CD52D752DE52E352E652ED98B4
:1028A000E052F352F552F852F95206530853387574
:1028B0000D5310530F5315531A5323532F533153A2
:1028C00033533853405346534553174E49534D5392
:1028D000D6515E5369536E5318597B5377538253C5
:1028E0009653A053A653A553AE53B053B653C353F8
:1028F000127CD996DF53FC66EE71EE53E853ED532C
:10290000FA5301543D5440542C542D543C542E54ED
:10291000365429541D544E548F5475548E545F545C
:1029200071547754705492547B5480547654845428
:1029300090548654C754A254B854A554AC54C454AB
:10294000C854A854AB54C254A454BE54BC54D85414
:10295000E554E6540F551455FD54EE54ED54FA5415
:10296000E2543955405563554C552E555C554555E7
:1029700056555755385533555D5599558055AF5473
:102980008A559F557B557E5598559E55AE557C551D
:102990008355A9558755A855DA55C555DF55C455F2
:1029A000DC55E455D4551456F7551656FE55FD55CD
:1029B0001B56F9554E565056DF7134563656325620
:1029C00038566B5664562F566C566A568656805645
:1029D0008A56A05694568F56A556AE56B656B4563D
:1029E000C256BC56C156C356C056C856CE56D1560E
:1029F000D356D756EE56F9560057FF560457095787
:102A000008570B570D57135718571657C7551C57CC
:102A10002657375738574E573B5740574F576957E8
:102A2000C057885761577F5789579357A057B35757
:102A3000A457AA57B057C357C657D457D257D357DE
:102A40000A58D657E3570B5819581D587258215831
:102A500062584B587058C06B52583D587958855839
:102A6000B9589F58AB58BA58DE58BB58B858AE58EA
:102A7000C558D358D158D758D958D858E558DC58E4
:102A8000E458DF58EF58FA58F958FB58FC58FD58ED
:102A900002590A5910591B59A66825592C592D5904
:102AA000325938593E59D27A555950594E595A5976
:102AB00058596259605967596C59695978598159FF
:102AC0009D595E4FAB4FA359B259C659E859DC59CD
:102AD0008D59D959DA59255A1F5A115A1C5A095A6F
:102AE0001A5A405A6C5A495A355A365A625A6A5AD0
:102AF0009A5ABC5ABE5ACB5AC25ABD5AE35AD75AEE
:102B0000E65AE95AD65AFA5AFB5A0C5B0B5B165B2B
:102B1000325BD05A2A5B365B3E5B435B455B405B76
:102B2000515B555B5A5B5B5B655B695B705B735BC1
:102B3000755B785B88657A5B805B835BA65BB85B63
:102B4000C35BC75BC95BD45BD05BE45BE65BE25B0A
:102B5000DE5BE55BEB5BF05BF65BF35B055C075C08
:102B6000085C0D5C135C205C225C285C385C395C82
:102B7000415C465C4E5C535C505C4F5C715B6C5CD2
:102B80006E5C624E765C795C8C5C915C945C9B596B
:102B9000AB5CBB5CB65CBC5CB75CC55CBE5CC75C7C
:102BA000D95CE95CFD5CFA5CED5C8C5DEA5C0B5D1C
:102BB000155D175D5C5D1F5D1B5D115D145D225D24
:102BC0001A5D195D185D4C5D525D4E5D4B5D6C5D2F
:102BD000735D765D875D845D825DA25D9D5DAC5DAC
:102BE000AE5DBD5D905DB75DBC5DC95DCD5DD35D26
:102BF000D25DD65DDB5DEB5DF25DF55D0B5E1A5E71
:102C0000195E115E1B5E365E375E445E435E405E5B
:102C10004E5E575E545E5F5E625E645E475E755EEA
:102C2000765E7A5EBC9E7F5EA05EC15EC25EC85E5E
:102C3000D05ECF5ED65EE35EDD5EDA5EDB5EE25ED8
:102C4000E15EE85EE95EEC5EF15EF35EF05EF45E2E
:102C5000F85EFE5E035F095F5D5F5C5F0B5F115FA7
:102C6000165F295F2D5F385F415F485F4C5F4E5FA5
:102C70002F5F515F565F575F595F615F6D5F735F95
:102C8000775F835F825F7F5F8A5F885F915F875F27
:102C90009E5F995F985FA05FA85FAD5FBC5FD65FE6
:102CA000FB5FE45FF85FF15FDD5FB360FF5F2160B2
:102CB00060601960106029600E6031601B601560F3
:102CC0002B6026600F603A605A6041606A607760EE
:102CD0005F604A6046604D6063604360646042606C
:102CE0006C606B60596081608D60E76083609A60A2
:102CF00084609B60966097609260A7608B60E160E3
:102D0000B860E060D360B460F05FBD60C660B5607D
:102D1000D8604D6115610661F660F7600061F4608E
:102D2000FA6003612161FB60F1600D610E61476132
:102D30003E61286127614A613F613C612C613461D9
:102D40003D614261446173617761586159615A61C3
:102D50006B6174616F61656171615F615D61536138
:102D60007561996196618761AC6194619A618A61CC
:102D70009161AB61AE61CC61CA61C961F761C86143
:102D8000C361C661BA61CB61797FCD61E661E36100
:102D9000F661FA61F461FF61FD61FC61FE61006250
:102DA000086209620D620C6214621B621E6221627B
:102DB0002A622E6230623262336241624E625E6229
:102DC00063625B62606268627C62826289627E6268
:102DD000926293629662D46283629462D762D16295
:102DE000BB62CF62FF62C662D464C862DC62CC623E
:102DF000CA62C262C7629B62C9620C63EE62F16220
:102E0000276302630863EF62F56250633E634D63BC
:102E10001C644F6396638E638063AB637663A363C6
:102E20008F6389639F63B5636B636963BE63E963A3
:102E3000C063C663E363C963D263F663C4631664A5
:102E4000346406641364266436641D65176428645C
:102E50000F6467646F6476644E642A659564936456
:102E6000A564A9648864BC64DA64D264C564C76478
:102E7000BB64D864C264F164E7640982E064E1641D
:102E8000AC62E364EF642C65F664F464F264FA64A3
:102E90000065FD6418651C650565246523652B6563
:102EA000346535653765366538654B7548655665F3
:102EB00055654D6558655E655D65726578658265C9
:102EC00083658A8B9B659F65AB65B765C365C66582
:102ED000C165C465CC65D265DB65D965E065E16532
:102EE000F16572670A660366FB6573673566366669
:102EF00034661C664F664466496641665E665D667A
:102F00006466676668665F66626670668366886622
:102F10008E668966846698669D66C166B966C9666E
:102F2000BE66BC66C466B866D666DA66E0663F66AC
:102F3000E666E966F066F566F7660F6716671E6770
:102F40002667276738972E673F6736674167386778
:102F5000376746675E676067596763676467896755
:102F60007067A9677C676A678C678B67A667A167CC
:102F70008567B767EF67B467EC67B367E967B867FA
:102F8000E467DE67DD67E267EE67B967CE67C6674D
:102F9000E7679C6A1E684668296840684D68326821
:102FA0004E68B3682B685968636877687F689F6864
:102FB0008F68AD6894689D689B688368AE6AB968DD
:102FC0007468B568A068BA680F698D687E68016921
:102FD000CA680869D86822692669E1680C69CD6801
:102FE000D468E768D568366912690469D768E36808
:102FF0002569F968E068EF6828692A691A69236910
:103000002169C668796977695C6978696B6954690F
:103010007E696E69396974693D69596930696169A8
:103020005E695D6981696A69B269AE69D069BF69C3
:10303000C169D369BE69CE69E85BCA69DD69BB69EC
:10304000C369A7692E6A9169A0699C699569B46989
:10305000DE69E869026A1B6AFF690A6BF969F2694D
:10306000E769056AB1691E6AED69146AEB690A6A63
:10307000126AC16A236A136A446A0C6A726A366AFF
:10308000786A476A626A596A666A486A386A226A6E
:10309000906A8D6AA06A846AA26AA36A976A178690
:1030A000BB6AC36AC26AB86AB36AAC6ADE6AD16ACA
:1030B000DF6AAA6ADA6AEA6AFB6A056B1686FA6A46
:1030C000126B166B319B1F6B386B376BDC76396B71
:1030D000EE98476B436B496B506B596B546B5B6B52
:1030E0005F6B616B786B796B7F6B806B846B836BD1
:1030F0008D6B986B956B9E6BA46BAA6BAB6BAF6B78
:10310000B26BB16BB36BB76BBC6BC66BCB6BD36B7A
:10311000DF6BEC6BEB6BF36BEF6BBE9E086C136CB1
:10312000146C1B6C246C236C5E6C556C626C6A6C4A
:10313000826C8D6C9A6C816C9B6C7E6C686C736C11
:10314000926C906CC46CF16CD36CBD6CD76CC56C1C
:10315000DD6CAE6CB16CBE6CBA6CDB6CEF6CD96CB8
:10316000EA6C1F6D4D88366D2B6D3D6D386D196D98
:10317000356D336D126D0C6D636D936D646D5A6DAD
:10318000796D596D8E6D956DE46F856DF96D156E68
:103190000A6EB56DC76DE66DB86DC66DEC6DDE6D12
:1031A000CC6DE86DD26DC56DFA6DD96DE46DD56DE0
:1031B000EA6DEE6D2D6E6E6E2E6E196E726E5F6E16
:1031C0003E6E236E6B6E2B6E766E4D6E1F6E436E73
:1031D0003A6E4E6E246EFF6E1D6E386E826EAA6E53
:1031E000986EC96EB76ED36EBD6EAF6EC46EB26EA2
:1031F000D46ED56E8F6EA56EC26E9F6E416F116FCD
:103200004C70EC6EF86EFE6E3F6FF26E316FEF6ECB
:10321000326FCC6E3E6F136FF76E866F7A6F786F7A
:10322000816F806F6F6F5B6FF36F6D6F826F7C6FFD
:10323000586F8E6F916FC26F666FB36FA36FA16F80
:10324000A46FB96FC66FAA6FDF6FD56FEC6FD46FC5
:10325000D86FF16FEE6FDB6F09700B70FA6F117042
:1032600001700F70FE6F1B701A70746F1D701870F4
:103270001F7030703E703270517063709970927030
:10328000AF70F170AC70B870B370AE70DF70CB70AF
:10329000DD70D9700971FD701C71197165715571FE
:1032A0008871667162714C7156716C718F71FB71AE
:1032B00084719571A871AC71D771B971BE71D271F9
:1032C000C971D471CE71E071EC71E771F571FC7167
:1032D000F971FF710D7210721B7228722D722C72AF
:1032E000307232723B723C723F72407246724B7265
:1032F000587274727E728272817287729272967242
:10330000A272A772B972B272C372C672C472CE725E
:10331000D272E272E072E172F972F7720F501773B3
:103320000A731C7316731D7334732F7329732573FB
:103330003E734E734F73D89E57736A73687370737E
:10334000787375737B737A73C873B373CE73BB73FF
:10335000C073E573EE73DE73A27405746F74257425
:10336000F87332743A7455743F745F7459744174CD
:103370005C746974707463746A7476747E748B742C
:103380009E74A774CA74CF74D474F173E074E37438
:10339000E774E974EE74F274F074F174F874F7740D
:1033A0000475037505750C750E750D75157513751A
:1033B0001E7526752C753C7544754D754A75497595
:1033C0005B7546755A756975647567756B756D754E
:1033D000787576758675877574758A758975827541
:1033E00094759A759D75A575A375C275B375C375EA
:1033F000B575BD75B875BC75B175CD75CA75D27525
:10340000D975E375DE75FE75FF75FC750176F0758F
:10341000FA75F275F3750B760D7609761F762776B9
:103420002076217622762476347630763B7647767F
:10343000487646765C765876617662766876697606
:103440006A7667766C7670767276767678767C7643
:103450008076837688768B768E7696769376997656
:103460009A76B076B476B876B976BA76C276CD76F4
:10347000D676D276DE76E176E576E776EA762F8640
:10348000FB76087707770477297724771E772577E7
:1034900026771B773777387747775A7768776B7750
:1034A0005B7765777F777E7779778E778B77917784
:1034B000A0779E77B077B677B977BF77BC77BD77BF
:1034C000BB77C777CD77D777DA77DC77E377EE7797
:1034D000FC770C781278267920782A7945788E78CE
:1034E000747886787C789A788C78A378B578AA787E
:1034F000AF78D178C678CB78D478BE78BC78C578E8
:10350000CA78EC78E778DA78FD78F4780779127978
:10351000117919792C792B794079607957795F790C
:103520005A79557953797A797F798A799D79A7790A
:103530004B9FAA79AE79B379B979BA79C979D57936
:10354000E779EC79E179E379087A0D7A187A197AD2
:10355000207A1F7A8079317A3B7A3E7A377A437AB9
:10356000577A497A617A627A697A9D9F707A797A14
:103570007D7A887A977A957A987A967AA97AC87AAB
:10358000B07AB67AC57AC47ABF7A8390C77ACA7A93
:10359000CD7ACF7AD57AD37AD97ADA7ADD7AE17AA6
:1035A000E27AE67AED7AF07A027B0F7B0A7B067B81
:1035B000337B187B197B1E7B357B287B367B507BCE
:1035C0007A7B047B4D7B0B7B4C7B457B757B657BE2
:1035D000747B677B707B717B6C7B6E7B9D7B987B48
:1035E0009F7B8D7B9C7B9A7B8B7B927B8F7B5D7B98
:1035F000997BCB7BC17BCC7BCF7BB47BC67BDD7BDC
:10360000E97B117C147CE67BE57B607C007C077C9D
:10361000137CF37BF77B177C0D7CF67B237C277C6C
:103620002A7C1F7C377C2B7C3D7C4C7C437C547CEF
:103630004F7C407C507C587C5F7C647C567C657CF5
:103640006C7C757C837C907CA47CAD7CA27CAB7C08
:10365000A17CA87CB37CB27CB17CAE7CB97CBD7C07
:10366000C07CC57CC27CD87CD27CDC7CE27C3B9B71
:10367000EF7CF27CF47CF67CFA7C067D027D1C7D7E
:10368000157D0A7D457D4B7D2E7D327D3F7D357DCF
:10369000467D737D567D4E7D727D687D6E7D4F7D4E
:1036A000637D937D897D5B7D8F7D7D7D9B7DBA7DF7
:1036B000AE7DA37DB57DC77DBD7DAB7D3D7EA27D0D
:1036C000AF7DDC7DB87D9F7DB07DD87DDD7DE47DE7
:1036D000DE7DFB7DF27DE17D057E0A7E237E217EFF
:1036E000127E317E1F7E097E0B7E227E467E667EA6
:1036F0003B7E357E397E437E377E327E3A7E677EE4
:103700005D7E567E5E7E597E5A7E797E6A7E697EB9
:103710007C7E7B7E837ED57D7D7EAE8F7F7E887E28
:10372000897E8C7E927E907E937E947E967E8E7E27
:103730009B7E9C7E387F3A7F457F4C7F4D7F4E7FBE
:10374000507F517F557F547F587F5F7F607F687FB8
:10375000697F677F787F827F867F837F887F877F8F
:103760008C7F947F9E7F9D7F9A7FA37FAF7FB27F68
:10377000B97FAE7FB67FB87F718BC57FC67FCA7FAA
:10378000D57FD47FE17FE67FE97FF37FF97FDC9807
:10379000068004800B801280188019801C80218094
:1037A00028803F803B804A804680528058805A80E3
:1037B0005F8062806880738072807080768079809C
:1037C0007D807F808480868085809B8093809A80A6
:1037D000AD809051AC80DB80E580D980DD80C480F5
:1037E000DA80D6800981EF80F1801B8129812381D5
:1037F0002F814B818B9646813E8153815181FC8084
:1038000071816E81658166817481838188818A81FD
:1038100080818281A0819581A481A3815F81938130
:10382000A981B081B581BE81B881BD81C081C281CD
:10383000BA81C981CD81D181D981D881C881DA810C
:10384000DF81E081E781FA81FB81FE8101820282D2
:10385000058207820A820D821082168229822B82BB
:10386000388233824082598258825D825A825F82D6
:103870006482628268826A826B822E82718277821F
:1038800078827E828D829282AB829F82BB82AC8262
:10389000E182E382DF82D282F482F382FA8293832E
:1038A0000383FB82F982DE820683DC820983D9826C
:1038B0003583348316833283318340833983508345
:1038C00045832F832B831783188385839A83AA8349
:1038D0009F83A283968323838E8387838A837C83BB
:1038E000B58373837583A0838983A883F48313844A
:1038F000EB83CE83FD830384D8830B84C183F7835A
:103900000784E083F2830D8422842084BD8338847D
:103910000685FB836D842A843C845A85848477845D
:103920006B84AD846E848284698446842C846F8425
:1039300079843584CA846284B984BF849F84D9849D
:10394000CD84BB84DA84D084C184C684D684A18427
:103950002185FF84F484178518852C851F8515859E
:103960001485FC8440856385588548854185028699
:103970004B8555858085A485888591858A85A88510
:103980006D8594859B85EA8587859C8577857E8571
:103990009085C985BA85CF85B985D085D585DD85E2
:1039A000E585DC85F9850A8613860B86FE85FA8512
:1039B000068622861A8630863F864D86554E548668
:1039C0005F86678671869386A386A986AA868B867C
:1039D0008C86B686AF86C486C686B086C98623889E
:1039E000AB86D486DE86E986EC86DF86DB86EF86CC
:1039F00012870687088700870387FB861187098758
:103A00000D87F9860A8734873F8737873B87258765
:103A100029871A8760875F8778874C874E877487E6
:103A2000578768876E875987538763876A870588B2
:103A3000A2879F878287AF87CB87BD87C087D087C4
:103A4000D696AB87C487B387C787C687BB87EF8700
:103A5000F287E0870F880D88FE87F687F7870E8844
:103A6000D28711881688158822882188318836885F
:103A7000398827883B8844884288528859885E88DC
:103A800062886B8881887E889E8875887D88B588E5
:103A90007288828897889288AE889988A2888D8853
:103AA000A488B088BF88B188C388C488D488D888DF
:103AB000D988DD88F9880289FC88F488E888F2884A
:103AC00004890C890A89138943891E8925892A89D1
:103AD0002B89418944893B89368938894C891D89DC
:103AE00060895E89668964896D896A896F8974894C
:103AF00077897E89838988898A8993899889A18928
:103B0000A989A689AC89AF89B289BA89BD89BF89DB
:103B1000C089DA89DC89DD89E789F489F889038A33
:103B2000168A108A0C8A1B8A1D8A258A368A418A3F
:103B30005B8A528A468A488A7C8A6D8A6C8A628A43
:103B4000858A828A848AA88AA18A918AA58AA68A75
:103B50009A8AA38AC48ACD8AC28ADA8AEB8AF38ACD
:103B6000E78AE48AF18A148BE08AE28AF78ADE8A9D
:103B7000DB8A0C8B078B1A8BE18A168B108B178BC9
:103B8000208B338BAB97268B2B8B3E8B288B418BDB
:103B90004C8B4F8B4E8B498B568B5B8B5A8B6B8B25
:103BA0005F8B6C8B6F8B748B7D8B808B8C8B8E8BF8
:103BB000928B938B968B998B9A8B3A8C418C3F8C02
:103BC000488C4C8C4E8C508C558C628C6C8C788CC8
:103BD0007A8C828C898C858C8A8C8D8C8E8C948C42
:103BE0007C8C988C1D62AD8CAA8CBD8CB28CB38CF5
:103BF000AE8CB68CC88CC18CE48CE38CDA8CFD8CDA
:103C0000FA8CFB8C048D058D0A8D078D0F8D0D8D23
:103C1000108D4E9F138DCD8C148D168D678D6D8DEF
:103C2000718D738D818D998DC28DBE8DBA8DCF8D25
:103C3000DA8DD68DCC8DDB8DCB8DEA8DEB8DDF8D46
:103C4000E38DFC8D088E098EFF8D1D8E1E8E108ECD
:103C50001F8E428E358E308E348E4A8E478E498E20
:103C60004C8E508E488E598E648E608E2A8E638E56
:103C7000558E768E728E7C8E818E878E858E848E0A
:103C80008B8E8A8E938E918E948E998EAA8EA18E13
:103C9000AC8EB08EC68EB18EBE8EC58EC88ECB8ECB
:103CA000DB8EE38EFC8EFB8EEB8EFE8E0A8F058FF5
:103CB000158F128F198F138F1C8F1F8F1B8F0C8FD7
:103CC000268F338F3B8F398F458F428F3E8F4C8F9E
:103CD000498F468F4E8F578F5C8F628F638F648FB3
:103CE0009C8F9F8FA38FAD8FAF8FB78FDA8FE58FAC
:103CF000E28FEA8FEF8F8790F48F0590F98FFA8F1C
:103D00001190159021900D901E9016900B90279079
:103D1000369035903990F88F4F9050905190529046
:103D20000E9049903E90569058905E9068906F909B
:103D30007690A896729082907D90819080908A90E3
:103D400089908F90A890AF90B190B590E290E49058
:103D50004862DB90029112911991329130914A910F
:103D600056915891639165916991739172918B917C
:103D700089918291A291AB91AF91AA91B591B491A1
:103D8000BA91C091C191C991CB91D091D691DF9157
:103D9000E191DB91FC91F591F6911E92FF911492C5
:103DA0002C92159211925E9257924592499264928A
:103DB000489295923F924B9250929C9296929392F7
:103DC0009B925A92CF92B992B792E9920F93FA923C
:103DD00044932E93199322931A9323933A933593F2
:103DE0003B935C9360937C936E935693B093AC93A8
:103DF000AD939493B993D693D793E893E593D893DF
:103E0000C393DD93D093C893E4931A9414941394BA
:103E100003940794109436942B94359421943A94F7
:103E20004194529444945B94609462945E946A9436
:103E300029927094759477947D945A947C947E948E
:103E400081947F94829587958A9594959695989577
:103E50009995A095A895A795AD95BC95BB95B99555
:103E6000BE95CA95F66FC395CD95CC95D595D4954D
:103E7000D695DC95E195E595E295219628962E96C6
:103E80002F9642964C964F964B9677965C965E96FA
:103E90005D965F96669672966C968D9698969596B8
:103EA0009796AA96A796B196B296B096B496B696FD
:103EB000B896B996CE96CB96C996CD964D89DC9696
:103EC0000D97D596F99604970697089713970E972E
:103ED00011970F971697199724972A973097399724
:103EE0003D973E97449746974897429749975C97E6
:103EF0006097649766976897D2526B977197799796
:103F000085977C9781977A9786978B978F979097CD
:103F10009C97A897A697A397B397B497C397C6976C
:103F2000C897CB97DC97ED974F9FF297DF7AF6977C
:103F3000F5970F980C9838982498219837983D98C1
:103F400046984F984B986B986F98709871987498A2
:103F50007398AA98AF98B198B698C498C398C69821
:103F6000E998EB980399099912991499189921994C
:103F70001D991E99249920992C992E993D993E9925
:103F800042994999459950994B99519952994C990F
:103F9000559997999899A599AD99AE99BC99DF993A
:103FA000DB99DD99D899D199ED99EE99F199F2992A
:103FB000FB99F899019A0F9A059AE299199A2B9A06
:103FC000379A459A429A409A439A3E9A559A4D9A00
:103FD0005B9A579A5F9A629A659A649A699A6B9A01
:103FE0006A9AAD9AB09ABC9AC09ACF9AD19AD39A4B
:103FF000D49ADE9ADF9AE29AE39AE69AEF9AEB9ADB
:10400000EE9AF49AF19AF79AFB9A069B189B1A9BE0
:104010001F9B229B239B259B279B289B299B2A9B9D
:104020002E9B2F9B329B449B439B4F9B4D9B4E9BB8
:10403000519B589B749B939B839B919B969B979BB7
:104040009F9BA09BA89BB49BC09BCA9BB99BC69BF4
:10405000CF9BD19BD29BE39BE29BE49BD49BE19BB8
:104060003A9CF29BF19BF09B159C149C099C139C21
:104070000C9C069C089C129C0A9C049C2E9C1B9CDD
:10408000259C249C219C309C479C329C469C3E9CB9
:104090005A9C609C679C769C789CE79CEC9CF09C6E
:1040A000099D089DEB9C039D069D2A9D269DAF9D25
:1040B000239D1F9D449D159D129D419D3F9D3E9DAD
:1040C000469D489D5D9D5E9D649D519D509D599D61
:1040D000729D899D879DAB9D6F9D7A9D9A9DA49DA4
:1040E000A99DB29DC49DC19DBB9DB89DBA9DC69D15
:1040F000CF9DC29DD99DD39DF89DE69DED9DEF9DE1
:10410000FD9D1A9E1B9E1E9E759E799E7D9E819E84
:10411000889E8B9E8C9E929E959E919E9D9EA59E16
:10412000A99EB89EAA9EAD9E6197CC9ECE9ECF9E24
:10413000D09ED49EDC9EDE9EDD9EE09EE59EE89EA7
:10414000EF9EF49EF69EF79EF99EFB9EFC9EFD9EC2
:10415000079F089FB776159F219F2C9F3E9F4A9FE0
:10416000529F549F639F5F9F609F619F669F679F61
:104170006C9F6A9F779F729F769F959F9C9FA09F41
:104180002F58C76959906474DC5199719C4E16552B
:10419000035A3F96C0541B612863F65922907584D8
:1041A0001C83507AAA60E163256EED656684A68261
:1041B000F59B93682757A16571629B5BD0597B86FD
:1041C000F498627DBE7D8E9B16629F7CB788895B6A
:1041D000B55E096397664868C7958D974F67E54E4A
:1041E0000A4F4D4F9D4F4950F2563759D459015AF5
:1041F000095CDF600F61706113660569BA704F7505
:104200007075FB79AD7DEF7DC3800E846388028B72
:1042100055907A903B53954EA54EDF57B280C19092
:10422000EF78004EF158A26E3890327A28838B8254
:104230002F9C41517053BD54E154E056FB59155F1A
:10424000F298EB6DE4802D8562967096A096FB97B0
:104250000B54F353875BCF70BD7FC28FE8966F53CB
:104260005C9DBA7A114E9378FC81266E18560455DF
:104270001D6B1A853B9CE559A953666DDC748F95BF
:104280004256914E4B90F2964F830C99E153B6559E
:10429000305B715F2066F3660468386CF36C296DDF
:1042A0005B74C8764E7A3498F1825B88608AED92AE
:1042B000B26DAB75CA76C599A660018B8A8DB29531
:1042C0008E69AD538651125730584459B45BF65E2F
:1042D0002860A963F463BF6C146F8E7014715971F8
:1042E000D5713F73017E7682D182978560905B9213
:1042F0001B9D6958BC655A6C2575F9512E59655935
:10430000805FDC5FBC62FA652A6A276BB46B8B73D3
:10431000C17F56892C9D0E9DC49EA15C966C7B83AB
:1043200004514B5CB661C68176686172594EFA4F92
:1043300078536960296E4F7AF3970B4E1653EE4E01
:10434000554F3D4FA14F734FA052EF5309560F5990
:10435000C15AB65BE15BD17987669C67B6674C6BE7
:10436000B36C6B70C2738D79BE793C7A877BB182F6
:10437000DB8204837783EF83D3836687B28A2956EF
:10438000A88CE68F4E901E978A86C44FE85C116217
:1043900059723B75E581BD82FE86C08CC596139926
:1043A000D599CB4E1A4FE389DE564A58CA58FB5E60
:1043B000EB5F2A6094606260D0611262D0623965FE
:1043C000419B6666B068776D70704C758676757DBA
:1043D000A582F9878B958E969D8CF151BE52165908
:1043E000B354B35B165D68618269AF6D8D78CB8421
:1043F0005788728AA793B89A6C6DA899D986A357E3
:10440000FF67CE860E92835287560454D35EE162D4
:10441000B9643C683868BB6B7273BA786B7A9A89F6
:10442000D2896B8D038FED90A39594966997665B07
:10443000B35C7D694D984E989B63207B2B6A7F6AA5
:10444000B6680D9C5F6F72529D557060EC623B6D5B
:10445000076ED16E5B841089448F144E399CF653DD
:104460001B693A6A84972A685C51C37AB284DC91EA
:104470008C935B56289D226805833184A57C085265
:10448000C582E6747E4E834FA051D25B0A52D85249
:10449000E752FB5D9A552A58E6598C5B985BDB5BCB
:1044A000725E795EA3601F616361BE61DB636265FA
:1044B000D1675368FA683E6B536B576C226F976FE6
:1044C000456FB0741875E3760B77FF7AA17B217C7A
:1044D000E97D367FF07F9D8066829E83B389CC8A9A
:1044E000AB8C8490519493959195A2956596D397B2
:1044F00028991882384E2B54B85CCC5DA9734C7641
:104500003C77A95CEB7F0B8DC19611985498589815
:10451000014F0E4F71539C556856FA574759095B26
:10452000C45B905C0C5E7E5ECC5FEE633A67D765E1
:10453000E2651F67CB68C4685F6A305EC56B176C45
:104540007D6C7F754879635B007A007DBD5F8F89E4
:10455000188AB48C778DCC8E1D8FE2980E9A3C9B76
:10456000804E7D50005193599C5B2F628062EC64B9
:104570003A6BA07291754779A97FFB87BC8A708BD3
:10458000AC63CA83A09709540354AB555468586A66
:10459000708A27787567CD9E7453A25B1A81508606
:1045A0000690184E454EC74E114FCA533854AE5B55
:1045B000135F256051653D67426C726CE36C7870E7
:1045C0000374767AAE7A087B1A7DFE7C667DE76599
:1045D0005B72BB53455CE85DD262E0621963206E9A
:1045E0005A86318ADD8DF892016FA6795A9BA84EC2
:1045F000AB4EAC4E9B4FA04FD1504751F67A715104
:10460000F651545321537F53EB53AC558358E15C1F
:10461000375F4A5F2F6050606D601F6359654B6A5A
:10462000C16CC272ED72EF77F880058108824E8509
:10463000F790E193FF9757995A9AF04EDD512D5C10
:1046400081666D69405CF266756989735068817C2A
:10465000C550E4524757FE5D2693A465236B3D6B1E
:1046600034748179BD794B7BCA7DB982CC837F88D4
:104670005F89398BD18FD1911F5480925D4E365016
:10468000E5533A53D7729673E977E682AF8EC699AF
:10469000C899D29977511A615E86B0557A7A765068
:1046A000D35B47908596324EDB6AE791515C485C5C
:1046B00098639F7A936C7497618FAA7A8A718896AF
:1046C000827C1768707E51686C93F2521B54AB85E4
:1046D000138AA47FCD8EE190665388884179C24FBA
:1046E000BE501152445153552D57EA738B575159AF
:1046F000625F845F756076616761A961B2633A64E5
:104700006C656F664268136E66753D7AFB7C4C7D06
:10471000997D4B7E6B7F0E834A83CD86088A638AA0
:10472000668BFD8E1A988F9DB882CE8FE89B87523C
:104730001F628364C06F999641689150206B7A6CB8
:10474000546F747A507D4088238A0867F64E39503A
:10475000265065507C5138526352A7550F57055863
:10476000CC5AFA5EB261F861F36272631C69296A1D
:104770007D72AC722E7314786F78797D0C77A98076
:104780008B89198BE28CD28E639075937A965598AB
:10479000139A789E43519F53B3537B5E265F1B6EE3
:1047A000906E8473FE73437D3782008AFA8A509636
:1047B0004E4E0B50E4537C54FA56D159645BF15D74
:1047C000AB5E275F38624565AF67566ED072CA7CB4
:1047D000B488A180E180F0834E86878AE88D379285
:1047E000C7966798139F944E924E0D4F4853495465
:1047F0003E542F5A8C5FA15F9F60A7688E6A5A74DF
:1048000081789E8AA48A778B90915E4EC99BA44E34
:104810007C4FAF4F1950165049516C519F52B952AD
:10482000FE529A53E35311540E5489555157A257CF
:104830007D59545B5D5B8F5BE55DE75DF75D785EA1
:10484000835E9A5EB75E185F52604C619762D86271
:10485000A7633B6502664366F4666D6721689768E7
:10486000CB695F6C2A6D696D2F6E9D6E3275877690
:104870006C783F7AE07C057D187D5E7DB17D15808A
:104880000380AF80B18054818F812A8252834C880B
:1048900061881B8BA28CFC8CCA90759171923F78B9
:1048A000FC92A4954D9605989999D89A3B9D5B5298
:1048B000AB52F7530854D558F762E06F6A8C5F8F9C
:1048C000B99E4B513B524A54FD56407A7791609DB8
:1048D000D29E4473096F70811175FD5FDA60A89AEA
:1048E000DB72BC8F646B0398CA4EF0566457BE5897
:1048F0005A5A6860C7610F6606663968B168F76D15
:10490000D5753A7D6E82429B9B4E504FC9530655DA
:104910006F5DE65DEE5DFB67996C73740278508A9B
:104920009693DF885057A75E2B63B550AC508D51DE
:104930000067C9545E58BB59B05B695F4D62A163A3
:104940003D68736B086E7D70C7918072157826780C
:104950006D798E65307DDC83C188098F9B966452AA
:10496000285750676A7FA18CB45142572A963A580B
:104970008A69B480B2540E5DFC579578FA9D5C4FFD
:104980004A528B543E6428661467F567847A567BD6
:10499000227D2F935C68AD9B397B19538A51375226
:1049A000DF5BF662AE64E6642D67BA6BA985D196CB
:1049B0009076D69B4C630693AB9BBF765266094EAE
:1049C0009850C253715CE860926463655F68E671F9
:1049D000CA732375977B827E9586838BDB8C789157
:1049E0001099AC65AB668B6BD54ED44E3A4F7F4F6A
:1049F0003A52F853F253E355DB56EB58CB59C959A9
:104A0000FF59505B4D5C025E2B5ED75F1D600763F4
:104A10002F655C5BAF65BD65E8659D67626B7B6B11
:104A20000F6C45734979C179F87C197D2B7DA28083
:104A30000281F38196895E8A698A668A8C8AEE8A07
:104A4000C78CDC8CCC96FC986F6B8B4E3C4F8D4F9B
:104A50005051575BFA5B486101634266216BCB6E34
:104A6000BB6C3E72BD74D475C1783A790C803380CA
:104A7000EA8194849E8F506C7F9E0F5F588B2B9D94
:104A8000FA7AF88E8D5BEB96034EF153F757315956
:104A9000C95AA45B89607F6E066FBE75EA8C9F5B06
:104AA0000085E07B7250F4679D82615C4A851E7EC2
:104AB0000E829951045C6863668D9C656E713E79C7
:104AC000177D05801D8BCA8E6E90C786AA901F50D9
:104AD000FA523A5C53677C7035724C91C8912B93B3
:104AE000E582C25B315FF9603B4ED653885B4B6217
:104AF00031678A6BE972E0732E7A6B81A38D5291D4
:104B000096991251D7536A54FF5B8863396AAC7D1A
:104B10000097DA56CE536854975B315CDE5DEE4FFA
:104B20000161FE62326DC079CB79427D4D7ED27FCC
:104B3000ED811F82908446887289908B748E2F8FAE
:104B400031904B916C91C6969C91C04E4F4F455100
:104B50004153935F0E62D467416C0B6E6373267E84
:104B6000CD918392D4531959BF5BD16D5D792E7E5F
:104B70009B7C7E589F71FA515388F08FCA4FFB5C23
:104B80002566AC77E37A1C82FF99C651AA5FEC6573
:104B90006F69896BF36D966E646FFE76147DE15DCF
:104BA000759087910698E6511D5240629166D966CC
:104BB0001A6EB65ED27D727FF866AF85F785F88A89
:104BC000A952D95373598F5E905F5560E4926496F1
:104BD000B7501F51DD5220534753EC53E85446550C
:104BE000315517566859BE593C5AB55B065C0F5C87
:104BF000115C1A5C845E8A5EE05E705F7F62846234
:104C0000DB628C63776307660C662D6676667E676B
:104C1000A2681F6A356ABC6C886D096E586E3C715B
:104C200026716771C77501775D7801796579F079CB
:104C3000E07A117BA77C397D9680D6838B84498569
:104C40005D88F3881F8A3C8A548A738A618CDE8C63
:104C5000A49166927E9318949C9698970A4E084E5B
:104C60001E4E574E97517052CE573458CC58225B37
:104C7000385EC560FE6461675667446DB6727375D1
:104C8000637AB884728BB89120933156F457FE98AA
:104C9000ED620D69966BED71547E77807282E689C4
:104CA000DF985587B18F3B5C384FE14FB54F0755C3
:104CB000205ADD5BE95BC35F4E612F63B0654B66D5
:104CC000EE689B69786DF16D3375B9751F775E7904
:104CD000E679337DE381AF82AA85AA893A8AAB8ED1
:104CE0009B8F3290DD910797BA4EC14E0352755893
:104CF000EC580B5C1A753D5C4E810A8AC58F639631
:104D00006D97257BCF8A08986291F356A853179028
:104D100039548257255EA863346C8A7061778B7C26
:104D2000E07F708842905491109318938F965E7430
:104D3000C49A075D695D7065A267A88DDB966E6396
:104D400049671969C5831798C096FE88846F7A648D
:104D5000F85B164E2C705D752F66C4513652E252C8
:104D6000D359815F276010623F6574651F66746662
:104D7000F2681668636B056E72721F75DB76BE7C17
:104D80005680F058FD887F89A08A938ACB8A1D902F
:104D900092915297599789650E7A0681BB962D5E3E
:104DA000DC601A62A56514669067F3774D7A4D7CD6
:104DB0003E7E0A81AC8C648DE18D5F8EA9780752AE
:104DC000D962A563426498622D8A837AC07BAC8ADB
:104DD000EA96767D0C824987D94E485143536053F9
:104DE000A35B025C165CDD5D26624762B0641368FB
:104DF0003468C96C456D176DD3675C6F4E717D71FA
:104E0000CB657F7AAD7BDA7D4A7EA87F7A811B8273
:104E10003982A6856E8ACE8CF58D78907790AD928A
:104E200091928395AE9B4D528455386F367168517F
:104E30008579557EB381CE7C4C565158A85CAA63C7
:104E4000FE66FD665A69D9728F758E750E79567930
:104E5000DF79977C207D447D0786348A3B9661907C
:104E6000209FE7507552CC53E2530950AA55EE5893
:104E70004F593D728B5B645C1D53E360F3605C6370
:104E800083633F63BB63CD64E965F966E35DCD6928
:104E9000FD69156FE571894EE975F876937ADF7CC7
:104EA000CF7D9C7D6180498358836C84BC84FB8565
:104EB000C588708D01906D9097931C97129ACF5072
:104EC00097588E61D3813585088D2090C34F7450DB
:104ED000475273536F6049635F672C6EB38D1F90A9
:104EE000D74F5E5CCA8CCF659A7D525396887651B7
:104EF000C363585B6B5B0A5C0D6451675C90D64E74
:104F00001A592A59706C518A3E551558A559F060A6
:104F10005362C167358255694096C499289A534FA8
:104F20000658FE5B1080B15C2F5E855F20604B6190
:104F30003462FF66F06CDE6ECE807F81D4828B8817
:104F4000B88C00902E908A96DB9EDB9BE34EF0534C
:104F500027592C7B8D914C98F99DDD6E277053530A
:104F60004455855B58629E62D362A26CEF6F2274D7
:104F7000178A3894C16FFE8A3883E751F886EA535E
:104F8000E953464F5490B08F6A593181FD5DEA7AFA
:104F9000BF8FDA68378CF872489C3D6AB08A394E08
:104FA000585306566657C562A263E6654E6BE16DBF
:104FB0005B6EAD70ED77EF7AAA7BBB7D3D80C680DE
:104FC000CB86958A5B93E356C7583E5FAD65966680
:104FD000806AB56B3775C78A2450E57730571B5FF9
:104FE00065607A66606CF4751A7A6E7FF481188752
:104FF0004590B399C97B5C75F97A517BC484109054
:10500000E979927A3683E15A40772D4EF24E995BD8
:10501000E05FBD623C66F167E86C6B8677883B8A2F
:105020004E91F392D099176A26702A73E7825784BB
:10503000AF8C014E4651CB518B55F55B165E335EFE
:10504000815E145F355F6B5FB45FF2611163A266CE
:105050001D676E6F52723A753A7774803981788124
:105060007687BF8ADC8A858DF38D9A927795029830
:10507000E59CC5525763F4761567886CCD73C38C75
:10508000AE937396256D9C580E69CC69FD8F9A93EB
:10509000DB751A905A580268B463FB69434F2C6F52
:1050A000D867BB8F2685B47D54933F69706F6A576C
:1050B000F7582C5B2C7D2A720A54E391B49DAD4EB7
:1050C0004E4F5C50755043529E8C485424589A5B06
:1050D0001D5E955EAD5EF75E1F5F8C60B5623A63E4
:1050E000D063AF68406C87788E790B7AE07D478219
:1050F000028AE68A448E1390B8902D91D8910E9F23
:10510000E56C5864E2647565F46E84761B7B699087
:10511000D193BA6EF254B95FA4644D8FED8F44926F
:1051200078516B582959555C975EFB6D8F7E1C75C5
:10513000BC8CE28E5B98B9701D4FBF6BB16F307540
:10514000FB964E51105435585758AC59605C925FDD
:1051500097655C67216E7B76DF83ED8C1490FD9004
:105160004D9325783A78AA52A65E1F57745912605B
:1051700012505A51AC51CD510052105554585858F4
:105180005759955BF65C8B5DBC6095622D647167C9
:105190004368BC68DF68D776D86D6F6E9B6D6F70A3
:1051A000C871535FD8757779497B547B527BD67C25
:1051B000717D305263846985E4850E8A048B468C48
:1051C0000F8E03900F90199476962D98309AD8955B
:1051D000CD50D5520C5402580E5CA7619E641E6DD2
:1051E000B377E57AF480048453908592E05C079D60
:1051F0003F53975FB35F9C6D79726377BF79E47BB0
:10520000D26BEC72AD8A0368616AF851817A3469B5
:105210004A5CF69CEB82C55B49911E7078566F5CC8
:10522000C76066658C6C5A8C419013985154C76660
:105230000D924859A39085514D4EEA5199850E8B98
:1052400058707A634B936269B499047E77755753AB
:105250006069DF8EE3965D6C8C4E3C5C105FE98F7D
:105260000253D18C89807986FF5EE565734E655166
:1052700082593F5CEE97FB4E8A59CD5F8D8AE16F74
:10528000B0796279E75B71842B73B171745EF55FFD
:105290007B639A64C371987C434EFC5E4B4EDC5733
:1052A000A256A960C36F0D7DFD803381BF81B28F8F
:1052B0009789A486F45D8A62AD6487897767E26C1A
:1052C0003E6D36743478465A757FAD82AC99F34F93
:1052D000C35EDD62926357656F67C3764C72CC80A4
:1052E000BA80298F4D910D50F957925A856873698C
:1052F0006471FD72B78CF258E08C6A9619907F87C2
:10530000E479E77729842F4F65525A53CD62CF67EE
:10531000CA6C7D76947B957C36828485EB8FDD66C6
:10532000206F06721B7EAB83C199A69EFD51B17B97
:105330007278B87B8780487BE86A615E8C805175A3
:1053400060756B5162928C6E7A769791EA9A104FE3
:10535000707F9C624F7BA595E99C7A565958E486EC
:10536000BC96344F24524A53CD53DB53065E2C6413
:1053700091657F673E6C4E6C4872AF72ED735475E9
:10538000417E2C82E985A98CC47BC69169711298F3
:10539000EF983D6369666A75E476D0784385EE865A
:1053A0002A53515326548359875E7C5FB260496209
:1053B0007962AB629065D46BCC6CB275AE76917845
:1053C000D879CB7D777FA580AB88B98ABB8C7F905D
:1053D0005E97DB980B6A387C99503E5CAE5F8767BE
:1053E000D86B357409778E7F3B9FCA67177A39531C
:1053F0008B75ED9A665F9D81F18398803C5FC55FF8
:105400006275467B3C906768EB599B5A107D7E76AF
:105410002C8BF54F6A5F196A376C026FE2746879FA
:105420006888558A798CDF5ECF63C575D279D7825B
:105430002893F2929C84ED862D9CC1546C5F8C6500
:105440005C6D1570A78CD38C3B984F65F6740D4E30
:10545000D84EE0572B59665ACC5BA851035E9C5E30
:10546000166076627765A7656E666E6D3672267B0E
:1054700050819A8199825C8BA08CE68C748D1C96ED
:105480004496AE4FAB64666B1E8261846A85E89079
:10549000015C5369A8987A8457850F4F6F52A95FB2
:1054A000455E0D678F79798107898689F56D175F6C
:1054B0005562B86CCF4E6972929B06523B5474563B
:1054C000B358A4616E621A716E59897CDE7C1B7DB3
:1054D000F09687655E80194E754F75514058635E32
:1054E000735E0A5FC467264E3D8589955B96737C23
:1054F0000198FB50C1585676A7782552A57711859B
:10550000867B4F5009594772C77BE87DBA8FD48F8D
:105510004D90BF4FC952295A015FAD97DD4F178299
:10552000EA9203575563696B2B75DC88148F427AB6
:10553000DF52935855610A62AE66CD6B3F7CE983BA
:105540002350F84F05534654315849599D5BF05C40
:10555000EF5C295D965EB16267633E65B9650B6776
:10556000D56CE16CF97032782B7EDE80B3820C84CE
:10557000EC84028712892A8A4A8CA690D292FD98DE
:10558000F39C6C9D4F4EA14E8D5056524A57A859D0
:105590003D5ED85FD95F3F62B4661B67D067D26853
:1055A0009251217DAA80A881008B8C8CBF8C7E9229
:1055B000329620542C981753D5505C53A858B26497
:1055C000346767726677467AE691C352A16C866B40
:1055D00000584C5E54592C67FB7FE151C6766964D4
:1055E000E878549BBB9ECB57B95927669A67CE6B18
:1055F000E954D969555E9C819567AA9BFE67529CC8
:105600005D68A64EE34FC853B9622B67AB6CC48F7D
:10561000AD4F6D7EBF9E074E6261806E2B6F13850E
:1056200073542A67459BF35D957BAC5CC65B1C8716
:105630004A6ED184147A088199598D7C116C207737
:10564000D952225921715F72DB772797619D0B69CF
:105650007F5A185AA5510D547D540E66DF76F78F88
:105660009892F49CEA595D72C56E4D51C968BF7D30
:10567000EC7D6297BA9E7864216A028384595F5BED
:10568000DB6B1B73F276B27D1780998432512867E9
:10569000D99EEE766267FF520599245C3B627E7C60
:1056A000B08C4F55B6600B7D809501535F4EB6515F
:1056B0001C593A723680CE91255FE2778453795F28
:1056C000047DAC85338A8D8E5697F367AE855394EF
:1056D00009610861B96C5276ED8A388F2F55514FA8
:1056E0002A51C752CB53A55B7D5EA0608261D66311
:1056F0000967DA67676E8C6D367337733175507969
:10570000D588988A4A909190F590C4968D871559BE
:10571000884E594F0E4E898A3F8F1098AD507C5E4F
:105720009659B95BB85EDA63FA63C164DC664A69AC
:10573000D8690B6DB66E94712875AF7A8A7F008038
:105740004984C9848189218B0A8E65907D960A9946
:105750007E619162326B836C746DCC7FFC7FC06D17
:10576000857FBA87F8886567B1833C98F7961B6D8B
:10577000617D3D846A91714E7553505D046BEB6F92
:10578000CD852D86A78929520F54655C4E67A86880
:1057900006748374E275CF88E188CC91E29678969E
:1057A0008B5F8773CB7A4E84A06365758952416D98
:1057B0009C6E097459756B78927C8696DC7A8D9F05
:1057C000B64F6E61C5655C86864EAE4EDA50214E90
:1057D000CC51EE5B99658168BC6D1F734276AD77E5
:1057E0001C7AE77C6F82D28A7C90CF91759618984C
:1057F0009B52D17D2B5098539767CB6DD0713374EA
:10580000E8812A8FA396579C9F9E60744158996D9A
:105810002F7D5E98E44E364F8B4FB751B152BA5D33
:105820001C60B2733C79D3823492B796F6960A978D
:10583000979E629FA666746B1752A352C870C28867
:10584000C95E4B609061236F49713E7CF47D6F802F
:10585000EE8423902C9342546F9BD36A8970C28C40
:10586000EF8D3297B452415ACA5E045F17677C6964
:1058700094696A6D0F6F6272FC72ED7B01807E80AD
:105880004B87CE906D51939E84798B803293D68ACC
:105890002D508C54718A6A6BC48C0781D160A067CB
:1058A000F29D994E984E109C6B8AC185688500695F
:1058B0007E6E977855810000002502250C25102565
:1058C000182514251C252C25242534253C250125A7
:1058D00003250F2513251B251725232533252B25C8
:1058E0003B254B2520252F25282537253F251D2500
:1058F00030252525382542251004110412041304EF
:1059000014041504010416041704180419041A04D5
:105910001B041C041D041E041F0420042104220473
:1059200023042404250426042704280429042A0423
:105930002B042C042D042E042F0400000000000072
:105940000000000000000000000000000000000057
:105950000000000000000000300431043204330471
:1059600034043504510436043704380439043A0445
:105970003B043C043D043E043F0440044104420413
:1059800043044404450446044704480449044A04C3
:105990004B044C044D044E044F0400009103920349
:1059A00093039403950396039703980399039A032B
:1059B0009B039C039D039E039F03A003A103A303DA
:1059C000A403A503A603A703A803A90300000000DE
:1059D000000000000000000000000000B103B2035E
:1059E000B303B403B503B603B703B803B903BA03EB
:1059F000BB03BC03BD03BE03BF03C003C103C3039A
:105A0000C403C503C603C703C803C90300000000DD
:105A10000000000000000000000000010101010181
:105A2000010101010100000000000000010101016D
:105A30000101010101010101010101010101010156
:105A4000010101010101000000000000000101014D
:105A50000101010101010101010101010101010136
:105A60000101010101010100C625A125A025B325E1
:105A7000B225BD25BC253B201230922190219121D9
:105A8000932113300000000000000000000000001F
:105A90000000000000000000000008220B22862207
:105AA0008722822283222A2229220000000000006D
:105AB0000000000000000000000027222822AC00A7
:105AC000D221D4210022032229220000000000005C
:105AD0000000000000000000000000000000202284
:105AE000A522122302220722612252226A226B225D
:105AF0001A223D221D2235222B222C2200000000DA
:105B0000000000000000000000002B2130206F2664
:105B10006D266A2620202120B6002C2200000000DD
:105B20000000EF250030013002300CFF0EFFFB308B
:105B30001AFF1BFF1FFF01FF9B309C30B40040FF8A
:105B4000A8003EFF3E203FFFFD30FE309D309E30DE
:105B50000330DD4E053006300730FC3014201020B5
:105B60000FFF3CFF1C3016205CFF2620252018204C
:105B700019201C201D2008FF09FF143015303BFFA1
:105B80003DFF5BFF5DFF083009300A300B300C3001
:105B90000D300E300F30103011300BFF1222B100DB
:105BA000D700F7001DFF60221CFF1EFF6622672240
:105BB0001E22342242264026B00032203320032108
:105BC000A50004FFA200A30005FF03FF06FF0AFFD4
:105BD00020FFA70006260526CB25CF25CE25C725E5
:105BE0000A0001000200030004000500060007008F
:105BF000080009000A000B000C000D000E000F0049
:105C00001000000030303030303030303030303044
:105C10003030303020202020202020202020202044
:105C200020202020000000000000000000000000F4
:105C30000000000000000000000000000000000064
:105C40000000000000000000000000000000000054
:105C50000000000010111213141516171819000077
:105C600000000000001A1B1C1D1E1F000000000089
:105C70000000000000000000000000000000000024
:105C800000000000001A1B1C1D1E1F000000000069
:105C90000000000000000000000000000000000004
:105CA00000000000000000000000000000000000F4
:105CB00000000000000000000000000000000000E4
:105CC00000000000000000000000000000000000D4
:105CD00000000000000000000000000000000000C4
:105CE00000000000000000000000000000000000B4
:105CF00000000000000000000000000000000000A4
:105D00000000000000000000000000000000000093
:105D10000000000000000000000000000000000083
:105D200000000000000000001F001C200000000018
:105D300014210000020016240000000014250000B9
:105D40000200152800000000112900000000142A9C
:105D500000000000182B00000000142C00000000C0
:105D6000102D00000000142E000001000C30000077
:105D70000900143A00000100183C00000200143F22
:105D800000000100034100001900155B0000000045
:105D9000145C00000000115D00000000175E0000B0
:105DA00000000F5F000000001760000000000361AA
:105DB00000001900157B00000000187C00000000A6
:105DC000117D00000000187E00000000007F000030
:105DD00020001CA00000000014A10000000016A27A
:105DE0000000030019A60000000014A70000000036
:105DF00017A80000000019A90000000006AA000072
:105E0000000013AB0000000018AC0000000001AD62
:105E10000000000019AE0000000017AF00000000F5
:105E200019B00000000018B1000000000EB2000020
:105E3000010017B40000000003B50000000014B614
:105E40000000010017B8000000000EB900000000BB
:105E500006BA0000000012BB000000000EBC0000EB
:105E6000020014BF0000000003C00000160018D795
:105E70000000000003D80000060004DF000000005E
:105E800003E00000160018F70000000003F800000F
:105E90003F00043801000000033901000F000449ED
:105EA00001000000034A01004200048D01000000CF
:105EB000038E01000C00049B01000000039C010004
:105EC0000D0004AA0100010003AC01000D0004BA9A
:105ED0000100000006BB0100000003BC010001003E
:105EE00004BE0100000003BF0100000006C0010065
:105EF000030003C40100000007C50100000003C641
:105F00000100010007C80100000003C901000100F1
:105F100007CB0100000003CC0100230004F00100C6
:105F2000000003F10100000007F20100000003F38C
:105F300001002D00042102000000032202001100D4
:105F4000043402000500033A02001A00045502005E
:105F5000000003560200010004580200000003592B
:105F600002000000045A02000000035B020001006E
:105F7000045D0200020003600200010004620200EE
:105F800000000363020000000464020000000365D7
:105F90000200010004670200000003680200040020
:105FA000046D02000100036F020000000470020093
:105FB0000000037102000100047302000100037578
:105FC00002000000047602000600037D02000000CB
:105FD000047E020001000380020000000481020030
:105FE0000000038202000100048402000200038713
:105FF00002000500048D020004000392020000006C
:1060000004930200000006940200000004950200C0
:106010000700039D02000100049F0200100005B06C
:106020000200110017C20200030005C602000B00A7
:1060300017D202000D0005E00200040017E502007F
:10604000060005EC0200000017ED0200000005EE5E
:106050000200000017EF020010000B0003006F00A9
:1060600003700300030005740300000017750300AC
:106070000000037603000100057A03000000037BA3
:1060800003000200147E03000000037F03000000F1
:106090001784030001000386030000001487030037
:1060A0000000038803000200038C03000000038E3D
:1060B000030001000490030000000391030010009E
:1060C00003A303000C0004B00300000003B10300AD
:1060D000200008D20300020003D50300200018F6B8
:1060E0000300000003F70300040004FC03000000A9
:1060F00003FD030084001982040000000B830400E8
:1061000004000A8804000100038A0400A50003318A
:1061100005002500055905000000145A050005007A
:1061200004600500000003610500250004870500E8
:106130000100148905000000108A05000000198D77
:1061400005000100168F050000000B9105002C00D2
:1061500010BE050000000BBF0500000014C00500C4
:1061600000000BC10500010014C3050000000BC4B2
:106170000500010014C6050000000BC70500000063
:1061800006D005001A0006EF0500030014F3050011
:1061900001000100060005001806060002001409AF
:1061A00006000100160B06000000140C060001009A
:1061B000190E060001000B1006000A00141B060051
:1061C0000000011C06000000141D0600020006204D
:1061D00006001F00054006000000064106000900F9
:1061E0000B4B060014000C6006000900146A060040
:1061F0000300066E060001000B7006000000067129
:106200000600620014D40600000006D50600000057
:106210000BD60600060001DD0600000019DE0600B0
:1062200000000BDF0600050005E5060001000BE796
:106230000600010019E9060000000BEA0600030051
:1062400006EE060001000CF00600090006FA060042
:10625000020019FD0600010006FF06000000140000
:1062600007000D00010F07000000061007000000E6
:106270000B1107000000061207001D000B3007007D
:106280001A00064D070058000BA607000A0006B1C9
:10629000070000000CC00700090006CA0700200024
:1062A0000BEB0700080005F40700010019F60700D2
:1062B000000014F70700020005FA070000000BFDBC
:1062C0000700000016FE0700010006000800150088
:1062D0000B1608000300051A080000000B1B08003D
:1062E00008000524080000000B250800020005280E
:1062F000080000000B2908000400143008000E00FC
:106300000640080018000B5908000200145E08003F
:106310000000066008000A000670080017001788D1
:10632000080000000689080005000190080001002F
:106330000B980800070006A00800280005C90800FF
:1063400000000BCA0800170001E2080000000BE380
:1063500008001F00090309000000060409003500B9
:106360000B3A09000000093B090000000B3C090042
:106370000000063D09000000093E090002000B4133
:10638000090007000949090003000B4D090000003E
:10639000094E090001000650090000000B510900D8
:1063A00006000658090009000B6209000100146488
:1063B000090001000C6609000900147009000000C2
:1063C000057109000000067209000E000B8109002A
:1063D0000000098209000100068509000700068FF8
:1063E0000900010006930900150006AA090006002D
:1063F00006B20900000006B6090003000BBC090044
:10640000000006BD0900000009BE090002000BC122
:106410000900030009C70900010009CB09000100B8
:106420000BCD0900000006CE0900000009D70900C5
:10643000000006DC0900010006DF090002000BE293
:10644000090001000CE60900090006F0090001003E
:1064500016F2090001000EF40900050019FA0900FE
:10646000000016FB0900000006FC0900000014FDF6
:10647000090000000BFE090000000B010A000100EA
:1064800009030A00000006050A000500060F0A00BD
:10649000010006130A001500062A0A00060006324B
:1064A0000A00010006350A00010006380A00010052
:1064B0000B3C0A000000093E0A0002000B410A00E2
:1064C00001000B470A0001000B4B0A0002000B51B0
:1064D0000A00000006590A000300065E0A000000D8
:1064E0000C660A0009000B700A00010006720A001F
:1064F00002000B750A00000014760A0000000B81F0
:106500000A00010009830A00000006850A0008004D
:10651000068F0A00020006930A00150006AA0A0068
:10652000060006B20A00010006B50A0004000BBC12
:106530000A00000006BD0A00000009BE0A000200B1
:106540000BC10A0004000BC70A00010009C90A00B8
:10655000000009CB0A0001000BCD0A00000006D0A4
:106560000A00000006E00A0001000BE20A00010038
:106570000CE60A00090014F00A00000016F10A00F7
:10658000000006F90A0000000BFA0A0005000B01E2
:106590000B00000009020B00010006050B000700BC
:1065A000060F0B00010006130B001500062A0B0056
:1065B000060006320B00010006350B0004000B3C00
:1065C0000B000000063D0B000000093E0B00000020
:1065D0000B3F0B00000009400B0000000B410B00BB
:1065E000030009470B000100094B0B0001000B4D94
:1065F0000B0000000B550B00010009570B000000B9
:10660000065C0B000100065F0B0002000B620B0032
:1066100001000C660B00090019700B0000000671E8
:106620000B0000000E720B0005000B820B00000037
:1066300006830B00000006850B000500068E0B008C
:10664000020006920B00030006990B000100069C55
:106650000B000000069E0B00010006A30B000100CA
:1066600006A80B00020006AE0B000B0009BE0B00D3
:1066700001000BC00B00000009C10B00010009C69E
:106680000B00020009CA0B0002000BCD0B0000003A
:1066900006D00B00000009D70B0000000CE60B0031
:1066A00009000EF00B00020019F30B00050016F9AB
:1066B0000B00000019FA0B0000000B000C0000009A
:1066C00009010C0002000B040C00000006050C0080
:1066D0000700060E0C00020006120C001600062A27
:1066E0000C000F000B3C0C000000063D0C000000ED
:1066F0000B3E0C00020009410C0003000B460C008D
:1067000002000B4A0C0003000B550C000100065858
:106710000C000200065D0C00000006600C00010089
:106720000B620C0001000C660C00090014770C00D1
:1067300000000E780C000600197F0C000000068097
:106740000C0000000B810C00000009820C0001000D
:1067500014840C00000006850C000700068E0C0057
:10676000020006920C00160006AA0C00090006B5ED
:106770000C0004000BBC0C00000006BD0C00000067
:1067800009BE0C0000000BBF0C00000009C00C008B
:1067900004000BC60C00000009C70C00010009CA68
:1067A0000C0001000BCC0C00010009D50C0001000D
:1067B00006DD0C00010006E00C0001000BE20C00FD
:1067C00001000CE60C00090006F10C00010009F3C1
:1067D0000C0000000B000D00010009020D0001007B
:1067E00006040D000800060E0D00020006120D0042
:1067F00028000B3B0D000100063D0D000000093E86
:106800000D0002000B410D00030009460D000200BF
:10681000094A0D0002000B4D0D000000064E0D0050
:106820000000194F0D00000006540D00020009572A
:106830000D0000000E580D000600065F0D0002005E
:106840000B620D0001000C660D0009000E700D00BA
:10685000080019790D000000067A0D0005000B8173
:106860000D00000009820D00010006850D001100D9
:10687000069A0D00170006B30D00080006BD0D00B6
:10688000000006C00D0006000BCA0D00000009CF75
:106890000D0002000BD20D0002000BD60D0000000F
:1068A00009D80D0007000CE60D00090009F20D00E3
:1068B000010014F40D00000006010E002F000B3142
:1068C0000E00000006320E0001000B340E00060020
:1068D000163F0E00000006400E00050005460E00A3
:1068E00000000B470E000700144F0E0000000C5074
:1068F0000E000900145A0E00010006810E0001006E
:1069000006840E00000006860E000400068C0E00B1
:10691000170006A50E00000006A70E0009000BB127
:106920000E00000006B20E0001000BB40E000800BD
:1069300006BD0E00000006C00E00040005C60E00D5
:1069400000000BC80E0006000CD00E00090006DC8B
:106950000E00030006000F00000019010F000200E6
:1069600014040F000E0019130F00000014140F0080
:10697000000019150F0002000B180F000100191A72
:106980000F0005000C200F0009000E2A0F0009005F
:1069900019340F0000000B350F00000019360F00EE
:1069A00000000B370F00000019380F0000000B39F2
:1069B0000F000000153A0F000000113B0F0000000F
:1069C000153C0F000000113D0F000000093E0F00B4
:1069D000010006400F00070006490F0023000B715D
:1069E0000F000D00097F0F0000000B800F00040056
:1069F00014850F0000000B860F00010006880F00B1
:106A000004000B8D0F000A000B990F00230019BE24
:106A10000F0007000BC60F00000019C70F0005008C
:106A200019CE0F00010014D00F00040019D50F007B
:106A3000030014D90F000100060010002A00092BE2
:106A4000100001000B2D10000300093110000000A0
:106A50000B32100005000938100000000B3910003F
:106A60000100093B100001000B3D10000100063F32
:106A7000100000000C4010000900144A100005002E
:106A80000650100005000956100001000B581000B8
:106A90000100065A100003000B5E100002000661A0
:106AA00010000000096210000200066510000100DD
:106AB000096710000600066E100002000B7110003E
:106AC0000300067510000C000B8210000000098303
:106AD000100001000B85100001000987100005005F
:106AE0000B8D10000000068E10000000098F1000B2
:106AF00000000C9010000900099A100002000B9D84
:106B000010000000199E1000010003A010002500D5
:106B100003C71000000003CD1000000003D01000D8
:106B20002A0014FB1000000005FC1000000003FD0B
:106B300010000200060011004801064A120003007E
:106B4000065012000600065812000000065A1200F5
:106B50000300066012002800068A12000300069057
:106B60001200200006B21200030006B81200060050
:106B700006C01200000006C21200030006C8120080
:106B80000E0006D812003800061213000300061883
:106B9000130042000B5D1300020014601300080094
:106BA0000E6913001300068013000F0019901300E4
:106BB000090003A01300550003F81300050010009E
:106BC00014000000060114006B02196D160000008D
:106BD000146E16000000066F160010001C801600D0
:106BE0000000068116001900159B16000000119C7C
:106BF0001600000006A016004A0014EB1600020062
:106C00000DEE1600020006F1160007000600170040
:106C100011000B1217000200091517000000061FD3
:106C2000170012000B321700010009341700000092
:106C30001435170001000640170011000B52170011
:106C40000100066017000C00066E170002000B72B0
:106C5000170001000680170033000BB41700010075
:106C600009B6170000000BB71700060009BE170091
:106C700007000BC61700000009C7170001000BC969
:106C800017000A0014D41700020005D717000000EF
:106C900014D81700020016DB1700000006DC1700EE
:106CA00000000BDD170000000CE0170009000EF0DB
:106CB0001700090014001800050010061800000055
:106CC0001407180003000B0B18000200010E180037
:106CD00000000B0F180000000C101800090006201F
:106CE0001800220005431800000006441800340074
:106CF0000680180004000B851800010006871800A4
:106D000021000BA91800000006AA1800000006B018
:106D100018004500060019001E000B201900020093
:106D20000923190003000B27190001000929190084
:106D300002000930190001000B321900000009336C
:106D4000190005000B391900020019401900000054
:106D50001444190001000C461900090006501900DE
:106D60001D00067019000400068019002B0006B0F3
:106D7000190019000CD0190009000EDA19000000E2
:106D800019DE1900210006001A0016000B171A0060
:106D9000010009191A0001000B1B1A000000141E43
:106DA0001A00010006201A00340009551A000000DC
:106DB0000B561A00000009571A0000000B581A0061
:106DC00006000B601A00000009611A0000000B6247
:106DD0001A00000009631A0001000B651A00070081
:106DE000096D1A0005000B731A0009000B7F1A00C9
:106DF00000000C801A0009000C901A00090014A071
:106E00001A00060005A71A00000014A81A000500C1
:106E10000BB01A000D000ABE1A0000000BBF1A00CA
:106E20000F000B001B00030009041B0000000605F7
:106E30001B002E000B341B00000009351B00000056
:106E40000B361B000400093B1B0000000B3C1B0021
:106E50000000093D1B0004000B421B000000094319
:106E60001B00010006451B0007000C501B00090019
:106E7000145A1B00060019611B0009000B6B1B0054
:106E8000080019741B000800147D1B0001000B8012
:106E90001B00010009821B00000006831B001D006F
:106EA00009A11B0000000BA21B00030009A61B0088
:106EB00001000BA81B00010009AA1B0000000BAB7E
:106EC0001B00020006AE1B0001000CB01B000900F5
:106ED00006BA1B002B000BE61B00000009E71B0095
:106EE00000000BE81B00010009EA1B0002000BED8B
:106EF0001B00000009EE1B0000000BEF1B0002004E
:106F000009F21B00010014FC1B00030006001C001A
:106F1000230009241C0007000B2C1C000700093467
:106F20001C0001000B361C000100143B1C00040077
:106F30000C401C000900064D1C0002000C501C00F7
:106F40000900065A1C001D0005781C000500147E6F
:106F50001C00010003801C00080003901C002A0094
:106F600003BD1C00020014C01C0007000BD01C0055
:106F7000020014D31C0000000BD41C000C0009E11B
:106F80001C0000000BE21C00060006E91C000300C8
:106F90000BED1C00000006EE1C0005000BF41C00AD
:106FA000000006F51C00010009F71C0000000BF8AA
:106FB0001C00010006FA1C00000004001D002B004C
:106FC000052C1D003E00046B1D000C0005781D0003
:106FD000000003791D000000047A1D000200037DFB
:106FE0001D000000047E1D000F00038E1D00000028
:106FF000048F1D000B00059B1D0024000BC01D000D
:107000003F0003001E00950004961E000400039B31
:107010001E000000049C1E000100039E1E000000D4
:10702000049F1E00000003A01E00750003181F002F
:10703000050003201F00250003481F000500045021
:107040001F00000003511F00000004521F00000039
:1070500003531F00000004541F00000003551F00CD
:10706000000004561F00000003571F0000000359D2
:107070001F000000035B1F000000035D1F000000F5
:10708000035F1F001E0003801F00070007881F000A
:10709000070003901F00070007981F00070003A0C8
:1070A0001F00070007A81F00070003B01F00010012
:1070B00004B21F00000003B31F00000004B41F004F
:1070C000000004B61F00010003B81F00030007BC46
:1070D0001F00000017BD1F00000003BE1F000000BE
:1070E00017BF1F00020004C21F00000003C31F00DF
:1070F000000004C41F00000004C61F00010003C8F4
:107100001F00030007CC1F00000017CD1F00020066
:1071100003D01F00010004D21F00010004D61F008D
:10712000010003D81F00030017DD1F00020003E069
:107130001F00010004E21F00020003E51F00000021
:1071400004E61F00010003E81F00040017ED1F0004
:10715000020004F21F00000003F31F00000004F40B
:107160001F00000004F61F00010003F81F000300C9
:1071700007FC1F00000017FD1F0001001C0020007D
:107180000A00010B20000400101020000500141656
:107190002000010013182000000012192000000038
:1071A000151A20000000131B20000100121D2000F2
:1071B0000000151E20000000131F200000001420F6
:1071C000200007001A28200000001B2920000000D2
:1071D000012A200004001C2F200000001430200091
:1071E0000800133920000000123A20000000143B70
:1071F000200003000F3F2000010014412000020086
:107200001844200000001545200000001146200011
:107210000000144720000A001852200000001453F8
:10722000200000000F542000000014552000090029
:107230001C5F2000000001602000040001662000A7
:1072400009000E70200000000571200000000E747F
:1072500020000500187A20000200157D20000000A3
:10726000117E20000000057F200000000E8020001D
:107270000900188A20000200158D20000000118EE0
:1072800020000000059020000C0016A02000200027
:107290000BD020000C000ADD200003000BE12000D1
:1072A00000000AE2200002000BE520000B0019009C
:1072B0002100010008022100000019032100030041
:1072C000080721000000190821000100040A21001C
:1072D0000000080B21000200040E2100010008102C
:1072E00021000200041321000000191421000000F5
:1072F00008152100000019162100010018182100AE
:107300000000081921000400191E210005000824AE
:1073100021000000192521000000032621000000A3
:107320001927210000000828210000001929210048
:107330000000032A21000100082C21000100192E61
:1073400021000000042F210000000830210001006E
:107350000332210000000833210000000434210022
:107360000000063521000300043921000000193A0D
:1073700021000100043C21000100083E2100010021
:1073800018402100040008452100000004462100A7
:107390000300194A21000000184B21000000194C7D
:1073A00021000100034E21000000194F21000000C0
:1073B0000E5021000F000D602100220003832100E8
:1073C00001000D85210003000E8921000000198AAB
:1073D00021000100189021000400199521000400EB
:1073E000189A21000100199C2100030018A0210017
:1073F000000019A12100010018A32100000019A418
:107400002100010018A62100000019A72100060094
:1074100018AE2100000019AF21001E0018CE210077
:10742000010019D02100010018D22100000019D359
:107430002100000018D42100000019D521001E00F1
:1074400018F421000B011900230007001508230080
:107450000000110923000000150A23000000110B91
:1074600023000000190C2300130018202300010042
:10747000192223000600152923000000112A2300E9
:107480000000192B23005000187C23000000197DF8
:1074900023001D00189B2300180019B423002700A7
:1074A00018DC2300050019E22300440019402400E1
:1074B0000A000E6024003B00199C24004D000EEAD7
:1074C0002400150019002500B60018B7250000009B
:1074D00019B82500080018C12500000019C22500B0
:1074E000350018F825000700190026006E00186FF7
:1074F0002600000019702600F7001568270000001C
:10750000116927000000156A27000000116B270091
:107510000000156C27000000116D27000000156E9B
:1075200027000000116F27000000157027000000E1
:107530001171270000001572270000001173270049
:1075400000001574270000001175270000000E765A
:1075500027001D00199427002B0018C027000400E5
:1075600015C52700000011C62700000018C7270016
:107570001E0015E62700000011E72700000015E8AF
:107580002700000011E92700000015EA270000008D
:1075900011EB2700000015EC2700000011ED27007B
:1075A000000015EE2700000011EF2700000018F082
:1075B00027000F0019002800FF0018002900820092
:1075C0001583290000001184290000001585290079
:1075D000000011862900000015872900000011888D
:1075E00029000000158929000000118A29000000E7
:1075F000158B29000000118C29000000158D290031
:107600000000118E29000000158F29000000119044
:1076100029000000159129000000119229000000A6
:1076200015932900000011942900000015952900E8
:1076300000001196290000001597290000001198FC
:1076400029000000189929003E0015D829000000E3
:1076500011D92900000015DA2900000011DB2900EA
:10766000000018DC29001F0015FC2900000011FD96
:107670002900000018FE2900010119002B002F002D
:1076800018302B00140019452B00010018472B005F
:107690000500194D2B00260019762B001F001997A5
:1076A0002B00680003002C00700004712C00000007
:1076B00003722C00010004742C00000003752C00E0
:1076C000010004772C000400057C2C000100037EDF
:1076D0002C00650004E42C00000019E52C000500D6
:1076E00003EB2C0003000BEF2C00020003F22C0034
:1076F000010014F92C0003000EFD2C00000014FE04
:107700002C00010003002D00250003272D000000A0
:10771000032D2D00000006302D003700056F2D00D1
:10772000000014702D0000000B7F2D00000006806B
:107730002D00160006A02D00060006A82D0006004C
:1077400006B02D00060006B82D00060006C02D006C
:10775000060006C82D00060006D02D00060006D83B
:107760002D0006000BE02D001F0014002E0001006C
:1077700013022E00000012032E00000013042E003E
:10778000000012052E00000014062E00020013094E
:107790002E000000120A2E000000140B2E00000024
:1077A000130C2E000000120D2E000000140E2E00EF
:1077B000080010172E00000014182E000100101AE7
:1077C0002E000000141B2E000000131C2E000000D1
:1077D000121D2E000000141E2E00010013202E008A
:1077E000000012212E00000015222E00000011239F
:1077F0002E00000015242E00000011252E00000090
:1078000015262E00000011272E00000015282E003E
:10781000000011292E000000142A2E000400052F5C
:107820002E00000014302E000900103A2E00010036
:10783000143C2E00030010402E00000014412E00C6
:10784000000015422E00000014432E000C001950B9
:107850002E00010014522E00020015552E000000CB
:1078600011562E00000015572E00000011582E0052
:10787000000015592E000000115A2E000000155B63
:107880002E000000115C2E000000105D2E00000094
:1078900019802E001900199B2E00580019002F0086
:1078A000D50019F02F000B001C003000000014015F
:1078B000300002001904300000000505300000000F
:1078C0000606300000000D073000000015083000EB
:1078D0000000110930000000150A30000000110BF3
:1078E00030000000150C30000000110D30000000C9
:1078F000150E30000000110F300000001510300090
:1079000000001111300000001912300001001514A0
:107910003000000011153000000015163000000086
:107920001117300000001518300000001119300048
:107930000000151A30000000111B30000000101C60
:1079400030000000151D30000000111E3000010045
:107950001920300000000D21300008000B2A3000F3
:107960000300092E30000100103030000000053106
:10797000300004001936300001000D3830000200DC
:10798000053B30000000063C30000000143D300094
:107990000000193E300001000641300055000B99EF
:1079A00030000100179B30000100059D30000100F0
:1079B000069F3000000010A03000000006A130003B
:1079C000590014FB3000000005FC3000020006FFE7
:1079D00030000000060531002A00063131005D004C
:1079E0001990310001000E92310003001996310008
:1079F000090006A031001F0019C03100230006F065
:107A000031000F00190032001E000E203200090064
:107A1000192A32001D000E483200070019503200AA
:107A200000000E5132000E00196032001F000E805F
:107A300032000900198A320026000EB132000E0011
:107A400019C032003F0106003400BF1919C04D00B3
:107A50003F0006004E0014520515A0000000061657
:107A6000A00076041990A400360006D0A4002700D8
:107A700005F8A400050014FEA40001000600A500FE
:107A80000B01050CA6000000140DA6000200061054
:107A9000A6000F000C20A6000900062AA60001007F
:107AA0000340A6002D00066EA60000000B6FA60086
:107AB00000000A70A60002001473A60000000B74F8
:107AC000A6000900147EA6000000057FA6000000A5
:107AD0000380A6001B00059CA60001000B9EA600CB
:107AE000010006A0A60045000DE6A60009000BF067
:107AF000A600010014F2A60005001700A70016005A
:107B00000517A70008001720A70001000322A700FF
:107B10000D000430A70001000332A7003D000570EE
:107B2000A70000000471A70007000379A7000E005A
:107B30000588A70000001789A7000100038BA70094
:107B40000200048EA7000000068FA700000003902B
:107B5000A70004000495A70000000396A7001800E2
:107B600004AFA700000003B0A7001A0003D0A700CD
:107B7000010004D3A700000004D5A700000003D62D
:107B8000A700030005F2A700020003F5A70001000B
:107B900006F7A700000005F8A700010004FAA700F7
:107BA000000006FBA70006000B02A8000000060369
:107BB000A80002000B06A80000000607A8000300AA
:107BC0000B0BA8000000060CA80016000923A80053
:107BD00001000B25A80001000927A80000001928B2
:107BE000A80003000B2CA80000000E30A800050020
:107BF0001936A80001001638A80000001939A8009D
:107C000000000640A80033001474A8000300098097
:107C1000A80001000682A800310009B4A8000F00E6
:107C20000BC4A800010014CEA80001000CD0A800CD
:107C300009000BE0A800110006F2A800050014F8E6
:107C4000A800020006FBA800000014FCA800000029
:107C500006FDA80001000BFFA80000000C00A90011
:107C60000900060AA9001B000B26A9000700142E14
:107C7000A90001000630A90016000B47A9000A0060
:107C80000952A9000100145FA90000000660A900C4
:107C90001C000B80A90002000983A90000000684D3
:107CA000A9002E000BB3A900000009B4A90001002F
:107CB0000BB6A900030009BAA90001000BBCA9007A
:107CC000010009BEA900020014C1A9000C0005CFE3
:107CD000A90000000CD0A900090014DEA9000100D1
:107CE00006E0A90004000BE5A900000005E6A900D4
:107CF000000006E7A90008000CF0A900090006FA38
:107D0000A90004000600AA0028000B29AA0005000B
:107D1000092FAA0001000B31AA0001000933AA00B3
:107D200001000B35AA0001000640AA0002000B4327
:107D3000AA0000000644AA0007000B4CAA0000009D
:107D4000094DAA0000000C50AA000900145CAA000A
:107D500003000660AA000F000570AA00000006716B
:107D6000AA0005001977AA000200067AAA000000FE
:107D7000097BAA0000000B7CAA000000097DAA0074
:107D80000000067EAA0031000BB0AA00000006B178
:107D9000AA0000000BB2AA00020006B5AA0001006A
:107DA0000BB7AA00010006B9AA0004000BBEAA0086
:107DB000010006C0AA0000000BC1AA00000006C214
:107DC000AA00000006DBAA00010005DDAA000000F1
:107DD00014DEAA00010006E0AA000A0009EBAA00CE
:107DE00000000BECAA00010009EEAA00010014F04B
:107DF000AA00010006F2AA00000005F3AA00010093
:107E000009F5AA0000000BF6AA0000000601AB006D
:107E100005000609AB0005000611AB0005000620B1
:107E2000AB0006000628AB0006000430AB002200C1
:107E30000353AB0000000454AB000600175BAB001B
:107E40000000055CAB0003000460AB00080005699E
:107E5000AB000000176AAB0001000370AB004F00DD
:107E600006C0AB00220009E3AB0001000BE5AB004C
:107E7000000009E6AB0001000BE8AB00000009E9D7
:107E8000AB00010014EBAB00000009ECAB000000FC
:107E90000BEDAB0000000CF0AB0009000600AC00DD
:107EA000A32B06B0D700160006CBD7003000020087
:107EB000D800FF070600F9006D010670FA0069009E
:107EC0000400FB0006000413FB000400061DFB0079
:107ED00000000B1EFB000000061FFB000900182914
:107EE000FB000000062AFB000C000638FB00040023
:107EF000063EFB0000000640FB0001000643FB00BD
:107F000001000646FB006B0017B2FB00100006D311
:107F1000FB006A01113EFD000000153FFD0000005E
:107F20001940FD000F000650FD003F000692FD00C5
:107F3000350019CFFD00000006F0FD000B0016FC17
:107F4000FD00000019FDFD0002000B00FE000F0007
:107F50001410FE0006001517FE0000001118FE00A8
:107F600000001419FE0000000B20FE000F0014306A
:107F7000FE0000001031FE0001000F33FE00010082
:107F80001535FE0000001136FE0000001537FE001A
:107F900000001138FE0000001539FE000000113A03
:107FA000FE000000153BFE000000113CFE0000003A
:107FB000153DFE000000113EFE000000153FFE00D2
:107FC00000001140FE0000001541FE0000001142BB
:107FD000FE0000001543FE0000001144FE000000FA
:107FE0001445FE0001001547FE0000001148FE0088
:107FF00000001449FE0003000F4DFE000200145063
:10800000FE0002001454FE0003001058FE000000A1
:108010001559FE000000115AFE000000155BFE001D
:108020000000115CFE000000155DFE000000115E06
:10803000FE000000145FFE0002001862FE00000057
:108040001063FE0000001864FE0002001468FE00C9
:1080500000001669FE000000146AFE0001000670B0
:10806000FE0004000676FE00860001FFFE00000010
:108070001401FF0002001604FF0000001405FF00B9
:1080800002001508FF0000001109FF000000140A9B
:10809000FF000000180BFF000000140CFF000000A0
:1080A000100DFF000000140EFF0001000C10FF0077
:1080B0000900141AFF000100181CFF000200141F21
:1080C000FF0001000321FF001900153BFF00000025
:1080D000143CFF000000113DFF000000173EFF00B0
:1080E00000000F3FFF0000001740FF0000000341A9
:1080F000FF001900155BFF000000185CFF00000086
:10810000115DFF000000185EFF000000155FFF001A
:1081100000001160FF0000001461FF000000156204
:10812000FF0000001163FF0000001464FF00010065
:108130000666FF0009000570FF0000000671FF00E1
:108140002C00059EFF00010006A0FF001E0006C2D5
:10815000FF00050006CAFF00050006D2FF0005006B
:1081600006DAFF00020016E0FF00010018E2FF003F
:10817000000017E3FF00000019E4FF00000016E50F
:10818000FF00010019E8FF00000018E9FF000300EC
:1081900019EDFF00010001F9FF00020019FCFF00CA
:1081A0000100060000010B00060D00011900062861
:1081B00000011200063C00010100063F00010E0014
:1081C000065000010D00068000017A001400010134
:1081D00002000E0701012C001937010108000D40B3
:1081E000010134000E75010103001979010110002D
:1081F0000E8A01010100198C010102001990010190
:108200000C0019A00101000019D001012C000BFD88
:1082100001010000068002011C0006A002013000DE
:108220000BE0020100000EE102011A00060003014A
:108230001F000E2003010300062D030113000D4152
:10824000030100000642030107000D4A030100007C
:108250000650030125000B7603010400068003018C
:108260001D00149F0301000006A00301230006C89F
:108270000301070014D0030100000DD10301040025
:10828000030004014F00065004014D000CA004013E
:10829000090003B00401230003D8040123000600F1
:1082A00005012700063005013300146F05010000A9
:1082B000037005010A00037C05010E00038C050113
:1082C0000600039405010100039705010A0003A3BA
:1082D00005010E0003B30501060003BB0501010003
:1082E0000600060136010640070115000660070179
:1082F000070005800701050005870701290005B271
:108300000701080006000801050006080801000032
:10831000060A08012B00063708010100063C080187
:108320000000063F080116001457080100000E580F
:10833000080107000660080116001977080101000E
:108340000E7908010600068008011E000EA708012C
:10835000080006E00801120006F4080101000EFB07
:10836000080104000600090115000E1609010500A8
:10837000141F09010000062009011900143F09011A
:1083800000000680090137000EBC0901010006BE8D
:10839000090101000EC009010F000ED209012D00D4
:1083A00006000A0100000B010A0102000B050A0188
:1083B00001000B0C0A01030006100A010300061558
:1083C0000A01020006190A011C000B380A0102000A
:1083D0000B3F0A0100000E400A01080014500A0178
:1083E000080006600A011C000E7D0A010100147FCE
:1083F0000A01000006800A011C000E9D0A0102000D
:1084000006C00A01070019C80A01000006C90A01CE
:108410001B000BE50A0101000EEB0A01040014F039
:108420000A01060006000B01350014390B01060095
:1084300006400B0115000E580B01070006600B01EA
:1084400012000E780B01070006800B011100149931
:108450000B0103000EA90B01060006000C014800E9
:1084600003800C01320003C00C0132000EFA0C0133
:10847000050006000D0123000B240D0103000C3044
:108480000D0109000E600E011E0006800E0129007C
:108490000BAB0E01010010AD0E01000006B00E0185
:1084A00001000BFD0E01020006000F011C000E1D55
:1084B0000F01090006270F01000006300F0115000B
:1084C0000B460F010A000E510F01030014550F0156
:1084D000040006700F0111000B820F0103001486C7
:1084E0000F01030006B00F0114000EC50F010600B6
:1084F00006E00F0116000900100100000B01100139
:1085000000000902100100000603100134000B38BE
:1085100010010E001447100106000E521001130046
:108520000C66100109000B701001000006711001AB
:1085300001000B73100101000675100100000B7F94
:1085400010010200098210010000068310012C00B6
:1085500009B0100102000BB31001030009B71001AC
:1085600001000BB91001010014BB1001010001BD95
:108570001001000014BE100103000BC21001000026
:1085800001CD1001000006D0100118000CF0100100
:1085900009000B00110102000603110123000B2743
:1085A00011010400092C110100000B2D110107001D
:1085B0000C36110109001440110103000644110199
:1085C0000000094511010100064711010000065095
:1085D000110122000B73110100001474110101003C
:1085E0000676110100000B801101010009821101C2
:1085F0000000068311012F0009B3110102000BB620
:108600001101080009BF1101010006C11101030099
:1086100014C5110103000BC91101030014CD110190
:10862000000009CE110100000BCF110100000CD099
:108630001101090006DA1101000014DB110100002C
:1086400006DC1101000014DD110102000EE1110130
:108650001300060012011100061312011800092C64
:10866000120102000B2F1201020009321201010057
:108670000B34120100000935120100000B36120103
:1086800001001438120105000B3E12010000063FE4
:10869000120101000B4112010000068012010600C8
:1086A000068812010000068A12010300068F1201DB
:1086B0000E00069F1201090014A91201000006B065
:1086C00012012E000BDF1201000009E0120102006E
:1086D0000BE3120107000CF0120109000B0013015B
:1086E0000100090213010100060513010700060F2E
:1086F00013010100061313011500062A13010600D9
:108700000632130101000635130104000B3B13016F
:108710000100063D13010000093E130101000B405A
:10872000130100000941130103000947130101006F
:10873000094B1301020006501301000009571301F1
:108740000000065D130104000962130101000B66BD
:10875000130106000B70130104000600140134001D
:108760000935140102000B381401070009401401F7
:1087700001000B42140102000945140100000B46E0
:1087800014010000064714010300144B14010400F7
:108790000C5014010900145A14010100145D140155
:1087A00000000B5E14010000065F14010200068049
:1087B00014012F0009B0140102000BB314010500CD
:1087C00009B9140100000BBA1401000009BB14011F
:1087D00003000BBF1401010009C1140100000BC20A
:1087E0001401010006C41401010014C614010000A4
:1087F00006C7140100000CD0140109000680150101
:108800002E0009AF150102000BB21501030009B8D3
:10881000150103000BBC1501010009BE1501000084
:108820000BBF1501010014C11501160006D8150172
:1088300003000BDC15010100060016012F000930B2
:10884000160102000B3316010700093B1601010057
:108850000B3D16010000093E160100000B3F1601FA
:1088600001001441160102000644160100000C50DC
:1088700016010900146016010C00068016012A007A
:108880000BAB1601000009AC160100000BAD160180
:10889000000009AE160101000BB01601050009B673
:1088A000160100000BB71601000006B81601000003
:1088B00014B9160100000CC01601090006001701CA
:1088C0001A000B1D170102000920170101000B22DD
:1088D000170103000926170100000B2717010400E8
:1088E0000C30170109000E3A17010100143C170162
:1088F0000200193F1701000006401701060006009C
:1089000018012B00092C180102000B2F1801080078
:108910000938180100000B3918010100143B180137
:10892000000003A018013F000CE0180109000EEA46
:108930001801080006FF18010700060919010000C8
:10894000060C190107000615190101000618190186
:1089500017000930190105000937190101000B3B07
:1089600019010100093D190100000B3E1901000029
:10897000063F1901000009401901000006411901D4
:1089800000000942190100000B43190100001444C2
:10899000190102000C501901090006A01901070075
:1089A00006AA1901260009D1190102000BD41901E8
:1089B00003000BDA1901010009DC190103000BE0C7
:1089C0001901000006E11901000014E2190100007C
:1089D00006E31901000009E41901000006001A016C
:1089E00000000B011A010900060B1A0127000B33C6
:1089F0001A01050009391A010000063A1A0100009F
:108A00000B3B1A010300143F1A0107000B471A0120
:108A1000000006501A0100000B511A010500095709
:108A20001A0101000B591A010200065C1A012D00FF
:108A30000B8A1A010C0009971A0100000B981A0101
:108A40000100149A1A010200069D1A010000149EEA
:108A50001A01040006B01A01480014001B010900A5
:108A600006001C010800060A1C012400092F1C0135
:108A700000000B301C0106000B381C010500093EEC
:108A80001C0100000B3F1C01000006401C010000FF
:108A900014411C0104000C501C0109000E5A1C0159
:108AA000120014701C01010006721C011D000B92C3
:108AB0001C01150009A91C0100000BAA1C010600DD
:108AC00009B11C0100000BB21C01010009B41C011A
:108AD00000000BB51C01010006001D010600060880
:108AE0001D010100060B1D0125000B311D010500B4
:108AF0000B3A1D0100000B3C1D0101000B3F1D0145
:108B0000060006461D0100000B471D0100000C5029
:108B10001D01090006601D01050006671D01010019
:108B2000066A1D011F00098A1D0104000B901D012A
:108B3000010009931D0101000B951D01000009961C
:108B40001D0100000B971D01000006981D0100008B
:108B50000CA01D01090006E01E0112000BF31E010E
:108B6000010009F51E01010014F71E0101000B00B0
:108B70001F01010006021F01000009031F01000080
:108B800006041F010C0006121F01210009341F01F9
:108B900001000B361F010400093E1F0101000B40BC
:108BA0001F01000009411F0100000B421F010000CE
:108BB00014431F010C000C501F01090006B01F01D7
:108BC00000000EC01F01140019D51F01070016DD9B
:108BD0001F01030019E11F01100014FF1F01000015
:108BE0000600200199030D0024016E001470240179
:108BF000040006802401C30006902F01600014F1D8
:108C00002F010100060030012F04013034010F0054
:108C10000B40340100000641340105000B473401CC
:108C20000E000600440146020600680138020640B4
:108C30006A011E000C606A010900146E6A010100DD
:108C400006706A014E000CC06A01090006D06A0174
:108C50001D000BF06A01040014F56A010000060013
:108C60006B012F000B306B01060014376B01040001
:108C7000193C6B01030005406B01030014446B01B8
:108C8000000019456B0100000C506B0109000E5BE0
:108C90006B01060006636B011400067D6B01120078
:108CA00003406E013F000E806E01160014976E01A6
:108CB000030006006F014A000B4F6F0100000650D1
:108CC0006F01000009516F0136000B8F6F01030027
:108CD00005936F010C0005E06F01010014E26F01C4
:108CE000000005E36F0100000BE46F01000009F0D4
:108CF0006F01010006007001F71706008801D50416
:108D000006008D01080005F0AF01030005F5AF0175
:108D1000060005FDAF0101000600B0012201063288
:108D2000B10100000650B10102000655B10100007A
:108D30000664B10103000670B1018B010600BC019D
:108D40006A000670BC010C000680BC010800069099
:108D5000BC010900199CBC0100000B9DBC01010075
:108D6000149FBC01000001A0BC0103000B00CF0157
:108D70002D000B30CF0116001950CF0173001900E0
:108D8000D001F5001900D10126001929D1013B00BD
:108D90000965D10101000B67D1010200196AD101F7
:108DA0000200096DD10105000173D10107000B7BA1
:108DB000D10107001983D10101000B85D101060003
:108DC000198CD1011D000BAAD101030019AED101EC
:108DD0003C001900D20141000B42D20102001945AA
:108DE000D20100000EC0D20113000EE0D201130028
:108DF0001900D30156000E60D30118000800D401F9
:108E00001900041AD40119000834D4011900044EC1
:108E1000D40106000456D40111000868D4011900D9
:108E20000482D4011900089CD4010000089ED401DA
:108E3000010008A2D401000008A5D401010008A97E
:108E4000D401030008AED401070004B6D401030026
:108E500004BBD401000004BDD401060004C5D40144
:108E60000A0008D0D401190004EAD401190008044A
:108E7000D50101000807D5010300080DD501070041
:108E80000816D5010600041ED50119000838D501C1
:108E90000100083BD50103000840D5010400084645
:108EA000D5010000084AD50106000452D501190079
:108EB000086CD50119000486D501190008A0D50158
:108EC000190004BAD501190008D4D501190004EE1F
:108ED000D50119000808D60119000422D60119008D
:108EE000083CD60119000456D60119000870D601B5
:108EF0001900048AD6011B0008A8D601180018C161
:108F0000D601000004C2D601180018DBD60100000B
:108F100004DCD601050008E2D601180018FBD601D2
:108F2000000004FCD60118001815D7010000041633
:108F3000D7010500081CD70118001835D70100001B
:108F40000436D7011800184FD70100000450D7018C
:108F500005000856D7011800186FD70100000470EB
:108F6000D70118001889D7010000048AD70105002D
:108F70000890D701180018A9D701000004AAD7014A
:108F8000180018C3D701000004C4D701050008CA9F
:108F9000D701000004CBD70100000CCED70131006F
:108FA0001900D801FF010B00DA0136001937DA0188
:108FB00003000B3BDA013100196DDA0107000B7574
:108FC000DA0100001976DA010D000B84DA010000E5
:108FD0001985DA0101001487DA0104000B9BDA011C
:108FE00004000BA1DA010E000400DF010900060AEB
:108FF000DF010000040BDF0113000425DF01050081
:109000000B00E00106000B08E00110000B1BE00163
:1090100006000B23E00101000B26E00104000530EF
:10902000E0013D000B8FE00100000600E1012C0093
:109030000B30E10106000537E10106000C40E101BB
:109040000900064EE1010000194FE1010000069001
:10905000E2011D000BAEE201000006C0E2012B00A0
:109060000BECE20103000CF0E201090016FFE20143
:10907000000006D0E4011A0005EBE40100000BEC4F
:10908000E40103000CF0E401090006E0E70106003A
:1090900006E8E701030006EDE701010006F0E7013D
:1090A0000E000600E801C4000EC7E80108000BD05E
:1090B000E80106000300E90143000B44E901060052
:1090C000054BE90100000C50E9010900145EE901BB
:1090D00001000E71EC013A0019ACEC0100000EAD7C
:1090E000EC01020016B0EC0100000EB1EC0103002F
:1090F0000E01ED012C00192EED0100000E2FED01E7
:109100000E000600EE0103000605EE011A0006211E
:10911000EE0101000624EE0100000627EE0100002A
:109120000629EE0109000634EE0103000639EE01BE
:109130000000063BEE0100000642EE01000006477B
:10914000EE0100000649EE010000064BEE010000B2
:10915000064DEE0102000651EE0101000654EE013B
:1091600000000657EE0100000659EE010000065B04
:10917000EE010000065DEE010000065FEE0100005A
:109180000661EE0101000664EE0100000667EE01D3
:109190000300066CEE0106000674EE01030006797A
:1091A000EE010300067EEE0100000680EE010900DC
:1091B000068BEE01100006A1EE01020006A5EE01ED
:1091C000040006ABEE01100018F0EE0101001900DA
:1091D000F0012B001930F001630019A0F0010E001E
:1091E00019B1F0010E0019C1F0010E0019D1F00102
:1091F00024000E00F1010C00190DF101A00019E688
:10920000F1011C001910F2012B001940F2010800B5
:109210001950F20101001960F20105001900F30173
:10922000FA0017FBF30104001900F401D70219DC5E
:10923000F601100019F0F6010C001900F701760094
:10924000197BF7015E0019E0F7010B0019F0F70137
:1092500000001900F8010B001910F801370019502F
:10926000F80109001960F80127001990F8011D00A4
:1092700019B0F80101001900F90153011960FA0150
:109280000D001970FA010C001980FA0108001990FC
:10929000FA012D0019BFFA01060019CEFA010D00DE
:1092A00019E0FA01080019F0FA0108001900FB01A1
:1092B00092001994FB0136000CF0FB010900060036
:1092C0000002DFA60600A70239100640B702DD0043
:1092D0000620B802811606B0CE02301D0600F80244
:1092E0001D02060000034A13065013035F1001011C
:1092F000000E00000120000E5F000B00010EEF00C9
:10930000303030303030303030303030303030305D
:10931000202020202020202020202020202020204D
:10932000FB21F93FFB2109407CD91240FB21194068
:109330007A6A1F407CD92240BBFD2540FB21294091
:109340003A462C407A6A2F405C4731407CD9324003
:109350009C6B3440BBFD3540DB8F3740FB213940EF
:109360001BB43A403A463C405AD83D407A6A3F40A6
:109370004C7E40405C4741406C1042407CD94240AA
:109380008CA243409C6B4440AC344540BBFD4540FF
:10939000CBC64640DB8F4740EB584840FB21494055
:1093A00083F9A200444E6E00FC291500D157270016
:1093B000DD34F50062DBC0003C999500419043002C
:1093C0006351FE00BBDEAB00B761C5003A6E2400FE
:1093D000D24D42004906E00009EA2E001C92D1005D
:1093E000EB1DFE0029B11C00E83EA700F535820008
:1093F00044BB2E009CE98400B4267000417E5F00CF
:10940000D6913900538339009CF439008B5F840076
:1094100028F9BD00F81F3B00DEFF97000F980500FC
:10942000112FEF000A5A8B006D1F6D00CF7E3600A2
:1094300009CB2700464FB7009E663F002DEA5F002C
:10944000BA277500E5EBC7003D7BF100F73907004F
:1094500092528A00FB6BEA001FB15F00085D8D002D
:10946000300356007BFC4600F0AB6B0020BCCF0005
:1094700036F49A00E3A91D005E619100081BE60026
:1094800085996500A0145F008D40680080D8FF00BA
:1094900027734D0006063100CA561500C9A873008F
:1094A0007BE260006B8CC00000000040FB21F93FB4
:1094B000000000002D44743E000000809846F83CF7
:1094C0000000006051CC783B00000080831BF03925
:1094D0000000004020257A38000000802282E33618
:1094E000000000001DF369350200000003000000C9
:1094F00004000000060000003E410C4111412741DC
:1095000036410341064115410F410E4126411341A9
:109510002941024119410A410B410000100000009D
:1095200000000000017A5200027C0E011B0C0D00AD
:109530001400000018000000A83EFEFFEC00000030
:1095400000024D0A430B000000000000F8B500BF08
:10955000F8BC08BC9E467047F8B500BFF8BC08BC14
:109560009E467047A9D50000D50400008D34000048
:109570007D5600006D8F0000E1B70000B1040000CF
:10958000778F0000EBB7000041C10000BDC30000B1
:08959000606FFD7F0100000087
:1095A00000000000806514068065140680651406BE
:1095B00060198501806514068065140680651406AF
:1095C0008C080020797A6166706E756D006B4D476E
:1095D0005450455A59000000A40802000A0A455395
:1095E000432D46534D3E2000A408020000000050C9
:1095F000A40802002AED00E029ED00E038ED00E0CB
:1096000028ED00E034ED00E028ED00E02CED00E076
:1096100008E000E00CED00E0A408020000000000FB
:109620008065140600000000000000000300000038
:109630002060002098000020000000002060002032
:1096400088600020F06000200000000000000000A2
:10965000000000000000000000000000000000000A
:1096600000000000000000000000000000000000FA
:1096700000000000000000000000000000000000EA
:1096800000000000000000000000000000000000DA
:1096900000000000000000000000000000000000CA
:1096A00000000000000000000000000000000000BA
:1096B00000000000000000000000000000000000AA
:1096C000000000000000000000000000000000009A
:1096D00001000000000000000E33CDAB34126DE637
:1096E000ECDE05000B0000000000000000000000A0
:1096F000000000000000000000000000000000006A
:109700000000000000000000000000000000000059
:109710000000000000000000000000000000000049
:109720000000000000000000000000000000000039
:109730000000000000000000000000000000000029
:109740000000000000000000000000000000000019
:109750000000000000000000000000000000000009
:1097600000000000000000000000000000000000F9
:10977000000000000000000078610020FFFFFFFFF4
:1097800000000200000000000000000000000000D7
:10979000E8010020E8010020F0010020F001002095
:1097A000F8010020F8010020000200200002002043
:1097B00008020020080200201002002010020020F1
:1097C00018020020180200202002002020020020A1
:1097D0002802002028020020300200203002002051
:1097E0003802002038020020400200204002002001
:1097F00048020020480200205002002050020020B1
:109800005802002058020020600200206002002060
:109810006802002068020020700200207002002010
:1098200078020020780200208002002080020020C0
:109830008802002088020020900200209002002070
:109840009802002098020020A0020020A002002020
:10985000A8020020A8020020B0020020B0020020D0
:10986000B8020020B8020020C0020020C002002080
:10987000C8020020C8020020D0020020D002002030
:10988000D8020020D8020020E0020020E0020020E0
:10989000E8020020E8020020F0020020F002002090
:1098A000F8020020F802002000030020000300203E
:1098B00008030020080300201003002010030020EC
:1098C000180300201803002020030020200300209C
:1098D000280300202803002030030020300300204C
:1098E00038030020380300204003002040030020FC
:1098F00048030020480300205003002050030020AC
:10990000580300205803002060030020600300205B
:10991000680300206803002070030020700300200B
:1099200078030020780300208003002080030020BB
:10993000880300208803002090030020900300206B
:109940009803002098030020A0030020A00300201B
:10995000A8030020A8030020B0030020B0030020CB
:10996000B8030020B8030020C0030020C00300207B
:10997000C8030020C8030020D0030020D00300202B
:10998000D8030020D8030020E0030020E0030020DB
:10999000E8030020E8030020F0030020F00300208B
:1099A000F8030020F8030020000400200004002039
:1099B00008040020080400201004002010040020E7
:1099C0001804002018040020200400202004002097
:1099D0002804002028040020300400203004002047
:1099E00038040020380400204004002040040020F7
:1099F00048040020480400205004002050040020A7
:109A00005804002058040020600400206004002056
:109A10006804002068040020700400207004002006
:109A200078040020780400208004002080040020B6
:109A30008804002088040020900400209004002066
:109A40009804002098040020A0040020A004002016
:109A5000A8040020A8040020B0040020B0040020C6
:109A6000B8040020B8040020C0040020C004002076
:109A7000C8040020C8040020D0040020D004002026
:109A8000D8040020D8040020E0040020E0040020D6
:109A9000E8040020E8040020F0040020F004002086
:109AA000F8040020F8040020000500200005002034
:109AB00008050020080500201005002010050020E2
:109AC0001805002018050020200500202005002092
:109AD0002805002028050020300500203005002042
:109AE00038050020380500204005002040050020F2
:109AF00048050020480500205005002050050020A2
:109B00005805002058050020600500206005002051
:109B10006805002068050020700500207005002001
:109B200078050020780500208005002080050020B1
:109B30008805002088050020900500209005002061
:109B40009805002098050020A0050020A005002011
:109B5000A8050020A8050020B0050020B0050020C1
:109B6000B8050020B8050020C0050020C005002071
:109B7000C8050020C8050020D0050020D005002021
:109B8000D8050020D8050020E0050020E0050020D1
:109B90004300000000000000000000000000000082
:109BA00000000000000000000000000000000000B5
:109BB00000000000000000000000000000000000A5
:109BC0000000000000000000000000000000000095
:109BD0000000000000000000000000000000000085
:109BE0000000000000000000000000000000000075
:109BF0000000000000000000000000000000000065
:109C00000000000000000000000000000000000054
:109C10000000000000000000000000000000000044
:109C20000000000000000000000000000000000034
:109C30000000000000000000000000000000000024
:109C40000000000000000000000000000000000014
:109C50000000000000000000000000000000000004
:109C600000000000000000000000000000000000F4
:109C700000000000000000004300000000000000A1
:109C800000000000000000000000000000000000D4
:109C90000000000000000000430000000000000081
:109CA00000000000000000000000000000000000B4
:109CB0000000000000000000430000000000000061
:109CC0000000000000000000000000000000000094
:109CD0000000000000000000430000000000000041
:109CE0000000000000000000000000000000000074
:109CF0000000000000000000430000000000000021
:109D00000000000000000000000000000000000053
:109D10000000000000000000430000000000000000
:109D20000000000000000000000000000000000033
:109D300000000000000000004300000000000000E0
:109D40000000000000000000000000000000000013
:109D50000000000000000000055F010071380100F4
:109D600000000000A41E0200EC2002007C22020081
:109D70007C2202007C2202007C2202007C22020063
:109D80007C2202007C2202007C2202007C22020053
:109D9000FFFFFFFFFFFFFFFFFFFFFFFFFFFF0000D1
:109DA0000100415343494900000000000000000049
:109DB00000000000000000000000000000000000A3
:109DC000000041534349490000000000000000002A
:109DD0000000000000000000000000000000000083
:109DE0000000000043000000000000000000000030
:109DF0000000000000000000000000000000000063
:109E00000000000000000000000000000000000052
:040000030000019167
:00000001FF
