:1000000000000120910100007F0300006105000055
:100010008303000073050000850500000000000058
:100020000000000000000000000000008903000044
:100030008B030000000000008D0300008F03000010
:100040009103000093030000950300009703000054
:10005000990300009B0300009D0300009F03000024
:10006000A1030000A3030000A5030000A7030000F4
:10007000A9030000AB030000AD030000AF030000C4
:10008000B1030000B3030000B5030000B703000094
:10009000B9030000BB030000BD030000BF03000064
:1000A000C1030000C3030000C5030000C703000034
:1000B000C9030000CB030000CD030000CF03000004
:1000C000D1030000D3030000D5030000D7030000D4
:1000D000D9030000DB030000DD030000DF030000A4
:1000E000E1030000E3030000E5030000E703000074
:1000F000E9030000EB030000ED030000EF03000044
:10010000F1030000F3030000F5030000F703000013
:10011000F9030000FB030000FD030000FF030000E3
:1001200001040000030400000504000007040000AF
:10013000090400000B0400000D0400000F0400007F
:10014000110400001304000015040000170400004F
:10015000190400001B0400001D0400001F0400001F
:1001600021040000230400002504000027040000EF
:10017000290400002B0400002D0400002F040000BF
:100180003104000033040000000000000000000003
:100190004FF0000BDFF8BE020068DFF8B612096806
:1001A00001F0030100F01C00142801D14BF0020BF8
:1001B000002901D04BF0010BBBF1000F05D0A7487F
:1001C000A749DFF8722200F09FF8A64880470BF09D
:1001D000020ABAF1000F0CD0DFF86E02DFF86E12DF
:1001E00002680B680FB44FF000024FF0FF0302608B
:1001F0000B609D484FF000024FF00103022808D128
:10020000DFF83A120A60DFF83E120A60DFF83212B5
:100210000B60012808D1DFF82A120A60DFF82612E5
:100220000A60DFF81A120B609048002809D1904844
:100230009049914A00F030F890489149914A00F075
:100240002BF891489149924A00F026F8914892493A
:10025000DFF8E22100F058F8BBF1000F10D08F4812
:100260008F49DFF8D62100F04FF80BF0020ABAF1FF
:10027000000F05D00FBC02600B6000BFAFF3008021
:10028000DFF820020FF2030E00474FF000004FF09E
:100290000001DFF814F2FEE72DE9F841884225D08D
:1002A000B2EB010200D5FEE740EA010313F00303BD
:1002B00002D000F01DF819E04FF000039046121133
:1002C000F7D09A421CBFF0C8F0C103F10103F8D186
:1002D00008F00F08B8F1000F08D004780C7000F196
:1002E000010001F10101B8F10108F6D1BDE8F88182
:1002F00008B54FF0000303780B7000F1010001F125
:100300000101013AF7D108BD884237D000F0030659
:10031000002E14D04FF00405A5EB06044FF008079B
:1003200007FB06F8914669FA08F9002C07D080F817
:10033000009069FA07F900F10100013CF5E74FF080
:1003400000060F46091A88460911914614461546BB
:10035000B14206D018BFA0E8340206F10106B1424E
:10036000F8D108F00F08B8F1000F07D002704FEA7B
:10037000322200F10100B8F10108F4E77047FEE70E
:10038000FEE7FEE7FEE7FEE7FEE7FEE7FEE7FEE745
:10039000FEE7FEE7FEE7FEE7FEE7FEE7FEE7FEE735
:1003A000FEE7FEE7FEE7FEE7FEE7FEE7FEE7FEE725
:1003B000FEE7FEE7FEE7FEE7FEE7FEE7FEE7FEE715
:1003C000FEE7FEE7FEE7FEE7FEE7FEE7FEE7FEE705
:1003D000FEE7FEE7FEE7FEE7FEE7FEE7FEE7FEE7F5
:1003E000FEE7FEE7FEE7FEE7FEE7FEE7FEE7FEE7E5
:1003F000FEE7FEE7FEE7FEE7FEE7FEE7FEE7FEE7D5
:10040000FEE7FEE7FEE7FEE7FEE7FEE7FEE7FEE7C4
:10041000FEE7FEE7FEE7FEE7FEE7FEE7FEE7FEE7B4
:10042000FEE7FEE7FEE7FEE7FEE7FEE7FEE7FEE7A4
:10043000FEE7FEE7704700000000A2A2A2A2008033
:100440000340088003401080034030800340348024
:1004500003403880034018080240000000F00020EC
:10046000000001209D0500000000000000000000C9
:10047000000000000000000090010000B004000037
:10048000B0040000A8810200B0810200000000203A
:1004900070080020700800204063002040630020A6
:1004A00000F000206DCC000021B200000000000030
:1004B00010B5054C237833B9044B13B10448AFF39E
:1004C00000800123237010BD700800200000000090
:1004D0001C81020008B5034B1BB103490348AFF36D
:1004E000008008BD00000000740800201C8102008C
:1004F000A3F5803A704700BF154B002B08BF114B86
:100500009D46FFF7F5FF00218B460F461148124A22
:10051000121A0CF0E3F90C4B002B00D098470B4B50
:10052000002B00D098470020002104000D000B484C
:100530000BF0B6FD0CF09AFB200029000AF070FECB
:100540000BF0B4FD000008000000000000000000F7
:10055000000000007008002040630020BDCC0000B7
:100560001EF0040F0CBFEFF30880EFF3098007F0D3
:100570006DBC1EF0040F0CBFEFF30880EFF3098091
:1005800007F0AEBC1EF0040F0CBFEFF30880EFF3D2
:10059000098007F0D5BC0138FDD1704780B500AFA8
:1005A00000F0FAF8044B5B69034A43F400735361AB
:1005B000FFF740FF00BF80BD00ED00E080B588B0D0
:1005C00000AF314BD3F8983003F08063FB61FB69D7
:1005D000002B4ED12C4BD3F8983003F480537B6121
:1005E0007B69002B15D1294B294A1A60294B284ACF
:1005F0001A60294B264A1A60284B294A1A60294B4F
:10060000234A1A60284B224A1A60284B204A1A6053
:1006100036E0274A3B1D92E8030083E803001A4BAB
:10062000D3F89C309B0903F007033B613A1D3B69FB
:1006300013441B78FB73FB7B022B12D0022B14DCC0
:10064000002B02D0012B07D00FE000F035F8B86185
:10065000B86900F04FF813E04FF4004000F04AF89A
:100660000EE0144800F046F80AE0124800F042F8A4
:1006700006E000F021F8B861B86900F03BF8FFE748
:1006800000BF2037BD4680BD00800340040000202D
:1006900080651406080000200C00002010000020D7
:1006A0006019850114000020180000201C000020A3
:1006B0008CC9010040420F0080B483B000AF0A4BE8
:1006C000D3F8503103F004033B603B68002B02D1A8
:1006D000064B7B6001E0064B7B607B6818460C375D
:1006E000BD4680BC704700BF0080034040787D015C
:1006F00080F0FA0280B483B000AF78600C4A7B6867
:1007000013600C4A7B6813600B4A7B6813600B4BC9
:100710000B4A1A600B4A7B6813600B4A7B681360B4
:100720000A4A7B68136000BF0C37BD4680BC704727
:1007300004000020080000200C0000201000002011
:100740006019850114000020180000201C00002002
:1007500080B483B000AF0E4BD3F84C313B603B68A4
:100760004FF60202934204D03B680A4A934203D0F8
:1007700005E001237B6005E002237B6002E00023AB
:100780007B6000BF7B6818460C37BD4680BC704755
:100790000080034002F8010080B582B000AFFFF78F
:1007A000D7FF78607B68012B02D100F007F800E0EA
:1007B00000BF00BF0837BD4680BD000080B400AF59
:1007C000094BD3F89830084A43F48073C2F8983044
:1007D000054BD3F89830044A23F08063C2F8983070
:1007E00000BFBD4680BC70470080034080B483B02A
:1007F00000AF78604FF0FF3318460C37BD4680BC21
:10080000704780B584B000AFF860B9607A600CF0D2
:1008100027FA03460C221A604FF0FF3318461037B0
:10082000BD4680BD80B483B000AF786000BFFDE7F7
:1008300080B500AF0CF014FA03460B221A604FF09B
:10084000FF33184680BD80B483B000AF7860396054
:100850003B684FF400525A60002318460C37BD46DF
:1008600080BC704780B400AF01231846BD4680BCF1
:10087000704780B483B000AF7860012318460C370E
:10088000BD4680BC704780B582B000AF78603960EB
:100890000CF0E6F9034616221A604FF0FF331846B3
:1008A0000837BD4680BD80B582B000AF7860396042
:1008B0000CF0D6F903461F221A604FF0FF3318469A
:1008C0000837BD4680BD80B485B000AFF860B96020
:1008D0007A60002318461437BD4680BC704780B448
:1008E00085B000AFF860B9607A604FF0FF3318460A
:1008F0001437BD4680BC704780B485B000AFF86047
:10090000B9607A60002318461437BD4680BC704732
:1009100080B485B000AFF860B9607A603B600023B6
:1009200018461437BD4680BC7047000080B586B0BD
:1009300000AF78601F4B1B68002B02D11D4B1E4A75
:100940001A601C4B1B687B61EFF308833B61194BFA
:100950001B683A699A420FD9164B1A687B68134490
:100960003A699A421AD21923144A01210020FFF74A
:10097000CFFF0120FFF756FF114BFB600D4B1A68AC
:100980007B681344FA689A4208D219230D4A012160
:100990000020FFF7BDFF0120FFF744FF054B1A6859
:1009A0007B681344034A13607B6918461837BD46B9
:1009B00080BD00BF900800204063002094C9010062
:1009C00000F00020B0C9010080B483B000AF7860AF
:1009D00039603B684FF400525A60002318460C37C8
:1009E000BD4680BC704780B483B000AF78604FF0E4
:1009F000FF3318460C37BD4680BC704780B582B0C7
:100A000000AF78600CF02CF9034602221A604FF018
:100A1000FF3318460837BD4680BD80B582B000AFB1
:100A200078600CF01DF903460A221A604FF0FF337C
:100A300018460837BD4680BD2DE9B04384B000AFED
:100A400078607B68002298469146104BD3E90023DA
:100A500002FB09F008FB03F10144A8FB02454B1916
:100A60001D460B4A4FF00003204629461BF0CEFDE1
:100A700002460B4613460133FB60F868FFF78BFD17
:100A800000BF1037BD46BDE8B08300BF880000201E
:100A900040420F0080B582B000AF78607B684FF4B1
:100AA0007A7202FB03F31846FFF7C6FF00BF083750
:100AB000BD4680BD80B582B000AF78607B684FF4E2
:100AC0007A7202FB03F31846FFF7E4FF00BF083712
:100AD000BD4680BD80B485B000AF786039604FF00E
:100AE000FF33FB603B68BB6012E07B681B781A46F3
:100AF000FB681B0E53400B4A52F82320FB681B0275
:100B00005340FB607B6801337B60BB68013BBB608B
:100B1000BB68002BE9D1FB68DB4318461437BD46A0
:100B200080BC7047C4C9010080B500AF304807F0F1
:100B300009FC304B1B6819462F4807F003FC2F4B6C
:100B40001B6819462E4807F0FDFB2E4B1B68194603
:100B50002D4807F0F7FB2D4B1B6819462C4807F072
:100B6000F1FB2C4B1B6819462B4807F0EBFB2B4B7A
:100B70001B6819462A4807F0E5FB2A4B1B681946F3
:100B8000294807F0DFFB294B1B681946284807F066
:100B9000D9FB284B1B681946274807F0D3FB274B86
:100BA0001B681946264807F0CDFB264B1B681946E3
:100BB000254807F0C7FB254B1B681946244807F05A
:100BC000C1FB244B1B681946234807F0BBFB234B92
:100BD0001B681946224807F0B5FB224B1B681946D3
:100BE000214807F0AFFB214807F0ACFB00BF80BDF8
:100BF000C4CD010000000000DCCD01009001000028
:100C0000FCCD0100B004000018CE0100A881020054
:100C100030CE0100A081020044CE0100A881020074
:100C20005CCE01000000002074CE0100700800209E
:100C30008CCE010070080020A0CE0100406300208F
:100C4000B8CE010040630020C8CE010000F00020B3
:100C5000E4CE010000F00020F8CE010000000120E9
:100C600014CF01004063002028CF010038CF0100DD
:100C700080B584B000AFF860B9607A603B603B68D3
:100C800018687B68BA68F968984702463B681A603A
:100C90003B681B68002B02D14FF0FF3300E00023BC
:100CA00018461037BD4680BD80B586B000AFF860ED
:100CB000B9607A603B6014E0BB68102B28BF10233A
:100CC0007B613B687A687969F868FFF7D1FF034672
:100CD000002B02DA4FF0FF3307E0BA687B69D31AC2
:100CE000BB60BB68002BE7D1002318461837BD4610
:100CF00080BD000080B586B000AFF860B9607A6052
:100D00003B6000237B617B68002B0BD0BB68FA68DB
:100D100079683048FFF7C8FF0346002B02DA4FF02E
:100D2000FF3353E07A697B6813447B613B68002B97
:100D300012D03B6A002B0FD0BB68FA68396A38685A
:100D4000FFF796FF0346002B02DA4FF0FF333DE03A
:100D50007A693B6A13447B617B6A002B0BD0BB68CA
:100D6000FA68796A1C48FFF79FFF0346002B02DAF6
:100D70004FF0FF332AE07A697B6A13447B61FB6A98
:100D8000002B0BD0BB68FA68F96AB86AFFF770FFEE
:100D90000346002B02DA4FF0FF3317E07A69FB6A53
:100DA00013447B613B6B002B0BD0BB68FA68396B3B
:100DB0000848FFF779FF0346002B02DA4FF0FF33B4
:100DC00004E07A693B6B13447B617B6918461837F2
:100DD000BD4680BD3CCF010050CF010080B489B03A
:100DE00000AFF860B9607A603B600023FB610023CC
:100DF000BB6100237B61FB689B681A46BB6893421A
:100E000005D2FB689B681A46BB68D31A7B61FB68F6
:100E10005B6803F00403002B02D07B69BB6101E037
:100E20007B69FB61FB685B6803F04003002B15D016
:100E3000FA69BB6913443B61FB685B6803F0040318
:100E4000002B0CBF01230023DBB21A463B6913447D
:100E50005B08FB613A69FB69D31ABB617B68002BB5
:100E600002D07B68FA691A603B68002B02D03B68AD
:100E7000BA691A6000BF2437BD4680BC70470000C5
:100E80002DE9B04FA0B000AFC7E912017A643B640E
:100E9000D7E91223C7E91C23D7E91C231446C3F35F
:100EA0001305C7E91845D7E91C234FF000004FF0A0
:100EB0000001180D00210346C3F30A03BB66D7E9FE
:100EC0001C234FF000004FF00001D80F0021034613
:100ED000FB66BA6E40F2FF739A4209D16FF000438D
:100EE000BB65FB6EFB65D7E91823C7E91423FFE058
:100EF000D7E9182313430DD1BB6E002B0AD1002371
:100F0000BB654FF000024FF00003C7E91423FB6EEE
:100F1000FB65EDE0FB6EFB65BB6E002B21D1012371
:100F2000BB664FF000024FF00003C7E91423002313
:100F3000BB650CE0D7E918239118B9615B41FB61EF
:100F4000D7E90623C7E91823BB6E013BBB66D7E987
:100F500018234FF0000A03F4002B5AEA0B03E9D0E0
:100F600006E075A3D3E90023C7E914230023BB657A
:100F700073A3D3E90023C7E91E23D7E918234FF051
:100F800000004FF00001190341EA12511003C7E9B4
:100F9000180131E0D7E91823002B0CDAD7E9140146
:100FA000D7E91E238418BC6341EB0303FB63D7E935
:100FB0000E34C7E91434D7E91823911839615B411D
:100FC0007B61D7E90423C7E91823D7E91E23511C05
:100FD000396343F100037B634FF000024FF00003DD
:100FE000D7E90C4521464A08204629460C4642EAE4
:100FF000C4724B08C7E91E23D7E918231343C9D18C
:10100000BB6EA3F2FF33BB6629E0D7E91423911826
:10101000B9605B41FB60D7E90223C7E91423D7E934
:10102000142341498A4241498B4115D3D7E91423FE
:10103000511DB96243F10003FB624FF00A024FF009
:101040000003D7E90A011BF0E1FA02460B46C7E9A3
:101050001423BB6D0133BB65BB6E013BBB66BB6E2E
:10106000002BD2DC41E0D7E9142331498A423149CF
:101070008B4120D2D7E9144522462B464FF0000081
:101080004FF00001990041EA9271900002460B4630
:1010900012EB040843EB050918EB08033B6049EB2E
:1010A00009037B60D7E9008942464B46C7E9142310
:1010B000BB6D013BBB65D7E91423511C396243F179
:1010C00000037B624FF000024FF00003D7E90845B0
:1010D00021464A08204629460C4642EAC4724B087B
:1010E000C7E91423BB6E0133BB66BB6E002BBADBB2
:1010F0007B6C002B02D0FA6D7B6C1A603B6C002B72
:1011000004D0D7E91423396CC1E90023D7F8A03003
:10111000002B03D0BA6DD7F8A0301A6000BF80371B
:10112000BD46BDE8B08F00BF0000C16FF28623004E
:1011300000008D49FD1A07000080C6A47E8D0300C3
:1011400000406352BFC6010080B586B000AFF860B2
:10115000C7E900233A6A7B6AD31A7B610EE0D7E9BC
:1011600000014FF00A024FF000031BF04FFA024655
:101170000B46C7E900237B69013B7B617B69002B40
:10118000EDDC7B6A7B6122E0D7E900014FF00A02C7
:101190004FF000031BF03AFA13463B613B69DBB2A8
:1011A0003033D9B27B69013BFA6813444AB21A70F2
:1011B000D7E900014FF00A024FF000031BF026FAB6
:1011C00002460B46C7E900237B69013B7B617B69D3
:1011D000002BD9D17B6A18461837BD4680BD000068
:1011E00080B590B006AFF8607A603B600B46FB724A
:1011F00000237B6100233B613B6C6FF00042934214
:1012000015D1D7E90E23134311D097F90B30662B74
:1012100007D097F90B30652B03D097F90B30672B6C
:1012200002D12F4B3B6213E02E4B3B6210E097F94B
:101230000B30662B07D097F90B30652B03D097F94D
:101240000B30672B02D1284B3B6201E0274B3B62FE
:10125000386A0BF0AFFEF8613B6B002B02D0244BD9
:101260007B6219E03B6B002B08D1FB685B6803F0E5
:101270000203002B02D01F4B7B620DE03B6B002B67
:1012800008D1FB685B6803F00103002B02D01A4B06
:101290007B6201E0194B7B62786A0BF08BFEB861D0
:1012A000FA69BB69D11807F1100307F11402F86855
:1012B000FFF794FD7A693B690493FB6903933B6AEA
:1012C000029300230193BB6900937B6A39687868B5
:1012D000FFF710FD034618462837BD4680BD00BF06
:1012E00064CF010068CF01006CCF010070CF010016
:1012F00074CF010078CF01007CCF010080CF0100C6
:101300002DE9B0438AB000AFF860B9607A603B6005
:1013100048A3D3E90023C7E908230023FB61BB6886
:101320001B68BB617B6C002B21D0BA693E4B83FBF1
:101330000231D317C91A0B465B000B44D31ABB61A9
:10134000BB69002B02DABB690333BB613B68002B2E
:101350000DD0BB681B68002BB8BF5B427B617B690B
:10136000182B04DD7B69183BBA691344BB613B68E9
:10137000002B0AD1BB69002B02DABB690133BB61C8
:10138000BB69002BB8BF5B42BB61BA697B68134481
:101390000133FB61FB6923EAE373FB610BE0D7E9EF
:1013A00008014FF00A024FF000031BF02FF902462C
:1013B0000B46C7E90823FB695A1EFA61002BEED1E0
:1013C000FB68D3E90001D7E90823841841EB030542
:1013D000FB68C3E90045FB68D3E9002313498A424F
:1013E00013498B4118D3FB68D3E9002312F1050898
:1013F00043F100094FF00A024FF00003404649460E
:101400001BF004F902460B46F968C1E90023BB68EA
:101410001B685A1CBB681A6000BF2837BD46BDE870
:10142000B08300BFAFF30080565555550000C16F23
:10143000F28623000080E03779C3110080B5AAB09E
:1014400006AFF8607A603B600B46FB720023C7F87A
:101450008C300023C7F884300023C7F88030002385
:10146000BB6100237B610023FB670023BB67002374
:101470007B6700233B670023FB660023BB660023DA
:10148000BB6500237B6500233B650023FB7497F954
:101490000B30672B03D097F90B30472B23D1012357
:1014A0007B65FB685B6823F02002FB685A60D7F815
:1014B000A83013F1040F05DBFB68DA68D7F8A83011
:1014C0009A4208DC97F90B30672B01D1652300E0C5
:1014D0004523FB7207E097F90B30672B01D1662398
:1014E00000E04623FB7297F90B30662B03D097F987
:1014F0000B30462B01D101233B65FB68DB68002BD9
:1015000002DAFB680622DA607B6D002B06D0FB68EE
:10151000DB68002B02D1FB680122DA60D7F8983033
:10152000002B03D0AB4BC7F888301EE0D7F89830BB
:10153000002B09D1FB685B6803F00203002B03D08A
:10154000A54BC7F8883010E0D7F89830002B09D1A8
:10155000FB685B6803F00103002B03D09F4BC7F8C7
:10156000883002E09E4BC7F88830D7F888000BF02F
:1015700021FD7863FB68DA68FB685B6803F0200391
:1015800007F1A80107F1A00001937B6D00933B6D6B
:10159000FFF7B6FED7E92823134324D01023C7F85A
:1015A0008C301AE0D7E928014FF00A024FF000030F
:1015B0001BF02CF8134315D1D7F88C30013BC7F83A
:1015C0008C30D7E928014FF00A024FF000031BF0DE
:1015D0001DF802460B46C7E92823D7F88C30002BAC
:1015E000E0D100E000BF3B6D002B37D0FB685B68AB
:1015F00003F02003002B2AD00823FB6419E0D7F85E
:10160000A830022B08DDFB6C0133FB64D7F8A8304F
:10161000033BC7F8A8300CE0D7F8A830002B0FDA4E
:10162000FB6C013BFB64D7F8A8300333C7F8A83044
:1016300000BFFB6C002B04DDFB6C0F2BDFD900E03F
:1016400000BF684AFB6C134493F90030FB74D7F871
:10165000A83043EAE37301337B6623E001237B6612
:10166000FB685B6803F02003002B1BD0D7F8A82091
:101670005D4B83FB0231D317C91A0B465B000B4449
:10168000D31ABB64BB6C002B02DABB6C0333BB64A4
:101690007A6EBB6C13447B66D7F8A820BB6CD31A58
:1016A000C7F8A830FB68DA68D7F88C107B6ECB1AC5
:1016B00023EAE3739342A8BF13463B663B6D002BBE
:1016C0003CD07B6D002B39D0D7E92823C7E9102304
:1016D000D7F88C30FB630EE0FB6B013BFB63D7E973
:1016E00010014FF00A024FF000031AF08FFF02467C
:1016F0000B46C7E910237A6E3B6E1344FA6B9A428D
:10170000EADC0EE0D7E910014FF00A024FF00003C7
:101710001AF07CFF02460B46C7E910233B6E013BE3
:101720003B663B6E002B09DDD7E910014FF00A0242
:101730004FF000031AF06AFF1343E3D07A6E7B6B1D
:101740001A443B6E1344C7F880303B6D002B38D0F1
:101750007B6E002B06D10123FB67D7F88030013365
:10176000C7F880307A6ED7F88C309A4204DD7A6EF2
:10177000D7F88C30D31ABB67D7F8A830B3F1FF3F46
:1017800015DAFB68DB68002B11DDD7F8A830DB43E6
:101790007B67FB68DB681A467B6F934228BF134662
:1017A0007B67D7F880207B6F1344C7F8803097F9A8
:1017B0001330002B34D0D7F880300133C7F8803095
:1017C0002EE0D7F8A830002BB8BF5B42FB650023A2
:1017D000BB6516E074CF010078CF01007CCF01001B
:1017E00080CF01002400002056555555BB6D0133B4
:1017F000BB65FB6D9C4A82FB03129210DB17D31A68
:10180000FB65FB6D002BF1DCBB6D022B38BF0223A7
:10181000BB65BA6DD7F8803013440233C7F8803007
:101820003A6E7B6F1344FA68D268934217D27B6D8D
:10183000002B05D0FB685B6803F00803002B0ED07B
:10184000FB68DB681A467B6FD21A3B6ED31A3B6784
:10185000D7F880203B6F1344C7F880301AE03B6D07
:10186000002B17D03A6E7B6F1344FA68D26893420C
:1018700010D93A6E7B6F1344FA68D2689B1A3B63A7
:101880003B6BD7F88020D31AC7F880303A6E3B6B99
:10189000D31A3B667B6F002B0BD13B6F002B08D11B
:1018A0003B6E002B05DCFB685B6803F00803002B34
:1018B00006D00123BB66D7F880300133C7F88030EB
:1018C00007F1140307F11802D7F88010F868FFF742
:1018D00085FAFB685B6803F01003002B05D0BB6939
:1018E000FA6F1344FB670023BB617B6E002B0ED0A5
:1018F000D7E92823786EB96F411A07F11C000191CE
:10190000D7F88C100091FFF71FFC034600E000237E
:10191000C7F88430D7F88C20D7F88430D31AC7F8AA
:101920008C30BA6900230493D7F88430039307F10D
:101930001C030293FB6F01937B6B0093D7F88830F5
:1019400039687868FFF7D6F9F862FB6AB3F1FF3FB0
:1019500001D1FB6AF4E0FA6EFB6A1344FB660023D4
:1019600004930023039300230293BB6F019300238E
:1019700000930023002239687868FFF7BBF9F8620A
:10198000FB6AB3F1FF3F01D1FB6AD9E0FA6EFB6A53
:101990001344FB663B6E002B0CD0D7E9282307F1DC
:1019A0001C00396E0191D7F88C100091FFF7CCFB29
:1019B000034600E00023C7F88430BB6E002B14BF41
:1019C00001230023DBB21A4600230493D7F88430A6
:1019D000039307F11C0302937B6F01930092234B47
:1019E000002239687868FFF785F9F862FB6AB3F17D
:1019F000FF3F01D1FB6AA3E0FA6EFB6A1344FB666A
:101A00000023049300230393002302933B6F01936D
:101A1000002300930023002239687868FFF76AF9F1
:101A2000F862FB6AB3F1FF3F01D1FB6A88E0FA6E0E
:101A3000FB6A1344FB66BB6D002B5DD0D7F8A83062
:101A4000002BB8BF5B42BB63FB7A3B74D7F8A8306E
:101A5000002B01DA2D2300E02B237B74BB6DFB658B
:101A60000023C7F8843025E06766666684CF0100EE
:101A7000B96B354BA3FB0123DA0813469B001344D3
:101A80005B00CA1AD3B23033DAB2FB6D013B52B2FB
:101A900090333B4403F8742CFB6D013BFB65D7F896
:101AA00084300133C7F88430BB6B274AA2FB032381
:101AB000DB08BB63FB6D002BDADC07F110020023AF
:101AC0000493D7F88430039307F11C030293002397
:101AD0000193022300931346002239687868FFF7C8
:101AE00009F9F862FB6AB3F1FF3F01D1FB6A27E015
:101AF000FA6EFB6A1344FB6697F91330002B14BF90
:101B000001230023DBB21A467B690493039207F199
:101B10001303029300230193002300930023002268
:101B200039687868FFF7E6F8F862FB6AB3F1FF3FBF
:101B300001D1FB6A04E0FA6EFB6A1344FB66FB6E9C
:101B400018469037BD4680BDCDCCCCCC90B593B077
:101B500006AFF860B9603B601346FB71FB6893F910
:101B600014304C2B02D14FF0FF334DE0BB681B68A3
:101B7000073323F0070303F10801BA681160D3E9C2
:101B80000023C7E90A2307F1180107F1240207F12E
:101B9000140300930B46D7E90A01FFF771F97B693B
:101BA0006FF00042934203D1D7E90623134308D1D3
:101BB0007B696FF00042934215D1D7E906231343A6
:101BC00011D1796AD7E90623786997F9074004901B
:101BD000CDE9022300913B6C3A682146F868FFF793
:101BE000FFFA034610E0796AD7E90623786997F986
:101BF00007400490CDE9022300913B6C3A682146EE
:101C0000F868FFF71BFC034618463437BD4690BD05
:101C10002DE9B04FAAB006AFF865B9653B6513462C
:101C200087F85730FB6D1A6AFB6D5B6A1344C7F87F
:101C30008430D7F884300733DB08C7F880304FF0A2
:101C400000024FF00003C7E918234FF000024FF0E5
:101C50000003C7E91823D7F88030002B02D14FF0DA
:101C6000FF33EEE0D7F88030042B08D8BB6D19683D
:101C70000A1DBB6D1A600B68C7F88C3007E0BB6D9E
:101C800019680A1DBB6D1A600B68C7F88C30D7F84D
:101C90008C30002B0AD10023FB674FF000024FF07D
:101CA0000003C7E91C230023FB66BAE0D7F88430A1
:101CB0005A1E012303FA02F2D7F88C301340002B8E
:101CC00014BF01230023DBB2FB67FB6F002B04D0A2
:101CD000D7F88C305B42C7F88C30D7F884305A1E66
:101CE000012393405A1ED7F88C301340C7F88C302C
:101CF000D7F88C30DA17BB64FA64D7E91223C7E946
:101D00001C234FF0FF33C7F8883009E0D7F88C3038
:101D10005B10C7F88C30D7F888300133C7F88830AB
:101D2000D7F88C30002BF1D1D7F88820FB6D5B6A97
:101D3000D31AFB6609E0D7E91C23911839605B418F
:101D40007B60D7E90023C7E91C23D7E91C23B3F53F
:101D5000801FF0D3D7E9182300244FEA13554FEA28
:101D60000555D7E91C239246C3F3130B44EA0A0333
:101D70003B6445EA0B037B64D7E91034C7E91834A8
:101D8000D7E91823BA636FF31E53FB63FB6EDA17B0
:101D90003B637A633B6BC3F30A084FF0000940F2E0
:101DA000FF3318EB0303BB6249F10003FB624FF002
:101DB00000024FF00003B96A0B050022D7E90E01BB
:101DC000044614433C6219437962D7E90834C7E9F1
:101DD0001834D7E91823BA6123F00043FB61FB6F85
:101DE00000223B617A614FF000024FF00003396935
:101DF000CB070022D7E9060104461443BC6019430F
:101E0000F960D7E90234C7E91834D7E9180107F1B6
:101E1000700407F17C0207F16C0300932346FFF77F
:101E20002FF8F96FD7E91C23F86E0490CDE902234F
:101E30000091D7F8B0303A6D6621F86DFFF7FEFAE1
:101E4000034618469037BD46BDE8B08FB0B485B0A4
:101E500000AF786039603B681B68191D3A681160F3
:101E60001B68FB60FB68002B48D07B6893F914303B
:101E7000682B05D17B681B681AB2FB681A803DE0AD
:101E80007B6893F91430692B05D17B681B685AB2C3
:101E9000FB681A7032E07B6893F914306C2B05D123
:101EA0007B681B681A46FB681A6027E07B6893F919
:101EB00014306A2B08D17B681B6800221C4615462B
:101EC000FB68C3E9004519E07B6893F914307A2B6D
:101ED00004D17B681A68FB681A600FE07B6893F98D
:101EE0001430742B05D17B681B681A46FB681A6096
:101EF00004E07B681B681A46FB681A6000231846DA
:101F00001437BD46B0BC704780B58EB006AFF860E0
:101F1000B9603B601346FB710023FB6197F9073002
:101F2000632B08D1BB681B68191DBA6811601B6858
:101F30005BB2FB7403E0FB6893F91530FB74FB683C
:101F4000DB68002B02DAFB680122DA60FB68DB68E1
:101F5000012BB8BF0123BB611FE0002304930123C1
:101F6000039307F1130302930023019300230093CB
:101F700000230022B96A3868FEF7BCFE78617B69ED
:101F8000B3F1FF3F02D14FF0FF330AE0FA697B69FA
:101F90001344FB61BB69013BBB61BB69002BDCD116
:101FA000FB6918462037BD4680BD000080B58EB065
:101FB00006AFF860B9603B601346FB710023FB611C
:101FC00000237B6100233B61BB681B68191DBA6855
:101FD00011601B68BB61BB69002B01D1174BBB6152
:101FE000B8690AF0E7FFF861FB68DB68002B07DBE4
:101FF000FB68DB681A46FB69934228BF1346FB6106
:1020000007F1100307F11402F969F868FEF7E6FE1C
:102010007A693B690493FB690393BB6902930023CC
:102020000193002300930023B96A3868FEF762FE2B
:10203000034618462037BD4680BD00BF88CF01004B
:102040002DE9F043CBB006AF07F58876A6F582768A
:10205000306007F58870A0F584700160114607F5BF
:102060008872A2F58872136007F58873A3F20913CA
:102070000A461A700023C7F80C310023BB61002305
:102080007B610023C7F804310023C7F80031002327
:10209000C7F8FC300023C7F8F4300023C7F8F0304D
:1020A00007F58873A3F582731B685B6803F08003F0
:1020B000002B00F0EE8007F58873A3F582731B6890
:1020C00093F914306C2B10D107F58873A3F5847342
:1020D0001B681B68191D07F58872A2F584721268C7
:1020E00011601B68C7F8EC3063E007F58873A3F54F
:1020F00082731B6893F914306A2B16D107F5887325
:10210000A3F584731B681B68073323F0070303F1EF
:10211000080107F58872A2F5847212681160D3E98C
:1021200000231346C7F8EC3043E007F58873A3F5A6
:1021300082731B6893F914307A2B10D107F58873DA
:10214000A3F584731B681B68191D07F58872A2F537
:102150008472126811601B68C7F8EC3029E007F53B
:102160008873A3F582731B6893F91430742B10D114
:1021700007F58873A3F584731B681B68191D07F5A1
:102180008872A2F58472126811601B68C7F8EC307F
:102190000FE007F58873A3F584731B681B68191D8E
:1021A00007F58872A2F58472126811601B68C7F87F
:1021B000EC3007F58873A3F582731B6893F914302C
:1021C000682B04D1D7F8EC301BB2C7F8EC3007F518
:1021D0008873A3F582731B6893F91430692B04D1BB
:1021E000D7F8EC305BB2C7F8EC30D7F8EC30002B06
:1021F000B8BF5B42C7F8F83007F58873A3F5807362
:1022000000221A70D7F8EC30002B06DA07F5887335
:10221000A3F580732D221A7020E007F58873A3F5CB
:1022200082731B685B6803F00203002B06D007F57E
:102230008873A3F580732B221A700FE007F588735B
:10224000A3F582731B685B6803F00103002B05D0C4
:1022500007F58873A3F5807320221A7007F5887339
:10226000A3F5807393F90030002B00F0B2800123B6
:10227000C7F8F43007F58873A3F582731B685B68B1
:1022800043F0080207F58873A3F582731B685A6050
:102290009FE007F58873A3F582731B6893F91430E8
:1022A0006C2B10D107F58873A3F584731B681B682A
:1022B000191D07F58872A2F58472126811601B68F7
:1022C000C7F8F83063E007F58873A3F582731B68DD
:1022D00093F914306A2B16D107F58873A3F584732C
:1022E0001B681B68073323F0070303F1080107F598
:1022F0008872A2F5847212681160D3E90023134634
:10230000C7F8F83043E007F58873A3F582731B68BC
:1023100093F914307A2B10D107F58873A3F58473E1
:102320001B681B68191D07F58872A2F58472126874
:1023300011601B68C7F8F83029E007F58873A3F52A
:1023400082731B6893F91430742B10D107F58873CE
:10235000A3F584731B681B68191D07F58872A2F525
:102360008472126811601B68C7F8F8300FE007F537
:102370008873A3F584731B681B68191D07F58872A1
:10238000A2F58472126811601B68C7F8F83007F56F
:102390008873A3F582731B6893F91430682B04D1FA
:1023A000D7F8F8309BB2C7F8F83007F58873A3F573
:1023B00082731B6893F91430692B04D1D7F8F83075
:1023C000DBB2C7F8F83007F58873A3F580733022C5
:1023D0001A7007F58873A3F2091393F900306F2B75
:1023E00006D1D7F8F830002B02D00123C7F8F4301B
:1023F00007F58873A3F2091393F90030782B0FD0F7
:1024000007F58873A3F2091393F90030582B07D00E
:1024100007F58873A3F2091393F90030622B32D1C8
:1024200007F58873A3F582731B685B6803F02003CC
:10243000002B03D1D7F8F830002B0CD007F58873A8
:10244000A3F5807307F58872A2F2091212785A7008
:102450000223C7F8F43007F58873A3F582731B686D
:102460005B6803F02003002B0DD007F58873A3F5FC
:10247000807393F9013043F020035AB207F5887353
:10248000A3F580735A7007F58873A3F582731B68F0
:102490005B6803F00803002B0ED0D7F80C21D7F8A7
:1024A000F4301344C7F80C3107F11003C7F8FC30BF
:1024B000D7F8F430C7F80031D7F834310A2B50D1AF
:1024C0000023C7F8083147E0D7F8F83000229846D3
:1024D0009146AF4B03FB09F2002303FB08F31344BF
:1024E000AB4AA8FB02452B441D46C7E92C45C7E96A
:1024F0002C45D7E92C014FF000024FF00003CA0829
:1025000000231346C7F8AC30D7F8AC309B00D7F89F
:10251000AC201344C7F8A830D7F8A8305B00D7F830
:10252000F820D31AC7F8A430D7F808310133C7F818
:102530000831D7F8A430DBB23033DAB2D7F808313B
:10254000C3F1820352B203F588733B4403F8F42CC1
:10255000D7F8AC30C7F8F830D7F8F830002BB3D143
:10256000ACE0D7F83431022B07D0D7F83431082B40
:1025700003D0D7F83431102B5BD1D7F83431013B7D
:10258000C7F8C030D7F83431102B07D0D7F8343122
:10259000082B01D1032302E0012300E00423C7F844
:1025A000BC300023C7F808313EE0D7F8F820D7F850
:1025B000C0301340774AD35C87F8EB3007F5887357
:1025C000A3F2091393F90030782B0FD007F5887325
:1025D000A3F2091393F90030692B07D007F588732C
:1025E000A3F2091393F90030752B05D197F8EB305E
:1025F00043F0200387F8EB30D7F808310133C7F8F0
:102600000831D7F80831C3F1820303F588733B44DE
:1026100097F8EB2003F8F42CD7F8F820D7F8BC3063
:1026200022FA03F3C7F8F830D7F8F830002BBCD102
:1026300044E00023C7F808313CE0D7F8F830D7F879
:102640003421B3FBF2F2D7F8341101FB02F29B1AEA
:10265000504AD35C87F8EA3007F58873A3F2091370
:1026600093F90030692B07D007F58873A3F209139B
:1026700093F90030752B05D197F8EA3043F0200329
:1026800087F8EA30D7F808310133C7F80831D7F8AE
:102690000831C3F1820303F588733B4497F8EA20BD
:1026A00003F8F42CD7F8F820D7F83431B2FBF3F361
:1026B000C7F8F830D7F8F830002BBED107F588738B
:1026C000A3F582731B68DB69002B00F01C8107F502
:1026D0008873A3F582731B689B69C7F8E43007F51C
:1026E0008873A3F582731B68DB69C7F8E0300023A9
:1026F000C7F8D830D7F80831C7F8D030D7F8083144
:10270000C3F18203C7F8CC30D7F8E030013BD7F8EB
:10271000E4201344C7F8E430E6E0D7F8E030002BBB
:1027200000F08580D7F8E4301B7887F8DF3097F920
:10273000DF302D2B00F0DE8097F9DF302A2B1FD100
:1027400007F58873A3F584731B681B68191D07F5CB
:102750008872A2F58472126811601B68C7F8D830BD
:10276000D7F8D830002BC0F2C780D7F8E430013B4F
:10277000C7F8E430D7F8E030013BC7F8E03043E079
:102780000023C7F8D8300123C7F8D43023E000BFB6
:10279000CDCCCCCC98CF010097F9DF30303B1A4636
:1027A000D7F8D43003FB02F2D7F8D8301344C7F877
:1027B000D830D7F8D42013469B0013445B00C7F8E9
:1027C000D430D7F8E430013BC7F8E430D7F8E03034
:1027D000013BC7F8E030D7F8E030002B14D0D7F831
:1027E000E4301B7887F8DF3097F9DF30002B0BD00F
:1027F00097F9DF300133874A134493F90030DBB295
:1028000003F00403002BC7D1D7F8E030002B75D0BC
:10281000D7F8E4301B7887F8DF30D7F8E430013B95
:10282000C7F8E430D7F8E030013BC7F8E030D7F81C
:10283000D830002B54D0D7F8D830D7F8D0209A42CF
:102840005ED9D7F8CC30C7F8C830D7F8D830D7F829
:10285000D020D31AC7F8C43018E0D7F8C830013BED
:1028600007F11C01D7F8C8200A4492F9002003F5AB
:1028700088733B4403F8F42CD7F8C430013BC7F805
:10288000C430D7F8C8300133C7F8C830D7F8C430DF
:10289000002BE2D1D7F8CC30013BC7F8CC30D7F8C9
:1028A000CC20D7F8D0301A44D7F8D830D31A03F553
:1028B00088733B4497F8DF2003F8F42CD7F80831ED
:1028C0000133C7F80831D7F8F0300133C7F8F030DA
:1028D000D7F8D830D7F8D020D31AC7F8D03003E0D3
:1028E000D7F8E030002B0DD0D7F8D030002B7FF494
:1028F00014AF08E000BF06E000BF04E000BF02E044
:1029000000BF00E000BFD7F80831C7F8A03007F5D6
:102910008873A3F582731B68DB68002B07DA07F561
:102920008873A3F582731B680122DA600DE007F556
:102930008873A3F582731B685B6823F0100207F5A8
:102940008873A3F582731B685A6007F58873A3F533
:1029500082731B68DB681A46D7F8F0301344D7F847
:102960000821934238BF1346C7F80831D7F80C2125
:10297000D7F808311344C7F80C3107F1140307F1F5
:10298000180207F58871A1F58270D7F80C1100685C
:10299000FEF724FAD7F80821D7F8A030D31AC7F8E1
:1029A000043107F58873A3F582731B685B6803F035
:1029B0001003002B07D0BB69D7F804211344C7F8D4
:1029C00004310023BB61B969D7F8A030C3F1820399
:1029D00007F11C0213447A6907F58870A0F5887026
:1029E0000492D7F8A02003920293D7F80431019300
:1029F000D7F800310093D7F8FC300A46D7F83011E9
:102A00000068FEF777F90346184607F58A77BD4652
:102A1000BDE8F0837C0C020080B58CB006AFF86096
:102A2000B9603B601346FB7100237B6197F9073067
:102A30006E2B05D1B968F868FFF708FA0346DDE0A8
:102A400097F90730252B11D1002304930123039319
:102A5000FB1D029300230193002300930023002217
:102A6000396A3868FEF746F90346C7E097F9073038
:102A7000632B03D097F90730432B0AD197F907202E
:102A80003B6A00933B68B968F868FFF73DFA034674
:102A9000B4E097F90730732B0AD197F907203B6A06
:102AA00000933B68B968F868FFF780FA0346A5E031
:102AB00097F90730652B13D097F90730452B0FD0C6
:102AC00097F90730662B0BD097F90730462B07D0C4
:102AD00097F90730672B03D097F90730472B0AD1B6
:102AE00097F907203B6A00933B68B968F868FFF7DD
:102AF0002DF8034682E097F907306B2B0AD197F93E
:102B000007203B6A00933B68B968F868FFF780F8D4
:102B1000034673E097F90730702B0DD15823FB71F2
:102B2000FB6800221A75FB6828225A60FB6808229D
:102B30009A60FB680822DA6097F90730642B07D0A7
:102B400097F90730692B03D097F90730492B1CD12F
:102B5000FB685B6843F08002FB685A600A237B6174
:102B6000FB685B6823F00802FB685A6097F907303E
:102B7000692B03D097F90730492B06D1FB681B69F5
:102B8000002B02D0FB681B697B6197F90730782B1B
:102B900003D097F90730582B01D110237B6197F9A7
:102BA0000730752B03D097F90730552B08D1FB68F8
:102BB0001B69002B02D0FB681B6900E00A237B61C4
:102BC00097F907306F2B01D108237B6197F9073004
:102BD000622B01D102237B617B69012B0CD997F910
:102BE00007207B6901933B6A00933B68B968F868EA
:102BF000FFF726FA034601E04FF0FF331846183777
:102C0000BD4680BD80B59CB002AFF860B9607A6007
:102C10003B607B683B663B683B617B68002B00F058
:102C20008C8200237B617DE23B6EFB6502E0FB6DE5
:102C30000133FB65FB6D93F90030002B04D0FB6D75
:102C400093F90030252BF2D1FA6D3B6ED31AFB6459
:102C5000FB6C002B0ED007F10803FA68F96C386E94
:102C6000FEF706F80346002BC0F269827A69FB6C16
:102C700013447B61FB6D3B663B6E93F90030002B88
:102C800000F050823B6E01333B660023BB610BE0DA
:102C9000BA69BB6CA6495B1AA64951F823301343A5
:102CA000BB613B6E01333B663B6E1B7887F8673038
:102CB00097F96730002B09D097F9673019469C487F
:102CC00009F05CFEB864BB6C002BE1D13B6E93F95C
:102CD00000302A2B12D13B691A1D3A611B68FB6137
:102CE000FB69002B06DAFB695B42FB61BB6943F0C1
:102CF0000403BB613B6E01333B6628E00023FB61AC
:102D00000DE0FA6913469B0013445B001A4697F9DD
:102D100067301344303BFB613B6E01333B663B6ED7
:102D20001B7887F8673097F96730002B0FD097F939
:102D300067300133804A134493F90030DBB203F06B
:102D40000403002B03D0FB69B3F5FA7FD9DBFB69E1
:102D5000B3F5FA7F00F3F5813B6E93F900302E2B2B
:102D600003D04FF0FF333B6243E03B6E01333B66E1
:102D70003B6E93F900302A2B0DD13B691A1D3A6145
:102D80001B683B623B6AB3F5FA7F00F3DC813B6E64
:102D900001333B662DE000233B620DE03A6A1346A7
:102DA0009B0013445B001A4697F967301344303B8D
:102DB0003B623B6E01333B663B6E1B7887F86730A6
:102DC00097F96730002B0FD097F9673001335A4AD3
:102DD000134493F90030DBB203F00403002B03D05B
:102DE0003B6AB3F5FA7FD9DB3B6AB3F5FA7F00F3B0
:102DF000AC813B6E93F900303A2B02D000237B620A
:102E000048E03B6E01333B663B6E93F900302A2B62
:102E100014D13B691A1D3A611B687B647B6C002BE3
:102E200002DA00237B6205E07B6C242B00F38F81A8
:102E30007B6C7B623B6E01333B662BE000237B6245
:102E40000DE07A6A13469B0013445B001A4697F91B
:102E500067301344303B7B623B6E01333B663B6E15
:102E60001B7887F8673097F96730002B0ED097F9F9
:102E700067300133304A134493F90030DBB203F07A
:102E80000403002B02D07B6A232BDADD7B6A242B20
:102E900000F35F8110237B631023BB6300233B633C
:102EA0000023FB623B6E1B7887F8673097F9673029
:102EB0005B2B24D10023BB653B6E01333B663B6E2D
:102EC000FB6205E03B6E01333B66BB6D0133BB65C6
:102ED0003B6E1B7887F8673097F96730002B03D07B
:102EE00097F967305D2BEDD197F96730002B00F033
:102EF00032813B6E01333B66BB6D3B639CE097F9CF
:102F000067307B2B40F098803B6E01333B663B6E15
:102F100093F900302A2B08D13B691A1D3A611B68CE
:102F20007B653B6E01333B662DE000237B6513E040
:102F3000C0CF0100C8CF01007C0C02007A6D13469F
:102F40009B0013445B001A4697F967301344303BEB
:102F50007B653B6E01333B663B6E1B7887F86730C1
:102F600097F96730002B0ED097F967300133844A08
:102F7000134493F90030DBB203F00403002B02D0BA
:102F80007B6D1F2BDAD97B6D202B00F2E6803B6E28
:102F900093F900302E2B40F0E2803B6E01333B660C
:102FA0003B6E93F900302A2B08D13B691A1D3A6118
:102FB0001B683B653B6E01333B6627E000233B65A6
:102FC0000DE03A6D13469B0013445B001A4697F9D7
:102FD00067301344303B3B653B6E01333B663B6ED1
:102FE0001B7887F8673097F96730002B0ED097F978
:102FF00067300133624A134493F90030DBB203F0C7
:103000000403002B02D03B6D1F2BDAD997F96730F0
:10301000002B00F0A6803B6E01333B663B6D202BFE
:1030200000F2A1807A6D3B6D13441F2B00F29D804E
:103030007B6D7B633B6DBB633B6E1B7887F86730B2
:1030400097F96730002B0ED097F9673019464D4835
:1030500009F094FC0346002B05D03B6E01333B6620
:1030600097F9673000E0002387F8283097F9283077
:10307000002B17D03B6E1B7887F8673097F96730C5
:10308000002B0FD097F9283097F967209A4209D181
:1030900097F9283043F001035BB287F828303B6E84
:1030A00001333B663B6E1B7887F8673097F96730D2
:1030B000002B05D13B691A1D3A611B683B6631E064
:1030C00097F8673087F8433097F94330432B0FD197
:1030D0003B6E01333B663B6E1B7887F8673097F990
:1030E0006730002B43D097F8673087F8293002E02B
:1030F000002387F8293097F9432007F1100107F1E1
:10310000140007F108030093FB68FFF785FCF863E0
:10311000FB6B002B2DDB7A69FB6B13447B613B6EF1
:1031200001333B663B6E1B7887F8673097F9673051
:10313000002B7FF479AD7B691EE000BF1AE000BF71
:1031400018E000BF16E000BF14E000BF12E000BFAF
:1031500010E000BF0EE000BF0CE000BF0AE000BFBF
:1031600008E000BF06E000BF04E000BF02E000BFCF
:1031700000E000BF4FF0FF3318466837BD4680BD02
:103180007C0C020090CF010080B483B000AF786067
:103190007B6800221A7000225A7000229A70002266
:1031A000DA707B6818460C37BD4680BC704780B427
:1031B00083B000AF78607B6800221A7000225A70DA
:1031C00000229A700022DA707B6818460C37BD46E0
:1031D00080BC704780B483B000AF78607B68002209
:1031E0001A7000225A7000229A700022DA707B68EE
:1031F00018460C37BD4680BC7047000080B582B0D1
:1032000000AF78607B681B681946304805F09AF873
:103210007B681B78C3F30003DBB219462C4805F02A
:1032200091F87B681B78C3F34003DBB21946294849
:1032300005F088F87B681B78C3F38003DBB219467E
:10324000254805F07FF87B681B78C3F3C003DBB229
:103250001946224805F076F87B681B78C3F3001303
:10326000DBB219461E4805F06DF87B681B78C3F386
:103270004013DBB219461B4805F064F87B681B78E5
:10328000C3F38013DBB21946174805F05BF87B687F
:103290001B78C3F3C013DBB21946144805F052F88B
:1032A0007B685B78C3F30303DBB21946104805F073
:1032B00049F87B685B78C3F30313DBB219460C480B
:1032C00005F040F800BF0837BD4680BDE8CF0100DB
:1032D00014D001002CD0010044D001005CD00100CA
:1032E00074D001008CD00100A4D00100BCD001003A
:1032F000D4D0010080B584B000AF78607B68B3F9AA
:1033000000301BB2BB817B68B3F904301BB2FB8178
:1033100007F10E0207F10C031146184600F08AFF70
:103320000346B3F900309AB27B68B3F900301BB2A0
:1033300019467B68B3F904301BB2CB1A002BB8BF17
:103340005B42D90F0B445B109BB213449BB21BB280
:1033500018461037BD4680BD80B582B000AF78609A
:1033600079680A684B680F4804F0ECFF7B68B3F992
:1033700000301BB219460C4804F0E4FF7B68B3F937
:1033800004301BB21946094804F0DCFF7868FFF7E7
:10339000B1FF03461946064804F0D4FF00BF0837C2
:1033A000BD4680BDECD0010008D1010018D101005C
:1033B00028D1010080B586B000AF0023FB82A84B66
:1033C0001A6807F10C038C321068516803C3A44BD0
:1033D0001A683B1DAC321068516803C3A14804F061
:1033E000B1FF07F10C031846FFF7B6FF9E4804F043
:1033F000A9FF3B1D1846FFF7AFFFB7F90C30002BB4
:1034000005D0B7F91030002B01D0012300E00023D4
:103410007B75B7F90430002B05D0B7F90830002BC5
:1034200001D0012300E000233B75B7F90C20B7F968
:1034300010309A4201D100237B75B7F90420B7F907
:1034400008309A4201D100233B75B7F90C30874A06
:1034500082FB03121A445112DA178A1A40F2DA2157
:1034600001FB02F29A1A13B2BB81B7F910307F4AFE
:1034700082FB03121A445112DA178A1A40F2DA2137
:1034800001FB02F29A1A13B23B82B7F90430774A71
:1034900082FB03121A445112DA178A1A40F2DA2117
:1034A00001FB02F29A1A13B2BB80B7F908306F4AD7
:1034B00082FB03121A445112DA178A1A40F2DA21F7
:1034C00001FB02F29A1A13B23B81B7F90C30002BC0
:1034D00007DAB7F90C309BB203F2DA239BB21BB2C6
:1034E000BB81B7F91030002B07DAB7F910309BB267
:1034F00003F2DA239BB21BB23B82B7F90430002BF4
:1035000007DAB7F904309BB203F2DA239BB21BB29D
:10351000BB80B7F90830002B07DAB7F908309BB247
:1035200003F2DA239BB21BB23B81B7F90C301A4687
:10353000B7F91030D31A002BB8BF5B42B3F5B77F91
:1035400016DBB7F90C20B7F910309A4208DAB7F950
:103550000C309BB203F2DA239BB21BB2BB8107E0B3
:10356000B7F910309BB203F2DA239BB21BB23B8255
:10357000B7F904301A46B7F90830D31A002BB8BF90
:103580005B42B3F5B77F16DBB7F90420B7F9083013
:103590009A4208DAB7F904309BB203F2DA239BB2FD
:1035A0001BB2BB8007E0B7F908309BB203F2DA2305
:1035B0009BB21BB23B81B7F90C301A46B7F91030F9
:1035C000D31A002BB8BF5B42B3F5B77F01DB0023F2
:1035D0007B75B7F904301A46B7F90830D31A002BB7
:1035E000B8BF5B42B3F5B77F01DB00233B752048D2
:1035F00004F0A8FE07F10C031846FFF7ADFE1A48C9
:1036000004F0A0FE3B1D1846FFF7A6FE7B7D002BB5
:1036100006D007F10C031846FFF76CFE0346FB8249
:103620003B7D002B09D03B1D1846FFF763FE034688
:10363000FA8A9BB213449BB2FB827B7D002B08D09D
:103640003B7D002B05D0B7F91630DA0F13445B1021
:10365000FB82B7F9163018461837BD4680BD00BF4B
:103660004C00002038D1010064D10100B1F98CB3C5
:1036700068D1010080B588B000AF0023FB6107F17D
:1036800014031846FFF780FD3B7D43F001033B75B3
:103690003B7D43F002033B753B7D43F004033B75E8
:1036A000954B1B68203307F11402106818606420E2
:1036B000FDF7F0F907F110031846FFF778FD8E4B80
:1036C0001A6807F1100324321068186000233B8247
:1036D000894B1B68243307F110021068186000231F
:1036E000FB6112E0844B1A6807F110032432106862
:1036F0001860B7F91020B7F912309A420AD00120A9
:10370000FDF7C8F9FB690133FB61FB69B3F5FA6F9B
:10371000E8D300E000BF3B7D43F008033B75764BE8
:103720001B68203307F11402106818603B7D23F0FA
:1037300008033B75704B1B68203307F114021068B7
:10374000186040F2EE233B826B4B1B68243307F179
:103750001002106818600023FB6112E0664B1A68C3
:1037600007F11003243210681860B7F91020B7F978
:1037700012309A420AD00120FDF78CF9FB6901331F
:10378000FB61FB69B3F5FA6FE8D300E000BFFFF718
:1037900011FE03467B837B8B2D3B9BB21BB23B828E
:1037A000554B1B68243307F1100210681860B7F9F5
:1037B0001A302D3B1946514804F0C4FD0023FB612B
:1037C00013E04D4B1A6807F110032432106818609B
:1037D000B7F91A302D3BB7F9122093420AD00120D5
:1037E000FDF758F9FB690133FB61FB69B3F5FA6F2B
:1037F000E7D300E000BF7B8B3B823F4B1B68243349
:1038000007F1100210681860B7F91A3019463B48E2
:1038100004F098FD0023FB6112E0374B1A6807F1B2
:103820001003243210681860B7F91230B7F91A2063
:103830009A420AD00120FDF72DF9FB690133FB61A3
:10384000FB69B3F5FA6FE8D300E000BFB7F91230B7
:10385000FA6919462A4804F075FD3B7D43F00803D8
:103860003B75254B1B68203307F114021068186064
:103870003B7D23F008033B751F4B1B68203307F18A
:103880001402106818601C4B1A6807F108038C3288
:103890001068516803C3184B1A683B46AC32106875
:1038A000516803C3174804F04DFD07F1080318469B
:1038B000FFF752FD144804F045FD3B461846FFF75C
:1038C0004BFD124B01221A603B7D23F001033B7537
:1038D0003B7D23F002033B753B7D23F004033B75E6
:1038E000054B1B68203307F114021068186000BFF5
:1038F0002037BD4680BD00BF4C00002098D101009C
:10390000C4D10100F8D1010064D1010038000020C9
:1039100080B586B000AF786000237B6100237B8296
:103920007B68082B01D9FFF7A5FE5F4B1B687A68FF
:103930009A4200F0B4807B68002B02D187237B82FF
:103940000DE07B689BB21A4652001A449200134461
:103950001A46D200D31A9BB25B3B9BB27B8207F123
:103960000C031846FFF710FC3B7B43F001033B734D
:103970003B7B43F002033B733B7B43F004033B730D
:103980004A4B1B68203307F10C0210681860642052
:10399000FDF780F807F108031846FFF708FC434BD2
:1039A0001A6807F10803243210681860B7F912305A
:1039B0002D3B19463E4804F0C5FC7B8A2D3B9BB24B
:1039C0001BB23B81394B1B68243307F10802106896
:1039D000186000237B6113E0344B1A6807F1080379
:1039E000243210681860B7F912302D3BB7F90A205D
:1039F00093420AD00120FDF74DF87B6901337B61CA
:103A00007B69B3F5FA6FE7D300E000BFB7F9123076
:103A10001946274804F096FC7B8A3B81234B1B68A0
:103A2000243307F108021068186000237B6112E05C
:103A30001E4B1A6807F10803243210681860B7F9A2
:103A40000A30B7F912209A420AD00120FDF722F875
:103A50007B6901337B617B69B3F5FA6FE8D300E0E2
:103A600000BFB7F90A307A691946124804F06AFCB7
:103A70000D4A7B6813603B7B23F001033B733B7B68
:103A800023F002033B733B7B23F004033B73074BA0
:103A90001B68203307F10C021068186000E000BFBB
:103AA0001837BD4680BD00BF380000204C00002004
:103AB00098D10100C4D1010080B588B000AF194B86
:103AC0001B68082B01D9FFF7D5FD07F10C03184639
:103AD000FFF76DFB144B1A6807F10C0324321068D2
:103AE0001860B7F90C20B7F90E309A4201D00123C3
:103AF00099E30C4B1B68B7F90E2019460B4804F0EC
:103B000021FC084B1B68002B12D1B7F90E30852B16
:103B100005DDB7F90E30882B01DC012383E3002398
:103B200081E300BF380000204C00002018D20100C3
:103B300007F108031846FFF727FB3B7A43F0010320
:103B40003B723B7A43F002033B723B7A23F004035F
:103B50003B72A14B1B68203307F108021068186004
:103B60006420FCF797FF3B1D1846FFF733FB9A4B89
:103B70001A683B1D283210681860984804F0E2FB70
:103B80003B1D1846FFF73AFB3B7903F00103DBB21C
:103B9000002B0CBF01230023DAB23B7903F00203B0
:103BA000DBB2002B14BF01230023DBB21340DBB2D6
:103BB0001A463B7903F00403DBB2002B14BF012348
:103BC0000023DBB213403A7902F00802D2B2002A95
:103BD00014BF01220022D2B21340002B14BF0123D4
:103BE0000023FB773B7903F01003DBB2002B0CBF03
:103BF00001230023DAB23B7903F02003DBB2002B70
:103C000014BF01230023DBB21340DBB21A463B7919
:103C100003F04003DBB2002B14BF01230023DBB20F
:103C200013403A7922F07F02D2B2002A14BF012257
:103C30000022D2B21340002B14BF01230023BB7714
:103C40003B7903F00103DBB2002B14BF01230023F7
:103C5000DAB23B7903F00203DBB2002B0CBF012385
:103C60000023DBB21340DBB21A463B7903F00403B6
:103C7000DBB2002B14BF01230023DBB213403A79DF
:103C800002F00802D2B2002A14BF01220022D2B2EE
:103C90001340002B14BF012300237B773B7903F0F3
:103CA0001003DBB2002B14BF01230023DAB23B79EF
:103CB00003F02003DBB2002B0CBF01230023DBB297
:103CC0001340DBB21A463B7903F04003DBB2002B12
:103CD00014BF01230023DBB213403A7922F07F02A4
:103CE000D2B2002A14BF01220022D2B21340002B0C
:103CF00014BF012300233B773B7903F00103DBB2C0
:103D0000002B14BF01230023DAB23B7903F0020336
:103D1000DBB2002B14BF01230023DBB21340DBB264
:103D20001A463B7903F00403DBB2002B0CBF0123DE
:103D30000023DBB213403A7902F00802D2B2002A23
:103D400014BF01220022D2B21340002B14BF012362
:103D50000023FB763B7903F01003DBB2002B14BF8A
:103D600001230023DAB23B7903F02003DBB2002BFE
:103D700014BF01230023DBB21340DBB21A463B79A8
:103D800003F04003DBB2002B0CBF01230023DBB2A6
:103D900013403A7922F07F02D2B2002A14BF0122E6
:103DA0000022D2B21340002B14BF01230023BB76A4
:103DB0003B7903F00103DBB2002B14BF0123002386
:103DC000DAB23B7903F00203DBB2002B0CBF012314
:103DD0000023DBB204E000BF4C00002050D2010001
:103DE0001340DBB21A463B7903F00403DBB2002B2D
:103DF0000CBF01230023DBB213403A7902F0080222
:103E0000D2B2002A14BF01220022D2B21340002BEA
:103E100014BF012300237B763B7903F01003DBB250
:103E2000002B14BF01230023DAB23B7903F02003F7
:103E3000DBB2002B0CBF01230023DBB21340DBB24B
:103E40001A463B7903F04003DBB2002B0CBF012381
:103E50000023DBB213403A7922F07F02D2B2002A6B
:103E600014BF01220022D2B21340002B14BF012341
:103E700000233B763B7903F00103DBB2002B14BF38
:103E800001230023DAB23B7903F00203DBB2002BFB
:103E900014BF01230023DBB21340DBB21A463B7987
:103EA00003F00403DBB2002B14BF01230023DBB2B9
:103EB00013403A7902F00802D2B2002A0CBF012264
:103EC0000022D2B21340002B14BF01230023FB7544
:103ED0003B7903F01003DBB2002B14BF0123002356
:103EE000DAB23B7903F02003DBB2002B14BF0123CD
:103EF0000023DBB21340DBB21A463B7903F04003E8
:103F0000DBB2002B14BF01230023DBB213403A794C
:103F100022F07F02D2B2002A0CBF01220022D2B2CC
:103F20001340002B14BF01230023BB753B7903F022
:103F30000103DBB2002B14BF01230023DAB23B796B
:103F400003F00203DBB2002B0CBF01230023DBB222
:103F50001340DBB21A463B7903F00403DBB2002BBB
:103F600014BF01230023DBB213403A7902F00802A8
:103F7000D2B2002A0CBF01220022D2B21340002B81
:103F800014BF012300237B753B7903F01003DBB2E0
:103F9000002B14BF01230023DAB23B7903F0200386
:103FA000DBB2002B0CBF01230023DBB21340DBB2DA
:103FB0001A463B7903F04003DBB2002B14BF012308
:103FC0000023DBB213403A7922F07F02D2B2002AFA
:103FD0000CBF01220022D2B21340002B14BF0123D8
:103FE00000233B753B7903F00103DBB2002B14BFC8
:103FF00001230023DAB23B7903F00203DBB2002B8A
:1040000014BF01230023DBB21340DBB21A463B7915
:1040100003F00403DBB2002B0CBF01230023DBB24F
:1040200013403A7902F00802D2B2002A0CBF0122F2
:104030000022D2B21340002B14BF01230023FB74D3
:104040003B7903F01003DBB2002B14BF01230023E4
:10405000DAB23B7903F02003DBB2002B14BF01235B
:104060000023DBB21340DBB21A463B7903F0400376
:10407000DBB2002B0CBF01230023DBB213403A79E3
:1040800022F07F02D2B2002A0CBF01220022D2B25B
:104090001340002B14BF01230023BB743B7903F0B2
:1040A0000103DBB2002B14BF01230023DAB23B79FA
:1040B00003F00203DBB2002B0CBF01230023DBB2B1
:1040C0001340DBB21A463B7903F00403DBB2002B4A
:1040D0000CBF01230023DBB213403A7902F008023F
:1040E000D2B2002A0CBF01220022D2B21340002B10
:1040F00014BF012300237B743B7903F01003DBB270
:10410000002B14BF01230023DAB23B7903F0200314
:10411000DBB2002B0CBF01230023DBB21340DBB268
:104120001A463B7903F04003DBB2002B0CBF01239E
:104130000023DBB213403A7922F07F02D2B2002A88
:104140000CBF01220022D2B21340002B14BF012366
:1041500000233B74364B1B68013B072B62D801A23E
:1041600052F823F08541000099410000AD41000064
:10417000C1410000D5410000E9410000FD410000BF
:1041800011420000FA7FBB7F1343DBB2002B14BF48
:1041900001230023DBB246E07A7F3B7F1343DBB28F
:1041A000002B14BF01230023DBB23CE0FA7EBB7E70
:1041B0001343DBB2002B14BF01230023DBB232E038
:1041C0007A7E3B7E1343DBB2002B14BF0123002316
:1041D000DBB228E0FA7DBB7D1343DBB2002B14BFBA
:1041E00001230023DBB21EE07A7D3B7D1343DBB26B
:1041F000002B14BF01230023DBB214E0FA7CBB7C4C
:104200001343DBB2002B14BF01230023DBB20AE00F
:104210007A7C3B7C1343DBB2002B14BF01230023C9
:10422000DBB200E0002318462037BD4680BD00BF4A
:104230003800002080B483B000AF786039603B68FC
:10424000B3F900207B68B3F900309A4201DA3B6889
:1042500000E07B6818460C37BD4680BC704780B5CF
:1042600084B000AFF860B9607A603B60FB68BA6800
:104270001A60FB687A685A60FB6800221A72FB6851
:104280003A68DA60FB681B68184608F093FE03463C
:10429000DAB2FB681A72FB6818461037BD4680BD5B
:1042A00080B582B000AF786039607B681B681846C3
:1042B00017F06EFD3B68D3E9002317F0D3FD0246EB
:1042C0000B46104619464FF00002054B17F0F4FE5E
:1042D00002460B46104619460837BD4680BD00BF52
:1042E00000005E4180B483B000AF786001231846BF
:1042F0000C37BD4680BC704780B483B000AF786097
:10430000044A7B681A607B6818460C37BD4680BC3F
:10431000704700BFD8D2010080B582B000AF78608E
:104320007868FFF7E9FF0421786818F019FB7B68CB
:1043300018460837BD4680BD98B500AF3F4C404B8E
:10434000404A41492046FFF78AFF10343F4B404A1C
:1043500040492046FFF783FF10343F4B3F4A404916
:104360002046FFF77CFF1034384B3E4A3E4920463A
:10437000FFF775FF1034384B3C4A3D492046FFF7A4
:104380006EFF10343B4B3C4A3C492046FFF767FF29
:1043900010343B4B3B4A3C492046FFF760FF10344A
:1043A0003A4B3B4A3B492046FFF759FF10343A4B02
:1043B0003A4A3B492046FFF752FF1034394B3A4AFC
:1043C0003A492046FFF74BFF1034364B364A3849FE
:1043D0002046FFF744FF1034364B374A3749204612
:1043E000FFF73DFF1034334B334A35492046FFF782
:1043F00036FF1034334B344A34492046FFF72FFF41
:104400001034334B334A34492046FFF728FF103429
:10441000324B334A33492046FFF721FF1034324BE9
:10442000324A33492046FFF71AFF04F11000314B9E
:10443000314A3249FFF713FF00BF98BD9C080020A6
:104440007D490000E4D201001CD30100ED490000C9
:1044500024D3010038D30100AD4A000044D3010049
:1044600060D301006CD3010084D3010088D3010024
:10447000A8D30100394B0000ACD30100F8D30100F0
:10448000314C000004D4010054D40100FD4E000062
:1044900060D4010090D401008550000098D4010040
:1044A0001CD501009D6C0000FCFB0100ECFB010031
:1044B0002CD50100156E000040FC010030FC01000D
:1044C00030D501001970000080FC01006CFC010077
:1044D000AD51000034D5010068D501001152000033
:1044E00070D50100D4D5010089540000E4D5010045
:1044F00024D60100E154000034D6010080D601002A
:1045000080B500AF0248FFF7F7FE00BF80BD00BFD7
:104510003C00002080B500AFFFF70EFF80BD80B5E6
:1045200000AFFFF7EDFF80BD80B483B000AF7860CF
:104530007B6800221A7000225A7000229A700022B2
:10454000DA707B6818460C37BD4680BC70470000A7
:1045500080B582B000AF78600F4803F0F3FE7B684F
:104560001B6819460D4803F0EDFE7B685B68194631
:104570000B4803F0E7FE7B689B681946094803F087
:10458000E1FE7B68DB681946074803F0DBFE00BFED
:104590000837BD4680BD00BF94D60100ACD60100EF
:1045A000C4D60100DCD60100F8D6010080B582B087
:1045B00000AF78607B681B681946664803F0C2FE4E
:1045C0007B681B78C3F30003DBB21946624803F033
:1045D000B9FE7B681B78C3F34003DBB219465F4822
:1045E00003F0B0FE7B681B78C3F38003DBB219468F
:1045F0005B4803F0A7FE7B681B78C3F3C003DBB204
:104600001946584803F09EFE7B681B78C3F30013DD
:10461000DBB21946544803F095FE7B681B78C3F360
:104620004013DBB21946514803F08CFE7B681B78BF
:10463000C3F38013DBB219464D4803F083FE7B6859
:104640001B78C3F3C013DBB219464A4803F07AFE65
:104650007B685B78C3F30003DBB21946464803F07E
:1046600071FE7B685B78C3F34003DBB219464348B5
:1046700003F068FE7B685B78C3F38003DBB2194606
:104680003F4803F05FFE7B685B78C3F3C003DBB297
:1046900019463C4803F056FE7B685B78C3F3001371
:1046A000DBB21946384803F04DFE7B685B78C3F3F4
:1046B0004013DBB21946354803F044FE7B685B7853
:1046C000C3F38013DBB21946314803F03BFE7B682D
:1046D0005B78C3F3C013DBB219462E4803F032FEF9
:1046E0007B689B78C3F30003DBB219462A4803F0CA
:1046F00029FE7B689B78C3F34003DBB21946274849
:1047000003F020FE7B689B78C3F38003DBB219467D
:10471000234803F017FE7B689B78C3F3C003DBB22A
:104720001946204803F00EFE7B689B78C3F3001304
:10473000DBB219461C4803F005FE7B689B78C3F387
:104740004013DBB21946194803F0FCFD00BF0837DF
:10475000BD4680BD0CD7010038D701004CD7010001
:1047600060D7010074D7010088D701009CD70100F1
:10477000B0D70100C4D70100D8D70100E8D70100A5
:10478000F8D7010008D801001CD8010030D801007A
:104790003CD8010048D8010054D8010064D8010079
:1047A00074D8010084D8010094D80100A8D8010071
:1047B00080B582B000AF78607B681B6819460B48F3
:1047C00003F0C0FD7B68B3F900301BB219460848FE
:1047D00003F0B8FD7B68B3F902301BB219460548F7
:1047E00003F0B0FD00BF0837BD4680BDBCD8010056
:1047F000ECD8010000D9010080B584B000AF78602A
:104800007B6803F580539B8919467B6803F58053C9
:1048100093F82130002B01D0592200E04E227B6812
:1048200003F580535B6A104803F08CFD0023FB60A6
:104830000BE07A68FB6813440C331B7819460B486D
:1048400003F080FDFB680133FB607B6803F5805358
:104850009B891A46FB689342EBD3054803F072FD2F
:1048600000BF1037BD4680BD64DA010080DA010068
:1048700088DA010080B582B000AF786039607B686B
:104880001B68184617F084FA3B68D3E9002317F039
:10489000E9FA02460B46104619464FF00002054B56
:1048A00017F00AFC02460B46104619460837BD466B
:1048B00080BD00BF00005E4180B483B000AF78606F
:1048C0000B46FB707B68FA781A7100BF0C37BD4647
:1048D00080BC704780B483B000AF78607B681B7980
:1048E00018460C37BD4680BC7047000080B584B0C8
:1048F00000AF78607B689B681B682C331B687A6804
:104900009268104698477B68DB681846FFF720FEE0
:104910007B68996C7B6893F82530002B01D0592275
:1049200000E04E227B689B6A114803F00BFD0023D8
:10493000FB6011E07B689A687B689B681B680833A2
:104940001B68F9681046984703461946094803F062
:10495000F9FCFB680133FB607B689B6CFA689A4248
:10496000E8D3054803F0EEFC00BF1037BD4680BD1C
:104970008CDA010080DA010088DA010080B586B0A7
:1049800002AFF860B9607A603B60134B1B68002B84
:1049900014BF01230023DBB2002B0ED00E4B1B688B
:1049A00019680D4B1B685B6801930C4B00935923EE
:1049B0000B4A0C4803F0C6FC05E0084B5922084995
:1049C000094803F0BFFCB86808F0F4FA03465BB28C
:1049D00018461037BD4680BD4C00002018E7010086
:1049E000B4DA0100B8DA010018DB010080B588B044
:1049F00000AFF860B9607A603B6000237B6107F12B
:104A000014031A462049B86807F004FE0346FB77F2
:104A100097F91F30002B16DC1C4803F093FC1C4B4D
:104A20001A687B6913441B78BB617B69BA691946B4
:104A3000184803F087FCB969174803F083FC17484E
:104A400003F080FC1AE07B6923F003037B61104BC9
:104A50001A687B6913441B78BB610C4803F072FC35
:104A60007B69BA6919460E4803F06CFCB9690D48B8
:104A700003F068FCB9690C4803F064FC7B685BB226
:104A800018462037BD4680BD54DB010058DB0100CD
:104A90004C0000206CDB010080DB010088DA0100A3
:104AA00088DB01009CDB0100A4DB010080B588B03D
:104AB00000AFF860B9607A603B600023BB610023FF
:104AC0007B6107F1140307F118021649B86807F073
:104AD000A1FD0346FB7797F91F30012B09DC97F9FD
:104AE0001F301A46B968104803F02CFC4FF0FF3312
:104AF00013E07B69D9B20D4B1A68BB6913440A46AF
:104B00001A707B6919460A4803F01CFCBB691946F8
:104B1000084803F017FC7B685BB218462037BD4697
:104B200080BD00BFB0DB0100B8DB01004C000020FD
:104B300014DC010038DC010080B588B000AFF860FB
:104B4000B9607A603B6007F11C031846FEF71CFB56
:104B500007F118031846FEF72AFB07F1140318465D
:104B6000FEF738FB2B4B1B68002B0CBF01230023E7
:104B7000DBB2002B05D0284803F0E4FB7B685BB276
:104B800043E024222421254803F0DCFB28222821AD
:104B9000234803F0D7FB20222021224803F0D2FB38
:104BA0001C4B1A6807F11C03203210681860194B5F
:104BB0001A6807F11803243210681860154B1A6838
:104BC00007F11403283210681860174803F0BAFB85
:104BD00007F11C031846FFF7E9FC144803F0B2FB89
:104BE00007F118031846FFF7E3FD104803F0AAFB8E
:104BF00007F114031846FEF701FB0C4803F0A2FB73
:104C00000A4803F09FFB7B685BB218462037BD461D
:104C100080BD00BF4C00002044DC010098DC010096
:104C2000E8DC010034DD010080DD0100A4DD0100CD
:104C300080B586B000AFF860B9607A603B60914B98
:104C40001B68002B0CBF01230023DBB2002B05D017
:104C50008D4803F077FB7B685BB20FE18C228C21DF
:104C60008A4803F06FFB4FF4A4724FF4A271884896
:104C700003F068FB874803F065FB874803F062FB9D
:104C8000804B1B688C331846FEF766FB834803F0A5
:104C900059FB7C4B1B6894331846FEF75DFB80483C
:104CA00003F050FB774B1B689C331846FEF754FB10
:104CB0007C4803F047FB734B1B68A4331846FEF790
:104CC0004BFB794803F03EFB6E4B1B68AC33184638
:104CD000FEF742FB754803F035FB6A4B1B68B433A3
:104CE0001846FEF739FB724803F02CFB654B1B6836
:104CF000BC331846FEF730FB6E4803F023FB614BD4
:104D00001B68C4331846FEF727FB00237B6104E0D1
:104D100006F068FA7B6901337B617B69B3F5805FDC
:104D2000F6D3654803F00EFB644803F00BFB554BCC
:104D30001B68CC331846FEF70FFB614803F002FBFB
:104D4000504B1B68D4331846FEF706FB5D4803F052
:104D5000F9FA4C4B1B68DC331846FEF7FDFA5A484B
:104D600003F0F0FA474B1B68E4331846FEF7F4FAF9
:104D7000564803F0E7FA434B1B68EC331846FEF73E
:104D8000EBFA534803F0DEFA3E4B1B68F433184647
:104D9000FEF7E2FA4F4803F0D5FA3A4B1B68FC33B2
:104DA0001846FEF7D9FA4C4803F0CCFA354B1B688D
:104DB00003F582731846FEF7CFFA00233B6104E047
:104DC00006F010FA3B6901333B613B69B3F5805F44
:104DD000F6D3394803F0B6FA404803F0B3FA294B4A
:104DE0001B6803F586731846FEF7B6FA3C4803F0D5
:104DF000A9FA244B1B6803F58A731846FEF7ACFA30
:104E0000384803F09FFA1F4B1B6803F58E73184652
:104E1000FEF7A2FA344803F095FA1A4B1B6803F523
:104E200092731846FEF798FA304803F08BFA154B48
:104E30001B6803F596731846FEF78EFA2C4803F0AC
:104E400081FA104B1B6803F59A731846FEF784FA33
:104E5000284803F077FA0B4B1B6803F59E7318463E
:104E6000FEF77AFA244803F06DFA064B1B6803F547
:104E7000A2731846FEF770FA7B685BB218461837C3
:104E8000BD4680BD4C000020A8DD010000DE010011
:104E900050DE0100A0DE0100C8DE0100D8DE010006
:104EA000E8DE0100F8DE010008DF010018DF010084
:104EB00028DF010038DF0100A4DD010048DF010028
:104EC00054DF010060DF01006CDF010078DF0100CA
:104ED00084DF010090DF01009CDF0100A8DF0100FA
:104EE000B4DF0100C0DF0100CCDF0100D8DF01002A
:104EF000E4DF0100F0DF0100FCDF010080B58AB0D3
:104F000000AFF860B9607A603B6007F11C03184697
:104F1000FEF74DF9534B1B68002B0CBF01230023F8
:104F2000DBB2002B05D0504803F00CFA7B685BB273
:104F300093E007F118031A464C49B86807F06AFB7A
:104F4000034687F8233097F92330002B71DD07F1F2
:104F500014031846FEF718F93B7D43F001033B7537
:104F60003B7D43F002033B753B7D43F004033B75FF
:104F70003C4B1B68203307F1140210681860BB69B2
:104F80001BB2BB83374B1B68243307F11C0210682C
:104F9000186000237B622EE0324B1A6807F11C0375
:104FA000243210681860B7F91C20B7F91E309A42F5
:104FB00026D0B7F91E202E4B83FB0213D910D3172E
:104FC000C91A0B469B000B4499000B44D31A1BB221
:104FD000002B0AD1274803F0B5F907F11C03184646
:104FE000FFF7E6FB244803F0ADF90120FBF752FD83
:104FF0007B6A01337B627B6AB3F5FA6FCCD300E046
:1050000000BFBB6919461D4803F09CF93B7D23F0A6
:1050100001033B753B7D23F002033B753B7D23F091
:1050200004033B750F4B1B68203307F11402106813
:1050300018600C4B1A6807F11C03243210681860C2
:105040000F4803F07FF907F11C031846FFF7B0FB88
:10505000094803F077F97B685BB218462837BD46EC
:1050600080BD00BF4C00002008E0010058E00100B6
:105070001F85EB515CE00100A4DD010078E0010038
:1050800098E0010080B588B000AFF860B9607A6040
:105090003B600023BB6107F118031A463949B86821
:1050A00007F0B8FA0346FB7797F91F30002B2FDD86
:1050B000BB69082B0AD9BB6908221946324803F09C
:1050C00041F9FEF7D7FA7B685BB257E0BB69194636
:1050D0002E4803F037F9BB691846FEF719FCFEF7B6
:1050E000EBFC034683F00103DBB2002B0DD0284814
:1050F00003F028F9FEF7BEFABB691946234803F00E
:1051000021F9BB691846FEF703FC7B685BB235E00A
:10511000204803F017F907F114031846FEF747F883
:105120001D4B1A6807F11403243210681860B7F990
:105130001420B7F916309A4208D0184B1B6819464C
:10514000174803F0FFF87B685BB217E0FEF7B4FC8A
:10515000034683F00103DBB2002B07D0114803F0B4
:10516000F1F8FEF787FA7B685BB207E00B4B1B6830
:1051700019460D4803F0E6F87B685BB21846203705
:10518000BD4680BD58E00100BCE0010040E10100E7
:1051900068E1010090E101004C000020380000208F
:1051A000C8E101000CE2010054E2010080B586B0C4
:1051B00000AFF860B9607A603B60114803F0C2F854
:1051C00000237B6110E07A690E4B1B68C3F8542101
:1051D0000C4B1B68D3F858313B6139690A4803F01E
:1051E000B1F87B6901337B617B691F2BEBD90748E1
:1051F00003F0A8F87B685BB218461837BD4680BD3F
:1052000084E201004C00002080DA010088DA01000D
:1052100080B59CB002AFF860B9607A603B6007F17E
:1052200024031846FFF780F900233B620023FB614B
:105230000023BB6100237B61894B1B68002B0CBFE3
:1052400001230023DBB2002B05D0864803F07AF857
:105250007B685BB2F9E007F11C0107F1200207F15E
:105260001403019307F1180300930B467E49B868B5
:1052700007F0D0F9034687F8673097F96730032BBA
:1052800020DD3B6ADBB287F82430FB69DBB287F8AC
:105290002530BB69DBB287F826307B69DBB287F843
:1052A0002730396AFA69B8697B69009303466F4809
:1052B00003F048F86A4B1B68403307F1240210687A
:1052C000186023E097F96730002B1FDD3B6ADBB2E3
:1052D00087F824303B6ADBB287F825303B6ADBB2C3
:1052E00087F826303B6ADBB287F82730396A3A6A9A
:1052F000386A3B6A009303465C4803F023F8584B36
:105300001B68403307F1240210681860544B1A6878
:1053100007F1240340321068186097F824303B628C
:1053200097F82530FB6197F82630BB6197F8273056
:105330007B61396AFA69B8697B69009303464C4816
:1053400003F000F844A3D3E90023C7E916233B6A1E
:1053500001337B65FB6901333B65BB690133FB644A
:105360007B690133BB64786D16F002FD02460B4683
:10537000D7E9160116F0A0FE02460B461046194664
:105380004FF000023B4B16F097FE02460B46C7E972
:105390001023386D16F0ECFC02460B46D7E91601D7
:1053A00016F08AFE02460B46104619464FF00002E0
:1053B000304B16F081FE02460B46C7E90E23F86C0F
:1053C00016F0D6FC02460B46D7E9160116F074FE1D
:1053D00002460B46104619464FF00002254B16F0C8
:1053E0006BFE02460B46C7E90C23B86C16F0C0FCF6
:1053F00002460B46D7E9160116F05EFE02460B4642
:10540000104619464FF000021A4B16F055FE0246A0
:105410000B46C7E90A23D7E91023796D164802F035
:1054200091FFD7E90E23396D144802F08BFFD7E9BD
:105430000C23F96C124802F085FFD7E90A23B96CF6
:10544000104802F07FFF7B685BB218466837BD46A4
:1054500080BD00BFAFF3008000000000965198416E
:105460004C00002098E20100E8E20100F8E20100AF
:105470002CE30100000030405CE30100A8E30100E0
:10548000F4E3010044E4010080B584B000AFF860AB
:10549000B9607A603B600C4802F054FF0B48FFF79C
:1054A000ABF90B48FFF7A8F90A48FFF7A5F90A4836
:1054B000FFF71CFA094802F045FF7B685BB218460B
:1054C0001037BD4680BD00BF94E40100C01C002021
:1054D000002D0020403D0020B04D002088DA010062
:1054E00080B58CB002AFF860B9607A603B60002391
:1054F0003B6207F1180107F1200207F1170300933F
:105500000B465449B86807F085F8034687F82630FB
:1055100097F92630032B5ADD002387F8273097F9B7
:105520001730592B0FD097F91730792B0BD097F9EB
:105530001730542B07D097F91730742B03D097F9F5
:105540001730312B02D1012387F82730396A97F8B9
:105550002730002B01D0592300E04E231A463E4845
:1055600002F0F0FE3B6A032B26D801A252F823F08A
:10557000815500008F5500009D550000AB5500007F
:1055800097F8273019463548FFF796F919E097F84C
:10559000273019463248FFF78FF912E097F8273085
:1055A00019463048FFF788F90BE097F8273019467D
:1055B0002D48FFF781F904E03B6A19462B4802F0B9
:1055C000C1FEB86807F0F6FC03465BB23EE097F90F
:1055D00026301946264802F0B5FE2048FFF77AF932
:1055E0000346002B01D0592300E04E2319462148E1
:1055F00002F0A8FE1A48FFF76DF90346002B01D010
:10560000592300E04E2319461B4802F09BFE154823
:10561000FFF760F90346002B01D0592300E04E2329
:105620001946164802F08EFE0F48FFF753F903465D
:10563000002B01D0592300E04E231946104802F0F8
:1056400081FEB86807F0B6FC03465BB218462837FF
:10565000BD4680BDBCE40100CCE40100301C00204C
:105660004C1C0020681C0020841C002000E5010068
:1056700038E5010088E50100B8E50100E8E5010032
:1056800018E6010080B500AF0248FEF735FE00BF06
:1056900080BD00BF4000002080B500AFFFF7F2FFE3
:1056A00080BD80B485B000AFF860B9607A603B60BF
:1056B000FB68BA681A60FB687A685A60FB683A68E7
:1056C0009A60FB6818461437BD4680BC70470000DE
:1056D00098B500AF1C4C1D4B1D4A41F201012046FC
:1056E000FFF7DFFF0C341B4B1B4A44F2010120463D
:1056F000FFF7D7FF0C34194B194A44F20201204638
:10570000FFF7CFFF0C34174B174A44F20301204632
:10571000FFF7C7FF0C34154B154A44F2040120462D
:10572000FFF7BFFF0C34134B134A44F20501204628
:10573000FFF7B7FF04F10C00104B114A44F20601C9
:10574000FFF7AFFF00BF98BDC4190020115A000039
:1057500080E70100915A0000A4E70100255B0000EA
:10576000D8E70100B95B00000CE80100195C0000FB
:1057700038E801005961000068E80100E1620000BA
:1057800090E8010080B500AFFFF7A2FF80BD0000E8
:1057900080B582B000AF78607B681B6819467B6873
:1057A0005A687B689B68034806F03EFE00BF0837D6
:1057B000BD4680BD14E9010080B582B000AF7860BD
:1057C00039607B681B68184616F0E2FA3B68D3E93B
:1057D000002316F047FB02460B46104619464FF0D1
:1057E0000002054B16F068FC02460B4610461946AF
:1057F0000837BD4680BD00BF00005E4100000000CC
:1058000080B584B000AF7860396011A3D3E900237C
:10581000C7E9022307F1080319463868FFF7CCFFF0
:105820007B68D3E9002316F01DFB02460B461046A9
:1058300019467B68D3E9022316F05EF902460B464F
:10584000104619461037BD4680BD00BFAFF300803B
:10585000FCA9F1D24D62104080B582B000AF7860F3
:105860007B68043319460548FFF7CAFF02460B461A
:10587000104619460837BD4680BD00BF001B0020FA
:1058800080B582B000AF78607B6808331946054860
:10589000FFF7B6FF02460B46104619460837BD46CD
:1058A00080BD00BF101B002080B582B000AF7860C3
:1058B0007B680C3319460548FFF7A2FF02460B46EA
:1058C000104619460837BD4680BD00BF201B00208A
:1058D00080B582B000AF78607B6810331946054808
:1058E000FFF78EFF02460B46104619460837BD46A5
:1058F00080BD00BF301B002080B582B000AF786053
:105900007B68143319460548FFF77AFF02460B46B9
:10591000104619460837BD4680BD00BF501B002009
:1059200080B582B000AF78607B68183319460548AF
:10593000FFF766FF02460B46104619460837BD467C
:1059400080BD00BF601B002080B582B000AF7860D2
:105950007B681C3319460548FFF752FF02460B4689
:10596000104619460837BD4680BD00BF401B0020C9
:1059700080B582B000AF78607B6820331946054857
:10598000FFF73EFF02460B46104619460837BD4654
:1059900080BD00BF701B002080B582B000AF786072
:1059A0007B68243319460548FFF72AFF02460B4659
:1059B000104619460837BD4680BD00BF801B002039
:1059C00080B582B000AF78607B68283319460548FF
:1059D000FFF716FF02460B46104619460837BD462C
:1059E00080BD00BF901B002080B582B000AF786002
:1059F0007B682C3319460548FFF702FF02460B4629
:105A0000104619460837BD4680BD00BFA01B0020C8
:105A100080B58AB002AFF860B9607A603B6000235D
:105A20007B615923BB610023FB61164B1B68002B74
:105A300014BF01230023DBB2002B07D0114B1B68DE
:105A40001B687B610F4B1B685B68FB610C210E4878
:105A500002F078FC07F114031846FFF799FE0B4893
:105A600002F070FC07F114030C220092002241F2B4
:105A70000101386802F0D4FC7B685BB2184620371D
:105A8000BD4680BD4C000020D0EC010008ED0100B7
:105A900080B588B002AFF860B9607A603B60796821
:105AA0001B4802F04FFCBB68002B13D07B68032B14
:105AB00010D9BB687B61174802F044FC7869FEF797
:105AC00075FD154802F03EFC144B1B687A692033C3
:105AD00012681A60124802F035FC104B1B68203324
:105AE0001846FEF763FD0C4802F02CFC0B4B1B68BC
:105AF000203304220092002244F20101386802F0AF
:105B00008FFC7B685BB218461837BD4680BD00BF6E
:105B10000CED010048ED010008ED01004C000020F3
:105B20007CED010080B588B002AFF860B9607A60A2
:105B30003B6079681B4802F005FCBB68002B13D062
:105B40007B68032B10D9BB687B61174802F0FAFB16
:105B50007869FEF72DFE154802F0F4FB144B1B6824
:105B60007A69243312681A60124802F0EBFB104B7A
:105B70001B6824331846FEF71BFE0C4802F0E2FBBC
:105B80000B4B1B68243304220092002244F20201D2
:105B9000386802F045FC7B685BB218461837BD4692
:105BA00080BD00BFB0ED0100E8ED010008ED01008F
:105BB0004C00002018EE010080B586B002AFF860FE
:105BC000B9607A603B6079680F4802F0BBFB0F4810
:105BD00002F0B8FB0E4B1B6828331846FDF70EFB8E
:105BE0000C4802F0AFFB0A4B1B68283304220092DA
:105BF000002244F20301386802F012FC7B685BB2B9
:105C000018461037BD4680BD48EE010088EE010001
:105C10004C00002008ED010080B59EB002AFF86096
:105C2000B9607A603B607968A44802F08BFBA448B5
:105C300002F088FBA34802F085FBA34B1B688C3362
:105C40001846FDF789FBA04B1B68B3F98C301BB2DB
:105C50009BB23B829C4B1B68B3F990301BB29BB24A
:105C60007B829A4802F06EFB974B1B689433184670
:105C7000FDF772FB944B1B68B3F994301BB29BB2D7
:105C8000BB82914B1B68B3F998301BB29BB2FB826D
:105C90008F4802F057FB8C4B1B689C331846FDF76E
:105CA0005BFB894B1B68B3F99C301BB29BB23B83F7
:105CB000854B1B68B3F9A0301BB29BB27B83854830
:105CC00002F040FB804B1B68A4331846FDF744FBF1
:105CD0007D4B1B68B3F9A4301BB29BB2BB837A4BDC
:105CE0001B68B3F9A8301BB29BB2FB837A4802F061
:105CF00029FB754B1B68AC331846FDF72DFB724B27
:105D00001B68B3F9AC301BB29BB23B846E4B1B6873
:105D1000B3F9B0301BB29BB27B84704802F012FB27
:105D2000694B1B68B4331846FDF716FB664B1B68BE
:105D3000B3F9B4301BB29BB2BB84634B1B68B3F99D
:105D4000B8301BB29BB2FB84654802F0FBFA5E4B95
:105D50001B68BC331846FDF7FFFA5B4B1B68B3F9B1
:105D6000BC301BB29BB23B85574B1B68B3F9C030AC
:105D70001BB29BB27B855B4802F0E4FA524B1B6876
:105D8000C4331846FDF7E8FA4F4B1B68B3F9C4302B
:105D90001BB29BB2BB854C4B1B68B3F9C8301BB21E
:105DA0009BB2FB85504802F0CDFA474B1B68CC33C1
:105DB0001846FDF7D1FA444B1B68B3F9CC301BB23F
:105DC0009BB23B86404B1B68B3F9D0301BB29BB2F1
:105DD0007B86464802F0B6FA3B4B1B68D433184624
:105DE000FDF7BAFA384B1B68B3F9D4301BB29BB23B
:105DF000BB86354B1B68B3F9D8301BB29BB2FB8610
:105E00003B4802F09FFA304B1B68DC331846FDF725
:105E1000A3FA2D4B1B68B3F9DC301BB29BB23B8756
:105E2000294B1B68B3F9E0301BB29BB27B8731482A
:105E300002F088FA244B1B68E4331846FDF78CFA0D
:105E4000214B1B68B3F9E4301BB29BB2BB871E4BDE
:105E50001B68B3F9E8301BB29BB2FB87264802F0FF
:105E600071FA194B1B68EC331846FDF775FA164B9F
:105E70001B68B3F9EC301BB29BB2A7F84030124B51
:105E80001B68B3F9F0301BB29BB2A7F842301B4835
:105E900002F058FA0C4B1B68F4331846FDF75CFA15
:105EA000094B1B68B3F9F4301BB29BB2A7F844301E
:105EB000054B1B68B3F9F8301BB221E0C0EE0100BE
:105EC000F4EE010020EF01004C00002030EF010053
:105ED0003CEF010048EF010054EF010064EF0100C6
:105EE00070EF01007CEF010088EF010094EF0100EA
:105EF000A0EF0100ACEF0100B8EF0100C4EF01001A
:105F00009BB2A7F84630894802F01CFA884B1B6800
:105F1000FC331846FDF720FA854B1B68B3F9FC30BB
:105F20001BB29BB2A7F84830814B1B68B3F9003114
:105F30001BB29BB2A7F84A307E4802F003FA7C4BB2
:105F40001B6803F582731846FDF706FA784B1B6849
:105F5000B3F904311BB29BB2A7F84C30744B1B68E9
:105F6000B3F908311BB29BB2A7F84E30724802F069
:105F7000E9F96F4B1B6803F586731846FDF7ECF9DA
:105F80006B4B1B68B3F90C311BB29BB2A7F85030B6
:105F9000674B1B68B3F910311BB29BB2A7F85230A4
:105FA000664802F0CFF9624B1B6803F58A73184606
:105FB000FDF7D2F95E4B1B68B3F914311BB29BB2EB
:105FC000A7F854305A4B1B68B3F918311BB29BB277
:105FD000A7F856305A4802F0B5F9554B1B6803F53F
:105FE0008E731846FDF7B8F9514B1B68B3F91C3195
:105FF0001BB29BB2A7F858304D4B1B68B3F9203148
:106000001BB29BB2A7F85A304E4802F09BF9484B9E
:106010001B6803F592731846FDF79EF9444B1B6805
:10602000B3F924311BB29BB2A7F85C30404B1B681C
:10603000B3F928311BB29BB2A7F85E30424802F098
:1060400081F93B4B1B6803F596731846FDF784F9FD
:10605000374B1B68B3F92C311BB29BB2A7F86030E9
:10606000334B1B68B3F930311BB29BB2A7F86230D7
:10607000364802F067F92E4B1B6803F59A731846F1
:10608000FDF76AF92A4B1B68B3F934311BB29BB296
:10609000A7F86430264B1B68B3F938311BB29BB2AA
:1060A000A7F866302A4802F04DF9214B1B6803F52A
:1060B0009E731846FDF750F91D4B1B68B3F93C3130
:1060C0001BB29BB2A7F86830194B1B68B3F940317B
:1060D0001BB29BB2A7F86A301E4802F033F9144B8A
:1060E0001B6803F5A2731846FDF736F9104B1B68C1
:1060F000B3F944311BB29BB2A7F86C300C4B1B6850
:10610000B3F948311BB29BB2A7F86E3007F1100308
:1061100060220092002244F20401386802F080F903
:106120007B685BB218467037BD4680BDD0EF01007A
:106130004C000020DCEF0100E8EF0100F4EF01006B
:1061400000F001000CF0010018F0010024F0010043
:1061500030F001003CF0010080B59CB002AFF86067
:10616000B9607A603B6079684E4802F0EBF84E48BF
:10617000FFF772FB02460B46C7E904234A48FFF7C4
:106180007FFB02460B46C7E906234748FFF78CFB17
:1061900002460B46C7E908234348FFF799FB02462E
:1061A0000B46C7E90A234048FFF7A6FB02460B4609
:1061B000C7E90C233C48FFF7B3FB02460B46C7E98F
:1061C0000E233948FFF7C0FB02460B46C7E91023F0
:1061D0003548FFF7CDFB02460B46C7E9122332488C
:1061E000FFF7DAFB02460B46C7E914232E48FFF7F8
:1061F000E7FB02460B46C7E916232B48FFF7F4FBE3
:1062000002460B46C7E91823284802F09BF8D7E955
:106210000423274802F096F8D7E90623254802F020
:1062200091F8D7E90823244802F08CF8D7E90A232B
:10623000224802F087F8D7E90C23214802F082F8BF
:10624000D7E90E231F4802F07DF8D7E910231E4836
:1062500002F078F8D7E912231C4802F073F8D7E966
:1062600014231B4802F06EF8D7E91623194802F0F0
:1062700069F8D7E91823184802F064F8174802F0C3
:1062800061F807F1100358220092002244F2050140
:10629000386802F0C5F87B685BB218466837BD46BF
:1062A00080BD00BF48F00100281A00207CF00100EA
:1062B000ACF00100BCF00100CCF00100DCF001000A
:1062C000ECF00100FCF001000CF1010020F10100F4
:1062D00030F1010040F1010050F1010060F10100D6
:1062E00080B58AB002AFF860B9607A603B60002385
:1062F000FB617968674802F025F8BB68002B68D01D
:106300007B68032B65D9BB681B68FB61FB69082BA5
:1063100017D9FB69082219465F4802F013F8FDF708
:10632000A9F94FF0FF33FB6107F11C03042200922F
:10633000002244F20601386802F072F87B685BB212
:10634000A4E04FF0FF337B6107F1140304220092B5
:10635000002244F20601386802F062F8FB6919462F
:106360004E4801F0EFFFFB691846FDF7D1FAFDF743
:10637000A3FB034683F00103DBB2002B1AD06FF0BE
:1063800001037B6107F1140304220092002244F20E
:106390000601386802F044F8414801F0D3FFFDF7E8
:1063A00069F9FB6919463F4801F0CCFFFB691846C3
:1063B000FDF7AEFAFB697B6107F11403042200923A
:1063C000002244F20601386802F02AF87B685BB2CA
:1063D0005CE0354801F0B6FF07F118031846FCF7FA
:1063E000E6FE324B1A6807F1180324321068186071
:1063F000B7F91820B7F91A309A4215D02C4B1B6800
:1064000019462C4801F09EFF4FF0FF33FB6107F166
:106410001C0304220092002244F20601386801F0B5
:10642000FFFF7B685BB231E0FDF746FB034683F07C
:106430000103DBB2002B14D01F4801F083FF6FF083
:106440000103FB6107F11C0304220092002244F2C5
:106450000601386801F0E4FFFDF70CF97B685BB2D8
:1064600014E0134B1B681946144801F06BFF104BE6
:106470001B68FB6107F11C0304220092002244F216
:106480000601386801F0CCFF7B685BB21846203704
:10649000BD4680BD8CF10100C0F1010048F2010051
:1064A00078F20100A8F20100D8F201004C000020AF
:1064B0003800002018F3010064F30100A0F301008C
:1064C00080B500AF0248FDF717FF00BF80BD00BFD9
:1064D0004400002080B500AFFFF7F2FF80BD000050
:1064E00080B582B000AF786039607B681B68184661
:1064F00015F04EFC3B68D3E9002315F0B3FC0246CF
:106500000B46104619464FF00002054B15F0D4FD1E
:1065100002460B46104619460837BD4680BD00BFEF
:1065200000005E4180B483B000AF78607B680022D9
:106530001A7000225A7000229A700022DA707B686A
:1065400018460C37BD4680BC704780B483B000AF9E
:106550007860084611461A460346FB700B46BB702E
:1065600013467B70FB7803F00703D9B27A6813787F
:1065700061F347131370BB7803F00103D9B27A6853
:10658000137861F3041313707B7803F00F03D9B20F
:106590007A68137861F3030313707B6818460C372D
:1065A000BD4680BC704780B483B000AF78600846B9
:1065B00011461A460346FB700B46BB7013467B70B0
:1065C0007A68137823F080031370FB7803F00103DB
:1065D000D9B27A68137861F386131370BB7803F02D
:1065E0000103D9B27A68137861F3451313707B788D
:1065F00003F00103D9B27A68137861F304131370BE
:106600003B7C03F00103D9B27A68137861F3C303CA
:1066100013703B7D03F00103D9B27A68137861F3FC
:10662000820313703B7E03F00103D9B27A681378BA
:1066300061F3410313707A68137823F00103137038
:106640007B6818460C37BD4680BC704780B483B069
:1066500000AF7860084611461A460346FB700B46A9
:10666000BB7013467B70FB7803F00103D9B27A68E4
:10667000137861F3C7131370BB7803F00703D9B223
:106680007A68137861F3061313707B7803F00303C1
:10669000D9B27A68137861F3830313703B7C03F0FB
:1066A0000303D9B27A68137861F3010313707B682E
:1066B00018460C37BD4680BC704780B483B000AF2D
:1066C0007860084611461A460346FB700B46BB70BD
:1066D00013467B707A68137823F0800313707A680E
:1066E000137823F040031370FB7803F00103D9B251
:1066F0007A68137861F345131370BB7803F00103D4
:10670000D9B27A68137861F3041313707B7803F0BD
:106710000103D9B27A68137861F3C30313703B7C29
:1067200003F00103D9B27A68137861F3820313701E
:106730003B7D03F00103D9B27A68137861F300035B
:1067400013707A68137823F0020313707B6818467D
:106750000C37BD4680BC704780B483B000AF786012
:10676000044A7B681A607B6818460C37BD4680BCBB
:10677000704700BF08FD010080B483B000AF7860AF
:10678000044A7B681A607B6818460C37BD4680BC9B
:10679000704700BF08FD010080B582B000AF78608F
:1067A0007868FFF7E9FF0421786816F0D9F87B686C
:1067B00018460837BD4680BD80B400AF074B1B6844
:1067C00093F83C3003F00203DBB2002B0CBF012333
:1067D0000023DBB21846BD4680BC70474C00002049
:1067E00080B582B000AF00237B6000237B600DE0AA
:1067F000FFF7E2FF034683F00103DBB2002B09D170
:106800000120FAF719F97B6801337B607B68632B01
:10681000EED900E000BF7B68612B02D9034801F08C
:1068200091FD00BF0837BD4680BD00BF18F50100CF
:1068300080B483B000AF0346FB71FA79034B1B6849
:10684000DA6300BF0C37BD4680BC70474C000020A7
:1068500080B582B000AF0346FB71FFF7C1FFFA7944
:10686000034B1B689A6300BF0837BD4680BD00BF5D
:106870004C00002080B584B000AF0346FB710023BC
:10688000FB60FFF7ADFFFA79074B1B689A63FFF7D0
:10689000A7FF054B1B689B6BFB60FB68DBB21846D0
:1068A0001037BD4680BD00BF4C00002080B483B0CF
:1068B00000AF0346FB7100BF0C37BD4680BC70477C
:1068C00080B483B000AF0346FB7100BF0C37BD46F8
:1068D00080BC704780B485B000AFF860C7E9002382
:1068E000F968D7E90023C1E90023F968D7E906234D
:1068F000C1E90223FB6818461437BD4680BC7047C7
:1069000080B485B000AFF860C7E90023F968D7E923
:106910000023C1E90023F968D7E90623C1E902236E
:1069200000BF1437BD4680BC704780B483B000AF51
:1069300078607B68D3E90023104619460C37BD46C2
:1069400080BC704780B483B000AF78607B68D3E9C7
:106950000223104619460C37BD4680BC7047000024
:1069600080B582B000AF78607B6800221A707B68C7
:1069700000225A707B6800225A607B6800229A606D
:106980007B680022DA607B6800221A617B68002243
:106990005A617B6800229A617B680022DA617B6819
:1069A00000221A627B6800225A627B6800229A6287
:1069B0007B680022DA627B6800221A637B6800220F
:1069C0005A637B6800229A637B680022DA637B68E3
:1069D00000221A647B6803F1480105A3D3E9002370
:1069E000084600F0AFFD7B6818460837BD4680BDFD
:1069F000FCA9F1D24D62104080B582B000AF786042
:106A00007B684833184600F0D9FD7B681846083784
:106A1000BD4680BD80B582B000AF78607B68303302
:106A200019460548FEF7ECFE02460B46104619468D
:106A30000837BD4680BD00BFB01B002080B582B0C6
:106A400000AF78607B68343319460548FEF7D8FEFE
:106A500002460B46104619460837BD4680BD00BFAA
:106A6000C01B002080B582B000AF78607B683833EF
:106A700019460548FEF7C4FE02460B461046194665
:106A80000837BD4680BD00BFC01B002080B582B066
:106A900000AF78607B683C3319460548FEF7B0FECE
:106AA00002460B46104619460837BD4680BD00BF5A
:106AB000E01B002080B582B000AF78607B68403377
:106AC00019460548FEF79CFE02460B46104619463D
:106AD0000837BD4680BD00BFF01B002080B483B0E6
:106AE00000AF786039607B685A683B681A6000BF05
:106AF0000C37BD4680BC704780B483B000AF78606F
:106B000039607B689A683B681A6000BF0C37BD46E5
:106B100080BC704780B483B000AF786039607B6818
:106B2000DA683B681A6000BF0C37BD4680BC70470E
:106B300080B483B000AF786039607B681A693B68C5
:106B40001A6000BF0C37BD4680BC704780B483B06C
:106B500000AF786039607B685A693B681A6000BF93
:106B60000C37BD4680BC704780B483B000AF7860FE
:106B700039607B689A693B681A6000BF0C37BD4674
:106B800080BC704780B483B000AF786039607B68A8
:106B9000DA693B681A6000BF0C37BD4680BC70479D
:106BA00080B483B000AF786039607B681A6A3B6854
:106BB0001A6000BF0C37BD4680BC704780B483B0FC
:106BC00000AF786039607B685A6A3B681A6000BF22
:106BD0000C37BD4680BC704780B483B000AF78608E
:106BE00039607B689A6A3B681A6000BF0C37BD4603
:106BF00080BC704780B483B000AF786039607B6838
:106C0000DA6A3B681A6000BF0C37BD4680BC70472B
:106C100080B483B000AF786039607B681A6B3B68E2
:106C20001A6000BF0C37BD4680BC704780B483B08B
:106C300000AF786039607B685A6B3B681A6000BFB0
:106C40000C37BD4680BC704780B483B000AF78601D
:106C500039607B689A6B3B681A6000BF0C37BD4691
:106C600080BC704780B483B000AF786039607B68C7
:106C7000DA6B3B681A6000BF0C37BD4680BC7047BA
:106C800080B483B000AF786039607B681A6C3B6871
:106C90001A6000BF0C37BD4680BC704780B584B019
:106CA00000AFF860B9607A603B60474801F04AFB8A
:106CB0004648FEF7D1FD02460B46454801F042FB2F
:106CC0004248FEF7DDFD02460B46424801F03AFB22
:106CD0003E48FEF7E9FD02460B463F4801F032FB15
:106CE0003A48FEF7F5FD02460B463C4801F02AFB08
:106CF0003648FEF701FE02460B46394801F022FBFA
:106D00003248FEF70DFE02460B46364801F01AFBEC
:106D10002E48FEF719FE02460B46334801F012FBDF
:106D20002A48FEF725FE02460B46304801F00AFBD2
:106D30002648FEF731FE02460B462D4801F002FBC5
:106D40002248FEF73DFE02460B462A4801F0FAFAB9
:106D50001E48FEF749FE02460B46274801F0F2FAAC
:106D60001A48FFF757FE02460B46244801F0EAFA9C
:106D70001648FFF763FE02460B46214801F0E2FA8F
:106D80001248FFF76FFE02460B461E4801F0DAFA82
:106D90000E48FFF77BFE02460B461B4801F0D2FA75
:106DA0000A48FFF787FE02460B46184801F0CAFA68
:106DB000174801F0C7FAB86806F0FCF803465BB262
:106DC00018461037BD4680BD30F50100281A002056
:106DD00070F5010080F5010090F50100A0F50100BB
:106DE000B0F50100C0F50100D0F50100E4F50100A7
:106DF000F4F5010004F6010014F6010024F6010088
:106E000034F6010044F6010054F601006CF601006E
:106E100084F6010080B586B000AFF860B9607A6092
:106E20003B6000237B617B6901337B61674801F034
:106E300089FA07F1100319466548FFF74FFE3B69D1
:106E40003A691946634801F07DFA07F110031946C3
:106E50005F48FFF751FE3B693A6919465E4801F009
:106E600071FA07F1100319465948FFF753FE3B69C1
:106E70003A691946594801F065FA07F110031946B5
:106E80005348FFF755FE3B693A691946544801F0EB
:106E900059FA07F1100319464D48FFF757FE3B69B1
:106EA0003A6919464F4801F04DFA07F110031946A7
:106EB0004748FFF759FE3B693A6919464A4801F0CD
:106EC00041FA07F1100319464148FFF75BFE3B69A1
:106ED0003A691946454801F035FA07F11003194699
:106EE0003B48FFF75DFE3B693A691946404801F0AF
:106EF00029FA07F1100319463548FFF75FFE3B6991
:106F00003A6919463B4801F01DFA07F1100319468A
:106F10002F48FFF761FE3B693A691946364801F090
:106F200011FA07F1100319462948FFF763FE3B6980
:106F30003A691946314801F005FA07F1100319467C
:106F40002348FFF765FE3B693A6919462C4801F072
:106F5000F9F907F1100319461D48FFF767FE3B6971
:106F60003A691946274801F0EDF907F1100319466F
:106F70001748FFF769FE3B693A691946224801F054
:106F8000E1F907F1100319461148FFF76BFE3B6961
:106F90003A6919461D4801F0D5F907F11003194661
:106FA0000B48FFF76DFE3B693A691946184801F036
:106FB000C9F9184801F0C6F9B86805F0FBFF0346A7
:106FC0005BB218461837BD4680BD00BFACF6010065
:106FD000281A0020ECF6010004F701001CF701005C
:106FE00034F701004CF7010060F7010074F701006D
:106FF0008CF70100A4F70100BCF70100D4F70100F1
:10700000E8F7010000F8010018F8010030F801006D
:1070100050F801006CF80100B0B594B006AFF8600C
:10702000B9607A603B60012387F837309C49B868C3
:1070300005F064FDB8629A49002005F05FFD7862B2
:107040009749002005F05AFD38624FF00002954B39
:10705000C7E906234FF000024FF00003C7E90423FD
:10706000BB6A002B08D1904801F06CF9B86805F0B4
:10707000A1FF03465BB219E200233B6317E0BA6A43
:107080003B6B134493F90030002B15D0BA6A3B6B6D
:10709000134493F90030184605F01CF80146BA6A0B
:1070A0003B6B13444AB21A703B6B01333B633A6B40
:1070B0007B689A42E3D300E000BF7B6A002B09D0D3
:1070C000002387F8373007F118031A467749786AA2
:1070D00005F0A0FA3B6A002B09D0002387F837306F
:1070E00007F110031A467149386A05F093FA08222D
:1070F0006F49B86A05F0AAFC0346002B40F00081F6
:107100004FF000024FF00003CDE900234FF00002E2
:10711000644B6848FFF7F4FB4FF000024FF00003A8
:10712000CDE900234FF000024FF080436248FFF7A3
:10713000E7FB4FF000024FF00003CDE900234FF0D2
:1071400000025E4B5E48FFF7DBFB4FF000024FF0A2
:107150000003CDE900234FF000024FF0804359486F
:10716000FFF7CEFB4FF000024FF00003CDE9002304
:1071700049A3D3E900235448FFF7C2FB4FF00002B4
:107180004FF00003CDE9002343A3D3E900234F4888
:10719000FFF7B6FB4FF000024FF00003CDE90023EC
:1071A0004FF000024FF080434948FFF7A9FB4FF032
:1071B00000024FF00003CDE900234FF00002454BE1
:1071C0004548FFF79DFB4FF000024FF00003CDE96B
:1071D00000234FF00002334B4048FFF791FB4FF084
:1071E00000024FF00003CDE900234FF000022D4BC9
:1071F0003B48FFF785FB4FF000024FF00003CDE95D
:1072000000234FF00002274B3648FFF779FB4FF081
:1072100000024FF00003CDE900234FF00002214BA4
:107220003148FFF76DFB4FF000024FF00003CDE94E
:1072300000234FF000021B4B2C48FFF761FB4FF07F
:1072400000024FF00003CDE900234FF00002154B80
:107250002748FFF755FB4FF000024FF00003CDE940
:1072600000234FF000020F4B2248FFF749FB4FF07D
:1072700000024FF00003CDE900234FF00002094B5C
:107280001D48FFF73DFB1D4801F05CF8B86805F0AC
:1072900091FE03465BB209E1E3A59BC420B0134015
:1072A00094F801000000F03F9CF8010000F9010093
:1072B00004F90100001B0020101B002000003040DA
:1072C000201B0020301B0020501B0020601B0020D2
:1072D000401B002000000840701B0020801B002085
:1072E000901B0020A01B0020B01B0020C01B002012
:1072F000D01B0020E01B0020F01B002010F9010033
:107300000023FB626B49B86A05F000FD0346002BC1
:1073100001D1694BFB626949B86A05F0F7FC034685
:10732000002B01D1664BFB626649B86A05F0EEFCA2
:107330000346002B01D1644BFB626449B86A05F037
:10734000E5FC0346002B01D1614BFB626149B86A41
:1073500005F0DCFC0346002B01D15F4BFB625F496B
:10736000B86A05F0D3FC0346002B01D15C4BFB62ED
:107370005C49B86A05F0CAFC0346002B01D15A4BA0
:10738000FB625A49B86A05F0C1FC0346002B01D1E3
:10739000574BFB625749B86A05F0B8FC0346002B0F
:1073A00001D1554BFB625549B86A05F0AFFC034665
:1073B000002B01D1524BFB625249B86A05F0A6FC82
:1073C0000346002B01D1504BFB625049B86A05F0CF
:1073D0009DFC0346002B01D14D4BFB624D49B86A21
:1073E00005F094FC0346002B01D14B4BFB624B494B
:1073F000B86A05F08BFC0346002B01D1484BFB62B9
:1074000008224849B86A05F021FB0346002B01D148
:10741000454BFB6208224549B86A05F017FB034655
:10742000002B01D1424BFB62FB6A002B32D097F854
:10743000373083F00103DBB2002B19D0D7E9060106
:10744000D7E90423CDE9002302460B46F86AFFF78B
:1074500057FAD7E90601D7E904233C6A0494CDE939
:1074600002237B6A009302460B46324800F06AFF13
:10747000F86AFFF75AFA04460D46F86AFFF762FA0F
:1074800002460B46CDE9002322462B462A4800F04F
:1074900059FF03E0B96A294800F054FF284800F07A
:1074A00051FFB86805F086FD03465BB218463837D1
:1074B000BD46B0BD48F90100001B002050F9010095
:1074C000101B002058F90100201B002060F901006A
:1074D000301B002068F90100501B00206CF90100EE
:1074E000601B002070F90100401B002078F90100AA
:1074F000701B002080F90100801B002088F901002A
:10750000901B002090F90100A01B002094F90100BD
:10751000B01B00209CF90100C01B0020A4F9010051
:10752000D01B0020ACF90100E01B0020BCF90100D9
:10753000F01B0020C8F901000CFA01003CFA010020
:107540007CFA0100B0B584B000AFF860C7E9002351
:10755000FB681846FFF700F9174AFB681A60F968DC
:10756000D7E90023C1E90223FB6810331D241D461F
:1075700004E02846FEF7D6FF013C0435002CF8DA7B
:10758000FB68002283F88820FB68002283F88920AA
:10759000FB68002283F88A20FB68002283F88B2096
:1075A0000120FFF783F90120FFF78AF9FB681846ED
:1075B0001037BD46B0BD00BFF4FC010080B582B0FD
:1075C00000AF7860054A7B681A607B681846FFF751
:1075D000D3F87B6818460837BD4680BDF4FC01002F
:1075E00080B582B000AF78607868FFF7E7FF902140
:1075F000786815F0B5F97B6818460837BD4680BD38
:1076000080B58CB004AF78600B46FB700020FFF7AC
:107610000FF942F21070F9F70FFA07F11C0000237E
:1076200000220621FEF791FF397F786800F0D6F836
:107630004FF47A70F9F700FA07F11800012302936A
:107640000123019300230093012300220121FEF76F
:10765000AAFF07F114000023009300230722002152
:10766000FEF7F4FF07F110000123019301230093BB
:10767000012301220121FFF720F83B7E1A46002159
:10768000786800F089F83B7D1A460121786800F09F
:1076900083F83B7C1A460621786800F07DF8FB7879
:1076A0001A460721786800F077F8002208217868E8
:1076B00000F072F807F10F031A460021786800F015
:1076C000A4F83A7EFB7B9A4208D0FB7B19463B7EAE
:1076D0001A462C4800F036FE00234EE007F10F0357
:1076E0001A460121786800F090F83A7DFB7B9A42B7
:1076F00008D0FB7B19463B7D1A46234800F022FE4A
:1077000001233AE007F10F031A460621786800F0DA
:107710007CF83A7CFB7B9A4208D0FB7B19463B7C89
:107720001A461A4800F00EFE062326E007F10F0362
:107730001A460721786800F068F8FB7BFA789A42CD
:1077400008D0FB7B1946FB781A46114800F0FAFD79
:10775000072312E007F10F031A460921786800F0A9
:1077600054F8FB7B8B2B07D0FB7B8B2219460948F7
:1077700000F0E8FD092300E0002318462037BD464D
:1077800080BD00BFA0FA0100E4FA010028FB01005F
:107790006CFB0100ACFB010080B584B000AF7860E9
:1077A0000B46FB701346BB7007F10C03184600F044
:1077B00056F8FB7843F06003DBB21946786800F0B6
:1077C00075F8BB781946786800F070F807F10C037B
:1077D000184600F056F81037BD4680BD80B584B01D
:1077E00000AF7860397007F10C03184600F037F8E5
:1077F0003B781946786800F059F807F10C031846F1
:1078000000F03FF81037BD4680BD80B586B000AFB0
:10781000F8600B467A60FB7207F11403184600F01B
:107820001EF87B6800221A70FB7A43F04003DBB23B
:107830001946F86800F03AF8F86800F045F8034691
:107840001A467B681B781343DAB27B681A7007F11B
:107850001403184600F015F81837BD4680BD80B5F2
:1078600082B000AF78604FF47A70F9F7E5F8FEF770
:10787000B7FF0120FEF7DCFF7B6818460837BD46DE
:1078800080BD80B582B000AF78600120F9F7D4F8F0
:10789000FEF7A6FF0020FEF7CBFF4FF47A70F9F752
:1078A000CBF87B6818460837BD4680BD80B582B0EE
:1078B00000AF78600B46FB70FB781846FEF7C8FFF8
:1078C00000BF0837BD4680BD80B584B000AF78608A
:1078D0000020FEF7CFFF0346FB73FB7B18461037F3
:1078E000BD4680BD0000000080B582B002AF664892
:1078F000FFF736F84FF000024FF00003CDE9002308
:107900004FF00002614B6248FEF7E4FF4FF00002C7
:107910004FF00003CDE900234FF000024FF0804309
:107920005C48FEF7D7FF4FF000024FF00003CDE9AF
:1079300000234FF00002584B5848FEF7CBFF4FF0A2
:1079400000024FF00003CDE900234FF000024FF09A
:1079500080435348FEF7BEFF4FF000024FF0000394
:10796000CDE900234FF000024FF080434D48FEF771
:10797000B1FF4FF000024FF00003CDE9002340A318
:10798000D3E900234848FEF7A5FF4FF000024FF06F
:107990000003CDE900233AA3D3E900234348FEF7CF
:1079A00099FF4FF000024FF00003CDE900234FF0A4
:1079B00000023F4B3F48FEF78DFF4FF000024FF0B3
:1079C0000003CDE900234FF00002304B3A48FEF7A8
:1079D00081FF4FF000024FF00003CDE900234FF08C
:1079E00000022A4B3548FEF775FF4FF000024FF0BA
:1079F0000003CDE900234FF00002244B3048FEF78E
:107A000069FF4FF000024FF00003CDE900234FF073
:107A100000021E4B2B48FEF75DFF4FF000024FF0B7
:107A20000003CDE900234FF00002184B2648FEF773
:107A300051FF4FF000024FF00003CDE900234FF05B
:107A40000002124B2148FEF745FF4FF000024FF0B5
:107A50000003CDE900234FF000020C4B1C48FEF759
:107A600039FF4FF000024FF00003CDE900234FF043
:107A70000002064B1748FEF72DFF00BFBD4680BD34
:107A8000E3A59BC420B01340281A00200000F03F5B
:107A9000001B0020101B002000003040201B002095
:107AA000301B0020401B0020501B0020601B0020CA
:107AB00000000840701B0020801B0020901B00204D
:107AC000A01B0020B01B0020C01B0020D01B0020EA
:107AD000E01B0020F01B002080B500AF0348FEF73C
:107AE0008BFF0348FCF708FC00BF80BD281A00206C
:107AF0004800002080B500AFFFF7F6FE80BD80B5DE
:107B000000AFFFF7E9FF80BDF0B587B004AF786044
:107B10007B681B889BB21E467B681B7803F00103C1
:107B2000DBB2002B01D0592400E04E247B681B7887
:107B300003F00203DBB2002B01D0592500E04E25F3
:107B40007B681B7803F00403DBB2002B01D05923C0
:107B500000E04E237A68127802F00802D2B2002ABE
:107B600001D0592200E04E227968497801F00101E4
:107B7000C9B2002901D0592100E04E21786840782F
:107B800000F00200C0B2002801D0592000E04E20D1
:107B900003900291019200932B46224631460348FE
:107BA00000F0D0FB00BF0C37BD46F0BD60FD01000A
:107BB000F0B589B006AF78607B681B789C467B681F
:107BC0001B7803F00103DBB2002B01D0592500E044
:107BD0004E257B681B7803F00203DBB2002B01D03B
:107BE000592600E04E267B681B7803F00403DBB2C5
:107BF000002B01D0592300E04E237A68127802F05E
:107C00000802D2B2002A01D0592200E04E2279683F
:107C1000097801F01001C9B2002901D0592100E012
:107C20004E217868007800F02000C0B2002801D012
:107C3000592000E04E207C68247804F04004E4B22F
:107C4000002C01D0592400E04E24049403900291AA
:107C50000192009333462A466146034800F072FBC6
:107C600000BF0C37BD46F0BDD4FD010080B582B029
:107C700000AF78607B681B681946034800F062FB20
:107C800000BF0837BD4680BD54FE0100F0B587B087
:107C900004AF78607B681B781E467B681B7803F016
:107CA0000103DBB2002B01D0592400E04E247B6895
:107CB0001B7803F00203DBB2002B01D0592500E052
:107CC0004E257B681B7803F00803DBB2002B01D044
:107CD000592300E04E237A68127802F01002D2B2E3
:107CE000002A01D0592200E04E227968097801F07B
:107CF0002001C9B2002901D0592100E04E21786845
:107D0000007820F07F00C0B2002801D0592000E0A8
:107D10004E2003900291019200932B462246314659
:107D2000034800F00FFB00BF0C37BD46F0BD00BF9D
:107D300080FE010080B582B000AF78607B681B6870
:107D40001946034800F0FEFA00BF0837BD4680BD63
:107D500000FF010080B582B000AF78607B681B68CF
:107D600019460D4800F0EEFA7B681846FFF78EFFC3
:107D70000A4800F0E7FA7B6801331846FFF718FF5E
:107D8000064800F0DFFA7B6802331846FFF7BCFEB6
:107D900000BF0837BD4680BD30FF010064FF010011
:107DA00080B584B002AF78607B6819687B681B7807
:107DB00003F00203DBB2002B01D0592200E04E2277
:107DC0007B68DB7803F04003DBB2002B01D0592045
:107DD00000E04E207B68DB7823F07F03DBB2002BD2
:107DE00001D0592300E04E2300930346034800F0DE
:107DF000A9FA00BF0837BD4680BD00BF68FF01007B
:107E0000F0B589B006AF78607B681D687B685E68F6
:107E10007B68D3F808C07B68DB687A681269796888
:107E20004969786880697C68E469049403900291E8
:107E300001920093634632462946034800F082FAD5
:107E400000BF0C37BD46F0BDB4FF010080B584B063
:107E500000AF78601C4B1B6803F00103002B14BFBC
:107E600001230023DBB2002B00D001BE7868FFF7AE
:107E7000C7FF164800F066FA154B1B681846FFF757
:107E8000F5FE124800F05EFA124B1B681846FFF729
:107E900051FF0E4800F056FA0F4B1B681846FFF7CB
:107EA0007FFF0A4800F04EFA0C4B1B681846FFF79C
:107EB00051FF064800F046FA0023FB60FB68984734
:107EC00000BF1037BD4680BDF0ED00E03800020075
:107ED0005C000020640000206C000020680000208E
:107EE00080B586B000AF7860124800F02BFA7B684E
:107EF0009B693B617B685B69FB6039690E4800F0F8
:107F000021FAF9680D4800F01DFA00237B6104E0B6
:107F100003F068F97B6901337B617B69B3F5805FAE
:107F2000F6D30023BB60BB68984700BF1837BD4637
:107F300080BD00BF3C0002004C0002005C0002005B
:107F400080B586B000AF7860124800F0FBF97B681E
:107F50009B693B617B685B69FB6039690E4800F097
:107F6000F1F9F9680D4800F0EDF900237B6104E0B8
:107F700003F038F97B6901337B617B69B3F5805F7E
:107F8000F6D30023BB60BB68984700BF1837BD46D7
:107F900080BD00BF6C0002004C0002005C000200CB
:107FA00080B586B000AF7860124800F0CBF97B68EE
:107FB0009B693B617B685B69FB6039690E4800F037
:107FC000C1F9F9680D4800F0BDF900237B6104E0B8
:107FD00003F008F97B6901337B617B69B3F5805F4E
:107FE000F6D30023BB60BB68984700BF1837BD4677
:107FF00080BD00BF800002004C0002005C00020057
:1080000080B500AF0248FCF777F900BF80BD00BF24
:108010005000002080B500AFFFF7F2FF80BD0000E8
:1080200090B589B000AFF860B9607A603B6000231A
:10803000FB61FB68002B02D0BB68002B01D1002341
:10804000DCE07B6B002B16D0BB6B002B13D0B96B25
:10805000786B04F041FD03461A46796BF86804F02A
:10806000F5FC0346002B14BF01230023DBB2002BD9
:1080700001D00023C2E0BB68BB61BB69202B01D9E2
:108080002023BB6197F83C3083F00103DBB2002B67
:1080900039D00023FB6129E0FA68FB69134493F9A6
:1080A0000030602B15DDFA68FB69134493F900304A
:1080B0007A2B0EDCFA68FB69134493F90030DBB2CB
:1080C000203BDBB259B24F4AFB6913440A461A708F
:1080D00009E0FA68FB69134493F90010494AFB6907
:1080E00013440A461A70FB690133FB61B969F868E9
:1080F00004F0F2FC0246FB69934234BF01230023E3
:10810000DBB2002BC8D13F4B0022DA7700233B6162
:108110000023FB6148E0FB691B017A6813441B7A6A
:108120007B61BA687B699A4201D2BB687B61FB695B
:108130001B017A6813441B687A691946314804F0B8
:1081400085FC0346002B0CD0FB691B017A681344A5
:108150001B687A691946F86804F078FC0346002B1E
:108160001FD1FB691B017A6813441B7A1A46FB680E
:1081700013443B61FB691B017A681344DC68FB69AB
:108180001B017A6813441868FB691B017A68134461
:108190001B7A1A46BB689A1A3B6C3969A0470123BF
:1081A0002CE0FB690133FB61FA693B689A42B2D368
:1081B00097F83030002B18D11249134800F0C2F85C
:1081C0000023FB610BE00F4AFB69134493F9003075
:1081D00019460E4800F0B6F8FB690133FB61FB69F4
:1081E000092BF0D90A4800F0ADF897F83030002B91
:1081F00003D13968786800F00DF800231846243759
:10820000BD4690BD081C0020A0000200BC0002007A
:10821000C400020080B584B000AF786039600023EC
:10822000FB6010E0FB681B017A6813441968FB6867
:108230001B017A6813445B681A46074800F082F80D
:10824000FB680133FB60FA683B689A42EAD300BFDF
:1082500000BF1037BD4680BDEC00020080B586B07F
:1082600000AFF860B9607A60BB68002B01D10023D1
:1082700012E000237B610AE0BA687B69134493F93A
:108280000030184602F040FF7B6901337B617A6958
:108290007B689A42F0D37B6818461837BD4680BD8C
:1082A00080B586B000AFF860B9607A60FB68B3F162
:1082B000804F03D3FB680D4A934209D97B68BA68A3
:1082C000F9680B4804F0B0F8FA687B68134409E0D9
:1082D000FB687B617A68B968786904F0F5FD02464D
:1082E0007B68134418461837BD4680BD00800040A7
:1082F000F400020080B586B000AFF860B9607A6023
:10830000BB68002B02D0FB68002B01D1002315E0D5
:10831000FB683B6100237B610BE0BA687B69134417
:1083200093F900303969184604F0CEF87B690133BF
:108330007B617A697B689A42EFD37B68184618376D
:10834000BD4680BD0FB480B582B000AF07F1140305
:108350003B603B683A6900210548FAF753FC7860B6
:108360007B6818460837BD46BDE8804004B07047BA
:108370005D8200000EB480B585B000AF786007F173
:108380002003BB60BB68FA6979680A48FAF73AFCCF
:10839000F860FB68002B04DBFB687A68134400225A
:1083A0001A70FB6818461437BD46BDE8804003B01C
:1083B000704700BFA18200000CB480B584B000AF4C
:1083C0007860396007F11C03BB60BB68BA697968E3
:1083D0000548FAF717FCF860FB6818461037BD46E9
:1083E000BDE8804002B07047A18200000EB480B5A5
:1083F00085B000AF786007F12003BB60BB68FA6905
:1084000079680648FAF7FEFBF860FB6818461437EF
:10841000BD46BDE8804003B0704700BFF582000054
:1084200090B587B002AFF8607A603B600B467B8105
:10843000FB68002B0AD0FB681B681C6879893B6AC3
:1084400000933B687A68F868A04702E00348FFF7AA
:1084500079FF00BF1437BD4690BD00BF1C0102006C
:1084600080B483B000AF7860044A7B681A607B6890
:1084700018460C37BD4680BC704700BFD8020200CA
:1084800080B582B000AF78607868FFF7E9FF04211B
:10849000786814F065FA7B6818460837BD4680BDD9
:1084A00080B582B000AF7860054A7B681A607B684F
:1084B0001846FFF7D5FF7B6818460837BD4680BDD4
:1084C000A002020080B582B000AF78607868FFF744
:1084D000E7FF1C21786814F043FA7B6818460837D8
:1084E000BD4680BD80B487B000AF786039607B68DE
:1084F0001B69002B03D07B68DB68002B01D10023B4
:1085000046E07B681B691B687B617B685B697A69F5
:108510009A4201D900237B617B68DB681B683B6161
:108520007B685B693A699A4201D900233B617A69A9
:108530003B69D31AFB60FB68002B04DA7B685A693D
:10854000FB681344FB607B685B691A46FB689342D7
:1085500002DD7B685B69FB603B68FA689A4201DC7C
:10856000002315E03A693B681344BB607B685B6994
:10857000BA689A4204D37B685B69BA68D31ABB6055
:108580007B685B68BA681A607B689B681B78DBB2A3
:1085900018461C37BD4680BC704780B487B000AF1A
:1085A000786039607B681B69002B03D07B68DB68CF
:1085B000002B01D1002346E07B681B691B687B61AF
:1085C0007B685B697A699A4201D900237B617B6889
:1085D000DB681B683B617B685B693A699A4201D939
:1085E00000233B617A693B69D31AFB60FB68002B6F
:1085F00004DA7B685A69FB681344FB607B685B693B
:108600001A46FB68934202DD7B685B69FB603B684E
:10861000FA689A4201DC002315E03A693B6813448A
:10862000BB607B685B69BA689A4204D37B685B690C
:10863000BA68D31ABB607B685B68BA681A607B68EB
:108640009B681B78DBB218461C37BD4680BC704760
:1086500080B483B000AF78607B68DB68002B01D109
:10866000002302E07B68DB681B6818460C37BD46B8
:1086700080BC704780B483B000AF78607B681B69B2
:10868000002B01D1002302E07B681B691B681846A0
:108690000C37BD4680BC704790B585B000AF7860A0
:1086A00039600023FB817B681B680C331B683968C9
:1086B0007868984703461CB27B681B680C331B68BC
:1086C0003A68013211467868984703461BB21B028C
:1086D0001BB223431BB2FB81FB8918461437BD46EE
:1086E00090BD90B585B000AF786039600023FB6025
:1086F0007B681B680C331B683968786898470346A9
:108700001C467B681B680C331B683A6801321146B3
:108710007868984703461B021C437B681B680C3330
:108720001B683A68023211467868984703461B0472
:108730001C437B681B680C331B683A680332114684
:108740007868984703461B062343FB60FB6818467E
:108750001437BD4690BD00002DE9F04186B004AF4E
:1087600078607B685B6818467B689B681C467B6802
:10877000DB681D467B681B6919467B685B697A6804
:1087800092690292019300912B46224601461448B9
:10879000FFF7D8FD7B685B681D687B689B681B786A
:1087A000DBB298467B68DB681E687B681B691C68C7
:1087B0007B681B6818331B687868984702467B689B
:1087C0009B691B68029301920094334642462946F6
:1087D0000448FFF7B7FD00BF0837BD46BDE8F0818C
:1087E0007C0102000002020080B487B000AF786014
:1087F0007B681B69002B03D07B68DB68002B01D1F1
:10880000002322E07B681B691B687B617B685B69D6
:108810007A699A4201D900237B617B68DB681B6817
:108820003B617B685B693A699A4201D900233B61ED
:108830007A693B69D31AFB60FB68002B04DA7B681A
:108840005A69FB681344FB60FB6818461C37BD4639
:1088500080BC704780B582B000AF786039607B68BB
:108860009B69002B0BD07B689B691A4639680648C8
:10887000FFF768FD7B689B693A681A6000E000BFFB
:108880000837BD4680BD00BF6402020080B58AB0D3
:1088900000AFF860B9607A603B607B681B683A6B38
:1088A0009A4203D23B6B5A1E7B681A60FB681B68B6
:1088B00018331B68F868984738617B681B683A6909
:1088C0009A4203D23B695A1E7B681A60FB681B6997
:1088D000002B03D0FB68DB68002B01D1002354E0A0
:1088E000FB681B691B687B62FB685B697A6A9A425A
:1088F00001D900237B62FB68DB681B683B62FB6875
:108900005B693A6A9A4201D900233B627A6A3B6A00
:10891000D31AFB61FB69002B04DAFB685A69FB6917
:108920001344FB61FB685B691A46FB69934202DDF5
:10893000FB685B69FB610023BB610023BB611EE038
:10894000BA693B6A1344BA6813447B61FB685B698C
:108950007A699A4204D3FB685B697A69D31A7B61AE
:10896000FB685B687A691A60FB689A683968BB695A
:108970000B441278D2B21A70BB690133BB617B68B9
:108980001B68BA699A42DBD3BB6918462837BD46D3
:1089900080BD000080B483B000AF7860044A7B687B
:1089A0001A607B6818460C37BD4680BC704700BF14
:1089B000D802020080B483B000AF786039603B68B1
:1089C0001A687B681A607B6818460C37BD4680BC05
:1089D000704780B485B000AFF860B9607A603B60E2
:1089E000FB68BA681A60FB687A685A60FB683A6884
:1089F0009A60FB68BA69DA60FB6818461437BD46AE
:108A000080BC704780B483B000AF7860044A7B6854
:108A10001A607B6818460C37BD4680BC704700BFA3
:108A20000C0C020080B483B000AF7860044A7B680D
:108A30001A607B6818460C37BD4680BC704700BF83
:108A40000C0C020080B582B000AF78607868FFF748
:108A5000E9FF0421786813F083FF7B681846083724
:108A6000BD4680BD80B483B000AF78607B680022D3
:108A700062F041021A70002262F045025A70002230
:108A800062F052029A70002242F01B02DA707B6898
:108A900000221A7100225A717B6800229A7100220A
:108AA000DA717B6818460C37BD4680BC7047000001
:108AB00080B582B000AF78607B681B6819467B6820
:108AC0009B889BB21A467B68DB889BB2034803F005
:108AD000ABFC00BF0837BD4680BD00BF0C030200E1
:108AE00080B582B000AF78607B681846FFF78AFFD8
:108AF000034A7B681A607B6818460837BD4680BD0C
:108B0000980B020080B582B000AF7860054A7B68A0
:108B10001A607B681846FFF785FF7B6818460837A0
:108B2000BD4680BD980B020080B582B000AF786072
:108B30007868FFF7E7FF0421786813F011FF7B687E
:108B400018460837BD4680BD80B487B000AFF860D6
:108B5000B9607A603B6000237B610EE0BA687B6994
:108B600013441B680A4A934204D13B687A691A602D
:108B7000012308E07B6901337B617B68043B7A69F0
:108B80009A42EBD3002318461C37BD4680BC704781
:108B9000BEBAAD1B80B487B000AFF860B9607A6030
:108BA0003B607B68043B7B61BA687B6913441B684C
:108BB000064A934204D13B687A691A60012300E0B7
:108BC000002318461C37BD4680BC7047EDAD0F0A28
:108BD00080B487B000AFF860B9607A603B603B68F2
:108BE0007B610EE0BA687B6913441B680A4A9342B2
:108BF00004D13B6A7A691A60012308E07B6901337A
:108C00007B617B68043B7A699A42EBD30023184668
:108C10001C37BD4680BC7047BEBAAD1B80B487B060
:108C200000AFF860B9607A603B603B687B610EE042
:108C3000BA687B6913441B680A4A934204D13B6AB1
:108C40007A691A60012308E07B6901337B617B68E4
:108C5000043B7A699A42EBD9002318461C37BD467B
:108C600080BC7047EDAD0F0A80B483B000AF786070
:108C7000082318460C37BD4680BC704780B483B0CB
:108C800000AF7860082318460C37BD4680BC70479B
:108C900080B483B000AF7860042318460C37BD461B
:108CA00080BC704780B483B000AF7860082318465A
:108CB0000C37BD4680BC704780B483B000AF78608D
:108CC0004FF6FF7318460C37BD4680BC704780B422
:108CD00085B000AFF860B9607A603B600023184649
:108CE0001437BD4680BC704780B485B000AFF860D3
:108CF000B9607A603B604FF000024FF0000310460D
:108D000019461437BD4680BC704780B487B000AFA9
:108D1000F860B9607A603B603B6808337A689A42D1
:108D200001D2002306E0BA683B6813447B617B698B
:108D3000DB889BB218461C37BD4680BC7047B0B478
:108D400087B000AFF860B9607A603B603B68083379
:108D50007A689A4204D24FF000044FF000050AE00E
:108D6000BA683B6813447B617B699B889BB29BB26A
:108D700000221C46154622462B46104619461C3733
:108D8000BD46B0BC704780B487B000AFF860B96032
:108D90007A603B603B6808337A689A4201D20023CC
:108DA0000DE0BA683B6813447B617B699B889BB28A
:108DB0001A467B6A934201D1012300E00023184642
:108DC0001C37BD4680BC704780B588B000AFF860E6
:108DD000B9607A603B603B6810337A689A4201D28E
:108DE000002338E0BA683B681344FB61FB69DB8809
:108DF0009BB21A463B68134410337A689A4201D2F8
:108E0000002328E0FB691B68154A934201D0002328
:108E100021E0FB69DB889BB21A463B6813440833A8
:108E2000BA681344BB61BB695B680E4A934201D0C8
:108E3000002310E0FB69DB889BB208331946F86910
:108E4000F7F748FE7861BB691B687A699A4201D0DE
:108E5000002300E0012318462037BD4680BD00BF37
:108E6000BEBAAD1BEDAD0F0A80B588B000AFF8609B
:108E7000B9607A603B60BB68002B0AD03B68002B6E
:108E800002D1FB6A002B04D1FB6A10337A689A4244
:108E900001D200233CE007F110031846FFF7E2FD82
:108EA0003B8DBB82FB6A9BB2FB82BB681A4607F113
:108EB000100303CB106051603B68002B06D0BB68E9
:108EC0000833FA6A3968184603F0FEFFFB6A083374
:108ED000BA681344FB61FB6A08331946B868F7F7B0
:108EE000F9FDB861FB69BA691A60FB69002262F09A
:108EF00012021A71002262F052025A71002242F0EC
:108F00000F029A71002242F00A02DA71FB6A1033F2
:108F100018462037BD4680BD80B586B000AFF860EA
:108F2000B9607A603B607B687B6117E0BB681B6857
:108F300014331B687969B86898470346124A93420C
:108F40000CBF01230023DBB2002B04D03B687A69FD
:108F50001A60012313E07B6901337B61BB681B68E6
:108F600018331B68B86898470346043B7A699A42ED
:108F700034BF01230023DBB2002BD7D100231846D6
:108F80001837BD4680BD00BFBEBAAD1B80B586B0E8
:108F900000AFF860B9607A603B607B68083B7B613A
:108FA00018E0BB681B6814331B687A691146B868FF
:108FB000984703460B4A93420CBF01230023DBB2C0
:108FC000002B04D07A693B681A60012306E07B69B4
:108FD000013B7B617B69002BE3DA002318461837DD
:108FE000BD4680BDBEBAAD1B80B586B000AFF8608F
:108FF000B9607A603B607B687B6117E0BB681B6887
:1090000014331B687969B86898470346124A93423B
:109010000CBF01230023DBB2002B04D03B687A692C
:109020001A60012313E07B6901337B61BB681B6815
:1090300018331B68B86898470346043B7A699A421C
:1090400094BF01230023DBB2002BD7D100231846A5
:109050001837BD4680BD00BFEDAD0F0A90B585B095
:1090600000AFF860B9607A607B6803F10804BB6800
:109070001B6818331B68B868984703469C428CBF2E
:1090800001230023DBB2002B01D0002309E0BB68E1
:109090001B6810331B687A6806321146B868984717
:1090A000034618461437BD4690BD000090B58DB0FC
:1090B00000AFF860B9607A603B60BB681B6814332E
:1090C0001B687968B8689847B862BB681B6810333A
:1090D0001B687A6806321146B86898470346FB84D5
:1090E000BB681B6814331B687968B86898470346E7
:1090F0001A4679687248FFF725F97B681C1DBB6822
:109100001B6810331B687A6804321146B8689847A8
:1091100003461A4621466B48FFF714F97B689C1DED
:10912000BB681B6810331B687A6806321146B86842
:10913000984703461A4621466348FFF703F97B68C0
:1091400003F11004BB681B6818331B68B8689847A4
:1091500003469C428CBF01230023DBB2002B01D0CD
:109160000023A9E0FA8C7B68134403F11004BB6868
:109170001B6818331B68B868984703469C428CBF2D
:1091800001230023DBB2002B01D0002394E0BB6A53
:109190004E4A934201D000238EE0BB681B68143313
:1091A0001B68F98C7A680A4408321146B8689847F7
:1091B0003862BB681B6814331B68F98C7A680A44F0
:1091C0000C321146B8689847F861FA8C7B681344F2
:1091D00003F10804BB681B6814331B68F98C7A68B8
:1091E0000A4408321146B868984703461A46214691
:1091F0003748FFF7A7F8FA8C7B68134403F10C0497
:10920000BB681B6814331B68F98C7A680A440C32FB
:109210001146B868984703461A4621462D48FFF77D
:1092200091F8FB692C4A934201D0002344E03B684B
:10923000083BBB613B6C1B687A681A603B6C5B68DF
:10924000BA691A600023FB623B6C9A6807F1140349
:1092500011461846FFF7AEFB0023FB620FE07B6967
:10926000C3F31E031A46BB6993420DD0FB7D23F066
:109270007F03DBB2002B07D1FB6A0133FB62FB8C5F
:109280002033FA6A9A42EAD33B6CDB6819683B6C7C
:109290009B681B681A461148FFF754F83B6CDB6863
:1092A0001B683A6A9A4214BF01230023DBB2002BE9
:1092B00001D0002300E0012318463437BD4690BD9D
:1092C00058030200A4030200E8030200BEBAAD1B6B
:1092D0002C04020068040200EDAD0F0AB004020085
:1092E00080B485B000AFF860B9607A603B6000235D
:1092F00018461437BD4680BC704780B485B000AFB7
:10930000F860B9607A603B604FF000024FF00003F4
:10931000104619461437BD4680BC7047F0B587B07B
:1093200000AFF860B9607A603B607B6803F10806C3
:10933000BB681B6818331B68B868984703469E4291
:109340008CBF01230023DBB2002B04D04FF00004BC
:109350004FF000050EE0BB681B6810331B687A688D
:1093600004321146B86898470346FB82FB8A002204
:109370001C46154622462B46104619461C37BD464C
:10938000F0BD90B587B000AFF860B9607A603B601F
:109390007B6803F10804BB681B6818331B68B86856
:1093A000984703469C428CBF01230023DBB2002B6D
:1093B00001D0002311E0BB681B6810331B687A687A
:1093C00004321146B86898470346FB82FB8ABA6AA2
:1093D0009A4201D1012300E0002318461C37BD4604
:1093E00090BD000080B483B000AF7860044A7B6811
:1093F0001A607B6818460C37BD4680BC704700BFBA
:10940000840B020080B483B000AF7860044A7B68AC
:109410001A607B6818460C37BD4680BC704700BF99
:10942000840B020080B582B000AF78607868FFF7E7
:10943000E9FF0421786813F093FA7B68184608372F
:10944000BD4680BD80B582B000AF78607B681846AD
:10945000FFF7C8FF034A7B681A607B681846083725
:10946000BD4680BD580B020080B582B000AF786069
:10947000054A7B681A607B681846FFF7C3FF7B6864
:1094800018460837BD4680BD580B020080B582B033
:1094900000AF78607868FFF7E7FF0421786813F081
:1094A0005FFA7B6818460837BD4680BD80B586B038
:1094B00000AFF860B9607A6000237B6114E0BA689D
:1094C0007B6913441B78002B13D0FB681B68143393
:1094D0001B68B9687A690A44127852B21146F86872
:1094E00098477B6901337B617A697B689A42E6D34E
:1094F00000E000BF00BF1837BD4680BD80B483B018
:1095000000AF78603960064A7B681A607B683A6809
:109510005A607B6818460C37BD4680BC704700BF58
:10952000440B020080B483B000AF7860044A7B68CB
:109530001A607B6818460C37BD4680BC704700BF78
:10954000440B020080B582B000AF78607868FFF706
:10955000E9FF0821786813F003FA7B68184608379A
:10956000BD4680BD80B483B000AF7860044A7B689C
:109570001A607B6818460C37BD4680BC704700BF38
:10958000240B020080B483B000AF7860044A7B688B
:109590001A607B6818460C37BD4680BC704700BF18
:1095A000240B020080B582B000AF78607868FFF7C6
:1095B000E9FF0421786813F0D3F97B68184608376F
:1095C000BD4680BD80B485B000AFF860B9607A60F8
:1095D00000BF1437BD4680BC704780B485B000AF73
:1095E000F860B9607A6000BF1437BD4680BC704730
:1095F00080B485B000AFF860B9607A6000BF1437FE
:10960000BD4680BC704780B485B000AFF860B960DB
:109610007A6000BF1437BD4680BC704780B584B007
:1096200000AFF860B9607A603B60FB68B9681846C3
:10963000FFF764FF2F4AFB681A60FB6800229A60FC
:10964000FB6803F5805300229A81FB6803F5805381
:109650001A467B681361FB6803F580531A463B6822
:109660005361FB6803F580531A46BB699361FB683D
:1096700003F580531A46FB69D361FB6803F58053F9
:10968000002283F82020FB6803F58053002283F832
:109690002120FB6803F580531A4600235362FB68C0
:1096A00003F580531A4600239362FB6803F5805349
:1096B0001A460023D362FB6803F580531A46002341
:1096C0001363FB6803F580531A4600235363FB685A
:1096D00003F582531946D7E90A2341E90223D7E962
:1096E0000A23F86800F01AF8FB6818461037BD46E0
:1096F00080BD00BF0C0B020080B483B000AF786067
:109700000B46FB707B6803F580531A46FB7882F8A2
:10971000203000BF0C37BD4680BC704790B585B087
:1097200000AFF860C7E90023FB6803F582531946D0
:10973000D7E9002341E90223FB6803F580530022A7
:109740009A81FB6803F580531A4600235362FB6835
:1097500003F580531A4600239362FB6803F5805398
:109760001A460023D362FB6803F580531A46002390
:109770001363FB6803F580531A4600235363FB68A9
:1097800003F58053002283F82120FB680C334FF44B
:1097900080520021184603F0A1F8FB6803F58053BE
:1097A00093F82030002B20D0FB6803F580531B6911
:1097B0001B6818331B68FA6802F58052126910465C
:1097C00098470446FB6803F580531B691B681C33EC
:1097D0001B68FA6802F580521269104698470346E2
:1097E0001A4621460348FEF7ADFD002318461437FC
:1097F000BD4690BDF804020080B485B000AFF860AB
:10980000C7E90023FB6803F582531946D7E9002313
:1098100041E90223FB6803F5805300229A81FB682B
:1098200003F580531A4600235362FB6803F5805307
:109830001A4600239362FB6803F580531A460023FF
:10984000D362FB6803F580531A4600231363FB6859
:1098500003F580531A4600235363FB6803F58053D6
:10986000002283F82120002318461437BD4680BC0F
:109870007047000090B585B000AF78600023FB739F
:109880007B685B681B680C331B687A6852681046FB
:109890009847034683F00103DBB2002B01D000237D
:1098A00089E07B685B681B6810331B687A685268C4
:1098B000104698470346BB737B6803F5805393F8C3
:1098C0002030002B04D0BB7B19463D4802F0ACFD94
:1098D00097F90E301946786800F074F87B6803F544
:1098E000805393F8213083F00103DBB2002B49D081
:1098F000786800F0BFF80346FB73FB7B002B59D060
:109900007B6803F580531B691B682C331C687B68DC
:1099100003F5805318697B6803F10C017B6803F53C
:1099200080539B891A467B6803F580535B6AA04786
:1099300002467B6803F58053DA627B6803F5805347
:109940001B691B6818331B687A6802F5805212691C
:109950001046984702467B6803F580531A637B687C
:1099600003F580531B691B681C331B687A6802F57A
:10997000805212691046984702467B6803F580536F
:109980005A6317E07B6803F580539B8919467B680F
:1099900003F580531A6B7B6803F580535B6B1A44A5
:1099A0007B6803F58053DB6A1344994202D37868DD
:1099B00000F0B2F8012318461437BD4690BD00BF31
:1099C0002405020080B584B000AF78600B46FB70C0
:1099D0007B6803F580539B89B3F5805F13D27B6866
:1099E00003F580539B891946FA787B680B441A73F8
:1099F0007B6803F580539B8901339AB27B6803F53A
:109A000080539A812FE07B6803F5805393F82030D0
:109A1000002B0AD07B6803F10C017B6803F58053AF
:109A20009B891A461248FEF78DFC7B6803F580532C
:109A3000DB691B6814331B687A6802F58052D069B1
:109A40007A6802F10C017A6802F580529289FA6014
:109A500007F10C0298477B6803F5825353E9022310
:109A60007868FFF75BFE00BF1037BD4680BD00BFC2
:109A70002C05020090B583B000AF78607B6803F5D9
:109A8000805393F8213083F00103DBB2002B16D012
:109A90007B6803F580539B891C467B6803F58053E4
:109AA0001B691B6818331B687A6802F580521269BB
:109AB0001046984703469C4201D3012300E000234F
:109AC000002B24D07B6803F580531B691B68083387
:109AD0001C687B6803F5805318697B6803F10C01EF
:109AE0007B6803F580539B891A467B6803F5815395
:109AF0000433A0470346002B07D07B6803F580534F
:109B0000012283F82120012302E0002300E000234A
:109B100018460C37BD4690BDF0B58DB002AF7860E9
:109B20007B6800229A60002387F827307B6803F562
:109B300080531B691B680C331C687B6803F58053DA
:109B400018697B6803F10C017B6803F580539B89DE
:109B50001A467B680833A047034683F00103DBB253
:109B6000002B01D00023D1E17B6803F580531B69F2
:109B70001B6830331C687B6803F5805318697B6869
:109B800003F10C017B6803F580539B891D467B68BC
:109B900003F580535A6A7B689B68009313462A46F4
:109BA000A0470346002B00F081817B6803F58253B8
:109BB00053E90223B3F1FF3F08BFB2F1FF3F37D0B3
:109BC0007B6803F580531B691B6834331C687B6812
:109BD00003F5805318697B6803F10C017B6803F57A
:109BE00080535A6A7B689B68A0470346002B1FD1AD
:109BF0007B6803F5825353E902457B6803F5805384
:109C00001B691B6838331E687B6803F5805318692D
:109C10007B6803F10C017B6803F580535A6A7B680B
:109C20009B68B04702460B469D4208BF944201D153
:109C3000012300E00023002B00F0CF80002387F8F1
:109C400026307B6803F580531B691B683C331C6816
:109C50007B6803F5805318697B6803F10C017B680E
:109C600003F580539B891A467B6803F580535B6A32
:109C7000A04702460B46134603F00F033B627B6886
:109C800003F580531B691B6840331C687B6803F530
:109C900080531D697B6803F10C067B6803F58053D4
:109CA0009B899C467B6803F580535B6A3B607B68BD
:109CB00099687B6803F5805358693A6A13465B00DC
:109CC00013449B0003441B68019300913B68624668
:109CD00031462846A0470346002B30D07B6803F569
:109CE00080535A6A7B6803F580531B6B1344083317
:109CF0007A6813440433FB617B6803F58053596928
:109D00003A6A13465B0013449B000B449C687B68D3
:109D100003F5805359693A6A13465B0013449B006C
:109D20000B4418687B6803F58053DA6A7B68F9692D
:109D3000A047012387F82630012387F8273097F8BA
:109D4000263083F00103DBB2002B00F08F807B68AC
:109D500003F5805393F82030002B1ED07B6803F569
:109D600080531B691B683C331C687B6803F5805378
:109D700018697B6803F10C017B6803F580535A6A0C
:109D80007B689B68A04702460B46796801F58051C5
:109D9000896900915F48FEF7D5FA7B6803F5805327
:109DA000DB691B680C331B687A6802F58052D06946
:109DB0007A6802F58052526A083279680A44141DA2
:109DC0007A6891687A6802F58052526A8A1AFA6053
:109DD00007F10C022146984748E07B6803F5805361
:109DE00093F82030002B22D07B6803F5825353E98F
:109DF00002457B6803F580531B691B6838331E6876
:109E00007B6803F5805318697B6803F10C017B685C
:109E100003F580535A6A7B689B68B04702460B463D
:109E2000CDE9002322462B463B48FEF78BFA7B68A0
:109E300003F58053DB691B680C331B687A6802F5F5
:109E40008052D0697A6802F58052526A0832796885
:109E50000A44141D7A6891687A6802F58052526A41
:109E60008A1A3A6107F11002214698477B6803F588
:109E70008053DB691B6810331B687A6802F58052D7
:109E8000D0697A6802F58052526A083279680A44C9
:109E9000141D7A6891687A6802F58052526A8A1AAB
:109EA0007A6107F11402214698471FE07B6803F5A9
:109EB000805393F82030002B02D01848FEF742FA66
:109EC0007B6803F58053DB691B6808331B687A687D
:109ED00002F58052D0697A6802F10C017A6802F5C5
:109EE00080529289BA6107F1180298477B6803F59E
:109EF0008053002283F821207B6803F5825353E9C5
:109F000002237868FFF778FC97F8273018462C373B
:109F1000BD46F0BD84050200BC0502002406020017
:109F200090B5ADF5815D83B002AF07F1200444F830
:109F3000140C084607F1200141F81C2C07F12002FF
:109F400042F8203C07F12003024623F8162C07F1C3
:109F5000200353F8143C03F580531B691B684433FA
:109F60001C6807F1200353F8143C03F5805318696B
:109F700007F120031A4607F120010C3907F5815338
:109F800003F110031B68019307F1200333F8163C1B
:109F9000009352F8203C4FF48052A04707F58053BD
:109FA00003F114031860002307F5805202F11C022C
:109FB000136025E007F1200353F8143C5B681B682D
:109FC00014331B6807F1200252F8142C506807F173
:109FD0002002114607F5805202F11C0212680A4461
:109FE0000C3A127852B21146984707F5805303F1A4
:109FF0001C031B68013307F5805202F11C02136039
:10A0000007F5805303F11C031A6807F5805303F129
:10A0100014031B689A42CDD307F1200353F8143C74
:10A0200003F5805393F82030002B3CD007F1200338
:10A0300033F8163C07F5815202F1100212681946F6
:10A040001C48FEF77FF9002307F5805202F1180241
:10A05000136019E007F120031A4607F5805303F156
:10A0600018031B6813440C3B1B781946124802F076
:10A07000DBF907F5805303F118031B68013307F57B
:10A08000805202F11802136007F5805303F11803A0
:10A090001A6807F5805303F114031B689A42D9D359
:10A0A000064802F0AFFA00BF07F581570437BD46F6
:10A0B00090BD00BF540602007C0602008406020028
:10A0C00080B584B000AFF860B9607A603B60FB682F
:10A0D0001846FEF75FFC0D4AFB681A60FB68BA6819
:10A0E0005A60FB687A689A60FB683A68DA60FB68D5
:10A0F000BA691A61FB68FA695A61FB683A6A9A613F
:10A10000FB6818461037BD4680BD00BFA0020200A4
:10A1100080B584B000AFF860B9607A603B60234AD4
:10A12000FB681A60FB6800225A60FB68BA689A6094
:10A13000FB687A68DA60FB683A681A61FB68BA699A
:10A140005A61FB68FA699A61FB683A6ADA61FB68EE
:10A150007A6A1A62FB68002283F82420FB680022D6
:10A1600083F82520FB6800229A62FB680022DA62ED
:10A17000FB6800221A63FB6800225A63FB68002216
:10A180009A63F968D7E90C23C1E91023FB68002220
:10A190009A64FB680022DA64D7E90C23F86800F0BF
:10A1A00017F8FB6818461037BD4680BD000B02004B
:10A1B00080B483B000AF78600B46FB707B68FA78A0
:10A1C00083F8242000BF0C37BD4680BC70470000D8
:10A1D00090B585B000AFF860C7E90023F968D7E90A
:10A1E0000023C1E91023FB6800229A62FB68002269
:10A1F000DA62FB6800221A63FB6800225A63FB687C
:10A2000000229A63FB68002283F82520FB68002265
:10A210009A64FB680022DA64FB6893F82430002B10
:10A2200018D0FB681B691B6818331B68FA68126931
:10A23000104698470446FB681B691B681C331B6863
:10A24000FA6812691046984703461A4621460448A0
:10A25000FEF778F8002318461437BD4690BD00BFBE
:10A26000F8040200F0B5ADF5804D91B002AF07F1F2
:10A27000380343F8340C07F1380353F8343C9B6837
:10A280001B6818331B6807F1380252F8342C9268A7
:10A290001046984707F5804303F12403186007F13F
:10A2A000380353F8343C9B6C07F5804202F12402DA
:10A2B00012689A4201D10023B5E307F1380353F83D
:10A2C000343C9B6C07F5804202F124021268D31AD9
:10A2D00007F5804202F12002136007F5804303F185
:10A2E00020031B68002B05DA002307F5804202F1EA
:10A2F0002002136007F1380353F8343C07F580421D
:10A3000002F1240212689A6407F1380353F8343CCE
:10A310009B6C002B01D1002385E307F1380353F830
:10A32000343C9C6C07F1380353F8343C1B691B68C0
:10A330001C331B6807F1380252F8342C126910469E
:10A34000984703469C422CBF01230023DBB2002B1D
:10A3500000F0688307F1380353F8343C9B681B68AE
:10A360001C331B6807F1380252F8342C92681046EF
:10A370009847024607F1380353F8343C9B6C1A4463
:10A3800007F1380353F8343C5A6007F1380353F8A7
:10A39000343C5C6807F1380353F8343C1B691B6894
:10A3A0001C331B6807F1380252F8342C126910462E
:10A3B00098470346E31A07F5804202F1340213601E
:10A3C00007F5804303F134031B68002B05DA0023F3
:10A3D00007F5804202F13402136007F1380353F8A5
:10A3E000343C93F82430002B07D007F5804303F169
:10A3F000340319687F48FDF7A5FF07F1380353F8C8
:10A40000343C1B691B6850331C6807F1380353F850
:10A41000343C186907F1380353F8343C996807F560
:10A42000804303F134031A6807F1380353F8343CCE
:10A430000433A0470346002B00F0F48207F13803F1
:10A4400053F8343C93F82430002B08D007F138033C
:10A4500053F8343C5B6819466748FDF773FF07F112
:10A46000380353F8343C5B6807F5804202F1300250
:10A470001360012307F5804202F12F021370C9E235
:10A4800007F1380353F8343C1B691B684C331C68D4
:10A4900007F1380353F8343C186907F1380353F8CF
:10A4A000343C996807F1380353F8343C283307F5F6
:10A4B000804202F130021268A047034607F580424D
:10A4C00002F12F02137007F5804303F12F031B786D
:10A4D000002B00F04C8207F1380353F8343C93F81A
:10A4E0002430002B08D007F1380353F8343C9B6A22
:10A4F00019464248FDF726FF07F1380353F8343C6C
:10A500001B691B6854331B6807F1380252F8342C5E
:10A51000106907F1380252F8342C916807F13802BB
:10A5200052F8342C926A9847024607F1380353F8E0
:10A53000343C1A6307F1380353F8343C1B691B6839
:10A5400018331B6807F1380252F8342C1269104690
:10A550009847024607F1380353F8343C5A6307F131
:10A56000380353F8343C1B691B681C331B6807F124
:10A57000380252F8342C126910469847024607F107
:10A58000380353F8343C9A6307F1380353F8343CEA
:10A590001B691B6858331C6807F1380353F8343CB7
:10A5A000186907F1380353F8343C996807F1380308
:10A5B00053F8343C9A6A07F1380353F8343C5D6829
:10A5C00007F1380353F8343CDB6800932B46A0476F
:10A5D0000346002B00F0C081002307F5804202F102
:10A5E0002E021370002307F5804202F12802136047
:10A5F000AFE000BF88060200CC060200040702009C
:10A6000007F1380353F8343C1B691B6868331C6836
:10A6100007F1380353F8343C186907F1380353F84D
:10A62000343C9D6807F1380353F8343C9E6A07F1C7
:10A63000380353F8343C5B683B6007F1380353F848
:10A64000343C996907F5804202F1280212681346EA
:10A650005B0013449B000B441B6800933B6832462D
:10A660002946A0470346002B68D04FF4804307F5E6
:10A67000804202F11802136007F1380353F8343CAA
:10A680009A6A07F1380353F8343C5B6B134407F5BF
:10A69000804202F11402136007F1380353F8343C8E
:10A6A0009B681B6824331C6807F1380353F8343C5B
:10A6B000986807F1380353F8343C03F1300207F18E
:10A6C00038032C3B4FF48041009107F5804101F1A4
:10A6D00014010968A04707F1380353F8343C99691D
:10A6E00007F5804303F128031A6813465B001344FF
:10A6F0009B000B449C6807F1380353F8343C99697C
:10A7000007F5804303F128031A6813465B001344DE
:10A710009B000B44186807F1380353F8343C1A6B5C
:10A7200007F1380307F138012C3953F8343CA047BE
:10A73000012307F5804202F12E02137007F58043D2
:10A7400003F128031B68013307F5804202F1280258
:10A75000136007F1380353F8343CDB6907F5804296
:10A7600002F1280212689A42FFF44AAF07F58043CB
:10A7700003F12E031B7883F00103DBB2002B00F002
:10A780008A8007F1380353F8343C93F82430002BC7
:10A7900027D007F1380353F8343C1B691B68643336
:10A7A0001C6807F1380353F8343C186907F1380383
:10A7B00053F8343C996807F1380353F8343C9A6AEB
:10A7C00007F1380353F8343C5B68A04702460B4658
:10A7D00007F1380151F8341CC96900919548FDF71B
:10A7E000B1FD4FF4804307F5804202F11C02136073
:10A7F00007F1380353F8343C5A6807F1380353F82B
:10A80000343C9B6AD31A07F5804202F10C021360B4
:10A8100007F1380353F8343C9B681B6824331C68E9
:10A8200007F1380353F8343C986807F1380353F8BC
:10A83000343C996A07F138032C3B07F5804202F15A
:10A840000C024FF480450095A04707F1380353F8F8
:10A85000343C1B6A1B680C331C6807F1380353F83F
:10A86000343C186A07F1380353F8343C5A6807F14E
:10A87000380353F8343C9B6AD31A07F5804202F13F
:10A880001002136007F5804202F1100207F138034D
:10A890002C3B1946A04707F1380353F8343C5C6859
:10A8A00007F1380353F8343C1B691B6820331B68DD
:10A8B00007F1380252F8342C1269104698470346C3
:10A8C000E21807F1380353F8343C9A6207F1380371
:10A8D00053F8343C5C6807F1380353F8343C1B6987
:10A8E0001B6820331B6807F1380252F8342C1269B8
:10A8F000104698470346234407F5804202F1300290
:10A900001360002307F5804202F12F02137007F154
:10A91000380353F8343C93F82430002B07D007F564
:10A92000804303F1300319684348FDF70BFD07F13D
:10A93000380353F8343C9B681B6828331B6807F1C5
:10A94000380252F8342C926807F5804101F1300149
:10A9500009681046984765E007F1380353F8343C1E
:10A960009B6A07F5804202F13002136052E007F162
:10A97000380353F8343C93F82430002B02D02F488E
:10A98000FDF7E0FC07F1380353F8343C93F824302A
:10A99000002B19D007F1380353F8343C5C6807F1F9
:10A9A000380353F8343C1B691B6820331B6807F1DC
:10A9B000380252F8342C1269104698470346234453
:10A9C00019461D48FDF7BEFC07F1380353F8343C27
:10A9D0009B681B6828331C6807F1380353F8343C24
:10A9E0009E6807F1380353F8343C5D6807F138037B
:10A9F00053F8343C1B691B6820331B6807F138028D
:10AA000052F8342C12691046984703462B441946D5
:10AA10003046A04707F5804303F12F031B78002B36
:10AA20007FF42EAD0123184607F580473C37BD461D
:10AA3000F0BD00BF4007020084070200B807020013
:10AA400090B5ADF5815D81B002AF07F1180444F80F
:10AA50000C0C084607F1180141F8142C07F11802F4
:10AA600042F8183C07F11803024623F80E2C07F1B0
:10AA7000180353F80C3C1B691B6844331C6807F12E
:10AA8000180353F80C3C186907F118031A4607F12C
:10AA90001801083907F5815303F108031B68019376
:10AAA00007F1180333F80E3C009352F8183C4FF4AA
:10AAB0008052A04707F5805303F11003186007F197
:10AAC000180353F80C3C5B691B6808331C6807F1DA
:10AAD000180353F80C3C586907F11803083B07F5B5
:10AAE000805202F1100212681946A04707F11803BC
:10AAF00053F80C3C93F82430002B3CD007F118039A
:10AB000033F80E3C07F5815202F10802126819462B
:10AB10001C48FDF717FC002307F5805202F11402D0
:10AB2000136019E007F118031A4607F5805303F183
:10AB300014031B681344083B1B781946124801F0A4
:10AB400073FC07F5805303F114031B68013307F509
:10AB5000805202F11402136007F5805303F11403CD
:10AB60001A6807F5805303F110031B689A42D9D382
:10AB7000064801F047FD00BF07F580571C37BD466A
:10AB800090BD00BF540602007C060200840602004D
:10AB900080B584B000AFF860B9607A603B60FB6854
:10ABA0001846FEF74FFC0D4AFB681A60FB6800224E
:10ABB0001A71FB68BA689A60FB687A68DA60FB68A9
:10ABC0003A681A61FB68BA695A61FB683A7F1A767B
:10ABD000FB6818461037BD4680BD00BFD40A02008E
:10ABE00080B582B000AF7860054A7B681A607B68E8
:10ABF0001846FEF739FC7B6818460837BD4680BD0D
:10AC0000D40A020080B582B000AF78607868FFF7A0
:10AC1000E7FF1C21786811F0A3FE7B68184608370F
:10AC2000BD4680BD80B483B000AF78607B689B6810
:10AC3000002B01D100230AE07B689B681B7803F09E
:10AC40000103DBB2002B0CBF01230023DBB218464B
:10AC50000C37BD4680BC704780B485B000AF7860CB
:10AC60007B68DB68002B03D07B681B69002B01D15C
:10AC700000230BE00023FB607B68DB681B68FB6044
:10AC80007B681B691B68FB60FB685BB21846143766
:10AC9000BD4680BC704780B483B000AF78600B467F
:10ACA000FB707B685B69002B04D07B685B6997F95C
:10ACB00003201A6097F9033018460C37BD4680BC54
:10ACC000704780B483B000AF786000BF0C37BD46DA
:10ACD00080BC704780B483B000AF786000BF0C3791
:10ACE000BD4680BC704780B483B000AF786001235C
:10ACF00018460C37BD4680BC7047000080B582B056
:10AD000000AF78607B681846FEF72CFC034A7B682E
:10AD10001A607B6818460837BD4680BDB40A020039
:10AD200080B582B000AF7860054A7B681A607B68A6
:10AD30001846FEF727FC7B6818460837BD4680BDDD
:10AD4000B40A020080B582B000AF78607868FFF77F
:10AD5000E7FF0421786811F003FE7B681846083786
:10AD6000BD4680BD80B586B000AFF860B9607A603E
:10AD7000BB68002B03D07B681B68002B06D17B6867
:10AD80001B6819461348FDF7DDFA1FE07B681B6856
:10AD90007B617B69202B01D920237B610E48FDF765
:10ADA000D1FA00233B610AE0BA683B6913441B787F
:10ADB00019460A48FDF7C6FA3B6901333B613A6917
:10ADC0007B699A42F0D30648FDF7BCFA1837BD46B6
:10ADD00080BD00BF04080200340802007C060200A7
:10ADE0006408020080B586B000AFF860B9607A6090
:10ADF000BB68002B03D07B681B68072B06D87B68D9
:10AE00001B6819460A48FDF79DFA0DE0BB687B6197
:10AE10007B681B6819460748FDF794FA7869FDF7C7
:10AE200047FE0548FDF78EFA1837BD4680BD00BFC6
:10AE300068080200A00802006408020080B485B01F
:10AE400000AFF860B9607A6000BF1437BD4680BCBF
:10AE50007047000080B400AF024B1846BD4680BC6E
:10AE6000704700BF7C00002080B582B000AF7860E2
:10AE700039607B681B68184610F08AFF3B68D3E98D
:10AE8000002310F0EFFF02460B46104619464FF024
:10AE90000002054B11F010F902460B461046194608
:10AEA0000837BD4680BD00BF00005E4190B589B047
:10AEB00002AF78607B681B78002B00F01A8107F1E5
:10AEC0000C031846FBF72EFB00237B610DE100F01D
:10AED00089F97B684833184600F0C6FA7B68483326
:10AEE0007969184600F0E6FA0346002B00F0FA8074
:10AEF00000F078F97B6848337A69D1B207F10C0227
:10AF0000184600F0F4FA00F06DF9FB7B03F0200323
:10AF1000DBB2002B05D1FB7B03F04003DBB2002B3F
:10AF20000FD07B685B78002B00F0DC80FB7BC3F3E9
:10AF30000403DBB21946FB7B1A467048FDF702FAA0
:10AF4000D0E0FB7B23F07F03DBB2002B00F0BC8062
:10AF50007B685B78002B1BD0FB7BC3F30403DBB265
:10AF60001C467B6803F14802FB6843F317033B610F
:10AF700007F110031946104600F0DAFA02460B46B4
:10AF8000F96841F31701009121465D48FDF7DAF9B0
:10AF9000FB7BC3F30403DBB2083B0F2B00F2A18061
:10AFA00001A252F823F000BF05B00000E9AF000095
:10AFB000F7AF000059B000009FB0000091B0000052
:10AFC0003DB0000013B000004BB0000067B00000BF
:10AFD00021B000002FB0000075B00000ADB000003F
:10AFE00083B00000BBB00000FB6843F317031A46B0
:10AFF0007B685A6076E0FB6843F317031A467B6868
:10B000009A606FE0FB6843F317031A467B68DA60C7
:10B0100068E0FB6843F317031A467B681A6161E036
:10B02000FB6843F317031A467B685A615AE0FB68D2
:10B0300043F317031A467B689A6153E0FB6843F3B6
:10B0400017031A467B68DA614CE0FB6843F3170389
:10B050001A467B681A6245E0FB6843F317031A46F9
:10B060007B685A623EE0FB6843F317031A467B682D
:10B070009A6237E0FB6843F317031A467B68DA628B
:10B0800030E0FB6843F317031A467B681A6329E034
:10B09000FB6843F317031A467B685A6322E0FB6898
:10B0A00043F317031A467B689A631BE0FB6843F37C
:10B0B00017031A467B68DA6314E0FB6843F317034F
:10B0C0001A467B681A640DE07B685B78002B09D018
:10B0D000FB7BC3F30403DBB219460A48FDF732F9E0
:10B0E00000E000BF7B6901337B617B691D2B7FF62C
:10B0F000EEAE00BF1C37BD4690BD00BFE4080200A5
:10B100000C0902004009020080B582B000AF7860EF
:10B110007B685BB219460748FFF7BDFD7B685BB2F1
:10B1200019460548FFF7B7FD7B6818460837BD4646
:10B1300080BD00BF301C0020A01C002080B400AFE8
:10B1400000BFBD4680BC704780B582B000AF78605C
:10B15000786801F0FDF900BF0837BD4680BD0000EA
:10B1600080B582B000AF0123FB711848FFF79EFE47
:10B170001748FEF77FFB0346002B01D00023FB712D
:10B180001448FEF777FB0346002B01D00023FB7128
:10B190001148FEF76FFB0346002B01D00023FB7123
:10B1A0000E48FFF75FF80346002B01D00023FB7128
:10B1B0000B4800F0DFF90346002B01D00023FB71A0
:10B1C000FB7918460837BD4680BD00BF281A00200D
:10B1D000C01C0020002D0020403D0020B04D00206C
:10B1E000084E002080B500AF0848FEF743FB084832
:10B1F000FEF740FB0748FEF73DFB0748FFF732F834
:10B20000064800F0B7F900BF80BD00BFC01C002099
:10B21000002D0020403D0020B04D0020084E0020B1
:10B2200080B582B000AF786039600A214D48FFF7E1
:10B2300032FD0A214B48FFF72EFD0A214948FFF74E
:10B240002AFD0A214748FFF726FD0A214548FFF756
:10B2500022FD0A214348FFF71EFD0A214148FFF75E
:10B260001AFD0A213F48FFF716FD0A213D48FFF766
:10B2700012FD48213B48FFF70EFD65213948FFF7D5
:10B280000AFD6C213748FFF706FD6C213548FFF7B2
:10B2900002FD6F213348FFF7FEFC20213148FFF704
:10B2A000FAFC45212F48FFF7F6FC53212D48FFF704
:10B2B000F2FC43212B48FFF7EEFC2D212948FFF734
:10B2C000EAFC46212748FFF7E6FC57212548FFF70F
:10B2D000E2FC0A212348FFF7DEFC4FF4AC724FF486
:10B2E000AC712148FDF72EF84FF4AA724FF4AA7101
:10B2F0001E48FDF727F84FF000024FF000031C48EE
:10B30000FEF766FF4FF000024FF000031948FEF70A
:10B3100005FA4FF000024FF000031748FEF7FEF960
:10B320004FF000024FF000031448FEF7F7F9012137
:10B330000F48FEF73DFF01210E48FEF7DDF9012120
:10B340000D48FEF7D9F901210C48FEF7D5F90C4854
:10B3500000F01FF900210A4800F03DF9FFF700FF57
:10B36000FCE700BFA01C002070090200B009020029
:10B37000B04D0020403D0020002D0020C01C0020CA
:10B38000084E002080B584B000AFF860B9607A60E4
:10B390003B60FB68B9681846FEF7B0F8314AFB68B5
:10B3A0001A60FB6803F580530833184600F025F94E
:10B3B000FB6803F5805300221A84FB6803F5805371
:10B3C00000225A84FB6803F58053012283F824206D
:10B3D000FB6803F58053002283F82520FB6803F502
:10B3E0008053002283F82620FB6803F58053002257
:10B3F00083F82720FB6803F58053012283F8282077
:10B40000FB6803F580531A467B68D362FB6803F53B
:10B4100080531A463B681363FB6803F580531A4652
:10B42000BB695363FB6803F580531A46FB6993635A
:10B43000FB6803F580531A463B6AD363FB6803F548
:10B4400080531A46BB8CA2F84030FB6803F580534A
:10B450001A4697F8283082F84230FB6818461037B1
:10B46000BD4680BDA00A020080B584B000AF786000
:10B47000786800F0FAF80346BB60FB7AC3F3040374
:10B48000DBB21D2B0FD8FB7A23F07F03DBB2002B3E
:10B4900009D0FB7AC3F30403DBB21A467B6804329B
:10B4A000B96843F822100123FB73FB7B1846103761
:10B4B000BD4680BD80B584B000AF786039603B6820
:10B4C0001E2B01D900230EE0786800F0A6F8F86082
:10B4D000FA683B6822FA03F303F00103002B14BF60
:10B4E00001230023DBB218461037BD4680BD80B46F
:10B4F00085B000AFF8600B467A60FB72FB7A1D2BBB
:10B5000011D8FB7A7968FA6804339B0013441868F1
:10B510000860FB7AFA6804339B001344DA7822F05F
:10B520008002DA7000E000BF1437BD4680BC70476F
:10B5300080B582B000AF786039603B681B68184600
:10B5400010F026FC7B68D3E9022310F08BFC024646
:10B550000B46104619464FF00002054B10F0ACFDAB
:10B5600002460B46104619460837BD4680BD00BF4F
:10B5700000005E4180B582B000AF7860786800F06E
:10B58000B2F8786800F0EFF8034618460837BD4671
:10B5900080BD80B582B000AF78607B6803F58053D2
:10B5A00000221A847B6803F5805300225A847B684A
:10B5B00008334FF480520021184601F08FF97B6860
:10B5C00003F580530833184600F06BF90023184642
:10B5D0000837BD4680BD80B483B000AF78600B46AD
:10B5E000FB707B6803F580531A46FB7882F82430A1
:10B5F00000BF0C37BD4680BC704780B483B000AF3D
:10B6000078607B6800221A617B6800225A617B683F
:10B6100018460C37BD4680BC704780B485B000AF7B
:10B6200078600023FB607B6893F888301A46FB68DB
:10B630001343FB607B6893F889301B02FA6813435D
:10B64000FB607B6893F88A301B04FA681343FB6045
:10B650007B6893F88B301B06FA681343FB60FB682A
:10B6600018461437BD4680BC704780B586B000AF21
:10B67000786007F110031846FCF7F1F807F10C03A6
:10B680001846FAF74FFF30217868FCF70FF9786811
:10B69000FCF71AF90346FB737868FCF715F90346C3
:10B6A000BB737868FCF710F903467B737868FCF786
:10B6B0000BF903463B73FB687B6107F110031846E7
:10B6C000FCF7DFF800233A7D62F307037A7D62F32B
:10B6D0000F23BA7D62F31743FA7D62F31F631846A6
:10B6E0001837BD4680BD80B584B000AF78600023B8
:10B6F000FB737B6803F580539B6B1B681B687A6840
:10B7000002F58052926B104698470346002B25D0D5
:10B710007B6803F580530833184600F0D1F80346E0
:10B7200083F00103DBB2002B18D00023BB7301238D
:10B73000FB737B6803F58053083307F10E02114653
:10B74000184600F0CFF87B685B681B6814331B68F1
:10B750007A68526897F90E1010469847FB7B184696
:10B760001037BD4680BDF0B58BB006AF78600023C2
:10B77000FB73786800F0D7F80346BB60BB68002B0A
:10B7800000F08A807B6803F580531B8CB3F5805FE3
:10B7900005D37B6803F5805340F6FF721A847B68FB
:10B7A00003F580531B8C1A467B68134400221A72DF
:10B7B0007B6803F5805393F84230002B29D07B68D7
:10B7C00003F108007B6803F580531B8C1E467B68E1
:10B7D00003F58053D96A7B6803F580531C6B7B6843
:10B7E00003F58053DB6B7A6802F58052B2F8402093
:10B7F00015467A6804920022039202950193002371
:10B80000009323460A463146FCF70AFC0346FB73C5
:10B8100028E07B6803F108007B6803F580531B8CEC
:10B820001E467B6803F58053D96A7B6803F5805315
:10B830001C6B7B6803F58053DB6B7A6802F58052E2
:10B84000B2F8402015467A680492002203920295CD
:10B8500001930123009323460A463146FCF7E0FB9F
:10B860000346FB737B6803F5805300221A84FB7B3D
:10B87000002B11D07B6803F580535B6B002B0BD042
:10B880007B6803F580535B6B984703464FF0FF32AC
:10B890001946786800F048F9FB7B18461437BD4616
:10B8A000F0BD80B483B000AF78607B6800221A617D
:10B8B0007B6800225A6100BF0C37BD4680BC7047D0
:10B8C00080B483B000AF78607B681A697B685B697D
:10B8D0009A420CBF01230023DBB218460C37BD4649
:10B8E00080BC704780B582B000AF786039607868FE
:10B8F000FFF7E6FF0346002B01D000230FE07B6833
:10B900001B697A68D2563B681A707B681B691946B6
:10B91000786800F035F902467B681A610123184601
:10B920000837BD4680BD80B584B000AF78607868C8
:10B9300000F036F90346FB7297F90B3013F1020F52
:10B9400001D10023ECE07B6803F580531B8CB3F539
:10B95000805F05D37B6803F5805340F6FF721A843D
:10B9600097F90B300A2B0DD17B6803F580531B8CA4
:10B970001A467B68134400221A727B6803F58053D1
:10B980001B8CCDE097F90B30082B03D097F90B30C7
:10B990007F2B20D17B6803F580531B8C013B9AB22F
:10B9A0007B6803F580531A847B6803F580531B8CF6
:10B9B000B3F5805F04D37B6803F5805300221A84BB
:10B9C0007B6803F580531B8C1A467B681344002266
:10B9D0001A720023A4E097F90B301B2B0FD17B6860
:10B9E00003F5805300221A847B6803F580531B8C77
:10B9F0001A467B68134400221A72002390E097F9DC
:10BA00000B30092B6BD17B6808334FF480511846FB
:10BA100001F062F803469AB27B6803F580531A84FA
:10BA20007B6803F580531B8C1A467B68134493F99B
:10BA300008300A2B09D17B6803F580531B8C013B2E
:10BA40009AB27B6803F580531A847B6803F58053B0
:10BA50001B8C1A467B68134493F908300D2B09D1CF
:10BA60007B6803F580531B8C013B9AB27B6803F51E
:10BA700080531A847B6803F580531B8CB3F5805F79
:10BA800005D37B6803F5805340F6FF721A847B6808
:10BA900003F580531B8C1A467B68134400221A72EC
:10BAA0000023FB6011E07B685B681B6814331B6834
:10BAB0007A6850687968FA680A44083292F9002076
:10BAC00011469847FB680133FB607B6803F58053A0
:10BAD0001B8C1A46FB689342E5D3002320E07B6869
:10BAE00003F580531B8C1A467B681344FA7A1A724A
:10BAF0007B6803F580531B8C01339AB27B6803F596
:10BB000080531A847B6803F580531B8CB3F5805FE8
:10BB100005D37B6803F5805340F6FF721A84002337
:10BB200018461037BD4680BD80B586B000AFF860BE
:10BB3000B9607A6000237B6112E0BA687B691344C4
:10BB400093F90030002B16D0BA687B69134493F93F
:10BB500000301946F86800F095F87B6901337B6185
:10BB60007A697B689A4207D2FB6803F580535B8C45
:10BB70000F2BE2D900E000BF00BF1837BD4680BDE3
:10BB800080B485B000AF786039603B68013303F062
:10BB90000F03FB60FB6818461437BD4680BC704736
:10BBA00080B584B000AF78607B685B681B680C333D
:10BBB0001B687A68526810469847034683F0010371
:10BBC000DBB2002B02D06FF0010357E07B685B68AB
:10BBD0001B6810331B687A68526810469847034602
:10BBE000FB7397F90F30072B02DC6FF0010345E080
:10BBF0007B6803F580531A46FB7B82F8263097F961
:10BC00000F300D2B05D17B6803F58053012283F89B
:10BC1000272097F90F300A2B0CD17B6803F580534E
:10BC200093F926300D2B05D07B6803F58053002255
:10BC300083F827207B6803F5805393F82430012B89
:10BC40000ED197F90F30092B0AD07B685B681B680F
:10BC500014331B687A68526897F90F10104698479A
:10BC60007B6803F5805393F82530012B04D197F9B5
:10BC70000F301846FFF748FA97F90F30184610377B
:10BC8000BD4680BD80B582B000AF78600B46FB70CA
:10BC900097F903300D2B02D197F9033021E07B682F
:10BCA00003F5805393F82730002B0DD097F903301C
:10BCB0000A2B09D17B685B681B6814331B687A68A0
:10BCC00052680D21104698477B685B681B681433E7
:10BCD0001B687A68526897F903101046984797F9DD
:10BCE000033018460837BD4680BD000080B582B0DD
:10BCF00000AF7860054A7B681A607B681846FDF7DC
:10BD000011FC7B6818460837BD4680BDA00A0200BA
:10BD100080B582B000AF78607868FFF7E7FF41F246
:10BD20004401786810F01CFE7B6818460837BD4651
:10BD300080BD000080B582B000AF7860054A7B68A6
:10BD40001A607B681846FDF7EDFB7B6818460837DC
:10BD5000BD4680BD0C0B020080B582B000AF78609C
:10BD60007868FFF7E7FF4FF48251786810F0F8FD2C
:10BD70007B6818460837BD4680BD000090B589B085
:10BD800008AF8948FEF7BAFF8848FCF7A9FE884B40
:10BD90001B6803F14801864B1B6803F14402844B86
:10BDA0001B6803F14C00824B1B6844337E240194D2
:10BDB000009303467F48FEF7EBFE7D4B1B6803F1C3
:10BDC00054017B4B1B6803F15002794B1B6803F154
:10BDD0005800774B1B68503321240194009303468D
:10BDE0007548FEF7D5FE724B1B6803F16001704B7E
:10BDF0001B6803F15C026E4B1B6803F164006C4B23
:10BE00001B685C3340240194009303466B48FEF7A3
:10BE1000BFFE674B1B6803F16C01654B1B6803F1A8
:10BE20006802634B1B6803F17000614B1B68683349
:10BE300023240194009303466148FEF7A9FE5C4B5E
:10BE40001B6803F178015A4B1B6803F17402584BCD
:10BE50001B6803F17C00564B1B6874332424019447
:10BE6000009303465748FEF793FE574B1B7819463D
:10BE70004FF0FF324FF0FF33CDE90423002302934C
:10BE8000494B01930091514B484A4B495048FDF7AB
:10BE9000C5FB4D4B1B7819464FF0FF324FF0FF3377
:10BEA000CDE90423002302933F4B01930091474BBC
:10BEB0003E4A42494748FDF7B1FB434B1B781946C0
:10BEC0004FF0FF324FF0FF33CDE9042300230293FC
:10BED000354B019300913D4B344A37493E48FDF7BD
:10BEE0009DFB334B1B6803F5B071314B1B6803F5A9
:10BEF000B2722F4B1B6803F5B4702D4B1B6803F512
:10BF0000B673009303463548FCF763FD284B1B6866
:10BF100003F5AA71264B1B6803F5AC70244B1B6814
:10BF200003F5A674224B1B6803F5A873204A126818
:10BF300002F5AE7202924FF48062019200932346A2
:10BF400002462748FEF7BCF81F4B1B7819464FF0F6
:10BF5000FF324FF0FF33CDE9062300230493124B49
:10BF600003930291194B0193124B00930F4B1B4A01
:10BF70001B491C48FEF7CCF81B4B1B7819461B4B82
:10BF80001B6801220492002203920293184B019332
:10BF9000184B00930B46184A0A491848FFF7F2F964
:10BFA00000BF0437BD4690BD281C00202C1C00207B
:10BFB0004C000020301C00204C1C0020681C00207D
:10BFC000841C0020A01C00207CE70100C419002074
:10BFD000C01C0020002D0020403D0020804D00208E
:10BFE000904D0020B04D0020CCD20100004E00202A
:10BFF0007800002055AE00009C080020084E00206C
:10C0000080B500AF1448FFF771FE1448F8F774F9D3
:10C010001348FCF745FA1348FFF78CFE1248FFF768
:10C0200089FE1248FFF786FE1148FEF7D9FD114838
:10C03000FEF7D6FD1048FEF7D3FD1048FEF7D0FD01
:10C040000F48FEF7CDFD0F48FCF75CFD0E48FEF7EC
:10C0500067FE00BF80BD00BF084E002078000020B2
:10C06000904D0020403D0020002D0020C01C0020ED
:10C07000A01C0020841C0020681C00204C1C0020F8
:10C08000301C00202C1C0020281C002080B500AF94
:10C09000FFF774FE80BD80B500AFFFF7B1FF80BD34
:10C0A000002301461A46184600F0B2BF08B5002129
:10C0B000044600F0F7FF034B1B6803B19847204686
:10C0C000F4F7B0FB845F0020014BC0F8EC30704700
:10C0D0007C0C0200034B1B5C03F00303022B08BF24
:10C0E000203870477D0C0200024A0349034800F0E3
:10C0F00069B900BF90000020B50E0100A00000202B
:10C100000C4B416810B59942044601D004F0D2FEB0
:10C11000A168094B994202D0204604F0CBFEE168A9
:10C12000064B994204D02046BDE8104004F0C2BE40
:10C1300010BD00BF4C5E0020B45E00201C5F0020DC
:10C1400008B54B6EDA0702D48B899B0501D5002018
:10C1500008BD886D00F0D0FD002008BD08B54B6E0D
:10C16000DA0702D48B899B0501D5002008BD886DB4
:10C1700000F0CAFD002008BD2DE9F8430025042386
:10C18000304C314A3149DFF8C890DFF8C880324F6F
:10C19000324E116004F15C0029460822C4E90335DF
:10C1A000C4E90055C4E90555A560656600F096FB35
:10C1B00004F15800C4E90749C4E90987E66200F0C0
:10C1C00093FD274B2946082204F1C4006367C4E9A4
:10C1D0001A55C4E91E552567C4F8CC50C4F88050E0
:10C1E00000F07CFB04F1680304F1C000C4F8843063
:10C1F000C4E92298C4E9247600F076FD194B29465B
:10C2000004F596700822C4F8DC30C4E93455C4E95A
:10C210003855C4F8D850C4F83451C4F8E85000F088
:10C220005DFB04F1D003C4E93D87C4F8F09004F548
:10C230009470C4F8FC60C4F8EC30BDE8F84300F03A
:10C2400053BD00BF4C5E0020845F0020E9C00000A9
:10C25000C5C60000EDC600002DC7000051C7000094
:10C260000900010012000200F8B506462A4800F055
:10C2700043FD2A4B1B68002B43D0294FD7E90134DB
:10C28000013B04D524E05A1C04F1680420D0B4F921
:10C290000C50013B002DF6D1224B04F15800E36015
:10C2A000656600F021FD1C4800F02EFD082229469D
:10C2B000C4E90155C4E904552560A56104F15C0099
:10C2C00000F00CFBC4E90C55C4E911552046F8BD3B
:10C2D0003D680DB12F46D1E74FF4D671304601F0DD
:10C2E00099F8044680B104230560294625460C30A0
:10C2F0004FF4D072A060636000F0F0FA3C602F460B
:10C30000BCE7FFF739FFB8E703483C6000F0FCFCEE
:10C310000C233360DAE700BFA85F0020845F0020B1
:10C32000900000200100FFFF10B504460A4800F00D
:10C33000E3FC636B23B9094B094A1B68626323B1B1
:10C34000BDE81040044800F0DFBCFFF715FFBDE872
:10C350001040014800F0D8BCA85F0020845F002096
:10C3600001C10000014800F0C7BC00BFA85F002069
:10C37000014800F0C9BC00BFA85F002008B505480F
:10C3800000F0BAFCBDE808400020034A034900F071
:10C3900019B800BFA85F00209000002041C1000034
:10C3A00008B50020044A054900F00CF8BDE8084033
:10C3B000034800F0A9BC00BF900000205DC1000050
:10C3C000A85F00202DE9F8434FF0000980460F4692
:10C3D0001646D6E90154013D10D4A389012B08D992
:10C3E000B4F90E30013304D021464046B84749EA3B
:10C3F0000009013D6B1C04F16804EED13668002E83
:10C40000E7D14846BDE8F8830EB400B582B003AB6F
:10C4100053F8042B8168019302F0ECFE02B05DF842
:10C4200004EB03B0704700BF0FB400B5074A83B0F8
:10C4300004AB106853F8042B8168019302F0DAFE14
:10C4400003B05DF804EB04B0704700BF9C0000200F
:10C4500070B505460E46144610B1436B002B2FD025
:10C46000636ED80702D4A389990520D5A368013B40
:10C47000002BA36019DAA26993420FDBF0B20A28FD
:10C480000CD0054623685A1C22601E70636EDA07C2
:10C4900002D4A3899B050ED5284670BD28462246A6
:10C4A000314600F059F90546F0E7F0B2E9E7A06D32
:10C4B00000F022FCDAE7A06D00F026FC284670BDF3
:10C4C000FFF732FFCCE700BF1E4B70B51E68054674
:10C4D0000C4616B1736B002B2FD0636ED80702D4B5
:10C4E000A389990520D5A368013B002BA36019DA25
:10C4F000A26993420FDBE8B20A280CD006462368F3
:10C500005A1C22601D70636EDA0702D4A3899B0552
:10C510000ED5304670BD30462246294600F01CF943
:10C520000646F0E7E8B2E9E7A06D00F0E5FBDAE7E0
:10C53000A06D00F0E9FB304670BD3046FFF7F4FE19
:10C54000CBE700BF9C0000208268FFF781BF00BFDF
:10C55000024B014618688268FFF77ABF9C000020F2
:10C5600030B5054689B008460C4600F023FD01238E
:10C570000222234907936B6B0691029204A9421C85
:10C5800004940191AC68059003926BB3636EB4F9A7
:10C590000C20D80701D491051FD5900405D442F48E
:10C5A000005223F40053A2816366990420D42146EB
:10C5B000284601AA04F0DEFDE8B90A25636EDA0711
:10C5C00002D4A3899B0502D5284609B030BDA06DD1
:10C5D00000F09AFB284609B030BDA06D00F08CFB3E
:10C5E000B4F90C20636ED8E72846FFF79DFECDE72F
:10C5F0004FF0FF35E3E74FF0FF35636EDFE700BF35
:10C60000800D0200024B01461868FFF7A9BF00BF6A
:10C610009C0000200EB44FF40172F0B500269CB0CF
:10C6200021AD55F8047BADF814201B9602900690BE
:10C6300000F0C0FC4FF6FF7204460A4B0A49ADF801
:10C6400016200A933A462B46086802A90E961396BE
:10C6500001950394079401F09DF91CB0BDE8F040EA
:10C6600003B07047E9C600009C0000200CB44FF4F2
:10C6700001732DE9F04100269CB022AD0746084623
:10C6800055F8048BADF81430029106911B9600F01A
:10C6900091FC4FF6FF7304460949ADF816300A9134
:10C6A000424638462B4602A90E96139601950394EE
:10C6B000079401F06FF91CB0BDE8F04102B070477B
:10C6C000E9C6000010B50C46B1F90E1000F0B2FA40
:10C6D000002803DB236D0344236510BDA38923F4E5
:10C6E0008053A38110BD00BF002070472DE9F041A9
:10C6F0000C46B1F90C101F46CB05054616460BD467
:10C7000021F48051A1813B4632462846B4F90E10EF
:10C71000BDE8F041F4F7FCB8B4F90E100223002292
:10C7200000F072FAB4F90C10EAE700BF10B50C463D
:10C73000B1F90E1000F068FAB4F90C30421C0EBFCB
:10C7400023F4805343F480532065A38110BD00BFC0
:10C75000B1F90E1000F010BAF8B506460D461446B1
:10C7600010B1436B002B4AD0B4F90C30A269180702
:10C77000A2601FD52269EAB1EDB299042F46626E1C
:10C7800024D592042FD4226823696169D31A99426F
:10C790002CDD0133A1680139A160511C21601570A5
:10C7A00062699A4219D0A389DB0701D50A2D14D0FA
:10C7B0003846F8BD2146304600F02EF898B9B4F955
:10C7C0000C30EDB299042F46626EDAD443F4005374
:10C7D00022F40052A3816266D3E72146304604F07A
:10C7E00065FC0028E4D04FF0FF37E1E721463046F2
:10C7F00004F05CFC0028F6D101232268CAE7FFF7A9
:10C8000093FDB1E703460A46024908681946FFF757
:10C81000A3BF00BF9C00002038B52F4B05461B6806
:10C820000C4613B15A6B002A4BD0B4F90C301807E0
:10C830001CD5226922B313F0010107D000206169E1
:10C84000A0604942A1613AB1002038BD980758BFA5
:10C850006169A160002AF7D1190658BF1046F4D5C6
:10C8600043F04003A3814FF0FF3038BDD9062CD5EB
:10C870005A0712D4226943F00803A381002ADAD1AF
:10C8800003F42071B1F5007FD5D02146284604F08D
:10C89000E7FDB4F90C302269CDE7216B51B104F109
:10C8A0004002914204D0284600F0B8FCB4F90C30A4
:10C8B000002222630021226923F02403C4E900211D
:10C8C000D9E71846FFF730FDAFE7092243F04003F0
:10C8D0002A60A381C7E700BF9C00002070B58607CF
:10C8E00047D0541E002A3ED00346CAB201E0013CA4
:10C8F00039D303F8012B9D07F9D1032C2CD9CDB2E4
:10C9000005EB05250F2C1A4605EB054534D9A4F196
:10C91000100C2CF00F0603F1100EB6444FEA1C1C4D
:10C92000C2E90055C2E9025510327245F8D10CF146
:10C93000010214F00C0F03EB021204F00F0C13D0E1
:10C94000ACF1040323F003030433134442F8045B03
:10C950009342FBD10CF003042CB1C9B21C4403F880
:10C96000011BA342FBD170BD64461346002CF4D1D9
:10C97000F9E703461446C0E7A446E1E711F0FF01DA
:10C98000034600F0030239D08ABB026810B501EB00
:10C99000012E0EEB0E4E8EEA0204A2F1013323EAC1
:10C9A0000203A4F1013222EA0402134313F0803F90
:10C9B0000FD150F8044F84EA0E0CA4F10133ACF10E
:10C9C000013223EA040322EA0C02134313F0803FEE
:10C9D000EFD0037823B936E010F8013F002B32D0B6
:10C9E0009942F9D110BD8A4228D09A0729D01A78E5
:10C9F00018460133002AF6D110467047CAB90268BA
:10CA0000A2F1013323EA020313F0803F08D150F86A
:10CA1000042FA2F1013323EA020313F0803FF6D082
:10CA200003785BB110F8013F002BFBD170479907E9
:10CA300005D0184613F8012B002AF8D17047184684
:10CA4000DDE71846A1E7184610BD00BF002A3ED01A
:10CA5000844630B50446084380070B462ED1032A8E
:10CA600007D82BE0043A25D01EF0803F22D1032ABC
:10CA700022D919462068A446A0F1013323EA000E0A
:10CA80000B4653F8045B0434A842EBD09CF800003A
:10CA90000C7884421DD1E64668B11EF8010F11F8EA
:10CAA000014FA2EB0E03A04203F1FF3311D11CEBA7
:10CAB0000303F1D1002030BDA44619469CF80000C4
:10CAC0000C78A04205D1012AF4D0E646E4E71046EE
:10CAD0007047001B30BD00BF71B1034600EB010C75
:10CAE00001E0634506D01A46117801330029F8D1D8
:10CAF000101A7047181A704708467047024A0123F7
:10CB00001268503200F002B89C00002018B3F0B454
:10CB100007468C4617F8015B01E0A54214D01CF8CB
:10CB2000014B002CF9D1DDB13E460C4616F8015BF5
:10CB300000E063B114F8013B9D42FAD14DB10023EE
:10CB40003B701660F0BC704773B13846E0E737467B
:10CB5000EAE72E46F5E710680028D8D10020704794
:10CB600000201560F0BC704717600370EAE700BF53
:10CB70000123FFF7CBBF00BF002238B5064D0446A6
:10CB800008462A60F3F732FE431C00D038BD2B68FC
:10CB9000002BFBD0236038BD885F0020194B1B6839
:10CBA00083422ED0416C70B5054681B100268C5968
:10CBB0003CB121462468284600F030FB002CF8D117
:10CBC000696C0436802EF2D1284600F027FBA96B51
:10CBD00011B1284600F022FB2C6C34B121462468A8
:10CBE000284600F01BFB002CF8D1E96C11B1284657
:10CBF00000F014FB6B6B1BB12846BDE87040184772
:10CC000070BD70479C00002038B50C4611460022CC
:10CC10008446074D20462A601A466446F3F753FEC1
:10CC2000431C00D038BD2B68002BFBD0236038BDDF
:10CC3000885F002038B50C46114600228446074D17
:10CC400020462A601A466446F3F756FE431C00D07D
:10CC500038BD2B68002BFBD0236038BD885F0020D7
:10CC6000014B1868704700BF9C00002070B50F4B47
:10CC70000F4DAB42A3EB050607D00024B61055F8C4
:10CC8000043B01349847A642F9D81BF05FFA094DDE
:10CC9000094B5E1BAB424FEAA60606D0002455F8AE
:10CCA000043B01349847A642F9D870BD6481020064
:10CCB00064810200648102007C81020038B5074D66
:10CCC000074C2C1BA41005D0013C55F8043D984797
:10CCD000002CF9D1BDE838401BF03EBA9881020023
:10CCE0007C810200704700BF704700BF704700BFE3
:10CCF000704700BF704700BF704700BF01207047FA
:10CD000001207047704700BF704700BF80EA010CE8
:10CD10001CF0030F37D110F0030C20F0030021F0BA
:10CD2000030150F8042B08BF51F8043B0ED08CF0DF
:10CD3000030C6FF07F434FEACC0C23FA0CFC51F844
:10CD4000043B42EA0C0243EA0C0300BFA2F1013C9F
:10CD50009A4201BF2CEA020C1CF0803F50F8042BD1
:10CD600051F8043BF2D04FEA02604FEA1222012848
:10CD700028BFB0EB036F08BF1B0AF4D003F0FF031A
:10CD8000000EC01A704710F0030F0AD010F8012BE4
:10CD900011F8013B012A28BF9A42F4D0A2EB03000C
:10CDA00070474DF8045D50F8042B01F0030521F0A5
:10CDB000030151F8043B022D26D04DD822F07F45C7
:10CDC000B5EB132FA2F1013C2CEA020C0DD11CF0A3
:10CDD000803C08BF51F8043B0AD185EA0205B5EB57
:10CDE000036F0CD150F8042BE8E74FEA13235BE004
:10CDF0003CF07F4C54D10B784FEA126554E04FEA77
:10CE0000126503F0FF034FE04FEA0245A2F1013C37
:10CE10004FEA15452CEA020CB5EB134F18D11CF064
:10CE2000803C08BF51F8043B07D185EA0205B5EB09
:10CE3000034F09D150F8042BE6E75FEA0C4C2FD1E1
:10CE40000B884FEA12452FE04FEA03434FEA1245A1
:10CE50004FEA134328E000BF02F0FF05B5EB136F64
:10CE6000A2F1013C2CEA020C0DD11CF0803C08BF61
:10CE700051F8043B0AD185EA0205B5EB032F0AD12C
:10CE800050F8042BE8E74FEA13630DE012F0FF0FB0
:10CE900006D051F8043B4FEA122523F07F4303E00C
:10CEA0004FF0000020BC704705F0FF0203F0FF00C8
:10CEB000012828BF904204BF2D0A1B0AF4D0A2EB20
:10CEC000000020BC704700BF844641EA000313F015
:10CED000030349D1403A23D30B6803604B68436096
:10CEE0008B688360CB68C3600B6903614B694361E6
:10CEF0008B698361CB69C3610B6A03624B6A4362CE
:10CF00008B6A8362CB6AC3620B6B03634B6B4363B5
:10CF10008B6B8363CB6BC36340304031403ADBD2D1
:10CF200030320BD30B6803604B6843608B688360BF
:10CF3000CB68C36010301031103AF3D20C3205D3F5
:10CF400051F8043B40F8043B043AF9D2043208D0CB
:10CF5000D2071CBF11F8013B00F8013B01D30B883D
:10CF600003806046704700BF082A13D38B07B1D0F7
:10CF700010F00303AED0C3F10403D21ADB071CBFC9
:10CF800011F8013B00F8013BA4D331F8023B20F833
:10CF9000023B9FE7043AD9D3013A11F8013B00F86C
:10CFA000013BF9D20B7803704B7843708B78837018
:10CFB0006046704720F0030110F00300C0F100004C
:10CFC00051F8043B00F1040C4FEACC0C6FF0000266
:10CFD0001CBF22FA0CF213434FF0010C4CEA0C2C4C
:10CFE0004CEA0C4CA3EB0C0222EA030212EACC122C
:10CFF00004BF51F8043B0430F4D0C2F1000102EA4E
:10D000000102B2FA82F2C2F11F0200EBD2007047B5
:10D010002DE9F8431B4D0646286898460F46914671
:10D02000FFF76AFE184B1C681CB3286865681F2D43
:10D0300022DC4EB96B1C0235636044F82570FFF7A3
:10D0400063FE0020BDE8F883012304EB8501C1F8ED
:10D050008890D4F88821AB401A43022EC4F8882166
:10D06000C1F80881E6D1D4F88C211A43C4F88C2188
:10D07000E0E7064C1C60D8E7FFF746FE4FF0FF30B4
:10D08000E0E700BFE00100203C610020AC5F002031
:10D09000024B13B10248FFF703B8704700000000CD
:10D0A000BDCC00002DE9F04F82462C4B2C4F83B0B5
:10D0B00018688B46CDF804A0FFF71EFE3E684EB3FD
:10D0C0004FF000094FF001087468651E22D4013446
:10D0D00006EB8404BBF1000F23D173682268013B87
:10D0E000AB420CBF7560C4F8009072B1D6F88811DD
:10D0F00008FA05F30B42D6F804A01CD190477368D8
:10D100003A68534523D1B24221D1013D6B1CA4F1B1
:10D110000404DFD1114B186803B0BDE8F04FFFF7EE
:10D12000F3BDD4F800315B45D7D0013D6A1CA4F1B2
:10D130000404F6D1EEE7D6F88C01D4F8801003424F
:10D1400009D10198904773683A685345DBD0002AAB
:10D15000E0D01646B8E708469047D0E7E001002047
:10D160003C6100202DE9F84306460820894605F079
:10D17000ADF80546DFF89880304600F0FFFBD8F8A0
:10D1800008305F6827F00307A7F11104A4EB090436
:10D190002C44B4FBF5F4013C05FB04F4A54208DC87
:10D1A0000021304605F080F8D8F808303B4498421A
:10D1B00005D0304600F0E8FB0020BDE8F88330469B
:10D1C000614205F071F801300FD0124AD8F80830EA
:10D1D0003F1B47F001075F60136830461B1B13605D
:10D1E00000F0D2FB0120BDE8F8830021304605F0B5
:10D1F0005BF8D8F80820831A0F2BDADD43F001031F
:10D200005360054B03491B68C01A0860D1E700BF93
:10D21000F001002040610020E401002000297CD0C2
:10D22000F8B50C46064600F0A9FB54F8043C764FCE
:10D23000A4F1080523F001016818D7F808C0426876
:10D24000844522F0030200F08380DB07426000EB9C
:10D25000020C33D454F8084CDCF804302D1B214464
:10D26000AC6807F1080C644503F0010364D0D5F8FD
:10D270000CE0C4F80CE0CEF80840002B00F08180F0
:10D2800041F001036B600160B1F5007F22D2012201
:10D29000CB0849098A40796801330A437A6057F814
:10D2A000331007EBC302083AC5E9021247F83350BE
:10D2B000CD603046BDE8F84000F066BBDCF80430D5
:10D2C000DB072BD541F00103B1F5007F44F8043CA6
:10D2D0000160DCD3B1F5206F4FEA512353D28B09A3
:10D2E00003F1390003F13802C300F818FB5808387D
:10D2F000984203D161E09B68984204D05A6822F0BA
:10D3000003028A42F7D8D868C5E902308560304602
:10D31000DD60BDE8F84000F037BB7047114407F10D
:10D32000080C836863453FD0C268DA60936041F0BF
:10D3300001036B606950A7E7002B5FD10A44D0E975
:10D340000213CB60996042F001036B60AA50B0E712
:10D350000A44D90707D454F8083CED1A1A44D5E911
:10D360000213CB60996042F001036B60274BBD60F4
:10D370001B6893429DD8264B30461968FFF7F2FE92
:10D3800097E71144CDE7142B08D9542B1DD80B0B6C
:10D3900003F16F0003F16E02C300A6E703F15C0026
:10D3A00003F15B02C300A0E741F00103C7E90455A4
:10D3B000C5E902CC6B6069507BE70121921001FA4C
:10D3C00002F279680A437A609EE7B3F5AA7F06D82D
:10D3D000CB0B03F1780003F17702C30085E740F23D
:10D3E0005452934206D88B0C03F17D0003F17C026A
:10D3F000C3007AE74FF47E737E2276E741F00103A3
:10D400006B60016055E700BFF0010020E8010020DB
:10D41000706100202DE9F04F01F10B05162D064635
:10D4200083B024D8102900F2AD8000F0A7FA1025AF
:10D4300018234FF0020CB84F3B445C68A3F108027C
:10D44000944200F01D8130466368E268A16823F0D1
:10D450000303CA60234491605A68083442F0010211
:10D460005A6000F091FA204603B0BDE8F08F35F025
:10D47000070500F18780A94200F2848000F07EFA5F
:10D48000B5F5FC7FC0F06F816B0A7FD0042B00F2F2
:10D490001E81AB0903F1390C03F1380E4FEACC00C1
:10D4A0009D4F384444680838A04207D10DE0002A57
:10D4B000E16880F2DF80884207D00C46636823F081
:10D4C00003035A1B0F2AF2DDF446DFF850823C6951
:10D4D000444500F0BC80636823F00309A9EB050311
:10D4E0000F2B00F34581002BC7E9048880F22F81C0
:10D4F000B9F5007FD7F804E080F0C98001234FEA36
:10D50000D9014FEA5919194403FA09F357F83120A0
:10D510004EEA030E07EBC103083BA260E360C7F8C5
:10D5200004E047F83140D46001204FEAAC03984052
:10D53000704532D810EA0E0F07D12CF0030C4000D2
:10D5400010EA0E0F0CF1040CF9D007EBCC0AD6460A
:10D55000E146DEF80C300BE059681C4621F003016F
:10D560004A1B0F2ADB6800F3BF80002A80F2E280AA
:10D570009E45F1D109F1010919F0030F0EF1080ED2
:10D58000E7D11FE10C23336000246CE74FF40070F7
:10D590004FF0400C4FF03F0E82E7BC68636823F009
:10D5A0000309A94503D3A9EB05030F2B52DC5C4B00
:10D5B00008201B6803F1100804EB0903009304F032
:10D5C00085FE584A83461368A844013305D008F104
:10D5D000FF388044434203EA08084146304604F0DD
:10D5E00063FEB0F1FF3F82464E4A00F0DC8004EB60
:10D5F0000903834200F2D5804B4B0BF1FF311868D1
:10D6000040448446186040F0FB801AEA010F40F065
:10D61000F780D7F808A0C84448F00102CAF80420EF
:10D620005446424B1968814238BF1860404B196814
:10D63000814238BF186022F00308A845A8EB050313
:10D6400001D30F2B06DC304600F09EF99CE7D7F89B
:10D6500004E069E7621943F0010345F001056560E4
:10D660003046BA600834536000F08EF9204603B0AB
:10D67000BDE8F08FA2683046D16023448A60EBE6B3
:10D68000DC68A3427FF4DFAE0CF1020C1DE7B9F5B4
:10D69000206F4FEA59227DD3142A00F2118102F142
:10D6A0005C03DB005B32F918FB580839994203D15F
:10D6B000ECE09B68994204D05A6822F003024A4584
:10D6C000F7D8D968C4E902318C60DC602CE7142BF0
:10D6D0006CD9542B00F2FD802B0B03F16F0C03F17E
:10D6E0006E0E4FEACC00DBE6D4F808C0304666196F
:10D6F00045F001056560CCF80C30C3F808C042F075
:10D700000103C7E90466C6E902887360625000F04D
:10D710003BF90834A7E600BFF0010020F801002023
:10D7200070610020E4010020406100206C61002055
:10D730006861002021444A68304642F001024A6094
:10D7400054F8082FD3609A6000F01EF98BE6A144CC
:10D75000D9F80430304643F00103C9F8043000F032
:10D7600013F908347FE64FEAD50C05F1080362E6A9
:10D77000621943F0010145F0010565603046C7E9D3
:10D780000422C2E90288516044F8093000F0FCF834
:10D79000083468E64FEA991202F13903DB003832A7
:10D7A00081E7BC4224D0BC68626844E703F15C0CAA
:10D7B00003F15B0E4FEACC0072E65AF80839534584
:10D7C00040F0D8801CF0030F0CF1FF3CF5D17B68D2
:10D7D00023EA00037B60400098423FF6DEAE18B9B2
:10D7E000DBE6400009F104091842FAD0CC46ACE669
:10D7F000614B0BF1FF31186808EB000CC3F800C057
:10D800001068013070D004EB0902AAEB02026244F6
:10D810001A601AF00702CDE9002340D0C2F10802D5
:10D820009244D04408EA01005A44121A02EA010B59
:10D830005946304604F038FD421C019B71D0A0EBE4
:10D840000A0000EB0B08186848F001025844BC427B
:10D85000C7F808A01860CAF804203FF4E1AEB9F197
:10D860000F0F44D94FF0050C6168A9F10C0222F0AA
:10D87000070201F00101114361600F2A04EB02016C
:10D88000C1E901CC55D8DAF80420C9E6012092108C
:10D8900000FA02F24EEA020EC7F804E012E70AEBC1
:10D8A00008020A40ABEB020202EA010B594630467D
:10D8B00004F0FAFC431C019BC1D1DDF800B0C2E7C3
:10D8C000542A18D84FEA193202F16F03DB006E3286
:10D8D000E9E6B3F5AA7F18D8EB0B03F1780C03F156
:10D8E000770E4FEACC00DBE5C2F800A091E70123F8
:10D8F000CAF80430A7E6B2F5AA7F25D84FEAD93294
:10D9000002F17803DB007732CDE640F254529342C5
:10D9100025D8AB0C03F17D0C03F17C0E4FEACC0053
:10D92000BEE5009A4FF0000B083A9044A8EB0A08B5
:10D9300089E7304604F108010093FFF76FFC009B74
:10D94000D7F808A018689EE740F254539A420DD8C1
:10D950004FEA994202F17D03DB007C32A3E64FF4EB
:10D960007E704FF07F0C4FF07E0E99E54FF47E7382
:10D970007E2298E67B682EE7406100200148FFF791
:10D98000BBB900BF9C5F00200148FFF7BDB900BFD5
:10D990009C5F00202DE9F04FADF53B7D02AFC7E95C
:10D9A0001202B1F90C203B6396048A464B6E05D4F3
:10D9B00042F4005223F400538A814B669D04C3F362
:10D9C000403401F1E180A1460822214607F15800C8
:10D9D000FEF784FFBC62BC63FC617C633C64774BF4
:10D9E000D3F8E44004F020FC07F15802009203460B
:10D9F000FA6CB86C07F15401A047002861DBFB6C9E
:10DA000006460344FB647B6D002B00F04B8101282C
:10DA100067D0252B6ED00028E1D0FB6C01389E1B0F
:10DA2000DAF8043034181A46002A06F1FF3517DDFB
:10DA3000DAF800306A781878691C904203F1010323
:10DA400040F03081DAF804208C4202F1FF32CAF84B
:10DA50000030CAF8042000F03081002A0D46E7DCCF
:10DA60005146B86C08F0B2FD0028E1D03B6C23B100
:10DA7000BAF80C305A0640F11581BB6B002B01F04F
:10DA80008380BB6BDE8818687EB100248146A04687
:10DA9000051F55F8043F0134186805F043FD2B6855
:10DAA000B442C3F80080F4D148464FF0FF333B64E2
:10DAB00008B105F037FD386C07F53977BD46BDE88C
:10DAC000F08F4FF6FD730822002107F158007B65A7
:10DAD000FEF704FFFB6C0133FB647B6D002B00F051
:10DAE000E180374AD25C100700F1C7850126252B5B
:10DAF000304692D100242546F96C0A78A2F125031C
:10DB000001F10108552B00F2CD80DFE813F0AB07DF
:10DB1000CB00CB00CB00CB009A07CB00CB00CB00D7
:10DB2000CB00CB00D206D206D206D206D206D2064F
:10DB3000D206D206D206D206CB00CB00CB00CB0059
:10DB4000CB00CB00CB00DD06CB003505E700DD06C2
:10DB5000DD06DD06CB00CB00CB00CB00E000CB0028
:10DB6000CB004605CB00CB00CB008005CB00CB0023
:10DB7000CB00CB002007CB00CB008307CB00CB0032
:10DB8000CB00CB00CB00DD06CB003705E900DD067E
:10DB9000DD06DD065707A207E000CB008E0763070E
:10DBA000710748055407CB00CB008205DB004C070A
:10DBB000CB00CB002007CB00DB0000BFE00600203D
:10DBC0007D0C020004F01003012D38BF01251A4618
:10DBD0007B6414F0010301F00182002A41F04982C4
:10DBE0003B6B240653F804BB3B6301F16D82D846BE
:10DBF000D7F844B05B46DC46C7F83CB000269B46ED
:10DC0000644604F011FBB0423FF430AFDAE9003271
:10DC100013F8011B013ACAF8042007F5BC729155AC
:10DC2000FA69CAF80030032A06F1010307F1700609
:10DC300002D13268042A06D0082200213046FB6255
:10DC4000FEF74CFEFB6A009607F5BC724146B86CC5
:10DC5000FB6208F083FA0246F861501C3FF406AFFD
:10DC6000FB6A002A41F06A8299447B6C013D002BDB
:10DC700041F07282C8F80030FB6B002B01F0AE82DD
:10DC8000A8EB0406BBEBA60F01F2A88220464FEAE0
:10DC9000CB0106F0DDFB0446002841F099824FF0ED
:10DCA000FF333B64BB6B002B3FF405AFBB6B1868C5
:10DCB0003B6C01337FF4FCAEE3E602354D44A5EB4B
:10DCC00006098CE62307EDD14A78414616E722077C
:10DCD000E8D14A7844F0020441460FE744F00104D9
:10DCE0000A234FF0030B7B63724BBB62DAF80430FC
:10DCF000002B00F35F845146B86C08F067FC0028E5
:10DD00007FF4B4AEC7F84C80600641F15C810BF142
:10DD1000FF33032B3FF656AFDFE813F0A602E7010F
:10DD20003D010400B86C04F091FA44F4F0637B64A4
:10DD3000036800263B626B1EB3F5B27F07F5BC7B20
:10DD400034BF4FF0000CA5F5B27C5C4628BF4FF401
:10DD5000B275C7E90466FE63FE62BE61C7F80CC017
:10DD6000C7F824B0DAF800100A78A2F12B034E2B82
:10DD700050D8DFE813F0BB034F00BB034F004F0048
:10DD8000A100A500A500A500A500A500A500A5006F
:10DD9000A500A5004F004F004F004F004F004F005F
:10DDA0004F00B0033F033F033F03DD03D4034F00A5
:10DDB0004F00C3034F004F004F004F0096034F002A
:10DDC00075034F004F004F0070034F004F004F008E
:10DDD0005903AB034F004F004F004F004F004F005F
:10DDE0004F00B0033F033F033F03DD03D4034F0065
:10DDF0004F00C3034F004F004F004F0096034F00EA
:10DE000075034F004F004F0070034F004F004F004D
:10DE10005903AB037B6C9B0570D5D7F820B09BF8FA
:10DE2000003093426AD1C7E901544FF000085546CB
:10DE3000B24606E0296091F800E09BF800008645B4
:10DE40001CD11BF8010F44464E46013108F1010870
:10DE500009F10109002800F07E8668680138002871
:10DE60006860E7DC2946B86C08F0B0FB30B9296877
:10DE70009BF8000091F800E08645E2D02246334648
:10DE80005646BC68AA46D7E9085BA844C7E90864B7
:10DE9000914644469846BE6C14F8011D52463046E1
:10DEA00008F056FBA542F7D1D7E90864A8EB0909A9
:10DEB00026E000BF1D5A01007B6CD90500F1518599
:10DEC000FB6B9B191AD11E467B6CFE6323F4C07357
:10DED0007B64013D04F8012BDAF8043009F10109F3
:10DEE000013B002BCAF8043040F3BC83DAF8003061
:10DEF0000133CAF80030002D7FF434AFD7F824B0D6
:10DF0000FB6A002B40F03383FB6B013B012B41F29A
:10DF10002780731E062B40F247867B6CD80540F1A4
:10DF2000AA84590500F1468714F8011C651E65296D
:10DF300009F1FF360AD0452908D05246B86C08F0DE
:10DF400007FB14F8021CA9F10206A51E5246B86C84
:10DF500008F0FEFA7B6C13F0100340F04A86B146DD
:10DF60002B707B69002B40F0558700225946B86C16
:10DF700007F0E6FB7A6C3B6BD20705460E4603F1D1
:10DF8000040440F12B861B68C3E900563C633B6CDC
:10DF900001333B6423E507F5BC7B4FF000085E4688
:10DFA0006B1EB3F5B27F34BF0021A5F5B271CB462D
:10DFB00028BF4FF4B275D146C246B0467A6B44F4DE
:10DFC0005864F963D9F8000090F800C0ACF12B0355
:10DFD0004D2B62D8DFE813F0BC026100BC02610087
:10DFE000610021031C021C021C021C021C021C02F8
:10DFF0001C02C202C2026100610061006100610096
:10E00000610061004E004E004E004E004E004E007A
:10E0100061006100610061006100610061006100F8
:10E0200061006100610061006100610061006100E8
:10E030006100B00261006100610061006100610087
:10E04000610061004E004E004E004E004E004E003A
:10E0500061006100610061006100610061006100B8
:10E0600061006100610061006100610061006100A8
:10E070006100B0020A2A10DD24F4386406F801CBEE
:10E08000D9F80430013B002BC9F8043040F3E0829A
:10E090000130C9F80000013D94D14346E005D04667
:10E0A0007A63CA46D9469B4605D59E4200F27284E1
:10E0B0005E453FF4F7AD14F0100211D159467B6B69
:10E0C000BD6AB86C3270A8473B6BA10603F104052A
:10E0D00040F158841B6818603B6C3D6301333B641E
:10E0E000A6EB0B064644B14479E4002D08BF4FF07F
:10E0F000FF35E60704F0100340F1DD82002B40F00D
:10E10000B5843A6B200652F8041B79643A6340F1F7
:10E110008F86FB6300293FF4C5AD802005F0FAF936
:10E12000FB6B024600283FF4BAAD796C0860B96B0E
:10E13000CC888E88B44280F09085086896464FF06F
:10E14000200C796C40F82410B96B0134CC80DAF8DB
:10E150000010B24E097816F8018018F008086BD14B
:10E160003E622E461546C7F824E0C7F82CC0FB6374
:10E1700004F05AF840453FF479ACDAE9003213F87C
:10E18000011B013ACAE90032FB6907F5BC7B032B8E
:10E190000BF8081007F1700408F1010802D1236898
:10E1A000042B04D0082200212046FEF797FB0094A0
:10E1B0005A4643462946B86C07F0D0FF421CF86126
:10E1C0003FF454AC002800F0AC85FB6902331FD04B
:10E1D000286808F08FF8002840F09F86FB69C1444A
:10E1E000032B02D12368042B00D0013EFB6B002BD4
:10E1F00040F01A867B6C0435002B00F015867B6A94
:10E20000EC1AFB6AB3EBA40F40F2B986D7F83C8056
:10E21000DAF80430002B40F35586DAF800303A6A19
:10E220001B78D35C1B0701D4002EA1D12A46D7F856
:10E2300024E0D7F82CC0FB6B002B7FF4D0AB13602D
:10E240007B6C002B3FF4A3AEA2EB0E0293100133C4
:10E250009C457FF69CAE7C6C111D206806F0F8F89A
:10E26000002840F0C58092E6002D08BF4FF0FF3532
:10E2700004F01003E607FB6240F19282002B40F0AD
:10E2800032843A6B200652F8043B7B623A6340F1D9
:10E29000D585002B3FF406AD802005F03BF978646E
:10E2A00000283FF4FCAC7B6A7A6C1A60BB6BDC889C
:10E2B0009E88B44280F0EB8418687B6A40F8243072
:10E2C000BB6B0134DC807B6CBB6120233B62002490
:10E2D000A046FE6907F5BC7BC7F83C9003F0A4FF9D
:10E2E00040453FF4C3ABDAE9003213F8011B013AB1
:10E2F000032E0BF80810CAF80420CAF8003008F101
:10E30000010807F1600903D1D9F80030042B04D0CB
:10E31000082200214846FEF7E1FACDF800907C6C17
:10E32000434621465A46B86C07F018FF411C064682
:10E330003FF49CAB002840F0DF83206004460822B5
:10E34000002107F16800FEF7C9FADFF8D4C02246C1
:10E3500007F170042146B86CDCF8E0C007F16803EF
:10E36000E047012814BF002497F8704007F17803B4
:10E370001B5D002B00F06E85FB6B032E4344FB639B
:10E3800000F0C383013DFB6A5BB97B6C7A6A04339E
:10E390007B6432B1BA699C1A3B6AB3EBA40F40F2BA
:10E3A000CA83DAF804304FF00008002B40F3BF8234
:10E3B000002D93D1D7F83C90FE61FB6A002B7FF4CF
:10E3C0000EAB7A6C13607B6A002B3FF4E0AD134612
:10E3D000BA69991A8B103A6A01339A427FF6D7AD1F
:10E3E0007C6A0431206806F033F800283FF4CFAD92
:10E3F0002060CCE5796C08057FF580ADFB6B9B193F
:10E400007FF47CAD1E4621F4C0737B64FE6360E53F
:10E41000044B24F4386433F912202FE67D0C0200FB
:10E42000E006002014110200796C01F41863B3F5C2
:10E43000807F7FF463ADFB6A012B7FF45FAD21F435
:10E44000807343F400637B64302304F8013B0023B2
:10E45000013DFB623DE5062E7FF450AD072638E511
:10E460007B6C19057FF54AAD796C01F4A063B3F5B7
:10E47000806F05D048057FF541ADFB6A002B49D080
:10E480007B6C990504D4FB6AB9695B1AC7E904433C
:10E490007B6C23F4786343F4C0737B640023FB62DA
:10E4A00017E5FB6B002B40F01F82FB6A33B97B6CD6
:10E4B00003F4E063B3F5E06F00F02185012E02D094
:10E4C000042E7FF41BAD0136F6B202E5072E7FF471
:10E4D00015AD0826FDE47B6C1B0500F1FF81FB6B8D
:10E4E000012B7FF40BAD0223FB63F2E47B6C190676
:10E4F0007FF504AD23F080037B64EAE4002E40F056
:10E50000FB81FB6A8BBB7B6C03F4E063B3F5E06FCC
:10E5100000F0EE840023D7F824B0FB62F4E47B6CB7
:10E52000180500F1D581022E7FF4E8AC0326D0E473
:10E53000796C0B0598D561E704F4C063B3F5007FEF
:10E540007FF4ABAD24F40074102244F4A06495E58C
:10E5500023067FF5A2AD24F080048FE58D4B33F9BF
:10E560001220082A3FF788AD97E5D7F824B07B6CD6
:10E5700023F480737B64C7E444F001044FF0000B84
:10E58000C7F84C8044F04004DAF80430002B3FF721
:10E59000BBABD7F84C80FFF7AEBB44F001040823B7
:10E5A0007B637D4B4FF0030BBB62DAF80430002B2A
:10E5B0007FF7A1ABDAF80020784E1378F35C1907E7
:10E5C00040F16884334656469A4605E03260137837
:10E5D0001AF803301B0715D5736809F10109013BCF
:10E5E000002B736002F10102F0DC3146B86C07F0D9
:10E5F000EDFF002840F0C582326813781AF8033026
:10E600001B07E9D4B246C7F84C80FFF780BB44F043
:10E6100001044FF0020BFFF769BB23057FF52EAD18
:10E6200012B9082244F40074610500F1A781FB6B64
:10E6300024F4607413B1013BFB630135D9F8043055
:10E640000AF1010A013B002BC9F804303FF720AD65
:10E650004946B86C7A6407F0B9FF7A6C00283FF439
:10E660001AAD1AE55146B86C07F0B0FF00287FF4E8
:10E6700045AC002D7FF476AB40E4DAF80420BC6CA6
:10E680000FE0DAF8003045491A7801338A5C110747
:10E690007FF5A5A9DAF8042009F10109013ACAE9D0
:10E6A0000032002AEDDC5146204607F08FFF00289B
:10E6B000E7D0FFF794B9002B40F03F833B6B53F852
:10E6C00004BB3B6314F0800300F08A83BBF1000FAE
:10E6D0003FF4E8AA202004F01DFF044600283FF480
:10E6E000CCA9BB6BCBF80000DE88B3F804804645AC
:10E6F00080F082821868BB6B40F826B00136DE805D
:10E700002023DAF80000254E0278B25C110700F1F0
:10E710008D823246A0461E464B469146DAF80420CA
:10E72000013ACAF80420421CCAF80020027804F812
:10E73000012BA4EB0802BBF1000F02D0B24280F023
:10E740005883013D0BD0DAF80420002A40F3988367
:10E75000DAF80000027819F802201207DED599468F
:10E760003346A4EB08018944013100222270BBF139
:10E77000000F3FF40CAC8B427FF609ACDBF80000D5
:10E7800005F066FE00283FF402ACCBF80000FFF76E
:10E79000FEBB00BF141102008D5B01007D0C020066
:10E7A000FB6A002B40F06B813B6B14F0800453F844
:10E7B00004BB3B6300F04A83BBF1000F3FF472AA35
:10E7C000202004F0A7FE064600283FF456A9BB6BA4
:10E7D000CBF80000DC889A88944280F0298218687F
:10E7E000BB6B40F824B00134DC802023DAF8001041
:10E7F00007F178080A7818F80220002A3FF452AA94
:10E80000C7F844903446D946C34698463046DAF8AD
:10E8100004604B1C013ECAE90036097800F8011B70
:10E82000061BB9F1000F01D046456DD20646013DE9
:10E830000BD0DAF80410002940F36D81DAF80010EB
:10E8400008781BF800000028E0D1341BCB46434673
:10E85000D7F844903FF426AA00223270BBF1000F93
:10E8600003D0611C8B4200F219833B6CA14401333D
:10E870003B64FFF7B4B87A6C12F010037FF4AFA8D2
:10E88000237002F4C063B3F5806F7FF46AABBB6999
:10E89000FA6A93423FF469AB9A1A07F2D2239C4278
:10E8A00028BF07F2D1242046BC4902F0E3FEFFF75F
:10E8B0005CBB14F08F0F7FF4F5A905EB850502EB27
:10E8C0004505303DFFF700BA4FF0040BFFF70EBAD5
:10E8D000FB6B9B197FF427AEFFF7F5BAFB6B9B1917
:10E8E0007FF4FDADFFF7EFBAFB6B022B7FF4E6ADD3
:10E8F0000323FB63FFF7EDBA032E3FF4E4AD052ECF
:10E900003FF4E1ADFFF7FABA4FEA48082046414626
:10E9100005F09EFD044600283FF4AFA80644C9F860
:10E92000000084E7DAF80430002B3FF7D7AC5146FB
:10E93000B86C07F04BFE00283FF43AAD4446D7F8D8
:10E940003C90FE61002C3FF438ADFFF78FB844F4E3
:10E95000007410237B63924B4FF0030BBB62FFF7F5
:10E96000C5B923F080037B64FB6A0133FB62FB685B
:10E97000002B40F05681013DFFF7AEBA24F4B0649D
:10E98000FFF77CBB220740F1A4813B6B1B6818702A
:10E99000FFF7A2BB16F8011C5246B86C013E07F007
:10E9A000D7FDFFF785BB0A237B637D4B4FF0030B3D
:10E9B000BB62FFF79BB944F40874CAE723077FF4EE
:10E9C00071A94A78682A00F07881414644F004042D
:10E9D000FFF794B814F08F037FF464A9BA6B002A90
:10E9E00000F001824A7844F080044146FFF786B87F
:10E9F000E1060BD43A6B52F8043B3A63220700F16C
:10EA00009981660740F15482A3F80090C7F84C80C2
:10EA1000FEF7E5BF414607F1780002F0BFFD4FF079
:10EA2000010B44F04004F864AEE522077FF43AA9F4
:10EA30004A786C2A00F04781414644F00104FFF710
:10EA40005DB825437FF42EA94A7810244146FFF78C
:10EA500055B800237B63534B4FF0030BC7F84C8032
:10EA6000BB6291E5C7F84C80FEF7D5BF4FF0000CB4
:10EA700007F15402E646C7F844C0FFF768BBDAF86E
:10EA8000003007F178081A7818F80220002A3FF4BD
:10EA900009A90133CAF80030DAF80430012D03F176
:10EAA000FF33CAF804301BD0BC6C11E0DAF8003038
:10EAB0001A78013318F8022092B1CAF80030DAF857
:10EAC00004300BF1010B013B5D45CAF8043007D05F
:10EAD000002BEBDC5146204607F078FD0028E5D0FE
:10EAE000D944FEF77CBF002207F154033A627B64ED
:10EAF000BA617A62FFF7EBBB821C3FF413AF7B6C09
:10EB00001C68631C7FF41BAC30E4D9F80030042B84
:10EB10007FF438AC37E45146B86C07F057FD002855
:10EB20003FF48CAEA642CB464346D7F844903EF421
:10EB30009DAF341B90E61046D90005F089FCB86102
:10EB400000283FF4ACA83B6A02197A647A6A5B0039
:10EB500010603B6225E4BC687B6C204623F4207384
:10EB60004246396ABE617B645646AA467D6802F019
:10EB700057FEBB6904469946FB6A013DBB61FFF73E
:10EB8000ABB9B246FEF772BF4FF0FF333B64386C4F
:10EB900007F53977BD46BDE8F08F00BF840D020050
:10EBA0008D5B01001D5A0100022E40F2FA81032EF6
:10EBB0003FF4B3A9043EF6B2F543D7F848802544A4
:10EBC00014F8011D5246404607F0C2FCAC42F7D192
:10EBD00009F1FF39A9EB0609FFF79FB93B6BD3F8A1
:10EBE00000807B6C9B0740F18E80C8E90056FFF7E0
:10EBF000CDB9B146FEF7F3BE4FF6F67398453EF633
:10EC000040AFBB6B08F1080818684FEA880105F0AF
:10EC10001FFC00283EF435AFBB6BA3F804801860DE
:10EC200069E5FB68013BFB60FFF756B901219CE5F4
:10EC30004FF6F6739A423EF624AFBB6B02F108081A
:10EC400018684FEA880105F003FC00283EF419AF6C
:10EC5000BB6BA3F804801860C2E54FF6F6718E42D4
:10EC6000FB62F8633FF61BA8D7F838800836D8F85F
:10EC70000000B10005F0ECFB00283FF410A8FB6A8F
:10EC8000FA6BA8F80460C8F80000FFF757BA4FF60F
:10EC9000F6739E423FF603A8D7F838800836D8F8B6
:10ECA0000000B10005F0D4FB00283EF4F8AFA8F84E
:10ECB0000460C8F80000FFF700BB8A7844F008043D
:10ECC0000231FEF71BBF8A7844F002040231FEF7DE
:10ECD00015BF630769D414F0010240F00681A40750
:10ECE00040F10381BA4BB96AB86C994259467B6BC3
:10ECF00000F0658107F02CF90B463A6B1168C1E909
:10ED00000003FFF7E9B902460B460DF045FB00286A
:10ED10005FD1284631460DF09DFBC8F80000FFF793
:10ED200035B9286007F0E6FA002840F0F680C144C3
:10ED3000FFF75BBA83F8009068E6DAF80030A54E7A
:10ED40001A78B25C14073EF54AAE0133CAF80030B7
:10ED5000DAF80430012D03F1FF33CAF8043008BF9C
:10ED600009F101093EF43BAE0124D7F8488011E0D7
:10ED7000DAF800301A780133B25C100712D4CAF8FE
:10ED80000030DAF804300134013BA542CAF80430FF
:10ED900000F0C080002BEBDC5146404607F016FC2B
:10EDA0000028E5D0A144FEF71ABE3B6B1B68188013
:10EDB000FFF792B95C455E467EF674AFBD6C14F801
:10EDC000011D5246284607F0C3FBB442F7D1FEF7B7
:10EDD00069BF814803F032FBC8F80000FFF7D6B8DE
:10EDE0005C469B468DE482B0CDE9023302ABBB6347
:10EDF000F8E5760040463146FB637A6405F028FB6F
:10EE0000804600283EF439AE7A6CFB6BCBF80000EC
:10EE1000841896E43C690A230022B86C611C06F051
:10EE2000FDFD7B69C21A38E54FF00008FFF7F0B925
:10EE30007A6C9C469E467B64FFF789B97B6A7B644B
:10EE4000FB6A3B62BB617B62FFF741BA5E462346C9
:10EE5000A346CBE4D7F83C90FE61B8F1000F3FF435
:10EE6000ACAA4546BE6C0BEB0804013D5246304649
:10EE700014F8011D07F06CFB002DF6D1FFF79DBAC9
:10EE80005146B86C7B6407F0A1FB7B6C00283FF413
:10EE90005FAC64E4C7F84C80FEF739BFDBF80000D4
:10EEA00005F0D6FA00283FF4E0ACCBF80000DCE433
:10EEB000E5072CD4A4072AD54FEAE972C3F80090DD
:10EEC0005A60A3E55146B86C07F080FB00283FF478
:10EED000A4A92A46D7F824E0D7F82CC0FB6BB8F1D8
:10EEE000000F7EF4C3ADFFF7A7B93B6BFFF7F2B895
:10EEF0007B6C012623F4F0637B64FEF7EABF7B6C36
:10EF000023F4F0637B640123FB63FEF7E2BFC3F8E5
:10EF100000907BE5A944FEF762BD2A46D7F824E0BD
:10EF2000D7F82CC0FB6BB8F1000F3FF485A90BEBB1
:10EF300008044546F3469046BE6CC7F83CC0FB62E9
:10EF4000013D5246304614F8011D07F001FB002D2B
:10EF5000F6D14246DE46D7F83CC0FB6AFFF76CB9F3
:10EF60005C455E467EF69EAEBD6C14F8011D5246B1
:10EF7000284607F0EDFAB442F7D1FEF793BE786A5F
:10EF8000D90005F065FA786200283EF488AEFB6A85
:10EF90007A6C5B00D7F83C8005191060FB62FFF7C4
:10EFA00037B95C457EF67EAE5D4614F8011D5246CB
:10EFB000B86C07F0CDFAAC42F7D1FEF773BE07F09C
:10EFC000AFF80B4699E6D7F84C80FFF7F3BA00BFCD
:10EFD0008D5B01007D0C0200541002007A6C002A47
:10EFE0004DD13B6B53F8046B3B6323065ED5002E7B
:10EFF0003EF458AE284604F08DFA804600283EF4D0
:10F000003CADBB6B3060B3F806B09C88A345C0F044
:10F0100093804FF6F6739C423EF633ADBB6B0834DB
:10F020001868A10005F014FA00283EF42AADBB6B65
:10F030009C801860BA6B0BF10103D38040F82B6001
:10F04000CDF800A041462B460122B86C07F0DAFA51
:10F050000446002800F09A80A842BFF406AC01469E
:10F06000306805F0F5F900283FF4FFAB3060FFF79A
:10F07000FCBB00239C469B469846FEF7BDBD1C4644
:10F08000DAE900239D4202EB03014BDDCAF80010D0
:10F09000B86C51461C44ED1A07F098FA0028EFD0DE
:10F0A000002C3EF4E3ACA144FEF799BCCDF800A0DF
:10F0B0002B4631460122B86C07F0A4FA044600281A
:10F0C0007FF4D3ABFEF7D2BCBBF1000F3EF4EAAD48
:10F0D000802004F01FFA804600283EF4E0ADBB6BB0
:10F0E000CBF80000DE889C88A64219D34FF6F67351
:10F0F0009C423EF6D4ADBB6B08341868A10005F005
:10F10000A7F900283EF4CBADBB6B9C801860BB6BAD
:10F1100040F826B00136DE80C4462023FEF76CBDE1
:10F120001868F4E75B1B2A442C44CAF80430CAF878
:10F130000020A144FEF753BC18687BE7FA69911CD4
:10F140002FD0032A994402D13368042B00D0013D0B
:10F150007B6C002B3EF490ADDAF804300026002BD7
:10F1600025DD002D7EF44DAD5B46D7F83CB0A446BE
:10F17000BBF1000F04D0A8EB0C01B3EBA10F30D80A
:10F180007B6C002B7EF42BACFEF701BF3B6C002B9D
:10F190003EF477ACBAF80C305B067EF587ADFEF72F
:10F1A00070BCDAF804201E46002A3EF72AAD51460C
:10F1B000B86C07F00BFA0028D3D05B46A446D7F80A
:10F1C0003CB0002E7EF452ACBBF1000FD3D1D7E798
:10F1D000FB6B00EB060818604FEA4B0B08F10408C4
:10F1E000BAE7DBF8000005F033F90028C8D0CBF807
:10F1F0000000C5E72DE9F04FDDB0914609911C46AE
:10F2000083460F9303F022F8036818461993FDF71D
:10F21000D1FE0822189000212CA8FDF75FFBBBF15E
:10F22000000F04D0DBF83430002B01F03E80099A47
:10F23000536EB2F90C20D90702D4970540F16E86BF
:10F24000960406D4099942F4005223F400538A81AB
:10F250004B669D0401F1F883099AB2F90C30190745
:10F2600040F1C7801269002A00F0C38003F01A023F
:10F270000A2A00F0CD80002300249E46CDE93133D8
:10F28000002333AACDE91634DA4614464D46CDE9BB
:10F290001BEE3092CDF868E0CDF880E0CDF874E058
:10F2A000CDF82CE0CDF848E02F468B4BD3F8E46046
:10F2B00002F0BAFF0DF1B00C03463A46504628A9B9
:10F2C000CDF800C0B047002800F0C180C0F2B78080
:10F2D000289B252B01D00744E7E7B7EB0508064636
:10F2E00040F0B98000224FF0FF3393460A937B78B9
:10F2F0007E1C8DF897200C9299460136A9F12003C7
:10F300005A2B00F2EB80DFE813F02203E900E9005A
:10F310001E03E900E900E9000003E900E9006A00D2
:10F320004D03E90061023003E9002C035B005B0040
:10F330005B005B005B005B005B005B005B00E90067
:10F34000E900E900E900E900E900E9006101E900FC
:10F35000F101B602610161016101E900E900E90022
:10F36000E900B202E900E9006502E900E900E9000C
:10F370000A02E9009602E900E900BE06E900E90098
:10F38000E900E900E900E900E900E9006101E900BC
:10F39000F1013B02610161016101A8023B02ED0143
:10F3A000E900CD02E900F102DF06DF02ED01E9002C
:10F3B0000A027200E206E900E900E606E9007200CE
:10F3C0000022A9F1300316F8019B02EB820203EB45
:10F3D0004202A9F13003092BF5D90C928EE70F9B5D
:10F3E00053F8042B002A0C920F93C0F2EC8133786F
:10F3F00082E7099D58462946FDF70EFA002841F09C
:10F400008684B5F90C3003F01A020A2A7FF433AF70
:10F410000999B1F90E20002AFFF62DAF4A6ED507E3
:10F4200002D4980541F1E58023464A465846099999
:10F4300001F0F0FC0B900B985DB0BDE8F08F082256
:10F4400000212CA8FDF74AFA012007442DE7B7EB6D
:10F450000508064610D0329BC4E900584344329355
:10F46000319B0133072B319310DC08340B9B434451
:10F470000B93002E7FF436AF329B002B41F0A2801D
:10F480000022099B3192B3F90C3019E050460999DA
:10F4900030AA01F0FFFC80B933ACE7E75046099988
:10F4A00030AA01F0F7FC002800F08580D3460E9BBF
:10F4B0001BB158460E99FDF7B1FE099BB3F90C300C
:10F4C000099A526ED10740F103815B0601F1C682B1
:10F4D0000B985DB0BDE8F08FE00600201096B9F102
:10F4E000000FC9D0012300228DF80C91069343AD83
:10F4F0008DF897200D93CDE913220E920A92119266
:10F500001BF0020302D00699023106911BF0840819
:10F51000329E05D10C9906980F1A002F00F39B809C
:10F520006AB101226260319A013601320DF1970110
:10F53000072A32963192216000F3C583083463B103
:10F5400002236360319B0236013326AA072B3296D1
:10F550003193226000F3AC830834B8F1800F00F0DF
:10F56000BD820A9B0D9A9F1A002F00F3F8821BF4AC
:10F57000807F40F01C820D9B25601E446360319BA0
:10F5800032960133072B319300F3308308341BF09C
:10F59000040F05D00C9B069A9D1A002D00F3A08342
:10F5A000DDE90B3206998A42ACBF9B185B180B93BE
:10F5B000002E7FF473AF002331930E9B1BB1504696
:10F5C0000E99FDF72BFE33AC109D6DE60F9B109648
:10F5D000073323F00703F3E802670F9327F0004394
:10F5E0001F931E964FF0FF32DDE91E01B24BCDE9AD
:10F5F00016670CF0D1FE002840F0EF84DDE91E0113
:10F600004FF0FF32AC4B0CF0A9FE002840F0E5842F
:10F6100000220023304639460CF096FE002841F0C7
:10F6200019819DF8972000210320A44DA44B2BF0B5
:10F63000800B0E910690B9F1470FD8BF1D46CDE95A
:10F6400013110A910D901191002A3FF459AF069BB6
:10F650000133069354E7102F319A41F3F181DFF81B
:10F6600064C221463046099C2E46CDF854C06546FA
:10F67000219304E0103F102F01F1080116DD102343
:10F6800001321030072ACDE931200D604B60F1DDE9
:10F690002146504630AA01F0FDFB00287FF406AF5A
:10F6A000DDE93120103F102F33A9E8DC35460C4648
:10F6B0000646219B013215993E44072ACDE93126A1
:10F6C0002160676000F3E1859DF89720083427E703
:10F6D0009A053FF5FAAE099CA06DFDF715FBB4F94C
:10F6E0000C30F2E633784BF0200B05E60F9BB9F1B6
:10F6F000430F109603F1040600F024851BF0100F51
:10F7000040F020850F9B43AD1B688DF80C31012321
:10F7100006930D9300220F968DF89720EBE60023B9
:10F720000F9F109657F8045B8DF89730002D00F06E
:10F73000ED84B9F1530F00F0CE851BF01003119347
:10F7400040F0C9850A9B002BC0F229871A4628463B
:10F75000119902F027FE0E90002801F082820E9B84
:10F7600011995B1B0D9323EAE3734FF07309CDE905
:10F7700013119DF897200F970A9106930E9163E756
:10F780001BF0200F10967CD00F9B073323F007034C
:10F790001846596850F8083B0A460F900029C0F2F5
:10F7A00002840A990029C0F2748253EA02012BF004
:10F7B000800740F06F820A9A002A40F07082BB46B0
:10F7C0000D925CAD61E10C9B5B420C9333784BF086
:10F7D000040B91E510964BF0100B1BF0200200F08B
:10F7E0008E830F9B073323F0070319465A6851F89D
:10F7F000083B0F9100212BF4806700200A9D8DF8B3
:10F800009700002DC0F22A8153EA020027F0800BF6
:10F8100040F02381002D40F04D85002940F0C68442
:10F8200017F001030D9300F0AC8330230DF26F1538
:10F830008DF86F3129E110964BF0100717F0200278
:10F8400000F04F830F9B0121073323F00703184675
:10F850005A6850F8083B0F90CFE73378682B03BF06
:10F8600073784BF4007B01364BF0400B44E5337862
:10F870004BF0080B40E54BF0100B1BF0200F1096DF
:10F8800082D10F9A1BF0100F52F8043B0F9240F0F8
:10F8900085831BF0400F00F07D8343F3C032114697
:10F8A0001BB27BE733786C2B03BF73784BF0200BD4
:10F8B00001364BF0100B1FE5FFFFEF7F900D0200AC
:10F8C0008C0D02004811020047F630030F9AA94838
:10F8D000ADF8983052F8043B02210F924FF07809AE
:10F8E000002210964BF002071A9086E71BF0200FBB
:10F8F000109600F061830F9B0B9A1B681A60D21759
:10F900005A600F9B04330F935EE6504602F09EFC54
:10F91000436818461D93FDF74DFB2090074650465F
:10F9200002F094FC83681B93002F3FF460AD1B9A98
:10F930003378002A3FF4E0AC1278002A3FF4DCACC4
:10F940004BF4806BD8E433784BF0010BD4E49DF892
:10F9500097203378002A7FF4CFAC20228DF89720AF
:10F96000CAE433784BF0800BC6E4314611F8019BB2
:10F97000B9F12A0F01F01682A9F13003092B98BFC3
:10F98000002201F2708011F8019B02EB820203EB6E
:10F990004202A9F13003092BF5D942EAE2730E467F
:10F9A0000A93ABE42B238DF897303378A4E4B9F1B4
:10F9B000650F40F32681DDE91601002200230CF0DB
:10F9C000B9FC002800F0C78101236360319B6A4ABB
:10F9D00001330136072B32963193226000F36F8496
:10F9E0000834279B129A934280F2A182189B199A9D
:10F9F0001E44C4E90023319B32960133072B319317
:10FA000000F379830834129B5D1E002D7FF7BFAD94
:10FA1000102D319B40F3DE80DFF860911027DDF878
:10FA20002480CDF8549004E00834103D102D40F3AC
:10FA3000D38001331036072BC4E90097CDE9313666
:10FA4000F2DD4146504630AA01F024FA00287FF446
:10FA50002DADDDE9313633ACE7E75F46012900F033
:10FA6000198102295CAD1ED11A9803F00F01415C87
:10FA70001B0943EA0273120905F8011D53EA02014A
:10FA8000F3D1BB465CAB5B1B0D930A9A0D99002327
:10FA90008A42B8BF0A46CDE9133306920E939DF809
:10FAA00097201193D0E503F00701DB0843EA427386
:10FAB000D208303153EA0206284605F8011DF2D17A
:10FAC000FE07DED53029DCD03023023805F8013CB2
:10FAD0005CAB1B1ABB4605460D93D6E70C9B069AFA
:10FAE0009F1A002F7FF73DAD102F319B41F37A8095
:10FAF0002248224631464FF010080646099C1590D0
:10FB000004E0103F102F02F1080215DD013310311F
:10FB1000072BC2E90068CDE93131F2DD21465046BC
:10FB200030AA01F0B7F900287FF4C0ACDDE931312B
:10FB3000103F102F33AAE9DC14460E460133159A04
:10FB40003E44072BCDE931362260676000F3C7825F
:10FB50000A9B0D9A08349F1A002F7FF708AD074AB9
:10FB6000102F319B159229DD32464FF010082E469A
:10FB7000099D0AE09C0D0200CC0D02003811020024
:10FB8000103F102F04F1080416DD0133B74910327D
:10FB9000072BC4E90018CDE93132F1DD2946504682
:10FBA00030AA01F077F900287FF480ACDDE931322A
:10FBB000103F102F33ACE8DC354616460133159A5A
:10FBC0003E44072BCDE931362260676000F37D812A
:10FBD0000834CCE4A54A1592159A01332E44072B1C
:10FBE00022606560CDE931367FF7D0AC5046099987
:10FBF00030AA01F04FF900287FF458AC329E33ACA4
:10FC0000C5E4129B319F012B06F1010607F10107A4
:10FC100004F1080940F310810123072FCDE9317663
:10FC20002560636000F3C682189B0137199A1E4451
:10FC3000072FC9E90023CDE9317600F3C88209F125
:10FC40000809129B0022DDE916015C1E00230CF05E
:10FC500071FB002840F00E81013701352644072F43
:10FC6000CDE93176C9F80050C9F8044000F3F080BE
:10FC700009F108091C9B01371E44C9F80430072FFD
:10FC80002AABCDE93176C9F80030AFDC09F10804C0
:10FC90007DE45F460A2B72F1000180F0A5823033CB
:10FCA0008DF86F310123BB460D930DF26F15ECE615
:10FCB0005046099930AA01F0EDF800287FF4F6AB20
:10FCC000329E33AC49E45046099930AA159301F0AD
:10FCD000E1F800287FF4EAAB329E159B33AC2EE4AA
:10FCE000102D319B40F31587DFF884811027DDF854
:10FCF0002490CDF8548004E0103D102D04F1080448
:10FD000015DD01331036072BC4E90087CDE9313604
:10FD1000F2DD4946504630AA01F0BCF800287FF4D5
:10FD2000C5ABDDE93136103D102D33ACE9DC0133D4
:10FD3000159A2E44072BC4E90025CDE931367FF70B
:10FD40002FAC5046099930AA01F0A4F800287FF49E
:10FD5000ADAB329E24E42799002940F3ED80DDE924
:10FD600011839845A8BF9846B8F1000F0ADD319B72
:10FD700046440133072BC4E900583296319300F30F
:10FD800044860834119FB8F1000FA8BFA7EB0807FD
:10FD9000002F00F30183DDF844901BF4806FA94429
:10FDA00040F05D85279B129A9342C0F2E3811BF0DD
:10FDB000010F40F0DF81129AAF18A7EB0907D51A9F
:10FDC000AF42A8BF2F46002F0BDD319B3E440133CD
:10FDD000072BC4F8009067603296319300F3488691
:10FDE0000834002FA8BFED1B002D7FF7D0AB102DDE
:10FDF000319B7FF7EFAEDFF874901027DDF8248099
:10FE0000CDF8549004E00834103D102D7FF7E4AE97
:10FE100001331036072BC4E90097CDE93136F2DD06
:10FE20004146504630AA01F035F800287FF43EAB39
:10FE3000DDE9313633ACE7E71BF0010F7FF4ECAEC0
:10FE40000123072FCDE93176256063607FF712AF7C
:10FE50005046099930AA01F01DF800287FF426AB1E
:10FE6000DDE931760DF1CC0904E700BF381102005D
:10FE700048110200129B012B7FF7FCAE112B40F3BF
:10FE80007387AB4BCDF828B010259B46DDF8248056
:10FE9000159305E009F10809103C102C40F3C182CC
:10FEA00001371036072FC9E900B5CDE93176F1DD0C
:10FEB0004146504630AA00F0EDFF00287FF4F6AA34
:10FEC000DDE931760DF1CC09E6E75046099930AA13
:10FED00000F0E0FF00287FF4E9AA329E33ACFFF780
:10FEE00046BB0F9951F8043B0F9117F010014FD109
:10FEF00017F0400047D00A469BB201217DE40F99DC
:10FF000051F8043B0F911BF010017FF473AC1BF010
:10FF1000400000F095820A469BB26BE4099DA86DF3
:10FF2000FCF7EAFEB5F90C206B6EFFF789B91BF000
:10FF3000010F3FF42CAB59E501236360319B7D4AEF
:10FF400001330136072B32963193226000F32E8560
:10FF50000834002940F04682129A0BF00103134343
:10FF60003FF415AB189B199A1E44C4E90023319B3A
:10FF700032960133072B319300F32E8304F10802EC
:10FF800041E25CAD81E517F400721CBF0246DBB2B2
:10FF9000012132E41BF4007F40F0EB82DA171146B6
:10FFA0000029BFF6FEAB5B425F464FF02D004FF0DD
:10FFB000010162EB420221E41BF0100F40F0E681E8
:10FFC0001BF0400F40F0CF821BF4007F00F0DE8179
:10FFD0000F9B0B9A1B681A7093E4DDE91601024629
:10FFE0000B460CF0D9F9002840F02586B9F1610FD5
:10FFF00000F01785B9F1410F00F0C1820A9B01336F
:020000021000EC
:1000000000F0118629F02003472B00F0E1850E90C7
:10001000DDE91612002A13464BF48078C0F2D3842F
:1000200000231593DDE91623CDE92223A9F141032D
:10003000252B00F21782DFE813F0210315021502C9
:100040001502E102AE031502150215021502150292
:1000500015021502150215021502150215021502E8
:1000600015021502150215021502150215021502D8
:1000700015021502150215021502210315021502BB
:100080001502E102AE032C4B10961A931BF02002CE
:100090007ED00F9B073323F0070319465A6851F8A7
:1000A000083B0F911BF0010F09D053EA020106D063
:1000B00030218DF899904BF0020B8DF898100221A9
:1000C0002BF48067FFF799BB1096FFF786BB5F465E
:1000D0001096FFF7B3BB194B10961A93D6E750460C
:1000E000099930AA00F0D6FE00287FF4DFA9329EDD
:1000F00033ACFFF736BA5046099930AA00F0CAFE71
:1001000000287FF4D3A9329E33AC7CE40A9B2946B5
:10011000062B28BF06232A460A950E95CDE9131112
:10012000074D06930F970D931191FFF78DBA00BFFE
:1001300038110200CC0D0200B00D02009C0D02002F
:10014000C40D0200082200212EA8FCF7C7FB0F9A5D
:1001500043AD2EAB29465046126806F059F80346C7
:1001600001330D9000F004860D9B23EAE3730693A0
:10017000FFF7D0BA189A19991644C4E90012319AB7
:1001800032960132072A319200F34D84083412E688
:100190000F9951F8043B0F911BF0100182D11BF015
:1001A000400000F054810A469BB27BE70A9B5CAD9D
:1001B0000D936AE45046099930AA00F06BFE0028BE
:1001C0007FF474A9DDE931760DF1CC092CE55046B8
:1001D000099930AA00F05EFE00287FF467A9DDE9E6
:1001E00031760DF1CC092CE5CDE90D9707F4806649
:1001F0004FF0000EDFF864B21B9F0DF5B87C06943B
:1002000006E00A2B72F1000237D343462246AC4681
:10021000991841F10001ABFB010424F0030000EB4D
:1002200094004FF0CC34091A581A04FB00F462F120
:100230000009A0FB0B800BFB09440444052008F0D7
:100240000109A9FB000940184FEA5808303048EA74
:10025000C4780EF1010E0CF1FF350CF8010C6408A6
:10026000002ECED039788E45CBD1BEF1FF0FC8D04D
:100270000A2B72F1000280F0D2821B97069CCDF807
:1002800048E0DDE90D97FFF7FCBB5046099930AA1D
:10029000159300F0FFFD00287FF408A99DF8972032
:1002A000329E159B33ACFFF73BB95846FCF73CF840
:1002B000FEF7BDBF01295F467FF4D3ABEFE45046A4
:1002C000099930AA00F0E6FD00287FF4EFA8329EDD
:1002D00033ACFFF786BB0DF1B80808220021404679
:1002E0002995FCF7FBFA0A9B002BC0F289820026B5
:1002F0000694CDF83490344699460FE04346504674
:1003000043A905F085FF431C06F10406204400F0D4
:100310007984484506DC00F0E4840446299B9A5918
:10032000002AEBD1DDF834900D94069C0D9B002B38
:1003300000F05183632B40F3FB835046591CFDF7BB
:1003400069F80546002800F046850E900822002135
:100350004046FCF7C3FA0D9E294633465046CDF879
:10036000008029AA05F0A6FF864240F02D850023D3
:100370000D9ACDE9133322EAE271AB549DF8972030
:100380000F9706910A931193FFF75EB90F9B0B9A93
:100390001B681A60FFF7B5BA102F319B40F30D852B
:1003A0002F4932464FF010090E46DDF82480159192
:1003B00004E00834103F102F40F33E820133103226
:1003C000072BC4E90069CDE93132F2DD41465046E0
:1003D00030AA00F05FFD00287FF468A8DDE9313223
:1003E00033ACE7E7189B199A1E44C4E90023319BFC
:1003F00032960133072B319300F3EE8004F10802AB
:100400000029C0F29983129901330E44072BCDE9DC
:100410003136156051603FF7E9AB02F10804FFF790
:10042000B6B8DDF828B00137159B2644072FCDE973
:100430003176C9F80030C9F804407FF719AC07E5F8
:100440001BF400721CBF0246DBB2FFF7D3B91BF4EA
:1004500000721CBF0246DBB224E600BFCDCCCCCC80
:10046000381102000A9B50460193022300932EABE1
:10047000049329AB039327AB0293DDE9222302F017
:10048000B7F81BF0010F054640F03F832E9B1B1A67
:100490001293279B1193119BDA1C03DB0A9A9A4251
:1004A00080F28E81119BA9F10209013B0021279363
:1004B0005FFA89F2002B8DF8A820B6BF2D222B22DF
:1004C000119B8DF8A920B8BFC3F10103092B40F39C
:1004D0006D830DF1BF073A46DFF8D0C21E461046C5
:1004E000ACFB0321C90801EB8102A3EB42023032CD
:1004F000632E00F8012C0B4600F1FF32EEDC3033A6
:1005000002F8013C831EBB4280F03A840DF1A9023F
:1005100013F8011BBB4202F8011FF9D15CAB181A9A
:10052000A0F1AD031C93129B1C9A012B1A440D924F
:1005300040F374830D9B189A13440D932BF480633E
:1005400043F4807B00230D9A149322EAE272069210
:1005500013931193159B002B40F021819DF8972058
:100560000A93FFF771B80F9B0B9A1B681A80FFF76D
:10057000C8B943F3C01211465BB2FFF70FB9582355
:100580008DF8993030238DF898300A9B4BF0020B90
:10059000632B00F30083002343AD0E9338E5284618
:1005A000FCF708FD119B20EAE0714FF07309CDE9DB
:1005B00013339DF897200F970D900A9306910E9391
:1005C000FFF742B85046099930AA00F063FC0028B2
:1005D0003EF456AFFEF771BF5046099930AA00F0BD
:1005E00059FC00287EF462AFDDE93136279933AA41
:1005F00006E7886DFCF788FBFEF716BF02230A9A10
:100600000132069200932EAB069E049329AB03930E
:1006100027AB019602935046DDE9222301F0E8FF63
:1006200029F02007462F054618BF4527064405D167
:100630002B78302B00F02B82279B1E440022DDE913
:10064000220100230BF076FE002840F05A822E9BF8
:10065000B34206D230215A1C2E9219702E9B9E4214
:10066000F9D8279A11925B1B472F12933FF413AFCF
:10067000462F00F01A82119B013B17E727AADDE9FC
:10068000220101F0DFFE00224FF07F530BF0EAFB66
:1006900002460B46CDE90623002200230BF04AFE5A
:1006A00008B1012327930A9B414A591E414B2E460C
:1006B000B9F1610F08BF1A460D94CDF84490CDF8FA
:1006C00048B01395D346DDE90645894692460A921D
:1006D00007E0002200230BF02DFE002840F0EE8200
:1006E000B9460022344B204629460BF0BBFB0D4691
:1006F00004460BF067FE80460BF04AFB02460B46B1
:10070000204629460BF0F6F91AF80830B9F1FF3FF8
:10071000324604460D4609F1FF3706F8013BD8D1B1
:100720001746264B0022CDE90645DA46DDE912B52B
:10073000DDF844900D9C0BF025FE002800F024838A
:100740000A992E9716F8012CC97B33468A4209D1A3
:10075000302003F8010C2E9B5A1E2E9213F8012C08
:100760008A42F6D0392A0BBF0A9A0132927AD2B263
:1007700003F8012C33465B1B1293279BB9F1610FE1
:10078000119303F1FF33279300F0BA8250224FF008
:10079000410901218EE60A9B0693032332E72D22AD
:1007A00000238DF897200A93FEF751BFCDCCCCCC17
:1007B000B00D02009C0D0200000030400000E03F40
:1007C000DDE91123934200F3A8811BF0010F119B77
:1007D00000F05482189A13440D931BF4806F00F0BC
:1007E0005982119B4FF06709002B00F372810D9B1A
:1007F00023EAE37306930023C346CDE91333A9E646
:10080000002350461946CDF8008029AA05F052FD74
:10081000034601330D9000F0F581299586E5209B74
:100820001D99ED1A1A46284600F0C4FF7B7803B1E3
:1008300001374FF0000EE8E416460133159A3E44A6
:10084000072BCDE931362260676000F3CF81083491
:10085000FFF7A1BA2D228DF89720FEF7E4BE129B78
:100860002246EB180A93139B4C46002B3146DDF8C9
:100870005080CDF844B0DDF86C90209EDDF824B0B7
:1008800014952EDDB8F1000F7DDD08F1FF383198A9
:100890001D9B013031440728C2E900363291319066
:1008A00066DC08320A9B99F800001F1B8742A8BF2C
:1008B0000746002F0BDD3198394401300728C2E983
:1008C00000473291319064DC99F800000832002F23
:1008D000B4BF0546C51B002D15DC0444139B002B3B
:1008E000D0DCB8F1000FD0DCCDF86C90A146149D9F
:1008F000129B1446EB1899450E4628BF9946DDF821
:1009000044B0FFF74FBA102D3198AF4B23DD0D9453
:1009100010272C461D4604E0103C102C02F1080262
:1009200016DD0130A84B10310728C2E90037CDE9A8
:100930003101F1DD5946504630AA00F0ABFA0028EB
:100940007EF4B4ADDDE93101103C102C33AAE8DCB3
:100950002B4625460D9C013029440728CDE931015D
:100960001360556043DC99F8000008320444B5E791
:100970005946504630AA00F08DFA00287EF496AD14
:10098000329933AA8EE7139B09F1FF39013B139388
:100990007DE75946504630AA00F07CFA00287EF4E4
:1009A00085AD99F80000329933AA90E7504609992D
:1009B00030AA00F06FFA00287EF478AD2799329EB5
:1009C00033ACFFF7C6BA22912D2103F100431591F4
:1009D0002393FFF72BBB0D9B9DF89720CDE9133395
:1009E0000F9706930A9311930E93FEF72DBE594667
:1009F000504630AA00F04EFA00287EF457AD99F820
:100A00000000329933AA044468E75046099930AA95
:100A100000F040FA00287EF449AD329E33ACFFF777
:100A2000B1B97823ACE55046099930AA00F032FA02
:100A300000287EF43BAD279B329E33ACFFF7BBB959
:100A400062491591FEF736BEDC0707D4099B9B89E6
:100A5000980503D4099B986DFCF756F94FF0FF33C6
:100A60000B93FEF735BD00230E460A93FEF746BCF6
:100A70005046099930AA00F00DFA00287EF416AD10
:100A8000279D129B329E33AC5D1BFFF7AAB9002253
:100A9000DDE9220100230BF04DFC002800F032813B
:100AA000279B1E441193731B129311990A9A0BF002
:100AB0000103002943EA020340F34381002B40F085
:100AC00017814FF06609119B0D931BF4806F3FF463
:100AD0008EAE1B990B78FF2B00F072810026119AC5
:100AE000304604E001300131FF2B00F0D680934204
:100AF00080F2D380D21A4B78002BF3D10B780136D9
:100B0000F2E7279A33461192ADE50A9B4727C618AC
:100B100094E52E4A1592FFF70AB9129B189A9A1873
:100B2000119B0D92002B40F3AB804FF06709CCE78F
:100B3000002343AD0E9309E44F4210311DDADFF874
:100B400088801024CDF8548003E00832103F102F25
:100B500015DD01331036072BC2E90084CDE93136AB
:100B6000F3DD5046099930AA00F094F900287EF48C
:100B70009DACDDE9313633AAE8E71349159101331D
:100B800015993E44072BCDE931361160576000F3CB
:100B9000CB80083237E45046591CFCF73BFC054635
:100BA000002800F0E5800E90FFF732BA00293FD10F
:100BB00030228DF8AA200DF1AB02303302F8013B50
:100BC0002AABD31A1C93AEE438110200481102007C
:100BD0000A9B002B7FF41BAA0A9B0E9301230A9306
:100BE000FFF716BA804A1592FEF7A8BF504609993A
:100BF00030AA00F04FF900287EF458AC329E33AC96
:100C0000FFF7C9B80022D346099B0E92B3F90C3006
:100C100043F04003099A9381FEF749BC1BF0010F92
:100C20003FF48CAC86E406230E900A93FFF7F0B9EC
:100C30000DF1AA02C1E7179B0320002BB8BF2D229C
:100C40004FF00003A8BF9DF8972019460E93674DFB
:100C5000674BB8BF8DF897202BF0800B0690FEF7FE
:100C6000EABC0A9B4FF07309CDE913009DF8972069
:100C70000F9706930D930A90FEF7E6BC0D93ACE533
:100C8000C3F101031A4422EAE2734FF067090D929F
:100C90000693B0E54FF06709A9E5CDE913061B916E
:100CA0001192DDE91323209913440D9AC34601FBE9
:100CB00003230D9323EAE37306934BE4494600298B
:100CC000DA46DDE912B50D9CDDF84490FFF652AD31
:100CD0004B1C30223146334401F8012B8B42FBD1AF
:100CE00049E50A9BDDF83490069C0D93FFF71EBB87
:100CF0001346189A4FF0660913440B440D93E4E62B
:100D0000702246E5069BC3F10103279395E4099AF7
:100D1000536EDF073FF5A2AE93899E053FF59EAE69
:100D2000906DFBF7F1FF99E65046099930AA00F063
:100D3000B1F800287EF4BAABDDE9313633AAFFF70B
:100D400062BB2BB901234FF0660906930D9352E560
:100D5000189B4FF0660903F1010B0A9B5B440D934E
:100D600023EAE373069346E51F4B1593FFF75BBB3E
:100D7000099AB2F90C3043F040039381FEF7A0BB0F
:100D800002231C93FFF7CFBB0022DDE90601194BBC
:100D90000BF0D0FA00283FF4EDAC18F0010F3FF44F
:100DA000E9ACCDE40F9A73780E4652F8041B0F920B
:100DB00041EAE1720A92FEF79FBA0B4A15923CE5AE
:100DC0000023CDE913336CE7099BD346B3F90C300C
:100DD00043F040031EE7099BD346B3F90C300E9055
:100DE00043F0400316E700BF38110200980D0200DF
:100DF000940D02000000E03F8C4600B58646134685
:100E0000034A714610685DF804EB6246FEF7F2B9DA
:100E10009C000020F0B54FF480640026ADF26C4DCC
:100E20001AADCDE905461F460646009504951546C0
:100E30008B8916A823F00203ADF80C304B6E029498
:100E40001993CB890C46ADF80E30CB6907934B6AEA
:100E50000993FBF749FF2A463B4669463046FEF7B1
:100E6000C9F9051E07DB6946304600F01FF9002866
:100E700018BF4FF0FF35BDF80C305B0603D5A389D2
:100E800043F04003A3811698FBF732FF28460DF28A
:100E90006C4DF0BD936810B514461BB9184600237D
:100EA000636010BD00F066F90023A3600023636057
:100EB00010BD00BF70B500293FD006460C4610B1EA
:100EC000436B002B3CD0636EB4F90C20DD0732D4A9
:100ED000900538D52146304600F054F8E36A0546BF
:100EE00033B13046E16998470028B8BF4FF0FF356D
:100EF000A3891A0639D4216B41B104F14003994208
:100F000002D03046FCF78AF900232363616C21B1DB
:100F10003046FCF783F900236364FBF723FA0022D1
:100F2000636EA281DB071CD5A06DFBF7E1FEFBF72A
:100F30001FFA284670BD002ACCD10025284670BD76
:100F4000FBF7F2F9BFE7A06DFBF7D6FEB4F90C3062
:100F5000002BBFD1636ED907EFD4A06DFBF7D4FE91
:100F6000EBE7A06DFBF7D0FEDEE730462169FCF72A
:100F700055F9C0E7024B01461868FFF79BBF00BF59
:100F80009C000020B1F90C20F8B516070C46074666
:100F900048D4496842F400630029A3815FDDA56A53
:100FA000002D3DD0002112F480523E683960E16985
:100FB00061D101233846A847451C02466AD0B4F9DE
:100FC0000C30A56AE169580705D56368D21A236B0E
:100FD0000BB1E36BD21A00233846A847411C4CD111
:100FE0003968B4F90C301D293FD82F4ACA40D207BE
:100FF0003BD5002262602269DD04226023F4006296
:10100000A28101D5002943D0216B3E6041B104F19A
:101010004003994202D03846FCF700F900232363CD
:101020000020F8BD0E69002EFAD0920718BF0023E9
:101030000D6808BF4B690E60AD1B8B600CE02B4642
:101040003246D4F824C03846E169E047B0F1000CDC
:10105000A5EB0C05664406DD002DF0DCE0E7E16B56
:1010600000299CDCDCE7B4F90C3043F040034FF07E
:10107000FF30A381F8BD226DA5E70022B4F90C3042
:1010800062602269226023F40062DB04A281BBD586
:101090002065B9E73B68002B91D01D2B01D0162BA2
:1010A000E1D13E60BCE700BF0100402038B50546F5
:1010B0000C4608B1436B03B3B4F90C0088B1636EFE
:1010C000DB0701D481050FD528462146FFF75AFFDB
:1010D000636E0546DA0702D4A3899B0508D5284626
:1010E00038BD0546284638BDA06DFBF705FEEBE789
:1010F000A06DFBF709FE284638BDFBF715F9DBE7C5
:1011000050B338B5174B04461D680DB16B6BBBB1BE
:10111000B4F90C0088B1636EDB0701D4810513D5E7
:1011200028462146FFF72EFF636E0546DA0702D4F4
:10113000A3899B050CD5284638BD0546284638BDF1
:101140002846FBF7F1F8E3E7A06DFBF7D5FDE7E7ED
:10115000A06DFBF7D9FDEEE7034A04490448FBF70D
:1011600031B900BF9C00002090000020AD100100AC
:10117000A00000209368002B00F0F0802DE9F04FD4
:10118000B1F90CC090461CF0080F81460C4683B0A4
:101190002BD00B694BB31CF00207D8F8006032D09B
:1011A0004FF0000A5546D4F824B0E169AB4FC5B101
:1011B000BD422B46524628BF3B464846D8470028EA
:1011C00040F3C280D8F8083082441B1A2D1AC8F8A0
:1011D0000830002B00F0AE80D4F824B0E169002D77
:1011E000E6D1D6E900A50836E1E721464846FBF7F7
:1011F00013FB002840F0AD80B4F90CC0D8F80060B3
:101200001CF00207CCD11CF0010A63D157462368B9
:10121000A16818468B46002F58D01CF4007F00F0C0
:10122000B180B9420A4600F2DD801CF4906F2FD0E5
:10123000216962695D1A02EB420202EBD2726B1CF9
:1012400052103B44934292BF93469B461A461CF46D
:10125000806F00F0E68011464846FCF7DBF8002876
:1012600000F0F5802A4621690190FBF72DFEA28946
:10127000019B22F4906242F08002A2815819C4F8C6
:1012800014B0ABEB05053A46BB462361A560206070
:101290003D4600275146019200F00EFAA1682368EE
:1012A000019AA1EB0B011A44A1602260D8F8083022
:1012B000AA445B1BC8F80830002B3BD02368A16808
:1012C00018468B46B4F90CC0002FA6D1D6E900A76A
:1012D00008369EE73846BB463D46002D40D00028E4
:1012E00045D03A46D4E904C32068AA4228BF2A461A
:1012F0006045A16804D901EB030A524500F38280DE
:10130000934272DC5A464846E169D4F824C0E0476B
:10131000B0F1000A18DDB7EB0A070FD00120D8F8AA
:101320000830D344A3EB0A03A5EB0A05C8F808303C
:10133000002BD2D1002003B0BDE8F08F21464846F3
:10134000FFF7B4FE0028EAD0B4F90C3043F04003B4
:10135000A3814FF0FF3003B0BDE8F08F002070474D
:10136000756833460836002DFAD0D3F800B02A4607
:101370000A21584601F016F8002865D00130A0EB8C
:101380000B07AEE722699A4214D36569BD4211D8B2
:101390006FF00043BB4228BF3B4693FBF5F3524638
:1013A00005FB03F34846656AE169A847051ECBDDE6
:1013B0007F1B7BE7B94228BF39460D461846514688
:1013C0002A4600F079F9A1682368491B2B44A160E3
:1013D00023600029ECD121464846FFF767FE00282C
:1013E000E6D0B1E7BB463A4652E75946019200F0D3
:1013F00063F9019AA36892469B1AA3602368134479
:10140000236088E75946524600F056F92368214682
:10141000534448462360FFF749FE00283FF47BAF62
:1014200092E7484603F01EF8034600287FF426AFF3
:1014300048462169FBF7F2FE0C22B4F90C30C9F8DA
:10144000002023F0800381E76A1C17464AE70C223C
:10145000B4F90C30C9F8002078E700BF00FCFF7F2A
:101460002DE9F041B1F90C300C46990796B008D53A
:10147000012204F14303C4E90432236016B0BDE83D
:10148000F081B4F90E100646002926DB6A4600F00A
:10149000E5FE00281FDB019D4FF4806805F47045D0
:1014A000A5F50055B5FA85F54FF400676D0941467D
:1014B0003046FBF7AFFFE8B1B4F90C30C4F8148044
:1014C00043F0800320602061A3813DBB3B43A381A7
:1014D00016B0BDE8F081B4F90C3013F0800519D0D6
:1014E0004FF040080025414630462F46FBF792FF5B
:1014F0000028E1D1B4F90C309A05BFD4012123F0C2
:10150000030304F1430243F00203C4E90421A3816D
:101510002260B3E74FF480682F46C8E73046B4F93D
:101520000E1000F0AFFE10B9B4F90C30CEE7A3896D
:1015300023F0030343F001031BB2C7E770B50C4669
:10154000B1F90E10154600291E4696B014DB6A4606
:1015500000F084FE00280FDB01994FF4806301F452
:101560007041A1F50051B1FA81F14FF400604909D1
:1015700031602B6016B070BDA18911F0800106D0DA
:1015800000214023084631602B6016B070BD4FF437
:101590008063084631602B6016B070BD70B50D7861
:1015A00004465E2D25D04FF0000EF446481C002264
:1015B00023466EF307026EF30F226EF3174204F513
:1015C00080716EF31F6243F8042B8B42FBD175B11F
:1015D0008CF00101615500F1010E1EF8013C2D2B2C
:1015E0000FD05D2B0BD01BB11D467046F2E70138C2
:1015F00070BD4FF0010E4D78F446881CD7E7704659
:1016000070BD90F801C0BCF15D0FEDD06545EBDC1D
:101610006E1C0230A21902F8011B131B013B9C45F2
:10162000F9DCACEB0503013B6545A8BF00230EF1D7
:10163000020EF518D1E700BF0CB470B50C460025BA
:101640006FF000469CB00A4A20AB059253F8042B79
:1016500002A9CDE901341B9504960796069406F07D
:10166000FDFA029B1D701CB0BDE8704002B07047CF
:101670000802FFFF0EB470B504466FF00046002567
:101680009DB00B4A21AB0B49106853F8042B059110
:1016900002A9CDE90134049607961B95069406F03D
:1016A000DDFA029B1D701DB0BDE8704003B07047AD
:1016B0009C0000200802FFFF88420ED98B1883424D
:1016C0000BD900EB020C002A6DD0624613F801CD55
:1016D000994202F801CDF9D170470F2A0FD803467D
:1016E00002F1FF3C002A5ED00CF1010C013B8C445E
:1016F00011F8012B614503F8012FF9D1704740EA39
:1017000001039B0750D1A2F1100370B501F1200C29
:1017100023F00F0501F1100E00F11004AC441B0979
:101720005EF8105C0EF1100E44F8105C5EF81C5C64
:10173000103444F81C5C5EF8185C44F8185C5EF8E1
:10174000145CE64544F8145CEAD1013312F00C0F46
:1017500001EB031102F00F0400EB031328D08E46B7
:10176000043C24F003064FEA940C1E441C1F5EF850
:10177000045B44F8045FB442F9D10CF1010402F0B7
:10178000030203EB840301EB840102F1FF3C4AB145
:101790000CF1010C013B8C4411F8012B614503F85D
:1017A000012FF9D170BD7047034602F1FF3C9BE762
:1017B0002246EAE740EA01039B0710B524D1032A39
:1017C00022D98E468446DEF800407146A4F10133EA
:1017D00023EA040313F0803F0EF1040E15D1043AFE
:1017E000032A4CF8044BEED8714601F1FF3E52B18A
:1017F00063461EF8011F541E03F8011B41B1224627
:101800009C46002AF4D110BD844601F1FF3EEEE76C
:101810009444002CF7D003F8011B6345FBD110BDA5
:1018200040EA01039B0710B4044602D1032A8C4608
:1018300015D801F1FF3C52B123461CF8011F501E80
:1018400003F8011BC1B102461C46002AF4D1204610
:1018500010BC7047043A032A44F8040B16D9DCF88C
:1018600000006146A0F1013323EA000313F0803F3A
:101870000CF1040CEED0DCE760B1A01803F8011BFA
:101880008342FBD1002CE2D110BC7047614601F1CC
:10189000FF3CD0E71846002CD9D1F5E7F8B5114D3B
:1018A0001149124800F020FD2C4605F1A006A5F1D3
:1018B000200721463846FBF729FA203418B9B442EC
:1018C000F7D10A48F8BD0A4F084C3946204608F0BF
:1018D0007FF829462046203508F07AF8B542F4D141
:1018E0000248F8BD2007002000070020F80500206E
:1018F000D00D02002DE9F04F00EB411705460E46D2
:101900008FB0394610461446FBF700FA18B938462E
:101910000FB0BDE8F08F2046A749FBF7F7F9002884
:1019200000F0B2802046A549FBF7F0F970B32378A8
:10193000432B00F0AE80613B192B16D86378613BD6
:10194000192B12D8A378A3F16102192A96BFE37864
:1019500004F1020904F103095F2B08D02E2B00F0DB
:10196000BF8213F0BF0F00F0AD800027CFE799F8DA
:101970000130413B192BF8D899F80230413B192B23
:10198000F3D899F8033009F10309E7E70DF11808D6
:1019900040468B4900F0A8FC4FF00009CA46CDF83C
:1019A00004909DF81830413B342BDED801A252F848
:1019B00023F000BFAF1D01006B190100511D010094
:1019C0006B190100151D01006B190100E11C0100DC
:1019D0006B190100C71D0100C11C0100051C01009D
:1019E0006B1901006B1901006B1901006B190100E3
:1019F000A11B01006B1901006B190100571B0100AD
:101A0000F71A0100771B01006B1901006B19010027
:101A10006B1901006B1901006B1901006B190100B2
:101A20006B1901006B1901006B1901006B190100A2
:101A30006B190100AF1D01006B190100511D010060
:101A40006B190100151D01006B190100E11C01005B
:101A50006B190100C71D0100C11C0100051C01001C
:101A60006B1901006B1901006B1901006B19010062
:101A7000A11B01006B1901006B190100571B01002C
:101A8000F71A0100771B010020464C4900F02CFC9E
:101A900048E763782D3B012B3FF667AF04F102095D
:101AA0000DF118084946404600F01EFC4021404612
:101AB000FAF764FF08B1002303704046FBF77AFA97
:101AC000814405E00DF1180840463E4900F00CFC49
:101AD00099F80030402B7FF45FAF09F1010B5846B5
:101AE0003949FBF713F98246002840F0FC810123B5
:101AF0008146019355E703224046344907F0ACFF85
:101B000000287FF432AF9DF81B3031492D2B14BFD4
:101B10000DF11B0007A8FBF7F9F800287FF425AFAB
:101B200040462C4900F0E0FB4FF0010B2A4B2B4ABA
:101B3000022E00F0A881062E04D1414605F5A570BD
:101B400000F0D2FB2146384600F0CEFB074638466F
:101B50000FB0BDE8F08F4046214907F017FF00287D
:101B60007FF403AF40461E4900F0BEFB4FF0020B6E
:101B70001C4B1D4ADCE740461C4907F007FF30B10B
:101B800040461B4907F002FF00287FF4EEAE4046B6
:101B9000164900F0A9FB4FF0060B164B164AC7E793
:101BA0004046164907F0F2FE00287FF4DEAE4046BC
:101BB000134900F099FBB7E7D40D0200DC0D0200D9
:101BC000E00D0200E80D0200F40D0200A40E020078
:101BD000A80E0200AC0E020049350100DD5B0100D9
:101BE000380E020049370100995C0100140E020012
:101BF0001C0E020075350100F95B0100940E020015
:101C00009C0E020004224046C84907F025FF002828
:101C10007FF4ABAE9DF81C302D2B08BF9DF81D3016
:101C2000523B232B3FF6A1AE01A252F823F000BF96
:101C30007D1E01006B190100731E0100691E010069
:101C40006B1901006B1901006B1901006B19010080
:101C50006B1901006B1901006B1901006B19010070
:101C60006B1901006B1901006B1901006B19010060
:101C70006B1901006B1901006B1901006B19010050
:101C80006B1901006B1901006B1901006B19010040
:101C90006B1901006B1901006B1901006B19010030
:101CA0006B1901006B1901006B1901006B19010020
:101CB0007D1E01006B190100731E0100691E0100E9
:101CC00040469B4907F062FE00287FF44EAE404636
:101CD000974900F009FB4FF0080B964B964A27E70F
:101CE00008224046954907F0B7FE00287FF43DAE34
:101CF0009DF8203092492D2B14BF08A80DF121002A
:101D000007F044FE00287FF430AE40468D4900F0D5
:101D1000EBFA09E7032240468B4907F09DFE0028B5
:101D20007FF423AE9DF81B3088492D2B14BF0DF195
:101D30001B0007A807F02AFE00287FF416AE4046D5
:101D4000834900F0D1FA4FF0030B824B824AEFE651
:101D50009DF8193003F0DF03502B7FF406AE02220A
:101D60007E494046FFF726FD0A2205A90DF11A001B
:101D700003F064FE059B1B78002B7FF4F6ADB0F5F5
:101D8000697F3FF4F3AE00F3B88040F26A339842C3
:101D90003FF7EBAD40F25133984240F3F780704B80
:101DA000A0F25230C340DB073FF5BEAEDDE5404652
:101DB0006C4907F0EBFD00287FF4D7AD4046694938
:101DC00000F092FAB0E603224046674907F044FE6D
:101DD00000287FF4CAAD9DF81B3004222D2B14BFC0
:101DE0000DF11B0B0DF11C0B5846604907F034FE3A
:101DF00000287FF4BAAD9BF804300A222D2B14BFC3
:101E00000BF104000BF1050005A903F017FE431EBA
:101E10000F2B83463FF6A9AD0C283FF4A6AD059BDA
:101E20001B78002B7FF4A1AD5149404600F05CFACD
:101E3000BBF10A0FC4BF31238DF821304FF00003EE
:101E40004C49CCBF0DF122020DF12102537081FBF0
:101E50000B314FEAEB73C3EBA10303EB8303ABEB53
:101E60004303303313705FE64046434900F03CFAC9
:101E70005AE64046414900F037FA55E640464049A7
:101E800000F032FA50E6414605F59570CDE902239F
:101E900000F02AFA029A039B41462846C5F8E02042
:101EA000C5F8E43085F828B1FAF70EF9B9F1000F5A
:101EB0000CD1BAF1000F09D1BBF1010F06D09DF88A
:101EC0001890B9F1550918BF4FF00109019B13B9DA
:101ED000C5F8E89036E64FF0FF33C5F8E83031E654
:101EE00009F10109DCE558462649FAF70FFF81465A
:101EF00070B94FF0010A019053E540F265439842F2
:101F00003FF412AEA0F2E24008287FF60DAE2CE5B9
:101F100058461D49FAF7FAFE4FF0000AB0FA80F968
:101F2000CDF804A04FEA59193BE500BF5C0E020052
:101F3000240E0200993801005D5D01007C0E020054
:101F4000880E02008C0E0200280E02002C0E0200E9
:101F5000300E0200D9370100ED5C0100580E02007E
:101F6000A5110101E00D0200400E0200440E020026
:101F70004C0E0200676666666C0E0200740E02006C
:101F8000640E0200000E02000C0E020040F2E1237B
:101F900098423FF4C9AD09DC40F2B51398423FF4D2
:101FA000C3ADB0F5347F7FF4E0ACBDE540F207335C
:101FB00098427FF4DAACB7E538B50D460E490446D1
:101FC00001F0A0FA08B1037893B90C4B204653F8FE
:101FD000251001F097FA08B103784BB9204608495B
:101FE00001F090FA28B10278064B002A08BF184683
:101FF00038BD044838BD00BFB40E0200C412020050
:10200000BC0E02004C08002006292DE9F84F80463E
:1020100065D88B469246002A00F09C80DFF8EC9150
:102020007B4E4C46354609F1C007294620462034F0
:1020300000F05AF9BC4205F12005F6D19AF80030BB
:102040009BBBBBF1000F40F08B8001246F4F2146FA
:102050004046FFF7B1FF0546FAF7ACFF1F283ED810
:1020600038462946013400F03FF9072C07F12007D4
:10207000EDD1DFF8A0B101245D46644FDFF898A1EF
:102080003146284600F030F93A4621465046FFF7DF
:1020900031FC203520362037002872D00134072C3F
:1020A000EED1BDE8F84FFFF7F9BBBBF1000F1BD035
:1020B0005046FAF77FFF1F2811D8584C514604EBC1
:1020C0004B14204600F010F9224659465248FFF7BB
:1020D00011FC0446FFF7E2FB2046BDE8F88F162707
:1020E0000024C8F80070F7E72F215046FAF746FCA5
:1020F000044600287BD042782F2A08BF431C04D115
:102100001C4613F8012F2F2AFAD0002AE7D0012508
:10211000DFF8F8B0A4EB0A021F2AE0DC514658466B
:10212000013207F075FC237801352F2B03D114F809
:10213000013F2F2BFBD0002B48D0224612F8013F45
:102140000BB12F2BFAD1072D0BF1200B91D0A2460A
:102150001446DFE7002948D02F4C04EB4114BBE7BD
:1021600059464046FFF728FF0546FAF723FF1F2888
:10217000B5D82A4C294604EB4B14204600F0B4F89D
:10218000A2E7012CD8F80070AAD00125224EDFF872
:1021900090A006E00135A54209F120090BF1200BC2
:1021A0009ED05946484600F09FF84A462946304698
:1021B000FFF7A0FB0028EDD15146484600F094F807
:1021C0004A4629463046FFF795FBE3E7072D3FF4E3
:1021D00050AF124C04EB45142046A4F120012034EA
:1021E00000F082F8BC42F7D143E70E4C74E750464A
:1021F000FAF7E0FE1F283FF672AF044C2046514626
:10220000203400F071F8BC42F8D132E7746200204B
:102210000007002094610020E006002054620020A6
:10222000DC0D0200F8050020014B93F828017047EF
:10223000E006002003460A46024908681946FFF7EF
:10224000E3BE00BF9C000020F0307047004870479C
:10225000D007002000487047D007002070B5002646
:10226000074D0446084611462E60EEF7ECFA431C73
:1022700000D070BD2B68002BFBD0236070BD00BF69
:10228000885F0020002238B5064D044608462A60C3
:10229000EEF7EFFA431C00D038BD2B68002BFBD0C3
:1022A000236038BD885F0020002238B5064D044603
:1022B00008462A60EEF73AFB431C00D038BD2B6875
:1022C000002BFBD0236038BD885F0020082802D196
:1022D0004FF48050704708B5FAF7C2FC1622034647
:1022E0004FF0FF301A6008BD80EA0102844612F008
:1022F000030F4FD111F0030F32D14DF8044D11F0FF
:10230000040F51F8043B0BD0A3F101329A4312F0B1
:10231000803F04BF4CF8043B51F8043B16D100BF8A
:1023200051F8044BA3F101329A4312F0803FA4F11B
:1023300001320BD14CF8043BA24312F0803F04BFA2
:1023400051F8043B4CF8044BEAD023460CF8013B0F
:1023500013F0FF0F4FEA3323F8D15DF8044B7047B9
:1023600011F0010F06D011F8012B0CF8012B002AF7
:1023700008BF704711F0020FBFD031F8022B12F0E6
:10238000FF0F16BF2CF8022B8CF8002012F47F4FA1
:10239000B3D1704711F8012B0CF8012B002AF9D1A9
:1023A000704700BF5FFA81FC810744D00346511E8D
:1023B00022B909E09A0709D0013905D318460278F5
:1023C00001336245F6D17047002070471846032953
:1023D0000CD80029F8D00346014401E08B42F3D029
:1023E000184613F8012B6245F8D1704710B50CEB75
:1023F0000C24024604EB044402E00439032915D9F5
:10240000104652F8043B6340A3F1013E2EEA030359
:1024100013F0803FF1D00346014401E08B4208D025
:10242000184613F8012B6245F8D110BD104600295B
:10243000F1D1002010BD1146C9E700BF0048704728
:102440000000C07FF8B50027DFF858C021F0004336
:10245000634504460D46176021D8844653EA0C0CA8
:102460001DD0DFF844C0164601EA0C0C0A46BCF148
:10247000000F09D100220D4B09F0F4FC6FF0350775
:1024800004460A4621F000431B156FF31E52A3F2C7
:10249000FE333B4442F07F55336045F4001520463F
:1024A0002946F8BDFFFFEF7F0000F07F000050439A
:1024B0002DE9F04F03690C6985B0A342C0F2918009
:1024C0008146013C01F1140509F1140855F8243046
:1024D00058F824C001339C45BCFBF3F64FEA840056
:1024E00005EB840708EB840243D34FF0000CAA46A7
:1024F000CDE90105C646634665469346CDF80C8096
:102500005AF8040BDEF800201FFA80FC06FB0C557D
:102510004FEA10484FEA154C06FB08CCADB290B21A
:10252000401B18441FFA8CF3C3EB204303EB124308
:1025300080B240EA034057454EF8040B4FEA1C4571
:102540004FEA2343DCD2DDE90105DDF80C8058F8C1
:10255000003073B9ABF10402904504D307E0904515
:1025600004F1FF3403D252F80439002BF7D0C9F834
:102570001040484601F00AFD00282EDB41460022AB
:1025800055F8040BD1F800C01FFA80FE1FFA8CF337
:10259000A3EB0E031344020CC2EB234202EB1C42DA
:1025A0009BB243EA0243AF4241F8043B4FEA224266
:1025B000E6D258F8242008EB84036AB9043B43456B
:1025C00004D807E0984504F1FF3403D253F80429F6
:1025D000002AF7D0C9F810400136304605B0BDE8F2
:1025E000F08F002005B0BDE8F08F00BF00000000B4
:1025F0002DE9F04F16461F46816B9DB0CDE9066769
:10260000299D039049B10123C26B044693408B601E
:102610004A6001F007FA0023A363B7F10009B4BFD1
:10262000012300232B60784BBCBF29F00049CDF873
:102630001C9033EA090300F0AD80DDE9063418464A
:10264000214600220023CDE9040109F073FE8046F3
:1026500068B10123289A13602A9B13B16B4B2A9A05
:1026600013606B4B089308981DB0BDE8F08F1AAB50
:1026700001931BAB00930398DDE9042301F0E4FD13
:102680005FEA1955824640F09B80DDE91A85454492
:1026900005F23243202B40F38B83C3F1400309FA48
:1026A00003F905F2124326FA03F349EA030009F09D
:1026B0005FFB0123013D1193A1F1F8710022554BFD
:1026C00009F018FA4AA3D3E9002309F0CBFB4AA387
:1026D000D3E9002309F010FA064628460F4609F010
:1026E00057FB47A3D3E9002309F0BCFB02460B4686
:1026F0003046394609F000FA06460F4609F062FEF8
:1027000000220446099000233046394609F01CFE99
:10271000002840F02383099CA8EB050808F1FF334B
:10272000162C0A9300F28F81DDE904013A4B03EB8A
:10273000C403D3E9002309F007FE002872D0631E0A
:1027400009930023109308F1FF33002BC0F282811C
:1027500000230B93099B002B6ADA099B0B9A0E93BB
:10276000D21A5B420F9300230993269B0B92092BED
:1027700068D8052B40F321830025043B2693269B34
:10278000023B032B00F23F86DFE813F070046D0478
:102790006404480442F20F73289AC9F3130959EAF2
:1027A000060913601CD12A9B002B00F04C861B4BA2
:1027B000089308332A9A089813601DB0BDE8F08F7B
:1027C000DDE90412C2F31303084643F07F51CDF84C
:1027D0004480A5F2FF35DDF8688041F440116DE7D3
:1027E0002A9B002B40F0F5830D4B08933BE700BF7D
:1027F00061436F63A787D23FB3C8608B288AC63F07
:10280000FB799F501344D33F0000F07FCD0D0200B1
:10281000CC0D02000000F83FD01302000C0F0200A4
:10282000180F0200B8F1000F40F3A88410900B902D
:10283000DDE9092313440A9300230F93269B0E928C
:10284000092B96D9002301254FF0FF3B26932793B0
:102850000C950021039BCDF860B0D963039801F07B
:10286000BBF80890002800F0D785039B089ABBF1BD
:102870000E0F9A6300F21981002D00F016810E9957
:10288000002940F34984B44B01F00F0203EBC2036B
:10289000C8054FEA2115D3E9006740F10A84DDE954
:1028A0000401AE4B4FF00309D3E9082309F004FCFF
:1028B000CDE9120105F00F058DB1DFF8A082E9071F
:1028C00009D5D8E900233046394609F0CBFA064647
:1028D0000F4609F101096D1008F10808EFD1DDE993
:1028E00012013B46324609F0E7FB07468846109B3B
:1028F00043B1002238464146994B09F025FD002896
:1029000040F01085484609F043FA3A46434609F03C
:10291000A9FA0022934B09F0EFF80446A1F1507593
:10292000BBF1000F00F0AA800E9BCDF848B01993C0
:102930004146384609F046FD1299874BCDE91445CA
:1029400003EBC10353E902340546CDE9163409F01F
:102950001FFA0B4602464146384609F0CBF8089F5D
:102960000C9B30357E1CECB2804689463546002BE8
:1029700000F06E84DDE9162300207B4909F09CFB02
:10298000DDE9142309F0B6F83C7042464B46044694
:102990000D4609F0F7FC002840F0BB84CDF850A0AC
:1029A000CDF858B00027AB46A246129D2AE0013769
:1029B000AF4280F201855046594600226B4B09F028
:1029C00051FA0022694B82468B464046494609F03F
:1029D00049FA8946804609F0F5FC044609F0D8F921
:1029E00002460B464046494609F084F830345246C8
:1029F0005B4606F8014B8046894609F0A5FC002895
:102A000040F0D78442464B460020554909F072F801
:102A100052465B4609F098FC0028C8D0199B3746FF
:102A2000DDF850A0089A03F1010802E0974200F097
:102A30009F843E4617F8013D392BF7D00133DBB2B6
:102A400045463B7079E10123109308F1FF33002BD9
:102A5000BFF67EAEC8F101030B9300230A9379E61B
:102A6000484609F095F93A46434609F0FBF9002239
:102A70003C4B09F041F80446A1F15075384600225C
:102A80003B4B414609F036F822462B4606460F4698
:102A900009F078FC002840F07A8430463946224616
:102AA00005F1004309F050FC28BB1B9B002BC0F232
:102AB00091800E9A0E2A00F38D80274B0E9A03EB1D
:102AC000C203D3E90034CDE90634279B002B19DA81
:102AD000BBF1000F16DC0ED1DDE906010022244B0C
:102AE00009F0C0F902460B46DDE9040109F036FCA5
:102AF000002800F04C8400231F46089E0493279B67
:102B0000DD432DE2089B5D1CDDE90678DDE904016B
:102B10003A46434609F0D0FA09F054FC064609F05B
:102B200037F93A46434609F09DF902460B46DDE97E
:102B3000040108F0DFFF089A06F13003BBF1010F32
:102B40002F46137000F025830125CDF810A0A8466C
:102B5000DDE9069A2CE000BFD0130200A8130200A2
:102B60000000F03F00001C400000E03F0000244057
:102B7000000014404A4653462046294609F09CFA74
:102B800009F020FC064609F003F94A46534609F0CD
:102B900069F908F101080B4602462946204608F06B
:102BA000A9FF06F13003D84507F8013B00F0EF829A
:102BB0000022834B09F056F90022002304460D46FB
:102BC00009F0B8FB0028D5D00E9D3E46DDF810A0D8
:102BD0000135B2E00C9A002A40F0D68000231F464F
:102BE0000F9E0B9D0C9365B10A9900290B4608DDD9
:102BF000A942A8BF2B460B9AED1AD21ACB1A0B92F8
:102C00000A930F9B53B10C9B13B1002E40F0FC8232
:102C100051460F9A039801F0E9F882460121039882
:102C200001F004F8099B0490002B40F0BD81269B25
:102C3000012B40F3D38101200A9A104410F01F00A9
:102C400000F09980C0F12003042B40F3E2810B9B3C
:102C5000C0F11C00034402440B9305440A920B9BF1
:102C6000002B05DD51461A46039801F019F98246FA
:102C70000A9B002B05DDDDE903011A4601F010F97E
:102C80000490109B002B40F07481BBF1000F40F3C7
:102C90004B810C9B002B40F0A2800E9D013501263C
:102CA000DDE90394DDF8208007E0514600230A2285
:102CB000484600F0C1FE8246013621465046FFF7E5
:102CC000F7FBB34500F1300008F8010BEDDCBBF178
:102CD000000FCCBF5E46012681460024089B03EB13
:102CE000060B51460122039801F0DAF80499824656
:102CF00001F04CF9002840F3F081089A02E0934576
:102D000000F005821BF8013C5E46392B0BF1FF3BBE
:102D1000F5D001338BF80030DDE90381404600F047
:102D200081FE57B12CB1BC4203D02146404600F091
:102D300079FE3946039800F075FE5146039800F07D
:102D400071FE00233370289B1D602A9B002B3FF4EB
:102D50008AAC08981E601DB0BDE8F08F204609F0CF
:102D600017F832463B4609F0E5FA00287FF4D3AC69
:102D7000631E0993CFE41C230B9A1D441A440B9243
:102D80000A9A1A440A926AE7269A012A40F3B08105
:102D90000F9B0BF1FF36B342C0F26B81BBF1000F0A
:102DA000A3EB060680F2F7820B9BA3EB0B056EE10B
:102DB000C3F1200306FA03F079E40125DFE400BF44
:102DC00000002440394600230A22039800F034FE14
:102DD000189B0746002B40F307839B460E96002D59
:102DE00005DD39462A46039801F05AF80746099B43
:102DF000002B40F0ED81B846089B1E46013B03EBDB
:102E00000B04069B03F00103CDE90A43039C0499DC
:102E10005046FFF74DFB39468346504601F0B6F861
:102E2000049905464246204601F0D0F8C3680146A1
:102E30000BF13009ABBB0990504601F0A7F8099996
:102E40000990204600F0EEFD099A002A54D1269BF5
:102E50001BB90B9B002B00F0B582002D3FDBB34666
:102E60000A9B0BF8019B9E4200F0C981514600234A
:102E70000A22204600F0E0FD4745824639464FF0E1
:102E800000034FF00A02204630D000F0D5FD414645
:102E900000230A220746204600F0CEFD5E4680460B
:102EA000B5E7039800F0BEFD002D06DB069B03F09E
:102EB0000102269B1D432A4329D151460122039832
:102EC00000F0EEFF0499824601F060F8002840F31C
:102ED000F880B9F1390F00F050820BF131090E9DE5
:102EE0003C460135474606F8019B15E700F0A4FD76
:102EF0005E46074680468AE7002DC0F29B82269BED
:102F00001D430B9B1D4300F09582002AA7DDB9F1FC
:102F1000390F00F032820E9D09F101033C46013564
:102F2000474606F8013BF7E6269B022B7FF7B1AE3A
:102F3000BBF1000F40F029815B46052204990398FC
:102F400000F07AFD01460490504601F01FF8002879
:102F500040F31B8131230E9D089E013506F8013B8D
:102F6000DDE9030100F05EFD0135002F7FF4E1AEE5
:102F7000E3E65046049901F009F80028BFF685AE53
:102F8000514600230A2203980E9C00F055FD0C9B2D
:102F90008246661E002B7FF415AF189B002B40F372
:102FA00018829B460E9D7AE601461A46039800F069
:102FB0001DFF269B0490012B6FDD00230993049ACB
:102FC000136902EB8303186900F0E0FDC0F12000F3
:102FD00032E69B4B08930333FFF7ECBB069B002BB9
:102FE0007FF429AEDDE90612C2F31303002B7FF450
:102FF00022AE944B134033B10B9B01330B930A9BCE
:1030000001330A930123099A0993002A3FF413AE6E
:10301000D5E73FF424AEC0F13C03ADE601230C93A9
:10302000279B0E9A134403F1010B5E46012EB8BF95
:1030300001261893172E40F30182012204235B001E
:1030400003F11400B042114602F10102F7D9039BCB
:10305000D96303E401230C93279B002B38DD9B46A7
:103060001E461893E6E700230C93D9E700230C9340
:10307000F2E70F9B0F96F31A0026099A1A440A9B4F
:1030800009925B440A930B9B1D465B440B93012101
:10309000039800F0CBFD0746A5E5069B002B8CD1DD
:1030A000DDE90601C1F313030A46002BA1D0099004
:1030B00085E7DDE904344FF00209CDE91234FFF76A
:1030C000FBBB7FF40CAF19F0010F7FF402AF06E7F2
:1030D00001239B462793FFF7BCBB03D119F0010FD7
:1030E0007FF40BAE5E461BF8013D302BFAD013E6A1
:1030F000119A002A00F09F8003F233430A9A0F9E30
:103100001A440A920B9A15461A440B92BFE73123D0
:10311000089A01351370FFE500F0FE80DDE9040137
:103120000E9A494B554205F00F0203EBC203D3E957
:10313000002308F097FE2D11CDE9120100F05D810A
:1031400000234FF0020907468846404EEA070AD599
:10315000D6E900233846414608F084FE012307469D
:10316000884609F101096D1006F10806EED1002B21
:103170007FF4BDABDDE91278FFF7B9BBC8F10103FD
:103180000A900B931090FFF753BB089EB7E4DDF84D
:1031900010A002460B4608F0AFFC03460C46DDE9E2
:1031A00006010E9D1A46CDE9043401352346A84692
:1031B00009F0CAF840B9DDE90423DDE9060109F0A8
:1031C000B9F818B1F30701D5089A32E43E46B4E5E0
:1031D0000398796800F000FC0546002800F0238180
:1031E0003B6907F10C0102339A000C30F9F76CFED1
:1031F00001222946039800F053FE8046FCE50E9D0F
:103200003C46013547466CE5039C3946324620462C
:1032100000F0ECFD074652463946204600F034FDEA
:1032200051468246204600F0FDFB0F9B9B1B0F93EF
:103230003FF4F4ACECE41A9BC3F136035EE700BF45
:10324000180F02000000F07FD0130200A813020044
:10325000DDE91623DDE9140108F004FE089BCDE941
:103260000C011C70129B012B00F0C580129F089B63
:1032700011961F4400227C4B4046494608F0F2FD5F
:103280000D46044609F09EF8814608F081FD02468D
:103290000B462046294608F02DFC09F1300906F8B6
:1032A000019BBE4280468946E4D1119D0022DDE9A2
:1032B0000C016E4B08F020FC02460B464046494686
:1032C00009F060F800286ED1DDE90C230020674981
:1032D00008F010FC02460B464046494609F034F817
:1032E00080B91B9B002BFFF679AC0E9B0E2B3FF792
:1032F00075AC5F4B0E9A03EBC203D3E90034CDE902
:10330000063401E417F8013C3E46302B07F1FF3745
:10331000F8D0199D013510E54FF00209DDE9047878
:10332000FFF7E5BABBF1000F3FF49AAB189C002CF5
:103330007FF7BBAB0E9B3846013B414600221993F9
:10334000494B08F08FFD02468846174609F10100F7
:1033500008F01EFD3A46434608F084FD0022454B26
:1033600008F0CAFB1294A1F150750446FFF7E0BAC9
:10337000312308F10108FFF763BBB34639230E9DE3
:103380003C46089A474601350BF8013BBAE4002356
:103390001F460493DEE50A9B5B440A930B9B1D4684
:1033A0005B440B9373E6199B089A03F10108FFF73E
:1033B00040BBDDF850A0ACE7DDF850A0DDF858B018
:1033C000FFF773BBB9F1390FD7D0002D3FF785ADAB
:1033D00085E5269B022B03DC0E9DDDF860B05EE4E4
:1033E000DDF860B00E96A3E5269B022BF8DCDDF835
:1033F00060B00E96F3E4374658E74FF00209DDE976
:103400001278FFF774BA0025039B29461846DD633E
:1034100000F0E2FA0890D0B9002240F2AF11164B4A
:10342000164806F049FB024640F2EF21124B1348C2
:1034300006F042FB002A3FF740AD50E50021039B18
:10344000D963FFF70BBA0E4B0893FFF70CB9039B38
:10345000089A4FF0FF3B9A6301232795CDF860B09F
:103460000C93FFF722BB00BF000024400000E03FA8
:10347000D013020000001C401C0F0200300F02009D
:103480000C0F02002DE9F047DFF8749007460E4656
:10349000904606F06DFBD9F800504DB133781C46CC
:1034A0006BB1344602E014F8013F3BB13D2BFAD139
:1034B000384606F063FB0020BDE8F087A41B2868AF
:1034C0000028F5D022463146F9F7C0FA28B9286815
:1034D000035D00EB040A3D2B04D055F8040F0028CF
:1034E000F0D1E5E7D9F800303846EB1A9B10C8F860
:1034F000003006F043FB0AF10100BDE8F08700BF91
:103500002000002000B583B001AAFFF7BBFF03B085
:103510005DF804FB024B01461868F9F77BBF00BF5A
:103520009C000020024B01461868F9F777BE00BFE7
:103530009C00002010B4034CD4F8E440A44610BC16
:10354000604700BFE006002082B049B15AB16BB1BC
:1035500013780B601278101E18BF012002B070475C
:1035600001A9002AF3D1104602B070476FF00100A4
:10357000F4E700BFF0B583B08646089E002937D037
:103580009AB3002B00F0C48035683DBB14784FF02F
:10359000010C44B37F2C58DDA4F1C0001F2829D8AA
:1035A000347125B901208342306000F0B18012F8F7
:1035B0000C300CF10100A3F180023F2A00F29E8042
:1035C000C12C40F39B80A40103F03F0304F4F86492
:1035D0001C43002333600C6003B0F0BD34794FF01E
:1035E000000C002CD6D10C603460002003B0F0BD7C
:1035F00001A9C5E7A4F1E0000F282CD83471002DF3
:1036000066D0581C18BF0133012D65D07779E02CA6
:1036100072D0A7F180003F2870D8012D777173D048
:1036200012F80C200CF10100A2F180033F2B65D8A9
:103630002303BF019BB207F47C6702F03F023B43C8
:103640001343002232600B60D0E700230120336077
:103650000C6003B0F0BDA4F1F00004284ED8347122
:10366000002D3FD05F1C18BF0133012D3ED077796C
:10367000F02C50D0F42C63D0A7F180003F283DD827
:10368000012D77714AD0581C306818BF01330228C9
:1036900048D0B579A5F180033F2B2FD812F80C2024
:1036A0000CF10100A2F180033F2B27D8A3043F03B4
:1036B00003F4E01307F47C37AD013B4305F47C656C
:1036C00002F03F022B43134300220B6032608DE770
:1036D0000120834230601BD012F80C7001250CF1E0
:1036E000010C94E701208342306011D012F80C7075
:1036F00001250CF1010CBBE79F2F8ADC8A234FF0D8
:10370000FF30CEF8003071E702208342306087D16D
:103710006FF001006AE78F2FAEDCEFE702208342F3
:103720003060F5D012F80C500CF1010CA5F18000BE
:103730003F28E3D803208342B5713060AED1E7E77C
:103740008F2F99DDDAE700BF30B482B08446049D44
:10375000002930D0002A31D0002B39D028681478C5
:1037600048B1012816D00C601078003818BF01202D
:1037700002B030BC7047A4F181001E2803D9A4F127
:10378000E0000F28EFD8012083422C7128601FD061
:1037900002205478A4F140033E2B03D9A4F1800306
:1037A0007C2B0FD82B7904EB032400230C602B60B7
:1037B00002B030BC704701A9002ACDD1104602B03A
:1037C00030BC70478A234FF0FF30CCF80030CFE791
:1037D0006FF00100CCE700BF30B583B08646069D90
:1037E000002940D0002A41D0002B4BD02868147803
:1037F00058B10128A44618D0022841D00C60107896
:10380000003818BF012003B030BDA4F18E0001289C
:1038100003D9A4F1A1005D28F0D8012083422C71C6
:1038200028602FD0022092F801C0ACF1A1045D2CD9
:103830002BD82C798F2C1CD10224984285F805C0F6
:103840002C601FD212F800C00130ACF1A1035D2B37
:103850001BD800226B790CF07F0C0CEB03230B6060
:103860002A6003B030BD01A9002ABDD1104603B0C3
:1038700030BD00220CEB04240C602A6003B030BD84
:103880000120E2E76FF00100BDE78A234FF0FF302F
:10389000CEF80030B7E700BF2DE9F04F83B0804687
:1038A000DDF8309089B39AB3002B00F087809446FE
:1038B000E3461CF8015B4FF0010E99F80040DFF879
:1038C00010A14448002D48D0A5F11B06F7B22F2FB8
:1038D00024D82F2E22D8DFE806F06D2121212121C6
:1038E0002121216B2121216321212121212121213C
:1038F0002121212121212121212121212121216574
:103900002167212121212121216901A9002ACBD16F
:103910000120C9F8002003B0BDE8F08FA5F1210611
:103920005D2E8CBF0827072704EBC4040619F65D3B
:103930005444E45D052E44D8DFE806F0210313115A
:10394000052A89F8045073450EF1010534D9AE46B5
:10395000E3461CF8015B002DB6D10627E4E762467A
:10396000F1E701237046C9F8003099F804209BF86C
:10397000003003EB02230B6003B0BDE8F08F00239F
:103980007046C9F8003013780B6003B0BDE8F08FC3
:1039900000231846C9F800300B6003B0BDE8F08F73
:1039A0000227C1E70327BFE70427BDE70527BBE7D9
:1039B0000127B9E70027B7E7C9F800406FF0010019
:1039C000DAE78A234FF0FF30C8F80030D4E700BFB1
:1039D00028130200E012020038B5436C05460C467D
:1039E0004BB153F8240080B1026843F8242000232F
:1039F000C0E9033338BD2122042106F083F80346D1
:103A000068640028EDD1002038BD0121284601FA64
:103A100004F56A1D920006F075F80028F3D0C0E99D
:103A20000145E4E731B1436C4A6853F8220008606D
:103A300043F82210704700BF2DE9F0414FF0000E0F
:103A40000E461C460D69074601F1140001680EF18F
:103A5000010E8BB202FB0343090C4FEA134C02FB2D
:103A600001CC9BB203EB0C43754540F8043B4FEA95
:103A70001C44EBDC3CB1B368AB4207DD06EB8503CD
:103A800001355C6135613046BDE8F08171683846CA
:103A90000131FFF7A1FF8046A8B1326906F10C01A0
:103AA000023292000C30F9F70FFA7B6C726853F80F
:103AB0002210316043F82260464606EB850301354B
:103AC0005C613561DFE70246BA21024B024805F02E
:103AD000F3FF00BF1C0F0200B40F02002DE9F843F2
:103AE0001E460C4626490833174681FB032C092E37
:103AF0004FEAE3730546C3EB6C0339DD4FF0010C6D
:103B000000214FEA4C0C634501F10101F9DC284624
:103B1000FFF762FF014668B3089B092F43614FF02E
:103B20000103036112DC09270A34BE420BDDF61BD8
:103B3000264414F8013B0A222846303BFFF77CFF5D
:103B4000B4420146F5D10846BDE8F88304F10909FD
:103B5000C8463C4418F8013B0A222846303BFFF790
:103B60006BFFA0450146F5D1A7F108044C44DCE702
:103B70000021CCE70246D321024B034805F09CFF0D
:103B8000398EE3381C0F0200B40F0200B0F5803FFD
:103B900003463ABF102083400020B3F1807F3CBF32
:103BA0001B020830B3F1805F3CBF1B010430B3F14E
:103BB000804F03D3002B06DB013070479B0003D4FA
:103BC0005B0003D4202070470230704703307047F9
:103BD0000368014613F0070209D0DA0721D49807D9
:103BE0004BBF5B089B08012002200B60704798B216
:103BF000A0B11046DAB20AB908301B0A1A0704BF8E
:103C00001B0904309A0704BF9B080230DA0703D46B
:103C10005B0800F1010006D00B6070471020C34024
:103C2000E8E7002070472020704700BF38B5436C9C
:103C300004460D464BB15868B0B102685A60002284
:103C400001234561C0E9032338BD2122042105F089
:103C500059FF034660640028EDD1002240F245116F
:103C6000074B084805F028FF1C220121204605F0DB
:103C700049FF0028F1D001220223C0E90123DEE739
:103C80001C0F0200B40F02002DE9F04FD1F8108094
:103C900015690E46A845924685B005DB2A4653466F
:103CA00045468A4690461E46DAF80830DAF804108F
:103CB00005EB0804A342B8BF0131FFF78DFE0028D1
:103CC00000F0898000F1140707EB840E774505D2D8
:103CD0003B46002243F8042B9E45FBD8143606EBE6
:103CE00088080AF11409464509EB850566D2A5EB5B
:103CF0000A03153B23F003030AF1150A0433554563
:103D00002CBF9B464FF0040BCDF808E08246AE4630
:103D1000039405E0090C2AD1B04507F104074AD9FC
:103D200056F8041B8DB2002DF4D0CC463C4600233F
:103D300001965CF8040B216886B28AB205FB062264
:103D4000000C090C05FB00111A4401EB124192B260
:103D500042EA0142E64544F8042B4FEA1143E8D811
:103D6000019E47F80B3056F8041C090CD4D00022F1
:103D70003B6848461D463C46944602889BB201FB80
:103D800002C202EB154243EA024344F8043B50F8F6
:103D9000043B25684FEA134CABB201FB0C33704572
:103DA00003EB12434FEA134CE7D3B04547F80B300F
:103DB00007F10407B4D8DDE902E45046002C02DC28
:103DC00005E0013C03D05EF8043D002BF9D004610E
:103DD00005B0BDE8F08F02464FF4B171014B0248C7
:103DE00005F06AFE1C0F0200B40F020012F003037C
:103DF0002DE9F041144607462CD10E46A4101CD0E4
:103E00003D6C85B3E3074FF0000806D4641014D06E
:103E10002868A8B10546E307F8D52A463146384652
:103E2000FFF732FF36B17B6C716853F821203260A6
:103E300043F8216064100646EAD13046BDE8F081BF
:103E40002A4629463846FFF71FFF28600546C0F876
:103E50000080E0E70F4A013B52F823200023FFF7E0
:103E6000EBFD0646CAE701213846FFF7B5FD0546DA
:103E700040B140F271230122C0E9042300233864D9
:103E80000360BFE7024640F24511034B034805F0CB
:103E900013FE00BF701302001C0F0200B40F0200DB
:103EA0002DE9F0470C462769A36807EB62177D1CD4
:103EB0009D429046064649684FEA621904DD5B0060
:103EC0009D4201F10101FADC3046FFF785FD002833
:103ED00051D0B9F1000F00F114010FDD0B464FF086
:103EE000000C09F105024FEA820E00EB820243F852
:103EF00004CB9342FBD1AEF114031944226904F1BF
:103F0000140318F01F0803EB820C2CD08E464FF0E0
:103F1000000AC8F120091A6802FA08F242EA0A0205
:103F20004EF8042B53F8042B9C4522FA09FAF2D8D8
:103F3000ACEB0403153B23F00303043304F1150237
:103F4000944538BF042341F803A0BAF1000F00D113
:103F50003D46736C6268056153F82210216043F896
:103F60002240BDE8F087043953F8042B9C4541F802
:103F7000042FF9D8ECE702464FF4EF71014B0248E9
:103F800005F09AFD1C0F0200B40F020084460B6975
:103F90000069C01A15D10CF1140C14310CEB83021A
:103FA00010B401EB830301E0944508D252F8044DAC
:103FB00053F8041D8C42F7D004D24FF0FF3010BCF0
:103FC00070477047012010BC704700BF2DE9F04FCB
:103FD00014460A6923698846D21A002A83B040F041
:103FE000888001F1140604F1140202EB830206EB4F
:103FF000830301E09E427FD253F8045D52F8041D12
:104000008D42F7D076D32346002544469846616812
:10401000FFF7E2FC002800F0898000F1140949460E
:104020004FF0000C2769D8F8106004F1140B08F168
:10403000140EC56004F110020EEB86060BEB870A26
:10404000CDF804B05EF8044B52F8045F1FFA84FB0D
:10405000ABB2A3EB0B03240C6344C4EB154404EB99
:1040600023449BB243EA0443764541F8043B4FEABC
:10407000244CE7D808F115018E4234BF00210121FC
:10408000A6EB0806153EB608002906F101024FEA24
:10409000820208BF0422DDF804B00BEB0204A24543
:1040A0004A4434D915462146E04651F8046BB3B270
:1040B00063444FEA164E0EEB234E06EB08039BB209
:1040C00043EA0E438A454FEA2E4C45F8043BEBD8B1
:1040D0000AF1FF3AAAEB040A2AF0030A524423B970
:1040E00052F8043D013F002BFAD0076103B0BDE850
:1040F000F08F88DA01258AE70021FFF76DFC70B1A7
:1041000001220023C0E9042303B0BDE8F08F002999
:104110004FEA860608BF002609EB0602DFE70246E3
:1041200040F23721054B064805F0C6FC024640F236
:104130004521024B024805F0BFFC00BF1C0F0200E6
:10414000B40F0200124B0A460B40A3F15073002B30
:1041500003DD00221946104670475B42B3F1A07F91
:104160004FEA235106DA4FF4002300220B4119468F
:104170001046704714391E29D4BF4FF00042012267
:104180004FF00003D8BFCA4010461946704700BF21
:104190000000F07FF8B5046900F1140202EB84041A
:1041A00054F8045C261F2846FFF7F0FC0346C0F1D4
:1041B00020000A2B086030DDB242A3F10B071AD2AF
:1041C00054F8083C1FB3C7F1200C23FA0CF1BD4092
:1041D00045EA0106A4F1080546F07F51AA4203FA18
:1041E00007F341F4401116D254F80C2C22FA0CF2C9
:1041F00013431846F8BD0B2B08D0002305FA07F728
:1042000047F07F51184641F44011F8BD002345F0B6
:104210007F5141F440111846F8BDB2422CBF002234
:1042200054F8082CC3F10B0703F1150325FA07FC1A
:1042300038BFFA4005FA03F34CF07F511343184698
:1042400041F44011F8BD00BFF0B5012183B016461E
:104250001F46FFF7C1FB0546002847D0C7F30A54A5
:10426000C7F313030CB143F48013002E019314D150
:1042700001A8FFF7ADFC0122019B20306B612A6190
:1042800014B3089BA4F2334404441C60099BC0F19E
:1042900035001860284603B0F0BD68460096FFF769
:1042A00097FC019B00B30099C0F1200203FA02F2CF
:1042B000C34001930A43002B6A610CBF0122022212
:1042C000AB612A61002CDCD105EB8201A0F2324304
:1042D000086908990B60FFF759FC099BC0EB421075
:1042E0001860284603B0F0BD009AE4E7024640F2A9
:1042F0000F31024B024805F0DFFB00BF1C0F02002C
:10430000B40F02002DE9F04383B088466946814628
:10431000FFF740FF04460D46404601A9FFF73AFF6C
:10432000D9F81030D8F81020A3EB020CDDE90032E8
:104330009B1A03EB4C13002B0BDD05EB03573D469B
:1043400002460B462046294607F0B6FE03B0BDE8FC
:10435000F083C3EB033301EB03594946F0E700BF99
:10436000172870B506460ADD002000240749084DCD
:1043700022462B4607F076FD013EF9D170BD054B74
:1043800003EBC003D3E9000170BD00BF0000F03FA4
:1043900000002440D013020001F1FF3C116902F13A
:1043A00014034FEA6C1C03EB81010CF1010C8B42EE
:1043B00000EB8C0C16D210B5A0F1040E53F8044B90
:1043C00099424EF8044FF9D88B1A153B23F003039A
:1043D00004331844844504D9002340F8043B844541
:1043E000FBD810BD844505D9002340F8043B844523
:1043F000FBD87047704700BF03694A11934200F130
:10440000140009DA00EB830302E053F8042DA2B98B
:104410008342FAD80020704700EB8203F8DD11F0E8
:104420001F01F5D010B450F8224024FA01F28A405E
:10443000944208D0012010BC70470120704753F807
:10444000042D002AF6D18342F9D8002010BC704711
:1044500003460A4602490868194600F003B800BF3F
:104460009C0000202DE9F84F1646002900F09680A8
:104470000C46804606F10B05F9F780FA54F8041C47
:10448000162DA4F1080921F0030758D81025AE42D3
:1044900058D8AF4260DABF4B09EB070C9A68DCF8DA
:1044A0000400624500F0908020F0010363445B68E3
:1044B000DB0768D420F003003B189D4247DDCB07A3
:1044C00012D454F8083CA9EB030BDBF8043023F0BA
:1044D0000302104400EB070A554540F3F68007EB52
:1044E000020A554540F3CC8031464046F8F792FF2A
:1044F0000646002800F0218154F8043CA0F108028F
:1045000023F001034B44934200F0B4803A1F242A65
:1045100000F2D780132A00F2A280034622461168D7
:1045200019605168596092689A6021464046F8F7D0
:1045300075FE4046F9F728FA3046BDE8F88F35F0A9
:104540000705A4D50C23C8F80030002618E01F4644
:10455000DCE90223D3609A60D9F804307A1B0F2A71
:1045600003F0010309EB07001DD83B43C9F80430F1
:10457000436843F0010343604046F9F705FA2646D5
:104580003046BDE8F88FC907AED454F8083CA9EB13
:10459000030BDBF8043023F00302A0E71146BDE86B
:1045A000F84FF8F737BF2B4309EB050142F0010242
:1045B000C9F804304A604368083143F0010343609E
:1045C0004046F8F72BFED7E720F00300C21905F1AB
:1045D000100C624580F29280CA0785D454F8082CEA
:1045E000A9EB020BDBF8042022F00302104400EBDD
:1045F000070AD4453FF773AF5E46DBF80C1056F858
:10460000080F3A1F242AC160886000F2B080132A84
:1046100040F2AB8021681B2ACBF808106168CBF808
:104620000C1000F2AA8008340BF11002216811600E
:1046300061685160A1689160AAEB05020BEB05016E
:1046400042F0010299604A60DBF80430404603F012
:1046500001032B43CBF80430F9F796F990E7236870
:104660001B2A0360636843603DD804F1080200F12F
:10467000080354E750F8043C23F003031F446BE79E
:104680005E463A1FDBF80C3056F8081F242ACB6030
:10469000996023D8132A1FD923681B2ACBF8083026
:1046A0006368CBF80C303CD808340BF11003226857
:1046B0001A6062685A60A2689A6034465746D946C2
:1046C0004AE72146FCF7F8FF2FE7DCE902135E46D4
:1046D000CB603A1F9960D5E73346E8E7214630467C
:1046E000FCF7EAFFE9E7A368242A8360E368C36074
:1046F00027D004F1100200F1100310E7521B09EB60
:10470000050142F0010299604A6054F8043C4046B9
:1047100003F001032B4344F8043CF9F735F926462E
:104720002EE7A368242ACBF81030E368CBF81430C6
:1047300010D010340BF11803B9E74046F9F724F90B
:1047400003E7236904F1180203616369436100F11F
:104750001803E4E623691834CBF8183054F8043C05
:10476000CBF81C300BF12003A1E732465EE721466F
:104770003046FCF7A1FF074B5EE7A168242ACBF87F
:104780001010E168CBF8141006D010340BF11802A9
:104790004CE700BFF001002022691834CBF8182044
:1047A00054F8042CCBF81C200BF120023EE700BF8C
:1047B0002DE9F04F9FB08846079200210022002487
:1047C000CDE90412834641461A9419910F4611F817
:1047D000012B2D2A5ED801A050F822F0B349010028
:1047E0009548010095480100954801009548010051
:1047F0009548010095480100954801009548010041
:10480000CB470100CB470100CB470100CB4701005C
:10481000CB470100954801009548010095480100EB
:104820009548010095480100954801009548010010
:104830009548010095480100954801009548010000
:1048400095480100954801009548010095480100F0
:10485000954801009548010095480100CB470100AB
:1048600095480100954801009548010095480100D0
:1048700095480100954801009548010095480100C0
:104880009548010095480100354F01009548010009
:10489000494F010000210891302A00F09580002343
:1048A00009932F2A144640F2EF844FF0000938464E
:1048B0004E464D4613E00130082D1990C8BF09EB54
:1048C00089090478C6BF02EB4902A2F13009A3F1BD
:1048D00030062F2C224605F1010540F3B48006EB8B
:1048E0008603392C02EB4303E5DD0122AB49F8F7DF
:1048F000ADF8002879D1199A1346013219925C78E3
:10490000002D40F08D85302C40F03B851346184635
:10491000013319931C78302CF9D0C2F101021044F4
:10492000A4F13103082B37D8199F012539464FF0E0
:10493000000A431CA4F1300E0C93002006EB8606FF
:104940000EEB46064B1C19934C78A4F13002092A51
:1049500000F2E082964619990130002AF2D001282F
:10496000D8BF05F1010C40F3878400EB050C0CF176
:10497000FF340A9703E07E00AC4200F07C84082DEF
:1049800006EB860705F10105F5DD102DDCBF09EB0F
:1049900089094FEA4909EFE7652C40F0D8824FF0CA
:1049A000000A0123CDF830A00A93099B034340F08D
:1049B000BF82079B002600270BB1C3F8008030465A
:1049C00039461FB0BDE8F08F7A7802F0DF02582A2E
:1049D00000F01284013719973A78302AFAD0002A69
:1049E00000F08182012309935BE70020AA460C9026
:1049F0000A90652C34D0452C32D000231093002D22
:104A00007AD1099B034340F06E820A9B002BD0D1E0
:104A1000692C00F0898400F35F84492C00F08484C1
:104A20004E2CC6D15E4919A805F0D4FB0028C0D091
:104A3000199B1B78282B00F0A5855A4805F036F8FD
:104A400006460F4651E201225449F7F7FFFF0028BE
:104A5000CBD1199BAA465A1C19925C780C9074E72A
:104A6000002DA2D0DDF8648008F10103199398F8B5
:104A700001402B2C00F059822D2C00F04E824FF07B
:104A8000000CA4F13001092900F23F82302C199B5F
:104A90000AD1013319931C78302CFAD0A4F13102D9
:104AA000082AAAD8A4F130015A1C19925C782F2C3C
:104AB00040F3FE8396460B9308E0013219929EF86C
:104AC0000140A3F130012F2C06DD964601EB810356
:104AD000392C04EB4303F0DD0B9BD21A082A40F378
:104AE000E78344F61F631093BCF1000F87D0109B3F
:104AF0005B421093002D84D00C9A109BBAF1000FEA
:104B000008BFAA469B1A102D30460B932C46A8BF0F
:104B1000102407F02DF902460B46092DCDE9042398
:104B200016DD214B03EBC40353E9122307F09AF976
:104B3000024648469046894607F01AF902460B4657
:104B40004046494606F0D8FF0F2DCDE904012DDC83
:104B50000B9B002B00F020830B9B40F35282162B03
:104B600040F3AD830B9AC5F1250393421EDBDDE9CB
:104B700004230D4CC5F10F0504EBC501D1E900017B
:104B800007F070F90B9B5D1B04EBC504D4E900230F
:104B900007F068F906460F46A7E100BFC40E020001
:104BA0004410020054100200D01302000B9B2C1B77
:104BB0001C44002C40F3D18114F00F000AD0DDE931
:104BC0000423354901EBC001D1E9000107F04AF99E
:104BD000CDE9040134F00F0340D0B3F59A7F00F320
:104BE000B883102B4FEA231440F31E85DDE904013E
:104BF00000232A4A0997904699461746E20704D5AA
:104C0000D8E9002307F02EF901236410012C09F1E3
:104C1000010908F10808F1D13A46099F0BB1CDE925
:104C20000401059B02EBC901A3F154730593DDE96F
:104C30000423D1E9000107F015F9194B194A0B407B
:104C40009342CDE9040100F28483174A934240F273
:104C500041844FF0FF33154CCDE9043400230A930F
:104C60002B465246394658460096FEF737FF1490B9
:104C7000002800F06E83109A0C9B4FF0000A9B1ADC
:104C80000B9ACDF824A0002AA8BF0023109322EA93
:104C9000E2731593E5E000BFD0130200A8130200F1
:104CA0000000F07F0000A07C0000907CFFFFEF7F01
:104CB000D21A1F2AA4EB020400F33282012393408C
:104CC0001E4600250A9BA0444C44A14598444B46EF
:104CD000A8BF23464345A8BF4346002B04DDE41A82
:104CE000A8EB0308A9EB0309109B002B00F3BE817E
:104CF000002C00F3D4810B9B002B00F30782B8F14A
:104D0000000F00F3F781B9F1000F08DD51464A4664
:104D10005846FFF7C5F88246002800F0F4813A466D
:104D200058461A99FFF752F90990002800F0EB81D4
:104D30000023099AD168D36011915146FFF726F9F3
:104D40000028C0F2EA83DDF8149000F07683514623
:104D50000998FFF7D7FA00224FF0804304460D462A
:104D600007F0FCFA002800F07181119B002B40F045
:104D7000E381049B002B40F06B82C9F31303002BEB
:104D800040F00D82002220462946A94B07F0DCFAAC
:104D9000002840F049832046A64B2946002207F010
:104DA00061F803460C46CDE9123401F100430E9040
:104DB0000F93DFF88482A14B09EA08089845DDE9E2
:104DC0000E4500F0C0810A9B1BB3B8F1D46F20D808
:104DD00095A3D3E90023DDE9120107F0BFFAA0B1E2
:104DE000DDE9120107F016FB012838BF012006F0AB
:104DF000BFFF119BCDE91201002B40F0BD8201F1F4
:104E0000004316901793DDE9164505F1D663A3EB31
:104E10000805DDE90C01FFF795F902460B4620462F
:104E2000294607F01FF8DDE90C2306F065FE0C4665
:104E3000CDE904010A9B23B97F4B2340984500F03C
:104E4000B78158461A99FEF7EDFD39465846FEF7E8
:104E5000E9FD51465846FEF7E5FD58460999FEF72B
:104E6000E1FD149C58466168FEF7B6FD0746002830
:104E700000F04981226904F10C01023292000C30E9
:104E8000F8F722F81CAB01931BAB00935846DDE901
:104E900004341A46CDE90C342346FFF7D5F91A90AD
:104EA000002800F0058101215846FEF7BFFE82462A
:104EB000002800F028811B9B002BC0F21581109A5E
:104EC000DDF8548003EB02090A9A1C9C9B1A2344C8
:104ED0005B4A013B9342C4F13604FFF6E9AE01237D
:104EE00000251E46EEE600260027079A0AB1199B08
:104EF0001360089B002B3FF462AD07F100431F468F
:104F0000304639461FB0BDE8F08F0023CDF86480ED
:104F1000109374E501230A936BE54FF0010C08F13F
:104F20000203199398F80240ABE54FF0000CF6E746
:104F3000002597E500220892791C19917A78002AB9
:104F40003FF437AD0F46A7E401220892F4E7452C61
:104F50003FF425AD01230A9353E53FF47FAE64424D
:104F600014F00F020AD0DDE90401364B03EBC20353
:104F7000D3E9002307F0A0F8CDE9040124113FF4A0
:104F80006DAE1F2C37DCDDE9040114F0100318BFEF
:104F90006A230A930023DFF8B080E20704D5D8E93A
:104FA000002306F05FFF0123641008F10808F4D124
:104FB0000BB1CDE904010A9BA3B1DDE90401C1F302
:104FC0000A52C2F16B03002B0ADD1F2B40F3398319
:104FD0000020342B049040F37C834FF05C730593E6
:104FE0006A230A930022DDE90401002307F0A2F9F5
:104FF00000283FF435AE222300260027CBF80030EE
:1050000073E71633FFF6D2ADDDE904010C9B109A6D
:105010009A1A0C4B03EBC203D3E9002307F04CF8B8
:1050200006460F4661E700BF0000C0FFFFFFDF41FB
:105030000000F03F0000E03F0000F07F0000E07F54
:1050400002FCFFFFD0130200C0140200AC4B20464C
:105050002946002206F006FF119BCDE91201002B24
:1050600065D101F100430E900F93A2E651461A4616
:105070005846FEF7BBFE8246002844D001461A9AE5
:105080005846FEF701FE00283DD011901A99584667
:10509000FEF7C8FC119B002C1A937FF72CAE22461A
:1050A00058461A99FEF7FCFE1A9000287FF423AEAA
:1050B000B946054622230026924FCBF800302946F8
:1050C0005846FEF7AFFC49465846FEF7ABFC514642
:1050D0005846FEF7A7FC58461499FEF7A3FC58461D
:1050E0000999FEF79FFC00E7159ADDF84090A2EBC6
:1050F0000308E9E6394642465846FEF7D1FE074620
:1051000000287FF400AEB9461A9DD3E739465846C9
:10511000159AFEF76BFE074600287FF4F0ADF2E724
:10512000012279491646CB1A02FA03F5CAE5DDE9F0
:105130001234CDE90E343CE60023744CCDE90E3434
:10514000CDE9123435E6A9F154730593DDE9044540
:1051500020462946FEF7F6FFDDE90E2306F082FE23
:105160002B46224606F0C8FCDFF89891684B01EA0E
:1051700009099945CDE9040179D9DDE90C0103F16B
:105180005473994202D106460136BCD04FF0FF332A
:10519000604CCDE9043454E6DDE90467A5E600235C
:1051A0005D4CCDE90E340023584CCDE9123400E6B5
:1051B000DDE912562846314607F040FA06F024FE93
:1051C0000B4602463146284606F094FC119D049B8E
:1051D000C4F313041D432C438046894626D142A3C1
:1051E000D3E9002307F0B0F800283FF42AAEB9460F
:1051F000DDE904671A9D62E70293089B5846019314
:105200001AAB0093454A1BAB19A904F00FFD10F02F
:105210000F0504463FF467AE062D40F0B58000222E
:105220007B1C00260027089219935EE630A3D3E981
:10523000002307F089F80028D9D12FA3D3E9002350
:105240004046494607F09EF800283FF4FAADCEE705
:10525000049B012BA3D1B9F1000FA0D1B9461A9C30
:105260002223254600260027CBF8003027E701F14E
:1052700054740594DEE50A9F0C9B082D03440C939F
:105280006DDC6546FFF759BB012238462449F7F724
:10529000DDFB002800F0BB804FF000094E46484679
:1052A0004D46CA46CDF83090CDF82890FFF7A3BB05
:1052B00044F61F639942A8BF1946109114E40B9855
:1052C0001849DDE9042301EBC001D1E9000106F032
:1052D000C9FD06460F4608E66E2C3FF4A3ABFFF768
:1052E00068BB00BFAFF300809535A094FFFFCF3FB0
:1052F0009535A094FFFFDF3F35E5AF350000E03F77
:105300000000E03F0000F07FE2FBFFFF0000F03F05
:10531000FFFF9F7CFFFFEF7F0000F0BFAC14020097
:10532000C40E0200D0130200A04919A804F052FFD5
:1053300000283FF43EAB199B9D49013B19A81993E6
:1053400004F048FF10B9199B013319930026994FB7
:10535000CBE522230026974FCBF80030C5E5BCF102
:10536000100FD8BF09EB890965464FF00000D8BF80
:1053700002EB4909FFF7E6BADDE91234CDE916344C
:1053800041E50020FFF7CCBA1A9A3AB135211CA8A2
:10539000FFF702F858461A99FEF744FB013D1B9BA4
:1053A000042D00F2C481DFE805F0032C291E030060
:1053B0001C9A049203F233421D9B23F4801343EAA8
:1053C00002530593E10502D543F000430593794A62
:1053D000DDE904671A40002A7FF487ADF7F740FC47
:1053E0002223036081E54FF0FF326FF00043CDE9E7
:1053F0000423E3057FF5D0AE059BE5E76D4B0593F0
:10540000F7E7DDE91C121D9BCDE90412DAE7199AD2
:10541000064613460132199281465C78FFF773BA4B
:10542000AA460C90FFF791BA0023634CCDE90E34E5
:105430000023624CCDE91234BBE44B461198B446CC
:10544000B946DDE90C67AE465D49C3F31302002897
:1054500045D08A4200F0FD80ADBB049A1CEA020FE1
:1054600034D0304639460493FEF76CFE0A9B002B7D
:1054700000F03781049BC3F30A53C3F16B03002B85
:1054800040F352811C0504F17F53002203F54013C1
:1054900006F0E8FC02460B463046394606F02CFB87
:1054A00006460F4630463946464B002206F0DAFCE7
:1054B000404B06460B400F46002B7FF49BAE222349
:1054C000CBF8003096E61EEA030FCAD10A9B002BE8
:1054D000E8D18FE601F154730593FFF7BFBB002AB3
:1054E00074D1DDE904452246002C40F0A2800A9ADE
:1054F000002A40F0CB8025F00044240D2405A4F5BB
:1055000080146FEA14536FEA035305934FF0FF338F
:1055100004931A9DDDE90467D1E5119BDDE90401DF
:105520000343B946DDE90C67D0D1C1F31303002B67
:10553000CCD121F00044240D2405B4F1D66F2546CA
:10554000C4D9099A536913B91369012BBEDD01222D
:1055500009995846FEF7A4FC51460990FEF716FD3E
:105560000028B3DD0A9B002BC9D0A5F580136FEA94
:1055700013536FEA035305934FF0FF330493DDE9B0
:1055800004678FE7104919A81CAA04F03DFE0528FE
:105590007FF453AA1D9B43F0FF4343F4E0030593BC
:1055A0001C9B0493DDE904679FE400BF38100200F0
:1055B0003C1002000000F07F0000E0BF0000E03F70
:1055C000FFFF0F000000503998140200A5BB049A99
:1055D0001CEA020F3FF47AAF304639460493FEF7D7
:1055E000B1FD0A9B002B62D0049BC3F30A53C3F1A5
:1055F0006B03002B40F38C801C0504F17F530022C9
:1056000003F5401306F02EFC02460B4630463946A1
:1056100006F070FA0022002306460F4606F08AFEC6
:1056200000283FF43FAF1AE64FF00009414AFFF768
:10563000F8BABEF1000FCBD01EEA030F3FF446AF1D
:10564000CAE74FF0FF3202FA03F3049A1A400492B9
:10565000C6E40A9A0499B2B1374A1A40B2F1D46F3B
:1056600011D84FF0FF30120DC2F16B0200FA02F2B6
:10567000914240D0BEF1000F7FF425AF11EA0C0F2C
:105680003FF424AFEDE64FF0FF32F1E72A4D1D4025
:10569000B5F1D66F3FF669AFB5F15C7F3FF602AF6B
:1056A0002223002600271A9DCBF8003007E502468A
:1056B0000B463046394606F01DFA1A9C002200239C
:1056C00006460F46254606F035FE00283FF4F7ACA7
:1056D000C6E54FF0FF33C2F14B0293400B400593F8
:1056E0007EE402460B463046394606F005FA1A9D1E
:1056F00006460F46E3E4114A93420CD00E4A1A4084
:1057000002F58013059300230493DDE90467DDE6C9
:1057100002460B467AE70131F0D1222300261A9D7A
:10572000054FCBF80030CAE402460B46B4E600232E
:1057300048E600BFA81302000000F07FFFFFEF7FE4
:10574000014BFFF735B800BFE00600208C4600B5DE
:1057500086461346034A714610685DF804EB6246BC
:10576000FFF726B89C00002084460A460249034BF6
:1057700008686146FFF71CB89C000020E006002086
:105780002DE9F04705460C46DFF888A01346294668
:105790002246DAF80000FFF70BF802460B460446F3
:1057A0000D4606F0F9FD48BB2946204606F052FE9C
:1057B00020F0004706461849384606F011FFD0B9D8
:1057C0003846154906F0EEFEA8B925F000494FF01D
:1057D000FF3220464946114B06F0DEFD38B920461F
:1057E00049464FF0FF320D4B06F0B8FD18B12222AA
:1057F000DAF800301A603046BDE8F087002D08481E
:1058000004DAFCF71BFE00F10046F4E7BDE8F047C0
:10581000FCF714BE9C000020FFFF7F7FFFFFEF7F9F
:10582000541002002DE9F0470446DFF8A0A00A4614
:10583000274B2146DAF80000FEF7BAFF02460B4676
:1058400004460D4606F0A8FD002833D1294620461F
:1058500006F000FE20F0004706461E49384606F0D6
:10586000BFFEE8B938461B4906F09CFEC0B925F0DA
:1058700000494FF0FF3220464946174B06F08CFD99
:1058800038B9204649464FF0FF32134B06F066FD0B
:1058900030B12222DAF800301A603046BDE8F087D5
:1058A00016F0FF4FF9D10D4B2B40002BF1D13046B4
:1058B000BDE8F087002D0A4804DAFCF7BFFD00F1CF
:1058C0000046EAE7BDE8F047FCF7B8BD9C000020C1
:1058D000E0060020FFFF7F7FFFFFEF7F0000F07FEB
:1058E00054100200242B2DE9F84F42D8012B40D050
:1058F0001F468E468046484875461EF801BB10F884
:105900000B4014F00804F7D1BBF12D0F6FD06FF0EE
:105910000049BBF12B0F04BF9EF800B005F1020E49
:105920007BBBBBF1300F4CD00A273B460025B9FBAF
:10593000F7F6284607FB169A05E03BD0012507FB42
:1059400000C01EF801BBABF1300CBCF1090F06D949
:10595000ABF1410CBCF1190F1AD8ABF1370C634510
:105960001FDDB5F1FF3FECD08642E6D24FF0FF35A8
:10597000E7E7F7F775F91622034600201A60BDE83D
:10598000F88F102BD2D1BBF1300F23D01F46CDE7BB
:10599000ABF1610CBCF1190F03D8ABF1570C6345A7
:1059A000DFDC6B1C2BD054B9002AE8D085BB11601A
:1059B000BDE8F88FE245C1DA4FF0FF35C1E740425C
:1059C000F2E79EF8003003F0DF03582B08D00827D9
:1059D0003B46ABE79EF8000000F0DF005828D5D129
:1059E00010279EF801B03B460EF1020E9EE79EF88E
:1059F00000B04FF00049012405F1020E90E7222388
:105A0000C8F8003032B10EF1FF3148461160CFE7DF
:105A10008146F8E74846B2E77D0C0200FFF762BF17
:105A20008C4600B586461346034A714610685DF8F9
:105A300004EB6246FFF756BF9C0000208C4600B581
:105A400086461346034A714610685DF804EB6246C9
:105A5000FFF748BF9C0000202DE9F04707460E469F
:105A6000484C304616F801EB14F80EC01CF0080C38
:105A7000F7D1BEF12D0F5AD0BEF12B0F09BF6446EE
:105A8000644696F800E0861C4BB9BEF1300F5CD03E
:105A90000A234FF0050A9946DFF8EC800AE0102B44
:105AA0004AD04FF0FF38B8FBF3F803FB08FA9946E9
:105AB0006FEA0A0A0025284605E02CD0012509FBDB
:105AC00000C016F801EBAEF1300CBCF1090F06D99D
:105AD000AEF1410CBCF1190F0BD8AEF1370C634598
:105AE00010DDB5F1FF3FECD04045E6D94FF0FF3572
:105AF000E7E7AEF1610CBCF1190F03D8AEF1570C1A
:105B00006345EEDC6B1C0BD004B140420AB165B9B1
:105B10001160BDE8F087D445D0DD4FF0FF35D0E708
:105B2000222328463B60002AF3D0711EF0E796F846
:105B300000E00124861CA7E7BEF1300F11D04FF022
:105B40000F0A6FF070489946B4E7337803F0DF032B
:105B5000582B0BD008234FF0070A6FF06048994686
:105B6000A8E7307800F0DF005828E8D14FF010099E
:105B700096F801E04FF00F0A6FF070484B4602367E
:105B800098E700BF7D0C020099999919FFF764BF4F
:105B90008C4600B586461346034A714610685DF888
:105BA00004EB6246FFF758BF9C0000208C4600B50E
:105BB00086461346034A714610685DF804EB624658
:105BC000FFF74ABF9C00002010B4034CD4F8E0401B
:105BD000A44610BC604700BFE0060020034649B160
:105BE000FF2A02D801200A7070478A224FF0FF3046
:105BF0001A60704708467047B9B37F2A27D9034611
:105C0000A2F18000B0F5F06F24D3A2F50060B0F5EA
:105C1000784F10B52BD3A2F58030B0F5801F36D267
:105C20000023940CC2F3053E64F30703C2F3851C02
:105C30006EF30F2302F03F026CF3174362F31F630E
:105C400043F0803343F0700304200B6010BD01204B
:105C50000A707047930902F03F0263F03F0362F05D
:105C60007F0202200B704A70704708467047140B81
:105C7000C2F3851302F03F0264F01F0463F07F0358
:105C800062F07F0203200C704B708A7010BD8A2274
:105C90004FF0FF301A6010BD5FFA82FC0346C2F37A
:105CA0000722D9B1B2B102F17F00C0B21E2804D9D7
:105CB00002F12000C0B20F2812D8ACF140003E28FB
:105CC00003D98CF080007C280AD802200A7081F861
:105CD00001C07047012081F800C070470846704736
:105CE0008A224FF0FF301A60704700BFD3B284465B
:105CF000C2F3072229B3EAB102F17200C0B201284F
:105D000021D902F15F00C0B25D2821D803F15F0004
:105D1000C0B25D2811D943F0800303F15F00C0B227
:105D20005D2815D84FF08F0C03204A708B7081F8D6
:105D300000C0704701200B70704702200A704B7042
:105D400070470846704703F15F00C0B25D28F4D980
:105D50008A234FF0FF30CCF80030704770B55FFAFF
:105D600082FEC2F3072269B37AB18446A2F1210010
:105D70005D2829D8AEF121005D2825D81868A8B182
:105D800002200A7081F801E070BD186860B18C468D
:105D900042F61B001A6042232CF8030B8B70042080
:105DA000614681F800E070BD0120FAE78C460126CB
:105DB00042F21B4542241E602CF8035B05208C70C8
:105DC0006146DEE7012070BD8A234FF0FF30CCF83A
:105DD000003070BD2DE9F04F894692461E460D46B3
:105DE00085B05A4F03902A4615F8014B3B5D13F0DE
:105DF0000803F8D12D2C7DD02B2C41D04FF0FF3251
:105E000002936FF00043CDE90023002E43D1302CE4
:105E100079D00A27B0463E46DDE900013A464346BE
:105E200006F0F4FB002383468E4618461946A44626
:105E300010E08E4508BF83454CD000FB08F307FBFC
:105E40000133A0FB07010B44201843EBE47101234D
:105E500015F801CBACF13004092C05D9ACF14104A3
:105E6000192C1ED8ACF13704A64222DDB3F1FF3F56
:105E7000EED083457EEB0103DBD24FF0FF33E7E743
:105E80004FF0FF3102936FF000432C78CDE90013FF
:105E9000951C002EBBD0102E3ED037464FEAE67838
:105EA000BAE7ACF16104192C03D8ACF15704A6424F
:105EB000DCDC5A1C13D0029A12B1404261EB410162
:105EC000BAF1000F03D0002B3DD1CAF8009005B005
:105ED000BDE8F08FA242B0DA4FF0FF33B8E72223DB
:105EE000039A1360BAF1000F28D0DDE9000105F133
:105EF000FF39EAE74FF00040009301232C78CDE909
:105F00000103951C81E72B7803F0DF03582B0ED09B
:105F10000827B0463E467FE7302C03D037464FF087
:105F2000000879E72B7803F0DF03582BF6D1102710
:105F30006C784FF000083E4602356DE7DDE9000160
:105F400005B0BDE8F08FCDE90001CEE77D0C020081
:105F5000FFF740BF8C4600B586461346034A71469C
:105F600010685DF804EB6246FFF734BF9C00002028
:105F70008C4600B586461346034A714610685DF8A4
:105F800004EB6246FFF726BF9C0000202DE9F04F8E
:105F90008B461E460D4685B05F4F039001922A4600
:105FA00015F8014B3B5D13F00803F8D12D2C7ED082
:105FB0002B2C03BF2C780293951C02936EB9302CC6
:105FC00000F086804FF00A09B2464FF0050C4FF002
:105FD00099374E46DFF8448117E0102E6CD04FEA17
:105FE000E67A324653464FF0FF304FF0FF3106F06D
:105FF0000DFB32460746884653464FF0FF304FF0C0
:10600000FF3106F003FBB1469446002210461146CC
:1060100010E0414508BFB84239D000FB0AF209FB45
:106020000121A0FB090211440122181841EBE37180
:1060300015F8014BA4F13003092B05D9A4F1410354
:10604000192B0CD8A4F137039E4210DD541CEFD05D
:10605000874278EB0102DCD24FF0FF32E8E7A4F18F
:106060006103192B03D8A4F157039E42EEDC531CA5
:1060700012D0029B13B1404261EB4101019B1BB165
:1060800092B9019BC3F800B005B0BDE8F08F63453D
:10609000C3DD4FF0FF32CBE72223039910460B609C
:1060A000019B1146002BEFD005F1FF3BE9E70123EF
:1060B0002C780293951C81E7302C19D04FF00F0CEF
:1060C0004FF0FF376FF07048B1464FF0000A9CE781
:1060D0002B7803F0DF03582B0FD04FF00809B2469E
:1060E0004FF0070C4FF0FF376FF060484E468CE7DB
:1060F0002B7803F0DF03582BE0D14FF010096C78B8
:106100004FF00F0C4FF0FF376FF070484FF0000A60
:106110004E46023579E700BF7D0C02009999991926
:10612000FFF734BF8C4600B586461346034A7146D6
:1061300010685DF804EB6246FFF728BF9C00002062
:106140008C4600B586461346034A714610685DF8D2
:1061500004EB6246FFF71ABF9C00002070B582B0C6
:10616000069D044655B11048D0F8E4606AB1204657
:106170000095B047431C10D002B070BD00F1F4058B
:106180000948D0F8E460002AF1D1012311462046E5
:10619000064A0095B047431CEED100228A232A60AC
:1061A000236002B070BD00BFE00600205410020062
:1061B000F0B50D46134983B00E6801466BB11C461D
:1061C000114BD3F8E4707DB1134630462A46009453
:1061D000B847431C10D003B0F0BD0B4B06F1F404DC
:1061E000D3F8E470002DEFD1012329463046074A49
:1061F0000094B847431CEED100228A23226033600A
:1062000003B0F0BD9C000020E00600205410020006
:1062100070B5054684B05BB11C460F4BD3F8E06007
:10622000234669B12846B047431C0FD004B070BD67
:10623000094B00F58274D3F8E06023460029F1D1C0
:106240000A46284601A9B047431CEFD100228A2301
:1062500022602B6004B070BDE006002070B5134BC7
:1062600084B01D686AB1124B1446D3F8E06078B16F
:106270000A46234601462846B047431C0FD004B0C7
:1062800070BD0B4B05F58274D3F8E0600028EFD1A8
:106290002346024601A92846B047431CEFD10022FD
:1062A0008A2322602B6004B070BD00BF9C000020D8
:1062B000E006002010B51C4682B0049B00940193B8
:1062C0004FF0FF3304F0FEF802B010BD30B58C463D
:1062D000864615461C46064B83B0186871464FF03B
:1062E000FF336246CDE9005404F0ECF803B030BD52
:1062F0009C000020002100F001B800BF10B500F0A4
:10630000A5F8044604F006F9A0F11A03DBB2022B4B
:1063100006D9A4F1090004288CBF0020012010BD7B
:10632000012010BD0229C0F30722C3B224D00329E3
:1063300003D082F0800283F0800302F15001C9B2E1
:106340001F290BD902F13001C9B2242932D84FF2EA
:10635000A641884224D94FF0FF3070474CF6D371E4
:106360008842F8D8B03A3149C2EBC212A13B03EBE4
:10637000420331F8130070479E2B95BF7F21802187
:106380007E3B23339F2A94BF703A503201EB420187
:10639000CAB202F15001C9B21F29DBB2D2D8DDE77F
:1063A000D03A2349C2EBC212A13B03EB420331F8BE
:1063B00013007047A13A072ACDD8DFE802F0312850
:1063C0001E18130F0B04C02BC5D81A4AA13B32F874
:1063D00013007047F12BBED8174A19E0D82BBAD852
:1063E000164A15E0F62BB6D803F540507047F32B4C
:1063F000B1D803F53E5020307047114A1A4412F8C4
:10640000A12C002AA7D003F57E40603070470D4ACA
:10641000A13B32F81300002808BF4FF0FF3070474F
:10642000094AA13B32F81300704700BF642F0200F5
:10643000E814020090460200D046020074470200B1
:10644000E447020040480200FC48020038B5054617
:10645000B9B101F5957420461149F6F757FC28B9F2
:106460002846BDE838400121FFF75CBF20460D49B2
:10647000F6F74CFC38B92846BDE838400221FFF752
:1064800051BF094CE7E720460849F6F73FFC28B919
:106490002846BDE838400321FFF744BF284638BDF1
:1064A000240E0200380E02000A080020300E0200FE
:1064B00010B5124904461248F6F728FC28B92046C0
:1064C000BDE810400121FFF72DBF0E490C48F6F73B
:1064D0001DFC28B92046BDE810400221FFF722BF6D
:1064E00009490748F6F712FC28B92046BDE81040D4
:1064F0000321FFF717BF204610BD00BF240E020086
:106500000A080020380E0200300E020038B5054699
:10651000A1B101F5957420460949F6F7F7FB08B9D2
:10652000284638BD20460749F6F7F0FB0028F7D08B
:1065300020460549F6F7EAFB284638BD034CEAE752
:10654000240E0200380E0200300E02000A0800205D
:106550004B1C70B51AD014469389526823F020035F
:10656000A381236BCDB2A3B1636B934209DD236892
:106570005A1E226003F8015C636801336360284699
:1065800070BD214603F02CF90028F0D04FF0FF3504
:10659000F5E7236921682BB18B4203D211F8013C46
:1065A000AB420ED023460320C4E90E12012204F1AF
:1065B00040066063266303F8425F2846C4E9003260
:1065C00070BD01390132C4E90012D8E710B50C469C
:1065D000096B69B104F14003994201D0F6F71EFE40
:1065E0000020E36B2063636013B1A36B236010BDD5
:1065F0000021A2894FF0FF3042F020022369A281DE
:106600006160F3E72DE9F04F85B0019302FB03F3DE
:106610000E9C9BB38846D4E90015AB4244D983460F
:106620001E464FF00009CDE9023204F1400A40460F
:106630002A46F6F749FC2068216B28443746C4E90E
:106640000009A844761BE9B1514502D05846F6F737
:10665000E5FDE16BC4F83090616099B10D46A16B26
:10666000B5422160E3D332464046F6F72DFCD4E92B
:106670000021891B3244C4E90021019B184605B062
:10668000BDE8F08FDDE902322B44DB1BB3FBF2F3F4
:1066900000211846A28942F02002A2812269C4E9A1
:1066A000002105B0BDE8F08F1E46DCE72DE9F04F74
:1066B000E5B002AFC7E90C02B1F90C20BB6194044C
:1066C00089464B6E05D442F4005223F400538A816C
:1066D0004B669804C3F3403400F1BA87A2460822FF
:1066E000214607F14000F6F7F9F8C7E90A4409F135
:1066F0004003FB603C62FC613C617D4BD3F8E440AD
:10670000FBF792FD07F14002009203467A6B386B6B
:1067100007F13C01A04700284ADB7B6B014603449C
:106720007B63FB6B002B00F0C08001284FD0252B32
:1067300056D00028E1D07B6B01385E1AD9F80430BE
:1067400034181A46002A06F1FF3517DDD9F8003053
:1067500018786A780133904205F1010140F0A58074
:10676000D9F80420A14202F1FF32C9F80030C9F87B
:10677000042000F0AB80002A0D46E7DCD9F8301089
:10678000002900F04D87FB68994202D0386BF6F77C
:1067900045FD0022D9F83C30C9F83020C9F8043052
:1067A000002B00F03D87D9F83830C9F80030CFE72A
:1067B0004FF6FD730822002107F14000FB63F6F756
:1067C0008DF87B6B01337B63FB6B002B6DD0494AEB
:1067D000D25C110700F128840120252B0146AAD1A3
:1067E000002422467E6B3578A5F1250306F1010BC6
:1067F000552B5AD8DFE813F0A2065900590059006A
:1068000059000406590059005900590059005B0508
:106810005B055B055B055B055B055B055B055B0578
:106820005B05590059005900590059005900590099
:10683000590059008000250159005900590059009C
:106840005900590059006F00590059004F01590073
:1068500059005900910159005900590059009905F2
:1068600059005900C00559005900590059005900F4
:106870005900590082002701590059005900E005CC
:1068800099066F005900B405EC05CD055101FA05D4
:106890005900590093017600FD05590059009905EA
:1068A000590076004FF0FF33BB623B6A43B13B6A4D
:1068B0001868BB6A013300F03B8108B1FCF732FE77
:1068C000B86A07F5C677BD46BDE8F08F0235554476
:1068D000A5EB060A11E72307E7D1757844F0020417
:1068E0005E4681E72507E0D175785E467CE700BF0C
:1068F000E00600207D0C020044F001040026C7F8E9
:1069000034B044F04004D9F80430002B41F39C81AA
:10691000600641F19D81022E00F0CA82032E00F034
:10692000ED81012E00F01C81012A38BF012214F0F4
:106930000103164604F010027A6200F0A983002ACF
:1069400040F0EB85BA69200652F8043BC7E90532EE
:1069500040F1F787002BA8D08020FCF7DBFD8346B1
:1069600000289FD07B6918603B6ADC889D88AC4218
:1069700080F0EF8618687B693A6A40F82430631C1F
:10698000D3802023C7F808B07B600024FB6A07F19E
:106990006008FB62FBF748FCA04200F04E86D9E994
:1069A0000021FB6A12F8010B0139032B08F80400DF
:1069B000C9F80410C9F8002004F1010407F15805D2
:1069C00002D12B68042B04D0082200212846F5F7B9
:1069D00085FF0095234659464246386BFFF7BEFBBC
:1069E000411C034600F02986002840F0BF857A6AE2
:1069F000A244013E6AB9CBF800207A693AB1BA687C
:106A0000ABEB02047A68B2EBA40F40F23A860BF1CA
:106A1000040BD9F804200024002A40F36584002EDA
:106A2000B7D1FB627B693BB1BB68ABEB03017B6811
:106A3000B3EBA10F00F24D877B6A002B7FF45DAEB4
:106A4000C5E344F001040A230326FB61A74B3B6125
:106A5000D9F80430002B29DCD9F83010002900F0D7
:106A6000DF8509F14003994204D0386B7A63F6F769
:106A7000D5FB7A6B0023C9F83030D9F83C30C9F81F
:106A80000430002B00F0CC85D9F83830C7F834B08A
:106A9000C9F800303CE744F001040823FB61944B43
:106AA00003263B61D9F80430002BD5DDD9F800006E
:106AB000904D0378EB5C190741F1148009F140080F
:106AC0007C6300234446904607E00130C9F800008B
:106AD0000178695C0A0740F1A282D9F804100AF132
:106AE000010A01390029C9F80410EEDCD9F8301088
:106AF000002900F09585A14203D0386BF6F78EFB94
:106B00000023D9F83C10C9F83030C9F80410002926
:106B100000F08685D9F83800D8E744F00104022651
:106B200096E7BB6A23B1B9F80C305B067FF5BFAEC0
:106B30003B6ADE8818687EB100248146A046051FA6
:106B400055F8043F01341868FCF7ECFC2B68A642AA
:106B5000C3F80080F4D148464FF0FF33BB62ACE687
:106B6000002A08BF4FF0FF3204F0100314F00105B3
:106B70007B6100F03183002B40F0ED84B969200681
:106B800051F8043BBB60B96140F1D4867A62002BB6
:106B90003FF48BAE8020FCF7BDFC7A6A06460028E5
:106BA0003FF480AEBB6818603B6ADC889D88AC42CD
:106BB00080F0FB851868BB683E6040F824303B6A73
:106BC0000134DC8020237B604FF0000BFC6A07F16E
:106BD0006008C7F824A0FA62FBF726FB584500F0CE
:106BE0002C85D9E9003213F8011B013A032C08F86F
:106BF0000B10C9F80420C9F800300BF1010B07F1A4
:106C0000480A03D1DAF80030042B04D0082200210E
:106C10005046F5F763FECDF800A031465B4642468C
:106C2000386BFFF79BFA411C044600F006850028EC
:106C300040F0AC84054630600822002107F1500086
:106C4000F5F74CFEDFF8B0C02A4607F15805294693
:106C5000386BDCF8E0C007F15003E047012814BFAF
:106C6000002597F8585007F188035B5D002B00F072
:106C70007D867B6A032C5B447B6200F08F84FB6A19
:106C8000013BFB627B694BB9BB68043633B13B689F
:106C9000F51A7B68B3EBA50F40F2E384D9F8043012
:106CA0004FF0000B002B40F38584FB6A002B93D13F
:106CB000D7F824A0FC627B69002B7FF41EAD336003
:106CC000BB68002B00F083823B687A68F11A8B1056
:106CD00001339A4240F27B82BC6804312068FDF7A0
:106CE000B7FB002800F07382206070E21D5A01009B
:106CF0008D5B01007D0C0200E00600200026531E83
:106D0000262B8ABFA2F127084FF00008272209F19D
:106D100040037B62334607F1600B5D46C7F8148081
:106D200090465A46D346D7F81CA044F45864D9F884
:106D3000001091F800C0ACF12B004D283CD8DFE8E2
:106D400000F0753B753B3B81636363636363637A08
:106D50007A3B3B3B3B3B3B3B2727272727273B3BBC
:106D60003B3B3B3B3B3B3B3B3B3B3B3B3B3B3B6945
:106D70003B3B3B3B3B3B3B3B2727272727273B3BDB
:106D80003B3B3B3B3B3B3B3B3B3B3B3B3B3B3B6925
:106D9000BAF10A0F10DD24F4386405F801CBD9F8F4
:106DA000040001380028C9F8040067DD0131B8F19A
:106DB0000108C9F80010BAD1C7F81CA0DA469346FA
:106DC000E00505D55D4500F2C3825D453FF46DAD3C
:106DD00014F0100213D15946FB69386BD7F810C074
:106DE0002A70E047BB69A10603F1040840F1A982BB
:106DF0001B681860BB6AC7F818800133BB62A5EB3B
:106E00000B053544AA4478E49F4824F4386430F9EB
:106E10001AA0C2E704F4C060B0F5007FCCD124F41E
:106E200000744FF0100A44F4A064B6E72006C3D5FE
:106E300024F08004B1E7944830F91AA0BAF1080FA1
:106E4000A9DCB9E72005A8D5BAF1000F03D14FF0AE
:106E5000080A44F40074600500F17082786924F433
:106E6000607418B10138786108F10108D9F804009C
:106E7000013601380028C9F8040097DCD9F8301031
:106E8000002900F04886786A814205D0386BFA61A3
:106E9000F6F7C4F90023FA69D9F83C10C9F8303084
:106EA000C9F80410002900F03686D9F838107EE7BA
:106EB000002A08BF4FF0FF32E00704F0100340F152
:106EC0002481002B40F03E83B96951F8040BB9616D
:106ED0002106786240F13D85BB607A6100283FF46D
:106EE000E4AC8020FCF716FB7A698046BB6800287A
:106EF0003FF4D8AC796A0860396ACC888D88AC4296
:106F000080F03D840868C6464FF0200C796A40F84E
:106F10002410396A0134CC80D9F800105B4D09780F
:106F20006E5C16F0080661D1C7E9015E93461D4606
:106F3000C7F814C0FBF778F9B04200F07E83D9E9B6
:106F4000003213F8011B013AC9E9003207F160036E
:106F500099553B60FB6A0136032B07F1580402D1B7
:106F60002368042B04D0082200212046F5F7B6FC44
:106F700000943A6833464146386BFFF7EFF8421CFD
:106F8000F86200F05A83002840F06284C8F80000DC
:106F9000FFF7B0F9002840F0A684B2440BF1FF3BA4
:106FA000002D40F0C0847B6A08F10408002B00F03B
:106FB000BA84BB68A8EB03047B69B3EBA40F40F26F
:106FC000FF852E46D9F80430002B40F3CC85D9F844
:106FD00000301B787A68D35C1C0702D4BBF1000F29
:106FE000A8D12B46D7F814C0D7F808E0002B7FF4BF
:106FF00084ABC8F800307B6A002B00F0E880A8EB77
:107000000E018A100132944540F2E1801868043183
:107010001C46FDF71DFA00287FF466AED7E07C6BB6
:107020004246C7F834B076E40025D9F8042009F1C7
:1070300040040FE0D9F800301A78144901338A5C13
:1070400012077FF55AABD9F804200AF1010A013A78
:10705000C9E90032002AEDDCD9F83010002900F02F
:10706000D783A14202D0386BF6F7D8F8D9F83C3074
:10707000C9F83050C9F80430002B00F0C983D9F8A2
:107080003830C9F80030D7E7B84902007D0C02005B
:107090007A6A002A40F00882BB69240653F8045B30
:1070A000BB6140F10783002D3FF4FFAB3046FCF796
:1070B00031FA0446002800F0C7823B6A2860B3F822
:1070C0000680B3F804B0D84580F0E98318683A6ABE
:1070D00008F10103D38040F82850CDF800902146F4
:1070E00033460122386BFFF78DFA044600283FF43F
:1070F00018AD864240F2D58001462868FDF7A8F910
:10710000002800F0CE802860CBE0002B40F06D849A
:10711000BB6914F0800453F804BBBB6100F0238208
:107120007A62BBF1000F3FF4C0AB2020FCF7F2F90C
:107130000646002800F088823B6A7A6ADC889D88CF
:10714000CBF80000AC4280F0C28218683B6A40F87D
:1071500024B00134DC802024D9F80000B94D037834
:10716000EB5C190700F1CA825346B046AA461546A1
:10717000D9F80420013AC9F80420421CC9F80020BB
:10718000027808F8012BBBF1000F04D0A8EB06022F
:10719000A24280F07283013D0BD0D9F80420002A6E
:1071A00040F30584D9F8000002781AF8022012078B
:1071B000DED59A464346991B46468A440131002350
:1071C0003370BBF1000F02D08C4200F2E683BB6A41
:1071D0000133BB62FFF791BA7B69002B40F0188145
:1071E000BB6914F0800453F8046BBB6100F09E830C
:1071F0007A62002E3FF459AB2020FCF78BF905464C
:10720000002800F021823B6A7A6ADC889988306025
:107210008C4280F0858218684FF0200B3B6A40F862
:1072200024600134DC80D9F8001007F188080B785D
:1072300018F80330002B3FF438ABC7F814A02C46E5
:10724000C246904609F140037B622846D9F80450B3
:10725000013DC9F804504D1CC9F80050097800F8E8
:10726000011B16B1051B5D452CD20546B8F101087E
:107270000BD0D9F80410002940F3B881D9F80010D8
:1072800008781AF800000028DFD12C1BD7F814A0CA
:107290003FF40BAB00232B701EB1611C8B4500F239
:1072A0000384BB6AA2440133BB62FFF726BA14F021
:1072B0008F0F7FF4FAAA02EB820205EB4202303A0A
:1072C000FFF712BB4FEA4B0B20465946FDF7C0F8BB
:1072D0000446002800F0B88105443060C6E7D9F8BC
:1072E0000420002A3FF755ABD9F83010002900F0F0
:1072F000C98309F14002914204D0386BFB62F5F773
:107300008DFFFB6A0022C9F83020D9F83C20C9F86B
:107310000420002A00F0B683D9F83820C9F80020EC
:10732000002E7FF436ABFFF77CBB44F400741023CF
:10733000FB61454B03263B61FFF78ABB24F4B06435
:107340002BE5220740F14982BB691B68187051E5A3
:1073500015F8011C4A46386B013DFFF7F9F834E592
:1073600023077FF4A2AA75786C2D00F066825E4632
:1073700044F00104FFF738BA594607F188007A62F1
:10738000FAF70CF901267A6A44F040047863FFF7B3
:10739000BABAE10600F18A81BA6952F8043BBA61CF
:1073A000220700F18181660740F1FA83A3F800A06B
:1073B000C7F834B0FFF7A1B925077FF476AA75782E
:1073C000682D00F034825E4644F00404FFF70CBAE6
:1073D00014F08F037FF469AA3D6A002D00F0C0828B
:1073E000757844F080045E46FFF7FEB944F40874F3
:1073F0009DE70A23FB61144B03263B61FFF728BB83
:1074000022437FF452AA757810245E46FFF7ECB948
:10741000D9F8003007F18808197818F80110002908
:107420003FF443AA0133C9F80030D9F80430012AE7
:1074300003F1FF33C9F8043000F06F81934609F17E
:10744000400417E07D0C02008D5B0100D9F800308C
:107450001A78013318F80220002A00F05E81C9F87A
:107460000030D9F804300136013B5E45C9F80430DC
:1074700000F05381002BE9DCD9F83010002900F02E
:107480003F81A14202D0386BF5F7C8FED9F83C30F5
:10749000C9F83050C9F80430002B00F03181D9F818
:1074A0003830C9F80030D3E7D9E90002B24280F29F
:1074B00099831C4609F14003C7F824A025469A4643
:1074C000D9F830101044A346B046C9F8000014445F
:1074D000B61A002900F03283514502D0386BF5F717
:1074E0009DFED9F83C20C9F83050C9F80420002A84
:1074F00000F02483D9F8380096424FF00001C9F813
:107500000000DFDCD7F824A008EB0B04921B30440A
:10751000C9E90002A244FFF7F0B84FF0000BC7E939
:1075200001BBC7F814B0FFF730BA0023FB61C64BAC
:107530000326C7F834B03B61FFF7E5B9C7F834B0AC
:10754000FFF7F7B84FF0000C07F13C018846E6461C
:10755000C7F824C0E0E4002307F13C067B603B60F1
:10756000BB60FFF731BB5E46A346F5E5821C3FF4E6
:10757000B6AE0328A24402D12A68042A00D0013EF4
:107580007A6A002A3FF439AAFFF743BA821C0CD06A
:1075900035686B1C7FF450ABFFF765BBDAF8003041
:1075A000042B7FF46CABFFF76DBBD9F80430002BD4
:1075B0003FF712ABD9F83010002900F07E8209F1B4
:1075C0004003994202D0386BF5F728FE0023C9F832
:1075D0003030D9F83C30C9F80430002B00F06D820F
:1075E000D9F83830C9F80030FFF75FBBD9F8301050
:1075F000002900F07B827B6A994202D0386BF5F754
:107600000DFE0023D9F83C10C9F83030C9F8041039
:10761000002900F06B82D9F83810C9F800102FE665
:107620000022B9F80C30D9F8101043F02003C9F843
:107630000010A9F80C30C9F80420BB6A23B1B9F8CE
:107640000C305A067FF531A93B6A002B7FF470AAF3
:107650004FF0FF33BB62B86A07F5C677BD46BDE899
:10766000F08F3868D900FCF7F3FE386000283FF44B
:1076700019A97B68BA685B00461910607B60FFF748
:107680000DBBB868D1001546FB62FCF7E1FEB8609F
:1076900000283FF407A97A696B007B6000EB040BBC
:1076A000FB6A1060FFF7B3B983F800A0C7F834B0E5
:1076B000FFF723B8CDF80090334629460122386BF6
:1076C000FEF7A0FF044600287FF4EBADB5E74FF6C8
:1076D000F6739D427A623FF62BAAD7F820800835D0
:1076E000D8F80000A900FCF7B3FE00283FF420AA58
:1076F0007A6AA8F80450C8F8000027E501215EE581
:107700000023C9F80430B9F80C3043F02003A9F87D
:107710000C30D9F81030C9F80030B244FEF7EDBF94
:107720004FF6F67399427A623FF602AAD7F820B074
:1077300001F10808DBF800004FEA8801FCF788FE39
:1077400000283FF4F5A97A6AABF80480CBF8000072
:1077500062E54FF6F6739D423FF6A4A8D7F8208065
:107760000835D8F80000A900FCF772FE00283FF4A5
:1077700099A8A8F80450C8F80000FFF7FCB84FF625
:10778000F6718D42BB607A613FF68CA83E6A08357F
:107790003068A900FCF75CFE00283FF483A8BB68B2
:1077A0007A69B5803060FFF7AEBB4FF6F6739D4245
:1077B0007A623FF677A8D7F820800835D8F800001D
:1077C000A900FCF745FE00283FF46CA87A6AA8F8E7
:1077D0000450C8F80000FFF7EEB9630774D414F042
:1077E000010240F0DA81A10740F1D781174B3969D6
:1077F000386B99425946FB6900F0F681FEF7A8FB09
:107800000B46BA691168C1E90003FFF7F3BAA24455
:107810000023C9F80430B9F80C3043F02003A9F86C
:107820000C30D9F81030C9F80030FEF766BFB578D3
:1078300044F008040236FEF7D7BFB57844F00204DE
:107840000236FEF7D1BF00BF1D5A01008D5B01005B
:10785000FB6A02333FF4B6ABD8F80000FEF74AFDEE
:10786000002840D1FB6AB244032B7FF497AB236816
:10787000042B7FF493ABFFF793BB640030462146A3
:107880007B617A62FCF7E4FD064600283FF4DCAE3B
:107890007A6A7B6900EB0208CBF800007BE44FF6C4
:1078A000F6739B453FF644A93B6A0BF1080B186839
:1078B0004FEA8B01FCF7CCFD00283FF439A93B6A65
:1078C000A3F804B0186002E4BB691B681880FFF7D6
:1078D00091BA7C692068FCF7BBFD00283FF4ACA896
:1078E0002060FFF7A9B82B46D7F814C0D7F808E0F6
:1078F000D7F800B0002E3FF479ABB3445D46F346B1
:107900003C6BC7F814C0BB60013E4A46204615F8E0
:10791000011DFEF71DFE002EF6D1DE46D7F814C07D
:10792000BB68FFF763BB0026FFF74CBB3546A34699
:10793000264678E47B69BE68C7E90033BB60FFF781
:1079400043B97B6AD7F814B0C7E901337B61FFF70D
:107950001CB8D7F824809C469E467B62FFF7DCBAB1
:1079600082B0CDE9023302AB3B6239E5D7F824A0FF
:10797000FC62BBF1000F3FF49EA95D4608EB0B04CF
:10798000D7F83080013D4A46404614F8011DFEF705
:10799000DFFD002DF6D1FFF78EB9DBF80000FCF714
:1079A00057FD00283FF413ACCBF800000FE4D9F8E2
:1079B0003010002900F01C8109F14002914204D0EE
:1079C000386B7B62F5F72AFC7B6A0022C9F830200D
:1079D000D9F83C20C9F80420002A00F00981D9F820
:1079E0003800C9F80000FFF7DFBBD9F800309A4D26
:1079F0001978695C11F008087EF47FAE0133C9F88C
:107A00000030D9F80430012A03F1FF33C9F80430FB
:107A100008BF0AF1010A3EF470AE09F14006934630
:107A2000324601244646904612E0D9F800301A78D2
:107A30000133AA5C10073FF56DADC9F80030D9F8E5
:107A400004300134013BA345C9F8043000F0B28092
:107A5000002BEADCD9F8301000293FF4D8AE4145BC
:107A600002D0386BF5F7DAFBD9F83C30C9F8306052
:107A7000C9F80430002B3FF4CAAED9F83830C9F841
:107A80000030D4E7FB620023C9F80430B9F80C30A9
:107A900043F02003A9F80C30D9F81030C9F80030B1
:107AA000002C3EF4BFAFC8E53068FCF7D1FC0028DD
:107AB0003FF4F7AB3060FFF7F4BB0023C9F80430A4
:107AC000B9F80C30D7F824A043F02003A9F80C3003
:107AD000D9F81030FC62C9F80030BBF1000F3FF458
:107AE000EAA8AAE5C7F834B0FEF715BF0023C9F825
:107AF0000430B9F80C30A54243F02003A9F80C304B
:107B0000D9F81030D7F814A0C9F800303FF495AD7B
:107B10002C1BFFF7BFBB0023C9F80430B9F80C30A9
:107B2000C7F81CA043F02003A9F80C30D9F8103096
:107B3000DA46C9F800309346FFF742B90023C9F886
:107B40000430B9F80C30D7F824A043F02003A9F88A
:107B50000C30D9F81030C9F80030002C3FF46DAD6E
:107B6000A244FEF7CABDD9F83010002955D009F15A
:107B70004003994202D0386BF5F750FB0023C9F857
:107B80003030D9F83C30C9F80430002B45D0D9F852
:107B90003830C9F80030FFF71CBABB69FFF728B9C5
:107BA000E5070AD4A40708D54FEAEA72C3F800A093
:107BB0005A607BE5DA44FEF7A0BDC3F800A075E586
:107BC000B868D9001E46FCF743FCB86000283EF4B4
:107BD00069AE7A6A730000EB04082E4610607B6180
:107BE000FFF7F0B9344691E4FEF79AFA0B4608E63F
:107BF0009A464346991B0023C9F80430B9F80C3063
:107C00008A4443F02003A9F80C30D9F810304646D6
:107C10000131C9F80030FFF7D2BA0022C9F80420B8
:107C2000B9F80C202B4642F02002A9F80C20D9F814
:107C30001020D7F814C0D7F808E0C9F80020002EAB
:107C40007FF4FBACFFF7D2B9D7F834B0FEF704BF2E
:107C5000D7F834B0FEF72ABF7D0C02002DE9F04FB3
:107C6000DDB00C4691460D910F938346FAF7EEFA7C
:107C7000036818461A93F5F79DF908221890002119
:107C80002CA8F4F72BFEA389180603D52369002B33
:107C900000F01587002300249E46CDE931330023F0
:107CA00033AACDE91634DA4614464D46CDE91BEE2B
:107CB0003092CDF864E0CDF880E0CDF874E0CDF8F6
:107CC00028E0CDF848E02F466E4BD3F8E460FAF791
:107CD000ABFA0DF1B00C03463A46504628A9CDF850
:107CE00000C0B047002800F09F80C0F29580289B1C
:107CF000252B01D00744E7E7B7EB0508064640F01F
:107D0000978000224FF0FF33934609937B787E1CC7
:107D10008DF897200B9299460136A9F120035A2B32
:107D200000F2B280DFE813F0F302B000B000EF021F
:107D3000B000B000B000FD02B000B0006A00350233
:107D4000B0002702D202B000CE025B005B005B00F5
:107D50005B005B005B005B005B005B00B000B000A1
:107D6000B000B000B000B000B0002801B000AA011F
:107D70003E02280128012801B000B000B000B00088
:107D80003A02B000B000A802B000B000B000D001CC
:107D9000B000BC02B000B0008A06B000B000B00075
:107DA000B000B000B000B000B0002801B000AA01DF
:107DB00001022801280128012B0201027400B000F1
:107DC0006402B0005502AF066E027400B000D0012C
:107DD0007200AC06B000B000B206B0007200002223
:107DE000A9F1300316F8019B02EB820203EB420279
:107DF000A9F13003092BF5D90B928EE70F9B53F8AD
:107E0000042B002A0B920F93C0F2B281337882E7E1
:107E100033784BF0200B7EE7082200212CA8F4F7E2
:107E20005DFD012007444FE7B7EB0508064610D07B
:107E3000329BC4E9005843443293319B0133072BF2
:107E4000319315DC08340A9B43440A93002E7FF4D7
:107E500058AF329B002B41F05E810D9B9B8903F054
:107E60004003002B41F080830A985DB0BDE8F08F9D
:107E700050460D9930AA01F087FC0028EDD133ACB3
:107E8000E1E700BFE00600201096B9F1000FE0D056
:107E9000012300228DF80C91069343AD8DF89720B5
:107EA0000C93CDE913220E92099211921BF002035A
:107EB00002D00699023106911BF08408329E05D14A
:107EC0000B9906980F1A002F00F39B806AB10122CC
:107ED0006260319A013601320DF19701072A32961C
:107EE0003192216000F3D883083463B102236360C8
:107EF000319B0236013326AA072B3296319322603A
:107F000000F3BF830834B8F1800F00F0BF82099BF3
:107F10000C9A9F1A002F00F3F9821BF4807F40F027
:107F20001E820C9B25601E446360319B3296013398
:107F3000072B319300F33F8308341BF0040F05D067
:107F40000B9B069A9D1A002D00F3B383DDE90A32DC
:107F500006998A42ACBF9B185B180A93002E40F02A
:107F60000883002331930E9B1BB150460E99F5F701
:107F700055F933AC109DA6E60F9B1096073323F0FE
:107F80000703F3E802670F9327F000431F931E9641
:107F90004FF0FF32DDE91E01B24BCDE9166704F068
:107FA000FBF9002840F0F484DDE91E014FF0FF32B8
:107FB000AC4B04F0D3F9002840F0EA8400220023FF
:107FC0003046394604F0C0F9002840F0B2879DF8E9
:107FD000972000210320A44DA44B2BF0800B0E9181
:107FE0000690B9F1470FD8BF1D46CDE9131109918D
:107FF0000C901191002A3FF459AF069B0133069370
:1080000054E7102F319A41F30D82DFF864C2214604
:1080100030460D9C2E46CDF854C06546219304E0B1
:10802000103F102F01F1080116DD1023013210302E
:10803000072ACDE931200D604B60F1DD2146504625
:1080400030AA01F0A1FB002840F09B82DDE931203D
:10805000103F102F33A9E8DC35460C460646219B1D
:10806000013215993E44072ACDE931262160676027
:1080700000F381869DF89720083427E70F9BB9F11C
:10808000430F109603F1040603D01BF0100F00F00D
:108090000185082200212EA8F4F720FC0F9A43AD99
:1080A0002EAB294650461268FEF7B2F8034601335C
:1080B0000C9001F054820C9B23EAE3730693002298
:1080C0000F968DF89720ECE600230F9F109657F837
:1080D000045B8DF89730002D00F00085B9F1530F47
:1080E00000F094861BF01003119340F08F86099BDB
:1080F000002BC1F21B801A4628461199FAF752F953
:108100000E90002801F081820E9B11995B1B0C934D
:1081100023EAE3734FF07309CDE913119DF897201B
:108120000F97099106930E9164E71BF0200F1096AC
:108130003ED00F9B073323F007031846596850F8C9
:10814000083B0A460F900029C0F2CA83099900290A
:10815000C0F2888253EA02012BF0800740F083824C
:10816000099A002A40F08482BB460C925CAD64E11F
:108170000B9B5B420B9333784BF0040BCBE53378CE
:10818000682B03BF73784BF4007B01364BF0400B38
:10819000C1E52B238DF897303378BCE533784BF06D
:1081A000080BB8E54BF0100B1BF0200F1096C0D158
:1081B0000F9A1BF0100F52F8043B0F9240F0C2834D
:1081C0001BF0400F00F0BA8343F3C03211461BB2DC
:1081D000B9E71BF0200F109600F0C5830F9B0A9A99
:1081E0001B681A60D2175A600F9B04330F93C1E6C5
:1081F00033786C2B03BF73784BF0200B01364BF0B8
:10820000100B88E547F630030F9AADF8983052F816
:10821000043B02210F924FF0780900221548109676
:108220004BF0020719900020099D8DF89700002D52
:10823000C0F2EC8053EA020027F0800B40F0E580AA
:10824000002D40F0D285002940F0538317F0010340
:108250000C9300F0718330230DF26F158DF86F31A0
:10826000EBE000BFFFFFEF7F900D02008C0D0200DE
:10827000EC4902009C0D020010964BF0100B1BF015
:10828000200200F012830F9B073323F007031946E7
:108290005A6851F8083B0F9100212BF48067C2E720
:1082A00010964BF0100717F0200200F00B830F9B85
:1082B0000121073323F0070318465A6850F8083B9A
:1082C0000F90B0E733784BF0800B24E5314611F87E
:1082D000019BB9F12A0F01F02882A9F13003092B83
:1082E00098BF002201F2A28011F8019B02EB8202EA
:1082F00003EB4202A9F13003092BF5D942EAE273FC
:108300000E46099309E533784BF0010B03E59DF820
:1083100097203378002A7FF4FEAC20228DF8972036
:10832000F9E45046F9F792FF436818461D93F4F7B5
:1083300041FE209007465046F9F788FF83681B935B
:10834000002F3FF463AD1B9A3378002A3FF4E3AC6F
:108350001278002A3FF4DFAC4BF4806BDBE4B9F118
:10836000650F40F33781DDE916010022002303F099
:10837000E1FF002800F0D88101236360319B934A1C
:1083800001330136072B32963193226000F3328598
:108390000834279B129A934280F2C982189B1A9A3A
:1083A0001E44C4E90023319B32960133072B3193DD
:1083B00000F37A830834129B5D1E002D7FF7BDAD5C
:1083C000102D319B40F3EB80DFF804921027DDF88D
:1083D0003480CDF8549004E00834103D102D40F363
:1083E000E08001331036072BC4E90097CDE9313620
:1083F000F2DD4146504630AA01F0C6F9002840F0AF
:10840000C080DDE9313633ACE7E75F46012900F093
:108410002A8102295CAD1ED1199803F00F01415C3D
:108420001B0943EA0273120905F8011D53EA020110
:10843000F3D1BB465CAB5B1B0C93099A0C990023F0
:108440008A42B8BF0A46CDE9133306920E939DF8CF
:1084500097201193CEE503F00701DB0843EA42734E
:10846000D208303153EA0206284605F8011DF2D140
:10847000FB07DED53029DCD03023023805F8013C7B
:108480005CAB1B1ABB4605460C93D6E70B9B069AC2
:108490009F1A002F7FF73BAD102F319B41F35B807C
:1084A0004B48224631464FF0100806460D9C159069
:1084B00004E0103F102F02F1080214DD01331031E7
:1084C000072BC2E90068CDE93131F2DD2146504683
:1084D00030AA01F059F9002853D1DDE93131103FBC
:1084E000102F33AAEADC14460E460133159A3E4497
:1084F000072BCDE931362260676000F3C084099B09
:108500000C9A08349F1A002F7FF707AD304A102FBE
:10851000319B159221DD32464FF010082E460D9DFD
:1085200004E0103F102F04F1080414DD0133284942
:108530001032072BC4E90018CDE93132F1DD2946AC
:10854000504630AA01F020F9D8B9DDE93132103FA8
:10855000102F33ACEADC354616460133159A3E44FB
:10856000072BCDE931362260676000F39281083431
:10857000D3E450460D9930AA01F006F900283FF4E3
:10858000F0ACD3460E9B002B3FF467AC58460E99D7
:10859000F4F744FE0D9B9B8903F0400361E40C4A11
:1085A0001592159A01332E44072B22606560CDE9A0
:1085B00031367FF7C1AC50460D9930AA01F0E4F88E
:1085C0000028DED1329E33ACB7E400BFCC0D0200F0
:1085D000DC490200129B319F012B06F1010607F1D5
:1085E000010704F1080940F310810123072FCDE9A9
:1085F00031762560636000F38081189B01371A9AF9
:108600001E44072FC9E90023CDE9317600F38281AA
:1086100009F10809129B0022DDE916015C1E002306
:1086200003F088FE002840F0098101370135264417
:10863000072FCDE93176C9F80050C9F8044000F39E
:10864000F08009F108091C9B01371E44C9F8043069
:10865000072F2AABCDE93176C9F80030ABDC09F140
:1086600008046AE45F460A2B72F1000180F025835A
:1086700030338DF86F310123BB460C930DF26F152B
:10868000DBE650460D9930AA01F07EF800287FF411
:1086900078AF329E33AC36E450460D9930AA15932C
:1086A00001F072F800287FF46CAF329E159B33AC5A
:1086B0001BE4102D319B40F33187DFF8CC8210276B
:1086C000DDF83490CDF8548004E0103D102D04F115
:1086D000080415DD01331036072BC4E90087CDE906
:1086E0003136F2DD4946504630AA01F04DF80028F7
:1086F0007FF447AFDDE93136103D102D33ACE9DCB6
:108700000133159A2E44072BC4E90025CDE93136F3
:108710007FF71CAC50460D9930AA01F035F80028BF
:108720007FF42FAF329E11E42799002940F3338361
:10873000DDE911839845A8BF9846B8F1000F0ADD1E
:10874000319B46440133072BC4E9005832963193DC
:1087500000F33E860834119FB8F1000FA8BFA7EBC5
:108760000807002F00F3CB81DDF844901BF4806FE5
:10877000A94440F0EA81279B129A9342C0F2718289
:108780001BF0010F40F06D82129AAF18A7EB09079A
:10879000D51AAF42A8BF2F46002F0BDD319B3E44B8
:1087A0000133072BC4F8009067603296319300F3D1
:1087B00085860834002FA8BFED1B002D7FF7BDABC9
:1087C000102D319B7FF7EBAEDFF8C0911027DDF85D
:1087D0003480CDF8549004E00834103D102D7FF71C
:1087E000E0AE01331036072BC4E90097CDE93136EE
:1087F000F2DD4146504630AA00F0C6FF00287FF463
:10880000C0AEDDE9313633ACE7E71BF0010F7FF492
:10881000ECAE0123072FCDE93176256063607FF749
:1088200012AF50460D9930AA00F0AEFF00287FF439
:10883000A8AEDDE931760DF1CC0904E7129B012BDE
:108840007FF701AF112B40F37F87504BCDF824B059
:1088500010259B46DDF83480159305E009F10809E1
:10886000103C102C40F33C8301371036072FC9E928
:1088700000B5CDE93176F1DD4146504630AA00F031
:1088800083FF00287FF47DAEDDE931760DF1CC0960
:10889000E6E750460D9930AA00F076FF00287FF4F5
:1088A00070AE329E33ACFFF738BB0F991BF010004F
:1088B00051F8043B55D11BF040054ED002460F91B4
:1088C0009BB2E9E40F9917F0100051F8043B41D135
:1088D00017F040053AD00F91024601219BB2A2E465
:1088E0005B425F464FF02D004FF0010162EB420208
:1088F0009AE4099B5CAD0C939FE550460D9930AA14
:1089000000F042FF00287FF43CAEDDE931760DF146
:10891000CC0972E650460D9930AA00F035FF0028C8
:108920007FF42FAEDDE931760DF1CC0972E61BF054
:10893000010F3FF402AB31E55CAD7EE51BF4007F37
:1089400040F04F83DA171146FFF7FDBB17F40072B2
:1089500040F052830F91012165E41BF4007240F056
:1089600046830F9198E41BF0100F40F094821BF0A7
:10897000400F40F0CA831BF4007F00F08C820F9BF5
:108980000A9A1B681A702FE4EC490200DC490200C5
:10899000DDE9160102460B4603F0FEFC002840F01C
:1089A0001C86B9F1610F00F01F85B9F1410F00F08D
:1089B0004A85099B013300F0EF8329F02003472B00
:1089C00000F0E1850E90DDE91612002A13464BF403
:1089D0008078C0F2E68400231593DDE91623CDE903
:1089E0002223A9F14103252B00F20E83DFE813F0C7
:1089F00018040C030C030C03D803A5040C030C038C
:108A00000C030C030C030C030C030C030C030C03EE
:108A10000C030C030C030C030C030C030C030C03DE
:108A20000C030C030C030C030C030C030C030C03CE
:108A300018040C030C030C03D803A504A64B1096D2
:108A400019931BF0200200F01A810F9B073323F0CB
:108A5000070319465A6851F8083B0F911BF0010FA4
:108A600009D053EA020106D030218DF899904BF0DD
:108A7000020B8DF8981002212BF48067FFF7D3BB0F
:108A80005F4610960FE41096FFF7F9BB934B1096D4
:108A90001993D6E70F9B43AD1B688DF80C3101236A
:108AA00006930C93FFF70BBB50460D9930AA00F0CC
:108AB0006BFE00287FF465AD329E33AC7BE4402131
:108AC0005846F4F7A7FC0D9B18601861002800F0C9
:108AD0003F8640230D9A5361FFF7DCB8099B294676
:108AE000062B28BF06232A4609950E95CDE91311BA
:108AF0007B4D06930F970C931191FFF77BBA102FC4
:108B0000319B40F31D86774932464FF010090E46DF
:108B1000DDF83480159104E00834103F102F40F345
:108B2000EE8101331032072BC4E90069CDE93132FF
:108B3000F2DD4146504630AA00F026FE00287FF4C0
:108B400020ADDDE9313233ACE7E7129B2246EB186A
:108B50000993139B4C46002B3146DDF85080CDF82D
:108B600044B0DDF86C90209EDDF834B0149531DD12
:108B7000B8F1000F40F3338108F1FF3831981D9BA5
:108B8000013031440728C2E900363291319000F3B8
:108B900089800832099B99F800001F1B8742A8BFF3
:108BA0000746002F0CDD3198394401300728C2E90F
:108BB00000473291319000F3558199F80000083256
:108BC000002FB4BF0546C51B002D14DC0444139BC5
:108BD000002BCDDCB8F1000FCEDCCDF86C90A146B7
:108BE000149D129B1446EB1899450E4628BF9946D2
:108BF000DDF844B0BFE5102D31983A4B23DD0C94DD
:108C000010272C461D4604E0103C102C02F10802EF
:108C100016DD0130334B10310728C2E90037CDE9AA
:108C20003101F1DD5946504630AA00F0ADFD002873
:108C30007FF4A7ACDDE93101103C102C33AAE8DC4D
:108C40002B4625460C9C013029440728CDE93101EB
:108C50001360556000F3AD8399F8000008320444B6
:108C6000B5E7189A1A991644C4E90012319A329657
:108C70000132072A319200F3C883083484E50F9942
:108C80001BF0100051F8043B0AD11BF0400503D043
:108C900002460F919BB2E1E61BF4007240F09D8109
:108CA0000F91DBE65946504630AA00F06DFD0028D2
:108CB0007FF467AC329933AA6CE707F480610C97B4
:108CC0000E944FF0000E0F46DFF81CB01B9C0DF504
:108CD000B87CCDF8189010E0B00D02009C0D020099
:108CE000C40D0200DC490200CDCCCCCC0A2B72F1C1
:108CF000000237D343463246AC46991841F1000191
:108D0000ABFB010626F0030000EB96004FF0CC36DB
:108D1000091A581A06FB00F662F10009A0FB0B8045
:108D20000BFB09660644052008F00109A9FB0009B0
:108D300040184FEA5808303048EAC6780EF1010E64
:108D40000CF1FF350CF8010C7608002FCED02178FD
:108D50008E45CBD1BEF1FF0FC8D00A2B72F10002B5
:108D600080F0DA801B94DDF818900C9F0E9CCDF8F3
:108D700048E0FFF75EBB50460D9930AA159300F00E
:108D800003FD00287FF4FDAB9DF89720329E159BD4
:108D900033ACFFF79BB801236360319B994A0133E1
:108DA0000136072B32963193226000F3FE8008349F
:108DB000002976D1129A0BF0010313433FF4BDA8AA
:108DC000189B1A9A1E44C4E90023319B3296013342
:108DD000072B319300F3D38104F1080272E0139B57
:108DE00009F1FF39013B1393C8E601295F467FF47F
:108DF00010AB3DE450460D9930AA00F0C5FC0028A8
:108E00007FF4BFAB329E33ACFFF7C3BA0DF1B808A5
:108E10000822002140462995F3F760FD099B002BAD
:108E2000C0F28C8000260697CDF8309037469946E0
:108E30000FE04346504643A9FDF7EAF9421C06F10C
:108E40000406384400F0BD83484506DC00F0FE838C
:108E50000746299B9A59002AEBD1DDF830900C97F0
:108E6000069F79E05946504630AA00F08DFC002854
:108E70007FF487AB99F80000329933AAA0E65046F8
:108E80000D9930AA00F080FC00287FF47AAB329E66
:108E900033ACFFF73CB80F9B0A9A1B681A60FFF7C8
:108EA000A3B9189B1A9A1E44C4E90023319B329639
:108EB0000133072B319300F3628104F1080200298A
:108EC000C0F20B83129901330E44072BCDE93136E2
:108ED000156051603FF76FAB02F10804FFF72DB842
:108EE000DDF824B00137159B2644072FCDE93176F4
:108EF000C9F80030C9F804407FF7A3AB91E41646E7
:108F00000133159A3E44072BCDE931362260676064
:108F100000F32981083427E4209B1D99ED1A1A4695
:108F20002846F8F747FC637803B101344FF0000E90
:108F3000E0E62D228DF89720FFF74BB8002350462E
:108F40001946CDF8008029AAFDF7B4F9034601338C
:108F50000C9000F0368329950C9B002B31D0632BAD
:108F600000F3F780002343AD0E9308220021404612
:108F7000F3F7B4FC0C9E294633465046CDF80080EA
:108F800029AAFDF797F9864240F0F28300230C9A54
:108F9000CDE9133322EAE271AB549DF897200F9785
:108FA000069109931193FFF725B850460D9930AA01
:108FB00000F0EAFB00287FF4E4AA2799329E33AC44
:108FC000F6E60C9B9DF89720CDE913330F97069397
:108FD000099311930E93FFF70DB82A460F91DBB258
:108FE0003CE543F3C01211465BB2FFF7ACB82A462A
:108FF0000F91DBB2FFF750B90F912A460121DBB286
:10900000FFF711B9CC0D0200099B504601930223D2
:1090100000932EAB049329AB039327AB0293DDE9B6
:109020002223F9F7E5FA1BF0010F054640F007820D
:109030002E9B1B1A1293279B1193119BD91C03DBA8
:10904000099A9A4280F28E81119BA9F10209013B93
:10905000002127935FFA89F2002B8DF8A820B6BF74
:109060002D222B22119B8DF8A920B8BFC3F101033B
:10907000092B40F392820DF1BF073A46DFF8D0C2C8
:109080001E461046ACFB0321C90801EB8102A3EB8D
:1090900042023032632E00F8012C0B4600F1FF3201
:1090A000EEDC303302F8013C831EBB4280F03A8391
:1090B0000DF1A90213F8011BBB4202F8011FF9D1FF
:1090C0005CAB181AA0F1AD031C93129B1C9A012BE8
:1090D0001A440C9240F370820C9B189A13440C9320
:1090E0002BF4806343F4807B00230C9A149322EAD0
:1090F000E272069213931193159B002B40F021818D
:109100009DF897200993FEF775BF0F9B0A9A1B687D
:109110001A80FFF769B80D9C5046214630AA00F02E
:1091200033FBA38903F04003FEF79BBE2846F3F709
:1091300041FF119B20EAE0714FF07309CDE9133331
:109140009DF897200F970C90099306910E93FEF7C8
:1091500051BF5046591CF4F75DF90546002800F050
:10916000FF820E9001E750460D9930AA00F00CFBEB
:1091700000287FF406AA329E33ACFFF7F5BA5046BA
:109180000D9930AA00F000FB00287FF4FAA9DDE970
:109190003136279933AA92E606230E90099312E4FA
:1091A0000223099A0132069200932EAB069E049385
:1091B00029AB039327AB019602935046DDE92223A6
:1091C000F9F716FA29F02007462F054618BF45275C
:1091D000064405D12B78302B00F03781279B1E44A5
:1091E0000022DDE92201002303F0A4F8002840F06A
:1091F00022812E9BB34206D230215A1C2E92197026
:109200002E9B9E42F9D8279A11925B1B472F1293EF
:109210003FF413AF462F00F02681119B013B17E767
:1092200027AADDE92201F9F70DF900224FF07F535B
:1092300002F018FE02460B46CDE906230022002369
:1092400003F078F808B101232793099B414A591E7E
:10925000414BCDE911B4B9F1610F08BF1A462E4652
:10926000D346CDF8309013958946DDE90645924600
:10927000099207E00022002303F05CF8002840F088
:10928000D181B9460022354B2046294602F0EAFD3D
:109290000D46044603F096F8804602F079FD02463A
:1092A0000B462046294602F025FC1AF80830B9F191
:1092B000FF3F324604460D4609F1FF3706F8013BF1
:1092C000D8D11746264B0022CDE90645DA46DDF80F
:1092D0003090129CDDF844B0139D03F053F8002841
:1092E00000F0128209992E9716F8012CC97B33469B
:1092F000914209D1302003F8010C2E9B5A1E2E9268
:1093000013F8012C9142F6D0392A0BBF099A013289
:10931000927AD2B203F8012C33465B1B1293279B3F
:10932000B9F1610F119303F1FF33279300F0C2816C
:1093300050224FF0410901218EE6099B0693032339
:1093400032E72D2200238DF897200993FEF755BEB2
:10935000CDCCCCCCB00D02009C0D02000000304002
:109360000000E03FDDE91123934200F3DB801BF0B6
:10937000010F119B00F04781189A13440C931BF4C2
:10938000806F00F07A81119B4FF06709002B7DDC24
:109390000C9B23EAE37306930023C346CDE9133302
:1093A000AAE622912D2103F1004315912393FFF7A3
:1093B00018BB5946504630AA00F0E6F900287FF461
:1093C000E0A899F80000329933AA0444FFF7FFBBE4
:1093D00050460D9930AA00F0D7F900287FF4D1A8A3
:1093E000329E33ACFFF7B7B978238DF8993030232C
:1093F0008DF89830099B4BF0020B632B00F3B9807A
:10940000002343AD0E93FFF7DEBA50460D9930AA04
:1094100000F0BAF900287FF4B4A8279B329E33AC41
:10942000FFF7B2B9AE491591FEF71ABE00230E46FA
:109430000993FEF772BC279A33461192E5E6099B21
:109440004727C618CCE65823CFE70022DDE92201E2
:10945000002302F06FFF002800F02781279B1E44A5
:109460001193731B12931199099A0BF001030029B0
:1094700043EA020340F32D81002B40F001814FF0BD
:109480006609119B0C931BF4806F81D01B990B789C
:10949000FF2B00F061810026119A304604E0013074
:1094A0000131FF2B00F0D880934280F2D580D21A90
:1094B0004B78002BF3D10B780136F2E750460D992B
:1094C00030AA00F061F900287FF45BA8279D129B69
:1094D000329E33AC5D1BFFF76DB94F4210312CDA71
:1094E000DFF800821024CDF8548003E00832103FEA
:1094F000102F24DD01331036072BC2E90084CDE99B
:109500003136F3DD50460D9930AA00F03DF90028C0
:109510007FF437A8DDE9313633AAE8E7704A1592BF
:10952000FFF7EEB8129B189A9A18119B0C92002B19
:1095300040F3AE804FF06709A5E76A491591013302
:1095400015993E44072BCDE931361160576000F381
:10955000B3800832B6E4634A1592FEF7C6BF0D9A8F
:10956000938943F0400393814FF0FF330A93FEF752
:109570007BBC5046591CF3F74DFF05460028EED042
:109580000E90FFF720BA099B002B7FF41BAA099BC2
:109590000E9301230993FFF716BA002940F0828049
:1095A00030228DF8AA200DF1AB02303302F8013BD6
:1095B0002AABD31A1C9388E51BF0010F3FF490AD42
:1095C0008AE50022D3460D9B0E92B3F90C3043F08E
:1095D00040030D9A9381FEF7D5BF179B0320002B04
:1095E000B8BF2D224FF00003A8BF9DF89720194661
:1095F0000E933D4D3D4BB8BF8DF897202BF0800B5F
:109600000690FEF7EEBC0C93B9E6099B4FF0730988
:10961000CDE913009DF897200F9706930C930990BE
:10962000FEF7E8BC49460029DA46DDF83090129C86
:10963000DDF844B0139DFFF66FAE4B1C302231466F
:10964000334401F8012B9942FBD166E6099BDDF812
:109650003090069F0C937FE4CDE913061B91119285
:10966000DDE91332209913440C9AC34601FB03230E
:109670000C9323EAE37306933EE54FF0670987E610
:109680001346189A4FF0660913440B440C93FAE6FC
:10969000C3F101031A4422EAE2734FF067090C9206
:1096A000069379E60DF1AA027FE7069BC3F1010359
:1096B000279394E570223EE650460D9930AA00F0BB
:1096C00063F800287EF45DAFDDE9313633AAFFF799
:1096D000F9BB6BB901234FF0660906930C935BE667
:1096E000EC490200DC490200980D0200940D0200D2
:1096F000189B4FF0660903F1010B099B5B440C9327
:1097000023EAE373069347E60022DDE906011C4BDA
:1097100002F010FE00283FF4FFAD18F0010F3FF4F7
:10972000FBADDFE502231C93CFE40F9A73780E465E
:1097300052F8041B0F9241EAE1720992FEF7EBBA6C
:10974000104A1592FFF7DCBB0E4B1593FFF7CABB0F
:109750000C23CBF8003007E70023CDE913337FE774
:109760000D9BD346B3F90C300E9043F0400330E725
:109770000D9BD346B3F90C3043F0400329E700BFFB
:109780000000E03FDC4902002DE9F04115469268F7
:109790002C68FAB107468846083402E013460834BC
:1097A000C3B16B685E1E002B6E6013DD54F8046C51
:1097B000002EF3D033464146384654F8082C01F0C9
:1097C000ABFE431C07D0AA680834921B1346AA605C
:1097D000002BE6D100200023C5E90133BDE8F0816C
:1097E0002DE9F0410C46096B04F14003994214D075
:1097F000666B77003A46FAF735FE054630B300EB64
:109800000608014632464046F3F75EFBC4E90C57B2
:10981000C4F800800020BDE8F0814FF48061F3F7C8
:10982000F9FD98B14FF4806194F8422020636163A0
:1098300080F8FF2394F8412000F2FD3380F8FE23E6
:1098400094F8402080F8FD232360E3E74FF0FF30D9
:10985000E1E700BF70B54C1C39D00E4605461446F2
:1098600010B1436B002B71D0626EB4F90C30D1078C
:1098700001D49A054DD523F020025807A28106D4C1
:10988000D9066DD51B0754D442F00402A281226B85
:109890006368F6B2F2B1626B9A420FDD23685A1E1A
:1098A000226003F8016C6368626E0133D207636063
:1098B00002D4A3899B0537D5304670BD2146284682
:1098C000FFF78EFF0028E9D0636ED80751D54FF01F
:1098D000FF36F1E7626E2069216802F0010228B1CB
:1098E000884203D211F8010CB04232D00320E36366
:1098F0002346C4E90D01012104F14005256303F865
:10990000426FC4E90031002AD6D1A3899B05D3D484
:109910000AE0A06DF3F7F0F9B4F90C3023F020025F
:109920005807A281B3D4ABE7A06DF3F7EDF9304649
:1099300070BD21462846F7F7B9FB0028C4D1B4F919
:109940000C20A06022F00802A0619DE7F2F7ECFC79
:109950008AE701390133C4E90013002AACD1A8E732
:10996000626ED207B3D49905B1D4A06DF3F7CCF9E8
:10997000ADE7A389F7E700BF03460A460249086836
:109980001946FFF767BF00BF9C000020844610B453
:109990000E4C1CF8013B11F8010BE25C02F00302D3
:1099A000012A225C08BF203302F00302012A05D0FD
:1099B0001B1A08D10028ECD110BC70472030181AAF
:1099C000E7D010BC7047184610BC70477D0C0200F1
:1099D000830710B5044610D10268A2F1013323EACF
:1099E000020313F0803F08D150F8042FA2F1013395
:1099F00023EA020313F0803FF6D003781BB110F87E
:109A0000013F002BFBD1F8F76FFC204610BD00BFD3
:109A10000B4632B913F8012B002AFBD1581A013832
:109A20007047013A16D010B401E0013A09D013F89A
:109A3000014B00F8014B002CF7D1581A013810BC2B
:109A40007047027013F8012B002AFBD1581A013815
:109A500010BC70470270DDE722B310B502448646A1
:109A6000114C04E01B1A1BD1B8B1964516D01EF854
:109A7000013B11F8010B14F803C00CF0030CBCF10E
:109A8000010F14F800C008BF20330CF0030CBCF128
:109A9000010FE7D12030181AE7D010BD002010BD0B
:109AA000184610BD104670477D0C02000020014989
:109AB000704700BF0000F87F144600B51A460A4BF5
:109AC0000D461B6885B0DE6803464CB1074901911D
:109AD000304607490294009500F060FD01F07CFDDE
:109AE00004490C46F3E700BF9C0000204810020028
:109AF000581002005410020008B513460022FFF768
:109B0000DBFF00BF38B5A1FB021454BBF3F782FCA6
:109B1000054650B350F8042C22F00302043A242ADC
:109B200010D8132A13D91B2AC0E9004416D9242AB5
:109B3000C0E902440ABFC0E9044400F1100200F188
:109B4000180205E02146F2F7C9FE284638BD024654
:109B500000232846C2E90033936038BD00F10802B3
:109B6000F6E7F3F77DF80C2303600025284638BD9F
:109B70000148F3F7C1B800BF985F00200148F3F730
:109B8000C3B800BF985F00202DE9F0410469B4EB31
:109B9000611F05DC0023036100234361BDE8F08100
:109BA00000F114054E1111F01F0C05EB840E05EBAE
:109BB000860321D055F8261004339E4521FA0CF176
:109BC000CCF120082DD92F461A6802FA08F20A4370
:109BD00047F8042B53F8041B9E4521FA0CF1F3D8E7
:109BE000A31B9B00053B9B08013305EB830445F851
:109BF000231079B104340DE09E4588BF00F11002B6
:109C0000C8D953F8041B9E4542F8041FF9D8A41B79
:109C100005EB8404631B9B10AC420361BCD0BDE820
:109C2000F08141610029B5D02C46E3E72DE9F04FE2
:109C30001C4685B000900868934682780B46302A0F
:109C4000029440F0F381C11C0A780C46302A01F1DD
:109C50000101F9D0A4EB0009A9F10209DFF8C082E3
:109C600018F80220002A00F0EF80002722783D46F5
:109C700018F80220002A00F07781264616F8012FF6
:109C800018F80220002AF9D101223046A549019393
:109C9000F2F7DCFE019B824600284DD03278002D81
:109CA00000F0A581A5EB060A4FEA8A0A02F0DF025E
:109CB000502A35464DD01E60002F74D12B1B013B1E
:109CC000072B394604DD5B10072B01F10101FADC9B
:109CD0000098F9F781FE0346002800F06A8200F13F
:109CE0001406A542019640F2CA8100270390B946A6
:109CF0000DE0202F1AD0394604372A7818F80220B0
:109D000002F00F028A4049EA0209A54254D015F830
:109D1000012D2E2AEDD1A542EBD3012228468149FF
:109D2000F2F794FE0028F0D0202FE4D1002146F86D
:109D3000049B04278946E0E7002D00F06881327813
:109D4000A5EB060A02F0DF02502A35464FEA8A0ADE
:109D5000B1D16A782B2A00F048812D2A40F0D580B5
:109D60000120AA78AE1C18F802104A1E182A00F228
:109D7000D5807278103918F8022001365AB90CE0F3
:109D800001EB810102EB4102A2F1100116F8012F53
:109D900018F802200AB1192AF2DD00B149428A44BA
:109DA0001E60002F8AD0B9F1000F0CBF06250025D8
:109DB000284605B0BDE8F08F039B019A46F8049B46
:109DC000B61AB6101E6148460393F9F7DFFE760116
:109DD000DBF80040361AA642039B76DCC0F209810C
:109DE0000027DBF808205245C0F23E81DBF8042052
:109DF00052454EDDA2EB0A0A544500F39580DBF88C
:109E00000C10022900F0E180032900F053810129A0
:109E100040F0DF80544540F0DC80012C0AD0184629
:109E2000611E0393FAF7E8FA039B002800F0D18043
:109E3000DBF804200121029862250260019A196171
:109E400011600E9A1360B3E7012220463549019351
:109E5000F2F7FCFD019B0746002840F087806278FE
:109E6000651C18F80210002900F08280302A2C4668
:109E700040F02B8114F8012F302AFBD018F8022073
:109E80004FF00109B2FA82F77F09002A7FF4F5AE9C
:109E90006AE0012587B1DBF80C20022A6FD0032A83
:109EA00071D0012A06D1B90704D5019A1268174367
:109EB000FA076BD445F0100528460E9A1360029BF2
:109EC000C3F800A005B0BDE8F08F361B1846314638
:109ED000FAF792FA039B074678B10127711E0198A1
:109EE0004A1150F8220001F01F0207FA02F2024262
:109EF00003D0B94200F3CF800227184631460393BE
:109F0000B244FFF741FE039B6BE718F802100020F4
:109F10004A1E182A05F101067FF62BAF2E46CAE627
:109F2000FC490200C40E02000AF1FF35002F40F088
:109F3000A480002D40F0A78001220198691150F8FB
:109F4000211005F01F05AA400A4218465146039306
:109F500018BF47F00207A4EB0A04FFF715FE02251D
:109F6000DBF804A0039B95E726468DE6254622787C
:109F700002F0DF02502A00F099801D6013E70F9A6B
:109F8000C2F101020F920F9A002A93D001991E6923
:109F900088460A4600274FEA860901EB860003E05F
:109FA000904242F8047C45D9944652F8041BB1F122
:109FB000FF3FF5D00131022DCCF800107ED014F017
:109FC0001F0440F0AE80212576E70F9900293FF469
:109FD00031AF502519460098F9F724FD0023284693
:109FE0000E9A136005B0BDE8F08F0020B9E6AA46CE
:109FF0005CE6A61B194632460098F9F751FF00F1BE
:10A00000140203460027AAEB060A0192E9E67278D9
:10A01000751C18F802102E4600293FF447AE16F8BA
:10A02000012F18F802100029F9D13BE64FF0000982
:10A03000841C13E69A6896424ADA0121022D06EB47
:10A04000010003EB86061861DDF80480716135D0EC
:10A05000002874DC00221A6100225A61DBF8082013
:10A060000AF1010A5245AEDA19460098F9F7DAFC0E
:10A0700000230E9AA32513609AE601275CE74FF0B0
:10A080000009019E99E6184629460393FAF7B4F9A8
:10A09000039B074650E71846B11E0393FAF7ACF945
:10A0A000039B00283FF428AF032726E74FF0000A60
:10A0B00001274EE60F9900298BD0BBE6DBF8002084
:10A0C000013AA24262D02225F6E64FF00109D4E51A
:10A0D0005968009801310193F9F77EFC019B07460E
:10A0E00000286CD01A6903F10C01023292000C3086
:10A0F0000193F2F7E9FE019B00981946F9F792FCEB
:10A1000001213B69022D03EB010007EB830338615A
:10A1100007F1140859613B46D0D08642BFF64FAFD5
:10A1200096E7C14459F8040C0193F9F72FFDC4F1E7
:10A130002004A042019BBFF646AF186988E75A6920
:10A1400008EB800003F11804A0424FEA520229D91B
:10A150004546216842EAC17245F8042B54F8042BA5
:10A16000A0424FEA5202F4D8C11A193989080131C4
:10A1700048F8212008EB810102B10431A1EB08026B
:10A18000921041451A617FF469AF65E701226111C0
:10A1900058F8211004F01F04A2400A4214BF2125E0
:10A1A000222589E6C8F800200AB14146E5E71A6190
:10A1B00052E70246E421054B0548FFF77DFC0246C5
:10A1C0008421024B0248FFF777FC00BF1C0F0200FE
:10A1D0008810020010B504688646013409E014F8BE
:10A1E000013BA3F1410CBCF1190F98BF20339342FE
:10A1F00007D111F8012B002AF1D10120CEF800403F
:10A2000010BD002010BD00BF0B682DE9F04F5911A3
:10A2100002EB810113F01F0306464FF000050DBF4E
:10A220000846081D8E46A1F1040E316885B040F83D
:10A23000045C4C1C4978002900F0AF807746F44656
:10A240000093AA460B46A9467146AB469646DFF8F0
:10A2500084810246019610E0202B00F296804D4545
:10A2600008DD674502D9BAF1070F67DDE6455CD323
:10A270004FF0080A14F8013FB3B118F80360002E3C
:10A28000EAD00AF1010ABAF1080F05F1010542DC32
:10A29000DCF800301B0106F00F061E43CCF800600E
:10A2A00014F8013F002BE8D1104672468E46009B01
:10A2B000002D72D0BC4502D2BAF1070F74DD6245A1
:10A2C00055D26346111F53F8044B734541F8044FB0
:10A2D000F9D9AEEB0C0323F003030EF101010433B3
:10A2E0000CF1010C8C4588BF04230021134443F872
:10A2F000041B7345FBD950F8041C19B107E05EF844
:10A30000043D23B97245FAD10123CEF8003005206F
:10A3100005B0BDE8F08FE645ACD24CF804BC002394
:10A320004FF0010AACF1040CB5E7ACF104074CF8AE
:10A3300004BCA946BC464FF0000A9BE7CAF10800DE
:10A3400080006646CDE902C2DCF800308446C0F1E8
:10A35000200A706800FA0AF21A4320FA0CF33260FD
:10A3600046F8043FB742F4D8DDE902C27EE750F870
:10A37000041C002BC1D04FF0FF34C3F1200324FA9A
:10A3800003F3194040F8041CB7E7104672468E46A6
:10A3900019462929019E009B03D0042005B0BDE881
:10A3A000F08F0134346083E7DCF80040CAF1080123
:10A3B0008900664688462546C1F12009716801FA80
:10A3C00009F42C4321FA08F5346046F8045FB742DB
:10A3D000F4D874E7FC4902002DE9F04F89B08646B5
:10A3E000DDE9137A1E46002F53D01568002955D099
:10A3F000129B002B62D0741E2EB30026CDE900E123
:10A40000DDF848B0043D029103920AE0019BF3B9E4
:10A410002868002831D0DC4552D2013C631C6646D6
:10A4200011D0D7E9009855F8042F3B460098DAF888
:10A43000E0C005A9E047421C34D000EB060CDC4527
:10A44000E4D9C7E90098304609B0BDE8F08F00288C
:10A450000CDD029B05A918445A1E00F1FF3E11F8BD
:10A46000013B02F8013F7245F9D10290039B286835
:10A470001A6804321A600028CDD10199039A01B1FB
:10A4800010600CF1FF36002230463A6009B0BDE89A
:10A49000F08F156800F586770029A9D14FF0FF33BA
:10A4A0001293A8E706468A2100223046DDF800E034
:10A4B000CEF800103A6009B0BDE8F08F129EC2E7F6
:10A4C0006646C0E710B584B00698054C0090079822
:10A4D0000190044800680294FFF77EFF04B010BDAD
:10A4E000E00600209C00002010B5044684B00698C9
:10A4F000019006480068009313460A462146044C22
:10A500000294FFF769FF04B010BD00BF9C0000205B
:10A51000E0060020184B98422AD870B54FF0000E84
:10A5200040F6F904154D03E003F1010E74451DDBFF
:10A5300004EB0E0303EBD37323F0010202EB63027F
:10A5400005EB420C9CF80110BCF80260BCF804C09A
:10A5500041EA06218C4460454FEA63034FEA420218
:10A56000E2D8884206D25C1E7445E1DAFF2070BD55
:10A57000FF207047A85C70BDEF010E00FC4A02008E
:10A580000CB400B583B004AB53F8042B019300F076
:10A5900019F803B05DF804EB02B070470EB400B5D3
:10A5A000074A82B003AB0146106853F8042B0193AD
:10A5B00000F008F802B05DF804EB03B0704700BF8C
:10A5C0009C00002084462DE9F04F0E461546E146DA
:10A5D000C9B018AF0822002138461C4605960795D9
:10A5E0000D93F2F77BF9B9F1000F04D0D9F83430AC
:10A5F000002B00F03786059B5A6EB3F90C30D0075C
:10A6000002D4990540F12C859E0406D4059943F4A3
:10A61000005322F400528B814A66950400F1E486CF
:10A62000059AB2F90C30190740F1BF801269002A6F
:10A6300000F0BB8003F01A020A2A00F0C580002354
:10A640001FAA9246CDE91D33CDE91133DFF83CB2A4
:10A650001C920E9309930F93CDF82090DDE90754D7
:10A66000DBF8E460F7F7E0FD2A46034616A920462A
:10A670000097B047002800F0C680C0F2BC80169B4F
:10A68000252B01D00544EBE7079B0446EE1A40F06A
:10A69000BE804FF0FF32002306926A786C1C8DF862
:10A6A00053300A9303930134A2F120035A2B00F292
:10A6B000EF80DFE813F05402ED00ED004E02ED00F4
:10A6C000ED00ED005E02ED00ED006A00EB01ED0033
:10A6D000E501F601ED00F0015B005B005B005B0053
:10A6E0005B005B005B005B005B00ED00ED00ED00DC
:10A6F000ED00ED00ED00ED00ED00ED0097017F02B3
:10A70000ED00ED00ED00ED00ED00ED00ED00ED00E1
:10A71000ED00ED001202ED00ED00ED007001ED0026
:10A72000A202ED00ED00FC04ED00ED00ED00ED00F7
:10A73000ED00ED00ED00ED00ED00ED009701BC0136
:10A74000ED00ED00ED009902BC017400ED00200366
:10A75000ED001103F904F0027400ED0070017200C5
:10A76000F604ED00ED001F05ED0072000021A2F1DE
:10A77000300314F8012B01EB810103EB4101A2F13D
:10A780003003092BF5D90A918EE70D9B53F8042B62
:10A79000002A0A920D93C0F27081227883E7039B0E
:10A7A000227843F0200303937DE7059D4846294620
:10A7B000F2F732F8002840F03D86B5F90C3003F08E
:10A7C0001A020A2A7FF43BAF0599B1F90E20002A3C
:10A7D000FFF635AF4A6ED60702D49D0540F1EB85F2
:10A7E00023464846079A059900F056FE09900998B5
:10A7F00049B0BDE8F08F082200213846F2F76EF824
:10A80000012005442CE7079B0446EE1A12D0079B53
:10A81000CAE900361E9B33441E931D9B0133072B50
:10A820001D9313DC0AF1080A099B33440993002C99
:10A830007FF42FAF1E9BDDF82090002B40F0CA85DF
:10A840000022059B1D92B3F90C3012E0059908987F
:10A850001CAAF6F71FFB48B90DF17C0AE4E7B146E4
:10A860000C9B1BB148460C99F2F7D8FC059BB3F939
:10A870000C30059A526ED10740F183805B0600F1DF
:10A88000BD85099849B0BDE8F08F00BFE006002003
:10A890000794002ACED000238DF8533001238DF881
:10A8A000BC2004932FAC0B934FF00009CDF83090EF
:10A8B000CDF81890039BDDE91D2113F0840605D126
:10A8C0000A9B04981D1A002D00F302839DF8530083
:10A8D00078B10123013201310DF15300072ACDE98E
:10A8E0001D21CAF80430CAF8000000F32B830AF1D6
:10A8F000080AB9F1000F0ED0022001320231CAF865
:10A900000400072A15A8CDE91D21CAF8000000F3AC
:10A9100025830AF1080A802E00F02A82069B0B98F4
:10A920001D1A002D00F36B820B9B01321944072A7C
:10A93000CDE91D21CAF80040CAF8043000F39C821A
:10A940000AF1080A039B580705D50A9B049A9C1A2A
:10A95000002C00F30F83DDE9093204988242ACBF7A
:10A960009B181B180993002940F0908200231D9327
:10A970000C9B1BB10C990898F2F750FC0DF17C0A66
:10A980006CE69A053FF57AAF059CA06DF2F7BCF92D
:10A99000B4F90C3072E700230D9E079456F8044B6F
:10A9A0008DF85330002C00F07584532A00F0BD83DD
:10A9B000039B13F0100540F0B883069B002BC0F2F8
:10A9C000E8841A4629462046F7F7ECFC0C9000284C
:10A9D00000F02C85031BCDE90B3523EAE3730493C8
:10A9E00000F0B8BC0D9B432A079403F1040503D083
:10A9F000039BD80640F18283082200211AA8F1F7B0
:10AA00006DFF0D9A2FAC1AAB214612680898FBF720
:10AA1000FFFB034601330B9000F0FB840B9B23EA02
:10AA2000E373049300230D958DF853303CE7039BAB
:10AA30000794990640F1C7800D9B073323F0070365
:10AA400018465A6850F8083B11460D90002AC0F28B
:10AA50005B81069A002AC0F26481039A22F0800288
:10AA6000039253EA010240F05C81069B002B40F008
:10AA7000A78404930B9348AC65E10A9B5B420A935D
:10AA8000039B227843F0040303930CE62B232278E4
:10AA90008DF8533007E6039B227843F0800303933D
:10AAA00001E6204610F8012B2A2A00F0CE84A2F1FC
:10AAB0003003092B98BF002100F2848410F8012B89
:10AAC00001EB810103EB4101A2F13003092BF5D920
:10AAD00041EAE17304460693E6E5039B079443F0DD
:10AAE000100212F0200100F087820D9B073323F043
:10AAF00007031846596850F8083B0D90002022F4CF
:10AB000080640394069C8DF853008442C0F2A080B8
:10AB100053EA010422F4906240F0A083039C039264
:10AB2000069B002B40F08C80002840F0908214F0AF
:10AB300001020B9200F0908230238DF81F319DF8B6
:10AB4000533004920DF21F14002B40F001810C933E
:10AB500003E1039B227843F001030393A3E59DF8EF
:10AB600053302278002B7FF49EAD20238DF8533094
:10AB700099E5089E3046F7F769FB4368184611933C
:10AB8000F2F718FA129005463046F7F75FFB836834
:10AB90000E93002D3FF401AE0E9B2278002B3FF464
:10ABA00082AD1B78002B3FF47EAD039B43F48063A2
:10ABB000039378E5039B079443F010030393039BEF
:10ABC00099063FF539AF0D9A52F8043B0D92039A5E
:10ABD000D20600F15282039A560640F14A8243F3AC
:10ABE000C0310A461BB231E72278039B682A00F085
:10ABF000958243F04003039355E5039B079443F08C
:10AC0000100414F0200100F006820D9B073323F09E
:10AC100007031A46596852F8083B0D9200228DF836
:10AC20005320069A002AC0F21B8324F0800203926C
:10AC300053EA010275D1069B0120002B3FF474AF4B
:10AC4000012800F0BD8300230228194600F0298165
:10AC500048AC03F00702DB0843EA4173C90830320D
:10AC600053EA0105204604F8012DF2D1039BDD07CC
:10AC700040F12581302A00F022813023069A0238E3
:10AC800004F8013C48AB1B1A9A42B8BF1A46044666
:10AC90000B93049257E0039B002143F002030393BC
:10ACA00047F630030D9AADF8543052F8043B079440
:10ACB0000D92B64A0F9200228DF85320069A002A70
:10ACC000C0F2EF80039C53EA010024F0800203925B
:10ACD00040F0E780022023E7039B07949C0640F1A5
:10ACE000CF810D9B099A1B681A60D2175A600D9B81
:10ACF00004330D93B2E42278039B6C2A00F00782A0
:10AD000043F010030393CEE42D228DF85320069ACE
:10AD10005B4261EB4101002A03DB039A22F08002CF
:10AD200003920A2B71F1000280F03A823033DBB2D9
:10AD30008DF81F31069B0DF21F14012BB8BF0123A4
:10AD4000049301230B939DF85330002B3FF4FFAE87
:10AD500000230C93049B01330493039B13F002091B
:10AD60003FF4A8AD049B4FF0020902330493A1E520
:10AD70000A9B04981D1A002D7FF7D0AD102D40F3CB
:10AD80004583DFF80C82534640461026A046DDF886
:10AD900020900446DDF814A004E0103D102D03F1CE
:10ADA000080315DD01321031072AC3E90046CDE959
:10ADB0001D21F2DD514648461CAAF6F76BF8002823
:10ADC0007FF44EADDDE91D21103D102D1FABE9DCF8
:10ADD0009A4623464446984601322944072ACDE93B
:10ADE0001D21CAF80080CAF8045000F34082069B77
:10ADF0000B980AF1080A1D1A002D7FF795AD102D4A
:10AE0000DFF88C812ADD53461026AA46DDF8209013
:10AE10002546059C06E0AAF1100ABAF1100F03F1CD
:10AE2000080318DD01325A481031072AC3E9000629
:10AE3000CDE91D21EFDD214648461CAAF6F72AF888
:10AE400000287FF40DADDDE91D21AAF1100ABAF149
:10AE5000100F1FABE6DC2C4655469A4601322944BA
:10AE6000072ACDE91D21CAF80080CAF8045000F372
:10AE7000E1800AF1080A57E5059908981CAAF6F737
:10AE800009F858B91E990DF17C0A5BE505990898F7
:10AE90001CAAF5F7FFFF00283FF468ADDDF820900D
:10AEA000DEE40F9848AC03F00F02825C1B0943EA12
:10AEB0000173090904F8012D53EA0102F3D1069A3E
:10AEC00048AB1B1B9A42B8BF1A460B9304923AE751
:10AED000102D40F37C822F4B50461396A2464FF024
:10AEE00010081C46089E109304E0103D102D00F140
:10AEF000080015DD01321031072AC0E90048CDE90C
:10AF00001D21F2DD304605991CAAF5F7C3FF002884
:10AF10007FF4A5ACDDE91D21103D102D1FA8E9DC53
:10AF200054468246139E0132109B2944072ACDE9DC
:10AF30001D21CAF80030CAF8045000F381810AF1DB
:10AF4000080AC3E4059908981CAAF5F7A3FF00288E
:10AF5000A4D1DDE91D210DF17C0ACAE40599089808
:10AF60001CAAF5F797FF002898D1DDE91D210DF106
:10AF70007C0AD0E4102C1D9B40F34582054E102521
:10AF8000DDF82090DDF8148010960AE09C0D020098
:10AF9000D8800200E8800200103C102C0AF1080A58
:10AFA00016DD01331031072BCAE90065CDE91D31EB
:10AFB000F2DD414648461CAAF5F76CFF00287FF4F5
:10AFC0004FACDDE91D31103C102C0DF17C0AE8DCA2
:10AFD0000133109A2144072BCAE90024CDE91D3121
:10AFE0007FF7B9AC059908981CAAF5F753FF00281C
:10AFF0007FF454AF1E99AEE40D9850F8043B0D90C9
:10B0000012F010007FF47AAD12F0400400F04C8191
:10B0100001469BB272E50D9A52F8043B0D9214F072
:10B0200010027FF4FBAD14F0400000F043811146A4
:10B030009BB2F3E5059908981CAAF5F72BFF0028A9
:10B040007FF42CAFDDE91D210DF17C0A6CE4069B39
:10B0500048AC04930B9376E6069B48AC049372E6E7
:10B06000059DA86DF1F748FEB5F90C306A6EFFF743
:10B07000CBBA039A950500F18681D9170A46E5E413
:10B08000039BD80600F10181039B590600F17681EC
:10B09000039B9A0540F1F9800D9B099A1B681A7071
:10B0A00025E60794039CACE5039A079419E5AF4B9A
:10B0B00007940F93039B13F0200161D00D9B07337E
:10B0C00023F007031846596850F8083B0D90039C7D
:10B0D000E6070AD553EA010007D08DF8552044F061
:10B0E0000202039230228DF85420039A22F48062E7
:10B0F0000392E0E59E4B07940F93DBE70D9B2FAC8B
:10B100001B688DF8BC30012304930B938AE443F051
:10B110002003627803930134FFF7C5BA43F4007348
:10B12000627803930134FFF7BEBA082200211AA8FF
:10B130001794F1F7D3FB069B002BC0F2C9800025C2
:10B14000CDF810A0A8469A46DDF820900FE01AAB83
:10B1500048462FA9FBF75CF8431C05F10405404461
:10B1600000F05781504506DC00F05B818046179B5C
:10B170005A59002AEBD1DDF810A0CDF82C80B5E0AB
:10B180000D9850F8043B0D90039810F010009ED1DC
:10B19000039911F0400400F0948001469BB296E7B9
:10B1A000039A984602F480624FF0000C1346714DEA
:10B1B0000DF5907ECDF810A007E0B8F10A0F71F1FF
:10B1C00000013AD3C8463146A64618EB010242F1C7
:10B1D0000002A5FB020626F0030000EB96004FF0EC
:10B1E000CC36121AB8EB020006FB00F661F1000A39
:10B1F000A0FB059005FB0A660644052009F0010A3C
:10B20000AAFB000A80184FEA5909303049EAC6798A
:10B210000CF1010C0EF1FF340EF8010C7608002B36
:10B22000CBD00E9A12786245C7D1BCF1FF0FC4D0C3
:10B23000B8F10A0F71F1000177D2DDF810A03EE6F7
:10B24000059908981CAAF5F725FE00287FF426AE7C
:10B25000DDE91D210DF17C0AFFF738BB0392F7E40D
:10B2600003945EE54846F1F75FF8FFF7C4B9059926
:10B2700008981CAAF5F70EFE00287FF40FAEDDE952
:10B280001D210DF17C0AFFF749BB0D9B099A1B6834
:10B290001A602CE5069B384C062B28BF06230D961A
:10B2A0000B930493FFF700BB12F400711CBF2146FF
:10B2B000DBB223E414F400713FF4B0AC0146DBB21E
:10B2C000ACE4039911F400711CBF2146DBB2FEE629
:10B2D0001AAB009300230898194617AAFAF7EAFF59
:10B2E000034601330B9000F0948017940B9B73B3CB
:10B2F000632B57DC00232FAC0C93082200211AA8E3
:10B30000F1F7ECFA0B9D1AAB009321462B460898F7
:10B3100017AAFAF7CFFF854240F0A28000230B9ACC
:10B32000A35422EAE273049314E00B93129B119945
:10B33000E41A1A462046F6F73DFA0E990B9B4A7816
:10B3400012B10A4601320E924FF0000C3AE70B9B05
:10B3500004930C939DF853301BB100230D96069374
:10B36000F8E4994606930D96FFF7A4BAB00D0200D3
:10B370009C0D0200CDCCCCCCC40D02000D9B099AD3
:10B380001B681A80B3E443F3C0110A465BB2FFF7AF
:10B390005DBB2046F1F70EFE20EAE0730C950B90A2
:10B3A0000493D7E70898591CF2F734F804460028AC
:10B3B0002FD00C90A1E7886DF1F7A6FCFFF710BA2B
:10B3C0003023B5E4002304460693FFF76DB9294BFB
:10B3D0001093A8E5484605991CAAF5F75BFD0028DF
:10B3E0003FF42EAAFFF742BAD40707D4059B9B89E6
:10B3F000980503D4059B986DF1F786FC4FF0FF3359
:10B400000993FFF73EBA1B4A1092E1E5DFF8688026
:10B41000E2E4059AB2F90C3043F040039381FFF760
:10B4200028BA069BDDF810A00B935FE7069B0493F8
:10B430000B938FE7059A536EDB07DFD493899F0543
:10B44000DCD4906DF1F760FCD8E70D9B627853F87F
:10B45000041B04460D9341EAE1730693FFF723B9F9
:10B46000059ADDF82090938943F040039381FFF71C
:10B47000F7B900BFE8800200D88002008C4600B512
:10B4800086461346034A714610685DF804EB62462F
:10B49000FFF798B89C000020F0B54FF480640026B8
:10B4A000ADF26C4D1AADCDE905461F460646009536
:10B4B000049515468B8916A823F00203ADF80C30CD
:10B4C0004B6E02941993CB890C46ADF80E30CB69C4
:10B4D00007934B6A0993F1F707FC2A463B466946F6
:10B4E0003046FFF76FF8051E07DB69463046F5F773
:10B4F000DDFD002818BF4FF0FF35BDF80C305B06AE
:10B5000003D5A38943F04003A3811698F1F7F0FB1C
:10B5100028460DF26C4DF0BD2DE9F0471D468F68B1
:10B520000C46AF4216460B6836D8B1F90CC01CF475
:10B53000906F0ED13D46184631462A46F6F7BCF8C4
:10B540000020A368DF1B2368A7602B442360BDE8AD
:10B55000F0874A69096902EB42025F1A02EBD27274
:10B560006B1C52103B44934292BF914699461A4637
:10B570001CF4806F804611D01146F1F74BFF8246D4
:10B5800000B33A462169F1F79FFCA38923F4906345
:10B5900043F08003A38105E02F46CCE7F8F762FF74
:10B5A000824658B10AEB0703A9EB0707A760C4F866
:10B5B00010A02F46C4F814902360BCE740462169D0
:10B5C000F1F72CFE0C22A3894FF0FF3043F040032B
:10B5D000C8F80020A381BAE7062008B500F0A2F859
:10B5E0000120E5F71FF900BF38B5D0F838410CB19C
:10B5F000002038BD80210546F1F70CFF0246C5F852
:10B60000380130B1031F7C3243F8044F9342FBD121
:10B61000EEE74FF0FF3038BD30B51F29054683B047
:10B6200009D8D0F838310C4653B153F8240043F808
:10B63000242003B030BD162303604FF0FF30F8E73D
:10B6400080210192F1F7E6FE019A0346C5F8380120
:10B650000028F2D0011F00F17C05002041F8040F02
:10B66000A942FBD1E1E700BF1F2938B505461FD825
:10B67000D0F838210C466AB152F8213053B1012B71
:10B6800006D0591C10D00021204642F824109847BB
:10B69000002038BD284600F0FDF822460146284625
:10B6A000BDE8384000F0E2B8162301202B6038BD19
:10B6B00016234FF0FF302B6038BD00BF1F292DD857
:10B6C00038B5D0F838310C460546A3B153F82420DC
:10B6D00003EB84034AB1511C0BD0012A07D000258B
:10B6E00020461D609047284638BD012038BD032004
:10B6F00038BD022038BD8021F1F78CFE0346C5F825
:10B70000380140B100201A1F03F17C0142F8040FF8
:10B710008A42FBD1DAE74FF0FF3038BD4FF0FF30FF
:10B72000704700BF38B5144B1F281D681ED8D5F8C8
:10B730003821044662B152F820304BB1012B05D0BC
:10B74000591C0FD0002142F820109847002038BD26
:10B75000284600F09FF8224601462846BDE83840BA
:10B7600000F084B8162301202B6038BD16234FF05B
:10B77000FF302B6038BD00BF9C000020124B1F28FB
:10B7800070B51E6809D8D6F8383104460D464BB15D
:10B7900053F8240043F8245070BD162333604FF053
:10B7A000FF3070BD80213046F1F734FE0346C6F805
:10B7B00038010028F3D00021021F7C3042F8041F1A
:10B7C0008242FBD1E4E700BF9C00002038B50C4B5F
:10B7D0001D68D5F838410CB1002038BD80212846BD
:10B7E000F1F718FEC5F8380138B1031F00F17C02EB
:10B7F00043F8044F9342FBD1EEE74FF0FF3038BDE2
:10B800009C00002038B5184B1F281D6828D8044616
:10B81000D5F83801A0B150F8242000EB84034AB1D8
:10B82000511C0BD0012A07D0002520461D609047EF
:10B83000284638BD012038BD032038BD022038BD60
:10B8400080212846F1F7E6FDC5F8380140B1002116
:10B85000031F00F17C0243F8041F9342FBD1DAE797
:10B860004FF0FF3038BD00BF9C00002070B50026AF
:10B87000074D0446084611462E60E5F704F8431CC0
:10B8800000D070BD2B68002BFBD0236070BD00BFC3
:10B89000885F0020E4F7E6BF70B54FF0FF0C4CF472
:10B8A000E06C1CEA11541DBF1CEA135594EA0C0FFE
:10B8B00095EA0C0F00F0DEF82C4481EA030621EA39
:10B8C0004C5123EA4C5350EA013518BF52EA033574
:10B8D00041F4801143F4801338D0A0FB02CE4FF026
:10B8E0000005E1FB02E506F00042E0FB03E54FF056
:10B8F0000006E1FB03569CF0000F18BF4EF0010E4E
:10B90000A4F1FF04B6F5007F64F5407404D25FEA49
:10B910004E0E6D4146EB060642EAC62141EA5551FC
:10B920004FEAC52040EA5E504FEACE2EB4F1FD0C3E
:10B9300088BFBCF5E06F1ED8BEF1004F08BF5FEABC
:10B94000500E50F1000041EB045170BD06F000466E
:10B9500046EA010140EA020081EA0301B4EB5C041B
:10B96000C2BFD4EB0C0541EA045170BD41F4801113
:10B970004FF0000E013C00F3AB8014F1360FDEBF38
:10B98000002001F0004170BDC4F10004203C35DA14
:10B990000C341BDC04F11404C4F1200500FA05F397
:10B9A00020FA04F001FA05F240EA020001F0004238
:10B9B00021F0004110EBD37021FA04F642EB0601AE
:10B9C0005EEA430E08BF20EAD37070BDC4F10C04D8
:10B9D000C4F1200500FA04F320FA05F001FA04F29C
:10B9E00040EA020001F0004110EBD37041F1000188
:10B9F0005EEA430E08BF20EAD37070BDC4F1200593
:10BA000000FA05F24EEA020E20FA04F301FA05F2FA
:10BA100043EA020321FA04F001F0004121FA04F2A2
:10BA200020EA020000EBD3705EEA430E08BF20EA72
:10BA3000D37070BD94F0000F0FD101F000464000AC
:10BA400041EB010111F4801F08BF013CF7D041EA2E
:10BA5000060195F0000F18BF704703F00046520032
:10BA600043EB030313F4801F08BF013DF7D043EA03
:10BA70000603704794EA0C0F0CEA135518BF95EAB9
:10BA80000C0F0CD050EA410618BF52EA4306D1D140
:10BA900081EA030101F000414FF0000070BD50EA5F
:10BAA000410606BF1046194652EA430619D094EAE9
:10BAB0000C0F02D150EA013613D195EA0C0F05D1D3
:10BAC00052EA03361CBF104619460AD181EA030127
:10BAD00001F0004141F0FE4141F470014FF00000DF
:10BAE00070BD41F0FE4141F4780170BD81F000412C
:10BAF00002E000BF83F0004330B54FEA41044FEA53
:10BB0000430594EA050F08BF90EA020F1FBF54EAED
:10BB1000000C55EA020C7FEA645C7FEA655C00F089
:10BB2000E2804FEA5454D4EB5555B8BF6D420CDD5A
:10BB30002C4480EA020281EA030382EA000083EADD
:10BB4000010180EA020281EA0303362D88BF30BD7D
:10BB500011F0004F4FEA01314FF4801C4CEA1131D3
:10BB600002D0404261EB410113F0004F4FEA033332
:10BB70004CEA133302D0524263EB430394EA050FBD
:10BB800000F0A780A4F10104D5F1200E0DDB02FA2C
:10BB90000EFC22FA05F2801841F1000103FA0EF2C0
:10BBA000801843FA05F359410EE0A5F120050EF186
:10BBB000200E012A03FA0EFC28BF4CF0020C43FAB7
:10BBC00005F3C01851EBE37101F0004507D54FF0C4
:10BBD000000EDCF1000C7EEB00006EEB0101B1F514
:10BBE000801F1BD3B1F5001F0CD349085FEA30005A
:10BBF0004FEA3C0C04F101044FEA445212F5800F65
:10BC000080F09A80BCF1004F08BF5FEA500C50F101
:10BC1000000041EB045141EA050130BD5FEA4C0CE4
:10BC2000404141EB0101013C28BFB1F5801FE9D241
:10BC300091F0000F04BF01460020B1FA81F308BF64
:10BC40002033A3F10B03B3F120020CDA0C3208DD30
:10BC500002F1140CC2F10C0201FA0CF021FA02F10B
:10BC60000CE002F11402D8BFC2F1200C01FA02F17B
:10BC700020FA0CFCDCBF41EA0C019040E41AA2BFA0
:10BC800001EB0451294330BD6FEA04041F3C1CDA68
:10BC90000C340EDC04F11404C4F1200220FA04F088
:10BCA00001FA02F340EA030021FA04F345EA030132
:10BCB00030BDC4F10C04C4F1200220FA02F001FAF4
:10BCC00004F340EA0300294630BD21FA04F0294676
:10BCD00030BD94F0000F83F4801306BF81F480110F
:10BCE0000134013D4EE77FEA645C18BF7FEA655C82
:10BCF00029D094EA050F08BF90EA020F05D054EA54
:10BD0000000C04BF1946104630BD91EA030F1EBF58
:10BD10000021002030BD5FEA545C05D1400049415C
:10BD200028BF41F0004130BD14F580043CBF01F54F
:10BD3000801130BD01F0004545F0FE4141F4700135
:10BD40004FF0000030BD7FEA645C1ABF1946104610
:10BD50007FEA655C1CBF0B46024650EA013406BF11
:10BD600052EA033591EA030F41F4002130BD00BFD0
:10BD700090F0000F04BF0021704730B54FF480648D
:10BD800004F132044FF000054FF0000150E700BF0E
:10BD900090F0000F04BF0021704730B54FF480646D
:10BDA00004F1320410F0004548BF40424FF000015A
:10BDB0003EE700BF42004FEAE2014FEA31014FEA9D
:10BDC00002701FBF12F07F4393F07F4F81F06051EC
:10BDD000704732F07F4208BF704793F07F4F04BF37
:10BDE00041F40021704730B54FF4607401F0004514
:10BDF00021F000411CE700BF50EA010208BF704774
:10BE000030B54FF000050AE050EA010208BF704764
:10BE100030B511F0004502D5404261EB41014FF4CD
:10BE2000806404F132045FEA915C3FF4D8AE4FF0D5
:10BE300003025FEADC0C18BF03325FEADC0C18BFB8
:10BE4000033202EBDC02C2F1200300FA03FC20FA09
:10BE500002F001FA03FE40EA0E0021FA02F1144456
:10BE6000BDE600BF70B54FF0FF0C4CF4E06C1CEA6F
:10BE700011541DBF1CEA135594EA0C0F95EA0C0FE0
:10BE800000F0DEF82C4481EA030621EA4C5123EA53
:10BE90004C5350EA013518BF52EA033541F4801182
:10BEA00043F4801338D0A0FB02CE4FF00005E1FB35
:10BEB00002E506F00042E0FB03E54FF00006E1FB7F
:10BEC00003569CF0000F18BF4EF0010EA4F1FF04C2
:10BED000B6F5007F64F5407404D25FEA4E0E6D4102
:10BEE00046EB060642EAC62141EA55514FEAC52013
:10BEF00040EA5E504FEACE2EB4F1FD0C88BFBCF58F
:10BF0000E06F1ED8BEF1004F08BF5FEA500E50F13F
:10BF1000000041EB045170BD06F0004646EA010105
:10BF200040EA020081EA0301B4EB5C04C2BFD4EB37
:10BF30000C0541EA045170BD41F480114FF0000E30
:10BF4000013C00F3AB8014F1360FDEBF002001F09E
:10BF5000004170BDC4F10004203C35DA0C341BDC18
:10BF600004F11404C4F1200500FA05F320FA04F0EA
:10BF700001FA05F240EA020001F0004221F000411E
:10BF800010EBD37021FA04F642EB06015EEA430E91
:10BF900008BF20EAD37070BDC4F10C04C4F12005C1
:10BFA00000FA04F320FA05F001FA04F240EA020074
:10BFB00001F0004110EBD37041F100015EEA430E45
:10BFC00008BF20EAD37070BDC4F1200500FA05F265
:10BFD0004EEA020E20FA04F301FA05F243EA0203E4
:10BFE00021FA04F001F0004121FA04F220EA0200F3
:10BFF00000EBD3705EEA430E08BF20EAD37070BD39
:10C0000094F0000F0FD101F00046400041EB010118
:10C0100011F4801F08BF013CF7D041EA060195F0FA
:10C02000000F18BF704703F00046520043EB0303B4
:10C0300013F4801F08BF013DF7D043EA06037047A1
:10C0400094EA0C0F0CEA135518BF95EA0C0F0CD0AC
:10C0500050EA410618BF52EA4306D1D181EA0301F2
:10C0600001F000414FF0000070BD50EA410606BFEC
:10C070001046194652EA430619D094EA0C0F02D131
:10C0800050EA013613D195EA0C0F05D152EA033676
:10C090001CBF104619460AD181EA030101F0004194
:10C0A00041F0FE4141F470014FF0000070BD41F0DD
:10C0B000FE4141F4780170BD70B54FF0FF0C4CF4B7
:10C0C000E06C1CEA11541DBF1CEA135594EA0C0FD6
:10C0D00095EA0C0F00F0A7F8A4EB050481EA030E23
:10C0E00052EA03354FEA013100F088804FEA03330A
:10C0F0004FF0805545EA131343EA12634FEA0222D8
:10C1000045EA111545EA10654FEA00260EF0004198
:10C110009D4208BF964244F1FD0404F5407402D2EA
:10C120005B084FEA3202B61A65EB03055B084FEA7B
:10C1300032024FF480104FF4002CB6EB020E75EB78
:10C14000030E22BFB61A754640EA0C005B084FEAA0
:10C150003202B6EB020E75EB030E22BFB61A75461D
:10C1600040EA5C005B084FEA3202B6EB020E75EB68
:10C17000030E22BFB61A754640EA9C005B084FEAE0
:10C180003202B6EB020E75EB030E22BFB61A7546ED
:10C1900040EADC0055EA060E18D04FEA051545EADC
:10C1A00016754FEA06164FEAC30343EA52734FEA85
:10C1B000C2025FEA1C1CC0D111F4801F0BD141EAFE
:10C1C00000014FF000004FF0004CB6E711F4801F63
:10C1D00004BF01430020B4F1FD0C88BFBCF5E06F43
:10C1E0003FF6AFAEB5EB030C04BFB6EB020C5FEA53
:10C1F000500C50F1000041EB045170BD0EF0004EA8
:10C200004EEA113114EB5C04C2BFD4EB0C0541EAD9
:10C21000045170BD41F480114FF0000E013C90E6D6
:10C2200045EA060E8DE60CEA135594EA0C0F08BF9A
:10C2300095EA0C0F3FF43BAF94EA0C0F0AD150EA99
:10C2400001347FF434AF95EA0C0F7FF425AF10462C
:10C2500019462CE795EA0C0F06D152EA03353FF454
:10C26000FDAE1046194622E750EA410618BF52EAD1
:10C2700043067FF4C5AE50EA41047FF40DAF52EAA5
:10C2800043057FF4EBAE12E74FF0FF3C06E000BF42
:10C290004FF0010C02E000BF4FF0010C4DF804CD4F
:10C2A0004FEA410C7FEA6C5C4FEA430C18BF7FEA0F
:10C2B0006C5C1BD001B050EA410C0CBF52EA430C3D
:10C2C00091EA030F02BF90EA020F0020704710F1BD
:10C2D000000F91EA030F58BF994208BF90422CBF4C
:10C2E000D8176FEAE37040F0010070474FEA410C45
:10C2F0007FEA6C5C02D150EA013C07D14FEA430C63
:10C300007FEA6C5CD6D152EA033CD3D05DF8040BD3
:10C31000704700BF8446104662468C461946634605
:10C3200000E000BF01B5FFF7B7FF002848BF10F1DC
:10C33000000F01BD4DF808EDFFF7F4FF0CBF012021
:10C3400000205DF808FB00BF4DF808EDFFF7EAFF9D
:10C3500034BF012000205DF808FB00BF4DF808ED58
:10C36000FFF7E0FF94BF012000205DF808FB00BF4D
:10C370004DF808EDFFF7CEFF94BF012000205DF8D7
:10C3800008FB00BF4DF808EDFFF7C4FF34BF0120E4
:10C3900000205DF808FB00BF4FEA410C7FEA6C5CAF
:10C3A00002D150EA013C0AD14FEA430C7FEA6C5CAF
:10C3B00002D152EA033C02D14FF0000070474FF027
:10C3C000010070474FEA410212F5001215D211D553
:10C3D0006FF47873B3EB625212D94FEAC12343F082
:10C3E000004343EA505311F0004F23FA02F018BF04
:10C3F000404270474FF00000704750EA013005D1CD
:10C4000011F0004008BF6FF0004070474FF000008F
:10C41000704700BF4A0011D212F5001211D20DD59B
:10C420006FF47873B3EB62520ED44FEAC12343F03A
:10C43000004343EA505323FA02F070474FF00000E4
:10C44000704750EA013002D14FF0FF3070474FF093
:10C45000000070474FEA4102B2F1E04324BFB3F558
:10C46000001CDCF1FE5C0DD901F0004C4FEAC0026B
:10C470004CEA5070B2F1004F40EB830008BF20F04F
:10C480000100704711F0804F21D113F13872BCBF09
:10C4900001F00040704741F480114FEA5252C2F15E
:10C4A0001802C2F1200C10FA0CF320FA02F018BFA7
:10C4B00040F001004FEAC1234FEAD32303FA0CFCFA
:10C4C00040EA0C0023FA02F34FEA4303CCE77FEA89
:10C4D000625307D150EA01331EBF4FF0FE4040F4D3
:10C4E0004000704701F0004040F0FE4040F4000082
:10C4F000704700BF4FF0FF3C06E000BF4FF0010C5B
:10C5000002E000BF4FF0010C4DF804CD4FEA4002AD
:10C510004FEA41037FEA226C18BF7FEA236C11D0F7
:10C5200001B052EA530C18BF90EA010F58BFB2EBAA
:10C53000030088BFC81738BF6FEAE17018BF40F02A
:10C54000010070477FEA226C02D15FEA402C05D1DE
:10C550007FEA236CE4D15FEA412CE1D05DF8040B63
:10C56000704700BF844608466146FFE70FB5FFF7F6
:10C57000C9FF002848BF10F1000F0FBD4DF808EDAE
:10C58000FFF7F4FF0CBF012000205DF808FB00BF9F
:10C590004DF808EDFFF7EAFF34BF012000205DF8F9
:10C5A00008FB00BF4DF808EDFFF7E0FF94BF012046
:10C5B00000205DF808FB00BF4DF808EDFFF7D2FF43
:10C5C00094BF012000205DF808FB00BF4DF808ED86
:10C5D000FFF7C8FF34BF012000205DF808FB00BF53
:10C5E0004FEA40024FEA41037FEA226C02D15FEA40
:10C5F000402C08D17FEA236C02D15FEA412C02D1A2
:10C600004FF0000070474FF00100704753B94AB92E
:10C61000002908BF00281CBF4FF0FF314FF0FF304A
:10C6200000F09CB9ADF1080C6DE904CE00F03CF8C7
:10C63000DDF804E0DDE9022304B0704738B50022DC
:10C64000002304460D46FFF77FFE28B92046294601
:10C65000BDE8384000F00AB8204605F1004100F07E
:10C6600005F8404261EB410138BD00BFD0B5002262
:10C670000B4B06460F46FFF7F5FBFFF7CBFE0446D4
:10C68000FFF776FB0022074BFFF7ECFB02460B4659
:10C6900030463946FFF72EFAFFF7BCFE2146D0BDE3
:10C6A0000000F03D0000F0412DE9F047089D0E46E6
:10C6B00004468E46002B4CD18A429446B2FA82F34D
:10C6C00062D953B102FA03FCC3F1200201FA03FE5E
:10C6D00020FA02F242EA0E0E9C404FEA1C47BEFBD3
:10C6E000F7F11FFA8CF607FB11EE01FB06F0220CA6
:10C6F00042EA0E4290420AD91CEB020201F1FF3ECF
:10C7000080F00E81904240F20B8102396244121A8D
:10C71000B2FBF7F007FB102200FB06F6A4B244EAD6
:10C720000244A6420AD91CEB040400F1FF3280F057
:10C73000F980A64240F2F6806444023840EA0140A3
:10C740000021A41B1DB1DC400023C5E90043BDE866
:10C75000F0878B4205D90DB1C5E9000100210846DB
:10C76000F5E7B3FA83F1002942D1B34202D3824202
:10C7700000F2EE80841A66EB030201209646002D3B
:10C78000E5D0C5E9004EE2E7002B40F08C80881A26
:10C790000121170C96B2B0FBF7FE07FB1E00220C1E
:10C7A00042EA004206FB0EF0904208D91CEB02025E
:10C7B0000EF1FF3802D2904200F2CC80C646121A27
:10C7C000B2FBF7F007FB102200FB06F6A4B244EA26
:10C7D0000244A64208D91CEB040400F1FF3202D245
:10C7E000A64200F2B2801046A41B40EA0E40A9E720
:10C7F000C1F120078B4022FA07FC4CEA030C26FA11
:10C8000007FA4FEA1C48BAFBF8FE06FA01F308FBE8
:10C810001EAA1FFA8CF620FA07F400FA01F90EFBA3
:10C8200006F023431C0C44EA0A44A04202FA01F237
:10C830000BD91CEB04040EF1FF3A80F08480A04277
:10C8400040F28180AEF1020E6444241A98B2B4FB27
:10C85000F8F308FB134403FB06F640EA0444A6423F
:10C8600008D91CEB040403F1FF3068D2A64266D954
:10C87000023B644443EA0E40A41BA0FB02E6B44220
:10C880007346B04652D34FD05DB1B9EB030264EBAF
:10C89000080404FA07F722FA01F31F43CC40C5E964
:10C8A0000074002153E702FA03FCC3F12000C140E9
:10C8B0004FEA1C47B1FBF7FE07FB1E1124FA00F0FC
:10C8C0009E403043020C1FFA8CF642EA01420EFBF6
:10C8D00006F1914204FA03F409D91CEB02020EF1AD
:10C8E000FF382ED291422CD9AEF1020E6244521A78
:10C8F000B2FBF7F107FB112280B240EA024001FBD4
:10C9000006F2824208D91CEB000001F1FF3814D274
:10C91000824212D902396044801A41EA0E413AE754
:10C920007146F4E6104609E7F145ADD2BEEB0203CD
:10C9300066EB0C060138B046A6E74146ECE7034635
:10C9400098E7C646D3E7D6467FE7644402384BE70C
:10C95000084614E7AEF1020E624430E7704700BFAC
:10C9600000F000B8F6F7DEBD3E410C411141274111
:10C9700036410341064115410F410E412641134105
:10C980002941024119410A410B4100000001000107
:10C99000020203034865617020616E642073746154
:10C9A000636B20636F6C6C6973696F6E0A000000C3
:10C9B0004F7574206F662068656170206D656D6FBE
:10C9C00072790A0000000000B71DC1046E3B8209A5
:10C9D000D926430DDC7604136B6BC517B24D861A4E
:10C9E0000550471EB8ED08260FF0C922D6D68A2F6B
:10C9F00061CB4B2B649B0C35D386CD310AA08E3C8A
:10CA0000BDBD4F3870DB114CC7C6D0481EE0934502
:10CA1000A9FD5241ACAD155F1BB0D45BC2969756D1
:10CA2000758B5652C836196A7F2BD86EA60D9B633C
:10CA300011105A6714401D79A35DDC7D7A7B9F70CD
:10CA4000CD665E74E0B6239857ABE29C8E8DA191C3
:10CA5000399060953CC0278B8BDDE68F52FBA58219
:10CA6000E5E66486585B2BBEEF46EABA3660A9B7A6
:10CA7000817D68B3842D2FAD3330EEA9EA16ADA4C5
:10CA80005D0B6CA0906D32D42770F3D0FE56B0DDF4
:10CA9000494B71D94C1B36C7FB06F7C32220B4CED5
:10CAA000953D75CA28803AF29F9DFBF646BBB8FBC0
:10CAB000F1A679FFF4F63EE143EBFFE59ACDBCE841
:10CAC0002DD07DEC77708634C06D4730194B043D16
:10CAD000AE56C539AB0682271C1B4323C53D002E2D
:10CAE0007220C12ACF9D8E1278804F16A1A60C1BF2
:10CAF00016BBCD1F13EB8A01A4F64B057DD00808A9
:10CB0000CACDC90C07AB9778B0B6567C6990157141
:10CB1000DE8DD475DBDD936B6CC0526FB5E61162B0
:10CB200002FBD066BF469F5E085B5E5AD17D1D57F3
:10CB30006660DC5363309B4DD42D5A490D0B19446C
:10CB4000BA16D84097C6A5AC20DB64A8F9FD27A586
:10CB50004EE0E6A14BB0A1BFFCAD60BB258B23B678
:10CB60009296E2B22F2BAD8A98366C8E41102F83AD
:10CB7000F60DEE87F35DA9994440689D9D662B9064
:10CB80002A7BEA94E71DB4E0500075E4892636E973
:10CB90003E3BF7ED3B6BB0F38C7671F7555032FAB4
:10CBA000E24DF3FE5FF0BCC6E8ED7DC231CB3ECF77
:10CBB00086D6FFCB8386B8D5349B79D1EDBD3ADCE0
:10CBC0005AA0FBD8EEE00C6959FDCD6D80DB8E607C
:10CBD00037C64F643296087A858BC97E5CAD8A73FE
:10CBE000EBB04B77560D044FE110C54B38368646F7
:10CBF0008F2B47428A7B005C3D66C158E4408255DA
:10CC0000535D43519E3B1D252926DC21F0009F2CBE
:10CC1000471D5E28424D1936F550D8322C769B3F81
:10CC20009B6B5A3B26D6150391CBD40748ED970A48
:10CC3000FFF0560EFAA011104DBDD014949B93191D
:10CC40002386521D0E562FF1B94BEEF5606DADF8EF
:10CC5000D7706CFCD2202BE2653DEAE6BC1BA9EB49
:10CC60000B0668EFB6BB27D701A6E6D3D880A5DEB2
:10CC70006F9D64DA6ACD23C4DDD0E2C004F6A1CD95
:10CC8000B3EB60C97E8D3EBDC990FFB910B6BCB490
:10CC9000A7AB7DB0A2FB3AAE15E6FBAACCC0B8A705
:10CCA0007BDD79A3C660369B717DF79FA85BB4924C
:10CCB0001F4675961A163288AD0BF38C742DB08111
:10CCC000C330718599908A5D2E8D4B59F7AB08540E
:10CCD00040B6C95045E68E4EF2FB4F4A2BDD0C475D
:10CCE0009CC0CD43217D827B9660437F4F4600727E
:10CCF000F85BC176FD0B86684A16476C9330046179
:10CD0000242DC565E94B9B115E565A15877019187D
:10CD1000306DD81C353D9F0282205E065B061D0BE0
:10CD2000EC1BDC0F51A69337E6BB52333F9D113EFF
:10CD30008880D03A8DD097243ACD5620E3EB152D3C
:10CD400054F6D4297926A9C5CE3B68C1171D2BCC32
:10CD5000A000EAC8A550ADD6124D6CD2CB6B2FDF28
:10CD60007C76EEDBC1CBA1E376D660E7AFF023EAB9
:10CD700018EDE2EE1DBDA5F0AAA064F4738627F9B4
:10CD8000C49BE6FD09FDB889BEE0798D67C63A808F
:10CD9000D0DBFB84D58BBC9A62967D9EBBB03E9364
:10CDA0000CADFF97B110B0AF060D71ABDF2B32A603
:10CDB0006836F3A26D66B4BCDA7B75B8035D36B530
:10CDC000B440F7B10A4275696C6420706172616D9C
:10CDD00065746572733A200A000000005F5F766533
:10CDE00063746F725F7461626C655F737461727497
:10CDF0003A203078252E386C580A00005F65766539
:10CE000063746F725F7461626C653A203078252EAE
:10CE1000386C580A000000005F5F746578745F73B7
:10CE2000746172743A203078252E386C580A0000EC
:10CE30005F65746578743A203078252E386C580A0E
:10CE4000000000005F5F65786964785F73746172E9
:10CE5000743A203078252E386C580A005F5F657868
:10CE60006964785F656E643A203078252E386C5896
:10CE70000A0000005F5F646174615F7374617274C3
:10CE80003A203078252E386C580A00005F656461BE
:10CE900074613A203078252E386C580A0000000062
:10CEA0005F5F6273735F73746172745F5F3A2030A7
:10CEB00078252E386C580A005F656273733A20300B
:10CEC00078252E386C580A005F5F686561705F7363
:10CED000746172745F5F3A203078252E386C580A7E
:10CEE000000000005F65686561703A203078252E8B
:10CEF000386C580A000000005F5F737461636B5FF9
:10CF000073746172745F5F3A203078252E386C58E4
:10CF10000A0000005F65737461636B3A2030782506
:10CF20002E386C580A0000005F656E643A20307835
:10CF3000252E386C580A00000A0A00002020202004
:10CF40002020202020202020202020200000000061
:10CF500030303030303030303030303030303030D1
:10CF6000000000006E616E004E414E00696E66006A
:10CF7000494E46002D0000002B000000200000005C
:10CF8000000000002E000000286E756C6C29000067
:10CF9000686C6A7A744C000030313233343536377D
:10CFA00038394142434445464748494A4B4C4D4E27
:10CFB0004F505152535455565758595A000000007B
:10CFC000202B2D2330215E00010000000200000014
:10CFD0000400000008000000100000002000000015
:10CFE000400000000000000043477261706846572F
:10CFF000506F736974696F6E53656E7365526567C0
:10D0000069737465723A20416C6C3A20252E34584D
:10D01000200000002C20506F7353656E7365486FBD
:10D020006D65413A20257520000000002C20506FCE
:10D030007353656E736542697430413A20257520DB
:10D04000000000002C20506F7353656E73654269B9
:10D050007431413A20257520000000002C20506FCB
:10D060007353656E736542697432413A20257520A9
:10D07000000000002C20506F7353656E7365486F7D
:10D080006D65423A20257520000000002C20506F6D
:10D090007353656E736542697430423A202575207A
:10D0A000000000002C20506F7353656E7365426959
:10D0B0007431423A20257520000000002C20506F6A
:10D0C0007353656E736542697432423A2025752048
:10D0D000000000002C20506F7353656E7365413A59
:10D0E000203078252E3158200000000053746570E0
:10D0F00052656769737465723A20416C6C3A2025F9
:10D100002E385820000000002C204F6E537465709C
:10D110003A202564200000002C204F666653746579
:10D12000703A2025642000002C204D6964537465FA
:10D13000703A2025642000000A4553432D46573A93
:10D140002056616C6964617465644657486F6D650B
:10D150005374657020707265636F72726563746575
:10D16000643A20003B0000000A4553432D46573ADD
:10D170002056616C6964617465644657486F6D65DB
:10D180005374657020706F73742D636F7272656372
:10D190007465643A200000000A4553432D46573A0F
:10D1A00020417474656D7074696E6720746F206DB2
:10D1B0006F7665206D6F746F7220746F3A202564EE
:10D1C0002E0000000A4553432D46573A204D6F76F6
:10D1D0006520636F6D706C6574653B206D6F746F57
:10D1E00072207265706F7274733A2025642C206906
:10D1F000203D2025752E00000A4553432D46573A01
:10D20000205374657020726567697374657273204A
:10D2100072657365743A20000A4553432D46573AA8
:10D22000204D6F766556616C696461746546575030
:10D230006F73746974696F6E282575293A204D6F74
:10D24000746F722069732061743A2025753B200049
:10D250003B200000EE02DA0287002D00D00700001C
:10D260006400000008000000FFFF7F00000078005D
:10D2700000000000FFFF87FF000080FF00000C009F
:10D280000000780000010203040506070001020304
:10D29000040506070809000102030405060708093A
:10D2A0000A0B0C0D0E0F1011121314151617181966
:10D2B0001A1B1C1D1E087F1B0900000068000000CF
:10D2C000700000005C01000060010000120000001E
:10D2D0000000000000000000E5420000F9420000EC
:10D2E000194300002256657273696F6E223A20530B
:10D2F000686F777320686172647761726520616E10
:10D3000064206669726D77617265207665727369F3
:10D310006F6E20696E666F2E0000000056455253F6
:10D32000494F4E005265616446706761203C6164FC
:10D3300064726573733E0000524541444650474154
:10D3400000000000577269746546706761203C6197
:10D350006464726573733E2C3C76616C75653E0047
:10D3600057524954454650474100000052286561D4
:10D37000644670676129203C616464726573733E22
:10D380000000000052000000572872697465467062
:10D39000676129203C616464726573733E2C3C763E
:10D3A000616C75653E00000057000000224657532F
:10D3B0007461747573203C413E2C3C423E2C3C43CE
:10D3C0003E223A20536574732F71756572696573D7
:10D3D0002074686520465720442F41277320286811
:10D3E000657861646563696D616C206C736220753A
:10D3F0006E697473292E0000465753544154555397
:10D40000000000002253656E736F72537465707371
:10D41000203C413E2C3C423E2C3C433E223A205391
:10D420006574732F71756572696573207468652002
:10D43000465720442F4127732028646563696D6136
:10D440006C20766F6C7461676520756E69747329E2
:10D450002E00000053454E534F5253544550530035
:10D46000224D6F746F72203C413E2C3C423E2C3C5E
:10D47000433E223A20536574732F71756572696556
:10D48000732074686520465720412F4427732E006F
:10D490004D4F544F520000002246696C7465725320
:10D4A000656C656374203C312D383E223A2053650B
:10D4B00074732F7175657269657320746865206374
:10D4C000757272656E746C79206C6F61646564202E
:10D4D00066696C7465723B20726573706F7365204A
:10D4E0006F662030206D65616E7320776865656CAE
:10D4F00020697320696E206D6F74696F6E2F63757C
:10D500007272656E746C79207365656B696E6720E5
:10D510006120706F736974696F6E2E0046494C54B8
:10D52000455253454C454354000000005300000051
:10D53000540000002242495354223A2052756E731F
:10D5400020612073656C662D746573742C206C6F7C
:10D5500067732076616C75657320746F20746572D3
:10D560006D696E616C2E000042495354000000004A
:10D5700022426175644469766964657273203C2057
:10D5800057207C20572C20582C20592C205A203EE4
:10D59000223A205365742F7175657279207468651D
:10D5A000206469766964657220746F206368616EB7
:10D5B00067652074686520626175647261746520B6
:10D5C000666F72206561636820706F72742E2E2EF4
:10D5D00000000000424155444449564944455253D5
:10D5E00000000000225072696E74427566666572B2
:10D5F00073223A2044756D702063757272656E7483
:10D6000020636F6E74656E7473206F662070617234
:10D610007365727320666F722064656275672E2E63
:10D620002E0000005052494E544255464645525332
:10D6300000000000224D6F6E69746F72536572694D
:10D64000616C203C2030207C2031207C2032207CEA
:10D650002033203E203C59207C204E3E223A20534D
:10D66000686F772F6869646520696E636F6D696E96
:10D67000672073657269616C2062797465732E002E
:10D680004D4F4E49544F5253455249414C000101B0
:10D69000010000004670676152696E6742756666F8
:10D6A000657243726365723A2000000043726353EF
:10D6B00074617274416464723A20307825386C5811
:10D6C0002C200000437263456E64416464723A200A
:10D6D000307825386C582C200000000043726343DA
:10D6E000757272656E74416464723A2030782538C0
:10D6F0006C582C2000000000437263526573756CF7
:10D70000743A20307825386C582E000043477261F7
:10D71000706846574861726477617265436F6E74D2
:10D72000726F6C52656769737465723A20416C6CF4
:10D730003A20252E345820002C20506F734C6564FD
:10D7400073456E413A202575200000002C20506F53
:10D75000734C656473456E423A20257520000000C5
:10D760002C204D6F746F72456E61626C653A202596
:10D77000752000002C2052657365745374657073B6
:10D780003A202575200000002C204D6F746F7241E7
:10D79000506C75733A202575200000002C204D6FC9
:10D7A000746F72414D696E75733A202575200000C3
:10D7B0002C204D6F746F7242506C75733A20257532
:10D7C000200000002C204D6F746F72424D696E7501
:10D7D000733A2025752000002C204661756C743149
:10D7E000563A2025752000002C204661756C743354
:10D7F000563A2025752000002C204661756C743542
:10D80000563A2025752000002C20506F7765726EE7
:10D81000456E35563A202575200000002C20506FAB
:10D82000776572437963643A202575200000000013
:10D830002C204C6564523A20257520002C204C6524
:10D8400064473A20257520002C204C6564423A201C
:10D85000257520002C2055617274304F453A2025E3
:10D86000752000002C2055617274314F453A2025F7
:10D87000752000002C2055617274324F453A2025E6
:10D88000752000002C2055617274334F453A2025D5
:10D89000752000002C2055783153656C4A6D703A24
:10D8A00020257520000000002C2055783253656C2F
:10D8B0004A6D703A202575200000000043477261D0
:10D8C000706846574D6F746F72436F6E74726F6CF1
:10D8D00053746174757352656769737465723A2025
:10D8E000416C6C3A20252E386C5820002C20536552
:10D8F000656B537465703A20252B6420000000008E
:10D900002C2043757272656E74537465703A2025CD
:10D910002B6420004347726170684657506F7369EB
:10D9200074696F6E53656E7365526567697374656C
:10D93000723A20416C6C3A20252E345820000000A9
:10D940002C20506F7353656E7365486F6D65413A57
:10D9500020257520000000002C20506F7353656E49
:10D96000736542697430413A20257520000000003B
:10D970002C20506F7353656E736542697431413A60
:10D9800020257520000000002C20506F7353656E19
:10D99000736542697432413A202575200000000009
:10D9A0002C20506F7353656E7365486F6D65423AF6
:10D9B00020257520000000002C20506F7353656EE9
:10D9C000736542697430423A2025752000000000DA
:10D9D0002C20506F7353656E736542697431423AFF
:10D9E00020257520000000002C20506F7353656EB9
:10D9F000736542697432423A2025752000000000A8
:10DA00002C20506F7353656E7365413A2030782532
:10DA10002E3158200000000053746570526567690C
:10DA2000737465723A20416C6C3A20252E38582068
:10DA3000000000002C204F6E537465703A2025645E
:10DA4000200000002C204F6666537465703A202534
:10DA5000642000002C204D6964537465703A2025C1
:10DA6000642000000A0A42696E617279556172741D
:10DA70002825752C2025632C202575293A203A006D
:10DA80002532583A000000000A0A00000A0A4269DA
:10DA90006E6172795561727452696E67427566661D
:10DAA00065722825752C2025632C202575293A20A0
:10DAB0003A0000006E2F61000A0A56657273696FA2
:10DAC0006E3A2053657269616C204E756D626572A5
:10DAD0003A20252E38582C20476C6F62616C2052FA
:10DAE00065766973696F6E3A2025733B20627569AC
:10DAF0006C64206E756D6265723A202575206F6EBC
:10DB00003A2025733B2066706761206275696C64FA
:10DB10003A2025752E0A00000A0A56657273696F4D
:10DB20006E3A20476C6F62616C205265766973694A
:10DB30006F6E3A2025733B206275696C64206E75A8
:10DB40006D6265723A202575206F6E3A2025732E1E
:10DB50000A000000257A58000A5265616446706721
:10DB600061436F6D6D616E643A2000000A30782564
:10DB70002E327A583A203078252E32582000000074
:10DB80005B25755D000000000A3078252E327A583A
:10DB90003A203078252E386C582000005B256C75B3
:10DBA0005D000000202827256327290A0A000000BD
:10DBB000257A5820256C75000A577269746546707D
:10DBC0006761436F6D6D616E643A206E65656420B8
:10DBD00032206E756D6572696320706172616D656A
:10DBE0007465727320286164647265737320616E5A
:10DBF000642076616C7565292C20676F742022255E
:10DC000073222028256420706172616D73292E0AA9
:10DC1000000000000A577269746546706761436FBF
:10DC20006D6D616E643A2057726F746520256C7556
:10DC300020746F20000000003078252E347A582E92
:10DC40000A0000000A0A4657537461747573436FE3
:10DC50006D6D616E643A204670676120696E74650F
:10DC60007266616365206973206E6F7420696E69E6
:10DC70007469616C697A65642120506C65617365B3
:10DC80002063616C6C20496E697446706761206620
:10DC900069727374212E00000A0A46575374617426
:10DCA0007573436F6D6D616E643A204F6666736580
:10DCB00074206F66204D6F746F72436F6E74726F55
:10DCC0006C5374617475733A203078252E326C5819
:10DCD0002C2065787065637465643A203078252E51
:10DCE000326C582E000000000A4657537461747558
:10DCF00073436F6D6D616E643A204F666673657431
:10DD0000206F6620506F736974696F6E53656E7310
:10DD10006F72733A203078252E326C582C2065783B
:10DD20007065637465643A203078252E326C582E05
:10DD3000000000000A4657537461747573436F6D99
:10DD40006D616E643A204F6666736574206F66205D
:10DD5000436F6E74726F6C52656769737465723A63
:10DD6000203078252E326C582C20657870656374CD
:10DD700065643A203078252E326C582E0000000061
:10DD80000A0A4657537461747573436F6D6D616E03
:10DD9000643A2063757272656E742076616C756585
:10DDA000733A0A000A0000000A0A53656E736F7224
:10DDB0005374657073436F6D6D616E643A20467085
:10DDC000676120696E74657266616365206973209E
:10DDD0006E6F7420696E697469616C697A6564211B
:10DDE00020506C656173652063616C6C20496E69BD
:10DDF0007446706761206669727374212E0000009A
:10DE00000A0A53656E736F725374657073436F6D56
:10DE10006D616E643A204F6666736574206F66208C
:10DE200066697273742053656E736F7220537465E4
:10DE3000703A203078252E326C582C206578706529
:10DE4000637465643A203078252E326C582E0000B9
:10DE50000A53656E736F725374657073436F6D6DA3
:10DE6000616E643A204F6666736574206F66206C3D
:10DE70006173742053656E736F7220537465703ACA
:10DE8000203078252E326C582C20657870656374AC
:10DE900065643A203078252E326C582E0000000040
:10DEA0000A0A53656E736F725374657073436F6DB6
:10DEB0006D616E643A2063757272656E742076616E
:10DEC0006C7565733A0A00000A506F7344657448B4
:10DED0006F6D65413A2009000A506F7344657441C3
:10DEE000303A2020202009000A506F7344657441A5
:10DEF000313A2020202009000A506F734465744194
:10DF0000323A2020202009000A506F73446574487B
:10DF10006F6D65423A2009000A506F734465744280
:10DF2000303A2020202009000A506F734465744263
:10DF3000313A2020202009000A506F734465744252
:10DF4000323A2020202009000A506F734465743053
:10DF5000413A20000A506F7344657431413A200001
:10DF60000A506F7344657432413A20000A506F734F
:10DF700044657433413A20000A506F734465743429
:10DF8000413A20000A506F7344657435413A2000CD
:10DF90000A506F7344657436413A20000A506F731B
:10DFA00044657437413A20000A506F7344657430F9
:10DFB000423A20000A506F7344657431423A20009F
:10DFC0000A506F7344657432423A20000A506F73EE
:10DFD00044657433423A20000A506F7344657434C8
:10DFE000423A20000A506F7344657435423A20006B
:10DFF0000A506F7344657436423A20000A506F73BA
:10E0000044657437423A20000A0A4D6F746F7243B8
:10E010006F6D6D616E643A204670676120696E7441
:10E02000657266616365206973206E6F7420696E26
:10E03000697469616C697A65642120506C656173EB
:10E04000652063616C6C20496E697446706761205D
:10E050006669727374212E00256C75000A0A4D6F73
:10E06000746F72436F6D6D616E643A206D6F766987
:10E070006E673A0A000000000A0A4D6F746F72431F
:10E080006F6D6D616E643A2073657420746F3A2011
:10E09000256C750A000000000A0A4D6F746F724308
:10E0A0006F6D6D616E643A2063757272656E742077
:10E0B00076616C7565733A0A000000000A0A4669C9
:10E0C0006C74657253656C656374436F6D6D616EDE
:10E0D000643A20496E76616C696420706F7369746C
:10E0E000696F6E207265717565737465643A202579
:10E0F0006C753B206D61782076616C696420706F6F
:10E10000736974696F6E3A20256C753B2061737377
:10E11000756D696E67207765277665206265656E27
:10E120002072657175657374656420746F20726503
:10E130002D686F6D6520776865656C0A00000000CA
:10E140000A0A46696C74657253656C656374436F43
:10E150006D6D616E643A206D6F76696E6720746FC5
:10E160003A20256C750A00000A0A46696C746572CB
:10E1700053656C656374436F6D6D616E643A206DB9
:10E180006F7665206661696C6564210A0000000095
:10E190000A0A46696C74657253656C656374436FF3
:10E1A0006D6D616E643A207175657279696E672074
:10E1B00063757272656E7420706F736974696F6EC7
:10E1C0002E2E2E0A000000000A0A46696C74657241
:10E1D00053656C656374436F6D6D616E643A206D59
:10E1E0006F746F7220697320696E206D6F74696F30
:10E1F0006E20746F2074617267657420706F73692C
:10E2000074696F6E3A20256C750A00000A0A466927
:10E210006C74657253656C656374436F6D6D616E8C
:10E22000643A2063757272656E7420706F736974DE
:10E23000696F6E20696E76616C6964212120526578
:10E240002D686F6D696E6720776865656C2E2E2E60
:10E250000A0000000A0A46696C74657253656C65B1
:10E260006374436F6D6D616E643A2063757272659D
:10E270006E7420706F736974696F6E3A20256C75C7
:10E280000A0000000A0A42495354436F6D6D616EE3
:10E29000643A203A000000000A0A42617564446949
:10E2A0007669646572733A204670676120696E749E
:10E2B000657266616365206973206E6F7420696E94
:10E2C000697469616C697A65642120506C65617359
:10E2D000652063616C6C20496E69744670676120CB
:10E2E0006669727374212E00256C752C256C752C53
:10E2F000256C752C256C75000A0A426175644469A9
:10E300007669646572733A2073657474696E672008
:10E31000746F3A20256C752C20256C752C20256C8B
:10E32000752C20256C752E0A000000000A0A426137
:10E33000756444697669646572733A2063757272B4
:10E34000656E742076616C7565733A20256C752C4A
:10E3500020256C752C20256C752E0A000A426175EB
:10E360006444697669646572733A20506F727430E0
:10E370002066696E616C206469766973696F6E20CE
:10E38000726174696F3A20257520282F3136293B38
:10E390002041637475616C2062617564726174659B
:10E3A0003A20252E356C66000A4261756444697610
:10E3B00069646572733A20506F7274312066696EB9
:10E3C000616C206469766973696F6E20726174692B
:10E3D0006F3A20257520282F3136293B2041637460
:10E3E00075616C2062617564726174653A20252ED6
:10E3F000356C66000A4261756444697669646572C9
:10E40000733A20506F7274322066696E616C2064BA
:10E4100069766973696F6E20726174696F3A20253D
:10E420007520282F3136293B2041637475616C209B
:10E4300062617564726174653A20252E356C660AD6
:10E44000000000000A42617564446976696465727F
:10E45000733A20506F7274332066696E616C206469
:10E4600069766973696F6E20726174696F3A2025ED
:10E470007520282F3136293B2041637475616C204B
:10E4800062617564726174653A20252E356C660A86
:10E49000000000000A53686F774275666665727304
:10E4A000436F6D6D616E643A2046706761556172AD
:10E4B000745061727365723A20000000256C7525F6
:10E4C000325B2C09205D2563000000000A0A4D6FB5
:10E4D0006E69746F7253657269616C436F6D6D61C3
:10E4E0006E643A204D6F6E69746F72696E6720704A
:10E4F0006F727420256C753A2025632E0A00000087
:10E500000A0A4D6F6E69746F7253657269616C436C
:10E510006F6D6D616E643A20496E76616C6964203E
:10E52000706F727420256C753B206D617820697363
:10E530002023322E0A0000000A0A4D6F6E69746FA4
:10E540007253657269616C436F6D6D616E643A20E0
:10E55000496E73756666696369656E742070617271
:10E56000616D6574657273202825753B2073686F33
:10E57000756C642062652032293B20717565727963
:10E58000696E672E2E2E00000A4D6F6E69746F72D1
:10E5900053657269616C436F6D6D616E643A204DB5
:10E5A0006F6E69746F72696E6720706F727420305D
:10E5B0003A2025632E0A00000A4D6F6E69746F724F
:10E5C00053657269616C436F6D6D616E643A204D85
:10E5D0006F6E69746F72696E6720706F727420312C
:10E5E0003A2025632E0A00000A4D6F6E69746F721F
:10E5F00053657269616C436F6D6D616E643A204D55
:10E600006F6E69746F72696E6720706F72742032FA
:10E610003A2025632E0A00000A4D6F6E69746F72EE
:10E6200053657269616C436F6D6D616E643A204D24
:10E630006F6E69746F72696E6720706F72742033C9
:10E640003A2025632E0A0000BEBAAD1BEDAD0F0ABD
:10E650000100011002100310041002200200032028
:10E660000420052006200300040005000600060023
:10E6700004002800C00301300230033004300530AC
:10E6800006300E3001400240034004400540064081
:10E69000FFFF7F000000780000000000FFFF87FF01
:10E6A000000080FF00000C00000078000001020361
:10E6B0000405060700010203040506070809000116
:10E6C00002030405060708090A0B0C0D0E0F1011B2
:10E6D00012131415161718191A1B1C1D1E087F1B60
:10E6E0000900000068000000700000005C010000EC
:10E6F00060010000EE02DA0287002D00D007000062
:10E700006400000008000000590000000000000044
:10E71000077A176900000000467269204E6F762064
:10E7200031342031383A35303A34372032303235CE
:10E7300000010101BEBAAD1BEDAD0F0A01000110D1
:10E740000210031004100220020003200420052000
:10E75000062003000400050006000600040028004F
:10E76000C0030130023003300430053006300E3073
:10E7700001400240034004400540064007000000FD
:10E78000517565727920434772617068566572737E
:10E79000696F6E5061796C6F6164207061636B6545
:10E7A000740000005365742F7175657279204347BA
:10E7B0007261706846574861726477617265436F31
:10E7C0006E74726F6C5265676973746572207061E4
:10E7D000636B6574000000005365742F717565727A
:10E7E000792043477261706846574D6F746F72436A
:10E7F0006F6E74726F6C5374617475735265676970
:10E8000073746572207061636B6574005175657215
:10E8100079204347726170684657506F7369746915
:10E820006F6E53656E7365526567697374657220A8
:10E830007061636B657400005365742F7175657248
:10E8400079204347726170684657506F73697469E5
:10E850006F6E53746570526567697374657220706A
:10E8600061636B65740000005175657279204347E0
:10E8700072617068465754656C656D657472795045
:10E8800061796C6F6164207061636B657400000076
:10E890005365742F71756572792046696C74657261
:10E8A00020706F6F736974696F6E20283332622035
:10E8B000696E7465676572292E2052657475726E73
:10E8C000732066696E616C20706F736974696F6E16
:10E8D0002028303D73756E73616665292C202D31BB
:10E8E000206966206D6F76696E672C206F72202D0F
:10E8F0003220696620706F736974696F6E696E6724
:10E90000206572726F722E00BEBAAD1BEDAD0F0A9C
:10E910000100011043477261706856657273696F38
:10E920006E5061796C6F61643A2053657269616CF5
:10E930004E756D3A203078256C582C2050726F63DC
:10E940006573736F724669726D776172654275693E
:10E950006C644E756D3A20256C752C2046504741ED
:10E960004669726D776172654275696C644E756D4A
:10E970003A20256C75000000434772617068465765
:10E980004861726477617265436F6E74726F6C5226
:10E99000656769737465723A20416C6C3A20252E64
:10E9A000345820002C20506F734C656473456E41C1
:10E9B0003A202575200000002C20506F734C6564B0
:10E9C00073456E423A202575200000002C204D6FC3
:10E9D000746F72456E61626C653A20257520000087
:10E9E0002C20526573657453746570733A202575D5
:10E9F000200000002C204D6F746F7241506C7573B5
:10EA00003A202575200000002C204D6F746F724154
:10EA10004D696E75733A2025752000002C204D6FCE
:10EA2000746F7242506C75733A2025752000000097
:10EA30002C204D6F746F72424D696E75733A2025AC
:10EA4000752000002C204661756C7431563A2025E3
:10EA5000752000002C204661756C7433563A2025D1
:10EA6000752000002C204661756C7435563A2025BF
:10EA7000752000002C20506F7765726E456E3556FC
:10EA80003A202575200000002C20506F77657243D6
:10EA90007963643A20257520000000002C204C6525
:10EAA00064523A20257520002C204C6564473A209A
:10EAB000257520002C204C6564423A2025752000E5
:10EAC0002C2055617274304F453A20257520000086
:10EAD0002C2055617274314F453A20257520000075
:10EAE0002C2055617274324F453A20257520000064
:10EAF0002C2055617274334F453A20257520000053
:10EB00002C2055783153656C4A6D703A202575205C
:10EB1000000000002C2055783253656C4A6D703A25
:10EB20002025752000000000434772617068465739
:10EB30004D6F746F72436F6E74726F6C5374617447
:10EB4000757352656769737465723A20416C6C3AEB
:10EB500020252E386C5820002C205365656B53748B
:10EB600065703A20252B6420000000002C2043759E
:10EB70007272656E74537465703A20252B642000A0
:10EB80004347726170684657506F736974696F6E5E
:10EB900053656E736552656769737465723A204197
:10EBA0006C6C3A20252E3458200000002C20506F29
:10EBB0007353656E7365486F6D65413A2025752006
:10EBC000000000002C20506F7353656E736542691E
:10EBD0007430413A20257520000000002C20506F31
:10EBE0007353656E736542697431413A202575200F
:10EBF000000000002C20506F7353656E73654269EE
:10EC00007432413A20257520000000002C20506FFE
:10EC10007353656E7365486F6D65423A20257520A4
:10EC2000000000002C20506F7353656E73654269BD
:10EC30007430423A20257520000000002C20506FCF
:10EC40007353656E736542697431423A20257520AD
:10EC5000000000002C20506F7353656E736542698D
:10EC60007432423A20257520000000002C20506F9D
:10EC70007353656E7365413A203078252E315820E4
:10EC800000000000537465705265676973746572A3
:10EC90003A20416C6C3A20252E38582000000000A4
:10ECA0002C204F6E537465703A20256420000000BC
:10ECB0002C204F6666537465703A2025642000004E
:10ECC0002C204D6964537465703A2025642000003F
:10ECD0000A42696E61727956657273696F6E436F2D
:10ECE0006D6D616E643A2053656E64696E67207263
:10ECF0006573706F6E736520282575206279746561
:10ED000073293A20000000000A0000000A42696EE0
:10ED100061727946574861726477617265436F6EBC
:10ED200074726F6C537461747573436F6D6D616E43
:10ED3000643A2070726F63657373696E6728257516
:10ED4000292E2E2E0A0A00000A42696E6172794647
:10ED5000574861726477617265436F6E74726F6C4D
:10ED6000537461747573436F6D6D616E643A2053B3
:10ED7000657474696E6720746F2000000A42696EC2
:10ED800061727946574861726477617265436F6E4C
:10ED900074726F6C537461747573436F6D6D616ED3
:10EDA000643A205265706C79696E673A2000000001
:10EDB0000A42696E61727946574D6F746F72436F84
:10EDC0006E74726F6C537461747573436F6D6D61A3
:10EDD0006E643A2070726F63657373696E6728257D
:10EDE00075292E2E2E0A0A000A42696E6172794632
:10EDF000574D6F746F72436F6E74726F6C537461A2
:10EE0000747573436F6D6D616E643A2053657474ED
:10EE1000696E6720746F20000A42696E61727946DC
:10EE2000574D6F746F72436F6E74726F6C53746171
:10EE3000747573436F6D6D616E643A205265706CCA
:10EE400079696E673A2000000A42696E61727946FC
:10EE500057506F736974696F6E53656E7365436F56
:10EE60006E74726F6C537461747573436F6D6D6102
:10EE70006E643A2070726F63657373696E672825DC
:10EE800075292E2E2E0A0A000A42696E6172794691
:10EE900057506F736974696F6E53656E7365436F16
:10EEA0006E74726F6C537461747573436F6D6D61C2
:10EEB0006E643A205265706C79696E673A20000082
:10EEC0000A42696E6172794657506F736974696F4F
:10EED0006E5374657073436F6D6D616E643A20702C
:10EEE000726F63657373696E67282575292E2E2EE0
:10EEF0000A0A00000A42696E6172794657506F73C0
:10EF00006974696F6E5374657073436F6D6D616E74
:10EF1000643A205265706C79696E673A200000008F
:10EF20000A506F73446574486F6D65413A20000064
:10EF30000A506F7344657441303A20000A506F7371
:10EF400044657441313A20000A506F73446574413E
:10EF5000323A20000A506F73446574486F6D654201
:10EF60003A2000000A506F7344657442303A200022
:10EF70000A506F7344657442313A20000A506F732F
:10EF800044657442323A20000A506F73446574300D
:10EF9000413A20000A506F7344657431413A2000B1
:10EFA0000A506F7344657432413A20000A506F73FF
:10EFB00044657433413A20000A506F7344657434D9
:10EFC000413A20000A506F7344657435413A20007D
:10EFD0000A506F7344657436413A20000A506F73CB
:10EFE00044657437413A20000A506F7344657430A9
:10EFF000423A20000A506F7344657431423A20004F
:10F000000A506F7344657432423A20000A506F739D
:10F0100044657433423A20000A506F734465743477
:10F02000423A20000A506F7344657435423A20001A
:10F030000A506F7344657436423A20000A506F7369
:10F0400044657437423A20000A42696E617279461B
:10F050005754656C656D65747279414443436F6DB7
:10F060006D616E643A2070726F63657373696E6769
:10F07000282575292E2E2E0A0A0000000A0A426948
:10F080006E617279465754656C656D65747279412D
:10F090004443436F6D6D616E643A204375727265CF
:10F0A0006E7456616C7565733A0A0A0050315632B7
:10F0B0003A2025332E366C6620560A0050325632DE
:10F0C0003A2025332E366C6620560A0050323856C8
:10F0D0003A2025332E366C6620560A0050325635BB
:10F0E0003A2025332E366C6620560A005036563AA2
:10F0F0002025332E366C6620560A00005035563ACD
:10F100002025332E366C6620560A000050335633C5
:10F11000443A2025332E366C6620560A0000000043
:10F12000503456333A2025332E366C6620560A006A
:10F13000503249323A2025332E366C6620560A006A
:10F14000503449333A2025332E366C6620560A0057
:10F150005036493A2025332E366C6620560A000078
:10F160000A42696E617279465754656C656D6574C3
:10F170007279414443436F6D6D616E643A2052650C
:10F18000706C79696E672E2E2E0A00000A42696E35
:10F19000617279465746696C74657253656C656334
:10F1A00074436F6D6D616E643A2070726F63657346
:10F1B00073696E67282575292E2E2E0A0A00000015
:10F1C0000A42696E617279465746696C746572537A
:10F1D000656C656374436F6D6D616E643A20496E52
:10F1E00076616C696420706F736974696F6E2072E8
:10F1F00065717565737465643A20256C753B206D87
:10F2000061782076616C696420706F736974696FCE
:10F210006E3A20256C753B20617373756D696E675E
:10F22000207765277665206265656E207265717549
:10F23000657374656420746F2072652D686F6D65E9
:10F2400020776865656C0A000A42696E61727946CA
:10F250005746696C74657253656C656374436F6D72
:10F260006D616E643A206D6F76696E6720746F3AD7
:10F2700020256C750A0000000A0A42696E617279E5
:10F28000465746696C74657253656C656374436F69
:10F290006D6D616E643A206D6F7665206661696C94
:10F2A0006564210A000000000A0A42696E617279F1
:10F2B000465746696C74657253656C656374436F39
:10F2C0006D6D616E643A206D6F76696E6720746F44
:10F2D0003A20256C750A00000A0A42696E6172794B
:10F2E000465746696C74657253656C656374436F09
:10F2F0006D6D616E643A207175657279696E672013
:10F3000063757272656E7420706F736974696F6E65
:10F310002E2E2E0A000000000A0A42696E617279E0
:10F32000465746696C74657253656C656374436FC8
:10F330006D6D616E643A206D6F746F722069732019
:10F34000696E206D6F74696F6E20746F20746172C6
:10F3500067657420706F736974696F6E3A20256CED
:10F36000750A00000A0A42696E6172794657466959
:10F370006C74657253656C656374436F6D6D616E1B
:10F38000643A2063757272656E7420706F7369746D
:10F39000696F6E20696E76616C696421210A0000D4
:10F3A0000A0A42696E617279465746696C746572E1
:10F3B00053656C656374436F6D6D616E643A206371
:10F3C000757272656E7420706F736974696F6E3ACE
:10F3D00020256C750A0002100310041002200200A0
:10F3E0000320042005200620030004000500060079
:10F3F000060004002800C00301300230033004304E
:10F40000053006300E300140024003400440054004
:10F4100006400000FFFF7F000000780000000000B1
:10F42000FFFF87FF000080FF00000C000000780055
:10F430000001020304050607000102030405060794
:10F440000809000102030405060708090A0B0C0D50
:10F450000E0F101112131415161718191A1B1C1D54
:10F460001E087F1B090000006800000070000000FB
:10F470005C01000060010000EE02DA0287002D004E
:10F48000D0070000640000000800000059000000E0
:10F49000077A176900000000467269204E6F7620D7
:10F4A00031342031383A35303A3437203230323541
:10F4B00000010101FFFF7F00000078000000000054
:10F4C000FFFF87FF000080FF00000C0000007800B5
:10F4D00000010203040506070001020304050607F4
:10F4E0000809000102030405060708090A0B0C0DB0
:10F4F0000E0F101112131415161718191A1B1C1DB4
:10F500001E087F1B0900000068000000700000005A
:10F510005C010000600100000A50696E6F75744D57
:10F520006F6E69746F724164633A20542F4F2E00DE
:10F530000A0A5363616E4D6F6E69746F7241646342
:10F5400020436F6D6D616E643A2056616C75657312
:10F55000207769746820636F7272656374656420D4
:10F56000756E69747320666F6C6C6F773A0A000071
:10F57000503156323A2025332E366C6620560A001A
:10F58000503256323A2025332E366C6620560A0009
:10F59000503238563A2025332E366C6620560A00F3
:10F5A000503256353A2025332E366C6620560A00E6
:10F5B0005036563A2025332E366C6620560A000007
:10F5C0005035563A2025332E366C6620560A0000F8
:10F5D00050335633443A2025332E366C6620560A73
:10F5E00000000000503456333A2025332E366C6626
:10F5F00020560A00503249323A2025332E366C66A6
:10F6000020560A00503449333A2025332E366C6692
:10F6100020560A005036493A2025332E366C662093
:10F62000560A0000417578303A2025332E366C6634
:10F6300020560A00417578313A2025332E366C6603
:10F6400020560A00417578323A2025332E366C66F2
:10F6500020560A00416D6269656E744C6967687472
:10F660003A2025332E366C6620560A0054656D709C
:10F67000657261747572653A2025332E366C66208A
:10F68000560A00000A5363616E4D6F6E69746F72A3
:10F6900041646320436F6D6D616E643A20436F6D0A
:10F6A000706C6574652E0A0A000000000A0A546531
:10F6B00073744D6F6E69746F7241646320436F6D34
:10F6C0006D616E643A2053657269616C3A205265CF
:10F6D0006164696E6720412F442773202872617727
:10F6E0002076616C756573293A0A00000A5031561C
:10F6F000323A20252B6C642C203078252E386C581B
:10F70000000000000A503256323A20252B6C642C3F
:10F71000203078252E386C58000000000A5032380E
:10F72000563A20252B6C642C203078252E386C58C6
:10F73000000000000A503256353A20252B6C642C0C
:10F74000203078252E386C58000000000A503656BC
:10F750003A20252B6C642C203078252E386C5800EC
:10F760000A5035563A20252B6C642C203078252EF3
:10F77000386C58000A50335633443A20252B6C64B9
:10F780002C203078252E386C580000000A50345652
:10F79000333A20252B6C642C203078252E386C5879
:10F7A000000000000A503249323A20252B6C642CAC
:10F7B000203078252E386C58000000000A5034495B
:10F7C000333A20252B6C642C203078252E386C5849
:10F7D000000000000A5036493A20252B6C642C208A
:10F7E0003078252E386C58000A417578303A20253B
:10F7F0002B6C642C203078252E386C5800000000CB
:10F800000A417578313A20252B6C642C20307825FC
:10F810002E386C58000000000A417578323A2025D5
:10F820002B6C642C203078252E386C58000000009A
:10F830000A416D6269656E744C696768743A202587
:10F840002B6C642C203078252E386C58000000007A
:10F850000A54656D70657261747572653A20252B66
:10F860006C642C203078252E386C58000A5465734F
:10F87000744D6F6E69746F7241646320436F6D6D78
:10F88000616E643A20436F6D706C6574652E0A0A70
:10F8900000000000202C090D0A0000000A4D6F6EC8
:10F8A00069746F7241646343616C6962726174650B
:10F8B0003A20496E76616C696420706172616D6591
:10F8C000746572733B206D7573742067697665206B
:10F8D0006174206C65617374206E616D65206F6664
:10F8E00020696E7075742063616C696272617469FD
:10F8F0006F6E20746F207175657279210A0A00009D
:10F90000256C650044454641554C545300000000A9
:10F910000A4D6F6E69746F7241646343616C696212
:10F92000726174653A20416C6C2063616C6962722B
:10F93000617465732073657420746F2064656661FB
:10F94000756C7473210A0A005031563200000000B1
:10F95000503256320000000050323856000000008D
:10F9600050325635000000005036560050355600D3
:10F97000503356334400000050345633000000002A
:10F98000503249320000000050344933000000007A
:10F99000503649004155583000000000415558315B
:10F9A000000000004155583200000000414D42491E
:10F9B000454E544C494748540000000054454D50B2
:10F9C00045524154555245000A4D6F6E69746F722D
:10F9D00041646343616C6962726174653A20536586
:10F9E00074204761696E3A20256C652028222573B2
:10F9F00022292C20536574204F66667365743A2063
:10FA0000256C65202822257322290A000A4D6F6E75
:10FA100069746F7241646343616C69627261746599
:10FA20003A204761696E3A20256C652C204F666646
:10FA30007365743A20256C650A0000000A4D6F6EEC
:10FA400069746F7241646343616C69627261746569
:10FA50003A20556E61626C6520746F206C6F636133
:10FA6000746520696E707574206D61746368696E69
:10FA7000672022257322210A000000000A4D6F6EC4
:10FA800069746F7241646343616C69627261746529
:10FA90003A20436F6D706C6574652E0A0A00000091
:10FAA000616473313235383A3A696E697428293A9B
:10FAB00020636F6E66696730206D69736D61746372
:10FAC00068202872656164733A3078252E32582C8C
:10FAD0002077616E7465643A3078252E3258290A91
:10FAE00000000000616473313235383A3A696E695A
:10FAF0007428293A20636F6E66696731206D6973D7
:10FB00006D61746368202872656164733A3078258A
:10FB10002E32582C2077616E7465643A3078252E29
:10FB20003258290A00000000616473313235383AD6
:10FB30003A696E697428293A207379737265616431
:10FB4000206D69736D6174636820287265616473E8
:10FB50003A3078252E32582C2077616E7465643ADD
:10FB60003078252E3258290A000000006164733174
:10FB70003235383A3A696E697428293A20677069D3
:10FB80006F63206D69736D617463682028726561AD
:10FB900064733A3078252E32582C2077616E746564
:10FBA000643A3078252E3258290A00006164733196
:10FBB0003235383A3A696E697428293A2069646E98
:10FBC000756D206D69736D6174636820287265615D
:10FBD00064733A3078252E32582C2077616E746524
:10FBE000643A3078252E3258290A00005343414E9A
:10FBF0004D4F4E49544F52414443000022536361DC
:10FC00006E4D6F6E69746F72416463223B2053685E
:10FC10006F772063757272656E7420696E7075748B
:10FC200020766F6C74616765732E2E2E00000000C5
:10FC3000544553544D4F4E49544F52414443000094
:10FC400022546573744D6F6E69746F7241646322E0
:10FC50003B2053686F772072617720412F442063E7
:10FC60006F756E74732E2E2E0000000043414C49B8
:10FC700042524154454D4F4E49544F524144430026
:10FC80002243616C6962726174654D6F6E69746F55
:10FC900072416463203C726561646F75743E2C3CF4
:10FCA0006761696E3E286F7074696F6E616C292C94
:10FCB0003C6F66667365743E286F7074696F6E6121
:10FCC0006C29223B2043616C696272617465202853
:10FCD0006F72207175657279292074686520676973
:10FCE00076656E20726561646F75740000000000B7
:10FCF00000000000BD750000E17500000176000005
:10FD00000000000000000000796700009967000013
:10FD1000010101087F1B0900BEBAAD1BEDAD0F0A42
:10FD20000100011002100310041002200200032041
:10FD3000042005200620030004000500060006003C
:10FD400004002800C00301300230033004300530C5
:10FD500006300E300140024003400440054006409A
:10FD600055736167654661756C745374617475731E
:10FD700052656769737465723A20616C6C3D3078C6
:10FD8000252E34583B20556E446566496E73747257
:10FD90003D25632C20496E7653746174654553503C
:10FDA000523D25632C20496E7650433D25632C201F
:10FDB0004E6F43503D25632C20556E416C69676E34
:10FDC00065643D25632C2044697642795A65726FDB
:10FDD0003D2563004275734661756C74537461749C
:10FDE000757352656769737465723A20616C6C3D16
:10FDF0003078252E32583B20494275734572723D4A
:10FE000025632C205072656369734572723D2563CA
:10FE10002C20496D7072656369734572723D25636C
:10FE20002C20556E53746B4572723D25632C205304
:10FE3000746B4572723D25632C204C737045727251
:10FE40003D25632C204246415256616C69643D2534
:10FE5000630000004275734661756C74416464729E
:10FE600065737352656769737465723A206661756C
:10FE70006C74206174203078252E386C5800000096
:10FE80004D656D4D616E6167654661756C74537447
:10FE90006174757352656769737465723A20616C39
:10FEA0006C3D3078252E32583B20494163635669BA
:10FEB0006F6C3D25632C204441636356696F6C3D34
:10FEC00025632C204D656D556E53746B4572723DE4
:10FED00025632C204D656D53746B4572723D25630F
:10FEE0002C204D656D4C73704572723D25632C203E
:10FEF0004D4D415256616C69643D25630000000020
:10FF00004D656D4D616E6167654661756C744164E8
:10FF1000647265737352656769737465723A2066BB
:10FF200061756C74206174203078252E386C58000F
:10FF3000436F6E666967757261626C654661756C68
:10FF40007453746174757352656769737465727301
:10FF5000434653523A20616C6C3D3078252E386C04
:10FF6000583B20003B200000486172644661756C7C
:10FF70007453746174757352656769737465723A0A
:10FF800020616C6C3D3078252E386C583B205665CE
:10FF900063745461626C653D25632C20466F726307
:10FFA00065643D25632C2044656275674576743D24
:10FFB00025630000436F6E746578745374617465D3
:10FFC0004672616D653A2072303D3078252E386C6E
:10FFD000582C2072313D3078252E386C582C2072E8
:10FFE000323D3078252E386C582C2072333D3078D5
:10FFF000252E386C582C207231323D3078252E3821
:020000022000DC
:100000006C582C206C723D3078252E386C582C2082
:1000100070635F72657475726E5F616464723D30A7
:1000200078252E386C582C20787073723D307825E6
:100030002E386C58000000000A0000000A0A0A214D
:100040004275734661756C74210A00005043205B51
:100050005231355D203D2025780A00004C52205B4E
:100060005231345D203D2025780A00000A0A0A2119
:1000700055736167654661756C74210A0000000064
:100080000A0A0A214D656D4D616E674661756C7493
:10009000210A0000FA050000010101002000000013
:1000A0000A0A496E76616C696420636F6D6D616EDA
:1000B000642028222573223B205B0000252E326815
:1000C00068583A005D2029202D206C697374696E90
:1000D0006720616C6C20617661696C61626C65207F
:1000E000636F6D6D616E64733A0A000025733A2088
:1000F00025730A000A21666F726D6174663A3A7759
:10010000727374725F66756E632825702C2025707B
:100110002C20256C7529210A000000000A0A547859
:1001200042696E6172795061636B65743A204E5515
:100130004C4C205061636B6574436F6E74657874CA
:1001400021202853686F756C642062652042696EB7
:10015000617279556172742A2920506C65617365EA
:10016000207265636F6D70696C65207468697320B7
:1001700062696E6172792E2E2E0A00000A0A4369A6
:100180007263756C61724669666F466C6174746502
:100190006E6564467067613A20446174614F6666BB
:1001A000736574283078256C78292C20446174613B
:1001B000283078256C78292C20526561644F66665A
:1001C000736574283078256C78292C2057726974EF
:1001D000654F6666736574283078256C78292C2005
:1001E0004C656E28256C75292C20506F7052656700
:1001F0006973746572283078256C78293B2000007B
:100200002A446174614F666673657428256C75298C
:100210002C202A446174612830782578292C202AE2
:10022000526561644F666673657428256C75292C68
:10023000202A57726974654F666673657428256C49
:1002400075292C20446570746828256C75292C202C
:100250002A506F70526567697374657228256C75D2
:10026000292E00000A0A43697263756C617246693F
:10027000666F466C617474656E6564467067613A5A
:1002800020506F704D616E792825752920402030EF
:100290007825702E0A0D000000000000000000000C
:1002A000A1840000C5840000E58400009B85000057
:1002B00099860000E3860000E9870000518600006F
:1002C000758600008D880000558800005987000061
:1002D000000000000000000000000000000000001E
:1002E000000000000000000000000000000000000E
:1002F00000000000000000000000000000000000FE
:100300000000000000000000BEBAAD1B4347726150
:1003100070685061636B65744865616465723A200A
:100320005374617274546F6B656E3A203078256C2B
:10033000582C205061796C6F6164547970653A2053
:10034000256C752C205061796C6F61644C656E3A38
:1003500020256C75000000000A0A4347726170682E
:100360005061636B65743A3A497356616C696428ED
:10037000293A205061636B65745374617274546FD1
:100380006B656E3A204275666665722E61735533F1
:100390003228257529203D203078256C782E0A0DCD
:1003A000000000000A0A4347726170685061636B85
:1003B00065743A3A497356616C696428293A207029
:1003C00061796C6F6164747970653A204275666614
:1003D00065722E617355313628257529203D2030F0
:1003E0007825782E0A0D00000A0A4347726170686A
:1003F0005061636B65743A3A497356616C6964285D
:10040000293A207061796C6F61646C656E3A2042A4
:1004100075666665722E61735531362825752920FB
:100420003D20307825782E0A0D0000000A0A434747
:10043000726170685061636B65743A3A49735661D2
:100440006C696428293A204352433A204275666613
:1004500065722E617355333228257529203D203071
:1004600078256C782E0A0D000A0A4347726170687D
:100470005061636B65743A3A497356616C696428DC
:10048000293A205061636B6574456E64546F6B65E7
:100490006E3A204275666665722E61735533322856
:1004A000257529203D203078256C782E0A0D000016
:1004B0000A0A4347726170685061636B65743A3A27
:1004C000497356616C696428293A2043616C63273B
:1004D00064204352433A203078256C7820284372B8
:1004E0006343757272656E74416464723A20307849
:1004F000256C78292E0A0D000A0A42696E6172790C
:1005000020556172743A20496E697428506B7448A2
:100510002025752C20506B7446202575292E0A0D38
:10052000000000002E252E32780000000A0A4269E1
:100530006E617279556172743A20427566666572B1
:1005400028257029206F766572666C6F773B207462
:10055000686973207061636B65742077696C6C20C7
:100560006E6F74206669742028257A7562292C20A4
:10057000666C757368696E67206275666665722E53
:100580000A0D00000A0A42696E617279556172743F
:100590003A20556E6D61746368656420636F6D6D9C
:1005A000616E64203078252E386C5821204E756D90
:1005B000436D64733A20256C750A00000A0A42698B
:1005C0006E617279556172743A205061636B657423
:1005D0002072656365697665642C206275742053AA
:1005E000657269616C4E756D62657220636F6D70C6
:1005F000617269736F6E206661696C65642028653D
:10060000787065637465643A203078252E386C58AC
:100610003B20676F743A203078252E386C58292E8D
:100620000A0D00000A0A42696E617279556172749E
:100630003A205061636B6574207265636569766505
:10064000642C2062757420696E76616C69642E0A70
:100650000D0000000A0A42696E61727920556172CC
:10066000743A2053656E64696E67207061636B65D0
:10067000742825752C202575293A2000252E3258FE
:100680003A0000000A0000000A0A42696E617279AD
:100690005561727452696E67427566666572526919
:1006A0006E674275666665723A205365617263686B
:1006B000696E6720666F72205061636B65742045B8
:1006C0006E6420402025752E0A0D00000A0A42693A
:1006D0006E6172795561727452696E6742756666B1
:1006E000657252696E674275666665723A20466F3A
:1006F000756E645061636B6574456E642825752959
:100700002E0A0D000A0A42696E617279556172748F
:1007100052696E6742756666657252696E674275A8
:10072000666665723A20466F756E645061636B65EC
:10073000745374617274282575292E0A0D00000007
:100740000A0A42696E6172795561727452696E6704
:100750004275666665723A20556E6D6174636865B0
:100760006420636F6D6D616E64203078252E386C67
:100770005821204E756D436D64733A20256C750ABF
:10078000000000000A0A42696E6172795561727454
:1007900052696E6742756666657252696E67427528
:1007A000666665723A20506F704D616E79282575C6
:1007B000292E0A0D000000000A0A42696E61727952
:1007C0005561727452696E674275666665723A2049
:1007D0005061636B657420737461727420262065A8
:1007E0006E6420666F756E642C2062757420706173
:1007F000636B657420697320696E76616C69642E21
:100800000A0D00000A465047415561727443616CFD
:100810006C6261636B733A204E554C4C28257529E8
:1008200020496E76616C69645061636B6574210A5E
:100830000A0000000A465047415561727443616CDA
:100840006C6261636B733A20496E76616C696450C7
:1008500061636B65742120636F6E74656E74733AA7
:10086000203A00000A0A00000A4650474142696ED9
:100870006172795561727443616C6C6261636B7310
:100880003A204E554C4C2825752920556E48616EEE
:10089000646C65645061636B6574210A0A00000032
:1008A0000A465047415561727443616C6C626163E2
:1008B0006B733A20556E68616E646C65642070617C
:1008C000636B6574282575293A2000000A50696E0B
:1008D0006F75744D6F6E69746F724164633A205422
:1008E0002F4F2E000A4D6F6E69746F724164633A28
:1008F00020636820257520626164207374617475BB
:10090000733A203078252E32580A00000A4D6F6E57
:1009100069746F724164633A2063682025752072A0
:10092000656164733A20256C6620566F6C74732081
:100930005B256C75206C736227735D0A00000000F4
:100940000A4D6F6E69746F724164633A2063682068
:100950002575206E6F206E65772073616D706C65F4
:100960002074686973207363616E2E0A00000000B2
:100970000A4F6666736574206F6620556172743025
:1009800052784669666F5065656B5065656B44616A
:1009900074613A203078252E326C582C206578709E
:1009A00065637465643A203078252E326C582E00C9
:1009B0000A4F6666736574206F66205561727430E5
:1009C00052784669666F5065656B5065656B41642A
:1009D00064723A203078252E326C582C206578705D
:1009E00065637465643A203078252E326C582E0089
:1009F000EDAD0F0A010001100210031004100220D7
:100A00000200032004200520062003000400050046
:100A10000600060004002800C00301300230033045
:100A20000430053006300E300140024003400440DF
:100A300005400640087F1B09FFFF7F00000078008B
:100A400000000000FFFF87FF000080FF00000C0097
:100A500000007800000102030405060700010203FC
:100A60000405060708090001020304050607080932
:100A70000A0B0C0D0E0F101112131415161718195E
:100A80001A1B1C1D1E000000680000007000000002
:100A90005C01000060010000000000000000000098
:100AA000EDBC000011BD000075B5000000000000A5
:100AB0000000000021AD000045AD000065AD000064
:100AC000E5AD0000F19500003DAE00000000000023
:100AD00000000000E1AB000005AC0000AD94000098
:100AE00025AC000059AC000097AC0000C3AC00007E
:100AF000D5AC0000E7AC00000000000000000000E2
:100B000041AA0000000000000000000035BD000008
:100B100059BD000075980000219F000000000000F2
:100B20000000000085950000A5950000C595000017
:100B3000DB950000F1950000079600000000000022
:100B400000000000000000000000000000000000A5
:100B50000000000000000000000000000000000095
:100B6000AD94000000000000000000000000000044
:100B70000000000000000000000000000000000075
:100B80000000000000000000000000000000000065
:100B90000000000000000000058B0000298B000011
:100BA000498B0000958B0000D18B00001D8C00004C
:100BB000698C00007D8C0000918C0000A58C0000E9
:100BC000B98C00000B8D0000C98D0000CF8C000097
:100BD000E98C00003F8D0000878D0000698E0000C9
:100BE000198F00008D8F0000E98F00005D900000DC
:100BF000AD900000E1920000FB9200001D93000008
:100C000083930000000000000000000000000000CE
:100C100000000000000000000000000000000000D4
:100C200000000000000000000000000000000000C4
:100C300000000000000000000000000000000000B4
:100C400000000000000000000000000000000000A4
:100C50000000000000000000000000000000000094
:100C60000000000000000000000000000000000084
:100C70000000000000000000010101000020202011
:100C8000202020202020282828282820202020203C
:100C9000202020202020202020202020208810100C
:100CA0001010101010101010101010101004040468
:100CB0000404040404040410101010101010414126
:100CC0004141414101010101010101010101010114
:100CD0000101010101010101101010101010424228
:100CE00042424242020202020202020202020202E4
:100CF0000202020202020202101010102000000084
:100D000000000000000000000000000000000000E3
:100D100000000000000000000000000000000000D3
:100D200000000000000000000000000000000000C3
:100D300000000000000000000000000000000000B3
:100D400000000000000000000000000000000000A3
:100D50000000000000000000000000000000000093
:100D60000000000000000000000000000000000083
:100D70000000000000000000000000000000000073
:100D80000A00000065256C6400000000494E460022
:100D9000696E66004E414E006E616E003031323336
:100DA00034353637383961626364656600000000A7
:100DB0003031323334353637383941424344454691
:100DC00000000000286E756C6C29000030000000E7
:100DD0002F000000504F534958000000430000000E
:100DE000415343494900000049534F2D38383539A4
:100DF0002D310000636A6B73696E676C65000000DB
:100E0000636A6B6E6172726F77000000636A6B7762
:100E1000696465005554462D380000005554463825
:100E2000000000004A495300455543004A50000065
:100E30004555434A50000000534A49530000000002
:100E400049534F00383835390000000049534F2DC1
:100E5000383835392D000000435000004B4F4938D9
:100E600000000000435032303836360043503231F3
:100E700038363600435031303300000047454F527A
:100E80004749414E000000005053000043503130AC
:100E900031000000505431353400000043503130EF
:100EA0003200000054495300363230004350383786
:100EB000340000004C435F414C4C00004C414E4715
:100EC000000000002E0000004C435F434F4C4C419B
:100ED000544500004C435F43545950450000000006
:100EE0004C435F4D4F4E4554415259004C435F4E69
:100EF000554D4552494300004C435F54494D450010
:100F00004C435F4D4553534147455300496E666915
:100F10006E697479000000004E614E0042616C6C95
:100F20006F6320737563636565646564000000002A
:100F30002F5F5F772F61726D2D6E6F6E652D65610E
:100F400062692D6763632D787061636B2F61726DC9
:100F50002D6E6F6E652D656162692D6763632D78F7
:100F60007061636B2F6275696C642D617373657456
:100F7000732F6275696C642F6C696E75782D783685
:100F8000342F736F75726365732F6E65776C69624A
:100F90002D63796777696E2F6E65776C69622F6C48
:100FA0006962632F7374646C69622F64746F612E5D
:100FB000630000002F5F5F772F61726D2D6E6F6E83
:100FC000652D656162692D6763632D787061636B60
:100FD0002F61726D2D6E6F6E652D656162692D6773
:100FE00063632D787061636B2F6275696C642D612A
:100FF00073736574732F6275696C642F6C696E7599
:10100000782D7836342F736F75726365732F6E6524
:10101000776C69622D63796777696E2F6E65776C7F
:1010200069622F6C6962632F7374646C69622F6DDF
:10103000707265632E6300006E660000696E6974ED
:1010400079000000616E00002C2066756E63746983
:101050006F6E3A2000000000617373657274696FEF
:101060006E2022257322206661696C65643A2066D1
:10107000696C6520222573222C206C696E65202501
:1010800064257325730A00002F5F5F772F61726DEF
:101090002D6E6F6E652D656162692D6763632D78B6
:1010A0007061636B2F61726D2D6E6F6E652D656162
:1010B00062692D6763632D787061636B2F62756958
:1010C0006C642D6173736574732F6275696C642F22
:1010D0006C696E75782D7836342F736F7572636511
:1010E000732F6E65776C69622D63796777696E2FF0
:1010F0006E65776C69622F6C6962632F7374646CC0
:1011000069622F6764746F612D6765746865782EF6
:10111000630000000A000100020003000400050053
:1011200006000700080009000A000B000C000D0073
:101130000E000F0010000000303030303030303002
:10114000303030303030303020202020202020201F
:10115000202020202020202043000000000000004C
:10116000000000000000000000000000000000007F
:10117000000000000000000043000000000000002C
:10118000000000000000000000000000000000005F
:10119000000000000000000043000000000000000C
:1011A000000000000000000000000000000000003F
:1011B00000000000000000004300000000000000EC
:1011C000000000000000000000000000000000001F
:1011D00000000000000000004300000000000000CC
:1011E00000000000000000000000000000000000FF
:1011F00000000000000000004300000000000000AC
:1012000000000000000000000000000000000000DE
:10121000000000000000000043000000000000008B
:1012200000000000000000000000000000000000BE
:101230000000000000000000DD5B010049350100F6
:10124000000000007C0C0200C40E020054100200DA
:1012500054100200541002005410020054100200F6
:1012600054100200541002005410020054100200E6
:10127000FFFFFFFFFFFFFFFFFFFFFFFFFFFF00007C
:1012800001004153434949000000000000000000F4
:10129000000000000000000000000000000000004E
:1012A00000004153434949000000000000000000D5
:1012B000000000000000000000000000000000002E
:1012C00000000000B40E0200C80E0200D40E02009E
:1012D000E00E0200EC0E0200F80E0200000F020009
:1012E00004000000000005000004010101010106E6
:1012F00001060004000000000000000000000404DB
:1013000000000000060202020202060206060604AF
:101310000606060606060606060603030606060079
:1013200000000000000000000200000000000000BB
:10133000000504040404040704070003000000007F
:101340000000000000000101000000000701010191
:101350000101070107070706070707070707070730
:10136000070700000707070000000000000000005A
:1013700005000000190000007D00000000000000D2
:10138000BC89D897B2D29C3C33A7A8D523F649395B
:101390003DA7F444FD0FA5329D978CCF08BA5B257D
:1013A000436FAC642806C80A0080E03779C3414324
:1013B000176E05B5B5B89346F5F93FE9034F384DBB
:1013C000321D30F94877825A3CBF737FDD4F157567
:1013D000000000000000F03F00000000000024407A
:1013E00000000000000059400000000000408F4055
:1013F000000000000088C34000000000006AF840C0
:101400000000000080842E4100000000D0126341E3
:101410000000000084D797410000000065CDCD4159
:10142000000000205FA00242000000E8764837423A
:10143000000000A2941A6D42000040E59C30A242D8
:101440000000901EC4BCD64200003426F56B0C434D
:101450000080E03779C3414300A0D88557347643F4
:1014600000C84E676DC1AB43003D9160E458E14355
:10147000408CB5781DAF154450EFE2D6E41A4B44CA
:1014800092D54D06CFF08044F64AE1C7022DB5440F
:10149000B49DD9794378EA4434000000CEFBFFFFC5
:1014A000CB03000001000000000000003500000038
:1014B000CEFBFFFFCB030000010000000000000096
:1014C000BC89D897B2D29C3C33A7A8D523F649391A
:1014D0003DA7F444FD0FA5329D978CCF08BA5B253C
:1014E000436FAC64280668110C5F104E154E2A4EEF
:1014F000314E364E3C4E3F4E424E564E584E824E28
:10150000854E6B8C8A4E12820D5F8E4E9E4E9F4E84
:10151000A04EA24EB04EB34EB64ECE4ECD4EC44EA1
:10152000C64EC24ED74EDE4EED4EDF4EF74E094F41
:101530005A4F304F5B4F5D4F574F474F764F884F55
:101540008F4F984F7B4F694F704F914F6F4F864F22
:10155000964F1851D44FDF4FCE4FD84FDB4FD14F5E
:10156000DA4FD04FE44FE54F1A50285014502A500C
:10157000255005501C4FF64F215029502C50FE4F3E
:10158000EF4F11500650435047500367555050508D
:1015900048505A5056506C50785080509A50855050
:1015A000B450B250C950CA50B350C250D650DE5099
:1015B000E550ED50E350EE50F950F550095101510E
:1015C00002511651155114511A5121513A513751A6
:1015D0003C513B513F51405152514C515451625139
:1015E000F87A69516A516E5180518251D8568C51A6
:1015F00089518F519151935195519651A451A651B2
:10160000A251A951AA51AB51B351B151B251B051EC
:10161000B551BD51C551C951DB51E0515586E95114
:10162000ED51F051F551FE5104520B5214520E522D
:1016300027522A522E52335239524F5244524B5251
:101640004C525E5254526A527452695273527F52D3
:101650007D528D5294529252715288529152A88F5B
:10166000A78FAC52AD52BC52B552C152CD52D752D7
:10167000DE52E352E652ED98E052F352F552F85240
:10168000F9520653085338750D5310530F53155321
:101690001A5323532F533153335338534053465324
:1016A0004553174E49534D53D6515E5369536E53AC
:1016B00018597B53775382539653A053A653A5537F
:1016C000AE53B053B653C353127CD996DF53FC6666
:1016D000EE71EE53E853ED53FA5301543D54405428
:1016E0002C542D543C542E54365429541D544E54CD
:1016F0008F5475548E545F5471547754705492546F
:101700007B5480547654845490548654C754A254C5
:10171000B854A554AC54C454C854A854AB54C2547F
:10172000A454BE54BC54D854E554E6540F55145533
:10173000FD54EE54ED54FA54E25439554055635576
:101740004C552E555C5545555655575538553355BE
:101750005D5599558055AF548A559F557B557E559B
:1017600098559E55AE557C558355A9558755A85516
:10177000DA55C555DF55C455DC55E455D4551456D6
:10178000F7551656FE55FD551B56F9554E565056F3
:10179000DF7134563656325638566B5664562F56CD
:1017A0006C566A56865680568A56A05694568F5660
:1017B000A556AE56B656B456C256BC56C156C356BA
:1017C000C056C856CE56D156D356D756EE56F956B1
:1017D0000057FF560457095708570B570D57135713
:1017E00018571657C7551C572657375738574E574F
:1017F0003B5740574F576957C057885761577F57D6
:1018000089579357A057B357A457AA57B057C357F0
:10181000C657D457D257D3570A58D657E3570B5801
:1018200019581D587258215862584B587058C06B3F
:1018300052583D5879588558B9589F58AB58BA589E
:10184000DE58BB58B858AE58C558D358D158D75899
:10185000D958D858E558DC58E458DF58EF58FA58AA
:10186000F958FB58FC58FD5802590A5910591B5990
:10187000A66825592C592D59325938593E59D27AD2
:10188000555950594E595A595859625960596759C2
:101890006C596959785981599D595E4FAB4FA3597D
:1018A000B259C659E859DC598D59D959DA59255ACE
:1018B0001F5A115A1C5A095A1A5A405A6C5A495AF4
:1018C000355A365A625A6A5A9A5ABC5ABE5ACB5A32
:1018D000C25ABD5AE35AD75AE65AE95AD65AFA5A60
:1018E000FB5A0C5B0B5B165B325BD05A2A5B365B98
:1018F0003E5B435B455B405B515B555B5A5B5B5BAF
:10190000655B695B705B735B755B785B88657A5B55
:10191000805B835BA65BB85BC35BC75BC95BD45B67
:10192000D05BE45BE65BE25BDE5BE55BEB5BF05BC5
:10193000F65BF35B055C075C085C0D5C135C205C8C
:10194000225C285C385C395C415C465C4E5C535CD4
:10195000505C4F5C715B6C5C6E5C624E765C795C7B
:101960008C5C915C945C9B59AB5CBB5CB65CBC5C76
:10197000B75CC55CBE5CC75CD95CE95CFD5CFA5CCD
:10198000ED5C8C5DEA5C0B5D155D175D5C5D1F5D5C
:101990001B5D115D145D225D1A5D195D185D4C5D66
:1019A000525D4E5D4B5D6C5D735D765D875D845D04
:1019B000825DA25D9D5DAC5DAE5DBD5D905DB75D20
:1019C000BC5DC95DCD5DD35DD25DD65DDB5DEB5D9C
:1019D000F25DF55D0B5E1A5E195E115E1B5E365E92
:1019E000375E445E435E405E4E5E575E545E5F5EB1
:1019F000625E645E475E755E765E7A5EBC9E7F5E0A
:101A0000A05EC15EC25EC85ED05ECF5ED65EE35EA3
:101A1000DD5EDA5EDB5EE25EE15EE85EE95EEC5EC4
:101A2000F15EF35EF05EF45EF85EFE5E035F095FFA
:101A30005D5F5C5F0B5F115F165F295F2D5F385F35
:101A4000415F485F4C5F4E5F2F5F515F565F575F4E
:101A5000595F615F6D5F735F775F835F825F7F5FF9
:101A60008A5F885F915F875F9E5F995F985FA05FE5
:101A7000A85FAD5FBC5FD65FFB5FE45FF85FF15FBF
:101A8000DD5FB360FF5F21606060196010602960F6
:101A90000E6031601B6015602B6026600F603A603D
:101AA0005A6041606A6077605F604A6046604D607E
:101AB00063604360646042606C606B605960816029
:101AC0008D60E76083609A6084609B609660976039
:101AD0009260A7608B60E160B860E060D360B46042
:101AE000F05FBD60C660B560D8604D61156106618C
:101AF000F660F7600061F460FA6003612161FB60E9
:101B0000F1600D610E6147613E61286127614A61A4
:101B10003F613C612C6134613D61426144617361AC
:101B20007761586159615A616B6174616F61656178
:101B300071615F615D6153617561996196618761F2
:101B4000AC6194619A618A619161AB61AE61CC6173
:101B5000CA61C961F761C861C361C661BA61CB611D
:101B6000797FCD61E661E361F661FA61F461FF615D
:101B7000FD61FC61FE610062086209620D620C6237
:101B800014621B621E6221622A622E62306232621D
:101B9000336241624E625E6263625B62606268628F
:101BA0007C62826289627E62926293629662D46291
:101BB00083629462D762D162BB62CF62FF62C66207
:101BC000D464C862DC62CC62CA62C262C7629B62D1
:101BD000C9620C63EE62F162276302630863EF621D
:101BE000F56250633E634D631C644F6396638E637E
:101BF0008063AB637663A3638F6389639F63B5631D
:101C00006B636963BE63E963C063C663E363C9630F
:101C1000D263F663C4631664346406641364266492
:101C200036641D65176428640F6467646F647664A6
:101C30004E642A6595649364A564A9648864BC6451
:101C4000DA64D264C564C764BB64D864C264F164F6
:101C5000E7640982E064E164AC62E364EF642C65EC
:101C6000F664F464F264FA640065FD6418651C654A
:101C70000565246523652B653465356537653665EF
:101C800038654B754865566555654D6558655E65A3
:101C90005D6572657865826583658A8B9B659F65E6
:101CA000AB65B765C365C665C165C465CC65D265FE
:101CB000DB65D965E065E165F16572670A66036613
:101CC000FB6573673566366634661C664F66446628
:101CD000496641665E665D666466676668665F66FD
:101CE00062667066836688668E66896684669866B4
:101CF0009D66C166B966C966BE66BC66C466B866DE
:101D0000D666DA66E0663F66E666E966F066F56620
:101D1000F7660F6716671E672667276738972E676F
:101D20003F67366741673867376746675E67606752
:101D300059676367646789677067A9677C676A67C3
:101D40008C678B67A667A1678567B767EF67B4671E
:101D5000EC67B367E967B867E467DE67DD67E2678A
:101D6000EE67B967CE67C667E7679C6A1E68466814
:101D7000296840684D6832684E68B3682B685968B6
:101D8000636877687F689F688F68AD6894689D68AE
:101D90009B688368AE6AB9687468B568A068BA68F9
:101DA0000F698D687E680169CA680869D868226908
:101DB0002669E1680C69CD68D468E768D56836693A
:101DC00012690469D768E3682569F968E068EF6813
:101DD00028692A691A6923692169C6687969776956
:101DE0005C6978696B6954697E696E69396974697F
:101DF0003D695969306961695E695D6981696A69CE
:101E0000B269AE69D069BF69C169D369BE69CE697B
:101E1000E85BCA69DD69BB69C369A7692E6A916914
:101E2000A0699C699569B469DE69E869026A1B6A00
:101E3000FF690A6BF969F269E769056AB1691E6AA7
:101E4000ED69146AEB690A6A126AC16A236A136A45
:101E5000446A0C6A726A366A786A476A626A596AC0
:101E6000666A486A386A226A906A8D6AA06A846AD9
:101E7000A26AA36A976A1786BB6AC36AC26AB86A0B
:101E8000B36AAC6ADE6AD16ADF6AAA6ADA6AEA6AA7
:101E9000FB6A056B1686FA6A126B166B319B1F6B19
:101EA000386B376BDC76396BEE98476B436B496B5D
:101EB000506B596B546B5B6B5F6B616B786B796BC1
:101EC0007F6B806B846B836B8D6B986B956B9E6B5C
:101ED000A46BAA6BAB6BAF6BB26BB16BB36BB76B35
:101EE000BC6BC66BCB6BD36BDF6BEC6BEB6BF36BD1
:101EF000EF6BBE9E086C136C146C1B6C246C236C13
:101F00005E6C556C626C6A6C826C8D6C9A6C816CC8
:101F10009B6C7E6C686C736C926C906CC46CF16C96
:101F2000D36CBD6CD76CC56CDD6CAE6CB16CBE6C2B
:101F3000BA6CDB6CEF6CD96CEA6C1F6D4D88366D3A
:101F40002B6D3D6D386D196D356D336D126D0C6DEA
:101F5000636D936D646D5A6D796D596D8E6D956D70
:101F6000E46F856DF96D156E0A6EB56DC76DE66D22
:101F7000B86DC66DEC6DDE6DCC6DE86DD26DC56D66
:101F8000FA6DD96DE46DD56DEA6DEE6D2D6E6E6EE8
:101F90002E6E196E726E5F6E3E6E236E6B6E2B6EC2
:101FA000766E4D6E1F6E436E3A6E4E6E246EFF6EF1
:101FB0001D6E386E826EAA6E986EC96EB76ED36E45
:101FC000BD6EAF6EC46EB26ED46ED56E8F6EA56EE2
:101FD000C26E9F6E416F116F4C70EC6EF86EFE6EAC
:101FE0003F6FF26E316FEF6E326FCC6E3E6F136FDC
:101FF000F76E866F7A6F786F816F806F6F6F5B6F30
:10200000F36F6D6F826F7C6F586F8E6F916FC26FC1
:10201000666FB36FA36FA16FA46FB96FC66FAA6F1E
:10202000DF6FD56FEC6FD46FD86FF16FEE6FDB6F32
:1020300009700B70FA6F117001700F70FE6F1B70DA
:102040001A70746F1D7018701F7030703E7032708F
:102050005170637099709270AF70F170AC70B8701D
:10206000B370AE70DF70CB70DD70D9700971FD7028
:102070001C711971657155718871667162714C714D
:1020800056716C718F71FB7184719571A871AC710F
:10209000D771B971BE71D271C971D471CE71E0714D
:1020A000EC71E771F571FC71F971FF710D721072CD
:1020B0001B7228722D722C72307232723B723C721B
:1020C0003F72407246724B72587274727E728272A4
:1020D0008172877292729672A272A772B972B2728C
:1020E000C372C672C472CE72D272E272E072E172D0
:1020F000F972F7720F5017730A731C7316731D73FE
:1021000034732F73297325733E734E734F73D89EA8
:1021100057736A7368737073787375737B737A73AC
:10212000C873B373CE73BB73C073E573EE73DE73A2
:10213000A27405746F742574F87332743A7455740C
:102140003F745F74597441745C746974707463741F
:102150006A7476747E748B749E74A774CA74CF7418
:10216000D474F173E074E374E774E974EE74F27498
:10217000F074F174F874F7740475037505750C75D3
:102180000E750D75157513751E7526752C753C75B8
:1021900044754D754A7549755B7546755A7569750F
:1021A000647567756B756D757875767586758775E9
:1021B00074758A758975827594759A759D75A575FE
:1021C000A375C275B375C375B575BD75B875BC75A6
:1021D000B175CD75CA75D275D975E375DE75FE75A5
:1021E000FF75FC750176F075FA75F275F3750B766F
:1021F0000D7609761F76277620762176227624764C
:10220000347630763B764776487646765C765876F6
:1022100061766276687669766A7667766C767076CD
:102220007276767678767C768076837688768B760C
:102230008E769676937699769A76B076B476B876E8
:10224000B976BA76C276CD76D676D276DE76E17675
:10225000E576E776EA762F86FB76087707770477C8
:10226000297724771E77257726771B773777387776
:1022700047775A7768776B775B7765777F777E7775
:1022800079778E778B779177A0779E77B077B677CF
:10229000B977BF77BC77BD77BB77C777CD77D7776F
:1022A000DA77DC77E377EE77FC770C7812782679AB
:1022B00020782A7945788E78747886787C789A7830
:1022C0008C78A378B578AA78AF78D178C678CB78AF
:1022D000D478BE78BC78C578CA78EC78E778DA78B4
:1022E000FD78F47807791279117919792C792B799D
:1022F0004079607957795F795A79557953797A7944
:102300007F798A799D79A7794B9FAA79AE79B3793C
:10231000B979BA79C979D579E779EC79E179E3794D
:10232000087A0D7A187A197A207A1F7A8079317AA8
:102330003B7A3E7A377A437A577A497A617A627A77
:10234000697A9D9F707A797A7D7A887A977A957A78
:10235000987A967AA97AC87AB07AB67AC57AC47A1F
:10236000BF7A8390C77ACA7ACD7ACF7AD57AD37A70
:10237000D97ADA7ADD7AE17AE27AE67AED7AF07A77
:10238000027B0F7B0A7B067B337B187B197B1E7BD2
:10239000357B287B367B507B7A7B047B4D7B0B7BAC
:1023A0004C7B457B757B657B747B677B707B717B2E
:1023B0006C7B6E7B9D7B987B9F7B8D7B9C7B9A7BD4
:1023C0008B7B927B8F7B5D7B997BCB7BC17BCC7B3B
:1023D000CF7BB47BC67BDD7BE97B117C147CE67B09
:1023E000E57B607C007C077C137CF37BF77B177CB0
:1023F0000D7CF67B237C277C2A7C1F7C377C2B7C06
:102400003D7C4C7C437C547C4F7C407C507C587C95
:102410005F7C647C567C657C6C7C757C837C907C6A
:10242000A47CAD7CA27CAB7CA17CA87CB37CB27C80
:10243000B17CAE7CB97CBD7CC07CC57CC27CD87CC8
:10244000D27CDC7CE27C3B9BEF7CF27CF47CF67CF7
:10245000FA7C067D027D1C7D157D0A7D457D4B7DC8
:102460002E7D327D3F7D357D467D737D567D4E7D53
:10247000727D687D6E7D4F7D637D937D897D5B7D03
:102480008F7D7D7D9B7DBA7DAE7DA37DB57DC77D36
:10249000BD7DAB7D3D7EA27DAF7DDC7DB87D9F7D2A
:1024A000B07DD87DDD7DE47DDE7DFB7DF27DE17D4F
:1024B000057E0A7E237E217E127E317E1F7E097E6E
:1024C0000B7E227E467E667E3B7E357E397E437E57
:1024D000377E327E3A7E677E5D7E567E5E7E597E98
:1024E0005A7E797E6A7E697E7C7E7B7E837ED57D08
:1024F0007D7EAE8F7F7E887E897E8C7E927E907E72
:10250000937E947E967E8E7E9B7E9C7E387F3A7FE5
:10251000457F4C7F4D7F4E7F507F517F557F547F4D
:10252000587F5F7F607F687F697F677F787F827F6A
:10253000867F837F887F877F8C7F947F9E7F9D7F30
:102540009A7FA37FAF7FB27FB97FAE7FB67FB87F20
:10255000718BC57FC67FCA7FD57FD47FE17FE67F41
:10256000E97FF37FF97FDC98068004800B8012807E
:10257000188019801C80218028803F803B804A8001
:102580004680528058805A805F8062806880738065
:1025900072807080768079807D807F808480868064
:1025A00085809B8093809A80AD809051AC80DB8049
:1025B000E580D980DD80C480DA80D6800981EF8013
:1025C000F1801B81298123812F814B818B9646814C
:1025D0003E8153815181FC8071816E81658166816C
:1025E0007481838188818A8180818281A0819581A3
:1025F000A481A3815F819381A981B081B581BE81CE
:10260000B881BD81C081C281BA81C981CD81D181AA
:10261000D981D881C881DA81DF81E081E781FA81BF
:10262000FB81FE8101820282058207820A820D827D
:102630001082168229822B8238823382408259820C
:1026400058825D825A825F826482628268826A8274
:102650006B822E827182778278827E828D829282D4
:10266000AB829F82BB82AC82E182E382DF82D28234
:10267000F482F382FA8293830383FB82F982DE82FF
:102680000683DC820983D9823583348316833283BF
:10269000318340833983508345832F832B83178372
:1026A000188385839A83AA839F83A2839683238337
:1026B0008E8387838A837C83B58373837583A083AA
:1026C0008983A883F4831384EB83CE83FD830384FF
:1026D000D8830B84C183F7830784E083F2830D845E
:1026E00022842084BD8338840685FB836D842A84FC
:1026F0003C845A85848477846B84AD846E84828420
:10270000698446842C846F8479843584CA84628485
:10271000B984BF849F84D984CD84BB84DA84D08477
:10272000C184C684D684A1842185FF84F48417855E
:1027300018852C851F8515851485FC844085638547
:1027400058854885418502864B8555858085A485B9
:10275000888591858A85A8856D8594859B85EA8580
:1027600087859C8577857E859085C985BA85CF8547
:10277000B985D085D585DD85E585DC85F9850A8631
:1027800013860B86FE85FA85068622861A86308693
:102790003F864D86554E54865F8667867186938642
:1027A000A386A986AA868B868C86B686AF86C486C3
:1027B000C686B086C9862388AB86D486DE86E9863F
:1027C000EC86DF86DB86EF86128706870887008720
:1027D0000387FB86118709870D87F9860A87348767
:1027E0003F8737873B87258729871A8760875F87D9
:1027F00078874C874E877487578768876E87598795
:10280000538763876A870588A2879F878287AF87F8
:10281000CB87BD87C087D087D696AB87C487B38761
:10282000C787C687BB87EF87F287E0870F880D8849
:10283000FE87F687F7870E88D28711881688158855
:102840002288218831883688398827883B884488BF
:102850004288528859885E8862886B8881887E8821
:102860009E8875887D88B5887288828897889288C6
:10287000AE889988A2888D88A488B088BF88B188DE
:10288000C388C488D488D888D988DD88F988028923
:10289000FC88F488E888F28804890C890A891389FD
:1028A00043891E8925892A892B89418944893B8945
:1028B000368938894C891D8960895E896689648971
:1028C0006D896A896F89748977897E898389888906
:1028D0008A8993899889A189A989A689AC89AF89B0
:1028E000B289BA89BD89BF89C089DA89DC89DD8965
:1028F000E789F489F889038A168A108A0C8A1B8A68
:102900001D8A258A368A418A5B8A528A468A488A83
:102910007C8A6D8A6C8A628A858A828A848AA88A7D
:10292000A18A918AA58AA68A9A8AA38AC48ACD8A0C
:10293000C28ADA8AEB8AF38AE78AE48AF18A148BFC
:10294000E08AE28AF78ADE8ADB8A0C8B078B1A8B95
:10295000E18A168B108B178B208B338BAB97268BD2
:102960002B8B3E8B288B418B4C8B4F8B4E8B498B0B
:10297000568B5B8B5A8B6B8B5F8B6C8B6F8B748BDB
:102980007D8B808B8C8B8E8B928B938B968B998B84
:102990009A8B3A8C418C3F8C488C4C8C4E8C508C52
:1029A000558C628C6C8C788C7A8C828C898C858C22
:1029B0008A8C8D8C8E8C948C7C8C988C1D62AD8CCA
:1029C000AA8CBD8CB28CB38CAE8CB68CC88CC18CEE
:1029D000E48CE38CDA8CFD8CFA8CFB8C048D058DF9
:1029E0000A8D078D0F8D0D8D108D4E9F138DCD8C03
:1029F000148D168D678D6D8D718D738D818D998D73
:102A0000C28DBE8DBA8DCF8DDA8DD68DCC8DDB8DFE
:102A1000CB8DEA8DEB8DDF8DE38DFC8D088E098EDD
:102A2000FF8D1D8E1E8E108E1F8E428E358E308E27
:102A3000348E4A8E478E498E4C8E508E488E598EDB
:102A4000648E608E2A8E638E558E768E728E7C8E0C
:102A5000818E878E858E848E8B8E8A8E938E918EBC
:102A6000948E998EAA8EA18EAC8EB08EC68EB18EAB
:102A7000BE8EC58EC88ECB8EDB8EE38EFC8EFB8E1B
:102A8000EB8EFE8E0A8F058F158F128F198F138F85
:102A90001C8F1F8F1B8F0C8F268F338F3B8F398F8F
:102AA000458F428F3E8F4C8F498F468F4E8F578F69
:102AB0005C8F628F638F648F9C8F9F8FA38FAD8F8E
:102AC000AF8FB78FDA8FE58FE28FEA8FEF8F879026
:102AD000F48F0590F98FFA8F1190159021900D9039
:102AE0001E9016900B902790369035903990F88F65
:102AF0004F905090519052900E9049903E90569029
:102B000058905E9068906F907690A89672908290A0
:102B10007D90819080908A9089908F90A890AF90BE
:102B2000B190B590E290E4904862DB9002911291EE
:102B30001991329130914A915691589163916591D2
:102B40006991739172918B9189918291A291AB91CC
:102B5000AF91AA91B591B491BA91C091C191C99127
:102B6000CB91D091D691DF91E191DB91FC91F591E0
:102B7000F6911E92FF9114922C92159211925E92F0
:102B80005792459249926492489295923F924B9205
:102B900050929C92969293929B925A92CF92B99213
:102BA000B792E9920F93FA9244932E93199322933A
:102BB0001A9323933A9335933B935C9360937C935E
:102BC0006E935693B093AC93AD939493B993D6937D
:102BD000D793E893E593D893C393DD93D093C893A9
:102BE000E4931A94149413940394079410943694D1
:102BF0002B94359421943A944194529444945B9448
:102C0000609462945E946A94299270947594779417
:102C10007D945A947C947E9481947F948295879538
:102C20008A959495969598959995A095A895A79528
:102C3000AD95BC95BB95B995BE95CA95F66FC395F4
:102C4000CD95CC95D595D495D695DC95E195E59522
:102C5000E295219628962E962F9642964C964F9660
:102C60004B9677965C965E965D965F9666967296A4
:102C70006C968D96989695969796AA96A796B196E5
:102C8000B296B096B496B696B896B996CE96CB96BE
:102C9000C996CD964D89DC960D97D596F9960497F1
:102CA0000697089713970E9711970F9716971997EE
:102CB00024972A97309739973D973E9744974697A0
:102CC0004897429749975C9760976497669768978B
:102CD000D2526B977197799785977C9781977A975E
:102CE00086978B978F9790979C97A897A697A3976F
:102CF000B397B497C397C697C897CB97DC97ED97D0
:102D00004F9FF297DF7AF697F5970F980C983898BF
:102D10002498219837983D9846984F984B986B98EF
:102D20006F987098719874987398AA98AF98B198A2
:102D3000B698C498C398C698E998EB9803990999EE
:102D400012991499189921991D991E9924992099DD
:102D50002C992E993D993E994299499945995099B6
:102D60004B99519952994C99559997999899A59938
:102D7000AD99AE99BC99DF99DB99DD99D899D19934
:102D8000ED99EE99F199F299FB99F899019A0F9AB8
:102D9000059AE299199A2B9A379A459A429A409A3B
:102DA000439A3E9A559A4D9A5B9A579A5F9A629ABD
:102DB000659A649A699A6B9A6A9AAD9AB09ABC9A23
:102DC000C09ACF9AD19AD39AD49ADE9ADF9AE29A8D
:102DD000E39AE69AEF9AEB9AEE9AF49AF19AF79AB6
:102DE000FB9A069B189B1A9B1F9B229B239B259B50
:102DF000279B289B299B2A9B2E9B2F9B329B449B86
:102E0000439B4F9B4D9B4E9B519B589B749B939B0D
:102E1000839B919B969B979B9F9BA09BA89BB49BFE
:102E2000C09BCA9BB99BC69BCF9BD19BD29BE39B6C
:102E3000E29BE49BD49BE19B3A9CF29BF19BF09B31
:102E4000159C149C099C139C0C9C069C089C129C31
:102E50000A9C049C2E9C1B9C259C249C219C309CA1
:102E6000479C329C469C3E9C5A9C609C679C769CEE
:102E7000789CE79CEC9CF09C099D089DEB9C039D35
:102E8000069D2A9D269DAF9D239D1F9D449D159DBA
:102E9000129D419D3F9D3E9D469D489D5D9D5E9D31
:102EA000649D519D509D599D729D899D879DAB9DAF
:102EB0006F9D7A9D9A9DA49DA99DB29DC49DC19D23
:102EC000BB9DB89DBA9DC69DCF9DC29DD99DD39DEA
:102ED000F89DE69DED9DEF9DFD9D1A9E1B9E1E9EFD
:102EE000759E799E7D9E819E889E8B9E8C9E929ED5
:102EF000959E919E9D9EA59EA99EB89EAA9EAD9EC2
:102F00006197CC9ECE9ECF9ED09ED49EDC9EDE9EB0
:102F1000DD9EE09EE59EE89EEF9EF49EF69EF79E67
:102F2000F99EFB9EFC9EFD9E079F089FB776159F0E
:102F3000219F2C9F3E9F4A9F529F549F639F5F9F5C
:102F4000609F619F669F679F6C9F6A9F779F729F3C
:102F5000769F959F9C9FA09F2F58C7695990647436
:102F6000DC5199719C4E1655035A3F96C0541B6113
:102F70002863F659229075841C83507AAA60E16315
:102F8000256EED656684A682F59B93682757A1653B
:102F900071629B5BD0597B86F498627DBE7D8E9B6F
:102FA00016629F7CB788895BB55E0963976648683F
:102FB000C7958D974F67E54E0A4F4D4F9D4F49502E
:102FC000F2563759D459015A095CDF600F617061BC
:102FD00013660569BA704F757075FB79AD7DEF7D2D
:102FE000C3800E846388028B55907A903B53954E34
:102FF000A54EDF57B280C190EF78004EF158A26E17
:103000003890327A28838B822F9C41517053BD5463
:10301000E154E056FB59155FF298EB6DE4802D8585
:1030200062967096A096FB970B54F353875BCF7014
:10303000BD7FC28FE8966F535C9DBA7A114E93782C
:10304000FC81266E185604551D6B1A853B9CE5596C
:10305000A953666DDC748F954256914E4B90F29653
:103060004F830C99E153B655305B715F2066F36670
:103070000468386CF36C296D5B74C8764E7A3498AA
:10308000F1825B88608AED92B26DAB75CA76C599A4
:10309000A660018B8A8DB2958E69AD538651125709
:1030A00030584459B45BF65E2860A963F463BF6C82
:1030B000146F8E7014715971D5713F73017E7682D1
:1030C000D182978560905B921B9D6958BC655A6C54
:1030D0002575F9512E596559805FDC5FBC62FA6530
:1030E0002A6A276BB46B8B73C17F56892C9D0E9D0A
:1030F000C49EA15C966C7B8304514B5CB661C68117
:1031000076686172594EFA4F78536960296E4F7A2A
:10311000F3970B4E1653EE4E554F3D4FA14F734F45
:10312000A052EF5309560F59C15AB65BE15BD179F2
:1031300087669C67B6674C6BB36C6B70C2738D7996
:10314000BE793C7A877BB182DB8204837783EF830D
:10315000D3836687B28A2956A88CE68F4E901E9735
:103160008A86C44FE85C116259723B75E581BD8265
:10317000FE86C08CC5961399D599CB4E1A4FE3891C
:10318000DE564A58CA58FB5EEB5F2A609460626064
:10319000D0611262D0623965419B6666B068776D16
:1031A00070704C758676757DA582F9878B958E96A5
:1031B0009D8CF151BE521659B354B35B165D6861D4
:1031C0008269AF6D8D78CB845788728AA793B89A3D
:1031D0006C6DA899D986A357FF67CE860E9283524D
:1031E00087560454D35EE162B9643C683868BB6BAF
:1031F0007273BA786B7A9A89D2896B8D038FED904E
:10320000A39594966997665BB35C7D694D984E98DB
:103210009B63207B2B6A7F6AB6680D9C5F6F72523E
:103220009D557060EC623B6D076ED16E5B841089BA
:10323000448F144E399CF6531B693A6A84972A6866
:103240005C51C37AB284DC918C935B56289D2268D2
:1032500005833184A57C0852C582E6747E4E834F77
:10326000A051D25B0A52D852E752FB5D9A552A58B8
:10327000E6598C5B985BDB5B725E795EA3601F61D5
:103280006361BE61DB636265D1675368FA683E6B58
:10329000536B576C226F976F456FB0741875E37658
:1032A0000B77FF7AA17B217CE97D367FF07F9D80C3
:1032B00066829E83B389CC8AAB8C8490519493951B
:1032C0009195A2956596D39728991882384E2B54DC
:1032D000B85CCC5DA9734C763C77A95CEB7F0B8D19
:1032E000C196119854985898014F0E4F71539C55A0
:1032F0006856FA574759095BC45B905C0C5E7E5E6A
:10330000CC5FEE633A67D765E2651F67CB68C46838
:103310005F6A305EC56B176C7D6C7F754879635B47
:10332000007A007DBD5F8F89188AB48C778DCC8E32
:103330001D8FE2980E9A3C9B804E7D500051935910
:103340009C5B2F628062EC643A6BA0729175477946
:10335000A97FFB87BC8A708BAC63CA83A097095492
:103360000354AB555468586A708A27787567CD9EA8
:103370007453A25B1A8150860690184E454EC74E74
:10338000114FCA533854AE5B135F256051653D67DA
:10339000426C726CE36C78700374767AAE7A087B58
:1033A0001A7DFE7C667DE7655B72BB53455CE85D1C
:1033B000D262E0621963206E5A86318ADD8DF892FE
:1033C000016FA6795A9BA84EAB4EAC4E9B4FA04FB7
:1033D000D1504751F67A7151F651545321537F53CE
:1033E000EB53AC558358E15C375F4A5F2F60506008
:1033F0006D601F6359654B6AC16CC272ED72EF77E5
:10340000F880058108824E85F790E193FF975799E0
:103410005A9AF04EDD512D5C81666D69405CF26612
:10342000756989735068817CC550E4524757FE5DC9
:103430002693A465236B3D6B34748179BD794B7BF6
:10344000CA7DB982CC837F885F89398BD18FD19136
:103450001F5480925D4E3650E5533A53D77296739F
:10346000E977E682AF8EC699C899D29977511A61E9
:103470005E86B0557A7A7650D35B47908596324E09
:10348000DB6AE791515C485C98639F7A936C749710
:10349000618FAA7A8A718896827C1768707E5168DB
:1034A0006C93F2521B54AB85138AA47FCD8EE190AE
:1034B000665388884179C24FBE50115244515355CA
:1034C0002D57EA738B575159625F845F756076613F
:1034D0006761A961B2633A646C656F664268136E96
:1034E00066753D7AFB7C4C7D997D4B7E6B7F0E83B0
:1034F0004A83CD86088A638A668BFD8E1A988F9DD3
:10350000B882CE8FE89B87521F628364C06F999602
:1035100041689150206B7A6C546F747A507D40886A
:10352000238A0867F64E3950265065507C51385230
:103530006352A7550F570558CC5AFA5EB261F8612D
:10354000F36272631C69296A7D72AC722E731478FF
:103550006F78797D0C77A9808B89198BE28CD28E5C
:10356000639075937A965598139A789E43519F531A
:10357000B3537B5E265F1B6E906E8473FE73437D38
:103580003782008AFA8A50964E4E0B50E4537C5490
:10359000FA56D159645BF15DAB5E275F38624565D1
:1035A000AF67566ED072CA7CB488A180E180F08388
:1035B0004E86878AE88D3792C7966798139F944EF8
:1035C000924E0D4F485349543E542F5A8C5FA15F81
:1035D0009F60A7688E6A5A7481789E8AA48A778BC6
:1035E00090915E4EC99BA44E7C4FAF4F1950165020
:1035F00049516C519F52B952FE529A53E3531154A0
:103600000E5489555157A2577D59545B5D5B8F5BB2
:10361000E55DE75DF75D785E835E9A5EB75E185F95
:1036200052604C619762D862A7633B65026643664D
:10363000F4666D6721689768CB695F6C2A6D696D68
:103640002F6E9D6E327587766C783F7AE07C057DB3
:10365000187D5E7DB17D15800380AF80B18054817F
:103660008F812A8252834C8861881B8BA28CFC8CB0
:10367000CA90759171923F78FC92A4954D960598E9
:103680009999D89A3B9D5B52AB52F7530854D55841
:10369000F762E06F6A8C5F8FB99E4B513B524A5480
:1036A000FD56407A7791609DD29E4473096F708178
:1036B0001175FD5FDA60A89ADB72BC8F646B0398AA
:1036C000CA4EF0566457BE585A5A6860C7610F66B2
:1036D00006663968B168F76DD5753A7D6E82429B92
:1036E0009B4E504FC95306556F5DE65DEE5DFB671F
:1036F000996C73740278508A9693DF885057A75E4E
:103700002B63B550AC508D510067C9545E58BB59FE
:10371000B05B695F4D62A1633D68736B086E7D703D
:10372000C7918072157826786D798E65307DDC833F
:10373000C188098F9B966452285750676A7FA18C75
:10374000B45142572A963A588A69B480B2540E5DF1
:10375000FC579578FA9D5C4F4A528B543E6428661C
:103760001467F567847A567B227D2F935C68AD9B46
:10377000397B19538A513752DF5BF662AE64E664D7
:103780002D67BA6BA985D1969076D69B4C6306932C
:10379000AB9BBF765266094E9850C253715CE8608D
:1037A000926463655F68E671CA732375977B827E56
:1037B0009586838BDB8C78911099AC65AB668B6BAF
:1037C000D54ED44E3A4F7F4F3A52F853F253E35509
:1037D000DB56EB58CB59C959FF59505B4D5C025E23
:1037E0002B5ED75F1D6007632F655C5BAF65BD65B2
:1037F000E8659D67626B7B6B0F6C45734979C17996
:10380000F87C197D2B7DA2800281F38196895E8AE6
:10381000698A668A8C8AEE8AC78CDC8CCC96FC9886
:103820006F6B8B4E3C4F8D4F5051575BFA5B48612D
:1038300001634266216BCB6EBB6C3E72BD74D47566
:10384000C1783A790C803380EA8194849E8F506CE1
:103850007F9E0F5F588B2B9DFA7AF88E8D5BEB96CF
:10386000034EF153F7573159C95AA45B89607F6EF3
:10387000066FBE75EA8C9F5B0085E07B7250F46733
:103880009D82615C4A851E7E0E829951045C68634C
:10389000668D9C656E713E79177D05801D8BCA8E85
:1038A0006E90C786AA901F50FA523A5C53677C709C
:1038B00035724C91C8912B93E582C25B315FF96000
:1038C0003B4ED653885B4B6231678A6BE972E0737B
:1038D0002E7A6B81A38D529196991251D7536A54C7
:1038E000FF5B8863396AAC7D0097DA56CE53685423
:1038F000975B315CDE5DEE4F0161FE62326DC07937
:10390000CB79427D4D7ED27FED811F8290844688A7
:103910007289908B748E2F8F31904B916C91C696DB
:103920009C91C04E4F4F45514153935F0E62D467F7
:10393000416C0B6E6373267ECD918392D4531959DB
:10394000BF5BD16D5D792E7E9B7C7E589F71FA5155
:103950005388F08FCA4FFB5C2566AC77E37A1C82F4
:10396000FF99C651AA5FEC656F69896BF36D966E1E
:10397000646FFE76147DE15D759087910698E6513F
:103980001D5240629166D9661A6EB65ED27D727F14
:10399000F866AF85F785F88AA952D95373598F5EB7
:1039A000905F5560E4926496B7501F51DD522053EA
:1039B0004753EC53E8544655315517566859BE598C
:1039C0003C5AB55B065C0F5C115C1A5C845E8A5ED7
:1039D000E05E705F7F628462DB628C6377630766A0
:1039E0000C662D6676667E67A2681F6A356ABC6CB7
:1039F000886D096E586E3C7126716771C7750177C5
:103A00005D7801796579F079E07A117BA77C397D61
:103A10009680D6838B8449855D88F3881F8A3C8A8B
:103A2000548A738A618CDE8CA49166927E9318947A
:103A30009C9698970A4E084E1E4E574E97517052BC
:103A4000CE573458CC58225B385EC560FE6461673F
:103A50005667446DB6727375637AB884728BB89189
:103A600020933156F457FE98ED620D69966BED7117
:103A7000547E77807282E689DF985587B18F3B5CF0
:103A8000384FE14FB54F0755205ADD5BE95BC35F07
:103A90004E612F63B0654B66EE689B69786DF16D82
:103AA0003375B9751F775E79E679337DE381AF822F
:103AB000AA85AA893A8AAB8E9B8F3290DD910797AF
:103AC000BA4EC14E03527558EC580B5C1A753D5CEA
:103AD0004E810A8AC58F63966D97257BCF8A089899
:103AE0006291F356A853179039548257255EA86304
:103AF000346C8A7061778B7CE07F7088429054913F
:103B0000109318938F965E74C49A075D695D706513
:103B1000A267A88DDB966E6349671969C5831798FC
:103B2000C096FE88846F7A64F85B164E2C705D75C3
:103B30002F66C4513652E252D359815F276010621A
:103B40003F6574651F667466F2681668636B056E80
:103B500072721F75DB76BE7C5680F058FD887F89B7
:103B6000A08A938ACB8A1D90929152975997896522
:103B70000E7A0681BB962D5EDC601A62A56514661E
:103B80009067F3774D7A4D7C3E7E0A81AC8C648DD4
:103B9000E18D5F8EA9780752D962A563426498626D
:103BA0002D8A837AC07BAC8AEA96767D0C8249871F
:103BB000D94E485143536053A35B025C165CDD5DF4
:103BC00026624762B06413683468C96C456D176D2E
:103BD000D3675C6F4E717D71CB657F7AAD7BDA7D8B
:103BE0004A7EA87F7A811B823982A6856E8ACE8C16
:103BF000F58D78907790AD9291928395AE9B4D52D2
:103C00008455386F367168518579557EB381CE7C85
:103C10004C565158A85CAA63FE66FD665A69D97273
:103C20008F758E750E795679DF79977C207D447D6E
:103C30000786348A3B966190209FE7507552CC539B
:103C4000E2530950AA55EE584F593D728B5B645CA4
:103C50001D53E360F3605C6383633F63BB63CD64C8
:103C6000E965F966E35DCD69FD69156FE571894E1A
:103C7000E975F876937ADF7CCF7D9C7D61804983FE
:103C800058836C84BC84FB85C588708D01906D90D1
:103C900097931C97129ACF5097588E61D381358590
:103CA000088D2090C34F7450475273536F6049631F
:103CB0005F672C6EB38D1F90D74F5E5CCA8CCF654B
:103CC0009A7D525396887651C363585B6B5B0A5C4E
:103CD0000D6451675C90D64E1A592A59706C518AFE
:103CE0003E551558A559F0605362C1673582556934
:103CF0004096C499289A534F0658FE5B1080B15CD9
:103D00002F5E855F20604B613462FF66F06CDE6E73
:103D1000CE807F81D4828B88B88C00902E908A963A
:103D2000DB9EDB9BE34EF05327592C7B8D914C9807
:103D3000F99DDD6E277053534455855B58629E6232
:103D4000D362A26CEF6F2274178A3894C16FFE8A17
:103D50003883E751F886EA53E953464F5490B08FC1
:103D60006A593181FD5DEA7ABF8FDA68378CF87263
:103D7000489C3D6AB08A394E585306566657C5620C
:103D8000A263E6654E6BE16D5B6EAD70ED77EF7A29
:103D9000AA7BBB7D3D80C680CB86958A5B93E3562C
:103DA000C7583E5FAD659666806AB56B3775C78A42
:103DB0002450E57730571B5F65607A66606CF47558
:103DC0001A7A6E7FF48118874590B399C97B5C7528
:103DD000F97A517BC4841090E979927A3683E15A5A
:103DE00040772D4EF24E995BE05FBD623C66F16715
:103DF000E86C6B8677883B8A4E91F392D099176A6C
:103E000026702A73E7825784AF8C014E4651CB51FE
:103E10008B55F55B165E335E815E145F355F6B5FBD
:103E2000B45FF2611163A2661D676E6F52723A75DC
:103E30003A777480398178817687BF8ADC8A858D6C
:103E4000F38D9A9277950298E59CC5525763F47664
:103E50001567886CCD73C38CAE937396256D9C5893
:103E60000E69CC69FD8F9A93DB751A905A580268D7
:103E7000B463FB69434F2C6FD867BB8F2685B47D35
:103E800054933F69706F6A57F7582C5B2C7D2A72E8
:103E90000A54E391B49DAD4E4E4F5C507550435261
:103EA0009E8C485424589A5B1D5E955EAD5EF75E0D
:103EB0001F5F8C60B5623A63D063AF68406C8778EF
:103EC0008E790B7AE07D4782028AE68A448E1390CF
:103ED000B8902D91D8910E9FE56C5864E264756599
:103EE000F46E84761B7B6990D193BA6EF254B95FFD
:103EF000A4644D8FED8F449278516B582959555CCD
:103F0000975EFB6D8F7E1C75BC8CE28E5B98B970E2
:103F10001D4FBF6BB16F3075FB964E511054355825
:103F20005758AC59605C925F97655C67216E7B76F1
:103F3000DF83ED8C1490FD904D9325783A78AA524A
:103F4000A65E1F577459126012505A51AC51CD5190
:103F500000521055545858585759955BF65C8B5D74
:103F6000BC6095622D6471674368BC68DF68D77672
:103F7000D86D6F6E9B6D6F70C871535FD875777910
:103F8000497B547B527BD67C717D3052638469853A
:103F9000E4850E8A048B468C0F8E03900F90199443
:103FA00076962D98309AD895CD50D5520C5402580B
:103FB0000E5CA7619E641E6DB377E57AF48004847D
:103FC00053908592E05C079D3F53975FB35F9C6D74
:103FD00079726377BF79E47BD26BEC72AD8A036848
:103FE000616AF851817A34694A5CF69CEB82C55B60
:103FF00049911E7078566F5CC76066658C6C5A8CF0
:10400000419013985154C7660D924859A390855119
:104010004D4EEA5199850E8B58707A634B936269C5
:10402000B499047E777557536069DF8EE3965D6CB3
:104030008C4E3C5C105FE98F0253D18C898079866D
:10404000FF5EE565734E655182593F5CEE97FB4E0E
:104050008A59CD5F8D8AE16FB0796279E75B7184AF
:104060002B73B171745EF55F7B639A64C371987C46
:10407000434EFC5E4B4EDC57A256A960C36F0D7DCC
:10408000FD803381BF81B28F9789A486F45D8A62F7
:10409000AD6487897767E26C3E6D36743478465A32
:1040A000757FAD82AC99F34FC35EDD629263576555
:1040B0006F67C3764C72CC80BA80298F4D910D50BA
:1040C000F957925A856873696471FD72B78CF2581A
:1040D000E08C6A9619907F87E479E77729842F4FDF
:1040E00065525A53CD62CF67CA6C7D76947B957CBE
:1040F00036828485EB8FDD66206F06721B7EAB8374
:10410000C199A69EFD51B17B7278B87B8780487BB0
:10411000E86A615E8C80517560756B5162928C6E3D
:104120007A769791EA9A104F707F9C624F7BA595A3
:10413000E99C7A565958E486BC96344F24524A5327
:10414000CD53DB53065E2C6491657F673E6C4E6CED
:104150004872AF72ED735475417E2C82E985A98C4B
:10416000C47BC69169711298EF983D6369666A7560
:10417000E476D0784385EE862A53515326548359EA
:10418000875E7C5FB26049627962AB629065D46B96
:10419000CC6CB275AE769178D879CB7D777FA580DF
:1041A000AB88B98ABB8C7F905E97DB980B6A387CB2
:1041B00099503E5CAE5F8767D86B357409778E7F08
:1041C0003B9FCA67177A39538B75ED9A665F9D815D
:1041D000F18398803C5FC55F6275467B3C90676861
:1041E000EB599B5A107D7E762C8BF54F6A5F196ACE
:1041F000376C026FE27468796888558A798CDF5E63
:10420000CF63C575D279D7822893F2929C84ED86CC
:104210002D9CC1546C5F8C655C6D1570A78CD38C24
:104220003B984F65F6740D4ED84EE0572B59665AA1
:10423000CC5BA851035E9C5E166076627765A765CD
:104240006E666E6D3672267B50819A8199825C8B88
:10425000A08CE68C748D1C964496AE4FAB64666B56
:104260001E8261846A85E890015C5369A8987A840B
:1042700057850F4F6F52A95F455E0D678F79798122
:1042800007898689F56D175F5562B86CCF4E6972E4
:10429000929B06523B547456B358A4616E621A71D5
:1042A0006E59897CDE7C1B7DF09687655E80194E99
:1042B000754F75514058635E735E0A5FC467264E42
:1042C0003D8589955B96737C0198FB50C158567665
:1042D000A7782552A5771185867B4F5009594772DB
:1042E000C77BE87DBA8FD48F4D90BF4FC952295AF2
:1042F000015FAD97DD4F1782EA9203575563696BF3
:104300002B75DC88148F427ADF52935855610A620C
:10431000AE66CD6B3F7CE9832350F84F055346547E
:10432000315849599D5BF05CEF5C295D965EB16246
:1043300067633E65B9650B67D56CE16CF9703278DF
:104340002B7EDE80B3820C84EC84028712892A8A59
:104350004A8CA690D292FD98F39C6C9D4F4EA14E34
:104360008D5056524A57A8593D5ED85FD95F3F627B
:10437000B4661B67D067D2689251217DAA80A8815C
:10438000008B8C8CBF8C7E92329620542C981753C5
:10439000D5505C53A858B264346767726677467A22
:1043A000E691C352A16C866B00584C5E54592C6741
:1043B000FB7FE151C6766964E878549BBB9ECB577E
:1043C000B95927669A67CE6BE954D969555E9C81C5
:1043D0009567AA9BFE67529C5D68A64EE34FC85343
:1043E000B9622B67AB6CC48FAD4F6D7EBF9E074E1D
:1043F0006261806E2B6F138573542A67459BF35D52
:10440000957BAC5CC65B1C874A6ED184147A0881AC
:1044100099598D7C116C2077D952225921715F7284
:10442000DB772797619D0B697F5A185AA5510D5468
:104430007D540E66DF76F78F9892F49CEA595D7290
:10444000C56E4D51C968BF7DEC7D6297BA9E786498
:10445000216A028384595F5BDB6B1B73F276B27D4A
:104460001780998432512867D99EEE766267FF5291
:104470000599245C3B627E7CB08C4F55B6600B7D09
:10448000809501535F4EB6511C593A723680CE91D9
:10449000255FE2778453795F047DAC85338A8D8E06
:1044A0005697F367AE85539409610861B96C5276EB
:1044B000ED8A388F2F55514F2A51C752CB53A55BE8
:1044C0007D5EA0608261D6630967DA67676E8C6D76
:1044D0003673377331755079D588988A4A909190A0
:1044E000F590C4968D871559884E594F0E4E898A7E
:1044F0003F8F1098AD507C5E9659B95BB85EDA6319
:10450000FA63C164DC664A69D8690B6DB66E947152
:104510002875AF7A8A7F00804984C9848189218B7C
:104520000A8E65907D960A997E619162326B836CEA
:10453000746DCC7FFC7FC06D857FBA87F888656716
:10454000B1833C98F7961B6D617D3D846A91714EF5
:104550007553505D046BEB6FCD852D86A78929526D
:104560000F54655C4E67A86806748374E275CF8843
:10457000E188CC91E29678968B5F8773CB7A4E84F4
:10458000A06365758952416D9C6E097459756B788D
:10459000927C8696DC7A8D9FB64F6E61C5655C868F
:1045A000864EAE4EDA50214ECC51EE5B9965816855
:1045B000BC6D1F734276AD771C7AE77C6F82D28A1E
:1045C0007C90CF91759618989B52D17D2B50985323
:1045D0009767CB6DD0713374E8812A8FA396579C6F
:1045E0009F9E60744158996D2F7D5E98E44E364FC2
:1045F0008B4FB751B152BA5D1C60B2733C79D38214
:104600003492B796F6960A97979E629FA666746B49
:104610001752A352C870C288C95E4B609061236F65
:1046200049713E7CF47D6F80EE8423902C9342543C
:104630006F9BD36A8970C28CEF8D3297B452415A06
:10464000CA5E045F17677C6994696A6D0F6F627256
:10465000FC72ED7B01807E804B87CE906D51939EE6
:1046600084798B803293D68A2D508C54718A6A6BF0
:10467000C48C0781D160A067F29D994E984E109C22
:104680006B8AC185688500697E6E977855810000C8
:10469000002502250C251025182514251C252C2560
:1046A000242534253C25012503250F2513251B250D
:1046B0001725232533252B253B254B2520252F2565
:1046C000282537253F251D25302525253825422538
:1046D0001004110412041304140415040104160434
:1046E0001704180419041A041B041C041D041E04D6
:1046F0001F04200421042204230424042504260486
:104700002704280429042A042B042C042D042E0435
:104710002F04000000000000000000000000000066
:104720000000000000000000000000000000000089
:1047300030043104320433043404350451043604A3
:104740003704380439043A043B043C043D043E0475
:104750003F04400441044204430444044504460425
:104760004704480449044A044B044C044D044E04D5
:104770004F0400009103920393039403950396035F
:104780009703980399039A039B039C039D039E033D
:104790009F03A003A103A303A403A503A603A703E8
:1047A000A803A903000000000000000000000000B2
:1047B00000000000B103B203B303B403B503B603B2
:1047C000B703B803B903BA03BB03BC03BD03BE03FD
:1047D000BF03C003C103C303C403C503C603C703A8
:1047E000C803C90300000000000000000000000032
:1047F00000000001010101010101010101000000AF
:10480000000000000101010101010101010101019C
:10481000010101010101010101010101010100008A
:10482000000000000001010101010101010101017D
:104830000101010101010101010101010101010069
:10484000C625A125A025B325B225BD25BC253B2025
:104850001230922190219121932113300000000009
:104860000000000000000000000000000000000048
:10487000000008220B2286228722822283222A22FB
:1048800029220000000000000000000000000000DD
:10489000000027222822AC00D221D42100220322AA
:1048A00029220000000000000000000000000000BD
:1048B0000000000000002022A5221223022207226D
:1048C000612252226A226B221A223D221D223522A7
:1048D0002B222C220000000000000000000000003D
:1048E00000002B2130206F266D266A2620202120F3
:1048F000B6002C22000000000000EF25003001303F
:1049000002300CFF0EFFFB301AFF1BFF1FFF01FFE1
:104910009B309C30B40040FFA8003EFF3E203FFF8C
:10492000FD30FE309D309E300330DD4E05300630C8
:104930000730FC30142010200FFF3CFF1C301620E5
:104940005CFF26202520182019201C201D2008FF90
:1049500009FF143015303BFF3DFF5BFF5DFF083062
:1049600009300A300B300C300D300E300F30103063
:1049700011300BFF1222B100D700F7001DFF60229B
:104980001CFF1EFF662267221E223422422640267A
:10499000B000322033200321A50004FFA200A300B1
:1049A00005FF03FF06FF0AFF20FFA70006260526D6
:1049B000CB25CF25CE25C7250A0001000200030024
:1049C0000400050006000700080009000A000B00AB
:1049D0000C000D000E000F001000000030303030D1
:1049E0003030303030303030303030302020202007
:1049F0002020202020202020202020200000000037
:104A000000000000000000000000000000000000A6
:104A10000000000000000000000000000000000096
:104A20000000000000000000000000001011121340
:104A3000141516171819000000000000001A1B1C9E
:104A40001D1E1F000000000000000000000000000C
:104A5000000000000000000000000000001A1B1C05
:104A60001D1E1F00000000000000000000000000EC
:104A70000000000000000000000000000000000036
:104A80000000000000000000000000000000000026
:104A90000000000000000000000000000000000016
:104AA0000000000000000000000000000000000006
:104AB00000000000000000000000000000000000F6
:104AC00000000000000000000000000000000000E6
:104AD00000000000000000000000000000000000D6
:104AE00000000000000000000000000000000000C6
:104AF00000000000000000000000000000000000B6
:104B00001F001C20000000001421000002001624D9
:104B1000000000001425000002001528000000001D
:104B2000112900000000142A00000000182B0000CA
:104B30000000142C00000000102D00000000142EB6
:104B4000000001000C3000000900143A00000100D0
:104B5000183C00000200143F000001000341000067
:104B60001900155B00000000145C00000000115DDE
:104B700000000000175E000000000F5F0000000052
:104B8000176000000000036100001900157B0000A1
:104B90000000187C00000000117D00000000187E5D
:104BA00000000000007F000020001CA000000000AA
:104BB00014A10000000016A20000030019A60000C6
:104BC000000014A70000000017A80000000019A9A9
:104BD0000000000006AA0000000013AB0000000067
:104BE00018AC0000000001AD0000000019AE00008C
:104BF000000017AF0000000019B00000000018B15D
:104C0000000000000EB20000010017B40000000018
:104C100003B50000000014B60000010017B8000042
:104C200000000EB90000000006BA0000000012BB30
:104C3000000000000EBC0000020014BF00000000D5
:104C400003C00000160018D70000000003D80000C1
:104C5000060004DF0000000003E00000160018F763
:104C60000000000003F800003F00043801000000CD
:104C7000033901000F00044901000000034A01004C
:104C80004200048D01000000038E01000C00049B13
:104C900001000000039C01000D0004AA01000100B6
:104CA00003AC01000D0004BA0100000006BB0100C6
:104CB000000003BC0100010004BE0100000003BFAE
:104CC0000100000006C00100030003C40100000051
:104CD00007C50100000003C60100010007C801006C
:104CE000000003C90100010007CB0100000003CC54
:104CF0000100230004F00100000003F101000000A6
:104D000007F20100000003F301002D00042102005E
:104D10000000032202001100043402000500033ADF
:104D200002001A00045502000000035602000100B0
:104D3000045802000000035902000000045A020057
:104D40000000035B02000100045D0200020003603A
:104D50000200010004620200000003630200000080
:104D60000464020000000365020001000467020001
:104D70000000036802000400046D02000100036FDC
:104D80000200000004700200000003710200010034
:104D900004730200010003750200000004760200A3
:104DA0000600037D02000000047E02000100038073
:104DB00002000000048102000000038202000100E2
:104DC000048402000200038702000500048D020033
:104DD0000400039202000000049302000000069405
:104DE00002000000049502000700039D020001007C
:104DF000049F0200100005B00200110017C202005B
:104E0000030005C602000B0017D202000D0005E0EA
:104E10000200040017E50200060005EC0200000095
:104E200017ED0200000005EE0200000017EF02007F
:104E300010000B0003006F000370030003000574F3
:104E40000300000017750300000003760300010053
:104E5000057A03000000037B03000200147E0300B8
:104E60000000037F03000000178403000100038695
:104E70000300000014870300000003880300020001
:104E8000038C03000000038E030001000490030064
:104E9000000003910300100003A303000C0004B002
:104EA0000300000003B10300200008D20300020049
:104EB00003D50300200018F60300000003F70300E9
:104EC000040004FC0300000003FD030084001982B9
:104ED000040000000B83040004000A8804000100A1
:104EE000038A0400A50003310500250005590500CB
:104EF0000000145A0500050004600500000003616D
:104F00000500250004870500010014890500000044
:104F1000108A05000000198D05000100168F05009C
:104F200000000B9105002C0010BE050000000BBF17
:104F30000500000014C0050000000BC105000100C1
:104F400014C3050000000BC40500010014C60500D1
:104F500000000BC70500000006D005001A0006EF90
:104F60000500030014F30500010001000600050020
:104F7000180606000200140906000100160B0600C0
:104F80000000140C06000100190E060001000B10B1
:104F900006000A00141B06000000011C06000000A9
:104FA000141D06000200062006001F000540060032
:104FB00000000641060009000B4B060014000C60BF
:104FC00006000900146A06000300066E06000100D0
:104FD0000B700600000006710600620014D4060083
:104FE000000006D5060000000BD60600060001DD15
:104FF0000600000019DE060000000BDF06000500B9
:1050000005E5060001000BE70600010019E90600AE
:1050100000000BEA0600030006EE060001000CF09B
:105020000600090006FA0600020019FD060001004C
:1050300006FF06000000140007000D00010F070026
:1050400000000610070000000B1107000000061208
:1050500007001D000B3007001A00064D070058001E
:105060000BA607000A0006B1070000000CC00700ED
:10507000090006CA070020000BEB0700080005F432
:105080000700010019F60700000014F707000200EE
:1050900005FA070000000BFD0700000016FE0700E0
:1050A00001000600080015000B1608000300051A91
:1050B000080000000B1B0800080005240800000081
:1050C0000B25080002000528080000000B29080035
:1050D0000400143008000E000640080018000B59A8
:1050E00008000200145E08000000066008000A00C4
:1050F00006700800170017880800000006890800DD
:1051000005000190080001000B980800070006A0A8
:105110000800280005C9080000000BCA0800170095
:1051200001E2080000000BE308001F00090309006A
:1051300000000604090035000B3A09000000093B95
:10514000090000000B3C09000000063D09000000BA
:10515000093E090002000B41090007000949090046
:1051600003000B4D09000000094E09000100065024
:10517000090000000B51090006000658090009004B
:105180000B62090001001464090001000C660900AB
:105190000900147009000000057109000000067282
:1051A00009000E000B8109000000098209000100BE
:1051B000068509000700068F090001000693090013
:1051C000150006AA0900060006B20900000006B68E
:1051D000090003000BBC0900000006BD0900000027
:1051E00009BE090002000BC10900030009C709003C
:1051F000010009CB090001000BCD0900000006CE1B
:105200000900000009D70900000006DC09000100C0
:1052100006DF090002000BE2090001000CE60900AC
:10522000090006F00900010016F2090001000EF461
:105230000900050019FA0900000016FB090000002A
:1052400006FC0900000014FD090000000BFE090027
:1052500000000B010A00010009030A000000060516
:105260000A000500060F0A00010006130A001500D7
:10527000062A0A00060006320A00010006350A0066
:10528000010006380A0001000B3C0A000000093E3C
:105290000A0002000B410A0001000B470A0001004E
:1052A0000B4B0A0002000B510A00000006590A00CD
:1052B0000300065E0A0000000C660A0009000B707D
:1052C0000A00010006720A0002000B750A000000C5
:1052D00014760A0000000B810A00010009830A000D
:1052E000000006850A000800068F0A0002000693E7
:1052F0000A00150006AA0A00060006B20A0001000C
:1053000006B50A0004000BBC0A00000006BD0A0036
:10531000000009BE0A0002000BC10A0004000BC70E
:105320000A00010009C90A00000009CB0A000100B7
:105330000BCD0A00000006D00A00000006E00A00BB
:1053400001000BE20A0001000CE60A00090014F05B
:105350000A00000016F10A00000006F90A00000029
:105360000BFA0A0005000B010B00000009020B00FC
:10537000010006050B000700060F0B0001000613D5
:105380000B001500062A0B00060006320B00010078
:1053900006350B0004000B3C0B000000063D0B0023
:1053A0000000093E0B0000000B3F0B00000009400D
:1053B0000B0000000B410B00030009470B0001002C
:1053C000094B0B0001000B4D0B0000000B550B00AF
:1053D000010009570B000000065C0B000100065F8E
:1053E0000B0002000B620B0001000C660B000900B1
:1053F00019700B00000006710B0000000E720B000C
:1054000005000B820B00000006830B0000000685E0
:105410000B000500068E0B00020006920B00030035
:1054200006990B000100069C0B000000069E0B0075
:10543000010006A30B00010006A80B00020006AE47
:105440000B000B0009BE0B0001000BC00B0000009D
:1054500009C10B00010009C60B00020009CA0B00BC
:1054600002000BCD0B00000006D00B00000009D796
:105470000B0000000CE60B0009000EF00B00020010
:1054800019F30B00050016F90B00000019FA0B00C8
:1054900000000B000C00000009010C0002000B04CE
:1054A0000C00000006050C000700060E0C000200B0
:1054B00006120C001600062A0C000F000B3C0C0014
:1054C0000000063D0C0000000B3E0C0002000941EC
:1054D0000C0003000B460C0002000B4A0C000300FA
:1054E0000B550C00010006580C000200065D0C0074
:1054F000000006600C0001000B620C0001000C664D
:105500000C00090014770C0000000E780C00060057
:10551000197F0C00000006800C0000000B810C00BD
:10552000000009820C00010014840C0000000685B4
:105530000C000700068E0C00020006920C001600FC
:1055400006AA0C00090006B50C0004000BBC0C00F8
:10555000000006BD0C00000009BE0C0000000BBFDF
:105560000C00000009C00C0004000BC60C00000079
:1055700009C70C00010009CA0C0001000BCC0C008B
:10558000010009D50C00010006DD0C00010006E059
:105590000C0001000BE20C0001000CE60C000900FD
:1055A00006F10C00010009F30C0000000B000D00D7
:1055B000010009020D00010006040D000800060E9E
:1055C0000D00020006120D0028000B3B0D0001002B
:1055D000063D0D000000093E0D0002000B410D00CC
:1055E000030009460D000200094A0D0002000B4DA0
:1055F0000D000000064E0D000000194F0D000000C8
:1056000006540D00020009570D0000000E580D0051
:105610000600065F0D0002000B620D0001000C6623
:105620000D0009000E700D00080019790D00000032
:10563000067A0D0005000B810D00000009820D00A7
:10564000010006850D001100069A0D00170006B333
:105650000D00080006BD0D00000006C00D0006008C
:105660000BCA0D00000009CF0D0002000BD20D0087
:1056700002000BD60D00000009D80D0007000CE653
:105680000D00090009F20D00010014F40D000000E6
:1056900006010E002F000B310E00000006320E0036
:1056A00001000B340E000600163F0E0000000640FD
:1056B0000E00050005460E0000000B470E00070017
:1056C000144F0E0000000C500E000900145A0E007A
:1056D000010006810E00010006840E00000006860F
:1056E0000E000400068C0E00170006A50E00000038
:1056F00006A70E0009000BB10E00000006B20E0056
:1057000001000BB40E00080006BD0E00000006C02C
:105710000E00040005C60E0000000BC80E000600B7
:105720000CD00E00090006DC0E00030006000F007E
:10573000000019010F00020014040F000E001913DD
:105740000F00000014140F00000019150F000200D4
:105750000B180F000100191A0F0005000C200F0094
:1057600009000E2A0F00090019340F0000000B3544
:105770000F00000019360F0000000B370F0000006B
:1057800019380F0000000B390F000000153A0F0008
:105790000000113B0F000000153C0F000000113D00
:1057A0000F000000093E0F00010006400F00070037
:1057B00006490F0023000B710F000D00097F0F0039
:1057C00000000B800F00040014850F0000000B8602
:1057D0000F00010006880F0004000B8D0F000A0067
:1057E0000B990F00230019BE0F0007000BC60F0016
:1057F000000019C70F00050019CE0F00010014D0DA
:105800000F00040019D50F00030014D90F00010088
:10581000060010002A00092B100001000B2D1000BB
:1058200003000931100000000B3210000500093898
:10583000100000000B3910000100093B10000100AE
:105840000B3D10000100063F100000000C4010004E
:105850000900144A10000500065010000500095602
:10586000100001000B5810000100065A1000030040
:105870000B5E1000020006611000000009621000BB
:105880000200066510000100096710000600066EA0
:10589000100002000B7110000300067510000C00D0
:1058A0000B82100000000983100001000B8510001E
:1058B00001000987100005000B8D10000000068E06
:1058C00010000000098F100000000C90100009006B
:1058D000099A100002000B9D10000000199E100094
:1058E000010003A01000250003C71000000003CD35
:1058F0001000000003D010002A0014FB100000006C
:1059000005FC1000000003FD10000200060011005D
:105910004801064A1200030006501200060006580D
:1059200012000000065A1200030006601200280050
:10593000068A1200030006901200200006B2120030
:10594000030006B81200060006C01200000006C2DE
:105950001200030006C812000E0006D8120038001C
:105960000612130003000618130042000B5D13001B
:1059700002001460130008000E6913001300068073
:1059800013000F0019901300090003A01300550025
:1059900003F81300050010001400000006011400B5
:1059A0006B02196D16000000146E16000000066FE1
:1059B000160010001C801600000006811600190059
:1059C000159B16000000119C1600000006A0160092
:1059D0004A0014EB160002000DEE1600020006F15C
:1059E000160007000600170011000B121700020036
:1059F000091517000000061F170012000B321700D0
:105A0000010009341700000014351700010006409A
:105A1000170011000B5217000100066017000C0060
:105A2000066E170002000B721700010006801700B7
:105A300033000BB41700010009B6170000000BB7C4
:105A40001700060009BE170007000BC6170000006C
:105A500009C7170001000BC917000A0014D417006A
:105A6000020005D71700000014D81700020016DB4B
:105A70001700000006DC170000000BDD1700000017
:105A80000CE0170009000EF01700090014001800C0
:105A900005001006180000001407180003000B0B87
:105AA00018000200010E180000000B0F1800000083
:105AB0000C101800090006201800220005431800E9
:105AC00000000644180034000680180004000B850E
:105AD000180001000687180021000BA9180000001B
:105AE00006AA1800000006B01800450006001900BC
:105AF0001E000B20190002000923190003000B27C8
:105B000019000100092919000200093019000100DB
:105B10000B32190000000933190005000B39190078
:105B200002001940190000001444190001000C463D
:105B300019000900065019001D0006701900040024
:105B4000068019002B0006B0190019000CD01900AE
:105B500009000EDA1900000019DE19002100060004
:105B60001A0016000B171A00010009191A0001008B
:105B70000B1B1A000000141E1A00010006201A0058
:105B8000340009551A0000000B561A00000009578E
:105B90001A0000000B581A0006000B601A000000E3
:105BA00009611A0000000B621A00000009631A0064
:105BB00001000B651A000700096D1A0005000B7340
:105BC0001A0009000B7F1A0000000C801A0009005F
:105BD0000C901A00090014A01A00060005A71A006C
:105BE000000014A81A0005000BB01A000D000ABE30
:105BF0001A0000000BBF1A000F000B001B0003006F
:105C000009041B00000006051B002E000B341B00BE
:105C1000000009351B0000000B361B000400093B87
:105C20001B0000000B3C1B000000093D1B00040092
:105C30000B421B00000009431B00010006451B002E
:105C400007000C501B000900145A1B0006001961C4
:105C50001B0009000B6B1B00080019741B000800D7
:105C6000147D1B0001000B801B00010009821B003A
:105C7000000006831B001D0009A11B0000000BA2F1
:105C80001B00030009A61B0001000BA81B0001005C
:105C900009AA1B0000000BAB1B00020006AE1B0094
:105CA00001000CB01B00090006BA1B002B000BE61C
:105CB0001B00000009E71B0000000BE81B000100AF
:105CC00009EA1B0002000BED1B00000009EE1B009F
:105CD00000000BEF1B00020009F21B00010014FC86
:105CE0001B00030006001C00230009241C00070001
:105CF0000B2C1C00070009341C0001000B361C0093
:105D00000100143B1C0004000C401C000900064D5F
:105D10001C0002000C501C000900065A1C001D004B
:105D200005781C000500147E1C00010003801C0087
:105D3000080003901C002A0003BD1C00020014C0D0
:105D40001C0007000BD01C00020014D31C00000034
:105D50000BD41C000C0009E11C0000000BE21C002D
:105D6000060006E91C0003000BED1C00000006EE17
:105D70001C0005000BF41C00000006F51C000100CF
:105D800009F71C0000000BF81C00010006FA1C00BB
:105D9000000004001D002B00052C1D003E00046BBC
:105DA0001D000C0005781D00000003791D00000097
:105DB000047A1D000200037D1D000000047E1D000A
:105DC0000F00038E1D000000048F1D000B00059BBB
:105DD0001D0024000BC01D003F0003001E009500A5
:105DE00004961E000400039B1E000000049C1E007D
:105DF0000100039E1E000000049F1E00000003A07F
:105E00001E00750003181F00050003201F00250059
:105E100003481F00050004501F00000003511F002D
:105E2000000004521F00000003531F000000045430
:105E30001F00000003551F00000004561F00000053
:105E400003571F00000003591F000000035B1F00E1
:105E50000000035D1F000000035F1F001E000380A1
:105E60001F00070007881F00070003901F0007009E
:105E700007981F00070003A01F00070007A81F00C6
:105E8000070003B01F00010004B21F00000003B3AD
:105E90001F00000004B41F00000004B61F00010032
:105EA00003B81F00030007BC1F00000017BD1F0040
:105EB000000003BE1F00000017BF1F00020004C245
:105EC0001F00000003C31F00000004C41F000000E7
:105ED00004C61F00010003C81F00030007CC1F00F9
:105EE000000017CD1F00020003D01F00010004D2E4
:105EF0001F00010004D61F00010003D81F0003008B
:105F000017DD1F00020003E01F00010004E21F0074
:105F1000020003E51F00000004E61F00010003E883
:105F20001F00040017ED1F00020004F21F00000014
:105F300003F31F00000004F41F00000004F61F001C
:105F4000010003F81F00030007FC1F00000017FDFD
:105F50001F0001001C0020000A00010B20000400AB
:105F60001010200005001416200001001318200056
:105F70000000121920000000151A20000000131B59
:105F800020000100121D20000000151E200000004E
:105F9000131F200000001420200007001A282000F2
:105FA00000001B2920000000012A200004001C2FF3
:105FB00020000000143020000800133920000000E9
:105FC000123A20000000143B200003000F3F200085
:105FD0000100144120000200184420000000154573
:105FE00020000000114620000000144720000A0095
:105FF0001852200000001453200000000F5420000D
:1060000000001455200009001C5F20000000016002
:10601000200004000166200009000E70200000002E
:106020000571200000000E7420000500187A200081
:106030000200157D20000000117E20000000057F79
:10604000200000000E8020000900188A20000200B5
:10605000158D20000000118E20000000059020000A
:106060000C0016A0200020000BD020000C000ADD40
:10607000200003000BE1200000000AE220000200E3
:106080000BE520000B00190021000100080221008F
:10609000000019032100030008072100000019086F
:1060A00021000100040A21000000080B2100020069
:1060B000040E210001000810210002000413210039
:1060C0000000191421000000081521000000191615
:1060D0002100010018182100000008192100040007
:1060E000191E2100050008242100000019252100A7
:1060F00000000326210000001927210000000828C5
:1061000021000000192921000000032A21000100BC
:10611000082C21000100192E21000000042F21006D
:106120000000083021000100033221000000083384
:106130002100000004342100000006352100030086
:10614000043921000000193A21000100043C21001B
:106150000100083E2100010018402100040008450C
:1061600021000000044621000300194A210000001C
:10617000184B21000000194C21000100034E2100A2
:106180000000194F210000000E5021000F000D608B
:10619000210022000383210001000D85210003005E
:1061A0000E8921000000198A2100010018902100A9
:1061B0000400199521000400189A21000100199C7F
:1061C0002100030018A02100000019A121000100F6
:1061D00018A32100000019A42100010018A6210025
:1061E000000019A72100060018AE2100000019AF19
:1061F00021001E0018CE2100010019D0210001004D
:1062000018D22100000019D32100000018D4210069
:10621000000019D521001E0018F421000B011900FF
:1062200023000700150823000000110923000000C7
:10623000150A23000000110B23000000190C230095
:10624000130018202300010019222300060015293D
:1062500023000000112A23000000192B2300500006
:10626000187C23000000197D23001D00189B2300CB
:10627000180019B42300270018DC2300050019E2D8
:1062800023004400194024000A000E6024003B0053
:10629000199C24004D000EEA240015001900250069
:1062A000B60018B72500000019B82500080018C16D
:1062B0002500000019C22500350018F82500070048
:1062C000190026006E00186F2600000019702600C5
:1062D000F700156827000000116927000000156A03
:1062E00027000000116B27000000156C270000003C
:1062F000116D27000000156E27000000116F2700A8
:1063000000001570270000001171270000001572B1
:1063100027000000117327000000157427000000FB
:106320001175270000000E7627001D001994270024
:106330002B0018C02700040015C52700000011C657
:106340002700000018C727001E0015E627000000E0
:1063500011E72700000015E82700000011E92700D9
:10636000000015EA2700000011EB2700000015ECE3
:106370002700000011ED2700000015EE27000000A7
:1063800011EF2700000018F027000F001900280067
:10639000FF001800290082001583290000001184E5
:1063A0002900000015852900000011862900000041
:1063B000158729000000118829000000158929008F
:1063C0000000118A29000000158B29000000118CA3
:1063D00029000000158D29000000118E2900000001
:1063E000158F290000001190290000001591290047
:1063F000000011922900000015932900000011945B
:1064000029000000159529000000119629000000C0
:1064100015972900000011982900000018992900FB
:106420003E0015D82900000011D92900000015DA16
:106430002900000011DB2900000018DC29001F00E2
:1064400015FC2900000011FD2900000018FE29009C
:10645000010119002B002F0018302B0014001945E2
:106460002B00010018472B000500194D2B002600BA
:1064700019762B001F0019972B00680003002C00D1
:10648000700004712C00000003722C0001000474E1
:106490002C00000003752C00010004772C00040080
:1064A000057C2C000100037E2C00650004E42C0018
:1064B000000019E52C00050003EB2C0003000BEF96
:1064C0002C00020003F22C00010014F92C00030040
:1064D0000EFD2C00000014FE2C00010003002D0016
:1064E000250003272D000000032D2D00000006309D
:1064F0002D003700056F2D00000014702D000000E6
:106500000B7F2D00000006802D00160006A02D0038
:10651000060006A82D00060006B02D00060006B8ED
:106520002D00060006C02D00060006C82D0006003E
:1065300006D02D00060006D82D0006000BE02D0029
:106540001F0014002E00010013022E000000120391
:106550002E00000013042E00000012052E00000083
:1065600014062E00020013092E000000120A2E004D
:106570000000140B2E000000130C2E000000120D62
:106580002E000000140E2E00080010172E00000030
:1065900014182E000100101A2E000000141B2E00EB
:1065A0000000131C2E000000121D2E000000141EFF
:1065B0002E00010013202E00000012212E000000EA
:1065C00015222E00000011232E00000015242E009D
:1065D000000011252E00000015262E0000001127B6
:1065E0002E00000015282E00000011292E000000AA
:1065F000142A2E000400052F2E00000014302E0057
:106600000900103A2E000100143C2E000300104037
:106610002E00000014412E00000015422E00000044
:1066200014432E000C0019502E00010014522E00AD
:10663000020015552E00000011562E0000001557BF
:106640002E00000011582E00000015592E000000E9
:10665000115A2E000000155B2E000000115C2E0068
:106660000000105D2E00000019802E001900199BFB
:106670002E00580019002F00D50019F02F000B0034
:106680001C0030000000140130000200190430002A
:1066900000000505300000000606300000000D0770
:1066A0003000000015083000000011093000000023
:1066B000150A30000000110B30000000150C3000EE
:1066C0000000110D30000000150E30000000110F09
:1066D00030000000151030000000111130000000E3
:1066E000191230000100151430000000111530009F
:1066F00000001516300000001117300000001518BA
:1067000030000000111930000000151A30000000A0
:10671000111B30000000101C30000000151D30005F
:106720000000111E300001001920300000000D2172
:10673000300008000B2A30000300092E3000010051
:1067400010303000000005313000040019363000F0
:1067500001000D3830000200053B30000000063C0F
:1067600030000000143D30000000193E30000100F0
:106770000641300055000B9930000100179B300096
:106780000100059D30000100069F3000000010A0B0
:106790003000000006A13000590014FB300000005A
:1067A00005FC3000020006FF300000000605310045
:1067B0002A00063131005D001990310001000E926F
:1067C0003100030019963100090006A031001F00B6
:1067D00019C03100230006F031000F00190032000B
:1067E0001E000E2032000900192A32001D000E483A
:1067F000320007001950320000000E5132000E0026
:10680000196032001F000E8032000900198A320020
:1068100026000EB132000E0019C032003F01060002
:106820003400BF1919C04D003F0006004E0014523D
:106830000515A00000000616A00076041990A4001B
:10684000360006D0A400270005F8A400050014FEB9
:10685000A40001000600A5000B01050CA600000025
:10686000140DA60002000610A6000F000C20A600C2
:106870000900062AA60001000340A6002D00066EAE
:10688000A60000000B6FA60000000A70A600020020
:106890001473A60000000B74A6000900147EA60065
:1068A0000000057FA60000000380A6001B00059CD9
:1068B000A60001000B9EA600010006A0A600450050
:1068C0000DE6A60009000BF0A600010014F2A600D8
:1068D00005001700A70016000517A70008001720DD
:1068E000A70001000322A7000D000430A70001004B
:1068F0000332A7003D000570A70000000471A70047
:1069000007000379A7000E000588A700000017897B
:10691000A7000100038BA7000200048EA70000005F
:10692000068FA70000000390A70004000495A700AD
:1069300000000396A700180004AFA700000003B0F2
:10694000A7001A0003D0A700010004D3A70000008D
:1069500004D5A700000003D6A700030005F2A70096
:10696000020003F5A700010006F7A700000005F8E4
:10697000A700010004FAA700000006FBA70006001C
:106980000B02A80000000603A80002000B06A800E6
:1069900000000607A80003000B0BA8000000060C6F
:1069A000A80016000923A80001000B25A80001007B
:1069B0000927A80000001928A80003000B2CA80034
:1069C00000000E30A80005001936A8000100163896
:1069D000A80000001939A80000000640A8003300F4
:1069E0001474A80003000980A80001000682A80012
:1069F000310009B4A8000F000BC4A800010014CE98
:106A0000A80001000CD0A80009000BE0A8001100AC
:106A100006F2A800050014F8A800020006FBA80072
:106A2000000014FCA800000006FDA80001000BFFF8
:106A3000A80000000C00A9000900060AA9001B001C
:106A40000B26A9000700142EA90001000630A9009A
:106A500016000B47A9000A000952A9000100145FA3
:106A6000A90000000660A9001C000B80A90002001C
:106A70000983A90000000684A9002E000BB3A90019
:106A8000000009B4A90001000BB6A900030009BA6F
:106A9000A90001000BBCA900010009BEA900020069
:106AA00014C1A9000C0005CFA90000000CD0A9005A
:106AB000090014DEA900010006E0A90004000BE5AE
:106AC000A900000005E6A900000006E7A9000800EB
:106AD0000CF0A900090006FAA90004000600AA00AB
:106AE00028000B29AA000500092FAA0001000B317C
:106AF000AA0001000933AA0001000B35AA00010019
:106B00000640AA0002000B43AA0000000644AA00A7
:106B100007000B4CAA000000094DAA0000000C5011
:106B2000AA000900145CAA0003000660AA000F0076
:106B30000570AA0000000671AA0005001977AA00D6
:106B40000200067AAA000000097BAA0000000B7C64
:106B5000AA000000097DAA000000067EAA003100FC
:106B60000BB0AA00000006B1AA0000000BB2AA00F8
:106B7000020006B5AA0001000BB7AA00010006B981
:106B8000AA0004000BBEAA00010006C0AA00000073
:106B90000BC1AA00000006C2AA00000006DBAA0082
:106BA000010005DDAA00000014DEAA00010006E0D5
:106BB000AA000A0009EBAA0000000BECAA000100E1
:106BC00009EEAA00010014F0AA00010006F2AA00D2
:106BD000000005F3AA00010009F5AA0000000BF669
:106BE000AA0000000601AB0005000609AB00050085
:106BF0000611AB0005000620AB0006000628AB001E
:106C000006000430AB0022000353AB000000045424
:106C1000AB000600175BAB000000055CAB00030097
:106C20000460AB0008000569AB000000176AAB0008
:106C300001000370AB004F0006C0AB00220009E367
:106C4000AB0001000BE5AB00000009E6AB00010062
:106C50000BE8AB00000009E9AB00010014EBAB004E
:106C6000000009ECAB0000000BEDAB0000000CF0E5
:106C7000AB0009000600AC00A32B06B0D70016003D
:106C800006CBD70030000200D800FF070600F9004D
:106C90006D010670FA0069000400FB000600041391
:106CA000FB000400061DFB0000000B1EFB000000A3
:106CB000061FFB0009001829FB000000062AFB0044
:106CC0000C000638FB000400063EFB0000000640F6
:106CD000FB0001000643FB0001000646FB006B00C1
:106CE00017B2FB00100006D3FB006A01113EFD0045
:106CF0000000153FFD0000001940FD000F00065088
:106D0000FD003F000692FD00350019CFFD00000098
:106D100006F0FD000B0016FCFD00000019FDFD0053
:106D200002000B00FE000F001410FE0006001517F5
:106D3000FE0000001118FE0000001419FE00000003
:106D40000B20FE000F001430FE0000001031FE008A
:106D500001000F33FE0001001535FE000000113662
:106D6000FE0000001537FE0000001138FE00000094
:106D70001539FE000000113AFE000000153BFE0030
:106D80000000113CFE000000153DFE000000113E19
:106D9000FE000000153FFE0000001140FE00000054
:106DA0001541FE0000001142FE0000001543FE00E8
:106DB00000001144FE0000001445FE0001001547CC
:106DC000FE0000001148FE0000001449FE00030010
:106DD0000F4DFE0002001450FE0002001454FE008D
:106DE00003001058FE0000001559FE000000115A63
:106DF000FE000000155BFE000000115CFE000000BC
:106E0000155DFE000000115EFE000000145FFE0034
:106E100002001862FE0000001063FE00000018640B
:106E2000FE0002001468FE0000001669FE0000006B
:106E3000146AFE0001000670FE0004000676FE00E3
:106E4000860001FFFE0000001401FF00020016048E
:106E5000FF0000001405FF0002001508FF000000FD
:106E60001109FF000000140AFF000000180BFF00CA
:106E70000000140CFF000000100DFF000000140EB5
:106E8000FF0001000C10FF000900141AFF000100B0
:106E9000181CFF000200141FFF0001000321FF0067
:106EA0001900153BFF000000143CFF000000113DDD
:106EB000FF000000173EFF0000000F3FFF00000032
:106EC0001740FF0000000341FF001900155BFF00A1
:106ED0000000185CFF000000115DFF000000185E5C
:106EE000FF000000155FFF0000001160FF000000C0
:106EF0001461FF0000001562FF0000001163FF0035
:106F000000001464FF0001000666FF000900057020
:106F1000FF0000000671FF002C00059EFF0001002D
:106F200006A0FF001E0006C2FF00050006CAFF0003
:106F3000050006D2FF00050006DAFF00020016E099
:106F4000FF00010018E2FF00000017E3FF0000004F
:106F500019E4FF00000016E5FF00010019E8FF003A
:106F6000000018E9FF00030019EDFF00010001F91E
:106F7000FF00020019FCFF000100060000010B00E9
:106F8000060D00011900062800011200063C000150
:106F90000100063F00010E00065000010D000680B2
:106FA00000017A001400010102000E0701012C000B
:106FB0001937010108000D40010134000E7501016F
:106FC00003001979010110000E8A01010100198CDA
:106FD00001010200199001010C0019A0010100003B
:106FE00019D001012C000BFD0101000006800201F7
:106FF0001C0006A0020130000BE0020100000EE1BF
:1070000002011A00060003011F000E200301030005
:10701000062D030113000D41030100000642030188
:1070200007000D4A030100000650030125000B76FE
:1070300003010400068003011D00149F03010000EA
:1070400006A00301230006C80301070014D00301B2
:1070500000000DD103010400030004014F0006509D
:1070600004014D000CA00401090003B00401230039
:1070700003D804012300060005012700063005019E
:107080003300146F05010000037005010A00037C42
:1070900005010E00038C05010600039405010100A3
:1070A000039705010A0003A305010E0003B30501C0
:1070B000060003BB0501010006000601360106407B
:1070C000070115000660070107000580070105009C
:1070D00005870701290005B207010800060008011D
:1070E0000500060808010000060A08012B00063703
:1070F00008010100063C08010000063F08011600D7
:107100001457080100000E58080107000660080126
:1071100016001977080101000E79080106000680A3
:1071200008011E000EA70801080006E00801120071
:1071300006F4080101000EFB080104000600090125
:1071400015000E1609010500141F09010000062094
:1071500009011900143F09010000068009013700E8
:107160000EBC0901010006BE090101000EC00901A3
:107170000F000ED209012D0006000A0100000B01CC
:107180000A0102000B050A0101000B0C0A010300B1
:1071900006100A01030006150A01020006190A0179
:1071A0001C000B380A0102000B3F0A0100000E40D0
:1071B0000A01080014500A01080006600A011C00B8
:1071C0000E7D0A010100147F0A01000006800A01F9
:1071D0001C000E9D0A01020006C00A01070019C822
:1071E0000A01000006C90A011B000BE50A010100A3
:1071F0000EEB0A01040014F00A01060006000B0160
:10720000350014390B01060006400B0115000E581D
:107210000B01070006600B0112000E780B0107003E
:1072200006800B01110014990B0103000EA90B013C
:10723000060006000C01480003800C01320003C068
:107240000C0132000EFA0C01050006000D012300AE
:107250000B240D0103000C300D0109000E600E011E
:107260001E0006800E0129000BAB0E01010010ADBF
:107270000E01000006B00E0101000BFD0E01020020
:1072800006000F011C000E1D0F01090006270F014B
:10729000000006300F0115000B460F010A000E51C9
:1072A0000F01030014550F01040006700F011100B7
:1072B0000B820F01030014860F01030006B00F01BB
:1072C00014000EC50F01060006E00F0116000900AC
:1072D000100100000B011001000009021001000064
:1072E0000603100134000B3810010E001447100182
:1072F00006000E52100113000C66100109000B70FD
:10730000100100000671100101000B731001010053
:107310000675100100000B7F1001020009821001A8
:107320000000068310012C0009B0100102000BB30D
:107330001001030009B7100101000BB91001010091
:1073400014BB1001010001BD1001000014BE1001AA
:1073500003000BC21001000001CD1001000006D097
:10736000100118000CF0100109000B0011010200BF
:107370000603110123000B2711010400092C110140
:1073800000000B2D110107000C36110109001440FB
:10739000110103000644110100000945110101001B
:1073A0000647110100000650110122000B73110164
:1073B00000001474110101000676110100000B8019
:1073C00011010100098211010000068311012F0043
:1073D00009B3110102000BB61101080009BF110128
:1073E000010006C11101030014C5110103000BC9FE
:1073F0001101030014CD1101000009CE110100009C
:107400000BCF110100000CD01101090006DA1101A7
:10741000000014DB1101000006DC1101000014DD86
:10742000110102000EE1110113000600120111000A
:10743000061312011800092C120102000B2F120171
:1074400002000932120101000B341201000009355B
:10745000120100000B361201010014381201050060
:107460000B3E12010000063F120101000B41120108
:107470000000068012010600068812010000068A3C
:1074800012010300068F12010E00069F120109006F
:1074900014A91201000006B012012E000BDF120128
:1074A000000009E0120102000BE3120107000CF0DA
:1074B000120109000B001301010009021301010070
:1074C000060513010700060F13010100061313013F
:1074D0001500062A130106000632130101000635C5
:1074E000130104000B3B13010100063D13010000D2
:1074F000093E130101000B40130100000941130173
:107500000300094713010100094B13010200065053
:1075100013010000095713010000065D1301040068
:107520000962130101000B66130106000B701301C1
:1075300004000600140134000935140102000B3860
:10754000140107000940140101000B42140102005C
:107550000945140100000B46140100000647140100
:107560000300144B140104000C5014010900145AB8
:1075700014010100145D140100000B5E14010000F1
:10758000065F14010200068014012F0009B01401E7
:1075900002000BB31401050009B9140100000BBA75
:1075A0001401000009BB140103000BBF140101000A
:1075B00009C1140100000BC21401010006C414012A
:1075C000010014C61401000006C7140100000CD00D
:1075D00014010900068015012E0009AF15010200F3
:1075E0000BB21501030009B8150103000BBC15010E
:1075F000010009BE150100000BBF1501010014C1F7
:107600001501160006D8150103000BDC1501010059
:10761000060016012F000930160102000B33160177
:107620000700093B160101000B3D16010000093E51
:10763000160100000B3F1601010014411601020063
:107640000644160100000C501601090014601601D2
:107650000C00068016012A000BAB1601000009ACD5
:10766000160100000BAD1601000009AE1601010065
:107670000BB01601050009B6160100000BB7160184
:10768000000006B81601000014B9160100000CC075
:1076900016010900060017011A000B1D1701020050
:1076A0000920170101000B22170103000926170109
:1076B00000000B27170104000C30170109000E3AD7
:1076C00017010100143C17010200193F17010000C7
:1076D000064017010600060018012B00092C1801AE
:1076E00002000B2F180108000938180100000B399F
:1076F00018010100143B1801000003A018013F000D
:107700000CE0180109000EEA1801080006FF180134
:107710000700060919010000060C190107000615EB
:107720001901010006181901170009301901050097
:107730000937190101000B3B19010100093D19012D
:1077400000000B3E19010000063F1901000009402E
:107750001901000006411901000009421901000049
:107760000B43190100001444190102000C501901C7
:10777000090006A01901070006AA1901260009D16F
:10778000190102000BD4190103000BDA19010100E1
:1077900009DC190103000BE01901000006E11901E1
:1077A000000014E21901000006E31901000009E4D9
:1077B0001901000006001A0100000B011A0109005E
:1077C000060B1A0127000B331A01050009391A01AB
:1077D0000000063A1A0100000B3B1A010300143F97
:1077E0001A0107000B471A01000006501A01000099
:1077F0000B511A01050009571A0101000B591A0112
:107800000200065C1A012D000B8A1A010C00099770
:107810001A0100000B981A010100149A1A010200C3
:10782000069D1A010000149E1A01040006B01A01F8
:10783000480014001B01090006001C010800060A8C
:107840001C012400092F1C0100000B301C01060044
:107850000B381C010500093E1C0100000B3F1C01F8
:10786000000006401C01000014411C0104000C50E3
:107870001C0109000E5A1C01120014701C010100A9
:1078800006721C011D000B921C01150009A91C01A8
:1078900000000BAA1C01060009B11C0100000BB27C
:1078A0001C01010009B41C0100000BB51C01010002
:1078B00006001D01060006081D010100060B1D0142
:1078C00025000B311D0105000B3A1D0100000B3C8A
:1078D0001D0101000B3F1D01060006461D010000B1
:1078E0000B471D0100000C501D01090006601D0121
:1078F000050006671D010100066A1D011F00098AB7
:107900001D0104000B901D01010009931D010100E0
:107910000B951D01000009961D0100000B971D012C
:10792000000006981D0100000CA01D01090006E0E2
:107930001E0112000BF31E01010009F51E010100DA
:1079400014F71E0101000B001F01010006021F01B8
:10795000000009031F01000006041F010C000612AD
:107960001F01210009341F0101000B361F01040013
:10797000093E1F0101000B401F01000009411F01CA
:1079800000000B421F01000014431F010C000C50AB
:107990001F01090006B01F0100000EC01F011400E6
:1079A00019D51F01070016DD1F01030019E11F0192
:1079B000100014FF1F0100000600200199030D00B4
:1079C00024016E0014702401040006802401C30009
:1079D00006902F01600014F12F0101000600300114
:1079E0002F04013034010F000B4034010000064128
:1079F000340105000B4734010E0006004401460225
:107A000006006801380206406A011E000C606A0127
:107A10000900146E6A01010006706A014E000CC074
:107A20006A01090006D06A011D000BF06A0104001A
:107A300014F56A01000006006B012F000B306B018A
:107A4000060014376B010400193C6B01030005406C
:107A50006B01030014446B01000019456B01000029
:107A60000C506B0109000E5B6B01060006636B0195
:107A70001400067D6B01120003406E013F000E8072
:107A80006E01160014976E01030006006F014A0094
:107A90000B4F6F01000006506F01000009516F018C
:107AA00036000B8F6F01030005936F010C0005E09A
:107AB0006F01010014E26F01000005E36F01000097
:107AC0000BE46F01000009F06F0101000600700176
:107AD000F71706008801D50406008D01080005F09F
:107AE000AF01030005F5AF01060005FDAF01010080
:107AF0000600B00122010632B10100000650B101BA
:107B000002000655B10100000664B10103000670D1
:107B1000B1018B010600BC016A000670BC010C00BB
:107B20000680BC0108000690BC010900199CBC013C
:107B300000000B9DBC010100149FBC01000001A0CE
:107B4000BC0103000B00CF012D000B30CF0116004C
:107B50001950CF0173001900D001F5001900D101AF
:107B600026001929D1013B000965D10101000B67ED
:107B7000D1010200196AD1010200096DD10105008D
:107B80000173D10107000B7BD10107001983D101DB
:107B900001000B85D1010600198CD1011D000BAA33
:107BA000D101030019AED1013C001900D2014100FE
:107BB0000B42D20102001945D20100000EC0D201D1
:107BC00013000EE0D20113001900D30156000E601D
:107BD000D30118000800D4011900041AD4011900B7
:107BE0000834D4011900044ED40106000456D4010F
:107BF00011000868D40119000482D4011900089CFE
:107C0000D4010000089ED401010008A2D4010000A4
:107C100008A5D401010008A9D401030008AED401CD
:107C2000070004B6D401030004BBD401000004BD66
:107C3000D401060004C5D4010A0008D0D4011900FB
:107C400004EAD40119000804D50101000807D50190
:107C50000300080DD50107000816D5010600041E13
:107C6000D50119000838D5010100083BD5010300F2
:107C70000840D50104000846D5010000084AD50196
:107C800006000452D5011900086CD50119000486BC
:107C9000D501190008A0D501190004BAD5011900B1
:107CA00008D4D501190004EED50119000808D60141
:107CB00019000422D6011900083CD6011900045607
:107CC000D60119000870D6011900048AD6011B00DC
:107CD00008A8D601180018C1D601000004C2D601B8
:107CE000180018DBD601000004DCD601050008E20C
:107CF000D601180018FBD601000004FCD6011800BC
:107D00001815D70100000416D7010500081CD7017B
:107D100018001835D70100000436D7011800184F95
:107D2000D70100000450D70105000856D7011800FC
:107D3000186FD70100000470D70118001889D70107
:107D40000000048AD70105000890D701180018A97F
:107D5000D701000004AAD701180018C3D7010000FA
:107D600004C4D701050008CAD701000004CBD7011D
:107D700000000CCED70131001900D801FF010B0023
:107D8000DA0136001937DA0103000B3BDA01310062
:107D9000196DDA0107000B75DA0100001976DA01B6
:107DA0000D000B84DA0100001985DA010100148747
:107DB000DA0104000B9BDA0104000BA1DA010E00CA
:107DC0000400DF010900060ADF010000040BDF01E7
:107DD00013000425DF0105000B00E00106000B087D
:107DE000E00110000B1BE00106000B23E001010085
:107DF0000B26E00104000530E0013D000B8FE0019F
:107E000000000600E1012C000B30E10106000537FF
:107E1000E10106000C40E1010900064EE10100000D
:107E2000194FE10100000690E2011D000BAEE201D6
:107E3000000006C0E2012B000BECE20103000CF095
:107E4000E201090016FFE201000006D0E4011A0079
:107E500005EBE40100000BECE40103000CF0E4018D
:107E6000090006E0E701060006E8E701030006ED69
:107E7000E701010006F0E7010E000600E801C4007A
:107E80000EC7E80108000BD0E80106000300E90175
:107E900043000B44E9010600054BE90100000C50CA
:107EA000E9010900145EE90101000E71EC013A00DC
:107EB00019ACEC0100000EADEC01020016B0EC01B3
:107EC00000000EB1EC0103000E01ED012C00192E93
:107ED000ED0100000E2FED010E000600EE01030083
:107EE0000605EE011A000621EE0101000624EE014E
:107EF00000000627EE0100000629EE010900063405
:107F0000EE0103000639EE010000063BEE01000021
:107F10000642EE0100000647EE0100000649EE01B0
:107F20000000064BEE010000064DEE010200065176
:107F3000EE0101000654EE0100000657EE010000BC
:107F40000659EE010000065BEE010000065DEE0141
:107F50000000065FEE0100000661EE01010006640C
:107F6000EE0100000667EE010300066CEE0106005C
:107F70000674EE0103000679EE010300067EEE01B1
:107F800000000680EE010900068BEE01100006A13C
:107F9000EE01020006A5EE01040006ABEE011000A2
:107FA00018F0EE0101001900F0012B001930F0016A
:107FB000630019A0F0010E0019B1F0010E0019C103
:107FC000F0010E0019D1F00124000E00F1010C00A7
:107FD000190DF101A00019E6F1011C001910F201C0
:107FE0002B001940F20108001950F201010019603C
:107FF000F20105001900F301FA0017FBF301040078
:108000001900F401D70219DCF601100019F0F6018D
:108010000C001900F7017600197BF7015E0019E0EA
:10802000F7010B0019F0F70100001900F8010B002F
:108030001910F80137001950F80109001960F8010A
:1080400027001990F8011D0019B0F801010019006E
:10805000F90153011960FA010D001970FA010C00C1
:108060001980FA0108001990FA012D0019BFFA01D0
:10807000060019CEFA010D0019E0FA01080019F006
:10808000FA0108001900FB0192001994FB01360067
:108090000CF0FB01090006000002DFA60600A702A3
:1080A00039100640B702DD000620B802811606B07E
:1080B000CE02301D0600F8021D02060000034A131E
:1080C000065013035F100101000E00000120000E96
:1080D0005F000B00010EEF003030303030303030B8
:1080E0003030303030303030202020202020202010
:1080F00020202020202020203E410C4111412741FA
:1081000036410341064115410F410E4126411341BD
:108110002941024119410A410B41000010000000B1
:1081200000000000017A5200027C0E011B0C0D00C1
:108130001400000018000000904DFEFFEC0000004D
:1081400000024D0A430B000000000000F8B500BF1C
:10815000F8BC08BC9E467047F8B500BFF8BC08BC28
:108160009E46704791D00000D504000015450000E0
:1081700085570000F57A00008DC00000B1040000B2
:108180001F45000099560000D5640000FF7A0000EA
:108190001580000097C000000000000000000000F3
:0881A0005083FD7F0100000087
:1081B00000000000806514068065140680651406C2
:1081C00060198501806514068065140680651406B3
:1081D0008C080020797A6166706E756D006B4D4772
:1081E0005450455A59000000FFFFFFFFD8D201004C
:1081F000D8D20100D8D20100D8D20100000000502E
:10820000D8D201002AED00E029ED00E038ED00E0D1
:1082100028ED00E034ED00E028ED00E02CED00E07A
:1082200008E000E00CED00E0D8D201000A0A455356
:10823000432D46573E2000008065140600000000D4
:1082400000000000030000004C5E0020A0000020A1
:10825000000000004C5E0020B45E00201C5F002087
:10826000000000000000000000000000000000000E
:1082700000000000000000000000000000000000FE
:1082800000000000000000000000000000000000EE
:1082900000000000000000000000000000000000DE
:1082A00000000000000000000000000000000000CE
:1082B00000000000000000000000000000000000BE
:1082C00000000000000000000000000000000000AE
:1082D000000000000000000000000000000000009E
:1082E000000000000000000001000000000000008D
:1082F0000E33CDAB34126DE6ECDE05000B00000052
:10830000000000000000000000000000000000006D
:10831000000000000000000000000000000000005D
:10832000000000000000000000000000000000004D
:10833000000000000000000000000000000000003D
:10834000000000000000000000000000000000002D
:10835000000000000000000000000000000000001D
:10836000000000000000000000000000000000000D
:1083700000000000000000000000000000000000FD
:1083800000000000000000000000000000000000ED
:10839000A45F0020FFFFFFFF0000020000000000BC
:1083A0000000000000000000F0010020F0010020AB
:1083B000F8010020F8010020000200200002002047
:1083C00008020020080200201002002010020020F5
:1083D00018020020180200202002002020020020A5
:1083E0002802002028020020300200203002002055
:1083F0003802002038020020400200204002002005
:1084000048020020480200205002002050020020B4
:108410005802002058020020600200206002002064
:108420006802002068020020700200207002002014
:1084300078020020780200208002002080020020C4
:108440008802002088020020900200209002002074
:108450009802002098020020A0020020A002002024
:10846000A8020020A8020020B0020020B0020020D4
:10847000B8020020B8020020C0020020C002002084
:10848000C8020020C8020020D0020020D002002034
:10849000D8020020D8020020E0020020E0020020E4
:1084A000E8020020E8020020F0020020F002002094
:1084B000F8020020F8020020000300200003002042
:1084C00008030020080300201003002010030020F0
:1084D00018030020180300202003002020030020A0
:1084E0002803002028030020300300203003002050
:1084F0003803002038030020400300204003002000
:1085000048030020480300205003002050030020AF
:10851000580300205803002060030020600300205F
:10852000680300206803002070030020700300200F
:1085300078030020780300208003002080030020BF
:10854000880300208803002090030020900300206F
:108550009803002098030020A0030020A00300201F
:10856000A8030020A8030020B0030020B0030020CF
:10857000B8030020B8030020C0030020C00300207F
:10858000C8030020C8030020D0030020D00300202F
:10859000D8030020D8030020E0030020E0030020DF
:1085A000E8030020E8030020F0030020F00300208F
:1085B000F8030020F803002000040020000400203D
:1085C00008040020080400201004002010040020EB
:1085D000180400201804002020040020200400209B
:1085E000280400202804002030040020300400204B
:1085F00038040020380400204004002040040020FB
:1086000048040020480400205004002050040020AA
:10861000580400205804002060040020600400205A
:10862000680400206804002070040020700400200A
:1086300078040020780400208004002080040020BA
:10864000880400208804002090040020900400206A
:108650009804002098040020A0040020A00400201A
:10866000A8040020A8040020B0040020B0040020CA
:10867000B8040020B8040020C0040020C00400207A
:10868000C8040020C8040020D0040020D00400202A
:10869000D8040020D8040020E0040020E0040020DA
:1086A000E8040020E8040020F0040020F00400208A
:1086B000F8040020F8040020000500200005002038
:1086C00008050020080500201005002010050020E6
:1086D0001805002018050020200500202005002096
:1086E0002805002028050020300500203005002046
:1086F00038050020380500204005002040050020F6
:1087000048050020480500205005002050050020A5
:108710005805002058050020600500206005002055
:108720006805002068050020700500207005002005
:1087300078050020780500208005002080050020B5
:108740008805002088050020900500209005002065
:108750009805002098050020A0050020A005002015
:10876000A8050020A8050020B0050020B0050020C5
:10877000B8050020B8050020C0050020C005002075
:10878000C8050020C8050020D0050020D005002025
:10879000D8050020D8050020E0050020E0050020D5
:1087A000E8050020E805002043000000000000006C
:1087B00000000000000000000000000000000000B9
:1087C00000000000000000000000000000000000A9
:1087D0000000000000000000000000000000000099
:1087E0000000000000000000000000000000000089
:1087F0000000000000000000000000000000000079
:108800000000000000000000000000000000000068
:108810000000000000000000000000000000000058
:108820000000000000000000000000000000000048
:108830000000000000000000000000000000000038
:108840000000000000000000000000000000000028
:108850000000000000000000000000000000000018
:108860000000000000000000000000000000000008
:1088700000000000000000000000000000000000F8
:1088800000000000000000000000000000000000E8
:108890004300000000000000000000000000000095
:1088A00000000000000000000000000000000000C8
:1088B0004300000000000000000000000000000075
:1088C00000000000000000000000000000000000A8
:1088D0004300000000000000000000000000000055
:1088E0000000000000000000000000000000000088
:1088F0004300000000000000000000000000000035
:108900000000000000000000000000000000000067
:108910004300000000000000000000000000000014
:108920000000000000000000000000000000000047
:1089300043000000000000000000000000000000F4
:108940000000000000000000000000000000000027
:1089500043000000000000000000000000000000D4
:108960000000000000000000000000000000000007
:10897000DD5B010049350100000000007C0C0200B5
:10898000C40E0200541002005410020054100200E1
:10899000541002005410020054100200541002003F
:1089A0005410020054100200FFFFFFFFFFFFFFFF03
:1089B000FFFFFFFFFFFF0000010041534349490053
:1089C00000000000000000000000000000000000A7
:1089D000000000000000000000004153434949002E
:1089E0000000000000000000000000000000000087
:1089F0000000000000000000000000004300000034
:108A00000000000000000000000000000000000066
:108A10000000000000000000000000000000000056
:040000030000019167
:00000001FF
