:1000000000000120910100007F0300006105000055
:100010008303000073050000850500000000000058
:100020000000000000000000000000008903000044
:100030008B030000000000008D0300008F03000010
:100040009103000093030000950300009703000054
:10005000990300009B0300009D0300009F03000024
:10006000A1030000A3030000A5030000A7030000F4
:10007000A9030000AB030000AD030000AF030000C4
:10008000B1030000B3030000B5030000B703000094
:10009000B9030000BB030000BD030000BF03000064
:1000A000C1030000C3030000C5030000C703000034
:1000B000C9030000CB030000CD030000CF03000004
:1000C000D1030000D3030000D5030000D7030000D4
:1000D000D9030000DB030000DD030000DF030000A4
:1000E000E1030000E3030000E5030000E703000074
:1000F000E9030000EB030000ED030000EF03000044
:10010000F1030000F3030000F5030000F703000013
:10011000F9030000FB030000FD030000FF030000E3
:1001200001040000030400000504000007040000AF
:10013000090400000B0400000D0400000F0400007F
:10014000110400001304000015040000170400004F
:10015000190400001B0400001D0400001F0400001F
:1001600021040000230400002504000027040000EF
:10017000290400002B0400002D0400002F040000BF
:100180003104000033040000000000000000000003
:100190004FF0000BDFF8BE020068DFF8B612096806
:1001A00001F0030100F01C00142801D14BF0020BF8
:1001B000002901D04BF0010BBBF1000F05D0A7487F
:1001C000A749DFF8722200F09FF8A64880470BF09D
:1001D000020ABAF1000F0CD0DFF86E02DFF86E12DF
:1001E00002680B680FB44FF000024FF0FF0302608B
:1001F0000B609D484FF000024FF00103022808D128
:10020000DFF83A120A60DFF83E120A60DFF83212B5
:100210000B60012808D1DFF82A120A60DFF82612E5
:100220000A60DFF81A120B609048002809D1904844
:100230009049914A00F030F890489149914A00F075
:100240002BF891489149924A00F026F8914892493A
:10025000DFF8E22100F058F8BBF1000F10D08F4812
:100260008F49DFF8D62100F04FF80BF0020ABAF1FF
:10027000000F05D00FBC02600B6000BFAFF3008021
:10028000DFF820020FF2030E00474FF000004FF09E
:100290000001DFF814F2FEE72DE9F841884225D08D
:1002A000B2EB010200D5FEE740EA010313F00303BD
:1002B00002D000F01DF819E04FF000039046121133
:1002C000F7D09A421CBFF0C8F0C103F10103F8D186
:1002D00008F00F08B8F1000F08D004780C7000F196
:1002E000010001F10101B8F10108F6D1BDE8F88182
:1002F00008B54FF0000303780B7000F1010001F125
:100300000101013AF7D108BD884237D000F0030659
:10031000002E14D04FF00405A5EB06044FF008079B
:1003200007FB06F8914669FA08F9002C07D080F817
:10033000009069FA07F900F10100013CF5E74FF080
:1003400000060F46091A88460911914614461546BB
:10035000B14206D018BFA0E8340206F10106B1424E
:10036000F8D108F00F08B8F1000F07D002704FEA7B
:10037000322200F10100B8F10108F4E77047FEE70E
:10038000FEE7FEE7FEE7FEE7FEE7FEE7FEE7FEE745
:10039000FEE7FEE7FEE7FEE7FEE7FEE7FEE7FEE735
:1003A000FEE7FEE7FEE7FEE7FEE7FEE7FEE7FEE725
:1003B000FEE7FEE7FEE7FEE7FEE7FEE7FEE7FEE715
:1003C000FEE7FEE7FEE7FEE7FEE7FEE7FEE7FEE705
:1003D000FEE7FEE7FEE7FEE7FEE7FEE7FEE7FEE7F5
:1003E000FEE7FEE7FEE7FEE7FEE7FEE7FEE7FEE7E5
:1003F000FEE7FEE7FEE7FEE7FEE7FEE7FEE7FEE7D5
:10040000FEE7FEE7FEE7FEE7FEE7FEE7FEE7FEE7C4
:10041000FEE7FEE7FEE7FEE7FEE7FEE7FEE7FEE7B4
:10042000FEE7FEE7FEE7FEE7FEE7FEE7FEE7FEE7A4
:10043000FEE7FEE7704700000000A2A2A2A2008033
:100440000340088003401080034030800340348024
:1004500003403880034018080240000000F00020EC
:10046000000001209D0500000000000000000000C9
:10047000000000000000000090010000B004000037
:10048000B004000078830200808302000000002096
:1004900070080020700800204063002040630020A6
:1004A00000F00020D1CD000085B300000000000066
:1004B00010B5054C237833B9044B13B10448AFF39E
:1004C00000800123237010BD700800200000000090
:1004D000EC82020008B5034B1BB103490348AFF39C
:1004E000008008BD0000000074080020EC820200BB
:1004F000A3F5803A704700BF154B002B08BF114B86
:100500009D46FFF7F5FF00218B460F461148124A22
:10051000121A0CF095FA0C4B002B00D098470B4B9D
:10052000002B00D098470020002104000D000B484C
:100530000BF068FE0CF04CFC200029000AF022FFB2
:100540000BF066FE00000800000000000000000044
:1005500000000000700800204063002021CE000051
:100560001EF0040F0CBFEFF30880EFF3098007F0D3
:100570006DBC1EF0040F0CBFEFF30880EFF3098091
:1005800007F0AEBC1EF0040F0CBFEFF30880EFF3D2
:10059000098007F0D5BC0138FDD1704780B500AFA8
:1005A00000F0FAF8044B5B69034A43F400735361AB
:1005B000FFF740FF00BF80BD00ED00E080B588B0D0
:1005C00000AF314BD3F8983003F08063FB61FB69D7
:1005D000002B4ED12C4BD3F8983003F480537B6121
:1005E0007B69002B15D1294B294A1A60294B284ACF
:1005F0001A60294B264A1A60284B294A1A60294B4F
:10060000234A1A60284B224A1A60284B204A1A6053
:1006100036E0274A3B1D92E8030083E803001A4BAB
:10062000D3F89C309B0903F007033B613A1D3B69FB
:1006300013441B78FB73FB7B022B12D0022B14DCC0
:10064000002B02D0012B07D00FE000F035F8B86185
:10065000B86900F04FF813E04FF4004000F04AF89A
:100660000EE0144800F046F80AE0124800F042F8A4
:1006700006E000F021F8B861B86900F03BF8FFE748
:1006800000BF2037BD4680BD00800340040000202D
:1006900080651406080000200C00002010000020D7
:1006A0006019850114000020180000201C000020A3
:1006B000ECCA010040420F0080B483B000AF0A4B87
:1006C000D3F8503103F004033B603B68002B02D1A8
:1006D000064B7B6001E0064B7B607B6818460C375D
:1006E000BD4680BC704700BF0080034040787D015C
:1006F00080F0FA0280B483B000AF78600C4A7B6867
:1007000013600C4A7B6813600B4A7B6813600B4BC9
:100710000B4A1A600B4A7B6813600B4A7B681360B4
:100720000A4A7B68136000BF0C37BD4680BC704727
:1007300004000020080000200C0000201000002011
:100740006019850114000020180000201C00002002
:1007500080B483B000AF0E4BD3F84C313B603B68A4
:100760004FF60202934204D03B680A4A934203D0F8
:1007700005E001237B6005E002237B6002E00023AB
:100780007B6000BF7B6818460C37BD4680BC704755
:100790000080034002F8010080B582B000AFFFF78F
:1007A000D7FF78607B68012B02D100F007F800E0EA
:1007B00000BF00BF0837BD4680BD000080B400AF59
:1007C000094BD3F89830084A43F48073C2F8983044
:1007D000054BD3F89830044A23F08063C2F8983070
:1007E00000BFBD4680BC70470080034080B483B02A
:1007F00000AF78604FF0FF3318460C37BD4680BC21
:10080000704780B584B000AFF860B9607A600CF0D2
:10081000D9FA03460C221A604FF0FF3318461037FE
:10082000BD4680BD80B483B000AF786000BFFDE7F7
:1008300080B500AF0CF0C6FA03460B221A604FF0E9
:10084000FF33184680BD80B483B000AF7860396054
:100850003B684FF400525A60002318460C37BD46DF
:1008600080BC704780B400AF01231846BD4680BCF1
:10087000704780B483B000AF7860012318460C370E
:10088000BD4680BC704780B582B000AF78603960EB
:100890000CF098FA034616221A604FF0FF33184600
:1008A0000837BD4680BD80B582B000AF7860396042
:1008B0000CF088FA03461F221A604FF0FF331846E7
:1008C0000837BD4680BD80B485B000AFF860B96020
:1008D0007A60002318461437BD4680BC704780B448
:1008E00085B000AFF860B9607A604FF0FF3318460A
:1008F0001437BD4680BC704780B485B000AFF86047
:10090000B9607A60002318461437BD4680BC704732
:1009100080B485B000AFF860B9607A603B600023B6
:1009200018461437BD4680BC7047000080B586B0BD
:1009300000AF78601F4B1B68002B02D11D4B1E4A75
:100940001A601C4B1B687B61EFF308833B61194BFA
:100950001B683A699A420FD9164B1A687B68134490
:100960003A699A421AD21923144A01210020FFF74A
:10097000CFFF0120FFF756FF114BFB600D4B1A68AC
:100980007B681344FA689A4208D219230D4A012160
:100990000020FFF7BDFF0120FFF744FF054B1A6859
:1009A0007B681344034A13607B6918461837BD46B9
:1009B00080BD00BF9008002040630020F4CA010001
:1009C00000F0002010CB010080B483B000AF78604D
:1009D00039603B684FF400525A60002318460C37C8
:1009E000BD4680BC704780B483B000AF78604FF0E4
:1009F000FF3318460C37BD4680BC704780B582B0C7
:100A000000AF78600CF0DEF9034602221A604FF066
:100A1000FF3318460837BD4680BD80B582B000AFB1
:100A200078600CF0CFF903460A221A604FF0FF33CA
:100A300018460837BD4680BD2DE9B04384B000AFED
:100A400078607B68002298469146104BD3E90023DA
:100A500002FB09F008FB03F10144A8FB02454B1916
:100A60001D460B4A4FF00003204629461BF07EFE30
:100A700002460B4613460133FB60F868FFF78BFD17
:100A800000BF1037BD46BDE8B08300BF880000201E
:100A900040420F0080B582B000AF78607B684FF4B1
:100AA0007A7202FB03F31846FFF7C6FF00BF083750
:100AB000BD4680BD80B582B000AF78607B684FF4E2
:100AC0007A7202FB03F31846FFF7E4FF00BF083712
:100AD000BD4680BD80B485B000AF786039604FF00E
:100AE000FF33FB603B68BB6012E07B681B781A46F3
:100AF000FB681B0E53400B4A52F82320FB681B0275
:100B00005340FB607B6801337B60BB68013BBB608B
:100B1000BB68002BE9D1FB68DB4318461437BD46A0
:100B200080BC704724CB010080B500AF304807F08F
:100B300009FC304B1B6819462F4807F003FC2F4B6C
:100B40001B6819462E4807F0FDFB2E4B1B68194603
:100B50002D4807F0F7FB2D4B1B6819462C4807F072
:100B6000F1FB2C4B1B6819462B4807F0EBFB2B4B7A
:100B70001B6819462A4807F0E5FB2A4B1B681946F3
:100B8000294807F0DFFB294B1B681946284807F066
:100B9000D9FB284B1B681946274807F0D3FB274B86
:100BA0001B681946264807F0CDFB264B1B681946E3
:100BB000254807F0C7FB254B1B681946244807F05A
:100BC000C1FB244B1B681946234807F0BBFB234B92
:100BD0001B681946224807F0B5FB224B1B681946D3
:100BE000214807F0AFFB214807F0ACFB00BF80BDF8
:100BF00024CF0100000000003CCF01009001000064
:100C00005CCF0100B004000078CF010078830200BF
:100C100090CF010070830200A4CF0100788302000E
:100C2000BCCF010000000020D4CF010070080020DC
:100C3000ECCF01007008002000D0010040630020CC
:100C400018D001004063002028D0010000F00020EF
:100C500044D0010000F0002058D001000000012025
:100C600074D001004063002088D0010098D00100BA
:100C700080B584B000AFF860B9607A603B603B68D3
:100C800018687B68BA68F968984702463B681A603A
:100C90003B681B68002B02D14FF0FF3300E00023BC
:100CA00018461037BD4680BD80B586B000AFF860ED
:100CB000B9607A603B6014E0BB68102B28BF10233A
:100CC0007B613B687A687969F868FFF7D1FF034672
:100CD000002B02DA4FF0FF3307E0BA687B69D31AC2
:100CE000BB60BB68002BE7D1002318461837BD4610
:100CF00080BD000080B586B000AFF860B9607A6052
:100D00003B6000237B617B68002B0BD0BB68FA68DB
:100D100079683048FFF7C8FF0346002B02DA4FF02E
:100D2000FF3353E07A697B6813447B613B68002B97
:100D300012D03B6A002B0FD0BB68FA68396A38685A
:100D4000FFF796FF0346002B02DA4FF0FF333DE03A
:100D50007A693B6A13447B617B6A002B0BD0BB68CA
:100D6000FA68796A1C48FFF79FFF0346002B02DAF6
:100D70004FF0FF332AE07A697B6A13447B61FB6A98
:100D8000002B0BD0BB68FA68F96AB86AFFF770FFEE
:100D90000346002B02DA4FF0FF3317E07A69FB6A53
:100DA00013447B613B6B002B0BD0BB68FA68396B3B
:100DB0000848FFF779FF0346002B02DA4FF0FF33B4
:100DC00004E07A693B6B13447B617B6918461837F2
:100DD000BD4680BD9CD00100B0D0010080B489B078
:100DE00000AFF860B9607A603B600023FB610023CC
:100DF000BB6100237B61FB689B681A46BB6893421A
:100E000005D2FB689B681A46BB68D31A7B61FB68F6
:100E10005B6803F00403002B02D07B69BB6101E037
:100E20007B69FB61FB685B6803F04003002B15D016
:100E3000FA69BB6913443B61FB685B6803F0040318
:100E4000002B0CBF01230023DBB21A463B6913447D
:100E50005B08FB613A69FB69D31ABB617B68002BB5
:100E600002D07B68FA691A603B68002B02D03B68AD
:100E7000BA691A6000BF2437BD4680BC70470000C5
:100E80002DE9B04FA0B000AFC7E912017A643B640E
:100E9000D7E91223C7E91C23D7E91C231446C3F35F
:100EA0001305C7E91845D7E91C234FF000004FF0A0
:100EB0000001180D00210346C3F30A03BB66D7E9FE
:100EC0001C234FF000004FF00001D80F0021034613
:100ED000FB66BA6E40F2FF739A4209D16FF000438D
:100EE000BB65FB6EFB65D7E91823C7E91423FFE058
:100EF000D7E9182313430DD1BB6E002B0AD1002371
:100F0000BB654FF000024FF00003C7E91423FB6EEE
:100F1000FB65EDE0FB6EFB65BB6E002B21D1012371
:100F2000BB664FF000024FF00003C7E91423002313
:100F3000BB650CE0D7E918239118B9615B41FB61EF
:100F4000D7E90623C7E91823BB6E013BBB66D7E987
:100F500018234FF0000A03F4002B5AEA0B03E9D0E0
:100F600006E075A3D3E90023C7E914230023BB657A
:100F700073A3D3E90023C7E91E23D7E918234FF051
:100F800000004FF00001190341EA12511003C7E9B4
:100F9000180131E0D7E91823002B0CDAD7E9140146
:100FA000D7E91E238418BC6341EB0303FB63D7E935
:100FB0000E34C7E91434D7E91823911839615B411D
:100FC0007B61D7E90423C7E91823D7E91E23511C05
:100FD000396343F100037B634FF000024FF00003DD
:100FE000D7E90C4521464A08204629460C4642EAE4
:100FF000C4724B08C7E91E23D7E918231343C9D18C
:10100000BB6EA3F2FF33BB6629E0D7E91423911826
:10101000B9605B41FB60D7E90223C7E91423D7E934
:10102000142341498A4241498B4115D3D7E91423FE
:10103000511DB96243F10003FB624FF00A024FF009
:101040000003D7E90A011BF091FB02460B46C7E9F2
:101050001423BB6D0133BB65BB6E013BBB66BB6E2E
:10106000002BD2DC41E0D7E9142331498A423149CF
:101070008B4120D2D7E9144522462B464FF0000081
:101080004FF00001990041EA9271900002460B4630
:1010900012EB040843EB050918EB08033B6049EB2E
:1010A00009037B60D7E9008942464B46C7E9142310
:1010B000BB6D013BBB65D7E91423511C396243F179
:1010C00000037B624FF000024FF00003D7E90845B0
:1010D00021464A08204629460C4642EAC4724B087B
:1010E000C7E91423BB6E0133BB66BB6E002BBADBB2
:1010F0007B6C002B02D0FA6D7B6C1A603B6C002B72
:1011000004D0D7E91423396CC1E90023D7F8A03003
:10111000002B03D0BA6DD7F8A0301A6000BF80371B
:10112000BD46BDE8B08F00BF0000C16FF28623004E
:1011300000008D49FD1A07000080C6A47E8D0300C3
:1011400000406352BFC6010080B586B000AFF860B2
:10115000C7E900233A6A7B6AD31A7B610EE0D7E9BC
:1011600000014FF00A024FF000031BF0FFFA0246A5
:101170000B46C7E900237B69013B7B617B69002B40
:10118000EDDC7B6A7B6122E0D7E900014FF00A02C7
:101190004FF000031BF0EAFA13463B613B69DBB2F8
:1011A0003033D9B27B69013BFA6813444AB21A70F2
:1011B000D7E900014FF00A024FF000031BF0D6FA06
:1011C00002460B46C7E900237B69013B7B617B69D3
:1011D000002BD9D17B6A18461837BD4680BD000068
:1011E00080B590B006AFF8607A603B600B46FB724A
:1011F00000237B6100233B613B6C6FF00042934214
:1012000015D1D7E90E23134311D097F90B30662B74
:1012100007D097F90B30652B03D097F90B30672B6C
:1012200002D12F4B3B6213E02E4B3B6210E097F94B
:101230000B30662B07D097F90B30652B03D097F94D
:101240000B30672B02D1284B3B6201E0274B3B62FE
:10125000386A0BF061FFF8613B6B002B02D0244B26
:101260007B6219E03B6B002B08D1FB685B6803F0E5
:101270000203002B02D01F4B7B620DE03B6B002B67
:1012800008D1FB685B6803F00103002B02D01A4B06
:101290007B6201E0194B7B62786A0BF03DFFB8611D
:1012A000FA69BB69D11807F1100307F11402F86855
:1012B000FFF794FD7A693B690493FB6903933B6AEA
:1012C000029300230193BB6900937B6A39687868B5
:1012D000FFF710FD034618462837BD4680BD00BF06
:1012E000C4D00100C8D00100CCD00100D0D0010092
:1012F000D4D00100D8D00100DCD00100E0D0010042
:101300002DE9B0438AB000AFF860B9607A603B6005
:1013100048A3D3E90023C7E908230023FB61BB6886
:101320001B68BB617B6C002B21D0BA693E4B83FBF1
:101330000231D317C91A0B465B000B44D31ABB61A9
:10134000BB69002B02DABB690333BB613B68002B2E
:101350000DD0BB681B68002BB8BF5B427B617B690B
:10136000182B04DD7B69183BBA691344BB613B68E9
:10137000002B0AD1BB69002B02DABB690133BB61C8
:10138000BB69002BB8BF5B42BB61BA697B68134481
:101390000133FB61FB6923EAE373FB610BE0D7E9EF
:1013A00008014FF00A024FF000031BF0DFF902467C
:1013B0000B46C7E90823FB695A1EFA61002BEED1E0
:1013C000FB68D3E90001D7E90823841841EB030542
:1013D000FB68C3E90045FB68D3E9002313498A424F
:1013E00013498B4118D3FB68D3E9002312F1050898
:1013F00043F100094FF00A024FF00003404649460E
:101400001BF0B4F902460B46F968C1E90023BB683A
:101410001B685A1CBB681A6000BF2837BD46BDE870
:10142000B08300BFAFF30080565555550000C16F23
:10143000F28623000080E03779C3110080B5AAB09E
:1014400006AFF8607A603B600B46FB720023C7F87A
:101450008C300023C7F884300023C7F88030002385
:10146000BB6100237B610023FB670023BB67002374
:101470007B6700233B670023FB660023BB660023DA
:10148000BB6500237B6500233B650023FB7497F954
:101490000B30672B03D097F90B30472B23D1012357
:1014A0007B65FB685B6823F02002FB685A60D7F815
:1014B000A83013F1040F05DBFB68DA68D7F8A83011
:1014C0009A4208DC97F90B30672B01D1652300E0C5
:1014D0004523FB7207E097F90B30672B01D1662398
:1014E00000E04623FB7297F90B30662B03D097F987
:1014F0000B30462B01D101233B65FB68DB68002BD9
:1015000002DAFB680622DA607B6D002B06D0FB68EE
:10151000DB68002B02D1FB680122DA60D7F8983033
:10152000002B03D0AB4BC7F888301EE0D7F89830BB
:10153000002B09D1FB685B6803F00203002B03D08A
:10154000A54BC7F8883010E0D7F89830002B09D1A8
:10155000FB685B6803F00103002B03D09F4BC7F8C7
:10156000883002E09E4BC7F88830D7F888000BF02F
:10157000D3FD7863FB68DA68FB685B6803F02003DF
:1015800007F1A80107F1A00001937B6D00933B6D6B
:10159000FFF7B6FED7E92823134324D01023C7F85A
:1015A0008C301AE0D7E928014FF00A024FF000030F
:1015B0001BF0DCF8134315D1D7F88C30013BC7F88A
:1015C0008C30D7E928014FF00A024FF000031BF0DE
:1015D000CDF802460B46C7E92823D7F88C30002BFC
:1015E000E0D100E000BF3B6D002B37D0FB685B68AB
:1015F00003F02003002B2AD00823FB6419E0D7F85E
:10160000A830022B08DDFB6C0133FB64D7F8A8304F
:10161000033BC7F8A8300CE0D7F8A830002B0FDA4E
:10162000FB6C013BFB64D7F8A8300333C7F8A83044
:1016300000BFFB6C002B04DDFB6C0F2BDFD900E03F
:1016400000BF684AFB6C134493F90030FB74D7F871
:10165000A83043EAE37301337B6623E001237B6612
:10166000FB685B6803F02003002B1BD0D7F8A82091
:101670005D4B83FB0231D317C91A0B465B000B4449
:10168000D31ABB64BB6C002B02DABB6C0333BB64A4
:101690007A6EBB6C13447B66D7F8A820BB6CD31A58
:1016A000C7F8A830FB68DA68D7F88C107B6ECB1AC5
:1016B00023EAE3739342A8BF13463B663B6D002BBE
:1016C0003CD07B6D002B39D0D7E92823C7E9102304
:1016D000D7F88C30FB630EE0FB6B013BFB63D7E973
:1016E00010014FF00A024FF000031BF03FF80246D2
:1016F0000B46C7E910237A6E3B6E1344FA6B9A428D
:10170000EADC0EE0D7E910014FF00A024FF00003C7
:101710001BF02CF802460B46C7E910233B6E013B39
:101720003B663B6E002B09DDD7E910014FF00A0242
:101730004FF000031BF01AF81343E3D07A6E7B6B73
:101740001A443B6E1344C7F880303B6D002B38D0F1
:101750007B6E002B06D10123FB67D7F88030013365
:10176000C7F880307A6ED7F88C309A4204DD7A6EF2
:10177000D7F88C30D31ABB67D7F8A830B3F1FF3F46
:1017800015DAFB68DB68002B11DDD7F8A830DB43E6
:101790007B67FB68DB681A467B6F934228BF134662
:1017A0007B67D7F880207B6F1344C7F8803097F9A8
:1017B0001330002B34D0D7F880300133C7F8803095
:1017C0002EE0D7F8A830002BB8BF5B42FB650023A2
:1017D000BB6516E0D4D00100D8D00100DCD00100F8
:1017E000E0D001002400002056555555BB6D013353
:1017F000BB65FB6D9C4A82FB03129210DB17D31A68
:10180000FB65FB6D002BF1DCBB6D022B38BF0223A7
:10181000BB65BA6DD7F8803013440233C7F8803007
:101820003A6E7B6F1344FA68D268934217D27B6D8D
:10183000002B05D0FB685B6803F00803002B0ED07B
:10184000FB68DB681A467B6FD21A3B6ED31A3B6784
:10185000D7F880203B6F1344C7F880301AE03B6D07
:10186000002B17D03A6E7B6F1344FA68D26893420C
:1018700010D93A6E7B6F1344FA68D2689B1A3B63A7
:101880003B6BD7F88020D31AC7F880303A6E3B6B99
:10189000D31A3B667B6F002B0BD13B6F002B08D11B
:1018A0003B6E002B05DCFB685B6803F00803002B34
:1018B00006D00123BB66D7F880300133C7F88030EB
:1018C00007F1140307F11802D7F88010F868FFF742
:1018D00085FAFB685B6803F01003002B05D0BB6939
:1018E000FA6F1344FB670023BB617B6E002B0ED0A5
:1018F000D7E92823786EB96F411A07F11C000191CE
:10190000D7F88C100091FFF71FFC034600E000237E
:10191000C7F88430D7F88C20D7F88430D31AC7F8AA
:101920008C30BA6900230493D7F88430039307F10D
:101930001C030293FB6F01937B6B0093D7F88830F5
:1019400039687868FFF7D6F9F862FB6AB3F1FF3FB0
:1019500001D1FB6AF4E0FA6EFB6A1344FB660023D4
:1019600004930023039300230293BB6F019300238E
:1019700000930023002239687868FFF7BBF9F8620A
:10198000FB6AB3F1FF3F01D1FB6AD9E0FA6EFB6A53
:101990001344FB663B6E002B0CD0D7E9282307F1DC
:1019A0001C00396E0191D7F88C100091FFF7CCFB29
:1019B000034600E00023C7F88430BB6E002B14BF41
:1019C00001230023DBB21A4600230493D7F88430A6
:1019D000039307F11C0302937B6F01930092234B47
:1019E000002239687868FFF785F9F862FB6AB3F17D
:1019F000FF3F01D1FB6AA3E0FA6EFB6A1344FB666A
:101A00000023049300230393002302933B6F01936D
:101A1000002300930023002239687868FFF76AF9F1
:101A2000F862FB6AB3F1FF3F01D1FB6A88E0FA6E0E
:101A3000FB6A1344FB66BB6D002B5DD0D7F8A83062
:101A4000002BB8BF5B42BB63FB7A3B74D7F8A8306E
:101A5000002B01DA2D2300E02B237B74BB6DFB658B
:101A60000023C7F8843025E067666666E4D001008D
:101A7000B96B354BA3FB0123DA0813469B001344D3
:101A80005B00CA1AD3B23033DAB2FB6D013B52B2FB
:101A900090333B4403F8742CFB6D013BFB65D7F896
:101AA00084300133C7F88430BB6B274AA2FB032381
:101AB000DB08BB63FB6D002BDADC07F110020023AF
:101AC0000493D7F88430039307F11C030293002397
:101AD0000193022300931346002239687868FFF7C8
:101AE00009F9F862FB6AB3F1FF3F01D1FB6A27E015
:101AF000FA6EFB6A1344FB6697F91330002B14BF90
:101B000001230023DBB21A467B690493039207F199
:101B10001303029300230193002300930023002268
:101B200039687868FFF7E6F8F862FB6AB3F1FF3FBF
:101B300001D1FB6A04E0FA6EFB6A1344FB66FB6E9C
:101B400018469037BD4680BDCDCCCCCC90B593B077
:101B500006AFF860B9603B601346FB71FB6893F910
:101B600014304C2B02D14FF0FF334DE0BB681B68A3
:101B7000073323F0070303F10801BA681160D3E9C2
:101B80000023C7E90A2307F1180107F1240207F12E
:101B9000140300930B46D7E90A01FFF771F97B693B
:101BA0006FF00042934203D1D7E90623134308D1D3
:101BB0007B696FF00042934215D1D7E906231343A6
:101BC00011D1796AD7E90623786997F9074004901B
:101BD000CDE9022300913B6C3A682146F868FFF793
:101BE000FFFA034610E0796AD7E90623786997F986
:101BF00007400490CDE9022300913B6C3A682146EE
:101C0000F868FFF71BFC034618463437BD4690BD05
:101C10002DE9B04FAAB006AFF865B9653B6513462C
:101C200087F85730FB6D1A6AFB6D5B6A1344C7F87F
:101C30008430D7F884300733DB08C7F880304FF0A2
:101C400000024FF00003C7E918234FF000024FF0E5
:101C50000003C7E91823D7F88030002B02D14FF0DA
:101C6000FF33EEE0D7F88030042B08D8BB6D19683D
:101C70000A1DBB6D1A600B68C7F88C3007E0BB6D9E
:101C800019680A1DBB6D1A600B68C7F88C30D7F84D
:101C90008C30002B0AD10023FB674FF000024FF07D
:101CA0000003C7E91C230023FB66BAE0D7F88430A1
:101CB0005A1E012303FA02F2D7F88C301340002B8E
:101CC00014BF01230023DBB2FB67FB6F002B04D0A2
:101CD000D7F88C305B42C7F88C30D7F884305A1E66
:101CE000012393405A1ED7F88C301340C7F88C302C
:101CF000D7F88C30DA17BB64FA64D7E91223C7E946
:101D00001C234FF0FF33C7F8883009E0D7F88C3038
:101D10005B10C7F88C30D7F888300133C7F88830AB
:101D2000D7F88C30002BF1D1D7F88820FB6D5B6A97
:101D3000D31AFB6609E0D7E91C23911839605B418F
:101D40007B60D7E90023C7E91C23D7E91C23B3F53F
:101D5000801FF0D3D7E9182300244FEA13554FEA28
:101D60000555D7E91C239246C3F3130B44EA0A0333
:101D70003B6445EA0B037B64D7E91034C7E91834A8
:101D8000D7E91823BA636FF31E53FB63FB6EDA17B0
:101D90003B637A633B6BC3F30A084FF0000940F2E0
:101DA000FF3318EB0303BB6249F10003FB624FF002
:101DB00000024FF00003B96A0B050022D7E90E01BB
:101DC000044614433C6219437962D7E90834C7E9F1
:101DD0001834D7E91823BA6123F00043FB61FB6F85
:101DE00000223B617A614FF000024FF00003396935
:101DF000CB070022D7E9060104461443BC6019430F
:101E0000F960D7E90234C7E91834D7E9180107F1B6
:101E1000700407F17C0207F16C0300932346FFF77F
:101E20002FF8F96FD7E91C23F86E0490CDE902234F
:101E30000091D7F8B0303A6D6621F86DFFF7FEFAE1
:101E4000034618469037BD46BDE8B08FB0B485B0A4
:101E500000AF786039603B681B68191D3A681160F3
:101E60001B68FB60FB68002B48D07B6893F914303B
:101E7000682B05D17B681B681AB2FB681A803DE0AD
:101E80007B6893F91430692B05D17B681B685AB2C3
:101E9000FB681A7032E07B6893F914306C2B05D123
:101EA0007B681B681A46FB681A6027E07B6893F919
:101EB00014306A2B08D17B681B6800221C4615462B
:101EC000FB68C3E9004519E07B6893F914307A2B6D
:101ED00004D17B681A68FB681A600FE07B6893F98D
:101EE0001430742B05D17B681B681A46FB681A6096
:101EF00004E07B681B681A46FB681A6000231846DA
:101F00001437BD46B0BC704780B58EB006AFF860E0
:101F1000B9603B601346FB710023FB6197F9073002
:101F2000632B08D1BB681B68191DBA6811601B6858
:101F30005BB2FB7403E0FB6893F91530FB74FB683C
:101F4000DB68002B02DAFB680122DA60FB68DB68E1
:101F5000012BB8BF0123BB611FE0002304930123C1
:101F6000039307F1130302930023019300230093CB
:101F700000230022B96A3868FEF7BCFE78617B69ED
:101F8000B3F1FF3F02D14FF0FF330AE0FA697B69FA
:101F90001344FB61BB69013BBB61BB69002BDCD116
:101FA000FB6918462037BD4680BD000080B58EB065
:101FB00006AFF860B9603B601346FB710023FB611C
:101FC00000237B6100233B61BB681B68191DBA6855
:101FD00011601B68BB61BB69002B01D1174BBB6152
:101FE000B8690BF099F8F861FB68DB68002B07DB38
:101FF000FB68DB681A46FB69934228BF1346FB6106
:1020000007F1100307F11402F969F868FEF7E6FE1C
:102010007A693B690493FB690393BB6902930023CC
:102020000193002300930023B96A3868FEF762FE2B
:10203000034618462037BD4680BD00BFE8D00100EA
:102040002DE9F043CBB006AF07F58876A6F582768A
:10205000306007F58870A0F584700160114607F5BF
:102060008872A2F58872136007F58873A3F20913CA
:102070000A461A700023C7F80C310023BB61002305
:102080007B610023C7F804310023C7F80031002327
:10209000C7F8FC300023C7F8F4300023C7F8F0304D
:1020A00007F58873A3F582731B685B6803F08003F0
:1020B000002B00F0EE8007F58873A3F582731B6890
:1020C00093F914306C2B10D107F58873A3F5847342
:1020D0001B681B68191D07F58872A2F584721268C7
:1020E00011601B68C7F8EC3063E007F58873A3F54F
:1020F00082731B6893F914306A2B16D107F5887325
:10210000A3F584731B681B68073323F0070303F1EF
:10211000080107F58872A2F5847212681160D3E98C
:1021200000231346C7F8EC3043E007F58873A3F5A6
:1021300082731B6893F914307A2B10D107F58873DA
:10214000A3F584731B681B68191D07F58872A2F537
:102150008472126811601B68C7F8EC3029E007F53B
:102160008873A3F582731B6893F91430742B10D114
:1021700007F58873A3F584731B681B68191D07F5A1
:102180008872A2F58472126811601B68C7F8EC307F
:102190000FE007F58873A3F584731B681B68191D8E
:1021A00007F58872A2F58472126811601B68C7F87F
:1021B000EC3007F58873A3F582731B6893F914302C
:1021C000682B04D1D7F8EC301BB2C7F8EC3007F518
:1021D0008873A3F582731B6893F91430692B04D1BB
:1021E000D7F8EC305BB2C7F8EC30D7F8EC30002B06
:1021F000B8BF5B42C7F8F83007F58873A3F5807362
:1022000000221A70D7F8EC30002B06DA07F5887335
:10221000A3F580732D221A7020E007F58873A3F5CB
:1022200082731B685B6803F00203002B06D007F57E
:102230008873A3F580732B221A700FE007F588735B
:10224000A3F582731B685B6803F00103002B05D0C4
:1022500007F58873A3F5807320221A7007F5887339
:10226000A3F5807393F90030002B00F0B2800123B6
:10227000C7F8F43007F58873A3F582731B685B68B1
:1022800043F0080207F58873A3F582731B685A6050
:102290009FE007F58873A3F582731B6893F91430E8
:1022A0006C2B10D107F58873A3F584731B681B682A
:1022B000191D07F58872A2F58472126811601B68F7
:1022C000C7F8F83063E007F58873A3F582731B68DD
:1022D00093F914306A2B16D107F58873A3F584732C
:1022E0001B681B68073323F0070303F1080107F598
:1022F0008872A2F5847212681160D3E90023134634
:10230000C7F8F83043E007F58873A3F582731B68BC
:1023100093F914307A2B10D107F58873A3F58473E1
:102320001B681B68191D07F58872A2F58472126874
:1023300011601B68C7F8F83029E007F58873A3F52A
:1023400082731B6893F91430742B10D107F58873CE
:10235000A3F584731B681B68191D07F58872A2F525
:102360008472126811601B68C7F8F8300FE007F537
:102370008873A3F584731B681B68191D07F58872A1
:10238000A2F58472126811601B68C7F8F83007F56F
:102390008873A3F582731B6893F91430682B04D1FA
:1023A000D7F8F8309BB2C7F8F83007F58873A3F573
:1023B00082731B6893F91430692B04D1D7F8F83075
:1023C000DBB2C7F8F83007F58873A3F580733022C5
:1023D0001A7007F58873A3F2091393F900306F2B75
:1023E00006D1D7F8F830002B02D00123C7F8F4301B
:1023F00007F58873A3F2091393F90030782B0FD0F7
:1024000007F58873A3F2091393F90030582B07D00E
:1024100007F58873A3F2091393F90030622B32D1C8
:1024200007F58873A3F582731B685B6803F02003CC
:10243000002B03D1D7F8F830002B0CD007F58873A8
:10244000A3F5807307F58872A2F2091212785A7008
:102450000223C7F8F43007F58873A3F582731B686D
:102460005B6803F02003002B0DD007F58873A3F5FC
:10247000807393F9013043F020035AB207F5887353
:10248000A3F580735A7007F58873A3F582731B68F0
:102490005B6803F00803002B0ED0D7F80C21D7F8A7
:1024A000F4301344C7F80C3107F11003C7F8FC30BF
:1024B000D7F8F430C7F80031D7F834310A2B50D1AF
:1024C0000023C7F8083147E0D7F8F83000229846D3
:1024D0009146AF4B03FB09F2002303FB08F31344BF
:1024E000AB4AA8FB02452B441D46C7E92C45C7E96A
:1024F0002C45D7E92C014FF000024FF00003CA0829
:1025000000231346C7F8AC30D7F8AC309B00D7F89F
:10251000AC201344C7F8A830D7F8A8305B00D7F830
:10252000F820D31AC7F8A430D7F808310133C7F818
:102530000831D7F8A430DBB23033DAB2D7F808313B
:10254000C3F1820352B203F588733B4403F8F42CC1
:10255000D7F8AC30C7F8F830D7F8F830002BB3D143
:10256000ACE0D7F83431022B07D0D7F83431082B40
:1025700003D0D7F83431102B5BD1D7F83431013B7D
:10258000C7F8C030D7F83431102B07D0D7F8343122
:10259000082B01D1032302E0012300E00423C7F844
:1025A000BC300023C7F808313EE0D7F8F820D7F850
:1025B000C0301340774AD35C87F8EB3007F5887357
:1025C000A3F2091393F90030782B0FD007F5887325
:1025D000A3F2091393F90030692B07D007F588732C
:1025E000A3F2091393F90030752B05D197F8EB305E
:1025F00043F0200387F8EB30D7F808310133C7F8F0
:102600000831D7F80831C3F1820303F588733B44DE
:1026100097F8EB2003F8F42CD7F8F820D7F8BC3063
:1026200022FA03F3C7F8F830D7F8F830002BBCD102
:1026300044E00023C7F808313CE0D7F8F830D7F879
:102640003421B3FBF2F2D7F8341101FB02F29B1AEA
:10265000504AD35C87F8EA3007F58873A3F2091370
:1026600093F90030692B07D007F58873A3F209139B
:1026700093F90030752B05D197F8EA3043F0200329
:1026800087F8EA30D7F808310133C7F80831D7F8AE
:102690000831C3F1820303F588733B4497F8EA20BD
:1026A00003F8F42CD7F8F820D7F83431B2FBF3F361
:1026B000C7F8F830D7F8F830002BBED107F588738B
:1026C000A3F582731B68DB69002B00F01C8107F502
:1026D0008873A3F582731B689B69C7F8E43007F51C
:1026E0008873A3F582731B68DB69C7F8E0300023A9
:1026F000C7F8D830D7F80831C7F8D030D7F8083144
:10270000C3F18203C7F8CC30D7F8E030013BD7F8EB
:10271000E4201344C7F8E430E6E0D7F8E030002BBB
:1027200000F08580D7F8E4301B7887F8DF3097F920
:10273000DF302D2B00F0DE8097F9DF302A2B1FD100
:1027400007F58873A3F584731B681B68191D07F5CB
:102750008872A2F58472126811601B68C7F8D830BD
:10276000D7F8D830002BC0F2C780D7F8E430013B4F
:10277000C7F8E430D7F8E030013BC7F8E03043E079
:102780000023C7F8D8300123C7F8D43023E000BFB6
:10279000CDCCCCCCF8D0010097F9DF30303B1A46D5
:1027A000D7F8D43003FB02F2D7F8D8301344C7F877
:1027B000D830D7F8D42013469B0013445B00C7F8E9
:1027C000D430D7F8E430013BC7F8E430D7F8E03034
:1027D000013BC7F8E030D7F8E030002B14D0D7F831
:1027E000E4301B7887F8DF3097F9DF30002B0BD00F
:1027F00097F9DF300133874A134493F90030DBB295
:1028000003F00403002BC7D1D7F8E030002B75D0BC
:10281000D7F8E4301B7887F8DF30D7F8E430013B95
:10282000C7F8E430D7F8E030013BC7F8E030D7F81C
:10283000D830002B54D0D7F8D830D7F8D0209A42CF
:102840005ED9D7F8CC30C7F8C830D7F8D830D7F829
:10285000D020D31AC7F8C43018E0D7F8C830013BED
:1028600007F11C01D7F8C8200A4492F9002003F5AB
:1028700088733B4403F8F42CD7F8C430013BC7F805
:10288000C430D7F8C8300133C7F8C830D7F8C430DF
:10289000002BE2D1D7F8CC30013BC7F8CC30D7F8C9
:1028A000CC20D7F8D0301A44D7F8D830D31A03F553
:1028B00088733B4497F8DF2003F8F42CD7F80831ED
:1028C0000133C7F80831D7F8F0300133C7F8F030DA
:1028D000D7F8D830D7F8D020D31AC7F8D03003E0D3
:1028E000D7F8E030002B0DD0D7F8D030002B7FF494
:1028F00014AF08E000BF06E000BF04E000BF02E044
:1029000000BF00E000BFD7F80831C7F8A03007F5D6
:102910008873A3F582731B68DB68002B07DA07F561
:102920008873A3F582731B680122DA600DE007F556
:102930008873A3F582731B685B6823F0100207F5A8
:102940008873A3F582731B685A6007F58873A3F533
:1029500082731B68DB681A46D7F8F0301344D7F847
:102960000821934238BF1346C7F80831D7F80C2125
:10297000D7F808311344C7F80C3107F1140307F1F5
:10298000180207F58871A1F58270D7F80C1100685C
:10299000FEF724FAD7F80821D7F8A030D31AC7F8E1
:1029A000043107F58873A3F582731B685B6803F035
:1029B0001003002B07D0BB69D7F804211344C7F8D4
:1029C00004310023BB61B969D7F8A030C3F1820399
:1029D00007F11C0213447A6907F58870A0F5887026
:1029E0000492D7F8A02003920293D7F80431019300
:1029F000D7F800310093D7F8FC300A46D7F83011E9
:102A00000068FEF777F90346184607F58A77BD4652
:102A1000BDE8F0834C0E020080B58CB006AFF860C4
:102A2000B9603B601346FB7100237B6197F9073067
:102A30006E2B05D1B968F868FFF708FA0346DDE0A8
:102A400097F90730252B11D1002304930123039319
:102A5000FB1D029300230193002300930023002217
:102A6000396A3868FEF746F90346C7E097F9073038
:102A7000632B03D097F90730432B0AD197F907202E
:102A80003B6A00933B68B968F868FFF73DFA034674
:102A9000B4E097F90730732B0AD197F907203B6A06
:102AA00000933B68B968F868FFF780FA0346A5E031
:102AB00097F90730652B13D097F90730452B0FD0C6
:102AC00097F90730662B0BD097F90730462B07D0C4
:102AD00097F90730672B03D097F90730472B0AD1B6
:102AE00097F907203B6A00933B68B968F868FFF7DD
:102AF0002DF8034682E097F907306B2B0AD197F93E
:102B000007203B6A00933B68B968F868FFF780F8D4
:102B1000034673E097F90730702B0DD15823FB71F2
:102B2000FB6800221A75FB6828225A60FB6808229D
:102B30009A60FB680822DA6097F90730642B07D0A7
:102B400097F90730692B03D097F90730492B1CD12F
:102B5000FB685B6843F08002FB685A600A237B6174
:102B6000FB685B6823F00802FB685A6097F907303E
:102B7000692B03D097F90730492B06D1FB681B69F5
:102B8000002B02D0FB681B697B6197F90730782B1B
:102B900003D097F90730582B01D110237B6197F9A7
:102BA0000730752B03D097F90730552B08D1FB68F8
:102BB0001B69002B02D0FB681B6900E00A237B61C4
:102BC00097F907306F2B01D108237B6197F9073004
:102BD000622B01D102237B617B69012B0CD997F910
:102BE00007207B6901933B6A00933B68B968F868EA
:102BF000FFF726FA034601E04FF0FF331846183777
:102C0000BD4680BD80B59CB002AFF860B9607A6007
:102C10003B607B683B663B683B617B68002B00F058
:102C20008C8200237B617DE23B6EFB6502E0FB6DE5
:102C30000133FB65FB6D93F90030002B04D0FB6D75
:102C400093F90030252BF2D1FA6D3B6ED31AFB6459
:102C5000FB6C002B0ED007F10803FA68F96C386E94
:102C6000FEF706F80346002BC0F269827A69FB6C16
:102C700013447B61FB6D3B663B6E93F90030002B88
:102C800000F050823B6E01333B660023BB610BE0DA
:102C9000BA69BB6CA6495B1AA64951F823301343A5
:102CA000BB613B6E01333B663B6E1B7887F8673038
:102CB00097F96730002B09D097F9673019469C487F
:102CC00009F00EFFB864BB6C002BE1D13B6E93F9A9
:102CD00000302A2B12D13B691A1D3A611B68FB6137
:102CE000FB69002B06DAFB695B42FB61BB6943F0C1
:102CF0000403BB613B6E01333B6628E00023FB61AC
:102D00000DE0FA6913469B0013445B001A4697F9DD
:102D100067301344303BFB613B6E01333B663B6ED7
:102D20001B7887F8673097F96730002B0FD097F939
:102D300067300133804A134493F90030DBB203F06B
:102D40000403002B03D0FB69B3F5FA7FD9DBFB69E1
:102D5000B3F5FA7F00F3F5813B6E93F900302E2B2B
:102D600003D04FF0FF333B6243E03B6E01333B66E1
:102D70003B6E93F900302A2B0DD13B691A1D3A6145
:102D80001B683B623B6AB3F5FA7F00F3DC813B6E64
:102D900001333B662DE000233B620DE03A6A1346A7
:102DA0009B0013445B001A4697F967301344303B8D
:102DB0003B623B6E01333B663B6E1B7887F86730A6
:102DC00097F96730002B0FD097F9673001335A4AD3
:102DD000134493F90030DBB203F00403002B03D05B
:102DE0003B6AB3F5FA7FD9DB3B6AB3F5FA7F00F3B0
:102DF000AC813B6E93F900303A2B02D000237B620A
:102E000048E03B6E01333B663B6E93F900302A2B62
:102E100014D13B691A1D3A611B687B647B6C002BE3
:102E200002DA00237B6205E07B6C242B00F38F81A8
:102E30007B6C7B623B6E01333B662BE000237B6245
:102E40000DE07A6A13469B0013445B001A4697F91B
:102E500067301344303B7B623B6E01333B663B6E15
:102E60001B7887F8673097F96730002B0ED097F9F9
:102E700067300133304A134493F90030DBB203F07A
:102E80000403002B02D07B6A232BDADD7B6A242B20
:102E900000F35F8110237B631023BB6300233B633C
:102EA0000023FB623B6E1B7887F8673097F9673029
:102EB0005B2B24D10023BB653B6E01333B663B6E2D
:102EC000FB6205E03B6E01333B66BB6D0133BB65C6
:102ED0003B6E1B7887F8673097F96730002B03D07B
:102EE00097F967305D2BEDD197F96730002B00F033
:102EF00032813B6E01333B66BB6D3B639CE097F9CF
:102F000067307B2B40F098803B6E01333B663B6E15
:102F100093F900302A2B08D13B691A1D3A611B68CE
:102F20007B653B6E01333B662DE000237B6513E040
:102F300020D1010028D101004C0E02007A6D134609
:102F40009B0013445B001A4697F967301344303BEB
:102F50007B653B6E01333B663B6E1B7887F86730C1
:102F600097F96730002B0ED097F967300133844A08
:102F7000134493F90030DBB203F00403002B02D0BA
:102F80007B6D1F2BDAD97B6D202B00F2E6803B6E28
:102F900093F900302E2B40F0E2803B6E01333B660C
:102FA0003B6E93F900302A2B08D13B691A1D3A6118
:102FB0001B683B653B6E01333B6627E000233B65A6
:102FC0000DE03A6D13469B0013445B001A4697F9D7
:102FD00067301344303B3B653B6E01333B663B6ED1
:102FE0001B7887F8673097F96730002B0ED097F978
:102FF00067300133624A134493F90030DBB203F0C7
:103000000403002B02D03B6D1F2BDAD997F96730F0
:10301000002B00F0A6803B6E01333B663B6D202BFE
:1030200000F2A1807A6D3B6D13441F2B00F29D804E
:103030007B6D7B633B6DBB633B6E1B7887F86730B2
:1030400097F96730002B0ED097F9673019464D4835
:1030500009F046FD0346002B05D03B6E01333B666D
:1030600097F9673000E0002387F8283097F9283077
:10307000002B17D03B6E1B7887F8673097F96730C5
:10308000002B0FD097F9283097F967209A4209D181
:1030900097F9283043F001035BB287F828303B6E84
:1030A00001333B663B6E1B7887F8673097F96730D2
:1030B000002B05D13B691A1D3A611B683B6631E064
:1030C00097F8673087F8433097F94330432B0FD197
:1030D0003B6E01333B663B6E1B7887F8673097F990
:1030E0006730002B43D097F8673087F8293002E02B
:1030F000002387F8293097F9432007F1100107F1E1
:10310000140007F108030093FB68FFF785FCF863E0
:10311000FB6B002B2DDB7A69FB6B13447B613B6EF1
:1031200001333B663B6E1B7887F8673097F9673051
:10313000002B7FF479AD7B691EE000BF1AE000BF71
:1031400018E000BF16E000BF14E000BF12E000BFAF
:1031500010E000BF0EE000BF0CE000BF0AE000BFBF
:1031600008E000BF06E000BF04E000BF02E000BFCF
:1031700000E000BF4FF0FF3318466837BD4680BD02
:103180004C0E0200F0D0010080B483B000AF786034
:103190007B6800221A7000225A7000229A70002266
:1031A000DA707B6818460C37BD4680BC704780B427
:1031B00083B000AF78607B6800221A7000225A70DA
:1031C00000229A700022DA707B6818460C37BD46E0
:1031D00080BC704780B483B000AF78607B68002209
:1031E0001A7000225A7000229A700022DA707B68EE
:1031F00018460C37BD4680BC7047000080B582B0D1
:1032000000AF78607B681B681946304805F09AF873
:103210007B681B78C3F30003DBB219462C4805F02A
:1032200091F87B681B78C3F34003DBB21946294849
:1032300005F088F87B681B78C3F38003DBB219467E
:10324000254805F07FF87B681B78C3F3C003DBB229
:103250001946224805F076F87B681B78C3F3001303
:10326000DBB219461E4805F06DF87B681B78C3F386
:103270004013DBB219461B4805F064F87B681B78E5
:10328000C3F38013DBB21946174805F05BF87B687F
:103290001B78C3F3C013DBB21946144805F052F88B
:1032A0007B685B78C3F30303DBB21946104805F073
:1032B00049F87B685B78C3F30313DBB219460C480B
:1032C00005F040F800BF0837BD4680BD48D1010079
:1032D00074D101008CD10100A4D10100BCD1010046
:1032E000D4D10100ECD1010004D201001CD20100B4
:1032F00034D2010080B584B000AF78607B68B3F948
:1033000000301BB2BB817B68B3F904301BB2FB8178
:1033100007F10E0207F10C031146184600F08AFF70
:103320000346B3F900309AB27B68B3F900301BB2A0
:1033300019467B68B3F904301BB2CB1A002BB8BF17
:103340005B42D90F0B445B109BB213449BB21BB280
:1033500018461037BD4680BD80B582B000AF78609A
:1033600079680A684B680F4804F0ECFF7B68B3F992
:1033700000301BB219460C4804F0E4FF7B68B3F937
:1033800004301BB21946094804F0DCFF7868FFF7E7
:10339000B1FF03461946064804F0D4FF00BF0837C2
:1033A000BD4680BD4CD2010068D2010078D2010038
:1033B00088D2010080B586B000AF0023FB82A84B05
:1033C0001A6807F10C038C321068516803C3A44BD0
:1033D0001A683B1DAC321068516803C3A14804F061
:1033E000B1FF07F10C031846FFF7B6FF9E4804F043
:1033F000A9FF3B1D1846FFF7AFFFB7F90C30002BB4
:1034000005D0B7F91030002B01D0012300E00023D4
:103410007B75B7F90430002B05D0B7F90830002BC5
:1034200001D0012300E000233B75B7F90C20B7F968
:1034300010309A4201D100237B75B7F90420B7F907
:1034400008309A4201D100233B75B7F90C30874A06
:1034500082FB03121A445112DA178A1A40F2DA2157
:1034600001FB02F29A1A13B2BB81B7F910307F4AFE
:1034700082FB03121A445112DA178A1A40F2DA2137
:1034800001FB02F29A1A13B23B82B7F90430774A71
:1034900082FB03121A445112DA178A1A40F2DA2117
:1034A00001FB02F29A1A13B2BB80B7F908306F4AD7
:1034B00082FB03121A445112DA178A1A40F2DA21F7
:1034C00001FB02F29A1A13B23B81B7F90C30002BC0
:1034D00007DAB7F90C309BB203F2DA239BB21BB2C6
:1034E000BB81B7F91030002B07DAB7F910309BB267
:1034F00003F2DA239BB21BB23B82B7F90430002BF4
:1035000007DAB7F904309BB203F2DA239BB21BB29D
:10351000BB80B7F90830002B07DAB7F908309BB247
:1035200003F2DA239BB21BB23B81B7F90C301A4687
:10353000B7F91030D31A002BB8BF5B42B3F5B77F91
:1035400016DBB7F90C20B7F910309A4208DAB7F950
:103550000C309BB203F2DA239BB21BB2BB8107E0B3
:10356000B7F910309BB203F2DA239BB21BB23B8255
:10357000B7F904301A46B7F90830D31A002BB8BF90
:103580005B42B3F5B77F16DBB7F90420B7F9083013
:103590009A4208DAB7F904309BB203F2DA239BB2FD
:1035A0001BB2BB8007E0B7F908309BB203F2DA2305
:1035B0009BB21BB23B81B7F90C301A46B7F91030F9
:1035C000D31A002BB8BF5B42B3F5B77F01DB0023F2
:1035D0007B75B7F904301A46B7F90830D31A002BB7
:1035E000B8BF5B42B3F5B77F01DB00233B752048D2
:1035F00004F0A8FE07F10C031846FFF7ADFE1A48C9
:1036000004F0A0FE3B1D1846FFF7A6FE7B7D002BB5
:1036100006D007F10C031846FFF76CFE0346FB8249
:103620003B7D002B09D03B1D1846FFF763FE034688
:10363000FA8A9BB213449BB2FB827B7D002B08D09D
:103640003B7D002B05D0B7F91630DA0F13445B1021
:10365000FB82B7F9163018461837BD4680BD00BF4B
:103660004C00002098D20100C4D20100B1F98CB303
:10367000C8D2010080B588B000AF0023FB6107F11C
:1036800014031846FFF780FD3B7D43F001033B75B3
:103690003B7D43F002033B753B7D43F004033B75E8
:1036A000954B1B68203307F11402106818606420E2
:1036B000FDF7F0F907F110031846FFF778FD8E4B80
:1036C0001A6807F1100324321068186000233B8247
:1036D000894B1B68243307F110021068186000231F
:1036E000FB6112E0844B1A6807F110032432106862
:1036F0001860B7F91020B7F912309A420AD00120A9
:10370000FDF7C8F9FB690133FB61FB69B3F5FA6F9B
:10371000E8D300E000BF3B7D43F008033B75764BE8
:103720001B68203307F11402106818603B7D23F0FA
:1037300008033B75704B1B68203307F114021068B7
:10374000186040F2EE233B826B4B1B68243307F179
:103750001002106818600023FB6112E0664B1A68C3
:1037600007F11003243210681860B7F91020B7F978
:1037700012309A420AD00120FDF78CF9FB6901331F
:10378000FB61FB69B3F5FA6FE8D300E000BFFFF718
:1037900011FE03467B837B8B2D3B9BB21BB23B828E
:1037A000554B1B68243307F1100210681860B7F9F5
:1037B0001A302D3B1946514804F0C4FD0023FB612B
:1037C00013E04D4B1A6807F110032432106818609B
:1037D000B7F91A302D3BB7F9122093420AD00120D5
:1037E000FDF758F9FB690133FB61FB69B3F5FA6F2B
:1037F000E7D300E000BF7B8B3B823F4B1B68243349
:1038000007F1100210681860B7F91A3019463B48E2
:1038100004F098FD0023FB6112E0374B1A6807F1B2
:103820001003243210681860B7F91230B7F91A2063
:103830009A420AD00120FDF72DF9FB690133FB61A3
:10384000FB69B3F5FA6FE8D300E000BFB7F91230B7
:10385000FA6919462A4804F075FD3B7D43F00803D8
:103860003B75254B1B68203307F114021068186064
:103870003B7D23F008033B751F4B1B68203307F18A
:103880001402106818601C4B1A6807F108038C3288
:103890001068516803C3184B1A683B46AC32106875
:1038A000516803C3174804F04DFD07F1080318469B
:1038B000FFF752FD144804F045FD3B461846FFF75C
:1038C0004BFD124B01221A603B7D23F001033B7537
:1038D0003B7D23F002033B753B7D23F004033B75E6
:1038E000054B1B68203307F114021068186000BFF5
:1038F0002037BD4680BD00BF4C000020F8D201003B
:1039000024D3010058D30100C4D2010038000020A4
:1039100080B586B000AF786000237B6100237B8296
:103920007B68082B01D9FFF7A5FE5F4B1B687A68FF
:103930009A4200F0B4807B68002B02D187237B82FF
:103940000DE07B689BB21A4652001A449200134461
:103950001A46D200D31A9BB25B3B9BB27B8207F123
:103960000C031846FFF710FC3B7B43F001033B734D
:103970003B7B43F002033B733B7B43F004033B730D
:103980004A4B1B68203307F10C0210681860642052
:10399000FDF780F807F108031846FFF708FC434BD2
:1039A0001A6807F10803243210681860B7F912305A
:1039B0002D3B19463E4804F0C5FC7B8A2D3B9BB24B
:1039C0001BB23B81394B1B68243307F10802106896
:1039D000186000237B6113E0344B1A6807F1080379
:1039E000243210681860B7F912302D3BB7F90A205D
:1039F00093420AD00120FDF74DF87B6901337B61CA
:103A00007B69B3F5FA6FE7D300E000BFB7F9123076
:103A10001946274804F096FC7B8A3B81234B1B68A0
:103A2000243307F108021068186000237B6112E05C
:103A30001E4B1A6807F10803243210681860B7F9A2
:103A40000A30B7F912209A420AD00120FDF722F875
:103A50007B6901337B617B69B3F5FA6FE8D300E0E2
:103A600000BFB7F90A307A691946124804F06AFCB7
:103A70000D4A7B6813603B7B23F001033B733B7B68
:103A800023F002033B733B7B23F004033B73074BA0
:103A90001B68203307F10C021068186000E000BFBB
:103AA0001837BD4680BD00BF380000204C00002004
:103AB000F8D2010024D3010080B588B000AF194BC3
:103AC0001B68082B01D9FFF7D5FD07F10C03184639
:103AD000FFF76DFB144B1A6807F10C0324321068D2
:103AE0001860B7F90C20B7F90E309A4201D00123C3
:103AF00099E30C4B1B68B7F90E2019460B4804F0EC
:103B000021FC084B1B68002B12D1B7F90E30852B16
:103B100005DDB7F90E30882B01DC012383E3002398
:103B200081E300BF380000204C00002078D3010062
:103B300007F108031846FFF727FB3B7A43F0010320
:103B40003B723B7A43F002033B723B7A23F004035F
:103B50003B72A14B1B68203307F108021068186004
:103B60006420FCF797FF3B1D1846FFF733FB9A4B89
:103B70001A683B1D283210681860984804F0E2FB70
:103B80003B1D1846FFF73AFB3B7903F00103DBB21C
:103B9000002B0CBF01230023DAB23B7903F00203B0
:103BA000DBB2002B14BF01230023DBB21340DBB2D6
:103BB0001A463B7903F00403DBB2002B14BF012348
:103BC0000023DBB213403A7902F00802D2B2002A95
:103BD00014BF01220022D2B21340002B14BF0123D4
:103BE0000023FB773B7903F01003DBB2002B0CBF03
:103BF00001230023DAB23B7903F02003DBB2002B70
:103C000014BF01230023DBB21340DBB21A463B7919
:103C100003F04003DBB2002B14BF01230023DBB20F
:103C200013403A7922F07F02D2B2002A14BF012257
:103C30000022D2B21340002B14BF01230023BB7714
:103C40003B7903F00103DBB2002B14BF01230023F7
:103C5000DAB23B7903F00203DBB2002B0CBF012385
:103C60000023DBB21340DBB21A463B7903F00403B6
:103C7000DBB2002B14BF01230023DBB213403A79DF
:103C800002F00802D2B2002A14BF01220022D2B2EE
:103C90001340002B14BF012300237B773B7903F0F3
:103CA0001003DBB2002B14BF01230023DAB23B79EF
:103CB00003F02003DBB2002B0CBF01230023DBB297
:103CC0001340DBB21A463B7903F04003DBB2002B12
:103CD00014BF01230023DBB213403A7922F07F02A4
:103CE000D2B2002A14BF01220022D2B21340002B0C
:103CF00014BF012300233B773B7903F00103DBB2C0
:103D0000002B14BF01230023DAB23B7903F0020336
:103D1000DBB2002B14BF01230023DBB21340DBB264
:103D20001A463B7903F00403DBB2002B0CBF0123DE
:103D30000023DBB213403A7902F00802D2B2002A23
:103D400014BF01220022D2B21340002B14BF012362
:103D50000023FB763B7903F01003DBB2002B14BF8A
:103D600001230023DAB23B7903F02003DBB2002BFE
:103D700014BF01230023DBB21340DBB21A463B79A8
:103D800003F04003DBB2002B0CBF01230023DBB2A6
:103D900013403A7922F07F02D2B2002A14BF0122E6
:103DA0000022D2B21340002B14BF01230023BB76A4
:103DB0003B7903F00103DBB2002B14BF0123002386
:103DC000DAB23B7903F00203DBB2002B0CBF012314
:103DD0000023DBB204E000BF4C000020B0D30100A0
:103DE0001340DBB21A463B7903F00403DBB2002B2D
:103DF0000CBF01230023DBB213403A7902F0080222
:103E0000D2B2002A14BF01220022D2B21340002BEA
:103E100014BF012300237B763B7903F01003DBB250
:103E2000002B14BF01230023DAB23B7903F02003F7
:103E3000DBB2002B0CBF01230023DBB21340DBB24B
:103E40001A463B7903F04003DBB2002B0CBF012381
:103E50000023DBB213403A7922F07F02D2B2002A6B
:103E600014BF01220022D2B21340002B14BF012341
:103E700000233B763B7903F00103DBB2002B14BF38
:103E800001230023DAB23B7903F00203DBB2002BFB
:103E900014BF01230023DBB21340DBB21A463B7987
:103EA00003F00403DBB2002B14BF01230023DBB2B9
:103EB00013403A7902F00802D2B2002A0CBF012264
:103EC0000022D2B21340002B14BF01230023FB7544
:103ED0003B7903F01003DBB2002B14BF0123002356
:103EE000DAB23B7903F02003DBB2002B14BF0123CD
:103EF0000023DBB21340DBB21A463B7903F04003E8
:103F0000DBB2002B14BF01230023DBB213403A794C
:103F100022F07F02D2B2002A0CBF01220022D2B2CC
:103F20001340002B14BF01230023BB753B7903F022
:103F30000103DBB2002B14BF01230023DAB23B796B
:103F400003F00203DBB2002B0CBF01230023DBB222
:103F50001340DBB21A463B7903F00403DBB2002BBB
:103F600014BF01230023DBB213403A7902F00802A8
:103F7000D2B2002A0CBF01220022D2B21340002B81
:103F800014BF012300237B753B7903F01003DBB2E0
:103F9000002B14BF01230023DAB23B7903F0200386
:103FA000DBB2002B0CBF01230023DBB21340DBB2DA
:103FB0001A463B7903F04003DBB2002B14BF012308
:103FC0000023DBB213403A7922F07F02D2B2002AFA
:103FD0000CBF01220022D2B21340002B14BF0123D8
:103FE00000233B753B7903F00103DBB2002B14BFC8
:103FF00001230023DAB23B7903F00203DBB2002B8A
:1040000014BF01230023DBB21340DBB21A463B7915
:1040100003F00403DBB2002B0CBF01230023DBB24F
:1040200013403A7902F00802D2B2002A0CBF0122F2
:104030000022D2B21340002B14BF01230023FB74D3
:104040003B7903F01003DBB2002B14BF01230023E4
:10405000DAB23B7903F02003DBB2002B14BF01235B
:104060000023DBB21340DBB21A463B7903F0400376
:10407000DBB2002B0CBF01230023DBB213403A79E3
:1040800022F07F02D2B2002A0CBF01220022D2B25B
:104090001340002B14BF01230023BB743B7903F0B2
:1040A0000103DBB2002B14BF01230023DAB23B79FA
:1040B00003F00203DBB2002B0CBF01230023DBB2B1
:1040C0001340DBB21A463B7903F00403DBB2002B4A
:1040D0000CBF01230023DBB213403A7902F008023F
:1040E000D2B2002A0CBF01220022D2B21340002B10
:1040F00014BF012300237B743B7903F01003DBB270
:10410000002B14BF01230023DAB23B7903F0200314
:10411000DBB2002B0CBF01230023DBB21340DBB268
:104120001A463B7903F04003DBB2002B0CBF01239E
:104130000023DBB213403A7922F07F02D2B2002A88
:104140000CBF01220022D2B21340002B14BF012366
:1041500000233B74364B1B68013B072B62D801A23E
:1041600052F823F08541000099410000AD41000064
:10417000C1410000D5410000E9410000FD410000BF
:1041800011420000FA7FBB7F1343DBB2002B14BF48
:1041900001230023DBB246E07A7F3B7F1343DBB28F
:1041A000002B14BF01230023DBB23CE0FA7EBB7E70
:1041B0001343DBB2002B14BF01230023DBB232E038
:1041C0007A7E3B7E1343DBB2002B14BF0123002316
:1041D000DBB228E0FA7DBB7D1343DBB2002B14BFBA
:1041E00001230023DBB21EE07A7D3B7D1343DBB26B
:1041F000002B14BF01230023DBB214E0FA7CBB7C4C
:104200001343DBB2002B14BF01230023DBB20AE00F
:104210007A7C3B7C1343DBB2002B14BF01230023C9
:10422000DBB200E0002318462037BD4680BD00BF4A
:104230003800002080B483B000AF786039603B68FC
:10424000B3F900207B68B3F900309A4201DA3B6889
:1042500000E07B6818460C37BD4680BC704780B5CF
:1042600084B000AFF860B9607A603B60FB68BA6800
:104270001A60FB687A685A60FB6800221A72FB6851
:104280003A68DA60FB681B68184608F045FF034689
:10429000DAB2FB681A72FB6818461037BD4680BD5B
:1042A00080B582B000AF786039607B681B681846C3
:1042B00017F01EFE3B68D3E9002317F083FE024689
:1042C0000B46104619464FF00002054B17F0A4FFAD
:1042D00002460B46104619460837BD4680BD00BF52
:1042E00000005E4180B483B000AF786001231846BF
:1042F0000C37BD4680BC704780B483B000AF786097
:10430000044A7B681A607B6818460C37BD4680BC3F
:10431000704700BF38D4010080B582B000AF78602C
:104320007868FFF7E9FF0421786818F0C9FB7B681B
:1043300018460837BD4680BD98B500AF3F4C404B8E
:10434000404A41492046FFF78AFF10343F4B404A1C
:1043500040492046FFF783FF10343F4B3F4A404916
:104360002046FFF77CFF1034384B3E4A3E4920463A
:10437000FFF775FF1034384B3C4A3D492046FFF7A4
:104380006EFF10343B4B3C4A3C492046FFF767FF29
:1043900010343B4B3B4A3C492046FFF760FF10344A
:1043A0003A4B3B4A3B492046FFF759FF10343A4B02
:1043B0003A4A3B492046FFF752FF1034394B3A4AFC
:1043C0003A492046FFF74BFF1034364B364A3849FE
:1043D0002046FFF744FF1034364B374A3749204612
:1043E000FFF73DFF1034334B334A35492046FFF782
:1043F00036FF1034334B344A34492046FFF72FFF41
:104400001034334B334A34492046FFF728FF103429
:10441000324B334A33492046FFF721FF1034324BE9
:10442000324A33492046FFF71AFF04F11000314B9E
:10443000314A3249FFF713FF00BF98BD9C080020A6
:104440007D49000044D401007CD40100ED49000006
:1044500084D4010098D40100AD4A0000A4D4010026
:10446000C0D40100CCD40100E4D40100E8D40100A0
:1044700008D50100394B00000CD5010058D50100CA
:10448000314C000064D50100B4D50100FD4E0000A0
:10449000C0D50100F0D5010085500000F8D501001D
:1044A0007CD601009D6C00005CFD01004CFD01000C
:1044B0008CD60100156E0000A0FD010090FD0100EA
:1044C00090D6010019700000E0FD0100CCFD010054
:1044D000AD51000094D60100C8D601001152000071
:1044E000D0D6010034D701008954000044D7010020
:1044F00084D70100E154000094D70100E0D7010007
:1045000080B500AF0248FFF7F7FE00BF80BD00BFD7
:104510003C00002080B500AFFFF70EFF80BD80B5E6
:1045200000AFFFF7EDFF80BD80B483B000AF7860CF
:104530007B6800221A7000225A7000229A700022B2
:10454000DA707B6818460C37BD4680BC70470000A7
:1045500080B582B000AF78600F4803F0F3FE7B684F
:104560001B6819460D4803F0EDFE7B685B68194631
:104570000B4803F0E7FE7B689B681946094803F087
:10458000E1FE7B68DB681946074803F0DBFE00BFED
:104590000837BD4680BD00BFF4D701000CD801002C
:1045A00024D801003CD8010058D8010080B582B061
:1045B00000AF78607B681B681946664803F0C2FE4E
:1045C0007B681B78C3F30003DBB21946624803F033
:1045D000B9FE7B681B78C3F34003DBB219465F4822
:1045E00003F0B0FE7B681B78C3F38003DBB219468F
:1045F0005B4803F0A7FE7B681B78C3F3C003DBB204
:104600001946584803F09EFE7B681B78C3F30013DD
:10461000DBB21946544803F095FE7B681B78C3F360
:104620004013DBB21946514803F08CFE7B681B78BF
:10463000C3F38013DBB219464D4803F083FE7B6859
:104640001B78C3F3C013DBB219464A4803F07AFE65
:104650007B685B78C3F30003DBB21946464803F07E
:1046600071FE7B685B78C3F34003DBB219464348B5
:1046700003F068FE7B685B78C3F38003DBB2194606
:104680003F4803F05FFE7B685B78C3F3C003DBB297
:1046900019463C4803F056FE7B685B78C3F3001371
:1046A000DBB21946384803F04DFE7B685B78C3F3F4
:1046B0004013DBB21946354803F044FE7B685B7853
:1046C000C3F38013DBB21946314803F03BFE7B682D
:1046D0005B78C3F3C013DBB219462E4803F032FEF9
:1046E0007B689B78C3F30003DBB219462A4803F0CA
:1046F00029FE7B689B78C3F34003DBB21946274849
:1047000003F020FE7B689B78C3F38003DBB219467D
:10471000234803F017FE7B689B78C3F3C003DBB22A
:104720001946204803F00EFE7B689B78C3F3001304
:10473000DBB219461C4803F005FE7B689B78C3F387
:104740004013DBB21946194803F0FCFD00BF0837DF
:10475000BD4680BD6CD8010098D80100ACD80100DE
:10476000C0D80100D4D80100E8D80100FCD801006D
:1047700010D9010024D9010038D9010048D901001D
:1047800058D9010068D901007CD9010090D90100F5
:104790009CD90100A8D90100B4D90100C4D90100F5
:1047A000D4D90100E4D90100F4D9010008DA0100EC
:1047B00080B582B000AF78607B681B6819460B48F3
:1047C00003F0C0FD7B68B3F900301BB219460848FE
:1047D00003F0B8FD7B68B3F902301BB219460548F7
:1047E00003F0B0FD00BF0837BD4680BD1CDA0100F4
:1047F0004CDA010060DA010080B584B000AF786067
:104800007B6803F580539B8919467B6803F58053C9
:1048100093F82130002B01D0592200E04E227B6812
:1048200003F580535B6A104803F08CFD0023FB60A6
:104830000BE07A68FB6813440C331B7819460B486D
:1048400003F080FDFB680133FB607B6803F5805358
:104850009B891A46FB689342EBD3054803F072FD2F
:1048600000BF1037BD4680BDC4DB0100E0DB0100A6
:10487000E8DB010080B582B000AF786039607B680A
:104880001B68184617F034FB3B68D3E9002317F088
:1048900099FB02460B46104619464FF00002054BA5
:1048A00017F0BAFC02460B46104619460837BD46BB
:1048B00080BD00BF00005E4180B483B000AF78606F
:1048C0000B46FB707B68FA781A7100BF0C37BD4647
:1048D00080BC704780B483B000AF78607B681B7980
:1048E00018460C37BD4680BC7047000080B584B0C8
:1048F00000AF78607B689B681B6830331B687A6800
:104900009268104698477B68DB681846FFF720FEE0
:104910007B68996C7B6893F82530002B01D0592275
:1049200000E04E227B689B6A114803F00BFD0023D8
:10493000FB6011E07B689A687B689B681B680833A2
:104940001B68F9681046984703461946094803F062
:10495000F9FCFB680133FB607B689B6CFA689A4248
:10496000E8D3054803F0EEFC00BF1037BD4680BD1C
:10497000ECDB0100E0DB0100E8DB010080B586B084
:1049800002AFF860B9607A603B60134B1B68002B84
:1049900014BF01230023DBB2002B0ED00E4B1B688B
:1049A00019680D4B1B685B6801930C4B00936523E2
:1049B0000B4A0C4803F0C6FC05E0084B6522084989
:1049C000094803F0BFFCB86808F0A6FB03465BB2D9
:1049D00018461037BD4680BD4C00002078E8010025
:1049E00014DC010018DC010078DC010080B588B01F
:1049F00000AFF860B9607A603B6000237B6107F12B
:104A000014031A462049B86807F0B6FE0346FB7740
:104A100097F91F30002B16DC1C4803F093FC1C4B4D
:104A20001A687B6913441B78BB617B69BA691946B4
:104A3000184803F087FCB969174803F083FC17484E
:104A400003F080FC1AE07B6923F003037B61104BC9
:104A50001A687B6913441B78BB610C4803F072FC35
:104A60007B69BA6919460E4803F06CFCB9690D48B8
:104A700003F068FCB9690C4803F064FC7B685BB226
:104A800018462037BD4680BDB4DC0100B8DC01000B
:104A90004C000020CCDC0100E0DC0100E8DB010080
:104AA000E8DC0100FCDC010004DD010080B588B019
:104AB00000AFF860B9607A603B600023BB610023FF
:104AC0007B6107F1140307F118021649B86807F073
:104AD00053FE0346FB7797F91F30012B09DC97F94A
:104AE0001F301A46B968104803F02CFC4FF0FF3312
:104AF00013E07B69D9B20D4B1A68BB6913440A46AF
:104B00001A707B6919460A4803F01CFCBB691946F8
:104B1000084803F017FC7B685BB218462037BD4697
:104B200080BD00BF10DD010018DD01004C00002039
:104B300074DD010098DD010080B588B000AFF86039
:104B4000B9607A603B6007F11C031846FEF71CFB56
:104B500007F118031846FEF72AFB07F1140318465D
:104B6000FEF738FB2B4B1B68002B0CBF01230023E7
:104B7000DBB2002B05D0284803F0E4FB7B685BB276
:104B800043E024222421254803F0DCFB28222821AD
:104B9000234803F0D7FB20222021224803F0D2FB38
:104BA0001C4B1A6807F11C03203210681860194B5F
:104BB0001A6807F11803243210681860154B1A6838
:104BC00007F11403283210681860174803F0BAFB85
:104BD00007F11C031846FFF7E9FC144803F0B2FB89
:104BE00007F118031846FFF7E3FD104803F0AAFB8E
:104BF00007F114031846FEF701FB0C4803F0A2FB73
:104C00000A4803F09FFB7B685BB218462037BD461D
:104C100080BD00BF4C000020A4DD0100F8DD0100D4
:104C200048DE010094DE0100E0DE010004DF010047
:104C300080B586B000AFF860B9607A603B60914B98
:104C40001B68002B0CBF01230023DBB2002B05D017
:104C50008D4803F077FB7B685BB20FE18C228C21DF
:104C60008A4803F06FFB4FF4A4724FF4A271884896
:104C700003F068FB874803F065FB874803F062FB9D
:104C8000804B1B688C331846FEF766FB834803F0A5
:104C900059FB7C4B1B6894331846FEF75DFB80483C
:104CA00003F050FB774B1B689C331846FEF754FB10
:104CB0007C4803F047FB734B1B68A4331846FEF790
:104CC0004BFB794803F03EFB6E4B1B68AC33184638
:104CD000FEF742FB754803F035FB6A4B1B68B433A3
:104CE0001846FEF739FB724803F02CFB654B1B6836
:104CF000BC331846FEF730FB6E4803F023FB614BD4
:104D00001B68C4331846FEF727FB00237B6104E0D1
:104D100006F01AFB7B6901337B617B69B3F5805F29
:104D2000F6D3654803F00EFB644803F00BFB554BCC
:104D30001B68CC331846FEF70FFB614803F002FBFB
:104D4000504B1B68D4331846FEF706FB5D4803F052
:104D5000F9FA4C4B1B68DC331846FEF7FDFA5A484B
:104D600003F0F0FA474B1B68E4331846FEF7F4FAF9
:104D7000564803F0E7FA434B1B68EC331846FEF73E
:104D8000EBFA534803F0DEFA3E4B1B68F433184647
:104D9000FEF7E2FA4F4803F0D5FA3A4B1B68FC33B2
:104DA0001846FEF7D9FA4C4803F0CCFA354B1B688D
:104DB00003F582731846FEF7CFFA00233B6104E047
:104DC00006F0C2FA3B6901333B613B69B3F5805F92
:104DD000F6D3394803F0B6FA404803F0B3FA294B4A
:104DE0001B6803F586731846FEF7B6FA3C4803F0D5
:104DF000A9FA244B1B6803F58A731846FEF7ACFA30
:104E0000384803F09FFA1F4B1B6803F58E73184652
:104E1000FEF7A2FA344803F095FA1A4B1B6803F523
:104E200092731846FEF798FA304803F08BFA154B48
:104E30001B6803F596731846FEF78EFA2C4803F0AC
:104E400081FA104B1B6803F59A731846FEF784FA33
:104E5000284803F077FA0B4B1B6803F59E7318463E
:104E6000FEF77AFA244803F06DFA064B1B6803F547
:104E7000A2731846FEF770FA7B685BB218461837C3
:104E8000BD4680BD4C00002008DF010060DF01004E
:104E9000B0DF010000E0010028E0010038E001007F
:104EA00048E0010058E0010068E0010078E00100FE
:104EB00088E0010098E0010004DF0100A8E00100A3
:104EC000B4E00100C0E00100CCE00100D8E0010046
:104ED000E4E00100F0E00100FCE0010008E1010075
:104EE00014E1010020E101002CE1010038E10100A2
:104EF00044E1010050E101005CE1010080B58AB0AD
:104F000000AFF860B9607A603B6007F11C03184697
:104F1000FEF74DF9534B1B68002B0CBF01230023F8
:104F2000DBB2002B05D0504803F00CFA7B685BB273
:104F300093E007F118031A464C49B86807F01CFCC7
:104F4000034687F8233097F92330002B71DD07F1F2
:104F500014031846FEF718F93B7D43F001033B7537
:104F60003B7D43F002033B753B7D43F004033B75FF
:104F70003C4B1B68203307F1140210681860BB69B2
:104F80001BB2BB83374B1B68243307F11C0210682C
:104F9000186000237B622EE0324B1A6807F11C0375
:104FA000243210681860B7F91C20B7F91E309A42F5
:104FB00026D0B7F91E202E4B83FB0213D910D3172E
:104FC000C91A0B469B000B4499000B44D31A1BB221
:104FD000002B0AD1274803F0B5F907F11C03184646
:104FE000FFF7E6FB244803F0ADF90120FBF752FD83
:104FF0007B6A01337B627B6AB3F5FA6FCCD300E046
:1050000000BFBB6919461D4803F09CF93B7D23F0A6
:1050100001033B753B7D23F002033B753B7D23F091
:1050200004033B750F4B1B68203307F11402106813
:1050300018600C4B1A6807F11C03243210681860C2
:105040000F4803F07FF907F11C031846FFF7B0FB88
:10505000094803F077F97B685BB218462837BD46EC
:1050600080BD00BF4C00002068E10100B8E10100F4
:105070001F85EB51BCE1010004DF0100D8E1010014
:10508000F8E1010080B588B000AFF860B9607A60DF
:105090003B600023BB6107F118031A463949B86821
:1050A00007F06AFB0346FB7797F91F30002B2FDDD3
:1050B000BB69082B0AD9BB6908221946324803F09C
:1050C00041F9FEF7D7FA7B685BB257E0BB69194636
:1050D0002E4803F037F9BB691846FEF719FCFEF7B6
:1050E000EBFC034683F00103DBB2002B0DD0284814
:1050F00003F028F9FEF7BEFABB691946234803F00E
:1051000021F9BB691846FEF703FC7B685BB235E00A
:10511000204803F017F907F114031846FEF747F883
:105120001D4B1A6807F11403243210681860B7F990
:105130001420B7F916309A4208D0184B1B6819464C
:10514000174803F0FFF87B685BB217E0FEF7B4FC8A
:10515000034683F00103DBB2002B07D0114803F0B4
:10516000F1F8FEF787FA7B685BB207E00B4B1B6830
:1051700019460D4803F0E6F87B685BB21846203705
:10518000BD4680BDB8E101001CE20100A0E20100C3
:10519000C8E20100F0E201004C00002038000020CD
:1051A00028E301006CE30100B4E3010080B586B0A0
:1051B00000AFF860B9607A603B60114803F0C2F854
:1051C00000237B6110E07A690E4B1B68C3F8542101
:1051D0000C4B1B68D3F858313B6139690A4803F01E
:1051E000B1F87B6901337B617B691F2BEBD90748E1
:1051F00003F0A8F87B685BB218461837BD4680BD3F
:10520000E4E301004C000020E0DB0100E8DB0100EA
:1052100080B59CB002AFF860B9607A603B6007F17E
:1052200024031846FFF780F900233B620023FB614B
:105230000023BB6100237B61894B1B68002B0CBFE3
:1052400001230023DBB2002B05D0864803F07AF857
:105250007B685BB2F9E007F11C0107F1200207F15E
:105260001403019307F1180300930B467E49B868B5
:1052700007F082FA034687F8673097F96730032B07
:1052800020DD3B6ADBB287F82430FB69DBB287F8AC
:105290002530BB69DBB287F826307B69DBB287F843
:1052A0002730396AFA69B8697B69009303466F4809
:1052B00003F048F86A4B1B68403307F1240210687A
:1052C000186023E097F96730002B1FDD3B6ADBB2E3
:1052D00087F824303B6ADBB287F825303B6ADBB2C3
:1052E00087F826303B6ADBB287F82730396A3A6A9A
:1052F000386A3B6A009303465C4803F023F8584B36
:105300001B68403307F1240210681860544B1A6878
:1053100007F1240340321068186097F824303B628C
:1053200097F82530FB6197F82630BB6197F8273056
:105330007B61396AFA69B8697B69009303464C4816
:1053400003F000F844A3D3E90023C7E916233B6A1E
:1053500001337B65FB6901333B65BB690133FB644A
:105360007B690133BB64786D16F0B2FD02460B46D3
:10537000D7E9160116F050FF02460B4610461946B3
:105380004FF000023B4B16F047FF02460B46C7E9C1
:105390001023386D16F09CFD02460B46D7E9160126
:1053A00016F03AFF02460B46104619464FF000022F
:1053B000304B16F031FF02460B46C7E90E23F86C5E
:1053C00016F086FD02460B46D7E9160116F024FFBB
:1053D00002460B46104619464FF00002254B16F0C8
:1053E0001BFF02460B46C7E90C23B86C16F070FD94
:1053F00002460B46D7E9160116F00EFF02460B4691
:10540000104619464FF000021A4B16F005FF0246EF
:105410000B46C7E90A23D7E91023796D164802F035
:1054200091FFD7E90E23396D144802F08BFFD7E9BD
:105430000C23F96C124802F085FFD7E90A23B96CF6
:10544000104802F07FFF7B685BB218466837BD46A4
:1054500080BD00BFAFF3008000000000965198416E
:105460004C000020F8E3010048E4010058E401008A
:105470008CE4010000003040BCE4010008E50100BC
:1054800054E50100A4E5010080B584B000AFF860E8
:10549000B9607A603B600C4802F054FF0B48FFF79C
:1054A000ABF90B48FFF7A8F90A48FFF7A5F90A4836
:1054B000FFF71CFA094802F045FF7B685BB218460B
:1054C0001037BD4680BD00BFF4E50100C01C0020C0
:1054D000002D0020403D0020B04D0020E8DB010001
:1054E00080B58CB002AFF860B9607A603B60002391
:1054F0003B6207F1180107F1200207F1170300933F
:105500000B465449B86807F037F9034687F8263048
:1055100097F92630032B5ADD002387F8273097F9B7
:105520001730592B0FD097F91730792B0BD097F9EB
:105530001730542B07D097F91730742B03D097F9F5
:105540001730312B02D1012387F82730396A97F8B9
:105550002730002B01D0592300E04E231A463E4845
:1055600002F0F0FE3B6A032B26D801A252F823F08A
:10557000815500008F5500009D550000AB5500007F
:1055800097F8273019463548FFF796F919E097F84C
:10559000273019463248FFF78FF912E097F8273085
:1055A00019463048FFF788F90BE097F8273019467D
:1055B0002D48FFF781F904E03B6A19462B4802F0B9
:1055C000C1FEB86807F0A8FD03465BB23EE097F95C
:1055D00026301946264802F0B5FE2048FFF77AF932
:1055E0000346002B01D0592300E04E2319462148E1
:1055F00002F0A8FE1A48FFF76DF90346002B01D010
:10560000592300E04E2319461B4802F09BFE154823
:10561000FFF760F90346002B01D0592300E04E2329
:105620001946164802F08EFE0F48FFF753F903465D
:10563000002B01D0592300E04E231946104802F0F8
:1056400081FEB86807F068FD03465BB2184628374C
:10565000BD4680BD1CE601002CE60100301C002088
:105660004C1C0020681C0020841C002060E6010007
:1056700098E60100E8E6010018E7010048E70100AC
:1056800078E7010080B500AF0248FEF735FE00BFA5
:1056900080BD00BF4000002080B500AFFFF7F2FFE3
:1056A00080BD80B485B000AFF860B9607A603B60BF
:1056B000FB68BA681A60FB687A685A60FB683A68E7
:1056C0009A60FB6818461437BD4680BC70470000DE
:1056D00098B500AF1C4C1D4B1D4A41F201012046FC
:1056E000FFF7DFFF0C341B4B1B4A44F2010120463D
:1056F000FFF7D7FF0C34194B194A44F20201204638
:10570000FFF7CFFF0C34174B174A44F20301204632
:10571000FFF7C7FF0C34154B154A44F2040120462D
:10572000FFF7BFFF0C34134B134A44F20501204628
:10573000FFF7B7FF04F10C00104B114A44F20601C9
:10574000FFF7AFFF00BF98BDC4190020115A000039
:10575000E0E80100915A000004E90100255B000027
:1057600038E90100B95B00006CE90100195C000038
:1057700098E9010059610000C8E90100E1620000F8
:10578000F0E9010080B500AFFFF7A2FF80BD000087
:1057900080B582B000AF78607B681B6819467B6873
:1057A0005A687B689B68034806F0F0FE00BF083724
:1057B000BD4680BD74EA010080B582B000AF78605C
:1057C00039607B681B68184616F092FB3B68D3E98A
:1057D000002316F0F7FB02460B46104619464FF021
:1057E0000002054B16F018FD02460B4610461946FE
:1057F0000837BD4680BD00BF00005E4100000000CC
:1058000080B584B000AF7860396011A3D3E900237C
:10581000C7E9022307F1080319463868FFF7CCFFF0
:105820007B68D3E9002316F0CDFB02460B461046F9
:1058300019467B68D3E9022316F00EFA02460B469E
:10584000104619461037BD4680BD00BFAFF300803B
:10585000FCA9F1D24D62104080B582B000AF7860F3
:105860007B68043319460548FFF7CAFF02460B461A
:10587000104619460837BD4680BD00BF001B0020FA
:1058800080B582B000AF78607B6808331946054860
:10589000FFF7B6FF02460B46104619460837BD46CD
:1058A00080BD00BF101B002080B582B000AF7860C3
:1058B0007B680C3319460548FFF7A2FF02460B46EA
:1058C000104619460837BD4680BD00BF201B00208A
:1058D00080B582B000AF78607B6810331946054808
:1058E000FFF78EFF02460B46104619460837BD46A5
:1058F00080BD00BF301B002080B582B000AF786053
:105900007B68143319460548FFF77AFF02460B46B9
:10591000104619460837BD4680BD00BF501B002009
:1059200080B582B000AF78607B68183319460548AF
:10593000FFF766FF02460B46104619460837BD467C
:1059400080BD00BF601B002080B582B000AF7860D2
:105950007B681C3319460548FFF752FF02460B4689
:10596000104619460837BD4680BD00BF401B0020C9
:1059700080B582B000AF78607B6820331946054857
:10598000FFF73EFF02460B46104619460837BD4654
:1059900080BD00BF701B002080B582B000AF786072
:1059A0007B68243319460548FFF72AFF02460B4659
:1059B000104619460837BD4680BD00BF801B002039
:1059C00080B582B000AF78607B68283319460548FF
:1059D000FFF716FF02460B46104619460837BD462C
:1059E00080BD00BF901B002080B582B000AF786002
:1059F0007B682C3319460548FFF702FF02460B4629
:105A0000104619460837BD4680BD00BFA01B0020C8
:105A100080B58AB002AFF860B9607A603B6000235D
:105A20007B616523BB610023FB61164B1B68002B68
:105A300014BF01230023DBB2002B07D0114B1B68DE
:105A40001B687B610F4B1B685B68FB610C210E4878
:105A500002F078FC07F114031846FFF799FE0B4893
:105A600002F070FC07F114030C220092002241F2B4
:105A70000101386802F0D4FC7B685BB2184620371D
:105A8000BD4680BD4C00002030EE010068EE0100F4
:105A900080B588B002AFF860B9607A603B60796821
:105AA0001B4802F04FFCBB68002B13D07B68032B14
:105AB00010D9BB687B61174802F044FC7869FEF797
:105AC00075FD154802F03EFC144B1B687A692033C3
:105AD00012681A60124802F035FC104B1B68203324
:105AE0001846FEF763FD0C4802F02CFC0B4B1B68BC
:105AF000203304220092002244F20101386802F0AF
:105B00008FFC7B685BB218461837BD4680BD00BF6E
:105B10006CEE0100A8EE010068EE01004C000020D0
:105B2000DCEE010080B588B002AFF860B9607A6041
:105B30003B6079681B4802F005FCBB68002B13D062
:105B40007B68032B10D9BB687B61174802F0FAFB16
:105B50007869FEF72DFE154802F0F4FB144B1B6824
:105B60007A69243312681A60124802F0EBFB104B7A
:105B70001B6824331846FEF71BFE0C4802F0E2FBBC
:105B80000B4B1B68243304220092002244F20201D2
:105B9000386802F045FC7B685BB218461837BD4692
:105BA00080BD00BF10EF010048EF010068EE01006A
:105BB0004C00002078EF010080B586B002AFF8609D
:105BC000B9607A603B6079680F4802F0BBFB0F4810
:105BD00002F0B8FB0E4B1B6828331846FDF70EFB8E
:105BE0000C4802F0AFFB0A4B1B68283304220092DA
:105BF000002244F20301386802F012FC7B685BB2B9
:105C000018461037BD4680BDA8EF0100E8EF01003F
:105C10004C00002068EE010080B59EB002AFF86035
:105C2000B9607A603B607968A44802F08BFBA448B5
:105C300002F088FBA34802F085FBA34B1B688C3362
:105C40001846FDF789FBA04B1B68B3F98C301BB2DB
:105C50009BB23B829C4B1B68B3F990301BB29BB24A
:105C60007B829A4802F06EFB974B1B689433184670
:105C7000FDF772FB944B1B68B3F994301BB29BB2D7
:105C8000BB82914B1B68B3F998301BB29BB2FB826D
:105C90008F4802F057FB8C4B1B689C331846FDF76E
:105CA0005BFB894B1B68B3F99C301BB29BB23B83F7
:105CB000854B1B68B3F9A0301BB29BB27B83854830
:105CC00002F040FB804B1B68A4331846FDF744FBF1
:105CD0007D4B1B68B3F9A4301BB29BB2BB837A4BDC
:105CE0001B68B3F9A8301BB29BB2FB837A4802F061
:105CF00029FB754B1B68AC331846FDF72DFB724B27
:105D00001B68B3F9AC301BB29BB23B846E4B1B6873
:105D1000B3F9B0301BB29BB27B84704802F012FB27
:105D2000694B1B68B4331846FDF716FB664B1B68BE
:105D3000B3F9B4301BB29BB2BB84634B1B68B3F99D
:105D4000B8301BB29BB2FB84654802F0FBFA5E4B95
:105D50001B68BC331846FDF7FFFA5B4B1B68B3F9B1
:105D6000BC301BB29BB23B85574B1B68B3F9C030AC
:105D70001BB29BB27B855B4802F0E4FA524B1B6876
:105D8000C4331846FDF7E8FA4F4B1B68B3F9C4302B
:105D90001BB29BB2BB854C4B1B68B3F9C8301BB21E
:105DA0009BB2FB85504802F0CDFA474B1B68CC33C1
:105DB0001846FDF7D1FA444B1B68B3F9CC301BB23F
:105DC0009BB23B86404B1B68B3F9D0301BB29BB2F1
:105DD0007B86464802F0B6FA3B4B1B68D433184624
:105DE000FDF7BAFA384B1B68B3F9D4301BB29BB23B
:105DF000BB86354B1B68B3F9D8301BB29BB2FB8610
:105E00003B4802F09FFA304B1B68DC331846FDF725
:105E1000A3FA2D4B1B68B3F9DC301BB29BB23B8756
:105E2000294B1B68B3F9E0301BB29BB27B8731482A
:105E300002F088FA244B1B68E4331846FDF78CFA0D
:105E4000214B1B68B3F9E4301BB29BB2BB871E4BDE
:105E50001B68B3F9E8301BB29BB2FB87264802F0FF
:105E600071FA194B1B68EC331846FDF775FA164B9F
:105E70001B68B3F9EC301BB29BB2A7F84030124B51
:105E80001B68B3F9F0301BB29BB2A7F842301B4835
:105E900002F058FA0C4B1B68F4331846FDF75CFA15
:105EA000094B1B68B3F9F4301BB29BB2A7F844301E
:105EB000054B1B68B3F9F8301BB221E020F001005C
:105EC00054F0010080F001004C00002090F001002F
:105ED0009CF00100A8F00100B4F00100C4F0010042
:105EE000D0F00100DCF00100E8F00100F4F0010066
:105EF00000F101000CF1010018F1010024F1010092
:105F00009BB2A7F84630894802F01CFA884B1B6800
:105F1000FC331846FDF720FA854B1B68B3F9FC30BB
:105F20001BB29BB2A7F84830814B1B68B3F9003114
:105F30001BB29BB2A7F84A307E4802F003FA7C4BB2
:105F40001B6803F582731846FDF706FA784B1B6849
:105F5000B3F904311BB29BB2A7F84C30744B1B68E9
:105F6000B3F908311BB29BB2A7F84E30724802F069
:105F7000E9F96F4B1B6803F586731846FDF7ECF9DA
:105F80006B4B1B68B3F90C311BB29BB2A7F85030B6
:105F9000674B1B68B3F910311BB29BB2A7F85230A4
:105FA000664802F0CFF9624B1B6803F58A73184606
:105FB000FDF7D2F95E4B1B68B3F914311BB29BB2EB
:105FC000A7F854305A4B1B68B3F918311BB29BB277
:105FD000A7F856305A4802F0B5F9554B1B6803F53F
:105FE0008E731846FDF7B8F9514B1B68B3F91C3195
:105FF0001BB29BB2A7F858304D4B1B68B3F9203148
:106000001BB29BB2A7F85A304E4802F09BF9484B9E
:106010001B6803F592731846FDF79EF9444B1B6805
:10602000B3F924311BB29BB2A7F85C30404B1B681C
:10603000B3F928311BB29BB2A7F85E30424802F098
:1060400081F93B4B1B6803F596731846FDF784F9FD
:10605000374B1B68B3F92C311BB29BB2A7F86030E9
:10606000334B1B68B3F930311BB29BB2A7F86230D7
:10607000364802F067F92E4B1B6803F59A731846F1
:10608000FDF76AF92A4B1B68B3F934311BB29BB296
:10609000A7F86430264B1B68B3F938311BB29BB2AA
:1060A000A7F866302A4802F04DF9214B1B6803F52A
:1060B0009E731846FDF750F91D4B1B68B3F93C3130
:1060C0001BB29BB2A7F86830194B1B68B3F940317B
:1060D0001BB29BB2A7F86A301E4802F033F9144B8A
:1060E0001B6803F5A2731846FDF736F9104B1B68C1
:1060F000B3F944311BB29BB2A7F86C300C4B1B6850
:10610000B3F948311BB29BB2A7F86E3007F1100308
:1061100060220092002244F20401386802F080F903
:106120007B685BB218467037BD4680BD30F1010018
:106130004C0000203CF1010048F1010054F1010045
:1061400060F101006CF1010078F1010084F10100BF
:1061500090F101009CF1010080B59CB002AFF860A5
:10616000B9607A603B6079684E4802F0EBF84E48BF
:10617000FFF772FB02460B46C7E904234A48FFF7C4
:106180007FFB02460B46C7E906234748FFF78CFB17
:1061900002460B46C7E908234348FFF799FB02462E
:1061A0000B46C7E90A234048FFF7A6FB02460B4609
:1061B000C7E90C233C48FFF7B3FB02460B46C7E98F
:1061C0000E233948FFF7C0FB02460B46C7E91023F0
:1061D0003548FFF7CDFB02460B46C7E9122332488C
:1061E000FFF7DAFB02460B46C7E914232E48FFF7F8
:1061F000E7FB02460B46C7E916232B48FFF7F4FBE3
:1062000002460B46C7E91823284802F09BF8D7E955
:106210000423274802F096F8D7E90623254802F020
:1062200091F8D7E90823244802F08CF8D7E90A232B
:10623000224802F087F8D7E90C23214802F082F8BF
:10624000D7E90E231F4802F07DF8D7E910231E4836
:1062500002F078F8D7E912231C4802F073F8D7E966
:1062600014231B4802F06EF8D7E91623194802F0F0
:1062700069F8D7E91823184802F064F8174802F0C3
:1062800061F807F1100358220092002244F2050140
:10629000386802F0C5F87B685BB218466837BD46BF
:1062A00080BD00BFA8F10100281A0020DCF1010028
:1062B0000CF201001CF201002CF201003CF2010082
:1062C0004CF201005CF201006CF2010080F201006E
:1062D00090F20100A0F20100B0F20100C0F2010052
:1062E00080B58AB002AFF860B9607A603B60002385
:1062F000FB617968674802F025F8BB68002B68D01D
:106300007B68032B65D9BB681B68FB61FB69082BA5
:1063100017D9FB69082219465F4802F013F8FDF708
:10632000A9F94FF0FF33FB6107F11C03042200922F
:10633000002244F20601386802F072F87B685BB212
:10634000A4E04FF0FF337B6107F1140304220092B5
:10635000002244F20601386802F062F8FB6919462F
:106360004E4801F0EFFFFB691846FDF7D1FAFDF743
:10637000A3FB034683F00103DBB2002B1AD06FF0BE
:1063800001037B6107F1140304220092002244F20E
:106390000601386802F044F8414801F0D3FFFDF7E8
:1063A00069F9FB6919463F4801F0CCFFFB691846C3
:1063B000FDF7AEFAFB697B6107F11403042200923A
:1063C000002244F20601386802F02AF87B685BB2CA
:1063D0005CE0354801F0B6FF07F118031846FCF7FA
:1063E000E6FE324B1A6807F1180324321068186071
:1063F000B7F91820B7F91A309A4215D02C4B1B6800
:1064000019462C4801F09EFF4FF0FF33FB6107F166
:106410001C0304220092002244F20601386801F0B5
:10642000FFFF7B685BB231E0FDF746FB034683F07C
:106430000103DBB2002B14D01F4801F083FF6FF083
:106440000103FB6107F11C0304220092002244F2C5
:106450000601386801F0E4FFFDF70CF97B685BB2D8
:1064600014E0134B1B681946144801F06BFF104BE6
:106470001B68FB6107F11C0304220092002244F216
:106480000601386801F0CCFF7B685BB21846203704
:10649000BD4680BDECF2010020F30100A8F301002D
:1064A000D8F3010008F4010038F401004C0000208A
:1064B0003800002078F40100C4F4010000F5010068
:1064C00080B500AF0248FDF717FF00BF80BD00BFD9
:1064D0004400002080B500AFFFF7F2FF80BD000050
:1064E00080B582B000AF786039607B681B68184661
:1064F00015F0FEFC3B68D3E9002315F063FD02466E
:106500000B46104619464FF00002054B15F084FE6D
:1065100002460B46104619460837BD4680BD00BFEF
:1065200000005E4180B483B000AF78607B680022D9
:106530001A7000225A7000229A700022DA707B686A
:1065400018460C37BD4680BC704780B483B000AF9E
:106550007860084611461A460346FB700B46BB702E
:1065600013467B70FB7803F00703D9B27A6813787F
:1065700061F347131370BB7803F00103D9B27A6853
:10658000137861F3041313707B7803F00F03D9B20F
:106590007A68137861F3030313707B6818460C372D
:1065A000BD4680BC704780B483B000AF78600846B9
:1065B00011461A460346FB700B46BB7013467B70B0
:1065C0007A68137823F080031370FB7803F00103DB
:1065D000D9B27A68137861F386131370BB7803F02D
:1065E0000103D9B27A68137861F3451313707B788D
:1065F00003F00103D9B27A68137861F304131370BE
:106600003B7C03F00103D9B27A68137861F3C303CA
:1066100013703B7D03F00103D9B27A68137861F3FC
:10662000820313703B7E03F00103D9B27A681378BA
:1066300061F3410313707A68137823F00103137038
:106640007B6818460C37BD4680BC704780B483B069
:1066500000AF7860084611461A460346FB700B46A9
:10666000BB7013467B70FB7803F00103D9B27A68E4
:10667000137861F3C7131370BB7803F00703D9B223
:106680007A68137861F3061313707B7803F00303C1
:10669000D9B27A68137861F3830313703B7C03F0FB
:1066A0000303D9B27A68137861F3010313707B682E
:1066B00018460C37BD4680BC704780B483B000AF2D
:1066C0007860084611461A460346FB700B46BB70BD
:1066D00013467B707A68137823F0800313707A680E
:1066E000137823F040031370FB7803F00103D9B251
:1066F0007A68137861F345131370BB7803F00103D4
:10670000D9B27A68137861F3041313707B7803F0BD
:106710000103D9B27A68137861F3C30313703B7C29
:1067200003F00103D9B27A68137861F3820313701E
:106730003B7D03F00103D9B27A68137861F300035B
:1067400013707A68137823F0020313707B6818467D
:106750000C37BD4680BC704780B483B000AF786012
:10676000044A7B681A607B6818460C37BD4680BCBB
:10677000704700BF68FE010080B483B000AF78604E
:10678000044A7B681A607B6818460C37BD4680BC9B
:10679000704700BF68FE010080B582B000AF78602E
:1067A0007868FFF7E9FF0421786816F089F97B68BB
:1067B00018460837BD4680BD80B400AF074B1B6844
:1067C00093F83C3003F00203DBB2002B0CBF012333
:1067D0000023DBB21846BD4680BC70474C00002049
:1067E00080B582B000AF00237B6000237B600DE0AA
:1067F000FFF7E2FF034683F00103DBB2002B09D170
:106800000120FAF719F97B6801337B607B68632B01
:10681000EED900E000BF7B68612B02D9034801F08C
:1068200091FD00BF0837BD4680BD00BF78F601006E
:1068300080B483B000AF0346FB71FA79034B1B6849
:10684000DA6300BF0C37BD4680BC70474C000020A7
:1068500080B582B000AF0346FB71FFF7C1FFFA7944
:10686000034B1B689A6300BF0837BD4680BD00BF5D
:106870004C00002080B584B000AF0346FB710023BC
:10688000FB60FFF7ADFFFA79074B1B689A63FFF7D0
:10689000A7FF054B1B689B6BFB60FB68DBB21846D0
:1068A0001037BD4680BD00BF4C00002080B483B0CF
:1068B00000AF0346FB7100BF0C37BD4680BC70477C
:1068C00080B483B000AF0346FB7100BF0C37BD46F8
:1068D00080BC704780B485B000AFF860C7E9002382
:1068E000F968D7E90023C1E90023F968D7E906234D
:1068F000C1E90223FB6818461437BD4680BC7047C7
:1069000080B485B000AFF860C7E90023F968D7E923
:106910000023C1E90023F968D7E90623C1E902236E
:1069200000BF1437BD4680BC704780B483B000AF51
:1069300078607B68D3E90023104619460C37BD46C2
:1069400080BC704780B483B000AF78607B68D3E9C7
:106950000223104619460C37BD4680BC7047000024
:1069600080B582B000AF78607B6800221A707B68C7
:1069700000225A707B6800225A607B6800229A606D
:106980007B680022DA607B6800221A617B68002243
:106990005A617B6800229A617B680022DA617B6819
:1069A00000221A627B6800225A627B6800229A6287
:1069B0007B680022DA627B6800221A637B6800220F
:1069C0005A637B6800229A637B680022DA637B68E3
:1069D00000221A647B6803F1480105A3D3E9002370
:1069E000084600F0AFFD7B6818460837BD4680BDFD
:1069F000FCA9F1D24D62104080B582B000AF786042
:106A00007B684833184600F0D9FD7B681846083784
:106A1000BD4680BD80B582B000AF78607B68303302
:106A200019460548FEF7ECFE02460B46104619468D
:106A30000837BD4680BD00BFB01B002080B582B0C6
:106A400000AF78607B68343319460548FEF7D8FEFE
:106A500002460B46104619460837BD4680BD00BFAA
:106A6000C01B002080B582B000AF78607B683833EF
:106A700019460548FEF7C4FE02460B461046194665
:106A80000837BD4680BD00BFC01B002080B582B066
:106A900000AF78607B683C3319460548FEF7B0FECE
:106AA00002460B46104619460837BD4680BD00BF5A
:106AB000E01B002080B582B000AF78607B68403377
:106AC00019460548FEF79CFE02460B46104619463D
:106AD0000837BD4680BD00BFF01B002080B483B0E6
:106AE00000AF786039607B685A683B681A6000BF05
:106AF0000C37BD4680BC704780B483B000AF78606F
:106B000039607B689A683B681A6000BF0C37BD46E5
:106B100080BC704780B483B000AF786039607B6818
:106B2000DA683B681A6000BF0C37BD4680BC70470E
:106B300080B483B000AF786039607B681A693B68C5
:106B40001A6000BF0C37BD4680BC704780B483B06C
:106B500000AF786039607B685A693B681A6000BF93
:106B60000C37BD4680BC704780B483B000AF7860FE
:106B700039607B689A693B681A6000BF0C37BD4674
:106B800080BC704780B483B000AF786039607B68A8
:106B9000DA693B681A6000BF0C37BD4680BC70479D
:106BA00080B483B000AF786039607B681A6A3B6854
:106BB0001A6000BF0C37BD4680BC704780B483B0FC
:106BC00000AF786039607B685A6A3B681A6000BF22
:106BD0000C37BD4680BC704780B483B000AF78608E
:106BE00039607B689A6A3B681A6000BF0C37BD4603
:106BF00080BC704780B483B000AF786039607B6838
:106C0000DA6A3B681A6000BF0C37BD4680BC70472B
:106C100080B483B000AF786039607B681A6B3B68E2
:106C20001A6000BF0C37BD4680BC704780B483B08B
:106C300000AF786039607B685A6B3B681A6000BFB0
:106C40000C37BD4680BC704780B483B000AF78601D
:106C500039607B689A6B3B681A6000BF0C37BD4691
:106C600080BC704780B483B000AF786039607B68C7
:106C7000DA6B3B681A6000BF0C37BD4680BC7047BA
:106C800080B483B000AF786039607B681A6C3B6871
:106C90001A6000BF0C37BD4680BC704780B584B019
:106CA00000AFF860B9607A603B60474801F04AFB8A
:106CB0004648FEF7D1FD02460B46454801F042FB2F
:106CC0004248FEF7DDFD02460B46424801F03AFB22
:106CD0003E48FEF7E9FD02460B463F4801F032FB15
:106CE0003A48FEF7F5FD02460B463C4801F02AFB08
:106CF0003648FEF701FE02460B46394801F022FBFA
:106D00003248FEF70DFE02460B46364801F01AFBEC
:106D10002E48FEF719FE02460B46334801F012FBDF
:106D20002A48FEF725FE02460B46304801F00AFBD2
:106D30002648FEF731FE02460B462D4801F002FBC5
:106D40002248FEF73DFE02460B462A4801F0FAFAB9
:106D50001E48FEF749FE02460B46274801F0F2FAAC
:106D60001A48FFF757FE02460B46244801F0EAFA9C
:106D70001648FFF763FE02460B46214801F0E2FA8F
:106D80001248FFF76FFE02460B461E4801F0DAFA82
:106D90000E48FFF77BFE02460B461B4801F0D2FA75
:106DA0000A48FFF787FE02460B46184801F0CAFA68
:106DB000174801F0C7FAB86806F0AEF903465BB2AF
:106DC00018461037BD4680BD90F60100281A0020F5
:106DD000D0F60100E0F60100F0F6010000F7010036
:106DE00010F7010020F7010030F7010044F701001F
:106DF00054F7010064F7010074F7010084F7010003
:106E000094F70100A4F70100B4F70100CCF70100EA
:106E1000E4F7010080B586B000AFF860B9607A6031
:106E20003B6000237B617B6901337B61674801F034
:106E300089FA07F1100319466548FFF74FFE3B69D1
:106E40003A691946634801F07DFA07F110031946C3
:106E50005F48FFF751FE3B693A6919465E4801F009
:106E600071FA07F1100319465948FFF753FE3B69C1
:106E70003A691946594801F065FA07F110031946B5
:106E80005348FFF755FE3B693A691946544801F0EB
:106E900059FA07F1100319464D48FFF757FE3B69B1
:106EA0003A6919464F4801F04DFA07F110031946A7
:106EB0004748FFF759FE3B693A6919464A4801F0CD
:106EC00041FA07F1100319464148FFF75BFE3B69A1
:106ED0003A691946454801F035FA07F11003194699
:106EE0003B48FFF75DFE3B693A691946404801F0AF
:106EF00029FA07F1100319463548FFF75FFE3B6991
:106F00003A6919463B4801F01DFA07F1100319468A
:106F10002F48FFF761FE3B693A691946364801F090
:106F200011FA07F1100319462948FFF763FE3B6980
:106F30003A691946314801F005FA07F1100319467C
:106F40002348FFF765FE3B693A6919462C4801F072
:106F5000F9F907F1100319461D48FFF767FE3B6971
:106F60003A691946274801F0EDF907F1100319466F
:106F70001748FFF769FE3B693A691946224801F054
:106F8000E1F907F1100319461148FFF76BFE3B6961
:106F90003A6919461D4801F0D5F907F11003194661
:106FA0000B48FFF76DFE3B693A691946184801F036
:106FB000C9F9184801F0C6F9B86806F0ADF80346FB
:106FC0005BB218461837BD4680BD00BF0CF8010003
:106FD000281A00204CF8010064F801007CF8010038
:106FE00094F80100ACF80100C0F80100D4F80100E9
:106FF000ECF8010004F901001CF9010034F901006A
:1070000048F9010060F9010078F9010090F90100E8
:10701000B0F90100CCF90100B0B594B006AFF8604A
:10702000B9607A603B60012387F837309C49B868C3
:1070300005F016FEB8629A49002005F011FE78624C
:107040009749002005F00CFE38624FF00002954B86
:10705000C7E906234FF000024FF00003C7E90423FD
:10706000BB6A002B08D1904801F06CF9B86806F0B3
:1070700053F803465BB219E200233B6317E0BA6A98
:107080003B6B134493F90030002B15D0BA6A3B6B6D
:10709000134493F90030184605F0CEF80146BA6A59
:1070A0003B6B13444AB21A703B6B01333B633A6B40
:1070B0007B689A42E3D300E000BF7B6A002B09D0D3
:1070C000002387F8373007F118031A467749786AA2
:1070D00005F052FB3B6A002B09D0002387F83730BC
:1070E00007F110031A467149386A05F045FB08227A
:1070F0006F49B86A05F05CFD0346002B40F0008143
:107100004FF000024FF00003CDE900234FF00002E2
:10711000644B6848FFF7F4FB4FF000024FF00003A8
:10712000CDE900234FF000024FF080436248FFF7A3
:10713000E7FB4FF000024FF00003CDE900234FF0D2
:1071400000025E4B5E48FFF7DBFB4FF000024FF0A2
:107150000003CDE900234FF000024FF0804359486F
:10716000FFF7CEFB4FF000024FF00003CDE9002304
:1071700049A3D3E900235448FFF7C2FB4FF00002B4
:107180004FF00003CDE9002343A3D3E900234F4888
:10719000FFF7B6FB4FF000024FF00003CDE90023EC
:1071A0004FF000024FF080434948FFF7A9FB4FF032
:1071B00000024FF00003CDE900234FF00002454BE1
:1071C0004548FFF79DFB4FF000024FF00003CDE96B
:1071D00000234FF00002334B4048FFF791FB4FF084
:1071E00000024FF00003CDE900234FF000022D4BC9
:1071F0003B48FFF785FB4FF000024FF00003CDE95D
:1072000000234FF00002274B3648FFF779FB4FF081
:1072100000024FF00003CDE900234FF00002214BA4
:107220003148FFF76DFB4FF000024FF00003CDE94E
:1072300000234FF000021B4B2C48FFF761FB4FF07F
:1072400000024FF00003CDE900234FF00002154B80
:107250002748FFF755FB4FF000024FF00003CDE940
:1072600000234FF000020F4B2248FFF749FB4FF07D
:1072700000024FF00003CDE900234FF00002094B5C
:107280001D48FFF73DFB1D4801F05CF8B86805F0AC
:1072900043FF03465BB209E1E3A59BC420B0134062
:1072A000F4F901000000F03FFCF9010060FA010070
:1072B00064FA0100001B0020101B00200000304079
:1072C000201B0020301B0020501B0020601B0020D2
:1072D000401B002000000840701B0020801B002085
:1072E000901B0020A01B0020B01B0020C01B002012
:1072F000D01B0020E01B0020F01B002070FA0100D2
:107300000023FB626B49B86A05F0B2FD0346002B0F
:1073100001D1694BFB626949B86A05F0A9FD0346D2
:10732000002B01D1664BFB626649B86A05F0A0FDEF
:107330000346002B01D1644BFB626449B86A05F037
:1073400097FD0346002B01D1614BFB626149B86A8E
:1073500005F08EFD0346002B01D15F4BFB625F49B8
:10736000B86A05F085FD0346002B01D15C4BFB623A
:107370005C49B86A05F07CFD0346002B01D15A4BED
:10738000FB625A49B86A05F073FD0346002B01D130
:10739000574BFB625749B86A05F06AFD0346002B5C
:1073A00001D1554BFB625549B86A05F061FD0346B2
:1073B000002B01D1524BFB625249B86A05F058FDCF
:1073C0000346002B01D1504BFB625049B86A05F0CF
:1073D0004FFD0346002B01D14D4BFB624D49B86A6E
:1073E00005F046FD0346002B01D14B4BFB624B4998
:1073F000B86A05F03DFD0346002B01D1484BFB6206
:1074000008224849B86A05F0D3FB0346002B01D196
:10741000454BFB6208224549B86A05F0C9FB0346A3
:10742000002B01D1424BFB62FB6A002B32D097F854
:10743000373083F00103DBB2002B19D0D7E9060106
:10744000D7E90423CDE9002302460B46F86AFFF78B
:1074500057FAD7E90601D7E904233C6A0494CDE939
:1074600002237B6A009302460B46324800F06AFF13
:10747000F86AFFF75AFA04460D46F86AFFF762FA0F
:1074800002460B46CDE9002322462B462A4800F04F
:1074900059FF03E0B96A294800F054FF284800F07A
:1074A00051FFB86805F038FE03465BB2184638371E
:1074B000BD46B0BDA8FA0100001B0020B0FA0100D3
:1074C000101B0020B8FA0100201B0020C0FA0100A8
:1074D000301B0020C8FA0100501B0020CCFA01002C
:1074E000601B0020D0FA0100401B0020D8FA0100E8
:1074F000701B0020E0FA0100801B0020E8FA010068
:10750000901B0020F0FA0100A01B0020F4FA0100FB
:10751000B01B0020FCFA0100C01B002004FB01008E
:10752000D01B00200CFB0100E01B00201CFB010015
:10753000F01B002028FB01006CFB01009CFB0100FC
:10754000DCFB0100B0B584B000AFF860C7E90023F0
:10755000FB681846FFF700F9174AFB681A60F968DC
:10756000D7E90023C1E90223FB6810331D241D461F
:1075700004E02846FEF7D6FF013C0435002CF8DA7B
:10758000FB68002283F88820FB68002283F88920AA
:10759000FB68002283F88A20FB68002283F88B2096
:1075A0000120FFF783F90120FFF78AF9FB681846ED
:1075B0001037BD46B0BD00BF54FE010080B582B09B
:1075C00000AF7860054A7B681A607B681846FFF751
:1075D000D3F87B6818460837BD4680BD54FE0100CD
:1075E00080B582B000AF78607868FFF7E7FF902140
:1075F000786815F065FA7B6818460837BD4680BD87
:1076000080B58CB004AF78600B46FB700020FFF7AC
:107610000FF942F21070F9F70FFA07F11C0000237E
:1076200000220621FEF791FF397F786800F0D6F836
:107630004FF47A70F9F700FA07F11800012302936A
:107640000123019300230093012300220121FEF76F
:10765000AAFF07F114000023009300230722002152
:10766000FEF7F4FF07F110000123019301230093BB
:10767000012301220121FFF720F83B7E1A46002159
:10768000786800F089F83B7D1A460121786800F09F
:1076900083F83B7C1A460621786800F07DF8FB7879
:1076A0001A460721786800F077F8002208217868E8
:1076B00000F072F807F10F031A460021786800F015
:1076C000A4F83A7EFB7B9A4208D0FB7B19463B7EAE
:1076D0001A462C4800F036FE00234EE007F10F0357
:1076E0001A460121786800F090F83A7DFB7B9A42B7
:1076F00008D0FB7B19463B7D1A46234800F022FE4A
:1077000001233AE007F10F031A460621786800F0DA
:107710007CF83A7CFB7B9A4208D0FB7B19463B7C89
:107720001A461A4800F00EFE062326E007F10F0362
:107730001A460721786800F068F8FB7BFA789A42CD
:1077400008D0FB7B1946FB781A46114800F0FAFD79
:10775000072312E007F10F031A460921786800F0A9
:1077600054F8FB7B8B2B07D0FB7B8B2219460948F7
:1077700000F0E8FD092300E0002318462037BD464D
:1077800080BD00BF00FC010044FC010088FC01003A
:10779000CCFC01000CFD010080B584B000AF786026
:1077A0000B46FB701346BB7007F10C03184600F044
:1077B00056F8FB7843F06003DBB21946786800F0B6
:1077C00075F8BB781946786800F070F807F10C037B
:1077D000184600F056F81037BD4680BD80B584B01D
:1077E00000AF7860397007F10C03184600F037F8E5
:1077F0003B781946786800F059F807F10C031846F1
:1078000000F03FF81037BD4680BD80B586B000AFB0
:10781000F8600B467A60FB7207F11403184600F01B
:107820001EF87B6800221A70FB7A43F04003DBB23B
:107830001946F86800F03AF8F86800F045F8034691
:107840001A467B681B781343DAB27B681A7007F11B
:107850001403184600F015F81837BD4680BD80B5F2
:1078600082B000AF78604FF47A70F9F7E5F8FEF770
:10787000B7FF0120FEF7DCFF7B6818460837BD46DE
:1078800080BD80B582B000AF78600120F9F7D4F8F0
:10789000FEF7A6FF0020FEF7CBFF4FF47A70F9F752
:1078A000CBF87B6818460837BD4680BD80B582B0EE
:1078B00000AF78600B46FB70FB781846FEF7C8FFF8
:1078C00000BF0837BD4680BD80B584B000AF78608A
:1078D0000020FEF7CFFF0346FB73FB7B18461037F3
:1078E000BD4680BD0000000080B582B002AF664892
:1078F000FFF736F84FF000024FF00003CDE9002308
:107900004FF00002614B6248FEF7E4FF4FF00002C7
:107910004FF00003CDE900234FF000024FF0804309
:107920005C48FEF7D7FF4FF000024FF00003CDE9AF
:1079300000234FF00002584B5848FEF7CBFF4FF0A2
:1079400000024FF00003CDE900234FF000024FF09A
:1079500080435348FEF7BEFF4FF000024FF0000394
:10796000CDE900234FF000024FF080434D48FEF771
:10797000B1FF4FF000024FF00003CDE9002340A318
:10798000D3E900234848FEF7A5FF4FF000024FF06F
:107990000003CDE900233AA3D3E900234348FEF7CF
:1079A00099FF4FF000024FF00003CDE900234FF0A4
:1079B00000023F4B3F48FEF78DFF4FF000024FF0B3
:1079C0000003CDE900234FF00002304B3A48FEF7A8
:1079D00081FF4FF000024FF00003CDE900234FF08C
:1079E00000022A4B3548FEF775FF4FF000024FF0BA
:1079F0000003CDE900234FF00002244B3048FEF78E
:107A000069FF4FF000024FF00003CDE900234FF073
:107A100000021E4B2B48FEF75DFF4FF000024FF0B7
:107A20000003CDE900234FF00002184B2648FEF773
:107A300051FF4FF000024FF00003CDE900234FF05B
:107A40000002124B2148FEF745FF4FF000024FF0B5
:107A50000003CDE900234FF000020C4B1C48FEF759
:107A600039FF4FF000024FF00003CDE900234FF043
:107A70000002064B1748FEF72DFF00BFBD4680BD34
:107A8000E3A59BC420B01340281A00200000F03F5B
:107A9000001B0020101B002000003040201B002095
:107AA000301B0020401B0020501B0020601B0020CA
:107AB00000000840701B0020801B0020901B00204D
:107AC000A01B0020B01B0020C01B0020D01B0020EA
:107AD000E01B0020F01B002080B500AF0348FEF73C
:107AE0008BFF0348FCF708FC00BF80BD281A00206C
:107AF0004800002080B500AFFFF7F6FE80BD80B5DE
:107B000000AFFFF7E9FF80BDF0B587B004AF786044
:107B10007B681B889BB21E467B681B7803F00103C1
:107B2000DBB2002B01D0592400E04E247B681B7887
:107B300003F00203DBB2002B01D0592500E04E25F3
:107B40007B681B7803F00403DBB2002B01D05923C0
:107B500000E04E237A68127802F00802D2B2002ABE
:107B600001D0592200E04E227968497801F00101E4
:107B7000C9B2002901D0592100E04E21786840782F
:107B800000F00200C0B2002801D0592000E04E20D1
:107B900003900291019200932B46224631460348FE
:107BA00000F0D0FB00BF0C37BD46F0BDC0FE0100A9
:107BB000F0B589B006AF78607B681B789C467B681F
:107BC0001B7803F00103DBB2002B01D0592500E044
:107BD0004E257B681B7803F00203DBB2002B01D03B
:107BE000592600E04E267B681B7803F00403DBB2C5
:107BF000002B01D0592300E04E237A68127802F05E
:107C00000802D2B2002A01D0592200E04E2279683F
:107C1000097801F01001C9B2002901D0592100E012
:107C20004E217868007800F02000C0B2002801D012
:107C3000592000E04E207C68247804F04004E4B22F
:107C4000002C01D0592400E04E24049403900291AA
:107C50000192009333462A466146034800F072FBC6
:107C600000BF0C37BD46F0BD34FF010080B582B0C7
:107C700000AF78607B681B681946034800F062FB20
:107C800000BF0837BD4680BDB4FF0100F0B587B026
:107C900004AF78607B681B781E467B681B7803F016
:107CA0000103DBB2002B01D0592400E04E247B6895
:107CB0001B7803F00203DBB2002B01D0592500E052
:107CC0004E257B681B7803F00803DBB2002B01D044
:107CD000592300E04E237A68127802F01002D2B2E3
:107CE000002A01D0592200E04E227968097801F07B
:107CF0002001C9B2002901D0592100E04E21786845
:107D0000007820F07F00C0B2002801D0592000E0A8
:107D10004E2003900291019200932B462246314659
:107D2000034800F00FFB00BF0C37BD46F0BD00BF9D
:107D3000E0FF010080B582B000AF78607B681B680F
:107D40001946034800F0FEFA00BF0837BD4680BD63
:107D50006000020080B582B000AF78607B681B686D
:107D600019460D4800F0EEFA7B681846FFF78EFFC3
:107D70000A4800F0E7FA7B6801331846FFF718FF5E
:107D8000064800F0DFFA7B6802331846FFF7BCFEB6
:107D900000BF0837BD4680BD90000200C40002004D
:107DA00080B584B002AF78607B6819687B681B7807
:107DB00003F00203DBB2002B01D0592200E04E2277
:107DC0007B68DB7803F04003DBB2002B01D0592045
:107DD00000E04E207B68DB7823F07F03DBB2002BD2
:107DE00001D0592300E04E2300930346034800F0DE
:107DF000A9FA00BF0837BD4680BD00BFC800020019
:107E0000F0B589B006AF78607B681D687B685E68F6
:107E10007B68D3F808C07B68DB687A681269796888
:107E20004969786880697C68E469049403900291E8
:107E300001920093634632462946034800F082FAD5
:107E400000BF0C37BD46F0BD1401020080B584B000
:107E500000AF78601C4B1B6803F00103002B14BFBC
:107E600001230023DBB2002B00D001BE7868FFF7AE
:107E7000C7FF164800F066FA154B1B681846FFF757
:107E8000F5FE124800F05EFA124B1B681846FFF729
:107E900051FF0E4800F056FA0F4B1B681846FFF7CB
:107EA0007FFF0A4800F04EFA0C4B1B681846FFF79C
:107EB00051FF064800F046FA0023FB60FB68984734
:107EC00000BF1037BD4680BDF0ED00E09801020014
:107ED0005C000020640000206C000020680000208E
:107EE00080B586B000AF7860124800F02BFA7B684E
:107EF0009B693B617B685B69FB6039690E4800F0F8
:107F000021FAF9680D4800F01DFA00237B6104E0B6
:107F100003F01AFA7B6901337B617B69B3F5805FFB
:107F2000F6D30023BB60BB68984700BF1837BD4637
:107F300080BD00BF9C010200AC010200BC01020038
:107F400080B586B000AF7860124800F0FBF97B681E
:107F50009B693B617B685B69FB6039690E4800F097
:107F6000F1F9F9680D4800F0EDF900237B6104E0B8
:107F700003F0EAF97B6901337B617B69B3F5805FCC
:107F8000F6D30023BB60BB68984700BF1837BD46D7
:107F900080BD00BFCC010200AC010200BC010200A8
:107FA00080B586B000AF7860124800F0CBF97B68EE
:107FB0009B693B617B685B69FB6039690E4800F037
:107FC000C1F9F9680D4800F0BDF900237B6104E0B8
:107FD00003F0BAF97B6901337B617B69B3F5805F9C
:107FE000F6D30023BB60BB68984700BF1837BD4677
:107FF00080BD00BFE0010200AC010200BC01020034
:1080000080B500AF0248FCF777F900BF80BD00BF24
:108010005000002080B500AFFFF7F2FF80BD0000E8
:1080200090B589B000AFF860B9607A603B6000231A
:10803000FB61FB68002B02D0BB68002B01D1002341
:10804000DCE07B6B002B16D0BB6B002B13D0B96B25
:10805000786B04F0F3FD03461A46796BF86804F078
:10806000A7FD0346002B14BF01230023DBB2002B26
:1080700001D00023C2E0BB68BB61BB69202B01D9E2
:108080002023BB6197F83C3083F00103DBB2002B67
:1080900039D00023FB6129E0FA68FB69134493F9A6
:1080A0000030602B15DDFA68FB69134493F900304A
:1080B0007A2B0EDCFA68FB69134493F90030DBB2CB
:1080C000203BDBB259B24F4AFB6913440A461A708F
:1080D00009E0FA68FB69134493F90010494AFB6907
:1080E00013440A461A70FB690133FB61B969F868E9
:1080F00004F0A4FD0246FB69934234BF0123002330
:10810000DBB2002BC8D13F4B0022DA7700233B6162
:108110000023FB6148E0FB691B017A6813441B7A6A
:108120007B61BA687B699A4201D2BB687B61FB695B
:108130001B017A6813441B687A691946314804F0B8
:1081400037FD0346002B0CD0FB691B017A681344F2
:108150001B687A691946F86804F02AFD0346002B6B
:108160001FD1FB691B017A6813441B7A1A46FB680E
:1081700013443B61FB691B017A681344DC68FB69AB
:108180001B017A6813441868FB691B017A68134461
:108190001B7A1A46BB689A1A3B6C3969A0470123BF
:1081A0002CE0FB690133FB61FA693B689A42B2D368
:1081B00097F83030002B18D11249134800F0C2F85C
:1081C0000023FB610BE00F4AFB69134493F9003075
:1081D00019460E4800F0B6F8FB690133FB61FB69F4
:1081E000092BF0D90A4800F0ADF897F83030002B91
:1081F00003D13968786800F00DF800231846243759
:10820000BD4690BD081C0020000202001C020200B6
:108210002402020080B584B000AF7860396000238A
:10822000FB6010E0FB681B017A6813441968FB6867
:108230001B017A6813445B681A46074800F082F80D
:10824000FB680133FB60FA683B689A42EAD300BFDF
:1082500000BF1037BD4680BD4C02020080B586B01D
:1082600000AFF860B9607A60BB68002B01D10023D1
:1082700012E000237B610AE0BA687B69134493F93A
:108280000030184602F0F2FF7B6901337B617A69A6
:108290007B689A42F0D37B6818461837BD4680BD8C
:1082A00080B586B000AFF860B9607A60FB68B3F162
:1082B000804F03D3FB680D4A934209D97B68BA68A3
:1082C000F9680B4804F062F9FA687B68134409E026
:1082D000FB687B617A68B968786904F0A7FE02469A
:1082E0007B68134418461837BD4680BD00800040A7
:1082F0005402020080B586B000AFF860B9607A60C1
:10830000BB68002B02D0FB68002B01D1002315E0D5
:10831000FB683B6100237B610BE0BA687B69134417
:1083200093F900303969184604F080F97B6901330C
:108330007B617A697B689A42EFD37B68184618376D
:10834000BD4680BD0FB480B582B000AF07F1140305
:108350003B603B683A6900210548FAF753FC7860B6
:108360007B6818460837BD46BDE8804004B07047BA
:108370005D8200000EB480B585B000AF786007F173
:108380002003BB60BB68FA6979680A48FAF73AFCCF
:10839000F860FB68002B04DBFB687A68134400225A
:1083A0001A70FB6818461437BD46BDE8804003B01C
:1083B000704700BFA18200000CB480B584B000AF4C
:1083C0007860396007F11C03BB60BB68BA697968E3
:1083D0000548FAF717FCF860FB6818461037BD46E9
:1083E000BDE8804002B07047A18200000EB480B5A5
:1083F00085B000AF786007F12003BB60BB68FA6905
:1084000079680648FAF7FEFBF860FB6818461437EF
:10841000BD46BDE8804003B0704700BFF582000054
:1084200090B587B002AFF8607A603B600B467B8105
:10843000FB68002B0AD0FB681B681C6879893B6AC3
:1084400000933B687A68F868A04702E00348FFF7AA
:1084500079FF00BF1437BD4690BD00BF7C0202000B
:1084600080B483B000AF7860044A7B681A607B6890
:1084700018460C37BD4680BC704700BF3C04020064
:1084800080B582B000AF78607868FFF7E9FF04211B
:10849000786814F015FB7B6818460837BD4680BD28
:1084A00080B582B000AF7860054A7B681A607B684F
:1084B0001846FFF7D5FF7B6818460837BD4680BDD4
:1084C0000004020080B582B000AF78607868FFF7E2
:1084D000E7FF1C21786814F0F3FA7B681846083728
:1084E000BD4680BD80B483B000AF78607B685B69B7
:1084F00018460C37BD4680BC704780B489B000AFC9
:10850000786039607B681B69002B03D07B68DB686F
:10851000002B01D1002361E07B681B691B68FB61B4
:108520007B685B69FA699A4201D90023FB617B6829
:10853000DB681B68BB617B685B69BA699A4201D9D9
:108540000023BB61FA69BB69D31A7B617B69002B8D
:1085500004DA7B685A697B6913447B617B685B69D9
:108560001A467B69934202DD7B685B697B613B68ED
:108570003B617B685B691A463B69934208DB3B6958
:108580007A685269B3FBF2F101FB02F29B1A3B617C
:108590003B69002B0BDA7B6859693B697A68526941
:1085A000B3FBF2F000FB02F29B1A0B443B613A6909
:1085B000BB691344FB607B685B691A46FB689342A6
:1085C00004DBFA687B685B69D31AFB607B685B68D5
:1085D000FA681A607B689B681B78DBB21846243700
:1085E000BD4680BC704780B489B000AF7860396008
:1085F0007B681B69002B03D07B68DB68002B01D1F3
:10860000002361E07B681B691B68FB617B685B6919
:10861000FA699A4201D90023FB617B68DB681B6819
:10862000BB617B685B69BA699A4201D90023BB616F
:10863000FA69BB69D31A7B617B69002B04DA7B681A
:108640005A697B6913447B617B685B691A467B6965
:10865000934202DD7B685B697B613B683B617B68C1
:108660005B691A463B69934208DB3B697A68526949
:10867000B3FBF2F101FB02F29B1A3B613B69002B59
:108680000BDA7B6859693B697A685269B3FBF2F08F
:1086900000FB02F29B1A0B443B613A69BB6913442D
:1086A000FB607B685B691A46FB68934204DBFA68EF
:1086B0007B685B69D31AFB607B685B68FA681A6049
:1086C0007B689B681B78DBB218462437BD4680BCAC
:1086D000704780B483B000AF78607B68DB68002BA4
:1086E00001D1002302E07B68DB681B6818460C3769
:1086F000BD4680BC704780B483B000AF78607B68B3
:108700001B69002B01D1002302E07B681B691B68F9
:1087100018460C37BD4680BC704790B585B000AF99
:10872000786039600023FB817B681B680C331B6811
:108730003A6811467868984703461CB27B681B6804
:108740000C331B683A680132114678689847034633
:108750001BB21B021BB223431BB2FB81FB891846D1
:108760001437BD4690BD90B585B000AF78603960D4
:108770000023FB607B681B680C331B683A6811465A
:108780007868984703461C467B681B680C331B6857
:108790003A68013211467868984703461B021C4329
:1087A0007B681B680C331B683A6802321146786894
:1087B000984703461B041C437B681B680C331B68EB
:1087C0003A68033211467868984703461B062343EC
:1087D000FB60FB6818461437BD4690BD2DE9F0419B
:1087E00086B004AF78607B685B6818467B689B68DE
:1087F0001C467B68DB681D467B681B6919467B68E5
:108800005B697A6892690292019300912B46224635
:1088100001461448FFF796FD7B685B681D687B681E
:108820009B681B78DBB298467B68DB681E687B68B8
:108830001B691C687B681B6818331B68786898473D
:1088400002467B689B691B68029301920094334641
:10885000424629460448FFF775FD00BF0837BD466C
:10886000BDE8F081DC0202006003020080B487B042
:1088700000AF78607B681B69002B03D07B68DB68E6
:10888000002B01D1002322E07B681B691B687B6100
:108890007B685B697A699A4201D900237B617B68B6
:1088A000DB681B683B617B685B693A699A4201D966
:1088B00000233B617A693B69D31AFB60FB68002B9C
:1088C00004DA7B685A69FB681344FB60FB6818464E
:1088D0001C37BD4680BC704780B582B000AF786061
:1088E00039607B689B69002B0BD07B689B691A46BB
:1088F00039680648FFF726FD7B689B693A681A606D
:1089000000E000BF0837BD4680BD00BFC4030200C1
:1089100080B58AB000AFF860B9607A603B607B6870
:108920001B683A6B9A4203D23B6B5A1E7B681A60F3
:10893000FB681B6818331B68F868984738617B68C8
:108940001B683A699A4203D23B695A1E7B681A60D7
:10895000FB681B69002B03D0FB68DB68002B01D18F
:10896000002354E0FB681B691B687B62FB685B6942
:108970007A6A9A4201D900237B62FB68DB681B6834
:108980003B62FB685B693A6A9A4201D900233B6209
:108990007A6A3B6AD31AFB61FB69002B04DAFB6835
:1089A0005A69FB691344FB61FB685B691A46FB6902
:1089B000934202DDFB685B69FB610023BB6100231E
:1089C000BB611EE0BA693B6A1344BA6813447B6119
:1089D000FB685B697A699A4204D3FB685B697A69D0
:1089E000D31A7B61FB685B687A691A60FB689A68D6
:1089F0003968BB690B441278D2B21A70BB69013373
:108A0000BB617B681B68BA699A42DBD3BB691846B5
:108A10002837BD4680BD000080B483B000AF7860C9
:108A2000044A7B681A607B6818460C37BD4680BCD8
:108A3000704700BF3C04020080B483B000AF786090
:108A400039603B681A687B681A607B6818460C3787
:108A5000BD4680BC704780B485B000AFF860B96097
:108A60007A603B60FB68BA681A60FB687A685A6093
:108A7000FB683A689A60FB68BA69DA60FB68184676
:108A80001437BD4680BC704780B483B000AF7860B7
:108A9000044A7B681A607B6818460C37BD4680BC68
:108AA000704700BFD40D020080B483B000AF78607F
:108AB000044A7B681A607B6818460C37BD4680BC48
:108AC000704700BFD40D020080B582B000AF78605F
:108AD0007868FFF7E9FF0421786813F0F1FF7B68FD
:108AE00018460837BD4680BD80B483B000AF7860BB
:108AF0007B68002262F041021A70002262F0450297
:108B00005A70002262F052029A70002242F01B0258
:108B1000DA707B6800221A7100225A717B68002289
:108B20009A710022DA717B6818460C37BD4680BC0A
:108B30007047000080B582B000AF78607B681B682A
:108B400019467B689B889BB21A467B68DB889BB280
:108B5000034803F01BFD00BF0837BD4680BD00BFC2
:108B60007404020080B582B000AF78607B6818465C
:108B7000FFF78AFF034A7B681A607B68184608374C
:108B8000BD4680BD580D020080B582B000AF786050
:108B9000054A7B681A607B681846FFF785FF7B688B
:108BA00018460837BD4680BD580D020080B582B01A
:108BB00000AF78607868FFF7E7FF0421786813F06A
:108BC0007FFF7B6818460837BD4680BD80B487B0FC
:108BD00000AFF860B9607A603B6000237B610EE013
:108BE000BA687B6913441B680A4A934204D13B6804
:108BF0007A691A60012308E07B6901337B617B6835
:108C0000043B7A699A42EBD3002318461C37BD46D1
:108C100080BC7047BEBAAD1B80B487B000AFF860AF
:108C2000B9607A603B607B68043B7B61BA687B69B2
:108C300013441B68064A934204D13B687A691A6060
:108C4000012300E0002318461C37BD4680BC704756
:108C5000EDAD0F0A80B487B000AFF860B9607A60FC
:108C60003B603B687B610EE0BA687B6913441B681C
:108C70000A4A934204D13B6A7A691A60012308E0E8
:108C80007B6901337B617B68043B7A699A42EBD351
:108C9000002318461C37BD4680BC7047BEBAAD1BCA
:108CA00080B487B000AFF860B9607A603B603B6821
:108CB0007B610EE0BA687B6913441B680A4A9342E1
:108CC00004D13B6A7A691A60012308E07B690133A9
:108CD0007B617B68043B7A699A42EBD90023184692
:108CE0001C37BD4680BC7047EDAD0F0A80B483B021
:108CF00000AF7860082318460C37BD4680BC70472B
:108D000080B483B000AF7860082318460C37BD46A6
:108D100080BC704780B483B000AF786004231846ED
:108D20000C37BD4680BC704780B483B000AF78601C
:108D3000082318460C37BD4680BC704780B483B00A
:108D400000AF78604FF6FF7318460C37BD4680BC05
:108D5000704780B485B000AFF860B9607A603B605E
:108D6000002318461437BD4680BC704780B485B0D8
:108D700000AFF860B9607A603B604FF000024FF0DE
:108D80000003104619461437BD4680BC704780B4B6
:108D900087B000AFF860B9607A603B603B68083329
:108DA0007A689A4201D2002306E0BA683B6813440D
:108DB0007B617B69DB889BB218461C37BD4680BC53
:108DC0007047B0B487B000AFF860B9607A603B60BC
:108DD0003B6808337A689A4204D24FF000044FF09F
:108DE00000050AE0BA683B6813447B617B699B8895
:108DF0009BB29BB200221C46154622462B461046CB
:108E000019461C37BD46B0BC704780B487B000AF70
:108E1000F860B9607A603B603B6808337A689A42D0
:108E200001D200230DE0BA683B6813447B617B6983
:108E30009B889BB21A467B6A934201D1012300E0D2
:108E4000002318461C37BD4680BC704780B588B0EB
:108E500000AFF860B9607A603B603B6810337A68B5
:108E60009A4201D2002338E0BA683B681344FB61A0
:108E7000FB69DB889BB21A463B68134410337A685F
:108E80009A4201D2002328E0FB691B68154A9342ED
:108E900001D0002321E0FB69DB889BB21A463B68C6
:108EA00013440833BA681344BB61BB695B680E4A5C
:108EB000934201D0002310E0FB69DB889BB20833AA
:108EC0001946F869F7F706FE7861BB691B687A698D
:108ED0009A4201D0002300E0012318462037BD4606
:108EE00080BD00BFBEBAAD1BEDAD0F0A80B588B026
:108EF00000AFF860B9607A603B60BB68002B0AD0B5
:108F00003B68002B02D1FB6A002B04D1FB6A1033B3
:108F10007A689A4201D200233CE007F11003184618
:108F2000FFF7E2FD3B8DBB82FB6A9BB2FB82BB6815
:108F30001A4607F1100303CB106051603B68002B09
:108F400006D0BB680833FA6A3968184604F06EF830
:108F5000FB6A0833BA681344FB61FB6A083319469D
:108F6000B868F7F7B7FDB861FB69BA691A60FB69C1
:108F7000002262F012021A71002262F052025A714B
:108F8000002242F00F029A71002242F00A02DA71C6
:108F9000FB6A103318462037BD4680BD80B586B0C9
:108FA00000AFF860B9607A603B607B687B6117E076
:108FB000BB681B6814331B687969B8689847034617
:108FC000124A93420CBF01230023DBB2002B04D0D2
:108FD0003B687A691A60012313E07B6901337B6186
:108FE000BB681B6818331B68B86898470346043B86
:108FF0007A699A4234BF01230023DBB2002BD7D118
:10900000002318461837BD4680BD00BFBEBAAD1B51
:1090100080B586B000AFF860B9607A603B607B686D
:10902000083B7B6118E0BB681B6814331B687A69D6
:109030001146B868984703460B4A93420CBF012378
:109040000023DBB2002B04D07A693B681A6001234D
:1090500006E07B69013B7B617B69002BE3DA00233F
:1090600018461837BD4680BDBEBAAD1B80B586B068
:1090700000AFF860B9607A603B607B687B6117E0A5
:10908000BB681B6814331B687969B8689847034646
:10909000124A93420CBF01230023DBB2002B04D001
:1090A0003B687A691A60012313E07B6901337B61B5
:1090B000BB681B6818331B68B86898470346043BB5
:1090C0007A699A4294BF01230023DBB2002BD7D1E7
:1090D000002318461837BD4680BD00BFEDAD0F0A0E
:1090E00080B586B000AFF860B9607A603B607B689D
:1090F0007B6117E0BB681B6814331B687969B8682B
:10910000984703460D4A93420CBF01230023DBB26C
:10911000002B04D03B6A7A691A60012309E07B695D
:1091200001337B617A683B6813447A699A42E1D9DA
:10913000002318461837BD4680BD00BFEDAD0F0AAD
:1091400080B586B000AFF860B9607A603B607B683C
:109150007B6117E0BB681B6814331B687969B868CA
:10916000984703460D4A93420CBF01230023DBB20C
:10917000002B04D03B6A7A691A60012309E07B69FD
:10918000013B7B617A683B68D31A7A699A42E1D2E3
:10919000002318461837BD4680BD00BFEDAD0F0A4D
:1091A00090B585B000AFF860B9607A607B6803F174
:1091B0000804BB681B6818331B68B86898470346E7
:1091C0009C428CBF01230023DBB2002B01D0002383
:1091D00009E0BB681B6810331B687A6806321146C9
:1091E000B8689847034618461437BD4690BD00003E
:1091F00090B58DB000AFF860B9607A603B60BB6835
:109200001B6814331B687968B86898477862BB6834
:109210001B6810331B687A6806321146B868984795
:1092200003467B84BB681B6814331B687968B86885
:10923000984703461A4679687F48FFF783F87B68AA
:109240001C1DBB681B6810331B687A68043211460A
:10925000B868984703461A4621467848FFF772F8DF
:109260007B689C1DBB681B6810331B687A680632DC
:109270001146B868984703461A4621467048FFF7DA
:1092800061F87B6803F11004BB681B6818331B6826
:10929000B868984703469C428CBF01230023DBB289
:1092A000002B01D00023C3E07A8C7B68134403F1C8
:1092B0001004BB681B6818331B68B86898470346DE
:1092C0009C428CBF01230023DBB2002B01D0002382
:1092D000AEE07B6A5B4A934201D00023A8E0BB6802
:1092E0001B6814331B68798C7A680A44083211466B
:1092F000B8689847F861BB681B6814331B68798CA1
:109300007A680A440C321146B8689847B8617A8C7A
:109310007B68134403F10804BB681B6814331B68A3
:10932000798C7A680A4408321146B868984703462F
:109330001A4621464448FFF705F87A8C7B681344A7
:1093400003F10C04BB681B6814331B68798C7A68C2
:109350000A440C321146B868984703461A4621461B
:109360003A48FEF7EFFFBB69394A934201D0002328
:109370005EE03B68083BFB62FB6A002B01DA0023DE
:10938000FB627A68F96A3348FEF7DCFF3B6C1B68C6
:109390007A681A603B6C5B68FA6A1A600023BB62E9
:1093A0000023BB621CE03B6C9A6807F11003114676
:1093B0001846FFF741FB3B69C3F31E031A46FB6ADD
:1093C000934205D03B69C3F3C073DBB2012B01D1DB
:1093D000012300E00023002B08D1BB6A0133BB62EC
:1093E0007B8C2033BA6A9A42DDD300E000BF3B6C2D
:1093F0009A6807F1140311461846FFF71DFB3B6CF2
:10940000DB6819687B69C3F31E031A46BB6A1248FE
:10941000FEF798FF3B6CDB681B68FA699A4214BF41
:1094200001230023DBB2002B01D0002300E0012345
:1094300018463437BD4690BDC00402000C0502003A
:1094400050050200BEBAAD1B94050200D005020013
:10945000EDAD0F0A180602005006020080B485B078
:1094600000AFF860B9607A603B600023184614379B
:10947000BD4680BC704780B485B000AFF860B9606D
:109480007A603B604FF000024FF00003104619462F
:109490001437BD4680BC7047F0B587B000AFF860A8
:1094A000B9607A603B607B6803F10806BB681B68A3
:1094B00018331B68B868984703469E428CBF012347
:1094C0000023DBB2002B04D04FF000044FF0000566
:1094D0000EE0BB681B6810331B687A6804321146C3
:1094E000B86898470346FB82FB8A00221C46154653
:1094F00022462B46104619461C37BD46F0BD90B596
:1095000087B000AFF860B9607A603B607B6803F1B8
:109510000804BB681B6818331B68B8689847034683
:109520009C428CBF01230023DBB2002B01D000231F
:1095300011E0BB681B6810331B687A68043211465F
:10954000B86898470346FB82FB8ABA6A9A4201D1FF
:10955000012300E0002318461C37BD4690BD0000E3
:1095600080B483B000AF7860044A7B681A607B687F
:1095700018460C37BD4680BC704700BF440D020042
:1095800080B483B000AF7860044A7B681A607B685F
:1095900018460C37BD4680BC704700BF440D020022
:1095A00080B582B000AF78607868FFF7E9FF0421EA
:1095B000786813F085FA7B6818460837BD4680BD89
:1095C00080B582B000AF78607B681846FFF7C8FFAF
:1095D000034A7B681A607B6818460837BD4680BD21
:1095E000180D020080B582B000AF7860054A7B6834
:1095F0001A607B681846FFF7C3FF7B681846083778
:10960000BD4680BD180D020080B582B000AF786005
:109610007868FFF7E7FF0421786813F051FA7B6858
:1096200018460837BD4680BD80B586B000AFF860EB
:10963000B9607A6000237B6114E0BA687B691344E7
:109640001B78002B13D0FB681B6814331B68B968A8
:109650007A690A44127852B21146F86898477B69D1
:1096600001337B617A697B689A42E6D300E000BFF0
:1096700000BF1837BD4680BD80B483B000AF7860AE
:109680003960064A7B681A607B683A685A607B6872
:1096900018460C37BD4680BC704700BF040D020061
:1096A00080B483B000AF7860044A7B681A607B683E
:1096B00018460C37BD4680BC704700BF040D020041
:1096C00080B582B000AF78607868FFF7E9FF0821C5
:1096D000786813F0F5F97B6818460837BD4680BDF9
:1096E00080B483B000AF7860044A7B681A607B68FE
:1096F00018460C37BD4680BC704700BFE40C020022
:1097000080B483B000AF7860044A7B681A607B68DD
:1097100018460C37BD4680BC704700BFE40C020001
:1097200080B582B000AF78607868FFF7E9FF042168
:10973000786813F0C5F97B6818460837BD4680BDC8
:1097400080B485B000AFF860B9607A6000BF1437AC
:10975000BD4680BC704780B485B000AFF860B9608A
:109760007A6000BF1437BD4680BC704780B485B0B6
:1097700000AFF860B9607A6000BF1437BD4680BCA6
:10978000704780B485B000AFF860B9607A6000BF00
:109790001437BD4680BC704780B584B000AFF86018
:1097A000B9607A603B60FB68B9681846FFF764FFF0
:1097B0002F4AFB681A60FB6800229A60FB6803F579
:1097C000805300229A81FB6803F580531A467B6818
:1097D0001361FB6803F580531A463B685361FB68CD
:1097E00003F580531A46BB699361FB6803F5805308
:1097F0001A46FB69D361FB6803F58053002283F8A6
:109800002020FB6803F58053002283F82120FB68A9
:1098100003F580531A4600235362FB6803F5805317
:109820001A4600239362FB6803F580531A4600230F
:10983000D362FB6803F580531A4600231363FB6869
:1098400003F580531A4600235363FB6803F58253E4
:109850001946D7E90A2341E90223D7E90A23F86820
:1098600000F01AF8FB6818461037BD4680BD00BFEF
:10987000CC0C020080B483B000AF78600B46FB7064
:109880007B6803F580531A46FB7882F8203000BFCE
:109890000C37BD4680BC704790B585B000AFF8600E
:1098A000C7E90023FB6803F582531946D7E9002373
:1098B00041E90223FB6803F5805300229A81FB688B
:1098C00003F580531A4600235362FB6803F5805367
:1098D0001A4600239362FB6803F580531A4600235F
:1098E000D362FB6803F580531A4600231363FB68B9
:1098F00003F580531A4600235363FB6803F5805336
:10990000002283F82120FB680C334FF480520021A1
:10991000184603F095F8FB6803F5805393F8203060
:10992000002B20D0FB6803F580531B691B6818339C
:109930001B68FA6802F5805212691046984704467F
:10994000FB6803F580531B691B681C331B68FA68AE
:1099500002F5805212691046984703461A4621467E
:109960000348FEF7EFFC002318461437BD4690BDB0
:10997000A806020080B485B000AFF860C7E90023F4
:10998000FB6803F582531946D7E9002341E9022316
:10999000FB6803F5805300229A81FB6803F580532E
:1099A0001A4600235362FB6803F580531A460023CE
:1099B0009362FB6803F580531A460023D362FB6869
:1099C00003F580531A4600231363FB6803F58053A5
:1099D0001A4600235363FB6803F58053002283F883
:1099E0002120002318461437BD4680BC7047000074
:1099F00090B585B000AF78600023FB737B685B682F
:109A00001B680C331B687A685268104698470346F7
:109A100083F00103DBB2002B01D0002389E07B68D7
:109A20005B681B6810331B687A6852681046984759
:109A30000346BB737B6803F5805393F82030002BFB
:109A400004D0BB7B19463D4802F0A0FD97F90E30CB
:109A50001946786800F074F87B6803F5805393F832
:109A6000213083F00103DBB2002B49D0786800F08D
:109A7000BFF80346FB73FB7B002B59D07B6803F5D3
:109A800080531B691B682C331C687B6803F580536B
:109A900018697B6803F10C017B6803F580539B898F
:109AA0001A467B6803F580535B6AA04702467B68D1
:109AB00003F58053DA627B6803F580531B691B68EA
:109AC00018331B687A6802F580521269104698476D
:109AD00002467B6803F580531A637B6803F5805365
:109AE0001B691B681C331B687A6802F58052126977
:109AF0001046984702467B6803F580535A6317E087
:109B00007B6803F580539B8919467B6803F5805376
:109B10001A6B7B6803F580535B6B1A447B6803F513
:109B20008053DB6A1344994202D3786800F0B2F89C
:109B3000012318461437BD4690BD00BFD40602006D
:109B400080B584B000AF78600B46FB707B6803F58E
:109B500080539B89B3F5805F13D27B6803F58053F4
:109B60009B891946FA787B680B441A737B6803F566
:109B700080539B8901339AB27B6803F580539A81A5
:109B80002FE07B6803F5805393F82030002B0AD038
:109B90007B6803F10C017B6803F580539B891A46AF
:109BA0001248FEF7CFFB7B6803F58053DB691B6827
:109BB00014331B687A6802F58052D0697A6802F122
:109BC0000C017A6802F580529289FA6007F10C0262
:109BD00098477B6803F5825353E902237868FFF7BF
:109BE0005BFE00BF1037BD4680BD00BFDC06020033
:109BF00090B583B000AF78607B6803F5805393F82D
:109C0000213083F00103DBB2002B16D07B6803F513
:109C100080539B891C467B6803F580531B691B6836
:109C200018331B687A6802F580521269104698470B
:109C300003469C4201D3012300E00023002B24D0E3
:109C40007B6803F580531B691B6808331C687B68BD
:109C500003F5805318697B6803F10C017B6803F5F9
:109C600080539B891A467B6803F581530433A047D0
:109C70000346002B07D07B6803F58053012283F84D
:109C80002120012302E0002300E0002318460C37C6
:109C9000BD4690BDF0B58DB002AF78607B68002204
:109CA0009A60002387F827307B6803F580531B698F
:109CB0001B680C331C687B6803F5805318697B684C
:109CC00003F10C017B6803F580539B891A467B687E
:109CD0000833A047034683F00103DBB2002B01D019
:109CE0000023D1E17B6803F580531B691B68303387
:109CF0001C687B6803F5805318697B6803F10C01CD
:109D00007B6803F580539B891D467B6803F5805370
:109D10005A6A7B689B68009313462A46A04703460D
:109D2000002B00F081817B6803F5825353E9022305
:109D3000B3F1FF3F08BFB2F1FF3F37D07B6803F5B7
:109D400080531B691B6834331C687B6803F58053A0
:109D500018697B6803F10C017B6803F580535A6A2C
:109D60007B689B68A0470346002B1FD17B6803F5E7
:109D7000825353E902457B6803F580531B691B68D6
:109D800038331E687B6803F5805318697B6803F1DC
:109D90000C017B6803F580535A6A7B689B68B04767
:109DA00002460B469D4208BF944201D1012300E0C8
:109DB0000023002B00F0CF80002387F826307B683B
:109DC00003F580531B691B683C331C687B6803F5F3
:109DD000805318697B6803F10C017B6803F580539D
:109DE0009B891A467B6803F580535B6AA04702464D
:109DF0000B46134603F00F033B627B6803F5805369
:109E00001B691B6840331C687B6803F580531D6920
:109E10007B6803F10C067B6803F580539B899C46A5
:109E20007B6803F580535B6A3B607B6899687B685D
:109E300003F5805358693A6A13465B0013449B004C
:109E400003441B68019300913B68624631462846F3
:109E5000A0470346002B30D07B6803F580535A6A35
:109E60007B6803F580531B6B134408337A681344F3
:109E70000433FB617B6803F5805359693A6A1346E2
:109E80005B0013449B000B449C687B6803F5805384
:109E900059693A6A13465B0013449B000B441868E7
:109EA0007B6803F58053DA6A7B68F969A047012370
:109EB00087F82630012387F8273097F8263083F07B
:109EC0000103DBB2002B00F08F807B6803F5805329
:109ED00093F82030002B1ED07B6803F580531B695C
:109EE0001B683C331C687B6803F5805318697B68EA
:109EF00003F10C017B6803F580535A6A7B689B6809
:109F0000A04702460B46796801F5805189690091A6
:109F10005F48FEF717FA7B6803F58053DB691B681F
:109F20000C331B687A6802F58052D0697A6802F5B2
:109F30008052526A083279680A44141D7A6891681E
:109F40007A6802F58052526A8A1AFA6007F10C02A6
:109F50002146984748E07B6803F5805393F820300A
:109F6000002B22D07B6803F5825353E902457B68BE
:109F700003F580531B691B6838331E687B6803F543
:109F8000805318697B6803F10C017B6803F58053EB
:109F90005A6A7B689B68B04702460B46CDE90023AE
:109FA00022462B463B48FEF7CDF97B6803F58053EC
:109FB000DB691B680C331B687A6802F58052D06934
:109FC0007A6802F58052526A083279680A44141D90
:109FD0007A6891687A6802F58052526A8A1A3A6100
:109FE00007F11002214698477B6803F58053DB692F
:109FF0001B6810331B687A6802F58052D0697A6852
:10A0000002F58052526A083279680A44141D7A684F
:10A0100091687A6802F58052526A8A1A7A6107F169
:10A020001402214698471FE07B6803F5805393F89C
:10A030002030002B02D01848FEF784F97B6803F526
:10A040008053DB691B6808331B687A6802F580520D
:10A05000D0697A6802F10C017A6802F5805292891F
:10A06000BA6107F1180298477B6803F58053002214
:10A0700083F821207B6803F5825353E90223786833
:10A08000FFF778FC97F8273018462C37BD46F0BD0F
:10A09000340702006C070200D407020090B5ADF54A
:10A0A000815D83B002AF07F1200444F8140C084628
:10A0B00007F1200141F81C2C07F1200242F8203C56
:10A0C00007F12003024623F8162C07F1200353F86A
:10A0D000143C03F580531B691B6844331C6807F16B
:10A0E000200353F8143C03F58053186907F120034B
:10A0F0001A4607F120010C3907F5815303F11003CB
:10A100001B68019307F1200333F8163C009352F8C3
:10A11000203C4FF48052A04707F5805303F114030D
:10A120001860002307F5805202F11C02136025E03D
:10A1300007F1200353F8143C5B681B6814331B6859
:10A1400007F1200252F8142C506807F12002114642
:10A1500007F5805202F11C0212680A440C3A127888
:10A1600052B21146984707F5805303F11C031B6850
:10A17000013307F5805202F11C02136007F580538A
:10A1800003F11C031A6807F5805303F114031B68DD
:10A190009A42CDD307F1200353F8143C03F58053C2
:10A1A00093F82030002B3CD007F1200333F8163C05
:10A1B00007F5815202F11002126819461C48FEF799
:10A1C000C1F8002307F5805202F11802136019E06C
:10A1D00007F120031A4607F5805303F118031B68A3
:10A1E00013440C3B1B781946124802F0CFF907F5CF
:10A1F000805303F118031B68013307F5805202F105
:10A200001802136007F5805303F118031A6807F565
:10A21000805303F114031B689A42D9D3064802F015
:10A22000A3FA00BF07F581570437BD4690BD00BFB4
:10A23000040802002C0802003408020080B584B033
:10A2400000AFF860B9607A603B60FB681846FEF7C3
:10A25000E3FB0D4AFB681A60FB68BA685A60FB684A
:10A260007A689A60FB683A68DA60FB68BA691A61D2
:10A27000FB68FA695A61FB683A6A9A61FB6818469A
:10A280001037BD4680BD00BF0004020080B584B019
:10A2900000AFF860B9607A603B60234AFB681A60DF
:10A2A000FB6800225A60FB68BA689A60FB687A68AB
:10A2B000DA60FB683A681A61FB68BA695A61FB6840
:10A2C000FA699A61FB683A6ADA61FB687A6A1A622B
:10A2D000FB68002283F82420FB68002283F82520F5
:10A2E000FB6800229A62FB680022DA62FB680022A7
:10A2F0001A63FB6800225A63FB6800229A63F968BC
:10A30000D7E90C23C1E91023FB6800229A64FB689B
:10A310000022DA64D7E90C23F86800F017F8FB682C
:10A3200018461037BD4680BDC00C020080B483B013
:10A3300000AF78600B46FB707B68FA7883F82420C6
:10A3400000BF0C37BD4680BC7047000090B585B09B
:10A3500000AFF860C7E90023F968D7E90023C1E935
:10A360001023FB6800229A62FB680022DA62FB6815
:10A3700000221A63FB6800225A63FB6800229A637A
:10A38000FB68002283F82520FB6800229A64FB68A2
:10A390000022DA64FB6893F82430002B18D0FB68A5
:10A3A0001B691B6818331B68FA68126910469847C6
:10A3B0000446FB681B691B681C331B68FA6812693A
:10A3C0001046984703461A4621460448FDF7BAFF4F
:10A3D000002318461437BD4690BD00BFA8060200F2
:10A3E000F0B5ADF5804D91B002AF07F1380343F8F9
:10A3F000340C07F1380353F8343C9B681B68243352
:10A400001B6807F1380252F8342C926810469847BE
:10A4100007F5804303F12403186007F1380353F86C
:10A42000343C9B6C07F5804202F1240212689A4288
:10A4300001D10023A9E307F1380353F8343C9B6CA6
:10A4400007F5804202F124021268D31A07F5804210
:10A4500002F13402136007F5804303F134031B68F3
:10A46000002B1ADA07F1380353F8343C9B681B6859
:10A470001C331B6807F1380252F8342C92681046DE
:10A480009847024607F5804303F134031B681344E1
:10A4900007F5804202F13402136007F1380353F8E4
:10A4A000343C1B691B681C331B6807F1380252F8E7
:10A4B000342C12691046984703461A4607F5804324
:10A4C00003F134031B689342ACBF01230023DBB2CA
:10A4D000002B00F0598307F1380353F8343C9A6C91
:10A4E00007F5804303F134031B681A4407F138036E
:10A4F00053F8343C5A6007F5804303F124031B688A
:10A5000007F5804202F12002136007F1380353F887
:10A51000343C93F82430002B11D007F1380353F862
:10A52000343C9B6C07F5804202F13402126807F557
:10A53000804101F1200109688248FDF703FF07F11E
:10A54000380353F8343C1B691B6858331C6807F107
:10A55000380353F8343C186907F1380353F8343C96
:10A56000996807F5804303F120031A6807F58043D3
:10A5700003F134031D6807F1380353F8343C043306
:10A5800000932B46A0470346002B00F0F38207F10F
:10A59000380353F8343C93F82430002B08D007F1EB
:10A5A000380353F8343C5B6819466748FDF7CAFE28
:10A5B00007F1380353F8343C5B6807F5804202F139
:10A5C00030021360012307F5804202F12F0213705D
:10A5D000C8E207F1380353F8343C1B691B684C335D
:10A5E0001C6807F1380353F8343C186907F1380345
:10A5F00053F8343C996807F1380353F8343C283356
:10A6000007F5804202F130021268A047034607F5C1
:10A61000804202F12F02137007F5804303F12F03EC
:10A620001B78002B00F04B8207F1380353F8343CC1
:10A6300093F82430002B08D007F1380353F8343C4A
:10A640009B6A19464148FDF77DFE07F1380353F830
:10A65000343C1B691B685C331B6807F1380252F8F5
:10A66000342C106907F1380252F8342C916807F144
:10A67000380252F8342C926A9847024607F13803A0
:10A6800053F8343C1A6307F1380353F8343C1B6920
:10A690001B6818331B6807F1380252F8342C126912
:10A6A00010469847024607F1380353F8343C5A6382
:10A6B00007F1380353F8343C1B691B681C331B68D3
:10A6C00007F1380252F8342C1269104698470246B6
:10A6D00007F1380353F8343C9A6307F1380353F811
:10A6E000343C1B691B6860331C6807F1380353F85E
:10A6F000343C186907F1380353F8343C996807F182
:10A70000380353F8343C9A6A07F1380353F8343C61
:10A710005D6807F1380353F8343CDB6800932B463F
:10A72000A0470346002B00F0BF81002307F58042BD
:10A7300002F12E021370002307F5804202F1280275
:10A740001360AEE0380802008C080200C408020062
:10A7500007F1380353F8343C1B691B6870331C68DD
:10A7600007F1380353F8343C186907F1380353F8FC
:10A77000343C9D6807F1380353F8343C9E6A07F176
:10A78000380353F8343C5B683B6007F1380353F8F7
:10A79000343C996907F5804202F128021268134699
:10A7A0005B0013449B000B441B6800933B683246DC
:10A7B0002946A0470346002B68D04FF4804307F595
:10A7C000804202F11802136007F1380353F8343C59
:10A7D0009A6A07F1380353F8343C5B6B134407F56E
:10A7E000804202F11402136007F1380353F8343C3D
:10A7F0009B681B6828331C6807F1380353F8343C06
:10A80000986807F1380353F8343C03F1300207F13C
:10A8100038032C3B4FF48041009107F5804101F152
:10A8200014010968A04707F1380353F8343C9969CB
:10A8300007F5804303F128031A6813465B001344AD
:10A840009B000B449C6807F1380353F8343C99692A
:10A8500007F5804303F128031A6813465B0013448D
:10A860009B000B44186807F1380353F8343C1A6B0B
:10A8700007F1380307F138012C3953F8343CA0476D
:10A88000012307F5804202F12E02137007F5804381
:10A8900003F128031B68013307F5804202F1280207
:10A8A000136007F1380353F8343CDB6907F5804245
:10A8B00002F1280212689A42FFF44AAF07F580437A
:10A8C00003F12E031B7883F00103DBB2002B00F0B1
:10A8D0008A8007F1380353F8343C93F82430002B76
:10A8E00027D007F1380353F8343C1B691B686C33DD
:10A8F0001C6807F1380353F8343C186907F1380332
:10A9000053F8343C996807F1380353F8343C9A6A99
:10A9100007F1380353F8343C5B68A04702460B4606
:10A9200007F1380151F8341CC96900919A48FDF7C4
:10A9300009FD4FF4804307F5804202F11C021360C9
:10A9400007F1380353F8343C5A6807F1380353F8D9
:10A95000343C9B6AD31A07F5804202F10C02136063
:10A9600007F1380353F8343C9B681B6828331C6894
:10A9700007F1380353F8343C986807F1380353F86B
:10A98000343C996A07F138032C3B07F5804202F109
:10A990000C024FF480450095A04707F1380353F8A7
:10A9A000343C1B6A1B680C331C6807F1380353F8EE
:10A9B000343C186A07F1380353F8343C5A6807F1FD
:10A9C000380353F8343C9B6AD31A07F5804202F1EE
:10A9D0001002136007F5804202F1100207F13803FC
:10A9E0002C3B1946A04707F1380353F8343C5C6808
:10A9F00007F1380353F8343C1B691B6820331B688C
:10AA000007F1380252F8342C126910469847034671
:10AA1000E21807F1380353F8343C9A6207F138031F
:10AA200053F8343C5C6807F1380353F8343C1B6935
:10AA30001B6820331B6807F1380252F8342C126966
:10AA4000104698470346234407F5804202F130023E
:10AA50001360002307F5804202F12F02137007F103
:10AA6000380353F8343C93F82430002B07D007F513
:10AA7000804303F1300319684848FDF763FC07F190
:10AA8000380353F8343C9B681B682C331B6807F170
:10AA9000380252F8342C926807F5804101F13001F8
:10AAA00009681046984765E007F1380353F8343CCD
:10AAB0009B6A07F5804202F13002136052E007F111
:10AAC000380353F8343C93F82430002B02D0344838
:10AAD000FDF738FC07F1380353F8343C93F8243081
:10AAE000002B19D007F1380353F8343C5C6807F1A8
:10AAF000380353F8343C1B691B6820331B6807F18B
:10AB0000380252F8342C1269104698470346234401
:10AB100019462248FDF716FC07F1380353F8343C78
:10AB20009B681B682C331C6807F1380353F8343CCE
:10AB30009E6807F1380353F8343C5D6807F1380329
:10AB400053F8343C1B691B6820331B6807F138023B
:10AB500052F8342C12691046984703462B44194684
:10AB60003046A04707F5804303F12F031B78002BE5
:10AB70007FF42FAD07F1380353F8343C07F58042DA
:10AB800002F1240212689A640123184607F58047EF
:10AB90003C37BD46F0BD00BF000902004409020079
:10ABA0007809020090B5ADF5815D81B002AF07F183
:10ABB000180444F80C0C084607F1180141F8142C4D
:10ABC00007F1180242F8183C07F11803024623F86F
:10ABD0000E2C07F1180353F80C3C1B691B68443317
:10ABE0001C6807F1180353F80C3C186907F11803A7
:10ABF0001A4607F11801083907F5815303F10803D4
:10AC00001B68019307F1180333F80E3C009352F8C8
:10AC1000183C4FF48052A04707F5805303F110030E
:10AC2000186007F1180353F80C3C5B691B68083384
:10AC30001C6807F1180353F80C3C586907F1180316
:10AC4000083B07F5805202F1100212681946A0472E
:10AC500007F1180353F80C3C93F82430002B3CD038
:10AC600007F1180333F80E3C07F5815202F1080290
:10AC7000126819461C48FDF765FB002307F5805252
:10AC800002F11402136019E007F118031A4607F5E0
:10AC9000805303F114031B681344083B1B781946C7
:10ACA000124801F073FC07F5805303F114031B688D
:10ACB000013307F5805202F11402136007F5805347
:10ACC00003F114031A6807F5805303F110031B689E
:10ACD0009A42D9D3064801F047FD00BF07F58057D7
:10ACE0001C37BD4690BD00BF040802002C080200BE
:10ACF0003408020080B584B000AFF860B9607A60B3
:10AD00003B60FB681846FEF75BFC0D4AFB681A6067
:10AD1000FB6800221A71FB68BA689A60FB687A685F
:10AD2000DA60FB683A681A61FB68BA695A61FB68C5
:10AD30003A7F1A76FB6818461037BD4680BD00BFC3
:10AD4000940C020080B582B000AF7860054A7B6841
:10AD50001A607B681846FEF745FC7B681846083782
:10AD6000BD4680BD940C020080B582B000AF786013
:10AD70007868FFF7E7FF1C21786811F0A1FE7B6877
:10AD800018460837BD4680BD80B483B000AF7860F8
:10AD90007B689B68002B01D100230AE07B689B68DD
:10ADA0001B7803F00103DBB2002B0CBF012300234F
:10ADB000DBB218460C37BD4680BC704780B485B006
:10ADC00000AF78607B68DB68002B03D07B681B6971
:10ADD000002B01D100230BE00023FB607B68DB68C4
:10ADE0001B68FB607B681B691B68FB60FB685BB2D0
:10ADF00018461437BD4680BC704780B483B000AF9E
:10AE000078600B46FB707B685B69002B04D07B6825
:10AE10005B6997F903201A6097F9033018460C37DD
:10AE2000BD4680BC704780B483B000AF786000BF7F
:10AE30000C37BD4680BC704780B483B000AF7860EB
:10AE400000BF0C37BD4680BC704780B483B000AFF4
:10AE50007860012318460C37BD4680BC704700005F
:10AE600080B582B000AF78607B681846FEF738FC8A
:10AE7000034A7B681A607B6818460837BD4680BD68
:10AE8000740C020080B582B000AF7860054A7B6820
:10AE90001A607B681846FEF733FC7B681846083753
:10AEA000BD4680BD740C020080B582B000AF7860F2
:10AEB0007868FFF7E7FF0421786811F001FE7B68EE
:10AEC00018460837BD4680BD80B586B000AFF86033
:10AED000B9607A60BB68002B03D07B681B68002BCD
:10AEE00006D17B681B6819461348FDF72BFA1FE053
:10AEF0007B681B687B617B69202B01D920237B61E8
:10AF00000E48FDF71FFA00233B610AE0BA683B696F
:10AF100013441B7819460A48FDF714FA3B690133BC
:10AF20003B613A697B699A42F0D30648FDF70AFA19
:10AF30001837BD4680BD00BFC4090200F4090200F5
:10AF40002C080200240A020080B586B000AFF86029
:10AF5000B9607A60BB68002B03D07B681B68072B45
:10AF600006D87B681B6819460A48FDF7EBF90DE027
:10AF7000BB687B617B681B6819460748FDF7E2F9EF
:10AF80007869FDF7D7FD0548FDF7DCF91837BD46B0
:10AF900080BD00BF280A0200600A0200240A0200E5
:10AFA00080B485B000AFF860B9607A6000BF143734
:10AFB000BD4680BC7047000080B400AF024B18460D
:10AFC000BD4680BC704700BF7C00002080B582B0C9
:10AFD00000AF786039607B681B68184610F088FF06
:10AFE0003B68D3E9002310F0EDFF02460B46104604
:10AFF00019464FF00002054B11F00EF902460B46C0
:10B00000104619460837BD4680BD00BF00005E41AE
:10B0100090B589B002AF78607B681B78002B00F098
:10B020001A8107F10C031846FBF77CFA00237B61B9
:10B030000DE100F089F97B684833184600F0C6FA44
:10B040007B6848337969184600F0E6FA0346002B1E
:10B0500000F0FA8000F078F97B6848337A69D1B261
:10B0600007F10C02184600F0F4FA00F06DF9FB7BD2
:10B0700003F02003DBB2002B05D1FB7B03F0400380
:10B08000DBB2002B0FD07B685B78002B00F0DC80FC
:10B09000FB7BC3F30403DBB21946FB7B1A46704803
:10B0A000FDF750F9D0E0FB7B23F07F03DBB2002BF0
:10B0B00000F0BC807B685B78002B1BD0FB7BC3F36C
:10B0C0000403DBB21C467B6803F14802FB6843F3D0
:10B0D00017033B6107F110031946104600F0DAFA36
:10B0E00002460B46F96841F31701009121465D487D
:10B0F000FDF728F9FB7BC3F30403DBB2083B0F2BFE
:10B1000000F2A18001A252F823F000BF69B1000053
:10B110004DB100005BB10000BDB1000003B2000002
:10B12000F5B10000A1B1000077B10000AFB100009F
:10B13000CBB1000085B1000093B10000D9B100008F
:10B1400011B20000E7B100001FB20000FB6843F33A
:10B1500017031A467B685A6076E0FB6843F31703CF
:10B160001A467B689A606FE0FB6843F317031A4640
:10B170007B68DA6068E0FB6843F317031A467B6874
:10B180001A6161E0FB6843F317031A467B685A6152
:10B190005AE0FB6843F317031A467B689A6153E051
:10B1A000FB6843F317031A467B68DA614CE0FB68DF
:10B1B00043F317031A467B681A6245E0FB6843F3C2
:10B1C00017031A467B685A623EE0FB6843F3170395
:10B1D0001A467B689A6237E0FB6843F317031A4606
:10B1E0007B68DA6230E0FB6843F317031A467B683A
:10B1F0001A6329E0FB6843F317031A467B685A6316
:10B2000022E0FB6843F317031A467B689A631BE04E
:10B21000FB6843F317031A467B68DA6314E0FB68A4
:10B2200043F317031A467B681A640DE07B685B786A
:10B23000002B09D0FB7BC3F30403DBB219460A4899
:10B24000FDF780F800E000BF7B6901337B617B691B
:10B250001D2B7FF6EEAE00BF1C37BD4690BD00BF74
:10B26000A40A0200CC0A0200000B020080B582B0E2
:10B2700000AF78607B685BB219460748FFF7BDFDF9
:10B280007B685BB219460548FFF7B7FD7B68184637
:10B290000837BD4680BD00BF301C0020A01C002028
:10B2A00080B400AF00BFBD4680BC704780B582B09F
:10B2B00000AF7860786801F0FDF900BF0837BD463F
:10B2C00080BD000080B582B000AF0123FB7118483B
:10B2D000FFF79EFE1748FEF78BFB0346002B01D0BD
:10B2E0000023FB711448FEF783FB0346002B01D0BB
:10B2F0000023FB711148FEF77BFB0346002B01D0B6
:10B300000023FB710E48FFF76BF80346002B01D0BA
:10B310000023FB710B4800F0DFF90346002B01D03E
:10B320000023FB71FB7918460837BD4680BD00BF7E
:10B33000281A0020C01C0020002D0020403D0020C5
:10B34000B04D0020084E002080B500AF0848FEF741
:10B350004FFB0848FEF74CFB0748FEF749FB074840
:10B36000FFF73EF8064800F0B7F900BF80BD00BF08
:10B37000C01C0020002D0020403D0020B04D0020CA
:10B38000084E002080B582B000AF786039600A2195
:10B390004D48FFF732FD0A214B48FFF72EFD0A21E9
:10B3A0004948FFF72AFD0A214748FFF726FD0A21F1
:10B3B0004548FFF722FD0A214348FFF71EFD0A21F9
:10B3C0004148FFF71AFD0A213F48FFF716FD0A2101
:10B3D0003D48FFF712FD48213B48FFF70EFD652170
:10B3E0003948FFF70AFD6C213748FFF706FD6C214D
:10B3F0003548FFF702FD6F213348FFF7FEFC20219F
:10B400003148FFF7FAFC45212F48FFF7F6FC53219E
:10B410002D48FFF7F2FC43212B48FFF7EEFC2D21CE
:10B420002948FFF7EAFC46212748FFF7E6FC5721A9
:10B430002548FFF7E2FC0A212348FFF7DEFC4FF422
:10B44000AC724FF4AC712148FCF77CFF4FF4AA7248
:10B450004FF4AA711E48FCF775FF4FF000024FF041
:10B4600000031C48FEF772FF4FF000024FF000038C
:10B470001948FEF711FA4FF000024FF00003174889
:10B48000FEF70AFA4FF000024FF000031448FEF7EF
:10B4900003FA01210F48FEF749FF01210E48FEF78C
:10B4A000E9F901210D48FEF7E5F901210C48FEF705
:10B4B000E1F90C4800F01FF900210A4800F03DF9BD
:10B4C000FFF700FFFCE700BFA01C0020300B0200CC
:10B4D000700B0200B04D0020403D0020002D0020E8
:10B4E000C01C0020084E002080B584B000AFF8607A
:10B4F000B9607A603B60FB68B9681846FEF7BCF833
:10B50000314AFB681A60FB6803F58053083318461C
:10B5100000F025F9FB6803F5805300221A84FB68CC
:10B5200003F5805300225A84FB6803F580530122FF
:10B5300083F82420FB6803F58053002283F825203C
:10B54000FB6803F58053002283F82620FB6803F58F
:10B550008053002283F82720FB6803F580530122E3
:10B5600083F82820FB6803F580531A467B68D36272
:10B57000FB6803F580531A463B681363FB6803F5C9
:10B5800080531A46BB695363FB6803F580531A4620
:10B59000FB699363FB6803F580531A463B6AD363E8
:10B5A000FB6803F580531A46BB8CA2F84030FB6859
:10B5B00003F580531A4697F8283082F84230FB682A
:10B5C00018461037BD4680BD600C020080B584B0BF
:10B5D00000AF7860786800F0FAF80346BB60FB7A49
:10B5E000C3F30403DBB21D2B0FD8FB7A23F07F03D8
:10B5F000DBB2002B09D0FB7AC3F30403DBB21A469B
:10B600007B680432B96843F822100123FB73FB7B8B
:10B6100018461037BD4680BD80B584B000AF786055
:10B6200039603B681E2B01D900230EE0786800F0DA
:10B63000A6F8F860FA683B6822FA03F303F0010306
:10B64000002B14BF01230023DBB218461037BD4680
:10B6500080BD80B485B000AFF8600B467A60FB72A5
:10B66000FB7A1D2B11D8FB7A7968FA6804339B00AA
:10B67000134418680860FB7AFA6804339B0013448B
:10B68000DA7822F08002DA7000E000BF1437BD469D
:10B6900080BC704780B582B000AF786039603B688D
:10B6A0001B68184610F024FC7B68D3E9022310F0D5
:10B6B00089FC02460B46104619464FF00002054B26
:10B6C00010F0AAFD02460B46104619460837BD4643
:10B6D00080BD00BF00005E4180B582B000AF7860E1
:10B6E000786800F0B2F8786800F0EFF80346184682
:10B6F0000837BD4680BD80B582B000AF78607B68FA
:10B7000003F5805300221A847B6803F580530022DE
:10B710005A847B6808334FF480520021184601F0A8
:10B720008FF97B6803F580530833184600F06BF9F6
:10B73000002318460837BD4680BD80B483B000AFF3
:10B7400078600B46FB707B6803F580531A46FB78E4
:10B7500082F8243000BF0C37BD4680BC704780B4EF
:10B7600083B000AF78607B6800221A617B6800229A
:10B770005A617B6818460C37BD4680BC704780B460
:10B7800085B000AF78600023FB607B6893F8883059
:10B790001A46FB681343FB607B6893F889301B02F1
:10B7A000FA681343FB607B6893F88A301B04FA68DD
:10B7B0001343FB607B6893F88B301B06FA681343D6
:10B7C000FB60FB6818461437BD4680BC704780B5E7
:10B7D00086B000AF786007F110031846FCF73FF819
:10B7E00007F10C031846FAF79DFE30217868FCF744
:10B7F0005DF87868FCF768F80346FB737868FCF737
:10B8000063F80346BB737868FCF75EF803467B7306
:10B810007868FCF759F803463B73FB687B6107F1D6
:10B8200010031846FCF72DF800233A7D62F3070356
:10B830007A7D62F30F23BA7D62F31743FA7D62F3D8
:10B840001F6318461837BD4680BD80B584B000AF71
:10B8500078600023FB737B6803F580539B6B1B6848
:10B860001B687A6802F58052926B1046984703462F
:10B87000002B25D07B6803F580530833184600F071
:10B88000D1F8034683F00103DBB2002B18D000236C
:10B89000BB730123FB737B6803F58053083307F107
:10B8A0000E021146184600F0CFF87B685B681B68F3
:10B8B00014331B687A68526897F90E10104698473F
:10B8C000FB7B18461037BD4680BDF0B58BB006AF88
:10B8D00078600023FB73786800F0D7F80346BB60FC
:10B8E000BB68002B00F08A807B6803F580531B8CBB
:10B8F000B3F5805F05D37B6803F5805340F6FF7294
:10B900001A847B6803F580531B8C1A467B681344AA
:10B9100000221A727B6803F5805393F84230002BA3
:10B9200029D07B6803F108007B6803F580531B8CEA
:10B930001E467B6803F58053D96A7B6803F5805304
:10B940001C6B7B6803F58053DB6B7A6802F58052D1
:10B95000B2F8402015467A680492002203920295BC
:10B9600001930023009323460A463146FCF758FB17
:10B970000346FB7328E07B6803F108007B6803F54E
:10B9800080531B8C1E467B6803F58053D96A7B6805
:10B9900003F580531C6B7B6803F58053DB6B7A687F
:10B9A00002F58052B2F8402015467A6804920022CF
:10B9B0000392029501930123009323460A463146E0
:10B9C000FCF72EFB0346FB737B6803F580530022D4
:10B9D0001A84FB7B002B11D07B6803F580535B6BD3
:10B9E000002B0BD07B6803F580535B6B98470346B5
:10B9F0004FF0FF321946786800F048F9FB7B184693
:10BA00001437BD46F0BD80B483B000AF78607B686A
:10BA100000221A617B6800225A6100BF0C37BD46C4
:10BA200080BC704780B483B000AF78607B681A69CF
:10BA30007B685B699A420CBF01230023DBB2184686
:10BA40000C37BD4680BC704780B582B000AF7860CF
:10BA500039607868FFF7E6FF0346002B01D000232A
:10BA60000FE07B681B697A68D2563B681A707B6866
:10BA70001B691946786800F035F902467B681A613F
:10BA8000012318460837BD4680BD80B584B000AF9D
:10BA90007860786800F036F90346FB7297F90B304E
:10BAA00013F1020F01D10023ECE07B6803F5805312
:10BAB0001B8CB3F5805F05D37B6803F5805340F69C
:10BAC000FF721A8497F90B300A2B0DD17B6803F5AE
:10BAD00080531B8C1A467B68134400221A727B68C1
:10BAE00003F580531B8CCDE097F90B30082B03D066
:10BAF00097F90B307F2B20D17B6803F580531B8C8B
:10BB0000013B9AB27B6803F580531A847B6803F586
:10BB100080531B8CB3F5805F04D37B6803F580539F
:10BB200000221A847B6803F580531B8C1A467B68BD
:10BB3000134400221A720023A4E097F90B301B2B48
:10BB40000FD17B6803F5805300221A847B6803F5CC
:10BB500080531B8C1A467B68134400221A72002300
:10BB600090E097F90B30092B6BD17B6808334FF4C9
:10BB70008051184601F062F803469AB27B6803F5DB
:10BB800080531A847B6803F580531B8C1A467B68AC
:10BB9000134493F908300A2B09D17B6803F58053CD
:10BBA0001B8C013B9AB27B6803F580531A847B6837
:10BBB00003F580531B8C1A467B68134493F90830B5
:10BBC0000D2B09D17B6803F580531B8C013B9AB286
:10BBD0007B6803F580531A847B6803F580531B8CC4
:10BBE000B3F5805F05D37B6803F5805340F6FF72A1
:10BBF0001A847B6803F580531B8C1A467B681344B8
:10BC000000221A720023FB6011E07B685B681B68EE
:10BC100014331B687A6850687968FA680A440832F5
:10BC200092F9002011469847FB680133FB607B685E
:10BC300003F580531B8C1A46FB689342E5D300231F
:10BC400020E07B6803F580531B8C1A467B68134405
:10BC5000FA7A1A727B6803F580531B8C01339AB20F
:10BC60007B6803F580531A847B6803F580531B8C33
:10BC7000B3F5805F05D37B6803F5805340F6FF7210
:10BC80001A84002318461037BD4680BD80B586B0A3
:10BC900000AFF860B9607A6000237B6112E0BA6897
:10BCA0007B69134493F90030002B16D0BA687B6986
:10BCB000134493F900301946F86800F095F87B6951
:10BCC00001337B617A697B689A4207D2FB6803F58E
:10BCD00080535B8C0F2BE2D900E000BF00BF183708
:10BCE000BD4680BD80B485B000AF786039603B68E8
:10BCF000013303F00F03FB60FB6818461437BD46A1
:10BD000080BC704780B584B000AF78607B685B68AA
:10BD10001B680C331B687A685268104698470346C4
:10BD200083F00103DBB2002B02D06FF0010357E078
:10BD30007B685B681B6810331B687A685268104622
:10BD400098470346FB7397F90F30072B02DC6FF01F
:10BD5000010345E07B6803F580531A46FB7B82F8BC
:10BD6000263097F90F300D2B05D17B6803F58053F2
:10BD7000012283F8272097F90F300A2B0CD17B681A
:10BD800003F5805393F926300D2B05D07B6803F51E
:10BD90008053002283F827207B6803F5805393F8B3
:10BDA0002430012B0ED197F90F30092B0AD07B6874
:10BDB0005B681B6814331B687A68526897F90F1028
:10BDC000104698477B6803F5805393F82530012B84
:10BDD00004D197F90F301846FFF748FA97F90F305A
:10BDE00018461037BD4680BD80B582B000AF786080
:10BDF0000B46FB7097F903300D2B02D197F90330F6
:10BE000021E07B6803F5805393F82730002B0DD099
:10BE100097F903300A2B09D17B685B681B681433E0
:10BE20001B687A6852680D21104698477B685B68EA
:10BE30001B6814331B687A68526897F90310104620
:10BE4000984797F9033018460837BD4680BD000073
:10BE500080B582B000AF7860054A7B681A607B6865
:10BE60001846FDF71DFC7B6818460837BD4680BDA7
:10BE7000600C020080B582B000AF78607868FFF790
:10BE8000E7FF41F24401786810F01AFE7B6818461B
:10BE90000837BD4680BD000080B582B000AF786035
:10BEA000054A7B681A607B681846FDF7F9FB7B68DA
:10BEB00018460837BD4680BDCC0C020080B582B064
:10BEC00000AF78607868FFF7E7FF4FF48251786839
:10BED00010F0F6FD7B6818460837BD4680BD0000AF
:10BEE00090B589B008AF8948FEF7BAFF8848FCF7DB
:10BEF00039FE884B1B6803F14801864B1B6803F130
:10BF00004402844B1B6803F14C00824B1B68443392
:10BF10007E240194009303467F48FEF7EBFE7D4BA1
:10BF20001B6803F154017B4B1B6803F15002794BF2
:10BF30001B6803F15800774B1B6850332124019490
:10BF4000009303467548FEF7D5FE724B1B6803F15C
:10BF50006001704B1B6803F15C026E4B1B6803F1C0
:10BF600064006C4B1B685C334024019400930346CF
:10BF70006B48FEF7BFFE674B1B6803F16C01654B16
:10BF80001B6803F16802634B1B6803F17000614B8F
:10BF90001B68683323240194009303466148FEF72D
:10BFA000A9FE5C4B1B6803F178015A4B1B6803F137
:10BFB0007402584B1B6803F17C00564B1B687433AA
:10BFC00024240194009303465748FEF793FE574BF1
:10BFD0001B7819464FF0FF324FF0FF33CDE90423B1
:10BFE00000230293494B01930091514B484A4B491E
:10BFF0005048FDF7D1FB4D4B1B7819464FF0FF32EF
:10C000004FF0FF33CDE90423002302933F4B01930C
:10C010000091474B3E4A42494748FDF7BDFB434B21
:10C020001B7819464FF0FF324FF0FF33CDE9042360
:10C0300000230293354B019300913D4B344A37491D
:10C040003E48FDF7A9FB334B1B6803F5B071314B3C
:10C050001B6803F5B2722F4B1B6803F5B4702D4BB0
:10C060001B6803F5B673009303463548FCF7F3FCF1
:10C07000284B1B6803F5AA71264B1B6803F5AC70AF
:10C08000244B1B6803F5A674224B1B6803F5A873A9
:10C09000204A126802F5AE7202924FF48062019259
:10C0A0000093234602462748FEF7C8F81F4B1B782B
:10C0B00019464FF0FF324FF0FF33CDE9062300233E
:10C0C0000493124B03930291194B0193124B00936B
:10C0D0000F4B1B4A1B491C48FEF7D8F81B4B1B781B
:10C0E00019461B4B1B680122049200220392029303
:10C0F000184B0193184B00930B46184A0A491848ED
:10C10000FFF7F2F900BF0437BD4690BD281C0020A0
:10C110002C1C00204C000020301C00204C1C002057
:10C12000681C0020841C0020A01C0020DCE801000A
:10C13000C4190020C01C0020002D0020403D00201C
:10C14000804D0020904D0020B04D00202CD40100E7
:10C15000004E002078000020B9AF00009C080020AD
:10C16000084E002080B500AF1448FFF771FE144858
:10C17000F8F7C2F81348FCF793F91348FFF78CFE61
:10C180001248FFF789FE1248FFF786FE1148FEF7B6
:10C19000D9FD1148FEF7D6FD1048FEF7D3FD104833
:10C1A000FEF7D0FD0F48FEF7CDFD0F48FCF7ECFC85
:10C1B0000E48FEF767FE00BF80BD00BF084E00209E
:10C1C00078000020904D0020403D0020002D0020F0
:10C1D000C01C0020A01C0020841C0020681C002023
:10C1E0004C1C0020301C00202C1C0020281C00208F
:10C1F00080B500AFFFF774FE80BD80B500AFFFF7DC
:10C20000B1FF80BD002301461A46184600F0B2BFB8
:10C2100008B50021044600F0F7FF034B1B6803B18B
:10C2200098472046F4F7FEFA845F0020014BC0F8DF
:10C23000EC3070474C0E0200034B1B5C03F0030311
:10C24000022B08BF203870474D0E0200024A0349F6
:10C25000034800F069B900BF9000002019100100E8
:10C26000A00000200C4B416810B59942044601D053
:10C2700004F0D2FEA168094B994202D0204604F096
:10C28000CBFEE168064B994204D02046BDE8104041
:10C2900004F0C2BE10BD00BF4C5E0020B45E0020A2
:10C2A0001C5F002008B54B6EDA0702D48B899B0512
:10C2B00001D5002008BD886D00F0D0FD002008BD2C
:10C2C00008B54B6EDA0702D48B899B0501D5002097
:10C2D00008BD886D00F0CAFD002008BD2DE9F843B7
:10C2E00000250423304C314A3149DFF8C890DFF88B
:10C2F000C880324F324E116004F15C00294608229A
:10C30000C4E90335C4E90055C4E90555A56065666F
:10C3100000F096FB04F15800C4E90749C4E9098715
:10C32000E66200F093FD274B2946082204F1C40081
:10C330006367C4E91A55C4E91E552567C4F8CC5093
:10C34000C4F8805000F07CFB04F1680304F1C000E5
:10C35000C4F88430C4E92298C4E9247600F076FD5C
:10C36000194B294604F596700822C4F8DC30C4E95C
:10C370003455C4E93855C4F8D850C4F83451C4F819
:10C38000E85000F05DFB04F1D003C4E93D87C4F838
:10C39000F09004F59470C4F8FC60C4F8EC30BDE88B
:10C3A000F84300F053BD00BF4C5E0020845F0020C6
:10C3B0004DC2000029C8000051C8000091C800000B
:10C3C000B5C800000900010012000200F8B50646D9
:10C3D0002A4800F043FD2A4B1B68002B43D0294F0D
:10C3E000D7E90134013B04D524E05A1C04F1680468
:10C3F00020D0B4F90C50013B002DF6D1224B04F1B2
:10C400005800E360656600F021FD1C4800F02EFD39
:10C4100008222946C4E90155C4E904552560A561EF
:10C4200004F15C0000F00CFBC4E90C55C4E91155A3
:10C430002046F8BD3D680DB12F46D1E74FF4D671C7
:10C44000304601F099F8044680B10423056029467E
:10C4500025460C304FF4D072A060636000F0F0FA13
:10C460003C602F46BCE7FFF739FFB8E703483C6064
:10C4700000F0FCFC0C233360DAE700BFA85F00206B
:10C48000845F0020900000200100FFFF10B50446EB
:10C490000A4800F0E3FC636B23B9094B094A1B68A7
:10C4A000626323B1BDE81040044800F0DFBCFFF731
:10C4B00015FFBDE81040014800F0D8BCA85F00207F
:10C4C000845F002065C20000014800F0C7BC00BFC7
:10C4D000A85F0020014800F0C9BC00BFA85F002091
:10C4E00008B5054800F0BAFCBDE808400020034A42
:10C4F000034900F019B800BFA85F00209000002099
:10C50000A5C2000008B50020044A054900F00CF857
:10C51000BDE80840034800F0A9BC00BF900000201F
:10C52000C1C20000A85F00202DE9F8434FF00009C8
:10C5300080460F461646D6E90154013D10D4A38922
:10C54000012B08D9B4F90E30013304D021464046FE
:10C55000B84749EA0009013D6B1C04F16804EED1BB
:10C560003668002EE7D14846BDE8F8830EB400B522
:10C5700082B003AB53F8042B8168019302F0ECFE08
:10C5800002B05DF804EB03B0704700BF0FB400B514
:10C59000074A83B004AB106853F8042B81680193F9
:10C5A00002F0DAFE03B05DF804EB04B0704700BFA0
:10C5B0009C00002070B505460E46144610B1436B32
:10C5C000002B2FD0636ED80702D4A389990520D5FC
:10C5D000A368013B002BA36019DAA26993420FDB29
:10C5E000F0B20A280CD0054623685A1C22601E703F
:10C5F000636EDA0702D4A3899B050ED5284670BD69
:10C6000028462246314600F059F90546F0E7F0B2D7
:10C61000E9E7A06D00F022FCDAE7A06D00F026FC4F
:10C62000284670BDFFF732FFCCE700BF1E4B70B548
:10C630001E6805460C4616B1736B002B2FD0636E37
:10C64000D80702D4A389990520D5A368013B002B04
:10C65000A36019DAA26993420FDBE8B20A280CD072
:10C66000064623685A1C22601D70636EDA0702D4E6
:10C67000A3899B050ED5304670BD3046224629461B
:10C6800000F01CF90646F0E7E8B2E9E7A06D00F01B
:10C69000E5FBDAE7A06D00F0E9FB304670BD3046FF
:10C6A000FFF7F4FECBE700BF9C0000208268FFF795
:10C6B00081BF00BF024B014618688268FFF77ABF4E
:10C6C0009C00002030B5054689B008460C4600F0B5
:10C6D00023FD01230222234907936B6B06910292EB
:10C6E00004A9421C04940191AC68059003926BB3B9
:10C6F000636EB4F90C20D80701D491051FD59004BE
:10C7000005D442F4005223F40053A28163669904D5
:10C7100020D42146284601AA04F0DEFDE8B90A2506
:10C72000636EDA0702D4A3899B0502D5284609B0B7
:10C7300030BDA06D00F09AFB284609B030BDA06D59
:10C7400000F08CFBB4F90C20636ED8E72846FFF7A5
:10C750009DFECDE74FF0FF35E3E74FF0FF35636E09
:10C76000DFE700BF500F0200024B01461868FFF7D9
:10C77000A9BF00BF9C0000200EB44FF40172F0B5B9
:10C7800000269CB021AD55F8047BADF814201B9613
:10C790000290069000F0C0FC4FF6FF7204460A4B70
:10C7A0000A49ADF816200A933A462B46086802A9B2
:10C7B0000E96139601950394079401F09DF91CB011
:10C7C000BDE8F04003B070474DC800009C00002059
:10C7D0000CB44FF401732DE9F04100269CB022AD5A
:10C7E0000746084655F8048BADF8143002910691BF
:10C7F0001B9600F091FC4FF6FF7304460949ADF813
:10C8000016300A91424638462B4602A90E961396D8
:10C8100001950394079401F06FF91CB0BDE8F04155
:10C8200002B070474DC8000010B50C46B1F90E10AB
:10C8300000F0B2FA002803DB236D0344236510BD2A
:10C84000A38923F48053A38110BD00BF002070474B
:10C850002DE9F0410C46B1F90C101F46CB050546F9
:10C8600016460BD421F48051A1813B46324628461E
:10C87000B4F90E10BDE8F041F4F74AB8B4F90E105F
:10C880000223002200F072FAB4F90C10EAE700BFAC
:10C8900010B50C46B1F90E1000F068FAB4F90C307E
:10C8A000421C0EBF23F4805343F480532065A381C0
:10C8B00010BD00BFB1F90E1000F010BAF8B5064671
:10C8C0000D46144610B1436B002B4AD0B4F90C301E
:10C8D000A2691807A2601FD52269EAB1EDB29904D6
:10C8E0002F46626E24D592042FD422682369616991
:10C8F000D31A99422CDD0133A1680139A160511C82
:10C900002160157062699A4219D0A389DB0701D5AD
:10C910000A2D14D03846F8BD2146304600F02EF8D6
:10C9200098B9B4F90C30EDB299042F46626EDAD49E
:10C9300043F4005322F40052A3816266D3E72146F8
:10C94000304604F065FC0028E4D04FF0FF37E1E703
:10C950002146304604F05CFC0028F6D10123226811
:10C96000CAE7FFF793FDB1E703460A4602490868A4
:10C970001946FFF7A3BF00BF9C00002038B52F4B1E
:10C9800005461B680C4613B15A6B002A4BD0B4F90C
:10C990000C3018071CD5226922B313F0010107D00F
:10C9A00000206169A0604942A1613AB1002038BD10
:10C9B000980758BF6169A160002AF7D1190658BFCE
:10C9C0001046F4D543F04003A3814FF0FF3038BD4B
:10C9D000D9062CD55A0712D4226943F00803A38143
:10C9E000002ADAD103F42071B1F5007FD5D02146B9
:10C9F000284604F0E7FDB4F90C302269CDE7216B3D
:10CA000051B104F14002914204D0284600F0B8FC34
:10CA1000B4F90C30002222630021226923F02403A0
:10CA2000C4E90021D9E71846FFF730FDAFE7092236
:10CA300043F040032A60A381C7E700BF9C000020A9
:10CA400070B5860747D0541E002A3ED00346CAB2AE
:10CA500001E0013C39D303F8012B9D07F9D1032CE8
:10CA60002CD9CDB205EB05250F2C1A4605EB054553
:10CA700034D9A4F1100C2CF00F0603F1100EB644BB
:10CA80004FEA1C1CC2E90055C2E90255103272453A
:10CA9000F8D10CF1010214F00C0F03EB021204F0B8
:10CAA0000F0C13D0ACF1040323F00303043313443D
:10CAB00042F8045B9342FBD10CF003042CB1C9B2E1
:10CAC0001C4403F8011BA342FBD170BD644613460E
:10CAD000002CF4D1F9E703461446C0E7A446E1E789
:10CAE00011F0FF01034600F0030239D08ABB02684F
:10CAF00010B501EB012E0EEB0E4E8EEA0204A2F1F0
:10CB0000013323EA0203A4F1013222EA04021343AF
:10CB100013F0803F0FD150F8044F84EA0E0CA4F1BB
:10CB20000133ACF1013223EA040322EA0C0213437D
:10CB300013F0803FEFD0037823B936E010F8013FBF
:10CB4000002B32D09942F9D110BD8A4228D09A07E1
:10CB500029D01A7818460133002AF6D110467047BA
:10CB6000CAB90268A2F1013323EA020313F0803F3D
:10CB700008D150F8042FA2F1013323EA020313F085
:10CB8000803FF6D003785BB110F8013F002BFBD15A
:10CB90007047990705D0184613F8012B002AF8D1E1
:10CBA00070471846DDE71846A1E7184610BD00BFDC
:10CBB000002A3ED0844630B50446084380070B4621
:10CBC0002ED1032A07D82BE0043A25D01EF0803F4F
:10CBD00022D1032A22D919462068A446A0F10133A4
:10CBE00023EA000E0B4653F8045B0434A842EBD052
:10CBF0009CF800000C7884421DD1E64668B11EF80E
:10CC0000010F11F8014FA2EB0E03A04203F1FF3315
:10CC100011D11CEB0303F1D1002030BDA44619460D
:10CC20009CF800000C78A04205D1012AF4D0E64619
:10CC3000E4E710467047001B30BD00BF71B10346EA
:10CC400000EB010C01E0634506D01A461178013370
:10CC50000029F8D1101A7047181A70470846704713
:10CC6000024A01231268503200F002B89C000020F2
:10CC700018B3F0B407468C4617F8015B01E0A542F3
:10CC800014D01CF8014B002CF9D1DDB13E460C4606
:10CC900016F8015B00E063B114F8013B9D42FAD144
:10CCA0004DB100233B701660F0BC704773B138463D
:10CCB000E0E73746EAE72E46F5E710680028D8D1C6
:10CCC0000020704700201560F0BC704717600370AB
:10CCD000EAE700BF0123FFF7CBBF00BF002238B552
:10CCE000064D044608462A60F3F780FD431C00D039
:10CCF00038BD2B68002BFBD0236038BD885F002037
:10CD0000194B1B6883422ED0416C70B5054681B12A
:10CD100000268C593CB121462468284600F030FB9F
:10CD2000002CF8D1696C0436802EF2D1284600F030
:10CD300027FBA96B11B1284600F022FB2C6C34B103
:10CD400021462468284600F01BFB002CF8D1E96C32
:10CD500011B1284600F014FB6B6B1BB12846BDE8EF
:10CD60007040184770BD70479C00002038B50C46D5
:10CD7000114600228446074D20462A601A46644622
:10CD8000F3F7A1FD431C00D038BD2B68002BFBD06E
:10CD9000236038BD885F002038B50C46114600225C
:10CDA0008446074D20462A601A466446F3F7A4FDE0
:10CDB000431C00D038BD2B68002BFBD0236038BD4E
:10CDC000885F0020014B1868704700BF9C0000205E
:10CDD00070B50F4B0F4DAB42A3EB050607D00024F7
:10CDE000B61055F8043B01349847A642F9D81BF019
:10CDF00095FA094D094B5E1BAB424FEAA60606D0D9
:10CE0000002455F8043B01349847A642F9D870BD78
:10CE10003483020034830200348302004C83020016
:10CE200038B5074D074C2C1BA41005D0013C55F814
:10CE3000043D9847002CF9D1BDE838401BF074BA86
:10CE4000688302004C830200704700BF704700BF38
:10CE5000704700BF704700BF704700BF704700BFFA
:10CE60000120704701207047704700BF704700BF26
:10CE700080EA010C1CF0030F37D110F0030C20F0F6
:10CE8000030021F0030150F8042B08BF51F8043BC4
:10CE90000ED08CF0030C6FF07F434FEACC0C23FADA
:10CEA0000CFC51F8043B42EA0C0243EA0C0300BFBD
:10CEB000A2F1013C9A4201BF2CEA020C1CF0803F17
:10CEC00050F8042B51F8043BF2D04FEA02604FEACD
:10CED0001222012828BFB0EB036F08BF1B0AF4D051
:10CEE00003F0FF03000EC01A704710F0030F0AD0C2
:10CEF00010F8012B11F8013B012A28BF9A42F4D007
:10CF0000A2EB030070474DF8045D50F8042B01F0CC
:10CF1000030521F0030151F8043B022D26D04DD822
:10CF200022F07F45B5EB132FA2F1013C2CEA020C55
:10CF30000DD11CF0803C08BF51F8043B0AD185EAB2
:10CF40000205B5EB036F0CD150F8042BE8E74FEA6C
:10CF500013235BE03CF07F4C54D10B784FEA126511
:10CF600054E04FEA126503F0FF034FE04FEA024539
:10CF7000A2F1013C4FEA15452CEA020CB5EB134F28
:10CF800018D11CF0803C08BF51F8043B07D185EA5A
:10CF90000205B5EB034F09D150F8042BE6E75FEA31
:10CFA0000C4C2FD10B884FEA12452FE04FEA034378
:10CFB0004FEA12454FEA134328E000BF02F0FF0595
:10CFC000B5EB136FA2F1013C2CEA020C0DD11CF061
:10CFD000803C08BF51F8043B0AD185EA0205B5EB55
:10CFE000032F0AD150F8042BE8E74FEA13630DE052
:10CFF00012F0FF0F06D051F8043B4FEA122523F040
:10D000007F4303E04FF0000020BC704705F0FF02B3
:10D0100003F0FF00012828BF904204BF2D0A1B0A1D
:10D02000F4D0A2EB000020BC704700BF844641EA68
:10D03000000313F0030349D1403A23D30B68036084
:10D040004B6843608B688360CB68C3600B69036186
:10D050004B6943618B698361CB69C3610B6A03626E
:10D060004B6A43628B6A8362CB6AC3620B6B036356
:10D070004B6B43638B6B8363CB6BC363403040313B
:10D08000403ADBD230320BD30B6803604B6843600D
:10D090008B688360CB68C36010301031103AF3D2D4
:10D0A0000C3205D351F8043B40F8043B043AF9D262
:10D0B000043208D0D2071CBF11F8013B00F8013B35
:10D0C00001D30B8803806046704700BF082A13D342
:10D0D0008B07B1D010F00303AED0C3F10403D21A12
:10D0E000DB071CBF11F8013B00F8013BA4D331F86A
:10D0F000023B20F8023B9FE7043AD9D3013A11F8EA
:10D10000013B00F8013BF9D20B7803704B78437078
:10D110008B7883706046704720F0030110F00300A5
:10D12000C0F1000051F8043B00F1040C4FEACC0CB4
:10D130006FF000021CBF22FA0CF213434FF0010CF7
:10D140004CEA0C2C4CEA0C4CA3EB0C0222EA030236
:10D1500012EACC1204BF51F8043B0430F4D0C2F1FF
:10D16000000102EA0102B2FA82F2C2F11F0200EBF0
:10D17000D20070472DE9F8431B4D064628689846B3
:10D180000F469146FFF76AFE184B1C681CB32868CF
:10D1900065681F2D22DC4EB96B1C0235636044F8B4
:10D1A0002570FFF763FE0020BDE8F883012304EB40
:10D1B0008501C1F88890D4F88821AB401A43022E2B
:10D1C000C4F88821C1F80881E6D1D4F88C211A432B
:10D1D000C4F88C21E0E7064C1C60D8E7FFF746FE58
:10D1E0004FF0FF30E0E700BFE00100203C6100208D
:10D1F000AC5F0020024B13B10248FFF703B8704741
:10D200000000000021CE00002DE9F04F82462C4B9B
:10D210002C4F83B018688B46CDF804A0FFF71EFE94
:10D220003E684EB34FF000094FF001087468651E68
:10D2300022D4013406EB8404BBF1000F23D17368C0
:10D240002268013BAB420CBF7560C4F8009072B11C
:10D25000D6F8881108FA05F30B42D6F804A01CD1C1
:10D26000904773683A68534523D1B24221D1013DBA
:10D270006B1CA4F10404DFD1114B186803B0BDE8A6
:10D28000F04FFFF7F3BDD4F800315B45D7D0013D37
:10D290006A1CA4F10404F6D1EEE7D6F88C01D4F8A8
:10D2A0008010034209D10198904773683A6853454A
:10D2B000DBD0002AE0D01646B8E708469047D0E712
:10D2C000E00100203C6100202DE9F84306460820DB
:10D2D000894605F0ADF80546DFF89880304600F045
:10D2E000FFFBD8F808305F6827F00307A7F11104A7
:10D2F000A4EB09042C44B4FBF5F4013C05FB04F455
:10D30000A54208DC0021304605F080F8D8F8083046
:10D310003B44984205D0304600F0E8FB0020BDE8D1
:10D32000F8833046614205F071F801300FD0124A9F
:10D33000D8F808303F1B47F001075F60136830469C
:10D340001B1B136000F0D2FB0120BDE8F883002115
:10D35000304605F05BF8D8F80820831A0F2BDADD89
:10D3600043F001035360054B03491B68C01A086072
:10D37000D1E700BFF001002040610020E40100205F
:10D3800000297CD0F8B50C46064600F0A9FB54F8FD
:10D39000043C764FA4F1080523F001016818D7F882
:10D3A00008C04268844522F0030200F08380DB0756
:10D3B000426000EB020C33D454F8084CDCF8043023
:10D3C0002D1B2144AC6807F1080C644503F00103F0
:10D3D00064D0D5F80CE0C4F80CE0CEF80840002B7F
:10D3E00000F0818041F001036B600160B1F5007FC6
:10D3F00022D20122CB0849098A40796801330A43C5
:10D400007A6057F8331007EBC302083AC5E90212F5
:10D4100047F83350CD603046BDE8F84000F066BBB9
:10D42000DCF80430DB072BD541F00103B1F5007FB8
:10D4300044F8043C0160DCD3B1F5206F4FEA51237E
:10D4400053D28B0903F1390003F13802C300F818F5
:10D45000FB580838984203D161E09B68984204D099
:10D460005A6822F003028A42F7D8D868C5E9023028
:10D4700085603046DD60BDE8F84000F037BB70479E
:10D48000114407F1080C836863453FD0C268DA6035
:10D49000936041F001036B606950A7E7002B5FD1F7
:10D4A0000A44D0E90213CB60996042F001036B603B
:10D4B000AA50B0E70A44D90707D454F8083CED1A3B
:10D4C0001A44D5E90213CB60996042F001036B6006
:10D4D000274BBD601B6893429DD8264B3046196888
:10D4E000FFF7F2FE97E71144CDE7142B08D9542B30
:10D4F0001DD80B0B03F16F0003F16E02C300A6E70A
:10D5000003F15C0003F15B02C300A0E741F00103FB
:10D51000C7E90455C5E902CC6B6069507BE701217E
:10D52000921001FA02F279680A437A609EE7B3F535
:10D53000AA7F06D8CB0B03F1780003F17702C30072
:10D5400085E740F25452934206D88B0C03F17D00DC
:10D5500003F17C02C3007AE74FF47E737E2276E704
:10D5600041F001036B60016055E700BFF00100204E
:10D57000E8010020706100202DE9F04F01F10B055A
:10D58000162D064683B024D8102900F2AD8000F095
:10D59000A7FA102518234FF0020CB84F3B445C68E3
:10D5A000A3F10802944200F01D8130466368E268EE
:10D5B000A16823F00303CA60234491605A680834C9
:10D5C00042F001025A6000F091FA204603B0BDE833
:10D5D000F08F35F0070500F18780A94200F28480C2
:10D5E00000F07EFAB5F5FC7FC0F06F816B0A7FD04A
:10D5F000042B00F21E81AB0903F1390C03F1380E44
:10D600004FEACC009D4F384444680838A04207D107
:10D610000DE0002AE16880F2DF80884207D00C46E6
:10D62000636823F003035A1B0F2AF2DDF446DFF888
:10D6300050823C69444500F0BC80636823F00309D4
:10D64000A9EB05030F2B00F34581002BC7E90488E4
:10D6500080F22F81B9F5007FD7F804E080F0C9800F
:10D6600001234FEAD9014FEA5919194403FA09F382
:10D6700057F831204EEA030E07EBC103083BA260C6
:10D68000E360C7F804E047F83140D46001204FEA76
:10D69000AC039840704532D810EA0E0F07D12CF039
:10D6A000030C400010EA0E0F0CF1040CF9D007EB4C
:10D6B000CC0AD646E146DEF80C300BE059681C4631
:10D6C00021F003014A1B0F2ADB6800F3BF80002A08
:10D6D00080F2E2809E45F1D109F1010919F0030FB2
:10D6E0000EF1080EE7D11FE10C23336000246CE734
:10D6F0004FF400704FF0400C4FF03F0E82E7BC68D3
:10D70000636823F00309A94503D3A9EB05030F2B95
:10D7100052DC5C4B08201B6803F1100804EB090382
:10D72000009304F085FE584A83461368A8440133E9
:10D7300005D008F1FF388044434203EA0808414617
:10D74000304604F063FEB0F1FF3F82464E4A00F0DF
:10D75000DC8004EB0903834200F2D5804B4B0BF1D4
:10D76000FF31186840448446186040F0FB801AEA94
:10D77000010F40F0F780D7F808A0C84448F0010234
:10D78000CAF804205446424B1968814238BF1860D9
:10D79000404B1968814238BF186022F00308A84541
:10D7A000A8EB050301D30F2B06DC304600F09EF9F1
:10D7B0009CE7D7F804E069E7621943F0010345F0FC
:10D7C000010565603046BA600834536000F08EF998
:10D7D000204603B0BDE8F08FA2683046D1602344F4
:10D7E0008A60EBE6DC68A3427FF4DFAE0CF1020C4A
:10D7F0001DE7B9F5206F4FEA59227DD3142A00F2B4
:10D80000118102F15C03DB005B32F918FB58083927
:10D81000994203D1ECE09B68994204D05A6822F007
:10D8200003024A45F7D8D968C4E902318C60DC604C
:10D830002CE7142B6CD9542B00F2FD802B0B03F139
:10D840006F0C03F16E0E4FEACC00DBE6D4F808C093
:10D850003046661945F001056560CCF80C30C3F818
:10D8600008C042F00103C7E90466C6E90288736094
:10D87000625000F03BF90834A7E600BFF001002039
:10D88000F801002070610020E401002040610020C8
:10D890006C6100206861002021444A68304642F0F3
:10D8A00001024A6054F8082FD3609A6000F01EF914
:10D8B0008BE6A144D9F80430304643F00103C9F89F
:10D8C000043000F013F908347FE64FEAD50C05F177
:10D8D000080362E6621943F0010145F00105656045
:10D8E0003046C7E90422C2E90288516044F8093091
:10D8F00000F0FCF8083468E64FEA991202F13903A7
:10D90000DB00383281E7BC4224D0BC68626844E75F
:10D9100003F15C0C03F15B0E4FEACC0072E65AF89F
:10D920000839534540F0D8801CF0030F0CF1FF3C40
:10D93000F5D17B6823EA00037B60400098423FF604
:10D94000DEAE18B9DBE6400009F104091842FAD04E
:10D95000CC46ACE6614B0BF1FF31186808EB000CCC
:10D96000C3F800C01068013070D004EB0902AAEBC4
:10D97000020262441A601AF00702CDE9002340D087
:10D98000C2F108029244D04408EA01005A44121A33
:10D9900002EA010B5946304604F038FD421C019B57
:10D9A00071D0A0EB0A0000EB0B08186848F00102E8
:10D9B0005844BC42C7F808A01860CAF804203FF4D5
:10D9C000E1AEB9F10F0F44D94FF0050C6168A9F130
:10D9D0000C0222F0070201F00101114361600F2ADD
:10D9E00004EB0201C1E901CC55D8DAF80420C9E6FC
:10D9F0000120921000FA02F24EEA020EC7F804E08B
:10DA000012E70AEB08020A40ABEB020202EA010B42
:10DA10005946304604F0FAFC431C019BC1D1DDF8A5
:10DA200000B0C2E7542A18D84FEA193202F16F0346
:10DA3000DB006E32E9E6B3F5AA7F18D8EB0B03F1F1
:10DA4000780C03F1770E4FEACC00DBE5C2F800A0BA
:10DA500091E70123CAF80430A7E6B2F5AA7F25D8DA
:10DA60004FEAD93202F17803DB007732CDE640F29B
:10DA70005452934225D8AB0C03F17D0C03F17C0E7C
:10DA80004FEACC00BEE5009A4FF0000B083A9044F4
:10DA9000A8EB0A0889E7304604F108010093FFF774
:10DAA0006FFC009BD7F808A018689EE740F254531B
:10DAB0009A420DD84FEA994202F17D03DB007C3295
:10DAC000A3E64FF47E704FF07F0C4FF07E0E99E589
:10DAD0004FF47E737E2298E67B682EE7406100203B
:10DAE0000148FFF7BBB900BF9C5F00200148FFF76A
:10DAF000BDB900BF9C5F00202DE9F04FADF53B7D27
:10DB000002AFC7E91202B1F90C203B6396048A46C2
:10DB10004B6E05D442F4005223F400538A814B66C5
:10DB20009D04C3F3403401F1E180A146082221465F
:10DB300007F15800FEF784FFBC62BC63FC617C63A4
:10DB40003C64774BD3F8E44004F020FC07F1580222
:10DB500000920346FA6CB86C07F15401A047002804
:10DB600061DBFB6C06460344FB647B6D002B00F01D
:10DB70004B81012867D0252B6ED00028E1D0FB6CAB
:10DB800001389E1BDAF8043034181A46002A06F1D0
:10DB9000FF3517DDDAF800306A781878691C904292
:10DBA00003F1010340F03081DAF804208C4202F1E5
:10DBB000FF32CAF80030CAF8042000F03081002A91
:10DBC0000D46E7DC5146B86C08F0B0FD0028E1D006
:10DBD0003B6C23B1BAF80C305A0640F11581BB6B8F
:10DBE000002B01F08380BB6BDE8818687EB10024B7
:10DBF0008146A046051F55F8043F0134186805F01A
:10DC000041FD2B68B442C3F80080F4D148464FF080
:10DC1000FF333B6408B105F035FD386C07F5397703
:10DC2000BD46BDE8F08F4FF6FD730822002107F1D5
:10DC300058007B65FEF704FFFB6C0133FB647B6DD2
:10DC4000002B00F0E180374AD25C100700F1C78555
:10DC50000126252B304692D100242546F96C0A78FE
:10DC6000A2F1250301F10108552B00F2CD80DFE878
:10DC700013F0AB07CB00CB00CB00CB009A07CB0057
:10DC8000CB00CB00CB00CB00D206D206D206D20608
:10DC9000D206D206D206D206D206D206CB00CB00DE
:10DCA000CB00CB00CB00CB00CB00DD06CB00350595
:10DCB000E700DD06DD06DD06CB00CB00CB00CB00A8
:10DCC000E000CB00CB004605CB00CB00CB008005AD
:10DCD000CB00CB00CB00CB002007CB00CB008307D1
:10DCE000CB00CB00CB00CB00CB00DD06CB00370553
:10DCF000E900DD06DD06DD065707A207E000CB00E0
:10DD00008E076307710748055407CB00CB008205D7
:10DD1000DB004C07CB00CB002007CB00DB0000BFB3
:10DD2000E00600204D0E020004F01003012D38BF64
:10DD300001251A467B6414F0010301F00182002AD8
:10DD400041F049823B6B240653F804BB3B6301F16D
:10DD50006D82D846D7F844B05B46DC46C7F83CB085
:10DD600000269B46644604F011FBB0423FF430AFFE
:10DD7000DAE9003213F8011B013ACAF8042007F56A
:10DD8000BC729155FA69CAF80030032A06F1010302
:10DD900007F1700602D13268042A06D00822002159
:10DDA0003046FB62FEF74CFEFB6A009607F5BC723C
:10DDB0004146B86CFB6208F081FA0246F861501CDB
:10DDC0003FF406AFFB6A002A41F06A8299447B6CFB
:10DDD000013D002B41F07282C8F80030FB6B002B34
:10DDE00001F0AE82A8EB0406BBEBA60F01F2A882FD
:10DDF00020464FEACB0106F0DBFB0446002841F049
:10DE000099824FF0FF333B64BB6B002B3FF405AFAF
:10DE1000BB6B18683B6C01337FF4FCAEE3E6023564
:10DE20004D44A5EB06098CE62307EDD14A7841461F
:10DE300016E72207E8D14A7844F0020441460FE78A
:10DE400044F001040A234FF0030B7B63724BBB6267
:10DE5000DAF80430002B00F35F845146B86C08F008
:10DE600065FC00287FF4B4AEC7F84C80600641F131
:10DE70005C810BF1FF33032B3FF656AFDFE813F065
:10DE8000A602E7013D010400B86C04F091FA44F4E5
:10DE9000F0637B64036800263B626B1EB3F5B27FC0
:10DEA00007F5BC7B34BF4FF0000CA5F5B27C5C4697
:10DEB00028BF4FF4B275C7E90466FE63FE62BE6117
:10DEC000C7F80CC0C7F824B0DAF800100A78A2F13D
:10DED0002B034E2B50D8DFE813F0BB034F00BB03DE
:10DEE0004F004F00A100A500A500A500A500A500BA
:10DEF000A500A500A500A5004F004F004F004F0052
:10DF00004F004F004F00B0033F033F033F03DD03CB
:10DF1000D4034F004F00C3034F004F004F004F008A
:10DF200096034F0075034F004F004F0070034F00E2
:10DF30004F004F005903AB034F004F004F004F00FD
:10DF40004F004F004F00B0033F033F033F03DD038B
:10DF5000D4034F004F00C3034F004F004F004F004A
:10DF600096034F0075034F004F004F0070034F00A2
:10DF70004F004F005903AB037B6C9B0570D5D7F85E
:10DF800020B09BF8003093426AD1C7E901544FF0AA
:10DF900000085546B24606E0296091F800E09BF87B
:10DFA000000086451CD11BF8010F44464E46013146
:10DFB00008F1010809F10109002800F07E8668686F
:10DFC000013800286860E7DC2946B86C08F0AEFB31
:10DFD00030B929689BF8000091F800E08645E2D04E
:10DFE000224633465646BC68AA46D7E9085BA84491
:10DFF000C7E90864914644469846BE6C14F8011D72
:10E000005246304608F054FBA542F7D1D7E90864E0
:10E01000A8EB090926E000BF7D5B01007B6CD905F8
:10E0200000F15185FB6B9B191AD11E467B6CFE6378
:10E0300023F4C0737B64013D04F8012BDAF804304B
:10E0400009F10109013B002BCAF8043040F3BC83FD
:10E05000DAF800300133CAF80030002D7FF434AF15
:10E06000D7F824B0FB6A002B40F03383FB6B013BF5
:10E07000012B41F22780731E062B40F247867B6CF2
:10E08000D80540F1AA84590500F1468714F8011C0F
:10E09000651E652909F1FF360AD0452908D0524688
:10E0A000B86C08F005FB14F8021CA9F10206A51EC5
:10E0B0005246B86C08F0FCFA7B6C13F0100340F089
:10E0C0004A86B1462B707B69002B40F055870022B1
:10E0D0005946B86C07F0E4FB7A6C3B6BD2070546F7
:10E0E0000E4603F1040440F12B861B68C3E9005679
:10E0F0003C633B6C01333B6423E507F5BC7B4FF08D
:10E1000000085E466B1EB3F5B27F34BF0021A5F553
:10E11000B271CB4628BF4FF4B275D146C246B04665
:10E120007A6B44F45864F963D9F8000090F800C0A1
:10E13000ACF12B034D2B62D8DFE813F0BC02610079
:10E14000BC026100610021031C021C021C021C02B3
:10E150001C021C021C02C202C202610061006100BA
:10E1600061006100610061004E004E004E004E00F3
:10E170004E004E00610061006100610061006100BD
:10E180006100610061006100610061006100610087
:10E19000610061006100B002610061006100610026
:10E1A00061006100610061004E004E004E004E00B3
:10E1B0004E004E006100610061006100610061007D
:10E1C0006100610061006100610061006100610047
:10E1D000610061006100B0020A2A10DD24F4386495
:10E1E00006F801CBD9F80430013B002BC9F8043004
:10E1F00040F3E0820130C9F80000013D94D143466C
:10E20000E005D0467A63CA46D9469B4605D59E426C
:10E2100000F272845E453FF4F7AD14F0100211D1A4
:10E2200059467B6BBD6AB86C3270A8473B6BA10640
:10E2300003F1040540F158841B6818603B6C3D6392
:10E2400001333B64A6EB0B064644B14479E4002D50
:10E2500008BF4FF0FF35E60704F0100340F1DD8200
:10E26000002B40F0B5843A6B200652F8041B796409
:10E270003A6340F18F86FB6300293FF4C5AD8020EF
:10E2800005F0F8F9FB6B024600283FF4BAAD796C53
:10E290000860B96BCC888E88B44280F0908508689D
:10E2A00096464FF0200C796C40F82410B96B01347D
:10E2B000CC80DAF80010B24E097816F8018018F018
:10E2C00008086BD13E622E461546C7F824E0C7F811
:10E2D0002CC0FB6304F05AF840453FF479ACDAE90E
:10E2E000003213F8011B013ACAE90032FB6907F555
:10E2F000BC7B032B0BF8081007F1700408F1010830
:10E3000002D12368042B04D0082200212046FEF706
:10E3100097FB00945A4643462946B86C07F0CEFF57
:10E32000421CF8613FF454AC002800F0AC85FB6956
:10E3300002331FD0286808F08DF8002840F09F862F
:10E34000FB69C144032B02D12368042B00D0013E9A
:10E35000FB6B002B40F01A867B6C0435002B00F021
:10E3600015867B6AEC1AFB6AB3EBA40F40F2B98600
:10E37000D7F83C80DAF80430002B40F35586DAF801
:10E3800000303A6A1B78D35C1B0701D4002EA1D160
:10E390002A46D7F824E0D7F82CC0FB6B002B7FF47B
:10E3A000D0AB13607B6C002B3FF4A3AEA2EB0E024C
:10E3B000931001339C457FF69CAE7C6C111D206848
:10E3C00006F0F6F8002840F0C58092E6002D08BF60
:10E3D0004FF0FF3504F01003E607FB6240F1928234
:10E3E000002B40F032843A6B200652F8043B7B62EB
:10E3F0003A6340F1D585002B3FF406AD802005F04F
:10E4000039F9786400283FF4FCAC7B6A7A6C1A60B6
:10E41000BB6BDC889E88B44280F0EB8418687B6A12
:10E4200040F82430BB6B0134DC807B6CBB61202363
:10E430003B620024A046FE6907F5BC7BC7F83C9010
:10E4400003F0A4FF40453FF4C3ABDAE9003213F810
:10E45000011B013A032E0BF80810CAF80420CAF871
:10E46000003008F1010807F1600903D1D9F8003044
:10E47000042B04D0082200214846FEF7E1FACDF82B
:10E4800000907C6C434621465A46B86C07F016FF54
:10E49000411C06463FF49CAB002840F0DF8320601F
:10E4A00004460822002107F16800FEF7C9FADFF8E8
:10E4B000D4C0224607F170042146B86CDCF8E0C0F5
:10E4C00007F16803E047012814BF002497F8704063
:10E4D00007F178031B5D002B00F06E85FB6B032EAC
:10E4E0004344FB6300F0C383013DFB6A5BB97B6C73
:10E4F0007A6A04337B6432B1BA699C1A3B6AB3EB23
:10E50000A40F40F2CA83DAF804304FF00008002B61
:10E5100040F3BF82002D93D1D7F83C90FE61FB6A97
:10E52000002B7FF40EAB7A6C13607B6A002B3FF4F8
:10E53000E0AD1346BA69991A8B103A6A01339A42D0
:10E540007FF6D7AD7C6A0431206806F031F80028E8
:10E550003FF4CFAD2060CCE5796C08057FF580AD48
:10E56000FB6B9B197FF47CAD1E4621F4C0737B646A
:10E57000FE6360E5044B24F4386433F912202FE67F
:10E580004D0E0200E0060020E4120200796C01F456
:10E590001863B3F5807F7FF463ADFB6A012B7FF4D2
:10E5A0005FAD21F4807343F400637B64302304F88F
:10E5B000013B0023013DFB623DE5062E7FF450AD9B
:10E5C000072638E57B6C19057FF54AAD796C01F4B7
:10E5D000A063B3F5806F05D048057FF541ADFB6AB8
:10E5E000002B49D07B6C990504D4FB6AB9695B1A8E
:10E5F000C7E904437B6C23F4786343F4C0737B6402
:10E600000023FB6217E5FB6B002B40F01F82FB6AC7
:10E6100033B97B6C03F4E063B3F5E06F00F0218560
:10E62000012E02D0042E7FF41BAD0136F6B202E5B6
:10E63000072E7FF415AD0826FDE47B6C1B0500F169
:10E64000FF81FB6B012B7FF40BAD0223FB63F2E434
:10E650007B6C19067FF504AD23F080037B64EAE44C
:10E66000002E40F0FB81FB6A8BBB7B6C03F4E06304
:10E67000B3F5E06F00F0EE840023D7F824B0FB621E
:10E68000F4E47B6C180500F1D581022E7FF4E8AC30
:10E690000326D0E4796C0B0598D561E704F4C063D8
:10E6A000B3F5007F7FF4ABAD24F40074102244F482
:10E6B000A06495E523067FF5A2AD24F080048FE5E4
:10E6C0008D4B33F91220082A3FF788AD97E5D7F82C
:10E6D00024B07B6C23F480737B64C7E444F00104B2
:10E6E0004FF0000BC7F84C8044F04004DAF80430D7
:10E6F000002B3FF7BBABD7F84C80FFF7AEBB44F025
:10E70000010408237B637D4B4FF0030BBB62DAF8F7
:10E710000430002B7FF7A1ABDAF80020784E137895
:10E72000F35C190740F16884334656469A4605E083
:10E73000326013781AF803301B0715D5736809F196
:10E740000109013B002B736002F10102F0DC31464C
:10E75000B86C07F0EBFF002840F0C58232681378F0
:10E760001AF803301B07E9D4B246C7F84C80FFF70C
:10E7700080BB44F001044FF0020BFFF769BB230597
:10E780007FF52EAD12B9082244F40074610500F142
:10E79000A781FB6B24F4607413B1013BFB6301356B
:10E7A000D9F804300AF1010A013B002BC9F8043002
:10E7B0003FF720AD4946B86C7A6407F0B7FF7A6C32
:10E7C00000283FF41AAD1AE55146B86C07F0AEFFC9
:10E7D00000287FF445AC002D7FF476AB40E4DAF8F6
:10E7E0000420BC6C0FE0DAF8003045491A78013398
:10E7F0008A5C11077FF5A5A9DAF8042009F101095F
:10E80000013ACAE90032002AEDDC5146204607F001
:10E810008DFF0028E7D0FFF794B9002B40F03F832D
:10E820003B6B53F804BB3B6314F0800300F08A8316
:10E83000BBF1000F3FF4E8AA202004F01BFF0446C0
:10E8400000283FF4CCA9BB6BCBF80000DE88B3F8FE
:10E850000480464580F082821868BB6B40F826B081
:10E860000136DE802023DAF80000254E0278B25C03
:10E87000110700F18D823246A0461E464B46914656
:10E88000DAF80420013ACAF80420421CCAF8002031
:10E89000027804F8012BA4EB0802BBF1000F02D0B0
:10E8A000B24280F05883013D0BD0DAF80420002AF0
:10E8B00040F39883DAF80000027819F80220120772
:10E8C000DED599463346A4EB080189440131002284
:10E8D0002270BBF1000F3FF40CAC8B427FF609AC09
:10E8E000DBF8000005F064FE00283FF402ACCBF832
:10E8F0000000FFF7FEBB00BFE4120200ED5C010068
:10E900004D0E0200FB6A002B40F06B813B6B14F054
:10E91000800453F804BB3B6300F04A83BBF1000F53
:10E920003FF472AA202004F0A5FE064600283FF41A
:10E9300056A9BB6BCBF80000DC889A88944280F023
:10E9400029821868BB6B40F824B00134DC80202396
:10E95000DAF8001007F178080A7818F80220002A7F
:10E960003FF452AAC7F844903446D946C346984665
:10E970003046DAF804604B1C013ECAE900360978DB
:10E9800000F8011B061BB9F1000F01D046456DD2FE
:10E990000646013D0BD0DAF80410002940F36D81E2
:10E9A000DAF8001008781BF800000028E0D1341BCA
:10E9B000CB464346D7F844903FF426AA0022327053
:10E9C000BBF1000F03D0611C8B4200F219833B6C3A
:10E9D000A14401333B64FFF7B4B87A6C12F0100322
:10E9E0007FF4AFA8237002F4C063B3F5806F7FF4A7
:10E9F0006AABBB69FA6A93423FF469AB9A1A07F2B1
:10EA0000D2239C4228BF07F2D1242046BC4902F001
:10EA1000E3FEFFF75CBB14F08F0F7FF4F5A905EB65
:10EA2000850502EB4505303DFFF700BA4FF0040BBA
:10EA3000FFF70EBAFB6B9B197FF427AEFFF7F5BA11
:10EA4000FB6B9B197FF4FDADFFF7EFBAFB6B022B5D
:10EA50007FF4E6AD0323FB63FFF7EDBA032E3FF42B
:10EA6000E4AD052E3FF4E1ADFFF7FABA4FEA4808EE
:10EA70002046414605F09CFD044600283FF4AFA81F
:10EA80000644C9F8000084E7DAF80430002B3FF7A9
:10EA9000D7AC5146B86C07F049FE00283FF43AADB8
:10EAA0004446D7F83C90FE61002C3FF438ADFFF7A8
:10EAB0008FB844F4007410237B63924B4FF0030B28
:10EAC000BB62FFF7C5B923F080037B64FB6A0133A7
:10EAD000FB62FB68002B40F05681013DFFF7AEBAA8
:10EAE00024F4B064FFF77CBB220740F1A4813B6BA8
:10EAF0001B681870FFF7A2BB16F8011C5246B86CD1
:10EB0000013E07F0D5FDFFF785BB0A237B637D4BF4
:10EB10004FF0030BBB62FFF79BB944F40874CAE7DC
:10EB200023077FF471A94A78682A00F0788141466A
:10EB300044F00404FFF794B814F08F037FF464A941
:10EB4000BA6B002A00F001824A7844F08004414602
:10EB5000FFF786B8E1060BD43A6B52F8043B3A63F0
:10EB6000220700F19981660740F15482A3F80090D2
:10EB7000C7F84C80FEF7E5BF414607F1780002F088
:10EB8000BFFD4FF0010B44F04004F864AEE52207EE
:10EB90007FF43AA94A786C2A00F04781414644F054
:10EBA0000104FFF75DB825437FF42EA94A781024AD
:10EBB0004146FFF755B800237B63534B4FF0030BDF
:10EBC000C7F84C80BB6291E5C7F84C80FEF7D5BF13
:10EBD0004FF0000C07F15402E646C7F844C0FFF7B7
:10EBE00068BBDAF8003007F178081A7818F80220C4
:10EBF000002A3FF409A90133CAF80030DAF80430DA
:10EC0000012D03F1FF33CAF804301BD0BC6C11E0B6
:10EC1000DAF800301A78013318F8022092B1CAF8F5
:10EC20000030DAF804300BF1010B013B5D45CAF806
:10EC3000043007D0002BEBDC5146204607F076FD70
:10EC40000028E5D0D944FEF77CBF002207F1540329
:10EC50003A627B64BA617A62FFF7EBBB821C3FF4D5
:10EC600013AF7B6C1C68631C7FF41BAC30E4D9F8D9
:10EC70000030042B7FF438AC37E45146B86C07F011
:10EC800055FD00283FF48CAEA642CB464346D7F84C
:10EC900044903EF49DAF341B90E61046D90005F039
:10ECA00087FCB86100283FF4ACA83B6A02197A647B
:10ECB0007A6A5B0010603B6225E4BC687B6C20468E
:10ECC00023F420734246396ABE617B645646AA46E5
:10ECD0007D6802F057FEBB6904469946FB6A013D18
:10ECE000BB61FFF7ABB9B246FEF772BF4FF0FF331F
:10ECF0003B64386C07F53977BD46BDE8F08F00BF3F
:10ED0000540F0200ED5C01007D5B0100022E40F219
:10ED1000FA81032E3FF4B3A9043EF6B2F543D7F8C7
:10ED20004880254414F8011D5246404607F0C0FCB7
:10ED3000AC42F7D109F1FF39A9EB0609FFF79FB9FA
:10ED40003B6BD3F800807B6C9B0740F18E80C8E959
:10ED50000056FFF7CDB9B146FEF7F3BE4FF6F67396
:10ED600098453EF640AFBB6B08F1080818684FEABB
:10ED7000880105F01DFC00283EF435AFBB6BA3F8FD
:10ED80000480186069E5FB68013BFB60FFF756B93A
:10ED900001219CE54FF6F6739A423EF624AFBB6B19
:10EDA00002F1080818684FEA880105F001FC002804
:10EDB0003EF419AFBB6BA3F804801860C2E54FF6B0
:10EDC000F6718E42FB62F8633FF61BA8D7F83880D5
:10EDD0000836D8F80000B10005F0EAFB00283FF43F
:10EDE00010A8FB6AFA6BA8F80460C8F80000FFF7E7
:10EDF00057BA4FF6F6739E423FF603A8D7F838800D
:10EE00000836D8F80000B10005F0D2FB00283EF427
:10EE1000F8AFA8F80460C8F80000FFF700BB8A78D4
:10EE200044F008040231FEF71BBF8A7844F0020464
:10EE30000231FEF715BF630769D414F0010240F0F8
:10EE40000681A40740F10381BA4BB96AB86C9942B4
:10EE500059467B6B00F0658107F02AF90B463A6B47
:10EE60001168C1E90003FFF7E9B902460B460DF04E
:10EE700043FB00285FD1284631460DF09BFBC8F8C4
:10EE80000000FFF735B9286007F0E4FA002840F0E9
:10EE9000F680C144FFF75BBA83F8009068E6DAF8C1
:10EEA0000030A54E1A78B25C14073EF54AAE013325
:10EEB000CAF80030DAF80430012D03F1FF33CAF844
:10EEC000043008BF09F101093EF43BAE0124D7F834
:10EED000488011E0DAF800301A780133B25C10078C
:10EEE00012D4CAF80030DAF804300134013BA542EC
:10EEF000CAF8043000F0C080002BEBDC51464046DD
:10EF000007F014FC0028E5D0A144FEF71ABE3B6BC5
:10EF10001B681880FFF792B95C455E467EF674AFB9
:10EF2000BD6C14F8011D5246284607F0C1FBB442DF
:10EF3000F7D1FEF769BF814803F032FBC8F8000043
:10EF4000FFF7D6B85C469B468DE482B0CDE902332C
:10EF500002ABBB63F8E5760040463146FB637A645A
:10EF600005F026FB804600283EF439AE7A6CFB6B38
:10EF7000CBF80000841896E43C690A230022B86CA0
:10EF8000611C06F0FBFD7B69C21A38E54FF00008F2
:10EF9000FFF7F0B97A6C9C469E467B64FFF789B90F
:10EFA0007B6A7B64FB6A3B62BB617B62FFF741BAB1
:10EFB0005E462346A346CBE4D7F83C90FE61B8F109
:10EFC000000F3FF4ACAA4546BE6C0BEB0804013DB4
:10EFD0005246304614F8011D07F06AFB002DF6D1A9
:10EFE000FFF79DBA5146B86C7B6407F09FFB7B6CC2
:10EFF00000283FF45FAC64E4C7F84C80FEF739BFEB
:10F00000DBF8000005F0D4FA00283FF4E0ACCBF8C0
:10F010000000DCE4E5072CD4A4072AD54FEAE97206
:10F02000C3F800905A60A3E55146B86C07F07EFB28
:10F0300000283FF4A4A92A46D7F824E0D7F82CC02A
:10F04000FB6BB8F1000F7EF4C3ADFFF7A7B93B6BC4
:10F05000FFF7F2B87B6C012623F4F0637B64FEF7C4
:10F06000EABF7B6C23F4F0637B640123FB63FEF750
:10F07000E2BFC3F800907BE5A944FEF762BD2A46D3
:10F08000D7F824E0D7F82CC0FB6BB8F1000F3FF4A1
:10F0900085A90BEB08044546F3469046BE6CC7F8BD
:10F0A0003CC0FB62013D5246304614F8011D07F09A
:10F0B000FFFA002DF6D14246DE46D7F83CC0FB6A87
:10F0C000FFF76CB95C455E467EF69EAEBD6C14F8EB
:10F0D000011D5246284607F0EBFAB442F7D1FEF77D
:10F0E00093BE786AD90005F063FA786200283EF48E
:10F0F00088AEFB6A7A6C5B00D7F83C80051910601B
:10F10000FB62FFF737B95C457EF67EAE5D4614F8CC
:10F11000011D5246B86C07F0CBFAAC42F7D1FEF7AE
:10F1200073BE07F0ADF80B4699E6D7F84C80FFF7B1
:10F13000F3BA00BFED5C01004D0E02002412020084
:10F140007A6C002A4DD13B6B53F8046B3B6323066A
:10F150005ED5002E3EF458AE284604F08BFA804669
:10F1600000283EF43CADBB6B3060B3F806B09C8821
:10F17000A345C0F093804FF6F6739C423EF633AD44
:10F18000BB6B08341868A10005F012FA00283EF4A1
:10F190002AADBB6B9C801860BA6B0BF10103D38066
:10F1A00040F82B60CDF800A041462B460122B86CF8
:10F1B00007F0D8FA0446002800F09A80A842BFF46D
:10F1C00006AC0146306805F0F3F900283FF4FFABC8
:10F1D0003060FFF7FCBB00239C469B469846FEF739
:10F1E000BDBD1C46DAE900239D4202EB03014BDD65
:10F1F000CAF80010B86C51461C44ED1A07F096FA94
:10F200000028EFD0002C3EF4E3ACA144FEF799BCFB
:10F21000CDF800A02B4631460122B86C07F0A2FAC7
:10F22000044600287FF4D3ABFEF7D2BCBBF1000F3D
:10F230003EF4EAAD802004F01DFA804600283EF43A
:10F24000E0ADBB6BCBF80000DE889C88A64219D3EA
:10F250004FF6F6739C423EF6D4ADBB6B083418688B
:10F26000A10005F0A5F900283EF4CBADBB6B9C8056
:10F270001860BB6B40F826B00136DE80C446202300
:10F28000FEF76CBD1868F4E75B1B2A442C44CAF8EF
:10F290000430CAF80020A144FEF753BC18687BE78D
:10F2A000FA69911C2FD0032A994402D13368042BA8
:10F2B00000D0013D7B6C002B3EF490ADDAF80430B9
:10F2C0000026002B25DD002D7EF44DAD5B46D7F8E2
:10F2D0003CB0A446BBF1000F04D0A8EB0C01B3EB8B
:10F2E000A10F30D87B6C002B7EF42BACFEF701BF56
:10F2F0003B6C002B3EF477ACBAF80C305B067EF525
:10F3000087ADFEF770BCDAF804201E46002A3EF7EF
:10F310002AAD5146B86C07F009FA0028D3D05B46F5
:10F32000A446D7F83CB0002E7EF452ACBBF1000FDF
:10F33000D3D1D7E7FB6B00EB060818604FEA4B0B05
:10F3400008F10408BAE7DBF8000005F031F90028FD
:10F35000C8D0CBF80000C5E72DE9F04FDDB09146ED
:10F3600009911C4683460F9303F022F80368184660
:10F370001993FDF7D1FE0822189000212CA8FDF763
:10F380005FFBBBF1000F04D0DBF83430002B01F041
:10F390003E80099A536EB2F90C20D90702D4970522
:10F3A00040F16E86960406D4099942F4005223F483
:10F3B00000538A814B669D0401F1F883099AB2F9E2
:10F3C0000C30190740F1C7801269002A00F0C38091
:10F3D00003F01A020A2A00F0CD80002300249E4682
:10F3E000CDE93133002333AACDE91634DA46144689
:10F3F0004D46CDE91BEE3092CDF868E0CDF880E0C7
:10F40000CDF874E0CDF82CE0CDF848E02F468B4BDA
:10F41000D3F8E46002F0BAFF0DF1B00C03463A46AF
:10F42000504628A9CDF800C0B047002800F0C180A0
:10F43000C0F2B780289B252B01D00744E7E7B7EB44
:10F440000508064640F0B98000224FF0FF3393468E
:10F450000A937B787E1C8DF897200C929946013692
:10F46000A9F120035A2B00F2EB80DFE813F022030E
:10F47000E900E9001E03E900E900E9000003E900F2
:10F48000E9006A004D03E90061023003E9002C0342
:10F490005B005B005B005B005B005B005B005B0094
:10F4A0005B00E900E900E900E900E900E900E900A2
:10F4B0006101E900F101B602610161016101E90048
:10F4C000E900E900E900B202E900E9006502E900AB
:10F4D000E900E9000A02E9009602E900E900BE0637
:10F4E000E900E900E900E900E900E900E900E900D4
:10F4F0006101E900F1013B02610161016101A802C2
:10F500003B02ED01E900CD02E900F102DF06DF0276
:10F51000ED01E9000A027200E206E900E900E606F0
:10F52000E90072000022A9F1300316F8019B02EBFA
:10F53000820203EB4202A9F13003092BF5D90C92A8
:10F540008EE70F9B53F8042B002A0C920F93C0F206
:10F55000EC81337882E7099D58462946FDF70EFA7B
:10F56000002841F08684B5F90C3003F01A020A2A0B
:10F570007FF433AF0999B1F90E20002AFFF62DAFC1
:10F580004A6ED50702D4980541F1E58023464A46E4
:10F590005846099901F0F0FC0B900B985DB0BDE85E
:10F5A000F08F082200212CA8FDF74AFA0120074419
:10F5B0002DE7B7EB0508064610D0329BC4E900588A
:10F5C00043443293319B0133072B319310DC0834D1
:10F5D0000B9B43440B93002E7FF436AF329B002BE2
:10F5E00041F0A2800022099B3192B3F90C3019E05E
:10F5F0005046099930AA01F0FFFC80B933ACE7E727
:10F600005046099930AA01F0F7FC002800F08580E7
:10F61000D3460E9B1BB158460E99FDF7B1FE099BD0
:10F62000B3F90C30099A526ED10740F103815B06A1
:10F6300001F1C6820B985DB0BDE8F08FE0060020B6
:10F640001096B9F1000FC9D0012300228DF80C915A
:10F65000069343AD8DF897200D93CDE913220E92BA
:10F660000A9211921BF0020302D006990231069110
:10F670001BF08408329E05D10C9906980F1A002FB2
:10F6800000F39B806AB101226260319A0136013237
:10F690000DF19701072A32963192216000F3C5835C
:10F6A000083463B102236360319B0236013326AA1A
:10F6B000072B32963193226000F3AC830834B8F103
:10F6C000800F00F0BD820A9B0D9A9F1A002F00F355
:10F6D000F8821BF4807F40F01C820D9B25601E4445
:10F6E0006360319B32960133072B319300F33083F3
:10F6F00008341BF0040F05D00C9B069A9D1A002DB0
:10F7000000F3A083DDE90B3206998A42ACBF9B1857
:10F710005B180B93002E7FF473AF002331930E9B85
:10F720001BB150460E99FDF72BFE33AC109D6DE6D4
:10F730000F9B1096073323F00703F3E802670F933C
:10F7400027F000431F931E964FF0FF32DDE91E01A4
:10F75000B24BCDE916670CF0CFFE002840F0EF84E5
:10F76000DDE91E014FF0FF32AC4B0CF0A7FE002884
:10F7700040F0E58400220023304639460CF094FE28
:10F78000002841F019819DF8972000210320A44D05
:10F79000A44B2BF0800B0E910690B9F1470FD8BF08
:10F7A0001D46CDE913110A910D901191002A3FF4E5
:10F7B00059AF069B0133069354E7102F319A41F35A
:10F7C000F181DFF864C221463046099C2E46CDF80F
:10F7D00054C06546219304E0103F102F01F1080149
:10F7E00016DD102301321030072ACDE931200D60DB
:10F7F0004B60F1DD2146504630AA01F0FDFB0028A8
:10F800007FF406AFDDE93120103F102F33A9E8DC8B
:10F8100035460C460646219B013215993E44072A7F
:10F82000CDE931262160676000F3E1859DF89720DE
:10F83000083427E79A053FF5FAAE099CA06DFDF75D
:10F8400015FBB4F90C30F2E633784BF0200B05E6EB
:10F850000F9BB9F1430F109603F1040600F02485C5
:10F860001BF0100F40F020850F9B43AD1B688DF8F7
:10F870000C31012306930D9300220F968DF89720EB
:10F88000EBE600230F9F109657F8045B8DF8973036
:10F89000002D00F0ED84B9F1530F00F0CE851BF080
:10F8A0001003119340F0C9850A9B002BC0F22987F1
:10F8B0001A462846119902F027FE0E90002801F002
:10F8C00082820E9B11995B1B0D9323EAE3734FF029
:10F8D0007309CDE913119DF897200F970A910693AC
:10F8E0000E9163E71BF0200F10967CD00F9B07331F
:10F8F00023F007031846596850F8083B0A460F9052
:10F900000029C0F202840A990029C0F2748253EAE5
:10F9100002012BF0800740F06F820A9A002A40F023
:10F920007082BB460D925CAD61E10C9B5B420C9317
:10F9300033784BF0040B91E510964BF0100B1BF055
:10F94000200200F08E830F9B073323F00703194634
:10F950005A6851F8083B0F9100212BF48067002072
:10F960000A9D8DF89700002DC0F22A8153EA02000B
:10F9700027F0800B40F02381002D40F04D850029B9
:10F9800040F0C68417F001030D9300F0AC833023E0
:10F990000DF26F158DF86F3129E110964BF01007BD
:10F9A00017F0200200F04F830F9B0121073323F053
:10F9B000070318465A6850F8083B0F90CFE7337892
:10F9C000682B03BF73784BF4007B01364BF0400B80
:10F9D00044E533784BF0080B40E54BF0100B1BF07F
:10F9E000200F109682D10F9A1BF0100F52F8043B93
:10F9F0000F9240F085831BF0400F00F07D8343F3AE
:10FA0000C03211461BB27BE733786C2B03BF73788F
:10FA10004BF0200B01364BF0100B1FE5FFFFEF7F83
:10FA2000600F02005C0F02001813020047F630035B
:10FA30000F9AA948ADF8983052F8043B02210F9272
:10FA40004FF07809002210964BF002071A9086E7D3
:10FA50001BF0200F109600F061830F9B0B9A1B6820
:10FA60001A60D2175A600F9B04330F935EE650461C
:10FA700002F09EFC436818461D93FDF74DFB209055
:10FA80000746504602F094FC83681B93002F3FF416
:10FA900060AD1B9A3378002A3FF4E0AC1278002A5C
:10FAA0003FF4DCAC4BF4806BD8E433784BF0010BC3
:10FAB000D4E49DF897203378002A7FF4CFAC20223D
:10FAC0008DF89720CAE433784BF0800BC6E43146BA
:10FAD00011F8019BB9F12A0F01F01682A9F1300348
:10FAE000092B98BF002201F2708011F8019B02EBF4
:10FAF000820203EB4202A9F13003092BF5D942EA55
:10FB0000E2730E460A93ABE42B238DF897303378DB
:10FB1000A4E4B9F1650F40F32681DDE91601002266
:10FB200000230CF0B7FC002800F0C78101236360BC
:10FB3000319B6A4A01330136072B3296319322609A
:10FB400000F36F840834279B129A934280F2A182BB
:10FB5000189B199A1E44C4E90023319B3296013345
:10FB6000072B319300F379830834129B5D1E002D1F
:10FB70007FF7BFAD102D319B40F3DE80DFF8609141
:10FB80001027DDF82480CDF8549004E00834103DAF
:10FB9000102D40F3D38001331036072BC4E90097B2
:10FBA000CDE93136F2DD4146504630AA01F024FA63
:10FBB00000287FF42DADDDE9313633ACE7E75F4651
:10FBC000012900F0198102295CAD1ED11A9803F0B9
:10FBD0000F01415C1B0943EA0273120905F8011D7C
:10FBE00053EA0201F3D1BB465CAB5B1B0D930A9A4F
:10FBF0000D9900238A42B8BF0A46CDE91333069215
:10FC00000E939DF897201193D0E503F00701DB08D0
:10FC100043EA4273D208303153EA0206284605F817
:10FC2000011DF2D1FE07DED53029DCD030230238A9
:10FC300005F8013C5CAB1B1ABB4605460D93D6E7A5
:10FC40000C9B069A9F1A002F7FF73DAD102F319B1A
:10FC500041F37A802248224631464FF0100806468A
:10FC6000099C159004E0103F102F02F1080215DDE9
:10FC700001331031072BC2E90068CDE93131F2DDE3
:10FC80002146504630AA01F0B7F900287FF4C0ACF5
:10FC9000DDE93131103F102F33AAE9DC14460E465E
:10FCA0000133159A3E44072BCDE931362260676057
:10FCB00000F3C7820A9B0D9A08349F1A002F7FF722
:10FCC00008AD074A102F319B159229DD32464FF0BF
:10FCD00010082E46099D0AE06C0F02009C0F0200DE
:10FCE00008130200103F102F04F1080416DD013341
:10FCF000B7491032072BC4E90018CDE93132F1DDE4
:10FD00002946504630AA01F077F900287FF480ACEC
:10FD1000DDE93132103F102F33ACE8DC35461646B2
:10FD20000133159A3E44072BCDE9313622606760D6
:10FD300000F37D810834CCE4A54A1592159A01336D
:10FD40002E44072B22606560CDE931367FF7D0ACB9
:10FD50005046099930AA01F04FF900287FF458ACB9
:10FD6000329E33ACC5E4129B319F012B06F1010694
:10FD700007F1010704F1080940F310810123072F5F
:10FD8000CDE931762560636000F3C682189B0137A8
:10FD9000199A1E44072FC9E90023CDE9317600F3F3
:10FDA000C88209F10809129B0022DDE916015C1ED8
:10FDB00000230CF06FFB002840F00E810137013565
:10FDC0002644072FCDE93176C9F80050C9F8044020
:10FDD00000F3F08009F108091C9B01371E44C9F8A3
:10FDE0000430072F2AABCDE93176C9F80030AFDCFB
:10FDF00009F108047DE45F460A2B72F1000180F0EE
:10FE0000A58230338DF86F310123BB460D930DF27F
:10FE10006F15ECE65046099930AA01F0EDF800287C
:10FE20007FF4F6AB329E33AC49E45046099930AAD0
:10FE3000159301F0E1F800287FF4EAAB329E159BA0
:10FE400033AC2EE4102D319B40F31587DFF884810D
:10FE50001027DDF82490CDF8548004E0103D102DDB
:10FE600004F1080415DD01331036072BC4E90087BF
:10FE7000CDE93136F2DD4946504630AA01F0BCF8F2
:10FE800000287FF4C5ABDDE93136103D102D33ACD1
:10FE9000E9DC0133159A2E44072BC4E90025CDE98E
:10FEA00031367FF72FAC5046099930AA01F0A4F8FB
:10FEB00000287FF4ADAB329E24E42799002940F35B
:10FEC000ED80DDE911839845A8BF9846B8F1000F91
:10FED0000ADD319B46440133072BC4E900583296B2
:10FEE000319300F344860834119FB8F1000FA8BF86
:10FEF000A7EB0807002F00F30183DDF844901BF403
:10FF0000806FA94440F05D85279B129A9342C0F20E
:10FF1000E3811BF0010F40F0DF81129AAF18A7EBCD
:10FF20000907D51AAF42A8BF2F46002F0BDD319B22
:10FF30003E440133072BC4F800906760329631933A
:10FF400000F348860834002FA8BFED1B002D7FF773
:10FF5000D0AB102D319B7FF7EFAEDFF874901027F8
:10FF6000DDF82480CDF8549004E00834103D102DC5
:10FF70007FF7E4AE01331036072BC4E90097CDE9D3
:10FF80003136F2DD4146504630AA01F035F80028FE
:10FF90007FF43EABDDE9313633ACE7E71BF0010F10
:10FFA0007FF4ECAE0123072FCDE931762560636045
:10FFB0007FF712AF5046099930AA01F01DF80028CA
:10FFC0007FF426ABDDE931760DF1CC0904E700BF03
:10FFD0000813020018130200129B012B7FF7FCAEDE
:10FFE000112B40F37387AB4BCDF828B010259B46FF
:10FFF000DDF82480159305E009F10809103C102C68
:020000021000EC
:1000000040F3C18201371036072FC9E900B5CDE9A9
:100010003176F1DD4146504630AA00F0EDFF002870
:100020007FF4F6AADDE931760DF1CC09E6E750461A
:10003000099930AA00F0E0FF00287FF4E9AA329E77
:1000400033ACFFF746BB0F9951F8043B0F9117F003
:1000500010014FD117F0400047D00A469BB2012152
:100060007DE40F9951F8043B0F911BF010017FF4D0
:1000700073AC1BF0400000F095820A469BB26BE423
:10008000099DA86DFCF7EAFEB5F90C206B6EFFF731
:1000900089B91BF0010F3FF42CAB59E501236360D4
:1000A000319B7D4A01330136072B32963193226012
:1000B00000F32E850834002940F04682129A0BF096
:1000C000010313433FF415AB189B199A1E44C4E96E
:1000D0000023319B32960133072B319300F32E839B
:1000E00004F1080241E25CAD81E517F400721CBF27
:1000F0000246DBB2012132E41BF4007F40F0EB82C8
:10010000DA1711460029BFF6FEAB5B425F464FF09F
:100110002D004FF0010162EB420221E41BF0100FB1
:1001200040F0E6811BF0400F40F0CF821BF4007FCF
:1001300000F0DE810F9B0B9A1B681A7093E4DDE9D7
:10014000160102460B460CF0D7F9002840F0258630
:10015000B9F1610F00F01785B9F1410F00F0C182CC
:100160000A9B013300F0118629F02003472B00F091
:10017000E1850E90DDE91612002A13464BF48078D3
:10018000C0F2D38400231593DDE91623CDE92223A1
:10019000A9F14103252B00F21782DFE813F02103B8
:1001A000150215021502E102AE0315021502150231
:1001B0001502150215021502150215021502150287
:1001C0001502150215021502150215021502150277
:1001D000150215021502150215021502150221035A
:1001E000150215021502E102AE032C4B10961A936C
:1001F0001BF020027ED00F9B073323F00703194624
:100200005A6851F8083B0F911BF0010F09D053EACF
:10021000020106D030218DF899904BF0020B8DF839
:10022000981002212BF48067FFF799BB1096FFF717
:1002300086BB5F461096FFF7B3BB194B10961A9317
:10024000D6E75046099930AA00F0D6FE00287FF480
:10025000DFA9329E33ACFFF736BA5046099930AA6F
:1002600000F0CAFE00287FF4D3A9329E33AC7CE4B0
:100270000A9B2946062B28BF06232A460A950E9577
:10028000CDE91311074D06930F970D931191FFF7C9
:100290008DBA00BF081302009C0F0200800F0200FD
:1002A0006C0F0200940F0200082200212EA8FCF718
:1002B000C7FB0F9A43AD2EAB29465046126806F095
:1002C00057F8034601330D9000F004860D9B23EA96
:1002D000E3730693FFF7D0BA189A19991644C4E944
:1002E0000012319A32960132072A319200F34D847E
:1002F000083412E60F9951F8043B0F911BF01001DE
:1003000082D11BF0400000F054810A469BB27BE78B
:100310000A9B5CAD0D936AE45046099930AA00F03F
:100320006BFE00287FF474A9DDE931760DF1CC096C
:100330002CE55046099930AA00F05EFE00287FF4B3
:1003400067A9DDE931760DF1CC092CE5CDE90D97F2
:1003500007F480664FF0000EDFF864B21B9F0DF5C6
:10036000B87C069406E00A2B72F1000237D34346AC
:100370002246AC46991841F10001ABFB010424F080
:10038000030000EB94004FF0CC34091A581A04FB18
:1003900000F462F10009A0FB0B800BFB094404444C
:1003A000052008F00109A9FB000940184FEA580888
:1003B000303048EAC4780EF1010E0CF1FF350CF82C
:1003C000010C6408002ECED039788E45CBD1BEF119
:1003D000FF0FC8D00A2B72F1000280F0D2821B9767
:1003E000069CCDF848E0DDE90D97FFF7FCBB5046D1
:1003F000099930AA159300F0FFFD00287FF408A9A1
:100400009DF89720329E159B33ACFFF73BB95846B9
:10041000FCF73CF8FEF7BDBF01295F467FF4D3AB84
:10042000EFE45046099930AA00F0E6FD00287FF479
:10043000EFA8329E33ACFFF786BB0DF1B808082257
:10044000002140462995FCF7FBFA0A9B002BC0F2DD
:10045000898200260694CDF83490344699460FE000
:100460004346504643A905F083FF431C06F10406AA
:10047000204400F07984484506DC00F0E48404461A
:10048000299B9A59002AEBD1DDF834900D94069CF3
:100490000D9B002B00F05183632B40F3FB835046F0
:1004A000591CFDF769F80546002800F046850E90B6
:1004B000082200214046FCF7C3FA0D9E2946334628
:1004C0005046CDF8008029AA05F0A4FF864240F0EE
:1004D0002D8500230D9ACDE9133322EAE271AB5446
:1004E0009DF897200F9706910A931193FFF75EB935
:1004F0000F9B0B9A1B681A60FFF7B5BA102F319B40
:1005000040F30D852F4932464FF010090E46DDF8B5
:100510002480159104E00834103F102F40F33E82F0
:1005200001331032072BC4E90069CDE93132F2DD25
:100530004146504630AA00F05FFD00287FF468A8CD
:10054000DDE9313233ACE7E7189B199A1E44C4E960
:100550000023319B32960133072B319300F3EE8059
:1005600004F108020029C0F29983129901330E4464
:10057000072BCDE93136156051603FF7E9AB02F149
:100580000804FFF7B6B8DDF828B00137159B2644FC
:10059000072FCDE93176C9F80030C9F804407FF75C
:1005A00019AC07E51BF400721CBF0246DBB2FFF773
:1005B000D3B91BF400721CBF0246DBB224E600BFB5
:1005C000CDCCCCCC081302000A9B504601930223E9
:1005D00000932EAB049329AB039327AB0293DDE981
:1005E000222302F0B5F81BF0010F054640F03F83CF
:1005F0002E9B1B1A1293279B1193119BDA1C03DB72
:100600000A9A9A4280F28E81119BA9F10209013B5C
:10061000002127935FFA89F2002B8DF8A820B6BF3E
:100620002D222B22119B8DF8A920B8BFC3F1010305
:10063000092B40F36D830DF1BF073A46DFF8D0C2B6
:100640001E461046ACFB0321C90801EB8102A3EB57
:1006500042023032632E00F8012C0B4600F1FF32CB
:10066000EEDC303302F8013C831EBB4280F03A845A
:100670000DF1A90213F8011BBB4202F8011FF9D1C9
:100680005CAB181AA0F1AD031C93129B1C9A012BB2
:100690001A440D9240F374830D9B189A13440D93E2
:1006A0002BF4806343F4807B00230D9A149322EA99
:1006B000E272069213931193159B002B40F0218157
:1006C0009DF897200A93FFF771B80F9B0B9A1B6850
:1006D0001A80FFF7C8B943F3C01211465BB2FFF7A7
:1006E0000FB958238DF8993030238DF898300A9B34
:1006F0004BF0020B632B00F30083002343AD0E93FA
:1007000038E52846FCF708FD119B20EAE0714FF020
:100710007309CDE913339DF897200F970D900A9335
:1007200006910E93FFF742B85046099930AA00F09F
:1007300063FC00283EF456AFFEF771BF504609999E
:1007400030AA00F059FC00287EF462AFDDE93136B2
:10075000279933AA06E7886DFCF788FBFEF716BFDA
:1007600002230A9A0132069200932EAB069E04934E
:1007700029AB039327AB019602935046DDE9222370
:1007800001F0E6FF29F02007462F054618BF452750
:10079000064405D12B78302B00F02B82279B1E447A
:1007A0000022DDE9220100230BF074FE002840F056
:1007B0005A822E9BB34206D230215A1C2E921970B7
:1007C0002E9B9E42F9D8279A11925B1B472F1293BA
:1007D0003FF413AF462F00F01A82119B013B17E73D
:1007E00027AADDE9220101F0DFFE00224FF07F534E
:1007F0000BF0E8FB02460B46CDE90623002200235E
:100800000BF048FE08B1012327930A9B414A591E69
:10081000414B2E46B9F1610F08BF1A460D94CDF831
:100820004490CDF848B01395D346DDE90645894696
:1008300092460A9207E0002200230BF02BFE0028CC
:1008400040F0EE82B9460022344B204629460BF098
:10085000B9FB0D4604460BF065FE80460BF048FBE5
:1008600002460B46204629460BF0F4F91AF80830E8
:10087000B9F1FF3F324604460D4609F1FF3706F84D
:10088000013BD8D11746264B0022CDE90645DA4672
:10089000DDE912B5DDF844900D9C0BF023FE002835
:1008A00000F024830A992E9716F8012CC97B334651
:1008B0008A4209D1302003F8010C2E9B5A1E2E9239
:1008C00013F8012C8A42F6D0392A0BBF0A9A01325A
:1008D000927AD2B203F8012C33465B1B1293279B0A
:1008E000B9F1610F119303F1FF33279300F0BA823E
:1008F00050224FF0410901218EE60A9B0693032303
:1009000032E72D2200238DF897200A93FEF751BF7E
:10091000CDCCCCCC800F02006C0F02000000304028
:100920000000E03FDDE91123934200F3A8811BF0B2
:10093000010F119B00F05482189A13440D931BF47D
:10094000806F00F05982119B4FF06709002B00F374
:1009500072810D9B23EAE37306930023C346CDE91E
:100960001333A9E6002350461946CDF8008029AA82
:1009700005F050FD034601330D9000F0F5812995F7
:1009800086E5209B1D99ED1A1A46284600F0C4FF03
:100990007B7803B101374FF0000EE8E416460133CF
:1009A000159A3E44072BCDE931362260676000F38B
:1009B000CF810834FFF7A1BA2D228DF89720FEF7DA
:1009C000E4BE129B2246EB180A93139B4C46002B65
:1009D0003146DDF85080CDF844B0DDF86C90209EB3
:1009E000DDF824B014952EDDB8F1000F7DDD08F19F
:1009F000FF3831981D9B013031440728C2E9003689
:100A00003291319066DC08320A9B99F800001F1B76
:100A10008742A8BF0746002F0BDD319839440130CB
:100A20000728C2E900473291319064DC99F8000050
:100A30000832002FB4BF0546C51B002D15DC044449
:100A4000139B002BD0DCB8F1000FD0DCCDF86C90FC
:100A5000A146149D129B1446EB1899450E4628BFDB
:100A60009946DDF844B0FFF74FBA102D3198AF4BDF
:100A700023DD0D9410272C461D4604E0103C102C5D
:100A800002F1080216DD0130A84B10310728C2E937
:100A90000037CDE93101F1DD5946504630AA00F06A
:100AA000ABFA00287EF4B4ADDDE93101103C102C26
:100AB00033AAE8DC2B4625460D9C01302944072843
:100AC000CDE931011360556043DC99F8000008322C
:100AD0000444B5E75946504630AA00F08DFA002884
:100AE0007EF496AD329933AA8EE7139B09F1FF3954
:100AF000013B13937DE75946504630AA00F07CFA3B
:100B000000287EF485AD99F80000329933AA90E769
:100B10005046099930AA00F06FFA00287EF478ADAB
:100B20002799329E33ACFFF7C6BA22912D2103F1EB
:100B3000004315912393FFF72BBB0D9B9DF8972046
:100B4000CDE913330F9706930A9311930E93FEF793
:100B50002DBE5946504630AA00F04EFA00287EF4C9
:100B600057AD99F80000329933AA044468E750461B
:100B7000099930AA00F040FA00287EF449AD329E6F
:100B800033ACFFF7B1B97823ACE55046099930AAE8
:100B900000F032FA00287EF43BAD279B329E33AC46
:100BA000FFF7BBB962491591FEF736BEDC0707D4E3
:100BB000099B9B89980503D4099B986DFCF756F90E
:100BC0004FF0FF330B93FEF735BD00230E460A931B
:100BD000FEF746BC5046099930AA00F00DFA0028ED
:100BE0007EF416AD279D129B329E33AC5D1BFFF742
:100BF000AAB90022DDE9220100230BF04BFC0028FA
:100C000000F03281279B1E441193731B129311999C
:100C10000A9A0BF00103002943EA020340F34381DF
:100C2000002B40F017814FF06609119B0D931BF4C8
:100C3000806F3FF48EAE1B990B78FF2B00F0728112
:100C40000026119A304604E001300131FF2B00F0FC
:100C5000D680934280F2D380D21A4B78002BF3D106
:100C60000B780136F2E7279A33461192ADE50A9BDD
:100C70004727C61894E52E4A1592FFF70AB9129B2A
:100C8000189A9A18119B0D92002B40F3AB804FF0ED
:100C90006709CCE7002343AD0E9309E44F421031BE
:100CA0001DDADFF888801024CDF8548003E0083284
:100CB000103F102F15DD01331036072BC2E90084D9
:100CC000CDE93136F3DD5046099930AA00F094F9A8
:100CD00000287EF49DACDDE9313633AAE8E71349FC
:100CE0001591013315993E44072BCDE9313611603A
:100CF000576000F3CB80083237E45046591CFCF7AC
:100D00003BFC0546002800F0E5800E90FFF732BA64
:100D100000293FD130228DF8AA200DF1AB023033EB
:100D200002F8013B2AABD31A1C93AEE4081302006D
:100D3000181302000A9B002B7FF41BAA0A9B0E9338
:100D400001230A93FFF716BA804A1592FEF7A8BF4F
:100D50005046099930AA00F04FF900287EF458ACAB
:100D6000329E33ACFFF7C9B80022D346099B0E92DE
:100D7000B3F90C3043F04003099A9381FEF749BC64
:100D80001BF0010F3FF48CAC86E406230E900A930F
:100D9000FFF7F0B90DF1AA02C1E7179B0320002B62
:100DA000B8BF2D224FF00003A8BF9DF89720194629
:100DB0000E93674D674BB8BF8DF897202BF0800BD3
:100DC0000690FEF7EABC0A9B4FF07309CDE91300C9
:100DD0009DF897200F9706930D930A90FEF7E6BCB7
:100DE0000D93ACE5C3F101031A4422EAE2734FF01C
:100DF00067090D920693B0E54FF06709A9E5CDE9C3
:100E000013061B911192DDE91323209913440D9AC7
:100E1000C34601FB03230D9323EAE37306934BE4DC
:100E200049460029DA46DDE912B50D9CDDF844900B
:100E3000FFF652AD4B1C30223146334401F8012BF2
:100E40008B42FBD149E50A9BDDF83490069C0D935B
:100E5000FFF71EBB1346189A4FF0660913440B4464
:100E60000D93E4E6702246E5069BC3F10103279348
:100E700095E4099A536EDF073FF5A2AE93899E056C
:100E80003FF59EAE906DFBF7F1FF99E6504609994C
:100E900030AA00F0B1F800287EF4BAABDDE93136B3
:100EA00033AAFFF762BB2BB901234FF06609069303
:100EB0000D9352E5189B4FF0660903F1010B0A9B55
:100EC0005B440D9323EAE373069346E51F4B1593AA
:100ED000FFF75BBB099AB2F90C3043F040039381F2
:100EE000FEF7A0BB02231C93FFF7CFBB0022DDE976
:100EF0000601194B0BF0CEFA00283FF4EDAC18F0C8
:100F0000010F3FF4E9ACCDE40F9A73780E4652F826
:100F1000041B0F9241EAE1720A92FEF79FBA0B4A54
:100F200015923CE50023CDE913336CE7099BD346CA
:100F3000B3F90C3043F040031EE7099BD346B3F9E5
:100F40000C300E9043F0400316E700BF0813020078
:100F5000680F0200640F02000000E03F8C4600B5FD
:100F600086461346034A714610685DF804EB6246F4
:100F7000FEF7F2B99C000020F0B54FF48064002623
:100F8000ADF26C4D1AADCDE905461F4606460095FB
:100F9000049515468B8916A823F00203ADF80C3092
:100FA0004B6E02941993CB890C46ADF80E30CB6989
:100FB00007934B6A0993FBF749FF2A463B4669466C
:100FC0003046FEF7C9F9051E07DB6946304600F0DA
:100FD0001FF9002818BF4FF0FF35BDF80C305B0635
:100FE00003D5A38943F04003A3811698FBF732FF92
:100FF00028460DF26C4DF0BD936810B514461BB930
:1010000018460023636010BD00F066F90023A3605A
:101010000023636010BD00BF70B500293FD00646B5
:101020000C4610B1436B002B3CD0636EB4F90C201E
:10103000DD0732D4900538D52146304600F054F80B
:10104000E36A054633B13046E16998470028B8BFE6
:101050004FF0FF35A3891A0639D4216B41B104F151
:101060004003994202D03046FCF78AF900232363FB
:10107000616C21B13046FCF783F900236364FBF710
:1010800023FA0022636EA281DB071CD5A06DFBF75B
:10109000E1FEFBF71FFA284670BD002ACCD10025DF
:1010A000284670BDFBF7F2F9BFE7A06DFBF7D6FE4F
:1010B000B4F90C30002BBFD1636ED907EFD4A06D0B
:1010C000FBF7D4FEEBE7A06DFBF7D0FEDEE7304682
:1010D0002169FCF755F9C0E7024B01461868FFF794
:1010E0009BBF00BF9C000020B1F90C20F8B516078B
:1010F0000C46074648D4496842F400630029A3819E
:101100005FDDA56A002D3DD0002112F480523E68BB
:101110003960E16961D101233846A847451C024680
:101120006AD0B4F90C30A56AE169580705D563683F
:10113000D21A236B0BB1E36BD21A00233846A847AF
:10114000411C4CD13968B4F90C301D293FD82F4AC5
:10115000CA40D2073BD5002262602269DD042260CA
:1011600023F40062A28101D5002943D0216B3E60A7
:1011700041B104F14003994202D03846FCF700F92E
:10118000002323630020F8BD0E69002EFAD09207D9
:1011900018BF00230D6808BF4B690E60AD1B8B6044
:1011A0000CE02B463246D4F824C03846E169E047CB
:1011B000B0F1000CA5EB0C05664406DD002DF0DC5B
:1011C000E0E7E16B00299CDCDCE7B4F90C3043F08C
:1011D00040034FF0FF30A381F8BD226DA5E7002248
:1011E000B4F90C3062602269226023F40062DB04EF
:1011F000A281BBD52065B9E73B68002B91D01D2BA0
:1012000001D0162BE1D13E60BCE700BF01004020B9
:1012100038B505460C4608B1436B03B3B4F90C006E
:1012200088B1636EDB0701D481050FD528462146BE
:10123000FFF75AFF636E0546DA0702D4A3899B05C0
:1012400008D5284638BD0546284638BDA06DFBF7B1
:1012500005FEEBE7A06DFBF709FE284638BDFBF75E
:1012600015F9DBE750B338B5174B04461D680DB1CF
:101270006B6BBBB1B4F90C0088B1636EDB0701D4B2
:10128000810513D528462146FFF72EFF636E0546DC
:10129000DA0702D4A3899B050CD5284638BD05463C
:1012A000284638BD2846FBF7F1F8E3E7A06DFBF7C9
:1012B000D5FDE7E7A06DFBF7D9FDEEE7034A04494A
:1012C0000448FBF731B900BF9C00002090000020CB
:1012D00011120100A00000209368002B00F0F080A4
:1012E0002DE9F04FB1F90CC090461CF0080F814673
:1012F0000C4683B02BD00B694BB31CF00207D8F817
:10130000006032D04FF0000A5546D4F824B0E169AD
:10131000AB4FC5B1BD422B46524628BF3B4648465F
:10132000D847002840F3C280D8F8083082441B1AFE
:101330002D1AC8F80830002B00F0AE80D4F824B085
:10134000E169002DE6D1D6E900A50836E1E721469E
:101350004846FBF713FB002840F0AD80B4F90CC001
:10136000D8F800601CF00207CCD11CF0010A63D150
:1013700057462368A16818468B46002F58D01CF4A6
:10138000007F00F0B180B9420A4600F2DD801CF413
:10139000906F2FD0216962695D1A02EB420202EB65
:1013A000D2726B1C52103B44934292BF93469B46B1
:1013B0001A461CF4806F00F0E68011464846FCF7A0
:1013C000DBF8002800F0F5802A4621690190FBF740
:1013D0002DFEA289019B22F4906242F08002A2813C
:1013E0005819C4F814B0ABEB05053A46BB46236167
:1013F000A56020603D4600275146019200F00EFA9C
:10140000A1682368019AA1EB0B011A44A160226034
:10141000D8F80830AA445B1BC8F80830002B3BD032
:101420002368A16818468B46B4F90CC0002FA6D1DA
:10143000D6E900A708369EE73846BB463D46002D54
:1014400040D0002845D03A46D4E904C32068AA42D7
:1014500028BF2A466045A16804D901EB030A52451A
:1014600000F38280934272DC5A464846E169D4F820
:1014700024C0E047B0F1000A18DDB7EB0A070FD02F
:101480000120D8F80830D344A3EB0A03A5EB0A05E2
:10149000C8F80830002BD2D1002003B0BDE8F08F8F
:1014A00021464846FFF7B4FE0028EAD0B4F90C30D4
:1014B00043F04003A3814FF0FF3003B0BDE8F08F4D
:1014C00000207047756833460836002DFAD0D3F8EF
:1014D00000B02A460A21584601F016F8002865D0C7
:1014E0000130A0EB0B07AEE722699A4214D365697D
:1014F000BD4211D86FF00043BB4228BF3B4693FB6F
:10150000F5F3524605FB03F34846656AE169A847CF
:10151000051ECBDD7F1B7BE7B94228BF39460D4650
:10152000184651462A4600F079F9A1682368491BFC
:101530002B44A16023600029ECD121464846FFF7E7
:1015400067FE0028E6D0B1E7BB463A4652E7594667
:10155000019200F063F9019AA36892469B1AA36076
:1015600023681344236088E75946524600F056F931
:1015700023682146534448462360FFF749FE00286C
:101580003FF47BAF92E7484603F01CF8034600287F
:101590007FF426AF48462169FBF7F2FE0C22B4F92E
:1015A0000C30C9F8002023F0800381E76A1C17463D
:1015B0004AE70C22B4F90C30C9F8002078E700BFE4
:1015C00000FCFF7F2DE9F041B1F90C300C46990782
:1015D00096B008D5012204F14303C4E90432236024
:1015E00016B0BDE8F081B4F90E100646002926DBDE
:1015F0006A4600F0E5FE00281FDB019D4FF480687D
:1016000005F47045A5F50055B5FA85F54FF400676A
:101610006D0941463046FBF7AFFFE8B1B4F90C3035
:10162000C4F8148043F0800320602061A3813DBB97
:101630003B43A38116B0BDE8F081B4F90C3013F040
:10164000800519D04FF040080025414630462F460E
:10165000FBF792FF0028E1D1B4F90C309A05BFD412
:10166000012123F0030304F1430243F00203C4E920
:101670000421A3812260B3E74FF480682F46C8E7B6
:101680003046B4F90E1000F0AFFE10B9B4F90C30CA
:10169000CEE7A38923F0030343F001031BB2C7E79E
:1016A00070B50C46B1F90E10154600291E4696B0CD
:1016B00014DB6A4600F084FE00280FDB01994FF42A
:1016C000806301F47041A1F50051B1FA81F14FF44A
:1016D0000060490931602B6016B070BDA18911F01E
:1016E000800106D000214023084631602B6016B0EF
:1016F00070BD4FF48063084631602B6016B070BD3A
:1017000070B50D7804465E2D25D04FF0000EF446DE
:10171000481C002223466EF307026EF30F226EF37D
:10172000174204F580716EF31F6243F8042B8B425D
:10173000FBD175B18CF00101615500F1010E1EF86D
:10174000013C2D2B0FD05D2B0BD01BB11D467046DD
:10175000F2E7013870BD4FF0010E4D78F446881C59
:10176000D7E7704670BD90F801C0BCF15D0FEDD0B9
:101770006545EBDC6E1C0230A21902F8011B131B3D
:10178000013B9C45F9DCACEB0503013B6545A8BF7B
:1017900000230EF1020EF518D1E700BF0CB470B5AE
:1017A0000C4600256FF000469CB00A4A20AB05921B
:1017B00053F8042B02A9CDE901341B950496079632
:1017C000069406F0FBFA029B1D701CB0BDE8704049
:1017D00002B070470802FFFF0EB470B504466FF008
:1017E000004600259DB00B4A21AB0B49106853F809
:1017F000042B059102A9CDE90134049607961B95A7
:10180000069406F0DBFA029B1D701DB0BDE8704027
:1018100003B070479C0000200802FFFF88420ED9E9
:101820008B1883420BD900EB020C002A6DD0624664
:1018300013F801CD994202F801CDF9D170470F2A72
:101840000FD8034602F1FF3C002A5ED00CF1010CD8
:10185000013B8C4411F8012B614503F8012FF9D1AC
:10186000704740EA01039B0750D1A2F1100370B505
:1018700001F1200C23F00F0501F1100E00F110040E
:10188000AC441B095EF8105C0EF1100E44F8105CBD
:101890005EF81C5C103444F81C5C5EF8185C44F87C
:1018A000185C5EF8145CE64544F8145CEAD1013338
:1018B00012F00C0F01EB031102F00F0400EB031305
:1018C00028D08E46043C24F003064FEA940C1E44B4
:1018D0001C1F5EF8045B44F8045FB442F9D10CF1BC
:1018E000010402F0030203EB840301EB840102F123
:1018F000FF3C4AB10CF1010C013B8C4411F8012B67
:10190000614503F8012FF9D170BD7047034602F11C
:10191000FF3C9BE72246EAE740EA01039B0710B53C
:1019200024D1032A22D98E468446DEF8004071462F
:10193000A4F1013323EA040313F0803F0EF1040EF7
:1019400015D1043A032A4CF8044BEED8714601F144
:10195000FF3E52B163461EF8011F541E03F8011BDF
:1019600041B122469C46002AF4D110BD844601F1C3
:10197000FF3EEEE79444002CF7D003F8011B6345CB
:10198000FBD110BD40EA01039B0710B4044602D10D
:10199000032A8C4615D801F1FF3C52B123461CF8AE
:1019A000011F501E03F8011BC1B102461C46002A4C
:1019B000F4D1204610BC7047043A032A44F8040BC3
:1019C00016D9DCF800006146A0F1013323EA0003D8
:1019D00013F0803F0CF1040CEED0DCE760B1A018EE
:1019E00003F8011B8342FBD1002CE2D110BC7047ED
:1019F000614601F1FF3CD0E71846002CD9D1F5E74C
:101A0000F8B5114D1149124800F020FD2C4605F1A2
:101A1000A006A5F1200721463846FBF729FA203415
:101A200018B9B442F7D10A48F8BD0A4F084C3946F4
:101A3000204608F07DF829462046203508F078F841
:101A4000B542F4D10248F8BD20070020000700206D
:101A5000F8050020A00F02002DE9F04F00EB411720
:101A600005460E468FB0394610461446FBF700FA7D
:101A700018B938460FB0BDE8F08F2046A749FBF7EC
:101A8000F7F9002800F0B2802046A549FBF7F0F9ED
:101A900070B32378432B00F0AE80613B192B16D82E
:101AA0006378613B192B12D8A378A3F16102192A3C
:101AB00096BFE37804F1020904F103095F2B08D013
:101AC0002E2B00F0BF8213F0BF0F00F0AD80002777
:101AD000CFE799F80130413B192BF8D899F802303B
:101AE000413B192BF3D899F8033009F10309E7E7D3
:101AF0000DF1180840468B4900F0A8FC4FF0000992
:101B0000CA46CDF804909DF81830413B342BDED8FE
:101B100001A252F823F000BF131F0100CF1A0100E9
:101B2000B51E0100CF1A0100791E0100CF1A010075
:101B3000451E0100CF1A01002B1F0100251E0100C8
:101B4000691D0100CF1A0100CF1A0100CF1A010050
:101B5000CF1A0100051D0100CF1A0100CF1A0100A4
:101B6000BB1C01005B1C0100DB1C0100CF1A010043
:101B7000CF1A0100CF1A0100CF1A0100CF1A0100BD
:101B8000CF1A0100CF1A0100CF1A0100CF1A0100AD
:101B9000CF1A0100CF1A0100131F0100CF1A010054
:101BA000B51E0100CF1A0100791E0100CF1A0100F5
:101BB000451E0100CF1A01002B1F0100251E010048
:101BC000691D0100CF1A0100CF1A0100CF1A0100D0
:101BD000CF1A0100051D0100CF1A0100CF1A010024
:101BE000BB1C01005B1C0100DB1C010020464C49B2
:101BF00000F02CFC48E763782D3B012B3FF667AFE4
:101C000004F102090DF118084946404600F01EFC97
:101C100040214046FAF764FF08B1002303704046B4
:101C2000FBF77AFA814405E00DF1180840463E4979
:101C300000F00CFC99F80030402B7FF45FAF09F105
:101C4000010B58463949FBF713F98246002840F04A
:101C5000FC8101238146019355E703224046344924
:101C600007F0AAFF00287FF432AF9DF81B303149FE
:101C70002D2B14BF0DF11B0007A8FBF7F9F8002866
:101C80007FF425AF40462C4900F0E0FB4FF0010BFC
:101C90002A4B2B4A022E00F0A881062E04D1414681
:101CA00005F5A57000F0D2FB2146384600F0CEFBCA
:101CB000074638460FB0BDE8F08F4046214907F08F
:101CC00015FF00287FF403AF40461E4900F0BEFB1D
:101CD0004FF0020B1C4B1D4ADCE740461C4907F045
:101CE00005FF30B140461B4907F000FF00287FF494
:101CF000EEAE4046164900F0A9FB4FF0060B164B1E
:101D0000164AC7E74046164907F0F0FE00287FF460
:101D1000DEAE4046134900F099FBB7E7A40F02007E
:101D2000AC0F0200B00F0200B80F0200C40F020097
:101D300074100200781002007C100200A936010025
:101D40003D5D010008100200A9380100F95D0100A5
:101D5000E40F0200EC0F0200D5360100595D0100CE
:101D6000641002006C10020004224046C84907F0CB
:101D700023FF00287FF4ABAE9DF81C302D2B08BF4D
:101D80009DF81D30523B232B3FF6A1AE01A252F825
:101D900023F000BFE11F0100CF1A0100D71F01008F
:101DA000CD1F0100CF1A0100CF1A0100CF1A010088
:101DB000CF1A0100CF1A0100CF1A0100CF1A01007B
:101DC000CF1A0100CF1A0100CF1A0100CF1A01006B
:101DD000CF1A0100CF1A0100CF1A0100CF1A01005B
:101DE000CF1A0100CF1A0100CF1A0100CF1A01004B
:101DF000CF1A0100CF1A0100CF1A0100CF1A01003B
:101E0000CF1A0100CF1A0100CF1A0100CF1A01002A
:101E1000CF1A0100E11F0100CF1A0100D71F0100F6
:101E2000CD1F010040469B4907F060FE00287FF46B
:101E30004EAE4046974900F009FB4FF0080B964B19
:101E4000964A27E708224046954907F0B5FE002844
:101E50007FF43DAE9DF8203092492D2B14BF08A889
:101E60000DF1210007F042FE00287FF430AE40461D
:101E70008D4900F0EBFA09E7032240468B4907F051
:101E80009BFE00287FF423AE9DF81B3088492D2B44
:101E900014BF0DF11B0007A807F028FE00287FF4EF
:101EA00016AE4046834900F0D1FA4FF0030B824B47
:101EB000824AEFE69DF8193003F0DF03502B7FF4E0
:101EC00006AE02227E494046FFF726FD0A2205A9FA
:101ED0000DF11A0003F062FE059B1B78002B7FF4C6
:101EE000F6ADB0F5697F3FF4F3AE00F3B88040F291
:101EF0006A3398423FF7EBAD40F25133984240F3DA
:101F0000F780704BA0F25230C340DB073FF5BEAE06
:101F1000DDE540466C4907F0E9FD00287FF4D7ADC8
:101F20004046694900F092FAB0E60322404667490C
:101F300007F042FE00287FF4CAAD9DF81B30042252
:101F40002D2B14BF0DF11B0B0DF11C0B58466049D6
:101F500007F032FE00287FF4BAAD9BF804300A2265
:101F60002D2B14BF0BF104000BF1050005A903F0A4
:101F700015FE431E0F2B83463FF6A9AD0C283FF4F8
:101F8000A6AD059B1B78002B7FF4A1AD51494046BF
:101F900000F05CFABBF10A0FC4BF31238DF8213089
:101FA0004FF000034C49CCBF0DF122020DF121028C
:101FB000537081FB0B314FEAEB73C3EBA10303EBCF
:101FC0008303ABEB4303303313705FE64046434972
:101FD00000F03CFA5AE64046414900F037FA55E62F
:101FE0004046404900F032FA50E6414605F595700A
:101FF000CDE9022300F02AFA029A039B41462846C3
:10200000C5F8E020C5F8E43085F828B1FAF70EF9F4
:10201000B9F1000F0CD1BAF1000F09D1BBF1010FDA
:1020200006D09DF81890B9F1550918BF4FF0010975
:10203000019B13B9C5F8E89036E64FF0FF33C5F8B9
:10204000E83031E609F10109DCE558462649FAF79E
:102050000FFF814670B94FF0010A019053E540F23D
:10206000654398423FF412AEA0F2E24008287FF6A2
:102070000DAE2CE558461D49FAF7FAFE4FF0000A5E
:10208000B0FA80F9CDF804A04FEA59193BE500BF3A
:102090002C100200F40F0200F9390100BD5E0100AE
:1020A0004C100200581002005C100200F80F0200F1
:1020B000FC0F020000100200393901004D5E0100E2
:1020C00028100200A5110101B00F0200101002003B
:1020D000141002001C100200676666663C100200C5
:1020E0004410020034100200D00F0200DC0F020086
:1020F00040F2E12398423FF4C9AD09DC40F2B51348
:1021000098423FF4C3ADB0F5347F7FF4E0ACBDE559
:1021100040F2073398427FF4DAACB7E538B50D46A4
:102120000E49044601F09EFA08B1037893B90C4BAE
:10213000204653F8251001F095FA08B103784BB901
:102140002046084901F08EFA28B10278064B002A91
:1021500008BF184638BD044838BD00BF84100200CF
:10216000941402008C1002004C08002006292DE96E
:10217000F84F804665D88B469246002A00F09C8036
:10218000DFF8EC917B4E4C46354609F1C0072946F5
:102190002046203400F05AF9BC4205F12005F6D162
:1021A0009AF800309BBBBBF1000F40F08B800124FC
:1021B0006F4F21464046FFF7B1FF0546FAF7ACFFE7
:1021C0001F283ED838462946013400F03FF9072C35
:1021D00007F12007EDD1DFF8A0B101245D46644F7F
:1021E000DFF898A13146284600F030F93A462146FA
:1021F0005046FFF731FC203520362037002872D0BA
:102200000134072CEED1BDE8F84FFFF7F9BBBBF165
:10221000000F1BD05046FAF77FFF1F2811D8584CEB
:10222000514604EB4B14204600F010F92246594663
:102230005248FFF711FC0446FFF7E2FB2046BDE8D9
:10224000F88F16270024C8F80070F7E72F215046B2
:10225000FAF746FC044600287BD042782F2A08BFB4
:10226000431C04D11C4613F8012F2F2AFAD0002A50
:10227000E7D00125DFF8F8B0A4EB0A021F2AE0DC62
:1022800051465846013207F073FC237801352F2B55
:1022900003D114F8013F2F2BFBD0002B48D022464E
:1022A00012F8013F0BB12F2BFAD1072D0BF1200BA8
:1022B00091D0A2461446DFE7002948D02F4C04EB0A
:1022C0004114BBE759464046FFF728FF0546FAF799
:1022D00023FF1F28B5D82A4C294604EB4B1420466F
:1022E00000F0B4F8A2E7012CD8F80070AAD00125BC
:1022F000224EDFF890A006E00135A54209F1200941
:102300000BF1200B9ED05946484600F09FF84A46F4
:1023100029463046FFF7A0FB0028EDD1514648463C
:1023200000F094F84A4629463046FFF795FBE3E76C
:10233000072D3FF450AF124C04EB45142046A4F196
:102340002001203400F082F8BC42F7D143E70E4C64
:1023500074E75046FAF7E0FE1F283FF672AF044CD0
:1023600020465146203400F071F8BC42F8D132E7E3
:10237000746200200007002094610020E006002025
:1023800054620020AC0F0200F8050020014B93F8C6
:1023900028017047E006002003460A460249086803
:1023A0001946FFF7E3BE00BF9C000020F0307047E5
:1023B00000487047D007002000487047D007002031
:1023C00070B50026074D0446084611462E60EEF70C
:1023D0003AFA431C00D070BD2B68002BFBD0236061
:1023E00070BD00BF885F0020002238B5064D04464E
:1023F00008462A60EEF73DFA431C00D038BD2B6832
:10240000002BFBD0236038BD885F0020002238B548
:10241000064D044608462A60EEF788FA431C00D0B1
:1024200038BD2B68002BFBD0236038BD885F0020AF
:10243000082802D14FF48050704708B5FAF7C2FC63
:10244000162203464FF0FF301A6008BD80EA0102F1
:10245000844612F0030F4FD111F0030F32D14DF823
:10246000044D11F0040F51F8043B0BD0A3F10132DD
:102470009A4312F0803F04BF4CF8043B51F8043BF0
:1024800016D100BF51F8044BA3F101329A4312F068
:10249000803FA4F101320BD14CF8043BA24312F06F
:1024A000803F04BF51F8043B4CF8044BEAD023466C
:1024B0000CF8013B13F0FF0F4FEA3323F8D15DF81E
:1024C000044B704711F0010F06D011F8012B0CF8E6
:1024D000012B002A08BF704711F0020FBFD031F85E
:1024E000022B12F0FF0F16BF2CF8022B8CF80020E5
:1024F00012F47F4FB3D1704711F8012B0CF8012B68
:10250000002AF9D1704700BF5FFA81FC810744D0EF
:102510000346511E22B909E09A0709D0013905D3B3
:102520001846027801336245F6D1704700207047A3
:10253000184603290CD80029F8D00346014401E0CD
:102540008B42F3D0184613F8012B6245F8D170473F
:1025500010B50CEB0C24024604EB044402E00439F1
:10256000032915D9104652F8043B6340A3F1013EFC
:102570002EEA030313F0803FF1D00346014401E04B
:102580008B4208D0184613F8012B6245F8D110BDD4
:1025900010460029F1D1002010BD1146C9E700BF47
:1025A000004870470000C07FF8B50027DFF858C02A
:1025B00021F00043634504460D46176021D8844648
:1025C00053EA0C0C1DD0DFF844C0164601EA0C0C8F
:1025D0000A46BCF1000F09D100220D4B09F0F2FCB4
:1025E0006FF0350704460A4621F000431B156FF3D0
:1025F0001E52A3F2FE333B4442F07F55336045F454
:10260000001520462946F8BDFFFFEF7F0000F07F50
:10261000000050432DE9F04F03690C6985B0A342D7
:10262000C0F291808146013C01F1140509F11408C2
:1026300055F8243058F824C001339C45BCFBF3F610
:102640004FEA840005EB840708EB840243D34FF084
:10265000000CAA46CDE90105C64663466546934689
:10266000CDF80C805AF8040BDEF800201FFA80FC2D
:1026700006FB0C554FEA10484FEA154C06FB08CCF8
:10268000ADB290B2401B18441FFA8CF3C3EB204349
:1026900003EB124380B240EA034057454EF8040B67
:1026A0004FEA1C454FEA2343DCD2DDE90105DDF8A2
:1026B0000C8058F8003073B9ABF10402904504D394
:1026C00007E0904504F1FF3403D252F80439002B9F
:1026D000F7D0C9F81040484601F008FD00282EDB6D
:1026E0004146002255F8040BD1F800C01FFA80FEC5
:1026F0001FFA8CF3A3EB0E031344020CC2EB23422C
:1027000002EB1C429BB243EA0243AF4241F8043B56
:102710004FEA2242E6D258F8242008EB84036AB933
:10272000043B434504D807E0984504F1FF3403D245
:1027300053F80429002AF7D0C9F810400136304672
:1027400005B0BDE8F08F002005B0BDE8F08F00BFF8
:102750002DE9F04F16461F46816B9DB0CDE9066707
:10276000299D039049B10123C26B044693408B60BD
:102770004A6001F007FA0023A363B7F10009B4BF70
:10278000012300232B60784BBCBF29F00049CDF812
:102790001C9033EA090300F0AD80DDE906341846E9
:1027A000214600220023CDE9040109F073FE804692
:1027B00068B10123289A13602A9B13B16B4B2A9AA4
:1027C00013606B4B089308981DB0BDE8F08F1AABEF
:1027D00001931BAB00930398DDE9042301F0E4FDB2
:1027E0005FEA1955824640F09B80DDE91A85454431
:1027F00005F23243202B40F38B83C3F1400309FAE7
:1028000003F905F2124326FA03F349EA030009F03B
:102810005FFB0123013D1193A1F1F8710022554B9B
:1028200009F018FA4AA3D3E9002309F0CBFB4AA325
:10283000D3E9002309F010FA064628460F4609F0AE
:1028400057FB47A3D3E9002309F0BCFB02460B4624
:102850003046394609F000FA06460F4609F062FE96
:1028600000220446099000233046394609F01CFE38
:10287000002840F02383099CA8EB050808F1FF33EA
:10288000162C0A9300F28F81DDE904013A4B03EB29
:10289000C403D3E9002309F007FE002872D0631EA9
:1028A00009930023109308F1FF33002BC0F28281BB
:1028B00000230B93099B002B6ADA099B0B9A0E935A
:1028C000D21A5B420F9300230993269B0B92092B8C
:1028D00068D8052B40F321830025043B2693269BD3
:1028E000023B032B00F23F86DFE813F070046D0417
:1028F0006404480442F20F73289AC9F3130959EA91
:10290000060913601CD12A9B002B00F04C861B4B40
:10291000089308332A9A089813601DB0BDE8F08F19
:10292000DDE90412C2F31303084643F07F51CDF8EA
:102930004480A5F2FF35DDF8688041F440116DE771
:102940002A9B002B40F0F5830D4B08933BE700BF1B
:1029500061436F63A787D23FB3C8608B288AC63FA5
:10296000FB799F501344D33F0000F07F9D0F02007E
:102970009C0F02000000F83FA0150200DC100200CE
:10298000E8100200B8F1000F40F3A88410900B90FB
:10299000DDE9092313440A9300230F93269B0E922B
:1029A000092B96D9002301254FF0FF3B269327934F
:1029B0000C950021039BCDF860B0D963039801F01A
:1029C000BBF80890002800F0D785039B089ABBF15C
:1029D0000E0F9A6300F21981002D00F016810E99F6
:1029E000002940F34984B44B01F00F0203EBC2030A
:1029F000C8054FEA2115D3E9006740F10A84DDE9F3
:102A00000401AE4B4FF00309D3E9082309F004FC9D
:102A1000CDE9120105F00F058DB1DFF8A082E907BD
:102A200009D5D8E900233046394609F0CBFA0646E5
:102A30000F4609F101096D1008F10808EFD1DDE931
:102A400012013B46324609F0E7FB07468846109BD9
:102A500043B1002238464146994B09F025FD002834
:102A600040F01085484609F043FA3A46434609F0DB
:102A7000A9FA0022934B09F0EFF80446A1F1507532
:102A8000BBF1000F00F0AA800E9BCDF848B019935F
:102A90004146384609F046FD1299874BCDE9144569
:102AA00003EBC10353E902340546CDE9163409F0BE
:102AB0001FFA0B4602464146384609F0CBF8089FFC
:102AC0000C9B30357E1CECB2804689463546002B87
:102AD00000F06E84DDE9162300207B4909F09CFBA1
:102AE000DDE9142309F0B6F83C7042464B46044633
:102AF0000D4609F0F7FC002840F0BB84CDF850A04B
:102B0000CDF858B00027AB46A246129D2AE0013707
:102B1000AF4280F201855046594600226B4B09F0C6
:102B200051FA0022694B82468B464046494609F0DD
:102B300049FA8946804609F0F5FC044609F0D8F9BF
:102B400002460B464046494609F084F83034524666
:102B50005B4606F8014B8046894609F0A5FC002833
:102B600040F0D78442464B460020554909F072F8A0
:102B700052465B4609F098FC0028C8D0199B37469E
:102B8000DDF850A0089A03F1010802E0974200F036
:102B90009F843E4617F8013D392BF7D00133DBB255
:102BA00045463B7079E10123109308F1FF33002B78
:102BB000BFF67EAEC8F101030B9300230A9379E6BA
:102BC000484609F095F93A46434609F0FBF90022D8
:102BD0003C4B09F041F80446A1F1507538460022FB
:102BE0003B4B414609F036F822462B4606460F4637
:102BF00009F078FC002840F07A84304639462246B5
:102C000005F1004309F050FC28BB1B9B002BC0F2D0
:102C100091800E9A0E2A00F38D80274B0E9A03EBBB
:102C2000C203D3E90034CDE90634279B002B19DA1F
:102C3000BBF1000F16DC0ED1DDE906010022244BAA
:102C400009F0C0F902460B46DDE9040109F036FC43
:102C5000002800F04C8400231F46089E0493279B05
:102C6000DD432DE2089B5D1CDDE90678DDE904010A
:102C70003A46434609F0D0FA09F054FC064609F0FA
:102C800037F93A46434609F09DF902460B46DDE91D
:102C9000040108F0DFFF089A06F13003BBF1010FD1
:102CA0002F46137000F025830125CDF810A0A8460B
:102CB000DDE9069A2CE000BFA0150200781502009D
:102CC0000000F03F00001C400000E03F00002440F6
:102CD000000014404A4653462046294609F09CFA13
:102CE00009F020FC064609F003F94A46534609F06C
:102CF00069F908F101080B4602462946204608F00A
:102D0000A9FF06F13003D84507F8013B00F0EF8238
:102D10000022834B09F056F90022002304460D4699
:102D200009F0B8FB0028D5D00E9D3E46DDF810A076
:102D30000135B2E00C9A002A40F0D68000231F46ED
:102D40000F9E0B9D0C9365B10A9900290B4608DD77
:102D5000A942A8BF2B460B9AED1AD21ACB1A0B9296
:102D60000A930F9B53B10C9B13B1002E40F0FC82D1
:102D700051460F9A039801F0E9F882460121039821
:102D800001F004F8099B0490002B40F0BD81269BC4
:102D9000012B40F3D38101200A9A104410F01F0048
:102DA00000F09980C0F12003042B40F3E2810B9BDB
:102DB000C0F11C00034402440B9305440A920B9B90
:102DC000002B05DD51461A46039801F019F9824699
:102DD0000A9B002B05DDDDE903011A4601F010F91D
:102DE0000490109B002B40F07481BBF1000F40F366
:102DF0004B810C9B002B40F0A2800E9D01350126DB
:102E0000DDE90394DDF8208007E0514600230A2223
:102E1000484600F0C1FE8246013621465046FFF783
:102E2000F9FBB34500F1300008F8010BEDDCBBF114
:102E3000000FCCBF5E46012681460024089B03EBB1
:102E4000060B51460122039801F0DAF804998246F4
:102E500001F04CF9002840F3F081089A02E0934514
:102E600000F005821BF8013C5E46392B0BF1FF3B5D
:102E7000F5D001338BF80030DDE90381404600F0E6
:102E800081FE57B12CB1BC4203D02146404600F030
:102E900079FE3946039800F075FE5146039800F01C
:102EA00071FE00233370289B1D602A9B002B3FF48A
:102EB0008AAC08981E601DB0BDE8F08F204609F06E
:102EC00017F832463B4609F0E5FA00287FF4D3AC08
:102ED000631E0993CFE41C230B9A1D441A440B92E2
:102EE0000A9A1A440A926AE7269A012A40F3B081A4
:102EF0000F9B0BF1FF36B342C0F26B81BBF1000FA9
:102F0000A3EB060680F2F7820B9BA3EB0B056EE1A9
:102F1000C3F1200306FA03F079E40125DFE400BFE2
:102F200000002440394600230A22039800F034FEB2
:102F3000189B0746002B40F307839B460E96002DF7
:102F400005DD39462A46039801F05AF80746099BE1
:102F5000002B40F0ED81B846089B1E46013B03EB79
:102F60000B04069B03F00103CDE90A43039C04997B
:102F70005046FFF74FFB39468346504601F0B6F8FE
:102F8000049905464246204601F0D0F8C368014640
:102F90000BF13009ABBB0990504601F0A7F8099935
:102FA0000990204600F0EEFD099A002A54D1269B94
:102FB0001BB90B9B002B00F0B582002D3FDBB34605
:102FC0000A9B0BF8019B9E4200F0C98151460023E9
:102FD0000A22204600F0E0FD4745824639464FF080
:102FE00000034FF00A02204630D000F0D5FD4146E4
:102FF00000230A220746204600F0CEFD5E468046AA
:10300000B5E7039800F0BEFD002D06DB069B03F03C
:103010000102269B1D432A4329D1514601220398D0
:1030200000F0EEFF0499824601F060F8002840F3BA
:10303000F880B9F1390F00F050820BF131090E9D83
:103040003C460135474606F8019B15E700F0A4FD14
:103050005E46074680468AE7002DC0F29B82269B8B
:103060001D430B9B1D4300F09582002AA7DDB9F19B
:10307000390F00F032820E9D09F101033C46013503
:10308000474606F8013BF7E6269B022B7FF7B1AED9
:10309000BBF1000F40F029815B460522049903989B
:1030A00000F07AFD01460490504601F01FF8002818
:1030B00040F31B8131230E9D089E013506F8013B2C
:1030C000DDE9030100F05EFD0135002F7FF4E1AE84
:1030D000E3E65046049901F009F80028BFF685AEF2
:1030E000514600230A2203980E9C00F055FD0C9BCC
:1030F0008246661E002B7FF415AF189B002B40F311
:1031000018829B460E9D7AE601461A46039800F007
:103110001DFF269B0490012B6FDD00230993049A69
:10312000136902EB8303186900F0E0FDC0F1200091
:1031300032E69B4B08930333FFF7ECBB069B002B57
:103140007FF429AEDDE90612C2F31303002B7FF4EE
:1031500022AE944B134033B10B9B01330B930A9B6C
:1031600001330A930123099A0993002A3FF413AE0D
:10317000D5E73FF424AEC0F13C03ADE601230C9348
:10318000279B0E9A134403F1010B5E46012EB8BF34
:1031900001261893172E40F30182012204235B00BD
:1031A00003F11400B042114602F10102F7D9039B6A
:1031B000D96303E401230C93279B002B38DD9B4646
:1031C0001E461893E6E700230C93D9E700230C93DF
:1031D000F2E70F9B0F96F31A0026099A1A440A9BEE
:1031E00009925B440A930B9B1D465B440B930121A0
:1031F000039800F0CBFD0746A5E5069B002B8CD17C
:10320000DDE90601C1F313030A46002BA1D00990A2
:1032100085E7DDE904344FF00209CDE91234FFF708
:10322000FBBB7FF40CAF19F0010F7FF402AF06E790
:1032300001239B462793FFF7BCBB03D119F0010F75
:103240007FF40BAE5E461BF8013D302BFAD013E63F
:10325000119A002A00F09F8003F233430A9A0F9ECE
:103260001A440A920B9A15461A440B92BFE731236F
:10327000089A01351370FFE500F0FE80DDE90401D6
:103280000E9A494B554205F00F0203EBC203D3E9F6
:10329000002308F097FE2D11CDE9120100F05D81A9
:1032A00000234FF0020907468846404EEA070AD538
:1032B000D6E900233846414608F084FE012307463C
:1032C000884609F101096D1006F10806EED1002BC0
:1032D0007FF4BDABDDE91278FFF7B9BBC8F101039C
:1032E0000A900B931090FFF753BB089EB7E4DDF8EC
:1032F00010A002460B4608F0AFFC03460C46DDE981
:1033000006010E9D1A46CDE9043401352346A84630
:1033100009F0CAF840B9DDE90423DDE9060109F046
:10332000B9F818B1F30701D5089A32E43E46B4E57E
:103330000398796800F000FC0546002800F023811E
:103340003B6907F10C0102339A000C30F9F76EFE6D
:1033500001222946039800F053FE8046FCE50E9DAD
:103360003C46013547466CE5039C394632462046CB
:1033700000F0ECFD074652463946204600F034FD89
:1033800051468246204600F0FDFB0F9B9B1B0F938E
:103390003FF4F4ACECE41A9BC3F136035EE700BFE4
:1033A000E81002000000F07FA0150200781502006E
:1033B000DDE91623DDE9140108F004FE089BCDE9E0
:1033C0000C011C70129B012B00F0C580129F089B02
:1033D00011961F4400227C4B4046494608F0F2FDFE
:1033E0000D46044609F09EF8814608F081FD02462C
:1033F0000B462046294608F02DFC09F1300906F855
:10340000019BBE4280468946E4D1119D0022DDE940
:103410000C016E4B08F020FC02460B464046494624
:1034200009F060F800286ED1DDE90C23002067491F
:1034300008F010FC02460B464046494609F034F8B5
:1034400080B91B9B002BFFF679AC0E9B0E2B3FF730
:1034500075AC5F4B0E9A03EBC203D3E90034CDE9A0
:10346000063401E417F8013C3E46302B07F1FF37E4
:10347000F8D0199D013510E54FF00209DDE9047817
:10348000FFF7E5BABBF1000F3FF49AAB189C002C94
:103490007FF7BBAB0E9B3846013B41460022199398
:1034A000494B08F08FFD02468846174609F1010096
:1034B00008F01EFD3A46434608F084FD0022454BC5
:1034C00008F0CAFB1294A1F150750446FFF7E0BA68
:1034D000312308F10108FFF763BBB34639230E9D82
:1034E0003C46089A474601350BF8013BBAE40023F5
:1034F0001F460493DEE50A9B5B440A930B9B1D4623
:103500005B440B9373E6199B089A03F10108FFF7DC
:1035100040BBDDF850A0ACE7DDF850A0DDF858B0B6
:10352000FFF773BBB9F1390FD7D0002D3FF785AD49
:1035300085E5269B022B03DC0E9DDDF860B05EE482
:10354000DDF860B00E96A3E5269B022BF8DCDDF8D3
:1035500060B00E96F3E4374658E74FF00209DDE914
:103560001278FFF774BA0025039B29461846DD63DD
:1035700000F0E2FA0890D0B9002240F2AF11164BE9
:10358000164806F049FB024640F2EF21124B134861
:1035900006F042FB002A3FF740AD50E50021039BB7
:1035A000D963FFF70BBA0E4B0893FFF70CB9039BD7
:1035B000089A4FF0FF3B9A6301232795CDF860B03E
:1035C0000C93FFF722BB00BF000024400000E03F47
:1035D000A015020000001C40EC10020000110200C7
:1035E000DC1002002DE9F047DFF8749007460E4624
:1035F000904606F06DFBD9F800504DB133781C466B
:103600006BB1344602E014F8013F3BB13D2BFAD1D7
:10361000384606F063FB0020BDE8F087A41B28684D
:103620000028F5D022463146F9F7C2FA28B92868B1
:10363000035D00EB040A3D2B04D055F8040F00286D
:10364000F0D1E5E7D9F800303846EB1A9B10C8F8FE
:10365000003006F043FB0AF10100BDE8F08700BF2F
:103660002000002000B583B001AAFFF7BBFF03B024
:103670005DF804FB024B01461868F9F77DBF00BFF7
:103680009C000020024B01461868F9F779BE00BF84
:103690009C00002010B4034CD4F8E440A44610BCB5
:1036A000604700BFE006002082B049B15AB16BB15B
:1036B00013780B601278101E18BF012002B07047FB
:1036C00001A9002AF3D1104602B070476FF0010043
:1036D000F4E700BFF0B583B08646089E002937D0D6
:1036E0009AB3002B00F0C48035683DBB14784FF0CE
:1036F000010C44B37F2C58DDA4F1C0001F2829D849
:10370000347125B901208342306000F0B18012F895
:103710000C300CF10100A3F180023F2A00F29E80E0
:10372000C12C40F39B80A40103F03F0304F4F86430
:103730001C43002333600C6003B0F0BD34794FF0BC
:10374000000C002CD6D10C603460002003B0F0BD1A
:1037500001A9C5E7A4F1E0000F282CD83471002D91
:1037600066D0581C18BF0133012D65D07779E02C45
:1037700072D0A7F180003F2870D8012D777173D0E7
:1037800012F80C200CF10100A2F180033F2B65D848
:103790002303BF019BB207F47C6702F03F023B4367
:1037A0001343002232600B60D0E700230120336016
:1037B0000C6003B0F0BDA4F1F00004284ED83471C1
:1037C000002D3FD05F1C18BF0133012D3ED077790B
:1037D000F02C50D0F42C63D0A7F180003F283DD8C6
:1037E000012D77714AD0581C306818BF0133022868
:1037F00048D0B579A5F180033F2B2FD812F80C20C3
:103800000CF10100A2F180033F2B27D8A3043F0352
:1038100003F4E01307F47C37AD013B4305F47C650A
:1038200002F03F022B43134300220B6032608DE70E
:103830000120834230601BD012F80C7001250CF17E
:10384000010C94E701208342306011D012F80C7013
:1038500001250CF1010CBBE79F2F8ADC8A234FF076
:10386000FF30CEF8003071E702208342306087D10C
:103870006FF001006AE78F2FAEDCEFE70220834292
:103880003060F5D012F80C500CF1010CA5F180005D
:103890003F28E3D803208342B5713060AED1E7E71B
:1038A0008F2F99DDDAE700BF30B482B08446049DE3
:1038B000002930D0002A31D0002B39D02868147864
:1038C00048B1012816D00C601078003818BF0120CC
:1038D00002B030BC7047A4F181001E2803D9A4F1C6
:1038E000E0000F28EFD8012083422C7128601FD000
:1038F00002205478A4F140033E2B03D9A4F18003A5
:103900007C2B0FD82B7904EB032400230C602B6055
:1039100002B030BC704701A9002ACDD1104602B0D8
:1039200030BC70478A234FF0FF30CCF80030CFE72F
:103930006FF00100CCE700BF30B583B08646069D2E
:10394000002940D0002A41D0002B4BD028681478A1
:1039500058B10128A44618D0022841D00C60107834
:10396000003818BF012003B030BDA4F18E0001283B
:1039700003D9A4F1A1005D28F0D8012083422C7165
:1039800028602FD0022092F801C0ACF1A1045D2C78
:103990002BD82C798F2C1CD10224984285F805C095
:1039A0002C601FD212F800C00130ACF1A1035D2BD6
:1039B0001BD800226B790CF07F0C0CEB03230B60FF
:1039C0002A6003B030BD01A9002ABDD1104603B062
:1039D00030BD00220CEB04240C602A6003B030BD23
:1039E0000120E2E76FF00100BDE78A234FF0FF30CE
:1039F000CEF80030B7E700BF2DE9F04F83B0804626
:103A0000DDF8309089B39AB3002B00F0878094469C
:103A1000E3461CF8015B4FF0010E99F80040DFF817
:103A200010A14448002D48D0A5F11B06F7B22F2F56
:103A300024D82F2E22D8DFE806F06D212121212164
:103A40002121216B212121632121212121212121DA
:103A50002121212121212121212121212121216512
:103A60002167212121212121216901A9002ACBD10E
:103A70000120C9F8002003B0BDE8F08FA5F12106B0
:103A80005D2E8CBF0827072704EBC4040619F65DDA
:103A90005444E45D052E44D8DFE806F021031311F9
:103AA000052A89F8045073450EF1010534D9AE4654
:103AB000E3461CF8015B002DB6D10627E4E7624619
:103AC000F1E701237046C9F8003099F804209BF80B
:103AD000003003EB02230B6003B0BDE8F08F00233E
:103AE0007046C9F8003013780B6003B0BDE8F08F62
:103AF00000231846C9F800300B6003B0BDE8F08F12
:103B00000227C1E70327BFE70427BDE70527BBE777
:103B10000127B9E70027B7E7C9F800406FF00100B7
:103B2000DAE78A234FF0FF30C8F80030D4E700BF4F
:103B3000F8140200B014020038B5436C05460C4678
:103B40004BB153F8240080B1026843F824200023CD
:103B5000C0E9033338BD2122042106F083F803466F
:103B600068640028EDD1002038BD0121284601FA03
:103B700004F56A1D920006F075F80028F3D0C0E93C
:103B80000145E4E731B1436C4A6853F8220008600C
:103B900043F82210704700BF2DE9F0414FF0000EAE
:103BA0000E461C460D69074601F1140001680EF12E
:103BB000010E8BB202FB0343090C4FEA134C02FBCC
:103BC00001CC9BB203EB0C43754540F8043B4FEA34
:103BD0001C44EBDC3CB1B368AB4207DD06EB85036C
:103BE00001355C6135613046BDE8F0817168384669
:103BF0000131FFF7A1FF8046A8B1326906F10C013F
:103C0000023292000C30F9F711FA7B6C726853F8AB
:103C10002210316043F82260464606EB85030135E9
:103C20005C613561DFE70246BA21024B024805F0CC
:103C3000F3FF00BFEC100200841102002DE9F843ED
:103C40001E460C4626490833174681FB032C092ED5
:103C50004FEAE3730546C3EB6C0339DD4FF0010C0B
:103C600000214FEA4C0C634501F10101F9DC2846C3
:103C7000FFF762FF014668B3089B092F43614FF0CD
:103C80000103036112DC09270A34BE420BDDF61B77
:103C9000264414F8013B0A222846303BFFF77CFFFC
:103CA000B4420146F5D10846BDE8F88304F109099C
:103CB000C8463C4418F8013B0A222846303BFFF72F
:103CC0006BFFA0450146F5D1A7F108044C44DCE7A1
:103CD0000021CCE70246D321024B034805F09CFFAC
:103CE000398EE338EC10020084110200B0F5803FF9
:103CF00003463ABF102083400020B3F1807F3CBFD1
:103D00001B020830B3F1805F3CBF1B010430B3F1EC
:103D1000804F03D3002B06DB013070479B0003D498
:103D20005B0003D420207047023070470330704797
:103D30000368014613F0070209D0DA0721D4980777
:103D40004BBF5B089B08012002200B60704798B2B4
:103D5000A0B11046DAB20AB908301B0A1A0704BF2C
:103D60001B0904309A0704BF9B080230DA0703D40A
:103D70005B0800F1010006D00B6070471020C340C3
:103D8000E8E7002070472020704700BF38B5436C3B
:103D900004460D464BB15868B0B102685A60002223
:103DA00001234561C0E9032338BD2122042105F028
:103DB00059FF034660640028EDD1002240F245110E
:103DC000074B084805F028FF1C220121204605F07A
:103DD00049FF0028F1D001220223C0E90123DEE7D8
:103DE000EC100200841102002DE9F04FD1F8108090
:103DF00015690E46A845924685B005DB2A4653460E
:103E000045468A4690461E46DAF80830DAF804102D
:103E100005EB0804A342B8BF0131FFF78DFE00286F
:103E200000F0898000F1140707EB840E774505D276
:103E30003B46002243F8042B9E45FBD8143606EB84
:103E400088080AF11409464509EB850566D2A5EBF9
:103E50000A03153B23F003030AF1150A0433554501
:103E60002CBF9B464FF0040BCDF808E08246AE46CF
:103E7000039405E0090C2AD1B04507F104074AD99B
:103E800056F8041B8DB2002DF4D0CC463C460023DE
:103E900001965CF8040B216886B28AB205FB062203
:103EA000000C090C05FB00111A4401EB124192B2FF
:103EB00042EA0142E64544F8042B4FEA1143E8D8B0
:103EC000019E47F80B3056F8041C090CD4D0002290
:103ED0003B6848461D463C46944602889BB201FB1F
:103EE00002C202EB154243EA024344F8043B50F895
:103EF000043B25684FEA134CABB201FB0C33704511
:103F000003EB12434FEA134CE7D3B04547F80B30AD
:103F100007F10407B4D8DDE902E45046002C02DCC6
:103F200005E0013C03D05EF8043D002BF9D00461AC
:103F300005B0BDE8F08F02464FF4B171014B024865
:103F400005F06AFEEC1002008411020012F0030377
:103F50002DE9F041144607462CD10E46A4101CD082
:103F60003D6C85B3E3074FF0000806D4641014D00D
:103F70002868A8B10546E307F8D52A4631463846F1
:103F8000FFF732FF36B17B6C716853F82120326045
:103F900043F8216064100646EAD13046BDE8F0815E
:103FA0002A4629463846FFF71FFF28600546C0F815
:103FB0000080E0E70F4A013B52F823200023FFF77F
:103FC000EBFD0646CAE701213846FFF7B5FD054679
:103FD00040B140F271230122C0E904230023386478
:103FE0000360BFE7024640F24511034B034805F06A
:103FF00013FE00BF40150200EC1002008411020005
:104000002DE9F0470C462769A36807EB62177D1C72
:104010009D429046064649684FEA621904DD5B00FE
:104020009D4201F10101FADC3046FFF785FD0028D1
:1040300051D0B9F1000F00F114010FDD0B464FF024
:10404000000C09F105024FEA820E00EB820243F8F0
:1040500004CB9342FBD1AEF114031944226904F15D
:10406000140318F01F0803EB820C2CD08E464FF07F
:10407000000AC8F120091A6802FA08F242EA0A02A4
:104080004EF8042B53F8042B9C4522FA09FAF2D877
:10409000ACEB0403153B23F00303043304F11502D6
:1040A000944538BF042341F803A0BAF1000F00D1B2
:1040B0003D46736C6268056153F82210216043F835
:1040C0002240BDE8F087043953F8042B9C4541F8A1
:1040D000042FF9D8ECE702464FF4EF71014B024888
:1040E00005F09AFDEC1002008411020084460B6971
:1040F0000069C01A15D10CF1140C14310CEB8302B9
:1041000010B401EB830301E0944508D252F8044D4A
:1041100053F8041D8C42F7D004D24FF0FF3010BC8E
:1041200070477047012010BC704700BF2DE9F04F69
:1041300014460A6923698846D21A002A83B040F0DF
:10414000888001F1140604F1140202EB830206EBED
:10415000830301E09E427FD253F8045D52F8041DB0
:104160008D42F7D076D323460025444698466168B1
:10417000FFF7E2FC002800F0898000F114094946AD
:104180004FF0000C2769D8F8106004F1140B08F107
:10419000140EC56004F110020EEB86060BEB870AC5
:1041A000CDF804B05EF8044B52F8045F1FFA84FBAC
:1041B000ABB2A3EB0B03240C6344C4EB154404EB38
:1041C00023449BB243EA0443764541F8043B4FEA5B
:1041D000244CE7D808F115018E4234BF002101219B
:1041E000A6EB0806153EB608002906F101024FEAC3
:1041F000820208BF0422DDF804B00BEB0204A245E2
:104200004A4434D915462146E04651F8046BB3B20E
:1042100063444FEA164E0EEB234E06EB08039BB2A7
:1042200043EA0E438A454FEA2E4C45F8043BEBD84F
:104230000AF1FF3AAAEB040A2AF0030A524423B90E
:1042400052F8043D013F002BFAD0076103B0BDE8EE
:10425000F08F88DA01258AE70021FFF76DFC70B145
:1042600001220023C0E9042303B0BDE8F08F002938
:104270004FEA860608BF002609EB0602DFE7024682
:1042800040F23721054B064805F0C6FC024640F2D5
:104290004521024B024805F0BFFC00BFEC100200B4
:1042A00084110200124B0A460B40A3F15073002BFD
:1042B00003DD00221946104670475B42B3F1A07F30
:1042C0004FEA235106DA4FF4002300220B4119462E
:1042D0001046704714391E29D4BF4FF00042012206
:1042E0004FF00003D8BFCA4010461946704700BFC0
:1042F0000000F07FF8B5046900F1140202EB8404B9
:1043000054F8045C261F2846FFF7F0FC0346C0F172
:1043100020000A2B086030DDB242A3F10B071AD24D
:1043200054F8083C1FB3C7F1200C23FA0CF1BD4030
:1043300045EA0106A4F1080546F07F51AA4203FAB6
:1043400007F341F4401116D254F80C2C22FA0CF267
:1043500013431846F8BD0B2B08D0002305FA07F7C6
:1043600047F07F51184641F44011F8BD002345F055
:104370007F5141F440111846F8BDB2422CBF0022D3
:1043800054F8082CC3F10B0703F1150325FA07FCB9
:1043900038BFFA4005FA03F34CF07F511343184637
:1043A00041F44011F8BD00BFF0B5012183B01646BD
:1043B0001F46FFF7C1FB0546002847D0C7F30A5444
:1043C000C7F313030CB143F48013002E019314D1EF
:1043D00001A8FFF7ADFC0122019B20306B612A612F
:1043E00014B3089BA4F2334404441C60099BC0F13D
:1043F00035001860284603B0F0BD68460096FFF708
:1044000097FC019B00B30099C0F1200203FA02F26D
:10441000C34001930A43002B6A610CBF01220222B0
:10442000AB612A61002CDCD105EB8201A0F23243A2
:10443000086908990B60FFF759FC099BC0EB421013
:104440001860284603B0F0BD009AE4E7024640F247
:104450000F31024B024805F0DFFB00BFEC100200F9
:10446000841102002DE9F04383B0884669468146F5
:10447000FFF740FF04460D46404601A9FFF73AFF0B
:10448000D9F81030D8F81020A3EB020CDDE9003287
:104490009B1A03EB4C13002B0BDD05EB03573D463A
:1044A00002460B462046294607F0B6FE03B0BDE89B
:1044B000F083C3EB033301EB03594946F0E700BF38
:1044C000172870B506460ADD002000240749084D6C
:1044D00022462B4607F076FD013EF9D170BD054B13
:1044E00003EBC003D3E9000170BD00BF0000F03F43
:1044F00000002440A015020001F1FF3C116902F107
:1045000014034FEA6C1C03EB81010CF1010C8B428C
:1045100000EB8C0C16D210B5A0F1040E53F8044B2E
:1045200099424EF8044FF9D88B1A153B23F0030338
:1045300004331844844504D9002340F8043B8445DF
:10454000FBD810BD844505D9002340F8043B8445C1
:10455000FBD87047704700BF03694A11934200F1CE
:10456000140009DA00EB830302E053F8042DA2B92A
:104570008342FAD80020704700EB8203F8DD11F087
:104580001F01F5D010B450F8224024FA01F28A40FD
:10459000944208D0012010BC70470120704753F8A6
:1045A000042D002AF6D18342F9D8002010BC7047B0
:1045B00003460A4602490868194600F003B800BFDE
:1045C0009C0000202DE9F84F1646002900F0968047
:1045D0000C46804606F10B05F9F782FA54F8041CE4
:1045E000162DA4F1080921F0030758D81025AE4272
:1045F00058D8AF4260DABF4B09EB070C9A68DCF879
:104600000400624500F0908020F0010363445B6881
:10461000DB0768D420F003003B189D4247DDCB0741
:1046200012D454F8083CA9EB030BDBF8043023F058
:104630000302104400EB070A554540F3F68007EBF0
:10464000020A554540F3CC8031464046F8F794FFC6
:104650000646002800F0218154F8043CA0F108022D
:1046600023F001034B44934200F0B4803A1F242A04
:1046700000F2D780132A00F2A28003462246116876
:1046800019605168596092689A6021464046F8F76F
:1046900077FE4046F9F72AFA3046BDE8F88F35F044
:1046A0000705A4D50C23C8F80030002618E01F46E3
:1046B000DCE90223D3609A60D9F804307A1B0F2A10
:1046C00003F0010309EB07001DD83B43C9F8043090
:1046D000436843F0010343604046F9F707FA264672
:1046E0003046BDE8F88FC907AED454F8083CA9EBB2
:1046F000030BDBF8043023F00302A0E71146BDE80A
:10470000F84FF8F739BF2B4309EB050142F00102DE
:10471000C9F804304A604368083143F0010343603C
:104720004046F8F72DFED7E720F00300C21905F147
:10473000100C624580F29280CA0785D454F8082C88
:10474000A9EB020BDBF8042022F00302104400EB7B
:10475000070AD4453FF773AF5E46DBF80C1056F8F6
:10476000080F3A1F242AC160886000F2B080132A23
:1047700040F2AB8021681B2ACBF808106168CBF8A7
:104780000C1000F2AA8008340BF1100221681160AD
:1047900061685160A1689160AAEB05020BEB05010D
:1047A00042F0010299604A60DBF80430404603F0B1
:1047B00001032B43CBF80430F9F798F990E723680D
:1047C0001B2A0360636843603DD804F1080200F1CE
:1047D000080354E750F8043C23F003031F446BE73D
:1047E0005E463A1FDBF80C3056F8081F242ACB60CF
:1047F000996023D8132A1FD923681B2ACBF80830C5
:104800006368CBF80C303CD808340BF110032268F5
:104810001A6062685A60A2689A6034465746D94660
:104820004AE72146FCF7FAFF2FE7DCE902135E4670
:10483000CB603A1F9960D5E73346E8E7214630461A
:10484000FCF7ECFFE9E7A368242A8360E368C36010
:1048500027D004F1100200F1100310E7521B09EBFE
:10486000050142F0010299604A6054F8043C404658
:1048700003F001032B4344F8043CF9F737F92646CB
:104880002EE7A368242ACBF81030E368CBF8143065
:1048900010D010340BF11803B9E74046F9F726F9A8
:1048A00003E7236904F1180203616369436100F1BE
:1048B0001803E4E623691834CBF8183054F8043CA4
:1048C000CBF81C300BF12003A1E732465EE721460E
:1048D0003046FCF7A3FF074B5EE7A168242ACBF81C
:1048E0001010E168CBF8141006D010340BF1180248
:1048F0004CE700BFF001002022691834CBF81820E3
:1049000054F8042CCBF81C200BF120023EE700BF2A
:104910002DE9F04F9FB08846079200210022002425
:10492000CDE90412834641461A9419910F4611F8B5
:10493000012B2D2A5ED801A050F822F0134B010064
:10494000F5490100F5490100F5490100F54901006B
:10495000F5490100F5490100F5490100F54901005B
:104960002B4901002B4901002B4901002B49010073
:104970002B490100F5490100F5490100F549010005
:10498000F5490100F5490100F5490100F54901002B
:10499000F5490100F5490100F5490100F54901001B
:1049A000F5490100F5490100F5490100F54901000B
:1049B000F5490100F5490100F54901002B490100C5
:1049C000F5490100F5490100F5490100F5490100EB
:1049D000F5490100F5490100F5490100F5490100DB
:1049E000F5490100F549010095500100F549010024
:1049F000A950010000210891302A00F09580002381
:104A000009932F2A144640F2EF844FF000093846EC
:104A10004E464D4613E00130082D1990C8BF09EBF2
:104A200089090478C6BF02EB4902A2F13009A3F15B
:104A300030062F2C224605F1010540F3B48006EB29
:104A40008603392C02EB4303E5DD0122AB49F8F77D
:104A5000AFF8002879D1199A1346013219925C787F
:104A6000002D40F08D85302C40F03B8513461846D4
:104A7000013319931C78302CF9D0C2F10102104493
:104A8000A4F13103082B37D8199F012539464FF07F
:104A9000000A431CA4F1300E0C93002006EB86069E
:104AA0000EEB46064B1C19934C78A4F13002092AF0
:104AB00000F2E082964619990130002AF2D00128CE
:104AC000D8BF05F1010C40F3878400EB050C0CF115
:104AD000FF340A9703E07E00AC4200F07C84082D8E
:104AE00006EB860705F10105F5DD102DDCBF09EBAE
:104AF00089094FEA4909EFE7652C40F0D8824FF069
:104B0000000A0123CDF830A00A93099B034340F02B
:104B1000BF82079B002600270BB1C3F800803046F8
:104B200039461FB0BDE8F08F7A7802F0DF02582ACC
:104B300000F01284013719973A78302AFAD0002A07
:104B400000F08182012309935BE70020AA460C90C4
:104B50000A90652C34D0452C32D000231093002DC0
:104B60007AD1099B034340F06E820A9B002BD0D17F
:104B7000692C00F0898400F35F84492C00F0848460
:104B80004E2CC6D15E4919A805F0D4FB0028C0D030
:104B9000199B1B78282B00F0A5855A4805F036F89C
:104BA00006460F4651E201225449F8F701F8002861
:104BB000CBD1199BAA465A1C19925C780C9074E7C9
:104BC000002DA2D0DDF8648008F10103199398F854
:104BD00001402B2C00F059822D2C00F04E824FF01A
:104BE000000CA4F13001092900F23F82302C199BFE
:104BF0000AD1013319931C78302CFAD0A4F1310278
:104C0000082AAAD8A4F130015A1C19925C782F2CDA
:104C100040F3FE8396460B9308E0013219929EF80A
:104C20000140A3F130012F2C06DD964601EB8103F4
:104C3000392C04EB4303F0DD0B9BD21A082A40F316
:104C4000E78344F61F631093BCF1000F87D0109BDD
:104C50005B421093002D84D00C9A109BBAF1000F88
:104C600008BFAA469B1A102D30460B932C46A8BFAE
:104C7000102407F02DF902460B46092DCDE9042337
:104C800016DD214B03EBC40353E9122307F09AF915
:104C9000024648469046894607F01AF902460B46F6
:104CA0004046494606F0D8FF0F2DCDE904012DDC22
:104CB0000B9B002B00F020830B9B40F35282162BA2
:104CC00040F3AD830B9AC5F1250393421EDBDDE96A
:104CD00004230D4CC5F10F0504EBC501D1E900011A
:104CE00007F070F90B9B5D1B04EBC504D4E90023AE
:104CF00007F068F906460F46A7E100BF94100200CE
:104D00001412020024120200A01502000B9B2C1B9F
:104D10001C44002C40F3D18114F00F000AD0DDE9CF
:104D20000423354901EBC001D1E9000107F04AF93C
:104D3000CDE9040134F00F0340D0B3F59A7F00F3BE
:104D4000B883102B4FEA231440F31E85DDE90401DC
:104D500000232A4A0997904699461746E20704D548
:104D6000D8E9002307F02EF901236410012C09F182
:104D7000010908F10808F1D13A46099F0BB1CDE9C4
:104D80000401059B02EBC901A3F154730593DDE90E
:104D90000423D1E9000107F015F9194B194A0B401A
:104DA0009342CDE9040100F28483174A934240F212
:104DB00041844FF0FF33154CCDE9043400230A93AE
:104DC0002B465246394658460096FEF737FF149058
:104DD000002800F06E83109A0C9B4FF0000A9B1A7B
:104DE0000B9ACDF824A0002AA8BF0023109322EA32
:104DF000E2731593E5E000BFA015020078150200EC
:104E00000000F07F0000A07C0000907CFFFFEF7F9F
:104E1000D21A1F2AA4EB020400F33282012393402A
:104E20001E4600250A9BA0444C44A14598444B468D
:104E3000A8BF23464345A8BF4346002B04DDE41A20
:104E4000A8EB0308A9EB0309109B002B00F3BE811C
:104E5000002C00F3D4810B9B002B00F30782B8F1E8
:104E6000000F00F3F781B9F1000F08DD51464A4603
:104E70005846FFF7C5F88246002800F0F4813A460C
:104E800058461A99FFF752F90990002800F0EB8173
:104E90000023099AD168D36011915146FFF726F992
:104EA0000028C0F2EA83DDF8149000F076835146C2
:104EB0000998FFF7D7FA00224FF0804304460D46C9
:104EC00007F0FCFA002800F07181119B002B40F0E4
:104ED000E381049B002B40F06B82C9F31303002B8A
:104EE00040F00D82002220462946A94B07F0DCFA4B
:104EF000002840F049832046A64B2946002207F0AF
:104F000061F803460C46CDE9123401F100430E90DE
:104F10000F93DFF88482A14B09EA08089845DDE980
:104F20000E4500F0C0810A9B1BB3B8F1D46F20D8A6
:104F300095A3D3E90023DDE9120107F0BFFAA0B180
:104F4000DDE9120107F016FB012838BF012006F049
:104F5000BFFF119BCDE91201002B40F0BD8201F192
:104F6000004316901793DDE9164505F1D663A3EBD0
:104F70000805DDE90C01FFF795F902460B462046CE
:104F8000294607F01FF8DDE90C2306F065FE0C4604
:104F9000CDE904010A9B23B97F4B2340984500F0DB
:104FA000B78158461A99FEF7EDFD39465846FEF787
:104FB000E9FD51465846FEF7E5FD58460999FEF7CA
:104FC000E1FD149C58466168FEF7B6FD07460028CF
:104FD00000F04981226904F10C01023292000C3088
:104FE000F8F724F81CAB01931BAB00935846DDE99E
:104FF00004341A46CDE90C342346FFF7D5F91A904C
:10500000002800F0058101215846FEF7BFFE8246C8
:10501000002800F028811B9B002BC0F21581109AFC
:10502000DDF8548003EB02090A9A1C9C9B1A234466
:105030005B4A013B9342C4F13604FFF6E9AE01231B
:1050400000251E46EEE600260027079A0AB1199BA6
:105050001360089B002B3FF462AD07F100431F462D
:10506000304639461FB0BDE8F08F0023CDF864808C
:10507000109374E501230A936BE54FF0010C08F1DE
:105080000203199398F80240ABE54FF0000CF6E7E5
:10509000002597E500220892791C19917A78002A58
:1050A0003FF437AD0F46A7E401220892F4E7452C00
:1050B0003FF425AD01230A9353E53FF47FAE6442EC
:1050C00014F00F020AD0DDE90401364B03EBC203F2
:1050D000D3E9002307F0A0F8CDE9040124113FF43F
:1050E0006DAE1F2C37DCDDE9040114F0100318BF8E
:1050F0006A230A930023DFF8B080E20704D5D8E9D9
:10510000002306F05FFF0123641008F10808F4D1C2
:105110000BB1CDE904010A9BA3B1DDE90401C1F3A0
:105120000A52C2F16B03002B0ADD1F2B40F33983B7
:105130000020342B049040F37C834FF05C73059384
:105140006A230A930022DDE90401002307F0A2F993
:1051500000283FF435AE222300260027CBF800308C
:1051600073E71633FFF6D2ADDDE904010C9B109A0C
:105170009A1A0C4B03EBC203D3E9002307F04CF857
:1051800006460F4661E700BF0000C0FFFFFFDF419A
:105190000000F03F0000E03F0000F07F0000E07FF3
:1051A00002FCFFFFA015020090160200AC4B204647
:1051B0002946002206F006FF119BCDE91201002BC3
:1051C00065D101F100430E900F93A2E651461A46B5
:1051D0005846FEF7BBFE8246002844D001461A9A84
:1051E0005846FEF701FE00283DD011901A99584606
:1051F000FEF7C8FC119B002C1A937FF72CAE2246B9
:1052000058461A99FEF7FCFE1A9000287FF423AE48
:10521000B946054622230026924FCBF80030294696
:105220005846FEF7AFFC49465846FEF7ABFC5146E0
:105230005846FEF7A7FC58461499FEF7A3FC5846BB
:105240000999FEF79FFC00E7159ADDF84090A2EB64
:105250000308E9E6394642465846FEF7D1FE0746BE
:1052600000287FF400AEB9461A9DD3E73946584668
:10527000159AFEF76BFE074600287FF4F0ADF2E7C3
:10528000012279491646CB1A02FA03F5CAE5DDE98F
:105290001234CDE90E343CE60023744CCDE90E34D3
:1052A000CDE9123435E6A9F154730593DDE90445DF
:1052B00020462946FEF7F6FFDDE90E2306F082FEC2
:1052C0002B46224606F0C8FCDFF89891684B01EAAD
:1052D00009099945CDE9040179D9DDE90C0103F10A
:1052E0005473994202D106460136BCD04FF0FF33C9
:1052F000604CCDE9043454E6DDE90467A5E60023FB
:105300005D4CCDE90E340023584CCDE9123400E653
:10531000DDE912562846314607F040FA06F024FE31
:105320000B4602463146284606F094FC119D049B2C
:10533000C4F313041D432C438046894626D142A35F
:10534000D3E9002307F0B0F800283FF42AAEB946AD
:10535000DDE904671A9D62E70293089B58460193B2
:105360001AAB0093454A1BAB19A904F00FFD10F0CE
:105370000F0504463FF467AE062D40F0B5800022CD
:105380007B1C00260027089219935EE630A3D3E920
:10539000002307F089F80028D9D12FA3D3E90023EF
:1053A0004046494607F09EF800283FF4FAADCEE7A4
:1053B000049B012BA3D1B9F1000FA0D1B9461A9CCF
:1053C0002223254600260027CBF8003027E701F1ED
:1053D00054740594DEE50A9F0C9B082D03440C933E
:1053E0006DDC6546FFF759BB012238462449F7F7C3
:1053F000DFFB002800F0BB804FF000094E46484616
:105400004D46CA46CDF83090CDF82890FFF7A3BBA3
:1054100044F61F639942A8BF1946109114E40B98F3
:105420001849DDE9042301EBC001D1E9000106F0D0
:10543000C9FD06460F4608E66E2C3FF4A3ABFFF706
:1054400068BB00BFAFF300809535A094FFFFCF3F4E
:105450009535A094FFFFDF3F35E5AF350000E03F15
:105460000000E03F0000F07FE2FBFFFF0000F03FA4
:10547000FFFF9F7CFFFFEF7F0000F0BF7C16020064
:1054800094100200A0150200A04919A804F052FFD0
:1054900000283FF43EAB199B9D49013B19A8199385
:1054A00004F048FF10B9199B013319930026994F56
:1054B000CBE522230026974FCBF80030C5E5BCF1A1
:1054C000100FD8BF09EB890965464FF00000D8BF1F
:1054D00002EB4909FFF7E6BADDE91234CDE91634EB
:1054E00041E50020FFF7CCBA1A9A3AB135211CA841
:1054F000FFF702F858461A99FEF744FB013D1B9B43
:10550000042D00F2C481DFE805F0032C291E0300FE
:105510001C9A049203F233421D9B23F4801343EA46
:1055200002530593E10502D543F000430593794A00
:10553000DDE904671A40002A7FF487ADF7F742FCE3
:105540002223036081E54FF0FF326FF00043CDE985
:105550000423E3057FF5D0AE059BE5E76D4B05938E
:10556000F7E7DDE91C121D9BCDE90412DAE7199A71
:10557000064613460132199281465C78FFF773BAEA
:10558000AA460C90FFF791BA0023634CCDE90E3484
:105590000023624CCDE91234BBE44B461198B4466B
:1055A000B946DDE90C67AE465D49C3F31302002836
:1055B00045D08A4200F0FD80ADBB049A1CEA020F80
:1055C00034D0304639460493FEF76CFE0A9B002B1C
:1055D00000F03781049BC3F30A53C3F16B03002B24
:1055E00040F352811C0504F17F53002203F5401360
:1055F00006F0E8FC02460B463046394606F02CFB26
:1056000006460F4630463946464B002206F0DAFC85
:10561000404B06460B400F46002B7FF49BAE2223E7
:10562000CBF8003096E61EEA030FCAD10A9B002B86
:10563000E8D18FE601F154730593FFF7BFBB002A51
:1056400074D1DDE904452246002C40F0A2800A9A7C
:10565000002A40F0CB8025F00044240D2405A4F559
:1056600080146FEA14536FEA035305934FF0FF332E
:1056700004931A9DDDE90467D1E5119BDDE904017E
:105680000343B946DDE90C67D0D1C1F31303002B06
:10569000CCD121F00044240D2405B4F1D66F254669
:1056A000C4D9099A536913B91369012BBEDD0122CC
:1056B00009995846FEF7A4FC51460990FEF716FDDD
:1056C0000028B3DD0A9B002BC9D0A5F580136FEA33
:1056D00013536FEA035305934FF0FF330493DDE94F
:1056E00004678FE7104919A81CAA04F03DFE05289D
:1056F0007FF453AA1D9B43F0FF4343F4E00305935B
:105700001C9B0493DDE904679FE400BF08120200BC
:105710000C1202000000F07F0000E0BF0000E03F3C
:10572000FFFF0F000000503968160200A5BB049A65
:105730001CEA020F3FF47AAF304639460493FEF775
:10574000B1FD0A9B002B62D0049BC3F30A53C3F143
:105750006B03002B40F38C801C0504F17F53002267
:1057600003F5401306F02EFC02460B463046394640
:1057700006F070FA0022002306460F4606F08AFE65
:1057800000283FF43FAF1AE64FF00009414AFFF707
:10579000F8BABEF1000FCBD01EEA030F3FF446AFBC
:1057A000CAE74FF0FF3202FA03F3049A1A40049258
:1057B000C6E40A9A0499B2B1374A1A40B2F1D46FDA
:1057C00011D84FF0FF30120DC2F16B0200FA02F255
:1057D000914240D0BEF1000F7FF425AF11EA0C0FCB
:1057E0003FF424AFEDE64FF0FF32F1E72A4D1D40C4
:1057F000B5F1D66F3FF669AFB5F15C7F3FF602AF0A
:105800002223002600271A9DCBF8003007E5024628
:105810000B463046394606F01DFA1A9C002200233A
:1058200006460F46254606F035FE00283FF4F7AC45
:10583000C6E54FF0FF33C2F14B0293400B40059396
:105840007EE402460B463046394606F005FA1A9DBC
:1058500006460F46E3E4114A93420CD00E4A1A4022
:1058600002F58013059300230493DDE90467DDE668
:1058700002460B467AE70131F0D1222300261A9D19
:10588000054FCBF80030CAE402460B46B4E60023CD
:1058900048E600BF781502000000F07FFFFFEF7FB1
:1058A000014BFFF735B800BFE00600208C4600B57D
:1058B00086461346034A714610685DF804EB62465B
:1058C000FFF726B89C00002084460A460249034B95
:1058D00008686146FFF71CB89C000020E006002025
:1058E0002DE9F04705460C46DFF888A01346294607
:1058F0002246DAF80000FFF70BF802460B46044692
:105900000D4606F0F9FD48BB2946204606F052FE3A
:1059100020F0004706461849384606F011FFD0B976
:105920003846154906F0EEFEA8B925F000494FF0BB
:10593000FF3220464946114B06F0DEFD38B92046BD
:1059400049464FF0FF320D4B06F0B8FD18B1222248
:10595000DAF800301A603046BDE8F087002D0848BC
:1059600004DAFCF71DFE00F10046F4E7BDE8F0475D
:10597000FCF716BE9C000020FFFF7F7FFFFFEF7F3C
:10598000241202002DE9F0470446DFF8A0A00A46E1
:10599000274B2146DAF80000FEF7BAFF02460B4615
:1059A00004460D4606F0A8FD002833D129462046BE
:1059B00006F000FE20F0004706461E49384606F075
:1059C000BFFEE8B938461B4906F09CFEC0B925F079
:1059D00000494FF0FF3220464946174B06F08CFD38
:1059E00038B9204649464FF0FF32134B06F066FDAA
:1059F00030B12222DAF800301A603046BDE8F08774
:105A000016F0FF4FF9D10D4B2B40002BF1D1304652
:105A1000BDE8F087002D0A4804DAFCF7C1FD00F16B
:105A20000046EAE7BDE8F047FCF7BABD9C0000205D
:105A3000E0060020FFFF7F7FFFFFEF7F0000F07F89
:105A400024120200242B2DE9F84F42D8012B40D01C
:105A50001F468E468046484875461EF801BB10F822
:105A60000B4014F00804F7D1BBF12D0F6FD06FF08D
:105A70000049BBF12B0F04BF9EF800B005F1020EE8
:105A80007BBBBBF1300F4CD00A273B460025B9FB4E
:105A9000F7F6284607FB169A05E03BD0012507FBE1
:105AA00000C01EF801BBABF1300CBCF1090F06D9E8
:105AB000ABF1410CBCF1190F1AD8ABF1370C6345AF
:105AC0001FDDB5F1FF3FECD08642E6D24FF0FF3547
:105AD000E7E7F7F777F91622034600201A60BDE8DA
:105AE000F88F102BD2D1BBF1300F23D01F46CDE75A
:105AF000ABF1610CBCF1190F03D8ABF1570C634546
:105B0000DFDC6B1C2BD054B9002AE8D085BB1160B8
:105B1000BDE8F88FE245C1DA4FF0FF35C1E74042FA
:105B2000F2E79EF8003003F0DF03582B08D0082777
:105B30003B46ABE79EF8000000F0DF005828D5D1C7
:105B400010279EF801B03B460EF1020E9EE79EF82C
:105B500000B04FF00049012405F1020E90E7222326
:105B6000C8F8003032B10EF1FF3148461160CFE77E
:105B70008146F8E74846B2E74D0E0200FFF762BFE4
:105B80008C4600B586461346034A714610685DF898
:105B900004EB6246FFF756BF9C0000208C4600B520
:105BA00086461346034A714610685DF804EB624668
:105BB000FFF748BF9C0000202DE9F04707460E463E
:105BC000484C304616F801EB14F80EC01CF0080CD7
:105BD000F7D1BEF12D0F5AD0BEF12B0F09BF64468D
:105BE000644696F800E0861C4BB9BEF1300F5CD0DD
:105BF0000A234FF0050A9946DFF8EC800AE0102BE3
:105C00004AD04FF0FF38B8FBF3F803FB08FA994687
:105C10006FEA0A0A0025284605E02CD0012509FB79
:105C200000C016F801EBAEF1300CBCF1090F06D93B
:105C3000AEF1410CBCF1190F0BD8AEF1370C634536
:105C400010DDB5F1FF3FECD04045E6D94FF0FF3510
:105C5000E7E7AEF1610CBCF1190F03D8AEF1570CB8
:105C60006345EEDC6B1C0BD004B140420AB165B950
:105C70001160BDE8F087D445D0DD4FF0FF35D0E7A7
:105C8000222328463B60002AF3D0711EF0E796F8E5
:105C900000E00124861CA7E7BEF1300F11D04FF0C1
:105CA0000F0A6FF070489946B4E7337803F0DF03CA
:105CB000582B0BD008234FF0070A6FF06048994625
:105CC000A8E7307800F0DF005828E8D14FF010093D
:105CD00096F801E04FF00F0A6FF070484B4602361D
:105CE00098E700BF4D0E020099999919FFF764BF1C
:105CF0008C4600B586461346034A714610685DF827
:105D000004EB6246FFF758BF9C0000208C4600B5AC
:105D100086461346034A714610685DF804EB6246F6
:105D2000FFF74ABF9C00002010B4034CD4F8E040B9
:105D3000A44610BC604700BFE0060020034649B1FE
:105D4000FF2A02D801200A7070478A224FF0FF30E4
:105D50001A60704708467047B9B37F2A27D90346AF
:105D6000A2F18000B0F5F06F24D3A2F50060B0F589
:105D7000784F10B52BD3A2F58030B0F5801F36D206
:105D80000023940CC2F3053E64F30703C2F3851CA1
:105D90006EF30F2302F03F026CF3174362F31F63AD
:105DA00043F0803343F0700304200B6010BD0120EA
:105DB0000A707047930902F03F0263F03F0362F0FC
:105DC0007F0202200B704A70704708467047140B20
:105DD000C2F3851302F03F0264F01F0463F07F03F7
:105DE00062F07F0203200C704B708A7010BD8A2213
:105DF0004FF0FF301A6010BD5FFA82FC0346C2F319
:105E00000722D9B1B2B102F17F00C0B21E2804D975
:105E100002F12000C0B20F2812D8ACF140003E2899
:105E200003D98CF080007C280AD802200A7081F8FF
:105E300001C07047012081F800C0704708467047D4
:105E40008A224FF0FF301A60704700BFD3B28446F9
:105E5000C2F3072229B3EAB102F17200C0B20128ED
:105E600021D902F15F00C0B25D2821D803F15F00A3
:105E7000C0B25D2811D943F0800303F15F00C0B2C6
:105E80005D2815D84FF08F0C03204A708B7081F875
:105E900000C0704701200B70704702200A704B70E1
:105EA00070470846704703F15F00C0B25D28F4D91F
:105EB0008A234FF0FF30CCF80030704770B55FFA9E
:105EC00082FEC2F3072269B37AB18446A2F12100AF
:105ED0005D2829D8AEF121005D2825D81868A8B121
:105EE00002200A7081F801E070BD186860B18C462C
:105EF00042F61B001A6042232CF8030B8B7004201F
:105F0000614681F800E070BD0120FAE78C46012669
:105F100042F21B4542241E602CF8035B05208C7066
:105F20006146DEE7012070BD8A234FF0FF30CCF8D8
:105F3000003070BD2DE9F04F894692461E460D4651
:105F400085B05A4F03902A4615F8014B3B5D13F07C
:105F50000803F8D12D2C7DD02B2C41D04FF0FF32EF
:105F600002936FF00043CDE90023002E43D1302C83
:105F700079D00A27B0463E46DDE900013A4643465D
:105F800006F0F4FB002383468E4618461946A446C5
:105F900010E08E4508BF83454CD000FB08F307FB9B
:105FA0000133A0FB07010B44201843EBE4710123EC
:105FB00015F801CBACF13004092C05D9ACF1410442
:105FC000192C1ED8ACF13704A64222DDB3F1FF3FF5
:105FD000EED083457EEB0103DBD24FF0FF33E7E7E2
:105FE0004FF0FF3102936FF000432C78CDE900139E
:105FF000951C002EBBD0102E3ED037464FEAE678D7
:10600000BAE7ACF16104192C03D8ACF15704A642ED
:10601000DCDC5A1C13D0029A12B1404261EB410100
:10602000BAF1000F03D0002B3DD1CAF8009005B0A3
:10603000BDE8F08FA242B0DA4FF0FF33B8E7222379
:10604000039A1360BAF1000F28D0DDE9000105F1D1
:10605000FF39EAE74FF00040009301232C78CDE9A7
:106060000103951C81E72B7803F0DF03582B0ED03A
:106070000827B0463E467FE7302C03D037464FF026
:10608000000879E72B7803F0DF03582BF6D11027AF
:106090006C784FF000083E4602356DE7DDE90001FF
:1060A00005B0BDE8F08FCDE90001CEE74D0E02004E
:1060B000FFF740BF8C4600B586461346034A71463B
:1060C00010685DF804EB6246FFF734BF9C000020C7
:1060D0008C4600B586461346034A714610685DF843
:1060E00004EB6246FFF726BF9C0000202DE9F04F2D
:1060F0008B461E460D4685B05F4F039001922A469F
:1061000015F8014B3B5D13F00803F8D12D2C7ED020
:106110002B2C03BF2C780293951C02936EB9302C64
:1061200000F086804FF00A09B2464FF0050C4FF0A0
:1061300099374E46DFF8448117E0102E6CD04FEAB5
:10614000E67A324653464FF0FF304FF0FF3106F00B
:106150000DFB32460746884653464FF0FF304FF05E
:10616000FF3106F003FBB14694460022104611466B
:1061700010E0414508BFB84239D000FB0AF209FBE4
:106180000121A0FB090211440122181841EBE3711F
:1061900015F8014BA4F13003092B05D9A4F14103F3
:1061A000192B0CD8A4F137039E4210DD541CEFD0FC
:1061B000874278EB0102DCD24FF0FF32E8E7A4F12E
:1061C0006103192B03D8A4F157039E42EEDC531C44
:1061D00012D0029B13B1404261EB4101019B1BB104
:1061E00092B9019BC3F800B005B0BDE8F08F6345DC
:1061F000C3DD4FF0FF32CBE72223039910460B603B
:10620000019B1146002BEFD005F1FF3BE9E701238D
:106210002C780293951C81E7302C19D04FF00F0C8D
:106220004FF0FF376FF07048B1464FF0000A9CE71F
:106230002B7803F0DF03582B0FD04FF00809B2463C
:106240004FF0070C4FF0FF376FF060484E468CE779
:106250002B7803F0DF03582BE0D14FF010096C7856
:106260004FF00F0C4FF0FF376FF070484FF0000AFF
:106270004E46023579E700BF4D0E020099999919F3
:10628000FFF734BF8C4600B586461346034A714675
:1062900010685DF804EB6246FFF728BF9C00002001
:1062A0008C4600B586461346034A714610685DF871
:1062B00004EB6246FFF71ABF9C00002070B582B065
:1062C000069D044655B11048D0F8E4606AB12046F6
:1062D0000095B047431C10D002B070BD00F1F4052A
:1062E0000948D0F8E460002AF1D101231146204684
:1062F000064A0095B047431CEED100228A232A604B
:10630000236002B070BD00BFE0060020241202002E
:10631000F0B50D46134983B00E6801466BB11C46BB
:10632000114BD3F8E4707DB1134630462A460094F1
:10633000B847431C10D003B0F0BD0B4B06F1F4047A
:10634000D3F8E470002DEFD1012329463046074AE7
:106350000094B847431CEED100228A2322603360A8
:1063600003B0F0BD9C000020E006002024120200D3
:1063700070B5054684B05BB11C460F4BD3F8E060A6
:10638000234669B12846B047431C0FD004B070BD06
:10639000094B00F58274D3F8E06023460029F1D15F
:1063A0000A46284601A9B047431CEFD100228A23A0
:1063B00022602B6004B070BDE006002070B5134B66
:1063C00084B01D686AB1124B1446D3F8E06078B10E
:1063D0000A46234601462846B047431C0FD004B066
:1063E00070BD0B4B05F58274D3F8E0600028EFD147
:1063F0002346024601A92846B047431CEFD100229C
:106400008A2322602B6004B070BD00BF9C00002076
:10641000E006002010B51C4682B0049B0094019356
:106420004FF0FF3304F0FEF802B010BD30B58C46DB
:10643000864615461C46064B83B0186871464FF0D9
:10644000FF336246CDE9005404F0ECF803B030BDF0
:106450009C000020002100F001B800BF10B500F042
:10646000A5F8044604F006F9A0F11A03DBB2022BEA
:1064700006D9A4F1090004288CBF0020012010BD1A
:10648000012010BD0229C0F30722C3B224D0032982
:1064900003D082F0800283F0800302F15001C9B280
:1064A0001F290BD902F13001C9B2242932D84FF289
:1064B000A641884224D94FF0FF3070474CF6D37183
:1064C0008842F8D8B03A3149C2EBC212A13B03EB83
:1064D000420331F8130070479E2B95BF7F21802126
:1064E0007E3B23339F2A94BF703A503201EB420126
:1064F000CAB202F15001C9B21F29DBB2D2D8DDE71E
:10650000D03A2349C2EBC212A13B03EB420331F85C
:1065100013007047A13A072ACDD8DFE802F03128EE
:106520001E18130F0B04C02BC5D81A4AA13B32F812
:1065300013007047F12BBED8174A19E0D82BBAD8F0
:10654000164A15E0F62BB6D803F540507047F32BEA
:10655000B1D803F53E5020307047114A1A4412F862
:10656000A12C002AA7D003F57E40603070470D4A69
:10657000A13B32F81300002808BF4FF0FF307047EE
:10658000094AA13B32F81300704700BF34310200C2
:10659000B816020060480200A04802004449020008
:1065A000B4490200104A0200CC4A020038B5054640
:1065B000B9B101F5957420461149F6F759FC28B98F
:1065C0002846BDE838400121FFF75CBF20460D4951
:1065D000F6F74EFC38B92846BDE838400221FFF7EF
:1065E00051BF094CE7E720460849F6F741FC28B9B6
:1065F0002846BDE838400321FFF744BF284638BD90
:10660000F40F0200081002000A0800200010020027
:1066100010B5124904461248F6F72AFC28B920465C
:10662000BDE810400121FFF72DBF0E490C48F6F7D9
:106630001FFC28B92046BDE810400221FFF722BF09
:1066400009490748F6F714FC28B92046BDE8104070
:106650000321FFF717BF204610BD00BFF40F020053
:106660000A080020081002000010020038B5054694
:10667000A1B101F5957420460949F6F7F9FB08B96F
:10668000284638BD20460749F6F7F2FB0028F7D028
:1066900020460549F6F7ECFB284638BD034CEAE7EF
:1066A000F40F020008100200001002000A08002087
:1066B0004B1C70B51AD014469389526823F02003FE
:1066C000A381236BCDB2A3B1636B934209DD236831
:1066D0005A1E226003F8015C636801336360284638
:1066E00070BD214603F02CF90028F0D04FF0FF35A3
:1066F000F5E7236921682BB18B4203D211F8013CE5
:10670000AB420ED023460320C4E90E12012204F14D
:1067100040066063266303F8425F2846C4E90032FE
:1067200070BD01390132C4E90012D8E710B50C463A
:10673000096B69B104F14003994201D0F6F720FEDC
:106740000020E36B2063636013B1A36B236010BD73
:106750000021A2894FF0FF3042F020022369A2817C
:106760006160F3E72DE9F04F85B0019302FB03F37D
:106770000E9C9BB38846D4E90015AB4244D98346AE
:106780001E464FF00009CDE9023204F1400A4046AE
:106790002A46F6F74BFC2068216B28443746C4E9AB
:1067A0000009A844761BE9B1514502D05846F6F7D6
:1067B000E7FDE16BC4F83090616099B10D46A16BC3
:1067C000B5422160E3D332464046F6F72FFCD4E9C8
:1067D0000021891B3244C4E90021019B184605B001
:1067E000BDE8F08FDDE902322B44DB1BB3FBF2F393
:1067F00000211846A28942F02002A2812269C4E940
:10680000002105B0BDE8F08F1E46DCE72DE9F04F12
:10681000E5B002AFC7E90C02B1F90C20BB619404EA
:1068200089464B6E05D442F4005223F400538A810A
:106830004B669804C3F3403400F1BA87A24608229D
:10684000214607F14000F6F7FBF8C7E90A4409F1D1
:106850004003FB603C62FC613C617D4BD3F8E4404B
:10686000FBF794FD07F14002009203467A6B386B08
:1068700007F13C01A04700284ADB7B6B014603443B
:106880007B63FB6B002B00F0C08001284FD0252BD1
:1068900056D00028E1D07B6B01385E1AD9F804305D
:1068A00034181A46002A06F1FF3517DDD9F80030F2
:1068B00018786A780133904205F1010140F0A58013
:1068C000D9F80420A14202F1FF32C9F80030C9F81A
:1068D000042000F0AB80002A0D46E7DCD9F8301028
:1068E000002900F04D87FB68994202D0386BF6F71B
:1068F00047FD0022D9F83C30C9F83020C9F80430EF
:10690000002B00F03D87D9F83830C9F80030CFE7C8
:106910004FF6FD730822002107F14000FB63F6F7F4
:106920008FF87B6B01337B63FB6B002B6DD0494A87
:10693000D25C110700F128840120252B0146AAD141
:10694000002422467E6B3578A5F1250306F1010B64
:10695000552B5AD8DFE813F0A20659005900590008
:1069600059000406590059005900590059005B05A7
:106970005B055B055B055B055B055B055B055B0517
:106980005B05590059005900590059005900590038
:10699000590059008000250159005900590059003B
:1069A0005900590059006F00590059004F01590012
:1069B0005900590091015900590059005900990591
:1069C00059005900C0055900590059005900590093
:1069D0005900590082002701590059005900E0056B
:1069E00099066F005900B405EC05CD055101FA0573
:1069F0005900590093017600FD0559005900990589
:106A0000590076004FF0FF33BB623B6A43B13B6AEB
:106A10001868BB6A013300F03B8108B1FCF732FE15
:106A2000B86A07F5C677BD46BDE8F08F0235554414
:106A3000A5EB060A11E72307E7D1757844F00204B5
:106A40005E4681E72507E0D175785E467CE700BFAA
:106A5000E00600204D0E020044F001040026C7F8B5
:106A600034B044F04004D9F80430002B41F39C8149
:106A7000600641F19D81022E00F0CA82032E00F0D3
:106A8000ED81012E00F01C81012A38BF012214F093
:106A90000103164604F010027A6200F0A983002A6E
:106AA00040F0EB85BA69200652F8043BC7E905328D
:106AB00040F1F787002BA8D08020FCF7DBFD834650
:106AC00000289FD07B6918603B6ADC889D88AC42B7
:106AD00080F0EF8618687B693A6A40F82430631CBE
:106AE000D3802023C7F808B07B600024FB6A07F13D
:106AF0006008FB62FBF74AFCA04200F04E86D9E931
:106B00000021FB6A12F8010B0139032B08F804007D
:106B1000C9F80410C9F8002004F1010407F1580570
:106B200002D12B68042B04D0082200212846F5F757
:106B300087FF0095234659464246386BFFF7BEFB58
:106B4000411C034600F02986002840F0BF857A6A80
:106B5000A244013E6AB9CBF800207A693AB1BA681A
:106B6000ABEB02047A68B2EBA40F40F23A860BF169
:106B7000040BD9F804200024002A40F36584002E79
:106B8000B7D1FB627B693BB1BB68ABEB03017B68B0
:106B9000B3EBA10F00F24D877B6A002B7FF45DAE53
:106BA000C5E344F001040A230326FB61A74B3B61C4
:106BB000D9F80430002B29DCD9F83010002900F076
:106BC000DF8509F14003994204D0386B7A63F6F708
:106BD000D7FB7A6B0023C9F83030D9F83C30C9F8BC
:106BE0000430002B00F0CC85D9F83830C7F834B029
:106BF000C9F800303CE744F001040823FB61944BE2
:106C000003263B61D9F80430002BD5DDD9F800000C
:106C1000904D0378EB5C190741F1148009F14008AD
:106C20007C6300234446904607E00130C9F8000029
:106C30000178695C0A0740F1A282D9F804100AF1D0
:106C4000010A01390029C9F80410EEDCD9F8301026
:106C5000002900F09585A14203D0386BF6F790FB30
:106C60000023D9F83C10C9F83030C9F804100029C5
:106C700000F08685D9F83800D8E744F001040226F0
:106C800096E7BB6A23B1B9F80C305B067FF5BFAE5F
:106C90003B6ADE8818687EB100248146A046051F45
:106CA00055F8043F01341868FCF7ECFC2B68A64249
:106CB000C3F80080F4D148464FF0FF33BB62ACE626
:106CC000002A08BF4FF0FF3204F0100314F0010552
:106CD0007B6100F03183002B40F0ED84B969200620
:106CE00051F8043BBB60B96140F1D4867A62002B55
:106CF0003FF48BAE8020FCF7BDFC7A6A0646002884
:106D00003FF480AEBB6818603B6ADC889D88AC426B
:106D100080F0FB851868BB683E6040F824303B6A11
:106D20000134DC8020237B604FF0000BFC6A07F10C
:106D30006008C7F824A0FA62FBF728FB584500F06A
:106D40002C85D9E9003213F8011B013A032C08F80D
:106D50000B10C9F80420C9F800300BF1010B07F142
:106D6000480A03D1DAF80030042B04D008220021AD
:106D70005046F5F765FECDF800A031465B46424629
:106D8000386BFFF79BFA411C044600F0068500288B
:106D900040F0AC84054630600822002107F1500025
:106DA000F5F74EFEDFF8B0C02A4607F15805294630
:106DB000386BDCF8E0C007F15003E047012814BF4E
:106DC000002597F8585007F188035B5D002B00F011
:106DD0007D867B6A032C5B447B6200F08F84FB6AB8
:106DE000013BFB627B694BB9BB68043633B13B683E
:106DF000F51A7B68B3EBA50F40F2E384D9F80430B1
:106E00004FF0000B002B40F38584FB6A002B93D1DD
:106E1000D7F824A0FC627B69002B7FF41EAD3360A1
:106E2000BB68002B00F083823B687A68F11A8B10F4
:106E300001339A4240F27B82BC6804312068FDF73E
:106E4000B7FB002800F07382206070E27D5B0100D8
:106E5000ED5C01004D0E0200E00600200026531EEE
:106E6000262B8ABFA2F127084FF00008272209F13C
:106E700040037B62334607F1600B5D46C7F8148020
:106E800090465A46D346D7F81CA044F45864D9F823
:106E9000001091F800C0ACF12B004D283CD8DFE881
:106EA00000F0753B753B3B81636363636363637AA7
:106EB0007A3B3B3B3B3B3B3B2727272727273B3B5B
:106EC0003B3B3B3B3B3B3B3B3B3B3B3B3B3B3B69E4
:106ED0003B3B3B3B3B3B3B3B2727272727273B3B7A
:106EE0003B3B3B3B3B3B3B3B3B3B3B3B3B3B3B69C4
:106EF000BAF10A0F10DD24F4386405F801CBD9F893
:106F0000040001380028C9F8040067DD0131B8F138
:106F10000108C9F80010BAD1C7F81CA0DA46934698
:106F2000E00505D55D4500F2C3825D453FF46DADDA
:106F300014F0100213D15946FB69386BD7F810C012
:106F40002A70E047BB69A10603F1040840F1A98259
:106F50001B681860BB6AC7F818800133BB62A5EBD9
:106F60000B053544AA4478E49F4824F4386430F98A
:106F70001AA0C2E704F4C060B0F5007FCCD124F4BD
:106F800000744FF0100A44F4A064B6E72006C3D59D
:106F900024F08004B1E7944830F91AA0BAF1080F40
:106FA000A9DCB9E72005A8D5BAF1000F03D14FF04D
:106FB000080A44F40074600500F17082786924F4D2
:106FC000607418B10138786108F10108D9F804003B
:106FD000013601380028C9F8040097DCD9F83010D0
:106FE000002900F04886786A814205D0386BFA6142
:106FF000F6F7C6F90023FA69D9F83C10C9F8303021
:10700000C9F80410002900F03686D9F838107EE758
:10701000002A08BF4FF0FF32E00704F0100340F1F0
:107020002481002B40F03E83B96951F8040BB9610B
:107030002106786240F13D85BB607A6100283FF40B
:10704000E4AC8020FCF716FB7A698046BB68002818
:107050003FF4D8AC796A0860396ACC888D88AC4234
:1070600080F03D840868C6464FF0200C796A40F8ED
:107070002410396A0134CC80D9F800105B4D0978AE
:107080006E5C16F0080661D1C7E9015E93461D46A5
:10709000C7F814C0FBF77AF9B04200F07E83D9E953
:1070A000003213F8011B013AC9E9003207F160030D
:1070B00099553B60FB6A0136032B07F1580402D156
:1070C0002368042B04D0082200212046F5F7B8FCE1
:1070D00000943A6833464146386BFFF7EFF8421C9C
:1070E000F86200F05A83002840F06284C8F800007B
:1070F000FFF7B0F9002840F0A684B2440BF1FF3B43
:10710000002D40F0C0847B6A08F10408002B00F0D9
:10711000BA84BB68A8EB03047B69B3EBA40F40F20D
:10712000FF852E46D9F80430002B40F3CC85D9F8E2
:1071300000301B787A68D35C1C0702D4BBF1000FC7
:10714000A8D12B46D7F814C0D7F808E0002B7FF45D
:1071500084ABC8F800307B6A002B00F0E880A8EB15
:107160000E018A100132944540F2E1801868043122
:107170001C46FDF71DFA00287FF466AED7E07C6B55
:107180004246C7F834B076E40025D9F8042009F166
:1071900040040FE0D9F800301A78144901338A5CB2
:1071A00012077FF55AABD9F804200AF1010A013A17
:1071B000C9E90032002AEDDCD9F83010002900F0CE
:1071C000D783A14202D0386BF6F7DAF8D9F83C3011
:1071D000C9F83050C9F80430002B00F0C983D9F841
:1071E0003830C9F80030D7E7884B02004D0E020056
:1071F0007A6A002A40F00882BB69240653F8045BCF
:10720000BB6140F10783002D3FF4FFAB3046FCF734
:1072100031FA0446002800F0C7823B6A2860B3F8C0
:107220000680B3F804B0D84580F0E98318683A6A5C
:1072300008F10103D38040F82850CDF80090214692
:1072400033460122386BFFF78DFA044600283FF4DD
:1072500018AD864240F2D58001462868FDF7A8F9AE
:10726000002800F0CE802860CBE0002B40F06D8439
:10727000BB6914F0800453F804BBBB6100F02382A7
:107280007A62BBF1000F3FF4C0AB2020FCF7F2F9AB
:107290000646002800F088823B6A7A6ADC889D886E
:1072A000CBF80000AC4280F0C28218683B6A40F81C
:1072B00024B00134DC802024D9F80000B94D0378D3
:1072C000EB5C190700F1CA825346B046AA46154640
:1072D000D9F80420013AC9F80420421CC9F800205A
:1072E000027808F8012BBBF1000F04D0A8EB0602CE
:1072F000A24280F07283013D0BD0D9F80420002A0D
:1073000040F30584D9F8000002781AF80220120729
:10731000DED59A464346991B46468A4401310023EE
:107320003370BBF1000F02D08C4200F2E683BB6ADF
:107330000133BB62FFF791BA7B69002B40F01881E3
:10734000BB6914F0800453F8046BBB6100F09E83AA
:107350007A62002E3FF459AB2020FCF78BF90546EA
:10736000002800F021823B6A7A6ADC8899883060C4
:107370008C4280F0858218684FF0200B3B6A40F801
:1073800024600134DC80D9F8001007F188080B78FC
:1073900018F80330002B3FF438ABC7F814A02C4684
:1073A000C246904609F140037B622846D9F8045052
:1073B000013DC9F804504D1CC9F80050097800F887
:1073C000011B16B1051B5D452CD20546B8F101081D
:1073D0000BD0D9F80410002940F3B881D9F8001077
:1073E00008781AF800000028DFD12C1BD7F814A069
:1073F0003FF40BAB00232B701EB1611C8B4500F2D8
:107400000384BB6AA2440133BB62FFF726BA14F0BF
:107410008F0F7FF4FAAA02EB820205EB4202303AA8
:10742000FFF712BB4FEA4B0B20465946FDF7C0F859
:107430000446002800F0B88105443060C6E7D9F85A
:107440000420002A3FF755ABD9F83010002900F08E
:10745000C98309F14002914204D0386BFB62F5F711
:107460008FFFFB6A0022C9F83020D9F83C20C9F808
:107470000420002A00F0B683D9F83820C9F800208B
:10748000002E7FF436ABFFF77CBB44F4007410236E
:10749000FB61454B03263B61FFF78ABB24F4B064D4
:1074A0002BE5220740F14982BB691B68187051E542
:1074B00015F8011C4A46386B013DFFF7F9F834E531
:1074C00023077FF4A2AA75786C2D00F066825E46D1
:1074D00044F00104FFF738BA594607F188007A6290
:1074E000FAF70EF901267A6A44F040047863FFF750
:1074F000BABAE10600F18A81BA6952F8043BBA616E
:10750000220700F18181660740F1FA83A3F800A009
:10751000C7F834B0FFF7A1B925077FF476AA7578CC
:10752000682D00F034825E4644F00404FFF70CBA84
:1075300014F08F037FF469AA3D6A002D00F0C08229
:10754000757844F080045E46FFF7FEB944F4087491
:107550009DE70A23FB61144B03263B61FFF728BB21
:1075600022437FF452AA757810245E46FFF7ECB9E7
:10757000D9F8003007F18808197818F801100029A7
:107580003FF443AA0133C9F80030D9F80430012A86
:1075900003F1FF33C9F8043000F06F81934609F11D
:1075A000400417E04D0E0200ED5C0100D9F80030F8
:1075B0001A78013318F80220002A00F05E81C9F819
:1075C0000030D9F804300136013B5E45C9F804307B
:1075D00000F05381002BE9DCD9F83010002900F0CD
:1075E0003F81A14202D0386BF5F7CAFED9F83C3092
:1075F000C9F83050C9F80430002B00F03181D9F8B7
:107600003830C9F80030D3E7D9E90002B24280F23D
:1076100099831C4609F14003C7F824A025469A46E1
:10762000D9F830101044A346B046C9F800001444FD
:10763000B61A002900F03283514502D0386BF5F7B5
:107640009FFED9F83C20C9F83050C9F80420002A20
:1076500000F02483D9F8380096424FF00001C9F8B1
:107660000000DFDCD7F824A008EB0B04921B3044A9
:10767000C9E90002A244FFF7F0B84FF0000BC7E9D8
:1076800001BBC7F814B0FFF730BA0023FB61C64B4B
:107690000326C7F834B03B61FFF7E5B9C7F834B04B
:1076A000FFF7F7B84FF0000C07F13C018846E646BB
:1076B000C7F824C0E0E4002307F13C067B603B6090
:1076C000BB60FFF731BB5E46A346F5E5821C3FF485
:1076D000B6AE0328A24402D12A68042A00D0013E93
:1076E0007A6A002A3FF439AAFFF743BA821C0CD009
:1076F00035686B1C7FF450ABFFF765BBDAF80030E0
:10770000042B7FF46CABFFF76DBBD9F80430002B72
:107710003FF712ABD9F83010002900F07E8209F152
:107720004003994202D0386BF5F72AFE0023C9F8CE
:107730003030D9F83C30C9F80430002B00F06D82AD
:10774000D9F83830C9F80030FFF75FBBD9F83010EE
:10775000002900F07B827B6A994202D0386BF5F7F2
:107760000FFE0023D9F83C10C9F83030C9F80410D6
:10777000002900F06B82D9F83810C9F800102FE604
:107780000022B9F80C30D9F8101043F02003C9F8E2
:107790000010A9F80C30C9F80420BB6A23B1B9F86D
:1077A0000C305A067FF531A93B6A002B7FF470AA92
:1077B0004FF0FF33BB62B86A07F5C677BD46BDE838
:1077C000F08F3868D900FCF7F3FE386000283FF4EA
:1077D00019A97B68BA685B00461910607B60FFF7E7
:1077E0000DBBB868D1001546FB62FCF7E1FEB8603E
:1077F00000283FF407A97A696B007B6000EB040B5B
:10780000FB6A1060FFF7B3B983F800A0C7F834B083
:10781000FFF723B8CDF80090334629460122386B94
:10782000FEF7A0FF044600287FF4EBADB5E74FF666
:10783000F6739D427A623FF62BAAD7F8208008356E
:10784000D8F80000A900FCF7B3FE00283FF420AAF6
:107850007A6AA8F80450C8F8000027E501215EE51F
:107860000023C9F80430B9F80C3043F02003A9F81C
:107870000C30D9F81030C9F80030B244FEF7EDBF33
:107880004FF6F67399427A623FF602AAD7F820B013
:1078900001F10808DBF800004FEA8801FCF788FED8
:1078A00000283FF4F5A97A6AABF80480CBF8000011
:1078B00062E54FF6F6739D423FF6A4A8D7F8208004
:1078C0000835D8F80000A900FCF772FE00283FF444
:1078D00099A8A8F80450C8F80000FFF7FCB84FF6C4
:1078E000F6718D42BB607A613FF68CA83E6A08351E
:1078F0003068A900FCF75CFE00283FF483A8BB6851
:107900007A69B5803060FFF7AEBB4FF6F6739D42E3
:107910007A623FF677A8D7F820800835D8F80000BB
:10792000A900FCF745FE00283FF46CA87A6AA8F885
:107930000450C8F80000FFF7EEB9630774D414F0E0
:10794000010240F0DA81A10740F1D781174B396974
:10795000386B99425946FB6900F0F681FEF7A8FBA7
:107960000B46BA691168C1E90003FFF7F3BAA244F4
:107970000023C9F80430B9F80C3043F02003A9F80B
:107980000C30D9F81030C9F80030FEF766BFB57872
:1079900044F008040236FEF7D7BFB57844F002047D
:1079A0000236FEF7D1BF00BF7D5B0100ED5C010038
:1079B000FB6A02333FF4B6ABD8F80000FEF74AFD8D
:1079C000002840D1FB6AB244032B7FF497AB2368B5
:1079D000042B7FF493ABFFF793BB64003046214642
:1079E0007B617A62FCF7E4FD064600283FF4DCAEDA
:1079F0007A6A7B6900EB0208CBF800007BE44FF663
:107A0000F6739B453FF644A93B6A0BF1080B1868D7
:107A10004FEA8B01FCF7CCFD00283FF439A93B6A03
:107A2000A3F804B0186002E4BB691B681880FFF774
:107A300091BA7C692068FCF7BBFD00283FF4ACA834
:107A40002060FFF7A9B82B46D7F814C0D7F808E094
:107A5000D7F800B0002E3FF479ABB3445D46F3464F
:107A60003C6BC7F814C0BB60013E4A46204615F87F
:107A7000011DFEF71DFE002EF6D1DE46D7F814C01C
:107A8000BB68FFF763BB0026FFF74CBB3546A34638
:107A9000264678E47B69BE68C7E90033BB60FFF720
:107AA00043B97B6AD7F814B0C7E901337B61FFF7AC
:107AB0001CB8D7F824809C469E467B62FFF7DCBA50
:107AC00082B0CDE9023302AB3B6239E5D7F824A09E
:107AD000FC62BBF1000F3FF49EA95D4608EB0B046E
:107AE000D7F83080013D4A46404614F8011DFEF7A4
:107AF000DFFD002DF6D1FFF78EB9DBF80000FCF7B3
:107B000057FD00283FF413ACCBF800000FE4D9F880
:107B10003010002900F01C8109F14002914204D08C
:107B2000386B7B62F5F72CFC7B6A0022C9F83020A9
:107B3000D9F83C20C9F80420002A00F00981D9F8BE
:107B40003800C9F80000FFF7DFBBD9F800309A4DC4
:107B50001978695C11F008087EF47FAE0133C9F82A
:107B60000030D9F80430012A03F1FF33C9F804309A
:107B700008BF0AF1010A3EF470AE09F140069346CF
:107B8000324601244646904612E0D9F800301A7871
:107B90000133AA5C10073FF56DADC9F80030D9F884
:107BA00004300134013BA345C9F8043000F0B28031
:107BB000002BEADCD9F8301000293FF4D8AE41455B
:107BC00002D0386BF5F7DCFBD9F83C30C9F83060EF
:107BD000C9F80430002B3FF4CAAED9F83830C9F8E0
:107BE0000030D4E7FB620023C9F80430B9F80C3048
:107BF00043F02003A9F80C30D9F81030C9F8003050
:107C0000002C3EF4BFAFC8E53068FCF7D1FC00287B
:107C10003FF4F7AB3060FFF7F4BB0023C9F8043042
:107C2000B9F80C30D7F824A043F02003A9F80C30A1
:107C3000D9F81030FC62C9F80030BBF1000F3FF4F6
:107C4000EAA8AAE5C7F834B0FEF715BF0023C9F8C3
:107C50000430B9F80C30A54243F02003A9F80C30E9
:107C6000D9F81030D7F814A0C9F800303FF495AD1A
:107C70002C1BFFF7BFBB0023C9F80430B9F80C3048
:107C8000C7F81CA043F02003A9F80C30D9F8103035
:107C9000DA46C9F800309346FFF742B90023C9F825
:107CA0000430B9F80C30D7F824A043F02003A9F829
:107CB0000C30D9F81030C9F80030002C3FF46DAD0D
:107CC000A244FEF7CABDD9F83010002955D009F1F9
:107CD0004003994202D0386BF5F752FB0023C9F8F4
:107CE0003030D9F83C30C9F80430002B45D0D9F8F1
:107CF0003830C9F80030FFF71CBABB69FFF728B964
:107D0000E5070AD4A40708D54FEAEA72C3F800A031
:107D10005A607BE5DA44FEF7A0BDC3F800A075E524
:107D2000B868D9001E46FCF743FCB86000283EF452
:107D300069AE7A6A730000EB04082E4610607B611E
:107D4000FFF7F0B9344691E4FEF79AFA0B4608E6DD
:107D50009A464346991B0023C9F80430B9F80C3001
:107D60008A4443F02003A9F80C30D9F81030464675
:107D70000131C9F80030FFF7D2BA0022C9F8042057
:107D8000B9F80C202B4642F02002A9F80C20D9F8B3
:107D90001020D7F814C0D7F808E0C9F80020002E4A
:107DA0007FF4FBACFFF7D2B9D7F834B0FEF704BFCD
:107DB000D7F834B0FEF72ABF4D0E02002DE9F04F80
:107DC000DDB00C4691460D910F938346FAF7F0FA19
:107DD000036818461A93F5F79FF9082218900021B6
:107DE0002CA8F4F72DFEA389180603D52369002BD0
:107DF00000F01587002300249E46CDE9313300238F
:107E000033AACDE91634DA4614464D46CDE91BEEC9
:107E10003092CDF864E0CDF880E0CDF874E0CDF894
:107E200028E0CDF848E02F466E4BD3F8E460FAF72F
:107E3000ADFA0DF1B00C03463A46504628A9CDF8EC
:107E400000C0B047002800F09F80C0F29580289BBA
:107E5000252B01D00744E7E7B7EB0508064640F0BD
:107E6000978000224FF0FF33934609937B787E1C66
:107E70008DF897200B9299460136A9F120035A2BD1
:107E800000F2B280DFE813F0F302B000B000EF02BE
:107E9000B000B000B000FD02B000B0006A003502D2
:107EA000B0002702D202B000CE025B005B005B0094
:107EB0005B005B005B005B005B005B00B000B00040
:107EC000B000B000B000B000B0002801B000AA01BE
:107ED0003E02280128012801B000B000B000B00027
:107EE0003A02B000B000A802B000B000B000D0016B
:107EF000B000BC02B000B0008A06B000B000B00014
:107F0000B000B000B000B000B0002801B000AA017D
:107F100001022801280128012B0201027400B0008F
:107F20006402B0005502AF066E027400B000D001CA
:107F30007200AC06B000B000B206B00072000022C1
:107F4000A9F1300316F8019B02EB820203EB420217
:107F5000A9F13003092BF5D90B928EE70F9B53F84B
:107F6000042B002A0B920F93C0F2B281337882E780
:107F700033784BF0200B7EE7082200212CA8F4F781
:107F80005FFD012007444FE7B7EB0508064610D018
:107F9000329BC4E9005843443293319B0133072B91
:107FA000319315DC08340A9B43440A93002E7FF476
:107FB00058AF329B002B41F05E810D9B9B8903F0F3
:107FC0004003002B41F080830A985DB0BDE8F08F3C
:107FD00050460D9930AA01F087FC0028EDD133AC52
:107FE000E1E700BFE00600201096B9F1000FE0D0F5
:107FF000012300228DF80C91069343AD8DF8972054
:108000000C93CDE913220E92099211921BF00203F8
:1080100002D00699023106911BF08408329E05D1E8
:108020000B9906980F1A002F00F39B806AB101226A
:108030006260319A013601320DF19701072A3296BA
:108040003192216000F3D883083463B10223636066
:10805000319B0236013326AA072B329631932260D8
:1080600000F3BF830834B8F1800F00F0BF82099B92
:108070000C9A9F1A002F00F3F9821BF4807F40F0C6
:108080001E820C9B25601E446360319B3296013337
:10809000072B319300F33F8308341BF0040F05D006
:1080A0000B9B069A9D1A002D00F3B383DDE90A327B
:1080B00006998A42ACBF9B185B180A93002E40F0C9
:1080C0000883002331930E9B1BB150460E99F5F7A0
:1080D00057F933AC109DA6E60F9B1096073323F09B
:1080E0000703F3E802670F9327F000431F931E96E0
:1080F0004FF0FF32DDE91E01B24BCDE9166704F007
:10810000FBF9002840F0F484DDE91E014FF0FF3256
:10811000AC4B04F0D3F9002840F0EA84002200239D
:108120003046394604F0C0F9002840F0B2879DF887
:10813000972000210320A44DA44B2BF0800B0E911F
:108140000690B9F1470FD8BF1D46CDE9131109912B
:108150000C901191002A3FF459AF069B013306930E
:1081600054E7102F319A41F30D82DFF864C22146A3
:1081700030460D9C2E46CDF854C06546219304E050
:10818000103F102F01F1080116DD102301321030CD
:10819000072ACDE931200D604B60F1DD21465046C4
:1081A00030AA01F0A1FB002840F09B82DDE93120DC
:1081B000103F102F33A9E8DC35460C460646219BBC
:1081C000013215993E44072ACDE9312621606760C6
:1081D00000F381869DF89720083427E70F9BB9F1BB
:1081E000430F109603F1040603D01BF0100F00F0AC
:1081F0000185082200212EA8F4F722FC0F9A43AD36
:108200002EAB294650461268FEF7B2F803460133FA
:108210000C9001F054820C9B23EAE3730693002236
:108220000F968DF89720ECE600230F9F109657F8D5
:10823000045B8DF89730002D00F00085B9F1530FE5
:1082400000F094861BF01003119340F08F86099B79
:10825000002BC1F21B801A4628461199FAF754F9EF
:108260000E90002801F081820E9B11995B1B0C93EC
:1082700023EAE3734FF07309CDE913119DF89720BA
:108280000F97099106930E9164E71BF0200F10964B
:108290003ED00F9B073323F007031846596850F868
:1082A000083B0A460F900029C0F2CA8309990029A9
:1082B000C0F2888253EA02012BF0800740F08382EB
:1082C000099A002A40F08482BB460C925CAD64E1BE
:1082D0000B9B5B420B9333784BF0040BCBE533786D
:1082E000682B03BF73784BF4007B01364BF0400BD7
:1082F000C1E52B238DF897303378BCE533784BF00C
:10830000080BB8E54BF0100B1BF0200F1096C0D1F6
:108310000F9A1BF0100F52F8043B0F9240F0C283EB
:108320001BF0400F00F0BA8343F3C03211461BB27A
:10833000B9E71BF0200F109600F0C5830F9B0A9A37
:108340001B681A60D2175A600F9B04330F93C1E663
:1083500033786C2B03BF73784BF0200B01364BF056
:10836000100B88E547F630030F9AADF8983052F8B5
:10837000043B02210F924FF0780900221548109615
:108380004BF0020719900020099D8DF89700002DF1
:10839000C0F2EC8053EA020027F0800B40F0E58049
:1083A000002D40F0D285002940F0538317F00103DF
:1083B0000C9300F0718330230DF26F158DF86F313F
:1083C000EBE000BFFFFFEF7F600F02005C0F0200D9
:1083D000BC4B02006C0F020010964BF0100B1BF010
:1083E000200200F012830F9B073323F00703194686
:1083F0005A6851F8083B0F9100212BF48067C2E7BF
:1084000010964BF0100717F0200200F00B830F9B23
:108410000121073323F0070318465A6850F8083B38
:108420000F90B0E733784BF0800B24E5314611F81C
:10843000019BB9F12A0F01F02882A9F13003092B21
:1084400098BF002201F2A28011F8019B02EB820288
:1084500003EB4202A9F13003092BF5D942EAE2739A
:108460000E46099309E533784BF0010B03E59DF8BF
:1084700097203378002A7FF4FEAC20228DF89720D5
:10848000F9E45046F9F794FF436818461D93F4F752
:1084900043FE209007465046F9F78AFF83681B93F6
:1084A000002F3FF463AD1B9A3378002A3FF4E3AC0E
:1084B0001278002A3FF4DFAC4BF4806BDBE4B9F1B7
:1084C000650F40F33781DDE916010022002303F038
:1084D000E1FF002800F0D88101236360319B934ABB
:1084E00001330136072B32963193226000F3328537
:1084F0000834279B129A934280F2C982189B1A9AD9
:108500001E44C4E90023319B32960133072B31937B
:1085100000F37A830834129B5D1E002D7FF7BDADFA
:10852000102D319B40F3EB80DFF804921027DDF82B
:108530003480CDF8549004E00834103D102D40F301
:10854000E08001331036072BC4E90097CDE93136BE
:10855000F2DD4146504630AA01F0C6F9002840F04D
:10856000C080DDE9313633ACE7E75F46012900F032
:108570002A8102295CAD1ED1199803F00F01415CDC
:108580001B0943EA0273120905F8011D53EA0201AF
:10859000F3D1BB465CAB5B1B0C93099A0C9900238F
:1085A0008A42B8BF0A46CDE9133306920E939DF86E
:1085B00097201193CEE503F00701DB0843EA4273ED
:1085C000D208303153EA0206284605F8011DF2D1DF
:1085D000FB07DED53029DCD03023023805F8013C1A
:1085E0005CAB1B1ABB4605460C93D6E70B9B069A61
:1085F0009F1A002F7FF73BAD102F319B41F35B801B
:108600004B48224631464FF0100806460D9C159007
:1086100004E0103F102F02F1080214DD0133103185
:10862000072BC2E90068CDE93131F2DD2146504621
:1086300030AA01F059F9002853D1DDE93131103F5A
:10864000102F33AAEADC14460E460133159A3E4435
:10865000072BCDE931362260676000F3C084099BA7
:108660000C9A08349F1A002F7FF707AD304A102F5D
:10867000319B159221DD32464FF010082E460D9D9C
:1086800004E0103F102F04F1080414DD01332849E1
:108690001032072BC4E90018CDE93132F1DD29464B
:1086A000504630AA01F020F9D8B9DDE93132103F47
:1086B000102F33ACEADC354616460133159A3E449A
:1086C000072BCDE931362260676000F392810834D0
:1086D000D3E450460D9930AA01F006F900283FF482
:1086E000F0ACD3460E9B002B3FF467AC58460E9976
:1086F000F4F746FE0D9B9B8903F0400361E40C4AAE
:108700001592159A01332E44072B22606560CDE93E
:1087100031367FF7C1AC50460D9930AA01F0E4F82C
:108720000028DED1329E33ACB7E400BF9C0F0200BC
:10873000AC4B0200129B319F012B06F1010607F1A1
:10874000010704F1080940F310810123072FCDE947
:1087500031762560636000F38081189B01371A9A97
:108760001E44072FC9E90023CDE9317600F3828149
:1087700009F10809129B0022DDE916015C1E0023A5
:1087800003F088FE002840F00981013701352644B6
:10879000072FCDE93176C9F80050C9F8044000F33D
:1087A000F08009F108091C9B01371E44C9F8043008
:1087B000072F2AABCDE93176C9F80030ABDC09F1DF
:1087C00008046AE45F460A2B72F1000180F02583F9
:1087D00030338DF86F310123BB460C930DF26F15CA
:1087E000DBE650460D9930AA01F07EF800287FF4B0
:1087F00078AF329E33AC36E450460D9930AA1593CB
:1088000001F072F800287FF46CAF329E159B33ACF8
:108810001BE4102D319B40F33187DFF8CC82102709
:10882000DDF83490CDF8548004E0103D102D04F1B3
:10883000080415DD01331036072BC4E90087CDE9A4
:108840003136F2DD4946504630AA01F04DF8002895
:108850007FF447AFDDE93136103D102D33ACE9DC54
:108860000133159A2E44072BC4E90025CDE9313692
:108870007FF71CAC50460D9930AA01F035F800285E
:108880007FF42FAF329E11E42799002940F3338300
:10889000DDE911839845A8BF9846B8F1000F0ADDBD
:1088A000319B46440133072BC4E90058329631937B
:1088B00000F33E860834119FB8F1000FA8BFA7EB64
:1088C0000807002F00F3CB81DDF844901BF4806F84
:1088D000A94440F0EA81279B129A9342C0F2718228
:1088E0001BF0010F40F06D82129AAF18A7EB090739
:1088F000D51AAF42A8BF2F46002F0BDD319B3E4457
:108900000133072BC4F8009067603296319300F36F
:1089100085860834002FA8BFED1B002D7FF7BDAB67
:10892000102D319B7FF7EBAEDFF8C0911027DDF8FB
:108930003480CDF8549004E00834103D102D7FF7BA
:10894000E0AE01331036072BC4E90097CDE931368C
:10895000F2DD4146504630AA00F0C6FF00287FF401
:10896000C0AEDDE9313633ACE7E71BF0010F7FF431
:10897000ECAE0123072FCDE93176256063607FF7E8
:1089800012AF50460D9930AA00F0AEFF00287FF4D8
:10899000A8AEDDE931760DF1CC0904E7129B012B7D
:1089A0007FF701AF112B40F37F87504BCDF824B0F8
:1089B00010259B46DDF83480159305E009F1080980
:1089C000103C102C40F33C8301371036072FC9E9C7
:1089D00000B5CDE93176F1DD4146504630AA00F0D0
:1089E00083FF00287FF47DAEDDE931760DF1CC09FF
:1089F000E6E750460D9930AA00F076FF00287FF494
:108A000070AE329E33ACFFF738BB0F991BF01000ED
:108A100051F8043B55D11BF040054ED002460F9152
:108A20009BB2E9E40F9917F0100051F8043B41D1D3
:108A300017F040053AD00F91024601219BB2A2E403
:108A40005B425F464FF02D004FF0010162EB4202A6
:108A50009AE4099B5CAD0C939FE550460D9930AAB2
:108A600000F042FF00287FF43CAEDDE931760DF1E5
:108A7000CC0972E650460D9930AA00F035FF002867
:108A80007FF42FAEDDE931760DF1CC0972E61BF0F3
:108A9000010F3FF402AB31E55CAD7EE51BF4007FD6
:108AA00040F04F83DA171146FFF7FDBB17F4007251
:108AB00040F052830F91012165E41BF4007240F0F5
:108AC00046830F9198E41BF0100F40F094821BF046
:108AD000400F40F0CA831BF4007F00F08C820F9B94
:108AE0000A9A1B681A702FE4BC4B0200AC4B0200C0
:108AF000DDE9160102460B4603F0FEFC002840F0BB
:108B00001C86B9F1610F00F01F85B9F1410F00F02B
:108B10004A85099B013300F0EF8329F02003472B9E
:108B200000F0E1850E90DDE91612002A13464BF4A1
:108B30008078C0F2E68400231593DDE91623CDE9A1
:108B40002223A9F14103252B00F20E83DFE813F065
:108B500018040C030C030C03D803A5040C030C032A
:108B60000C030C030C030C030C030C030C030C038D
:108B70000C030C030C030C030C030C030C030C037D
:108B80000C030C030C030C030C030C030C030C036D
:108B900018040C030C030C03D803A504A64B109671
:108BA00019931BF0200200F01A810F9B073323F06A
:108BB000070319465A6851F8083B0F911BF0010F43
:108BC00009D053EA020106D030218DF899904BF07C
:108BD000020B8DF8981002212BF48067FFF7D3BBAE
:108BE0005F4610960FE41096FFF7F9BB934B109673
:108BF0001993D6E70F9B43AD1B688DF80C31012309
:108C000006930C93FFF70BBB50460D9930AA00F06A
:108C10006BFE00287FF465AD329E33AC7BE44021CF
:108C20005846F4F7A9FC0D9B18601861002800F065
:108C30003F8640230D9A5361FFF7DCB8099B294614
:108C4000062B28BF06232A4609950E95CDE9131158
:108C50007B4D06930F970C931191FFF77BBA102F62
:108C6000319B40F31D86774932464FF010090E467E
:108C7000DDF83480159104E00834103F102F40F3E4
:108C8000EE8101331032072BC4E90069CDE931329E
:108C9000F2DD4146504630AA00F026FE00287FF45F
:108CA00020ADDDE9313233ACE7E7129B2246EB1809
:108CB0000993139B4C46002B3146DDF85080CDF8CC
:108CC00044B0DDF86C90209EDDF834B0149531DDB1
:108CD000B8F1000F40F3338108F1FF3831981D9B44
:108CE000013031440728C2E900363291319000F357
:108CF00089800832099B99F800001F1B8742A8BF92
:108D00000746002F0CDD3198394401300728C2E9AD
:108D100000473291319000F3558199F800000832F4
:108D2000002FB4BF0546C51B002D14DC0444139B63
:108D3000002BCDDCB8F1000FCEDCCDF86C90A14655
:108D4000149D129B1446EB1899450E4628BF994670
:108D5000DDF844B0BFE5102D31983A4B23DD0C947B
:108D600010272C461D4604E0103C102C02F108028E
:108D700016DD0130334B10310728C2E90037CDE949
:108D80003101F1DD5946504630AA00F0ADFD002812
:108D90007FF4A7ACDDE93101103C102C33AAE8DCEC
:108DA0002B4625460C9C013029440728CDE931018A
:108DB0001360556000F3AD8399F800000832044455
:108DC000B5E7189A1A991644C4E90012319A3296F6
:108DD0000132072A319200F3C883083484E50F99E1
:108DE0001BF0100051F8043B0AD11BF0400503D0E2
:108DF00002460F919BB2E1E61BF4007240F09D81A8
:108E00000F91DBE65946504630AA00F06DFD002870
:108E10007FF467AC329933AA6CE707F480610C9752
:108E20000E944FF0000E0F46DFF81CB01B9C0DF5A2
:108E3000B87CCDF8189010E0800F02006C0F020093
:108E4000940F0200AC4B0200CDCCCCCC0A2B72F1BB
:108E5000000237D343463246AC46991841F100012F
:108E6000ABFB010626F0030000EB96004FF0CC367A
:108E7000091A581A06FB00F662F10009A0FB0B80E4
:108E80000BFB09660644052008F00109A9FB00094F
:108E900040184FEA5808303048EAC6780EF1010E03
:108EA0000CF1FF350CF8010C7608002FCED021789C
:108EB0008E45CBD1BEF1FF0FC8D00A2B72F1000254
:108EC00080F0DA801B94DDF818900C9F0E9CCDF892
:108ED00048E0FFF75EBB50460D9930AA159300F0AD
:108EE00003FD00287FF4FDAB9DF89720329E159B73
:108EF00033ACFFF79BB801236360319B994A013380
:108F00000136072B32963193226000F3FE8008343D
:108F1000002976D1129A0BF0010313433FF4BDA848
:108F2000189B1A9A1E44C4E90023319B32960133E0
:108F3000072B319300F3D38104F1080272E0139BF5
:108F400009F1FF39013B1393C8E601295F467FF41D
:108F500010AB3DE450460D9930AA00F0C5FC002846
:108F60007FF4BFAB329E33ACFFF7C3BA0DF1B80844
:108F70000822002140462995F3F762FD099B002B4A
:108F8000C0F28C8000260697CDF83090374699467F
:108F90000FE04346504643A9FDF7EAF9421C06F1AB
:108FA0000406384400F0BD83484506DC00F0FE832B
:108FB0000746299B9A59002AEBD1DDF830900C978F
:108FC000069F79E05946504630AA00F08DFC0028F3
:108FD0007FF487AB99F80000329933AAA0E6504697
:108FE0000D9930AA00F080FC00287FF47AAB329E05
:108FF00033ACFFF73CB80F9B0A9A1B681A60FFF767
:10900000A3B9189B1A9A1E44C4E90023319B3296D7
:109010000133072B319300F3628104F10802002928
:10902000C0F20B83129901330E44072BCDE9313680
:10903000156051603FF76FAB02F10804FFF72DB8E0
:10904000DDF824B00137159B2644072FCDE9317692
:10905000C9F80030C9F804407FF7A3AB91E4164685
:109060000133159A3E44072BCDE931362260676003
:1090700000F32981083427E4209B1D99ED1A1A4634
:109080002846F8F749FC637803B101344FF0000E2D
:10909000E0E62D228DF89720FFF74BB800235046CD
:1090A0001946CDF8008029AAFDF7B4F9034601332B
:1090B0000C9000F0368329950C9B002B31D0632B4C
:1090C00000F3F780002343AD0E93082200214046B1
:1090D000F3F7B6FC0C9E294633465046CDF8008087
:1090E00029AAFDF797F9864240F0F28300230C9AF3
:1090F000CDE9133322EAE271AB549DF897200F9724
:10910000069109931193FFF725B850460D9930AA9F
:1091100000F0EAFB00287FF4E4AA2799329E33ACE2
:10912000F6E60C9B9DF89720CDE913330F97069335
:10913000099311930E93FFF70DB82A460F91DBB2F6
:109140003CE543F3C01211465BB2FFF7ACB82A46C8
:109150000F91DBB2FFF750B90F912A460121DBB224
:10916000FFF711B99C0F0200099B5046019302239F
:1091700000932EAB049329AB039327AB0293DDE955
:109180002223F9F7E5FA1BF0010F054640F00782AC
:109190002E9B1B1A1293279B1193119BD91C03DB47
:1091A000099A9A4280F28E81119BA9F10209013B32
:1091B000002127935FFA89F2002B8DF8A820B6BF13
:1091C0002D222B22119B8DF8A920B8BFC3F10103DA
:1091D000092B40F392820DF1BF073A46DFF8D0C267
:1091E0001E461046ACFB0321C90801EB8102A3EB2C
:1091F00042023032632E00F8012C0B4600F1FF32A0
:10920000EEDC303302F8013C831EBB4280F03A832F
:109210000DF1A90213F8011BBB4202F8011FF9D19D
:109220005CAB181AA0F1AD031C93129B1C9A012B86
:109230001A440C9240F370820C9B189A13440C93BE
:109240002BF4806343F4807B00230C9A149322EA6E
:10925000E272069213931193159B002B40F021812B
:109260009DF897200993FEF775BF0F9B0A9A1B681C
:109270001A80FFF769B80D9C5046214630AA00F0CD
:1092800033FBA38903F04003FEF79BBE2846F3F7A8
:1092900043FF119B20EAE0714FF07309CDE91333CE
:1092A0009DF897200F970C90099306910E93FEF767
:1092B00051BF5046591CF4F75FF90546002800F0ED
:1092C000FF820E9001E750460D9930AA00F00CFB8A
:1092D00000287FF406AA329E33ACFFF7F5BA504659
:1092E0000D9930AA00F000FB00287FF4FAA9DDE90F
:1092F0003136279933AA92E606230E90099312E499
:109300000223099A0132069200932EAB069E049323
:1093100029AB039327AB019602935046DDE9222344
:10932000F9F716FA29F02007462F054618BF4527FA
:10933000064405D12B78302B00F03781279B1E4443
:109340000022DDE92201002303F0A4F8002840F008
:1093500022812E9BB34206D230215A1C2E921970C4
:109360002E9B9E42F9D8279A11925B1B472F12938E
:109370003FF413AF462F00F02681119B013B17E706
:1093800027AADDE92201F9F70FF900224FF07F53F8
:1093900002F018FE02460B46CDE906230022002308
:1093A00003F078F808B101232793099B414A591E1D
:1093B000414BCDE911B4B9F1610F08BF1A462E46F1
:1093C000D346CDF8309013958946DDE9064592469F
:1093D000099207E00022002303F05CF8002840F027
:1093E000D181B9460022354B2046294602F0EAFDDC
:1093F0000D46044603F096F8804602F079FD0246D9
:109400000B462046294602F025FC1AF80830B9F12F
:10941000FF3F324604460D4609F1FF3706F8013B8F
:10942000D8D11746264B0022CDE90645DA46DDF8AD
:109430003090129CDDF844B0139D03F053F80028DF
:1094400000F0128209992E9716F8012CC97B334639
:10945000914209D1302003F8010C2E9B5A1E2E9206
:1094600013F8012C9142F6D0392A0BBF099A013228
:10947000927AD2B203F8012C33465B1B1293279BDE
:10948000B9F1610F119303F1FF33279300F0C2810B
:1094900050224FF0410901218EE6099B06930323D8
:1094A00032E72D2200238DF897200993FEF755BE51
:1094B000CDCCCCCC800F02006C0F020000003040FD
:1094C0000000E03FDDE91123934200F3DB801BF055
:1094D000010F119B00F04781189A13440C931BF461
:1094E000806F00F07A81119B4FF06709002B7DDCC3
:1094F0000C9B23EAE37306930023C346CDE91333A1
:10950000AAE622912D2103F1004315912393FFF741
:1095100018BB5946504630AA00F0E6F900287FF4FF
:10952000E0A899F80000329933AA0444FFF7FFBB82
:1095300050460D9930AA00F0D7F900287FF4D1A841
:10954000329E33ACFFF7B7B978238DF899303023CA
:109550008DF89830099B4BF0020B632B00F3B98018
:10956000002343AD0E93FFF7DEBA50460D9930AAA3
:1095700000F0BAF900287FF4B4A8279B329E33ACE0
:10958000FFF7B2B9AE491591FEF71ABE00230E4699
:109590000993FEF772BC279A33461192E5E6099BC0
:1095A0004727C618CCE65823CFE70022DDE9220181
:1095B000002302F06FFF002800F02781279B1E4444
:1095C0001193731B12931199099A0BF0010300294F
:1095D00043EA020340F32D81002B40F001814FF05C
:1095E0006609119B0C931BF4806F81D01B990B783B
:1095F000FF2B00F061810026119A304604E0013013
:109600000131FF2B00F0D880934280F2D580D21A2E
:109610004B78002BF3D10B780136F2E750460D99C9
:1096200030AA00F061F900287FF45BA8279D129B07
:10963000329E33AC5D1BFFF76DB94F4210312CDA0F
:10964000DFF800821024CDF8548003E00832103F88
:10965000102F24DD01331036072BC2E90084CDE939
:109660003136F3DD50460D9930AA00F03DF900285F
:109670007FF437A8DDE9313633AAE8E7704A15925E
:10968000FFF7EEB8129B189A9A18119B0C92002BB8
:1096900040F3AE804FF06709A5E76A4915910133A1
:1096A00015993E44072BCDE931361160576000F320
:1096B000B3800832B6E4634A1592FEF7C6BF0D9A2E
:1096C000938943F0400393814FF0FF330A93FEF7F1
:1096D0007BBC5046591CF3F74FFF05460028EED0DF
:1096E0000E90FFF720BA099B002B7FF41BAA099B61
:1096F0000E9301230993FFF716BA002940F08280E8
:1097000030228DF8AA200DF1AB02303302F8013B74
:109710002AABD31A1C9388E51BF0010F3FF490ADE0
:109720008AE50022D3460D9B0E92B3F90C3043F02C
:1097300040030D9A9381FEF7D5BF179B0320002BA2
:10974000B8BF2D224FF00003A8BF9DF897201946FF
:109750000E933D4D3D4BB8BF8DF897202BF0800BFD
:109760000690FEF7EEBC0C93B9E6099B4FF0730927
:10977000CDE913009DF897200F9706930C9309905D
:10978000FEF7E8BC49460029DA46DDF83090129C25
:10979000DDF844B0139DFFF66FAE4B1C302231460E
:1097A000334401F8012B9942FBD166E6099BDDF8B1
:1097B0003090069F0C937FE4CDE913061B91119224
:1097C000DDE91332209913440C9AC34601FB0323AD
:1097D0000C9323EAE37306933EE54FF0670987E6AF
:1097E0001346189A4FF0660913440B440C93FAE69B
:1097F000C3F101031A4422EAE2734FF067090C92A5
:10980000069379E60DF1AA027FE7069BC3F10103F7
:10981000279394E570223EE650460D9930AA00F059
:1098200063F800287EF45DAFDDE9313633AAFFF737
:10983000F9BB6BB901234FF0660906930C935BE605
:10984000BC4B0200AC4B0200680F0200640F020028
:10985000189B4FF0660903F1010B099B5B440C93C5
:1098600023EAE373069347E60022DDE906011C4B79
:1098700002F010FE00283FF4FFAD18F0010F3FF496
:10988000FBADDFE502231C93CFE40F9A73780E46FD
:1098900052F8041B0F9241EAE1720992FEF7EBBA0B
:1098A000104A1592FFF7DCBB0E4B1593FFF7CABBAE
:1098B0000C23CBF8003007E70023CDE913337FE713
:1098C0000D9BD346B3F90C300E9043F0400330E7C4
:1098D0000D9BD346B3F90C3043F0400329E700BF9A
:1098E0000000E03FAC4B02002DE9F04115469268C4
:1098F0002C68FAB107468846083402E0134608345B
:10990000C3B16B685E1E002B6E6013DD54F8046CEF
:10991000002EF3D033464146384654F8082C01F067
:10992000ABFE431C07D0AA680834921B1346AA60FA
:10993000002BE6D100200023C5E90133BDE8F0810A
:109940002DE9F0410C46096B04F14003994214D013
:10995000666B77003A46FAF735FE054630B300EB02
:109960000608014632464046F3F760FBC4E90C574F
:10997000C4F800800020BDE8F0814FF48061F3F767
:10998000FBFD98B14FF4806194F84220206361633D
:1099900080F8FF2394F8412000F2FD3380F8FE2385
:1099A00094F8402080F8FD232360E3E74FF0FF3078
:1099B000E1E700BF70B54C1C39D00E460546144691
:1099C00010B1436B002B71D0626EB4F90C30D1072B
:1099D00001D49A054DD523F020025807A28106D460
:1099E000D9066DD51B0754D442F00402A281226B24
:1099F0006368F6B2F2B1626B9A420FDD23685A1EB9
:109A0000226003F8016C6368626E0133D207636001
:109A100002D4A3899B0537D5304670BD2146284620
:109A2000FFF78EFF0028E9D0636ED80751D54FF0BD
:109A3000FF36F1E7626E2069216802F0010228B169
:109A4000884203D211F8010CB04232D00320E36304
:109A50002346C4E90D01012104F14005256303F803
:109A6000426FC4E90031002AD6D1A3899B05D3D423
:109A70000AE0A06DF3F7F2F9B4F90C3023F02002FC
:109A80005807A281B3D4ABE7A06DF3F7EFF93046E6
:109A900070BD21462846F7F7BBFB0028C4D1B4F9B6
:109AA0000C20A06022F00802A0619DE7F2F7EEFC16
:109AB0008AE701390133C4E90013002AACD1A8E7D1
:109AC000626ED207B3D49905B1D4A06DF3F7CEF985
:109AD000ADE7A389F7E700BF03460A4602490868D5
:109AE0001946FFF767BF00BF9C000020844610B4F2
:109AF0000E4C1CF8013B11F8010BE25C02F0030272
:109B0000012A225C08BF203302F00302012A05D09B
:109B10001B1A08D10028ECD110BC70472030181A4D
:109B2000E7D010BC7047184610BC70474D0E0200BD
:109B3000830710B5044610D10268A2F1013323EA6D
:109B4000020313F0803F08D150F8042FA2F1013333
:109B500023EA020313F0803FF6D003781BB110F81C
:109B6000013F002BFBD1F8F771FC204610BD00BF70
:109B70000B4632B913F8012B002AFBD1581A0138D1
:109B80007047013A16D010B401E0013A09D013F839
:109B9000014B00F8014B002CF7D1581A013810BCCA
:109BA0007047027013F8012B002AFBD1581A0138B4
:109BB00010BC70470270DDE722B310B50244864640
:109BC000114C04E01B1A1BD1B8B1964516D01EF8F3
:109BD000013B11F8010B14F803C00CF0030CBCF1AD
:109BE000010F14F800C008BF20330CF0030CBCF1C7
:109BF000010FE7D12030181AE7D010BD002010BDAA
:109C0000184610BD104670474D0E02000020014955
:109C1000704700BF0000F87F144600B51A460A4B93
:109C20000D461B6885B0DE6803464CB107490191BB
:109C3000304607490294009500F060FD01F07CFD7C
:109C400004490C46F3E700BF9C00002018120200F4
:109C5000281202002412020008B513460022FFF762
:109C6000DBFF00BF38B5A1FB021454BBF3F784FC43
:109C7000054650B350F8042C22F00302043A242A7B
:109C800010D8132A13D91B2AC0E9004416D9242A54
:109C9000C0E902440ABFC0E9044400F1100200F127
:109CA000180205E02146F2F7CBFE284638BD0246F1
:109CB00000232846C2E90033936038BD00F1080252
:109CC000F6E7F3F77FF80C2303600025284638BD3C
:109CD0000148F3F7C3B800BF985F00200148F3F7CD
:109CE000C5B800BF985F00202DE9F0410469B4EBCE
:109CF000611F05DC0023036100234361BDE8F0819F
:109D000000F114054E1111F01F0C05EB840E05EB4C
:109D1000860321D055F8261004339E4521FA0CF114
:109D2000CCF120082DD92F461A6802FA08F20A430E
:109D300047F8042B53F8041B9E4521FA0CF1F3D885
:109D4000A31B9B00053B9B08013305EB830445F8EF
:109D5000231079B104340DE09E4588BF00F1100254
:109D6000C8D953F8041B9E4542F8041FF9D8A41B18
:109D700005EB8404631B9B10AC420361BCD0BDE8BF
:109D8000F08141610029B5D02C46E3E72DE9F04F81
:109D90001C4685B000900868934682780B46302AAE
:109DA000029440F0F381C11C0A780C46302A01F17C
:109DB0000101F9D0A4EB0009A9F10209DFF8C08282
:109DC00018F80220002A00F0EF80002722783D4694
:109DD00018F80220002A00F07781264616F8012F95
:109DE00018F80220002AF9D101223046A549019332
:109DF000F2F7DEFE019B824600284DD03278002D1E
:109E000000F0A581A5EB060A4FEA8A0A02F0DF02FC
:109E1000502A35464DD01E60002F74D12B1B013BBC
:109E2000072B394604DD5B10072B01F10101FADC39
:109E30000098F9F781FE0346002800F06A8200F1DD
:109E40001406A542019640F2CA8100270390B94644
:109E50000DE0202F1AD0394604372A7818F802204E
:109E600002F00F028A4049EA0209A54254D015F8CF
:109E7000012D2E2AEDD1A542EBD30122284681499E
:109E8000F2F796FE0028F0D0202FE4D1002146F80A
:109E9000049B04278946E0E7002D00F068813278B2
:109EA000A5EB060A02F0DF02502A35464FEA8A0A7D
:109EB000B1D16A782B2A00F048812D2A40F0D58054
:109EC0000120AA78AE1C18F802104A1E182A00F2C7
:109ED000D5807278103918F8022001365AB90CE092
:109EE00001EB810102EB4102A2F1100116F8012FF2
:109EF00018F802200AB1192AF2DD00B149428A4459
:109F00001E60002F8AD0B9F1000F0CBF0625002576
:109F1000284605B0BDE8F08F039B019A46F8049BE4
:109F2000B61AB6101E6148460393F9F7DFFE7601B4
:109F3000DBF80040361AA642039B76DCC0F20981AA
:109F40000027DBF808205245C0F23E81DBF80420F0
:109F500052454EDDA2EB0A0A544500F39580DBF82A
:109F60000C10022900F0E180032900F0538101293F
:109F700040F0DF80544540F0DC80012C0AD01846C8
:109F8000611E0393FAF7E8FA039B002800F0D180E2
:109F9000DBF804200121029862250260019A196110
:109FA00011600E9A1360B3E70122204635490193F0
:109FB000F2F7FEFD019B0746002840F0878062789B
:109FC000651C18F80210002900F08280302A2C4607
:109FD00040F02B8114F8012F302AFBD018F8022012
:109FE0004FF00109B2FA82F77F09002A7FF4F5AE3B
:109FF0006AE0012587B1DBF80C20022A6FD0032A22
:10A0000071D0012A06D1B90704D5019A1268174305
:10A01000FA076BD445F0100528460E9A1360029B90
:10A02000C3F800A005B0BDE8F08F361B18463146D6
:10A03000FAF792FA039B074678B10127711E01983F
:10A040004A1150F8220001F01F0207FA02F2024200
:10A0500003D0B94200F3CF8002271846314603935C
:10A06000B244FFF741FE039B6BE718F80210002093
:10A070004A1E182A05F101067FF62BAF2E46CAE6C6
:10A08000CC4B0200941002000AF1FF35002F40F083
:10A09000A480002D40F0A78001220198691150F89A
:10A0A000211005F01F05AA400A42184651460393A5
:10A0B00018BF47F00207A4EB0A04FFF715FE0225BC
:10A0C000DBF804A0039B95E726468DE6254622781B
:10A0D00002F0DF02502A00F099801D6013E70F9A0A
:10A0E000C2F101020F920F9A002A93D001991E69C2
:10A0F00088460A4600274FEA860901EB860003E0FE
:10A10000904242F8047C45D9944652F8041BB1F1C0
:10A11000FF3FF5D00131022DCCF800107ED014F0B5
:10A120001F0440F0AE80212576E70F9900293FF407
:10A1300031AF502519460098F9F724FD0023284631
:10A140000E9A136005B0BDE8F08F0020B9E6AA466C
:10A150005CE6A61B194632460098F9F751FF00F15C
:10A16000140203460027AAEB060A0192E9E6727878
:10A17000751C18F802102E4600293FF447AE16F859
:10A18000012F18F802100029F9D13BE64FF0000921
:10A19000841C13E69A6896424ADA0121022D06EBE6
:10A1A000010003EB86061861DDF80480716135D08B
:10A1B000002874DC00221A6100225A61DBF80820B2
:10A1C0000AF1010A5245AEDA19460098F9F7DAFCAD
:10A1D00000230E9AA32513609AE601275CE74FF04F
:10A1E0000009019E99E6184629460393FAF7B4F947
:10A1F000039B074650E71846B11E0393FAF7ACF9E4
:10A20000039B00283FF428AF032726E74FF0000AFE
:10A2100001274EE60F9900298BD0BBE6DBF8002022
:10A22000013AA24262D02225F6E64FF00109D4E5B8
:10A230005968009801310193F9F77EFC019B0746AC
:10A2400000286CD01A6903F10C01023292000C3024
:10A250000193F2F7EBFE019B00981946F9F792FC87
:10A2600001213B69022D03EB010007EB83033861F9
:10A2700007F1140859613B46D0D08642BFF64FAF74
:10A2800096E7C14459F8040C0193F9F72FFDC4F186
:10A290002004A042019BBFF646AF186988E75A69BF
:10A2A00008EB800003F11804A0424FEA520229D9BA
:10A2B0004546216842EAC17245F8042B54F8042B44
:10A2C000A0424FEA5202F4D8C11A19398908013163
:10A2D00048F8212008EB810102B10431A1EB08020A
:10A2E000921041451A617FF469AF65E7012261115F
:10A2F00058F8211004F01F04A2400A4214BF21257F
:10A30000222589E6C8F800200AB14146E5E71A612E
:10A3100052E70246E421054B0548FFF77DFC024663
:10A320008421024B0248FFF777FC00BFEC100200CB
:10A330005812020010B504688646013409E014F88A
:10A34000013BA3F1410CBCF1190F98BF203393429C
:10A3500007D111F8012B002AF1D10120CEF80040DD
:10A3600010BD002010BD00BF0B682DE9F04F591142
:10A3700002EB810113F01F0306464FF000050DBFED
:10A380000846081D8E46A1F1040E316885B040F8DC
:10A39000045C4C1C4978002900F0AF807746F446F5
:10A3A0000093AA460B46A9467146AB469646DFF88F
:10A3B00084810246019610E0202B00F296804D45E4
:10A3C00008DD674502D9BAF1070F67DDE6455CD3C2
:10A3D0004FF0080A14F8013FB3B118F80360002EDB
:10A3E000EAD00AF1010ABAF1080F05F1010542DCD1
:10A3F000DCF800301B0106F00F061E43CCF80060AD
:10A4000014F8013F002BE8D1104672468E46009B9F
:10A41000002D72D0BC4502D2BAF1070F74DD62453F
:10A4200055D26346111F53F8044B734541F8044F4E
:10A43000F9D9AEEB0C0323F003030EF10101043351
:10A440000CF1010C8C4588BF04230021134443F810
:10A45000041B7345FBD950F8041C19B107E05EF8E2
:10A46000043D23B97245FAD10123CEF8003005200E
:10A4700005B0BDE8F08FE645ACD24CF804BC002333
:10A480004FF0010AACF1040CB5E7ACF104074CF84D
:10A4900004BCA946BC464FF0000A9BE7CAF108007D
:10A4A00080006646CDE902C2DCF800308446C0F187
:10A4B000200A706800FA0AF21A4320FA0CF332609C
:10A4C00046F8043FB742F4D8DDE902C27EE750F80F
:10A4D000041C002BC1D04FF0FF34C3F1200324FA39
:10A4E00003F3194040F8041CB7E7104672468E4645
:10A4F00019462929019E009B03D0042005B0BDE820
:10A50000F08F0134346083E7DCF80040CAF10801C1
:10A510008900664688462546C1F12009716801FA1E
:10A5200009F42C4321FA08F5346046F8045FB74279
:10A53000F4D874E7CC4B02002DE9F04F89B0864681
:10A54000DDE9137A1E46002F53D01568002955D037
:10A55000129B002B62D0741E2EB30026CDE900E1C1
:10A56000DDF848B0043D029103920AE0019BF3B983
:10A570002868002831D0DC4552D2013C631C664675
:10A5800011D0D7E9009855F8042F3B460098DAF827
:10A59000E0C005A9E047421C34D000EB060CDC45C6
:10A5A000E4D9C7E90098304609B0BDE8F08F00282B
:10A5B0000CDD029B05A918445A1E00F1FF3E11F85C
:10A5C000013B02F8013F7245F9D10290039B2868D4
:10A5D0001A6804321A600028CDD10199039A01B19A
:10A5E00010600CF1FF36002230463A6009B0BDE839
:10A5F000F08F156800F586770029A9D14FF0FF3359
:10A600001293A8E706468A2100223046DDF800E0D2
:10A61000CEF800103A6009B0BDE8F08F129EC2E794
:10A620006646C0E710B584B00698054C00900798C0
:10A630000190044800680294FFF77EFF04B010BD4B
:10A64000E00600209C00002010B5044684B0069867
:10A65000019006480068009313460A462146044CC0
:10A660000294FFF769FF04B010BD00BF9C000020FA
:10A67000E0060020184B98422AD870B54FF0000E23
:10A6800040F6F904154D03E003F1010E74451DDB9E
:10A6900004EB0E0303EBD37323F0010202EB63021E
:10A6A00005EB420C9CF80110BCF80260BCF804C039
:10A6B00041EA06218C4460454FEA63034FEA4202B7
:10A6C000E2D8884206D25C1E7445E1DAFF2070BDF4
:10A6D000FF207047A85C70BDEF010E00CC4C02005B
:10A6E0000CB400B583B004AB53F8042B019300F015
:10A6F00019F803B05DF804EB02B070470EB400B572
:10A70000074A82B003AB0146106853F8042B01934B
:10A7100000F008F802B05DF804EB03B0704700BF2A
:10A720009C00002084462DE9F04F0E461546E14678
:10A73000C9B018AF0822002138461C460596079577
:10A740000D93F2F77DF9B9F1000F04D0D9F8343048
:10A75000002B00F03786059B5A6EB3F90C30D007FA
:10A7600002D4990540F12C859E0406D4059943F442
:10A77000005322F400528B814A66950400F1E4866E
:10A78000059AB2F90C30190740F1BF801269002A0E
:10A7900000F0BB8003F01A020A2A00F0C5800023F3
:10A7A0001FAA9246CDE91D33CDE91133DFF83CB243
:10A7B0001C920E9309930F93CDF82090DDE9075476
:10A7C000DBF8E460F7F7E2FD2A46034616A92046C7
:10A7D0000097B047002800F0C680C0F2BC80169BEE
:10A7E000252B01D00544EBE7079B0446EE1A40F009
:10A7F000BE804FF0FF32002306926A786C1C8DF801
:10A8000053300A9303930134A2F120035A2B00F230
:10A81000EF80DFE813F05402ED00ED004E02ED0092
:10A82000ED00ED005E02ED00ED006A00EB01ED00D1
:10A83000E501F601ED00F0015B005B005B005B00F1
:10A840005B005B005B005B005B00ED00ED00ED007A
:10A85000ED00ED00ED00ED00ED00ED0097017F0251
:10A86000ED00ED00ED00ED00ED00ED00ED00ED0080
:10A87000ED00ED001202ED00ED00ED007001ED00C5
:10A88000A202ED00ED00FC04ED00ED00ED00ED0096
:10A89000ED00ED00ED00ED00ED00ED009701BC01D5
:10A8A000ED00ED00ED009902BC017400ED00200305
:10A8B000ED001103F904F0027400ED007001720064
:10A8C000F604ED00ED001F05ED0072000021A2F17D
:10A8D000300314F8012B01EB810103EB4101A2F1DC
:10A8E0003003092BF5D90A918EE70D9B53F8042B01
:10A8F000002A0A920D93C0F27081227883E7039BAD
:10A90000227843F0200303937DE7059D48462946BE
:10A91000F2F734F8002840F03D86B5F90C3003F02A
:10A920001A020A2A7FF43BAF0599B1F90E20002ADA
:10A93000FFF635AF4A6ED60702D49D0540F1EB8590
:10A9400023464846079A059900F056FE0990099853
:10A9500049B0BDE8F08F082200213846F2F770F8C0
:10A96000012005442CE7079B0446EE1A12D0079BF2
:10A97000CAE900361E9B33441E931D9B0133072BEF
:10A980001D9313DC0AF1080A099B33440993002C38
:10A990007FF42FAF1E9BDDF82090002B40F0CA857E
:10A9A0000022059B1D92B3F90C3012E0059908981E
:10A9B0001CAAF6F721FB48B90DF17C0AE4E7B14681
:10A9C0000C9B1BB148460C99F2F7DAFC059BB3F9D6
:10A9D0000C30059A526ED10740F183805B0600F17E
:10A9E000BD85099849B0BDE8F08F00BFE0060020A2
:10A9F0000794002ACED000238DF8533001238DF820
:10AA0000BC2004932FAC0B934FF00009CDF830908D
:10AA1000CDF81890039BDDE91D2113F0840605D1C4
:10AA20000A9B04981D1A002D00F302839DF8530021
:10AA300078B10123013201310DF15300072ACDE92C
:10AA40001D21CAF80430CAF8000000F32B830AF174
:10AA5000080AB9F1000F0ED0022001320231CAF803
:10AA60000400072A15A8CDE91D21CAF8000000F34B
:10AA700025830AF1080A802E00F02A82069B0B9893
:10AA80001D1A002D00F36B820B9B01321944072A1B
:10AA9000CDE91D21CAF80040CAF8043000F39C82B9
:10AAA0000AF1080A039B580705D50A9B049A9C1AC9
:10AAB000002C00F30F83DDE9093204988242ACBF19
:10AAC0009B181B180993002940F0908200231D93C6
:10AAD0000C9B1BB10C990898F2F752FC0DF17C0A03
:10AAE0006CE69A053FF57AAF059CA06DF2F7BEF9CA
:10AAF000B4F90C3072E700230D9E079456F8044B0E
:10AB00008DF85330002C00F07584532A00F0BD837B
:10AB1000039B13F0100540F0B883069B002BC0F296
:10AB2000E8841A4629462046F7F7EEFC0C900028E8
:10AB300000F02C85031BCDE90B3523EAE373049366
:10AB400000F0B8BC0D9B432A079403F1040503D021
:10AB5000039BD80640F18283082200211AA8F1F74E
:10AB60006FFF0D9A2FAC1AAB214612680898FBF7BD
:10AB7000FFFB034601330B9000F0FB840B9B23EAA1
:10AB8000E373049300230D958DF853303CE7039B4A
:10AB90000794990640F1C7800D9B073323F0070304
:10ABA00018465A6850F8083B11460D90002AC0F22A
:10ABB0005B81069A002AC0F26481039A22F0800227
:10ABC000039253EA010240F05C81069B002B40F0A7
:10ABD000A78404930B9348AC65E10A9B5B420A93FC
:10ABE000039B227843F0040303930CE62B23227883
:10ABF0008DF8533007E6039B227843F080030393DC
:10AC000001E6204610F8012B2A2A00F0CE84A2F19A
:10AC10003003092B98BF002100F2848410F8012B27
:10AC200001EB810103EB4101A2F13003092BF5D9BE
:10AC300041EAE17304460693E6E5039B079443F07B
:10AC4000100212F0200100F087820D9B073323F0E1
:10AC500007031846596850F8083B0D90002022F46D
:10AC600080640394069C8DF853008442C0F2A08057
:10AC700053EA010422F4906240F0A083039C039203
:10AC8000069B002B40F08C80002840F0908214F04E
:10AC900001020B9200F0908230238DF81F319DF855
:10ACA000533004920DF21F14002B40F001810C93DD
:10ACB00003E1039B227843F001030393A3E59DF88E
:10ACC00053302278002B7FF49EAD20238DF8533033
:10ACD00099E5089E3046F7F76BFB436818461193D9
:10ACE000F2F71AFA129005463046F7F761FB8368CF
:10ACF0000E93002D3FF401AE0E9B2278002B3FF403
:10AD000082AD1B78002B3FF47EAD039B43F4806340
:10AD1000039378E5039B079443F010030393039B8D
:10AD200099063FF539AF0D9A52F8043B0D92039AFC
:10AD3000D20600F15282039A560640F14A8243F34A
:10AD4000C0310A461BB231E72278039B682A00F023
:10AD5000958243F04003039355E5039B079443F02A
:10AD6000100414F0200100F006820D9B073323F03D
:10AD700007031A46596852F8083B0D9200228DF8D5
:10AD80005320069A002AC0F21B8324F0800203920B
:10AD900053EA010275D1069B0120002B3FF474AFEA
:10ADA000012800F0BD8300230228194600F0298104
:10ADB00048AC03F00702DB0843EA4173C9083032AC
:10ADC00053EA0105204604F8012DF2D1039BDD076B
:10ADD00040F12581302A00F022813023069A023882
:10ADE00004F8013C48AB1B1A9A42B8BF1A46044605
:10ADF0000B93049257E0039B002143F0020303935B
:10AE000047F630030D9AADF8543052F8043B0794DE
:10AE10000D92B64A0F9200228DF85320069A002A0E
:10AE2000C0F2EF80039C53EA010024F080020392F9
:10AE300040F0E780022023E7039B07949C0640F143
:10AE4000CF810D9B099A1B681A60D2175A600D9B1F
:10AE500004330D93B2E42278039B6C2A00F007823E
:10AE600043F010030393CEE42D228DF85320069A6D
:10AE70005B4261EB4101002A03DB039A22F080026E
:10AE800003920A2B71F1000280F03A823033DBB278
:10AE90008DF81F31069B0DF21F14012BB8BF012343
:10AEA000049301230B939DF85330002B3FF4FFAE26
:10AEB00000230C93049B01330493039B13F00209BA
:10AEC0003FF4A8AD049B4FF0020902330493A1E5BF
:10AED0000A9B04981D1A002D7FF7D0AD102D40F36A
:10AEE0004583DFF80C82534640461026A046DDF825
:10AEF00020900446DDF814A004E0103D102D03F16D
:10AF0000080315DD01321031072AC3E90046CDE9F7
:10AF10001D21F2DD514648461CAAF6F76DF80028BF
:10AF20007FF44EADDDE91D21103D102D1FABE9DC96
:10AF30009A4623464446984601322944072ACDE9D9
:10AF40001D21CAF80080CAF8045000F34082069B15
:10AF50000B980AF1080A1D1A002D7FF795AD102DE8
:10AF6000DFF88C812ADD53461026AA46DDF82090B2
:10AF70002546059C06E0AAF1100ABAF1100F03F16C
:10AF8000080318DD01325A481031072AC3E90006C8
:10AF9000CDE91D21EFDD214648461CAAF6F72CF825
:10AFA00000287FF40DADDDE91D21AAF1100ABAF1E8
:10AFB000100F1FABE6DC2C4655469A460132294459
:10AFC000072ACDE91D21CAF80080CAF8045000F311
:10AFD000E1800AF1080A57E5059908981CAAF6F7D6
:10AFE0000BF858B91E990DF17C0A5BE50599089894
:10AFF0001CAAF6F701F800283FF468ADDDF82090B0
:10B00000DEE40F9848AC03F00F02825C1B0943EAB0
:10B010000173090904F8012D53EA0102F3D1069ADC
:10B0200048AB1B1B9A42B8BF1A460B9304923AE7EF
:10B03000102D40F37C822F4B50461396A2464FF0C2
:10B0400010081C46089E109304E0103D102D00F1DE
:10B05000080015DD01321031072AC0E90048CDE9AA
:10B060001D21F2DD304605991CAAF5F7C5FF002821
:10B070007FF4A5ACDDE91D21103D102D1FA8E9DCF2
:10B0800054468246139E0132109B2944072ACDE97B
:10B090001D21CAF80030CAF8045000F381810AF17A
:10B0A000080AC3E4059908981CAAF5F7A5FF00282B
:10B0B000A4D1DDE91D210DF17C0ACAE405990898A7
:10B0C0001CAAF5F799FF002898D1DDE91D210DF1A3
:10B0D0007C0AD0E4102C1D9B40F34582054E1025C0
:10B0E000DDF82090DDF8148010960AE06C0F020065
:10B0F000A8820200B8820200103C102C0AF1080A53
:10B1000016DD01331031072BCAE90065CDE91D3189
:10B11000F2DD414648461CAAF5F76EFF00287FF491
:10B120004FACDDE91D31103C102C0DF17C0AE8DC40
:10B130000133109A2144072BCAE90024CDE91D31BF
:10B140007FF7B9AC059908981CAAF5F755FF0028B8
:10B150007FF454AF1E99AEE40D9850F8043B0D9067
:10B1600012F010007FF47AAD12F0400400F04C8130
:10B1700001469BB272E50D9A52F8043B0D9214F011
:10B1800010027FF4FBAD14F0400000F04381114643
:10B190009BB2F3E5059908981CAAF5F72DFF002846
:10B1A0007FF42CAFDDE91D210DF17C0A6CE4069BD8
:10B1B00048AC04930B9376E6069B48AC049372E686
:10B1C000059DA86DF1F74AFEB5F90C306A6EFFF7E0
:10B1D000CBBA039A950500F18681D9170A46E5E4B2
:10B1E000039BD80600F10181039B590600F176818B
:10B1F000039B9A0540F1F9800D9B099A1B681A7010
:10B2000025E60794039CACE5039A079419E5AF4B38
:10B2100007940F93039B13F0200161D00D9B07331C
:10B2200023F007031846596850F8083B0D90039C1B
:10B23000E6070AD553EA010007D08DF8552044F0FF
:10B240000202039230228DF85420039A22F4806285
:10B250000392E0E59E4B07940F93DBE70D9B2FAC29
:10B260001B688DF8BC30012304930B938AE443F0F0
:10B270002003627803930134FFF7C5BA43F40073E7
:10B28000627803930134FFF7BEBA082200211AA89E
:10B290001794F1F7D5FB069B002BC0F2C98000255F
:10B2A000CDF810A0A8469A46DDF820900FE01AAB22
:10B2B00048462FA9FBF75CF8431C05F10405404400
:10B2C00000F05781504506DC00F05B818046179BFB
:10B2D0005A59002AEBD1DDF810A0CDF82C80B5E04A
:10B2E0000D9850F8043B0D90039810F010009ED17B
:10B2F000039911F0400400F0948001469BB296E758
:10B30000039A984602F480624FF0000C1346714D88
:10B310000DF5907ECDF810A007E0B8F10A0F71F19D
:10B3200000013AD3C8463146A64618EB010242F165
:10B330000002A5FB020626F0030000EB96004FF08A
:10B34000CC36121AB8EB020006FB00F661F1000AD7
:10B35000A0FB059005FB0A660644052009F0010ADA
:10B36000AAFB000A80184FEA5909303049EAC67929
:10B370000CF1010C0EF1FF340EF8010C7608002BD5
:10B38000CBD00E9A12786245C7D1BCF1FF0FC4D062
:10B39000B8F10A0F71F1000177D2DDF810A03EE696
:10B3A000059908981CAAF5F727FE00287FF426AE19
:10B3B000DDE91D210DF17C0AFFF738BB0392F7E4AC
:10B3C00003945EE54846F1F761F8FFF7C4B90599C3
:10B3D00008981CAAF5F710FE00287FF40FAEDDE9EF
:10B3E0001D210DF17C0AFFF749BB0D9B099A1B68D3
:10B3F0001A602CE5069B384C062B28BF06230D96B9
:10B400000B930493FFF700BB12F400711CBF21469D
:10B41000DBB223E414F400713FF4B0AC0146DBB2BC
:10B42000ACE4039911F400711CBF2146DBB2FEE6C7
:10B430001AAB009300230898194617AAFAF7EAFFF7
:10B44000034601330B9000F0948017940B9B73B369
:10B45000632B57DC00232FAC0C93082200211AA881
:10B46000F1F7EEFA0B9D1AAB009321462B46089894
:10B4700017AAFAF7CFFF854240F0A28000230B9A6B
:10B48000A35422EAE273049314E00B93129B1199E4
:10B49000E41A1A462046F6F73FFA0E990B9B4A78B3
:10B4A00012B10A4601320E924FF0000C3AE70B9BA4
:10B4B00004930C939DF853301BB100230D96069313
:10B4C000F8E4994606930D96FFF7A4BA800F0200A0
:10B4D0006C0F0200CDCCCCCC940F02000D9B099ACE
:10B4E0001B681A80B3E443F3C0110A465BB2FFF74E
:10B4F0005DBB2046F1F710FE20EAE0730C950B903F
:10B500000493D7E70898591CF2F736F80446002848
:10B510002FD00C90A1E7886DF1F7A8FCFFF710BAC7
:10B520003023B5E4002304460693FFF76DB9294B99
:10B530001093A8E5484605991CAAF5F75DFD00287B
:10B540003FF42EAAFFF742BAD40707D4059B9B8984
:10B55000980503D4059B986DF1F788FC4FF0FF33F5
:10B560000993FFF73EBA1B4A1092E1E5DFF86880C5
:10B57000E2E4059AB2F90C3043F040039381FFF7FF
:10B5800028BA069BDDF810A00B935FE7069B049397
:10B590000B938FE7059A536EDB07DFD493899F05E2
:10B5A000DCD4906DF1F762FCD8E70D9B627853F81C
:10B5B000041B04460D9341EAE1730693FFF723B998
:10B5C000059ADDF82090938943F040039381FFF7BB
:10B5D000F7B900BFB8820200A88202008C4600B50D
:10B5E00086461346034A714610685DF804EB6246CE
:10B5F000FFF798B89C000020F0B54FF48064002657
:10B60000ADF26C4D1AADCDE905461F4606460095D4
:10B61000049515468B8916A823F00203ADF80C306B
:10B620004B6E02941993CB890C46ADF80E30CB6962
:10B6300007934B6A0993F1F709FC2A463B46694692
:10B640003046FFF76FF8051E07DB69463046F5F711
:10B65000DFFD002818BF4FF0FF35BDF80C305B064A
:10B6600003D5A38943F04003A3811698F1F7F2FBB9
:10B6700028460DF26C4DF0BD2DE9F0471D468F6850
:10B680000C46AF4216460B6836D8B1F90CC01CF414
:10B69000906F0ED13D46184631462A46F6F7BEF861
:10B6A0000020A368DF1B2368A7602B442360BDE84C
:10B6B000F0874A69096902EB42025F1A02EBD27213
:10B6C0006B1C52103B44934292BF914699461A46D6
:10B6D0001CF4806F804611D01146F1F74DFF824671
:10B6E00000B33A462169F1F7A1FCA38923F49063E2
:10B6F00043F08003A38105E02F46CCE7F8F762FF13
:10B70000824658B10AEB0703A9EB0707A760C4F804
:10B7100010A02F46C4F814902360BCE7404621696E
:10B72000F1F72EFE0C22A3894FF0FF3043F04003C7
:10B73000C8F80020A381BAE7062008B500F0A2F8F7
:10B740000120E5F76FF800BF38B5D0F838410CB1EB
:10B75000002038BD80210546F1F70EFF0246C5F8EE
:10B76000380130B1031F7C3243F8044F9342FBD1C0
:10B77000EEE74FF0FF3038BD30B51F29054683B0E6
:10B7800009D8D0F838310C4653B153F8240043F8A7
:10B79000242003B030BD162303604FF0FF30F8E7DC
:10B7A00080210192F1F7E8FE019A0346C5F83801BD
:10B7B0000028F2D0011F00F17C05002041F8040FA1
:10B7C000A942FBD1E1E700BF1F2938B505461FD8C4
:10B7D000D0F838210C466AB152F8213053B1012B10
:10B7E00006D0591C10D00021204642F8241098475A
:10B7F000002038BD284600F0FDF8224601462846C4
:10B80000BDE8384000F0E2B8162301202B6038BDB7
:10B8100016234FF0FF302B6038BD00BF1F292DD8F5
:10B8200038B5D0F838310C460546A3B153F824207A
:10B8300003EB84034AB1511C0BD0012A07D0002529
:10B8400020461D609047284638BD012038BD0320A2
:10B8500038BD022038BD8021F1F78EFE0346C5F8C1
:10B86000380140B100201A1F03F17C0142F8040F97
:10B870008A42FBD1DAE74FF0FF3038BD4FF0FF309E
:10B88000704700BF38B5144B1F281D681ED8D5F867
:10B890003821044662B152F820304BB1012B05D05B
:10B8A000591C0FD0002142F820109847002038BDC5
:10B8B000284600F09FF8224601462846BDE8384059
:10B8C00000F084B8162301202B6038BD16234FF0FA
:10B8D000FF302B6038BD00BF9C000020124B1F289A
:10B8E00070B51E6809D8D6F8383104460D464BB1FC
:10B8F00053F8240043F8245070BD162333604FF0F2
:10B90000FF3070BD80213046F1F736FE0346C6F8A1
:10B9100038010028F3D00021021F7C3042F8041FB8
:10B920008242FBD1E4E700BF9C00002038B50C4BFD
:10B930001D68D5F838410CB1002038BD802128465B
:10B94000F1F71AFEC5F8380138B1031F00F17C0287
:10B9500043F8044F9342FBD1EEE74FF0FF3038BD80
:10B960009C00002038B5184B1F281D6828D80446B5
:10B97000D5F83801A0B150F8242000EB84034AB177
:10B98000511C0BD0012A07D0002520461D6090478E
:10B99000284638BD012038BD032038BD022038BDFF
:10B9A00080212846F1F7E8FDC5F8380140B10021B3
:10B9B000031F00F17C0243F8041F9342FBD1DAE736
:10B9C0004FF0FF3038BD00BF9C00002070B500264E
:10B9D000074D0446084611462E60E4F754FF431C09
:10B9E00000D070BD2B68002BFBD0236070BD00BF62
:10B9F000885F0020E4F736BF70B54FF0FF0C4CF4C1
:10BA0000E06C1CEA11541DBF1CEA135594EA0C0F9C
:10BA100095EA0C0F00F0DEF82C4481EA030621EAD7
:10BA20004C5123EA4C5350EA013518BF52EA033512
:10BA300041F4801143F4801338D0A0FB02CE4FF0C4
:10BA40000005E1FB02E506F00042E0FB03E54FF0F4
:10BA50000006E1FB03569CF0000F18BF4EF0010EEC
:10BA6000A4F1FF04B6F5007F64F5407404D25FEAE8
:10BA70004E0E6D4146EB060642EAC62141EA55519B
:10BA80004FEAC52040EA5E504FEACE2EB4F1FD0CDD
:10BA900088BFBCF5E06F1ED8BEF1004F08BF5FEA5B
:10BAA000500E50F1000041EB045170BD06F000460D
:10BAB00046EA010140EA020081EA0301B4EB5C04BA
:10BAC000C2BFD4EB0C0541EA045170BD41F48011B2
:10BAD0004FF0000E013C00F3AB8014F1360FDEBFD7
:10BAE000002001F0004170BDC4F10004203C35DAB3
:10BAF0000C341BDC04F11404C4F1200500FA05F336
:10BB000020FA04F001FA05F240EA020001F00042D6
:10BB100021F0004110EBD37021FA04F642EB06014C
:10BB20005EEA430E08BF20EAD37070BDC4F10C0476
:10BB3000C4F1200500FA04F320FA05F001FA04F23A
:10BB400040EA020001F0004110EBD37041F1000126
:10BB50005EEA430E08BF20EAD37070BDC4F1200531
:10BB600000FA05F24EEA020E20FA04F301FA05F299
:10BB700043EA020321FA04F001F0004121FA04F241
:10BB800020EA020000EBD3705EEA430E08BF20EA11
:10BB9000D37070BD94F0000F0FD101F0004640004B
:10BBA00041EB010111F4801F08BF013CF7D041EACD
:10BBB000060195F0000F18BF704703F000465200D1
:10BBC00043EB030313F4801F08BF013DF7D043EAA2
:10BBD0000603704794EA0C0F0CEA135518BF95EA58
:10BBE0000C0F0CD050EA410618BF52EA4306D1D1DF
:10BBF00081EA030101F000414FF0000070BD50EAFE
:10BC0000410606BF1046194652EA430619D094EA87
:10BC10000C0F02D150EA013613D195EA0C0F05D171
:10BC200052EA03361CBF104619460AD181EA0301C5
:10BC300001F0004141F0FE4141F470014FF000007D
:10BC400070BD41F0FE4141F4780170BD81F00041CA
:10BC500002E000BF83F0004330B54FEA41044FEAF1
:10BC6000430594EA050F08BF90EA020F1FBF54EA8C
:10BC7000000C55EA020C7FEA645C7FEA655C00F028
:10BC8000E2804FEA5454D4EB5555B8BF6D420CDDF9
:10BC90002C4480EA020281EA030382EA000083EA7C
:10BCA000010180EA020281EA0303362D88BF30BD1C
:10BCB00011F0004F4FEA01314FF4801C4CEA113172
:10BCC00002D0404261EB410113F0004F4FEA0333D1
:10BCD0004CEA133302D0524263EB430394EA050F5C
:10BCE00000F0A780A4F10104D5F1200E0DDB02FACB
:10BCF0000EFC22FA05F2801841F1000103FA0EF25F
:10BD0000801843FA05F359410EE0A5F120050EF124
:10BD1000200E012A03FA0EFC28BF4CF0020C43FA55
:10BD200005F3C01851EBE37101F0004507D54FF062
:10BD3000000EDCF1000C7EEB00006EEB0101B1F5B2
:10BD4000801F1BD3B1F5001F0CD349085FEA3000F8
:10BD50004FEA3C0C04F101044FEA445212F5800F03
:10BD600080F09A80BCF1004F08BF5FEA500C50F1A0
:10BD7000000041EB045141EA050130BD5FEA4C0C83
:10BD8000404141EB0101013C28BFB1F5801FE9D2E0
:10BD900091F0000F04BF01460020B1FA81F308BF03
:10BDA0002033A3F10B03B3F120020CDA0C3208DDCF
:10BDB00002F1140CC2F10C0201FA0CF021FA02F1AA
:10BDC0000CE002F11402D8BFC2F1200C01FA02F11A
:10BDD00020FA0CFCDCBF41EA0C019040E41AA2BF3F
:10BDE00001EB0451294330BD6FEA04041F3C1CDA07
:10BDF0000C340EDC04F11404C4F1200220FA04F027
:10BE000001FA02F340EA030021FA04F345EA0301D0
:10BE100030BDC4F10C04C4F1200220FA02F001FA92
:10BE200004F340EA0300294630BD21FA04F0294614
:10BE300030BD94F0000F83F4801306BF81F48011AD
:10BE40000134013D4EE77FEA645C18BF7FEA655C20
:10BE500029D094EA050F08BF90EA020F05D054EAF2
:10BE6000000C04BF1946104630BD91EA030F1EBFF7
:10BE70000021002030BD5FEA545C05D140004941FB
:10BE800028BF41F0004130BD14F580043CBF01F5EE
:10BE9000801130BD01F0004545F0FE4141F47001D4
:10BEA0004FF0000030BD7FEA645C1ABF19461046AF
:10BEB0007FEA655C1CBF0B46024650EA013406BFB0
:10BEC00052EA033591EA030F41F4002130BD00BF6F
:10BED00090F0000F04BF0021704730B54FF480642C
:10BEE00004F132044FF000054FF0000150E700BFAD
:10BEF00090F0000F04BF0021704730B54FF480640C
:10BF000004F1320410F0004548BF40424FF00001F8
:10BF10003EE700BF42004FEAE2014FEA31014FEA3B
:10BF200002701FBF12F07F4393F07F4F81F060518A
:10BF3000704732F07F4208BF704793F07F4F04BFD5
:10BF400041F40021704730B54FF4607401F00045B2
:10BF500021F000411CE700BF50EA010208BF704712
:10BF600030B54FF000050AE050EA010208BF704703
:10BF700030B511F0004502D5404261EB41014FF46C
:10BF8000806404F132045FEA915C3FF4D8AE4FF074
:10BF900003025FEADC0C18BF03325FEADC0C18BF57
:10BFA000033202EBDC02C2F1200300FA03FC20FAA8
:10BFB00002F001FA03FE40EA0E0021FA02F11444F5
:10BFC000BDE600BF70B54FF0FF0C4CF4E06C1CEA0E
:10BFD00011541DBF1CEA135594EA0C0F95EA0C0F7F
:10BFE00000F0DEF82C4481EA030621EA4C5123EAF2
:10BFF0004C5350EA013518BF52EA033541F4801121
:10C0000043F4801338D0A0FB02CE4FF00005E1FBD3
:10C0100002E506F00042E0FB03E54FF00006E1FB1D
:10C0200003569CF0000F18BF4EF0010EA4F1FF0460
:10C03000B6F5007F64F5407404D25FEA4E0E6D41A0
:10C0400046EB060642EAC62141EA55514FEAC520B1
:10C0500040EA5E504FEACE2EB4F1FD0C88BFBCF52D
:10C06000E06F1ED8BEF1004F08BF5FEA500E50F1DE
:10C07000000041EB045170BD06F0004646EA0101A4
:10C0800040EA020081EA0301B4EB5C04C2BFD4EBD6
:10C090000C0541EA045170BD41F480114FF0000ECF
:10C0A000013C00F3AB8014F1360FDEBF002001F03D
:10C0B000004170BDC4F10004203C35DA0C341BDCB7
:10C0C00004F11404C4F1200500FA05F320FA04F089
:10C0D00001FA05F240EA020001F0004221F00041BD
:10C0E00010EBD37021FA04F642EB06015EEA430E30
:10C0F00008BF20EAD37070BDC4F10C04C4F1200560
:10C1000000FA04F320FA05F001FA04F240EA020012
:10C1100001F0004110EBD37041F100015EEA430EE3
:10C1200008BF20EAD37070BDC4F1200500FA05F203
:10C130004EEA020E20FA04F301FA05F243EA020382
:10C1400021FA04F001F0004121FA04F220EA020091
:10C1500000EBD3705EEA430E08BF20EAD37070BDD7
:10C1600094F0000F0FD101F00046400041EB0101B7
:10C1700011F4801F08BF013CF7D041EA060195F099
:10C18000000F18BF704703F00046520043EB030353
:10C1900013F4801F08BF013DF7D043EA0603704740
:10C1A00094EA0C0F0CEA135518BF95EA0C0F0CD04B
:10C1B00050EA410618BF52EA4306D1D181EA030191
:10C1C00001F000414FF0000070BD50EA410606BF8B
:10C1D0001046194652EA430619D094EA0C0F02D1D0
:10C1E00050EA013613D195EA0C0F05D152EA033615
:10C1F0001CBF104619460AD181EA030101F0004133
:10C2000041F0FE4141F470014FF0000070BD41F07B
:10C21000FE4141F4780170BD70B54FF0FF0C4CF455
:10C22000E06C1CEA11541DBF1CEA135594EA0C0F74
:10C2300095EA0C0F00F0A7F8A4EB050481EA030EC1
:10C2400052EA03354FEA013100F088804FEA0333A8
:10C250004FF0805545EA131343EA12634FEA022276
:10C2600045EA111545EA10654FEA00260EF0004137
:10C270009D4208BF964244F1FD0404F5407402D289
:10C280005B084FEA3202B61A65EB03055B084FEA1A
:10C2900032024FF480104FF4002CB6EB020E75EB17
:10C2A000030E22BFB61A754640EA0C005B084FEA3F
:10C2B0003202B6EB020E75EB030E22BFB61A7546BC
:10C2C00040EA5C005B084FEA3202B6EB020E75EB07
:10C2D000030E22BFB61A754640EA9C005B084FEA7F
:10C2E0003202B6EB020E75EB030E22BFB61A75468C
:10C2F00040EADC0055EA060E18D04FEA051545EA7B
:10C3000016754FEA06164FEAC30343EA52734FEA23
:10C31000C2025FEA1C1CC0D111F4801F0BD141EA9C
:10C3200000014FF000004FF0004CB6E711F4801F01
:10C3300004BF01430020B4F1FD0C88BFBCF5E06FE1
:10C340003FF6AFAEB5EB030C04BFB6EB020C5FEAF1
:10C35000500C50F1000041EB045170BD0EF0004E46
:10C360004EEA113114EB5C04C2BFD4EB0C0541EA78
:10C37000045170BD41F480114FF0000E013C90E675
:10C3800045EA060E8DE60CEA135594EA0C0F08BF39
:10C3900095EA0C0F3FF43BAF94EA0C0F0AD150EA38
:10C3A00001347FF434AF95EA0C0F7FF425AF1046CB
:10C3B00019462CE795EA0C0F06D152EA03353FF4F3
:10C3C000FDAE1046194622E750EA410618BF52EA70
:10C3D00043067FF4C5AE50EA41047FF40DAF52EA44
:10C3E00043057FF4EBAE12E74FF0FF3C06E000BFE1
:10C3F0004FF0010C02E000BF4FF0010C4DF804CDEE
:10C400004FEA410C7FEA6C5C4FEA430C18BF7FEAAD
:10C410006C5C1BD001B050EA410C0CBF52EA430CDB
:10C4200091EA030F02BF90EA020F0020704710F15B
:10C43000000F91EA030F58BF994208BF90422CBFEA
:10C44000D8176FEAE37040F0010070474FEA410CE3
:10C450007FEA6C5C02D150EA013C07D14FEA430C01
:10C460007FEA6C5CD6D152EA033CD3D05DF8040B72
:10C47000704700BF8446104662468C4619466346A4
:10C4800000E000BF01B5FFF7B7FF002848BF10F17B
:10C49000000F01BD4DF808EDFFF7F4FF0CBF0120C0
:10C4A00000205DF808FB00BF4DF808EDFFF7EAFF3C
:10C4B00034BF012000205DF808FB00BF4DF808EDF7
:10C4C000FFF7E0FF94BF012000205DF808FB00BFEC
:10C4D0004DF808EDFFF7CEFF94BF012000205DF876
:10C4E00008FB00BF4DF808EDFFF7C4FF34BF012083
:10C4F00000205DF808FB00BF4FEA410C7FEA6C5C4E
:10C5000002D150EA013C0AD14FEA430C7FEA6C5C4D
:10C5100002D152EA033C02D14FF0000070474FF0C5
:10C52000010070474FEA410212F5001215D211D5F1
:10C530006FF47873B3EB625212D94FEAC12343F020
:10C54000004343EA505311F0004F23FA02F018BFA2
:10C55000404270474FF00000704750EA013005D16B
:10C5600011F0004008BF6FF0004070474FF000002E
:10C57000704700BF4A0011D212F5001211D20DD53A
:10C580006FF47873B3EB62520ED44FEAC12343F0D9
:10C59000004343EA505323FA02F070474FF0000083
:10C5A000704750EA013002D14FF0FF3070474FF032
:10C5B000000070474FEA4102B2F1E04324BFB3F5F7
:10C5C000001CDCF1FE5C0DD901F0004C4FEAC0020A
:10C5D0004CEA5070B2F1004F40EB830008BF20F0EE
:10C5E0000100704711F0804F21D113F13872BCBFA8
:10C5F00001F00040704741F480114FEA5252C2F1FD
:10C600001802C2F1200C10FA0CF320FA02F018BF45
:10C6100040F001004FEAC1234FEAD32303FA0CFC98
:10C6200040EA0C0023FA02F34FEA4303CCE77FEA27
:10C63000625307D150EA01331EBF4FF0FE4040F471
:10C640004000704701F0004040F0FE4040F4000020
:10C65000704700BF4FF0FF3C06E000BF4FF0010CF9
:10C6600002E000BF4FF0010C4DF804CD4FEA40024C
:10C670004FEA41037FEA226C18BF7FEA236C11D096
:10C6800001B052EA530C18BF90EA010F58BFB2EB49
:10C69000030088BFC81738BF6FEAE17018BF40F0C9
:10C6A000010070477FEA226C02D15FEA402C05D17D
:10C6B0007FEA236CE4D15FEA412CE1D05DF8040B02
:10C6C000704700BF844608466146FFE70FB5FFF795
:10C6D000C9FF002848BF10F1000F0FBD4DF808ED4D
:10C6E000FFF7F4FF0CBF012000205DF808FB00BF3E
:10C6F0004DF808EDFFF7EAFF34BF012000205DF898
:10C7000008FB00BF4DF808EDFFF7E0FF94BF0120E4
:10C7100000205DF808FB00BF4DF808EDFFF7D2FFE1
:10C7200094BF012000205DF808FB00BF4DF808ED24
:10C73000FFF7C8FF34BF012000205DF808FB00BFF1
:10C740004FEA40024FEA41037FEA226C02D15FEADE
:10C75000402C08D17FEA236C02D15FEA412C02D140
:10C760004FF0000070474FF00100704753B94AB9CD
:10C77000002908BF00281CBF4FF0FF314FF0FF30E9
:10C7800000F09CB9ADF1080C6DE904CE00F03CF866
:10C79000DDF804E0DDE9022304B0704738B500227B
:10C7A000002304460D46FFF77FFE28B920462946A0
:10C7B000BDE8384000F00AB8204605F1004100F01D
:10C7C00005F8404261EB410138BD00BFD0B5002201
:10C7D0000B4B06460F46FFF7F5FBFFF7CBFE044673
:10C7E000FFF776FB0022074BFFF7ECFB02460B46F8
:10C7F00030463946FFF72EFAFFF7BCFE2146D0BD82
:10C800000000F03D0000F0412DE9F047089D0E4684
:10C8100004468E46002B4CD18A429446B2FA82F3EB
:10C8200062D953B102FA03FCC3F1200201FA03FEFC
:10C8300020FA02F242EA0E0E9C404FEA1C47BEFB71
:10C84000F7F11FFA8CF607FB11EE01FB06F0220C44
:10C8500042EA0E4290420AD91CEB020201F1FF3E6D
:10C8600080F00E81904240F20B8102396244121A2C
:10C87000B2FBF7F007FB102200FB06F6A4B244EA75
:10C880000244A6420AD91CEB040400F1FF3280F0F6
:10C89000F980A64240F2F6806444023840EA014042
:10C8A0000021A41B1DB1DC400023C5E90043BDE805
:10C8B000F0878B4205D90DB1C5E90001002108467A
:10C8C000F5E7B3FA83F1002942D1B34202D38242A1
:10C8D00000F2EE80841A66EB030201209646002DDA
:10C8E000E5D0C5E9004EE2E7002B40F08C80881AC5
:10C8F0000121170C96B2B0FBF7FE07FB1E00220CBD
:10C9000042EA004206FB0EF0904208D91CEB0202FC
:10C910000EF1FF3802D2904200F2CC80C646121AC5
:10C92000B2FBF7F007FB102200FB06F6A4B244EAC4
:10C930000244A64208D91CEB040400F1FF3202D2E3
:10C94000A64200F2B2801046A41B40EA0E40A9E7BE
:10C95000C1F120078B4022FA07FC4CEA030C26FAAF
:10C9600007FA4FEA1C48BAFBF8FE06FA01F308FB87
:10C970001EAA1FFA8CF620FA07F400FA01F90EFB42
:10C9800006F023431C0C44EA0A44A04202FA01F2D6
:10C990000BD91CEB04040EF1FF3A80F08480A04216
:10C9A00040F28180AEF1020E6444241A98B2B4FBC6
:10C9B000F8F308FB134403FB06F640EA0444A642DE
:10C9C00008D91CEB040403F1FF3068D2A64266D9F3
:10C9D000023B644443EA0E40A41BA0FB02E6B442BF
:10C9E0007346B04652D34FD05DB1B9EB030264EB4E
:10C9F000080404FA07F722FA01F31F43CC40C5E903
:10CA00000074002153E702FA03FCC3F12000C14087
:10CA10004FEA1C47B1FBF7FE07FB1E1124FA00F09A
:10CA20009E403043020C1FFA8CF642EA01420EFB94
:10CA300006F1914204FA03F409D91CEB02020EF14B
:10CA4000FF382ED291422CD9AEF1020E6244521A16
:10CA5000B2FBF7F107FB112280B240EA024001FB72
:10CA600006F2824208D91CEB000001F1FF3814D213
:10CA7000824212D902396044801A41EA0E413AE7F3
:10CA80007146F4E6104609E7F145ADD2BEEB02036C
:10CA900066EB0C060138B046A6E74146ECE70346D4
:10CAA00098E7C646D3E7D6467FE7644402384BE7AB
:10CAB000084614E7AEF1020E624430E7704700BF4B
:10CAC00000F000B8F6F7DEBD3E410C4111412741B0
:10CAD00036410341064115410F410E4126411341A4
:10CAE0002941024119410A410B41000000010001A6
:10CAF000020203034865617020616E6420737461F3
:10CB0000636B20636F6C6C6973696F6E0A00000061
:10CB10004F7574206F662068656170206D656D6F5C
:10CB200072790A0000000000B71DC1046E3B820943
:10CB3000D926430DDC7604136B6BC517B24D861AEC
:10CB40000550471EB8ED08260FF0C922D6D68A2F09
:10CB500061CB4B2B649B0C35D386CD310AA08E3C28
:10CB6000BDBD4F3870DB114CC7C6D0481EE09345A1
:10CB7000A9FD5241ACAD155F1BB0D45BC296975670
:10CB8000758B5652C836196A7F2BD86EA60D9B63DB
:10CB900011105A6714401D79A35DDC7D7A7B9F706C
:10CBA000CD665E74E0B6239857ABE29C8E8DA19162
:10CBB000399060953CC0278B8BDDE68F52FBA582B8
:10CBC000E5E66486585B2BBEEF46EABA3660A9B745
:10CBD000817D68B3842D2FAD3330EEA9EA16ADA464
:10CBE0005D0B6CA0906D32D42770F3D0FE56B0DD93
:10CBF000494B71D94C1B36C7FB06F7C32220B4CE74
:10CC0000953D75CA28803AF29F9DFBF646BBB8FB5E
:10CC1000F1A679FFF4F63EE143EBFFE59ACDBCE8DF
:10CC20002DD07DEC77708634C06D4730194B043DB4
:10CC3000AE56C539AB0682271C1B4323C53D002ECB
:10CC40007220C12ACF9D8E1278804F16A1A60C1B90
:10CC500016BBCD1F13EB8A01A4F64B057DD0080847
:10CC6000CACDC90C07AB9778B0B6567C69901571E0
:10CC7000DE8DD475DBDD936B6CC0526FB5E611624F
:10CC800002FBD066BF469F5E085B5E5AD17D1D5792
:10CC90006660DC5363309B4DD42D5A490D0B19440B
:10CCA000BA16D84097C6A5AC20DB64A8F9FD27A525
:10CCB0004EE0E6A14BB0A1BFFCAD60BB258B23B617
:10CCC0009296E2B22F2BAD8A98366C8E41102F834C
:10CCD000F60DEE87F35DA9994440689D9D662B9003
:10CCE0002A7BEA94E71DB4E0500075E4892636E912
:10CCF0003E3BF7ED3B6BB0F38C7671F7555032FA53
:10CD0000E24DF3FE5FF0BCC6E8ED7DC231CB3ECF15
:10CD100086D6FFCB8386B8D5349B79D1EDBD3ADC7E
:10CD20005AA0FBD8EEE00C6959FDCD6D80DB8E601A
:10CD300037C64F643296087A858BC97E5CAD8A739C
:10CD4000EBB04B77560D044FE110C54B3836864695
:10CD50008F2B47428A7B005C3D66C158E440825578
:10CD6000535D43519E3B1D252926DC21F0009F2C5D
:10CD7000471D5E28424D1936F550D8322C769B3F20
:10CD80009B6B5A3B26D6150391CBD40748ED970AE7
:10CD9000FFF0560EFAA011104DBDD014949B9319BC
:10CDA0002386521D0E562FF1B94BEEF5606DADF88E
:10CDB000D7706CFCD2202BE2653DEAE6BC1BA9EBE8
:10CDC0000B0668EFB6BB27D701A6E6D3D880A5DE51
:10CDD0006F9D64DA6ACD23C4DDD0E2C004F6A1CD34
:10CDE000B3EB60C97E8D3EBDC990FFB910B6BCB42F
:10CDF000A7AB7DB0A2FB3AAE15E6FBAACCC0B8A7A4
:10CE00007BDD79A3C660369B717DF79FA85BB492EA
:10CE10001F4675961A163288AD0BF38C742DB081AF
:10CE2000C330718599908A5D2E8D4B59F7AB0854AC
:10CE300040B6C95045E68E4EF2FB4F4A2BDD0C47FB
:10CE40009CC0CD43217D827B9660437F4F4600721C
:10CE5000F85BC176FD0B86684A16476C9330046117
:10CE6000242DC565E94B9B115E565A15877019181C
:10CE7000306DD81C353D9F0282205E065B061D0B7F
:10CE8000EC1BDC0F51A69337E6BB52333F9D113E9E
:10CE90008880D03A8DD097243ACD5620E3EB152DDB
:10CEA00054F6D4297926A9C5CE3B68C1171D2BCCD1
:10CEB000A000EAC8A550ADD6124D6CD2CB6B2FDFC7
:10CEC0007C76EEDBC1CBA1E376D660E7AFF023EA58
:10CED00018EDE2EE1DBDA5F0AAA064F4738627F953
:10CEE000C49BE6FD09FDB889BEE0798D67C63A802E
:10CEF000D0DBFB84D58BBC9A62967D9EBBB03E9303
:10CF00000CADFF97B110B0AF060D71ABDF2B32A6A1
:10CF10006836F3A26D66B4BCDA7B75B8035D36B5CE
:10CF2000B440F7B10A4275696C6420706172616D3A
:10CF300065746572733A200A000000005F5F7665D1
:10CF400063746F725F7461626C655F737461727435
:10CF50003A203078252E386C580A00005F657665D7
:10CF600063746F725F7461626C653A203078252E4D
:10CF7000386C580A000000005F5F746578745F7356
:10CF8000746172743A203078252E386C580A00008B
:10CF90005F65746578743A203078252E386C580AAD
:10CFA000000000005F5F65786964785F7374617288
:10CFB000743A203078252E386C580A005F5F657807
:10CFC0006964785F656E643A203078252E386C5835
:10CFD0000A0000005F5F646174615F737461727462
:10CFE0003A203078252E386C580A00005F6564615D
:10CFF00074613A203078252E386C580A0000000001
:10D000005F5F6273735F73746172745F5F3A203045
:10D0100078252E386C580A005F656273733A2030A9
:10D0200078252E386C580A005F5F686561705F7301
:10D03000746172745F5F3A203078252E386C580A1C
:10D04000000000005F65686561703A203078252E29
:10D05000386C580A000000005F5F737461636B5F97
:10D0600073746172745F5F3A203078252E386C5883
:10D070000A0000005F65737461636B3A20307825A5
:10D080002E386C580A0000005F656E643A203078D4
:10D09000252E386C580A00000A0A000020202020A3
:10D0A0002020202020202020202020200000000000
:10D0B0003030303030303030303030303030303070
:10D0C000000000006E616E004E414E00696E660009
:10D0D000494E46002D0000002B00000020000000FB
:10D0E000000000002E000000286E756C6C29000006
:10D0F000686C6A7A744C000030313233343536371C
:10D1000038394142434445464748494A4B4C4D4EC5
:10D110004F505152535455565758595A0000000019
:10D12000202B2D2330215E000100000002000000B2
:10D1300004000000080000001000000020000000B3
:10D1400040000000000000004347726170684657CD
:10D15000506F736974696F6E53656E73655265675E
:10D1600069737465723A20416C6C3A20252E3458EC
:10D17000200000002C20506F7353656E7365486F5C
:10D180006D65413A20257520000000002C20506F6D
:10D190007353656E736542697430413A202575207A
:10D1A000000000002C20506F7353656E7365426958
:10D1B0007431413A20257520000000002C20506F6A
:10D1C0007353656E736542697432413A2025752048
:10D1D000000000002C20506F7353656E7365486F1C
:10D1E0006D65423A20257520000000002C20506F0C
:10D1F0007353656E736542697430423A2025752019
:10D20000000000002C20506F7353656E73654269F7
:10D210007431423A20257520000000002C20506F08
:10D220007353656E736542697432423A20257520E6
:10D23000000000002C20506F7353656E7365413AF7
:10D24000203078252E31582000000000537465707E
:10D2500052656769737465723A20416C6C3A202597
:10D260002E385820000000002C204F6E537465703B
:10D270003A202564200000002C204F666653746518
:10D28000703A2025642000002C204D696453746599
:10D29000703A2025642000000A4553432D46573A32
:10D2A0002056616C6964617465644657486F6D65AA
:10D2B0005374657020707265636F72726563746514
:10D2C000643A20003B0000000A4553432D46573A7C
:10D2D0002056616C6964617465644657486F6D657A
:10D2E0005374657020706F73742D636F7272656311
:10D2F0007465643A200000000A4553432D46573AAE
:10D3000020417474656D7074696E6720746F206D50
:10D310006F7665206D6F746F7220746F3A2025648C
:10D320002E0000000A4553432D46573A204D6F7694
:10D330006520636F6D706C6574653B206D6F746FF5
:10D3400072207265706F7274733A2025642C2069A4
:10D35000203D2025752E00000A4553432D46573A9F
:10D3600020537465702072656769737465727320E9
:10D3700072657365743A20000A4553432D46573A47
:10D38000204D6F766556616C6964617465465750CF
:10D390006F73746974696F6E282575293A204D6F13
:10D3A000746F722069732061743A2025753B2000E8
:10D3B0003B200000EE02DA0287002D00D0070000BB
:10D3C0006400000008000000FFFF7F0000007800FC
:10D3D00000000000FFFF87FF000080FF00000C003E
:10D3E00000007800000102030405060700010203A3
:10D3F00004050607080900010203040506070809D9
:10D400000A0B0C0D0E0F1011121314151617181904
:10D410001A1B1C1D1E087F1B09000000680000006D
:10D42000700000005C0100006001000012000000BC
:10D430000000000000000000E5420000F94200008A
:10D44000194300002256657273696F6E223A2053A9
:10D45000686F777320686172647761726520616EAE
:10D4600064206669726D7761726520766572736992
:10D470006F6E20696E666F2E000000005645525395
:10D48000494F4E005265616446706761203C61649B
:10D4900064726573733E00005245414446504741F3
:10D4A00000000000577269746546706761203C6136
:10D4B0006464726573733E2C3C76616C75653E00E6
:10D4C0005752495445465047410000005228656173
:10D4D000644670676129203C616464726573733EC1
:10D4E0000000000052000000572872697465467001
:10D4F000676129203C616464726573733E2C3C76DD
:10D50000616C75653E0000005700000022465753CD
:10D510007461747573203C413E2C3C423E2C3C436C
:10D520003E223A20536574732F7175657269657375
:10D530002074686520465720442F412773202868AF
:10D54000657861646563696D616C206C73622075D8
:10D550006E697473292E0000465753544154555335
:10D56000000000002253656E736F72537465707310
:10D57000203C413E2C3C423E2C3C433E223A205330
:10D580006574732F717565726965732074686520A1
:10D59000465720442F4127732028646563696D61D5
:10D5A0006C20766F6C7461676520756E6974732981
:10D5B0002E00000053454E534F52535445505300D4
:10D5C000224D6F746F72203C413E2C3C423E2C3CFD
:10D5D000433E223A20536574732F717565726965F5
:10D5E000732074686520465720412F4427732E000E
:10D5F0004D4F544F520000002246696C74657253BF
:10D60000656C656374203C312D383E223A205365A9
:10D6100074732F7175657269657320746865206312
:10D62000757272656E746C79206C6F6164656420CC
:10D6300066696C7465723B20726573706F736520E8
:10D640006F662030206D65616E7320776865656C4C
:10D6500020697320696E206D6F74696F6E2F63751A
:10D660007272656E746C79207365656B696E672084
:10D670006120706F736974696F6E2E0046494C5457
:10D68000455253454C4543540000000053000000F0
:10D69000540000002242495354223A2052756E73BE
:10D6A00020612073656C662D746573742C206C6F1B
:10D6B00067732076616C75657320746F2074657272
:10D6C0006D696E616C2E00004249535400000000E9
:10D6D00022426175644469766964657273203C20F6
:10D6E00057207C20572C20582C20592C205A203E83
:10D6F000223A205365742F717565727920746865BC
:10D70000206469766964657220746F206368616E55
:10D710006765207468652062617564726174652054
:10D72000666F72206561636820706F72742E2E2E92
:10D730000000000042415544444956494445525373
:10D7400000000000225072696E7442756666657250
:10D7500073223A2044756D702063757272656E7421
:10D7600020636F6E74656E7473206F6620706172D3
:10D770007365727320666F722064656275672E2E02
:10D780002E0000005052494E5442554646455253D1
:10D7900000000000224D6F6E69746F7253657269EC
:10D7A000616C203C2030207C2031207C2032207C89
:10D7B0002033203E203C59207C204E3E223A2053EC
:10D7C000686F772F6869646520696E636F6D696E35
:10D7D000672073657269616C2062797465732E00CD
:10D7E0004D4F4E49544F5253455249414C0001014F
:10D7F000010000004670676152696E674275666697
:10D80000657243726365723A20000000437263538D
:10D8100074617274416464723A20307825386C58AF
:10D820002C200000437263456E64416464723A20A8
:10D83000307825386C582C20000000004372634378
:10D84000757272656E74416464723A20307825385E
:10D850006C582C2000000000437263526573756C95
:10D86000743A20307825386C582E00004347726196
:10D87000706846574861726477617265436F6E7471
:10D88000726F6C52656769737465723A20416C6C93
:10D890003A20252E345820002C20506F734C65649C
:10D8A00073456E413A202575200000002C20506FF2
:10D8B000734C656473456E423A2025752000000064
:10D8C0002C204D6F746F72456E61626C653A202535
:10D8D000752000002C205265736574537465707355
:10D8E0003A202575200000002C204D6F746F724186
:10D8F000506C75733A202575200000002C204D6F68
:10D90000746F72414D696E75733A20257520000061
:10D910002C204D6F746F7242506C75733A202575D0
:10D92000200000002C204D6F746F72424D696E759F
:10D93000733A2025752000002C204661756C7431E7
:10D94000563A2025752000002C204661756C7433F2
:10D95000563A2025752000002C204661756C7435E0
:10D96000563A2025752000002C20506F7765726E86
:10D97000456E35563A202575200000002C20506F4A
:10D98000776572437963643A2025752000000000B2
:10D990002C204C6564523A20257520002C204C65C3
:10D9A00064473A20257520002C204C6564423A20BB
:10D9B000257520002C2055617274304F453A202582
:10D9C000752000002C2055617274314F453A202596
:10D9D000752000002C2055617274324F453A202585
:10D9E000752000002C2055617274334F453A202574
:10D9F000752000002C2055783153656C4A6D703AC3
:10DA000020257520000000002C2055783253656CCD
:10DA10004A6D703A2025752000000000434772616E
:10DA2000706846574D6F746F72436F6E74726F6C8F
:10DA300053746174757352656769737465723A20C3
:10DA4000416C6C3A20252E386C5820002C205365F0
:10DA5000656B537465703A20252B6420000000002C
:10DA60002C2043757272656E74537465703A20256C
:10DA70002B6420004347726170684657506F73698A
:10DA800074696F6E53656E7365526567697374650B
:10DA9000723A20416C6C3A20252E34582000000048
:10DAA0002C20506F7353656E7365486F6D65413AF6
:10DAB00020257520000000002C20506F7353656EE8
:10DAC000736542697430413A2025752000000000DA
:10DAD0002C20506F7353656E736542697431413AFF
:10DAE00020257520000000002C20506F7353656EB8
:10DAF000736542697432413A2025752000000000A8
:10DB00002C20506F7353656E7365486F6D65423A94
:10DB100020257520000000002C20506F7353656E87
:10DB2000736542697430423A202575200000000078
:10DB30002C20506F7353656E736542697431423A9D
:10DB400020257520000000002C20506F7353656E57
:10DB5000736542697432423A202575200000000046
:10DB60002C20506F7353656E7365413A20307825D1
:10DB70002E315820000000005374657052656769AB
:10DB8000737465723A20416C6C3A20252E38582007
:10DB9000000000002C204F6E537465703A202564FD
:10DBA000200000002C204F6666537465703A2025D3
:10DBB000642000002C204D6964537465703A202560
:10DBC000642000000A0A42696E61727955617274BC
:10DBD0002825752C2025632C202575293A203A000C
:10DBE0002532583A000000000A0A00000A0A426979
:10DBF0006E6172795561727452696E6742756666BC
:10DC000065722825752C2025632C202575293A203E
:10DC10003A0000006E2F61000A0A56657273696F40
:10DC20006E3A2053657269616C204E756D62657243
:10DC30003A20252E38582C20476C6F62616C205298
:10DC400065766973696F6E3A2025733B206275694A
:10DC50006C64206E756D6265723A202575206F6E5A
:10DC60003A2025733B2066706761206275696C6499
:10DC70003A2025752E0A00000A0A56657273696FEC
:10DC80006E3A20476C6F62616C20526576697369E9
:10DC90006F6E3A2025733B206275696C64206E7547
:10DCA0006D6265723A202575206F6E3A2025732EBD
:10DCB0000A000000257A58000A52656164467067C0
:10DCC00061436F6D6D616E643A2000000A30782503
:10DCD0002E327A583A203078252E32582000000013
:10DCE0005B25755D000000000A3078252E327A58D9
:10DCF0003A203078252E386C582000005B256C7552
:10DD00005D000000202827256327290A0A0000005B
:10DD1000257A5820256C75000A577269746546701B
:10DD20006761436F6D6D616E643A206E6565642056
:10DD300032206E756D6572696320706172616D6508
:10DD40007465727320286164647265737320616EF8
:10DD5000642076616C7565292C20676F74202225FC
:10DD600073222028256420706172616D73292E0A48
:10DD7000000000000A577269746546706761436F5E
:10DD80006D6D616E643A2057726F746520256C75F5
:10DD900020746F20000000003078252E347A582E31
:10DDA0000A0000000A0A4657537461747573436F82
:10DDB0006D6D616E643A204670676120696E7465AE
:10DDC0007266616365206973206E6F7420696E6985
:10DDD0007469616C697A65642120506C6561736552
:10DDE0002063616C6C20496E6974467067612066BF
:10DDF00069727374212E00000A0A465753746174C5
:10DE00007573436F6D6D616E643A204F666673651E
:10DE100074206F66204D6F746F72436F6E74726FF3
:10DE20006C5374617475733A203078252E326C58B7
:10DE30002C2065787065637465643A203078252EEF
:10DE4000326C582E000000000A46575374617475F6
:10DE500073436F6D6D616E643A204F6666736574CF
:10DE6000206F6620506F736974696F6E53656E73AF
:10DE70006F72733A203078252E326C582C206578DA
:10DE80007065637465643A203078252E326C582EA4
:10DE9000000000000A4657537461747573436F6D38
:10DEA0006D616E643A204F6666736574206F6620FC
:10DEB000436F6E74726F6C52656769737465723A02
:10DEC000203078252E326C582C206578706563746C
:10DED00065643A203078252E326C582E0000000000
:10DEE0000A0A4657537461747573436F6D6D616EA2
:10DEF000643A2063757272656E742076616C756524
:10DF0000733A0A000A0000000A0A53656E736F72C2
:10DF10005374657073436F6D6D616E643A20467023
:10DF2000676120696E74657266616365206973203C
:10DF30006E6F7420696E697469616C697A656421B9
:10DF400020506C656173652063616C6C20496E695B
:10DF50007446706761206669727374212E00000038
:10DF60000A0A53656E736F725374657073436F6DF5
:10DF70006D616E643A204F6666736574206F66202B
:10DF800066697273742053656E736F722053746583
:10DF9000703A203078252E326C582C2065787065C8
:10DFA000637465643A203078252E326C582E000058
:10DFB0000A53656E736F725374657073436F6D6D42
:10DFC000616E643A204F6666736574206F66206CDC
:10DFD0006173742053656E736F7220537465703A69
:10DFE000203078252E326C582C206578706563744B
:10DFF00065643A203078252E326C582E00000000DF
:10E000000A0A53656E736F725374657073436F6D54
:10E010006D616E643A2063757272656E742076610C
:10E020006C7565733A0A00000A506F734465744852
:10E030006F6D65413A2009000A506F734465744161
:10E04000303A2020202009000A506F734465744143
:10E05000313A2020202009000A506F734465744132
:10E06000323A2020202009000A506F73446574481A
:10E070006F6D65423A2009000A506F73446574421F
:10E08000303A2020202009000A506F734465744202
:10E09000313A2020202009000A506F7344657442F1
:10E0A000323A2020202009000A506F7344657430F2
:10E0B000413A20000A506F7344657431413A2000A0
:10E0C0000A506F7344657432413A20000A506F73EE
:10E0D00044657433413A20000A506F7344657434C8
:10E0E000413A20000A506F7344657435413A20006C
:10E0F0000A506F7344657436413A20000A506F73BA
:10E1000044657437413A20000A506F734465743097
:10E11000423A20000A506F7344657431423A20003D
:10E120000A506F7344657432423A20000A506F738C
:10E1300044657433423A20000A506F734465743466
:10E14000423A20000A506F7344657435423A200009
:10E150000A506F7344657436423A20000A506F7358
:10E1600044657437423A20000A0A4D6F746F724357
:10E170006F6D6D616E643A204670676120696E74E0
:10E18000657266616365206973206E6F7420696EC5
:10E19000697469616C697A65642120506C6561738A
:10E1A000652063616C6C20496E69744670676120FC
:10E1B0006669727374212E00256C75000A0A4D6F12
:10E1C000746F72436F6D6D616E643A206D6F766926
:10E1D0006E673A0A000000000A0A4D6F746F7243BE
:10E1E0006F6D6D616E643A2073657420746F3A20B0
:10E1F000256C750A000000000A0A4D6F746F7243A7
:10E200006F6D6D616E643A2063757272656E742015
:10E2100076616C7565733A0A000000000A0A466967
:10E220006C74657253656C656374436F6D6D616E7C
:10E23000643A20496E76616C696420706F7369740A
:10E24000696F6E207265717565737465643A202517
:10E250006C753B206D61782076616C696420706F0D
:10E26000736974696F6E3A20256C753B2061737316
:10E27000756D696E67207765277665206265656EC6
:10E280002072657175657374656420746F207265A2
:10E290002D686F6D6520776865656C0A0000000069
:10E2A0000A0A46696C74657253656C656374436FE2
:10E2B0006D6D616E643A206D6F76696E6720746F64
:10E2C0003A20256C750A00000A0A46696C7465726A
:10E2D00053656C656374436F6D6D616E643A206D58
:10E2E0006F7665206661696C6564210A0000000034
:10E2F0000A0A46696C74657253656C656374436F92
:10E300006D6D616E643A207175657279696E672012
:10E3100063757272656E7420706F736974696F6E65
:10E320002E2E2E0A000000000A0A46696C746572DF
:10E3300053656C656374436F6D6D616E643A206DF7
:10E340006F746F7220697320696E206D6F74696FCE
:10E350006E20746F2074617267657420706F7369CA
:10E3600074696F6E3A20256C750A00000A0A4669C6
:10E370006C74657253656C656374436F6D6D616E2B
:10E38000643A2063757272656E7420706F7369747D
:10E39000696F6E20696E76616C6964212120526517
:10E3A0002D686F6D696E6720776865656C2E2E2EFF
:10E3B0000A0000000A0A46696C74657253656C6550
:10E3C0006374436F6D6D616E643A2063757272653C
:10E3D0006E7420706F736974696F6E3A20256C7566
:10E3E0000A0000000A0A42495354436F6D6D616E82
:10E3F000643A203A000000000A0A426175644469E8
:10E400007669646572733A204670676120696E743C
:10E41000657266616365206973206E6F7420696E32
:10E42000697469616C697A65642120506C656173F7
:10E43000652063616C6C20496E6974467067612069
:10E440006669727374212E00256C752C256C752CF1
:10E45000256C752C256C75000A0A42617564446947
:10E460007669646572733A2073657474696E6720A7
:10E47000746F3A20256C752C20256C752C20256C2A
:10E48000752C20256C752E0A000000000A0A4261D6
:10E49000756444697669646572733A206375727253
:10E4A000656E742076616C7565733A20256C752CE9
:10E4B00020256C752C20256C752E0A000A4261758A
:10E4C0006444697669646572733A20506F7274307F
:10E4D0002066696E616C206469766973696F6E206D
:10E4E000726174696F3A20257520282F3136293BD7
:10E4F0002041637475616C2062617564726174653A
:10E500003A20252E356C66000A42617564446976AE
:10E5100069646572733A20506F7274312066696E57
:10E52000616C206469766973696F6E2072617469C9
:10E530006F3A20257520282F3136293B20416374FE
:10E5400075616C2062617564726174653A20252E74
:10E55000356C66000A426175644469766964657267
:10E56000733A20506F7274322066696E616C206459
:10E5700069766973696F6E20726174696F3A2025DC
:10E580007520282F3136293B2041637475616C203A
:10E5900062617564726174653A20252E356C660A75
:10E5A000000000000A42617564446976696465721E
:10E5B000733A20506F7274332066696E616C206408
:10E5C00069766973696F6E20726174696F3A20258C
:10E5D0007520282F3136293B2041637475616C20EA
:10E5E00062617564726174653A20252E356C660A25
:10E5F000000000000A53686F7742756666657273A3
:10E60000436F6D6D616E643A20467067615561724B
:10E61000745061727365723A20000000256C752594
:10E62000325B2C09205D2563000000000A0A4D6F53
:10E630006E69746F7253657269616C436F6D6D6161
:10E640006E643A204D6F6E69746F72696E672070E8
:10E650006F727420256C753A2025632E0A00000025
:10E660000A0A4D6F6E69746F7253657269616C430B
:10E670006F6D6D616E643A20496E76616C696420DD
:10E68000706F727420256C753B206D617820697302
:10E690002023322E0A0000000A0A4D6F6E69746F43
:10E6A0007253657269616C436F6D6D616E643A207F
:10E6B000496E73756666696369656E742070617210
:10E6C000616D6574657273202825753B2073686FD2
:10E6D000756C642062652032293B20717565727902
:10E6E000696E672E2E2E00000A4D6F6E69746F7270
:10E6F00053657269616C436F6D6D616E643A204D54
:10E700006F6E69746F72696E6720706F72742030FB
:10E710003A2025632E0A00000A4D6F6E69746F72ED
:10E7200053657269616C436F6D6D616E643A204D23
:10E730006F6E69746F72696E6720706F72742031CA
:10E740003A2025632E0A00000A4D6F6E69746F72BD
:10E7500053657269616C436F6D6D616E643A204DF3
:10E760006F6E69746F72696E6720706F7274203299
:10E770003A2025632E0A00000A4D6F6E69746F728D
:10E7800053657269616C436F6D6D616E643A204DC3
:10E790006F6E69746F72696E6720706F7274203368
:10E7A0003A2025632E0A0000BEBAAD1BEDAD0F0A5C
:10E7B00001000110021003100410022002000320C7
:10E7C00004200520062003000400050006000600C2
:10E7D00004002800C003013002300330043005304B
:10E7E00006300E3001400240034004400540064020
:10E7F000FFFF7F000000780000000000FFFF87FFA0
:10E80000000080FF00000C000000780000010203FF
:10E8100004050607000102030405060708090001B4
:10E8200002030405060708090A0B0C0D0E0F101150
:10E8300012131415161718191A1B1C1D1E087F1BFE
:10E840000900000068000000700000005C0100008A
:10E8500060010000EE02DA0287002D00D007000000
:10E8600064000000080000006500000000000000D7
:10E87000DAC21B6900000000547565204E6F7620D7
:10E8800031382030303A35303A3334203230323576
:10E8900000010101BEBAAD1BEDAD0F0A0100011070
:10E8A000021003100410022002000320042005209F
:10E8B00006200300040005000600060004002800EE
:10E8C000C0030130023003300430053006300E3012
:10E8D000014002400340044005400640070000009C
:10E8E000517565727920434772617068566572731D
:10E8F000696F6E5061796C6F6164207061636B65E4
:10E90000740000005365742F717565727920434758
:10E910007261706846574861726477617265436FCF
:10E920006E74726F6C526567697374657220706182
:10E93000636B6574000000005365742F7175657218
:10E94000792043477261706846574D6F746F724308
:10E950006F6E74726F6C537461747573526567690E
:10E9600073746572207061636B65740051756572B4
:10E9700079204347726170684657506F73697469B4
:10E980006F6E53656E736552656769737465722047
:10E990007061636B657400005365742F71756572E7
:10E9A00079204347726170684657506F7369746984
:10E9B0006F6E537465705265676973746572207009
:10E9C00061636B657400000051756572792043477F
:10E9D00072617068465754656C656D6574727950E4
:10E9E00061796C6F6164207061636B657400000015
:10E9F0005365742F71756572792046696C74657200
:10EA000020706F6F736974696F6E202833326220D3
:10EA1000696E7465676572292E2052657475726E11
:10EA2000732066696E616C20706F736974696F6EB4
:10EA30002028303D73756E73616665292C202D3159
:10EA4000206966206D6F76696E672C206F72202DAD
:10EA50003220696620706F736974696F6E696E67C2
:10EA6000206572726F722E00BEBAAD1BEDAD0F0A3B
:10EA70000100011043477261706856657273696FD7
:10EA80006E5061796C6F61643A2053657269616C94
:10EA90004E756D3A203078256C582C2050726F637B
:10EAA0006573736F724669726D77617265427569DD
:10EAB0006C644E756D3A20256C752C20465047418C
:10EAC0004669726D776172654275696C644E756DE9
:10EAD0003A20256C75000000434772617068465704
:10EAE0004861726477617265436F6E74726F6C52C5
:10EAF000656769737465723A20416C6C3A20252E03
:10EB0000345820002C20506F734C656473456E415F
:10EB10003A202575200000002C20506F734C65644E
:10EB200073456E423A202575200000002C204D6F61
:10EB3000746F72456E61626C653A20257520000025
:10EB40002C20526573657453746570733A20257573
:10EB5000200000002C204D6F746F7241506C757353
:10EB60003A202575200000002C204D6F746F7241F3
:10EB70004D696E75733A2025752000002C204D6F6D
:10EB8000746F7242506C75733A2025752000000036
:10EB90002C204D6F746F72424D696E75733A20254B
:10EBA000752000002C204661756C7431563A202582
:10EBB000752000002C204661756C7433563A202570
:10EBC000752000002C204661756C7435563A20255E
:10EBD000752000002C20506F7765726E456E35569B
:10EBE0003A202575200000002C20506F7765724375
:10EBF0007963643A20257520000000002C204C65C4
:10EC000064523A20257520002C204C6564473A2038
:10EC1000257520002C204C6564423A202575200083
:10EC20002C2055617274304F453A20257520000024
:10EC30002C2055617274314F453A20257520000013
:10EC40002C2055617274324F453A20257520000002
:10EC50002C2055617274334F453A202575200000F1
:10EC60002C2055783153656C4A6D703A20257520FB
:10EC7000000000002C2055783253656C4A6D703AC4
:10EC800020257520000000004347726170684657D8
:10EC90004D6F746F72436F6E74726F6C53746174E6
:10ECA000757352656769737465723A20416C6C3A8A
:10ECB00020252E386C5820002C205365656B53742A
:10ECC00065703A20252B6420000000002C2043753D
:10ECD0007272656E74537465703A20252B6420003F
:10ECE0004347726170684657506F736974696F6EFD
:10ECF00053656E736552656769737465723A204136
:10ED00006C6C3A20252E3458200000002C20506FC7
:10ED10007353656E7365486F6D65413A20257520A4
:10ED2000000000002C20506F7353656E73654269BC
:10ED30007430413A20257520000000002C20506FCF
:10ED40007353656E736542697431413A20257520AD
:10ED5000000000002C20506F7353656E736542698C
:10ED60007432413A20257520000000002C20506F9D
:10ED70007353656E7365486F6D65423A2025752043
:10ED8000000000002C20506F7353656E736542695C
:10ED90007430423A20257520000000002C20506F6E
:10EDA0007353656E736542697431423A202575204C
:10EDB000000000002C20506F7353656E736542692C
:10EDC0007432423A20257520000000002C20506F3C
:10EDD0007353656E7365413A203078252E31582083
:10EDE0000000000053746570526567697374657242
:10EDF0003A20416C6C3A20252E3858200000000043
:10EE00002C204F6E537465703A202564200000005A
:10EE10002C204F6666537465703A202564200000EC
:10EE20002C204D6964537465703A202564200000DD
:10EE30000A42696E61727956657273696F6E436FCB
:10EE40006D6D616E643A2053656E64696E67207201
:10EE50006573706F6E7365202825752062797465FF
:10EE600073293A20000000000A0000000A42696E7F
:10EE700061727946574861726477617265436F6E5B
:10EE800074726F6C537461747573436F6D6D616EE2
:10EE9000643A2070726F63657373696E67282575B5
:10EEA000292E2E2E0A0A00000A42696E61727946E6
:10EEB000574861726477617265436F6E74726F6CEC
:10EEC000537461747573436F6D6D616E643A205352
:10EED000657474696E6720746F2000000A42696E61
:10EEE00061727946574861726477617265436F6EEB
:10EEF00074726F6C537461747573436F6D6D616E72
:10EF0000643A205265706C79696E673A200000009F
:10EF10000A42696E61727946574D6F746F72436F22
:10EF20006E74726F6C537461747573436F6D6D6141
:10EF30006E643A2070726F63657373696E6728251B
:10EF400075292E2E2E0A0A000A42696E61727946D0
:10EF5000574D6F746F72436F6E74726F6C53746140
:10EF6000747573436F6D6D616E643A20536574748C
:10EF7000696E6720746F20000A42696E617279467B
:10EF8000574D6F746F72436F6E74726F6C53746110
:10EF9000747573436F6D6D616E643A205265706C69
:10EFA00079696E673A2000000A42696E617279469B
:10EFB00057506F736974696F6E53656E7365436FF5
:10EFC0006E74726F6C537461747573436F6D6D61A1
:10EFD0006E643A2070726F63657373696E6728257B
:10EFE00075292E2E2E0A0A000A42696E6172794630
:10EFF00057506F736974696F6E53656E7365436FB5
:10F000006E74726F6C537461747573436F6D6D6160
:10F010006E643A205265706C79696E673A20000020
:10F020000A42696E6172794657506F736974696FED
:10F030006E5374657073436F6D6D616E643A2070CA
:10F04000726F63657373696E67282575292E2E2E7E
:10F050000A0A00000A42696E6172794657506F735E
:10F060006974696F6E5374657073436F6D6D616E13
:10F07000643A205265706C79696E673A200000002E
:10F080000A506F73446574486F6D65413A20000003
:10F090000A506F7344657441303A20000A506F7310
:10F0A00044657441313A20000A506F7344657441DD
:10F0B000323A20000A506F73446574486F6D6542A0
:10F0C0003A2000000A506F7344657442303A2000C1
:10F0D0000A506F7344657442313A20000A506F73CE
:10F0E00044657442323A20000A506F7344657430AC
:10F0F000413A20000A506F7344657431413A200050
:10F100000A506F7344657432413A20000A506F739D
:10F1100044657433413A20000A506F734465743477
:10F12000413A20000A506F7344657435413A20001B
:10F130000A506F7344657436413A20000A506F7369
:10F1400044657437413A20000A506F734465743047
:10F15000423A20000A506F7344657431423A2000ED
:10F160000A506F7344657432423A20000A506F733C
:10F1700044657433423A20000A506F734465743416
:10F18000423A20000A506F7344657435423A2000B9
:10F190000A506F7344657436423A20000A506F7308
:10F1A00044657437423A20000A42696E61727946BA
:10F1B0005754656C656D65747279414443436F6D56
:10F1C0006D616E643A2070726F63657373696E6708
:10F1D000282575292E2E2E0A0A0000000A0A4269E7
:10F1E0006E617279465754656C656D6574727941CC
:10F1F0004443436F6D6D616E643A2043757272656E
:10F200006E7456616C7565733A0A0A005031563255
:10F210003A2025332E366C6620560A00503256327C
:10F220003A2025332E366C6620560A005032385666
:10F230003A2025332E366C6620560A005032563559
:10F240003A2025332E366C6620560A005036563A40
:10F250002025332E366C6620560A00005035563A6B
:10F260002025332E366C6620560A00005033563364
:10F27000443A2025332E366C6620560A00000000E2
:10F28000503456333A2025332E366C6620560A0009
:10F29000503249323A2025332E366C6620560A0009
:10F2A000503449333A2025332E366C6620560A00F6
:10F2B0005036493A2025332E366C6620560A000017
:10F2C0000A42696E617279465754656C656D657462
:10F2D0007279414443436F6D6D616E643A205265AB
:10F2E000706C79696E672E2E2E0A00000A42696ED4
:10F2F000617279465746696C74657253656C6563D3
:10F3000074436F6D6D616E643A2070726F636573E4
:10F3100073696E67282575292E2E2E0A0A000000B3
:10F320000A42696E617279465746696C7465725318
:10F33000656C656374436F6D6D616E643A20496EF0
:10F3400076616C696420706F736974696F6E207286
:10F3500065717565737465643A20256C753B206D25
:10F3600061782076616C696420706F736974696F6D
:10F370006E3A20256C753B20617373756D696E67FD
:10F38000207765277665206265656E2072657175E8
:10F39000657374656420746F2072652D686F6D6588
:10F3A00020776865656C0A000A42696E6172794669
:10F3B0005746696C74657253656C656374436F6D11
:10F3C0006D616E643A206D6F76696E6720746F3A76
:10F3D00020256C750A0000000A0A42696E61727984
:10F3E000465746696C74657253656C656374436F08
:10F3F0006D6D616E643A206D6F7665206661696C33
:10F400006564210A000000000A0A42696E6172798F
:10F41000465746696C74657253656C656374436FD7
:10F420006D6D616E643A206D6F76696E6720746FE2
:10F430003A20256C750A00000A0A42696E617279E9
:10F44000465746696C74657253656C656374436FA7
:10F450006D6D616E643A207175657279696E6720B1
:10F4600063757272656E7420706F736974696F6E04
:10F470002E2E2E0A000000000A0A42696E6172797F
:10F48000465746696C74657253656C656374436F67
:10F490006D6D616E643A206D6F746F7220697320B8
:10F4A000696E206D6F74696F6E20746F2074617265
:10F4B00067657420706F736974696F6E3A20256C8C
:10F4C000750A00000A0A42696E61727946574669F8
:10F4D0006C74657253656C656374436F6D6D616EBA
:10F4E000643A2063757272656E7420706F7369740C
:10F4F000696F6E20696E76616C696421210A000073
:10F500000A0A42696E617279465746696C7465727F
:10F5100053656C656374436F6D6D616E643A20630F
:10F52000757272656E7420706F736974696F6E3A6C
:10F5300020256C750A00021003100410022002003E
:10F540000320042005200620030004000500060017
:10F55000060004002800C0030130023003300430EC
:10F56000053006300E3001400240034004400540A3
:10F5700006400000FFFF7F00000078000000000050
:10F58000FFFF87FF000080FF00000C0000007800F4
:10F590000001020304050607000102030405060733
:10F5A0000809000102030405060708090A0B0C0DEF
:10F5B0000E0F101112131415161718191A1B1C1DF3
:10F5C0001E087F1B0900000068000000700000009A
:10F5D0005C01000060010000EE02DA0287002D00ED
:10F5E000D007000064000000080000006500000073
:10F5F000DAC21B6900000000547565204E6F76204A
:10F6000031382030303A35303A33342032303235E8
:10F6100000010101FFFF7F000000780000000000F2
:10F62000FFFF87FF000080FF00000C000000780053
:10F630000001020304050607000102030405060792
:10F640000809000102030405060708090A0B0C0D4E
:10F650000E0F101112131415161718191A1B1C1D52
:10F660001E087F1B090000006800000070000000F9
:10F670005C010000600100000A50696E6F75744DF6
:10F680006F6E69746F724164633A20542F4F2E007D
:10F690000A0A5363616E4D6F6E69746F72416463E1
:10F6A00020436F6D6D616E643A2056616C756573B1
:10F6B000207769746820636F727265637465642073
:10F6C000756E69747320666F6C6C6F773A0A000010
:10F6D000503156323A2025332E366C6620560A00B9
:10F6E000503256323A2025332E366C6620560A00A8
:10F6F000503238563A2025332E366C6620560A0092
:10F70000503256353A2025332E366C6620560A0084
:10F710005036563A2025332E366C6620560A0000A5
:10F720005035563A2025332E366C6620560A000096
:10F7300050335633443A2025332E366C6620560A11
:10F7400000000000503456333A2025332E366C66C4
:10F7500020560A00503249323A2025332E366C6644
:10F7600020560A00503449333A2025332E366C6631
:10F7700020560A005036493A2025332E366C662032
:10F78000560A0000417578303A2025332E366C66D3
:10F7900020560A00417578313A2025332E366C66A2
:10F7A00020560A00417578323A2025332E366C6691
:10F7B00020560A00416D6269656E744C6967687411
:10F7C0003A2025332E366C6620560A0054656D703B
:10F7D000657261747572653A2025332E366C662029
:10F7E000560A00000A5363616E4D6F6E69746F7242
:10F7F00041646320436F6D6D616E643A20436F6DA9
:10F80000706C6574652E0A0A000000000A0A5465CF
:10F8100073744D6F6E69746F7241646320436F6DD2
:10F820006D616E643A2053657269616C3A2052656D
:10F830006164696E6720412F4427732028726177C5
:10F840002076616C756573293A0A00000A503156BA
:10F85000323A20252B6C642C203078252E386C58B9
:10F86000000000000A503256323A20252B6C642CDE
:10F87000203078252E386C58000000000A503238AD
:10F88000563A20252B6C642C203078252E386C5865
:10F89000000000000A503256353A20252B6C642CAB
:10F8A000203078252E386C58000000000A5036565B
:10F8B0003A20252B6C642C203078252E386C58008B
:10F8C0000A5035563A20252B6C642C203078252E92
:10F8D000386C58000A50335633443A20252B6C6458
:10F8E0002C203078252E386C580000000A503456F1
:10F8F000333A20252B6C642C203078252E386C5818
:10F90000000000000A503249323A20252B6C642C4A
:10F91000203078252E386C58000000000A503449F9
:10F92000333A20252B6C642C203078252E386C58E7
:10F93000000000000A5036493A20252B6C642C2028
:10F940003078252E386C58000A417578303A2025D9
:10F950002B6C642C203078252E386C580000000069
:10F960000A417578313A20252B6C642C203078259B
:10F970002E386C58000000000A417578323A202574
:10F980002B6C642C203078252E386C580000000039
:10F990000A416D6269656E744C696768743A202526
:10F9A0002B6C642C203078252E386C580000000019
:10F9B0000A54656D70657261747572653A20252B05
:10F9C0006C642C203078252E386C58000A546573EE
:10F9D000744D6F6E69746F7241646320436F6D6D17
:10F9E000616E643A20436F6D706C6574652E0A0A0F
:10F9F00000000000202C090D0A0000000A4D6F6E67
:10FA000069746F7241646343616C696272617465A9
:10FA10003A20496E76616C696420706172616D652F
:10FA2000746572733B206D75737420676976652009
:10FA30006174206C65617374206E616D65206F6602
:10FA400020696E7075742063616C6962726174699B
:10FA50006F6E20746F207175657279210A0A00003B
:10FA6000256C650044454641554C54530000000048
:10FA70000A4D6F6E69746F7241646343616C6962B1
:10FA8000726174653A20416C6C2063616C696272CA
:10FA9000617465732073657420746F20646566619A
:10FAA000756C7473210A0A00503156320000000050
:10FAB000503256320000000050323856000000002C
:10FAC0005032563500000000503656005035560072
:10FAD00050335633440000005034563300000000C9
:10FAE0005032493200000000503449330000000019
:10FAF00050364900415558300000000041555831FA
:10FB0000000000004155583200000000414D4249BC
:10FB1000454E544C494748540000000054454D5050
:10FB200045524154555245000A4D6F6E69746F72CB
:10FB300041646343616C6962726174653A20536524
:10FB400074204761696E3A20256C65202822257350
:10FB500022292C20536574204F66667365743A2001
:10FB6000256C65202822257322290A000A4D6F6E14
:10FB700069746F7241646343616C69627261746538
:10FB80003A204761696E3A20256C652C204F6666E5
:10FB90007365743A20256C650A0000000A4D6F6E8B
:10FBA00069746F7241646343616C69627261746508
:10FBB0003A20556E61626C6520746F206C6F6361D2
:10FBC000746520696E707574206D61746368696E08
:10FBD000672022257322210A000000000A4D6F6E63
:10FBE00069746F7241646343616C696272617465C8
:10FBF0003A20436F6D706C6574652E0A0A00000030
:10FC0000616473313235383A3A696E697428293A39
:10FC100020636F6E66696730206D69736D61746310
:10FC200068202872656164733A3078252E32582C2A
:10FC30002077616E7465643A3078252E3258290A2F
:10FC400000000000616473313235383A3A696E69F8
:10FC50007428293A20636F6E66696731206D697375
:10FC60006D61746368202872656164733A30782529
:10FC70002E32582C2077616E7465643A3078252EC8
:10FC80003258290A00000000616473313235383A75
:10FC90003A696E697428293A2073797372656164D0
:10FCA000206D69736D617463682028726561647387
:10FCB0003A3078252E32582C2077616E7465643A7C
:10FCC0003078252E3258290A000000006164733113
:10FCD0003235383A3A696E697428293A2067706972
:10FCE0006F63206D69736D6174636820287265614C
:10FCF00064733A3078252E32582C2077616E746503
:10FD0000643A3078252E3258290A00006164733134
:10FD10003235383A3A696E697428293A2069646E36
:10FD2000756D206D69736D617463682028726561FB
:10FD300064733A3078252E32582C2077616E7465C2
:10FD4000643A3078252E3258290A00005343414E38
:10FD50004D4F4E49544F524144430000225363617A
:10FD60006E4D6F6E69746F72416463223B205368FD
:10FD70006F772063757272656E7420696E7075742A
:10FD800020766F6C74616765732E2E2E0000000064
:10FD9000544553544D4F4E49544F52414443000033
:10FDA00022546573744D6F6E69746F72416463227F
:10FDB0003B2053686F772072617720412F44206386
:10FDC0006F756E74732E2E2E0000000043414C4957
:10FDD00042524154454D4F4E49544F5241444300C5
:10FDE0002243616C6962726174654D6F6E69746FF4
:10FDF00072416463203C726561646F75743E2C3C93
:10FE00006761696E3E286F7074696F6E616C292C32
:10FE10003C6F66667365743E286F7074696F6E61BF
:10FE20006C29223B2043616C6962726174652028F1
:10FE30006F72207175657279292074686520676911
:10FE400076656E20726561646F7574000000000055
:10FE500000000000BD750000E175000001760000A3
:10FE600000000000000000007967000099670000B2
:10FE7000010101087F1B0900BEBAAD1BEDAD0F0AE1
:10FE800001000110021003100410022002000320E0
:10FE900004200520062003000400050006000600DB
:10FEA00004002800C0030130023003300430053064
:10FEB00006300E3001400240034004400540064039
:10FEC00055736167654661756C74537461747573BD
:10FED00052656769737465723A20616C6C3D307865
:10FEE000252E34583B20556E446566496E737472F6
:10FEF0003D25632C20496E765374617465455350DB
:10FF0000523D25632C20496E7650433D25632C20BD
:10FF10004E6F43503D25632C20556E416C69676ED2
:10FF200065643D25632C2044697642795A65726F79
:10FF30003D2563004275734661756C74537461743A
:10FF4000757352656769737465723A20616C6C3DB4
:10FF50003078252E32583B20494275734572723DE8
:10FF600025632C205072656369734572723D256369
:10FF70002C20496D7072656369734572723D25630B
:10FF80002C20556E53746B4572723D25632C2053A3
:10FF9000746B4572723D25632C204C7370457272F0
:10FFA0003D25632C204246415256616C69643D25D3
:10FFB000630000004275734661756C74416464723D
:10FFC00065737352656769737465723A206661750B
:10FFD0006C74206174203078252E386C5800000035
:10FFE0004D656D4D616E6167654661756C745374E6
:10FFF0006174757352656769737465723A20616CD8
:020000022000DC
:100000006C3D3078252E32583B2049416363566958
:100010006F6C3D25632C204441636356696F6C3DD2
:1000200025632C204D656D556E53746B4572723D82
:1000300025632C204D656D53746B4572723D2563AD
:100040002C204D656D4C73704572723D25632C20DC
:100050004D4D415256616C69643D256300000000BE
:100060004D656D4D616E6167654661756C74416487
:10007000647265737352656769737465723A20665A
:1000800061756C74206174203078252E386C5800AE
:10009000436F6E666967757261626C654661756C07
:1000A00074537461747573526567697374657273A0
:1000B000434653523A20616C6C3D3078252E386CA3
:1000C000583B20003B200000486172644661756C1B
:1000D0007453746174757352656769737465723AA9
:1000E00020616C6C3D3078252E386C583B2056656D
:1000F00063745461626C653D25632C20466F7263A6
:1001000065643D25632C2044656275674576743DC2
:1001100025630000436F6E74657874537461746571
:100120004672616D653A2072303D3078252E386C0C
:10013000582C2072313D3078252E386C582C207286
:10014000323D3078252E386C582C2072333D307873
:10015000252E386C582C207231323D3078252E38BF
:100160006C582C206C723D3078252E386C582C2021
:1001700070635F72657475726E5F616464723D3046
:1001800078252E386C582C20787073723D30782585
:100190002E386C58000000000A0000000A0A0A21EC
:1001A0004275734661756C74210A00005043205BF0
:1001B0005231355D203D2025780A00004C52205BED
:1001C0005231345D203D2025780A00000A0A0A21B8
:1001D00055736167654661756C74210A0000000003
:1001E0000A0A0A214D656D4D616E674661756C7432
:1001F000210A0000FA0500000101010020000000B2
:100200000A0A496E76616C696420636F6D6D616E78
:10021000642028222573223B205B0000252E3268B3
:1002200068583A005D2029202D206C697374696E2E
:100230006720616C6C20617661696C61626C65201D
:10024000636F6D6D616E64733A0A000025733A2026
:1002500025730A000A21666F726D6174663A3A77F7
:10026000727374725F66756E632825702C2025701A
:100270002C20256C7529210A000000000A0A5478F8
:1002800042696E6172795061636B65743A204E55B4
:100290004C4C205061636B6574436F6E7465787469
:1002A00021202853686F756C642062652042696E56
:1002B000617279556172742A2920506C6561736589
:1002C000207265636F6D70696C6520746869732056
:1002D00062696E6172792E2E2E0A00000A0A436945
:1002E0007263756C61724669666F466C61747465A1
:1002F0006E6564467067613A20446174614F66665A
:10030000736574283078256C78292C2044617461D9
:10031000283078256C78292C20526561644F6666F8
:10032000736574283078256C78292C20577269748D
:10033000654F6666736574283078256C78292C20A3
:100340004C656E28256C75292C20506F705265679E
:100350006973746572283078256C78293B20000019
:100360002A446174614F666673657428256C75292B
:100370002C202A446174612830782578292C202A81
:10038000526561644F666673657428256C75292C07
:10039000202A57726974654F666673657428256CE8
:1003A00075292C20446570746828256C75292C20CB
:1003B0002A506F70526567697374657228256C7571
:1003C000292E00000A0A43697263756C61724669DE
:1003D000666F466C617474656E6564467067613AF9
:1003E00020506F704D616E7928257529204020308E
:1003F0007825702E0A0D00000000000000000000AB
:10040000A1840000C5840000FB840000E785000093
:100410001B870000678700006D880000E5840000EE
:10042000D3860000F786000011890000D9880000FB
:10043000DD87000000000000000000000000000058
:1004400000000000000000000000000000000000AC
:10045000000000000000000000000000000000009C
:10046000000000000000000000000000000000008C
:10047000BEBAAD1B4347726170685061636B6574AF
:100480004865616465723A205374617274546F6B8D
:10049000656E3A203078256C582C205061796C6F4D
:1004A0006164547970653A20256C752C205061790F
:1004B0006C6F61644C656E3A20256C75000000001D
:1004C0000A0A4347726170685061636B65743A3A17
:1004D000497356616C696428293A205061636B65E1
:1004E000745374617274546F6B656E3A2042756612
:1004F0006665722E617355333228257529203D209B
:100500003078256C782E0A0D000000000A0A434757
:10051000726170685061636B65743A3A49735661F1
:100520006C696428293A207061796C6F6164747910
:1005300070653A204275666665722E617355313674
:1005400028257529203D20307825782E0A0D0000B9
:100550000A0A4347726170685061636B65743A3A86
:10056000497356616C696428293A207061796C6F0F
:1005700061646C656E3A204275666665722E6173C1
:1005800055313628257529203D20307825782E0ACA
:100590000D0000000A0A4347726170685061636B86
:1005A00065743A3A497356616C696428293A204364
:1005B00052433A204275666665722E617355333236
:1005C00028257529203D203078256C782E0A0D00CD
:1005D0000A0A4347726170685061636B65743A3A06
:1005E000497356616C696428293A205061636B65D0
:1005F00074456E64546F6B656E3A2042756666652D
:10060000722E617355333228257529203D203078AC
:10061000256C782E0A0D00000A0A43477261706843
:100620005061636B65743A3A497356616C6964282A
:10063000293A204352433A20456E643A20257520DA
:1006400053746172743A202575202E0A0D00000043
:100650000A0A4347726170685061636B65743A3A85
:10066000497356616C696428293A2043616C632799
:1006700064204352433A203078256C782028437216
:100680006343757272656E74416464723A203078A7
:10069000256C78292C202874696D656F75743A2053
:1006A0002575292E0A0D00000A0A42696E617279C9
:1006B00020556172743A20496E697428506B7448F1
:1006C0002025752C20506B7446202575292E0A0D87
:1006D000000000002E252E32780000000A0A426930
:1006E0006E617279556172743A2042756666657200
:1006F00028257029206F766572666C6F773B2074B1
:10070000686973207061636B65742077696C6C2015
:100710006E6F74206669742028257A7562292C20F2
:10072000666C757368696E67206275666665722EA1
:100730000A0D00000A0A42696E617279556172748D
:100740003A20556E6D61746368656420636F6D6DEA
:10075000616E64203078252E386C5821204E756DDE
:10076000436D64733A20256C750A00000A0A4269D9
:100770006E617279556172743A205061636B657471
:100780002072656365697665642C206275742053F8
:10079000657269616C4E756D62657220636F6D7014
:1007A000617269736F6E206661696C65642028658B
:1007B000787065637465643A203078252E386C58FB
:1007C0003B20676F743A203078252E386C58292EDC
:1007D0000A0D00000A0A42696E61727955617274ED
:1007E0003A205061636B6574207265636569766554
:1007F000642C2062757420696E76616C69642E0ABF
:100800000D0000000A0A42696E617279205561721A
:10081000743A2053656E64696E67207061636B651E
:10082000742825752C202575293A2000252E32584C
:100830003A0000000A0000000A0A42696E617279FB
:100840005561727452696E67427566666572526967
:100850006E674275666665723A20536561726368B9
:10086000696E6720666F72205061636B6574204506
:100870006E6420402025752C204C656E3A25752C21
:10088000204C6173743A25752E0A0D000A0A4269DC
:100890006E6172795561727452696E6742756666EF
:1008A000657252696E674275666665723A20466F78
:1008B000756E645061636B6574456E642825752997
:1008C0002E0A0D000A0A42696E61727955617274CE
:1008D00052696E6742756666657252696E674275E7
:1008E000666665723A20466F756E645061636B652B
:1008F000745374617274282575292E0A0D00000046
:100900000A0A42696E6172795561727452696E6742
:100910004275666665723A20556E6D6174636865EE
:100920006420636F6D6D616E64203078252E386CA5
:100930005821204E756D436D64733A20256C750AFD
:10094000000000000A0A42696E6172795561727492
:1009500052696E6742756666657252696E67427566
:10096000666665723A20506F704D616E7928257504
:10097000292E0A0D000000000A0A42696E61727990
:100980005561727452696E674275666665723A2087
:100990005061636B657420737461727420262065E6
:1009A0006E6420666F756E642C20627574207061B1
:1009B000636B657420697320696E76616C69642E5F
:1009C0000A0D00000A465047415561727443616C3C
:1009D0006C6261636B733A204E554C4C2825752927
:1009E00020496E76616C69645061636B6574210A9D
:1009F0000A0000000A465047415561727443616C19
:100A00006C6261636B733A20496E76616C69645005
:100A100061636B65742120636F6E74656E74733AE5
:100A2000203A00000A0A00000A4650474142696E17
:100A30006172795561727443616C6C6261636B734E
:100A40003A204E554C4C2825752920556E48616E2C
:100A5000646C65645061636B6574210A0A00000070
:100A60000A465047415561727443616C6C62616320
:100A70006B733A20556E68616E646C6564207061BA
:100A8000636B6574282575293A2000000A50696E49
:100A90006F75744D6F6E69746F724164633A205460
:100AA0002F4F2E000A4D6F6E69746F724164633A66
:100AB00020636820257520626164207374617475F9
:100AC000733A203078252E32580A00000A4D6F6E96
:100AD00069746F724164633A2063682025752072DF
:100AE000656164733A20256C6620566F6C747320C0
:100AF0005B256C75206C736227735D0A0000000033
:100B00000A4D6F6E69746F724164633A20636820A6
:100B10002575206E6F206E65772073616D706C6532
:100B20002074686973207363616E2E0A00000000F0
:100B30000A4F6666736574206F6620556172743063
:100B400052784669666F5065656B5065656B4461A8
:100B500074613A203078252E326C582C20657870DC
:100B600065637465643A203078252E326C582E0007
:100B70000A4F6666736574206F6620556172743023
:100B800052784669666F5065656B5065656B416468
:100B900064723A203078252E326C582C206578709B
:100BA00065637465643A203078252E326C582E00C7
:100BB000EDAD0F0A01000110021003100410022015
:100BC0000200032004200520062003000400050085
:100BD0000600060004002800C00301300230033084
:100BE0000430053006300E3001400240034004401E
:100BF00005400640087F1B09FFFF7F0000007800CA
:100C000000000000FFFF87FF000080FF00000C00D5
:100C1000000078000001020304050607000102033A
:100C20000405060708090001020304050607080970
:100C30000A0B0C0D0E0F101112131415161718199C
:100C40001A1B1C1D1E000000680000007000000040
:100C50005C010000600100000000000000000000D6
:100C600051BE000075BE0000D9B6000000000000B3
:100C70000000000085AE0000A9AE0000C9AE000073
:100C800049AF00006D970000A1AF00000000000018
:100C90000000000045AD000069AD0000299600008D
:100CA00089AD0000BDAD0000FBAD000027AE000027
:100CB00039AE00004BAE0000000000000000000054
:100CC000A5AB0000000000000000000099BE00007D
:100CD000BDBE0000F19900009DA0000000000000D2
:100CE00000000000019700002197000041970000DC
:100CF000579700006D9700008397000000000000E8
:100D000000000000000000000000000000000000E3
:100D100000000000000000000000000000000000D3
:100D20002996000000000000000000000000000004
:100D300000000000000000000000000000000000B3
:100D400000000000000000000000000000000000A3
:100D50000000000000000000898B0000AD8B000047
:100D6000CD8B0000198C0000558C0000A18C000078
:100D7000ED8C0000018D0000158D0000298D000014
:100D80003D8D00008F8D00004D8E0000538D0000C2
:100D90006D8D0000C38D00000B8E0000ED8E0000F5
:100DA0009D8F0000119000006D900000E190000008
:100DB00041910000A1910000F19100005D940000BC
:100DC0007794000099940000FF9400000000000058
:100DD0000000000000000000000000000000000013
:100DE0000000000000000000000000000000000003
:100DF00000000000000000000000000000000000F3
:100E000000000000000000000000000000000000E2
:100E100000000000000000000000000000000000D2
:100E200000000000000000000000000000000000C2
:100E300000000000000000000000000000000000B2
:100E4000000000000000000001010100002020203F
:100E5000202020202020282828282820202020206A
:100E6000202020202020202020202020208810103A
:100E70001010101010101010101010101004040496
:100E80000404040404040410101010101010414154
:100E90004141414101010101010101010101010142
:100EA0000101010101010101101010101010424256
:100EB0004242424202020202020202020202020212
:100EC00002020202020202021010101020000000B2
:100ED0000000000000000000000000000000000012
:100EE0000000000000000000000000000000000002
:100EF00000000000000000000000000000000000F2
:100F000000000000000000000000000000000000E1
:100F100000000000000000000000000000000000D1
:100F200000000000000000000000000000000000C1
:100F300000000000000000000000000000000000B1
:100F400000000000000000000000000000000000A1
:100F50000A00000065256C6400000000494E460050
:100F6000696E66004E414E006E616E003031323364
:100F700034353637383961626364656600000000D5
:100F800030313233343536373839414243444546BF
:100F900000000000286E756C6C2900003000000015
:100FA0002F000000504F534958000000430000003C
:100FB000415343494900000049534F2D38383539D2
:100FC0002D310000636A6B73696E676C6500000009
:100FD000636A6B6E6172726F77000000636A6B7791
:100FE000696465005554462D380000005554463854
:100FF000000000004A495300455543004A50000094
:101000004555434A50000000534A49530000000030
:1010100049534F00383835390000000049534F2DEF
:10102000383835392D000000435000004B4F493807
:101030000000000043503230383636004350323121
:1010400038363600435031303300000047454F52A8
:101050004749414E000000005053000043503130DA
:10106000310000005054313534000000435031301D
:1010700032000000544953003632300043503837B4
:10108000340000004C435F414C4C00004C414E4743
:10109000000000002E0000004C435F434F4C4C41C9
:1010A000544500004C435F43545950450000000034
:1010B0004C435F4D4F4E4554415259004C435F4E97
:1010C000554D4552494300004C435F54494D45003E
:1010D0004C435F4D4553534147455300496E666944
:1010E0006E697479000000004E614E0042616C6CC4
:1010F0006F63207375636365656465640000000059
:101100002F5F5F772F61726D2D6E6F6E652D65613C
:1011100062692D6763632D787061636B2F61726DF7
:101120002D6E6F6E652D656162692D6763632D7825
:101130007061636B2F6275696C642D617373657484
:10114000732F6275696C642F6C696E75782D7836B3
:10115000342F736F75726365732F6E65776C696278
:101160002D63796777696E2F6E65776C69622F6C76
:101170006962632F7374646C69622F64746F612E8B
:10118000630000002F5F5F772F61726D2D6E6F6EB1
:10119000652D656162692D6763632D787061636B8E
:1011A0002F61726D2D6E6F6E652D656162692D67A1
:1011B00063632D787061636B2F6275696C642D6158
:1011C00073736574732F6275696C642F6C696E75C7
:1011D000782D7836342F736F75726365732F6E6553
:1011E000776C69622D63796777696E2F6E65776CAE
:1011F00069622F6C6962632F7374646C69622F6D0E
:10120000707265632E6300006E660000696E69741B
:1012100079000000616E00002C2066756E637469B1
:101220006F6E3A2000000000617373657274696F1D
:101230006E2022257322206661696C65643A2066FF
:10124000696C6520222573222C206C696E6520252F
:1012500064257325730A00002F5F5F772F61726D1D
:101260002D6E6F6E652D656162692D6763632D78E4
:101270007061636B2F61726D2D6E6F6E652D656190
:1012800062692D6763632D787061636B2F62756986
:101290006C642D6173736574732F6275696C642F50
:1012A0006C696E75782D7836342F736F757263653F
:1012B000732F6E65776C69622D63796777696E2F1E
:1012C0006E65776C69622F6C6962632F7374646CEE
:1012D00069622F6764746F612D6765746865782E25
:1012E000630000000A000100020003000400050082
:1012F00006000700080009000A000B000C000D00A2
:101300000E000F0010000000303030303030303030
:10131000303030303030303020202020202020204D
:10132000202020202020202043000000000000007A
:1013300000000000000000000000000000000000AD
:10134000000000000000000043000000000000005A
:10135000000000000000000000000000000000008D
:10136000000000000000000043000000000000003A
:10137000000000000000000000000000000000006D
:10138000000000000000000043000000000000001A
:10139000000000000000000000000000000000004D
:1013A00000000000000000004300000000000000FA
:1013B000000000000000000000000000000000002D
:1013C00000000000000000004300000000000000DA
:1013D000000000000000000000000000000000000D
:1013E00000000000000000004300000000000000BA
:1013F00000000000000000000000000000000000ED
:1014000000000000000000003D5D0100A936010061
:10141000000000004C0E0200941002002412020092
:1014200024120200241202002412020024120200DC
:1014300024120200241202002412020024120200CC
:10144000FFFFFFFFFFFFFFFFFFFFFFFFFFFF0000AA
:101450000100415343494900000000000000000022
:10146000000000000000000000000000000000007C
:101470000000415343494900000000000000000003
:10148000000000000000000000000000000000005C
:10149000000000008410020098100200A410020056
:1014A000B0100200BC100200C8100200D0100200F0
:1014B0000400000000000500000401010101010614
:1014C0000106000400000000000000000000040409
:1014D00000000000060202020202060206060604DE
:1014E00006060606060606060606030306060600A8
:1014F00000000000000000000200000000000000EA
:1015000000050404040404070407000300000000AD
:1015100000000000000001010000000007010101BF
:10152000010107010707070607070707070707075E
:101530000707000007070700000000000000000088
:1015400005000000190000007D0000000000000000
:10155000BC89D897B2D29C3C33A7A8D523F6493989
:101560003DA7F444FD0FA5329D978CCF08BA5B25AB
:10157000436FAC642806C80A0080E03779C3414352
:10158000176E05B5B5B89346F5F93FE9034F384DE9
:10159000321D30F94877825A3CBF737FDD4F157595
:1015A000000000000000F03F0000000000002440A8
:1015B00000000000000059400000000000408F4083
:1015C000000000000088C34000000000006AF840EE
:1015D0000000000080842E4100000000D012634112
:1015E0000000000084D797410000000065CDCD4188
:1015F000000000205FA00242000000E87648374269
:10160000000000A2941A6D42000040E59C30A24206
:101610000000901EC4BCD64200003426F56B0C437B
:101620000080E03779C3414300A0D8855734764322
:1016300000C84E676DC1AB43003D9160E458E14383
:10164000408CB5781DAF154450EFE2D6E41A4B44F8
:1016500092D54D06CFF08044F64AE1C7022DB5443D
:10166000B49DD9794378EA4434000000CEFBFFFFF3
:10167000CB03000001000000000000003500000066
:10168000CEFBFFFFCB0300000100000000000000C4
:10169000BC89D897B2D29C3C33A7A8D523F6493948
:1016A0003DA7F444FD0FA5329D978CCF08BA5B256A
:1016B000436FAC64280668110C5F104E154E2A4E1D
:1016C000314E364E3C4E3F4E424E564E584E824E56
:1016D000854E6B8C8A4E12820D5F8E4E9E4E9F4EB3
:1016E000A04EA24EB04EB34EB64ECE4ECD4EC44ED0
:1016F000C64EC24ED74EDE4EED4EDF4EF74E094F70
:101700005A4F304F5B4F5D4F574F474F764F884F83
:101710008F4F984F7B4F694F704F914F6F4F864F50
:10172000964F1851D44FDF4FCE4FD84FDB4FD14F8C
:10173000DA4FD04FE44FE54F1A50285014502A503A
:10174000255005501C4FF64F215029502C50FE4F6C
:10175000EF4F1150065043504750036755505050BB
:1017600048505A5056506C50785080509A5085507E
:10177000B450B250C950CA50B350C250D650DE50C7
:10178000E550ED50E350EE50F950F550095101513C
:1017900002511651155114511A5121513A513751D4
:1017A0003C513B513F51405152514C515451625167
:1017B000F87A69516A516E5180518251D8568C51D4
:1017C00089518F519151935195519651A451A651E0
:1017D000A251A951AA51AB51B351B151B251B0511B
:1017E000B551BD51C551C951DB51E0515586E95143
:1017F000ED51F051F551FE5104520B5214520E525C
:1018000027522A522E52335239524F5244524B527F
:101810004C525E5254526A527452695273527F5201
:101820007D528D5294529252715288529152A88F89
:10183000A78FAC52AD52BC52B552C152CD52D75205
:10184000DE52E352E652ED98E052F352F552F8526E
:10185000F9520653085338750D5310530F5315534F
:101860001A5323532F533153335338534053465352
:101870004553174E49534D53D6515E5369536E53DA
:1018800018597B53775382539653A053A653A553AD
:10189000AE53B053B653C353127CD996DF53FC6694
:1018A000EE71EE53E853ED53FA5301543D54405456
:1018B0002C542D543C542E54365429541D544E54FB
:1018C0008F5475548E545F5471547754705492549D
:1018D0007B5480547654845490548654C754A254F4
:1018E000B854A554AC54C454C854A854AB54C254AE
:1018F000A454BE54BC54D854E554E6540F55145562
:10190000FD54EE54ED54FA54E254395540556355A4
:101910004C552E555C5545555655575538553355EC
:101920005D5599558055AF548A559F557B557E55C9
:1019300098559E55AE557C558355A9558755A85544
:10194000DA55C555DF55C455DC55E455D455145604
:10195000F7551656FE55FD551B56F9554E56505621
:10196000DF7134563656325638566B5664562F56FB
:101970006C566A56865680568A56A05694568F568E
:10198000A556AE56B656B456C256BC56C156C356E8
:10199000C056C856CE56D156D356D756EE56F956DF
:1019A0000057FF560457095708570B570D57135741
:1019B00018571657C7551C572657375738574E577D
:1019C0003B5740574F576957C057885761577F5704
:1019D00089579357A057B357A457AA57B057C3571F
:1019E000C657D457D257D3570A58D657E3570B5830
:1019F00019581D587258215862584B587058C06B6E
:101A000052583D5879588558B9589F58AB58BA58CC
:101A1000DE58BB58B858AE58C558D358D158D758C7
:101A2000D958D858E558DC58E458DF58EF58FA58D8
:101A3000F958FB58FC58FD5802590A5910591B59BE
:101A4000A66825592C592D59325938593E59D27A00
:101A5000555950594E595A595859625960596759F0
:101A60006C596959785981599D595E4FAB4FA359AB
:101A7000B259C659E859DC598D59D959DA59255AFC
:101A80001F5A115A1C5A095A1A5A405A6C5A495A22
:101A9000355A365A625A6A5A9A5ABC5ABE5ACB5A60
:101AA000C25ABD5AE35AD75AE65AE95AD65AFA5A8E
:101AB000FB5A0C5B0B5B165B325BD05A2A5B365BC6
:101AC0003E5B435B455B405B515B555B5A5B5B5BDD
:101AD000655B695B705B735B755B785B88657A5B84
:101AE000805B835BA65BB85BC35BC75BC95BD45B96
:101AF000D05BE45BE65BE25BDE5BE55BEB5BF05BF4
:101B0000F65BF35B055C075C085C0D5C135C205CBA
:101B1000225C285C385C395C415C465C4E5C535C02
:101B2000505C4F5C715B6C5C6E5C624E765C795CA9
:101B30008C5C915C945C9B59AB5CBB5CB65CBC5CA4
:101B4000B75CC55CBE5CC75CD95CE95CFD5CFA5CFB
:101B5000ED5C8C5DEA5C0B5D155D175D5C5D1F5D8A
:101B60001B5D115D145D225D1A5D195D185D4C5D94
:101B7000525D4E5D4B5D6C5D735D765D875D845D32
:101B8000825DA25D9D5DAC5DAE5DBD5D905DB75D4E
:101B9000BC5DC95DCD5DD35DD25DD65DDB5DEB5DCA
:101BA000F25DF55D0B5E1A5E195E115E1B5E365EC0
:101BB000375E445E435E405E4E5E575E545E5F5EDF
:101BC000625E645E475E755E765E7A5EBC9E7F5E38
:101BD000A05EC15EC25EC85ED05ECF5ED65EE35ED2
:101BE000DD5EDA5EDB5EE25EE15EE85EE95EEC5EF3
:101BF000F15EF35EF05EF45EF85EFE5E035F095F29
:101C00005D5F5C5F0B5F115F165F295F2D5F385F63
:101C1000415F485F4C5F4E5F2F5F515F565F575F7C
:101C2000595F615F6D5F735F775F835F825F7F5F27
:101C30008A5F885F915F875F9E5F995F985FA05F13
:101C4000A85FAD5FBC5FD65FFB5FE45FF85FF15FED
:101C5000DD5FB360FF5F2160606019601060296024
:101C60000E6031601B6015602B6026600F603A606B
:101C70005A6041606A6077605F604A6046604D60AC
:101C800063604360646042606C606B605960816057
:101C90008D60E76083609A6084609B609660976067
:101CA0009260A7608B60E160B860E060D360B46070
:101CB000F05FBD60C660B560D8604D6115610661BA
:101CC000F660F7600061F460FA6003612161FB6017
:101CD000F1600D610E6147613E61286127614A61D3
:101CE0003F613C612C6134613D61426144617361DB
:101CF0007761586159615A616B6174616F616561A7
:101D000071615F615D615361756199619661876120
:101D1000AC6194619A618A619161AB61AE61CC61A1
:101D2000CA61C961F761C861C361C661BA61CB614B
:101D3000797FCD61E661E361F661FA61F461FF618B
:101D4000FD61FC61FE610062086209620D620C6265
:101D500014621B621E6221622A622E62306232624B
:101D6000336241624E625E6263625B6260626862BD
:101D70007C62826289627E62926293629662D462BF
:101D800083629462D762D162BB62CF62FF62C66235
:101D9000D464C862DC62CC62CA62C262C7629B62FF
:101DA000C9620C63EE62F162276302630863EF624B
:101DB000F56250633E634D631C644F6396638E63AC
:101DC0008063AB637663A3638F6389639F63B5634B
:101DD0006B636963BE63E963C063C663E363C9633E
:101DE000D263F663C46316643464066413642664C1
:101DF00036641D65176428640F6467646F647664D5
:101E00004E642A6595649364A564A9648864BC647F
:101E1000DA64D264C564C764BB64D864C264F16424
:101E2000E7640982E064E164AC62E364EF642C651A
:101E3000F664F464F264FA640065FD6418651C6578
:101E40000565246523652B6534653565376536651D
:101E500038654B754865566555654D6558655E65D1
:101E60005D6572657865826583658A8B9B659F6514
:101E7000AB65B765C365C665C165C465CC65D2652C
:101E8000DB65D965E065E165F16572670A66036641
:101E9000FB6573673566366634661C664F66446656
:101EA000496641665E665D666466676668665F662B
:101EB00062667066836688668E66896684669866E2
:101EC0009D66C166B966C966BE66BC66C466B8660C
:101ED000D666DA66E0663F66E666E966F066F5664F
:101EE000F7660F6716671E672667276738972E679E
:101EF0003F67366741673867376746675E67606781
:101F000059676367646789677067A9677C676A67F1
:101F10008C678B67A667A1678567B767EF67B4674C
:101F2000EC67B367E967B867E467DE67DD67E267B8
:101F3000EE67B967CE67C667E7679C6A1E68466842
:101F4000296840684D6832684E68B3682B685968E4
:101F5000636877687F689F688F68AD6894689D68DC
:101F60009B688368AE6AB9687468B568A068BA6827
:101F70000F698D687E680169CA680869D868226936
:101F80002669E1680C69CD68D468E768D568366968
:101F900012690469D768E3682569F968E068EF6841
:101FA00028692A691A6923692169C6687969776984
:101FB0005C6978696B6954697E696E6939697469AD
:101FC0003D695969306961695E695D6981696A69FC
:101FD000B269AE69D069BF69C169D369BE69CE69AA
:101FE000E85BCA69DD69BB69C369A7692E6A916943
:101FF000A0699C699569B469DE69E869026A1B6A2F
:10200000FF690A6BF969F269E769056AB1691E6AD5
:10201000ED69146AEB690A6A126AC16A236A136A73
:10202000446A0C6A726A366A786A476A626A596AEE
:10203000666A486A386A226A906A8D6AA06A846A07
:10204000A26AA36A976A1786BB6AC36AC26AB86A39
:10205000B36AAC6ADE6AD16ADF6AAA6ADA6AEA6AD5
:10206000FB6A056B1686FA6A126B166B319B1F6B47
:10207000386B376BDC76396BEE98476B436B496B8B
:10208000506B596B546B5B6B5F6B616B786B796BEF
:102090007F6B806B846B836B8D6B986B956B9E6B8A
:1020A000A46BAA6BAB6BAF6BB26BB16BB36BB76B63
:1020B000BC6BC66BCB6BD36BDF6BEC6BEB6BF36BFF
:1020C000EF6BBE9E086C136C146C1B6C246C236C41
:1020D0005E6C556C626C6A6C826C8D6C9A6C816CF7
:1020E0009B6C7E6C686C736C926C906CC46CF16CC5
:1020F000D36CBD6CD76CC56CDD6CAE6CB16CBE6C5A
:10210000BA6CDB6CEF6CD96CEA6C1F6D4D88366D68
:102110002B6D3D6D386D196D356D336D126D0C6D18
:10212000636D936D646D5A6D796D596D8E6D956D9E
:10213000E46F856DF96D156E0A6EB56DC76DE66D50
:10214000B86DC66DEC6DDE6DCC6DE86DD26DC56D94
:10215000FA6DD96DE46DD56DEA6DEE6D2D6E6E6E16
:102160002E6E196E726E5F6E3E6E236E6B6E2B6EF0
:10217000766E4D6E1F6E436E3A6E4E6E246EFF6E1F
:102180001D6E386E826EAA6E986EC96EB76ED36E73
:10219000BD6EAF6EC46EB26ED46ED56E8F6EA56E10
:1021A000C26E9F6E416F116F4C70EC6EF86EFE6EDA
:1021B0003F6FF26E316FEF6E326FCC6E3E6F136F0A
:1021C000F76E866F7A6F786F816F806F6F6F5B6F5E
:1021D000F36F6D6F826F7C6F586F8E6F916FC26FF0
:1021E000666FB36FA36FA16FA46FB96FC66FAA6F4D
:1021F000DF6FD56FEC6FD46FD86FF16FEE6FDB6F61
:1022000009700B70FA6F117001700F70FE6F1B7008
:102210001A70746F1D7018701F7030703E703270BD
:102220005170637099709270AF70F170AC70B8704B
:10223000B370AE70DF70CB70DD70D9700971FD7056
:102240001C711971657155718871667162714C717B
:1022500056716C718F71FB7184719571A871AC713D
:10226000D771B971BE71D271C971D471CE71E0717B
:10227000EC71E771F571FC71F971FF710D721072FB
:102280001B7228722D722C72307232723B723C7249
:102290003F72407246724B72587274727E728272D2
:1022A0008172877292729672A272A772B972B272BA
:1022B000C372C672C472CE72D272E272E072E172FE
:1022C000F972F7720F5017730A731C7316731D732C
:1022D00034732F73297325733E734E734F73D89ED7
:1022E00057736A7368737073787375737B737A73DB
:1022F000C873B373CE73BB73C073E573EE73DE73D1
:10230000A27405746F742574F87332743A7455743A
:102310003F745F74597441745C746974707463744D
:102320006A7476747E748B749E74A774CA74CF7446
:10233000D474F173E074E374E774E974EE74F274C6
:10234000F074F174F874F7740475037505750C7501
:102350000E750D75157513751E7526752C753C75E6
:1023600044754D754A7549755B7546755A7569753D
:10237000647567756B756D75787576758675877517
:1023800074758A758975827594759A759D75A5752C
:10239000A375C275B375C375B575BD75B875BC75D4
:1023A000B175CD75CA75D275D975E375DE75FE75D3
:1023B000FF75FC750176F075FA75F275F3750B769D
:1023C0000D7609761F76277620762176227624767A
:1023D000347630763B764776487646765C76587625
:1023E00061766276687669766A7667766C767076FC
:1023F0007276767678767C768076837688768B763B
:102400008E769676937699769A76B076B476B87616
:10241000B976BA76C276CD76D676D276DE76E176A3
:10242000E576E776EA762F86FB76087707770477F6
:10243000297724771E77257726771B7737773877A4
:1024400047775A7768776B775B7765777F777E77A3
:1024500079778E778B779177A0779E77B077B677FD
:10246000B977BF77BC77BD77BB77C777CD77D7779D
:10247000DA77DC77E377EE77FC770C7812782679D9
:1024800020782A7945788E78747886787C789A785E
:102490008C78A378B578AA78AF78D178C678CB78DD
:1024A000D478BE78BC78C578CA78EC78E778DA78E2
:1024B000FD78F47807791279117919792C792B79CB
:1024C0004079607957795F795A79557953797A7972
:1024D0007F798A799D79A7794B9FAA79AE79B3796B
:1024E000B979BA79C979D579E779EC79E179E3797C
:1024F000087A0D7A187A197A207A1F7A8079317AD7
:102500003B7A3E7A377A437A577A497A617A627AA5
:10251000697A9D9F707A797A7D7A887A977A957AA6
:10252000987A967AA97AC87AB07AB67AC57AC47A4D
:10253000BF7A8390C77ACA7ACD7ACF7AD57AD37A9E
:10254000D97ADA7ADD7AE17AE27AE67AED7AF07AA5
:10255000027B0F7B0A7B067B337B187B197B1E7B00
:10256000357B287B367B507B7A7B047B4D7B0B7BDA
:102570004C7B457B757B657B747B677B707B717B5C
:102580006C7B6E7B9D7B987B9F7B8D7B9C7B9A7B02
:102590008B7B927B8F7B5D7B997BCB7BC17BCC7B69
:1025A000CF7BB47BC67BDD7BE97B117C147CE67B37
:1025B000E57B607C007C077C137CF37BF77B177CDE
:1025C0000D7CF67B237C277C2A7C1F7C377C2B7C34
:1025D0003D7C4C7C437C547C4F7C407C507C587CC4
:1025E0005F7C647C567C657C6C7C757C837C907C99
:1025F000A47CAD7CA27CAB7CA17CA87CB37CB27CAF
:10260000B17CAE7CB97CBD7CC07CC57CC27CD87CF6
:10261000D27CDC7CE27C3B9BEF7CF27CF47CF67C25
:10262000FA7C067D027D1C7D157D0A7D457D4B7DF6
:102630002E7D327D3F7D357D467D737D567D4E7D81
:10264000727D687D6E7D4F7D637D937D897D5B7D31
:102650008F7D7D7D9B7DBA7DAE7DA37DB57DC77D64
:10266000BD7DAB7D3D7EA27DAF7DDC7DB87D9F7D58
:10267000B07DD87DDD7DE47DDE7DFB7DF27DE17D7D
:10268000057E0A7E237E217E127E317E1F7E097E9C
:102690000B7E227E467E667E3B7E357E397E437E85
:1026A000377E327E3A7E677E5D7E567E5E7E597EC6
:1026B0005A7E797E6A7E697E7C7E7B7E837ED57D36
:1026C0007D7EAE8F7F7E887E897E8C7E927E907EA0
:1026D000937E947E967E8E7E9B7E9C7E387F3A7F14
:1026E000457F4C7F4D7F4E7F507F517F557F547F7C
:1026F000587F5F7F607F687F697F677F787F827F99
:10270000867F837F887F877F8C7F947F9E7F9D7F5E
:102710009A7FA37FAF7FB27FB97FAE7FB67FB87F4E
:10272000718BC57FC67FCA7FD57FD47FE17FE67F6F
:10273000E97FF37FF97FDC98068004800B801280AC
:10274000188019801C80218028803F803B804A802F
:102750004680528058805A805F8062806880738093
:1027600072807080768079807D807F808480868092
:1027700085809B8093809A80AD809051AC80DB8077
:10278000E580D980DD80C480DA80D6800981EF8041
:10279000F1801B81298123812F814B818B9646817A
:1027A0003E8153815181FC8071816E81658166819A
:1027B0007481838188818A8180818281A0819581D1
:1027C000A481A3815F819381A981B081B581BE81FC
:1027D000B881BD81C081C281BA81C981CD81D181D9
:1027E000D981D881C881DA81DF81E081E781FA81EE
:1027F000FB81FE8101820282058207820A820D82AC
:102800001082168229822B8238823382408259823A
:1028100058825D825A825F826482628268826A82A2
:102820006B822E827182778278827E828D82928202
:10283000AB829F82BB82AC82E182E382DF82D28262
:10284000F482F382FA8293830383FB82F982DE822D
:102850000683DC820983D9823583348316833283ED
:10286000318340833983508345832F832B831783A0
:10287000188385839A83AA839F83A2839683238365
:102880008E8387838A837C83B58373837583A083D8
:102890008983A883F4831384EB83CE83FD8303842D
:1028A000D8830B84C183F7830784E083F2830D848C
:1028B00022842084BD8338840685FB836D842A842A
:1028C0003C845A85848477846B84AD846E8482844E
:1028D000698446842C846F8479843584CA846284B4
:1028E000B984BF849F84D984CD84BB84DA84D084A6
:1028F000C184C684D684A1842185FF84F48417858D
:1029000018852C851F8515851485FC844085638575
:1029100058854885418502864B8555858085A485E7
:10292000888591858A85A8856D8594859B85EA85AE
:1029300087859C8577857E859085C985BA85CF8575
:10294000B985D085D585DD85E585DC85F9850A865F
:1029500013860B86FE85FA85068622861A863086C1
:102960003F864D86554E54865F8667867186938670
:10297000A386A986AA868B868C86B686AF86C486F1
:10298000C686B086C9862388AB86D486DE86E9866D
:10299000EC86DF86DB86EF8612870687088700874E
:1029A0000387FB86118709870D87F9860A87348795
:1029B0003F8737873B87258729871A8760875F8707
:1029C00078874C874E877487578768876E875987C3
:1029D000538763876A870588A2879F878287AF8727
:1029E000CB87BD87C087D087D696AB87C487B38790
:1029F000C787C687BB87EF87F287E0870F880D8878
:102A0000FE87F687F7870E88D28711881688158883
:102A10002288218831883688398827883B884488ED
:102A20004288528859885E8862886B8881887E884F
:102A30009E8875887D88B5887288828897889288F4
:102A4000AE889988A2888D88A488B088BF88B1880C
:102A5000C388C488D488D888D988DD88F988028951
:102A6000FC88F488E888F28804890C890A8913892B
:102A700043891E8925892A892B89418944893B8973
:102A8000368938894C891D8960895E89668964899F
:102A90006D896A896F89748977897E898389888934
:102AA0008A8993899889A189A989A689AC89AF89DE
:102AB000B289BA89BD89BF89C089DA89DC89DD8993
:102AC000E789F489F889038A168A108A0C8A1B8A96
:102AD0001D8A258A368A418A5B8A528A468A488AB2
:102AE0007C8A6D8A6C8A628A858A828A848AA88AAC
:102AF000A18A918AA58AA68A9A8AA38AC48ACD8A3B
:102B0000C28ADA8AEB8AF38AE78AE48AF18A148B2A
:102B1000E08AE28AF78ADE8ADB8A0C8B078B1A8BC3
:102B2000E18A168B108B178B208B338BAB97268B00
:102B30002B8B3E8B288B418B4C8B4F8B4E8B498B39
:102B4000568B5B8B5A8B6B8B5F8B6C8B6F8B748B09
:102B50007D8B808B8C8B8E8B928B938B968B998BB2
:102B60009A8B3A8C418C3F8C488C4C8C4E8C508C80
:102B7000558C628C6C8C788C7A8C828C898C858C50
:102B80008A8C8D8C8E8C948C7C8C988C1D62AD8CF8
:102B9000AA8CBD8CB28CB38CAE8CB68CC88CC18C1C
:102BA000E48CE38CDA8CFD8CFA8CFB8C048D058D27
:102BB0000A8D078D0F8D0D8D108D4E9F138DCD8C31
:102BC000148D168D678D6D8D718D738D818D998DA1
:102BD000C28DBE8DBA8DCF8DDA8DD68DCC8DDB8D2D
:102BE000CB8DEA8DEB8DDF8DE38DFC8D088E098E0C
:102BF000FF8D1D8E1E8E108E1F8E428E358E308E56
:102C0000348E4A8E478E498E4C8E508E488E598E09
:102C1000648E608E2A8E638E558E768E728E7C8E3A
:102C2000818E878E858E848E8B8E8A8E938E918EEA
:102C3000948E998EAA8EA18EAC8EB08EC68EB18ED9
:102C4000BE8EC58EC88ECB8EDB8EE38EFC8EFB8E49
:102C5000EB8EFE8E0A8F058F158F128F198F138FB3
:102C60001C8F1F8F1B8F0C8F268F338F3B8F398FBD
:102C7000458F428F3E8F4C8F498F468F4E8F578F97
:102C80005C8F628F638F648F9C8F9F8FA38FAD8FBC
:102C9000AF8FB78FDA8FE58FE28FEA8FEF8F879054
:102CA000F48F0590F98FFA8F1190159021900D9067
:102CB0001E9016900B902790369035903990F88F93
:102CC0004F905090519052900E9049903E90569057
:102CD00058905E9068906F907690A89672908290CF
:102CE0007D90819080908A9089908F90A890AF90ED
:102CF000B190B590E290E4904862DB90029112911D
:102D00001991329130914A91569158916391659100
:102D10006991739172918B9189918291A291AB91FA
:102D2000AF91AA91B591B491BA91C091C191C99155
:102D3000CB91D091D691DF91E191DB91FC91F5910E
:102D4000F6911E92FF9114922C92159211925E921E
:102D50005792459249926492489295923F924B9233
:102D600050929C92969293929B925A92CF92B99241
:102D7000B792E9920F93FA9244932E931993229368
:102D80001A9323933A9335933B935C9360937C938C
:102D90006E935693B093AC93AD939493B993D693AB
:102DA000D793E893E593D893C393DD93D093C893D7
:102DB000E4931A94149413940394079410943694FF
:102DC0002B94359421943A944194529444945B9476
:102DD000609462945E946A94299270947594779446
:102DE0007D945A947C947E9481947F948295879567
:102DF0008A959495969598959995A095A895A79557
:102E0000AD95BC95BB95B995BE95CA95F66FC39522
:102E1000CD95CC95D595D495D695DC95E195E59550
:102E2000E295219628962E962F9642964C964F968E
:102E30004B9677965C965E965D965F9666967296D2
:102E40006C968D96989695969796AA96A796B19613
:102E5000B296B096B496B696B896B996CE96CB96EC
:102E6000C996CD964D89DC960D97D596F99604971F
:102E70000697089713970E9711970F97169719971C
:102E800024972A97309739973D973E9744974697CE
:102E90004897429749975C976097649766976897B9
:102EA000D2526B977197799785977C9781977A978C
:102EB00086978B978F9790979C97A897A697A3979D
:102EC000B397B497C397C697C897CB97DC97ED97FE
:102ED0004F9FF297DF7AF697F5970F980C983898EE
:102EE0002498219837983D9846984F984B986B981E
:102EF0006F987098719874987398AA98AF98B198D1
:102F0000B698C498C398C698E998EB98039909991C
:102F100012991499189921991D991E99249920990B
:102F20002C992E993D993E994299499945995099E4
:102F30004B99519952994C99559997999899A59966
:102F4000AD99AE99BC99DF99DB99DD99D899D19962
:102F5000ED99EE99F199F299FB99F899019A0F9AE6
:102F6000059AE299199A2B9A379A459A429A409A69
:102F7000439A3E9A559A4D9A5B9A579A5F9A629AEB
:102F8000659A649A699A6B9A6A9AAD9AB09ABC9A51
:102F9000C09ACF9AD19AD39AD49ADE9ADF9AE29ABB
:102FA000E39AE69AEF9AEB9AEE9AF49AF19AF79AE4
:102FB000FB9A069B189B1A9B1F9B229B239B259B7E
:102FC000279B289B299B2A9B2E9B2F9B329B449BB4
:102FD000439B4F9B4D9B4E9B519B589B749B939B3C
:102FE000839B919B969B979B9F9BA09BA89BB49B2D
:102FF000C09BCA9BB99BC69BCF9BD19BD29BE39B9B
:10300000E29BE49BD49BE19B3A9CF29BF19BF09B5F
:10301000159C149C099C139C0C9C069C089C129C5F
:103020000A9C049C2E9C1B9C259C249C219C309CCF
:10303000479C329C469C3E9C5A9C609C679C769C1C
:10304000789CE79CEC9CF09C099D089DEB9C039D63
:10305000069D2A9D269DAF9D239D1F9D449D159DE8
:10306000129D419D3F9D3E9D469D489D5D9D5E9D5F
:10307000649D519D509D599D729D899D879DAB9DDD
:103080006F9D7A9D9A9DA49DA99DB29DC49DC19D51
:10309000BB9DB89DBA9DC69DCF9DC29DD99DD39D18
:1030A000F89DE69DED9DEF9DFD9D1A9E1B9E1E9E2B
:1030B000759E799E7D9E819E889E8B9E8C9E929E03
:1030C000959E919E9D9EA59EA99EB89EAA9EAD9EF0
:1030D0006197CC9ECE9ECF9ED09ED49EDC9EDE9EDF
:1030E000DD9EE09EE59EE89EEF9EF49EF69EF79E96
:1030F000F99EFB9EFC9EFD9E079F089FB776159F3D
:10310000219F2C9F3E9F4A9F529F549F639F5F9F8A
:10311000609F619F669F679F6C9F6A9F779F729F6A
:10312000769F959F9C9FA09F2F58C7695990647464
:10313000DC5199719C4E1655035A3F96C0541B6141
:103140002863F659229075841C83507AAA60E16343
:10315000256EED656684A682F59B93682757A16569
:1031600071629B5BD0597B86F498627DBE7D8E9B9D
:1031700016629F7CB788895BB55E0963976648686D
:10318000C7958D974F67E54E0A4F4D4F9D4F49505C
:10319000F2563759D459015A095CDF600F617061EA
:1031A00013660569BA704F757075FB79AD7DEF7D5B
:1031B000C3800E846388028B55907A903B53954E62
:1031C000A54EDF57B280C190EF78004EF158A26E45
:1031D0003890327A28838B822F9C41517053BD5492
:1031E000E154E056FB59155FF298EB6DE4802D85B4
:1031F00062967096A096FB970B54F353875BCF7043
:10320000BD7FC28FE8966F535C9DBA7A114E93785A
:10321000FC81266E185604551D6B1A853B9CE5599A
:10322000A953666DDC748F954256914E4B90F29681
:103230004F830C99E153B655305B715F2066F3669E
:103240000468386CF36C296D5B74C8764E7A3498D8
:10325000F1825B88608AED92B26DAB75CA76C599D2
:10326000A660018B8A8DB2958E69AD538651125737
:1032700030584459B45BF65E2860A963F463BF6CB0
:10328000146F8E7014715971D5713F73017E7682FF
:10329000D182978560905B921B9D6958BC655A6C82
:1032A0002575F9512E596559805FDC5FBC62FA655E
:1032B0002A6A276BB46B8B73C17F56892C9D0E9D38
:1032C000C49EA15C966C7B8304514B5CB661C68145
:1032D00076686172594EFA4F78536960296E4F7A59
:1032E000F3970B4E1653EE4E554F3D4FA14F734F74
:1032F000A052EF5309560F59C15AB65BE15BD17921
:1033000087669C67B6674C6BB36C6B70C2738D79C4
:10331000BE793C7A877BB182DB8204837783EF833B
:10332000D3836687B28A2956A88CE68F4E901E9763
:103330008A86C44FE85C116259723B75E581BD8293
:10334000FE86C08CC5961399D599CB4E1A4FE3894A
:10335000DE564A58CA58FB5EEB5F2A609460626092
:10336000D0611262D0623965419B6666B068776D44
:1033700070704C758676757DA582F9878B958E96D3
:103380009D8CF151BE521659B354B35B165D686102
:103390008269AF6D8D78CB845788728AA793B89A6B
:1033A0006C6DA899D986A357FF67CE860E9283527B
:1033B00087560454D35EE162B9643C683868BB6BDD
:1033C0007273BA786B7A9A89D2896B8D038FED907C
:1033D000A39594966997665BB35C7D694D984E980A
:1033E0009B63207B2B6A7F6AB6680D9C5F6F72526D
:1033F0009D557060EC623B6D076ED16E5B841089E9
:10340000448F144E399CF6531B693A6A84972A6894
:103410005C51C37AB284DC918C935B56289D226800
:1034200005833184A57C0852C582E6747E4E834FA5
:10343000A051D25B0A52D852E752FB5D9A552A58E6
:10344000E6598C5B985BDB5B725E795EA3601F6103
:103450006361BE61DB636265D1675368FA683E6B86
:10346000536B576C226F976F456FB0741875E37686
:103470000B77FF7AA17B217CE97D367FF07F9D80F1
:1034800066829E83B389CC8AAB8C84905194939549
:103490009195A2956596D39728991882384E2B540A
:1034A000B85CCC5DA9734C763C77A95CEB7F0B8D47
:1034B000C196119854985898014F0E4F71539C55CE
:1034C0006856FA574759095BC45B905C0C5E7E5E98
:1034D000CC5FEE633A67D765E2651F67CB68C46867
:1034E0005F6A305EC56B176C7D6C7F754879635B76
:1034F000007A007DBD5F8F89188AB48C778DCC8E61
:103500001D8FE2980E9A3C9B804E7D50005193593E
:103510009C5B2F628062EC643A6BA0729175477974
:10352000A97FFB87BC8A708BAC63CA83A0970954C0
:103530000354AB555468586A708A27787567CD9ED6
:103540007453A25B1A8150860690184E454EC74EA2
:10355000114FCA533854AE5B135F256051653D6708
:10356000426C726CE36C78700374767AAE7A087B86
:103570001A7DFE7C667DE7655B72BB53455CE85D4A
:10358000D262E0621963206E5A86318ADD8DF8922C
:10359000016FA6795A9BA84EAB4EAC4E9B4FA04FE5
:1035A000D1504751F67A7151F651545321537F53FC
:1035B000EB53AC558358E15C375F4A5F2F60506036
:1035C0006D601F6359654B6AC16CC272ED72EF7713
:1035D000F880058108824E85F790E193FF9757990F
:1035E0005A9AF04EDD512D5C81666D69405CF26641
:1035F000756989735068817CC550E4524757FE5DF8
:103600002693A465236B3D6B34748179BD794B7B24
:10361000CA7DB982CC837F885F89398BD18FD19164
:103620001F5480925D4E3650E5533A53D7729673CD
:10363000E977E682AF8EC699C899D29977511A6117
:103640005E86B0557A7A7650D35B47908596324E37
:10365000DB6AE791515C485C98639F7A936C74973E
:10366000618FAA7A8A718896827C1768707E516809
:103670006C93F2521B54AB85138AA47FCD8EE190DC
:10368000665388884179C24FBE50115244515355F8
:103690002D57EA738B575159625F845F756076616D
:1036A0006761A961B2633A646C656F664268136EC4
:1036B00066753D7AFB7C4C7D997D4B7E6B7F0E83DE
:1036C0004A83CD86088A638A668BFD8E1A988F9D01
:1036D000B882CE8FE89B87521F628364C06F999631
:1036E00041689150206B7A6C546F747A507D408899
:1036F000238A0867F64E3950265065507C5138525F
:103700006352A7550F570558CC5AFA5EB261F8615B
:10371000F36272631C69296A7D72AC722E7314782D
:103720006F78797D0C77A9808B89198BE28CD28E8A
:10373000639075937A965598139A789E43519F5348
:10374000B3537B5E265F1B6E906E8473FE73437D66
:103750003782008AFA8A50964E4E0B50E4537C54BE
:10376000FA56D159645BF15DAB5E275F38624565FF
:10377000AF67566ED072CA7CB488A180E180F083B6
:103780004E86878AE88D3792C7966798139F944E26
:10379000924E0D4F485349543E542F5A8C5FA15FAF
:1037A0009F60A7688E6A5A7481789E8AA48A778BF4
:1037B00090915E4EC99BA44E7C4FAF4F195016504E
:1037C00049516C519F52B952FE529A53E3531154CE
:1037D0000E5489555157A2577D59545B5D5B8F5BE1
:1037E000E55DE75DF75D785E835E9A5EB75E185FC4
:1037F00052604C619762D862A7633B65026643667C
:10380000F4666D6721689768CB695F6C2A6D696D96
:103810002F6E9D6E327587766C783F7AE07C057DE1
:10382000187D5E7DB17D15800380AF80B1805481AD
:103830008F812A8252834C8861881B8BA28CFC8CDE
:10384000CA90759171923F78FC92A4954D96059817
:103850009999D89A3B9D5B52AB52F7530854D5586F
:10386000F762E06F6A8C5F8FB99E4B513B524A54AE
:10387000FD56407A7791609DD29E4473096F7081A6
:103880001175FD5FDA60A89ADB72BC8F646B0398D8
:10389000CA4EF0566457BE585A5A6860C7610F66E0
:1038A00006663968B168F76DD5753A7D6E82429BC0
:1038B0009B4E504FC95306556F5DE65DEE5DFB674D
:1038C000996C73740278508A9693DF885057A75E7C
:1038D0002B63B550AC508D510067C9545E58BB592D
:1038E000B05B695F4D62A1633D68736B086E7D706C
:1038F000C7918072157826786D798E65307DDC836E
:10390000C188098F9B966452285750676A7FA18CA3
:10391000B45142572A963A588A69B480B2540E5D1F
:10392000FC579578FA9D5C4F4A528B543E6428664A
:103930001467F567847A567B227D2F935C68AD9B74
:10394000397B19538A513752DF5BF662AE64E66405
:103950002D67BA6BA985D1969076D69B4C6306935A
:10396000AB9BBF765266094E9850C253715CE860BB
:10397000926463655F68E671CA732375977B827E84
:103980009586838BDB8C78911099AC65AB668B6BDD
:10399000D54ED44E3A4F7F4F3A52F853F253E35537
:1039A000DB56EB58CB59C959FF59505B4D5C025E51
:1039B0002B5ED75F1D6007632F655C5BAF65BD65E0
:1039C000E8659D67626B7B6B0F6C45734979C179C4
:1039D000F87C197D2B7DA2800281F38196895E8A15
:1039E000698A668A8C8AEE8AC78CDC8CCC96FC98B5
:1039F0006F6B8B4E3C4F8D4F5051575BFA5B48615C
:103A000001634266216BCB6EBB6C3E72BD74D47594
:103A1000C1783A790C803380EA8194849E8F506C0F
:103A20007F9E0F5F588B2B9DFA7AF88E8D5BEB96FD
:103A3000034EF153F7573159C95AA45B89607F6E21
:103A4000066FBE75EA8C9F5B0085E07B7250F46761
:103A50009D82615C4A851E7E0E829951045C68637A
:103A6000668D9C656E713E79177D05801D8BCA8EB3
:103A70006E90C786AA901F50FA523A5C53677C70CA
:103A800035724C91C8912B93E582C25B315FF9602E
:103A90003B4ED653885B4B6231678A6BE972E073A9
:103AA0002E7A6B81A38D529196991251D7536A54F5
:103AB000FF5B8863396AAC7D0097DA56CE53685451
:103AC000975B315CDE5DEE4F0161FE62326DC07965
:103AD000CB79427D4D7ED27FED811F8290844688D6
:103AE0007289908B748E2F8F31904B916C91C6960A
:103AF0009C91C04E4F4F45514153935F0E62D46726
:103B0000416C0B6E6373267ECD918392D453195909
:103B1000BF5BD16D5D792E7E9B7C7E589F71FA5183
:103B20005388F08FCA4FFB5C2566AC77E37A1C8222
:103B3000FF99C651AA5FEC656F69896BF36D966E4C
:103B4000646FFE76147DE15D759087910698E6516D
:103B50001D5240629166D9661A6EB65ED27D727F42
:103B6000F866AF85F785F88AA952D95373598F5EE5
:103B7000905F5560E4926496B7501F51DD52205318
:103B80004753EC53E8544655315517566859BE59BA
:103B90003C5AB55B065C0F5C115C1A5C845E8A5E05
:103BA000E05E705F7F628462DB628C6377630766CE
:103BB0000C662D6676667E67A2681F6A356ABC6CE5
:103BC000886D096E586E3C7126716771C7750177F3
:103BD0005D7801796579F079E07A117BA77C397D90
:103BE0009680D6838B8449855D88F3881F8A3C8ABA
:103BF000548A738A618CDE8CA49166927E931894A9
:103C00009C9698970A4E084E1E4E574E97517052EA
:103C1000CE573458CC58225B385EC560FE6461676D
:103C20005667446DB6727375637AB884728BB891B7
:103C300020933156F457FE98ED620D69966BED7145
:103C4000547E77807282E689DF985587B18F3B5C1E
:103C5000384FE14FB54F0755205ADD5BE95BC35F35
:103C60004E612F63B0654B66EE689B69786DF16DB0
:103C70003375B9751F775E79E679337DE381AF825D
:103C8000AA85AA893A8AAB8E9B8F3290DD910797DD
:103C9000BA4EC14E03527558EC580B5C1A753D5C18
:103CA0004E810A8AC58F63966D97257BCF8A0898C7
:103CB0006291F356A853179039548257255EA86332
:103CC000346C8A7061778B7CE07F7088429054916D
:103CD000109318938F965E74C49A075D695D706542
:103CE000A267A88DDB966E6349671969C58317982B
:103CF000C096FE88846F7A64F85B164E2C705D75F2
:103D00002F66C4513652E252D359815F2760106248
:103D10003F6574651F667466F2681668636B056EAE
:103D200072721F75DB76BE7C5680F058FD887F89E5
:103D3000A08A938ACB8A1D90929152975997896550
:103D40000E7A0681BB962D5EDC601A62A56514664C
:103D50009067F3774D7A4D7C3E7E0A81AC8C648D02
:103D6000E18D5F8EA9780752D962A563426498629B
:103D70002D8A837AC07BAC8AEA96767D0C8249874D
:103D8000D94E485143536053A35B025C165CDD5D22
:103D900026624762B06413683468C96C456D176D5C
:103DA000D3675C6F4E717D71CB657F7AAD7BDA7DB9
:103DB0004A7EA87F7A811B823982A6856E8ACE8C44
:103DC000F58D78907790AD9291928395AE9B4D5200
:103DD0008455386F367168518579557EB381CE7CB4
:103DE0004C565158A85CAA63FE66FD665A69D972A2
:103DF0008F758E750E795679DF79977C207D447D9D
:103E00000786348A3B966190209FE7507552CC53C9
:103E1000E2530950AA55EE584F593D728B5B645CD2
:103E20001D53E360F3605C6383633F63BB63CD64F6
:103E3000E965F966E35DCD69FD69156FE571894E48
:103E4000E975F876937ADF7CCF7D9C7D618049832C
:103E500058836C84BC84FB85C588708D01906D90FF
:103E600097931C97129ACF5097588E61D3813585BE
:103E7000088D2090C34F7450475273536F6049634D
:103E80005F672C6EB38D1F90D74F5E5CCA8CCF6579
:103E90009A7D525396887651C363585B6B5B0A5C7C
:103EA0000D6451675C90D64E1A592A59706C518A2C
:103EB0003E551558A559F0605362C1673582556962
:103EC0004096C499289A534F0658FE5B1080B15C07
:103ED0002F5E855F20604B613462FF66F06CDE6EA2
:103EE000CE807F81D4828B88B88C00902E908A9669
:103EF000DB9EDB9BE34EF05327592C7B8D914C9836
:103F0000F99DDD6E277053534455855B58629E6260
:103F1000D362A26CEF6F2274178A3894C16FFE8A45
:103F20003883E751F886EA53E953464F5490B08FEF
:103F30006A593181FD5DEA7ABF8FDA68378CF87291
:103F4000489C3D6AB08A394E585306566657C5623A
:103F5000A263E6654E6BE16D5B6EAD70ED77EF7A57
:103F6000AA7BBB7D3D80C680CB86958A5B93E3565A
:103F7000C7583E5FAD659666806AB56B3775C78A70
:103F80002450E57730571B5F65607A66606CF47586
:103F90001A7A6E7FF48118874590B399C97B5C7556
:103FA000F97A517BC4841090E979927A3683E15A88
:103FB00040772D4EF24E995BE05FBD623C66F16743
:103FC000E86C6B8677883B8A4E91F392D099176A9A
:103FD00026702A73E7825784AF8C014E4651CB512D
:103FE0008B55F55B165E335E815E145F355F6B5FEC
:103FF000B45FF2611163A2661D676E6F52723A750B
:104000003A777480398178817687BF8ADC8A858D9A
:10401000F38D9A9277950298E59CC5525763F47692
:104020001567886CCD73C38CAE937396256D9C58C1
:104030000E69CC69FD8F9A93DB751A905A58026805
:10404000B463FB69434F2C6FD867BB8F2685B47D63
:1040500054933F69706F6A57F7582C5B2C7D2A7216
:104060000A54E391B49DAD4E4E4F5C50755043528F
:104070009E8C485424589A5B1D5E955EAD5EF75E3B
:104080001F5F8C60B5623A63D063AF68406C87781D
:104090008E790B7AE07D4782028AE68A448E1390FD
:1040A000B8902D91D8910E9FE56C5864E2647565C7
:1040B000F46E84761B7B6990D193BA6EF254B95F2B
:1040C000A4644D8FED8F449278516B582959555CFB
:1040D000975EFB6D8F7E1C75BC8CE28E5B98B97011
:1040E0001D4FBF6BB16F3075FB964E511054355854
:1040F0005758AC59605C925F97655C67216E7B7620
:10410000DF83ED8C1490FD904D9325783A78AA5278
:10411000A65E1F577459126012505A51AC51CD51BE
:1041200000521055545858585759955BF65C8B5DA2
:10413000BC6095622D6471674368BC68DF68D776A0
:10414000D86D6F6E9B6D6F70C871535FD87577793E
:10415000497B547B527BD67C717D30526384698568
:10416000E4850E8A048B468C0F8E03900F90199471
:1041700076962D98309AD895CD50D5520C54025839
:104180000E5CA7619E641E6DB377E57AF4800484AB
:1041900053908592E05C079D3F53975FB35F9C6DA2
:1041A00079726377BF79E47BD26BEC72AD8A036876
:1041B000616AF851817A34694A5CF69CEB82C55B8E
:1041C00049911E7078566F5CC76066658C6C5A8C1E
:1041D000419013985154C7660D924859A390855148
:1041E0004D4EEA5199850E8B58707A634B936269F4
:1041F000B499047E777557536069DF8EE3965D6CE2
:104200008C4E3C5C105FE98F0253D18C898079869B
:10421000FF5EE565734E655182593F5CEE97FB4E3C
:104220008A59CD5F8D8AE16FB0796279E75B7184DD
:104230002B73B171745EF55F7B639A64C371987C74
:10424000434EFC5E4B4EDC57A256A960C36F0D7DFA
:10425000FD803381BF81B28F9789A486F45D8A6225
:10426000AD6487897767E26C3E6D36743478465A60
:10427000757FAD82AC99F34FC35EDD629263576583
:104280006F67C3764C72CC80BA80298F4D910D50E8
:10429000F957925A856873696471FD72B78CF25848
:1042A000E08C6A9619907F87E479E77729842F4F0D
:1042B00065525A53CD62CF67CA6C7D76947B957CEC
:1042C00036828485EB8FDD66206F06721B7EAB83A2
:1042D000C199A69EFD51B17B7278B87B8780487BDF
:1042E000E86A615E8C80517560756B5162928C6E6C
:1042F0007A769791EA9A104F707F9C624F7BA595D2
:10430000E99C7A565958E486BC96344F24524A5355
:10431000CD53DB53065E2C6491657F673E6C4E6C1B
:104320004872AF72ED735475417E2C82E985A98C79
:10433000C47BC69169711298EF983D6369666A758E
:10434000E476D0784385EE862A5351532654835918
:10435000875E7C5FB26049627962AB629065D46BC4
:10436000CC6CB275AE769178D879CB7D777FA5800D
:10437000AB88B98ABB8C7F905E97DB980B6A387CE0
:1043800099503E5CAE5F8767D86B357409778E7F36
:104390003B9FCA67177A39538B75ED9A665F9D818B
:1043A000F18398803C5FC55F6275467B3C9067688F
:1043B000EB599B5A107D7E762C8BF54F6A5F196AFC
:1043C000376C026FE27468796888558A798CDF5E91
:1043D000CF63C575D279D7822893F2929C84ED86FB
:1043E0002D9CC1546C5F8C655C6D1570A78CD38C53
:1043F0003B984F65F6740D4ED84EE0572B59665AD0
:10440000CC5BA851035E9C5E166076627765A765FB
:104410006E666E6D3672267B50819A8199825C8BB6
:10442000A08CE68C748D1C964496AE4FAB64666B84
:104430001E8261846A85E890015C5369A8987A8439
:1044400057850F4F6F52A95F455E0D678F79798150
:1044500007898689F56D175F5562B86CCF4E697212
:10446000929B06523B547456B358A4616E621A7103
:104470006E59897CDE7C1B7DF09687655E80194EC7
:10448000754F75514058635E735E0A5FC467264E70
:104490003D8589955B96737C0198FB50C158567693
:1044A000A7782552A5771185867B4F500959477209
:1044B000C77BE87DBA8FD48F4D90BF4FC952295A20
:1044C000015FAD97DD4F1782EA9203575563696B21
:1044D0002B75DC88148F427ADF52935855610A623B
:1044E000AE66CD6B3F7CE9832350F84F05534654AD
:1044F000315849599D5BF05CEF5C295D965EB16275
:1045000067633E65B9650B67D56CE16CF97032780D
:104510002B7EDE80B3820C84EC84028712892A8A87
:104520004A8CA690D292FD98F39C6C9D4F4EA14E62
:104530008D5056524A57A8593D5ED85FD95F3F62A9
:10454000B4661B67D067D2689251217DAA80A8818A
:10455000008B8C8CBF8C7E92329620542C981753F3
:10456000D5505C53A858B264346767726677467A50
:10457000E691C352A16C866B00584C5E54592C676F
:10458000FB7FE151C6766964E878549BBB9ECB57AC
:10459000B95927669A67CE6BE954D969555E9C81F3
:1045A0009567AA9BFE67529C5D68A64EE34FC85371
:1045B000B9622B67AB6CC48FAD4F6D7EBF9E074E4B
:1045C0006261806E2B6F138573542A67459BF35D80
:1045D000957BAC5CC65B1C874A6ED184147A0881DB
:1045E00099598D7C116C2077D952225921715F72B3
:1045F000DB772797619D0B697F5A185AA5510D5497
:104600007D540E66DF76F78F9892F49CEA595D72BE
:10461000C56E4D51C968BF7DEC7D6297BA9E7864C6
:10462000216A028384595F5BDB6B1B73F276B27D78
:104630001780998432512867D99EEE766267FF52BF
:104640000599245C3B627E7CB08C4F55B6600B7D37
:10465000809501535F4EB6511C593A723680CE9107
:10466000255FE2778453795F047DAC85338A8D8E34
:104670005697F367AE85539409610861B96C527619
:10468000ED8A388F2F55514F2A51C752CB53A55B16
:104690007D5EA0608261D6630967DA67676E8C6DA4
:1046A0003673377331755079D588988A4A909190CE
:1046B000F590C4968D871559884E594F0E4E898AAC
:1046C0003F8F1098AD507C5E9659B95BB85EDA6347
:1046D000FA63C164DC664A69D8690B6DB66E947181
:1046E0002875AF7A8A7F00804984C9848189218BAB
:1046F0000A8E65907D960A997E619162326B836C19
:10470000746DCC7FFC7FC06D857FBA87F888656744
:10471000B1833C98F7961B6D617D3D846A91714E23
:104720007553505D046BEB6FCD852D86A78929529B
:104730000F54655C4E67A86806748374E275CF8871
:10474000E188CC91E29678968B5F8773CB7A4E8422
:10475000A06365758952416D9C6E097459756B78BB
:10476000927C8696DC7A8D9FB64F6E61C5655C86BD
:10477000864EAE4EDA50214ECC51EE5B9965816883
:10478000BC6D1F734276AD771C7AE77C6F82D28A4C
:104790007C90CF91759618989B52D17D2B50985351
:1047A0009767CB6DD0713374E8812A8FA396579C9D
:1047B0009F9E60744158996D2F7D5E98E44E364FF0
:1047C0008B4FB751B152BA5D1C60B2733C79D38242
:1047D0003492B796F6960A97979E629FA666746B78
:1047E0001752A352C870C288C95E4B609061236F94
:1047F00049713E7CF47D6F80EE8423902C9342546B
:104800006F9BD36A8970C28CEF8D3297B452415A34
:10481000CA5E045F17677C6994696A6D0F6F627284
:10482000FC72ED7B01807E804B87CE906D51939E14
:1048300084798B803293D68A2D508C54718A6A6B1E
:10484000C48C0781D160A067F29D994E984E109C50
:104850006B8AC185688500697E6E977855810000F6
:10486000002502250C251025182514251C252C258E
:10487000242534253C25012503250F2513251B253B
:104880001725232533252B253B254B2520252F2593
:10489000282537253F251D25302525253825422566
:1048A0001004110412041304140415040104160462
:1048B0001704180419041A041B041C041D041E0404
:1048C0001F042004210422042304240425042604B4
:1048D0002704280429042A042B042C042D042E0464
:1048E0002F04000000000000000000000000000095
:1048F00000000000000000000000000000000000B8
:1049000030043104320433043404350451043604D1
:104910003704380439043A043B043C043D043E04A3
:104920003F04400441044204430444044504460453
:104930004704480449044A044B044C044D044E0403
:104940004F0400009103920393039403950396038D
:104950009703980399039A039B039C039D039E036B
:104960009F03A003A103A303A403A503A603A70316
:10497000A803A903000000000000000000000000E0
:1049800000000000B103B203B303B403B503B603E0
:10499000B703B803B903BA03BB03BC03BD03BE032B
:1049A000BF03C003C103C303C403C503C603C703D6
:1049B000C803C90300000000000000000000000060
:1049C00000000001010101010101010101000000DD
:1049D00000000000010101010101010101010101CB
:1049E00001010101010101010101010101010000B9
:1049F00000000000000101010101010101010101AC
:104A00000101010101010101010101010101010097
:104A1000C625A125A025B325B225BD25BC253B2053
:104A20001230922190219121932113300000000037
:104A30000000000000000000000000000000000076
:104A4000000008220B2286228722822283222A2229
:104A5000292200000000000000000000000000000B
:104A6000000027222822AC00D221D42100220322D8
:104A700029220000000000000000000000000000EB
:104A80000000000000002022A5221223022207229B
:104A9000612252226A226B221A223D221D223522D5
:104AA0002B222C220000000000000000000000006B
:104AB00000002B2130206F266D266A262020212021
:104AC000B6002C22000000000000EF25003001306D
:104AD00002300CFF0EFFFB301AFF1BFF1FFF01FF10
:104AE0009B309C30B40040FFA8003EFF3E203FFFBB
:104AF000FD30FE309D309E300330DD4E05300630F7
:104B00000730FC30142010200FFF3CFF1C30162013
:104B10005CFF26202520182019201C201D2008FFBE
:104B200009FF143015303BFF3DFF5BFF5DFF083090
:104B300009300A300B300C300D300E300F30103091
:104B400011300BFF1222B100D700F7001DFF6022C9
:104B50001CFF1EFF662267221E22342242264026A8
:104B6000B000322033200321A50004FFA200A300DF
:104B700005FF03FF06FF0AFF20FFA7000626052604
:104B8000CB25CF25CE25C7250A0001000200030052
:104B90000400050006000700080009000A000B00D9
:104BA0000C000D000E000F001000000030303030FF
:104BB0003030303030303030303030302020202035
:104BC0002020202020202020202020200000000065
:104BD00000000000000000000000000000000000D5
:104BE00000000000000000000000000000000000C5
:104BF000000000000000000000000000101112136F
:104C0000141516171819000000000000001A1B1CCC
:104C10001D1E1F000000000000000000000000003A
:104C2000000000000000000000000000001A1B1C33
:104C30001D1E1F000000000000000000000000001A
:104C40000000000000000000000000000000000064
:104C50000000000000000000000000000000000054
:104C60000000000000000000000000000000000044
:104C70000000000000000000000000000000000034
:104C80000000000000000000000000000000000024
:104C90000000000000000000000000000000000014
:104CA0000000000000000000000000000000000004
:104CB00000000000000000000000000000000000F4
:104CC00000000000000000000000000000000000E4
:104CD0001F001C2000000000142100000200162408
:104CE000000000001425000002001528000000004C
:104CF000112900000000142A00000000182B0000F9
:104D00000000142C00000000102D00000000142EE4
:104D1000000001000C3000000900143A00000100FE
:104D2000183C00000200143F000001000341000095
:104D30001900155B00000000145C00000000115D0C
:104D400000000000175E000000000F5F0000000080
:104D5000176000000000036100001900157B0000CF
:104D60000000187C00000000117D00000000187E8B
:104D700000000000007F000020001CA000000000D8
:104D800014A10000000016A20000030019A60000F4
:104D9000000014A70000000017A80000000019A9D7
:104DA0000000000006AA0000000013AB0000000095
:104DB00018AC0000000001AD0000000019AE0000BA
:104DC000000017AF0000000019B00000000018B18B
:104DD000000000000EB20000010017B40000000047
:104DE00003B50000000014B60000010017B8000071
:104DF00000000EB90000000006BA0000000012BB5F
:104E0000000000000EBC0000020014BF0000000003
:104E100003C00000160018D70000000003D80000EF
:104E2000060004DF0000000003E00000160018F791
:104E30000000000003F800003F00043801000000FB
:104E4000033901000F00044901000000034A01007A
:104E50004200048D01000000038E01000C00049B41
:104E600001000000039C01000D0004AA01000100E4
:104E700003AC01000D0004BA0100000006BB0100F4
:104E8000000003BC0100010004BE0100000003BFDC
:104E90000100000006C00100030003C4010000007F
:104EA00007C50100000003C60100010007C801009A
:104EB000000003C90100010007CB0100000003CC82
:104EC0000100230004F00100000003F101000000D4
:104ED00007F20100000003F301002D00042102008D
:104EE0000000032202001100043402000500033A0E
:104EF00002001A00045502000000035602000100DF
:104F0000045802000000035902000000045A020085
:104F10000000035B02000100045D02000200036068
:104F200002000100046202000000036302000000AE
:104F3000046402000000036502000100046702002F
:104F40000000036802000400046D02000100036F0A
:104F50000200000004700200000003710200010062
:104F600004730200010003750200000004760200D1
:104F70000600037D02000000047E020001000380A1
:104F80000200000004810200000003820200010010
:104F9000048402000200038702000500048D020061
:104FA0000400039202000000049302000000069433
:104FB00002000000049502000700039D02000100AA
:104FC000049F0200100005B00200110017C2020089
:104FD000030005C602000B0017D202000D0005E019
:104FE0000200040017E50200060005EC02000000C4
:104FF00017ED0200000005EE0200000017EF0200AE
:1050000010000B0003006F00037003000300057421
:105010000300000017750300000003760300010081
:10502000057A03000000037B03000200147E0300E6
:105030000000037F030000001784030001000386C3
:10504000030000001487030000000388030002002F
:10505000038C03000000038E030001000490030092
:10506000000003910300100003A303000C0004B030
:105070000300000003B10300200008D20300020077
:1050800003D50300200018F60300000003F7030017
:10509000040004FC0300000003FD030084001982E7
:1050A000040000000B83040004000A8804000100CF
:1050B000038A0400A50003310500250005590500F9
:1050C0000000145A0500050004600500000003619B
:1050D0000500250004870500010014890500000073
:1050E000108A05000000198D05000100168F0500CB
:1050F00000000B9105002C0010BE050000000BBF46
:105100000500000014C0050000000BC105000100EF
:1051100014C3050000000BC40500010014C60500FF
:1051200000000BC70500000006D005001A0006EFBE
:105130000500030014F3050001000100060005004E
:10514000180606000200140906000100160B0600EE
:105150000000140C06000100190E060001000B10DF
:1051600006000A00141B06000000011C06000000D7
:10517000141D06000200062006001F000540060060
:1051800000000641060009000B4B060014000C60ED
:1051900006000900146A06000300066E06000100FE
:1051A0000B700600000006710600620014D40600B1
:1051B000000006D5060000000BD60600060001DD43
:1051C0000600000019DE060000000BDF06000500E7
:1051D00005E5060001000BE70600010019E90600DD
:1051E00000000BEA0600030006EE060001000CF0CA
:1051F0000600090006FA0600020019FD060001007B
:1052000006FF06000000140007000D00010F070054
:1052100000000610070000000B1107000000061236
:1052200007001D000B3007001A00064D070058004C
:105230000BA607000A0006B1070000000CC007001B
:10524000090006CA070020000BEB0700080005F460
:105250000700010019F60700000014F7070002001C
:1052600005FA070000000BFD0700000016FE07000E
:1052700001000600080015000B1608000300051ABF
:10528000080000000B1B08000800052408000000AF
:105290000B25080002000528080000000B29080063
:1052A0000400143008000E000640080018000B59D6
:1052B00008000200145E08000000066008000A00F2
:1052C000067008001700178808000000068908000B
:1052D00005000190080001000B980800070006A0D7
:1052E0000800280005C9080000000BCA08001700C4
:1052F00001E2080000000BE308001F000903090099
:1053000000000604090035000B3A09000000093BC3
:10531000090000000B3C09000000063D09000000E8
:10532000093E090002000B41090007000949090074
:1053300003000B4D09000000094E09000100065052
:10534000090000000B510900060006580900090079
:105350000B62090001001464090001000C660900D9
:1053600009001470090000000571090000000672B0
:1053700009000E000B8109000000098209000100EC
:10538000068509000700068F090001000693090041
:10539000150006AA0900060006B20900000006B6BC
:1053A000090003000BBC0900000006BD0900000055
:1053B00009BE090002000BC10900030009C709006A
:1053C000010009CB090001000BCD0900000006CE49
:1053D0000900000009D70900000006DC09000100EF
:1053E00006DF090002000BE2090001000CE60900DB
:1053F000090006F00900010016F2090001000EF490
:105400000900050019FA0900000016FB0900000058
:1054100006FC0900000014FD090000000BFE090055
:1054200000000B010A00010009030A000000060544
:105430000A000500060F0A00010006130A00150005
:10544000062A0A00060006320A00010006350A0094
:10545000010006380A0001000B3C0A000000093E6A
:105460000A0002000B410A0001000B470A0001007C
:105470000B4B0A0002000B510A00000006590A00FB
:105480000300065E0A0000000C660A0009000B70AB
:105490000A00010006720A0002000B750A000000F3
:1054A00014760A0000000B810A00010009830A003B
:1054B000000006850A000800068F0A000200069315
:1054C0000A00150006AA0A00060006B20A0001003A
:1054D00006B50A0004000BBC0A00000006BD0A0065
:1054E000000009BE0A0002000BC10A0004000BC73D
:1054F0000A00010009C90A00000009CB0A000100E6
:105500000BCD0A00000006D00A00000006E00A00E9
:1055100001000BE20A0001000CE60A00090014F089
:105520000A00000016F10A00000006F90A00000057
:105530000BFA0A0005000B010B00000009020B002A
:10554000010006050B000700060F0B000100061303
:105550000B001500062A0B00060006320B000100A6
:1055600006350B0004000B3C0B000000063D0B0051
:105570000000093E0B0000000B3F0B00000009403B
:105580000B0000000B410B00030009470B0001005A
:10559000094B0B0001000B4D0B0000000B550B00DD
:1055A000010009570B000000065C0B000100065FBC
:1055B0000B0002000B620B0001000C660B000900DF
:1055C00019700B00000006710B0000000E720B003A
:1055D00005000B820B00000006830B00000006850F
:1055E0000B000500068E0B00020006920B00030064
:1055F00006990B000100069C0B000000069E0B00A4
:10560000010006A30B00010006A80B00020006AE75
:105610000B000B0009BE0B0001000BC00B000000CB
:1056200009C10B00010009C60B00020009CA0B00EA
:1056300002000BCD0B00000006D00B00000009D7C4
:105640000B0000000CE60B0009000EF00B0002003E
:1056500019F30B00050016F90B00000019FA0B00F6
:1056600000000B000C00000009010C0002000B04FC
:105670000C00000006050C000700060E0C000200DE
:1056800006120C001600062A0C000F000B3C0C0042
:105690000000063D0C0000000B3E0C00020009411A
:1056A0000C0003000B460C0002000B4A0C00030028
:1056B0000B550C00010006580C000200065D0C00A2
:1056C000000006600C0001000B620C0001000C667B
:1056D0000C00090014770C0000000E780C00060086
:1056E000197F0C00000006800C0000000B810C00EC
:1056F000000009820C00010014840C0000000685E3
:105700000C000700068E0C00020006920C0016002A
:1057100006AA0C00090006B50C0004000BBC0C0026
:10572000000006BD0C00000009BE0C0000000BBF0D
:105730000C00000009C00C0004000BC60C000000A7
:1057400009C70C00010009CA0C0001000BCC0C00B9
:10575000010009D50C00010006DD0C00010006E087
:105760000C0001000BE20C0001000CE60C0009002B
:1057700006F10C00010009F30C0000000B000D0005
:10578000010009020D00010006040D000800060ECC
:105790000D00020006120D0028000B3B0D00010059
:1057A000063D0D000000093E0D0002000B410D00FA
:1057B000030009460D000200094A0D0002000B4DCE
:1057C0000D000000064E0D000000194F0D000000F6
:1057D00006540D00020009570D0000000E580D0080
:1057E0000600065F0D0002000B620D0001000C6652
:1057F0000D0009000E700D00080019790D00000061
:10580000067A0D0005000B810D00000009820D00D5
:10581000010006850D001100069A0D00170006B361
:105820000D00080006BD0D00000006C00D000600BA
:105830000BCA0D00000009CF0D0002000BD20D00B5
:1058400002000BD60D00000009D80D0007000CE681
:105850000D00090009F20D00010014F40D00000014
:1058600006010E002F000B310E00000006320E0064
:1058700001000B340E000600163F0E00000006402B
:105880000E00050005460E0000000B470E00070045
:10589000144F0E0000000C500E000900145A0E00A8
:1058A000010006810E00010006840E00000006863D
:1058B0000E000400068C0E00170006A50E00000066
:1058C00006A70E0009000BB10E00000006B20E0084
:1058D00001000BB40E00080006BD0E00000006C05B
:1058E0000E00040005C60E0000000BC80E000600E6
:1058F0000CD00E00090006DC0E00030006000F00AD
:10590000000019010F00020014040F000E0019130B
:105910000F00000014140F00000019150F00020002
:105920000B180F000100191A0F0005000C200F00C2
:1059300009000E2A0F00090019340F0000000B3572
:105940000F00000019360F0000000B370F00000099
:1059500019380F0000000B390F000000153A0F0036
:105960000000113B0F000000153C0F000000113D2E
:105970000F000000093E0F00010006400F00070065
:1059800006490F0023000B710F000D00097F0F0067
:1059900000000B800F00040014850F0000000B8630
:1059A0000F00010006880F0004000B8D0F000A0095
:1059B0000B990F00230019BE0F0007000BC60F0044
:1059C000000019C70F00050019CE0F00010014D008
:1059D0000F00040019D50F00030014D90F000100B7
:1059E000060010002A00092B100001000B2D1000EA
:1059F00003000931100000000B32100005000938C7
:105A0000100000000B3910000100093B10000100DC
:105A10000B3D10000100063F100000000C4010007C
:105A20000900144A10000500065010000500095630
:105A3000100001000B5810000100065A100003006E
:105A40000B5E1000020006611000000009621000E9
:105A50000200066510000100096710000600066ECE
:105A6000100002000B7110000300067510000C00FE
:105A70000B82100000000983100001000B8510004C
:105A800001000987100005000B8D10000000068E34
:105A900010000000098F100000000C901000090099
:105AA000099A100002000B9D10000000199E1000C2
:105AB000010003A01000250003C71000000003CD63
:105AC0001000000003D010002A0014FB100000009A
:105AD00005FC1000000003FD10000200060011008C
:105AE0004801064A1200030006501200060006583C
:105AF00012000000065A120003000660120028007F
:105B0000068A1200030006901200200006B212005E
:105B1000030006B81200060006C01200000006C20C
:105B20001200030006C812000E0006D8120038004A
:105B30000612130003000618130042000B5D130049
:105B400002001460130008000E69130013000680A1
:105B500013000F0019901300090003A01300550053
:105B600003F81300050010001400000006011400E3
:105B70006B02196D16000000146E16000000066F0F
:105B8000160010001C801600000006811600190087
:105B9000159B16000000119C1600000006A01600C0
:105BA0004A0014EB160002000DEE1600020006F18A
:105BB000160007000600170011000B121700020064
:105BC000091517000000061F170012000B321700FE
:105BD00001000934170000001435170001000640C9
:105BE000170011000B5217000100066017000C008F
:105BF000066E170002000B721700010006801700E6
:105C000033000BB41700010009B6170000000BB7F2
:105C10001700060009BE170007000BC6170000009A
:105C200009C7170001000BC917000A0014D4170098
:105C3000020005D71700000014D81700020016DB79
:105C40001700000006DC170000000BDD1700000045
:105C50000CE0170009000EF01700090014001800EE
:105C600005001006180000001407180003000B0BB5
:105C700018000200010E180000000B0F18000000B1
:105C80000C10180009000620180022000543180017
:105C900000000644180034000680180004000B853C
:105CA000180001000687180021000BA91800000049
:105CB00006AA1800000006B01800450006001900EA
:105CC0001E000B20190002000923190003000B27F6
:105CD000190001000929190002000930190001000A
:105CE0000B32190000000933190005000B391900A7
:105CF00002001940190000001444190001000C466C
:105D000019000900065019001D0006701900040052
:105D1000068019002B0006B0190019000CD01900DC
:105D200009000EDA1900000019DE19002100060032
:105D30001A0016000B171A00010009191A000100B9
:105D40000B1B1A000000141E1A00010006201A0086
:105D5000340009551A0000000B561A0000000957BC
:105D60001A0000000B581A0006000B601A00000011
:105D700009611A0000000B621A00000009631A0092
:105D800001000B651A000700096D1A0005000B736E
:105D90001A0009000B7F1A0000000C801A0009008D
:105DA0000C901A00090014A01A00060005A71A009A
:105DB000000014A81A0005000BB01A000D000ABE5E
:105DC0001A0000000BBF1A000F000B001B0003009D
:105DD00009041B00000006051B002E000B341B00ED
:105DE000000009351B0000000B361B000400093BB6
:105DF0001B0000000B3C1B000000093D1B000400C1
:105E00000B421B00000009431B00010006451B005C
:105E100007000C501B000900145A1B0006001961F2
:105E20001B0009000B6B1B00080019741B00080005
:105E3000147D1B0001000B801B00010009821B0068
:105E4000000006831B001D0009A11B0000000BA21F
:105E50001B00030009A61B0001000BA81B0001008A
:105E600009AA1B0000000BAB1B00020006AE1B00C2
:105E700001000CB01B00090006BA1B002B000BE64A
:105E80001B00000009E71B0000000BE81B000100DD
:105E900009EA1B0002000BED1B00000009EE1B00CD
:105EA00000000BEF1B00020009F21B00010014FCB4
:105EB0001B00030006001C00230009241C0007002F
:105EC0000B2C1C00070009341C0001000B361C00C1
:105ED0000100143B1C0004000C401C000900064D8E
:105EE0001C0002000C501C000900065A1C001D007A
:105EF00005781C000500147E1C00010003801C00B6
:105F0000080003901C002A0003BD1C00020014C0FE
:105F10001C0007000BD01C00020014D31C00000062
:105F20000BD41C000C0009E11C0000000BE21C005B
:105F3000060006E91C0003000BED1C00000006EE45
:105F40001C0005000BF41C00000006F51C000100FD
:105F500009F71C0000000BF81C00010006FA1C00E9
:105F6000000004001D002B00052C1D003E00046BEA
:105F70001D000C0005781D00000003791D000000C5
:105F8000047A1D000200037D1D000000047E1D0038
:105F90000F00038E1D000000048F1D000B00059BE9
:105FA0001D0024000BC01D003F0003001E009500D3
:105FB00004961E000400039B1E000000049C1E00AB
:105FC0000100039E1E000000049F1E00000003A0AD
:105FD0001E00750003181F00050003201F00250088
:105FE00003481F00050004501F00000003511F005C
:105FF000000004521F00000003531F00000004545F
:106000001F00000003551F00000004561F00000081
:1060100003571F00000003591F000000035B1F000F
:106020000000035D1F000000035F1F001E000380CF
:106030001F00070007881F00070003901F000700CC
:1060400007981F00070003A01F00070007A81F00F4
:10605000070003B01F00010004B21F00000003B3DB
:106060001F00000004B41F00000004B61F00010060
:1060700003B81F00030007BC1F00000017BD1F006E
:10608000000003BE1F00000017BF1F00020004C273
:106090001F00000003C31F00000004C41F00000015
:1060A00004C61F00010003C81F00030007CC1F0027
:1060B000000017CD1F00020003D01F00010004D212
:1060C0001F00010004D61F00010003D81F000300B9
:1060D00017DD1F00020003E01F00010004E21F00A3
:1060E000020003E51F00000004E61F00010003E8B2
:1060F0001F00040017ED1F00020004F21F00000043
:1061000003F31F00000004F41F00000004F61F004A
:10611000010003F81F00030007FC1F00000017FD2B
:106120001F0001001C0020000A00010B20000400D9
:106130001010200005001416200001001318200084
:106140000000121920000000151A20000000131B87
:1061500020000100121D20000000151E200000007C
:10616000131F200000001420200007001A28200020
:1061700000001B2920000000012A200004001C2F21
:106180002000000014302000080013392000000017
:10619000123A20000000143B200003000F3F2000B3
:1061A00001001441200002001844200000001545A1
:1061B00020000000114620000000144720000A00C3
:1061C0001852200000001453200000000F5420003B
:1061D00000001455200009001C5F20000000016031
:1061E000200004000166200009000E70200000005D
:1061F0000571200000000E7420000500187A2000B0
:106200000200157D20000000117E20000000057FA7
:10621000200000000E8020000900188A20000200E3
:10622000158D20000000118E200000000590200038
:106230000C0016A0200020000BD020000C000ADD6E
:10624000200003000BE1200000000AE22000020011
:106250000BE520000B0019002100010008022100BD
:10626000000019032100030008072100000019089D
:1062700021000100040A21000000080B2100020097
:10628000040E210001000810210002000413210067
:106290000000191421000000081521000000191643
:1062A0002100010018182100000008192100040035
:1062B000191E2100050008242100000019252100D5
:1062C00000000326210000001927210000000828F3
:1062D00021000000192921000000032A21000100EB
:1062E000082C21000100192E21000000042F21009C
:1062F00000000830210001000332210000000833B3
:1063000021000000043421000000063521000300B4
:10631000043921000000193A21000100043C210049
:106320000100083E2100010018402100040008453A
:1063300021000000044621000300194A210000004A
:10634000184B21000000194C21000100034E2100D0
:106350000000194F210000000E5021000F000D60B9
:10636000210022000383210001000D85210003008C
:106370000E8921000000198A2100010018902100D7
:106380000400199521000400189A21000100199CAD
:106390002100030018A02100000019A12100010024
:1063A00018A32100000019A42100010018A6210053
:1063B000000019A72100060018AE2100000019AF47
:1063C00021001E0018CE2100010019D0210001007B
:1063D00018D22100000019D32100000018D4210098
:1063E000000019D521001E0018F421000B0119002E
:1063F00023000700150823000000110923000000F6
:10640000150A23000000110B23000000190C2300C3
:10641000130018202300010019222300060015296B
:1064200023000000112A23000000192B2300500034
:10643000187C23000000197D23001D00189B2300F9
:10644000180019B42300270018DC2300050019E206
:1064500023004400194024000A000E6024003B0081
:10646000199C24004D000EEA240015001900250097
:10647000B60018B72500000019B82500080018C19B
:106480002500000019C22500350018F82500070076
:10649000190026006E00186F2600000019702600F3
:1064A000F700156827000000116927000000156A31
:1064B00027000000116B27000000156C270000006A
:1064C000116D27000000156E27000000116F2700D6
:1064D00000001570270000001171270000001572E0
:1064E000270000001173270000001574270000002A
:1064F0001175270000000E7627001D001994270053
:106500002B0018C02700040015C52700000011C685
:106510002700000018C727001E0015E6270000000E
:1065200011E72700000015E82700000011E9270007
:10653000000015EA2700000011EB2700000015EC11
:106540002700000011ED2700000015EE27000000D5
:1065500011EF2700000018F027000F001900280095
:10656000FF00180029008200158329000000118413
:10657000290000001585290000001186290000006F
:1065800015872900000011882900000015892900BD
:106590000000118A29000000158B29000000118CD1
:1065A00029000000158D29000000118E290000002F
:1065B000158F290000001190290000001591290075
:1065C0000000119229000000159329000000119489
:1065D00029000000159529000000119629000000EF
:1065E000159729000000119829000000189929002A
:1065F0003E0015D82900000011D92900000015DA45
:106600002900000011DB2900000018DC29001F0010
:1066100015FC2900000011FD2900000018FE2900CA
:10662000010119002B002F0018302B001400194510
:106630002B00010018472B000500194D2B002600E8
:1066400019762B001F0019972B00680003002C00FF
:10665000700004712C00000003722C00010004740F
:106660002C00000003752C00010004772C000400AE
:10667000057C2C000100037E2C00650004E42C0046
:10668000000019E52C00050003EB2C0003000BEFC4
:106690002C00020003F22C00010014F92C0003006E
:1066A0000EFD2C00000014FE2C00010003002D0044
:1066B000250003272D000000032D2D0000000630CB
:1066C0002D003700056F2D00000014702D00000014
:1066D0000B7F2D00000006802D00160006A02D0067
:1066E000060006A82D00060006B02D00060006B81C
:1066F0002D00060006C02D00060006C82D0006006D
:1067000006D02D00060006D82D0006000BE02D0057
:106710001F0014002E00010013022E0000001203BF
:106720002E00000013042E00000012052E000000B1
:1067300014062E00020013092E000000120A2E007B
:106740000000140B2E000000130C2E000000120D90
:106750002E000000140E2E00080010172E0000005E
:1067600014182E000100101A2E000000141B2E0019
:106770000000131C2E000000121D2E000000141E2D
:106780002E00010013202E00000012212E00000018
:1067900015222E00000011232E00000015242E00CB
:1067A000000011252E00000015262E0000001127E4
:1067B0002E00000015282E00000011292E000000D8
:1067C000142A2E000400052F2E00000014302E0085
:1067D0000900103A2E000100143C2E000300104066
:1067E0002E00000014412E00000015422E00000073
:1067F00014432E000C0019502E00010014522E00DC
:10680000020015552E00000011562E0000001557ED
:106810002E00000011582E00000015592E00000017
:10682000115A2E000000155B2E000000115C2E0096
:106830000000105D2E00000019802E001900199B29
:106840002E00580019002F00D50019F02F000B0062
:106850001C00300000001401300002001904300058
:1068600000000505300000000606300000000D079E
:106870003000000015083000000011093000000051
:10688000150A30000000110B30000000150C30001C
:106890000000110D30000000150E30000000110F37
:1068A0003000000015103000000011113000000011
:1068B00019123000010015143000000011153000CD
:1068C00000001516300000001117300000001518E8
:1068D00030000000111930000000151A30000000CF
:1068E000111B30000000101C30000000151D30008E
:1068F0000000111E300001001920300000000D21A1
:10690000300008000B2A30000300092E300001007F
:10691000103030000000053130000400193630001E
:1069200001000D3830000200053B30000000063C3D
:1069300030000000143D30000000193E300001001E
:106940000641300055000B9930000100179B3000C4
:106950000100059D30000100069F3000000010A0DE
:106960003000000006A13000590014FB3000000088
:1069700005FC3000020006FF300000000605310073
:106980002A00063131005D001990310001000E929D
:106990003100030019963100090006A031001F00E4
:1069A00019C03100230006F031000F001900320039
:1069B0001E000E2032000900192A32001D000E4868
:1069C000320007001950320000000E5132000E0054
:1069D000196032001F000E8032000900198A32004F
:1069E00026000EB132000E0019C032003F01060031
:1069F0003400BF1919C04D003F0006004E0014526C
:106A00000515A00000000616A00076041990A40049
:106A1000360006D0A400270005F8A400050014FEE7
:106A2000A40001000600A5000B01050CA600000053
:106A3000140DA60002000610A6000F000C20A600F0
:106A40000900062AA60001000340A6002D00066EDC
:106A5000A60000000B6FA60000000A70A60002004E
:106A60001473A60000000B74A6000900147EA60093
:106A70000000057FA60000000380A6001B00059C07
:106A8000A60001000B9EA600010006A0A60045007E
:106A90000DE6A60009000BF0A600010014F2A60006
:106AA00005001700A70016000517A700080017200B
:106AB000A70001000322A7000D000430A700010079
:106AC0000332A7003D000570A70000000471A70075
:106AD00007000379A7000E000588A70000001789AA
:106AE000A7000100038BA7000200048EA70000008E
:106AF000068FA70000000390A70004000495A700DC
:106B000000000396A700180004AFA700000003B020
:106B1000A7001A0003D0A700010004D3A7000000BB
:106B200004D5A700000003D6A700030005F2A700C4
:106B3000020003F5A700010006F7A700000005F812
:106B4000A700010004FAA700000006FBA70006004A
:106B50000B02A80000000603A80002000B06A80014
:106B600000000607A80003000B0BA8000000060C9D
:106B7000A80016000923A80001000B25A8000100A9
:106B80000927A80000001928A80003000B2CA80062
:106B900000000E30A80005001936A80001001638C4
:106BA000A80000001939A80000000640A800330022
:106BB0001474A80003000980A80001000682A80040
:106BC000310009B4A8000F000BC4A800010014CEC6
:106BD000A80001000CD0A80009000BE0A8001100DB
:106BE00006F2A800050014F8A800020006FBA800A1
:106BF000000014FCA800000006FDA80001000BFF27
:106C0000A80000000C00A9000900060AA9001B004A
:106C10000B26A9000700142EA90001000630A900C8
:106C200016000B47A9000A000952A9000100145FD1
:106C3000A90000000660A9001C000B80A90002004A
:106C40000983A90000000684A9002E000BB3A90047
:106C5000000009B4A90001000BB6A900030009BA9D
:106C6000A90001000BBCA900010009BEA900020097
:106C700014C1A9000C0005CFA90000000CD0A90088
:106C8000090014DEA900010006E0A90004000BE5DC
:106C9000A900000005E6A900000006E7A900080019
:106CA0000CF0A900090006FAA90004000600AA00D9
:106CB00028000B29AA000500092FAA0001000B31AA
:106CC000AA0001000933AA0001000B35AA00010047
:106CD0000640AA0002000B43AA0000000644AA00D6
:106CE00007000B4CAA000000094DAA0000000C5040
:106CF000AA000900145CAA0003000660AA000F00A5
:106D00000570AA0000000671AA0005001977AA0004
:106D10000200067AAA000000097BAA0000000B7C92
:106D2000AA000000097DAA000000067EAA0031002A
:106D30000BB0AA00000006B1AA0000000BB2AA0026
:106D4000020006B5AA0001000BB7AA00010006B9AF
:106D5000AA0004000BBEAA00010006C0AA000000A1
:106D60000BC1AA00000006C2AA00000006DBAA00B0
:106D7000010005DDAA00000014DEAA00010006E003
:106D8000AA000A0009EBAA0000000BECAA0001000F
:106D900009EEAA00010014F0AA00010006F2AA0000
:106DA000000005F3AA00010009F5AA0000000BF697
:106DB000AA0000000601AB0005000609AB000500B3
:106DC0000611AB0005000620AB0006000628AB004C
:106DD00006000430AB0022000353AB000000045453
:106DE000AB000600175BAB000000055CAB000300C6
:106DF0000460AB0008000569AB000000176AAB0037
:106E000001000370AB004F0006C0AB00220009E395
:106E1000AB0001000BE5AB00000009E6AB00010090
:106E20000BE8AB00000009E9AB00010014EBAB007C
:106E3000000009ECAB0000000BEDAB0000000CF013
:106E4000AB0009000600AC00A32B06B0D70016006B
:106E500006CBD70030000200D800FF070600F9007B
:106E60006D010670FA0069000400FB0006000413BF
:106E7000FB000400061DFB0000000B1EFB000000D1
:106E8000061FFB0009001829FB000000062AFB0072
:106E90000C000638FB000400063EFB000000064024
:106EA000FB0001000643FB0001000646FB006B00EF
:106EB00017B2FB00100006D3FB006A01113EFD0073
:106EC0000000153FFD0000001940FD000F000650B6
:106ED000FD003F000692FD00350019CFFD000000C7
:106EE00006F0FD000B0016FCFD00000019FDFD0082
:106EF00002000B00FE000F001410FE000600151724
:106F0000FE0000001118FE0000001419FE00000031
:106F10000B20FE000F001430FE0000001031FE00B8
:106F200001000F33FE0001001535FE000000113690
:106F3000FE0000001537FE0000001138FE000000C2
:106F40001539FE000000113AFE000000153BFE005E
:106F50000000113CFE000000153DFE000000113E47
:106F6000FE000000153FFE0000001140FE00000082
:106F70001541FE0000001142FE0000001543FE0016
:106F800000001144FE0000001445FE0001001547FA
:106F9000FE0000001148FE0000001449FE0003003E
:106FA0000F4DFE0002001450FE0002001454FE00BB
:106FB00003001058FE0000001559FE000000115A91
:106FC000FE000000155BFE000000115CFE000000EA
:106FD000155DFE000000115EFE000000145FFE0063
:106FE00002001862FE0000001063FE00000018643A
:106FF000FE0002001468FE0000001669FE0000009A
:10700000146AFE0001000670FE0004000676FE0011
:10701000860001FFFE0000001401FF0002001604BC
:10702000FF0000001405FF0002001508FF0000002B
:107030001109FF000000140AFF000000180BFF00F8
:107040000000140CFF000000100DFF000000140EE3
:10705000FF0001000C10FF000900141AFF000100DE
:10706000181CFF000200141FFF0001000321FF0095
:107070001900153BFF000000143CFF000000113D0B
:10708000FF000000173EFF0000000F3FFF00000060
:107090001740FF0000000341FF001900155BFF00CF
:1070A0000000185CFF000000115DFF000000185E8A
:1070B000FF000000155FFF0000001160FF000000EE
:1070C0001461FF0000001562FF0000001163FF0063
:1070D00000001464FF0001000666FF00090005704F
:1070E000FF0000000671FF002C00059EFF0001005C
:1070F00006A0FF001E0006C2FF00050006CAFF0032
:10710000050006D2FF00050006DAFF00020016E0C7
:10711000FF00010018E2FF00000017E3FF0000007D
:1071200019E4FF00000016E5FF00010019E8FF0068
:10713000000018E9FF00030019EDFF00010001F94C
:10714000FF00020019FCFF000100060000010B0017
:10715000060D00011900062800011200063C00017E
:107160000100063F00010E00065000010D000680E0
:1071700000017A001400010102000E0701012C0039
:107180001937010108000D40010134000E7501019D
:1071900003001979010110000E8A01010100198C08
:1071A00001010200199001010C0019A00101000069
:1071B00019D001012C000BFD010100000680020125
:1071C0001C0006A0020130000BE0020100000EE1ED
:1071D00002011A00060003011F000E200301030034
:1071E000062D030113000D410301000006420301B7
:1071F00007000D4A030100000650030125000B762D
:1072000003010400068003011D00149F0301000018
:1072100006A00301230006C80301070014D00301E0
:1072200000000DD103010400030004014F000650CB
:1072300004014D000CA00401090003B00401230067
:1072400003D80401230006000501270006300501CC
:107250003300146F05010000037005010A00037C70
:1072600005010E00038C05010600039405010100D1
:10727000039705010A0003A305010E0003B30501EE
:10728000060003BB050101000600060136010640A9
:1072900007011500066007010700058007010500CA
:1072A00005870701290005B207010800060008014B
:1072B0000500060808010000060A08012B00063731
:1072C00008010100063C08010000063F0801160005
:1072D0001457080100000E58080107000660080155
:1072E00016001977080101000E79080106000680D2
:1072F00008011E000EA70801080006E008011200A0
:1073000006F4080101000EFB080104000600090153
:1073100015000E1609010500141F090100000620C2
:1073200009011900143F0901000006800901370016
:107330000EBC0901010006BE090101000EC00901D1
:107340000F000ED209012D0006000A0100000B01FA
:107350000A0102000B050A0101000B0C0A010300DF
:1073600006100A01030006150A01020006190A01A7
:107370001C000B380A0102000B3F0A0100000E40FE
:107380000A01080014500A01080006600A011C00E6
:107390000E7D0A010100147F0A01000006800A0127
:1073A0001C000E9D0A01020006C00A01070019C850
:1073B0000A01000006C90A011B000BE50A010100D1
:1073C0000EEB0A01040014F00A01060006000B018E
:1073D000350014390B01060006400B0115000E584C
:1073E0000B01070006600B0112000E780B0107006D
:1073F00006800B01110014990B0103000EA90B016B
:10740000060006000C01480003800C01320003C096
:107410000C0132000EFA0C01050006000D012300DC
:107420000B240D0103000C300D0109000E600E014C
:107430001E0006800E0129000BAB0E01010010ADED
:107440000E01000006B00E0101000BFD0E0102004E
:1074500006000F011C000E1D0F01090006270F0179
:10746000000006300F0115000B460F010A000E51F7
:107470000F01030014550F01040006700F011100E5
:107480000B820F01030014860F01030006B00F01E9
:1074900014000EC50F01060006E00F0116000900DA
:1074A000100100000B011001000009021001000092
:1074B0000603100134000B3810010E0014471001B0
:1074C00006000E52100113000C66100109000B702B
:1074D000100100000671100101000B731001010082
:1074E0000675100100000B7F1001020009821001D7
:1074F0000000068310012C0009B0100102000BB33C
:107500001001030009B7100101000BB910010100BF
:1075100014BB1001010001BD1001000014BE1001D8
:1075200003000BC21001000001CD1001000006D0C5
:10753000100118000CF0100109000B0011010200ED
:107540000603110123000B2711010400092C11016E
:1075500000000B2D110107000C3611010900144029
:107560001101030006441101000009451101010049
:107570000647110100000650110122000B73110192
:1075800000001474110101000676110100000B8047
:1075900011010100098211010000068311012F0071
:1075A00009B3110102000BB61101080009BF110156
:1075B000010006C11101030014C5110103000BC92C
:1075C0001101030014CD1101000009CE11010000CA
:1075D0000BCF110100000CD01101090006DA1101D6
:1075E000000014DB1101000006DC1101000014DDB5
:1075F000110102000EE11101130006001201110039
:10760000061312011800092C120102000B2F12019F
:1076100002000932120101000B3412010000093589
:10762000120100000B36120101001438120105008E
:107630000B3E12010000063F120101000B41120136
:107640000000068012010600068812010000068A6A
:1076500012010300068F12010E00069F120109009D
:1076600014A91201000006B012012E000BDF120156
:10767000000009E0120102000BE3120107000CF008
:10768000120109000B00130101000902130101009E
:10769000060513010700060F13010100061313016D
:1076A0001500062A130106000632130101000635F3
:1076B000130104000B3B13010100063D1301000000
:1076C000093E130101000B401301000009411301A1
:1076D0000300094713010100094B13010200065082
:1076E00013010000095713010000065D1301040097
:1076F0000962130101000B66130106000B701301F0
:1077000004000600140134000935140102000B388E
:10771000140107000940140101000B42140102008A
:107720000945140100000B4614010000064714012E
:107730000300144B140104000C5014010900145AE6
:1077400014010100145D140100000B5E140100001F
:10775000065F14010200068014012F0009B0140115
:1077600002000BB31401050009B9140100000BBAA3
:107770001401000009BB140103000BBF1401010038
:1077800009C1140100000BC21401010006C4140158
:10779000010014C61401000006C7140100000CD03B
:1077A00014010900068015012E0009AF1501020021
:1077B0000BB21501030009B8150103000BBC15013C
:1077C000010009BE150100000BBF1501010014C125
:1077D0001501160006D8150103000BDC1501010088
:1077E000060016012F000930160102000B331601A6
:1077F0000700093B160101000B3D16010000093E80
:10780000160100000B3F1601010014411601020091
:107810000644160100000C50160109001460160100
:107820000C00068016012A000BAB1601000009AC03
:10783000160100000BAD1601000009AE1601010093
:107840000BB01601050009B6160100000BB71601B2
:10785000000006B81601000014B9160100000CC0A3
:1078600016010900060017011A000B1D170102007E
:107870000920170101000B22170103000926170137
:1078800000000B27170104000C30170109000E3A05
:1078900017010100143C17010200193F17010000F5
:1078A000064017010600060018012B00092C1801DC
:1078B00002000B2F180108000938180100000B39CD
:1078C00018010100143B1801000003A018013F003B
:1078D0000CE0180109000EEA1801080006FF180163
:1078E0000700060919010000060C1901070006151A
:1078F00019010100061819011700093019010500C6
:107900000937190101000B3B19010100093D19015B
:1079100000000B3E19010000063F1901000009405C
:107920001901000006411901000009421901000077
:107930000B43190100001444190102000C501901F5
:10794000090006A01901070006AA1901260009D19D
:10795000190102000BD4190103000BDA190101000F
:1079600009DC190103000BE01901000006E119010F
:10797000000014E21901000006E31901000009E407
:107980001901000006001A0100000B011A0109008C
:10799000060B1A0127000B331A01050009391A01D9
:1079A0000000063A1A0100000B3B1A010300143FC5
:1079B0001A0107000B471A01000006501A010000C7
:1079C0000B511A01050009571A0101000B591A0140
:1079D0000200065C1A012D000B8A1A010C0009979F
:1079E0001A0100000B981A010100149A1A010200F2
:1079F000069D1A010000149E1A01040006B01A0127
:107A0000480014001B01090006001C010800060ABA
:107A10001C012400092F1C0100000B301C01060072
:107A20000B381C010500093E1C0100000B3F1C0126
:107A3000000006401C01000014411C0104000C5011
:107A40001C0109000E5A1C01120014701C010100D7
:107A500006721C011D000B921C01150009A91C01D6
:107A600000000BAA1C01060009B11C0100000BB2AA
:107A70001C01010009B41C0100000BB51C01010030
:107A800006001D01060006081D010100060B1D0170
:107A900025000B311D0105000B3A1D0100000B3CB8
:107AA0001D0101000B3F1D01060006461D010000DF
:107AB0000B471D0100000C501D01090006601D014F
:107AC000050006671D010100066A1D011F00098AE5
:107AD0001D0104000B901D01010009931D0101000F
:107AE0000B951D01000009961D0100000B971D015B
:107AF000000006981D0100000CA01D01090006E011
:107B00001E0112000BF31E01010009F51E01010008
:107B100014F71E0101000B001F01010006021F01E6
:107B2000000009031F01000006041F010C000612DB
:107B30001F01210009341F0101000B361F01040041
:107B4000093E1F0101000B401F01000009411F01F8
:107B500000000B421F01000014431F010C000C50D9
:107B60001F01090006B01F0100000EC01F01140014
:107B700019D51F01070016DD1F01030019E11F01C0
:107B8000100014FF1F0100000600200199030D00E2
:107B900024016E0014702401040006802401C30037
:107BA00006902F01600014F12F0101000600300142
:107BB0002F04013034010F000B4034010000064156
:107BC000340105000B4734010E0006004401460253
:107BD00006006801380206406A011E000C606A0156
:107BE0000900146E6A01010006706A014E000CC0A3
:107BF0006A01090006D06A011D000BF06A01040049
:107C000014F56A01000006006B012F000B306B01B8
:107C1000060014376B010400193C6B01030005409A
:107C20006B01030014446B01000019456B01000057
:107C30000C506B0109000E5B6B01060006636B01C3
:107C40001400067D6B01120003406E013F000E80A0
:107C50006E01160014976E01030006006F014A00C2
:107C60000B4F6F01000006506F01000009516F01BA
:107C700036000B8F6F01030005936F010C0005E0C8
:107C80006F01010014E26F01000005E36F010000C5
:107C90000BE46F01000009F06F01010006007001A4
:107CA000F71706008801D50406008D01080005F0CD
:107CB000AF01030005F5AF01060005FDAF010100AE
:107CC0000600B00122010632B10100000650B101E8
:107CD00002000655B10100000664B1010300067000
:107CE000B1018B010600BC016A000670BC010C00EA
:107CF0000680BC0108000690BC010900199CBC016B
:107D000000000B9DBC010100149FBC01000001A0FC
:107D1000BC0103000B00CF012D000B30CF0116007A
:107D20001950CF0173001900D001F5001900D101DD
:107D300026001929D1013B000965D10101000B671B
:107D4000D1010200196AD1010200096DD1010500BB
:107D50000173D10107000B7BD10107001983D10109
:107D600001000B85D1010600198CD1011D000BAA61
:107D7000D101030019AED1013C001900D20141002C
:107D80000B42D20102001945D20100000EC0D201FF
:107D900013000EE0D20113001900D30156000E604B
:107DA000D30118000800D4011900041AD4011900E5
:107DB0000834D4011900044ED40106000456D4013D
:107DC00011000868D40119000482D4011900089C2C
:107DD000D4010000089ED401010008A2D4010000D3
:107DE00008A5D401010008A9D401030008AED401FC
:107DF000070004B6D401030004BBD401000004BD95
:107E0000D401060004C5D4010A0008D0D401190029
:107E100004EAD40119000804D50101000807D501BE
:107E20000300080DD50107000816D5010600041E41
:107E3000D50119000838D5010100083BD501030020
:107E40000840D50104000846D5010000084AD501C4
:107E500006000452D5011900086CD50119000486EA
:107E6000D501190008A0D501190004BAD5011900DF
:107E700008D4D501190004EED50119000808D6016F
:107E800019000422D6011900083CD6011900045635
:107E9000D60119000870D6011900048AD6011B000A
:107EA00008A8D601180018C1D601000004C2D601E6
:107EB000180018DBD601000004DCD601050008E23A
:107EC000D601180018FBD601000004FCD6011800EA
:107ED0001815D70100000416D7010500081CD701AA
:107EE00018001835D70100000436D7011800184FC4
:107EF000D70100000450D70105000856D70118002B
:107F0000186FD70100000470D70118001889D70135
:107F10000000048AD70105000890D701180018A9AD
:107F2000D701000004AAD701180018C3D701000028
:107F300004C4D701050008CAD701000004CBD7014B
:107F400000000CCED70131001900D801FF010B0051
:107F5000DA0136001937DA0103000B3BDA01310090
:107F6000196DDA0107000B75DA0100001976DA01E4
:107F70000D000B84DA0100001985DA010100148775
:107F8000DA0104000B9BDA0104000BA1DA010E00F8
:107F90000400DF010900060ADF010000040BDF0115
:107FA00013000425DF0105000B00E00106000B08AB
:107FB000E00110000B1BE00106000B23E0010100B3
:107FC0000B26E00104000530E0013D000B8FE001CD
:107FD00000000600E1012C000B30E101060005372E
:107FE000E10106000C40E1010900064EE10100003C
:107FF000194FE10100000690E2011D000BAEE20105
:10800000000006C0E2012B000BECE20103000CF0C3
:10801000E201090016FFE201000006D0E4011A00A7
:1080200005EBE40100000BECE40103000CF0E401BB
:10803000090006E0E701060006E8E701030006ED97
:10804000E701010006F0E7010E000600E801C400A8
:108050000EC7E80108000BD0E80106000300E901A3
:1080600043000B44E9010600054BE90100000C50F8
:10807000E9010900145EE90101000E71EC013A000A
:1080800019ACEC0100000EADEC01020016B0EC01E1
:1080900000000EB1EC0103000E01ED012C00192EC1
:1080A000ED0100000E2FED010E000600EE010300B1
:1080B0000605EE011A000621EE0101000624EE017C
:1080C00000000627EE0100000629EE010900063433
:1080D000EE0103000639EE010000063BEE01000050
:1080E0000642EE0100000647EE0100000649EE01DF
:1080F0000000064BEE010000064DEE0102000651A5
:10810000EE0101000654EE0100000657EE010000EA
:108110000659EE010000065BEE010000065DEE016F
:108120000000065FEE0100000661EE01010006643A
:10813000EE0100000667EE010300066CEE0106008A
:108140000674EE0103000679EE010300067EEE01DF
:1081500000000680EE010900068BEE01100006A16A
:10816000EE01020006A5EE01040006ABEE011000D0
:1081700018F0EE0101001900F0012B001930F00198
:10818000630019A0F0010E0019B1F0010E0019C131
:10819000F0010E0019D1F00124000E00F1010C00D5
:1081A000190DF101A00019E6F1011C001910F201EE
:1081B0002B001940F20108001950F201010019606A
:1081C000F20105001900F301FA0017FBF3010400A6
:1081D0001900F401D70219DCF601100019F0F601BC
:1081E0000C001900F7017600197BF7015E0019E019
:1081F000F7010B0019F0F70100001900F8010B005E
:108200001910F80137001950F80109001960F80138
:1082100027001990F8011D0019B0F801010019009C
:10822000F90153011960FA010D001970FA010C00EF
:108230001980FA0108001990FA012D0019BFFA01FE
:10824000060019CEFA010D0019E0FA01080019F034
:10825000FA0108001900FB0192001994FB01360095
:108260000CF0FB01090006000002DFA60600A702D1
:1082700039100640B702DD000620B802811606B0AC
:10828000CE02301D0600F8021D02060000034A134C
:10829000065013035F100101000E00000120000EC4
:1082A0005F000B00010EEF003030303030303030E6
:1082B000303030303030303020202020202020203E
:1082C00020202020202020203E410C411141274128
:1082D00036410341064115410F410E4126411341EC
:1082E0002941024119410A410B41000010000000E0
:1082F00000000000017A5200027C0E011B0C0D00F0
:108300001400000018000000244DFEFFEC000000E7
:1083100000024D0A430B000000000000F8B500BF4A
:10832000F8BC08BC9E467047F8B500BFF8BC08BC56
:108330009E467047F5D10000D504000015450000A9
:1083400085570000F57A0000F1C10000B10400007B
:108350001F45000099560000D5640000FF7A000018
:1083600015800000FBC100000000000000000000BC
:088370008081FD7F0100000087
:1083800000000000806514068065140680651406F0
:1083900060198501806514068065140680651406E1
:1083A0008C080020797A6166706E756D006B4D47A0
:1083B0005450455A59000000FFFFFFFF38D4010018
:1083C00038D4010038D4010038D401000000005036
:1083D00038D401002AED00E029ED00E038ED00E09E
:1083E00028ED00E034ED00E028ED00E02CED00E0A9
:1083F00008E000E00CED00E038D401000A0A455323
:10840000432D46573E200000806514060000000002
:1084100000000000030000004C5E0020A0000020CF
:10842000000000004C5E0020B45E00201C5F0020B5
:10843000000000000000000000000000000000003C
:10844000000000000000000000000000000000002C
:10845000000000000000000000000000000000001C
:10846000000000000000000000000000000000000C
:1084700000000000000000000000000000000000FC
:1084800000000000000000000000000000000000EC
:1084900000000000000000000000000000000000DC
:1084A00000000000000000000000000000000000CC
:1084B00000000000000000000100000000000000BB
:1084C0000E33CDAB34126DE6ECDE05000B00000080
:1084D000000000000000000000000000000000009C
:1084E000000000000000000000000000000000008C
:1084F000000000000000000000000000000000007C
:10850000000000000000000000000000000000006B
:10851000000000000000000000000000000000005B
:10852000000000000000000000000000000000004B
:10853000000000000000000000000000000000003B
:10854000000000000000000000000000000000002B
:10855000000000000000000000000000000000001B
:10856000A45F0020FFFFFFFF0000020000000000EA
:108570000000000000000000F0010020F0010020D9
:10858000F8010020F8010020000200200002002075
:108590000802002008020020100200201002002023
:1085A00018020020180200202002002020020020D3
:1085B0002802002028020020300200203002002083
:1085C0003802002038020020400200204002002033
:1085D00048020020480200205002002050020020E3
:1085E0005802002058020020600200206002002093
:1085F0006802002068020020700200207002002043
:1086000078020020780200208002002080020020F2
:1086100088020020880200209002002090020020A2
:108620009802002098020020A0020020A002002052
:10863000A8020020A8020020B0020020B002002002
:10864000B8020020B8020020C0020020C0020020B2
:10865000C8020020C8020020D0020020D002002062
:10866000D8020020D8020020E0020020E002002012
:10867000E8020020E8020020F0020020F0020020C2
:10868000F8020020F8020020000300200003002070
:10869000080300200803002010030020100300201E
:1086A00018030020180300202003002020030020CE
:1086B000280300202803002030030020300300207E
:1086C000380300203803002040030020400300202E
:1086D00048030020480300205003002050030020DE
:1086E000580300205803002060030020600300208E
:1086F000680300206803002070030020700300203E
:1087000078030020780300208003002080030020ED
:10871000880300208803002090030020900300209D
:108720009803002098030020A0030020A00300204D
:10873000A8030020A8030020B0030020B0030020FD
:10874000B8030020B8030020C0030020C0030020AD
:10875000C8030020C8030020D0030020D00300205D
:10876000D8030020D8030020E0030020E00300200D
:10877000E8030020E8030020F0030020F0030020BD
:10878000F8030020F803002000040020000400206B
:108790000804002008040020100400201004002019
:1087A00018040020180400202004002020040020C9
:1087B0002804002028040020300400203004002079
:1087C0003804002038040020400400204004002029
:1087D00048040020480400205004002050040020D9
:1087E0005804002058040020600400206004002089
:1087F0006804002068040020700400207004002039
:1088000078040020780400208004002080040020E8
:108810008804002088040020900400209004002098
:108820009804002098040020A0040020A004002048
:10883000A8040020A8040020B0040020B0040020F8
:10884000B8040020B8040020C0040020C0040020A8
:10885000C8040020C8040020D0040020D004002058
:10886000D8040020D8040020E0040020E004002008
:10887000E8040020E8040020F0040020F0040020B8
:10888000F8040020F8040020000500200005002066
:108890000805002008050020100500201005002014
:1088A00018050020180500202005002020050020C4
:1088B0002805002028050020300500203005002074
:1088C0003805002038050020400500204005002024
:1088D00048050020480500205005002050050020D4
:1088E0005805002058050020600500206005002084
:1088F0006805002068050020700500207005002034
:1089000078050020780500208005002080050020E3
:108910008805002088050020900500209005002093
:108920009805002098050020A0050020A005002043
:10893000A8050020A8050020B0050020B0050020F3
:10894000B8050020B8050020C0050020C0050020A3
:10895000C8050020C8050020D0050020D005002053
:10896000D8050020D8050020E0050020E005002003
:10897000E8050020E805002043000000000000009A
:1089800000000000000000000000000000000000E7
:1089900000000000000000000000000000000000D7
:1089A00000000000000000000000000000000000C7
:1089B00000000000000000000000000000000000B7
:1089C00000000000000000000000000000000000A7
:1089D0000000000000000000000000000000000097
:1089E0000000000000000000000000000000000087
:1089F0000000000000000000000000000000000077
:108A00000000000000000000000000000000000066
:108A10000000000000000000000000000000000056
:108A20000000000000000000000000000000000046
:108A30000000000000000000000000000000000036
:108A40000000000000000000000000000000000026
:108A50000000000000000000000000000000000016
:108A600043000000000000000000000000000000C3
:108A700000000000000000000000000000000000F6
:108A800043000000000000000000000000000000A3
:108A900000000000000000000000000000000000D6
:108AA0004300000000000000000000000000000083
:108AB00000000000000000000000000000000000B6
:108AC0004300000000000000000000000000000063
:108AD0000000000000000000000000000000000096
:108AE0004300000000000000000000000000000043
:108AF0000000000000000000000000000000000076
:108B00004300000000000000000000000000000022
:108B10000000000000000000000000000000000055
:108B20004300000000000000000000000000000002
:108B30000000000000000000000000000000000035
:108B40003D5D0100A9360100000000004C0E02004E
:108B500094100200241202002412020024120200C7
:108B60002412020024120200241202002412020025
:108B70002412020024120200FFFFFFFFFFFFFFFF8D
:108B8000FFFFFFFFFFFF0000010041534349490081
:108B900000000000000000000000000000000000D5
:108BA000000000000000000000004153434949005C
:108BB00000000000000000000000000000000000B5
:108BC0000000000000000000000000004300000062
:108BD0000000000000000000000000000000000095
:108BE0000000000000000000000000000000000085
:040000030000019167
:00000001FF
